accession_number,section_type,cik_n,company_name_n,form_n,filing_date_n,bucket,extraction_status_o,extraction_status_n,reason_code_o,reason_code_n,extraction_confidence_o,extraction_confidence_n,extraction_method_o,extraction_method_n,word_count_o,word_count_n
0000002969-17-000010,RISK_FACTORS,2969,"Air Products & Chemicals, Inc.",10-Q,2017-01-27,fix2_status_rename,EXPECTED_ABSENT,ITEM_ABSENT_FROM_TOC,item_absent_from_toc,item_absent_from_toc,low,low,none,none,0,0
0000002969-17-000019,RISK_FACTORS,2969,"Air Products & Chemicals, Inc.",10-Q,2017-04-27,fix2_status_rename,EXPECTED_ABSENT,ITEM_ABSENT_FROM_TOC,item_absent_from_toc,item_absent_from_toc,low,low,none,none,0,0
0000002969-17-000031,RISK_FACTORS,2969,"Air Products & Chemicals, Inc.",10-Q,2017-08-01,fix2_status_rename,EXPECTED_ABSENT,ITEM_ABSENT_FROM_TOC,item_absent_from_toc,item_absent_from_toc,low,low,none,none,0,0
0000002969-18-000014,RISK_FACTORS,2969,"Air Products & Chemicals, Inc.",10-Q,2018-01-26,fix2_status_rename,EXPECTED_ABSENT,ITEM_ABSENT_FROM_TOC,item_absent_from_toc,item_absent_from_toc,low,low,none,none,0,0
0000002969-18-000026,RISK_FACTORS,2969,"Air Products & Chemicals, Inc.",10-Q,2018-04-26,fix2_status_rename,EXPECTED_ABSENT,ITEM_ABSENT_FROM_TOC,item_absent_from_toc,item_absent_from_toc,low,low,none,none,0,0
0000002969-18-000034,RISK_FACTORS,2969,"Air Products & Chemicals, Inc.",10-Q,2018-07-26,fix2_status_rename,EXPECTED_ABSENT,ITEM_ABSENT_FROM_TOC,item_absent_from_toc,item_absent_from_toc,low,low,none,none,0,0
0000002969-19-000014,RISK_FACTORS,2969,"Air Products & Chemicals, Inc.",10-Q,2019-01-25,fix2_status_rename,EXPECTED_ABSENT,ITEM_ABSENT_FROM_TOC,item_absent_from_toc,item_absent_from_toc,low,low,none,none,0,0
0000002969-19-000029,RISK_FACTORS,2969,"Air Products & Chemicals, Inc.",10-Q,2019-04-24,fix2_status_rename,EXPECTED_ABSENT,ITEM_ABSENT_FROM_TOC,item_absent_from_toc,item_absent_from_toc,low,low,none,none,0,0
0000002969-19-000042,RISK_FACTORS,2969,"Air Products & Chemicals, Inc.",10-Q,2019-07-25,fix2_status_rename,EXPECTED_ABSENT,ITEM_ABSENT_FROM_TOC,item_absent_from_toc,item_absent_from_toc,low,low,none,none,0,0
0000002969-20-000010,RISK_FACTORS,2969,"Air Products & Chemicals, Inc.",10-Q,2020-01-24,fix2_status_rename,EXPECTED_ABSENT,ITEM_ABSENT_FROM_TOC,item_absent_from_toc,item_absent_from_toc,low,low,none,none,0,0
0000002969-21-000012,RISK_FACTORS,2969,"Air Products & Chemicals, Inc.",10-Q,2021-02-04,fix2_status_rename,EXPECTED_ABSENT,ITEM_ABSENT_FROM_TOC,item_absent_from_toc,item_absent_from_toc,low,low,none,none,0,0
0000002969-21-000025,RISK_FACTORS,2969,"Air Products & Chemicals, Inc.",10-Q,2021-05-10,fix2_status_rename,EXPECTED_ABSENT,ITEM_ABSENT_FROM_TOC,item_absent_from_toc,item_absent_from_toc,low,low,none,none,0,0
0000002969-21-000043,RISK_FACTORS,2969,"Air Products & Chemicals, Inc.",10-Q,2021-08-09,fix2_status_rename,EXPECTED_ABSENT,ITEM_ABSENT_FROM_TOC,item_absent_from_toc,item_absent_from_toc,low,low,none,none,0,0
0000002969-22-000010,RISK_FACTORS,2969,"Air Products & Chemicals, Inc.",10-Q,2022-02-04,fix2_status_rename,EXPECTED_ABSENT,ITEM_ABSENT_FROM_TOC,item_absent_from_toc,item_absent_from_toc,low,low,none,none,0,0
0000002969-22-000026,RISK_FACTORS,2969,"Air Products & Chemicals, Inc.",10-Q,2022-05-05,fix2_status_rename,EXPECTED_ABSENT,ITEM_ABSENT_FROM_TOC,item_absent_from_toc,item_absent_from_toc,low,low,none,none,0,0
0000002969-22-000038,RISK_FACTORS,2969,"Air Products & Chemicals, Inc.",10-Q,2022-08-04,fix2_status_rename,EXPECTED_ABSENT,ITEM_ABSENT_FROM_TOC,item_absent_from_toc,item_absent_from_toc,low,low,none,none,0,0
0000002969-23-000014,RISK_FACTORS,2969,"Air Products & Chemicals, Inc.",10-Q,2023-02-02,fix2_status_rename,EXPECTED_ABSENT,ITEM_ABSENT_FROM_TOC,item_absent_from_toc,item_absent_from_toc,low,low,none,none,0,0
0000002969-23-000023,RISK_FACTORS,2969,"Air Products & Chemicals, Inc.",10-Q,2023-05-09,fix2_status_rename,EXPECTED_ABSENT,ITEM_ABSENT_FROM_TOC,item_absent_from_toc,item_absent_from_toc,low,low,none,none,0,0
0000002969-23-000037,RISK_FACTORS,2969,"Air Products & Chemicals, Inc.",10-Q,2023-08-03,fix2_status_rename,EXPECTED_ABSENT,ITEM_ABSENT_FROM_TOC,item_absent_from_toc,item_absent_from_toc,low,low,none,none,0,0
0000002969-24-000010,RISK_FACTORS,2969,"Air Products & Chemicals, Inc.",10-Q,2024-02-05,fix2_status_rename,EXPECTED_ABSENT,ITEM_ABSENT_FROM_TOC,item_absent_from_toc,item_absent_from_toc,low,low,none,none,0,0
0000002969-24-000026,RISK_FACTORS,2969,"Air Products & Chemicals, Inc.",10-Q,2024-04-30,fix2_status_rename,EXPECTED_ABSENT,ITEM_ABSENT_FROM_TOC,item_absent_from_toc,item_absent_from_toc,low,low,none,none,0,0
0000002969-24-000043,RISK_FACTORS,2969,"Air Products & Chemicals, Inc.",10-Q,2024-08-01,fix2_status_rename,EXPECTED_ABSENT,ITEM_ABSENT_FROM_TOC,item_absent_from_toc,item_absent_from_toc,low,low,none,none,0,0
0000002969-25-000013,RISK_FACTORS,2969,"Air Products & Chemicals, Inc.",10-Q,2025-02-06,fix2_status_rename,EXPECTED_ABSENT,ITEM_ABSENT_FROM_TOC,item_absent_from_toc,item_absent_from_toc,low,low,none,none,0,0
0000002969-25-000027,RISK_FACTORS,2969,"Air Products & Chemicals, Inc.",10-Q,2025-05-01,fix2_status_rename,EXPECTED_ABSENT,ITEM_ABSENT_FROM_TOC,item_absent_from_toc,item_absent_from_toc,low,low,none,none,0,0
0000002969-25-000044,RISK_FACTORS,2969,"Air Products & Chemicals, Inc.",10-Q,2025-07-31,fix2_status_rename,EXPECTED_ABSENT,ITEM_ABSENT_FROM_TOC,item_absent_from_toc,item_absent_from_toc,low,low,none,none,0,0
0000002969-26-000020,RISK_FACTORS,2969,"Air Products & Chemicals, Inc.",10-Q,2026-04-30,fix2_status_rename,EXPECTED_ABSENT,ITEM_ABSENT_FROM_TOC,item_absent_from_toc,item_absent_from_toc,low,low,none,none,0,0
0000002969-26-000036,RISK_FACTORS,2969,"Air Products & Chemicals, Inc.",10-Q,2026-07-30,fix2_status_rename,EXPECTED_ABSENT,ITEM_ABSENT_FROM_TOC,item_absent_from_toc,item_absent_from_toc,low,low,none,none,0,0
0000005272-15-000009,MDA,5272,"AMERICAN INTERNATIONAL GROUP, INC.",10-Q,2015-08-03,fix1_ladder_declined,FAIL,FAIL,item_absent_from_toc,toc_recovery_declined,low,low,none,none,0,0
0000005272-15-000009,RISK_FACTORS,5272,"AMERICAN INTERNATIONAL GROUP, INC.",10-Q,2015-08-03,fix1_ladder_declined,EXPECTED_ABSENT,FAIL,item_absent_from_toc,toc_recovery_declined,low,low,none,none,0,0
0000005272-15-000018,MDA,5272,"AMERICAN INTERNATIONAL GROUP, INC.",10-Q,2015-11-02,fix1_ladder_declined,FAIL,FAIL,item_absent_from_toc,toc_recovery_declined,low,low,none,none,0,0
0000005272-15-000018,RISK_FACTORS,5272,"AMERICAN INTERNATIONAL GROUP, INC.",10-Q,2015-11-02,fix1_ladder_declined,EXPECTED_ABSENT,FAIL,item_absent_from_toc,toc_recovery_declined,low,low,none,none,0,0
0000005272-16-000035,RISK_FACTORS,5272,"AMERICAN INTERNATIONAL GROUP, INC.",10-K,2016-02-19,fix1_ladder_declined,FAIL,FAIL,item_absent_from_toc,toc_recovery_declined,low,low,none,none,0,0
0000005272-16-000041,MDA,5272,"AMERICAN INTERNATIONAL GROUP, INC.",10-Q,2016-05-02,fix1_ladder_declined,FAIL,FAIL,item_absent_from_toc,toc_recovery_declined,low,low,none,none,0,0
0000005272-16-000041,RISK_FACTORS,5272,"AMERICAN INTERNATIONAL GROUP, INC.",10-Q,2016-05-02,fix1_ladder_declined,EXPECTED_ABSENT,FAIL,item_absent_from_toc,toc_recovery_declined,low,low,none,none,0,0
0000005272-16-000046,MDA,5272,"AMERICAN INTERNATIONAL GROUP, INC.",10-Q,2016-08-02,fix1_ladder_declined,FAIL,FAIL,item_absent_from_toc,toc_recovery_declined,low,low,none,none,0,0
0000005272-16-000046,RISK_FACTORS,5272,"AMERICAN INTERNATIONAL GROUP, INC.",10-Q,2016-08-02,fix1_ladder_declined,EXPECTED_ABSENT,FAIL,item_absent_from_toc,toc_recovery_declined,low,low,none,none,0,0
0000005272-16-000052,MDA,5272,"AMERICAN INTERNATIONAL GROUP, INC.",10-Q,2016-11-03,fix1_ladder_declined,FAIL,FAIL,item_absent_from_toc,toc_recovery_declined,low,low,none,none,0,0
0000005272-16-000052,RISK_FACTORS,5272,"AMERICAN INTERNATIONAL GROUP, INC.",10-Q,2016-11-03,fix1_ladder_declined,EXPECTED_ABSENT,FAIL,item_absent_from_toc,toc_recovery_declined,low,low,none,none,0,0
0000005272-17-000024,RISK_FACTORS,5272,"AMERICAN INTERNATIONAL GROUP, INC.",10-Q,2017-05-04,fix1_ladder_declined,EXPECTED_ABSENT,FAIL,item_absent_from_toc,toc_recovery_declined,low,low,none,none,0,0
0000005272-17-000031,RISK_FACTORS,5272,"AMERICAN INTERNATIONAL GROUP, INC.",10-Q,2017-08-03,fix1_ladder_declined,EXPECTED_ABSENT,FAIL,item_absent_from_toc,toc_recovery_declined,low,low,none,none,0,0
0000005272-17-000044,RISK_FACTORS,5272,"AMERICAN INTERNATIONAL GROUP, INC.",10-Q,2017-11-03,fix1_ladder_declined,EXPECTED_ABSENT,FAIL,item_absent_from_toc,toc_recovery_declined,low,low,none,none,0,0
0000005272-18-000031,RISK_FACTORS,5272,"AMERICAN INTERNATIONAL GROUP, INC.",10-Q,2018-05-03,fix1_ladder_declined,EXPECTED_ABSENT,FAIL,item_absent_from_toc,toc_recovery_declined,low,low,none,none,0,0
0000005272-18-000037,RISK_FACTORS,5272,"AMERICAN INTERNATIONAL GROUP, INC.",10-Q,2018-08-03,fix1_ladder_declined,EXPECTED_ABSENT,FAIL,item_absent_from_toc,toc_recovery_declined,low,low,none,none,0,0
0000005272-18-000043,RISK_FACTORS,5272,"AMERICAN INTERNATIONAL GROUP, INC.",10-Q,2018-11-02,fix1_ladder_declined,EXPECTED_ABSENT,FAIL,item_absent_from_toc,toc_recovery_declined,low,low,none,none,0,0
0000005272-19-000031,RISK_FACTORS,5272,"AMERICAN INTERNATIONAL GROUP, INC.",10-Q,2019-05-07,fix1_ladder_declined,EXPECTED_ABSENT,FAIL,item_absent_from_toc,toc_recovery_declined,low,low,none,none,0,0
0000005272-23-000023,RISK_FACTORS,5272,"AMERICAN INTERNATIONAL GROUP, INC.",10-Q,2023-05-05,fix1_ladder_recovered,EXPECTED_ABSENT,FLAGGED,item_absent_from_toc,toc_recovered_f1,low,medium,none,anchor_resolving_entry,0,40
0000005272-23-000033,RISK_FACTORS,5272,"AMERICAN INTERNATIONAL GROUP, INC.",10-Q,2023-08-02,fix1_ladder_recovered,EXPECTED_ABSENT,FLAGGED,item_absent_from_toc,toc_recovered_f1,low,medium,none,anchor_resolving_entry,0,40
0000008670-15-000026,MDA,8670,AUTOMATIC DATA PROCESSING INC,10-Q,2015-11-05,fix1_ladder_recovered,FAIL,FLAGGED,item_absent_from_toc,toc_recovered_f1,low,low,none,anchor_resolving_entry,0,7946
0000008670-15-000026,RISK_FACTORS,8670,AUTOMATIC DATA PROCESSING INC,10-Q,2015-11-05,fix1_ladder_recovered,EXPECTED_ABSENT,FLAGGED,item_absent_from_toc,toc_recovered_f1,low,low,none,anchor_resolving_entry,0,37
0000008670-16-000030,MDA,8670,AUTOMATIC DATA PROCESSING INC,10-Q,2016-02-03,fix1_ladder_recovered,FAIL,FLAGGED,item_absent_from_toc,toc_recovered_f1,low,low,none,anchor_resolving_entry,0,10243
0000008670-16-000030,RISK_FACTORS,8670,AUTOMATIC DATA PROCESSING INC,10-Q,2016-02-03,fix1_ladder_recovered,EXPECTED_ABSENT,FLAGGED,item_absent_from_toc,toc_recovered_f1,low,low,none,anchor_resolving_entry,0,37
0000008670-16-000034,MDA,8670,AUTOMATIC DATA PROCESSING INC,10-Q,2016-05-05,fix1_ladder_recovered,FAIL,FLAGGED,item_absent_from_toc,toc_recovered_f1,low,low,none,anchor_resolving_entry,0,8880
0000008670-16-000034,RISK_FACTORS,8670,AUTOMATIC DATA PROCESSING INC,10-Q,2016-05-05,fix1_ladder_recovered,EXPECTED_ABSENT,FLAGGED,item_absent_from_toc,toc_recovered_f1,low,low,none,anchor_resolving_entry,0,37
0000008670-16-000059,MDA,8670,AUTOMATIC DATA PROCESSING INC,10-Q,2016-11-03,fix1_ladder_recovered,FAIL,FLAGGED,item_absent_from_toc,toc_recovered_f1,low,low,none,anchor_resolving_entry,0,7530
0000008670-16-000059,RISK_FACTORS,8670,AUTOMATIC DATA PROCESSING INC,10-Q,2016-11-03,fix1_ladder_recovered,EXPECTED_ABSENT,FLAGGED,item_absent_from_toc,toc_recovered_f1,low,low,none,anchor_resolving_entry,0,37
0000008670-17-000003,MDA,8670,AUTOMATIC DATA PROCESSING INC,10-Q,2017-02-01,fix1_ladder_recovered,FAIL,FLAGGED,item_absent_from_toc,toc_recovered_f1,low,low,none,anchor_resolving_entry,0,9873
0000008670-17-000003,RISK_FACTORS,8670,AUTOMATIC DATA PROCESSING INC,10-Q,2017-02-01,fix1_ladder_recovered,EXPECTED_ABSENT,FLAGGED,item_absent_from_toc,toc_recovered_f1,low,low,none,anchor_resolving_entry,0,37
0000008670-17-000005,MDA,8670,AUTOMATIC DATA PROCESSING INC,10-Q,2017-05-04,fix1_ladder_recovered,FAIL,FLAGGED,item_absent_from_toc,toc_recovered_f1,low,low,none,anchor_resolving_entry,0,10088
0000008670-17-000005,RISK_FACTORS,8670,AUTOMATIC DATA PROCESSING INC,10-Q,2017-05-04,fix1_ladder_recovered,EXPECTED_ABSENT,FLAGGED,item_absent_from_toc,toc_recovered_f1,low,low,none,anchor_resolving_entry,0,37
0000008670-17-000012,MDA,8670,AUTOMATIC DATA PROCESSING INC,10-Q,2017-11-02,fix1_ladder_recovered,FAIL,FLAGGED,item_absent_from_toc,toc_recovered_f1,low,low,none,anchor_resolving_entry,0,7245
0000008670-17-000012,RISK_FACTORS,8670,AUTOMATIC DATA PROCESSING INC,10-Q,2017-11-02,fix1_ladder_recovered,EXPECTED_ABSENT,FLAGGED,item_absent_from_toc,toc_recovered_f1,low,low,none,anchor_resolving_entry,0,37
0000008670-18-000003,MDA,8670,AUTOMATIC DATA PROCESSING INC,10-Q,2018-02-01,fix1_ladder_recovered,FAIL,FLAGGED,item_absent_from_toc,toc_recovered_f1,low,low,none,anchor_resolving_entry,0,9657
0000008670-18-000003,RISK_FACTORS,8670,AUTOMATIC DATA PROCESSING INC,10-Q,2018-02-01,fix1_ladder_recovered,EXPECTED_ABSENT,FLAGGED,item_absent_from_toc,toc_recovered_f1,low,low,none,anchor_resolving_entry,0,37
0000008670-18-000007,MDA,8670,AUTOMATIC DATA PROCESSING INC,10-Q,2018-05-04,fix1_ladder_recovered,FAIL,FLAGGED,item_absent_from_toc,toc_recovered_f1,low,low,none,anchor_resolving_entry,0,9847
0000008670-18-000007,RISK_FACTORS,8670,AUTOMATIC DATA PROCESSING INC,10-Q,2018-05-04,fix1_ladder_recovered,EXPECTED_ABSENT,FLAGGED,item_absent_from_toc,toc_recovered_f1,low,low,none,anchor_resolving_entry,0,37
0000008670-18-000017,MDA,8670,AUTOMATIC DATA PROCESSING INC,10-Q,2018-11-01,fix1_ladder_recovered,FAIL,FLAGGED,item_absent_from_toc,toc_recovered_f1,low,low,none,anchor_resolving_entry,0,7492
0000008670-18-000017,RISK_FACTORS,8670,AUTOMATIC DATA PROCESSING INC,10-Q,2018-11-01,fix1_ladder_recovered,EXPECTED_ABSENT,FLAGGED,item_absent_from_toc,toc_recovered_f1,low,low,none,anchor_resolving_entry,0,37
0000008670-19-000005,MDA,8670,AUTOMATIC DATA PROCESSING INC,10-Q,2019-01-31,fix1_ladder_recovered,FAIL,FLAGGED,item_absent_from_toc,toc_recovered_f1,low,low,none,anchor_resolving_entry,0,9346
0000008670-19-000005,RISK_FACTORS,8670,AUTOMATIC DATA PROCESSING INC,10-Q,2019-01-31,fix1_ladder_recovered,EXPECTED_ABSENT,FLAGGED,item_absent_from_toc,toc_recovered_f1,low,low,none,anchor_resolving_entry,0,37
0000008670-19-000013,MDA,8670,AUTOMATIC DATA PROCESSING INC,10-Q,2019-05-03,fix1_ladder_recovered,FAIL,FLAGGED,item_absent_from_toc,toc_recovered_f1,low,low,none,anchor_resolving_entry,0,9420
0000008670-19-000013,RISK_FACTORS,8670,AUTOMATIC DATA PROCESSING INC,10-Q,2019-05-03,fix1_ladder_recovered,EXPECTED_ABSENT,FLAGGED,item_absent_from_toc,toc_recovered_f1,low,low,none,anchor_resolving_entry,0,37
0000008670-19-000027,MDA,8670,AUTOMATIC DATA PROCESSING INC,10-Q,2019-11-04,fix1_ladder_recovered,FAIL,FLAGGED,item_absent_from_toc,toc_recovered_f1,low,medium,none,anchor_resolving_entry,0,6900
0000008670-19-000027,RISK_FACTORS,8670,AUTOMATIC DATA PROCESSING INC,10-Q,2019-11-04,fix1_ladder_recovered,EXPECTED_ABSENT,FLAGGED,item_absent_from_toc,toc_recovered_f1,low,low,none,anchor_resolving_entry,0,37
0000008670-20-000007,MDA,8670,AUTOMATIC DATA PROCESSING INC,10-Q,2020-01-31,fix1_ladder_recovered,FAIL,FLAGGED,item_absent_from_toc,toc_recovered_f1,low,medium,none,anchor_resolving_entry,0,8043
0000008670-20-000007,RISK_FACTORS,8670,AUTOMATIC DATA PROCESSING INC,10-Q,2020-01-31,fix1_ladder_recovered,EXPECTED_ABSENT,FLAGGED,item_absent_from_toc,toc_recovered_f1,low,low,none,anchor_resolving_entry,0,37
0000014272-16-000288,MDA,14272,BRISTOL MYERS SQUIBB CO,10-K,2016-02-12,fix2_body_heading_mark,FAIL,FAIL,item_absent_from_toc,item_absent_from_toc,low,low,none,none,0,0
0000018230-15-000266,RISK_FACTORS,18230,CATERPILLAR INC,10-Q,2015-07-31,fix2_status_rename,EXPECTED_ABSENT,ITEM_ABSENT_FROM_TOC,item_absent_from_toc,item_absent_from_toc,low,low,none,none,0,0
0000018230-15-000324,RISK_FACTORS,18230,CATERPILLAR INC,10-Q,2015-10-30,fix2_status_rename,EXPECTED_ABSENT,ITEM_ABSENT_FROM_TOC,item_absent_from_toc,item_absent_from_toc,low,low,none,none,0,0
0000018230-16-000410,MDA,18230,CATERPILLAR INC,10-K,2016-02-16,fix1_ladder_recovered,FAIL,FLAGGED,item_absent_from_toc,toc_recovered_f1,low,low,none,anchor_resolving_entry,0,25828
0000018230-16-000410,RISK_FACTORS,18230,CATERPILLAR INC,10-K,2016-02-16,fix1_ladder_recovered,FAIL,FLAGGED,item_absent_from_toc,toc_recovered_f1,low,low,none,anchor_resolving_entry,0,7818
0000018230-16-000512,RISK_FACTORS,18230,CATERPILLAR INC,10-Q,2016-05-02,fix2_status_rename,EXPECTED_ABSENT,ITEM_ABSENT_FROM_TOC,item_absent_from_toc,item_absent_from_toc,low,low,none,none,0,0
0000018230-16-000630,RISK_FACTORS,18230,CATERPILLAR INC,10-Q,2016-08-03,fix2_status_rename,EXPECTED_ABSENT,ITEM_ABSENT_FROM_TOC,item_absent_from_toc,item_absent_from_toc,low,low,none,none,0,0
0000018230-16-000715,RISK_FACTORS,18230,CATERPILLAR INC,10-Q,2016-11-02,fix2_status_rename,EXPECTED_ABSENT,ITEM_ABSENT_FROM_TOC,item_absent_from_toc,item_absent_from_toc,low,low,none,none,0,0
0000018230-17-000041,MDA,18230,CATERPILLAR INC,10-K,2017-02-15,fix1_ladder_recovered,FAIL,FLAGGED,item_absent_from_toc,toc_recovered_f1,low,low,none,anchor_resolving_entry,0,26514
0000018230-17-000041,RISK_FACTORS,18230,CATERPILLAR INC,10-K,2017-02-15,fix1_ladder_recovered,FAIL,FLAGGED,item_absent_from_toc,toc_recovered_f1,low,low,none,anchor_resolving_entry,0,7426
0000018230-17-000145,RISK_FACTORS,18230,CATERPILLAR INC,10-Q,2017-05-03,fix2_status_rename,EXPECTED_ABSENT,ITEM_ABSENT_FROM_TOC,item_absent_from_toc,item_absent_from_toc,low,low,none,none,0,0
0000018230-17-000245,RISK_FACTORS,18230,CATERPILLAR INC,10-Q,2017-08-02,fix2_status_rename,EXPECTED_ABSENT,ITEM_ABSENT_FROM_TOC,item_absent_from_toc,item_absent_from_toc,low,low,none,none,0,0
0000018230-17-000305,RISK_FACTORS,18230,CATERPILLAR INC,10-Q,2017-11-01,fix2_status_rename,EXPECTED_ABSENT,ITEM_ABSENT_FROM_TOC,item_absent_from_toc,item_absent_from_toc,low,low,none,none,0,0
0000018230-18-000042,MDA,18230,CATERPILLAR INC,10-K,2018-02-15,fix1_ladder_recovered,FAIL,FLAGGED,item_absent_from_toc,toc_recovered_f1,low,low,none,anchor_resolving_entry,0,26113
0000018230-18-000042,RISK_FACTORS,18230,CATERPILLAR INC,10-K,2018-02-15,fix1_ladder_recovered,FAIL,FLAGGED,item_absent_from_toc,toc_recovered_f1,low,low,none,anchor_resolving_entry,0,7493
0000018230-18-000136,RISK_FACTORS,18230,CATERPILLAR INC,10-Q,2018-05-02,fix2_status_rename,EXPECTED_ABSENT,ITEM_ABSENT_FROM_TOC,item_absent_from_toc,item_absent_from_toc,low,low,none,none,0,0
0000018230-18-000229,RISK_FACTORS,18230,CATERPILLAR INC,10-Q,2018-08-07,fix2_status_rename,EXPECTED_ABSENT,ITEM_ABSENT_FROM_TOC,item_absent_from_toc,item_absent_from_toc,low,low,none,none,0,0
0000018230-18-000293,RISK_FACTORS,18230,CATERPILLAR INC,10-Q,2018-10-31,fix2_status_rename,EXPECTED_ABSENT,ITEM_ABSENT_FROM_TOC,item_absent_from_toc,item_absent_from_toc,low,low,none,none,0,0
0000018230-19-000153,RISK_FACTORS,18230,CATERPILLAR INC,10-Q,2019-05-06,fix2_status_rename,EXPECTED_ABSENT,ITEM_ABSENT_FROM_TOC,item_absent_from_toc,item_absent_from_toc,low,low,none,none,0,0
0000018230-19-000224,RISK_FACTORS,18230,CATERPILLAR INC,10-Q,2019-08-01,fix2_status_rename,EXPECTED_ABSENT,ITEM_ABSENT_FROM_TOC,item_absent_from_toc,item_absent_from_toc,low,low,none,none,0,0
0000018230-19-000281,RISK_FACTORS,18230,CATERPILLAR INC,10-Q,2019-10-31,fix2_status_rename,EXPECTED_ABSENT,ITEM_ABSENT_FROM_TOC,item_absent_from_toc,item_absent_from_toc,low,low,none,none,0,0
0000021344-17-000009,MDA,21344,COCA COLA CO,10-K,2017-02-24,fix1_ladder_declined,FAIL,FAIL,item_absent_from_toc,toc_recovery_declined,low,low,none,none,0,0
0000021344-17-000009,RISK_FACTORS,21344,COCA COLA CO,10-K,2017-02-24,fix1_ladder_recovered,FAIL,FLAGGED,item_absent_from_toc,toc_recovered_f1,low,low,none,anchor_resolving_entry,0,9677
0000021344-18-000008,MDA,21344,COCA COLA CO,10-K,2018-02-23,fix1_ladder_declined,FAIL,FAIL,item_absent_from_toc,toc_recovery_declined,low,low,none,none,0,0
0000021344-18-000008,RISK_FACTORS,21344,COCA COLA CO,10-K,2018-02-23,fix1_ladder_recovered,FAIL,FLAGGED,item_absent_from_toc,toc_recovered_f1,low,low,none,anchor_resolving_entry,0,9296
0000021344-19-000014,MDA,21344,COCA COLA CO,10-K,2019-02-21,fix1_ladder_declined,FAIL,FAIL,item_absent_from_toc,toc_recovery_declined,low,low,none,none,0,0
0000021344-19-000014,RISK_FACTORS,21344,COCA COLA CO,10-K,2019-02-21,fix1_ladder_recovered,FAIL,FLAGGED,item_absent_from_toc,toc_recovered_f1,low,low,none,anchor_resolving_entry,0,10349
0000021344-20-000006,MDA,21344,COCA COLA CO,10-K,2020-02-24,fix1_ladder_declined,FAIL,FAIL,item_absent_from_toc,toc_recovery_declined,low,low,none,none,0,0
0000021344-20-000006,RISK_FACTORS,21344,COCA COLA CO,10-K,2020-02-24,fix1_ladder_recovered,FAIL,FLAGGED,item_absent_from_toc,toc_recovered_f1,low,low,none,anchor_resolving_entry,0,11198
0000024741-16-000077,MDA,24741,CORNING INC /NY,10-K,2016-02-12,fix2_body_heading_mark,FAIL,FAIL,item_absent_from_toc,item_absent_from_toc,low,low,none,none,0,0
0000024741-16-000077,RISK_FACTORS,24741,CORNING INC /NY,10-K,2016-02-12,fix2_body_heading_mark,FAIL,FAIL,item_absent_from_toc,item_absent_from_toc,low,low,none,none,0,0
0000024741-17-000011,MDA,24741,CORNING INC /NY,10-K,2017-02-06,fix2_body_heading_mark,FAIL,FAIL,item_absent_from_toc,item_absent_from_toc,low,low,none,none,0,0
0000024741-17-000011,RISK_FACTORS,24741,CORNING INC /NY,10-K,2017-02-06,fix2_body_heading_mark,FAIL,FAIL,item_absent_from_toc,item_absent_from_toc,low,low,none,none,0,0
0000024741-20-000014,MDA,24741,CORNING INC /NY,10-K,2020-02-18,fix2_body_heading_mark,FAIL,FAIL,item_absent_from_toc,item_absent_from_toc,low,low,none,none,0,0
0000024741-20-000014,RISK_FACTORS,24741,CORNING INC /NY,10-K,2020-02-18,fix2_body_heading_mark,FAIL,FAIL,item_absent_from_toc,item_absent_from_toc,low,low,none,none,0,0
0000024741-26-000124,MDA,24741,CORNING INC /NY,10-K,2026-02-12,fix2_body_heading_mark,FAIL,FAIL,item_absent_from_toc,item_absent_from_toc,low,low,none,none,0,0
0000024741-26-000124,RISK_FACTORS,24741,CORNING INC /NY,10-K,2026-02-12,fix2_body_heading_mark,FAIL,FAIL,item_absent_from_toc,item_absent_from_toc,low,low,none,none,0,0
0000032604-25-000094,EX99_PRESS_RELEASE,32604,EMERSON ELECTRIC CO,8-K,2025-11-20,fix3_garble_flag,FLAGGED,FLAGGED,earnings_population_gate,garbled_text,medium,medium,whole_document,whole_document,3109,3109
0000034088-23-000030,RISK_FACTORS,34088,EXXON MOBIL CORP,10-Q,2023-05-02,fix2_status_rename,EXPECTED_ABSENT,ITEM_ABSENT_FROM_TOC,item_absent_from_toc,item_absent_from_toc,low,low,none,none,0,0
0000034088-23-000048,RISK_FACTORS,34088,EXXON MOBIL CORP,10-Q,2023-08-01,fix2_status_rename,EXPECTED_ABSENT,ITEM_ABSENT_FROM_TOC,item_absent_from_toc,item_absent_from_toc,low,low,none,none,0,0
0000034088-23-000056,RISK_FACTORS,34088,EXXON MOBIL CORP,10-Q,2023-10-31,fix2_status_rename,EXPECTED_ABSENT,ITEM_ABSENT_FROM_TOC,item_absent_from_toc,item_absent_from_toc,low,low,none,none,0,0
0000034088-24-000029,RISK_FACTORS,34088,EXXON MOBIL CORP,10-Q,2024-04-29,fix2_status_rename,EXPECTED_ABSENT,ITEM_ABSENT_FROM_TOC,item_absent_from_toc,item_absent_from_toc,low,low,none,none,0,0
0000034088-24-000050,RISK_FACTORS,34088,EXXON MOBIL CORP,10-Q,2024-08-05,fix2_status_rename,EXPECTED_ABSENT,ITEM_ABSENT_FROM_TOC,item_absent_from_toc,item_absent_from_toc,low,low,none,none,0,0
0000034088-24-000068,RISK_FACTORS,34088,EXXON MOBIL CORP,10-Q,2024-11-04,fix2_status_rename,EXPECTED_ABSENT,ITEM_ABSENT_FROM_TOC,item_absent_from_toc,item_absent_from_toc,low,low,none,none,0,0
0000034088-25-000024,RISK_FACTORS,34088,EXXON MOBIL CORP,10-Q,2025-05-05,fix2_status_rename,EXPECTED_ABSENT,ITEM_ABSENT_FROM_TOC,item_absent_from_toc,item_absent_from_toc,low,low,none,none,0,0
0000034088-25-000042,RISK_FACTORS,34088,EXXON MOBIL CORP,10-Q,2025-08-04,fix2_status_rename,EXPECTED_ABSENT,ITEM_ABSENT_FROM_TOC,item_absent_from_toc,item_absent_from_toc,low,low,none,none,0,0
0000034088-25-000061,RISK_FACTORS,34088,EXXON MOBIL CORP,10-Q,2025-11-03,fix2_status_rename,EXPECTED_ABSENT,ITEM_ABSENT_FROM_TOC,item_absent_from_toc,item_absent_from_toc,low,low,none,none,0,0
0000034088-26-000067,RISK_FACTORS,34088,EXXON MOBIL CORP,10-Q,2026-05-04,fix2_status_rename,EXPECTED_ABSENT,ITEM_ABSENT_FROM_TOC,item_absent_from_toc,item_absent_from_toc,low,low,none,none,0,0
0000034088-26-000093,RISK_FACTORS,34088,EXXON MOBIL CORP,10-Q,2026-08-03,fix2_status_rename,EXPECTED_ABSENT,ITEM_ABSENT_FROM_TOC,item_absent_from_toc,item_absent_from_toc,low,low,none,none,0,0
0000036104-24-000052,RISK_FACTORS,36104,US BANCORP \DE\,10-Q,2024-08-06,fix2_body_heading_mark,EXPECTED_ABSENT,ITEM_ABSENT_FROM_TOC,item_absent_from_toc,item_absent_from_toc,low,low,none,none,0,0
0000036104-24-000072,RISK_FACTORS,36104,US BANCORP \DE\,10-Q,2024-11-05,fix2_body_heading_mark,EXPECTED_ABSENT,ITEM_ABSENT_FROM_TOC,item_absent_from_toc,item_absent_from_toc,low,low,none,none,0,0
0000036104-25-000028,RISK_FACTORS,36104,US BANCORP \DE\,10-Q,2025-05-06,fix2_body_heading_mark,EXPECTED_ABSENT,ITEM_ABSENT_FROM_TOC,item_absent_from_toc,item_absent_from_toc,low,low,none,none,0,0
0000036104-25-000055,RISK_FACTORS,36104,US BANCORP \DE\,10-Q,2025-08-07,fix2_body_heading_mark,EXPECTED_ABSENT,ITEM_ABSENT_FROM_TOC,item_absent_from_toc,item_absent_from_toc,low,low,none,none,0,0
0000036104-25-000064,RISK_FACTORS,36104,US BANCORP \DE\,10-Q,2025-11-05,fix2_body_heading_mark,EXPECTED_ABSENT,ITEM_ABSENT_FROM_TOC,item_absent_from_toc,item_absent_from_toc,low,low,none,none,0,0
0000036104-26-000024,RISK_FACTORS,36104,US BANCORP \DE\,10-Q,2026-05-04,fix2_body_heading_mark,EXPECTED_ABSENT,ITEM_ABSENT_FROM_TOC,item_absent_from_toc,item_absent_from_toc,low,low,none,none,0,0
0000036104-26-000044,RISK_FACTORS,36104,US BANCORP \DE\,10-Q,2026-08-06,fix2_body_heading_mark,EXPECTED_ABSENT,ITEM_ABSENT_FROM_TOC,item_absent_from_toc,item_absent_from_toc,low,low,none,none,0,0
0000037996-15-000064,RISK_FACTORS,37996,FORD MOTOR CO,10-Q,2015-10-27,fix2_status_rename,EXPECTED_ABSENT,ITEM_ABSENT_FROM_TOC,item_absent_from_toc,item_absent_from_toc,low,low,none,none,0,0
0000037996-16-000107,RISK_FACTORS,37996,FORD MOTOR CO,10-Q,2016-04-28,fix2_status_rename,EXPECTED_ABSENT,ITEM_ABSENT_FROM_TOC,item_absent_from_toc,item_absent_from_toc,low,low,none,none,0,0
0000037996-16-000158,RISK_FACTORS,37996,FORD MOTOR CO,10-Q,2016-10-27,fix2_status_rename,EXPECTED_ABSENT,ITEM_ABSENT_FROM_TOC,item_absent_from_toc,item_absent_from_toc,low,low,none,none,0,0
0000037996-17-000036,RISK_FACTORS,37996,FORD MOTOR CO,10-Q,2017-04-27,fix2_status_rename,EXPECTED_ABSENT,ITEM_ABSENT_FROM_TOC,item_absent_from_toc,item_absent_from_toc,low,low,none,none,0,0
0000037996-17-000068,RISK_FACTORS,37996,FORD MOTOR CO,10-Q,2017-07-26,fix2_status_rename,EXPECTED_ABSENT,ITEM_ABSENT_FROM_TOC,item_absent_from_toc,item_absent_from_toc,low,low,none,none,0,0
0000037996-17-000092,RISK_FACTORS,37996,FORD MOTOR CO,10-Q,2017-10-26,fix2_status_rename,EXPECTED_ABSENT,ITEM_ABSENT_FROM_TOC,item_absent_from_toc,item_absent_from_toc,low,low,none,none,0,0
0000037996-18-000036,RISK_FACTORS,37996,FORD MOTOR CO,10-Q,2018-04-26,fix2_status_rename,EXPECTED_ABSENT,ITEM_ABSENT_FROM_TOC,item_absent_from_toc,item_absent_from_toc,low,low,none,none,0,0
0000037996-18-000082,EX99_PRESS_RELEASE,37996,FORD MOTOR CO,8-K,2018-10-24,fix3_garble_flag,OK,FLAGGED,ok,garbled_text,high,medium,whole_document,whole_document,3333,3333
0000037996-18-000084,RISK_FACTORS,37996,FORD MOTOR CO,10-Q,2018-10-25,fix2_status_rename,EXPECTED_ABSENT,ITEM_ABSENT_FROM_TOC,item_absent_from_toc,item_absent_from_toc,low,low,none,none,0,0
0000037996-19-000026,RISK_FACTORS,37996,FORD MOTOR CO,10-Q,2019-04-26,fix2_status_rename,EXPECTED_ABSENT,ITEM_ABSENT_FROM_TOC,item_absent_from_toc,item_absent_from_toc,low,low,none,none,0,0
0000037996-19-000065,EX99_PRESS_RELEASE,37996,FORD MOTOR CO,8-K,2019-07-24,fix3_garble_flag,OK,FLAGGED,ok,garbled_text,high,medium,whole_document,whole_document,2609,2609
0000037996-19-000067,RISK_FACTORS,37996,FORD MOTOR CO,10-Q,2019-07-25,fix2_status_rename,EXPECTED_ABSENT,ITEM_ABSENT_FROM_TOC,item_absent_from_toc,item_absent_from_toc,low,low,none,none,0,0
0000037996-21-000026,RISK_FACTORS,37996,FORD MOTOR CO,10-Q,2021-04-29,fix2_status_rename,EXPECTED_ABSENT,ITEM_ABSENT_FROM_TOC,item_absent_from_toc,item_absent_from_toc,low,low,none,none,0,0
0000037996-21-000058,RISK_FACTORS,37996,FORD MOTOR CO,10-Q,2021-07-29,fix2_status_rename,EXPECTED_ABSENT,ITEM_ABSENT_FROM_TOC,item_absent_from_toc,item_absent_from_toc,low,low,none,none,0,0
0000037996-21-000086,RISK_FACTORS,37996,FORD MOTOR CO,10-Q,2021-10-28,fix2_status_rename,EXPECTED_ABSENT,ITEM_ABSENT_FROM_TOC,item_absent_from_toc,item_absent_from_toc,low,low,none,none,0,0
0000037996-22-000024,RISK_FACTORS,37996,FORD MOTOR CO,10-Q,2022-04-28,fix2_status_rename,EXPECTED_ABSENT,ITEM_ABSENT_FROM_TOC,item_absent_from_toc,item_absent_from_toc,low,low,none,none,0,0
0000037996-22-000048,RISK_FACTORS,37996,FORD MOTOR CO,10-Q,2022-07-28,fix2_status_rename,EXPECTED_ABSENT,ITEM_ABSENT_FROM_TOC,item_absent_from_toc,item_absent_from_toc,low,low,none,none,0,0
0000037996-22-000073,RISK_FACTORS,37996,FORD MOTOR CO,10-Q,2022-10-27,fix2_status_rename,EXPECTED_ABSENT,ITEM_ABSENT_FROM_TOC,item_absent_from_toc,item_absent_from_toc,low,low,none,none,0,0
0000037996-23-000029,RISK_FACTORS,37996,FORD MOTOR CO,10-Q,2023-05-03,fix2_status_rename,EXPECTED_ABSENT,ITEM_ABSENT_FROM_TOC,item_absent_from_toc,item_absent_from_toc,low,low,none,none,0,0
0000037996-23-000050,RISK_FACTORS,37996,FORD MOTOR CO,10-Q,2023-07-28,fix2_status_rename,EXPECTED_ABSENT,ITEM_ABSENT_FROM_TOC,item_absent_from_toc,item_absent_from_toc,low,low,none,none,0,0
0000037996-23-000068,RISK_FACTORS,37996,FORD MOTOR CO,10-Q,2023-10-27,fix2_status_rename,EXPECTED_ABSENT,ITEM_ABSENT_FROM_TOC,item_absent_from_toc,item_absent_from_toc,low,low,none,none,0,0
0000037996-24-000075,RISK_FACTORS,37996,FORD MOTOR CO,10-Q,2024-04-25,fix2_status_rename,EXPECTED_ABSENT,ITEM_ABSENT_FROM_TOC,item_absent_from_toc,item_absent_from_toc,low,low,none,none,0,0
0000037996-24-000144,RISK_FACTORS,37996,FORD MOTOR CO,10-Q,2024-07-25,fix2_status_rename,EXPECTED_ABSENT,ITEM_ABSENT_FROM_TOC,item_absent_from_toc,item_absent_from_toc,low,low,none,none,0,0
0000037996-24-000185,RISK_FACTORS,37996,FORD MOTOR CO,10-Q,2024-10-29,fix2_status_rename,EXPECTED_ABSENT,ITEM_ABSENT_FROM_TOC,item_absent_from_toc,item_absent_from_toc,low,low,none,none,0,0
0000037996-25-000147,RISK_FACTORS,37996,FORD MOTOR CO,10-Q,2025-07-31,fix2_status_rename,EXPECTED_ABSENT,ITEM_ABSENT_FROM_TOC,item_absent_from_toc,item_absent_from_toc,low,low,none,none,0,0
0000037996-25-000186,RISK_FACTORS,37996,FORD MOTOR CO,10-Q,2025-10-24,fix2_status_rename,EXPECTED_ABSENT,ITEM_ABSENT_FROM_TOC,item_absent_from_toc,item_absent_from_toc,low,low,none,none,0,0
0000037996-26-000086,RISK_FACTORS,37996,FORD MOTOR CO,10-Q,2026-04-30,fix2_status_rename,EXPECTED_ABSENT,ITEM_ABSENT_FROM_TOC,item_absent_from_toc,item_absent_from_toc,low,low,none,none,0,0
0000037996-26-000156,RISK_FACTORS,37996,FORD MOTOR CO,10-Q,2026-07-29,fix2_status_rename,EXPECTED_ABSENT,ITEM_ABSENT_FROM_TOC,item_absent_from_toc,item_absent_from_toc,low,low,none,none,0,0
0000049071-16-000117,MDA,49071,HUMANA INC,10-K,2016-02-18,fix1_ladder_recovered,FAIL,FLAGGED,item_absent_from_toc,toc_recovered_f1,low,low,none,anchor_resolving_entry,0,5545
0000049071-16-000117,RISK_FACTORS,49071,HUMANA INC,10-K,2016-02-18,fix1_ladder_recovered,FAIL,FLAGGED,item_absent_from_toc,toc_recovered_f1,low,low,none,anchor_resolving_entry,0,12717
0000049071-17-000019,MDA,49071,HUMANA INC,10-K,2017-02-17,fix1_ladder_recovered,FAIL,FLAGGED,item_absent_from_toc,toc_recovered_f1,low,low,none,anchor_resolving_entry,0,5052
0000049071-17-000019,RISK_FACTORS,49071,HUMANA INC,10-K,2017-02-17,fix1_ladder_recovered,FAIL,FLAGGED,item_absent_from_toc,toc_recovered_f1,low,low,none,anchor_resolving_entry,0,11819
0000049071-18-000014,MDA,49071,HUMANA INC,10-K,2018-02-16,fix1_ladder_recovered,FAIL,FLAGGED,item_absent_from_toc,toc_recovered_f1,low,low,none,anchor_resolving_entry,0,4116
0000049071-18-000014,RISK_FACTORS,49071,HUMANA INC,10-K,2018-02-16,fix1_ladder_recovered,FAIL,FLAGGED,item_absent_from_toc,toc_recovered_f1,low,low,none,anchor_resolving_entry,0,10811
0000049071-19-000023,MDA,49071,HUMANA INC,10-K,2019-02-21,fix1_ladder_recovered,FAIL,FLAGGED,item_absent_from_toc,toc_recovered_f1,low,low,none,anchor_resolving_entry,0,3366
0000049071-19-000023,RISK_FACTORS,49071,HUMANA INC,10-K,2019-02-21,fix1_ladder_recovered,FAIL,FLAGGED,item_absent_from_toc,toc_recovered_f1,low,low,none,anchor_resolving_entry,0,10724
0000049071-20-000032,MDA,49071,HUMANA INC,10-K,2020-02-20,fix1_ladder_recovered,FAIL,FLAGGED,item_absent_from_toc,toc_recovered_f1,low,low,none,anchor_resolving_entry,0,14338
0000049071-20-000032,RISK_FACTORS,49071,HUMANA INC,10-K,2020-02-20,fix1_ladder_recovered,FAIL,FLAGGED,item_absent_from_toc,toc_recovered_f1,low,low,none,anchor_resolving_entry,0,10646
0000051143-15-000005,MDA,51143,INTERNATIONAL BUSINESS MACHINES CORP,10-Q,2015-07-28,fix1_ladder_recovered,FAIL,FLAGGED,item_absent_from_toc,toc_recovered_f2,low,low,none,heading_regex_toc_present,0,23236
0000051143-15-000005,RISK_FACTORS,51143,INTERNATIONAL BUSINESS MACHINES CORP,10-Q,2015-07-28,fix2_status_rename,EXPECTED_ABSENT,ITEM_ABSENT_FROM_TOC,item_absent_from_toc,item_absent_from_toc,low,low,none,none,0,0
0000051143-15-000009,MDA,51143,INTERNATIONAL BUSINESS MACHINES CORP,10-Q,2015-10-27,fix1_ladder_recovered,FAIL,FLAGGED,item_absent_from_toc,toc_recovered_f2,low,low,none,heading_regex_toc_present,0,23319
0000051143-15-000009,RISK_FACTORS,51143,INTERNATIONAL BUSINESS MACHINES CORP,10-Q,2015-10-27,fix2_status_rename,EXPECTED_ABSENT,ITEM_ABSENT_FROM_TOC,item_absent_from_toc,item_absent_from_toc,low,low,none,none,0,0
0000051143-16-000013,MDA,51143,INTERNATIONAL BUSINESS MACHINES CORP,10-Q,2016-04-26,fix1_ladder_recovered,FAIL,FLAGGED,item_absent_from_toc,toc_recovered_f2,low,low,none,heading_regex_toc_present,0,17226
0000051143-16-000013,RISK_FACTORS,51143,INTERNATIONAL BUSINESS MACHINES CORP,10-Q,2016-04-26,fix2_status_rename,EXPECTED_ABSENT,ITEM_ABSENT_FROM_TOC,item_absent_from_toc,item_absent_from_toc,low,low,none,none,0,0
0000051143-23-000021,RISK_FACTORS,51143,INTERNATIONAL BUSINESS MACHINES CORP,10-Q,2023-07-25,fix2_status_rename,EXPECTED_ABSENT,ITEM_ABSENT_FROM_TOC,item_absent_from_toc,item_absent_from_toc,low,low,none,none,0,0
0000051143-23-000032,RISK_FACTORS,51143,INTERNATIONAL BUSINESS MACHINES CORP,10-Q,2023-10-31,fix2_status_rename,EXPECTED_ABSENT,ITEM_ABSENT_FROM_TOC,item_absent_from_toc,item_absent_from_toc,low,low,none,none,0,0
0000051143-24-000025,RISK_FACTORS,51143,INTERNATIONAL BUSINESS MACHINES CORP,10-Q,2024-04-30,fix2_status_rename,EXPECTED_ABSENT,ITEM_ABSENT_FROM_TOC,item_absent_from_toc,item_absent_from_toc,low,low,none,none,0,0
0000051143-24-000039,RISK_FACTORS,51143,INTERNATIONAL BUSINESS MACHINES CORP,10-Q,2024-07-30,fix2_status_rename,EXPECTED_ABSENT,ITEM_ABSENT_FROM_TOC,item_absent_from_toc,item_absent_from_toc,low,low,none,none,0,0
0000051143-24-000049,RISK_FACTORS,51143,INTERNATIONAL BUSINESS MACHINES CORP,10-Q,2024-10-30,fix2_status_rename,EXPECTED_ABSENT,ITEM_ABSENT_FROM_TOC,item_absent_from_toc,item_absent_from_toc,low,low,none,none,0,0
0000051143-25-000032,RISK_FACTORS,51143,INTERNATIONAL BUSINESS MACHINES CORP,10-Q,2025-04-24,fix2_status_rename,EXPECTED_ABSENT,ITEM_ABSENT_FROM_TOC,item_absent_from_toc,item_absent_from_toc,low,low,none,none,0,0
0000051143-25-000052,RISK_FACTORS,51143,INTERNATIONAL BUSINESS MACHINES CORP,10-Q,2025-07-24,fix2_status_rename,EXPECTED_ABSENT,ITEM_ABSENT_FROM_TOC,item_absent_from_toc,item_absent_from_toc,low,low,none,none,0,0
0000051143-25-000064,RISK_FACTORS,51143,INTERNATIONAL BUSINESS MACHINES CORP,10-Q,2025-10-23,fix2_status_rename,EXPECTED_ABSENT,ITEM_ABSENT_FROM_TOC,item_absent_from_toc,item_absent_from_toc,low,low,none,none,0,0
0000051143-26-000038,RISK_FACTORS,51143,INTERNATIONAL BUSINESS MACHINES CORP,10-Q,2026-04-23,fix2_status_rename,EXPECTED_ABSENT,ITEM_ABSENT_FROM_TOC,item_absent_from_toc,item_absent_from_toc,low,low,none,none,0,0
0000051143-26-000078,RISK_FACTORS,51143,INTERNATIONAL BUSINESS MACHINES CORP,10-Q,2026-07-23,fix2_status_rename,EXPECTED_ABSENT,ITEM_ABSENT_FROM_TOC,item_absent_from_toc,item_absent_from_toc,low,low,none,none,0,0
0000055785-15-000094,RISK_FACTORS,55785,KIMBERLY CLARK CORP,10-Q,2015-07-23,fix2_status_rename,EXPECTED_ABSENT,ITEM_ABSENT_FROM_TOC,item_absent_from_toc,item_absent_from_toc,low,low,none,none,0,0
0000055785-15-000118,RISK_FACTORS,55785,KIMBERLY CLARK CORP,10-Q,2015-10-21,fix2_status_rename,EXPECTED_ABSENT,ITEM_ABSENT_FROM_TOC,item_absent_from_toc,item_absent_from_toc,low,low,none,none,0,0
0000055785-16-000152,RISK_FACTORS,55785,KIMBERLY CLARK CORP,10-Q,2016-04-22,fix2_status_rename,EXPECTED_ABSENT,ITEM_ABSENT_FROM_TOC,item_absent_from_toc,item_absent_from_toc,low,low,none,none,0,0
0000055785-16-000181,RISK_FACTORS,55785,KIMBERLY CLARK CORP,10-Q,2016-07-25,fix2_status_rename,EXPECTED_ABSENT,ITEM_ABSENT_FROM_TOC,item_absent_from_toc,item_absent_from_toc,low,low,none,none,0,0
0000055785-16-000194,RISK_FACTORS,55785,KIMBERLY CLARK CORP,10-Q,2016-10-24,fix2_status_rename,EXPECTED_ABSENT,ITEM_ABSENT_FROM_TOC,item_absent_from_toc,item_absent_from_toc,low,low,none,none,0,0
0000055785-17-000033,RISK_FACTORS,55785,KIMBERLY CLARK CORP,10-Q,2017-04-24,fix2_status_rename,EXPECTED_ABSENT,ITEM_ABSENT_FROM_TOC,item_absent_from_toc,item_absent_from_toc,low,low,none,none,0,0
0000055785-17-000057,RISK_FACTORS,55785,KIMBERLY CLARK CORP,10-Q,2017-07-25,fix2_status_rename,EXPECTED_ABSENT,ITEM_ABSENT_FROM_TOC,item_absent_from_toc,item_absent_from_toc,low,low,none,none,0,0
0000055785-17-000067,RISK_FACTORS,55785,KIMBERLY CLARK CORP,10-Q,2017-10-23,fix2_status_rename,EXPECTED_ABSENT,ITEM_ABSENT_FROM_TOC,item_absent_from_toc,item_absent_from_toc,low,low,none,none,0,0
0000055785-18-000028,RISK_FACTORS,55785,KIMBERLY CLARK CORP,10-Q,2018-04-23,fix2_status_rename,EXPECTED_ABSENT,ITEM_ABSENT_FROM_TOC,item_absent_from_toc,item_absent_from_toc,low,low,none,none,0,0
0000055785-18-000051,RISK_FACTORS,55785,KIMBERLY CLARK CORP,10-Q,2018-07-24,fix2_status_rename,EXPECTED_ABSENT,ITEM_ABSENT_FROM_TOC,item_absent_from_toc,item_absent_from_toc,low,low,none,none,0,0
0000055785-18-000069,RISK_FACTORS,55785,KIMBERLY CLARK CORP,10-Q,2018-10-22,fix2_status_rename,EXPECTED_ABSENT,ITEM_ABSENT_FROM_TOC,item_absent_from_toc,item_absent_from_toc,low,low,none,none,0,0
0000055785-19-000032,RISK_FACTORS,55785,KIMBERLY CLARK CORP,10-Q,2019-04-22,fix2_status_rename,EXPECTED_ABSENT,ITEM_ABSENT_FROM_TOC,item_absent_from_toc,item_absent_from_toc,low,low,none,none,0,0
0000055785-19-000064,RISK_FACTORS,55785,KIMBERLY CLARK CORP,10-Q,2019-07-23,fix2_status_rename,EXPECTED_ABSENT,ITEM_ABSENT_FROM_TOC,item_absent_from_toc,item_absent_from_toc,low,low,none,none,0,0
0000055785-19-000084,RISK_FACTORS,55785,KIMBERLY CLARK CORP,10-Q,2019-10-22,fix2_status_rename,EXPECTED_ABSENT,ITEM_ABSENT_FROM_TOC,item_absent_from_toc,item_absent_from_toc,low,low,none,none,0,0
0000055785-20-000053,RISK_FACTORS,55785,KIMBERLY CLARK CORP,10-Q,2020-07-23,fix2_status_rename,EXPECTED_ABSENT,ITEM_ABSENT_FROM_TOC,item_absent_from_toc,item_absent_from_toc,low,low,none,none,0,0
0000055785-20-000074,RISK_FACTORS,55785,KIMBERLY CLARK CORP,10-Q,2020-10-22,fix2_status_rename,EXPECTED_ABSENT,ITEM_ABSENT_FROM_TOC,item_absent_from_toc,item_absent_from_toc,low,low,none,none,0,0
0000055785-21-000037,RISK_FACTORS,55785,KIMBERLY CLARK CORP,10-Q,2021-04-23,fix2_status_rename,EXPECTED_ABSENT,ITEM_ABSENT_FROM_TOC,item_absent_from_toc,item_absent_from_toc,low,low,none,none,0,0
0000055785-21-000073,RISK_FACTORS,55785,KIMBERLY CLARK CORP,10-Q,2021-07-23,fix2_status_rename,EXPECTED_ABSENT,ITEM_ABSENT_FROM_TOC,item_absent_from_toc,item_absent_from_toc,low,low,none,none,0,0
0000055785-21-000091,RISK_FACTORS,55785,KIMBERLY CLARK CORP,10-Q,2021-10-25,fix2_status_rename,EXPECTED_ABSENT,ITEM_ABSENT_FROM_TOC,item_absent_from_toc,item_absent_from_toc,low,low,none,none,0,0
0000055785-22-000035,RISK_FACTORS,55785,KIMBERLY CLARK CORP,10-Q,2022-04-22,fix2_status_rename,EXPECTED_ABSENT,ITEM_ABSENT_FROM_TOC,item_absent_from_toc,item_absent_from_toc,low,low,none,none,0,0
0000055785-22-000055,RISK_FACTORS,55785,KIMBERLY CLARK CORP,10-Q,2022-07-26,fix2_status_rename,EXPECTED_ABSENT,ITEM_ABSENT_FROM_TOC,item_absent_from_toc,item_absent_from_toc,low,low,none,none,0,0
0000055785-22-000074,RISK_FACTORS,55785,KIMBERLY CLARK CORP,10-Q,2022-10-25,fix2_status_rename,EXPECTED_ABSENT,ITEM_ABSENT_FROM_TOC,item_absent_from_toc,item_absent_from_toc,low,low,none,none,0,0
0000055785-23-000029,RISK_FACTORS,55785,KIMBERLY CLARK CORP,10-Q,2023-04-25,fix2_status_rename,EXPECTED_ABSENT,ITEM_ABSENT_FROM_TOC,item_absent_from_toc,item_absent_from_toc,low,low,none,none,0,0
0000055785-23-000054,RISK_FACTORS,55785,KIMBERLY CLARK CORP,10-Q,2023-07-25,fix2_status_rename,EXPECTED_ABSENT,ITEM_ABSENT_FROM_TOC,item_absent_from_toc,item_absent_from_toc,low,low,none,none,0,0
0000055785-23-000064,RISK_FACTORS,55785,KIMBERLY CLARK CORP,10-Q,2023-10-24,fix2_status_rename,EXPECTED_ABSENT,ITEM_ABSENT_FROM_TOC,item_absent_from_toc,item_absent_from_toc,low,low,none,none,0,0
0000055785-24-000054,RISK_FACTORS,55785,KIMBERLY CLARK CORP,10-Q,2024-04-23,fix2_status_rename,EXPECTED_ABSENT,ITEM_ABSENT_FROM_TOC,item_absent_from_toc,item_absent_from_toc,low,low,none,none,0,0
0000055785-24-000085,RISK_FACTORS,55785,KIMBERLY CLARK CORP,10-Q,2024-07-23,fix2_status_rename,EXPECTED_ABSENT,ITEM_ABSENT_FROM_TOC,item_absent_from_toc,item_absent_from_toc,low,low,none,none,0,0
0000055785-24-000094,RISK_FACTORS,55785,KIMBERLY CLARK CORP,10-Q,2024-10-22,fix2_status_rename,EXPECTED_ABSENT,ITEM_ABSENT_FROM_TOC,item_absent_from_toc,item_absent_from_toc,low,low,none,none,0,0
0000055785-25-000039,RISK_FACTORS,55785,KIMBERLY CLARK CORP,10-Q,2025-04-22,fix2_status_rename,EXPECTED_ABSENT,ITEM_ABSENT_FROM_TOC,item_absent_from_toc,item_absent_from_toc,low,low,none,none,0,0
0000055785-25-000080,RISK_FACTORS,55785,KIMBERLY CLARK CORP,10-Q,2025-08-01,fix2_status_rename,EXPECTED_ABSENT,ITEM_ABSENT_FROM_TOC,item_absent_from_toc,item_absent_from_toc,low,low,none,none,0,0
0000064803-15-000054,RISK_FACTORS,64803,CVS HEALTH Corp,10-Q,2015-08-04,fix2_body_heading_mark,EXPECTED_ABSENT,ITEM_ABSENT_FROM_TOC,item_absent_from_toc,item_absent_from_toc,low,low,none,none,0,0
0000064803-15-000064,RISK_FACTORS,64803,CVS HEALTH Corp,10-Q,2015-10-30,fix2_status_rename,EXPECTED_ABSENT,ITEM_ABSENT_FROM_TOC,item_absent_from_toc,item_absent_from_toc,low,low,none,none,0,0
0000064803-16-000080,RISK_FACTORS,64803,CVS HEALTH Corp,10-Q,2016-05-03,fix2_status_rename,EXPECTED_ABSENT,ITEM_ABSENT_FROM_TOC,item_absent_from_toc,item_absent_from_toc,low,low,none,none,0,0
0000064803-16-000090,RISK_FACTORS,64803,CVS HEALTH Corp,10-Q,2016-08-02,fix2_status_rename,EXPECTED_ABSENT,ITEM_ABSENT_FROM_TOC,item_absent_from_toc,item_absent_from_toc,low,low,none,none,0,0
0000064803-16-000097,RISK_FACTORS,64803,CVS HEALTH Corp,10-Q,2016-11-08,fix2_status_rename,EXPECTED_ABSENT,ITEM_ABSENT_FROM_TOC,item_absent_from_toc,item_absent_from_toc,low,low,none,none,0,0
0000072741-16-000107,RISK_FACTORS,72741,EVERSOURCE ENERGY,10-Q,2016-11-04,fix1_ladder_recovered,EXPECTED_ABSENT,FLAGGED,item_absent_from_toc,toc_recovered_f2,low,low,none,heading_regex_toc_present,0,110
0000072741-17-000021,RISK_FACTORS,72741,EVERSOURCE ENERGY,10-Q,2017-05-05,fix1_ladder_recovered,EXPECTED_ABSENT,FLAGGED,item_absent_from_toc,toc_recovered_f2,low,low,none,heading_regex_toc_present,0,110
0000072741-17-000030,RISK_FACTORS,72741,EVERSOURCE ENERGY,10-Q,2017-08-04,fix1_ladder_recovered,EXPECTED_ABSENT,FLAGGED,item_absent_from_toc,toc_recovered_f2,low,low,none,heading_regex_toc_present,0,110
0000072741-17-000045,RISK_FACTORS,72741,EVERSOURCE ENERGY,10-Q,2017-11-03,fix1_ladder_recovered,EXPECTED_ABSENT,FLAGGED,item_absent_from_toc,toc_recovered_f2,low,low,none,heading_regex_toc_present,0,110
0000072741-18-000042,RISK_FACTORS,72741,EVERSOURCE ENERGY,10-Q,2018-05-03,fix1_ladder_recovered,EXPECTED_ABSENT,FLAGGED,item_absent_from_toc,toc_recovered_f2,low,low,none,heading_regex_toc_present,0,112
0000072741-18-000053,RISK_FACTORS,72741,EVERSOURCE ENERGY,10-Q,2018-08-03,fix1_ladder_recovered,EXPECTED_ABSENT,FLAGGED,item_absent_from_toc,toc_recovered_f2,low,low,none,heading_regex_toc_present,0,112
0000072741-18-000060,RISK_FACTORS,72741,EVERSOURCE ENERGY,10-Q,2018-11-06,fix1_ladder_recovered,EXPECTED_ABSENT,FLAGGED,item_absent_from_toc,toc_recovered_f2,low,low,none,heading_regex_toc_present,0,112
0000072741-19-000026,RISK_FACTORS,72741,EVERSOURCE ENERGY,10-Q,2019-05-07,fix1_ladder_recovered,EXPECTED_ABSENT,FLAGGED,item_absent_from_toc,toc_recovered_f2,low,low,none,heading_regex_toc_present,0,112
0000072741-19-000034,RISK_FACTORS,72741,EVERSOURCE ENERGY,10-Q,2019-08-06,fix1_ladder_recovered,EXPECTED_ABSENT,FLAGGED,item_absent_from_toc,toc_recovered_f2,low,low,none,heading_regex_toc_present,0,112
0000072741-19-000042,RISK_FACTORS,72741,EVERSOURCE ENERGY,10-Q,2019-11-07,fix1_ladder_recovered,EXPECTED_ABSENT,FLAGGED,item_absent_from_toc,toc_recovered_f2,low,low,none,heading_regex_toc_present,0,112
0000072741-20-000013,RISK_FACTORS,72741,EVERSOURCE ENERGY,10-Q,2020-05-08,fix1_ladder_recovered,EXPECTED_ABSENT,FLAGGED,item_absent_from_toc,toc_recovered_f2,low,low,none,heading_regex_toc_present,0,1159
0000072741-20-000020,RISK_FACTORS,72741,EVERSOURCE ENERGY,10-Q,2020-08-07,fix1_ladder_recovered,EXPECTED_ABSENT,FLAGGED,item_absent_from_toc,toc_recovered_f2,low,low,none,heading_regex_toc_present,0,1198
0000072741-20-000024,RISK_FACTORS,72741,EVERSOURCE ENERGY,10-Q,2020-11-06,fix1_ladder_recovered,EXPECTED_ABSENT,FLAGGED,item_absent_from_toc,toc_recovered_f2,low,low,none,heading_regex_toc_present,0,1263
0000078003-19-000026,MDA,78003,PFIZER INC,10-Q,2019-05-09,fix1_ladder_recovered,FAIL,FLAGGED,item_absent_from_toc,toc_recovered_f1,low,medium,none,anchor_resolving_entry,0,30898
0000078003-19-000064,MDA,78003,PFIZER INC,10-Q,2019-08-08,fix1_ladder_recovered,FAIL,FLAGGED,item_absent_from_toc,toc_recovered_f1,low,medium,none,anchor_resolving_entry,0,37928
0000078003-19-000082,MDA,78003,PFIZER INC,10-Q,2019-11-07,fix1_ladder_recovered,FAIL,FLAGGED,item_absent_from_toc,toc_recovered_f1,low,medium,none,anchor_resolving_entry,0,40752
0000078003-20-000037,MDA,78003,PFIZER INC,10-Q,2020-05-07,fix1_ladder_recovered,FAIL,FLAGGED,item_absent_from_toc,toc_recovered_f1,low,medium,none,anchor_resolving_entry,0,28167
0000078003-20-000060,MDA,78003,PFIZER INC,10-Q,2020-08-06,fix1_ladder_recovered,FAIL,FLAGGED,item_absent_from_toc,toc_recovered_f1,low,medium,none,anchor_resolving_entry,0,35188
0000089800-15-000015,RISK_FACTORS,89800,SHERWIN WILLIAMS CO,10-Q,2015-07-22,fix2_status_rename,EXPECTED_ABSENT,ITEM_ABSENT_FROM_TOC,item_absent_from_toc,item_absent_from_toc,low,low,none,none,0,0
0000089800-15-000020,RISK_FACTORS,89800,SHERWIN WILLIAMS CO,10-Q,2015-10-29,fix2_status_rename,EXPECTED_ABSENT,ITEM_ABSENT_FROM_TOC,item_absent_from_toc,item_absent_from_toc,low,low,none,none,0,0
0000089800-17-000009,RISK_FACTORS,89800,SHERWIN WILLIAMS CO,10-Q,2017-04-21,fix2_status_rename,EXPECTED_ABSENT,ITEM_ABSENT_FROM_TOC,item_absent_from_toc,item_absent_from_toc,low,low,none,none,0,0
0000092230-20-000060,RISK_FACTORS,92230,TRUIST FINANCIAL CORP,10-Q,2020-05-08,fix2_body_heading_mark,EXPECTED_ABSENT,ITEM_ABSENT_FROM_TOC,item_absent_from_toc,item_absent_from_toc,low,low,none,none,0,0
0000092230-20-000099,RISK_FACTORS,92230,TRUIST FINANCIAL CORP,10-Q,2020-08-04,fix2_body_heading_mark,EXPECTED_ABSENT,ITEM_ABSENT_FROM_TOC,item_absent_from_toc,item_absent_from_toc,low,low,none,none,0,0
0000092230-20-000114,RISK_FACTORS,92230,TRUIST FINANCIAL CORP,10-Q,2020-11-02,fix2_body_heading_mark,EXPECTED_ABSENT,ITEM_ABSENT_FROM_TOC,item_absent_from_toc,item_absent_from_toc,low,low,none,none,0,0
0000107263-16-000021,RISK_FACTORS,107263,"WILLIAMS COMPANIES, INC.",10-K,2016-02-26,fix1_ladder_recovered,FAIL,FLAGGED,item_absent_from_toc,toc_recovered_f1,low,low,none,anchor_resolving_entry,0,11922
0000107263-17-000006,RISK_FACTORS,107263,"WILLIAMS COMPANIES, INC.",10-Q,2017-05-04,fix2_status_rename,EXPECTED_ABSENT,ITEM_ABSENT_FROM_TOC,item_absent_from_toc,item_absent_from_toc,low,low,none,none,0,0
0000107263-17-000015,RISK_FACTORS,107263,"WILLIAMS COMPANIES, INC.",10-Q,2017-08-03,fix2_status_rename,EXPECTED_ABSENT,ITEM_ABSENT_FROM_TOC,item_absent_from_toc,item_absent_from_toc,low,low,none,none,0,0
0000107263-17-000022,RISK_FACTORS,107263,"WILLIAMS COMPANIES, INC.",10-Q,2017-11-02,fix2_status_rename,EXPECTED_ABSENT,ITEM_ABSENT_FROM_TOC,item_absent_from_toc,item_absent_from_toc,low,low,none,none,0,0
0000200406-15-000044,RISK_FACTORS,200406,JOHNSON & JOHNSON,10-Q,2015-07-31,fix2_status_rename,EXPECTED_ABSENT,ITEM_ABSENT_FROM_TOC,item_absent_from_toc,item_absent_from_toc,low,low,none,none,0,0
0000200406-15-000060,RISK_FACTORS,200406,JOHNSON & JOHNSON,10-Q,2015-10-30,fix2_status_rename,EXPECTED_ABSENT,ITEM_ABSENT_FROM_TOC,item_absent_from_toc,item_absent_from_toc,low,low,none,none,0,0
0000200406-16-000084,RISK_FACTORS,200406,JOHNSON & JOHNSON,10-Q,2016-05-10,fix2_status_rename,EXPECTED_ABSENT,ITEM_ABSENT_FROM_TOC,item_absent_from_toc,item_absent_from_toc,low,low,none,none,0,0
0000200406-16-000105,RISK_FACTORS,200406,JOHNSON & JOHNSON,10-Q,2016-08-04,fix2_status_rename,EXPECTED_ABSENT,ITEM_ABSENT_FROM_TOC,item_absent_from_toc,item_absent_from_toc,low,low,none,none,0,0
0000200406-16-000112,RISK_FACTORS,200406,JOHNSON & JOHNSON,10-Q,2016-11-04,fix2_status_rename,EXPECTED_ABSENT,ITEM_ABSENT_FROM_TOC,item_absent_from_toc,item_absent_from_toc,low,low,none,none,0,0
0000200406-17-000024,RISK_FACTORS,200406,JOHNSON & JOHNSON,10-Q,2017-05-08,fix2_status_rename,EXPECTED_ABSENT,ITEM_ABSENT_FROM_TOC,item_absent_from_toc,item_absent_from_toc,low,low,none,none,0,0
0000200406-17-000042,RISK_FACTORS,200406,JOHNSON & JOHNSON,10-Q,2017-08-03,fix2_status_rename,EXPECTED_ABSENT,ITEM_ABSENT_FROM_TOC,item_absent_from_toc,item_absent_from_toc,low,low,none,none,0,0
0000200406-17-000052,RISK_FACTORS,200406,JOHNSON & JOHNSON,10-Q,2017-11-02,fix2_status_rename,EXPECTED_ABSENT,ITEM_ABSENT_FROM_TOC,item_absent_from_toc,item_absent_from_toc,low,low,none,none,0,0
0000200406-18-000019,RISK_FACTORS,200406,JOHNSON & JOHNSON,10-Q,2018-05-01,fix2_status_rename,EXPECTED_ABSENT,ITEM_ABSENT_FROM_TOC,item_absent_from_toc,item_absent_from_toc,low,low,none,none,0,0
0000200406-18-000041,RISK_FACTORS,200406,JOHNSON & JOHNSON,10-Q,2018-08-02,fix2_status_rename,EXPECTED_ABSENT,ITEM_ABSENT_FROM_TOC,item_absent_from_toc,item_absent_from_toc,low,low,none,none,0,0
0000200406-18-000055,RISK_FACTORS,200406,JOHNSON & JOHNSON,10-Q,2018-10-31,fix2_status_rename,EXPECTED_ABSENT,ITEM_ABSENT_FROM_TOC,item_absent_from_toc,item_absent_from_toc,low,low,none,none,0,0
0000200406-19-000033,RISK_FACTORS,200406,JOHNSON & JOHNSON,10-Q,2019-05-01,fix2_status_rename,EXPECTED_ABSENT,ITEM_ABSENT_FROM_TOC,item_absent_from_toc,item_absent_from_toc,low,low,none,none,0,0
0000200406-19-000053,RISK_FACTORS,200406,JOHNSON & JOHNSON,10-Q,2019-07-29,fix2_status_rename,EXPECTED_ABSENT,ITEM_ABSENT_FROM_TOC,item_absent_from_toc,item_absent_from_toc,low,low,none,none,0,0
0000200406-19-000066,RISK_FACTORS,200406,JOHNSON & JOHNSON,10-Q,2019-10-28,fix2_status_rename,EXPECTED_ABSENT,ITEM_ABSENT_FROM_TOC,item_absent_from_toc,item_absent_from_toc,low,low,none,none,0,0
0000200406-21-000036,RISK_FACTORS,200406,JOHNSON & JOHNSON,10-Q,2021-04-30,fix2_status_rename,EXPECTED_ABSENT,ITEM_ABSENT_FROM_TOC,item_absent_from_toc,item_absent_from_toc,low,low,none,none,0,0
0000200406-21-000057,RISK_FACTORS,200406,JOHNSON & JOHNSON,10-Q,2021-07-29,fix2_status_rename,EXPECTED_ABSENT,ITEM_ABSENT_FROM_TOC,item_absent_from_toc,item_absent_from_toc,low,low,none,none,0,0
0000200406-21-000070,RISK_FACTORS,200406,JOHNSON & JOHNSON,10-Q,2021-10-29,fix2_status_rename,EXPECTED_ABSENT,ITEM_ABSENT_FROM_TOC,item_absent_from_toc,item_absent_from_toc,low,low,none,none,0,0
0000200406-22-000048,RISK_FACTORS,200406,JOHNSON & JOHNSON,10-Q,2022-04-29,fix2_status_rename,EXPECTED_ABSENT,ITEM_ABSENT_FROM_TOC,item_absent_from_toc,item_absent_from_toc,low,low,none,none,0,0
0000200406-22-000071,RISK_FACTORS,200406,JOHNSON & JOHNSON,10-Q,2022-07-29,fix2_status_rename,EXPECTED_ABSENT,ITEM_ABSENT_FROM_TOC,item_absent_from_toc,item_absent_from_toc,low,low,none,none,0,0
0000200406-22-000086,RISK_FACTORS,200406,JOHNSON & JOHNSON,10-Q,2022-10-27,fix2_status_rename,EXPECTED_ABSENT,ITEM_ABSENT_FROM_TOC,item_absent_from_toc,item_absent_from_toc,low,low,none,none,0,0
0000200406-23-000056,RISK_FACTORS,200406,JOHNSON & JOHNSON,10-Q,2023-04-28,fix2_status_rename,EXPECTED_ABSENT,ITEM_ABSENT_FROM_TOC,item_absent_from_toc,item_absent_from_toc,low,low,none,none,0,0
0000200406-23-000082,RISK_FACTORS,200406,JOHNSON & JOHNSON,10-Q,2023-07-31,fix2_status_rename,EXPECTED_ABSENT,ITEM_ABSENT_FROM_TOC,item_absent_from_toc,item_absent_from_toc,low,low,none,none,0,0
0000200406-23-000102,RISK_FACTORS,200406,JOHNSON & JOHNSON,10-Q,2023-10-27,fix2_status_rename,EXPECTED_ABSENT,ITEM_ABSENT_FROM_TOC,item_absent_from_toc,item_absent_from_toc,low,low,none,none,0,0
0000200406-24-000049,RISK_FACTORS,200406,JOHNSON & JOHNSON,10-Q,2024-05-01,fix2_status_rename,EXPECTED_ABSENT,ITEM_ABSENT_FROM_TOC,item_absent_from_toc,item_absent_from_toc,low,low,none,none,0,0
0000200406-24-000075,RISK_FACTORS,200406,JOHNSON & JOHNSON,10-Q,2024-07-25,fix2_status_rename,EXPECTED_ABSENT,ITEM_ABSENT_FROM_TOC,item_absent_from_toc,item_absent_from_toc,low,low,none,none,0,0
0000200406-24-000096,RISK_FACTORS,200406,JOHNSON & JOHNSON,10-Q,2024-10-23,fix2_status_rename,EXPECTED_ABSENT,ITEM_ABSENT_FROM_TOC,item_absent_from_toc,item_absent_from_toc,low,low,none,none,0,0
0000200406-25-000119,RISK_FACTORS,200406,JOHNSON & JOHNSON,10-Q,2025-04-23,fix2_status_rename,EXPECTED_ABSENT,ITEM_ABSENT_FROM_TOC,item_absent_from_toc,item_absent_from_toc,low,low,none,none,0,0
0000200406-25-000178,RISK_FACTORS,200406,JOHNSON & JOHNSON,10-Q,2025-07-24,fix2_status_rename,EXPECTED_ABSENT,ITEM_ABSENT_FROM_TOC,item_absent_from_toc,item_absent_from_toc,low,low,none,none,0,0
0000200406-25-000209,RISK_FACTORS,200406,JOHNSON & JOHNSON,10-Q,2025-10-22,fix2_status_rename,EXPECTED_ABSENT,ITEM_ABSENT_FROM_TOC,item_absent_from_toc,item_absent_from_toc,low,low,none,none,0,0
0000200406-26-000087,RISK_FACTORS,200406,JOHNSON & JOHNSON,10-Q,2026-04-22,fix2_status_rename,EXPECTED_ABSENT,ITEM_ABSENT_FROM_TOC,item_absent_from_toc,item_absent_from_toc,low,low,none,none,0,0
0000200406-26-000153,RISK_FACTORS,200406,JOHNSON & JOHNSON,10-Q,2026-07-23,fix2_status_rename,EXPECTED_ABSENT,ITEM_ABSENT_FROM_TOC,item_absent_from_toc,item_absent_from_toc,low,low,none,none,0,0
0000310158-19-000042,RISK_FACTORS,310158,"Merck & Co., Inc.",10-Q,2019-11-05,fix2_status_rename,EXPECTED_ABSENT,ITEM_ABSENT_FROM_TOC,item_absent_from_toc,item_absent_from_toc,low,low,none,none,0,0
0000310158-25-000014,RISK_FACTORS,310158,"Merck & Co., Inc.",10-Q,2025-08-05,fix2_status_rename,EXPECTED_ABSENT,ITEM_ABSENT_FROM_TOC,item_absent_from_toc,item_absent_from_toc,low,low,none,none,0,0
0000310158-25-000059,RISK_FACTORS,310158,"Merck & Co., Inc.",10-Q,2025-11-05,fix2_status_rename,EXPECTED_ABSENT,ITEM_ABSENT_FROM_TOC,item_absent_from_toc,item_absent_from_toc,low,low,none,none,0,0
0000310158-26-000212,RISK_FACTORS,310158,"Merck & Co., Inc.",10-Q,2026-08-07,fix2_status_rename,EXPECTED_ABSENT,ITEM_ABSENT_FROM_TOC,item_absent_from_toc,item_absent_from_toc,low,low,none,none,0,0
0000313616-16-000145,MDA,313616,DANAHER CORP /DE/,10-K,2016-02-24,fix1_ladder_recovered,FAIL,FLAGGED,item_absent_from_toc,toc_recovered_f1,low,low,none,anchor_resolving_entry,0,19246
0000313616-16-000145,RISK_FACTORS,313616,DANAHER CORP /DE/,10-K,2016-02-24,fix1_ladder_recovered,FAIL,FLAGGED,item_absent_from_toc,toc_recovered_f1,low,low,none,anchor_resolving_entry,0,8618
0000313616-17-000066,MDA,313616,DANAHER CORP /DE/,10-K,2017-02-22,fix1_ladder_recovered,FAIL,FLAGGED,item_absent_from_toc,toc_recovered_f1,low,low,none,anchor_resolving_entry,0,16896
0000313616-17-000066,RISK_FACTORS,313616,DANAHER CORP /DE/,10-K,2017-02-22,fix1_ladder_recovered,FAIL,FLAGGED,item_absent_from_toc,toc_recovered_f1,low,low,none,anchor_resolving_entry,0,10213
0000313616-18-000038,MDA,313616,DANAHER CORP /DE/,10-K,2018-02-21,fix1_ladder_recovered,FAIL,FLAGGED,item_absent_from_toc,toc_recovered_f1,low,low,none,anchor_resolving_entry,0,18277
0000313616-18-000038,RISK_FACTORS,313616,DANAHER CORP /DE/,10-K,2018-02-21,fix1_ladder_recovered,FAIL,FLAGGED,item_absent_from_toc,toc_recovered_f1,low,low,none,anchor_resolving_entry,0,11014
0000313616-19-000035,MDA,313616,DANAHER CORP /DE/,10-K,2019-02-21,fix1_ladder_recovered,FAIL,FLAGGED,item_absent_from_toc,toc_recovered_f1,low,low,none,anchor_resolving_entry,0,18730
0000313616-19-000035,RISK_FACTORS,313616,DANAHER CORP /DE/,10-K,2019-02-21,fix1_ladder_recovered,FAIL,FLAGGED,item_absent_from_toc,toc_recovered_f1,low,low,none,anchor_resolving_entry,0,12398
0000318154-17-000004,MDA,318154,AMGEN INC,10-K,2017-02-14,fix1_ladder_recovered,FAIL,FLAGGED,item_absent_from_toc,toc_recovered_f1,low,low,none,anchor_resolving_entry,0,10366
0000318154-17-000004,RISK_FACTORS,318154,AMGEN INC,10-K,2017-02-14,fix1_ladder_recovered,FAIL,FLAGGED,item_absent_from_toc,toc_recovered_f1,low,low,none,anchor_resolving_entry,0,11254
0000320187-19-000071,MDA,320187,"NIKE, Inc.",10-Q,2019-10-04,fix5_nike_handler,FLAGGED,FLAGGED,head_foreign_item,heading_regex_fallback,medium,low,anchor,heading_regex,465,7873
0000320187-20-000004,MDA,320187,"NIKE, Inc.",10-Q,2020-01-07,fix5_nike_handler,FLAGGED,FLAGGED,head_foreign_item,heading_regex_fallback,medium,low,anchor,heading_regex,476,11286
0000320187-20-000018,MDA,320187,"NIKE, Inc.",10-Q,2020-04-07,fix5_nike_handler,FLAGGED,FLAGGED,head_foreign_item,heading_regex_fallback,medium,low,anchor,heading_regex,1318,13422
0000320187-20-000061,MDA,320187,"NIKE, Inc.",10-Q,2020-10-08,fix5_nike_handler,FLAGGED,FLAGGED,head_foreign_item,heading_regex_fallback,medium,low,anchor,heading_regex,399,9201
0000320187-21-000003,MDA,320187,"NIKE, Inc.",10-Q,2021-01-05,fix5_nike_handler,FLAGGED,FLAGGED,head_foreign_item,heading_regex_fallback,medium,low,anchor,heading_regex,422,13075
0000320187-21-000012,MDA,320187,"NIKE, Inc.",10-Q,2021-04-02,fix5_nike_handler,FLAGGED,FLAGGED,head_foreign_item,heading_regex_fallback,medium,low,anchor,heading_regex,389,13515
0000320187-21-000045,MDA,320187,"NIKE, Inc.",10-Q,2021-10-05,fix5_nike_handler,FLAGGED,FLAGGED,head_foreign_item,heading_regex_fallback,medium,low,anchor,heading_regex,464,9253
0000320187-22-000004,MDA,320187,"NIKE, Inc.",10-Q,2022-01-06,fix5_nike_handler,FLAGGED,FLAGGED,head_foreign_item,heading_regex_fallback,medium,low,anchor,heading_regex,454,13093
0000320187-22-000017,MDA,320187,"NIKE, Inc.",10-Q,2022-04-05,fix5_nike_handler,FLAGGED,FLAGGED,head_foreign_item,heading_regex_fallback,medium,low,anchor,heading_regex,545,12961
0000320187-22-000058,MDA,320187,"NIKE, Inc.",10-Q,2022-10-06,fix5_nike_handler,FLAGGED,FLAGGED,head_foreign_item,heading_regex_fallback,medium,low,anchor,heading_regex,553,8999
0000320187-23-000003,MDA,320187,"NIKE, Inc.",10-Q,2023-01-05,fix5_nike_handler,FLAGGED,FLAGGED,head_foreign_item,heading_regex_fallback,medium,low,anchor,heading_regex,482,12527
0000320187-23-000013,MDA,320187,"NIKE, Inc.",10-Q,2023-04-06,fix5_nike_handler,FLAGGED,FLAGGED,head_foreign_item,heading_regex_fallback,medium,low,anchor,heading_regex,498,12691
0000320187-23-000052,MDA,320187,"NIKE, Inc.",10-Q,2023-10-06,fix5_nike_handler,FLAGGED,FLAGGED,head_foreign_item,heading_regex_fallback,medium,low,anchor,heading_regex,621,7779
0000320187-24-000004,MDA,320187,"NIKE, Inc.",10-Q,2024-01-05,fix5_nike_handler,FLAGGED,FLAGGED,head_foreign_item,heading_regex_fallback,medium,low,anchor,heading_regex,726,11381
0000320187-24-000019,MDA,320187,"NIKE, Inc.",10-Q,2024-04-04,fix5_nike_handler,FLAGGED,FLAGGED,head_foreign_item,heading_regex_fallback,medium,low,anchor,heading_regex,696,11890
0000320187-24-000065,MDA,320187,"NIKE, Inc.",10-Q,2024-10-07,fix5_nike_handler,FLAGGED,FLAGGED,head_foreign_item,heading_regex_fallback,medium,low,anchor,heading_regex,515,7367
0000320187-25-000004,MDA,320187,"NIKE, Inc.",10-Q,2025-01-03,fix5_nike_handler,FLAGGED,FLAGGED,head_foreign_item,heading_regex_fallback,medium,low,anchor,heading_regex,665,10492
0000320187-25-000016,MDA,320187,"NIKE, Inc.",10-Q,2025-04-03,fix5_nike_handler,FLAGGED,FLAGGED,head_foreign_item,heading_regex_fallback,medium,low,anchor,heading_regex,649,10611
0000320187-25-000097,MDA,320187,"NIKE, Inc.",10-Q,2025-10-01,fix5_nike_handler,FLAGGED,FLAGGED,head_foreign_item,heading_regex_fallback,medium,low,anchor,heading_regex,510,7411
0000320187-25-000151,MDA,320187,"NIKE, Inc.",10-Q,2025-12-30,fix5_nike_handler,FLAGGED,FLAGGED,head_foreign_item,heading_regex_fallback,medium,low,anchor,heading_regex,666,10412
0000320187-26-000037,MDA,320187,"NIKE, Inc.",10-Q,2026-04-01,fix5_nike_handler,FLAGGED,FLAGGED,head_foreign_item,heading_regex_fallback,medium,low,anchor,heading_regex,609,10999
0000723125-18-000036,MDA,723125,MICRON TECHNOLOGY INC,10-Q,2018-03-23,fix4_n5_floor_rescue,FLAGGED,FLAGGED,below_length_floor,heading_regex_fallback,low,low,heading_regex,heading_regex,513,6599
0000726728-18-000087,RISK_FACTORS,726728,REALTY INCOME CORP,10-Q,2018-08-02,fix2_status_rename,EXPECTED_ABSENT,ITEM_ABSENT_FROM_TOC,item_absent_from_toc,item_absent_from_toc,low,low,none,none,0,0
0000726728-18-000108,RISK_FACTORS,726728,REALTY INCOME CORP,10-Q,2018-11-01,fix2_status_rename,EXPECTED_ABSENT,ITEM_ABSENT_FROM_TOC,item_absent_from_toc,item_absent_from_toc,low,low,none,none,0,0
0000726728-19-000049,RISK_FACTORS,726728,REALTY INCOME CORP,10-Q,2019-05-02,fix2_status_rename,EXPECTED_ABSENT,ITEM_ABSENT_FROM_TOC,item_absent_from_toc,item_absent_from_toc,low,low,none,none,0,0
0000726728-19-000079,RISK_FACTORS,726728,REALTY INCOME CORP,10-Q,2019-08-06,fix2_status_rename,EXPECTED_ABSENT,ITEM_ABSENT_FROM_TOC,item_absent_from_toc,item_absent_from_toc,low,low,none,none,0,0
0000726728-19-000094,RISK_FACTORS,726728,REALTY INCOME CORP,10-Q,2019-11-05,fix2_status_rename,EXPECTED_ABSENT,ITEM_ABSENT_FROM_TOC,item_absent_from_toc,item_absent_from_toc,low,low,none,none,0,0
0000731766-15-000037,MDA,731766,UNITEDHEALTH GROUP INC,10-Q,2015-07-29,fix1_ladder_recovered,FAIL,FLAGGED,item_absent_from_toc,toc_recovered_f1,low,low,none,anchor_resolving_entry,0,5836
0000731766-15-000037,RISK_FACTORS,731766,UNITEDHEALTH GROUP INC,10-Q,2015-07-29,fix1_ladder_recovered,EXPECTED_ABSENT,FLAGGED,item_absent_from_toc,toc_recovered_f1,low,low,none,anchor_resolving_entry,0,102
0000731766-15-000049,MDA,731766,UNITEDHEALTH GROUP INC,10-Q,2015-11-05,fix1_ladder_recovered,FAIL,FLAGGED,item_absent_from_toc,toc_recovered_f1,low,low,none,anchor_resolving_entry,0,5818
0000731766-15-000049,RISK_FACTORS,731766,UNITEDHEALTH GROUP INC,10-Q,2015-11-05,fix1_ladder_recovered,EXPECTED_ABSENT,FLAGGED,item_absent_from_toc,toc_recovered_f1,low,low,none,anchor_resolving_entry,0,102
0000731766-16-000068,MDA,731766,UNITEDHEALTH GROUP INC,10-Q,2016-05-04,fix1_ladder_recovered,FAIL,FLAGGED,item_absent_from_toc,toc_recovered_f1,low,low,none,anchor_resolving_entry,0,4524
0000731766-16-000068,RISK_FACTORS,731766,UNITEDHEALTH GROUP INC,10-Q,2016-05-04,fix1_ladder_recovered,EXPECTED_ABSENT,FLAGGED,item_absent_from_toc,toc_recovered_f1,low,low,none,anchor_resolving_entry,0,106
0000731766-16-000081,MDA,731766,UNITEDHEALTH GROUP INC,10-Q,2016-08-02,fix1_ladder_recovered,FAIL,FLAGGED,item_absent_from_toc,toc_recovered_f1,low,low,none,anchor_resolving_entry,0,4820
0000731766-16-000081,RISK_FACTORS,731766,UNITEDHEALTH GROUP INC,10-Q,2016-08-02,fix1_ladder_recovered,EXPECTED_ABSENT,FLAGGED,item_absent_from_toc,toc_recovered_f1,low,low,none,anchor_resolving_entry,0,106
0000731766-16-000088,MDA,731766,UNITEDHEALTH GROUP INC,10-Q,2016-11-08,fix1_ladder_recovered,FAIL,FLAGGED,item_absent_from_toc,toc_recovered_f1,low,low,none,anchor_resolving_entry,0,4746
0000731766-16-000088,RISK_FACTORS,731766,UNITEDHEALTH GROUP INC,10-Q,2016-11-08,fix1_ladder_recovered,EXPECTED_ABSENT,FLAGGED,item_absent_from_toc,toc_recovered_f1,low,low,none,anchor_resolving_entry,0,106
0000731766-17-000016,MDA,731766,UNITEDHEALTH GROUP INC,10-Q,2017-05-08,fix1_ladder_recovered,FAIL,FLAGGED,item_absent_from_toc,toc_recovered_f1,low,low,none,anchor_resolving_entry,0,4095
0000731766-17-000016,RISK_FACTORS,731766,UNITEDHEALTH GROUP INC,10-Q,2017-05-08,fix1_ladder_recovered,EXPECTED_ABSENT,FLAGGED,item_absent_from_toc,toc_recovered_f1,low,low,none,anchor_resolving_entry,0,106
0000731766-17-000028,MDA,731766,UNITEDHEALTH GROUP INC,10-Q,2017-08-04,fix1_ladder_recovered,FAIL,FLAGGED,item_absent_from_toc,toc_recovered_f1,low,low,none,anchor_resolving_entry,0,4435
0000731766-17-000028,RISK_FACTORS,731766,UNITEDHEALTH GROUP INC,10-Q,2017-08-04,fix1_ladder_recovered,EXPECTED_ABSENT,FLAGGED,item_absent_from_toc,toc_recovered_f1,low,low,none,anchor_resolving_entry,0,106
0000731766-17-000045,MDA,731766,UNITEDHEALTH GROUP INC,10-Q,2017-11-07,fix1_ladder_recovered,FAIL,FLAGGED,item_absent_from_toc,toc_recovered_f1,low,low,none,anchor_resolving_entry,0,4487
0000731766-17-000045,RISK_FACTORS,731766,UNITEDHEALTH GROUP INC,10-Q,2017-11-07,fix1_ladder_recovered,EXPECTED_ABSENT,FLAGGED,item_absent_from_toc,toc_recovered_f1,low,low,none,anchor_resolving_entry,0,102
0000732717-15-000079,MDA,732717,AT&T INC.,10-Q,2015-08-07,fix4_n5_floor_rescue,FLAGGED,FLAGGED,below_length_floor,heading_regex_fallback,low,low,heading_regex,heading_regex,716,10183
0000732717-15-000121,MDA,732717,AT&T INC.,10-Q,2015-11-06,fix4_n5_floor_rescue,FLAGGED,FLAGGED,below_length_floor,heading_regex_fallback,low,low,heading_regex,heading_regex,819,12116
0000732717-16-000160,MDA,732717,AT&T INC.,10-Q,2016-05-05,fix4_n5_floor_rescue,FLAGGED,FLAGGED,below_length_floor,heading_regex_fallback,low,low,heading_regex,heading_regex,655,10493
0000732717-16-000195,MDA,732717,AT&T INC.,10-Q,2016-08-04,fix4_n5_floor_rescue,FLAGGED,FLAGGED,below_length_floor,heading_regex_fallback,low,low,heading_regex,heading_regex,589,12806
0000732717-16-000233,MDA,732717,AT&T INC.,10-Q,2016-11-03,fix4_n5_floor_rescue,FLAGGED,FLAGGED,below_length_floor,heading_regex_fallback,low,low,heading_regex,heading_regex,469,14805
0000732717-17-000055,MDA,732717,AT&T INC.,10-Q,2017-05-04,fix4_n5_floor_rescue,FLAGGED,FLAGGED,below_length_floor,heading_regex_fallback,low,low,heading_regex,heading_regex,341,11376
0000732717-17-000080,MDA,732717,AT&T INC.,10-Q,2017-08-03,fix4_n5_floor_rescue,FLAGGED,FLAGGED,below_length_floor,heading_regex_fallback,low,low,heading_regex,heading_regex,222,13559
0000732717-17-000101,MDA,732717,AT&T INC.,10-Q,2017-11-03,fix4_n5_floor_rescue,FLAGGED,FLAGGED,below_length_floor,heading_regex_fallback,low,low,heading_regex,heading_regex,222,14297
0000732717-18-000024,MDA,732717,AT&T INC.,10-Q,2018-05-03,fix4_n5_floor_rescue,FLAGGED,FLAGGED,below_length_floor,heading_regex_fallback,low,low,heading_regex,heading_regex,326,12467
0000732717-18-000090,MDA,732717,AT&T INC.,10-Q,2018-11-02,fix4_n5_floor_rescue,FLAGGED,FLAGGED,below_length_floor,heading_regex_fallback,low,low,heading_regex,heading_regex,233,15326
0000732717-19-000018,MDA,732717,AT&T INC.,10-Q,2019-05-06,fix4_n5_floor_rescue,FLAGGED,FLAGGED,below_length_floor,heading_regex_fallback,low,low,heading_regex,heading_regex,431,9000
0000732717-19-000056,MDA,732717,AT&T INC.,10-Q,2019-11-05,fix4_n5_floor_rescue,FLAGGED,FLAGGED,below_length_floor,heading_regex_fallback,low,low,heading_regex,heading_regex,235,12392
0000732717-20-000056,MDA,732717,AT&T INC.,10-Q,2020-11-05,fix4_n5_floor_rescue,FLAGGED,FLAGGED,below_length_floor,heading_regex_fallback,low,low,heading_regex,heading_regex,228,12810
0000732717-21-000030,MDA,732717,AT&T INC.,10-Q,2021-05-06,fix4_n5_floor_rescue,FLAGGED,FLAGGED,below_length_floor,heading_regex_fallback,low,low,heading_regex,heading_regex,625,6840
0000732717-21-000067,MDA,732717,AT&T INC.,10-Q,2021-08-05,fix4_n5_floor_rescue,FLAGGED,FLAGGED,below_length_floor,heading_regex_fallback,low,low,heading_regex,heading_regex,77,9548
0000732717-21-000080,MDA,732717,AT&T INC.,10-Q,2021-11-04,fix4_n5_floor_rescue,FLAGGED,FLAGGED,below_length_floor,heading_regex_fallback,low,low,heading_regex,heading_regex,123,9452
0000732717-22-000042,MDA,732717,AT&T INC.,10-Q,2022-05-03,fix4_n5_floor_rescue,FLAGGED,FLAGGED,below_length_floor,heading_regex_fallback,low,low,heading_regex,heading_regex,751,7640
0000732717-22-000093,MDA,732717,AT&T INC.,10-Q,2022-08-04,fix4_n5_floor_rescue,FLAGGED,FLAGGED,below_length_floor,heading_regex_fallback,low,low,heading_regex,heading_regex,581,8064
0000732717-22-000102,MDA,732717,AT&T INC.,10-Q,2022-11-03,fix4_n5_floor_rescue,FLAGGED,FLAGGED,below_length_floor,heading_regex_fallback,low,low,heading_regex,heading_regex,290,8633
0000732717-23-000022,MDA,732717,AT&T INC.,10-Q,2023-05-01,fix4_n5_floor_rescue,FLAGGED,FLAGGED,below_length_floor,heading_regex_fallback,low,low,heading_regex,heading_regex,179,5580
0000732717-23-000047,MDA,732717,AT&T INC.,10-Q,2023-07-27,fix4_n5_floor_rescue,FLAGGED,FLAGGED,below_length_floor,heading_regex_fallback,low,low,heading_regex,heading_regex,43,6736
0000732717-23-000057,MDA,732717,AT&T INC.,10-Q,2023-10-31,fix4_n5_floor_rescue,FLAGGED,FLAGGED,below_length_floor,heading_regex_fallback,low,low,heading_regex,heading_regex,223,7087
0000732717-24-000022,MDA,732717,AT&T INC.,10-Q,2024-05-02,fix4_n5_floor_rescue,FLAGGED,FLAGGED,below_length_floor,heading_regex_fallback,low,low,heading_regex,heading_regex,398,5169
0000732717-24-000053,MDA,732717,AT&T INC.,10-Q,2024-07-25,fix4_n5_floor_rescue,FLAGGED,FLAGGED,below_length_floor,heading_regex_fallback,low,low,heading_regex,heading_regex,387,6371
0000732717-24-000059,MDA,732717,AT&T INC.,10-Q,2024-10-29,fix4_n5_floor_rescue,FLAGGED,FLAGGED,below_length_floor,heading_regex_fallback,low,low,heading_regex,heading_regex,245,6354
0000732717-25-000023,MDA,732717,AT&T INC.,10-Q,2025-04-29,fix4_n5_floor_rescue,FLAGGED,FLAGGED,below_length_floor,heading_regex_fallback,low,low,heading_regex,heading_regex,367,4678
0000732717-25-000080,MDA,732717,AT&T INC.,10-Q,2025-07-24,fix4_n5_floor_rescue,FLAGGED,FLAGGED,below_length_floor,heading_regex_fallback,low,low,heading_regex,heading_regex,483,5880
0000732717-25-000171,MDA,732717,AT&T INC.,10-Q,2025-10-31,fix4_n5_floor_rescue,FLAGGED,FLAGGED,below_length_floor,heading_regex_fallback,low,low,heading_regex,heading_regex,483,6539
0000732717-26-000206,MDA,732717,AT&T INC.,10-Q,2026-04-27,fix4_n5_floor_rescue,FLAGGED,FLAGGED,below_length_floor,heading_regex_fallback,low,low,heading_regex,heading_regex,285,4814
0000732717-26-000297,MDA,732717,AT&T INC.,10-Q,2026-07-22,fix4_n5_floor_rescue,FLAGGED,FLAGGED,below_length_floor,heading_regex_fallback,low,low,heading_regex,heading_regex,360,6048
0000753308-16-000337,MDA,753308,NEXTERA ENERGY INC,10-K,2016-02-22,fix1_ladder_recovered,FAIL,FLAGGED,item_absent_from_toc,toc_recovered_f1,low,medium,none,anchor_resolving_entry,0,18340
0000753308-17-000060,MDA,753308,NEXTERA ENERGY INC,10-K,2017-02-23,fix1_ladder_recovered,FAIL,FLAGGED,item_absent_from_toc,toc_recovered_f1,low,medium,none,anchor_resolving_entry,0,17166
0000753308-18-000013,MDA,753308,NEXTERA ENERGY INC,10-K,2018-02-16,fix1_ladder_recovered,FAIL,FLAGGED,item_absent_from_toc,toc_recovered_f1,low,medium,none,anchor_resolving_entry,0,15105
0000766704-15-000031,MDA,766704,WELLTOWER INC.,10-Q,2015-08-04,fix1_ladder_recovered,FAIL,FLAGGED,item_absent_from_toc,toc_recovered_f2,low,low,none,heading_regex_toc_present,0,14928
0000766704-15-000031,RISK_FACTORS,766704,WELLTOWER INC.,10-Q,2015-08-04,fix2_body_heading_mark,EXPECTED_ABSENT,ITEM_ABSENT_FROM_TOC,item_absent_from_toc,item_absent_from_toc,low,low,none,none,0,0
0000766704-15-000043,MDA,766704,WELLTOWER INC.,10-Q,2015-10-30,fix1_ladder_recovered,FAIL,FLAGGED,item_absent_from_toc,toc_recovered_f2,low,low,none,heading_regex_toc_present,0,15575
0000766704-15-000043,RISK_FACTORS,766704,WELLTOWER INC.,10-Q,2015-10-30,fix2_body_heading_mark,EXPECTED_ABSENT,ITEM_ABSENT_FROM_TOC,item_absent_from_toc,item_absent_from_toc,low,low,none,none,0,0
0000766704-16-000055,MDA,766704,WELLTOWER INC.,10-K,2016-02-18,fix1_ladder_recovered,FAIL,FLAGGED,item_absent_from_toc,toc_recovered_f2,low,low,none,heading_regex_toc_present,0,12814
0000766704-16-000055,RISK_FACTORS,766704,WELLTOWER INC.,10-K,2016-02-18,fix2_body_heading_mark,FAIL,FAIL,item_absent_from_toc,item_absent_from_toc,low,low,none,none,0,0
0000766704-16-000072,MDA,766704,WELLTOWER INC.,10-Q,2016-05-05,fix1_ladder_recovered,FAIL,FLAGGED,item_absent_from_toc,toc_recovered_f2,low,low,none,heading_regex_toc_present,0,12563
0000766704-16-000072,RISK_FACTORS,766704,WELLTOWER INC.,10-Q,2016-05-05,fix2_body_heading_mark,EXPECTED_ABSENT,ITEM_ABSENT_FROM_TOC,item_absent_from_toc,item_absent_from_toc,low,low,none,none,0,0
0000766704-16-000082,MDA,766704,WELLTOWER INC.,10-Q,2016-08-02,fix1_ladder_recovered,FAIL,FLAGGED,item_absent_from_toc,toc_recovered_f2,low,low,none,heading_regex_toc_present,0,14912
0000766704-16-000082,RISK_FACTORS,766704,WELLTOWER INC.,10-Q,2016-08-02,fix2_body_heading_mark,EXPECTED_ABSENT,ITEM_ABSENT_FROM_TOC,item_absent_from_toc,item_absent_from_toc,low,low,none,none,0,0
0000766704-16-000092,MDA,766704,WELLTOWER INC.,10-Q,2016-11-02,fix1_ladder_recovered,FAIL,FLAGGED,item_absent_from_toc,toc_recovered_f2,low,low,none,heading_regex_toc_present,0,15989
0000766704-16-000092,RISK_FACTORS,766704,WELLTOWER INC.,10-Q,2016-11-02,fix2_body_heading_mark,EXPECTED_ABSENT,ITEM_ABSENT_FROM_TOC,item_absent_from_toc,item_absent_from_toc,low,low,none,none,0,0
0000766704-17-000012,MDA,766704,WELLTOWER INC.,10-K,2017-02-22,fix1_ladder_recovered,FAIL,FLAGGED,item_absent_from_toc,toc_recovered_f2,low,low,none,heading_regex_toc_present,0,12630
0000766704-17-000012,RISK_FACTORS,766704,WELLTOWER INC.,10-K,2017-02-22,fix2_body_heading_mark,FAIL,FAIL,item_absent_from_toc,item_absent_from_toc,low,low,none,none,0,0
0000766704-17-000024,MDA,766704,WELLTOWER INC.,10-Q,2017-05-05,fix1_ladder_recovered,FAIL,FLAGGED,item_absent_from_toc,toc_recovered_f2,low,low,none,heading_regex_toc_present,0,10466
0000766704-17-000024,RISK_FACTORS,766704,WELLTOWER INC.,10-Q,2017-05-05,fix2_body_heading_mark,EXPECTED_ABSENT,ITEM_ABSENT_FROM_TOC,item_absent_from_toc,item_absent_from_toc,low,low,none,none,0,0
0000766704-17-000035,MDA,766704,WELLTOWER INC.,10-Q,2017-07-28,fix1_ladder_recovered,FAIL,FLAGGED,item_absent_from_toc,toc_recovered_f2,low,low,none,heading_regex_toc_present,0,11982
0000766704-17-000035,RISK_FACTORS,766704,WELLTOWER INC.,10-Q,2017-07-28,fix2_body_heading_mark,EXPECTED_ABSENT,ITEM_ABSENT_FROM_TOC,item_absent_from_toc,item_absent_from_toc,low,low,none,none,0,0
0000766704-17-000050,MDA,766704,WELLTOWER INC.,10-Q,2017-11-07,fix1_ladder_recovered,FAIL,FLAGGED,item_absent_from_toc,toc_recovered_f2,low,low,none,heading_regex_toc_present,0,12375
0000766704-17-000050,RISK_FACTORS,766704,WELLTOWER INC.,10-Q,2017-11-07,fix2_body_heading_mark,EXPECTED_ABSENT,ITEM_ABSENT_FROM_TOC,item_absent_from_toc,item_absent_from_toc,low,low,none,none,0,0
0000766704-18-000012,MDA,766704,WELLTOWER INC.,10-K,2018-02-28,fix1_ladder_recovered,FAIL,FLAGGED,item_absent_from_toc,toc_recovered_f2,low,low,none,heading_regex_toc_present,0,13029
0000766704-18-000012,RISK_FACTORS,766704,WELLTOWER INC.,10-K,2018-02-28,fix2_body_heading_mark,FAIL,FAIL,item_absent_from_toc,item_absent_from_toc,low,low,none,none,0,0
0000766704-18-000030,MDA,766704,WELLTOWER INC.,10-Q,2018-05-04,fix1_ladder_recovered,FAIL,FLAGGED,item_absent_from_toc,toc_recovered_f2,low,low,none,heading_regex_toc_present,0,10793
0000766704-18-000030,RISK_FACTORS,766704,WELLTOWER INC.,10-Q,2018-05-04,fix2_body_heading_mark,EXPECTED_ABSENT,ITEM_ABSENT_FROM_TOC,item_absent_from_toc,item_absent_from_toc,low,low,none,none,0,0
0000773840-23-000013,MDA,773840,HONEYWELL INTERNATIONAL INC,10-K,2023-02-10,fix2_body_heading_mark,FAIL,FAIL,item_absent_from_toc,item_absent_from_toc,low,low,none,none,0,0
0000773840-24-000014,MDA,773840,HONEYWELL INTERNATIONAL INC,10-K,2024-02-16,fix2_body_heading_mark,FAIL,FAIL,item_absent_from_toc,item_absent_from_toc,low,low,none,none,0,0
0000773840-25-000010,MDA,773840,HONEYWELL INTERNATIONAL INC,10-K,2025-02-14,fix2_body_heading_mark,FAIL,FAIL,item_absent_from_toc,item_absent_from_toc,low,low,none,none,0,0
0000773840-26-000013,MDA,773840,HONEYWELL INTERNATIONAL INC,10-K,2026-02-17,fix2_body_heading_mark,FAIL,FAIL,item_absent_from_toc,item_absent_from_toc,low,low,none,none,0,0
0000797468-15-000012,RISK_FACTORS,797468,OCCIDENTAL PETROLEUM CORP /DE/,10-Q,2015-08-04,fix2_status_rename,EXPECTED_ABSENT,ITEM_ABSENT_FROM_TOC,item_absent_from_toc,item_absent_from_toc,low,low,none,none,0,0
0000797468-15-000014,RISK_FACTORS,797468,OCCIDENTAL PETROLEUM CORP /DE/,10-Q,2015-10-30,fix2_status_rename,EXPECTED_ABSENT,ITEM_ABSENT_FROM_TOC,item_absent_from_toc,item_absent_from_toc,low,low,none,none,0,0
0000797468-16-000023,RISK_FACTORS,797468,OCCIDENTAL PETROLEUM CORP /DE/,10-Q,2016-05-05,fix2_status_rename,EXPECTED_ABSENT,ITEM_ABSENT_FROM_TOC,item_absent_from_toc,item_absent_from_toc,low,low,none,none,0,0
0000797468-16-000036,RISK_FACTORS,797468,OCCIDENTAL PETROLEUM CORP /DE/,10-Q,2016-08-03,fix2_status_rename,EXPECTED_ABSENT,ITEM_ABSENT_FROM_TOC,item_absent_from_toc,item_absent_from_toc,low,low,none,none,0,0
0000797468-16-000039,RISK_FACTORS,797468,OCCIDENTAL PETROLEUM CORP /DE/,10-Q,2016-11-01,fix2_status_rename,EXPECTED_ABSENT,ITEM_ABSENT_FROM_TOC,item_absent_from_toc,item_absent_from_toc,low,low,none,none,0,0
0000797468-17-000007,RISK_FACTORS,797468,OCCIDENTAL PETROLEUM CORP /DE/,10-Q,2017-05-04,fix2_status_rename,EXPECTED_ABSENT,ITEM_ABSENT_FROM_TOC,item_absent_from_toc,item_absent_from_toc,low,low,none,none,0,0
0000797468-17-000019,RISK_FACTORS,797468,OCCIDENTAL PETROLEUM CORP /DE/,10-Q,2017-08-02,fix2_status_rename,EXPECTED_ABSENT,ITEM_ABSENT_FROM_TOC,item_absent_from_toc,item_absent_from_toc,low,low,none,none,0,0
0000797468-17-000025,RISK_FACTORS,797468,OCCIDENTAL PETROLEUM CORP /DE/,10-Q,2017-11-01,fix2_status_rename,EXPECTED_ABSENT,ITEM_ABSENT_FROM_TOC,item_absent_from_toc,item_absent_from_toc,low,low,none,none,0,0
0000797468-18-000008,RISK_FACTORS,797468,OCCIDENTAL PETROLEUM CORP /DE/,10-Q,2018-05-08,fix2_status_rename,EXPECTED_ABSENT,ITEM_ABSENT_FROM_TOC,item_absent_from_toc,item_absent_from_toc,low,low,none,none,0,0
0000797468-18-000014,RISK_FACTORS,797468,OCCIDENTAL PETROLEUM CORP /DE/,10-Q,2018-08-08,fix2_status_rename,EXPECTED_ABSENT,ITEM_ABSENT_FROM_TOC,item_absent_from_toc,item_absent_from_toc,low,low,none,none,0,0
0000797468-18-000017,RISK_FACTORS,797468,OCCIDENTAL PETROLEUM CORP /DE/,10-Q,2018-11-05,fix2_status_rename,EXPECTED_ABSENT,ITEM_ABSENT_FROM_TOC,item_absent_from_toc,item_absent_from_toc,low,low,none,none,0,0
0000798354-16-000008,RISK_FACTORS,798354,FISERV INC,10-Q,2016-05-06,fix2_status_rename,EXPECTED_ABSENT,ITEM_ABSENT_FROM_TOC,item_absent_from_toc,item_absent_from_toc,low,low,none,none,0,0
0000798354-16-000017,RISK_FACTORS,798354,FISERV INC,10-Q,2016-08-03,fix2_status_rename,EXPECTED_ABSENT,ITEM_ABSENT_FROM_TOC,item_absent_from_toc,item_absent_from_toc,low,low,none,none,0,0
0000798354-16-000022,RISK_FACTORS,798354,FISERV INC,10-Q,2016-10-27,fix2_status_rename,EXPECTED_ABSENT,ITEM_ABSENT_FROM_TOC,item_absent_from_toc,item_absent_from_toc,low,low,none,none,0,0
0000798354-17-000011,RISK_FACTORS,798354,FISERV INC,10-Q,2017-04-27,fix2_status_rename,EXPECTED_ABSENT,ITEM_ABSENT_FROM_TOC,item_absent_from_toc,item_absent_from_toc,low,low,none,none,0,0
0000798354-17-000019,RISK_FACTORS,798354,FISERV INC,10-Q,2017-08-02,fix2_status_rename,EXPECTED_ABSENT,ITEM_ABSENT_FROM_TOC,item_absent_from_toc,item_absent_from_toc,low,low,none,none,0,0
0000798354-17-000023,RISK_FACTORS,798354,FISERV INC,10-Q,2017-11-01,fix2_status_rename,EXPECTED_ABSENT,ITEM_ABSENT_FROM_TOC,item_absent_from_toc,item_absent_from_toc,low,low,none,none,0,0
0000798354-18-000009,RISK_FACTORS,798354,FISERV INC,10-Q,2018-05-02,fix2_status_rename,EXPECTED_ABSENT,ITEM_ABSENT_FROM_TOC,item_absent_from_toc,item_absent_from_toc,low,low,none,none,0,0
0000798354-18-000017,RISK_FACTORS,798354,FISERV INC,10-Q,2018-08-01,fix2_status_rename,EXPECTED_ABSENT,ITEM_ABSENT_FROM_TOC,item_absent_from_toc,item_absent_from_toc,low,low,none,none,0,0
0000798354-18-000021,RISK_FACTORS,798354,FISERV INC,10-Q,2018-11-01,fix2_status_rename,EXPECTED_ABSENT,ITEM_ABSENT_FROM_TOC,item_absent_from_toc,item_absent_from_toc,low,low,none,none,0,0
0000798354-19-000009,RISK_FACTORS,798354,FISERV INC,10-Q,2019-05-01,fix2_status_rename,EXPECTED_ABSENT,ITEM_ABSENT_FROM_TOC,item_absent_from_toc,item_absent_from_toc,low,low,none,none,0,0
0000798354-19-000019,RISK_FACTORS,798354,FISERV INC,10-Q,2019-07-26,fix2_status_rename,EXPECTED_ABSENT,ITEM_ABSENT_FROM_TOC,item_absent_from_toc,item_absent_from_toc,low,low,none,none,0,0
0000798354-20-000020,RISK_FACTORS,798354,FISERV INC,10-Q,2020-08-06,fix1_ladder_recovered,EXPECTED_ABSENT,FLAGGED,item_absent_from_toc,toc_recovered_f1,low,medium,none,anchor_resolving_entry,0,1561
0000798354-21-000008,RISK_FACTORS,798354,FISERV INC,10-Q,2021-04-28,fix2_status_rename,EXPECTED_ABSENT,ITEM_ABSENT_FROM_TOC,item_absent_from_toc,item_absent_from_toc,low,low,none,none,0,0
0000798354-21-000014,RISK_FACTORS,798354,FISERV INC,10-Q,2021-07-28,fix2_status_rename,EXPECTED_ABSENT,ITEM_ABSENT_FROM_TOC,item_absent_from_toc,item_absent_from_toc,low,low,none,none,0,0
0000798354-21-000018,RISK_FACTORS,798354,FISERV INC,10-Q,2021-10-28,fix2_status_rename,EXPECTED_ABSENT,ITEM_ABSENT_FROM_TOC,item_absent_from_toc,item_absent_from_toc,low,low,none,none,0,0
0000798354-22-000009,RISK_FACTORS,798354,FISERV INC,10-Q,2022-04-28,fix2_status_rename,EXPECTED_ABSENT,ITEM_ABSENT_FROM_TOC,item_absent_from_toc,item_absent_from_toc,low,low,none,none,0,0
0000798354-22-000015,RISK_FACTORS,798354,FISERV INC,10-Q,2022-07-27,fix2_status_rename,EXPECTED_ABSENT,ITEM_ABSENT_FROM_TOC,item_absent_from_toc,item_absent_from_toc,low,low,none,none,0,0
0000798354-22-000019,RISK_FACTORS,798354,FISERV INC,10-Q,2022-10-28,fix2_status_rename,EXPECTED_ABSENT,ITEM_ABSENT_FROM_TOC,item_absent_from_toc,item_absent_from_toc,low,low,none,none,0,0
0000798354-23-000008,RISK_FACTORS,798354,FISERV INC,10-Q,2023-04-26,fix2_status_rename,EXPECTED_ABSENT,ITEM_ABSENT_FROM_TOC,item_absent_from_toc,item_absent_from_toc,low,low,none,none,0,0
0000798354-23-000014,RISK_FACTORS,798354,FISERV INC,10-Q,2023-07-27,fix2_status_rename,EXPECTED_ABSENT,ITEM_ABSENT_FROM_TOC,item_absent_from_toc,item_absent_from_toc,low,low,none,none,0,0
0000798354-23-000018,RISK_FACTORS,798354,FISERV INC,10-Q,2023-10-25,fix2_status_rename,EXPECTED_ABSENT,ITEM_ABSENT_FROM_TOC,item_absent_from_toc,item_absent_from_toc,low,low,none,none,0,0
0000798354-24-000100,RISK_FACTORS,798354,FISERV INC,10-Q,2024-04-24,fix2_status_rename,EXPECTED_ABSENT,ITEM_ABSENT_FROM_TOC,item_absent_from_toc,item_absent_from_toc,low,low,none,none,0,0
0000798354-24-000156,RISK_FACTORS,798354,FISERV INC,10-Q,2024-07-25,fix2_status_rename,EXPECTED_ABSENT,ITEM_ABSENT_FROM_TOC,item_absent_from_toc,item_absent_from_toc,low,low,none,none,0,0
0000798354-24-000190,RISK_FACTORS,798354,FISERV INC,10-Q,2024-10-23,fix2_status_rename,EXPECTED_ABSENT,ITEM_ABSENT_FROM_TOC,item_absent_from_toc,item_absent_from_toc,low,low,none,none,0,0
0000798354-25-000104,RISK_FACTORS,798354,FISERV INC,10-Q,2025-04-25,fix2_status_rename,EXPECTED_ABSENT,ITEM_ABSENT_FROM_TOC,item_absent_from_toc,item_absent_from_toc,low,low,none,none,0,0
0000798354-25-000163,RISK_FACTORS,798354,FISERV INC,10-Q,2025-07-24,fix2_status_rename,EXPECTED_ABSENT,ITEM_ABSENT_FROM_TOC,item_absent_from_toc,item_absent_from_toc,low,low,none,none,0,0
0000798354-25-000171,RISK_FACTORS,798354,FISERV INC,10-Q,2025-10-30,fix2_status_rename,EXPECTED_ABSENT,ITEM_ABSENT_FROM_TOC,item_absent_from_toc,item_absent_from_toc,low,low,none,none,0,0
0000798354-26-000018,RISK_FACTORS,798354,FISERV INC,10-Q,2026-05-06,fix2_status_rename,EXPECTED_ABSENT,ITEM_ABSENT_FROM_TOC,item_absent_from_toc,item_absent_from_toc,low,low,none,none,0,0
0000798354-26-000031,RISK_FACTORS,798354,FISERV INC,10-Q,2026-08-07,fix2_status_rename,EXPECTED_ABSENT,ITEM_ABSENT_FROM_TOC,item_absent_from_toc,item_absent_from_toc,low,low,none,none,0,0
0000804753-15-000036,RISK_FACTORS,804753,CERNER Corp,10-Q,2015-08-05,fix2_status_rename,EXPECTED_ABSENT,ITEM_ABSENT_FROM_TOC,item_absent_from_toc,item_absent_from_toc,low,low,none,none,0,0
0000804753-15-000050,RISK_FACTORS,804753,CERNER Corp,10-Q,2015-11-04,fix2_status_rename,EXPECTED_ABSENT,ITEM_ABSENT_FROM_TOC,item_absent_from_toc,item_absent_from_toc,low,low,none,none,0,0
0000804753-16-000074,RISK_FACTORS,804753,CERNER Corp,10-Q,2016-05-06,fix2_status_rename,EXPECTED_ABSENT,ITEM_ABSENT_FROM_TOC,item_absent_from_toc,item_absent_from_toc,low,low,none,none,0,0
0000804753-16-000086,RISK_FACTORS,804753,CERNER Corp,10-Q,2016-08-03,fix2_status_rename,EXPECTED_ABSENT,ITEM_ABSENT_FROM_TOC,item_absent_from_toc,item_absent_from_toc,low,low,none,none,0,0
0000804753-16-000092,RISK_FACTORS,804753,CERNER Corp,10-Q,2016-11-02,fix2_status_rename,EXPECTED_ABSENT,ITEM_ABSENT_FROM_TOC,item_absent_from_toc,item_absent_from_toc,low,low,none,none,0,0
0000804753-17-000016,RISK_FACTORS,804753,CERNER Corp,10-Q,2017-04-28,fix2_status_rename,EXPECTED_ABSENT,ITEM_ABSENT_FROM_TOC,item_absent_from_toc,item_absent_from_toc,low,low,none,none,0,0
0000804753-17-000029,RISK_FACTORS,804753,CERNER Corp,10-Q,2017-07-28,fix2_status_rename,EXPECTED_ABSENT,ITEM_ABSENT_FROM_TOC,item_absent_from_toc,item_absent_from_toc,low,low,none,none,0,0
0000804753-17-000039,RISK_FACTORS,804753,CERNER Corp,10-Q,2017-10-27,fix2_status_rename,EXPECTED_ABSENT,ITEM_ABSENT_FROM_TOC,item_absent_from_toc,item_absent_from_toc,low,low,none,none,0,0
0000804753-18-000018,RISK_FACTORS,804753,CERNER Corp,10-Q,2018-05-03,fix2_status_rename,EXPECTED_ABSENT,ITEM_ABSENT_FROM_TOC,item_absent_from_toc,item_absent_from_toc,low,low,none,none,0,0
0000804753-18-000033,RISK_FACTORS,804753,CERNER Corp,10-Q,2018-08-03,fix2_status_rename,EXPECTED_ABSENT,ITEM_ABSENT_FROM_TOC,item_absent_from_toc,item_absent_from_toc,low,low,none,none,0,0
0000804753-18-000039,RISK_FACTORS,804753,CERNER Corp,10-Q,2018-10-26,fix2_status_rename,EXPECTED_ABSENT,ITEM_ABSENT_FROM_TOC,item_absent_from_toc,item_absent_from_toc,low,low,none,none,0,0
0000804753-21-000026,RISK_FACTORS,804753,CERNER Corp,10-Q,2021-05-05,fix2_status_rename,EXPECTED_ABSENT,ITEM_ABSENT_FROM_TOC,item_absent_from_toc,item_absent_from_toc,low,low,none,none,0,0
0000804753-21-000043,RISK_FACTORS,804753,CERNER Corp,10-Q,2021-07-30,fix2_status_rename,EXPECTED_ABSENT,ITEM_ABSENT_FROM_TOC,item_absent_from_toc,item_absent_from_toc,low,low,none,none,0,0
0000804753-21-000052,RISK_FACTORS,804753,CERNER Corp,10-Q,2021-10-29,fix2_status_rename,EXPECTED_ABSENT,ITEM_ABSENT_FROM_TOC,item_absent_from_toc,item_absent_from_toc,low,low,none,none,0,0
0000804753-22-000024,RISK_FACTORS,804753,CERNER Corp,10-Q,2022-05-03,fix2_status_rename,EXPECTED_ABSENT,ITEM_ABSENT_FROM_TOC,item_absent_from_toc,item_absent_from_toc,low,low,none,none,0,0
0000821189-15-000033,RISK_FACTORS,821189,EOG RESOURCES INC,10-Q,2015-08-06,fix2_status_rename,EXPECTED_ABSENT,ITEM_ABSENT_FROM_TOC,item_absent_from_toc,item_absent_from_toc,low,low,none,none,0,0
0000821189-15-000046,RISK_FACTORS,821189,EOG RESOURCES INC,10-Q,2015-11-05,fix2_status_rename,EXPECTED_ABSENT,ITEM_ABSENT_FROM_TOC,item_absent_from_toc,item_absent_from_toc,low,low,none,none,0,0
0000821189-16-000067,RISK_FACTORS,821189,EOG RESOURCES INC,10-Q,2016-05-05,fix2_status_rename,EXPECTED_ABSENT,ITEM_ABSENT_FROM_TOC,item_absent_from_toc,item_absent_from_toc,low,low,none,none,0,0
0000821189-16-000077,RISK_FACTORS,821189,EOG RESOURCES INC,10-Q,2016-08-04,fix2_status_rename,EXPECTED_ABSENT,ITEM_ABSENT_FROM_TOC,item_absent_from_toc,item_absent_from_toc,low,low,none,none,0,0
0000821189-16-000089,RISK_FACTORS,821189,EOG RESOURCES INC,10-Q,2016-11-03,fix2_status_rename,EXPECTED_ABSENT,ITEM_ABSENT_FROM_TOC,item_absent_from_toc,item_absent_from_toc,low,low,none,none,0,0
0000821189-17-000029,RISK_FACTORS,821189,EOG RESOURCES INC,10-Q,2017-05-08,fix2_status_rename,EXPECTED_ABSENT,ITEM_ABSENT_FROM_TOC,item_absent_from_toc,item_absent_from_toc,low,low,none,none,0,0
0000821189-17-000038,RISK_FACTORS,821189,EOG RESOURCES INC,10-Q,2017-08-01,fix2_status_rename,EXPECTED_ABSENT,ITEM_ABSENT_FROM_TOC,item_absent_from_toc,item_absent_from_toc,low,low,none,none,0,0
0000821189-17-000054,RISK_FACTORS,821189,EOG RESOURCES INC,10-Q,2017-11-02,fix2_status_rename,EXPECTED_ABSENT,ITEM_ABSENT_FROM_TOC,item_absent_from_toc,item_absent_from_toc,low,low,none,none,0,0
0000821189-18-000025,RISK_FACTORS,821189,EOG RESOURCES INC,10-Q,2018-05-03,fix2_status_rename,EXPECTED_ABSENT,ITEM_ABSENT_FROM_TOC,item_absent_from_toc,item_absent_from_toc,low,low,none,none,0,0
0000821189-18-000034,RISK_FACTORS,821189,EOG RESOURCES INC,10-Q,2018-08-02,fix2_status_rename,EXPECTED_ABSENT,ITEM_ABSENT_FROM_TOC,item_absent_from_toc,item_absent_from_toc,low,low,none,none,0,0
0000821189-18-000044,RISK_FACTORS,821189,EOG RESOURCES INC,10-Q,2018-11-01,fix2_status_rename,EXPECTED_ABSENT,ITEM_ABSENT_FROM_TOC,item_absent_from_toc,item_absent_from_toc,low,low,none,none,0,0
0000821189-19-000020,RISK_FACTORS,821189,EOG RESOURCES INC,10-Q,2019-05-02,fix2_status_rename,EXPECTED_ABSENT,ITEM_ABSENT_FROM_TOC,item_absent_from_toc,item_absent_from_toc,low,low,none,none,0,0
0000821189-19-000030,RISK_FACTORS,821189,EOG RESOURCES INC,10-Q,2019-08-01,fix2_status_rename,EXPECTED_ABSENT,ITEM_ABSENT_FROM_TOC,item_absent_from_toc,item_absent_from_toc,low,low,none,none,0,0
0000821189-19-000039,RISK_FACTORS,821189,EOG RESOURCES INC,10-Q,2019-11-06,fix2_status_rename,EXPECTED_ABSENT,ITEM_ABSENT_FROM_TOC,item_absent_from_toc,item_absent_from_toc,low,low,none,none,0,0
0000821189-21-000047,RISK_FACTORS,821189,EOG RESOURCES INC,10-Q,2021-05-06,fix2_status_rename,EXPECTED_ABSENT,ITEM_ABSENT_FROM_TOC,item_absent_from_toc,item_absent_from_toc,low,low,none,none,0,0
0000821189-21-000075,RISK_FACTORS,821189,EOG RESOURCES INC,10-Q,2021-08-04,fix2_status_rename,EXPECTED_ABSENT,ITEM_ABSENT_FROM_TOC,item_absent_from_toc,item_absent_from_toc,low,low,none,none,0,0
0000821189-21-000089,RISK_FACTORS,821189,EOG RESOURCES INC,10-Q,2021-11-04,fix2_status_rename,EXPECTED_ABSENT,ITEM_ABSENT_FROM_TOC,item_absent_from_toc,item_absent_from_toc,low,low,none,none,0,0
0000821189-22-000028,RISK_FACTORS,821189,EOG RESOURCES INC,10-Q,2022-05-05,fix2_status_rename,EXPECTED_ABSENT,ITEM_ABSENT_FROM_TOC,item_absent_from_toc,item_absent_from_toc,low,low,none,none,0,0
0000821189-22-000041,RISK_FACTORS,821189,EOG RESOURCES INC,10-Q,2022-08-04,fix2_status_rename,EXPECTED_ABSENT,ITEM_ABSENT_FROM_TOC,item_absent_from_toc,item_absent_from_toc,low,low,none,none,0,0
0000821189-22-000056,RISK_FACTORS,821189,EOG RESOURCES INC,10-Q,2022-11-03,fix2_status_rename,EXPECTED_ABSENT,ITEM_ABSENT_FROM_TOC,item_absent_from_toc,item_absent_from_toc,low,low,none,none,0,0
0000821189-23-000024,RISK_FACTORS,821189,EOG RESOURCES INC,10-Q,2023-05-04,fix2_status_rename,EXPECTED_ABSENT,ITEM_ABSENT_FROM_TOC,item_absent_from_toc,item_absent_from_toc,low,low,none,none,0,0
0000821189-23-000040,RISK_FACTORS,821189,EOG RESOURCES INC,10-Q,2023-08-03,fix2_status_rename,EXPECTED_ABSENT,ITEM_ABSENT_FROM_TOC,item_absent_from_toc,item_absent_from_toc,low,low,none,none,0,0
0000821189-23-000051,RISK_FACTORS,821189,EOG RESOURCES INC,10-Q,2023-11-02,fix2_status_rename,EXPECTED_ABSENT,ITEM_ABSENT_FROM_TOC,item_absent_from_toc,item_absent_from_toc,low,low,none,none,0,0
0000821189-24-000021,RISK_FACTORS,821189,EOG RESOURCES INC,10-Q,2024-05-02,fix2_status_rename,EXPECTED_ABSENT,ITEM_ABSENT_FROM_TOC,item_absent_from_toc,item_absent_from_toc,low,low,none,none,0,0
0000821189-24-000031,RISK_FACTORS,821189,EOG RESOURCES INC,10-Q,2024-08-01,fix2_status_rename,EXPECTED_ABSENT,ITEM_ABSENT_FROM_TOC,item_absent_from_toc,item_absent_from_toc,low,low,none,none,0,0
0000821189-24-000049,RISK_FACTORS,821189,EOG RESOURCES INC,10-Q,2024-11-07,fix2_status_rename,EXPECTED_ABSENT,ITEM_ABSENT_FROM_TOC,item_absent_from_toc,item_absent_from_toc,low,low,none,none,0,0
0000821189-25-000022,RISK_FACTORS,821189,EOG RESOURCES INC,10-Q,2025-05-01,fix2_status_rename,EXPECTED_ABSENT,ITEM_ABSENT_FROM_TOC,item_absent_from_toc,item_absent_from_toc,low,low,none,none,0,0
0000821189-25-000070,RISK_FACTORS,821189,EOG RESOURCES INC,10-Q,2025-08-07,fix2_status_rename,EXPECTED_ABSENT,ITEM_ABSENT_FROM_TOC,item_absent_from_toc,item_absent_from_toc,low,low,none,none,0,0
0000821189-25-000131,RISK_FACTORS,821189,EOG RESOURCES INC,10-Q,2025-11-06,fix2_status_rename,EXPECTED_ABSENT,ITEM_ABSENT_FROM_TOC,item_absent_from_toc,item_absent_from_toc,low,low,none,none,0,0
0000821189-26-000104,RISK_FACTORS,821189,EOG RESOURCES INC,10-Q,2026-05-05,fix2_status_rename,EXPECTED_ABSENT,ITEM_ABSENT_FROM_TOC,item_absent_from_toc,item_absent_from_toc,low,low,none,none,0,0
0000821189-26-000149,RISK_FACTORS,821189,EOG RESOURCES INC,10-Q,2026-08-04,fix2_status_rename,EXPECTED_ABSENT,ITEM_ABSENT_FROM_TOC,item_absent_from_toc,item_absent_from_toc,low,low,none,none,0,0
0000831259-24-000026,EX99_PRESS_RELEASE,831259,FREEPORT-MCMORAN INC,8-K,2024-07-02,fix3_garble_flag,FLAGGED,FLAGGED,below_length_floor,garbled_text,medium,medium,whole_document,whole_document,167,167
0000875320-15-000047,RISK_FACTORS,875320,VERTEX PHARMACEUTICALS INC / MA,10-Q,2015-08-04,fix1_ladder_recovered,EXPECTED_ABSENT,FLAGGED,item_absent_from_toc,toc_recovered_f1,low,medium,none,anchor_resolving_entry,0,652
0000875320-15-000056,RISK_FACTORS,875320,VERTEX PHARMACEUTICALS INC / MA,10-Q,2015-10-30,fix1_ladder_recovered,EXPECTED_ABSENT,FLAGGED,item_absent_from_toc,toc_recovered_f1,low,medium,none,anchor_resolving_entry,0,724
0000875320-16-000078,RISK_FACTORS,875320,VERTEX PHARMACEUTICALS INC / MA,10-Q,2016-05-03,fix1_ladder_recovered,EXPECTED_ABSENT,FLAGGED,item_absent_from_toc,toc_recovered_f1,low,medium,none,anchor_resolving_entry,0,717
0000875320-16-000091,RISK_FACTORS,875320,VERTEX PHARMACEUTICALS INC / MA,10-Q,2016-08-01,fix1_ladder_recovered,EXPECTED_ABSENT,FLAGGED,item_absent_from_toc,toc_recovered_f1,low,medium,none,anchor_resolving_entry,0,987
0000875320-16-000107,RISK_FACTORS,875320,VERTEX PHARMACEUTICALS INC / MA,10-Q,2016-10-31,fix1_ladder_recovered,EXPECTED_ABSENT,FLAGGED,item_absent_from_toc,toc_recovered_f1,low,medium,none,anchor_resolving_entry,0,1350
0000875320-17-000030,RISK_FACTORS,875320,VERTEX PHARMACEUTICALS INC / MA,10-Q,2017-04-28,fix1_ladder_recovered,EXPECTED_ABSENT,FLAGGED,item_absent_from_toc,toc_recovered_f1,low,medium,none,anchor_resolving_entry,0,1490
0000875320-17-000047,RISK_FACTORS,875320,VERTEX PHARMACEUTICALS INC / MA,10-Q,2017-07-28,fix1_ladder_recovered,EXPECTED_ABSENT,FLAGGED,item_absent_from_toc,toc_recovered_f1,low,medium,none,anchor_resolving_entry,0,2549
0000875320-17-000060,RISK_FACTORS,875320,VERTEX PHARMACEUTICALS INC / MA,10-Q,2017-10-30,fix1_ladder_recovered,EXPECTED_ABSENT,FLAGGED,item_absent_from_toc,toc_recovered_f1,low,medium,none,anchor_resolving_entry,0,2614
0000875320-18-000014,RISK_FACTORS,875320,VERTEX PHARMACEUTICALS INC / MA,10-Q,2018-04-27,fix1_ladder_recovered,EXPECTED_ABSENT,FLAGGED,item_absent_from_toc,toc_recovered_f1,low,medium,none,anchor_resolving_entry,0,705
0000875320-18-000022,RISK_FACTORS,875320,VERTEX PHARMACEUTICALS INC / MA,10-Q,2018-07-26,fix1_ladder_recovered,EXPECTED_ABSENT,FLAGGED,item_absent_from_toc,toc_recovered_f1,low,medium,none,anchor_resolving_entry,0,695
0000875320-18-000029,RISK_FACTORS,875320,VERTEX PHARMACEUTICALS INC / MA,10-Q,2018-10-25,fix1_ladder_recovered,EXPECTED_ABSENT,FLAGGED,item_absent_from_toc,toc_recovered_f1,low,medium,none,anchor_resolving_entry,0,721
0000875320-19-000019,RISK_FACTORS,875320,VERTEX PHARMACEUTICALS INC / MA,10-Q,2019-05-01,fix1_ladder_recovered,EXPECTED_ABSENT,FLAGGED,item_absent_from_toc,toc_recovered_f1,low,medium,none,anchor_resolving_entry,0,667
0000875320-19-000037,RISK_FACTORS,875320,VERTEX PHARMACEUTICALS INC / MA,10-Q,2019-08-01,fix1_ladder_recovered,EXPECTED_ABSENT,FLAGGED,item_absent_from_toc,toc_recovered_f1,low,medium,none,anchor_resolving_entry,0,665
0000875320-19-000057,RISK_FACTORS,875320,VERTEX PHARMACEUTICALS INC / MA,10-Q,2019-10-31,fix1_ladder_recovered,EXPECTED_ABSENT,FLAGGED,item_absent_from_toc,toc_recovered_f1,low,medium,none,anchor_resolving_entry,0,675
0000875320-20-000019,RISK_FACTORS,875320,VERTEX PHARMACEUTICALS INC / MA,10-Q,2020-05-01,fix1_ladder_recovered,EXPECTED_ABSENT,FLAGGED,item_absent_from_toc,toc_recovered_f1,low,medium,none,anchor_resolving_entry,0,1047
0000885725-26-000033,MDA,885725,BOSTON SCIENTIFIC CORP,10-Q,2026-05-01,fix1_ladder_recovered,FAIL,FLAGGED,item_absent_from_toc,toc_recovered_f1,low,medium,none,anchor_resolving_entry,0,5710
0000886982-22-000002,RISK_FACTORS,886982,GOLDMAN SACHS GROUP INC,10-Q,2022-11-03,fix2_status_rename,EXPECTED_ABSENT,ITEM_ABSENT_FROM_TOC,item_absent_from_toc,item_absent_from_toc,low,low,none,none,0,0
0000886982-23-000005,RISK_FACTORS,886982,GOLDMAN SACHS GROUP INC,10-Q,2023-05-04,fix2_status_rename,EXPECTED_ABSENT,ITEM_ABSENT_FROM_TOC,item_absent_from_toc,item_absent_from_toc,low,low,none,none,0,0
0000886982-23-000008,RISK_FACTORS,886982,GOLDMAN SACHS GROUP INC,10-Q,2023-08-03,fix2_status_rename,EXPECTED_ABSENT,ITEM_ABSENT_FROM_TOC,item_absent_from_toc,item_absent_from_toc,low,low,none,none,0,0
0000886982-23-000011,RISK_FACTORS,886982,GOLDMAN SACHS GROUP INC,10-Q,2023-11-03,fix2_status_rename,EXPECTED_ABSENT,ITEM_ABSENT_FROM_TOC,item_absent_from_toc,item_absent_from_toc,low,low,none,none,0,0
0000886982-24-000016,RISK_FACTORS,886982,GOLDMAN SACHS GROUP INC,10-Q,2024-05-03,fix2_status_rename,EXPECTED_ABSENT,ITEM_ABSENT_FROM_TOC,item_absent_from_toc,item_absent_from_toc,low,low,none,none,0,0
0000886982-24-000022,RISK_FACTORS,886982,GOLDMAN SACHS GROUP INC,10-Q,2024-08-02,fix2_status_rename,EXPECTED_ABSENT,ITEM_ABSENT_FROM_TOC,item_absent_from_toc,item_absent_from_toc,low,low,none,none,0,0
0000886982-24-000025,RISK_FACTORS,886982,GOLDMAN SACHS GROUP INC,10-Q,2024-11-04,fix2_status_rename,EXPECTED_ABSENT,ITEM_ABSENT_FROM_TOC,item_absent_from_toc,item_absent_from_toc,low,low,none,none,0,0
0000886982-25-000009,RISK_FACTORS,886982,GOLDMAN SACHS GROUP INC,10-Q,2025-05-02,fix2_status_rename,EXPECTED_ABSENT,ITEM_ABSENT_FROM_TOC,item_absent_from_toc,item_absent_from_toc,low,low,none,none,0,0
0000886982-25-000022,RISK_FACTORS,886982,GOLDMAN SACHS GROUP INC,10-Q,2025-08-01,fix2_status_rename,EXPECTED_ABSENT,ITEM_ABSENT_FROM_TOC,item_absent_from_toc,item_absent_from_toc,low,low,none,none,0,0
0000886982-25-001411,RISK_FACTORS,886982,GOLDMAN SACHS GROUP INC,10-Q,2025-10-31,fix2_status_rename,EXPECTED_ABSENT,ITEM_ABSENT_FROM_TOC,item_absent_from_toc,item_absent_from_toc,low,low,none,none,0,0
0000886982-26-000118,RISK_FACTORS,886982,GOLDMAN SACHS GROUP INC,10-Q,2026-05-01,fix2_status_rename,EXPECTED_ABSENT,ITEM_ABSENT_FROM_TOC,item_absent_from_toc,item_absent_from_toc,low,low,none,none,0,0
0000886982-26-000297,RISK_FACTORS,886982,GOLDMAN SACHS GROUP INC,10-Q,2026-08-03,fix2_status_rename,EXPECTED_ABSENT,ITEM_ABSENT_FROM_TOC,item_absent_from_toc,item_absent_from_toc,low,low,none,none,0,0
0000895421-20-000323,RISK_FACTORS,895421,MORGAN STANLEY,10-Q,2020-05-05,fix2_status_rename,EXPECTED_ABSENT,ITEM_ABSENT_FROM_TOC,item_absent_from_toc,item_absent_from_toc,low,low,none,none,0,0
0000895421-20-000429,RISK_FACTORS,895421,MORGAN STANLEY,10-Q,2020-08-04,fix2_status_rename,EXPECTED_ABSENT,ITEM_ABSENT_FROM_TOC,item_absent_from_toc,item_absent_from_toc,low,low,none,none,0,0
0000895421-20-000527,RISK_FACTORS,895421,MORGAN STANLEY,10-Q,2020-11-03,fix2_status_rename,EXPECTED_ABSENT,ITEM_ABSENT_FROM_TOC,item_absent_from_toc,item_absent_from_toc,low,low,none,none,0,0
0000895421-21-000334,RISK_FACTORS,895421,MORGAN STANLEY,10-Q,2021-05-03,fix2_status_rename,EXPECTED_ABSENT,ITEM_ABSENT_FROM_TOC,item_absent_from_toc,item_absent_from_toc,low,low,none,none,0,0
0000895421-21-000425,RISK_FACTORS,895421,MORGAN STANLEY,10-Q,2021-08-02,fix2_status_rename,EXPECTED_ABSENT,ITEM_ABSENT_FROM_TOC,item_absent_from_toc,item_absent_from_toc,low,low,none,none,0,0
0000895421-21-000532,RISK_FACTORS,895421,MORGAN STANLEY,10-Q,2021-11-03,fix2_status_rename,EXPECTED_ABSENT,ITEM_ABSENT_FROM_TOC,item_absent_from_toc,item_absent_from_toc,low,low,none,none,0,0
0000895421-22-000442,RISK_FACTORS,895421,MORGAN STANLEY,10-Q,2022-05-04,fix2_status_rename,EXPECTED_ABSENT,ITEM_ABSENT_FROM_TOC,item_absent_from_toc,item_absent_from_toc,low,low,none,none,0,0
0000895421-22-000515,RISK_FACTORS,895421,MORGAN STANLEY,10-Q,2022-08-05,fix2_status_rename,EXPECTED_ABSENT,ITEM_ABSENT_FROM_TOC,item_absent_from_toc,item_absent_from_toc,low,low,none,none,0,0
0000895421-22-000587,RISK_FACTORS,895421,MORGAN STANLEY,10-Q,2022-11-03,fix2_status_rename,EXPECTED_ABSENT,ITEM_ABSENT_FROM_TOC,item_absent_from_toc,item_absent_from_toc,low,low,none,none,0,0
0000895421-23-000315,RISK_FACTORS,895421,MORGAN STANLEY,10-Q,2023-05-02,fix2_status_rename,EXPECTED_ABSENT,ITEM_ABSENT_FROM_TOC,item_absent_from_toc,item_absent_from_toc,low,low,none,none,0,0
0000895421-23-000374,RISK_FACTORS,895421,MORGAN STANLEY,10-Q,2023-08-03,fix2_status_rename,EXPECTED_ABSENT,ITEM_ABSENT_FROM_TOC,item_absent_from_toc,item_absent_from_toc,low,low,none,none,0,0
0000895421-23-000441,RISK_FACTORS,895421,MORGAN STANLEY,10-Q,2023-11-03,fix2_status_rename,EXPECTED_ABSENT,ITEM_ABSENT_FROM_TOC,item_absent_from_toc,item_absent_from_toc,low,low,none,none,0,0
0000895421-24-000322,RISK_FACTORS,895421,MORGAN STANLEY,10-Q,2024-05-03,fix2_status_rename,EXPECTED_ABSENT,ITEM_ABSENT_FROM_TOC,item_absent_from_toc,item_absent_from_toc,low,low,none,none,0,0
0000895421-24-000403,RISK_FACTORS,895421,MORGAN STANLEY,10-Q,2024-08-05,fix2_status_rename,EXPECTED_ABSENT,ITEM_ABSENT_FROM_TOC,item_absent_from_toc,item_absent_from_toc,low,low,none,none,0,0
0000895421-24-000491,RISK_FACTORS,895421,MORGAN STANLEY,10-Q,2024-11-04,fix2_status_rename,EXPECTED_ABSENT,ITEM_ABSENT_FROM_TOC,item_absent_from_toc,item_absent_from_toc,low,low,none,none,0,0
0000895421-25-000343,RISK_FACTORS,895421,MORGAN STANLEY,10-Q,2025-05-05,fix2_status_rename,EXPECTED_ABSENT,ITEM_ABSENT_FROM_TOC,item_absent_from_toc,item_absent_from_toc,low,low,none,none,0,0
0000895421-25-000440,RISK_FACTORS,895421,MORGAN STANLEY,10-Q,2025-08-04,fix2_status_rename,EXPECTED_ABSENT,ITEM_ABSENT_FROM_TOC,item_absent_from_toc,item_absent_from_toc,low,low,none,none,0,0
0000895421-25-000539,RISK_FACTORS,895421,MORGAN STANLEY,10-Q,2025-11-03,fix2_status_rename,EXPECTED_ABSENT,ITEM_ABSENT_FROM_TOC,item_absent_from_toc,item_absent_from_toc,low,low,none,none,0,0
0000895421-26-000121,RISK_FACTORS,895421,MORGAN STANLEY,10-Q,2026-05-05,fix2_status_rename,EXPECTED_ABSENT,ITEM_ABSENT_FROM_TOC,item_absent_from_toc,item_absent_from_toc,low,low,none,none,0,0
0000895421-26-000212,RISK_FACTORS,895421,MORGAN STANLEY,10-Q,2026-08-04,fix2_status_rename,EXPECTED_ABSENT,ITEM_ABSENT_FROM_TOC,item_absent_from_toc,item_absent_from_toc,low,low,none,none,0,0
0000927628-16-000140,RISK_FACTORS,927628,CAPITAL ONE FINANCIAL CORP,10-K,2016-02-25,fix1_ladder_recovered,FAIL,FLAGGED,item_absent_from_toc,toc_recovered_f1,low,medium,none,anchor_resolving_entry,0,11536
0000927628-26-000048,RISK_FACTORS,927628,CAPITAL ONE FINANCIAL CORP,10-Q,2026-05-07,fix1_ladder_recovered,EXPECTED_ABSENT,FLAGGED,item_absent_from_toc,toc_recovered_f1,low,medium,none,anchor_resolving_entry,0,29
0000927628-26-000089,RISK_FACTORS,927628,CAPITAL ONE FINANCIAL CORP,10-Q,2026-07-28,fix1_ladder_recovered,EXPECTED_ABSENT,FLAGGED,item_absent_from_toc,toc_recovered_f1,low,medium,none,anchor_resolving_entry,0,29
0000930413-15-003083,RISK_FACTORS,773840,HONEYWELL INTERNATIONAL INC,10-Q,2015-07-17,fix2_status_rename,EXPECTED_ABSENT,ITEM_ABSENT_FROM_TOC,item_absent_from_toc,item_absent_from_toc,low,low,none,none,0,0
0000930413-15-004011,RISK_FACTORS,773840,HONEYWELL INTERNATIONAL INC,10-Q,2015-10-16,fix2_status_rename,EXPECTED_ABSENT,ITEM_ABSENT_FROM_TOC,item_absent_from_toc,item_absent_from_toc,low,low,none,none,0,0
0000930413-16-005457,MDA,773840,HONEYWELL INTERNATIONAL INC,10-K,2016-02-12,fix1_ladder_declined,FAIL,FAIL,item_absent_from_toc,toc_recovery_declined,low,low,none,none,0,0
0000930413-16-005457,RISK_FACTORS,773840,HONEYWELL INTERNATIONAL INC,10-K,2016-02-12,fix1_ladder_recovered,FAIL,FLAGGED,item_absent_from_toc,toc_recovered_f2,low,low,none,heading_regex_toc_present,0,3036
0000930413-16-006542,RISK_FACTORS,773840,HONEYWELL INTERNATIONAL INC,10-Q,2016-04-22,fix2_status_rename,EXPECTED_ABSENT,ITEM_ABSENT_FROM_TOC,item_absent_from_toc,item_absent_from_toc,low,low,none,none,0,0
0000930413-16-007670,RISK_FACTORS,773840,HONEYWELL INTERNATIONAL INC,10-Q,2016-07-22,fix2_status_rename,EXPECTED_ABSENT,ITEM_ABSENT_FROM_TOC,item_absent_from_toc,item_absent_from_toc,low,low,none,none,0,0
0000930413-16-008530,RISK_FACTORS,773840,HONEYWELL INTERNATIONAL INC,10-Q,2016-10-21,fix2_status_rename,EXPECTED_ABSENT,ITEM_ABSENT_FROM_TOC,item_absent_from_toc,item_absent_from_toc,low,low,none,none,0,0
0000930413-17-001646,RISK_FACTORS,773840,HONEYWELL INTERNATIONAL INC,10-Q,2017-04-21,fix2_status_rename,EXPECTED_ABSENT,ITEM_ABSENT_FROM_TOC,item_absent_from_toc,item_absent_from_toc,low,low,none,none,0,0
0000930413-17-002534,RISK_FACTORS,773840,HONEYWELL INTERNATIONAL INC,10-Q,2017-07-21,fix2_status_rename,EXPECTED_ABSENT,ITEM_ABSENT_FROM_TOC,item_absent_from_toc,item_absent_from_toc,low,low,none,none,0,0
0000930413-18-000292,MDA,773840,HONEYWELL INTERNATIONAL INC,10-K,2018-02-09,fix1_ladder_declined,FAIL,FAIL,item_absent_from_toc,toc_recovery_declined,low,low,none,none,0,0
0000930413-18-000292,RISK_FACTORS,773840,HONEYWELL INTERNATIONAL INC,10-K,2018-02-09,fix1_ladder_recovered,FAIL,FLAGGED,item_absent_from_toc,toc_recovered_f2,low,low,none,heading_regex_toc_present,0,4102
0000930413-18-001371,RISK_FACTORS,773840,HONEYWELL INTERNATIONAL INC,10-Q,2018-04-20,fix2_status_rename,EXPECTED_ABSENT,ITEM_ABSENT_FROM_TOC,item_absent_from_toc,item_absent_from_toc,low,low,none,none,0,0
0000930413-19-000366,MDA,773840,HONEYWELL INTERNATIONAL INC,10-K,2019-02-08,fix1_ladder_declined,FAIL,FAIL,item_absent_from_toc,toc_recovery_declined,low,low,none,none,0,0
0000930413-19-000366,RISK_FACTORS,773840,HONEYWELL INTERNATIONAL INC,10-K,2019-02-08,fix1_ladder_recovered,FAIL,FLAGGED,item_absent_from_toc,toc_recovered_f2,low,low,none,heading_regex_toc_present,0,4164
0000936402-18-000013,MDA,936402,Shire plc,10-Q,2018-04-26,fix1_ladder_recovered,FAIL,FLAGGED,item_absent_from_toc,toc_recovered_f1,low,medium,none,anchor_resolving_entry,0,3438
0000936402-18-000013,RISK_FACTORS,936402,Shire plc,10-Q,2018-04-26,fix1_ladder_recovered,EXPECTED_ABSENT,FLAGGED,item_absent_from_toc,toc_recovered_f1,low,medium,none,anchor_resolving_entry,0,484
0000950103-16-015416,MDA,936402,Shire plc,10-Q,2016-08-05,fix4_n5_floor_rescue,FLAGGED,FLAGGED,below_length_floor,heading_regex_fallback,low,low,heading_regex,heading_regex,856,12582
0001001039-15-000206,MDA,1001039,TWDC Enterprises 18 Corp.,10-Q,2015-08-04,fix4_n5_floor_rescue,FLAGGED,FLAGGED,below_length_floor,heading_regex_fallback,low,low,heading_regex,heading_regex,13,13787
0001001039-16-000362,MDA,1001039,TWDC Enterprises 18 Corp.,10-Q,2016-02-09,fix4_n5_floor_rescue,FLAGGED,FLAGGED,below_length_floor,heading_regex_fallback,low,low,heading_regex,heading_regex,13,8792
0001001039-16-000418,MDA,1001039,TWDC Enterprises 18 Corp.,10-Q,2016-05-10,fix4_n5_floor_rescue,FLAGGED,FLAGGED,below_length_floor,heading_regex_fallback,low,low,heading_regex,heading_regex,13,12182
0001001039-16-000468,MDA,1001039,TWDC Enterprises 18 Corp.,10-Q,2016-08-09,fix4_n5_floor_rescue,FLAGGED,FLAGGED,below_length_floor,heading_regex_fallback,low,low,heading_regex,heading_regex,13,12357
0001001039-17-000046,MDA,1001039,TWDC Enterprises 18 Corp.,10-Q,2017-02-07,fix4_n5_floor_rescue,FLAGGED,FLAGGED,below_length_floor,heading_regex_fallback,low,low,heading_regex,heading_regex,13,8569
0001001039-17-000092,MDA,1001039,TWDC Enterprises 18 Corp.,10-Q,2017-05-09,fix4_n5_floor_rescue,FLAGGED,FLAGGED,below_length_floor,heading_regex_fallback,low,low,heading_regex,heading_regex,13,12378
0001001039-17-000141,MDA,1001039,TWDC Enterprises 18 Corp.,10-Q,2017-08-08,fix4_n5_floor_rescue,FLAGGED,FLAGGED,below_length_floor,heading_regex_fallback,low,low,heading_regex,heading_regex,13,12706
0001001039-18-000079,MDA,1001039,TWDC Enterprises 18 Corp.,10-Q,2018-05-08,fix4_n5_floor_rescue,FLAGGED,FLAGGED,below_length_floor,heading_regex_fallback,low,low,heading_regex,heading_regex,13,12623
0001001039-18-000134,MDA,1001039,TWDC Enterprises 18 Corp.,10-Q,2018-08-07,fix4_n5_floor_rescue,FLAGGED,FLAGGED,below_length_floor,heading_regex_fallback,low,low,heading_regex,heading_regex,13,12962
0001001250-20-000033,RISK_FACTORS,1001250,ESTEE LAUDER COMPANIES INC,10-Q,2020-05-01,fix2_status_rename,EXPECTED_ABSENT,ITEM_ABSENT_FROM_TOC,item_absent_from_toc,item_absent_from_toc,low,low,none,none,0,0
0001001250-20-000107,RISK_FACTORS,1001250,ESTEE LAUDER COMPANIES INC,10-Q,2020-11-02,fix2_status_rename,EXPECTED_ABSENT,ITEM_ABSENT_FROM_TOC,item_absent_from_toc,item_absent_from_toc,low,low,none,none,0,0
0001001250-21-000010,RISK_FACTORS,1001250,ESTEE LAUDER COMPANIES INC,10-Q,2021-02-05,fix2_status_rename,EXPECTED_ABSENT,ITEM_ABSENT_FROM_TOC,item_absent_from_toc,item_absent_from_toc,low,low,none,none,0,0
0001001250-21-000062,RISK_FACTORS,1001250,ESTEE LAUDER COMPANIES INC,10-Q,2021-05-03,fix2_status_rename,EXPECTED_ABSENT,ITEM_ABSENT_FROM_TOC,item_absent_from_toc,item_absent_from_toc,low,low,none,none,0,0
0001001250-21-000174,RISK_FACTORS,1001250,ESTEE LAUDER COMPANIES INC,10-Q,2021-11-02,fix2_status_rename,EXPECTED_ABSENT,ITEM_ABSENT_FROM_TOC,item_absent_from_toc,item_absent_from_toc,low,low,none,none,0,0
0001001250-22-000006,RISK_FACTORS,1001250,ESTEE LAUDER COMPANIES INC,10-Q,2022-02-03,fix2_status_rename,EXPECTED_ABSENT,ITEM_ABSENT_FROM_TOC,item_absent_from_toc,item_absent_from_toc,low,low,none,none,0,0
0001001250-22-000055,RISK_FACTORS,1001250,ESTEE LAUDER COMPANIES INC,10-Q,2022-05-03,fix2_status_rename,EXPECTED_ABSENT,ITEM_ABSENT_FROM_TOC,item_absent_from_toc,item_absent_from_toc,low,low,none,none,0,0
0001001250-22-000182,RISK_FACTORS,1001250,ESTEE LAUDER COMPANIES INC,10-Q,2022-11-02,fix2_status_rename,EXPECTED_ABSENT,ITEM_ABSENT_FROM_TOC,item_absent_from_toc,item_absent_from_toc,low,low,none,none,0,0
0001001250-23-000010,RISK_FACTORS,1001250,ESTEE LAUDER COMPANIES INC,10-Q,2023-02-02,fix2_status_rename,EXPECTED_ABSENT,ITEM_ABSENT_FROM_TOC,item_absent_from_toc,item_absent_from_toc,low,low,none,none,0,0
0001001250-23-000054,RISK_FACTORS,1001250,ESTEE LAUDER COMPANIES INC,10-Q,2023-05-03,fix2_status_rename,EXPECTED_ABSENT,ITEM_ABSENT_FROM_TOC,item_absent_from_toc,item_absent_from_toc,low,low,none,none,0,0
0001001250-23-000177,RISK_FACTORS,1001250,ESTEE LAUDER COMPANIES INC,10-Q,2023-11-01,fix2_status_rename,EXPECTED_ABSENT,ITEM_ABSENT_FROM_TOC,item_absent_from_toc,item_absent_from_toc,low,low,none,none,0,0
0001001250-24-000007,RISK_FACTORS,1001250,ESTEE LAUDER COMPANIES INC,10-Q,2024-02-05,fix2_status_rename,EXPECTED_ABSENT,ITEM_ABSENT_FROM_TOC,item_absent_from_toc,item_absent_from_toc,low,low,none,none,0,0
0001001250-24-000049,RISK_FACTORS,1001250,ESTEE LAUDER COMPANIES INC,10-Q,2024-05-01,fix2_status_rename,EXPECTED_ABSENT,ITEM_ABSENT_FROM_TOC,item_absent_from_toc,item_absent_from_toc,low,low,none,none,0,0
0001001250-24-000177,RISK_FACTORS,1001250,ESTEE LAUDER COMPANIES INC,10-Q,2024-10-31,fix2_status_rename,EXPECTED_ABSENT,ITEM_ABSENT_FROM_TOC,item_absent_from_toc,item_absent_from_toc,low,low,none,none,0,0
0001001250-25-000011,RISK_FACTORS,1001250,ESTEE LAUDER COMPANIES INC,10-Q,2025-02-04,fix2_status_rename,EXPECTED_ABSENT,ITEM_ABSENT_FROM_TOC,item_absent_from_toc,item_absent_from_toc,low,low,none,none,0,0
0001001250-25-000060,RISK_FACTORS,1001250,ESTEE LAUDER COMPANIES INC,10-Q,2025-05-01,fix2_status_rename,EXPECTED_ABSENT,ITEM_ABSENT_FROM_TOC,item_absent_from_toc,item_absent_from_toc,low,low,none,none,0,0
0001001250-25-000109,RISK_FACTORS,1001250,ESTEE LAUDER COMPANIES INC,10-Q,2025-10-30,fix2_status_rename,EXPECTED_ABSENT,ITEM_ABSENT_FROM_TOC,item_absent_from_toc,item_absent_from_toc,low,low,none,none,0,0
0001001250-26-000006,RISK_FACTORS,1001250,ESTEE LAUDER COMPANIES INC,10-Q,2026-02-05,fix2_status_rename,EXPECTED_ABSENT,ITEM_ABSENT_FROM_TOC,item_absent_from_toc,item_absent_from_toc,low,low,none,none,0,0
0001001250-26-000019,RISK_FACTORS,1001250,ESTEE LAUDER COMPANIES INC,10-Q,2026-05-01,fix2_status_rename,EXPECTED_ABSENT,ITEM_ABSENT_FROM_TOC,item_absent_from_toc,item_absent_from_toc,low,low,none,none,0,0
0001034054-15-000012,MDA,1034054,SBA COMMUNICATIONS CORP,10-Q,2015-08-06,fix2_body_heading_mark,FAIL,FAIL,item_absent_from_toc,item_absent_from_toc,low,low,none,none,0,0
0001034054-15-000012,RISK_FACTORS,1034054,SBA COMMUNICATIONS CORP,10-Q,2015-08-06,fix2_status_rename,EXPECTED_ABSENT,ITEM_ABSENT_FROM_TOC,item_absent_from_toc,item_absent_from_toc,low,low,none,none,0,0
0001034054-15-000015,MDA,1034054,SBA COMMUNICATIONS CORP,10-Q,2015-11-09,fix2_body_heading_mark,FAIL,FAIL,item_absent_from_toc,item_absent_from_toc,low,low,none,none,0,0
0001034054-15-000015,RISK_FACTORS,1034054,SBA COMMUNICATIONS CORP,10-Q,2015-11-09,fix2_status_rename,EXPECTED_ABSENT,ITEM_ABSENT_FROM_TOC,item_absent_from_toc,item_absent_from_toc,low,low,none,none,0,0
0001034054-16-000020,MDA,1034054,SBA COMMUNICATIONS CORP,10-Q,2016-05-10,fix2_body_heading_mark,FAIL,FAIL,item_absent_from_toc,item_absent_from_toc,low,low,none,none,0,0
0001034054-16-000020,RISK_FACTORS,1034054,SBA COMMUNICATIONS CORP,10-Q,2016-05-10,fix2_status_rename,EXPECTED_ABSENT,ITEM_ABSENT_FROM_TOC,item_absent_from_toc,item_absent_from_toc,low,low,none,none,0,0
0001034054-16-000022,RISK_FACTORS,1034054,SBA COMMUNICATIONS CORP,10-Q,2016-08-09,fix2_body_heading_mark,EXPECTED_ABSENT,ITEM_ABSENT_FROM_TOC,item_absent_from_toc,item_absent_from_toc,low,low,none,none,0,0
0001034054-16-000025,RISK_FACTORS,1034054,SBA COMMUNICATIONS CORP,10-Q,2016-11-09,fix2_body_heading_mark,EXPECTED_ABSENT,ITEM_ABSENT_FROM_TOC,item_absent_from_toc,item_absent_from_toc,low,low,none,none,0,0
0001034054-17-000006,RISK_FACTORS,1034054,SBA COMMUNICATIONS CORP,10-Q,2017-05-08,fix2_status_rename,EXPECTED_ABSENT,ITEM_ABSENT_FROM_TOC,item_absent_from_toc,item_absent_from_toc,low,low,none,none,0,0
0001034054-17-000008,RISK_FACTORS,1034054,SBA COMMUNICATIONS CORP,10-Q,2017-08-04,fix2_status_rename,EXPECTED_ABSENT,ITEM_ABSENT_FROM_TOC,item_absent_from_toc,item_absent_from_toc,low,low,none,none,0,0
0001034054-17-000010,RISK_FACTORS,1034054,SBA COMMUNICATIONS CORP,10-Q,2017-11-07,fix2_status_rename,EXPECTED_ABSENT,ITEM_ABSENT_FROM_TOC,item_absent_from_toc,item_absent_from_toc,low,low,none,none,0,0
0001034054-18-000007,RISK_FACTORS,1034054,SBA COMMUNICATIONS CORP,10-Q,2018-05-07,fix2_status_rename,EXPECTED_ABSENT,ITEM_ABSENT_FROM_TOC,item_absent_from_toc,item_absent_from_toc,low,low,none,none,0,0
0001034054-18-000016,RISK_FACTORS,1034054,SBA COMMUNICATIONS CORP,10-Q,2018-08-06,fix2_status_rename,EXPECTED_ABSENT,ITEM_ABSENT_FROM_TOC,item_absent_from_toc,item_absent_from_toc,low,low,none,none,0,0
0001034054-18-000018,RISK_FACTORS,1034054,SBA COMMUNICATIONS CORP,10-Q,2018-11-08,fix2_status_rename,EXPECTED_ABSENT,ITEM_ABSENT_FROM_TOC,item_absent_from_toc,item_absent_from_toc,low,low,none,none,0,0
0001034054-19-000004,RISK_FACTORS,1034054,SBA COMMUNICATIONS CORP,10-Q,2019-05-09,fix2_status_rename,EXPECTED_ABSENT,ITEM_ABSENT_FROM_TOC,item_absent_from_toc,item_absent_from_toc,low,low,none,none,0,0
0001034054-19-000008,RISK_FACTORS,1034054,SBA COMMUNICATIONS CORP,10-Q,2019-08-06,fix2_status_rename,EXPECTED_ABSENT,ITEM_ABSENT_FROM_TOC,item_absent_from_toc,item_absent_from_toc,low,low,none,none,0,0
0001034054-19-000011,RISK_FACTORS,1034054,SBA COMMUNICATIONS CORP,10-Q,2019-11-07,fix2_status_rename,EXPECTED_ABSENT,ITEM_ABSENT_FROM_TOC,item_absent_from_toc,item_absent_from_toc,low,low,none,none,0,0
0001034054-21-000005,RISK_FACTORS,1034054,SBA COMMUNICATIONS CORP,10-Q,2021-05-06,fix2_status_rename,EXPECTED_ABSENT,ITEM_ABSENT_FROM_TOC,item_absent_from_toc,item_absent_from_toc,low,low,none,none,0,0
0001034054-21-000007,RISK_FACTORS,1034054,SBA COMMUNICATIONS CORP,10-Q,2021-08-05,fix2_status_rename,EXPECTED_ABSENT,ITEM_ABSENT_FROM_TOC,item_absent_from_toc,item_absent_from_toc,low,low,none,none,0,0
0001034054-21-000011,RISK_FACTORS,1034054,SBA COMMUNICATIONS CORP,10-Q,2021-11-05,fix2_status_rename,EXPECTED_ABSENT,ITEM_ABSENT_FROM_TOC,item_absent_from_toc,item_absent_from_toc,low,low,none,none,0,0
0001034054-22-000004,RISK_FACTORS,1034054,SBA COMMUNICATIONS CORP,10-Q,2022-04-29,fix2_status_rename,EXPECTED_ABSENT,ITEM_ABSENT_FROM_TOC,item_absent_from_toc,item_absent_from_toc,low,low,none,none,0,0
0001034054-22-000006,RISK_FACTORS,1034054,SBA COMMUNICATIONS CORP,10-Q,2022-08-04,fix2_status_rename,EXPECTED_ABSENT,ITEM_ABSENT_FROM_TOC,item_absent_from_toc,item_absent_from_toc,low,low,none,none,0,0
0001034054-22-000008,RISK_FACTORS,1034054,SBA COMMUNICATIONS CORP,10-Q,2022-11-03,fix2_status_rename,EXPECTED_ABSENT,ITEM_ABSENT_FROM_TOC,item_absent_from_toc,item_absent_from_toc,low,low,none,none,0,0
0001034054-23-000004,RISK_FACTORS,1034054,SBA COMMUNICATIONS CORP,10-Q,2023-05-09,fix2_status_rename,EXPECTED_ABSENT,ITEM_ABSENT_FROM_TOC,item_absent_from_toc,item_absent_from_toc,low,low,none,none,0,0
0001034054-23-000006,RISK_FACTORS,1034054,SBA COMMUNICATIONS CORP,10-Q,2023-08-03,fix2_status_rename,EXPECTED_ABSENT,ITEM_ABSENT_FROM_TOC,item_absent_from_toc,item_absent_from_toc,low,low,none,none,0,0
0001034054-23-000008,RISK_FACTORS,1034054,SBA COMMUNICATIONS CORP,10-Q,2023-11-07,fix2_status_rename,EXPECTED_ABSENT,ITEM_ABSENT_FROM_TOC,item_absent_from_toc,item_absent_from_toc,low,low,none,none,0,0
0001034054-24-000005,RISK_FACTORS,1034054,SBA COMMUNICATIONS CORP,10-Q,2024-05-06,fix2_status_rename,EXPECTED_ABSENT,ITEM_ABSENT_FROM_TOC,item_absent_from_toc,item_absent_from_toc,low,low,none,none,0,0
0001034054-24-000009,RISK_FACTORS,1034054,SBA COMMUNICATIONS CORP,10-Q,2024-08-02,fix2_status_rename,EXPECTED_ABSENT,ITEM_ABSENT_FROM_TOC,item_absent_from_toc,item_absent_from_toc,low,low,none,none,0,0
0001034054-24-000012,RISK_FACTORS,1034054,SBA COMMUNICATIONS CORP,10-Q,2024-11-01,fix2_status_rename,EXPECTED_ABSENT,ITEM_ABSENT_FROM_TOC,item_absent_from_toc,item_absent_from_toc,low,low,none,none,0,0
0001034054-25-000004,RISK_FACTORS,1034054,SBA COMMUNICATIONS CORP,10-Q,2025-05-01,fix2_status_rename,EXPECTED_ABSENT,ITEM_ABSENT_FROM_TOC,item_absent_from_toc,item_absent_from_toc,low,low,none,none,0,0
0001034054-25-000008,RISK_FACTORS,1034054,SBA COMMUNICATIONS CORP,10-Q,2025-08-07,fix2_status_rename,EXPECTED_ABSENT,ITEM_ABSENT_FROM_TOC,item_absent_from_toc,item_absent_from_toc,low,low,none,none,0,0
0001034054-25-000010,RISK_FACTORS,1034054,SBA COMMUNICATIONS CORP,10-Q,2025-11-06,fix2_status_rename,EXPECTED_ABSENT,ITEM_ABSENT_FROM_TOC,item_absent_from_toc,item_absent_from_toc,low,low,none,none,0,0
0001034054-26-000009,RISK_FACTORS,1034054,SBA COMMUNICATIONS CORP,10-Q,2026-05-05,fix2_status_rename,EXPECTED_ABSENT,ITEM_ABSENT_FROM_TOC,item_absent_from_toc,item_absent_from_toc,low,low,none,none,0,0
0001034054-26-000011,RISK_FACTORS,1034054,SBA COMMUNICATIONS CORP,10-Q,2026-08-06,fix2_status_rename,EXPECTED_ABSENT,ITEM_ABSENT_FROM_TOC,item_absent_from_toc,item_absent_from_toc,low,low,none,none,0,0
0001047469-15-009300,MDA,315189,DEERE & CO,10-K,2015-12-18,fix2_body_heading_mark,FAIL,FAIL,item_absent_from_toc,item_absent_from_toc,low,low,none,none,0,0
0001047469-15-009300,RISK_FACTORS,315189,DEERE & CO,10-K,2015-12-18,fix2_body_heading_mark,FAIL,FAIL,item_absent_from_toc,item_absent_from_toc,low,low,none,none,0,0
0001047469-16-010107,MDA,86312,"TRAVELERS COMPANIES, INC.",10-K,2016-02-11,fix2_body_heading_mark,FAIL,FAIL,item_absent_from_toc,item_absent_from_toc,low,low,none,none,0,0
0001047469-16-010246,RISK_FACTORS,1800,ABBOTT LABORATORIES,10-K,2016-02-19,fix4_n5_floor_rescue,FLAGGED,FLAGGED,below_length_floor,heading_regex_fallback,low,low,heading_regex,heading_regex,83,3817
0001047469-16-017244,MDA,315189,DEERE & CO,10-K,2016-12-19,fix2_body_heading_mark,FAIL,FAIL,item_absent_from_toc,item_absent_from_toc,low,low,none,none,0,0
0001047469-16-017244,RISK_FACTORS,315189,DEERE & CO,10-K,2016-12-19,fix2_body_heading_mark,FAIL,FAIL,item_absent_from_toc,item_absent_from_toc,low,low,none,none,0,0
0001047469-17-000695,MDA,86312,"TRAVELERS COMPANIES, INC.",10-K,2017-02-16,fix2_body_heading_mark,FAIL,FAIL,item_absent_from_toc,item_absent_from_toc,low,low,none,none,0,0
0001047469-17-000744,RISK_FACTORS,1800,ABBOTT LABORATORIES,10-K,2017-02-17,fix4_n5_floor_rescue,FLAGGED,FLAGGED,below_length_floor,heading_regex_fallback,low,low,heading_regex,heading_regex,83,4077
0001047469-18-000812,MDA,86312,"TRAVELERS COMPANIES, INC.",10-K,2018-02-15,fix2_body_heading_mark,FAIL,FAIL,item_absent_from_toc,item_absent_from_toc,low,low,none,none,0,0
0001047469-18-000856,RISK_FACTORS,1800,ABBOTT LABORATORIES,10-K,2018-02-16,fix4_n5_floor_rescue,FLAGGED,FLAGGED,below_length_floor,heading_regex_fallback,low,low,heading_regex,heading_regex,83,3654
0001047469-19-000624,RISK_FACTORS,1800,ABBOTT LABORATORIES,10-K,2019-02-22,fix4_n5_floor_rescue,FLAGGED,FLAGGED,below_length_floor,heading_regex_fallback,low,low,heading_regex,heading_regex,83,3741
0001065088-15-000186,MDA,1065088,EBAY INC,10-Q,2015-07-21,fix4_n5_floor_rescue,FLAGGED,FLAGGED,below_length_floor,heading_regex_fallback,low,low,heading_regex,heading_regex,595,10140
0001065088-15-000252,MDA,1065088,EBAY INC,10-Q,2015-10-28,fix4_n5_floor_rescue,FLAGGED,FLAGGED,below_length_floor,heading_regex_fallback,low,low,heading_regex,heading_regex,531,8424
0001065088-16-000296,MDA,1065088,EBAY INC,10-Q,2016-04-27,fix4_n5_floor_rescue,FLAGGED,FLAGGED,below_length_floor,heading_regex_fallback,low,low,heading_regex,heading_regex,594,7284
0001065088-16-000317,MDA,1065088,EBAY INC,10-Q,2016-07-21,fix4_n5_floor_rescue,FLAGGED,FLAGGED,below_length_floor,heading_regex_fallback,low,low,heading_regex,heading_regex,499,9412
0001104659-15-054796,RISK_FACTORS,701221,Cigna Holding Co,10-Q,2015-07-30,fix2_body_heading_mark,EXPECTED_ABSENT,ITEM_ABSENT_FROM_TOC,item_absent_from_toc,item_absent_from_toc,low,low,none,none,0,0
0001104659-15-054841,RISK_FACTORS,726728,REALTY INCOME CORP,10-Q,2015-07-30,fix2_status_rename,EXPECTED_ABSENT,ITEM_ABSENT_FROM_TOC,item_absent_from_toc,item_absent_from_toc,low,low,none,none,0,0
0001104659-15-055905,RISK_FACTORS,1800,ABBOTT LABORATORIES,10-Q,2015-08-04,fix2_status_rename,EXPECTED_ABSENT,ITEM_ABSENT_FROM_TOC,item_absent_from_toc,item_absent_from_toc,low,low,none,none,0,0
0001104659-15-057641,RISK_FACTORS,1551152,AbbVie Inc.,10-Q,2015-08-07,fix2_body_heading_mark,EXPECTED_ABSENT,ITEM_ABSENT_FROM_TOC,item_absent_from_toc,item_absent_from_toc,low,low,none,none,0,0
0001104659-15-074070,RISK_FACTORS,726728,REALTY INCOME CORP,10-Q,2015-10-29,fix2_status_rename,EXPECTED_ABSENT,ITEM_ABSENT_FROM_TOC,item_absent_from_toc,item_absent_from_toc,low,low,none,none,0,0
0001104659-15-074840,RISK_FACTORS,1001250,ESTEE LAUDER COMPANIES INC,10-Q,2015-11-02,fix2_status_rename,EXPECTED_ABSENT,ITEM_ABSENT_FROM_TOC,item_absent_from_toc,item_absent_from_toc,low,low,none,none,0,0
0001104659-15-076189,RISK_FACTORS,1800,ABBOTT LABORATORIES,10-Q,2015-11-05,fix2_status_rename,EXPECTED_ABSENT,ITEM_ABSENT_FROM_TOC,item_absent_from_toc,item_absent_from_toc,low,low,none,none,0,0
0001104659-15-076424,RISK_FACTORS,701221,Cigna Holding Co,10-Q,2015-11-06,fix2_body_heading_mark,EXPECTED_ABSENT,ITEM_ABSENT_FROM_TOC,item_absent_from_toc,item_absent_from_toc,low,low,none,none,0,0
0001104659-15-076607,RISK_FACTORS,1551152,AbbVie Inc.,10-Q,2015-11-06,fix2_status_rename,EXPECTED_ABSENT,ITEM_ABSENT_FROM_TOC,item_absent_from_toc,item_absent_from_toc,low,low,none,none,0,0
0001104659-16-094265,RISK_FACTORS,1001250,ESTEE LAUDER COMPANIES INC,10-Q,2016-02-05,fix2_status_rename,EXPECTED_ABSENT,ITEM_ABSENT_FROM_TOC,item_absent_from_toc,item_absent_from_toc,low,low,none,none,0,0
0001104659-16-114676,RISK_FACTORS,726728,REALTY INCOME CORP,10-Q,2016-04-27,fix2_status_rename,EXPECTED_ABSENT,ITEM_ABSENT_FROM_TOC,item_absent_from_toc,item_absent_from_toc,low,low,none,none,0,0
0001104659-16-117119,RISK_FACTORS,1001250,ESTEE LAUDER COMPANIES INC,10-Q,2016-05-03,fix2_status_rename,EXPECTED_ABSENT,ITEM_ABSENT_FROM_TOC,item_absent_from_toc,item_absent_from_toc,low,low,none,none,0,0
0001104659-16-117710,RISK_FACTORS,1800,ABBOTT LABORATORIES,10-Q,2016-05-04,fix2_status_rename,EXPECTED_ABSENT,ITEM_ABSENT_FROM_TOC,item_absent_from_toc,item_absent_from_toc,low,low,none,none,0,0
0001104659-16-118534,RISK_FACTORS,701221,Cigna Holding Co,10-Q,2016-05-06,fix2_body_heading_mark,EXPECTED_ABSENT,ITEM_ABSENT_FROM_TOC,item_absent_from_toc,item_absent_from_toc,low,low,none,none,0,0
0001104659-16-118639,RISK_FACTORS,1551152,AbbVie Inc.,10-Q,2016-05-06,fix2_status_rename,EXPECTED_ABSENT,ITEM_ABSENT_FROM_TOC,item_absent_from_toc,item_absent_from_toc,low,low,none,none,0,0
0001104659-16-134367,RISK_FACTORS,51143,INTERNATIONAL BUSINESS MACHINES CORP,10-Q,2016-07-26,fix2_status_rename,EXPECTED_ABSENT,ITEM_ABSENT_FROM_TOC,item_absent_from_toc,item_absent_from_toc,low,low,none,none,0,0
0001104659-16-134971,RISK_FACTORS,726728,REALTY INCOME CORP,10-Q,2016-07-28,fix2_status_rename,EXPECTED_ABSENT,ITEM_ABSENT_FROM_TOC,item_absent_from_toc,item_absent_from_toc,low,low,none,none,0,0
0001104659-16-135285,RISK_FACTORS,701221,Cigna Holding Co,10-Q,2016-07-29,fix2_body_heading_mark,EXPECTED_ABSENT,ITEM_ABSENT_FROM_TOC,item_absent_from_toc,item_absent_from_toc,low,low,none,none,0,0
0001104659-16-137453,RISK_FACTORS,1551152,AbbVie Inc.,10-Q,2016-08-05,fix2_status_rename,EXPECTED_ABSENT,ITEM_ABSENT_FROM_TOC,item_absent_from_toc,item_absent_from_toc,low,low,none,none,0,0
0001104659-16-151931,RISK_FACTORS,51143,INTERNATIONAL BUSINESS MACHINES CORP,10-Q,2016-10-25,fix2_status_rename,EXPECTED_ABSENT,ITEM_ABSENT_FROM_TOC,item_absent_from_toc,item_absent_from_toc,low,low,none,none,0,0
0001104659-16-152187,RISK_FACTORS,726728,REALTY INCOME CORP,10-Q,2016-10-26,fix2_status_rename,EXPECTED_ABSENT,ITEM_ABSENT_FROM_TOC,item_absent_from_toc,item_absent_from_toc,low,low,none,none,0,0
0001104659-16-154197,RISK_FACTORS,1001250,ESTEE LAUDER COMPANIES INC,10-Q,2016-11-02,fix2_status_rename,EXPECTED_ABSENT,ITEM_ABSENT_FROM_TOC,item_absent_from_toc,item_absent_from_toc,low,low,none,none,0,0
0001104659-16-154504,RISK_FACTORS,701221,Cigna Holding Co,10-Q,2016-11-03,fix2_body_heading_mark,EXPECTED_ABSENT,ITEM_ABSENT_FROM_TOC,item_absent_from_toc,item_absent_from_toc,low,low,none,none,0,0
0001104659-16-154583,RISK_FACTORS,1800,ABBOTT LABORATORIES,10-Q,2016-11-03,fix2_status_rename,EXPECTED_ABSENT,ITEM_ABSENT_FROM_TOC,item_absent_from_toc,item_absent_from_toc,low,low,none,none,0,0
0001104659-17-006054,RISK_FACTORS,1001250,ESTEE LAUDER COMPANIES INC,10-Q,2017-02-02,fix2_status_rename,EXPECTED_ABSENT,ITEM_ABSENT_FROM_TOC,item_absent_from_toc,item_absent_from_toc,low,low,none,none,0,0
0001104659-17-025881,RISK_FACTORS,51143,INTERNATIONAL BUSINESS MACHINES CORP,10-Q,2017-04-25,fix2_status_rename,EXPECTED_ABSENT,ITEM_ABSENT_FROM_TOC,item_absent_from_toc,item_absent_from_toc,low,low,none,none,0,0
0001104659-17-026354,RISK_FACTORS,726728,REALTY INCOME CORP,10-Q,2017-04-26,fix2_status_rename,EXPECTED_ABSENT,ITEM_ABSENT_FROM_TOC,item_absent_from_toc,item_absent_from_toc,low,low,none,none,0,0
0001104659-17-029271,RISK_FACTORS,1001250,ESTEE LAUDER COMPANIES INC,10-Q,2017-05-03,fix2_status_rename,EXPECTED_ABSENT,ITEM_ABSENT_FROM_TOC,item_absent_from_toc,item_absent_from_toc,low,low,none,none,0,0
0001104659-17-029430,RISK_FACTORS,1800,ABBOTT LABORATORIES,10-Q,2017-05-03,fix2_status_rename,EXPECTED_ABSENT,ITEM_ABSENT_FROM_TOC,item_absent_from_toc,item_absent_from_toc,low,low,none,none,0,0
0001104659-17-030101,RISK_FACTORS,701221,Cigna Holding Co,10-Q,2017-05-05,fix2_body_heading_mark,EXPECTED_ABSENT,ITEM_ABSENT_FROM_TOC,item_absent_from_toc,item_absent_from_toc,low,low,none,none,0,0
0001104659-17-046808,RISK_FACTORS,51143,INTERNATIONAL BUSINESS MACHINES CORP,10-Q,2017-07-25,fix2_status_rename,EXPECTED_ABSENT,ITEM_ABSENT_FROM_TOC,item_absent_from_toc,item_absent_from_toc,low,low,none,none,0,0
0001104659-17-047373,RISK_FACTORS,726728,REALTY INCOME CORP,10-Q,2017-07-27,fix2_status_rename,EXPECTED_ABSENT,ITEM_ABSENT_FROM_TOC,item_absent_from_toc,item_absent_from_toc,low,low,none,none,0,0
0001104659-17-048855,RISK_FACTORS,1800,ABBOTT LABORATORIES,10-Q,2017-08-02,fix2_status_rename,EXPECTED_ABSENT,ITEM_ABSENT_FROM_TOC,item_absent_from_toc,item_absent_from_toc,low,low,none,none,0,0
0001104659-17-049513,RISK_FACTORS,701221,Cigna Holding Co,10-Q,2017-08-04,fix2_body_heading_mark,EXPECTED_ABSENT,ITEM_ABSENT_FROM_TOC,item_absent_from_toc,item_absent_from_toc,low,low,none,none,0,0
0001104659-17-064025,RISK_FACTORS,726728,REALTY INCOME CORP,10-Q,2017-10-26,fix2_status_rename,EXPECTED_ABSENT,ITEM_ABSENT_FROM_TOC,item_absent_from_toc,item_absent_from_toc,low,low,none,none,0,0
0001104659-17-064968,RISK_FACTORS,51143,INTERNATIONAL BUSINESS MACHINES CORP,10-Q,2017-10-31,fix2_status_rename,EXPECTED_ABSENT,ITEM_ABSENT_FROM_TOC,item_absent_from_toc,item_absent_from_toc,low,low,none,none,0,0
0001104659-17-065144,RISK_FACTORS,1001250,ESTEE LAUDER COMPANIES INC,10-Q,2017-11-01,fix2_status_rename,EXPECTED_ABSENT,ITEM_ABSENT_FROM_TOC,item_absent_from_toc,item_absent_from_toc,low,low,none,none,0,0
0001104659-17-065484,RISK_FACTORS,701221,Cigna Holding Co,10-Q,2017-11-02,fix2_body_heading_mark,EXPECTED_ABSENT,ITEM_ABSENT_FROM_TOC,item_absent_from_toc,item_absent_from_toc,low,low,none,none,0,0
0001104659-17-065654,RISK_FACTORS,1800,ABBOTT LABORATORIES,10-Q,2017-11-02,fix2_status_rename,EXPECTED_ABSENT,ITEM_ABSENT_FROM_TOC,item_absent_from_toc,item_absent_from_toc,low,low,none,none,0,0
0001104659-18-006059,RISK_FACTORS,1001250,ESTEE LAUDER COMPANIES INC,10-Q,2018-02-02,fix2_status_rename,EXPECTED_ABSENT,ITEM_ABSENT_FROM_TOC,item_absent_from_toc,item_absent_from_toc,low,low,none,none,0,0
0001104659-18-026178,RISK_FACTORS,51143,INTERNATIONAL BUSINESS MACHINES CORP,10-Q,2018-04-24,fix2_status_rename,EXPECTED_ABSENT,ITEM_ABSENT_FROM_TOC,item_absent_from_toc,item_absent_from_toc,low,low,none,none,0,0
0001104659-18-029710,RISK_FACTORS,1001250,ESTEE LAUDER COMPANIES INC,10-Q,2018-05-02,fix2_status_rename,EXPECTED_ABSENT,ITEM_ABSENT_FROM_TOC,item_absent_from_toc,item_absent_from_toc,low,low,none,none,0,0
0001104659-18-029831,RISK_FACTORS,1800,ABBOTT LABORATORIES,10-Q,2018-05-02,fix2_status_rename,EXPECTED_ABSENT,ITEM_ABSENT_FROM_TOC,item_absent_from_toc,item_absent_from_toc,low,low,none,none,0,0
0001104659-18-030187,RISK_FACTORS,701221,Cigna Holding Co,10-Q,2018-05-03,fix2_body_heading_mark,EXPECTED_ABSENT,ITEM_ABSENT_FROM_TOC,item_absent_from_toc,item_absent_from_toc,low,low,none,none,0,0
0001104659-18-031721,RISK_FACTORS,726728,REALTY INCOME CORP,10-Q,2018-05-09,fix2_status_rename,EXPECTED_ABSENT,ITEM_ABSENT_FROM_TOC,item_absent_from_toc,item_absent_from_toc,low,low,none,none,0,0
0001104659-18-048404,RISK_FACTORS,51143,INTERNATIONAL BUSINESS MACHINES CORP,10-Q,2018-07-31,fix2_status_rename,EXPECTED_ABSENT,ITEM_ABSENT_FROM_TOC,item_absent_from_toc,item_absent_from_toc,low,low,none,none,0,0
0001104659-18-048736,RISK_FACTORS,1800,ABBOTT LABORATORIES,10-Q,2018-08-01,fix2_status_rename,EXPECTED_ABSENT,ITEM_ABSENT_FROM_TOC,item_absent_from_toc,item_absent_from_toc,low,low,none,none,0,0
0001104659-18-049062,RISK_FACTORS,701221,Cigna Holding Co,10-Q,2018-08-02,fix2_body_heading_mark,EXPECTED_ABSENT,ITEM_ABSENT_FROM_TOC,item_absent_from_toc,item_absent_from_toc,low,low,none,none,0,0
0001104659-18-064673,RISK_FACTORS,51143,INTERNATIONAL BUSINESS MACHINES CORP,10-Q,2018-10-30,fix2_status_rename,EXPECTED_ABSENT,ITEM_ABSENT_FROM_TOC,item_absent_from_toc,item_absent_from_toc,low,low,none,none,0,0
0001104659-18-065017,RISK_FACTORS,1001250,ESTEE LAUDER COMPANIES INC,10-Q,2018-10-31,fix2_status_rename,EXPECTED_ABSENT,ITEM_ABSENT_FROM_TOC,item_absent_from_toc,item_absent_from_toc,low,low,none,none,0,0
0001104659-18-065076,RISK_FACTORS,1800,ABBOTT LABORATORIES,10-Q,2018-10-31,fix2_status_rename,EXPECTED_ABSENT,ITEM_ABSENT_FROM_TOC,item_absent_from_toc,item_absent_from_toc,low,low,none,none,0,0
0001104659-18-065339,RISK_FACTORS,701221,Cigna Holding Co,10-Q,2018-11-01,fix2_body_heading_mark,EXPECTED_ABSENT,ITEM_ABSENT_FROM_TOC,item_absent_from_toc,item_absent_from_toc,low,low,none,none,0,0
0001104659-19-005765,RISK_FACTORS,1001250,ESTEE LAUDER COMPANIES INC,10-Q,2019-02-05,fix2_status_rename,EXPECTED_ABSENT,ITEM_ABSENT_FROM_TOC,item_absent_from_toc,item_absent_from_toc,low,low,none,none,0,0
0001104659-19-025328,RISK_FACTORS,51143,INTERNATIONAL BUSINESS MACHINES CORP,10-Q,2019-04-30,fix2_status_rename,EXPECTED_ABSENT,ITEM_ABSENT_FROM_TOC,item_absent_from_toc,item_absent_from_toc,low,low,none,none,0,0
0001104659-19-025836,RISK_FACTORS,1001250,ESTEE LAUDER COMPANIES INC,10-Q,2019-05-01,fix2_status_rename,EXPECTED_ABSENT,ITEM_ABSENT_FROM_TOC,item_absent_from_toc,item_absent_from_toc,low,low,none,none,0,0
0001104659-19-026018,RISK_FACTORS,1800,ABBOTT LABORATORIES,10-Q,2019-05-01,fix2_status_rename,EXPECTED_ABSENT,ITEM_ABSENT_FROM_TOC,item_absent_from_toc,item_absent_from_toc,low,low,none,none,0,0
0001104659-19-026396,RISK_FACTORS,1739940,Cigna Group,10-Q,2019-05-02,fix2_body_heading_mark,EXPECTED_ABSENT,ITEM_ABSENT_FROM_TOC,item_absent_from_toc,item_absent_from_toc,low,low,none,none,0,0
0001104659-19-058209,RISK_FACTORS,1001250,ESTEE LAUDER COMPANIES INC,10-Q,2019-10-31,fix2_status_rename,EXPECTED_ABSENT,ITEM_ABSENT_FROM_TOC,item_absent_from_toc,item_absent_from_toc,low,low,none,none,0,0
0001104659-19-058323,RISK_FACTORS,1800,ABBOTT LABORATORIES,10-Q,2019-10-31,fix2_status_rename,EXPECTED_ABSENT,ITEM_ABSENT_FROM_TOC,item_absent_from_toc,item_absent_from_toc,low,low,none,none,0,0
0001104659-20-011857,RISK_FACTORS,1001250,ESTEE LAUDER COMPANIES INC,10-Q,2020-02-06,fix2_status_rename,EXPECTED_ABSENT,ITEM_ABSENT_FROM_TOC,item_absent_from_toc,item_absent_from_toc,low,low,none,none,0,0
0001104659-20-023904,RISK_FACTORS,1800,ABBOTT LABORATORIES,10-K,2020-02-21,fix4_n5_floor_rescue,FLAGGED,FLAGGED,below_length_floor,heading_regex_fallback,low,low,heading_regex,heading_regex,85,3730
0001104659-20-087850,RISK_FACTORS,1800,ABBOTT LABORATORIES,10-Q,2020-07-29,fix2_status_rename,EXPECTED_ABSENT,ITEM_ABSENT_FROM_TOC,item_absent_from_toc,item_absent_from_toc,low,low,none,none,0,0
0001104659-20-121336,RISK_FACTORS,1800,ABBOTT LABORATORIES,10-Q,2020-11-04,fix2_status_rename,EXPECTED_ABSENT,ITEM_ABSENT_FROM_TOC,item_absent_from_toc,item_absent_from_toc,low,low,none,none,0,0
0001104659-21-025751,RISK_FACTORS,1800,ABBOTT LABORATORIES,10-K,2021-02-19,fix4_n5_floor_rescue,FLAGGED,FLAGGED,below_length_floor,heading_regex_fallback,low,low,heading_regex,heading_regex,85,4076
0001104659-21-061693,RISK_FACTORS,1800,ABBOTT LABORATORIES,10-Q,2021-05-05,fix2_status_rename,EXPECTED_ABSENT,ITEM_ABSENT_FROM_TOC,item_absent_from_toc,item_absent_from_toc,low,low,none,none,0,0
0001104659-21-100055,RISK_FACTORS,1800,ABBOTT LABORATORIES,10-Q,2021-08-04,fix2_status_rename,EXPECTED_ABSENT,ITEM_ABSENT_FROM_TOC,item_absent_from_toc,item_absent_from_toc,low,low,none,none,0,0
0001104659-21-133629,RISK_FACTORS,1800,ABBOTT LABORATORIES,10-Q,2021-11-03,fix2_status_rename,EXPECTED_ABSENT,ITEM_ABSENT_FROM_TOC,item_absent_from_toc,item_absent_from_toc,low,low,none,none,0,0
0001104659-22-025141,RISK_FACTORS,1800,ABBOTT LABORATORIES,10-K,2022-02-18,fix4_n5_floor_rescue,FLAGGED,FLAGGED,below_length_floor,heading_regex_fallback,low,low,heading_regex,heading_regex,85,4320
0001104659-22-055285,RISK_FACTORS,1800,ABBOTT LABORATORIES,10-Q,2022-05-03,fix2_status_rename,EXPECTED_ABSENT,ITEM_ABSENT_FROM_TOC,item_absent_from_toc,item_absent_from_toc,low,low,none,none,0,0
0001104659-25-101349,RISK_FACTORS,1318220,"Waste Connections, Inc.",10-Q,2025-10-22,fix2_status_rename,EXPECTED_ABSENT,ITEM_ABSENT_FROM_TOC,item_absent_from_toc,item_absent_from_toc,low,low,none,none,0,0
0001104659-26-047074,RISK_FACTORS,1318220,"Waste Connections, Inc.",10-Q,2026-04-23,fix2_status_rename,EXPECTED_ABSENT,ITEM_ABSENT_FROM_TOC,item_absent_from_toc,item_absent_from_toc,low,low,none,none,0,0
0001104659-26-086006,RISK_FACTORS,1318220,"Waste Connections, Inc.",10-Q,2026-07-23,fix2_status_rename,EXPECTED_ABSENT,ITEM_ABSENT_FROM_TOC,item_absent_from_toc,item_absent_from_toc,low,low,none,none,0,0
0001108524-15-000025,MDA,1108524,"Salesforce, Inc.",10-Q,2015-08-25,fix1_ladder_recovered,FAIL,FLAGGED,item_absent_from_toc,toc_recovered_f1,low,low,none,anchor_resolving_entry,0,16560
0001108524-15-000025,RISK_FACTORS,1108524,"Salesforce, Inc.",10-Q,2015-08-25,fix1_ladder_recovered,EXPECTED_ABSENT,FLAGGED,item_absent_from_toc,toc_recovered_f1,low,low,none,anchor_resolving_entry,0,10750
0001108524-15-000034,MDA,1108524,"Salesforce, Inc.",10-Q,2015-11-20,fix1_ladder_recovered,FAIL,FLAGGED,item_absent_from_toc,toc_recovered_f1,low,low,none,anchor_resolving_entry,0,17732
0001108524-15-000034,RISK_FACTORS,1108524,"Salesforce, Inc.",10-Q,2015-11-20,fix1_ladder_recovered,EXPECTED_ABSENT,FLAGGED,item_absent_from_toc,toc_recovered_f1,low,low,none,anchor_resolving_entry,0,10932
0001108524-16-000066,MDA,1108524,"Salesforce, Inc.",10-Q,2016-05-20,fix1_ladder_recovered,FAIL,FLAGGED,item_absent_from_toc,toc_recovered_f1,low,low,none,anchor_resolving_entry,0,13232
0001108524-16-000066,RISK_FACTORS,1108524,"Salesforce, Inc.",10-Q,2016-05-20,fix1_ladder_recovered,EXPECTED_ABSENT,FLAGGED,item_absent_from_toc,toc_recovered_f1,low,low,none,anchor_resolving_entry,0,11305
0001108524-16-000085,MDA,1108524,"Salesforce, Inc.",10-Q,2016-09-01,fix1_ladder_recovered,FAIL,FLAGGED,item_absent_from_toc,toc_recovered_f1,low,low,none,anchor_resolving_entry,0,16437
0001108524-16-000085,RISK_FACTORS,1108524,"Salesforce, Inc.",10-Q,2016-09-01,fix1_ladder_recovered,EXPECTED_ABSENT,FLAGGED,item_absent_from_toc,toc_recovered_f1,low,low,none,anchor_resolving_entry,0,11423
0001108524-16-000128,MDA,1108524,"Salesforce, Inc.",10-Q,2016-11-21,fix1_ladder_recovered,FAIL,FLAGGED,item_absent_from_toc,toc_recovered_f1,low,low,none,anchor_resolving_entry,0,17351
0001108524-16-000128,RISK_FACTORS,1108524,"Salesforce, Inc.",10-Q,2016-11-21,fix1_ladder_recovered,EXPECTED_ABSENT,FLAGGED,item_absent_from_toc,toc_recovered_f1,low,low,none,anchor_resolving_entry,0,11881
0001108524-17-000012,MDA,1108524,"Salesforce, Inc.",10-Q,2017-05-22,fix1_ladder_recovered,FAIL,FLAGGED,item_absent_from_toc,toc_recovered_f1,low,low,none,anchor_resolving_entry,0,8427
0001108524-17-000012,RISK_FACTORS,1108524,"Salesforce, Inc.",10-Q,2017-05-22,fix1_ladder_recovered,EXPECTED_ABSENT,FLAGGED,item_absent_from_toc,toc_recovered_f1,low,low,none,anchor_resolving_entry,0,12530
0001108524-17-000020,MDA,1108524,"Salesforce, Inc.",10-Q,2017-08-25,fix1_ladder_recovered,FAIL,FLAGGED,item_absent_from_toc,toc_recovered_f1,low,low,none,anchor_resolving_entry,0,10670
0001108524-17-000020,RISK_FACTORS,1108524,"Salesforce, Inc.",10-Q,2017-08-25,fix1_ladder_recovered,EXPECTED_ABSENT,FLAGGED,item_absent_from_toc,toc_recovered_f1,low,low,none,anchor_resolving_entry,0,12724
0001108524-19-000025,MDA,1108524,"Salesforce, Inc.",10-Q,2019-06-05,fix1_ladder_recovered,FAIL,FLAGGED,item_absent_from_toc,toc_recovered_f1,low,low,none,anchor_resolving_entry,0,8875
0001108524-19-000025,RISK_FACTORS,1108524,"Salesforce, Inc.",10-Q,2019-06-05,fix1_ladder_recovered,EXPECTED_ABSENT,FLAGGED,item_absent_from_toc,toc_recovered_f1,low,low,none,anchor_resolving_entry,0,13941
0001123360-15-000037,RISK_FACTORS,1123360,GLOBAL PAYMENTS INC,10-Q,2015-10-07,fix2_status_rename,EXPECTED_ABSENT,ITEM_ABSENT_FROM_TOC,item_absent_from_toc,item_absent_from_toc,low,low,none,none,0,0
0001123360-19-000016,RISK_FACTORS,1123360,GLOBAL PAYMENTS INC,10-Q,2019-05-02,fix2_status_rename,EXPECTED_ABSENT,ITEM_ABSENT_FROM_TOC,item_absent_from_toc,item_absent_from_toc,low,low,none,none,0,0
0001123360-21-000018,RISK_FACTORS,1123360,GLOBAL PAYMENTS INC,10-Q,2021-05-04,fix2_status_rename,EXPECTED_ABSENT,ITEM_ABSENT_FROM_TOC,item_absent_from_toc,item_absent_from_toc,low,low,none,none,0,0
0001123360-21-000026,RISK_FACTORS,1123360,GLOBAL PAYMENTS INC,10-Q,2021-08-02,fix2_status_rename,EXPECTED_ABSENT,ITEM_ABSENT_FROM_TOC,item_absent_from_toc,item_absent_from_toc,low,low,none,none,0,0
0001123360-21-000032,RISK_FACTORS,1123360,GLOBAL PAYMENTS INC,10-Q,2021-11-02,fix2_status_rename,EXPECTED_ABSENT,ITEM_ABSENT_FROM_TOC,item_absent_from_toc,item_absent_from_toc,low,low,none,none,0,0
0001136893-16-000061,MDA,1136893,"Fidelity National Information Services, Inc.",10-K,2016-02-26,fix1_ladder_recovered,FAIL,FLAGGED,item_absent_from_toc,toc_recovered_f1,low,low,none,anchor_resolving_entry,0,9081
0001136893-16-000061,RISK_FACTORS,1136893,"Fidelity National Information Services, Inc.",10-K,2016-02-26,fix1_ladder_recovered,FAIL,FLAGGED,item_absent_from_toc,toc_recovered_f1,low,low,none,anchor_resolving_entry,0,10755
0001136893-17-000008,MDA,1136893,"Fidelity National Information Services, Inc.",10-K,2017-02-23,fix1_ladder_recovered,FAIL,FLAGGED,item_absent_from_toc,toc_recovered_f1,low,low,none,anchor_resolving_entry,0,10737
0001136893-17-000008,RISK_FACTORS,1136893,"Fidelity National Information Services, Inc.",10-K,2017-02-23,fix1_ladder_recovered,FAIL,FLAGGED,item_absent_from_toc,toc_recovered_f1,low,low,none,anchor_resolving_entry,0,10499
0001136893-18-000011,MDA,1136893,"Fidelity National Information Services, Inc.",10-K,2018-02-22,fix1_ladder_recovered,FAIL,FLAGGED,item_absent_from_toc,toc_recovered_f1,low,low,none,anchor_resolving_entry,0,11187
0001136893-18-000011,RISK_FACTORS,1136893,"Fidelity National Information Services, Inc.",10-K,2018-02-22,fix1_ladder_recovered,FAIL,FLAGGED,item_absent_from_toc,toc_recovered_f1,low,low,none,anchor_resolving_entry,0,10663
0001136893-19-000008,MDA,1136893,"Fidelity National Information Services, Inc.",10-K,2019-02-21,fix1_ladder_recovered,FAIL,FLAGGED,item_absent_from_toc,toc_recovered_f1,low,low,none,anchor_resolving_entry,0,10892
0001136893-19-000008,RISK_FACTORS,1136893,"Fidelity National Information Services, Inc.",10-K,2019-02-21,fix1_ladder_recovered,FAIL,FLAGGED,item_absent_from_toc,toc_recovered_f1,low,low,none,anchor_resolving_entry,0,11716
0001136893-20-000032,MDA,1136893,"Fidelity National Information Services, Inc.",10-K,2020-02-20,fix1_ladder_recovered,FAIL,FLAGGED,item_absent_from_toc,toc_recovered_f1,low,low,none,anchor_resolving_entry,0,9471
0001136893-20-000032,RISK_FACTORS,1136893,"Fidelity National Information Services, Inc.",10-K,2020-02-20,fix1_ladder_recovered,FAIL,FLAGGED,item_absent_from_toc,toc_recovered_f1,low,low,none,anchor_resolving_entry,0,16234
0001140361-16-083198,RISK_FACTORS,1618921,"Walgreens Boots Alliance, Inc.",10-K,2016-10-20,fix1_ladder_recovered,FAIL,FLAGGED,item_absent_from_toc,toc_recovered_f2,low,low,none,heading_regex_toc_present,0,14871
0001144204-17-023373,RISK_FACTORS,1318220,"Waste Connections, Inc.",10-Q,2017-05-01,fix2_status_rename,EXPECTED_ABSENT,ITEM_ABSENT_FROM_TOC,item_absent_from_toc,item_absent_from_toc,low,low,none,none,0,0
0001144204-17-038196,RISK_FACTORS,1318220,"Waste Connections, Inc.",10-Q,2017-07-26,fix2_status_rename,EXPECTED_ABSENT,ITEM_ABSENT_FROM_TOC,item_absent_from_toc,item_absent_from_toc,low,low,none,none,0,0
0001144204-17-054180,RISK_FACTORS,1318220,"Waste Connections, Inc.",10-Q,2017-10-26,fix2_status_rename,EXPECTED_ABSENT,ITEM_ABSENT_FROM_TOC,item_absent_from_toc,item_absent_from_toc,low,low,none,none,0,0
0001144204-18-024785,RISK_FACTORS,1318220,"Waste Connections, Inc.",10-Q,2018-05-02,fix2_status_rename,EXPECTED_ABSENT,ITEM_ABSENT_FROM_TOC,item_absent_from_toc,item_absent_from_toc,low,low,none,none,0,0
0001144204-18-039733,RISK_FACTORS,1318220,"Waste Connections, Inc.",10-Q,2018-07-25,fix2_status_rename,EXPECTED_ABSENT,ITEM_ABSENT_FROM_TOC,item_absent_from_toc,item_absent_from_toc,low,low,none,none,0,0
0001144204-18-055981,RISK_FACTORS,1318220,"Waste Connections, Inc.",10-Q,2018-10-30,fix2_status_rename,EXPECTED_ABSENT,ITEM_ABSENT_FROM_TOC,item_absent_from_toc,item_absent_from_toc,low,low,none,none,0,0
0001193125-15-270231,RISK_FACTORS,2969,"Air Products & Chemicals, Inc.",10-Q,2015-07-30,fix2_status_rename,EXPECTED_ABSENT,ITEM_ABSENT_FROM_TOC,item_absent_from_toc,item_absent_from_toc,low,low,none,none,0,0
0001193125-15-270747,RISK_FACTORS,798354,FISERV INC,10-Q,2015-07-30,fix2_status_rename,EXPECTED_ABSENT,ITEM_ABSENT_FROM_TOC,item_absent_from_toc,item_absent_from_toc,low,low,none,none,0,0
0001193125-15-273233,RISK_FACTORS,886982,GOLDMAN SACHS GROUP INC,10-Q,2015-08-03,fix2_status_rename,EXPECTED_ABSENT,ITEM_ABSENT_FROM_TOC,item_absent_from_toc,item_absent_from_toc,low,low,none,none,0,0
0001193125-15-276529,RISK_FACTORS,895421,MORGAN STANLEY,10-Q,2015-08-04,fix2_status_rename,EXPECTED_ABSENT,ITEM_ABSENT_FROM_TOC,item_absent_from_toc,item_absent_from_toc,low,low,none,none,0,0
0001193125-15-277885,MDA,713676,"PNC FINANCIAL SERVICES GROUP, INC.",10-Q,2015-08-05,fix1_ladder_declined,FAIL,FAIL,item_absent_from_toc,toc_recovery_declined,low,low,none,none,0,0
0001193125-15-283171,RISK_FACTORS,1364742,"BlackRock Finance, Inc.",10-Q,2015-08-07,fix2_status_rename,EXPECTED_ABSENT,ITEM_ABSENT_FROM_TOC,item_absent_from_toc,item_absent_from_toc,low,low,none,none,0,0
0001193125-15-362853,RISK_FACTORS,886982,GOLDMAN SACHS GROUP INC,10-Q,2015-11-03,fix2_status_rename,EXPECTED_ABSENT,ITEM_ABSENT_FROM_TOC,item_absent_from_toc,item_absent_from_toc,low,low,none,none,0,0
0001193125-15-364313,RISK_FACTORS,895421,MORGAN STANLEY,10-Q,2015-11-03,fix2_status_rename,EXPECTED_ABSENT,ITEM_ABSENT_FROM_TOC,item_absent_from_toc,item_absent_from_toc,low,low,none,none,0,0
0001193125-16-443263,RISK_FACTORS,2969,"Air Products & Chemicals, Inc.",10-Q,2016-01-29,fix2_status_rename,EXPECTED_ABSENT,ITEM_ABSENT_FROM_TOC,item_absent_from_toc,item_absent_from_toc,low,low,none,none,0,0
0001193125-16-465311,MDA,1489393,LyondellBasell Industries N.V.,10-K,2016-02-16,fix2_body_heading_mark,FAIL,FAIL,item_absent_from_toc,item_absent_from_toc,low,low,none,none,0,0
0001193125-16-562956,RISK_FACTORS,2969,"Air Products & Chemicals, Inc.",10-Q,2016-04-28,fix2_status_rename,EXPECTED_ABSENT,ITEM_ABSENT_FROM_TOC,item_absent_from_toc,item_absent_from_toc,low,low,none,none,0,0
0001193125-16-577875,RISK_FACTORS,895421,MORGAN STANLEY,10-Q,2016-05-04,fix2_status_rename,EXPECTED_ABSENT,ITEM_ABSENT_FROM_TOC,item_absent_from_toc,item_absent_from_toc,low,low,none,none,0,0
0001193125-16-580382,RISK_FACTORS,886982,GOLDMAN SACHS GROUP INC,10-Q,2016-05-06,fix2_status_rename,EXPECTED_ABSENT,ITEM_ABSENT_FROM_TOC,item_absent_from_toc,item_absent_from_toc,low,low,none,none,0,0
0001193125-16-662727,RISK_FACTORS,2969,"Air Products & Chemicals, Inc.",10-Q,2016-07-29,fix2_status_rename,EXPECTED_ABSENT,ITEM_ABSENT_FROM_TOC,item_absent_from_toc,item_absent_from_toc,low,low,none,none,0,0
0001193125-16-670066,RISK_FACTORS,895421,MORGAN STANLEY,10-Q,2016-08-03,fix2_status_rename,EXPECTED_ABSENT,ITEM_ABSENT_FROM_TOC,item_absent_from_toc,item_absent_from_toc,low,low,none,none,0,0
0001193125-16-670394,RISK_FACTORS,886982,GOLDMAN SACHS GROUP INC,10-Q,2016-08-04,fix2_status_rename,EXPECTED_ABSENT,ITEM_ABSENT_FROM_TOC,item_absent_from_toc,item_absent_from_toc,low,low,none,none,0,0
0001193125-16-757027,RISK_FACTORS,895421,MORGAN STANLEY,10-Q,2016-11-02,fix2_status_rename,EXPECTED_ABSENT,ITEM_ABSENT_FROM_TOC,item_absent_from_toc,item_absent_from_toc,low,low,none,none,0,0
0001193125-16-757421,RISK_FACTORS,886982,GOLDMAN SACHS GROUP INC,10-Q,2016-11-03,fix2_status_rename,EXPECTED_ABSENT,ITEM_ABSENT_FROM_TOC,item_absent_from_toc,item_absent_from_toc,low,low,none,none,0,0
0001193125-17-047661,MDA,1489393,LyondellBasell Industries N.V.,10-K,2017-02-17,fix2_body_heading_mark,FAIL,FAIL,item_absent_from_toc,item_absent_from_toc,low,low,none,none,0,0
0001193125-17-050077,MDA,1163165,CONOCOPHILLIPS,10-K,2017-02-21,fix2_body_heading_mark,FAIL,FAIL,item_absent_from_toc,item_absent_from_toc,low,low,none,none,0,0
0001193125-17-155839,MDA,713676,"PNC FINANCIAL SERVICES GROUP, INC.",10-Q,2017-05-03,fix1_ladder_declined,FAIL,FAIL,item_absent_from_toc,toc_recovery_declined,low,low,none,none,0,0
0001193125-17-156659,RISK_FACTORS,886982,GOLDMAN SACHS GROUP INC,10-Q,2017-05-04,fix2_status_rename,EXPECTED_ABSENT,ITEM_ABSENT_FROM_TOC,item_absent_from_toc,item_absent_from_toc,low,low,none,none,0,0
0001193125-17-158668,RISK_FACTORS,895421,MORGAN STANLEY,10-Q,2017-05-04,fix2_status_rename,EXPECTED_ABSENT,ITEM_ABSENT_FROM_TOC,item_absent_from_toc,item_absent_from_toc,low,low,none,none,0,0
0001193125-17-247402,RISK_FACTORS,895421,MORGAN STANLEY,10-Q,2017-08-03,fix2_status_rename,EXPECTED_ABSENT,ITEM_ABSENT_FROM_TOC,item_absent_from_toc,item_absent_from_toc,low,low,none,none,0,0
0001193125-17-247803,RISK_FACTORS,886982,GOLDMAN SACHS GROUP INC,10-Q,2017-08-04,fix2_status_rename,EXPECTED_ABSENT,ITEM_ABSENT_FROM_TOC,item_absent_from_toc,item_absent_from_toc,low,low,none,none,0,0
0001193125-17-248796,MDA,1137789,Seagate Technology Holdings plc,10-K,2017-08-04,fix2_body_heading_mark,FAIL,FAIL,item_absent_from_toc,item_absent_from_toc,low,low,none,none,0,0
0001193125-17-331475,RISK_FACTORS,886982,GOLDMAN SACHS GROUP INC,10-Q,2017-11-03,fix2_status_rename,EXPECTED_ABSENT,ITEM_ABSENT_FROM_TOC,item_absent_from_toc,item_absent_from_toc,low,low,none,none,0,0
0001193125-17-331902,RISK_FACTORS,895421,MORGAN STANLEY,10-Q,2017-11-03,fix2_status_rename,EXPECTED_ABSENT,ITEM_ABSENT_FROM_TOC,item_absent_from_toc,item_absent_from_toc,low,low,none,none,0,0
0001193125-17-332829,MDA,1067983,BERKSHIRE HATHAWAY INC,10-Q,2017-11-03,fix4_n5_floor_rescue,FLAGGED,FLAGGED,below_length_floor,heading_regex_fallback,low,low,heading_regex,heading_regex,738,13623
0001193125-18-049729,MDA,1163165,CONOCOPHILLIPS,10-K,2018-02-20,fix2_body_heading_mark,FAIL,FAIL,item_absent_from_toc,item_absent_from_toc,low,low,none,none,0,0
0001193125-18-054181,MDA,1489393,LyondellBasell Industries N.V.,10-K,2018-02-22,fix2_body_heading_mark,FAIL,FAIL,item_absent_from_toc,item_absent_from_toc,low,low,none,none,0,0
0001193125-18-151188,RISK_FACTORS,886982,GOLDMAN SACHS GROUP INC,10-Q,2018-05-04,fix2_status_rename,EXPECTED_ABSENT,ITEM_ABSENT_FROM_TOC,item_absent_from_toc,item_absent_from_toc,low,low,none,none,0,0
0001193125-18-152899,RISK_FACTORS,895421,MORGAN STANLEY,10-Q,2018-05-04,fix2_status_rename,EXPECTED_ABSENT,ITEM_ABSENT_FROM_TOC,item_absent_from_toc,item_absent_from_toc,low,low,none,none,0,0
0001193125-18-236782,MDA,732717,AT&T INC.,10-Q,2018-08-02,fix4_n5_floor_rescue,FLAGGED,FLAGGED,below_length_floor,heading_regex_fallback,low,low,heading_regex,heading_regex,221,15622
0001193125-18-236920,RISK_FACTORS,886982,GOLDMAN SACHS GROUP INC,10-Q,2018-08-03,fix2_status_rename,EXPECTED_ABSENT,ITEM_ABSENT_FROM_TOC,item_absent_from_toc,item_absent_from_toc,low,low,none,none,0,0
0001193125-18-238269,RISK_FACTORS,895421,MORGAN STANLEY,10-Q,2018-08-03,fix2_status_rename,EXPECTED_ABSENT,ITEM_ABSENT_FROM_TOC,item_absent_from_toc,item_absent_from_toc,low,low,none,none,0,0
0001193125-18-317325,RISK_FACTORS,886982,GOLDMAN SACHS GROUP INC,10-Q,2018-11-02,fix2_status_rename,EXPECTED_ABSENT,ITEM_ABSENT_FROM_TOC,item_absent_from_toc,item_absent_from_toc,low,low,none,none,0,0
0001193125-18-318377,RISK_FACTORS,895421,MORGAN STANLEY,10-Q,2018-11-05,fix2_status_rename,EXPECTED_ABSENT,ITEM_ABSENT_FROM_TOC,item_absent_from_toc,item_absent_from_toc,low,low,none,none,0,0
0001193125-19-043841,MDA,1163165,CONOCOPHILLIPS,10-K,2019-02-19,fix2_body_heading_mark,FAIL,FAIL,item_absent_from_toc,item_absent_from_toc,low,low,none,none,0,0
0001193125-19-045608,MDA,732717,AT&T INC.,10-K,2019-02-20,fix2_body_heading_mark,FAIL,FAIL,item_absent_from_toc,item_absent_from_toc,low,low,none,none,0,0
0001193125-19-136929,RISK_FACTORS,895421,MORGAN STANLEY,10-Q,2019-05-03,fix2_status_rename,EXPECTED_ABSENT,ITEM_ABSENT_FROM_TOC,item_absent_from_toc,item_absent_from_toc,low,low,none,none,0,0
0001193125-19-137184,RISK_FACTORS,886982,GOLDMAN SACHS GROUP INC,10-Q,2019-05-06,fix2_status_rename,EXPECTED_ABSENT,ITEM_ABSENT_FROM_TOC,item_absent_from_toc,item_absent_from_toc,low,low,none,none,0,0
0001193125-19-212578,RISK_FACTORS,886982,GOLDMAN SACHS GROUP INC,10-Q,2019-08-05,fix2_status_rename,EXPECTED_ABSENT,ITEM_ABSENT_FROM_TOC,item_absent_from_toc,item_absent_from_toc,low,low,none,none,0,0
0001193125-19-280752,RISK_FACTORS,886982,GOLDMAN SACHS GROUP INC,10-Q,2019-11-01,fix2_status_rename,EXPECTED_ABSENT,ITEM_ABSENT_FROM_TOC,item_absent_from_toc,item_absent_from_toc,low,low,none,none,0,0
0001193125-21-148444,RISK_FACTORS,886982,GOLDMAN SACHS GROUP INC,10-Q,2021-05-04,fix2_status_rename,EXPECTED_ABSENT,ITEM_ABSENT_FROM_TOC,item_absent_from_toc,item_absent_from_toc,low,low,none,none,0,0
0001193125-21-235309,RISK_FACTORS,886982,GOLDMAN SACHS GROUP INC,10-Q,2021-08-04,fix2_status_rename,EXPECTED_ABSENT,ITEM_ABSENT_FROM_TOC,item_absent_from_toc,item_absent_from_toc,low,low,none,none,0,0
0001193125-21-313689,RISK_FACTORS,886982,GOLDMAN SACHS GROUP INC,10-Q,2021-11-01,fix2_status_rename,EXPECTED_ABSENT,ITEM_ABSENT_FROM_TOC,item_absent_from_toc,item_absent_from_toc,low,low,none,none,0,0
0001193125-22-134459,RISK_FACTORS,886982,GOLDMAN SACHS GROUP INC,10-Q,2022-05-02,fix2_status_rename,EXPECTED_ABSENT,ITEM_ABSENT_FROM_TOC,item_absent_from_toc,item_absent_from_toc,low,low,none,none,0,0
0001193125-22-211433,RISK_FACTORS,886982,GOLDMAN SACHS GROUP INC,10-Q,2022-08-04,fix2_status_rename,EXPECTED_ABSENT,ITEM_ABSENT_FROM_TOC,item_absent_from_toc,item_absent_from_toc,low,low,none,none,0,0
0001283699-17-000022,MDA,1283699,"T-Mobile US, Inc.",10-Q,2017-04-24,fix1_ladder_recovered,FAIL,FLAGGED,item_absent_from_toc,toc_recovered_f1,low,low,none,anchor_resolving_entry,0,8400
0001283699-17-000022,RISK_FACTORS,1283699,"T-Mobile US, Inc.",10-Q,2017-04-24,fix1_ladder_recovered,EXPECTED_ABSENT,FLAGGED,item_absent_from_toc,toc_recovered_f1,low,low,none,anchor_resolving_entry,0,36
0001297996-16-000203,EX99_PRESS_RELEASE,1297996,"DIGITAL REALTY TRUST, INC.",8-K,2016-07-28,fix3_garble_flag,FLAGGED,FLAGGED,below_length_floor,garbled_text,medium,medium,whole_document,whole_document,108,108
0001297996-18-000125,EX99_PRESS_RELEASE,1297996,"DIGITAL REALTY TRUST, INC.",8-K,2018-07-26,fix3_garble_flag,FLAGGED,FLAGGED,earnings_population_gate,garbled_text,medium,medium,whole_document,whole_document,2063,2063
0001358071-18-000008,MDA,1358071,CONCHO RESOURCES INC,10-K,2018-02-21,fix1_ladder_declined,FAIL,FAIL,item_absent_from_toc,toc_recovery_declined,low,low,none,none,0,0
0001358071-18-000008,RISK_FACTORS,1358071,CONCHO RESOURCES INC,10-K,2018-02-21,fix1_ladder_declined,FAIL,FAIL,item_absent_from_toc,toc_recovery_declined,low,low,none,none,0,0
0001358071-19-000003,MDA,1358071,CONCHO RESOURCES INC,10-K,2019-02-20,fix1_ladder_declined,FAIL,FAIL,item_absent_from_toc,toc_recovery_declined,low,low,none,none,0,0
0001358071-19-000003,RISK_FACTORS,1358071,CONCHO RESOURCES INC,10-K,2019-02-20,fix1_ladder_declined,FAIL,FAIL,item_absent_from_toc,toc_recovery_declined,low,low,none,none,0,0
0001390777-15-000107,RISK_FACTORS,1390777,Bank of New York Mellon Corp,10-Q,2015-08-07,fix2_status_rename,EXPECTED_ABSENT,ITEM_ABSENT_FROM_TOC,item_absent_from_toc,item_absent_from_toc,low,low,none,none,0,0
0001390777-15-000132,RISK_FACTORS,1390777,Bank of New York Mellon Corp,10-Q,2015-11-06,fix2_status_rename,EXPECTED_ABSENT,ITEM_ABSENT_FROM_TOC,item_absent_from_toc,item_absent_from_toc,low,low,none,none,0,0
0001390777-16-000226,RISK_FACTORS,1390777,Bank of New York Mellon Corp,10-Q,2016-05-10,fix2_status_rename,EXPECTED_ABSENT,ITEM_ABSENT_FROM_TOC,item_absent_from_toc,item_absent_from_toc,low,low,none,none,0,0
0001390777-17-000076,RISK_FACTORS,1390777,Bank of New York Mellon Corp,10-Q,2017-05-08,fix1_ladder_recovered,EXPECTED_ABSENT,FLAGGED,item_absent_from_toc,toc_recovered_f1,low,low,none,anchor_resolving_entry,0,1102
0001390777-17-000095,RISK_FACTORS,1390777,Bank of New York Mellon Corp,10-Q,2017-08-03,fix1_ladder_recovered,EXPECTED_ABSENT,FLAGGED,item_absent_from_toc,toc_recovered_f1,low,low,none,anchor_resolving_entry,0,1121
0001390777-17-000106,RISK_FACTORS,1390777,Bank of New York Mellon Corp,10-Q,2017-11-07,fix1_ladder_recovered,EXPECTED_ABSENT,FLAGGED,item_absent_from_toc,toc_recovered_f1,low,low,none,anchor_resolving_entry,0,1121
0001390777-18-000083,RISK_FACTORS,1390777,Bank of New York Mellon Corp,10-Q,2018-05-08,fix2_status_rename,EXPECTED_ABSENT,ITEM_ABSENT_FROM_TOC,item_absent_from_toc,item_absent_from_toc,low,low,none,none,0,0
0001390777-18-000113,RISK_FACTORS,1390777,Bank of New York Mellon Corp,10-Q,2018-08-03,fix2_status_rename,EXPECTED_ABSENT,ITEM_ABSENT_FROM_TOC,item_absent_from_toc,item_absent_from_toc,low,low,none,none,0,0
0001390777-18-000129,RISK_FACTORS,1390777,Bank of New York Mellon Corp,10-Q,2018-11-06,fix2_status_rename,EXPECTED_ABSENT,ITEM_ABSENT_FROM_TOC,item_absent_from_toc,item_absent_from_toc,low,low,none,none,0,0
0001390777-19-000063,RISK_FACTORS,1390777,Bank of New York Mellon Corp,10-Q,2019-05-08,fix2_status_rename,EXPECTED_ABSENT,ITEM_ABSENT_FROM_TOC,item_absent_from_toc,item_absent_from_toc,low,low,none,none,0,0
0001390777-19-000080,RISK_FACTORS,1390777,Bank of New York Mellon Corp,10-Q,2019-08-07,fix2_status_rename,EXPECTED_ABSENT,ITEM_ABSENT_FROM_TOC,item_absent_from_toc,item_absent_from_toc,low,low,none,none,0,0
0001390777-19-000104,RISK_FACTORS,1390777,Bank of New York Mellon Corp,10-Q,2019-11-07,fix2_status_rename,EXPECTED_ABSENT,ITEM_ABSENT_FROM_TOC,item_absent_from_toc,item_absent_from_toc,low,low,none,none,0,0
0001390777-20-000062,RISK_FACTORS,1390777,Bank of New York Mellon Corp,10-Q,2020-05-07,fix1_ladder_recovered,EXPECTED_ABSENT,FLAGGED,item_absent_from_toc,toc_recovered_f1,low,low,none,anchor_resolving_entry,0,736
0001390777-20-000072,RISK_FACTORS,1390777,Bank of New York Mellon Corp,10-Q,2020-08-06,fix1_ladder_recovered,EXPECTED_ABSENT,FLAGGED,item_absent_from_toc,toc_recovered_f1,low,low,none,anchor_resolving_entry,0,896
0001390777-21-000046,RISK_FACTORS,1390777,Bank of New York Mellon Corp,10-Q,2021-05-06,fix2_status_rename,EXPECTED_ABSENT,ITEM_ABSENT_FROM_TOC,item_absent_from_toc,item_absent_from_toc,low,low,none,none,0,0
0001390777-21-000070,RISK_FACTORS,1390777,Bank of New York Mellon Corp,10-Q,2021-08-05,fix2_status_rename,EXPECTED_ABSENT,ITEM_ABSENT_FROM_TOC,item_absent_from_toc,item_absent_from_toc,low,low,none,none,0,0
0001390777-21-000095,RISK_FACTORS,1390777,Bank of New York Mellon Corp,10-Q,2021-11-05,fix2_status_rename,EXPECTED_ABSENT,ITEM_ABSENT_FROM_TOC,item_absent_from_toc,item_absent_from_toc,low,low,none,none,0,0
0001390777-22-000049,RISK_FACTORS,1390777,Bank of New York Mellon Corp,10-Q,2022-05-06,fix2_status_rename,EXPECTED_ABSENT,ITEM_ABSENT_FROM_TOC,item_absent_from_toc,item_absent_from_toc,low,low,none,none,0,0
0001390777-22-000075,RISK_FACTORS,1390777,Bank of New York Mellon Corp,10-Q,2022-08-05,fix2_status_rename,EXPECTED_ABSENT,ITEM_ABSENT_FROM_TOC,item_absent_from_toc,item_absent_from_toc,low,low,none,none,0,0
0001390777-22-000101,RISK_FACTORS,1390777,Bank of New York Mellon Corp,10-Q,2022-11-07,fix2_status_rename,EXPECTED_ABSENT,ITEM_ABSENT_FROM_TOC,item_absent_from_toc,item_absent_from_toc,low,low,none,none,0,0
0001390777-23-000046,RISK_FACTORS,1390777,Bank of New York Mellon Corp,10-Q,2023-05-05,fix2_status_rename,EXPECTED_ABSENT,ITEM_ABSENT_FROM_TOC,item_absent_from_toc,item_absent_from_toc,low,low,none,none,0,0
0001390777-23-000081,RISK_FACTORS,1390777,Bank of New York Mellon Corp,10-Q,2023-08-04,fix2_status_rename,EXPECTED_ABSENT,ITEM_ABSENT_FROM_TOC,item_absent_from_toc,item_absent_from_toc,low,low,none,none,0,0
0001390777-23-000103,RISK_FACTORS,1390777,Bank of New York Mellon Corp,10-Q,2023-11-03,fix2_status_rename,EXPECTED_ABSENT,ITEM_ABSENT_FROM_TOC,item_absent_from_toc,item_absent_from_toc,low,low,none,none,0,0
0001390777-24-000075,RISK_FACTORS,1390777,Bank of New York Mellon Corp,10-Q,2024-05-03,fix2_status_rename,EXPECTED_ABSENT,ITEM_ABSENT_FROM_TOC,item_absent_from_toc,item_absent_from_toc,low,low,none,none,0,0
0001390777-24-000105,RISK_FACTORS,1390777,Bank of New York Mellon Corp,10-Q,2024-08-02,fix2_status_rename,EXPECTED_ABSENT,ITEM_ABSENT_FROM_TOC,item_absent_from_toc,item_absent_from_toc,low,low,none,none,0,0
0001390777-24-000133,RISK_FACTORS,1390777,Bank of New York Mellon Corp,10-Q,2024-11-01,fix2_status_rename,EXPECTED_ABSENT,ITEM_ABSENT_FROM_TOC,item_absent_from_toc,item_absent_from_toc,low,low,none,none,0,0
0001390777-25-000084,RISK_FACTORS,1390777,Bank of New York Mellon Corp,10-Q,2025-05-02,fix2_status_rename,EXPECTED_ABSENT,ITEM_ABSENT_FROM_TOC,item_absent_from_toc,item_absent_from_toc,low,low,none,none,0,0
0001390777-25-000118,RISK_FACTORS,1390777,Bank of New York Mellon Corp,10-Q,2025-08-01,fix2_status_rename,EXPECTED_ABSENT,ITEM_ABSENT_FROM_TOC,item_absent_from_toc,item_absent_from_toc,low,low,none,none,0,0
0001390777-25-000159,RISK_FACTORS,1390777,Bank of New York Mellon Corp,10-Q,2025-10-31,fix2_status_rename,EXPECTED_ABSENT,ITEM_ABSENT_FROM_TOC,item_absent_from_toc,item_absent_from_toc,low,low,none,none,0,0
0001390777-26-000060,RISK_FACTORS,1390777,Bank of New York Mellon Corp,10-Q,2026-05-01,fix2_status_rename,EXPECTED_ABSENT,ITEM_ABSENT_FROM_TOC,item_absent_from_toc,item_absent_from_toc,low,low,none,none,0,0
0001390777-26-000086,RISK_FACTORS,1390777,Bank of New York Mellon Corp,10-Q,2026-07-31,fix2_status_rename,EXPECTED_ABSENT,ITEM_ABSENT_FROM_TOC,item_absent_from_toc,item_absent_from_toc,low,low,none,none,0,0
0001410578-19-000606,RISK_FACTORS,1800,ABBOTT LABORATORIES,10-Q,2019-07-31,fix2_status_rename,EXPECTED_ABSENT,ITEM_ABSENT_FROM_TOC,item_absent_from_toc,item_absent_from_toc,low,low,none,none,0,0
0001413329-16-000076,MDA,1413329,Philip Morris International Inc.,10-K,2016-02-17,fix1_ladder_recovered,FAIL,FLAGGED,item_absent_from_toc,toc_recovered_f1,low,low,none,anchor_resolving_entry,0,27419
0001413329-16-000076,RISK_FACTORS,1413329,Philip Morris International Inc.,10-K,2016-02-17,fix1_ladder_recovered,FAIL,FLAGGED,item_absent_from_toc,toc_recovered_f1,low,low,none,anchor_resolving_entry,0,3013
0001413329-17-000014,MDA,1413329,Philip Morris International Inc.,10-K,2017-02-14,fix1_ladder_recovered,FAIL,FLAGGED,item_absent_from_toc,toc_recovered_f1,low,low,none,anchor_resolving_entry,0,24042
0001413329-17-000014,RISK_FACTORS,1413329,Philip Morris International Inc.,10-K,2017-02-14,fix1_ladder_recovered,FAIL,FLAGGED,item_absent_from_toc,toc_recovered_f1,low,low,none,anchor_resolving_entry,0,3020
0001413329-18-000007,MDA,1413329,Philip Morris International Inc.,10-K,2018-02-13,fix1_ladder_recovered,FAIL,FLAGGED,item_absent_from_toc,toc_recovered_f1,low,low,none,anchor_resolving_entry,0,24960
0001413329-18-000007,RISK_FACTORS,1413329,Philip Morris International Inc.,10-K,2018-02-13,fix1_ladder_recovered,FAIL,FLAGGED,item_absent_from_toc,toc_recovered_f1,low,low,none,anchor_resolving_entry,0,3179
0001413329-19-000007,MDA,1413329,Philip Morris International Inc.,10-K,2019-02-07,fix1_ladder_recovered,FAIL,FLAGGED,item_absent_from_toc,toc_recovered_f1,low,low,none,anchor_resolving_entry,0,24054
0001413329-19-000007,RISK_FACTORS,1413329,Philip Morris International Inc.,10-K,2019-02-07,fix1_ladder_recovered,FAIL,FLAGGED,item_absent_from_toc,toc_recovered_f1,low,low,none,anchor_resolving_entry,0,3532
0001413329-20-000007,MDA,1413329,Philip Morris International Inc.,10-K,2020-02-07,fix1_ladder_recovered,FAIL,FLAGGED,item_absent_from_toc,toc_recovered_f1,low,low,none,anchor_resolving_entry,0,22889
0001413329-20-000007,RISK_FACTORS,1413329,Philip Morris International Inc.,10-K,2020-02-07,fix1_ladder_recovered,FAIL,FLAGGED,item_absent_from_toc,toc_recovered_f1,low,low,none,anchor_resolving_entry,0,3888
0001437749-22-003247,RISK_FACTORS,24741,CORNING INC /NY,10-K,2022-02-14,fix2_body_heading_mark,FAIL,FAIL,item_absent_from_toc,item_absent_from_toc,low,low,none,none,0,0
0001437749-23-003123,MDA,24741,CORNING INC /NY,10-K,2023-02-13,fix2_body_heading_mark,FAIL,FAIL,item_absent_from_toc,item_absent_from_toc,low,low,none,none,0,0
0001437749-23-003123,RISK_FACTORS,24741,CORNING INC /NY,10-K,2023-02-13,fix2_body_heading_mark,FAIL,FAIL,item_absent_from_toc,item_absent_from_toc,low,low,none,none,0,0
0001437749-24-003735,MDA,24741,CORNING INC /NY,10-K,2024-02-12,fix2_body_heading_mark,FAIL,FAIL,item_absent_from_toc,item_absent_from_toc,low,low,none,none,0,0
0001437749-24-003735,RISK_FACTORS,24741,CORNING INC /NY,10-K,2024-02-12,fix2_body_heading_mark,FAIL,FAIL,item_absent_from_toc,item_absent_from_toc,low,low,none,none,0,0
0001483096-16-000021,RISK_FACTORS,1483096,WILLIAMS PARTNERS L.P.,10-K,2016-02-26,fix1_ladder_recovered,FAIL,FLAGGED,item_absent_from_toc,toc_recovered_f1,low,low,none,anchor_resolving_entry,0,17851
0001483096-16-000024,RISK_FACTORS,1483096,WILLIAMS PARTNERS L.P.,10-Q,2016-05-05,fix2_status_rename,EXPECTED_ABSENT,ITEM_ABSENT_FROM_TOC,item_absent_from_toc,item_absent_from_toc,low,low,none,none,0,0
0001483096-17-000006,RISK_FACTORS,1483096,WILLIAMS PARTNERS L.P.,10-Q,2017-05-04,fix2_status_rename,EXPECTED_ABSENT,ITEM_ABSENT_FROM_TOC,item_absent_from_toc,item_absent_from_toc,low,low,none,none,0,0
0001483096-17-000012,RISK_FACTORS,1483096,WILLIAMS PARTNERS L.P.,10-Q,2017-08-03,fix2_status_rename,EXPECTED_ABSENT,ITEM_ABSENT_FROM_TOC,item_absent_from_toc,item_absent_from_toc,low,low,none,none,0,0
0001483096-17-000022,RISK_FACTORS,1483096,WILLIAMS PARTNERS L.P.,10-Q,2017-11-02,fix2_status_rename,EXPECTED_ABSENT,ITEM_ABSENT_FROM_TOC,item_absent_from_toc,item_absent_from_toc,low,low,none,none,0,0
0001532063-15-000010,RISK_FACTORS,1532063,Express Scripts Holding Co.,10-Q,2015-07-28,fix2_status_rename,EXPECTED_ABSENT,ITEM_ABSENT_FROM_TOC,item_absent_from_toc,item_absent_from_toc,low,low,none,none,0,0
0001532063-15-000013,RISK_FACTORS,1532063,Express Scripts Holding Co.,10-Q,2015-10-27,fix2_status_rename,EXPECTED_ABSENT,ITEM_ABSENT_FROM_TOC,item_absent_from_toc,item_absent_from_toc,low,low,none,none,0,0
0001532063-16-000020,RISK_FACTORS,1532063,Express Scripts Holding Co.,10-Q,2016-04-25,fix2_status_rename,EXPECTED_ABSENT,ITEM_ABSENT_FROM_TOC,item_absent_from_toc,item_absent_from_toc,low,low,none,none,0,0
0001532063-16-000023,RISK_FACTORS,1532063,Express Scripts Holding Co.,10-Q,2016-07-25,fix2_status_rename,EXPECTED_ABSENT,ITEM_ABSENT_FROM_TOC,item_absent_from_toc,item_absent_from_toc,low,low,none,none,0,0
0001532063-16-000026,RISK_FACTORS,1532063,Express Scripts Holding Co.,10-Q,2016-10-25,fix2_status_rename,EXPECTED_ABSENT,ITEM_ABSENT_FROM_TOC,item_absent_from_toc,item_absent_from_toc,low,low,none,none,0,0
0001539838-15-000037,MDA,1539838,"Diamondback Energy, Inc.",10-Q,2015-08-10,fix1_ladder_recovered,FAIL,FLAGGED,item_absent_from_toc,toc_recovered_f1,low,low,none,anchor_resolving_entry,0,7839
0001539838-15-000037,RISK_FACTORS,1539838,"Diamondback Energy, Inc.",10-Q,2015-08-10,fix1_ladder_recovered,EXPECTED_ABSENT,FLAGGED,item_absent_from_toc,toc_recovered_f1,low,low,none,anchor_resolving_entry,0,131
0001551152-16-000005,RISK_FACTORS,1551152,AbbVie Inc.,10-Q,2016-11-07,fix2_status_rename,EXPECTED_ABSENT,ITEM_ABSENT_FROM_TOC,item_absent_from_toc,item_absent_from_toc,low,low,none,none,0,0
0001551152-17-000016,RISK_FACTORS,1551152,AbbVie Inc.,10-Q,2017-05-05,fix2_status_rename,EXPECTED_ABSENT,ITEM_ABSENT_FROM_TOC,item_absent_from_toc,item_absent_from_toc,low,low,none,none,0,0
0001551152-17-000025,RISK_FACTORS,1551152,AbbVie Inc.,10-Q,2017-08-07,fix2_status_rename,EXPECTED_ABSENT,ITEM_ABSENT_FROM_TOC,item_absent_from_toc,item_absent_from_toc,low,low,none,none,0,0
0001551152-17-000035,RISK_FACTORS,1551152,AbbVie Inc.,10-Q,2017-11-07,fix2_status_rename,EXPECTED_ABSENT,ITEM_ABSENT_FROM_TOC,item_absent_from_toc,item_absent_from_toc,low,low,none,none,0,0
0001551152-18-000025,RISK_FACTORS,1551152,AbbVie Inc.,10-Q,2018-05-04,fix2_status_rename,EXPECTED_ABSENT,ITEM_ABSENT_FROM_TOC,item_absent_from_toc,item_absent_from_toc,low,low,none,none,0,0
0001551152-18-000032,RISK_FACTORS,1551152,AbbVie Inc.,10-Q,2018-08-07,fix2_status_rename,EXPECTED_ABSENT,ITEM_ABSENT_FROM_TOC,item_absent_from_toc,item_absent_from_toc,low,low,none,none,0,0
0001551152-18-000042,RISK_FACTORS,1551152,AbbVie Inc.,10-Q,2018-11-07,fix2_status_rename,EXPECTED_ABSENT,ITEM_ABSENT_FROM_TOC,item_absent_from_toc,item_absent_from_toc,low,low,none,none,0,0
0001551152-19-000016,RISK_FACTORS,1551152,AbbVie Inc.,10-Q,2019-05-03,fix2_status_rename,EXPECTED_ABSENT,ITEM_ABSENT_FROM_TOC,item_absent_from_toc,item_absent_from_toc,low,low,none,none,0,0
0001551152-21-000016,RISK_FACTORS,1551152,AbbVie Inc.,10-Q,2021-05-07,fix2_status_rename,EXPECTED_ABSENT,ITEM_ABSENT_FROM_TOC,item_absent_from_toc,item_absent_from_toc,low,low,none,none,0,0
0001551152-21-000025,RISK_FACTORS,1551152,AbbVie Inc.,10-Q,2021-08-02,fix2_status_rename,EXPECTED_ABSENT,ITEM_ABSENT_FROM_TOC,item_absent_from_toc,item_absent_from_toc,low,low,none,none,0,0
0001551152-21-000031,RISK_FACTORS,1551152,AbbVie Inc.,10-Q,2021-11-02,fix2_status_rename,EXPECTED_ABSENT,ITEM_ABSENT_FROM_TOC,item_absent_from_toc,item_absent_from_toc,low,low,none,none,0,0
0001551152-22-000017,RISK_FACTORS,1551152,AbbVie Inc.,10-Q,2022-05-06,fix2_status_rename,EXPECTED_ABSENT,ITEM_ABSENT_FROM_TOC,item_absent_from_toc,item_absent_from_toc,low,low,none,none,0,0
0001551152-22-000030,RISK_FACTORS,1551152,AbbVie Inc.,10-Q,2022-08-04,fix2_status_rename,EXPECTED_ABSENT,ITEM_ABSENT_FROM_TOC,item_absent_from_toc,item_absent_from_toc,low,low,none,none,0,0
0001551152-22-000045,RISK_FACTORS,1551152,AbbVie Inc.,10-Q,2022-11-04,fix2_status_rename,EXPECTED_ABSENT,ITEM_ABSENT_FROM_TOC,item_absent_from_toc,item_absent_from_toc,low,low,none,none,0,0
0001551152-23-000023,RISK_FACTORS,1551152,AbbVie Inc.,10-Q,2023-05-05,fix2_status_rename,EXPECTED_ABSENT,ITEM_ABSENT_FROM_TOC,item_absent_from_toc,item_absent_from_toc,low,low,none,none,0,0
0001551152-23-000033,RISK_FACTORS,1551152,AbbVie Inc.,10-Q,2023-08-07,fix2_status_rename,EXPECTED_ABSENT,ITEM_ABSENT_FROM_TOC,item_absent_from_toc,item_absent_from_toc,low,low,none,none,0,0
0001551152-23-000045,RISK_FACTORS,1551152,AbbVie Inc.,10-Q,2023-11-06,fix2_status_rename,EXPECTED_ABSENT,ITEM_ABSENT_FROM_TOC,item_absent_from_toc,item_absent_from_toc,low,low,none,none,0,0
0001551152-24-000020,RISK_FACTORS,1551152,AbbVie Inc.,10-Q,2024-05-03,fix2_status_rename,EXPECTED_ABSENT,ITEM_ABSENT_FROM_TOC,item_absent_from_toc,item_absent_from_toc,low,low,none,none,0,0
0001551152-24-000031,RISK_FACTORS,1551152,AbbVie Inc.,10-Q,2024-08-07,fix2_status_rename,EXPECTED_ABSENT,ITEM_ABSENT_FROM_TOC,item_absent_from_toc,item_absent_from_toc,low,low,none,none,0,0
0001551152-24-000040,RISK_FACTORS,1551152,AbbVie Inc.,10-Q,2024-11-04,fix2_status_rename,EXPECTED_ABSENT,ITEM_ABSENT_FROM_TOC,item_absent_from_toc,item_absent_from_toc,low,low,none,none,0,0
0001551152-25-000029,RISK_FACTORS,1551152,AbbVie Inc.,10-Q,2025-05-09,fix2_status_rename,EXPECTED_ABSENT,ITEM_ABSENT_FROM_TOC,item_absent_from_toc,item_absent_from_toc,low,low,none,none,0,0
0001551152-25-000040,RISK_FACTORS,1551152,AbbVie Inc.,10-Q,2025-08-04,fix2_status_rename,EXPECTED_ABSENT,ITEM_ABSENT_FROM_TOC,item_absent_from_toc,item_absent_from_toc,low,low,none,none,0,0
0001551152-25-000049,RISK_FACTORS,1551152,AbbVie Inc.,10-Q,2025-11-04,fix2_status_rename,EXPECTED_ABSENT,ITEM_ABSENT_FROM_TOC,item_absent_from_toc,item_absent_from_toc,low,low,none,none,0,0
0001551152-26-000017,RISK_FACTORS,1551152,AbbVie Inc.,10-Q,2026-05-08,fix2_status_rename,EXPECTED_ABSENT,ITEM_ABSENT_FROM_TOC,item_absent_from_toc,item_absent_from_toc,low,low,none,none,0,0
0001551152-26-000026,RISK_FACTORS,1551152,AbbVie Inc.,10-Q,2026-08-03,fix2_status_rename,EXPECTED_ABSENT,ITEM_ABSENT_FROM_TOC,item_absent_from_toc,item_absent_from_toc,low,low,none,none,0,0
0001555280-16-000344,MDA,1555280,Zoetis Inc.,10-K,2016-02-24,fix1_ladder_declined,FAIL,FAIL,item_absent_from_toc,toc_recovery_declined,low,low,none,none,0,0
0001555280-16-000344,RISK_FACTORS,1555280,Zoetis Inc.,10-K,2016-02-24,fix1_ladder_recovered,FAIL,FLAGGED,item_absent_from_toc,toc_recovered_f1,low,low,none,anchor_resolving_entry,0,15953
0001555280-17-000044,MDA,1555280,Zoetis Inc.,10-K,2017-02-16,fix1_ladder_declined,FAIL,FAIL,item_absent_from_toc,toc_recovery_declined,low,low,none,none,0,0
0001555280-17-000044,RISK_FACTORS,1555280,Zoetis Inc.,10-K,2017-02-16,fix1_ladder_recovered,FAIL,FLAGGED,item_absent_from_toc,toc_recovered_f1,low,low,none,anchor_resolving_entry,0,15477
0001558370-17-003258,RISK_FACTORS,64803,CVS HEALTH Corp,10-Q,2017-05-02,fix2_status_rename,EXPECTED_ABSENT,ITEM_ABSENT_FROM_TOC,item_absent_from_toc,item_absent_from_toc,low,low,none,none,0,0
0001558370-17-006198,RISK_FACTORS,64803,CVS HEALTH Corp,10-Q,2017-08-08,fix2_status_rename,EXPECTED_ABSENT,ITEM_ABSENT_FROM_TOC,item_absent_from_toc,item_absent_from_toc,low,low,none,none,0,0
0001558370-17-008250,RISK_FACTORS,64803,CVS HEALTH Corp,10-Q,2017-11-06,fix2_status_rename,EXPECTED_ABSENT,ITEM_ABSENT_FROM_TOC,item_absent_from_toc,item_absent_from_toc,low,low,none,none,0,0
0001558370-18-003777,RISK_FACTORS,64803,CVS HEALTH Corp,10-Q,2018-05-02,fix2_status_rename,EXPECTED_ABSENT,ITEM_ABSENT_FROM_TOC,item_absent_from_toc,item_absent_from_toc,low,low,none,none,0,0
0001558370-18-006683,RISK_FACTORS,64803,CVS HEALTH Corp,10-Q,2018-08-08,fix2_status_rename,EXPECTED_ABSENT,ITEM_ABSENT_FROM_TOC,item_absent_from_toc,item_absent_from_toc,low,low,none,none,0,0
0001558370-18-008642,RISK_FACTORS,64803,CVS HEALTH Corp,10-Q,2018-11-06,fix2_status_rename,EXPECTED_ABSENT,ITEM_ABSENT_FROM_TOC,item_absent_from_toc,item_absent_from_toc,low,low,none,none,0,0
0001558370-19-003257,RISK_FACTORS,1318220,"Waste Connections, Inc.",10-Q,2019-04-25,fix2_status_rename,EXPECTED_ABSENT,ITEM_ABSENT_FROM_TOC,item_absent_from_toc,item_absent_from_toc,low,low,none,none,0,0
0001558370-19-006491,RISK_FACTORS,1318220,"Waste Connections, Inc.",10-Q,2019-07-30,fix2_status_rename,EXPECTED_ABSENT,ITEM_ABSENT_FROM_TOC,item_absent_from_toc,item_absent_from_toc,low,low,none,none,0,0
0001558370-19-006560,RISK_FACTORS,51143,INTERNATIONAL BUSINESS MACHINES CORP,10-Q,2019-07-30,fix2_status_rename,EXPECTED_ABSENT,ITEM_ABSENT_FROM_TOC,item_absent_from_toc,item_absent_from_toc,low,low,none,none,0,0
0001558370-19-009250,RISK_FACTORS,1318220,"Waste Connections, Inc.",10-Q,2019-10-29,fix2_status_rename,EXPECTED_ABSENT,ITEM_ABSENT_FROM_TOC,item_absent_from_toc,item_absent_from_toc,low,low,none,none,0,0
0001558370-19-009324,RISK_FACTORS,51143,INTERNATIONAL BUSINESS MACHINES CORP,10-Q,2019-10-29,fix2_status_rename,EXPECTED_ABSENT,ITEM_ABSENT_FROM_TOC,item_absent_from_toc,item_absent_from_toc,low,low,none,none,0,0
0001558370-20-004491,RISK_FACTORS,51143,INTERNATIONAL BUSINESS MACHINES CORP,10-Q,2020-04-28,fix2_status_rename,EXPECTED_ABSENT,ITEM_ABSENT_FROM_TOC,item_absent_from_toc,item_absent_from_toc,low,low,none,none,0,0
0001558370-20-008516,RISK_FACTORS,51143,INTERNATIONAL BUSINESS MACHINES CORP,10-Q,2020-07-28,fix2_status_rename,EXPECTED_ABSENT,ITEM_ABSENT_FROM_TOC,item_absent_from_toc,item_absent_from_toc,low,low,none,none,0,0
0001558370-20-009797,RISK_FACTORS,1318220,"Waste Connections, Inc.",10-Q,2020-08-07,fix2_status_rename,EXPECTED_ABSENT,ITEM_ABSENT_FROM_TOC,item_absent_from_toc,item_absent_from_toc,low,low,none,none,0,0
0001558370-20-011799,RISK_FACTORS,51143,INTERNATIONAL BUSINESS MACHINES CORP,10-Q,2020-10-27,fix2_status_rename,EXPECTED_ABSENT,ITEM_ABSENT_FROM_TOC,item_absent_from_toc,item_absent_from_toc,low,low,none,none,0,0
0001558370-20-011956,RISK_FACTORS,1318220,"Waste Connections, Inc.",10-Q,2020-10-29,fix2_status_rename,EXPECTED_ABSENT,ITEM_ABSENT_FROM_TOC,item_absent_from_toc,item_absent_from_toc,low,low,none,none,0,0
0001558370-21-004922,RISK_FACTORS,51143,INTERNATIONAL BUSINESS MACHINES CORP,10-Q,2021-04-27,fix2_status_rename,EXPECTED_ABSENT,ITEM_ABSENT_FROM_TOC,item_absent_from_toc,item_absent_from_toc,low,low,none,none,0,0
0001558370-21-005162,RISK_FACTORS,1318220,"Waste Connections, Inc.",10-Q,2021-04-29,fix2_status_rename,EXPECTED_ABSENT,ITEM_ABSENT_FROM_TOC,item_absent_from_toc,item_absent_from_toc,low,low,none,none,0,0
0001558370-21-009351,RISK_FACTORS,51143,INTERNATIONAL BUSINESS MACHINES CORP,10-Q,2021-07-27,fix2_status_rename,EXPECTED_ABSENT,ITEM_ABSENT_FROM_TOC,item_absent_from_toc,item_absent_from_toc,low,low,none,none,0,0
0001558370-21-010352,RISK_FACTORS,1318220,"Waste Connections, Inc.",10-Q,2021-08-05,fix2_status_rename,EXPECTED_ABSENT,ITEM_ABSENT_FROM_TOC,item_absent_from_toc,item_absent_from_toc,low,low,none,none,0,0
0001558370-21-013672,RISK_FACTORS,1318220,"Waste Connections, Inc.",10-Q,2021-10-28,fix2_status_rename,EXPECTED_ABSENT,ITEM_ABSENT_FROM_TOC,item_absent_from_toc,item_absent_from_toc,low,low,none,none,0,0
0001558370-21-014734,RISK_FACTORS,51143,INTERNATIONAL BUSINESS MACHINES CORP,10-Q,2021-11-05,fix2_status_rename,EXPECTED_ABSENT,ITEM_ABSENT_FROM_TOC,item_absent_from_toc,item_absent_from_toc,low,low,none,none,0,0
0001558370-22-005983,RISK_FACTORS,51143,INTERNATIONAL BUSINESS MACHINES CORP,10-Q,2022-04-26,fix2_status_rename,EXPECTED_ABSENT,ITEM_ABSENT_FROM_TOC,item_absent_from_toc,item_absent_from_toc,low,low,none,none,0,0
0001558370-22-006923,RISK_FACTORS,1318220,"Waste Connections, Inc.",10-Q,2022-05-04,fix2_status_rename,EXPECTED_ABSENT,ITEM_ABSENT_FROM_TOC,item_absent_from_toc,item_absent_from_toc,low,low,none,none,0,0
0001558370-22-010985,RISK_FACTORS,51143,INTERNATIONAL BUSINESS MACHINES CORP,10-Q,2022-07-25,fix2_status_rename,EXPECTED_ABSENT,ITEM_ABSENT_FROM_TOC,item_absent_from_toc,item_absent_from_toc,low,low,none,none,0,0
0001558370-22-011734,RISK_FACTORS,1318220,"Waste Connections, Inc.",10-Q,2022-08-03,fix2_status_rename,EXPECTED_ABSENT,ITEM_ABSENT_FROM_TOC,item_absent_from_toc,item_absent_from_toc,low,low,none,none,0,0
0001558370-22-015322,RISK_FACTORS,51143,INTERNATIONAL BUSINESS MACHINES CORP,10-Q,2022-10-25,fix2_status_rename,EXPECTED_ABSENT,ITEM_ABSENT_FROM_TOC,item_absent_from_toc,item_absent_from_toc,low,low,none,none,0,0
0001558370-22-016106,RISK_FACTORS,1318220,"Waste Connections, Inc.",10-Q,2022-11-03,fix2_status_rename,EXPECTED_ABSENT,ITEM_ABSENT_FROM_TOC,item_absent_from_toc,item_absent_from_toc,low,low,none,none,0,0
0001558370-23-006656,RISK_FACTORS,51143,INTERNATIONAL BUSINESS MACHINES CORP,10-Q,2023-04-25,fix2_status_rename,EXPECTED_ABSENT,ITEM_ABSENT_FROM_TOC,item_absent_from_toc,item_absent_from_toc,low,low,none,none,0,0
0001558370-23-006942,RISK_FACTORS,1318220,"Waste Connections, Inc.",10-Q,2023-04-27,fix2_status_rename,EXPECTED_ABSENT,ITEM_ABSENT_FROM_TOC,item_absent_from_toc,item_absent_from_toc,low,low,none,none,0,0
0001558370-23-013028,RISK_FACTORS,1318220,"Waste Connections, Inc.",10-Q,2023-08-03,fix2_status_rename,EXPECTED_ABSENT,ITEM_ABSENT_FROM_TOC,item_absent_from_toc,item_absent_from_toc,low,low,none,none,0,0
0001558370-23-016758,RISK_FACTORS,1318220,"Waste Connections, Inc.",10-Q,2023-10-26,fix2_status_rename,EXPECTED_ABSENT,ITEM_ABSENT_FROM_TOC,item_absent_from_toc,item_absent_from_toc,low,low,none,none,0,0
0001558370-24-005670,RISK_FACTORS,1318220,"Waste Connections, Inc.",10-Q,2024-04-25,fix2_status_rename,EXPECTED_ABSENT,ITEM_ABSENT_FROM_TOC,item_absent_from_toc,item_absent_from_toc,low,low,none,none,0,0
0001558370-24-010097,RISK_FACTORS,1318220,"Waste Connections, Inc.",10-Q,2024-07-25,fix2_status_rename,EXPECTED_ABSENT,ITEM_ABSENT_FROM_TOC,item_absent_from_toc,item_absent_from_toc,low,low,none,none,0,0
0001558370-24-013554,RISK_FACTORS,1318220,"Waste Connections, Inc.",10-Q,2024-10-24,fix2_status_rename,EXPECTED_ABSENT,ITEM_ABSENT_FROM_TOC,item_absent_from_toc,item_absent_from_toc,low,low,none,none,0,0
0001558370-25-005319,RISK_FACTORS,1318220,"Waste Connections, Inc.",10-Q,2025-04-24,fix2_status_rename,EXPECTED_ABSENT,ITEM_ABSENT_FROM_TOC,item_absent_from_toc,item_absent_from_toc,low,low,none,none,0,0
0001558370-25-009490,RISK_FACTORS,1318220,"Waste Connections, Inc.",10-Q,2025-07-24,fix2_status_rename,EXPECTED_ABSENT,ITEM_ABSENT_FROM_TOC,item_absent_from_toc,item_absent_from_toc,low,low,none,none,0,0
0001562762-16-000383,RISK_FACTORS,1099590,MERCADOLIBRE INC,10-Q,2016-05-06,fix2_status_rename,EXPECTED_ABSENT,ITEM_ABSENT_FROM_TOC,item_absent_from_toc,item_absent_from_toc,low,low,none,none,0,0
0001562762-16-000414,RISK_FACTORS,1099590,MERCADOLIBRE INC,10-Q,2016-08-05,fix2_status_rename,EXPECTED_ABSENT,ITEM_ABSENT_FROM_TOC,item_absent_from_toc,item_absent_from_toc,low,low,none,none,0,0
0001562762-16-000445,RISK_FACTORS,1099590,MERCADOLIBRE INC,10-Q,2016-11-04,fix2_status_rename,EXPECTED_ABSENT,ITEM_ABSENT_FROM_TOC,item_absent_from_toc,item_absent_from_toc,low,low,none,none,0,0
0001562762-17-000054,RISK_FACTORS,1099590,MERCADOLIBRE INC,10-Q,2017-05-05,fix2_status_rename,EXPECTED_ABSENT,ITEM_ABSENT_FROM_TOC,item_absent_from_toc,item_absent_from_toc,low,low,none,none,0,0
0001562762-17-000120,RISK_FACTORS,1099590,MERCADOLIBRE INC,10-Q,2017-08-04,fix2_status_rename,EXPECTED_ABSENT,ITEM_ABSENT_FROM_TOC,item_absent_from_toc,item_absent_from_toc,low,low,none,none,0,0
0001562762-17-000173,RISK_FACTORS,1099590,MERCADOLIBRE INC,10-Q,2017-11-03,fix2_status_rename,EXPECTED_ABSENT,ITEM_ABSENT_FROM_TOC,item_absent_from_toc,item_absent_from_toc,low,low,none,none,0,0
0001562762-18-000158,RISK_FACTORS,1099590,MERCADOLIBRE INC,10-Q,2018-05-10,fix2_status_rename,EXPECTED_ABSENT,ITEM_ABSENT_FROM_TOC,item_absent_from_toc,item_absent_from_toc,low,low,none,none,0,0
0001562762-18-000229,RISK_FACTORS,1099590,MERCADOLIBRE INC,10-Q,2018-08-09,fix2_status_rename,EXPECTED_ABSENT,ITEM_ABSENT_FROM_TOC,item_absent_from_toc,item_absent_from_toc,low,low,none,none,0,0
0001562762-18-000323,RISK_FACTORS,1099590,MERCADOLIBRE INC,10-Q,2018-11-02,fix2_status_rename,EXPECTED_ABSENT,ITEM_ABSENT_FROM_TOC,item_absent_from_toc,item_absent_from_toc,low,low,none,none,0,0
0001562762-19-000123,RISK_FACTORS,1099590,MERCADOLIBRE INC,10-Q,2019-05-03,fix2_status_rename,EXPECTED_ABSENT,ITEM_ABSENT_FROM_TOC,item_absent_from_toc,item_absent_from_toc,low,low,none,none,0,0
0001562762-19-000164,MDA,732717,AT&T INC.,10-Q,2019-08-05,fix4_n5_floor_rescue,FLAGGED,FLAGGED,below_length_floor,heading_regex_fallback,low,low,heading_regex,heading_regex,234,11015
0001562762-20-000171,MDA,732717,AT&T INC.,10-Q,2020-05-06,fix4_n5_floor_rescue,FLAGGED,FLAGGED,below_length_floor,heading_regex_fallback,low,low,heading_regex,heading_regex,353,9575
0001562762-20-000279,MDA,732717,AT&T INC.,10-Q,2020-08-05,fix4_n5_floor_rescue,FLAGGED,FLAGGED,below_length_floor,heading_regex_fallback,low,low,heading_regex,heading_regex,235,12273
0001562762-21-000023,MDA,24741,CORNING INC /NY,10-K,2021-02-12,fix2_body_heading_mark,FAIL,FAIL,item_absent_from_toc,item_absent_from_toc,low,low,none,none,0,0
0001562762-21-000023,RISK_FACTORS,24741,CORNING INC /NY,10-K,2021-02-12,fix2_body_heading_mark,FAIL,FAIL,item_absent_from_toc,item_absent_from_toc,low,low,none,none,0,0
0001564590-15-006685,RISK_FACTORS,4447,HESS CORP,10-Q,2015-08-07,fix2_status_rename,EXPECTED_ABSENT,ITEM_ABSENT_FROM_TOC,item_absent_from_toc,item_absent_from_toc,low,low,none,none,0,0
0001564590-15-009662,RISK_FACTORS,4447,HESS CORP,10-Q,2015-11-05,fix2_status_rename,EXPECTED_ABSENT,ITEM_ABSENT_FROM_TOC,item_absent_from_toc,item_absent_from_toc,low,low,none,none,0,0
0001564590-15-009883,RISK_FACTORS,1364742,"BlackRock Finance, Inc.",10-Q,2015-11-06,fix2_status_rename,EXPECTED_ABSENT,ITEM_ABSENT_FROM_TOC,item_absent_from_toc,item_absent_from_toc,low,low,none,none,0,0
0001564590-16-018033,RISK_FACTORS,4447,HESS CORP,10-Q,2016-05-05,fix2_status_rename,EXPECTED_ABSENT,ITEM_ABSENT_FROM_TOC,item_absent_from_toc,item_absent_from_toc,low,low,none,none,0,0
0001564590-16-018688,RISK_FACTORS,1364742,"BlackRock Finance, Inc.",10-Q,2016-05-10,fix2_status_rename,EXPECTED_ABSENT,ITEM_ABSENT_FROM_TOC,item_absent_from_toc,item_absent_from_toc,low,low,none,none,0,0
0001564590-16-023003,RISK_FACTORS,4447,HESS CORP,10-Q,2016-08-05,fix2_status_rename,EXPECTED_ABSENT,ITEM_ABSENT_FROM_TOC,item_absent_from_toc,item_absent_from_toc,low,low,none,none,0,0
0001564590-16-023209,RISK_FACTORS,1364742,"BlackRock Finance, Inc.",10-Q,2016-08-08,fix2_status_rename,EXPECTED_ABSENT,ITEM_ABSENT_FROM_TOC,item_absent_from_toc,item_absent_from_toc,low,low,none,none,0,0
0001564590-16-027023,RISK_FACTORS,4447,HESS CORP,10-Q,2016-11-02,fix2_status_rename,EXPECTED_ABSENT,ITEM_ABSENT_FROM_TOC,item_absent_from_toc,item_absent_from_toc,low,low,none,none,0,0
0001564590-16-028171,RISK_FACTORS,1364742,"BlackRock Finance, Inc.",10-Q,2016-11-08,fix2_status_rename,EXPECTED_ABSENT,ITEM_ABSENT_FROM_TOC,item_absent_from_toc,item_absent_from_toc,low,low,none,none,0,0
0001564590-17-008749,RISK_FACTORS,4447,HESS CORP,10-Q,2017-05-04,fix2_status_rename,EXPECTED_ABSENT,ITEM_ABSENT_FROM_TOC,item_absent_from_toc,item_absent_from_toc,low,low,none,none,0,0
0001564590-17-009686,RISK_FACTORS,1364742,"BlackRock Finance, Inc.",10-Q,2017-05-09,fix2_status_rename,EXPECTED_ABSENT,ITEM_ABSENT_FROM_TOC,item_absent_from_toc,item_absent_from_toc,low,low,none,none,0,0
0001564590-17-015349,RISK_FACTORS,4447,HESS CORP,10-Q,2017-08-03,fix2_status_rename,EXPECTED_ABSENT,ITEM_ABSENT_FROM_TOC,item_absent_from_toc,item_absent_from_toc,low,low,none,none,0,0
0001564590-17-016394,RISK_FACTORS,1364742,"BlackRock Finance, Inc.",10-Q,2017-08-08,fix2_status_rename,EXPECTED_ABSENT,ITEM_ABSENT_FROM_TOC,item_absent_from_toc,item_absent_from_toc,low,low,none,none,0,0
0001564590-17-021928,RISK_FACTORS,4447,HESS CORP,10-Q,2017-11-07,fix2_status_rename,EXPECTED_ABSENT,ITEM_ABSENT_FROM_TOC,item_absent_from_toc,item_absent_from_toc,low,low,none,none,0,0
0001564590-17-022570,RISK_FACTORS,1364742,"BlackRock Finance, Inc.",10-Q,2017-11-08,fix2_status_rename,EXPECTED_ABSENT,ITEM_ABSENT_FROM_TOC,item_absent_from_toc,item_absent_from_toc,low,low,none,none,0,0
0001564590-18-010026,RISK_FACTORS,4447,HESS CORP,10-Q,2018-05-01,fix2_status_rename,EXPECTED_ABSENT,ITEM_ABSENT_FROM_TOC,item_absent_from_toc,item_absent_from_toc,low,low,none,none,0,0
0001564590-18-012320,RISK_FACTORS,1364742,"BlackRock Finance, Inc.",10-Q,2018-05-09,fix2_status_rename,EXPECTED_ABSENT,ITEM_ABSENT_FROM_TOC,item_absent_from_toc,item_absent_from_toc,low,low,none,none,0,0
0001564590-18-018485,RISK_FACTORS,4447,HESS CORP,10-Q,2018-08-01,fix2_status_rename,EXPECTED_ABSENT,ITEM_ABSENT_FROM_TOC,item_absent_from_toc,item_absent_from_toc,low,low,none,none,0,0
0001564590-18-020313,RISK_FACTORS,1364742,"BlackRock Finance, Inc.",10-Q,2018-08-08,fix2_status_rename,EXPECTED_ABSENT,ITEM_ABSENT_FROM_TOC,item_absent_from_toc,item_absent_from_toc,low,low,none,none,0,0
0001564590-18-028852,RISK_FACTORS,4447,HESS CORP,10-Q,2018-11-09,fix2_status_rename,EXPECTED_ABSENT,ITEM_ABSENT_FROM_TOC,item_absent_from_toc,item_absent_from_toc,low,low,none,none,0,0
0001564590-18-028881,RISK_FACTORS,1364742,"BlackRock Finance, Inc.",10-Q,2018-11-09,fix2_status_rename,EXPECTED_ABSENT,ITEM_ABSENT_FROM_TOC,item_absent_from_toc,item_absent_from_toc,low,low,none,none,0,0
0001564590-19-014806,RISK_FACTORS,4447,HESS CORP,10-Q,2019-05-01,fix2_status_rename,EXPECTED_ABSENT,ITEM_ABSENT_FROM_TOC,item_absent_from_toc,item_absent_from_toc,low,low,none,none,0,0
0001564590-19-017793,RISK_FACTORS,1364742,"BlackRock Finance, Inc.",10-Q,2019-05-09,fix2_status_rename,EXPECTED_ABSENT,ITEM_ABSENT_FROM_TOC,item_absent_from_toc,item_absent_from_toc,low,low,none,none,0,0
0001564590-19-029357,RISK_FACTORS,4447,HESS CORP,10-Q,2019-08-06,fix2_body_heading_mark,EXPECTED_ABSENT,ITEM_ABSENT_FROM_TOC,item_absent_from_toc,item_absent_from_toc,low,low,none,none,0,0
0001564590-19-030654,RISK_FACTORS,1364742,"BlackRock Finance, Inc.",10-Q,2019-08-08,fix2_status_rename,EXPECTED_ABSENT,ITEM_ABSENT_FROM_TOC,item_absent_from_toc,item_absent_from_toc,low,low,none,none,0,0
0001564590-19-041724,RISK_FACTORS,4447,HESS CORP,10-Q,2019-11-07,fix2_body_heading_mark,EXPECTED_ABSENT,ITEM_ABSENT_FROM_TOC,item_absent_from_toc,item_absent_from_toc,low,low,none,none,0,0
0001564590-19-042157,RISK_FACTORS,1364742,"BlackRock Finance, Inc.",10-Q,2019-11-08,fix2_status_rename,EXPECTED_ABSENT,ITEM_ABSENT_FROM_TOC,item_absent_from_toc,item_absent_from_toc,low,low,none,none,0,0
0001564590-20-004822,MDA,106535,WEYERHAEUSER CO,10-K,2020-02-14,fix1_ladder_declined,FAIL,FAIL,item_absent_from_toc,toc_recovery_declined,low,low,none,none,0,0
0001613103-15-000038,RISK_FACTORS,1613103,Medtronic plc,10-Q,2015-09-09,fix2_status_rename,EXPECTED_ABSENT,ITEM_ABSENT_FROM_TOC,item_absent_from_toc,item_absent_from_toc,low,low,none,none,0,0
0001613103-15-000053,RISK_FACTORS,1613103,Medtronic plc,10-Q,2015-12-09,fix2_status_rename,EXPECTED_ABSENT,ITEM_ABSENT_FROM_TOC,item_absent_from_toc,item_absent_from_toc,low,low,none,none,0,0
0001613103-16-000071,RISK_FACTORS,1613103,Medtronic plc,10-Q,2016-03-09,fix2_status_rename,EXPECTED_ABSENT,ITEM_ABSENT_FROM_TOC,item_absent_from_toc,item_absent_from_toc,low,low,none,none,0,0
0001613103-16-000100,RISK_FACTORS,1613103,Medtronic plc,10-Q,2016-09-07,fix2_status_rename,EXPECTED_ABSENT,ITEM_ABSENT_FROM_TOC,item_absent_from_toc,item_absent_from_toc,low,low,none,none,0,0
0001613103-16-000123,RISK_FACTORS,1613103,Medtronic plc,10-Q,2016-12-05,fix2_status_rename,EXPECTED_ABSENT,ITEM_ABSENT_FROM_TOC,item_absent_from_toc,item_absent_from_toc,low,low,none,none,0,0
0001613103-17-000008,RISK_FACTORS,1613103,Medtronic plc,10-Q,2017-03-03,fix2_status_rename,EXPECTED_ABSENT,ITEM_ABSENT_FROM_TOC,item_absent_from_toc,item_absent_from_toc,low,low,none,none,0,0
0001613103-17-000027,RISK_FACTORS,1613103,Medtronic plc,10-Q,2017-09-01,fix2_status_rename,EXPECTED_ABSENT,ITEM_ABSENT_FROM_TOC,item_absent_from_toc,item_absent_from_toc,low,low,none,none,0,0
0001613103-17-000047,RISK_FACTORS,1613103,Medtronic plc,10-Q,2017-12-04,fix2_status_rename,EXPECTED_ABSENT,ITEM_ABSENT_FROM_TOC,item_absent_from_toc,item_absent_from_toc,low,low,none,none,0,0
0001613103-18-000009,RISK_FACTORS,1613103,Medtronic plc,10-Q,2018-03-02,fix2_status_rename,EXPECTED_ABSENT,ITEM_ABSENT_FROM_TOC,item_absent_from_toc,item_absent_from_toc,low,low,none,none,0,0
0001613103-18-000032,RISK_FACTORS,1613103,Medtronic plc,10-Q,2018-08-31,fix2_status_rename,EXPECTED_ABSENT,ITEM_ABSENT_FROM_TOC,item_absent_from_toc,item_absent_from_toc,low,low,none,none,0,0
0001613103-18-000044,RISK_FACTORS,1613103,Medtronic plc,10-Q,2018-11-29,fix2_status_rename,EXPECTED_ABSENT,ITEM_ABSENT_FROM_TOC,item_absent_from_toc,item_absent_from_toc,low,low,none,none,0,0
0001613103-19-000012,RISK_FACTORS,1613103,Medtronic plc,10-Q,2019-03-01,fix2_status_rename,EXPECTED_ABSENT,ITEM_ABSENT_FROM_TOC,item_absent_from_toc,item_absent_from_toc,low,low,none,none,0,0
0001613103-19-000038,RISK_FACTORS,1613103,Medtronic plc,10-Q,2019-08-30,fix2_status_rename,EXPECTED_ABSENT,ITEM_ABSENT_FROM_TOC,item_absent_from_toc,item_absent_from_toc,low,low,none,none,0,0
0001613103-19-000056,RISK_FACTORS,1613103,Medtronic plc,10-Q,2019-12-03,fix2_status_rename,EXPECTED_ABSENT,ITEM_ABSENT_FROM_TOC,item_absent_from_toc,item_absent_from_toc,low,low,none,none,0,0
0001613103-20-000007,RISK_FACTORS,1613103,Medtronic plc,10-Q,2020-02-28,fix2_status_rename,EXPECTED_ABSENT,ITEM_ABSENT_FROM_TOC,item_absent_from_toc,item_absent_from_toc,low,low,none,none,0,0
0001613103-20-000033,RISK_FACTORS,1613103,Medtronic plc,10-Q,2020-09-03,fix2_status_rename,EXPECTED_ABSENT,ITEM_ABSENT_FROM_TOC,item_absent_from_toc,item_absent_from_toc,low,low,none,none,0,0
0001613103-20-000051,RISK_FACTORS,1613103,Medtronic plc,10-Q,2020-12-03,fix2_status_rename,EXPECTED_ABSENT,ITEM_ABSENT_FROM_TOC,item_absent_from_toc,item_absent_from_toc,low,low,none,none,0,0
0001613103-21-000009,RISK_FACTORS,1613103,Medtronic plc,10-Q,2021-03-05,fix2_status_rename,EXPECTED_ABSENT,ITEM_ABSENT_FROM_TOC,item_absent_from_toc,item_absent_from_toc,low,low,none,none,0,0
0001613103-21-000042,RISK_FACTORS,1613103,Medtronic plc,10-Q,2021-09-02,fix2_status_rename,EXPECTED_ABSENT,ITEM_ABSENT_FROM_TOC,item_absent_from_toc,item_absent_from_toc,low,low,none,none,0,0
0001613103-21-000062,RISK_FACTORS,1613103,Medtronic plc,10-Q,2021-12-02,fix2_status_rename,EXPECTED_ABSENT,ITEM_ABSENT_FROM_TOC,item_absent_from_toc,item_absent_from_toc,low,low,none,none,0,0
0001613103-22-000011,RISK_FACTORS,1613103,Medtronic plc,10-Q,2022-03-03,fix2_status_rename,EXPECTED_ABSENT,ITEM_ABSENT_FROM_TOC,item_absent_from_toc,item_absent_from_toc,low,low,none,none,0,0
0001613103-22-000046,RISK_FACTORS,1613103,Medtronic plc,10-Q,2022-09-01,fix2_status_rename,EXPECTED_ABSENT,ITEM_ABSENT_FROM_TOC,item_absent_from_toc,item_absent_from_toc,low,low,none,none,0,0
0001613103-22-000063,RISK_FACTORS,1613103,Medtronic plc,10-Q,2022-12-01,fix2_status_rename,EXPECTED_ABSENT,ITEM_ABSENT_FROM_TOC,item_absent_from_toc,item_absent_from_toc,low,low,none,none,0,0
0001613103-23-000008,RISK_FACTORS,1613103,Medtronic plc,10-Q,2023-03-01,fix2_status_rename,EXPECTED_ABSENT,ITEM_ABSENT_FROM_TOC,item_absent_from_toc,item_absent_from_toc,low,low,none,none,0,0
0001613103-23-000128,RISK_FACTORS,1613103,Medtronic plc,10-Q,2023-08-31,fix2_status_rename,EXPECTED_ABSENT,ITEM_ABSENT_FROM_TOC,item_absent_from_toc,item_absent_from_toc,low,low,none,none,0,0
0001613103-23-000149,RISK_FACTORS,1613103,Medtronic plc,10-Q,2023-11-30,fix2_status_rename,EXPECTED_ABSENT,ITEM_ABSENT_FROM_TOC,item_absent_from_toc,item_absent_from_toc,low,low,none,none,0,0
0001613103-24-000011,RISK_FACTORS,1613103,Medtronic plc,10-Q,2024-02-27,fix2_status_rename,EXPECTED_ABSENT,ITEM_ABSENT_FROM_TOC,item_absent_from_toc,item_absent_from_toc,low,low,none,none,0,0
0001613103-24-000147,RISK_FACTORS,1613103,Medtronic plc,10-Q,2024-08-27,fix2_status_rename,EXPECTED_ABSENT,ITEM_ABSENT_FROM_TOC,item_absent_from_toc,item_absent_from_toc,low,low,none,none,0,0
0001613103-24-000165,RISK_FACTORS,1613103,Medtronic plc,10-Q,2024-11-26,fix2_status_rename,EXPECTED_ABSENT,ITEM_ABSENT_FROM_TOC,item_absent_from_toc,item_absent_from_toc,low,low,none,none,0,0
0001613103-25-000022,RISK_FACTORS,1613103,Medtronic plc,10-Q,2025-02-25,fix2_status_rename,EXPECTED_ABSENT,ITEM_ABSENT_FROM_TOC,item_absent_from_toc,item_absent_from_toc,low,low,none,none,0,0
0001613103-25-000161,RISK_FACTORS,1613103,Medtronic plc,10-Q,2025-08-26,fix2_status_rename,EXPECTED_ABSENT,ITEM_ABSENT_FROM_TOC,item_absent_from_toc,item_absent_from_toc,low,low,none,none,0,0
0001628280-15-007937,RISK_FACTORS,798354,FISERV INC,10-Q,2015-10-28,fix2_status_rename,EXPECTED_ABSENT,ITEM_ABSENT_FROM_TOC,item_absent_from_toc,item_absent_from_toc,low,low,none,none,0,0
0001628280-18-001147,MDA,1001039,TWDC Enterprises 18 Corp.,10-Q,2018-02-06,fix4_n5_floor_rescue,FLAGGED,FLAGGED,below_length_floor,heading_regex_fallback,low,low,heading_regex,heading_regex,13,8638
0001628280-19-009973,RISK_FACTORS,895421,MORGAN STANLEY,10-Q,2019-08-05,fix2_status_rename,EXPECTED_ABSENT,ITEM_ABSENT_FROM_TOC,item_absent_from_toc,item_absent_from_toc,low,low,none,none,0,0
0001628280-19-013331,RISK_FACTORS,895421,MORGAN STANLEY,10-Q,2019-11-05,fix2_status_rename,EXPECTED_ABSENT,ITEM_ABSENT_FROM_TOC,item_absent_from_toc,item_absent_from_toc,low,low,none,none,0,0
0001628280-21-009296,RISK_FACTORS,4447,HESS CORP,10-Q,2021-05-06,fix2_body_heading_mark,EXPECTED_ABSENT,ITEM_ABSENT_FROM_TOC,item_absent_from_toc,item_absent_from_toc,low,low,none,none,0,0
0001628280-21-015850,RISK_FACTORS,4447,HESS CORP,10-Q,2021-08-05,fix2_body_heading_mark,EXPECTED_ABSENT,ITEM_ABSENT_FROM_TOC,item_absent_from_toc,item_absent_from_toc,low,low,none,none,0,0
0001628280-21-021768,RISK_FACTORS,4447,HESS CORP,10-Q,2021-11-04,fix2_body_heading_mark,EXPECTED_ABSENT,ITEM_ABSENT_FROM_TOC,item_absent_from_toc,item_absent_from_toc,low,low,none,none,0,0
0001628280-22-012659,RISK_FACTORS,4447,HESS CORP,10-Q,2022-05-05,fix2_body_heading_mark,EXPECTED_ABSENT,ITEM_ABSENT_FROM_TOC,item_absent_from_toc,item_absent_from_toc,low,low,none,none,0,0
0001628280-22-020209,RISK_FACTORS,1800,ABBOTT LABORATORIES,10-Q,2022-08-02,fix2_status_rename,EXPECTED_ABSENT,ITEM_ABSENT_FROM_TOC,item_absent_from_toc,item_absent_from_toc,low,low,none,none,0,0
0001628280-22-021084,RISK_FACTORS,4447,HESS CORP,10-Q,2022-08-04,fix2_body_heading_mark,EXPECTED_ABSENT,ITEM_ABSENT_FROM_TOC,item_absent_from_toc,item_absent_from_toc,low,low,none,none,0,0
0001628280-22-027550,RISK_FACTORS,1800,ABBOTT LABORATORIES,10-Q,2022-11-01,fix2_status_rename,EXPECTED_ABSENT,ITEM_ABSENT_FROM_TOC,item_absent_from_toc,item_absent_from_toc,low,low,none,none,0,0
0001628280-22-028196,RISK_FACTORS,4447,HESS CORP,10-Q,2022-11-03,fix2_body_heading_mark,EXPECTED_ABSENT,ITEM_ABSENT_FROM_TOC,item_absent_from_toc,item_absent_from_toc,low,low,none,none,0,0
0001628280-23-015437,RISK_FACTORS,4447,HESS CORP,10-Q,2023-05-04,fix2_body_heading_mark,EXPECTED_ABSENT,ITEM_ABSENT_FROM_TOC,item_absent_from_toc,item_absent_from_toc,low,low,none,none,0,0
0001628280-23-015699,RISK_FACTORS,1800,ABBOTT LABORATORIES,10-Q,2023-05-04,fix2_status_rename,EXPECTED_ABSENT,ITEM_ABSENT_FROM_TOC,item_absent_from_toc,item_absent_from_toc,low,low,none,none,0,0
0001628280-23-015990,RISK_FACTORS,310158,"Merck & Co., Inc.",10-Q,2023-05-05,fix2_status_rename,EXPECTED_ABSENT,ITEM_ABSENT_FROM_TOC,item_absent_from_toc,item_absent_from_toc,low,low,none,none,0,0
0001628280-23-027203,RISK_FACTORS,1800,ABBOTT LABORATORIES,10-Q,2023-08-03,fix2_status_rename,EXPECTED_ABSENT,ITEM_ABSENT_FROM_TOC,item_absent_from_toc,item_absent_from_toc,low,low,none,none,0,0
0001628280-23-027253,RISK_FACTORS,4447,HESS CORP,10-Q,2023-08-03,fix2_body_heading_mark,EXPECTED_ABSENT,ITEM_ABSENT_FROM_TOC,item_absent_from_toc,item_absent_from_toc,low,low,none,none,0,0
0001628280-23-027770,RISK_FACTORS,310158,"Merck & Co., Inc.",10-Q,2023-08-07,fix2_status_rename,EXPECTED_ABSENT,ITEM_ABSENT_FROM_TOC,item_absent_from_toc,item_absent_from_toc,low,low,none,none,0,0
0001628280-23-035957,RISK_FACTORS,1800,ABBOTT LABORATORIES,10-Q,2023-11-01,fix2_status_rename,EXPECTED_ABSENT,ITEM_ABSENT_FROM_TOC,item_absent_from_toc,item_absent_from_toc,low,low,none,none,0,0
0001628280-23-036717,RISK_FACTORS,310158,"Merck & Co., Inc.",10-Q,2023-11-03,fix2_status_rename,EXPECTED_ABSENT,ITEM_ABSENT_FROM_TOC,item_absent_from_toc,item_absent_from_toc,low,low,none,none,0,0
0001628280-24-020011,RISK_FACTORS,1800,ABBOTT LABORATORIES,10-Q,2024-05-02,fix2_status_rename,EXPECTED_ABSENT,ITEM_ABSENT_FROM_TOC,item_absent_from_toc,item_absent_from_toc,low,low,none,none,0,0
0001628280-24-020283,RISK_FACTORS,310158,"Merck & Co., Inc.",10-Q,2024-05-03,fix2_status_rename,EXPECTED_ABSENT,ITEM_ABSENT_FROM_TOC,item_absent_from_toc,item_absent_from_toc,low,low,none,none,0,0
0001628280-24-033740,RISK_FACTORS,1800,ABBOTT LABORATORIES,10-Q,2024-07-31,fix2_status_rename,EXPECTED_ABSENT,ITEM_ABSENT_FROM_TOC,item_absent_from_toc,item_absent_from_toc,low,low,none,none,0,0
0001628280-24-034715,RISK_FACTORS,310158,"Merck & Co., Inc.",10-Q,2024-08-05,fix2_status_rename,EXPECTED_ABSENT,ITEM_ABSENT_FROM_TOC,item_absent_from_toc,item_absent_from_toc,low,low,none,none,0,0
0001628280-24-044602,RISK_FACTORS,1800,ABBOTT LABORATORIES,10-Q,2024-10-31,fix2_status_rename,EXPECTED_ABSENT,ITEM_ABSENT_FROM_TOC,item_absent_from_toc,item_absent_from_toc,low,low,none,none,0,0
0001628280-24-045689,RISK_FACTORS,310158,"Merck & Co., Inc.",10-Q,2024-11-06,fix2_status_rename,EXPECTED_ABSENT,ITEM_ABSENT_FROM_TOC,item_absent_from_toc,item_absent_from_toc,low,low,none,none,0,0
0001628280-25-005347,MDA,24741,CORNING INC /NY,10-K,2025-02-13,fix2_body_heading_mark,FAIL,FAIL,item_absent_from_toc,item_absent_from_toc,low,low,none,none,0,0
0001628280-25-005347,RISK_FACTORS,24741,CORNING INC /NY,10-K,2025-02-13,fix2_body_heading_mark,FAIL,FAIL,item_absent_from_toc,item_absent_from_toc,low,low,none,none,0,0
0001628280-25-021090,RISK_FACTORS,1800,ABBOTT LABORATORIES,10-Q,2025-04-30,fix2_status_rename,EXPECTED_ABSENT,ITEM_ABSENT_FROM_TOC,item_absent_from_toc,item_absent_from_toc,low,low,none,none,0,0
0001628280-25-021834,RISK_FACTORS,310158,"Merck & Co., Inc.",10-Q,2025-05-02,fix2_status_rename,EXPECTED_ABSENT,ITEM_ABSENT_FROM_TOC,item_absent_from_toc,item_absent_from_toc,low,low,none,none,0,0
0001628280-25-036720,RISK_FACTORS,1800,ABBOTT LABORATORIES,10-Q,2025-07-30,fix2_status_rename,EXPECTED_ABSENT,ITEM_ABSENT_FROM_TOC,item_absent_from_toc,item_absent_from_toc,low,low,none,none,0,0
0001628280-25-047131,RISK_FACTORS,1800,ABBOTT LABORATORIES,10-Q,2025-10-29,fix2_status_rename,EXPECTED_ABSENT,ITEM_ABSENT_FROM_TOC,item_absent_from_toc,item_absent_from_toc,low,low,none,none,0,0
0001628280-25-047387,RISK_FACTORS,55785,KIMBERLY CLARK CORP,10-Q,2025-10-30,fix2_status_rename,EXPECTED_ABSENT,ITEM_ABSENT_FROM_TOC,item_absent_from_toc,item_absent_from_toc,low,low,none,none,0,0
0001628280-25-053988,RISK_FACTORS,1613103,Medtronic plc,10-Q,2025-11-25,fix2_status_rename,EXPECTED_ABSENT,ITEM_ABSENT_FROM_TOC,item_absent_from_toc,item_absent_from_toc,low,low,none,none,0,0
0001628280-26-011107,RISK_FACTORS,1613103,Medtronic plc,10-Q,2026-02-24,fix2_status_rename,EXPECTED_ABSENT,ITEM_ABSENT_FROM_TOC,item_absent_from_toc,item_absent_from_toc,low,low,none,none,0,0
0001628280-26-027800,RISK_FACTORS,55785,KIMBERLY CLARK CORP,10-Q,2026-04-28,fix2_status_rename,EXPECTED_ABSENT,ITEM_ABSENT_FROM_TOC,item_absent_from_toc,item_absent_from_toc,low,low,none,none,0,0
0001628280-26-028357,RISK_FACTORS,1800,ABBOTT LABORATORIES,10-Q,2026-04-29,fix2_status_rename,EXPECTED_ABSENT,ITEM_ABSENT_FROM_TOC,item_absent_from_toc,item_absent_from_toc,low,low,none,none,0,0
0001628280-26-029802,RISK_FACTORS,310158,"Merck & Co., Inc.",10-Q,2026-05-04,fix2_status_rename,EXPECTED_ABSENT,ITEM_ABSENT_FROM_TOC,item_absent_from_toc,item_absent_from_toc,low,low,none,none,0,0
0001628280-26-050134,RISK_FACTORS,1800,ABBOTT LABORATORIES,10-Q,2026-07-28,fix2_status_rename,EXPECTED_ABSENT,ITEM_ABSENT_FROM_TOC,item_absent_from_toc,item_absent_from_toc,low,low,none,none,0,0
0001628280-26-052348,RISK_FACTORS,55785,KIMBERLY CLARK CORP,10-Q,2026-08-04,fix2_status_rename,EXPECTED_ABSENT,ITEM_ABSENT_FROM_TOC,item_absent_from_toc,item_absent_from_toc,low,low,none,none,0,0
0001652044-18-000007,RISK_FACTORS,1652044,Alphabet Inc.,10-K,2018-02-06,fix1_ladder_recovered,FAIL,FLAGGED,item_absent_from_toc,toc_recovered_f1,low,medium,none,anchor_resolving_entry,0,10497
0001673379-17-000004,MDA,6769,APACHE CORP,10-K,2017-02-24,fix1_ladder_recovered,FAIL,FLAGGED,item_absent_from_toc,toc_recovered_f1,low,low,none,anchor_resolving_entry,0,13098
0001673379-17-000004,RISK_FACTORS,6769,APACHE CORP,10-K,2017-02-24,fix1_ladder_recovered,FAIL,FLAGGED,item_absent_from_toc,toc_recovered_f1,low,low,none,anchor_resolving_entry,0,6941
0001673379-18-000008,MDA,6769,APACHE CORP,10-K,2018-02-23,fix1_ladder_recovered,FAIL,FLAGGED,item_absent_from_toc,toc_recovered_f1,low,low,none,anchor_resolving_entry,0,12759
0001673379-18-000008,RISK_FACTORS,6769,APACHE CORP,10-K,2018-02-23,fix1_ladder_recovered,FAIL,FLAGGED,item_absent_from_toc,toc_recovered_f1,low,low,none,anchor_resolving_entry,0,6966
0001682852-19-000023,MDA,1682852,"Moderna, Inc.",10-Q,2019-05-09,fix1_ladder_recovered,FAIL,FLAGGED,item_absent_from_toc,toc_recovered_f1,low,medium,none,anchor_resolving_entry,0,10471
0001733037-19-000004,MDA,6769,APACHE CORP,10-K,2019-03-01,fix1_ladder_recovered,FAIL,FLAGGED,item_absent_from_toc,toc_recovered_f1,low,low,none,anchor_resolving_entry,0,13200
0001733037-19-000004,RISK_FACTORS,6769,APACHE CORP,10-K,2019-03-01,fix1_ladder_recovered,FAIL,FLAGGED,item_absent_from_toc,toc_recovered_f1,low,low,none,anchor_resolving_entry,0,7466
0001733037-20-000004,MDA,6769,APACHE CORP,10-K,2020-02-28,fix1_ladder_recovered,FAIL,FLAGGED,item_absent_from_toc,toc_recovered_f1,low,low,none,anchor_resolving_entry,0,12804
0001733037-20-000004,RISK_FACTORS,6769,APACHE CORP,10-K,2020-02-28,fix1_ladder_recovered,FAIL,FLAGGED,item_absent_from_toc,toc_recovered_f1,low,low,none,anchor_resolving_entry,0,7777
0001739940-20-000012,RISK_FACTORS,1739940,Cigna Group,10-Q,2020-05-07,fix2_body_heading_mark,EXPECTED_ABSENT,ITEM_ABSENT_FROM_TOC,item_absent_from_toc,item_absent_from_toc,low,low,none,none,0,0
0001739940-20-000017,RISK_FACTORS,1739940,Cigna Group,10-Q,2020-08-06,fix2_body_heading_mark,EXPECTED_ABSENT,ITEM_ABSENT_FROM_TOC,item_absent_from_toc,item_absent_from_toc,low,low,none,none,0,0
0001739940-20-000021,RISK_FACTORS,1739940,Cigna Group,10-Q,2020-11-05,fix2_body_heading_mark,EXPECTED_ABSENT,ITEM_ABSENT_FROM_TOC,item_absent_from_toc,item_absent_from_toc,low,low,none,none,0,0
0001739940-21-000011,RISK_FACTORS,1739940,Cigna Group,10-Q,2021-05-07,fix2_body_heading_mark,EXPECTED_ABSENT,ITEM_ABSENT_FROM_TOC,item_absent_from_toc,item_absent_from_toc,low,low,none,none,0,0
0001739940-21-000017,RISK_FACTORS,1739940,Cigna Group,10-Q,2021-08-05,fix2_body_heading_mark,EXPECTED_ABSENT,ITEM_ABSENT_FROM_TOC,item_absent_from_toc,item_absent_from_toc,low,low,none,none,0,0
0001739940-21-000024,RISK_FACTORS,1739940,Cigna Group,10-Q,2021-11-04,fix2_body_heading_mark,EXPECTED_ABSENT,ITEM_ABSENT_FROM_TOC,item_absent_from_toc,item_absent_from_toc,low,low,none,none,0,0
0001739940-22-000012,RISK_FACTORS,1739940,Cigna Group,10-Q,2022-05-06,fix2_body_heading_mark,EXPECTED_ABSENT,ITEM_ABSENT_FROM_TOC,item_absent_from_toc,item_absent_from_toc,low,low,none,none,0,0
0001996810-24-000008,RISK_FACTORS,1996810,GE Vernova Inc.,10-Q,2024-04-30,fix2_status_rename,EXPECTED_ABSENT,ITEM_ABSENT_FROM_TOC,item_absent_from_toc,item_absent_from_toc,low,low,none,none,0,0
0001996810-24-000067,RISK_FACTORS,1996810,GE Vernova Inc.,10-Q,2024-07-24,fix2_status_rename,EXPECTED_ABSENT,ITEM_ABSENT_FROM_TOC,item_absent_from_toc,item_absent_from_toc,low,low,none,none,0,0
0001996810-24-000083,RISK_FACTORS,1996810,GE Vernova Inc.,10-Q,2024-10-23,fix2_status_rename,EXPECTED_ABSENT,ITEM_ABSENT_FROM_TOC,item_absent_from_toc,item_absent_from_toc,low,low,none,none,0,0
