accession_number,form,section_type,n_candidates,shipped_words,shipped_start,shipped_head,floor,rescued,new_words,new_start,new_head,company_name,word_count
0000072971-18-000272,10-K,RISK_FACTORS,1,43,38342,ITEM 1A. RISK FACTORS Information in response to this Item 1A can be found in this report on pages 2-6 and in the 2017 Annual Report to Stockholders under “Financial Review – Risk Factors.” That information is incorporated into this,2000,False,,,,WELLS FARGO & COMPANY/MN,43
0000072971-19-000227,10-K,RISK_FACTORS,1,43,37550,ITEM 1A. RISK FACTORS Information in response to this Item 1A can be found in this report on pages 2-6 and in the 2018 Annual Report to Shareholders under “Financial Review – Risk Factors.” That information is incorporated into this,2000,False,,,,WELLS FARGO & COMPANY/MN,43
0000072971-20-000217,10-K,RISK_FACTORS,1,43,37828,ITEM 1A. RISK FACTORS Information in response to this Item 1A can be found in this report under Item 1 and in the 2019 Annual Report to Shareholders under “Financial Review – Risk Factors.” That information is incorporated into this,2000,False,,,,WELLS FARGO & COMPANY/MN,43
0000072971-21-000197,10-K,RISK_FACTORS,1,43,42271,ITEM 1A. RISK FACTORS Information in response to this Item 1A can be found in this report under Item 1 and in the 2020 Annual Report to Shareholders under “Financial Review – Risk Factors.” That information is incorporated into this,2000,False,,,,WELLS FARGO & COMPANY/MN,43
0000036104-25-000016,10-K,RISK_FACTORS,1,40,87876,Item 1A . Risk Factors Information in response to this Item 1A can be found in the 2024 Annual Report on pages 136 to 151 under the heading “Risk Factors.” That information is incorporated into this report by reference. 13,2000,False,,,,US BANCORP \DE\,40
0000036104-26-000011,10-K,RISK_FACTORS,1,39,89379,Item 1A . Risk Factors Information in response to this Item 1A can be found in the 2025 Annual Report on pages 135 to 150 under the heading “Risk Factors.” That information is incorporated into this report by reference.,2000,False,,,,US BANCORP \DE\,39
0000063908-20-000022,10-K,RISK_FACTORS,1,13,252099,"Item 1A Risk Factors and Cautionary Statement Regarding Forward-Looking Statements Pages 3, 25-30",2000,False,,,,MCDONALDS CORP,13
0000063908-21-000013,10-K,RISK_FACTORS,1,13,265739,"Item 1A Risk Factors and Cautionary Statement Regarding Forward-Looking Statements Pages 3, 29-35",2000,False,,,,MCDONALDS CORP,13
0000072971-22-000096,10-K,RISK_FACTORS,1,44,40362,ITEM 1A. RISK FACTORS Information in response to this Item 1A can be found in this report under Item 1 and in the 2021 Annual Report to Shareholders under “Financial Review – Risk Factors.” That information is incorporated into this,2000,False,,,,WELLS FARGO & COMPANY/MN,44
0000072971-23-000071,10-K,RISK_FACTORS,1,43,41799,ITEM 1A. RISK FACTORS Information in response to this Item 1A can be found in this report under Item 1 and in the 2022 Annual Report to Shareholders under “Financial Review – Risk Factors.” That information is incorporated into this,2000,False,,,,WELLS FARGO & COMPANY/MN,43
0000072971-24-000064,10-K,RISK_FACTORS,1,43,40794,ITEM 1A. RISK FACTORS Information in response to this Item 1A can be found in this report under Item 1 and in the 2023 Annual Report to Shareholders under “Financial Review – Risk Factors.” That information is incorporated into this,2000,False,,,,WELLS FARGO & COMPANY/MN,43
0000072971-25-000066,10-K,RISK_FACTORS,1,43,51702,ITEM 1A. RISK FACTORS Information in response to this Item 1A can be found in this report under Item 1 and in the 2024 Annual Report to Shareholders under “Financial Review – Risk Factors.” That information is incorporated into this,2000,False,,,,WELLS FARGO & COMPANY/MN,43
0000072971-26-000133,10-K,RISK_FACTORS,1,43,51085,ITEM 1A. RISK FACTORS Information in response to this Item 1A can be found in this report under Item 1 and in the 2025 Annual Report to Shareholders under “Financial Review – Risk Factors.” That information is incorporated into this,2000,False,,,,WELLS FARGO & COMPANY/MN,43
0000080424-15-000070,10-K,MDA,1,17523,46605,"Item 7. Management's Discussion and Analysis of Financial Condition and Results of Operations. Management's Discussion and Analysis Forward-Looking Statements Certain statements in this report, other than purely historical information, including estimates, projections, statements relating to our business plans, objectives and",1500,False,,,,PROCTER & GAMBLE Co,17523
0000080424-15-000070,10-K,RISK_FACTORS,2,39228,69696,"Item 1A Risk Factors in this 10-K. Global Economic Conditions. Current macroeconomic factors remain dynamic, and any causes of market size contraction, such as greater political unrest in the Middle East and Eastern Europe, further economic instability in the European",2000,False,,,,PROCTER & GAMBLE Co,39228
0000080661-16-000080,10-K,RISK_FACTORS,1,7581,55684,"ITEM 1A. RISK FACTORS Our business involves various risks and uncertainties, certain of which are discussed in this section. Management divides these risks into four broad categories in assessing how they may affect our financial condition, cash flows, and results",2000,False,,,,PROGRESSIVE CORP/OH/,7581
0000034088-20-000016,10-K,RISK_FACTORS,6,30337,159255,"Item 1A. Risk Factors for a more complete discussion of risks. The Corporation’s financial strength enables it to make large, long-term capital expenditures. Capital and exploration expenditures in 2019 were $31.1 billion, reflecting the Corporation’s continued active investment program. The",2000,False,,,,EXXON MOBIL CORP,30337
0000034088-21-000012,10-K,RISK_FACTORS,7,32037,165131,"Item 1A. Risk Factors for a more complete discussion of risks. The Corporation’s financial strength enables it to make large, long-term capital expenditures. Capital and exploration expenditures in 2020 were $21.4 billion, reflecting the Corporation’s continued active investment program. The",2000,False,,,,EXXON MOBIL CORP,32037
0000034088-22-000011,10-K,RISK_FACTORS,6,28793,182704,"Item 1A. Risk Factors for a more complete discussion of risks. The Corporation’s financial strength enables it to make large, long-term capital expenditures. Capital and exploration expenditures in 2021 were $16.6 billion, reflecting the Corporation’s continued active investment program. The",2000,False,,,,EXXON MOBIL CORP,28793
0000036104-24-000018,10-K,RISK_FACTORS,1,39,93426,Item 1A . Risk Factors Information in response to this Item 1A can be found in the 2023 Annual Report on pages 140 to 155 under the heading “Risk Factors.” That information is incorporated into this report by reference.,2000,False,,,,US BANCORP \DE\,39
0000080661-17-000012,10-K,RISK_FACTORS,1,7785,47616,"ITEM 1A. RISK FACTORS Our business involves various risks and uncertainties, certain of which are discussed in this section. Management divides these risks into four broad categories in assessing how they may affect our financial condition, cash flows, and results",2000,False,,,,PROGRESSIVE CORP/OH/,7785
0000080661-18-000011,10-K,RISK_FACTORS,1,7976,50205,"ITEM 1A. RISK FACTORS Our business involves various risks and uncertainties, certain of which are discussed in this section. Management divides these risks into five broad categories in assessing how they may affect our financial condition, cash flows, and results",2000,False,,,,PROGRESSIVE CORP/OH/,7976
0000080661-19-000008,10-K,RISK_FACTORS,1,8183,49115,"ITEM 1A. RISK FACTORS Our business involves various risks and uncertainties, certain of which are discussed in this section. Management divides these risks into five broad categories in assessing how they may affect our financial condition, cash flows, and results",2000,False,,,,PROGRESSIVE CORP/OH/,8183
0000080661-20-000006,10-K,RISK_FACTORS,1,8913,51490,"ITEM 1A. RISK FACTORS Our business involves various risks and uncertainties, certain of which are discussed in this section. Management divides these risks into five broad categories in assessing how they may affect our financial condition, cash flows, and results",2000,False,,,,PROGRESSIVE CORP/OH/,8913
0000080661-21-000014,10-K,RISK_FACTORS,1,10045,56148,"ITEM 1A. RISK FACTORS I. Summary Our business involves various risks and uncertainties, certain of which are discussed in this section. Management divides these risks into five broad categories in assessing how they may affect our financial condition, cash flows,",2000,False,,,,PROGRESSIVE CORP/OH/,10045
0000080661-22-000046,10-K,RISK_FACTORS,1,10696,62945,"ITEM 1A. RISK FACTORS I. Summary Our business involves various risks and uncertainties, certain of which are discussed in this section. Management divides these risks into five broad categories in assessing how they may affect our financial condition, cash flows,",2000,False,,,,PROGRESSIVE CORP/OH/,10696
0000080661-23-000006,10-K,RISK_FACTORS,1,11563,63632,"ITEM 1A. RISK FACTORS I. Summary Our business involves various risks and uncertainties, certain of which are discussed in this section. Management divides these risks into five broad categories in assessing how they may affect our financial condition, cash flows,",2000,False,,,,PROGRESSIVE CORP/OH/,11563
0000080661-24-000007,10-K,RISK_FACTORS,1,10865,65452,"ITEM 1A. RISK FACTORS I. Summary Our business involves various risks and uncertainties, certain of which are discussed in this section. Management divides these risks into five broad categories in assessing how they may affect our financial condition, cash flows,",2000,False,,,,PROGRESSIVE CORP/OH/,10865
0000080661-25-000007,10-K,RISK_FACTORS,1,10767,66116,"ITEM 1A. RISK FACTORS I. Summary Our business involves various risks and uncertainties, certain of which are discussed in this section. Management divides these risks into five broad categories in assessing how they may affect our financial condition, cash flows,",2000,False,,,,PROGRESSIVE CORP/OH/,10767
0000080661-26-000086,10-K,RISK_FACTORS,1,10820,65969,"ITEM 1A. RISK FACTORS I. Summary Our business involves various risks and uncertainties, certain of which are discussed in this section. Management divides these risks into five broad categories in assessing how they may affect our financial condition, cash flows,",2000,False,,,,PROGRESSIVE CORP/OH/,10820
0000086521-16-000091,10-K,RISK_FACTORS,1,16984,78714,"ITEM 1A. RISK FACTORS When evaluating our company and its subsidiaries, you should consider carefully the following risk factors and all other information contained in this report. These risk factors could materially adversely affect our actual results and cause such",2000,False,,,,SEMPRA,16984
0000097476-20-000009,10-K,MDA,1,3438,55018,"ITEM 7. Management’s discussion and analysis of financial condition and results of operations Overview We design, make and sell semiconductors to electronics designers and manufacturers all over the world. For many years, we have run our business with three overarching",1500,False,,,,TEXAS INSTRUMENTS INC,3438
0000097476-20-000009,10-K,RISK_FACTORS,1,1187,25230,ITEM 1A. Risk factors You should read the following risk factors in conjunction with the factors discussed elsewhere in this and other of our filings with the Securities and Exchange Commission (SEC) and in materials incorporated by reference into these,2000,False,,,,TEXAS INSTRUMENTS INC,1187
0000097476-21-000006,10-K,MDA,1,3306,57122,"ITEM 7. Management’s discussion and analysis of financial condition and results of operations Overview We design, make and sell semiconductors to electronics designers and manufacturers all over the world. Technology is the foundation of our company, but ultimately, our objective",1500,False,,,,TEXAS INSTRUMENTS INC,3306
0000097476-21-000006,10-K,RISK_FACTORS,1,3845,25981,ITEM 1A. Risk factors You should read the following risk factors in conjunction with the factors discussed elsewhere in this and other of our filings with the Securities and Exchange Commission (SEC) and in materials incorporated by reference into these,2000,False,,,,TEXAS INSTRUMENTS INC,3845
0000097476-22-000009,10-K,MDA,1,2716,55614,"ITEM 7. Management’s discussion and analysis of financial condition and results of operations Overview We design, make and sell semiconductors to electronics designers and manufacturers all over the world. Technology is the foundation of our company, but ultimately, our objective",1500,False,,,,TEXAS INSTRUMENTS INC,2716
0000024741-18-000010,10-K,MDA,1,24021,82859,Item 7. Management’s Discussion and Analysis of Financial Condition and Results of Operations ﻿ Organization of Information ﻿ Management’s Discussion and Analysis provides a historical and prospective narrative on the Company’s financial condition and results of operations. This discussion includes,1500,False,,,,CORNING INC /NY,24021
0000024741-18-000010,10-K,RISK_FACTORS,1,4010,47781,"Item 1A. Risk Factors ﻿ We operate in rapidly changing economic , political, and technological environments that present numerous risks, many of which are driven by factors that we cannot control or predict. Our operations and financial results are subject",2000,False,,,,CORNING INC /NY,4010
0000024741-19-000016,10-K,MDA,1,18685,79423,Item 7. Management’s Discussion and Analysis of Financial Condition and Results of Operations ﻿ Organization of Information ﻿ Management’s Discussion and Analysis provides a historical and prospective narrative on the Company’s financial condition and results of operations. This discussion includes,1500,False,,,,CORNING INC /NY,18685
0000024741-19-000016,10-K,RISK_FACTORS,1,3908,45692,"Item 1A. Risk Factors ﻿ We operate in rapidly changing economic, political, and technological environments that present numerous risks. Our operations and financial results are subject to risks and uncertainties, including those described below, that could adversely affect our business,",2000,False,,,,CORNING INC /NY,3908
0000097476-22-000009,10-K,RISK_FACTORS,1,3817,26601,ITEM 1A. Risk factors You should read the following risk factors in conjunction with the factors discussed elsewhere in this and other of our filings with the Securities and Exchange Commission (SEC) and in materials incorporated by reference into these,2000,False,,,,TEXAS INSTRUMENTS INC,3817
0000097476-23-000007,10-K,MDA,1,2793,56824,"ITEM 7. Management’s discussion and analysis of financial condition and results of operations Overview We design and manufacture semiconductors that we sell to electronics designers and manufacturers all over the world. Technology is the foundation of our company, but ultimately,",1500,False,,,,TEXAS INSTRUMENTS INC,2793
0000097476-23-000007,10-K,RISK_FACTORS,1,3836,27563,ITEM 1A. Risk factors You should read the following risk factors in conjunction with the factors discussed elsewhere in this and other of our filings with the Securities and Exchange Commission (SEC) and in materials incorporated by reference into these,2000,False,,,,TEXAS INSTRUMENTS INC,3836
0000097476-24-000007,10-K,MDA,1,2534,62990,"ITEM 7. Management’s discussion and analysis of financial condition and results of operations Overview We design and manufacture semiconductors that we sell to electronics designers and manufacturers all over the world. Technology is the foundation of our company, but ultimately,",1500,False,,,,TEXAS INSTRUMENTS INC,2534
0000097476-24-000007,10-K,RISK_FACTORS,1,3976,27401,ITEM 1A. Risk factors You should read the following risk factors in conjunction with the factors discussed elsewhere in this and other of our filings with the Securities and Exchange Commission (SEC) and in materials incorporated by reference into these,2000,False,,,,TEXAS INSTRUMENTS INC,3976
0000097476-25-000007,10-K,MDA,1,2334,61845,"ITEM 7. Management’s discussion and analysis of financial condition and results of operations Overview We design and manufacture semiconductors that we sell to electronics designers and manufacturers all over the world. Technology is the foundation of our company, but ultimately,",1500,False,,,,TEXAS INSTRUMENTS INC,2334
0000097476-25-000007,10-K,RISK_FACTORS,1,3955,26425,ITEM 1A. Risk factors You should read the following risk factors in conjunction with the factors discussed elsewhere in this and other of our filings with the Securities and Exchange Commission (SEC) and in materials incorporated by reference into these,2000,False,,,,TEXAS INSTRUMENTS INC,3955
0000097476-26-000059,10-K,MDA,1,2902,61877,"ITEM 7. Management’s discussion and analysis of financial condition and results of operations Overview We design and manufacture semiconductors that we sell to electronics designers and manufacturers all over the world. Technology is the foundation of our company, but ultimately,",1500,False,,,,TEXAS INSTRUMENTS INC,2902
0000097476-26-000059,10-K,RISK_FACTORS,1,4046,25698,ITEM 1A. Risk factors You should read the following risk factors in conjunction with the factors discussed elsewhere in this and other of our filings with the Securities and Exchange Commission (SEC) and in materials incorporated by reference into these,2000,False,,,,TEXAS INSTRUMENTS INC,4046
0000104169-16-000079,10-K,RISK_FACTORS,2,7777,59157,"ITEM 1A. RISK FACTORS The risks described below could materially and adversely affect our business, results of operations, financial condition and liquidity. Our business operations could also be affected by additional factors that apply to all companies operating in the",2000,False,,,,Walmart Inc.,7777
0000104169-17-000021,10-K,RISK_FACTORS,2,8037,59751,"ITEM 1A. RISK FACTORS The risks described below could materially and adversely affect our business, results of operations, financial condition and liquidity. Our business operations could also be affected by additional factors that apply to all companies operating in the",2000,False,,,,Walmart Inc.,8037
0000310764-16-000226,10-K,MDA,2,7561,51667,"ITEM 7. MANAGEMENT’S DISCUSSION AND ANALYSIS OF FINANCIAL CONDITION AND RESULTS OF OPERATIONS. ABOUT STRYKER Stryker Corporation is a global leader in medical technology with 2015 revenues of $9,946 and net earnings of $ 1,439 . We offer a diverse",1500,False,,,,STRYKER CORP,7561
0000072741-16-000063,10-K,MDA,2,25180,156700,Item 7. Management's Discussion and Analysis of Financial Condition and Results of Operations EVERSOURCE ENERGY AND SUBSIDIARIES The following discussion and analysis should be read in conjunction with our consolidated financial statements and related combined notes included in this combined,1500,False,,,,EVERSOURCE ENERGY,25180
0000072741-16-000063,10-K,RISK_FACTORS,1,3655,95818,"Item 1A. Risk Factors In addition to the matters set forth under ""Safe Harbor Statement Under the Private Securities Litigation Reform Act of 1995"" included immediately prior to Item 1, Business, above, we are subject to a variety of significant",2000,False,,,,EVERSOURCE ENERGY,3655
0000072971-16-001045,10-K,RISK_FACTORS,1,43,40740,ITEM 1A. RISK FACTORS Information in response to this Item 1A can be found in this report on pages 2-6 and in the 2015 Annual Report to Stockholders under “Financial Review – Risk Factors.” That information is incorporated into this,2000,False,,,,WELLS FARGO & COMPANY/MN,43
0000072971-17-000278,10-K,RISK_FACTORS,1,43,36517,ITEM 1A. RISK FACTORS Information in response to this Item 1A can be found in this report on pages 2-6 and in the 2016 Annual Report to Stockholders under “Financial Review – Risk Factors.” That information is incorporated into this,2000,False,,,,WELLS FARGO & COMPANY/MN,43
0000310764-16-000226,10-K,RISK_FACTORS,1,3040,23828,"ITEM 1A. RISK FACTORS. This report contains statements referring to us that are not historical facts and are considered ""forward-looking statements"" within the meaning of the Private Securities Litigation Reform Act of 1995. These statements, which are intended to take",2000,False,,,,STRYKER CORP,3040
0000310764-17-000034,10-K,MDA,2,6743,51227,"ITEM 7. MANAGEMENT’S DISCUSSION AND ANALYSIS OF FINANCIAL CONDITION AND RESULTS OF OPERATIONS. ABOUT STRYKER Stryker Corporation is a global leader in medical technology and offers a diverse array of innovative medical technologies including orthopaedic, medical and surgical, and neurotechnology",1500,False,,,,STRYKER CORP,6743
0000310764-17-000034,10-K,RISK_FACTORS,1,3144,22909,"ITEM 1A. RISK FACTORS. This report contains statements referring to us that are not historical facts and are considered ""forward-looking statements"" within the meaning of the Private Securities Litigation Reform Act of 1995. These statements, which are intended to take",2000,False,,,,STRYKER CORP,3144
0000310764-18-000031,10-K,MDA,2,6901,48725,ITEM 7. MANAGEMENT’S DISCUSSION AND ANALYSIS OF FINANCIAL CONDITION AND RESULTS OF OPERATIONS. Overview of 2017 Our goal is to achieve sales growth at the high-end of the medical technology (MedTech) industry and maintain our capital allocation strategy that prioritizes:,1500,False,,,,STRYKER CORP,6901
0000034088-16-000065,10-K,RISK_FACTORS,7,27287,154706,"Item 1A. Risk Factors for a more complete discussion of risks. 48 MANAGEMENT’S DISCUSSION AND ANALYSIS OF FINANCIAL CONDITION AND RESULTS OF OPERATIONS The Corporation’s financial strength enables it to make large, long-term capital expenditures. Capital and exploration expenditures in",2000,False,,,,EXXON MOBIL CORP,27287
0000034088-17-000017,10-K,RISK_FACTORS,7,29107,157961,"Item 1A. Risk Factors for a more complete discussion of risks. 49 MANAGEMENT’S DISCUSSION AND ANALYSIS OF FINANCIAL CONDITION AND RESULTS OF OPERATIONS The Corporation’s financial strength enables it to make large, long-term capital expenditures. Capital and exploration expenditures in",2000,False,,,,EXXON MOBIL CORP,29107
0000034088-18-000015,10-K,RISK_FACTORS,7,30394,163226,"Item 1A. Risk Factors for a more complete discussion of risks. The Corporation’s financial strength enables it to make large, long-term capital expenditures. Capital and exploration expenditures in 2017 were $23.1 billion, reflecting the Corporation’s continued active investment program. The",2000,False,,,,EXXON MOBIL CORP,30394
0000034088-19-000010,10-K,RISK_FACTORS,6,28950,162992,"Item 1A. Risk Factors for a more complete discussion of risks. The Corporation’s financial strength enables it to make large, long-term capital expenditures. Capital and exploration expenditures in 2018 were $25.9 billion, reflecting the Corporation’s continued active investment program. The",2000,False,,,,EXXON MOBIL CORP,28950
0000732717-16-000147,10-K,RISK_FACTORS,1,1001,51693,"ITEM 1A. RISK FACTORS Information required by this Item is included in the Annual Report under the heading ""Risk Factors"" on pages 36 through 39 which is incorporated herein by reference pursuant to General Instruction G(2). CAUTIONARY LANGUAGE CONCERNING FORWARD-LOOKING",2000,False,,,,AT&T INC.,1001
0000732717-17-000021,10-K,RISK_FACTORS,1,1010,49559,ITEM 1A. RISK FACTORS Information required by this Item is included in the Annual Report under the heading “Risk Factors” on pages 39 through 43 which is incorporated herein by reference pursuant to General Instruction G(2). CAUTIONARY LANGUAGE CONCERNING FORWARD-LOOKING,2000,False,,,,AT&T INC.,1010
0000732717-18-000009,10-K,RISK_FACTORS,1,985,52984,"ITEM 1A. RISK FACTORS Information required by this Item is included in the Annual Report under the heading ""Risk Factors"" on pages 44 through 47 which is incorporated herein by reference pursuant to General Instruction G(2). CAUTIONARY LANGUAGE CONCERNING FORWARD-LOOKING",2000,False,,,,AT&T INC.,985
0000827052-20-000026,10-K,MDA,1,86391,24766,"Item 7. Management's Discussion and Analysis of Financial Condition and Results of Operations in Edison International's and SCE's combined Annual Report on Form 10-K for the year ended December 31, 2018 , which was filed with the SEC in February",1500,False,,,,EDISON INTERNATIONAL,86391
0000310764-18-000031,10-K,RISK_FACTORS,1,3296,20966,"ITEM 1A. RISK FACTORS. This report contains statements that are not historical facts and are considered ""forward-looking statements"" within the meaning of the Private Securities Litigation Reform Act of 1995. These statements are based on current projections about operations, industry",2000,False,,,,STRYKER CORP,3296
0000310764-19-000014,10-K,MDA,2,7479,48955,ITEM 7. MANAGEMENT’S DISCUSSION AND ANALYSIS OF FINANCIAL CONDITION AND RESULTS OF OPERATIONS. Overview of 2018 Our goal is to achieve sales growth at the high-end of the medical technology (MedTech) industry and maintain our capital allocation strategy that prioritizes:,1500,False,,,,STRYKER CORP,7479
0000310764-19-000014,10-K,RISK_FACTORS,1,3564,20177,"ITEM 1A. RISK FACTORS. This report contains statements that are not historical facts and are considered ""forward-looking statements"" within the meaning of the Private Securities Litigation Reform Act of 1995. These statements are based on current projections about operations, industry",2000,False,,,,STRYKER CORP,3564
0000723125-15-000112,10-K,RISK_FACTORS,6,30782,171009,"Item 1A. Risk Factors."" Changes in currency exchange rates could materially adversely affect our results of operations or financial condition. 40 The functional currency for all of our consolidated subsidiaries is the U.S. dollar. The substantial majority of our revenues",2000,False,,,,MICRON TECHNOLOGY INC,30782
0000723125-18-000092,10-K,MDA,1,3223,134394,"ITEM 7. MANAGEMENT'S DISCUSSION AND ANALYSIS OF FINANCIAL CONDITION AND RESULTS OF OPERATIONS This discussion should be read in conjunction with the consolidated financial statements and accompanying notes for the year ended August 30, 2018. All period references are to",1500,False,,,,MICRON TECHNOLOGY INC,3223
0000723125-18-000092,10-K,RISK_FACTORS,4,25070,183450,"Item 1A. Risk Factors."" Changes in currency exchange rates could materially adversely affect our results of operations or financial condition. The functional currency for all of our operations is the U.S. dollar. The substantial majority of our sales are transacted",2000,False,,,,MICRON TECHNOLOGY INC,25070
0000723125-19-000094,10-K,MDA,1,2558,149550,"ITEM 7. MANAGEMENT'S DISCUSSION AND ANALYSIS OF FINANCIAL CONDITION AND RESULTS OF OPERATIONS This discussion should be read in conjunction with the consolidated financial statements and accompanying notes for the year ended August 29, 2019 . All period references are",1500,False,,,,MICRON TECHNOLOGY INC,2558
0000723125-19-000094,10-K,RISK_FACTORS,4,23672,195556,"Item 1A. Risk Factors."" Changes in currency exchange rates could materially adversely affect our results of operations or financial condition. The functional currency for all of our operations is the U.S. dollar. The substantial majority of our sales are transacted",2000,False,,,,MICRON TECHNOLOGY INC,23672
0000723125-16-000269,10-K,MDA,1,3001,127484,"ITEM 7. MANAGEMENT'S DISCUSSION AND ANALYSIS OF FINANCIAL CONDITION AND RESULTS OF OPERATIONS The following discussion contains trend information and other forward-looking statements that involve a number of risks and uncertainties. Forward-looking statements include, but are not limited to, statements",1500,False,,,,MICRON TECHNOLOGY INC,3001
0000723125-16-000269,10-K,RISK_FACTORS,6,30387,185630,"Item 1A. Risk Factors."" Changes in currency exchange rates could materially adversely affect our results of operations or financial condition. The functional currency for us and all of our consolidated subsidiaries is the U.S. dollar. The substantial majority of our",2000,False,,,,MICRON TECHNOLOGY INC,30387
0000723125-17-000131,10-K,MDA,1,3011,119878,"ITEM 7. MANAGEMENT'S DISCUSSION AND ANALYSIS OF FINANCIAL CONDITION AND RESULTS OF OPERATIONS The following discussion contains trend information and other forward-looking statements that involve a number of risks and uncertainties. Forward-looking statements include, but are not limited to, statements",1500,False,,,,MICRON TECHNOLOGY INC,3011
0000723125-17-000131,10-K,RISK_FACTORS,6,27976,173514,"Item 1A. Risk Factors."" Changes in currency exchange rates could materially adversely affect our results of operations or financial condition. The functional currency for all of our operations is the U.S. dollar. The substantial majority of our sales are transacted",2000,False,,,,MICRON TECHNOLOGY INC,27976
0000827052-25-000022,10-K,MDA,1,88695,29101,"Item 7. Management's Discussion and Analysis of Financial Condition and Results of Operations in Edison International's and SCE's combined Annual Report on Form 10-K for the year ended December 31, 2023, which was filed with the SEC in February 2024.",1500,False,,,,EDISON INTERNATIONAL,88695
0000827052-26-000012,10-K,MDA,1,89738,30359,"Item 7. Management's Discussion and Analysis of Financial Condition and Results of Operations in Edison International's and SCE's combined Annual Report on Form 10-K for the year ended December 31, 2024, which was filed with the SEC in February 2025.",1500,False,,,,EDISON INTERNATIONAL,89738
0000950103-16-011313,10-K,MDA,5,12689,212050,ITEM 7: Management’s discussion and analysis of financial condition and results of operations The following discussion should be read in conjunction with the Company’s consolidated financial statements contained in ITEM 15: Exhibits and Financial Statement Schedules in this Annual Report,1500,False,,,,Shire plc,12689
0000950103-16-011313,10-K,RISK_FACTORS,2,11322,119347,"ITEM 1A: Risk Factors The Company has adopted a risk management strategy designed to identify, assess and manage the significant risks that it faces. While the Company aims to identify and manage such risks, no risk management strategy can provide",2000,False,,,,Shire plc,11322
0001047469-16-010246,10-K,RISK_FACTORS,2,83,55587,"Item 1A. Risk Factors"" of this Form 10-K, may cause actual results to differ materially from current expectations, estimates, projections, forecasts, and from past results. No assurance can be made that any expectation, estimate, or projection contained in a forward-looking",2000,True,3817.0,29739.0,"ITEM 1A. RISK FACTORS In addition to the other information in this report, the following risk factors should be considered before deciding to invest in any of Abbott's securities. Additional risks and uncertainties not presently known to Abbott, or risks",ABBOTT LABORATORIES,83
0001047469-16-010329,10-K,RISK_FACTORS,1,3746,49500,"Item 1A. Risk Factors: Downturn in Economic Environment and Client Spending Budgets could impact the Company's Business: If overall demand for IBM's products and solutions decreases, whether due to general economic conditions or a shift in client buying patterns, the",2000,False,,,,INTERNATIONAL BUSINESS MACHINES CORP,3746
0001047469-17-000744,10-K,MDA,1,13763,79926,"ITEM 7. MANAGEMENT'S DISCUSSION AND ANALYSIS OF FINANCIAL CONDITION AND RESULTS OF OPERATIONS Financial Review Abbott's revenues are derived primarily from the sale of a broad line of health care products under short-term receivable arrangements. Patent protection and licenses, technological",1500,False,,,,ABBOTT LABORATORIES,13763
0001047469-17-000744,10-K,RISK_FACTORS,2,83,60977,"Item 1A. Risk Factors"" of this Form 10-K, may cause actual results to differ materially from current expectations, estimates, projections, forecasts, and from past results. No assurance can be made that any expectation, estimate, or projection contained in a forward-looking",2000,True,4077.0,33066.0,"ITEM 1A. RISK FACTORS In addition to the other information in this report, the following risk factors should be considered before deciding to invest in any of Abbott's securities. Additional risks and uncertainties not presently known to Abbott, or risks",ABBOTT LABORATORIES,83
0000827052-21-000019,10-K,MDA,1,92348,28268,"Item 7. Management's Discussion and Analysis of Financial Condition and Results of Operations in Edison International's and SCE's combined Annual Report on Form 10-K for the year ended December 31, 2019 , which was filed with the SEC in February",1500,False,,,,EDISON INTERNATIONAL,92348
0000827052-22-000006,10-K,MDA,1,88747,29013,"Item 7. Management's Discussion and Analysis of Financial Condition and Results of Operations in Edison International's and SCE's combined Annual Report on Form 10-K for the year ended December 31, 2020, which was filed with the SEC in February 2021.",1500,False,,,,EDISON INTERNATIONAL,88747
0000827052-23-000010,10-K,MDA,1,90433,30631,"Item 7. Management's Discussion and Analysis of Financial Condition and Results of Operations in Edison International's and SCE's combined Annual Report on Form 10-K for the year ended December 31, 2021, which was filed with the SEC in February 2022.",1500,False,,,,EDISON INTERNATIONAL,90433
0000827052-24-000013,10-K,MDA,1,90355,29631,"Item 7. Management's Discussion and Analysis of Financial Condition and Results of Operations in Edison International's and SCE's combined Annual Report on Form 10-K for the year ended December 31, 2022, which was filed with the SEC in February 2023.",1500,False,,,,EDISON INTERNATIONAL,90355
0001035002-22-000007,10-K,RISK_FACTORS,9,32564,204857,"ITEM 1A. RISK FACTORS—Risks Related to Our Business, Industry, and Operations— Legal, regulatory, and political matters and developments regarding climate change, GHG or other air emissions, fuel efficiency, or the environment may decrease the demand for our petroleum-based products and",2000,False,,,,VALERO ENERGY CORP/TX,32564
0001047469-16-010239,10-K,MDA,1,11251,118386,"ITEM 7. MANAGEMENT'S DISCUSSION AND ANALYSIS OF FINANCIAL CONDITION AND RESULTS OF OPERATIONS The following is a discussion and analysis of the financial condition of AbbVie Inc. (AbbVie or the company) as of December 31, 2015 and 2014 and results",1500,False,,,,AbbVie Inc.,11251
0001047469-16-010239,10-K,RISK_FACTORS,1,6935,52441,"ITEM 1A. RISK FACTORS You should carefully consider the following risks and other information in this Form 10-K in evaluating AbbVie and AbbVie's common stock. Any of the following risks could materially and adversely affect AbbVie's results of operations, financial",2000,False,,,,AbbVie Inc.,6935
0001047469-16-010246,10-K,MDA,1,12260,71592,"ITEM 7. MANAGEMENT'S DISCUSSION AND ANALYSIS OF FINANCIAL CONDITION AND RESULTS OF OPERATIONS Financial Review Abbott's revenues are derived primarily from the sale of a broad line of health care products under short-term receivable arrangements. Patent protection and licenses, technological",1500,False,,,,ABBOTT LABORATORIES,12260
0001047469-17-001061,10-K,RISK_FACTORS,1,3909,45980,"Item 1A. Risk Factors: Downturn in Economic Environment and Client Spending Budgets could impact the Company's Business: If overall demand for IBM's products and solutions decreases, whether due to general economic conditions or a shift in client buying patterns, the",2000,False,,,,INTERNATIONAL BUSINESS MACHINES CORP,3909
0001047469-18-000856,10-K,MDA,1,14829,71557,"ITEM 7. MANAGEMENT'S DISCUSSION AND ANALYSIS OF FINANCIAL CONDITION AND RESULTS OF OPERATIONS Financial Review Abbott's revenues are derived primarily from the sale of a broad line of health care products under short-term receivable arrangements. Patent protection and licenses, technological",1500,False,,,,ABBOTT LABORATORIES,14829
0001047469-18-000856,10-K,RISK_FACTORS,2,83,58452,"Item 1A. Risk Factors"" of this Form 10-K, may cause actual results to differ materially from current expectations, estimates, projections, forecasts, and from past results. No assurance can be made that any expectation, estimate, or projection contained in a forward-looking",2000,True,3654.0,33380.0,"ITEM 1A. RISK FACTORS In addition to the other information in this report, the following risk factors should be considered before deciding to invest in any of Abbott's securities. Additional risks and uncertainties not presently known to Abbott, or risks",ABBOTT LABORATORIES,83
0001047469-18-001117,10-K,RISK_FACTORS,1,4139,43618,"Item 1A. Risk Factors: Downturn in Economic Environment and Client Spending Budgets could impact the Company's Business: If overall demand for IBM's products and solutions decreases, whether due to general economic conditions or a shift in client buying patterns, the",2000,False,,,,INTERNATIONAL BUSINESS MACHINES CORP,4139
0001047469-19-000624,10-K,MDA,1,14029,69009,"ITEM 7. MANAGEMENT'S DISCUSSION AND ANALYSIS OF FINANCIAL CONDITION AND RESULTS OF OPERATIONS Financial Review Abbott's revenues are derived primarily from the sale of a broad line of health care products under short-term receivable arrangements. Patent protection and licenses, technological",1500,False,,,,ABBOTT LABORATORIES,14029
0001047469-19-000624,10-K,RISK_FACTORS,2,83,57399,"Item 1A. Risk Factors"" of this Form 10-K, may cause actual results to differ materially from current expectations, estimates, projections, forecasts, and from past results. No assurance can be made that any expectation, estimate, or projection contained in a forward-looking",2000,True,3741.0,31616.0,"ITEM 1A. RISK FACTORS In addition to the other information in this report, the following risk factors should be considered before deciding to invest in any of Abbott's securities. Additional risks and uncertainties not presently known to Abbott, or risks",ABBOTT LABORATORIES,83
0001047469-19-000712,10-K,RISK_FACTORS,1,4416,45124,"Item 1A. Risk Factors: Downturn in Economic Environment and Client Spending Budgets Could Impact the Company's Business: If overall demand for IBM's products and solutions decreases, whether due to general economic conditions or a shift in client buying patterns, the",2000,False,,,,INTERNATIONAL BUSINESS MACHINES CORP,4416
0001104659-20-023904,10-K,MDA,1,13587,69024,"ITEM 7. MANAGEMENT’S DISCUSSION AND ANALYSIS OF FINANCIAL CONDITION AND RESULTS OF OPERATIONS Financial Review Abbott’s revenues are derived primarily from the sale of a broad line of health care products under short-term receivable arrangements. Patent protection and licenses, technological",1500,False,,,,ABBOTT LABORATORIES,13587
0001104659-20-023904,10-K,RISK_FACTORS,2,85,56977,"Item 1A. Risk Factors” of this Form 10-K, may cause actual results to differ materially from current expectations, estimates, projections, forecasts, and from past results. No assurance can be made that any expectation, estimate, or projection contained in a forward-looking",2000,True,3730.0,31310.0,"ITEM 1A. RISK FACTORS In addition to the other information in this report, the following risk factors should be considered before deciding to invest in any of Abbott’s securities. Additional risks and uncertainties not presently known to Abbott, or risks",ABBOTT LABORATORIES,85
0001104659-21-025751,10-K,MDA,1,11529,75086,"ITEM 7. MANAGEMENT’S DISCUSSION AND ANALYSIS OF FINANCIAL CONDITION AND RESULTS OF OPERATIONS Financial Review Abbott’s revenues are derived primarily from the sale of a broad line of health care products under short-term receivable arrangements. Patent protection and licenses, technological",1500,False,,,,ABBOTT LABORATORIES,11529
0001104659-21-025751,10-K,RISK_FACTORS,3,85,64609,"Item 1A. Risk Factors” of this Form 10-K, may cause actual results to differ materially from current expectations, estimates, projections, forecasts, and from past results. No assurance can be made that any expectation, estimate, or projection contained in a forward-looking",2000,True,4076.0,36515.0,"ITEM 1A. RISK FACTORS In addition to the other information in this report, the following risk factors should be considered before deciding to invest in any of Abbott’s securities. Additional risks and uncertainties not presently known to Abbott, or risks",ABBOTT LABORATORIES,85
0001104659-22-025141,10-K,MDA,1,11492,81540,"ITEM 7. MANAGEMENT’S DISCUSSION AND ANALYSIS OF FINANCIAL CONDITION AND RESULTS OF OPERATIONS Financial Review Abbott’s revenues are derived primarily from the sale of a broad line of health care products under short-term receivable arrangements. Patent protection and licenses, technological",1500,False,,,,ABBOTT LABORATORIES,11492
0001193125-15-387033,10-K,MDA,1,2740,160057,"Item 7. Management’s Discussion and Analysis of Financial Condition and Results of Operations Trust Overview SPDR ® Gold Trust is an investment trust that was formed on November 12, 2004 (Date of Inception). The Trust issues baskets of Shares, or",1500,False,,,,SPDR GOLD TRUST,2740
0001193125-15-387033,10-K,RISK_FACTORS,1,6663,112694,"Item 1A. Risk Factors You should consider carefully the risks described below before making an investment decision. You should also refer to the other information included in this report, including the Trust’s financial statements and the related notes. The value",2000,False,,,,SPDR GOLD TRUST,6663
0001193125-16-477965,10-K,RISK_FACTORS,1,5712,94863,Item 1A. Risk Factors. The Company must respond successfully to ongoing changes in the U.S. television industry and consumer viewing patterns to remain competitive. The Company derives a substantial portion of its revenues and profits from its cable networks and,2000,False,,,,"WARNER MEDIA, LLC",5712
0001193125-16-478568,10-K,RISK_FACTORS,1,39,73796,Item 1A. Risk Factors Information in response to this Item 1A can be found in the Company’s 2015 Annual Report on pages 156 to 166 under the heading “Risk Factors.” That information is incorporated into this report by reference.,2000,False,,,,US BANCORP \DE\,39
0001193125-16-521424,10-K,MDA,1,8315,88927,"ITEM 7. Management’s Discussion and Analysis of Financial Condition and Results of Operations The discussion that follows relates to our 52-week fiscal years ended January 30, 2016 (fiscal 2016), January 31, 2015 (fiscal 2015) and February 1, 2014 (fiscal 2014).",1500,False,,,,TJX COMPANIES INC /DE/,8315
0001193125-16-521424,10-K,RISK_FACTORS,1,7442,30542,"ITEM 1A. Risk Factors The statements in this section describe the major risks to our business and should be considered carefully, in connection with all of the other information set forth in this annual report on Form 10-K. The risks",2000,False,,,,TJX COMPANIES INC /DE/,7442
0001193125-17-053483,10-K,RISK_FACTORS,1,7387,99536,Item 1A. Risk Factors. The Company must respond successfully to ongoing changes in the U.S. television industry and consumer viewing patterns to remain competitive. The Company derives a substantial portion of its revenues and profits from its cable networks and,2000,False,,,,"WARNER MEDIA, LLC",7387
0001193125-17-053947,10-K,RISK_FACTORS,1,39,69687,Item 1A. Risk Factors Information in response to this Item 1A can be found in the Company’s 2016 Annual Report on pages 148 to 157 under the heading “Risk Factors.” That information is incorporated into this report by reference.,2000,False,,,,US BANCORP \DE\,39
0001193125-17-099642,10-K,MDA,1,8500,89995,"ITEM 7. Management’s Discussion and Analysis of Financial Condition and Results of Operations The discussion that follows relates to our 52-week fiscal years ended January 28, 2017 (fiscal 2017), January 30, 2016 (fiscal 2016) and January 31, 2015 (fiscal 2015).",1500,False,,,,TJX COMPANIES INC /DE/,8500
0001193125-17-099642,10-K,RISK_FACTORS,1,7481,30991,"ITEM 1A. Risk Factors The statements in this section describe the major risks to our business and should be considered carefully, in connection with all of the other information set forth in this annual report on Form 10-K. The risks",2000,False,,,,TJX COMPANIES INC /DE/,7481
0001193125-18-053619,10-K,RISK_FACTORS,1,8287,105059,Item 1A. Risk Factors. The Company must respond successfully to ongoing changes in the U.S. television industry and consumer viewing patterns to remain competitive. The Company derives a substantial portion of its revenues and profits from its cable networks and,2000,False,,,,"WARNER MEDIA, LLC",8287
0001193125-18-053893,10-K,RISK_FACTORS,1,39,69019,Item 1A. Risk Factors Information in response to this Item 1A can be found in the 2017 Annual Report on pages 146 to 156 under the heading “Risk Factors.” That information is incorporated into this report by reference. 15,2000,False,,,,US BANCORP \DE\,39
0001104659-22-025141,10-K,RISK_FACTORS,4,85,68130,"Item 1A. Risk Factors” of this Form 10-K, may cause actual results to differ materially from current expectations, estimates, projections, forecasts, and from past results. No assurance can be made that any expectation, estimate, or projection contained in a forward-looking",2000,True,7258.0,17654.0,"Item 1A. Risk Factors.” Patents, Trademarks, and Licenses Abbott is aware of the desirability for patent and trademark protection for its products. Accordingly, where possible, patents and trademarks are sought and obtained for Abbott’s products in the United States and",ABBOTT LABORATORIES,85
0001104659-26-018357,10-K,MDA,2,12155,134803,"Item 7. Management’s Discussion and Analysis of Financial Condition and Results of Operations. The following management discussion and analysis (“MD&A”) provides information that we believe is useful in understanding our operating results, cash flows and financial condition. We provide quantitative",1500,False,,,,ECOLAB INC.,12155
0001104659-26-018357,10-K,RISK_FACTORS,2,44685,125473,"Item 1A. Risk Factors” of this Form 10-K. Cybersecurity Governance Ecolab’s ISSC, chaired by our CISO, meets regularly and as needed. The Committee is comprised of executive leaders including the Executive Vice President and General Manager - Ecolab Digital (“EVP",2000,False,,,,ECOLAB INC.,44685
0001122304-16-000201,10-K,RISK_FACTORS,1,30,64493,"Item 1A. Risk Factors The information contained in the “Forward-Looking Information/Risk Factors” section of the MD&A, which begins on page 42 of the Annual Report, is incorporated herein by reference.",2000,False,,,,AETNA INC /PA/,30
0001193125-20-039954,10-K,RISK_FACTORS,1,4813,62805,Item 1A. RISK FACTORS You should carefully consider the following risk factors in addition to the other information included in this Annual Report on Form 10-K. These risk factors are not the only risks we face. Our business could also,2000,False,,,,CONOCOPHILLIPS,4813
0001193125-20-043622,10-K,RISK_FACTORS,1,38,74119,Item 1A. Risk Factors Information in response to this Item 1A can be found in the 2019 Annual Report on pages 146 to 156 under the heading “Risk Factors.” That information is incorporated into this report by reference.,2000,False,,,,US BANCORP \DE\,38
0001193125-21-052547,10-K,RISK_FACTORS,1,38,85902,Item 1A. Risk Factors Information in response to this Item 1A can be found in the 2020 Annual Report on pages 146 to 158 under the heading “Risk Factors.” That information is incorporated into this report by reference.,2000,False,,,,US BANCORP \DE\,38
0001193125-22-048709,10-K,RISK_FACTORS,1,38,80639,Item 1A. Risk Factors Information in response to this Item 1A can be found in the 2021 Annual Report on pages 137 to 150 under the heading “Risk Factors.” That information is incorporated into this report by reference.,2000,False,,,,US BANCORP \DE\,38
0001193125-18-107423,10-K,MDA,1,9380,94454,ITEM 7. Management’s Discussion and Analysis of Financial Condition and Results of Operations TJX provides projections and other forward-looking statements in the following discussions particularly relating to the Company’s future financial performance. These forward-looking statements are estimates based on information,1500,False,,,,TJX COMPANIES INC /DE/,9380
0001193125-18-107423,10-K,RISK_FACTORS,1,7909,33049,"ITEM 1A. Risk Factors The statements in this section describe the major risks to our business and should be considered carefully, in connection with all of the other information set forth in this annual report on Form 10-K. The risks",2000,False,,,,TJX COMPANIES INC /DE/,7909
0001193125-19-047201,10-K,RISK_FACTORS,1,38,77966,Item 1A. Risk Factors Information in response to this Item 1A can be found in the 2018 Annual Report on pages 144 to 154 under the heading “Risk Factors.” That information is incorporated into this report by reference.,2000,False,,,,US BANCORP \DE\,38
0001193125-20-039954,10-K,MDA,1,19363,108545,Item 7. MANAGEMENT’S DISCUSSION AND ANALYSIS OF FINANCIAL CONDITION AND RESULTS OF OPERATIONS Management’s Discussion and Analysis is the company’s analysis of its financial performance and of significant trends that may affect future performance. It should be read in conjunction,1500,False,,,,CONOCOPHILLIPS,19363
0001558370-20-001334,10-K,RISK_FACTORS,1,4575,42144,"Item 1A. Risk Factors: Downturn in Economic Environment and Client Spending Budgets Could Impact the Company’s Business: If overall demand for IBM’s products and solutions decreases, whether due to general economic conditions or a shift in client buying patterns, the",2000,False,,,,INTERNATIONAL BUSINESS MACHINES CORP,4575
0001558370-20-001788,10-K,MDA,2,13825,121732,"Item 7. Management’s Discussion and Analysis of Financial Condition and Results of Operations. The following management discussion and analysis (“MD&A”) provides information that we believe is useful in understanding our operating results, cash flows and financial condition. We provide quantitative",1500,False,,,,ECOLAB INC.,13825
0001558370-20-001788,10-K,RISK_FACTORS,1,5084,72831,"Item 1A. Risk Factors . The following are important factors which could affect our financial performance and could cause our actual results for future periods to differ materially from our anticipated results or other expectations, including those expressed in any",2000,False,,,,ECOLAB INC.,5084
0001558370-21-001489,10-K,RISK_FACTORS,1,5263,17326,"Item 1A. Risk Factors: Risks Related to Our Business Downturn in Economic Environment and Client Spending Budgets Could Impact the Company’s Business: If overall demand for IBM’s products and solutions decreases, whether due to general economic conditions, including those associated",2000,False,,,,INTERNATIONAL BUSINESS MACHINES CORP,5263
0001193125-23-050691,10-K,RISK_FACTORS,1,38,96040,Item 1A. Risk Factors Information in response to this Item 1A can be found in the 2022 Annual Report on pages 140 to 155 under the heading “Risk Factors.” That information is incorporated into this report by reference.,2000,False,,,,US BANCORP \DE\,38
0001358071-16-000026,10-K,RISK_FACTORS,3,13087,82186,Item 1A. Risk Factors You should consider carefully the following risk factors together with all of the other information included in this report and other reports filed with the SEC before investing in our securities. If any of the following,2000,False,,,,CONCHO RESOURCES INC,13087
0001358071-17-000005,10-K,RISK_FACTORS,3,13698,79051,Item 1A. Risk Factors You should consider carefully the following risk factors together with all of the other information included in this report and other reports filed with the SEC before investing in our securities. If any of the following,2000,False,,,,CONCHO RESOURCES INC,13698
0001558370-18-000707,10-K,RISK_FACTORS,2,13060,78789,"Item 1A. Risk Factors Our business is subject to various industry, economic, regulatory and other risks and uncertainties. Our business, financial condition, results of operations, cash flows and prospects could be materially adversely affected by any one or more of",2000,False,,,,CVS HEALTH Corp,13060
0001558370-21-001916,10-K,MDA,2,15020,134764,"Item 7. Management’s Discussion and Analysis of Financial Condition and Results of Operations. The following management discussion and analysis (“MD&A”) provides information that we believe is useful in understanding our operating results, cash flows and financial condition. We provide quantitative",1500,False,,,,ECOLAB INC.,15020
0001558370-21-001916,10-K,RISK_FACTORS,1,5678,79796,"Item 1A. Risk Factors . The following are important factors which could affect our financial performance and could cause our actual results for future periods to differ materially from our anticipated results or other expectations, including those expressed in any",2000,False,,,,ECOLAB INC.,5678
0001558370-22-001584,10-K,RISK_FACTORS,1,5205,16244,"Item 1A. Risk Factors: Risks Related to Our Business Downturn in Economic Environment and Client Spending Budgets Could Impact the Company’s Business: If overall demand for IBM’s products and solutions decreases, whether due to general economic conditions, including those associated",2000,False,,,,INTERNATIONAL BUSINESS MACHINES CORP,5205
0001558370-22-002059,10-K,MDA,2,14502,134455,"Item 7. Management’s Discussion and Analysis of Financial Condition and Results of Operations. The following management discussion and analysis (“MD&A”) provides information that we believe is useful in understanding our operating results, cash flows and financial condition. We provide quantitative",1500,False,,,,ECOLAB INC.,14502
0001558370-22-002059,10-K,RISK_FACTORS,1,6208,81627,"Item 1A. Risk Factors . The following are important factors which could affect our financial performance and could cause our actual results for future periods to differ materially from our anticipated results or other expectations, including those expressed in any",2000,False,,,,ECOLAB INC.,6208
0001558370-23-001969,10-K,MDA,2,14493,134620,"Item 7. Management’s Discussion and Analysis of Financial Condition and Results of Operations. The following management discussion and analysis (“MD&A”) provides information that we believe is useful in understanding our operating results, cash flows and financial condition. We provide quantitative",1500,False,,,,ECOLAB INC.,14493
0001558370-23-001969,10-K,RISK_FACTORS,1,6042,82327,"Item 1A. Risk Factors . The following are important factors which could affect our financial performance and could cause our actual results for future periods to differ materially from our anticipated results or other expectations, including those expressed in any",2000,False,,,,ECOLAB INC.,6042
0001558370-23-002376,10-K,RISK_FACTORS,1,5108,16597,"Item 1A. Risk Factors: Risks Related to Our Business Downturn in Economic Environment and Client Spending Budgets Could Impact the Company’s Business: If overall demand for IBM’s products and solutions decreases, whether due to general economic conditions, or a shift",2000,False,,,,INTERNATIONAL BUSINESS MACHINES CORP,5108
0001562762-16-000352,10-K,MDA,5,23319,250695,ITEM 7. MANAGEMENT’S DISCUSSION AND ANALYSIS OF FINANCIAL CONDITION AND RESULTS OF OPERATIONS You should read the following discussion and analysis of our financial condition and results of our operations in conjunction with our “Selected Financial Data” and our audited,1500,False,,,,MERCADOLIBRE INC,23319
0001562762-16-000352,10-K,RISK_FACTORS,3,62815,238848,Item 1A. Risk factors—Risks related to our business—We could face legal and financial liability for the sale of items that infringe on the intellectual property and distribution rights of others and for information disseminated on the MercadoLibre Marketplace”. 38 Table,2000,False,,,,MERCADOLIBRE INC,62815
0001562762-17-000024,10-K,MDA,4,28944,165327,"Item 7 Management’s Discussion and Analysis of Financial Condition and Results of Operations—Critical accounting policies and estimates—Foreign Currency Translation”. While we have in the past entered into transactions to hedge portions of our foreign currency translation exposure, these transactions are",1500,False,,,,MERCADOLIBRE INC,28944
0001562762-17-000024,10-K,RISK_FACTORS,4,60028,201453,Item 1A. Risk factors—Risks related to our business—We could face legal and financial liability for the sale of items that infringe on the intellectual property and distribution rights of others and for information disseminated on the MercadoLibre Marketplace”. ﻿ ﻿,2000,False,,,,MERCADOLIBRE INC,60028
0001558370-24-001581,10-K,MDA,2,13071,130820,"Item 7. Management’s Discussion and Analysis of Financial Condition and Results of Operations. The following management discussion and analysis (“MD&A”) provides information that we believe is useful in understanding our operating results, cash flows and financial condition. We provide quantitative",1500,False,,,,ECOLAB INC.,13071
0001558370-24-001581,10-K,RISK_FACTORS,2,45053,121875,"Item 1A. Risk Factors” of this Form 10-K. Cybersecurity Governance Ecolab’s ISSC, chaired by our CISO meets as needed. The Committee is comprised of executive leaders including the Chief Information Officer (“CIO”), Chief Digital Officer, Chief Operating Officer, Chief Financial",2000,False,,,,ECOLAB INC.,45053
0001558370-25-001263,10-K,MDA,2,12804,128622,"Item 7. Management’s Discussion and Analysis of Financial Condition and Results of Operations. The following management discussion and analysis (“MD&A”) provides information that we believe is useful in understanding our operating results, cash flows and financial condition. We provide quantitative",1500,False,,,,ECOLAB INC.,12804
0001558370-25-001263,10-K,RISK_FACTORS,2,45169,119795,"Item 1A. Risk Factors” of this Form 10-K. Cybersecurity Governance Ecolab’s ISSC, chaired by our CISO, meets as needed. The Committee is comprised of executive leaders including the Executive Vice President and General Manager - Ecolab Digital (“EVP & GM",2000,False,,,,ECOLAB INC.,45169
0000004281-18-000127,10-Q,MDA,1,4228,97555,"Item 2. Management’s Discussion and Analysis of Financial Condition and Results of Operations. (dollars in millions, except per share amounts) Overview Our Business Arconic (“Arconic” or the “Company”) is a global leader in lightweight metals engineering and manufacturing. Arconic’s innovative,",1000,False,,,,Howmet Aerospace Inc.,4228
0000004281-19-000059,10-Q,MDA,1,2925,67435,"Item 2. Management’s Discussion and Analysis of Financial Condition and Results of Operations. (dollars in millions, except per share amounts; shipments in thousands of metric tons [kmt]) Overview Our Business Arconic (“Arconic” or the “Company”) is a global leader in",1000,False,,,,Howmet Aerospace Inc.,2925
0000004281-19-000096,10-Q,MDA,1,4219,84451,"Item 2. Management’s Discussion and Analysis of Financial Condition and Results of Operations. (dollars in millions, except per share amounts; shipments in thousands of metric tons [kmt]) Overview Our Business Arconic (“Arconic” or the “Company”) is a global leader in",1000,False,,,,Howmet Aerospace Inc.,4219
0000004281-19-000121,10-Q,MDA,1,4131,93775,"Item 2. Management’s Discussion and Analysis of Financial Condition and Results of Operations. (dollars in millions, except per share amounts; shipments in thousands of metric tons [kmt]) Overview Our Business Arconic (“Arconic” or the “Company”) is a global leader in",1000,False,,,,Howmet Aerospace Inc.,4131
0001628280-19-003834,10-K,MDA,1,8577,86690,ITEM 7. Management’s Discussion and Analysis of Financial Condition and Results of Operations TJX provides projections and other forward-looking statements in the following discussions particularly relating to the Company’s future financial performance. These forward-looking statements are estimates based on information,1500,False,,,,TJX COMPANIES INC /DE/,8577
0001628280-19-003834,10-K,RISK_FACTORS,1,7331,28199,"ITEM 1A. Risk Factors The statements in this section describe the major risks to our business and should be considered carefully, in connection with all of the other information set forth in this annual report on Form 10-K. The risks",2000,False,,,,TJX COMPANIES INC /DE/,7331
0000004281-18-000060,10-Q,MDA,1,3089,72703,"Item 2. Management’s Discussion and Analysis of Financial Condition and Results of Operations. (dollars in millions, except per share amounts) Overview Our Business Arconic (“Arconic” or the “Company”) is a global leader in lightweight metals engineering and manufacturing. Arconic’s innovative,",1000,False,,,,Howmet Aerospace Inc.,3089
0000004281-18-000109,10-Q,MDA,1,4099,88995,"Item 2. Management’s Discussion and Analysis of Financial Condition and Results of Operations. (dollars in millions, except per share amounts) Overview Our Business Arconic (“Arconic” or the “Company”) is a global leader in lightweight metals engineering and manufacturing. Arconic’s innovative,",1000,False,,,,Howmet Aerospace Inc.,4099
0001562762-18-000040,10-K,MDA,4,28898,159494,"Item 7 Management’s Discussion and Analysis of Financial Condition and Results of Operations—Critical Accounting Policies and Estimates—Foreign Currency Translation”. While we have in the past entered into transactions to hedge portions of our foreign currency translation exposure, these transactions are",1500,False,,,,MERCADOLIBRE INC,28898
0001562762-18-000040,10-K,RISK_FACTORS,4,55775,192094,Item 1A. Risk factors—Risks related to our business—We could face legal and financial liability for the sale of items that infringe on the intellectual property and distribution rights of others and for information disseminated on the MercadoLibre Marketplace”. Buyer Protection,2000,False,,,,MERCADOLIBRE INC,55775
0001562762-19-000047,10-K,MDA,3,24664,58277,"Item 7. Management’s Discussion and Analysis of Financial Condition and Results of Operations—Description of Line Items—Net revenues” and Note 7, Segments to our audited consolidated financial statements included elsewhere in this report and incorporated by reference in this Item 1.",1500,False,,,,MERCADOLIBRE INC,24664
0001562762-19-000047,10-K,RISK_FACTORS,4,15621,59899,"ITEM 1A. RISK FACTORS For purposes of this section, the term “stockholders” means the holders of shares of our common stock. Set forth below are the risks that we believe are material to our stockholders and prospective stockholders. You should",2000,False,,,,MERCADOLIBRE INC,15621
0001564590-17-002142,10-K,MDA,1,4447,55824,"ITEM 7. Management’s Discussion and Analysis of Financial Condition and Results of Operations. Overview We design, make and sell semiconductors to electronics designers and manufacturers all over the world. Our business model is carefully constructed around the following attributes: •",1500,False,,,,TEXAS INSTRUMENTS INC,4447
0001564590-17-002142,10-K,RISK_FACTORS,1,3481,26341,ITEM 1A. Risk Factors. You should read the following risk factors in conjunction with the factors discussed elsewhere in this and other of our filings with the Securities and Exchange Commission (SEC) and in materials incorporated by reference into these,2000,False,,,,TEXAS INSTRUMENTS INC,3481
0001564590-18-002832,10-K,RISK_FACTORS,1,3641,26239,ITEM 1A. Risk Factors. You should read the following risk factors in conjunction with the factors discussed elsewhere in this and other of our filings with the Securities and Exchange Commission (SEC) and in materials incorporated by reference into these,2000,False,,,,TEXAS INSTRUMENTS INC,3641
0001564590-19-003839,10-K,RISK_FACTORS,1,3694,24701,ITEM 1A. Risk Factors. You should read the following risk factors in conjunction with the factors discussed elsewhere in this and other of our filings with the Securities and Exchange Commission (SEC) and in materials incorporated by reference into these,2000,False,,,,TEXAS INSTRUMENTS INC,3694
0001562762-20-000064,10-K,MDA,1,15373,111361,"ITEM 7. MANAGEMENT’S DISCUSSION AND ANALYSIS OF FINANCIAL CONDITION AND RESULTS OF OPERATIONS OVERVIEW AT&T Inc. is referred to as “we,” “AT&T” or the “Company” throughout this document, and the names of the particular subsidiaries and affiliates providing the services",1500,False,,,,AT&T INC.,15373
0001562762-20-000064,10-K,RISK_FACTORS,1,4943,67798,"ITEM 1A. RISK FACTORS In addition to the other information set forth in this document, including the matters contained under the caption “Cautionary Language Concerning Forward-Looking Statements,” you should carefully read the matters described below. We believe that each of",2000,False,,,,AT&T INC.,4943
0001562762-21-000027,10-K,MDA,7,20487,130490,Item 7. MANAGEMENT’S DISCUSSION AND ANALYSIS OF FINANCIAL CONDITION AND RESULTS OF OPERATIONS Management’s Discussion and Analysis is the company’s analysis of its financial performance and of significant trends that may affect future performance. It should be read in conjunction,1500,False,,,,CONOCOPHILLIPS,20487
0001562762-21-000027,10-K,RISK_FACTORS,1,6712,76067,Item 1A. RISK FACTORS You should carefully consider the following risk factors in addition to the other information included in this Annual Report on Form 10-K. These risk factors are not the only risks we face. Our business could also,2000,False,,,,CONOCOPHILLIPS,6712
0000004281-20-000109,10-Q,MDA,1,4163,80408,"Item 2. Management’s Discussion and Analysis of Financial Condition and Results of Operations. (dollars in millions, except per share amounts; shipments in thousands of metric tons [kmt]) Overview On April 1, 2020, Howmet Aerospace Inc. (formerly known as Arconic Inc)",1000,False,,,,Howmet Aerospace Inc.,4163
0000004281-20-000109,10-Q,RISK_FACTORS,2,1754,119996,"Item 1A. Risk Factors in our Annual Report on Form 10-K for the year ended December 31, 2019, including, but not limited to, risks related to global economic conditions, competition, loss of customers, costs of supplies, manufacturing difficulties and disruptions,",15,False,,,,Howmet Aerospace Inc.,1754
0000004281-20-000160,10-Q,MDA,1,5418,87921,"Item 2. Management’s Discussion and Analysis of Financial Condition and Results of Operations. (dollars in millions, except per share amounts) Overview On April 1, 2020, Howmet Aerospace Inc. (formerly known as Arconic Inc.) (""Howmet"" or the “Company”) completed the previously",1000,False,,,,Howmet Aerospace Inc.,5418
0000004281-20-000160,10-Q,RISK_FACTORS,3,129,136017,"Item 1A. Risk Factors in our Quarterly Report on Form 10-Q for the quarter ended March 31, 2020, including, but not limited to, risks related to global economic conditions, competition, loss of customers, costs of supplies, manufacturing difficulties and disruptions,",15,False,,,,Howmet Aerospace Inc.,129
0001562762-22-000031,10-K,MDA,1,18932,118150,Item 7. Management’s Discussion and Analysis of Financial Condition and Results of Operations Management’s Discussion and Analysis is the company’s analysis of its financial performance and of significant trends that may affect future performance. It should be read in conjunction,1500,False,,,,CONOCOPHILLIPS,18932
0001562762-22-000031,10-K,RISK_FACTORS,1,6645,65433,Item 1A. Risk Factors You should carefully consider the following risk factors in addition to the other information included in this Annual Report on Form 10-K. These risk factors are not the only risks we face. Our business could also,2000,False,,,,CONOCOPHILLIPS,6645
0001564590-16-013126,10-K,MDA,1,4632,57890,"ITEM 7. Management’s Discussion and Analysis of Financial Condition and Results of Operations. Overview We design, make and sell semiconductors to electronics designers and manufacturers all over the world. Our business model is carefully constructed around the following attributes: ·",1500,False,,,,TEXAS INSTRUMENTS INC,4632
0001564590-16-013126,10-K,RISK_FACTORS,1,3626,27436,ITEM 1A. Risk Factors. You should read the following risk factors in conjunction with the factors discussed elsewhere in this and other of our filings with the Securities and Exchange Commission (SEC) and in materials incorporated by reference into these,2000,False,,,,TEXAS INSTRUMENTS INC,3626
0000021665-20-000026,10-Q,RISK_FACTORS,2,487,147753,"Item 1A. Risk Factors of the Company’s Annual Report on Form 10-K for the year ended December 31, 2019. We face various risks related to pandemics, epidemics or similar widespread public health concerns, which may have a material adverse effect",15,False,,,,COLGATE PALMOLIVE CO,487
0000021665-21-000010,10-Q,RISK_FACTORS,2,22,106889,"Item 1A. Risk Factors of the Company’s Annual Report on Form 10-K for the year ended December 31, 2020. 41 COLGATE-PALMOLIVE COMPANY",15,False,,,,COLGATE PALMOLIVE CO,22
0000021665-21-000025,10-Q,RISK_FACTORS,2,22,129336,"Item 1A. Risk Factors of the Company’s Annual Report on Form 10-K for the year ended December 31, 2020. 53 COLGATE-PALMOLIVE COMPANY",15,False,,,,COLGATE PALMOLIVE CO,22
0000021665-21-000027,10-Q,RISK_FACTORS,2,22,134309,"Item 1A. Risk Factors of the Company’s Annual Report on Form 10-K for the year ended December 31, 2020. 55 COLGATE-PALMOLIVE COMPANY",15,False,,,,COLGATE PALMOLIVE CO,22
0000021665-22-000010,10-Q,RISK_FACTORS,1,1116,112983,"Item 1A. Risk Factors With the exception of the changes discussed below, there have been no material changes from the risk factors disclosed in “Risk Factors” in Part 1, Item 1A of the Company’s Annual Report on Form 10-K for",15,False,,,,COLGATE PALMOLIVE CO,1116
0000021665-22-000025,10-Q,RISK_FACTORS,1,71,135635,"Item 1A. Risk Factors With the exception of the additional risk factor related to the War in Ukraine included in the Company's Quarterly Report on Form 10-Q for the quarter ended March 31, 2022, there have been no material changes",15,False,,,,COLGATE PALMOLIVE CO,71
0000021665-22-000027,10-Q,RISK_FACTORS,1,61,142955,"Item 1A. Risk Factors There have been no material changes from the risk factors disclosed in “Risk Factors” in Part 1, Item 1A of the Company’s Annual Report on Form 10-K for the year ended December 31, 2021 other than",15,False,,,,COLGATE PALMOLIVE CO,61
0000021665-23-000016,10-Q,RISK_FACTORS,1,41,122074,"Item 1A. Risk Factors There have been no material changes from the risk factors disclosed in “Risk Factors” in Part 1, Item 1A of the Company’s Annual Report on Form 10-K for the year ended December 31, 2022. 46 COLGATE-PALMOLIVE",15,False,,,,COLGATE PALMOLIVE CO,41
0000021665-16-000003,10-Q,RISK_FACTORS,2,35,157954,"Item 1A. Risk Factors For information regarding risk factors, please refer to Part 1, Item 1A in the Company’s Annual Report on Form 10-K for the year ended December 31, 2015 . 59 COLGATE-PALMOLIVE COMPANY",15,False,,,,COLGATE PALMOLIVE CO,35
0000021665-17-000006,10-Q,RISK_FACTORS,2,23,127183,"Item 1A. Risk Factors of the Company’s Annual Report on Form 10-K for the year ended December 31, 2016 . 45 COLGATE-PALMOLIVE COMPANY",15,False,,,,COLGATE PALMOLIVE CO,23
0000021665-17-000012,10-Q,RISK_FACTORS,2,23,152533,"Item 1A. Risk Factors of the Company’s Annual Report on Form 10-K for the year ended December 31, 2016 . 56 COLGATE-PALMOLIVE COMPANY",15,False,,,,COLGATE PALMOLIVE CO,23
0000021665-17-000014,10-Q,RISK_FACTORS,2,23,156879,"Item 1A. Risk Factors of the Company’s Annual Report on Form 10-K for the year ended December 31, 2016 . 55 COLGATE-PALMOLIVE COMPANY",15,False,,,,COLGATE PALMOLIVE CO,23
0000021665-18-000008,10-Q,RISK_FACTORS,2,23,134379,"Item 1A. Risk Factors of the Company’s Annual Report on Form 10-K for the year ended December 31, 2017 . 45 COLGATE-PALMOLIVE COMPANY",15,False,,,,COLGATE PALMOLIVE CO,23
0000021665-18-000015,10-Q,RISK_FACTORS,2,23,155277,"Item 1A. Risk Factors of the Company’s Annual Report on Form 10-K for the year ended December 31, 2017 . 56 COLGATE-PALMOLIVE COMPANY",15,False,,,,COLGATE PALMOLIVE CO,23
0000021665-18-000018,10-Q,RISK_FACTORS,2,23,161556,"Item 1A. Risk Factors of the Company’s Annual Report on Form 10-K for the year ended December 31, 2017 . 57 COLGATE-PALMOLIVE COMPANY",15,False,,,,COLGATE PALMOLIVE CO,23
0000021665-19-000007,10-Q,RISK_FACTORS,2,23,120079,"Item 1A. Risk Factors of the Company’s Annual Report on Form 10-K for the year ended December 31, 2018 . 44 COLGATE-PALMOLIVE COMPANY",15,False,,,,COLGATE PALMOLIVE CO,23
0000021665-19-000020,10-Q,RISK_FACTORS,2,23,149261,"Item 1A. Risk Factors of the Company’s Annual Report on Form 10-K for the year ended December 31, 2018 . 56 COLGATE-PALMOLIVE COMPANY",15,False,,,,COLGATE PALMOLIVE CO,23
0000021665-19-000022,10-Q,RISK_FACTORS,2,23,157884,"Item 1A. Risk Factors of the Company’s Annual Report on Form 10-K for the year ended December 31, 2018 . 57 COLGATE-PALMOLIVE COMPANY",15,False,,,,COLGATE PALMOLIVE CO,23
0000021665-20-000007,10-Q,RISK_FACTORS,2,488,117522,"Item 1A. Risk Factors of the Company’s Annual Report on Form 10-K for the year ended December 31, 2019 . We face various risks related to pandemics, epidemics or similar widespread public health concerns, which may have a material adverse",15,False,,,,COLGATE PALMOLIVE CO,488
0000021665-20-000023,10-Q,RISK_FACTORS,2,487,144416,"Item 1A. Risk Factors of the Company’s Annual Report on Form 10-K for the year ended December 31, 2019. We face various risks related to pandemics, epidemics or similar widespread public health concerns, which may have a material adverse effect",15,False,,,,COLGATE PALMOLIVE CO,487
0000021665-24-000044,10-Q,RISK_FACTORS,1,41,146286,"Item 1A. Risk Factors There have been no material changes from the risk factors disclosed in “Risk Factors” in Part 1, Item 1A of the Company’s Annual Report on Form 10-K for the year ended December 31, 2023. 56 COLGATE-PALMOLIVE",15,False,,,,COLGATE PALMOLIVE CO,41
0000021665-25-000020,10-Q,RISK_FACTORS,1,41,112709,"Item 1A. Risk Factors There have been no material changes from the risk factors disclosed in “Risk Factors” in Part 1, Item 1A of the Company’s Annual Report on Form 10-K for the year ended December 31, 2024. 43 COLGATE-PALMOLIVE",15,False,,,,COLGATE PALMOLIVE CO,41
0000021665-25-000041,10-Q,RISK_FACTORS,1,41,141919,"Item 1A. Risk Factors There have been no material changes from the risk factors disclosed in “Risk Factors” in Part 1, Item 1A of the Company’s Annual Report on Form 10-K for the year ended December 31, 2024. 55 COLGATE-PALMOLIVE",15,False,,,,COLGATE PALMOLIVE CO,41
0000021665-25-000053,10-Q,RISK_FACTORS,1,41,145581,"Item 1A. Risk Factors There have been no material changes from the risk factors disclosed in “Risk Factors” in Part 1, Item 1A of the Company’s Annual Report on Form 10-K for the year ended December 31, 2024. 56 COLGATE-PALMOLIVE",15,False,,,,COLGATE PALMOLIVE CO,41
0000021665-23-000031,10-Q,RISK_FACTORS,1,41,149109,"Item 1A. Risk Factors There have been no material changes from the risk factors disclosed in “Risk Factors” in Part 1, Item 1A of the Company’s Annual Report on Form 10-K for the year ended December 31, 2022. 59 COLGATE-PALMOLIVE",15,False,,,,COLGATE PALMOLIVE CO,41
0000021665-23-000037,10-Q,RISK_FACTORS,1,41,153685,"Item 1A. Risk Factors There have been no material changes from the risk factors disclosed in “Risk Factors” in Part 1, Item 1A of the Company’s Annual Report on Form 10-K for the year ended December 31, 2022. 59 COLGATE-PALMOLIVE",15,False,,,,COLGATE PALMOLIVE CO,41
0000021665-24-000015,10-Q,RISK_FACTORS,1,41,118702,"Item 1A. Risk Factors There have been no material changes from the risk factors disclosed in “Risk Factors” in Part 1, Item 1A of the Company’s Annual Report on Form 10-K for the year ended December 31, 2023. 44 COLGATE-PALMOLIVE",15,False,,,,COLGATE PALMOLIVE CO,41
0000021665-24-000031,10-Q,RISK_FACTORS,1,41,145802,"Item 1A. Risk Factors There have been no material changes from the risk factors disclosed in “Risk Factors” in Part 1, Item 1A of the Company’s Annual Report on Form 10-K for the year ended December 31, 2023. 57 COLGATE-PALMOLIVE",15,False,,,,COLGATE PALMOLIVE CO,41
0000021665-26-000023,10-Q,RISK_FACTORS,1,41,120561,"Item 1A. Risk Factors There have been no material changes from the risk factors disclosed in “Risk Factors” in Part 1, Item 1A of the Company’s Annual Report on Form 10-K for the year ended December 31, 2025. 46 COLGATE-PALMOLIVE",15,False,,,,COLGATE PALMOLIVE CO,41
0000021665-26-000042,10-Q,RISK_FACTORS,1,41,143956,"Item 1A. Risk Factors There have been no material changes from the risk factors disclosed in “Risk Factors” in Part 1, Item 1A of the Company’s Annual Report on Form 10-K for the year ended December 31, 2025. 57 COLGATE-PALMOLIVE",15,False,,,,COLGATE PALMOLIVE CO,41
0000024741-15-000045,10-Q,MDA,11,3361,139221,"Item 2. Management’s Discussion and Analysis of Financial Condition and Results of Operations, Results of Operations – Core Performance Measures, Reconciliation of Non-GAAP Measures, “Items which we exclude from GAAP measures to arrive at core performance measures” for the descriptions",1000,False,,,,CORNING INC /NY,3361
0000024741-15-000045,10-Q,RISK_FACTORS,2,69,164739,"Item 1A. Risk Factors in our 2014 Form 10-K, which could materially impact our business, financial condition or future results. Risks disclosed in our 2014 Form 10-K are not the only risks facing our Company. Additional risks and uncertainties not",15,False,,,,CORNING INC /NY,69
0000024741-15-000058,10-Q,MDA,11,3165,133745,"Item 2. Management’s Discussion and Analysis of Financial Condition and Results of Operations, Results of Operations – Core Performance Measures, Reconciliation of Non-GAAP Measures, “Items which we exclude from GAAP measures to arrive at core performance measures” for the descriptions",1000,False,,,,CORNING INC /NY,3165
0000024741-15-000058,10-Q,RISK_FACTORS,2,70,157660,"Item 1A. Risk Factors in our 2014 Form 10-K, which could materially impact our business, financial condition or future results. Risks disclosed in our 2014 Form 10-K are not the only risks facing our Company. Additional risks and uncertainties not",15,False,,,,CORNING INC /NY,70
0000024741-16-000086,10-Q,MDA,9,2612,112590,"Item 2. Management’s Discussion and Analysis of Financial Condition and Results of Operations, Results of Operations – Core Performance Measures, Reconciliation of Non-GAAP Measures, “Items which we exclude from GAAP measures to arrive at core performance measures” for the descriptions",1000,False,,,,CORNING INC /NY,2612
0000024741-16-000086,10-Q,RISK_FACTORS,3,300,135189,"Item 1A. Risk Factors in our 2015 Form 10-K except for the updated risk factor listed below. Information technology dependency and security vulnerabilities could lead to reduced revenue, liability claims, or competitive harm The Company is increasingly dependent on sophisticated",15,False,,,,CORNING INC /NY,300
0000024741-16-000105,10-Q,MDA,11,2868,129733,"Item 2. Management’s Discussion and Analysis of Financial Condition and Results of Operations, Results of Operations – Core Performance Measures, Reconciliation of Non-GAAP Measures, “Items which we exclude from GAAP measures to arrive at core performance measures” for the descriptions",1000,False,,,,CORNING INC /NY,2868
0000024741-16-000105,10-Q,RISK_FACTORS,3,25,154552,Item 1A. Risk Factors in our 2015 Form 10-K except for the updated risk factor listed below. © 2016 Corning Incorporated. All Rights Reserved. 59,15,False,,,,CORNING INC /NY,25
0000024741-16-000118,10-Q,MDA,11,3220,133444,"Item 2. Management’s Discussion and Analysis of Financial Condition and Results of Operations, Results of Operations – Core Performance Measures, Reconciliation of Non-GAAP Measures, “Items which we exclude from GAAP measures to arrive at core performance measures” for the descriptions",1000,False,,,,CORNING INC /NY,3220
0000024741-16-000118,10-Q,RISK_FACTORS,3,25,160850,Item 1A. Risk Factors in our 2015 Form 10-K except for the updated risk factor listed below. © 2016 Corning Incorporated. All Rights Reserved. 59,15,False,,,,CORNING INC /NY,25
0000024741-17-000060,10-Q,MDA,8,4416,127673,"Item 2. Management’s Discussion and Analysis of Financial Condition and Results of Operations, Results of Operations – Core Performance Measures, Reconciliation of Non-GAAP Measures, “Items which we exclude from GAAP measures to arrive at core performance measures” for the descriptions",1000,False,,,,CORNING INC /NY,4416
0000024741-17-000060,10-Q,RISK_FACTORS,2,546,152089,Item 1A. Risk Factors in our 2016 Form 10-K . © 2017 Corning Incorporated. All Rights Reserved. 50 Index ITEM 2. UNRE GISTERED SALES OF EQUITY SECURITIES AND USE OF PROCEEDS ﻿ This table provides information about our purchases of,15,False,,,,CORNING INC /NY,546
0000024741-18-000018,10-Q,MDA,2,5592,82158,"Item 2. Management’s Discussion and Analysis of Financial Condition and Results of Operations, Results of Operations – Core Performance Measures, Reconciliation of Non-GAAP Measures, “Items which we exclude from GAAP measures to arrive at core performance measures” for the descriptions",1000,False,,,,CORNING INC /NY,5592
0000024741-18-000018,10-Q,RISK_FACTORS,2,410,115211,Item 1A. Risk Factors in our 2017 Form 10-K. © 2018 Corning Incorporated. All Rights Reserved. 41 Index ITEM 2. UNRE GISTERED SALES OF EQUITY SECURITIES AND USE OF PROCEEDS ﻿ This table provides information about our purchases of our,15,False,,,,CORNING INC /NY,410
0000024741-17-000026,10-Q,MDA,8,3873,102533,"Item 2. Management’s Discussion and Analysis of Financial Condition and Results of Operations, Results of Operations – Core Performance Measures, Reconciliation of Non-GAAP Measures, “Items which we exclude from GAAP measures to arrive at core performance measures” for the descriptions",1000,False,,,,CORNING INC /NY,3873
0000024741-17-000026,10-Q,RISK_FACTORS,2,515,123750,Item 1A. Risk Factors in our 2016 Form 10-K . © 2017 Corning Incorporated. All Rights Reserved. 44 Index ITEM 2. UNRE GISTERED SALES OF EQUITY SECURITIES AND USE OF PROCEEDS ﻿ This table provides information about our purchases of,15,False,,,,CORNING INC /NY,515
0000024741-17-000050,10-Q,MDA,10,4297,121847,"Item 2. Management’s Discussion and Analysis of Financial Condition and Results of Operations, Results of Operations – Core Performance Measures, Reconciliation of Non-GAAP Measures, “Items which we exclude from GAAP measures to arrive at core performance measures” for the descriptions",1000,False,,,,CORNING INC /NY,4297
0000024741-17-000050,10-Q,RISK_FACTORS,2,544,145343,Item 1A. Risk Factors in our 2016 Form 10-K. © 2017 Corning Incorporated. All Rights Reserved. 51 Index ITEM 2. UNRE GISTERED SALES OF EQUITY SECURITIES AND USE OF PROCEEDS ﻿ This table provides information about our purchases of our,15,False,,,,CORNING INC /NY,544
0000024741-19-000026,10-Q,MDA,2,4990,74215,"Item 2. Management’s Discussion and Analysis of Financial Condition and Results of Operations, Results of Operations – Core Performance Measures, Reconciliation of Non-GAAP Measures, “Items which we exclude from GAAP measures to report core performance measures” for the descriptions of",1000,False,,,,CORNING INC /NY,4990
0000024741-19-000026,10-Q,RISK_FACTORS,2,417,103418,Item 1A. Risk Factors in our 2018 Form 10-K. © 2019 Corning Incorporated. All Rights Reserved. 39 Index ITEM 2. UNRE GISTERED SALES OF EQUITY SECURITIES AND USE OF PROCEEDS ﻿ This table provides information about our purchases of our,15,False,,,,CORNING INC /NY,417
0000032604-20-000021,10-Q,RISK_FACTORS,1,396,59661,"Item 1A. Risk Factors The following risk factor supplements the “Risk Factors” section in Part 1, Item 1A, of our Annual Report on Form 10-K for the fiscal year ended September 30, 2019 (our “Form 10-K). The following risk factor",15,False,,,,EMERSON ELECTRIC CO,396
0000032604-20-000033,10-Q,RISK_FACTORS,1,394,60734,"Item 1A. Risk Factors The following risk factor supplements the “Risk Factors” section in Part 1, Item 1A, of our Annual Report on Form 10-K for the fiscal year ended September 30, 2019 (our “Form 10-K). The following risk factor",15,False,,,,EMERSON ELECTRIC CO,394
0000032604-25-000012,10-Q,RISK_FACTORS,1,494,51862,"Item 1A. Risk Factors The following risk factor supplements the “Risk Factors” section in Part 1, Item 1A, of our Annual Report on Form 10-K for the fiscal year ended September 30, 2024 (our “Form 10-K""). The following risk factor",15,False,,,,EMERSON ELECTRIC CO,494
0000032604-25-000064,10-Q,RISK_FACTORS,3,454,74298,"Item 1A. Risk Factors in our Annual Report on Form 10-K for the year ended September 30, 2024, for other risks related to our business. Our Substantial Sales Both in the U.S. and Abroad Subject Us to Economic Risk as",15,False,,,,EMERSON ELECTRIC CO,454
0000032604-25-000076,10-Q,RISK_FACTORS,3,458,73661,"Item 1A. Risk Factors in our Annual Report on Form 10-K for the year ended September 30, 2024, for other risks related to our business. Our Substantial Sales Both in the U.S. and Abroad Subject Us to Economic Risk as",15,False,,,,EMERSON ELECTRIC CO,458
0000034088-15-000035,10-Q,MDA,2,3103,29505,"Item 2. Management's Discussion and Analysis of Financial Condition and Results of Operations FUNCTIONAL EARNINGS SUMMARY Second Quarter First Six Months Earnings (U.S. GAAP) 2015 2014 2015 2014 (millions of dollars) Upstream United States (47) 1,193 (99) 2,437 Non-U.S. 2,078",1000,False,,,,EXXON MOBIL CORP,3103
0000024741-18-000045,10-Q,MDA,5,6218,100066,"Item 2. Management’s Discussion and Analysis of Financial Condition and Results of Operations, Results of Operations – Core Performance Measures, Reconciliation of Non-GAAP Measures, “Items which we exclude from GAAP measures to arrive at core performance measures” for the descriptions",1000,False,,,,CORNING INC /NY,6218
0000024741-18-000045,10-Q,RISK_FACTORS,2,411,136468,Item 1A. Risk Factors in our 2017 Form 10-K. © 2018 Corning Incorporated. All Rights Reserved. 45 Index ITEM 2. UNRE GISTERED SALES OF EQUITY SECURITIES AND USE OF PROCEEDS ﻿ This table provides information about our purchases of our,15,False,,,,CORNING INC /NY,411
0000024741-18-000053,10-Q,MDA,5,6259,103487,"Item 2. Management’s Discussion and Analysis of Financial Condition and Results of Operations, Results of Operations – Core Performance Measures, Reconciliation of Non-GAAP Measures, “Items which we exclude from GAAP measures to arrive at core performance measures” for the descriptions",1000,False,,,,CORNING INC /NY,6259
0000024741-18-000053,10-Q,RISK_FACTORS,2,414,140410,Item 1A. Risk Factors in our 2017 Form 10-K. © 2018 Corning Incorporated. All Rights Reserved. 45 Index ITEM 2. UNRE GISTERED SALES OF EQUITY SECURITIES AND USE OF PROCEEDS ﻿ This table provides information about our purchases of our,15,False,,,,CORNING INC /NY,414
0000034088-17-000027,10-Q,MDA,2,2733,31949,"Item 2. Management's Discussion and Analysis of Financial Condition and Results of Operations FUNCTIONAL EARNINGS SUMMARY First Three Months Earnings (U.S. GAAP) 2017 2016 (millions of dollars) Upstream United States (18) (832) Non-U.S. 2,270 756 Downstream United States 292 187",1000,False,,,,EXXON MOBIL CORP,2733
0000034088-17-000041,10-Q,MDA,2,3551,33810,"Item 2. Management's Discussion and Analysis of Financial Condition and Results of Operations FUNCTIONAL EARNINGS SUMMARY Second Quarter First Six Months Earnings (U.S. GAAP) 2017 2016 2017 2016 (millions of dollars) Upstream United States (183) (514) (201) (1,346) Non-U.S. 1,367",1000,False,,,,EXXON MOBIL CORP,3551
0000034088-17-000052,10-Q,MDA,2,4078,35429,"Item 2. Management's Discussion and Analysis of Financial Condition and Results of Operations FUNCTIONAL EARNINGS SUMMARY Third Quarter First Nine Months Earnings (U.S. GAAP) 2017 2016 2017 2016 (millions of dollars) Upstream United States (238) (477) (439) (1,823) Non-U.S. 1,805",1000,False,,,,EXXON MOBIL CORP,4078
0000034088-18-000024,10-Q,MDA,2,2930,34308,"Item 2. Management's Discussion and Analysis of Financial Condition and Results of Operations FUNCTIONAL EARNINGS SUMMARY First Three Months Earnings (U.S. GAAP) 2018 2017 (millions of dollars) Upstream United States 429 (18) Non-U.S. 3,068 2,270 Downstream United States 319 292",1000,False,,,,EXXON MOBIL CORP,2930
0000034088-15-000044,10-Q,MDA,2,3096,30530,"Item 2. Management's Discussion and Analysis of Financial Condition and Results of Operations FUNCTIONAL EARNINGS SUMMARY Third Quarter First Nine Months Earnings (U.S. GAAP) 2015 2014 2015 2014 (millions of dollars) Upstream United States (442) 1,257 (541) 3,694 Non-U.S. 1,800",1000,False,,,,EXXON MOBIL CORP,3096
0000034088-16-000071,10-Q,MDA,2,2577,29641,"Item 2. Management's Discussion and Analysis of Financial Condition and Results of Operations FUNCTIONAL EARNINGS SUMMARY First Three Months Earnings (U.S. GAAP) 2016 2015 (millions of dollars) Upstream United States (832) (52) Non-U.S. 756 2,907 Downstream United States 187 567",1000,False,,,,EXXON MOBIL CORP,2577
0000034088-16-000082,10-Q,MDA,2,3340,30953,"Item 2. Management's Discussion and Analysis of Financial Condition and Results of Operations FUNCTIONAL EARNINGS SUMMARY Second Quarter First Six Months Earnings (U.S. GAAP) 2016 2015 2016 2015 (millions of dollars) Upstream United States (514) (47) (1,346) (99) Non-U.S. 808",1000,False,,,,EXXON MOBIL CORP,3340
0000034088-16-000097,10-Q,MDA,2,3814,33509,"Item 2. Management's Discussion and Analysis of Financial Condition and Results of Operations FUNCTIONAL EARNINGS SUMMARY Third Quarter First Nine Months Earnings (U.S. GAAP) 2016 2015 2016 2015 (millions of dollars) Upstream United States (477) (442) (1,823) (541) Non-U.S. 1,097",1000,False,,,,EXXON MOBIL CORP,3814
0000034088-20-000073,10-Q,RISK_FACTORS,1,182,74851,"Item 1A. Risk Factors The risk factors that are discussed in Item 1A of the registrant’s Annual Report on Form 10-K for 2019, including those risk factors in respect of commodity supply and demand and public health, encompass, among other",15,False,,,,EXXON MOBIL CORP,182
0000034088-20-000090,10-Q,MDA,2,5056,43392,Item 2. Management's Discussion and Analysis of Financial Condition and Results of Operations FUNCTIONAL EARNINGS SUMMARY Third Quarter First Nine Months Earnings (Loss) (U.S. GAAP) 2020 2019 2020 2019 (millions of dollars) (millions of dollars) Upstream United States (681) 37,1000,False,,,,EXXON MOBIL CORP,5056
0000034088-20-000090,10-Q,RISK_FACTORS,1,182,80478,"Item 1A. Risk Factors The risk factors that are discussed in Item 1A of the registrant’s Annual Report on Form 10-K for 2019, including those risk factors in respect of commodity supply and demand and public health, encompass, among other",15,False,,,,EXXON MOBIL CORP,182
0000034088-21-000024,10-Q,MDA,2,3279,34616,"Item 2. Management's Discussion and Analysis of Financial Condition and Results of Operations In early 2020, the balance of supply and demand for petroleum and petrochemical products experienced two significant disruptive effects. On the demand side, the COVID-19 pandemic spread",1000,False,,,,EXXON MOBIL CORP,3279
0000034088-19-000062,10-Q,MDA,2,3409,42551,"Item 2. Management's Discussion and Analysis of Financial Condition and Results of Operations FUNCTIONAL EARNINGS SUMMARY Third Quarter First Nine Months Earnings (U.S. GAAP) 2019 2018 2019 2018 (millions of dollars) Upstream United States 37 606 468 1,474 Non-U.S. 2,131",1000,False,,,,EXXON MOBIL CORP,3409
0000034088-20-000037,10-Q,MDA,2,3711,37875,"Item 2. Management's Discussion and Analysis of Financial Condition and Results of Operations FUNCTIONAL EARNINGS SUMMARY First Three Months Earnings (Loss) (U.S. GAAP) 2020 2019 (millions of dollars) Upstream United States (704) 96 Non-U.S. 1,240 2,780 Downstream United States (101)",1000,False,,,,EXXON MOBIL CORP,3711
0000034088-20-000037,10-Q,RISK_FACTORS,1,182,65845,"Item 1A. Risk Factors The risk factors that are discussed in Item 1A of the registrant’s Annual Report on Form 10-K for 2019, including those risk factors in respect of commodity supply and demand and public health, encompass, among other",15,False,,,,EXXON MOBIL CORP,182
0000034088-20-000073,10-Q,MDA,2,4713,42224,"Item 2. Management's Discussion and Analysis of Financial Condition and Results of Operations FUNCTIONAL EARNINGS SUMMARY Second Quarter First Six Months Earnings (Loss) (U.S. GAAP) 2020 2019 2020 2019 (millions of dollars) Upstream United States (1,197) 335 (1,901) 431 Non-U.S.",1000,False,,,,EXXON MOBIL CORP,4713
0000034088-18-000039,10-Q,MDA,2,3906,37906,"Item 2. Management's Discussion and Analysis of Financial Condition and Results of Operations FUNCTIONAL EARNINGS SUMMARY Second Quarter First Six Months Earnings (U.S. GAAP) 2018 2017 2018 2017 (millions of dollars) Upstream United States 439 (183) 868 (201) Non-U.S. 2,601",1000,False,,,,EXXON MOBIL CORP,3906
0000034088-18-000048,10-Q,MDA,2,4006,36943,"Item 2. Management's Discussion and Analysis of Financial Condition and Results of Operations FUNCTIONAL EARNINGS SUMMARY Third Quarter First Nine Months Earnings (U.S. GAAP) 2018 2017 2018 2017 (millions of dollars) Upstream United States 606 (238) 1,474 (439) Non-U.S. 3,623",1000,False,,,,EXXON MOBIL CORP,4006
0000034088-19-000017,10-Q,MDA,2,2588,36127,"Item 2. Management's Discussion and Analysis of Financial Condition and Results of Operations FUNCTIONAL EARNINGS SUMMARY First Three Months Earnings (U.S. GAAP) 2019 2018 (millions of dollars) Upstream United States 96 429 Non-U.S. 2,780 3,068 Downstream United States (161) 319",1000,False,,,,EXXON MOBIL CORP,2588
0000034088-19-000042,10-Q,MDA,2,3311,39864,"Item 2. Management's Discussion and Analysis of Financial Condition and Results of Operations FUNCTIONAL EARNINGS SUMMARY Second Quarter First Six Months Earnings (U.S. GAAP) 2019 2018 2019 2018 (millions of dollars) Upstream United States 335 439 431 868 Non-U.S. 2,926",1000,False,,,,EXXON MOBIL CORP,3311
0000034088-21-000024,10-Q,RISK_FACTORS,1,774,56223,Item 1A. Risk Factors of ExxonMobil’s 2020 Form 10-K. We assume no duty to update these statements as of any future date. The term “project” as used in this report can refer to a variety of different activities and does,15,False,,,,EXXON MOBIL CORP,774
0000034088-21-000051,10-Q,MDA,2,3993,39095,"Item 2. Management's Discussion and Analysis of Financial Condition and Results of Operations In early 2020, the balance of supply and demand for petroleum and petrochemical products experienced two significant disruptive effects. On the demand side, the COVID-19 pandemic spread",1000,False,,,,EXXON MOBIL CORP,3993
0000034088-21-000051,10-Q,RISK_FACTORS,1,298,65001,Item 1A. Risk Factors of ExxonMobil’s 2020 Form 10-K. We assume no duty to update these statements as of any future date. The term “project” as used in this report can refer to a variety of different activities and does,15,False,,,,EXXON MOBIL CORP,298
0000034088-21-000064,10-Q,MDA,2,4428,39954,"Item 2. Management's Discussion and Analysis of Financial Condition and Results of Operations In early 2020, the balance of supply and demand for petroleum and petrochemical products experienced two significant disruptive effects. On the demand side, the COVID-19 pandemic spread",1000,False,,,,EXXON MOBIL CORP,4428
0000034088-21-000064,10-Q,RISK_FACTORS,1,387,68924,Item 1A. Risk Factors of ExxonMobil’s 2020 Form 10-K. We assume no duty to update these statements as of any future date. The term “project” as used in this report can refer to a variety of different activities and does,15,False,,,,EXXON MOBIL CORP,387
0000034088-22-000026,10-Q,MDA,2,3754,30078,"Item 2. Management's Discussion and Analysis of Financial Condition and Results of Operations During the COVID-19 pandemic, industry investment to maintain and increase production capacity was restrained to preserve capital, resulting in underinvestment and supply tightness as demand for petroleum",1000,False,,,,EXXON MOBIL CORP,3754
0000034088-22-000026,10-Q,RISK_FACTORS,1,366,54937,Item 1A. Risk Factors of ExxonMobil’s 2021 Form 10-K. The term “project” as used in this report can refer to a variety of different activities and does not necessarily have the same meaning as in any government payment transparency reports.,15,False,,,,EXXON MOBIL CORP,366
0000034088-22-000051,10-Q,MDA,2,5290,34132,"ITEM 2. MANAGEMENT'S DISCUSSION AND ANALYSIS OF FINANCIAL CONDITION AND RESULTS OF OPERATIONS During the COVID-19 pandemic, industry investment to maintain and increase production capacity was restrained to preserve capital, resulting in underinvestment and supply tightness as demand for petroleum",1000,False,,,,EXXON MOBIL CORP,5290
0000034088-22-000051,10-Q,RISK_FACTORS,1,362,68402,"Item 1A. Risk Factors of ExxonMobil’s 2021 Form 10-K. Forward-looking and other statements regarding our environmental, social and other sustainability efforts and aspirations are not an indication that these statements are necessarily material to investors or requiring disclosure in our",15,False,,,,EXXON MOBIL CORP,362
0000034088-22-000064,10-Q,MDA,2,5845,35879,"ITEM 2. MANAGEMENT'S DISCUSSION AND ANALYSIS OF FINANCIAL CONDITION AND RESULTS OF OPERATIONS Overview During the COVID-19 pandemic, industry investment to maintain and increase production capacity was restrained to preserve capital, resulting in underinvestment and supply tightness as demand for",1000,False,,,,EXXON MOBIL CORP,5845
0000034088-22-000064,10-Q,RISK_FACTORS,1,931,73948,"Item 1A. Risk Factors of ExxonMobil’s 2021 Form 10-K. Forward-looking and other statements regarding our environmental, social and other sustainability efforts and aspirations are not an indication that these statements are necessarily material to investors or requiring disclosure in our",15,False,,,,EXXON MOBIL CORP,931
0000036104-24-000037,10-Q,RISK_FACTORS,1,47,280259,"Item 1A. Risk Factors — There are a number of factors that may adversely affect the Company’s business, financial results or stock price. Refer to “Risk Factors” in the Company’s Annual Report on Form 10-K for the year ended December",15,False,,,,US BANCORP \DE\,47
0000050863-15-000055,10-Q,MDA,1,7705,106581,ITEM 2. MANAGEMENT’S DISCUSSION AND ANALYSIS OF FINANCIAL CONDITION AND RESULTS OF OPERATIONS Our Management’s Discussion and Analysis of Financial Condition and Results of Operations (MD&A) is provided in addition to the accompanying consolidated condensed financial statements and notes to,1000,False,,,,INTEL CORP,7705
0000050863-15-000055,10-Q,RISK_FACTORS,1,144,160347,"ITEM 1A. RISK FACTORS The risks described in Part I, Item 1A, ""Risk Factors,"" in our Annual Report on Form 10-K for the year ended December 27, 2014 , could materially and adversely affect our business, financial condition and results",15,False,,,,INTEL CORP,144
0000050863-15-000072,10-Q,MDA,1,8210,110834,ITEM 2. MANAGEMENT’S DISCUSSION AND ANALYSIS OF FINANCIAL CONDITION AND RESULTS OF OPERATIONS Our Management’s Discussion and Analysis of Financial Condition and Results of Operations (MD&A) is provided in addition to the accompanying consolidated condensed financial statements and notes to,1000,False,,,,INTEL CORP,8210
0000050863-15-000072,10-Q,RISK_FACTORS,1,144,169823,"ITEM 1A. RISK FACTORS The risks described in Part I, Item 1A, ""Risk Factors,"" in our Annual Report on Form 10-K for the year ended December 27, 2014 , could materially and adversely affect our business, financial condition and results",15,False,,,,INTEL CORP,144
0000050863-16-000125,10-Q,MDA,1,5182,102925,ITEM 2. MANAGEMENT’S DISCUSSION AND ANALYSIS OF FINANCIAL CONDITION AND RESULTS OF OPERATIONS Our Management’s Discussion and Analysis of Financial Condition and Results of Operations (MD&A) is provided in addition to the accompanying consolidated condensed financial statements and notes to,1000,False,,,,INTEL CORP,5182
0000050863-16-000125,10-Q,RISK_FACTORS,1,253,141465,"ITEM 1A. RISK FACTORS The risks described in Part I, Item 1A, ""Risk Factors,"" in our Annual Report on Form 10-K for the year ended December 26, 2015 , could materially and adversely affect our business, financial condition and results",15,False,,,,INTEL CORP,253
0000050863-16-000142,10-Q,MDA,1,8677,112851,ITEM 2. MANAGEMENT’S DISCUSSION AND ANALYSIS OF FINANCIAL CONDITION AND RESULTS OF OPERATIONS Our Management’s Discussion and Analysis of Financial Condition and Results of Operations (MD&A) is provided in addition to the accompanying consolidated condensed financial statements and notes to,1000,False,,,,INTEL CORP,8677
0000050863-16-000142,10-Q,RISK_FACTORS,1,215,171614,"ITEM 1A. RISK FACTORS The risks described in Part I, Item 1A, ""Risk Factors,"" in our Annual Report on Form 10-K for the year ended December 26, 2015 , could materially and adversely affect our business, financial condition and results",15,False,,,,INTEL CORP,215
0000072741-16-000098,10-Q,RISK_FACTORS,1,110,230301,"ITEM 1A. RISK FACTORS We are subject to a variety of significant risks in addition to the matters set forth under ""Forward-Looking Statements,"" in Item 2, ""Management's Discussion and Analysis of Financial Condition and Results of Operations,"" of this Quarterly",15,False,,,,EVERSOURCE ENERGY,110
0000080424-15-000098,10-Q,MDA,1,6892,44923,"Item 2. Management's Discussion and Analysis of Financial Condition and Results of Operations Forward-Looking Statements Certain statements in this report, other than purely historical information, including estimates, projections, statements relating to our business plans, objectives, and expected operating results, and",1000,False,,,,PROCTER & GAMBLE Co,6892
0000080424-15-000098,10-Q,RISK_FACTORS,1,29,92729,"Item 1A. Risk Factors For information on Risk Factors, please refer to Part I, Item 1A in the Company’s Form 10-K for the fiscal year ended June 30, 2015.",15,False,,,,PROCTER & GAMBLE Co,29
0000080424-16-000166,10-Q,MDA,1,10085,50637,"Item 2. Management's Discussion and Analysis of Financial Condition and Results of Operations Forward-Looking Statements Certain statements in this report, other than purely historical information, including estimates, projections, statements relating to our business plans, objectives, and expected operating results, and",1000,False,,,,PROCTER & GAMBLE Co,10085
0000050863-16-000153,10-Q,MDA,1,8127,114805,ITEM 2. MANAGEMENT’S DISCUSSION AND ANALYSIS OF FINANCIAL CONDITION AND RESULTS OF OPERATIONS Our Management’s Discussion and Analysis of Financial Condition and Results of Operations (MD&A) is provided in addition to the accompanying consolidated condensed financial statements and notes to,1000,False,,,,INTEL CORP,8127
0000050863-16-000153,10-Q,RISK_FACTORS,1,164,170361,"ITEM 1A. RISK FACTORS The risks described in Part I, Item 1A, ""Risk Factors,"" in our Annual Report on Form 10-K for the year ended December 26, 2015 , could materially and adversely affect our business, financial condition and results",15,False,,,,INTEL CORP,164
0000072741-15-000043,10-Q,RISK_FACTORS,1,110,228302,"ITEM 1A. RISK FACTORS We are subject to a variety of significant risks in addition to the matters set forth under ""Forward-Looking Statements,"" in Item 2, ""Management's Discussion and Analysis of Financial Condition and Results of Operations,"" of this Quarterly",15,False,,,,EVERSOURCE ENERGY,110
0000072741-15-000055,10-Q,MDA,1,45,11559,ITEM 2. Management's Discussion and Analysis of Financial Condition and Results of Operations Eversource Energy and Subsidiaries 32 The Connecticut Light and Power Company 46 NSTAR Electric Company and Subsidiary 49 Public Service Company of New Hampshire and Subsidiary 51,1000,False,,,,EVERSOURCE ENERGY,45
0000080424-16-000166,10-Q,RISK_FACTORS,1,32,117829,"Item 1A. Risk Factors For information on Risk Factors, please refer to Part I, Item 1A ""Risk Factors"" in the Company’s Form 10-K for the fiscal year ended June 30, 2015 .",15,False,,,,PROCTER & GAMBLE Co,32
0000080424-16-000183,10-Q,MDA,1,10114,51900,"Item 2. Management's Discussion and Analysis of Financial Condition and Results of Operations Forward-Looking Statements Certain statements in this report, other than purely historical information, including estimates, projections, statements relating to our business plans, objectives, and expected operating results, and",1000,False,,,,PROCTER & GAMBLE Co,10114
0000080424-16-000183,10-Q,RISK_FACTORS,1,32,119230,"Item 1A. Risk Factors For information on Risk Factors, please refer to Part I, Item 1A ""Risk Factors"" in the Company’s Form 10-K for the fiscal year ended June 30, 2015 .",15,False,,,,PROCTER & GAMBLE Co,32
0000080424-16-000244,10-Q,MDA,1,7058,43965,"Item 2. Management's Discussion and Analysis of Financial Condition and Results of Operations Forward-Looking Statements Certain statements in this report, other than purely historical information, including estimates, projections, statements relating to our business plans, objectives, and expected operating results, and",1000,False,,,,PROCTER & GAMBLE Co,7058
0000072741-15-000055,10-Q,RISK_FACTORS,1,110,233785,"ITEM 1A. RISK FACTORS We are subject to a variety of significant risks in addition to the matters set forth under ""Forward-Looking Statements,"" in Item 2, ""Management's Discussion and Analysis of Financial Condition and Results of Operations,"" of this Quarterly",15,False,,,,EVERSOURCE ENERGY,110
0000072741-16-000075,10-Q,MDA,1,45,11326,ITEM 2. Management's Discussion and Analysis of Financial Condition and Results of Operations Eversource Energy and Subsidiaries 31 The Connecticut Light and Power Company 42 NSTAR Electric Company and Subsidiary 44 Public Service Company of New Hampshire and Subsidiary 46,1000,False,,,,EVERSOURCE ENERGY,45
0000072741-16-000075,10-Q,RISK_FACTORS,1,110,199060,"ITEM 1A. RISK FACTORS We are subject to a variety of significant risks in addition to the matters set forth under ""Forward-Looking Statements,"" in Item 2, ""Management's Discussion and Analysis of Financial Condition and Results of Operations,"" of this Quarterly",15,False,,,,EVERSOURCE ENERGY,110
0000072741-16-000098,10-Q,MDA,1,45,11334,ITEM 2. Management's Discussion and Analysis of Financial Condition and Results of Operations Eversource Energy and Subsidiaries 32 The Connecticut Light and Power Company 46 NSTAR Electric Company and Subsidiary 49 Public Service Company of New Hampshire and Subsidiary 51,1000,False,,,,EVERSOURCE ENERGY,45
0000080424-16-000244,10-Q,RISK_FACTORS,1,32,91890,"Item 1A. Risk Factors For information on Risk Factors, please refer to Part I, Item 1A ""Risk Factors"" in the Company’s Form 10-K for the fiscal year ended June 30, 2016 .",15,False,,,,PROCTER & GAMBLE Co,32
0000080424-17-000011,10-Q,MDA,1,10108,48617,"Item 2. Management's Discussion and Analysis of Financial Condition and Results of Operations Forward-Looking Statements Certain statements in this report, other than purely historical information, including estimates, projections, statements relating to our business plans, objectives, and expected operating results, and",1000,False,,,,PROCTER & GAMBLE Co,10108
0000080424-17-000011,10-Q,RISK_FACTORS,1,3426,115011,"Item 1A. Risk Factors We discuss our expectations regarding future performance, events and outcomes, such as our business outlook and objectives in this Form 10-Q, quarterly and annual reports, press releases and other written and oral communications. All statements, except",15,False,,,,PROCTER & GAMBLE Co,3426
0000080424-17-000026,10-Q,MDA,1,11014,50089,"Item 2. Management's Discussion and Analysis of Financial Condition and Results of Operations Forward-Looking Statements Certain statements in this report, other than purely historical information, including estimates, projections, statements relating to our business plans, objectives, and expected operating results, and",1000,False,,,,PROCTER & GAMBLE Co,11014
0000080424-17-000026,10-Q,RISK_FACTORS,1,31,122490,"Item 1A. Risk Factors For information on Risk Factors, please refer to Part II, Item 1A ""Risk Factors"" in the Company’s Form 10-Q for the quarterly period ended December 31, 2016.",15,False,,,,PROCTER & GAMBLE Co,31
0000080424-17-000078,10-Q,MDA,1,6905,41870,"Item 2. Management's Discussion and Analysis of Financial Condition and Results of Operations Forward-Looking Statements Certain statements in this report, other than purely historical information, including estimates, projections, statements relating to our business plans, objectives, and expected operating results, and",1000,False,,,,PROCTER & GAMBLE Co,6905
0000080424-17-000078,10-Q,RISK_FACTORS,1,32,89381,"Item 1A. Risk Factors For information on Risk Factors, please refer to Part I, Item 1A ""Risk Factors"" in the Company’s Form 10-K for the fiscal year ended June 30, 2017 .",15,False,,,,PROCTER & GAMBLE Co,32
0000080424-18-000013,10-Q,MDA,1,10506,48790,"Item 2. Management's Discussion and Analysis of Financial Condition and Results of Operations Forward-Looking Statements Certain statements in this report, other than purely historical information, including estimates, projections, statements relating to our business plans, objectives, and expected operating results, and",1000,False,,,,PROCTER & GAMBLE Co,10506
0000080424-20-000097,10-Q,RISK_FACTORS,1,31,98342,"Item 1A. Risk Factors For information on risk factors, please refer to ""Risk Factors"" in Part I, Item 1A of the Company's Form 10-K/A for the year ended June 30, 2020.",15,False,,,,PROCTER & GAMBLE Co,31
0000080424-21-000026,10-Q,MDA,1,12549,44660,"Item 2. Management's Discussion and Analysis of Financial Condition and Results of Operations Forward-Looking Statements Certain statements in this report, other than purely historical information, including estimates, projections, statements relating to our business plans, objectives, and expected operating results, and",1000,False,,,,PROCTER & GAMBLE Co,12549
0000080424-21-000026,10-Q,RISK_FACTORS,1,31,127194,"Item 1A. Risk Factors For information on risk factors, please refer to ""Risk Factors"" in Part I, Item 1A of the Company's Form 10-K/A for the year ended June 30, 2020.",15,False,,,,PROCTER & GAMBLE Co,31
0000080424-21-000062,10-Q,MDA,1,12908,44880,"Item 2. Management's Discussion and Analysis of Financial Condition and Results of Operations Forward-Looking Statements Certain statements in this report, other than purely historical information, including estimates, projections, statements relating to our business plans, objectives, and expected operating results, and",1000,False,,,,PROCTER & GAMBLE Co,12908
0000080424-18-000013,10-Q,RISK_FACTORS,1,3468,117272,"Item 1A. Risk Factors We discuss our expectations regarding future performance, events and outcomes, such as our business outlook and objectives in this Form 10-Q, quarterly and annual reports, press releases and other written and oral communications. All statements, except",15,False,,,,PROCTER & GAMBLE Co,3468
0000080424-18-000034,10-Q,MDA,1,11107,49398,"Item 2. Management's Discussion and Analysis of Financial Condition and Results of Operations Forward-Looking Statements Certain statements in this report, other than purely historical information, including estimates, projections, statements relating to our business plans, objectives, and expected operating results, and",1000,False,,,,PROCTER & GAMBLE Co,11107
0000080424-18-000034,10-Q,RISK_FACTORS,1,32,121931,"Item 1A. Risk Factors For information on risk factors, please refer to “Risk Factors” in Part II, Item 1A of the Company's Form 10-Q for the quarterly period ended December 31, 2017.",15,False,,,,PROCTER & GAMBLE Co,32
0000080424-18-000100,10-Q,MDA,1,7648,44731,"Item 2. Management's Discussion and Analysis of Financial Condition and Results of Operations Forward-Looking Statements Certain statements in this report, other than purely historical information, including estimates, projections, statements relating to our business plans, objectives, and expected operating results, and",1000,False,,,,PROCTER & GAMBLE Co,7648
0000080424-20-000017,10-Q,RISK_FACTORS,1,48,126931,"Item 1A. Risk Factors For information on risk factors, please refer to “Risk Factors” in Part I, Item 1A of the Company's Form 10-K for the year ended June 30, 2019. There were no material updates to these risk factors",15,False,,,,PROCTER & GAMBLE Co,48
0000080424-20-000038,10-Q,MDA,1,13276,52657,"Item 2. Management's Discussion and Analysis of Financial Condition and Results of Operations Forward-Looking Statements Certain statements in this report, other than purely historical information, including estimates, projections, statements relating to our business plans, objectives, and expected operating results, and",1000,False,,,,PROCTER & GAMBLE Co,13276
0000080424-20-000038,10-Q,RISK_FACTORS,1,4436,138834,"Item 1A. Risk Factors We discuss our expectations regarding future performance, events and outcomes, such as our business outlook and objectives in this Form 10-Q, as well as in our quarterly and annual reports, current reports on Form 8-K, press",15,False,,,,PROCTER & GAMBLE Co,4436
0000080424-20-000097,10-Q,MDA,1,8688,40076,"Item 2. Management's Discussion and Analysis of Financial Condition and Results of Operations Forward-Looking Statements Certain statements in this report, other than purely historical information, including estimates, projections, statements relating to our business plans, objectives, and expected operating results, and",1000,False,,,,PROCTER & GAMBLE Co,8688
0000080424-19-000031,10-Q,RISK_FACTORS,1,31,136219,"Item 1A. Risk Factors For information on risk factors, please refer to “Risk Factors” in Part I, Item 1A of the Company's Form 10-K for the year ended June 30, 2018.",15,False,,,,PROCTER & GAMBLE Co,31
0000080424-19-000086,10-Q,MDA,1,8049,46405,"Item 2. Management's Discussion and Analysis of Financial Condition and Results of Operations Forward-Looking Statements Certain statements in this report, other than purely historical information, including estimates, projections, statements relating to our business plans, objectives, and expected operating results, and",1000,False,,,,PROCTER & GAMBLE Co,8049
0000080424-19-000086,10-Q,RISK_FACTORS,1,31,100058,"Item 1A. Risk Factors For information on risk factors, please refer to “Risk Factors” in Part I, Item 1A of the Company's Form 10-K for the year ended June 30, 2019.",15,False,,,,PROCTER & GAMBLE Co,31
0000080424-20-000017,10-Q,MDA,1,11752,50389,"Item 2. Management's Discussion and Analysis of Financial Condition and Results of Operations Forward-Looking Statements Certain statements in this report, other than purely historical information, including estimates, projections, statements relating to our business plans, objectives, and expected operating results, and",1000,False,,,,PROCTER & GAMBLE Co,11752
0000080424-18-000100,10-Q,RISK_FACTORS,1,31,96242,"Item 1A. Risk Factors For information on risk factors, please refer to “Risk Factors” in Part I, Item 1A of the Company's Form 10-K for the year ended June 30, 2018.",15,False,,,,PROCTER & GAMBLE Co,31
0000080424-19-000014,10-Q,MDA,1,11740,56145,"Item 2. Management's Discussion and Analysis of Financial Condition and Results of Operations Forward-Looking Statements Certain statements in this report, other than purely historical information, including estimates, projections, statements relating to our business plans, objectives, and expected operating results, and",1000,False,,,,PROCTER & GAMBLE Co,11740
0000080424-19-000014,10-Q,RISK_FACTORS,1,31,132762,"Item 1A. Risk Factors For information on risk factors, please refer to “Risk Factors” in Part I, Item 1A of the Company's Form 10-K for the year ended June 30, 2018.",15,False,,,,PROCTER & GAMBLE Co,31
0000080424-19-000031,10-Q,MDA,1,12434,55747,"Item 2. Management's Discussion and Analysis of Financial Condition and Results of Operations Forward-Looking Statements Certain statements in this report, other than purely historical information, including estimates, projections, statements relating to our business plans, objectives, and expected operating results, and",1000,False,,,,PROCTER & GAMBLE Co,12434
0000080424-21-000062,10-Q,RISK_FACTORS,1,31,129939,"Item 1A. Risk Factors For information on risk factors, please refer to ""Risk Factors"" in Part I, Item 1A of the Company's Form 10-K/A for the year ended June 30, 2020.",15,False,,,,PROCTER & GAMBLE Co,31
0000080424-21-000129,10-Q,MDA,1,8305,38336,"Item 2. Management's Discussion and Analysis of Financial Condition and Results of Operations Forward-Looking Statements Certain statements in this report, other than purely historical information, including estimates, projections, statements relating to our business plans, objectives, and expected operating results, and",1000,False,,,,PROCTER & GAMBLE Co,8305
0000080424-21-000129,10-Q,RISK_FACTORS,1,31,94811,"Item 1A. Risk Factors For information on risk factors, please refer to ""Risk Factors"" in Part I, Item 1A of the Company's Form 10-K for the year ended June 30, 2021.",15,False,,,,PROCTER & GAMBLE Co,31
0000080424-22-000016,10-Q,MDA,1,12699,42950,"Item 2. Management's Discussion and Analysis of Financial Condition and Results of Operations Forward-Looking Statements Certain statements in this report, other than purely historical information, including estimates, projections, statements relating to our business plans, objectives, and expected operating results, and",1000,False,,,,PROCTER & GAMBLE Co,12699
0000080424-22-000102,10-Q,RISK_FACTORS,1,32,88763,"Item 1A. Risk Factors For information on risk factors, please refer to ""Risk Factors"" in Part I, Item 1A of the Company's Form 10-K for the fiscal year ended June 30, 2022.",15,False,,,,PROCTER & GAMBLE Co,32
0000080424-23-000014,10-Q,MDA,1,11078,39132,"Item 2. Management's Discussion and Analysis of Financial Condition and Results of Operations Forward-Looking Statements Certain statements in this report, other than purely historical information, including estimates, projections, statements relating to our business plans, objectives and expected operating results, and",1000,False,,,,PROCTER & GAMBLE Co,11078
0000080424-23-000014,10-Q,RISK_FACTORS,1,32,112634,"Item 1A. Risk Factors For information on risk factors, please refer to ""Risk Factors"" in Part I, Item 1A of the Company's Form 10-K for the fiscal year ended June 30, 2022.",15,False,,,,PROCTER & GAMBLE Co,32
0000080424-23-000046,10-Q,MDA,1,11109,39475,"Item 2. Management's Discussion and Analysis of Financial Condition and Results of Operations Forward-Looking Statements Certain statements in this report, other than purely historical information, including estimates, projections, statements relating to our business plans, objectives and expected operating results, and",1000,False,,,,PROCTER & GAMBLE Co,11109
0000080424-22-000016,10-Q,RISK_FACTORS,1,31,126725,"Item 1A. Risk Factors For information on risk factors, please refer to ""Risk Factors"" in Part I, Item 1A of the Company's Form 10-K for the year ended June 30, 2021.",15,False,,,,PROCTER & GAMBLE Co,31
0000080424-22-000035,10-Q,MDA,1,12852,44049,"Item 2. Management's Discussion and Analysis of Financial Condition and Results of Operations Forward-Looking Statements Certain statements in this report, other than purely historical information, including estimates, projections, statements relating to our business plans, objectives, and expected operating results, and",1000,False,,,,PROCTER & GAMBLE Co,12852
0000080424-22-000035,10-Q,RISK_FACTORS,1,31,128835,"Item 1A. Risk Factors For information on risk factors, please refer to ""Risk Factors"" in Part I, Item 1A of the Company's Form 10-K for the year ended June 30, 2021.",15,False,,,,PROCTER & GAMBLE Co,31
0000080424-22-000102,10-Q,MDA,1,7776,35561,"Item 2. Management's Discussion and Analysis of Financial Condition and Results of Operations Forward-Looking Statements Certain statements in this report, other than purely historical information, including estimates, projections, statements relating to our business plans, objectives and expected operating results, and",1000,False,,,,PROCTER & GAMBLE Co,7776
0000080424-23-000046,10-Q,RISK_FACTORS,1,32,112926,"Item 1A. Risk Factors For information on risk factors, please refer to ""Risk Factors"" in Part I, Item 1A of the Company's Form 10-K for the fiscal year ended June 30, 2022.",15,False,,,,PROCTER & GAMBLE Co,32
0000080661-15-000040,10-Q,MDA,1,17166,101275,"Item 2. Management’s Discussion and Analysis of Financial Condition and Results of Operations I. OVERVIEW On April 1, 2015, The Progressive Corporation acquired a controlling interest in ARX Holding Corp. (ARX), parent company of American Strategic Insurance Corp., and other",1000,False,,,,PROGRESSIVE CORP/OH/,17166
0000080661-15-000040,10-Q,RISK_FACTORS,1,61,211718,"Item 1A. Risk Factors. The risk factors affecting our business are discussed in Item 1A of our Annual Report on Form 10-K for the year ended December 31, 2014, and in our Quarterly Report on Form 10-Q for the period",15,False,,,,PROGRESSIVE CORP/OH/,61
0000080661-15-000058,10-Q,MDA,1,17739,104580,"Item 2. Management’s Discussion and Analysis of Financial Condition and Results of Operations I. OVERVIEW During the third quarter 2015, The Progressive Corporation’s insurance subsidiaries generated net premiums written and policies in force growth of 14% and 11%, respectively, on",1000,False,,,,PROGRESSIVE CORP/OH/,17739
0000080661-15-000058,10-Q,RISK_FACTORS,1,66,219139,"Item 1A. Risk Factors. The risk factors affecting our business are discussed in Item 1A of our Annual Report on Form 10-K for the year ended December 31, 2014, and in Part II, Item 1A of our Quarterly Report on",15,False,,,,PROGRESSIVE CORP/OH/,66
0000080661-16-000097,10-Q,MDA,1,15674,88496,"Item 2. Management’s Discussion and Analysis of Financial Condition and Results of Operations I. OVERVIEW During the first quarter 2016, The Progressive Corporation’s insurance subsidiaries recognized growth in both premiums and policies in force, although net income declined 13% on",1000,False,,,,PROGRESSIVE CORP/OH/,15674
0000080661-16-000097,10-Q,RISK_FACTORS,1,45,190560,"Item 1A. Risk Factors. The risk factors affecting our business are discussed in Item 1A of our Annual Report on Form 10-K for the year ended December 31, 2015. There have been no material changes in the risk factors that",15,False,,,,PROGRESSIVE CORP/OH/,45
0000080661-16-000116,10-Q,MDA,1,17277,101647,"Item 2. Management’s Discussion and Analysis of Financial Condition and Results of Operations I. OVERVIEW During the second quarter 2016, The Progressive Corporation’s insurance subsidiaries recognized growth in both premiums and policies in force. Companywide net premiums written and earned",1000,False,,,,PROGRESSIVE CORP/OH/,17277
0000080661-17-000066,10-Q,RISK_FACTORS,1,45,199527,"Item 1A. Risk Factors. The risk factors affecting our business are discussed in Item 1A of our Annual Report on Form 10-K for the year ended December 31, 2016. There have been no material changes in the risk factors that",15,False,,,,PROGRESSIVE CORP/OH/,45
0000080661-18-000025,10-Q,MDA,1,13212,91945,"Item 2. Management’s Discussion and Analysis of Financial Condition and Results of Operations. I. OVERVIEW The Progressive Corporation’s insurance subsidiaries recognized strong growth in both premiums and policies in force in the first quarter 2018, compared to the same period",1000,False,,,,PROGRESSIVE CORP/OH/,13212
0000080661-18-000025,10-Q,RISK_FACTORS,1,45,177147,"Item 1A. Risk Factors. The risk factors affecting our business are discussed in Item 1A of our Annual Report on Form 10-K for the year ended December 31, 2017. There have been no material changes in the risk factors that",15,False,,,,PROGRESSIVE CORP/OH/,45
0000080661-18-000039,10-Q,MDA,1,14491,95622,"Item 2. Management’s Discussion and Analysis of Financial Condition and Results of Operations. I. OVERVIEW The Progressive Corporation’s insurance subsidiaries recognized strong growth in both premiums and policies in force in the second quarter 2018, compared to the same period",1000,False,,,,PROGRESSIVE CORP/OH/,14491
0000080661-16-000116,10-Q,RISK_FACTORS,1,45,212461,"Item 1A. Risk Factors. The risk factors affecting our business are discussed in Item 1A of our Annual Report on Form 10-K for the year ended December 31, 2015. There have been no material changes in the risk factors that",15,False,,,,PROGRESSIVE CORP/OH/,45
0000080661-16-000128,10-Q,MDA,1,17431,103721,"Item 2. Management’s Discussion and Analysis of Financial Condition and Results of Operations I. OVERVIEW During the third quarter 2016, The Progressive Corporation’s insurance subsidiaries recognized growth in both premiums and policies in force, although net income declined on a",1000,False,,,,PROGRESSIVE CORP/OH/,17431
0000080661-16-000128,10-Q,RISK_FACTORS,1,45,215594,"Item 1A. Risk Factors. The risk factors affecting our business are discussed in Item 1A of our Annual Report on Form 10-K for the year ended December 31, 2015. There have been no material changes in the risk factors that",15,False,,,,PROGRESSIVE CORP/OH/,45
0000080661-17-000025,10-Q,MDA,1,13347,90969,"Item 2. Management’s Discussion and Analysis of Financial Condition and Results of Operations I. OVERVIEW The Progressive Corporation’s insurance subsidiaries recognized growth in both premiums and policies in force in the first quarter 2017, compared to the same period last",1000,False,,,,PROGRESSIVE CORP/OH/,13347
0000080661-17-000025,10-Q,RISK_FACTORS,1,45,177066,"Item 1A. Risk Factors. The risk factors affecting our business are discussed in Item 1A of our Annual Report on Form 10-K for the year ended December 31, 2016. There have been no material changes in the risk factors that",15,False,,,,PROGRESSIVE CORP/OH/,45
0000080661-17-000052,10-Q,MDA,1,14897,100601,"Item 2. Management’s Discussion and Analysis of Financial Condition and Results of Operations I. OVERVIEW The Progressive Corporation’s insurance subsidiaries recognized growth in both premiums and policies in force in the second quarter 2017, compared to the same period last",1000,False,,,,PROGRESSIVE CORP/OH/,14897
0000080661-17-000052,10-Q,RISK_FACTORS,1,45,194899,"Item 1A. Risk Factors. The risk factors affecting our business are discussed in Item 1A of our Annual Report on Form 10-K for the year ended December 31, 2016. There have been no material changes in the risk factors that",15,False,,,,PROGRESSIVE CORP/OH/,45
0000080661-17-000066,10-Q,MDA,1,14859,104813,"Item 2. Management’s Discussion and Analysis of Financial Condition and Results of Operations. I. OVERVIEW The Progressive Corporation’s insurance subsidiaries recognized growth in both premiums and policies in force in the third quarter 2017, compared to the same period last",1000,False,,,,PROGRESSIVE CORP/OH/,14859
0000080661-21-000030,10-Q,RISK_FACTORS,1,37,152072,"Item 1A. Risk Factors. There have been no material changes in the risk factors from those discussed in Item 1A, Risk Factors included in our Annual Report on Form 10-K for the year ended December 31, 2020.",15,False,,,,PROGRESSIVE CORP/OH/,37
0000080661-21-000044,10-Q,MDA,1,13966,87364,"Item 2. Management’s Discussion and Analysis of Financial Condition and Results of Operations. I. OVERVIEW The Progressive Corporation’s insurance subsidiaries recognized growth in both premiums and policies in force in the second quarter 2021, compared to the same period last",1000,False,,,,PROGRESSIVE CORP/OH/,13966
0000080661-21-000044,10-Q,RISK_FACTORS,1,37,177516,"Item 1A. Risk Factors. There have been no material changes in the risk factors from those discussed in Item 1A, Risk Factors included in our Annual Report on Form 10-K for the year ended December 31, 2020.",15,False,,,,PROGRESSIVE CORP/OH/,37
0000080661-21-000053,10-Q,MDA,1,13804,89436,"Item 2. Management’s Discussion and Analysis of Financial Condition and Results of Operations. I. OVERVIEW The Progressive Corporation’s insurance subsidiaries recognized growth in both premiums and policies in force in the third quarter 2021, compared to the same period last",1000,False,,,,PROGRESSIVE CORP/OH/,13804
0000080661-20-000032,10-Q,RISK_FACTORS,1,52,186450,"Item 1A. Risk Factors. There have been no material changes in the risk factors from those discussed in Item 1A, Risk Factors included in both our Annual Report on Form 10-K for the year ended December 31, 2019, and our",15,False,,,,PROGRESSIVE CORP/OH/,52
0000080661-20-000040,10-Q,MDA,1,13826,91642,"Item 2. Management’s Discussion and Analysis of Financial Condition and Results of Operations. I. OVERVIEW The Progressive Corporation’s insurance subsidiaries recognized strong growth in both premiums and policies in force in the third quarter 2020, compared to the same period",1000,False,,,,PROGRESSIVE CORP/OH/,13826
0000080661-20-000040,10-Q,RISK_FACTORS,1,52,182265,"Item 1A. Risk Factors. There have been no material changes in the risk factors from those discussed in Item 1A, Risk Factors included in both our Annual Report on Form 10-K for the year ended December 31, 2019, and our",15,False,,,,PROGRESSIVE CORP/OH/,52
0000080661-21-000030,10-Q,MDA,1,11773,74938,"Item 2. Management’s Discussion and Analysis of Financial Condition and Results of Operations. I. OVERVIEW The Progressive Corporation’s insurance subsidiaries recognized growth in both premiums and policies in force in the first quarter 2021, compared to the same period last",1000,False,,,,PROGRESSIVE CORP/OH/,11773
0000080661-19-000043,10-Q,RISK_FACTORS,1,46,186082,"Item 1A. Risk Factors. The risk factors affecting our business are discussed in Item 1A of our Annual Report on Form 10-K for the year ended December 31, 2018 . There have been no material changes in the risk factors",15,False,,,,PROGRESSIVE CORP/OH/,46
0000080661-20-000020,10-Q,MDA,1,15291,85240,"Item 2. Management’s Discussion and Analysis of Financial Condition and Results of Operations. I. OVERVIEW The Progressive Corporation’s insurance subsidiaries generated $9.9 billion of net premiums written during the first quarter 2020, which is a 7% increase over the first",1000,False,,,,PROGRESSIVE CORP/OH/,15291
0000080661-20-000020,10-Q,RISK_FACTORS,1,900,185265,"Item 1A. Risk Factors. The risk factors affecting our business are discussed in Item 1A, Risk Factors to our Annual Report on Form 10-K for the year ended December 31, 2019. The following is in addition to the risk factors",15,False,,,,PROGRESSIVE CORP/OH/,900
0000080661-20-000032,10-Q,MDA,1,14813,90705,"Item 2. Management’s Discussion and Analysis of Financial Condition and Results of Operations. I. OVERVIEW The Progressive Corporation’s insurance subsidiaries recognized strong growth in both premiums and policies in force in the second quarter 2020, compared to the same period",1000,False,,,,PROGRESSIVE CORP/OH/,14813
0000080661-19-000023,10-Q,RISK_FACTORS,1,46,174356,"Item 1A. Risk Factors. The risk factors affecting our business are discussed in Item 1A of our Annual Report on Form 10-K for the year ended December 31, 2018 . There have been no material changes in the risk factors",15,False,,,,PROGRESSIVE CORP/OH/,46
0000080661-19-000034,10-Q,MDA,1,13903,94562,"Item 2. Management’s Discussion and Analysis of Financial Condition and Results of Operations. I. OVERVIEW The Progressive Corporation’s insurance subsidiaries recognized strong growth in both premiums and policies in force in the second quarter 2019, compared to the same period",1000,False,,,,PROGRESSIVE CORP/OH/,13903
0000080661-19-000034,10-Q,RISK_FACTORS,1,46,183559,"Item 1A. Risk Factors. The risk factors affecting our business are discussed in Item 1A of our Annual Report on Form 10-K for the year ended December 31, 2018 . There have been no material changes in the risk factors",15,False,,,,PROGRESSIVE CORP/OH/,46
0000080661-19-000043,10-Q,MDA,1,14078,95400,"Item 2. Management’s Discussion and Analysis of Financial Condition and Results of Operations. I. OVERVIEW The Progressive Corporation’s insurance subsidiaries recognized strong growth in both premiums and policies in force in the third quarter 2019, compared to the same period",1000,False,,,,PROGRESSIVE CORP/OH/,14078
0000080661-18-000039,10-Q,RISK_FACTORS,1,45,187324,"Item 1A. Risk Factors. The risk factors affecting our business are discussed in Item 1A of our Annual Report on Form 10-K for the year ended December 31, 2017. There have been no material changes in the risk factors that",15,False,,,,PROGRESSIVE CORP/OH/,45
0000080661-18-000050,10-Q,MDA,1,14446,99802,"Item 2. Management’s Discussion and Analysis of Financial Condition and Results of Operations. I. OVERVIEW The Progressive Corporation’s insurance subsidiaries recognized strong growth in both premiums and policies in force in the third quarter 2018, compared to the same period",1000,False,,,,PROGRESSIVE CORP/OH/,14446
0000080661-18-000050,10-Q,RISK_FACTORS,1,45,192324,"Item 1A. Risk Factors. The risk factors affecting our business are discussed in Item 1A of our Annual Report on Form 10-K for the year ended December 31, 2017. There have been no material changes in the risk factors that",15,False,,,,PROGRESSIVE CORP/OH/,45
0000080661-19-000023,10-Q,MDA,1,13326,87743,"Item 2. Management’s Discussion and Analysis of Financial Condition and Results of Operations. I. OVERVIEW The Progressive Corporation’s insurance subsidiaries recognized strong growth in both premiums and policies in force in the first quarter 2019, compared to the same period",1000,False,,,,PROGRESSIVE CORP/OH/,13326
0000004281-20-000185,10-Q,MDA,1,5608,97860,"Item 2. Management’s Discussion and Analysis of Financial Condition and Results of Operations. (dollars in millions, except per share amounts) Overview On April 1, 2020, Howmet Aerospace Inc. (formerly known as Arconic Inc.) (“Howmet” or the “Company”) completed the previously",1000,False,,,,Howmet Aerospace Inc.,5608
0000004281-20-000185,10-Q,RISK_FACTORS,4,132,147330,"Item 1A. Risk Factors in our Quarterly Reports on Form 10-Q for the quarters ended March 31, 2020 and June 30, 2020, including, but not limited to, risks related to global economic conditions, competition, loss of customers, costs of supplies,",15,False,,,,Howmet Aerospace Inc.,132
0000019617-15-000367,10-Q,MDA,1,104,2952,Item 2 Management’s Discussion and Analysis of Financial Condition and Results of Operations: Consolidated Financial Highlights 3 Introduction 4 Executive Overview 5 Consolidated Results of Operations 7 Consolidated Balance Sheets Analysis 10 Off-Balance Sheet Arrangements 12 Consolidated Cash Flows Analysis,1000,False,,,,JPMORGAN CHASE & CO,104
0000019617-15-000367,10-Q,RISK_FACTORS,3,28,665453,Item 1A: Risk Factors on pages 8–17 of JPMorgan Chase ’s 2014 Annual Report on Form 10-K and Forward-Looking Statements on page 83 of this Form 10-Q .,15,False,,,,JPMORGAN CHASE & CO,28
0000080661-21-000053,10-Q,RISK_FACTORS,1,37,179043,"Item 1A. Risk Factors. There have been no material changes in the risk factors from those discussed in Item 1A, Risk Factors included in our Annual Report on Form 10-K for the year ended December 31, 2020.",15,False,,,,PROGRESSIVE CORP/OH/,37
0000080661-22-000058,10-Q,MDA,1,12759,78048,"Item 2. Management’s Discussion and Analysis of Financial Condition and Results of Operations. I. OVERVIEW The Progressive Corporation’s insurance subsidiaries recognized growth in both premiums and policies in force in the first quarter 2022, compared to the same period last",1000,False,,,,PROGRESSIVE CORP/OH/,12759
0000080661-22-000058,10-Q,RISK_FACTORS,1,37,161486,"Item 1A. Risk Factors. There have been no material changes in the risk factors from those discussed in Item 1A, Risk Factors included in our Annual Report on Form 10-K for the year ended December 31, 2021.",15,False,,,,PROGRESSIVE CORP/OH/,37
0000080661-22-000071,10-Q,MDA,1,14619,89567,"Item 2. Management’s Discussion and Analysis of Financial Condition and Results of Operations. I. OVERVIEW The Progressive Corporation’s insurance subsidiaries recognized growth in premiums during the second quarter 2022, compared to the same period last year, driven primarily by rate",1000,False,,,,PROGRESSIVE CORP/OH/,14619
0000080661-22-000071,10-Q,RISK_FACTORS,1,37,184513,"Item 1A. Risk Factors. There have been no material changes in the risk factors from those discussed in Item 1A, Risk Factors included in our Annual Report on Form 10-K for the year ended December 31, 2021.",15,False,,,,PROGRESSIVE CORP/OH/,37
0000080661-22-000080,10-Q,MDA,1,15469,89761,"Item 2. Management’s Discussion and Analysis of Financial Condition and Results of Operations. I. OVERVIEW The Progressive Corporation’s insurance subsidiaries recognized growth in both premiums written and policies in force during the third quarter 2022, compared to the same period",1000,False,,,,PROGRESSIVE CORP/OH/,15469
0000080661-22-000080,10-Q,RISK_FACTORS,1,37,190528,"Item 1A. Risk Factors. There have been no material changes in the risk factors from those discussed in Item 1A, Risk Factors included in our Annual Report on Form 10-K for the year ended December 31, 2021.",15,False,,,,PROGRESSIVE CORP/OH/,37
0000080661-23-000023,10-Q,MDA,1,14228,79540,"ITEM 2. MANAGEMENT’S DISCUSSION AND ANALYSIS OF FINANCIAL CONDITION AND RESULTS OF OPERATIONS. I. OVERVIEW During the first quarter 2023, The Progressive Corporation’s insurance subsidiaries recognized strong growth in both premiums written and policies in force, compared to the same",1000,False,,,,PROGRESSIVE CORP/OH/,14228
0000080661-23-000049,10-Q,RISK_FACTORS,1,37,196048,"Item 1A. Risk Factors. There have been no material changes in the risk factors from those discussed in Item 1A, Risk Factors included in our Annual Report on Form 10-K for the year ended December 31, 2022.",15,False,,,,PROGRESSIVE CORP/OH/,37
0000080661-24-000018,10-Q,MDA,1,14134,77341,"ITEM 2. MANAGEMENT’S DISCUSSION AND ANALYSIS OF FINANCIAL CONDITION AND RESULTS OF OPERATIONS. I. OVERVIEW During the first quarter 2024, The Progressive Corporation’s insurance subsidiaries recognized strong growth in both premiums and policies in force, compared to the same period",1000,False,,,,PROGRESSIVE CORP/OH/,14134
0000080661-24-000018,10-Q,RISK_FACTORS,1,37,169505,"Item 1A. Risk Factors. There have been no material changes in the risk factors from those discussed in Item 1A, Risk Factors included in our Annual Report on Form 10-K for the year ended December 31, 2023.",15,False,,,,PROGRESSIVE CORP/OH/,37
0000080661-24-000031,10-Q,MDA,1,15686,84485,"ITEM 2. MANAGEMENT’S DISCUSSION AND ANALYSIS OF FINANCIAL CONDITION AND RESULTS OF OPERATIONS. I. OVERVIEW During the second quarter 2024, The Progressive Corporation’s insurance subsidiaries recognized strong growth in both premiums and policies in force, compared to the same period",1000,False,,,,PROGRESSIVE CORP/OH/,15686
0000080661-23-000023,10-Q,RISK_FACTORS,1,37,172668,"Item 1A. Risk Factors. There have been no material changes in the risk factors from those discussed in Item 1A, Risk Factors included in our Annual Report on Form 10-K for the year ended December 31, 2022.",15,False,,,,PROGRESSIVE CORP/OH/,37
0000080661-23-000037,10-Q,MDA,1,16541,88277,"ITEM 2. MANAGEMENT’S DISCUSSION AND ANALYSIS OF FINANCIAL CONDITION AND RESULTS OF OPERATIONS. I. OVERVIEW During the second quarter 2023, The Progressive Corporation’s insurance subsidiaries recognized strong growth in both premiums written and policies in force, compared to the same",1000,False,,,,PROGRESSIVE CORP/OH/,16541
0000080661-23-000037,10-Q,RISK_FACTORS,1,37,195182,"Item 1A. Risk Factors. There have been no material changes in the risk factors from those discussed in Item 1A, Risk Factors included in our Annual Report on Form 10-K for the year ended December 31, 2022.",15,False,,,,PROGRESSIVE CORP/OH/,37
0000080661-23-000049,10-Q,MDA,1,16155,90878,"ITEM 2. MANAGEMENT’S DISCUSSION AND ANALYSIS OF FINANCIAL CONDITION AND RESULTS OF OPERATIONS. I. OVERVIEW During the third quarter 2023, The Progressive Corporation’s insurance subsidiaries recognized strong growth in both premiums written and policies in force, compared to the same",1000,False,,,,PROGRESSIVE CORP/OH/,16155
0000080661-24-000031,10-Q,RISK_FACTORS,1,37,185442,"Item 1A. Risk Factors. There have been no material changes in the risk factors from those discussed in Item 1A, Risk Factors included in our Annual Report on Form 10-K for the year ended December 31, 2023.",15,False,,,,PROGRESSIVE CORP/OH/,37
0000080661-24-000045,10-Q,MDA,1,16214,84184,"ITEM 2. MANAGEMENT’S DISCUSSION AND ANALYSIS OF FINANCIAL CONDITION AND RESULTS OF OPERATIONS. I. OVERVIEW During the third quarter 2024, The Progressive Corporation’s insurance subsidiaries recognized strong growth in both premiums and policies in force, compared to the same period",1000,False,,,,PROGRESSIVE CORP/OH/,16214
0000080661-24-000045,10-Q,RISK_FACTORS,1,37,189416,"Item 1A. Risk Factors. There have been no material changes in the risk factors from those discussed in Item 1A, Risk Factors included in our Annual Report on Form 10-K for the year ended December 31, 2023.",15,False,,,,PROGRESSIVE CORP/OH/,37
0000080661-25-000023,10-Q,MDA,1,14166,67553,"ITEM 2. MANAGEMENT’S DISCUSSION AND ANALYSIS OF FINANCIAL CONDITION AND RESULTS OF OPERATIONS. I. OVERVIEW The Progressive Corporation’s insurance subsidiaries recognized substantial year-over-year growth in both premiums and policies in force during the first quarter 2025, compared to the same",1000,False,,,,PROGRESSIVE CORP/OH/,14166
0000097476-20-000017,10-Q,RISK_FACTORS,1,3826,46775,ITEM 1A. Risk factors You should read the following risk factors in conjunction with the factors discussed elsewhere in this and other of our filings with the Securities and Exchange Commission (SEC) and in materials incorporated by reference into these,15,False,,,,TEXAS INSTRUMENTS INC,3826
0000097476-20-000026,10-Q,MDA,1,3156,33421,"ITEM 2. Management’s discussion and analysis of financial condition and results of operations Overview We design, make and sell semiconductors to electronics designers and manufacturers all over the world. For many years, we have run our business with three overarching",1000,False,,,,TEXAS INSTRUMENTS INC,3156
0000097476-20-000026,10-Q,RISK_FACTORS,1,31,54332,"ITEM 1A. Risk factors Information concerning our risk factors is contained in Item 1A of our Form 10-Q for the quarter ended March 31, 2020, and is incorporated by reference herein.",15,False,,,,TEXAS INSTRUMENTS INC,31
0000097476-21-000013,10-Q,MDA,1,2020,28019,"ITEM 2. Management’s discussion and analysis of financial condition and results of operations Overview We design, make and sell semiconductors to electronics designers and manufacturers all over the world. Technology is the foundation of our company, but ultimately, our objective",1000,False,,,,TEXAS INSTRUMENTS INC,2020
0000080661-25-000023,10-Q,RISK_FACTORS,1,37,160176,"Item 1A. Risk Factors. There have been no material changes in the risk factors from those discussed in Item 1A, Risk Factors included in our Annual Report on Form 10-K for the year ended December 31, 2024.",15,False,,,,PROGRESSIVE CORP/OH/,37
0000080661-25-000051,10-Q,MDA,1,15298,74985,"ITEM 2. MANAGEMENT’S DISCUSSION AND ANALYSIS OF FINANCIAL CONDITION AND RESULTS OF OPERATIONS. I. OVERVIEW The Progressive Corporation’s insurance subsidiaries recognized substantial year-over-year growth in both premiums and policies in force during the second quarter 2025, compared to the same",1000,False,,,,PROGRESSIVE CORP/OH/,15298
0000080661-25-000051,10-Q,RISK_FACTORS,1,37,173585,"Item 1A. Risk Factors. There have been no material changes in the risk factors from those discussed in Item 1A, Risk Factors included in our Annual Report on Form 10-K for the year ended December 31, 2024.",15,False,,,,PROGRESSIVE CORP/OH/,37
0000080661-25-000129,10-Q,MDA,1,16427,76510,"ITEM 2. MANAGEMENT’S DISCUSSION AND ANALYSIS OF FINANCIAL CONDITION AND RESULTS OF OPERATIONS. I. OVERVIEW The Progressive Corporation’s insurance subsidiaries recognized strong year-over-year growth in both premiums and policies in force during the third quarter 2025, compared to the same",1000,False,,,,PROGRESSIVE CORP/OH/,16427
0000086521-16-000123,10-Q,RISK_FACTORS,1,31,446907,"ITEM 1A. RISK FACTORS There have not been any material changes from the risk factors previously disclosed in our Annual Report on Form 10-K for the year ended December 31, 2015.",15,False,,,,SEMPRA,31
0000097476-19-000009,10-Q,MDA,1,2659,39606,"ITEM 2. Management’s discussion and analysis of financial condition and results of operations Overview We design, make and sell semiconductors to electronics designers and manufacturers all over the world. Our business model is designed around the following four sustainable competitive",1000,False,,,,TEXAS INSTRUMENTS INC,2659
0000097476-19-000009,10-Q,RISK_FACTORS,1,31,57361,"ITEM 1A. Risk factors Information concerning our risk factors is contained in Item 1A of our Form 10-K for the year ended December 31, 2018, and is incorporated by reference herein.",15,False,,,,TEXAS INSTRUMENTS INC,31
0000097476-20-000017,10-Q,MDA,1,2583,29386,"ITEM 2. Management’s discussion and analysis of financial condition and results of operations Overview We design, make and sell semiconductors to electronics designers and manufacturers all over the world. For many years, we have run our business with three overarching",1000,False,,,,TEXAS INSTRUMENTS INC,2583
0000080661-25-000129,10-Q,RISK_FACTORS,1,37,182610,"Item 1A. Risk Factors. There have been no material changes in the risk factors from those discussed in Item 1A, Risk Factors included in our Annual Report on Form 10-K for the year ended December 31, 2024.",15,False,,,,PROGRESSIVE CORP/OH/,37
0000080661-26-000177,10-Q,MDA,1,12188,62395,ITEM 2. MANAGEMENT’S DISCUSSION AND ANALYSIS OF FINANCIAL CONDITION AND RESULTS OF OPERATIONS. I. OVERVIEW The Progressive Corporation’s insurance subsidiaries maintained an underwriting profit better than our 4% companywide calendar-year underwriting profit goal during the first quarter 2026 and reported,1000,False,,,,PROGRESSIVE CORP/OH/,12188
0000080661-26-000177,10-Q,RISK_FACTORS,1,37,142837,"Item 1A. Risk Factors. There have been no material changes in the risk factors from those discussed in Item 1A, Risk Factors included in our Annual Report on Form 10-K for the year ended December 31, 2025.",15,False,,,,PROGRESSIVE CORP/OH/,37
0000080661-26-000308,10-Q,MDA,1,12453,70060,"ITEM 2. MANAGEMENT’S DISCUSSION AND ANALYSIS OF FINANCIAL CONDITION AND RESULTS OF OPERATIONS. I. OVERVIEW The Progressive Corporation’s insurance subsidiaries continued to generate underwriting profitability above our 4% companywide calendar-year underwriting profit goal during the second quarter 2026, producing a",1000,False,,,,PROGRESSIVE CORP/OH/,12453
0000097476-21-000013,10-Q,RISK_FACTORS,1,31,41712,"ITEM 1A. Risk factors Information concerning our risk factors is contained in Item 1A of our Form 10-K for the year ended December 31, 2020, and is incorporated by reference herein.",15,False,,,,TEXAS INSTRUMENTS INC,31
0000097476-21-000020,10-Q,MDA,1,2419,31610,"ITEM 2. Management’s discussion and analysis of financial condition and results of operations Overview We design, make and sell semiconductors to electronics designers and manufacturers all over the world. Technology is the foundation of our company, but ultimately, our objective",1000,False,,,,TEXAS INSTRUMENTS INC,2419
0000097476-21-000020,10-Q,RISK_FACTORS,1,31,47759,"ITEM 1A. Risk factors Information concerning our risk factors is contained in Item 1A of our Form 10-K for the year ended December 31, 2020, and is incorporated by reference herein.",15,False,,,,TEXAS INSTRUMENTS INC,31
0000097476-21-000032,10-Q,MDA,1,2420,33611,"ITEM 2. Management’s discussion and analysis of financial condition and results of operations Overview We design, make and sell semiconductors to electronics designers and manufacturers all over the world. Technology is the foundation of our company, but ultimately, our objective",1000,False,,,,TEXAS INSTRUMENTS INC,2420
0000097476-21-000032,10-Q,RISK_FACTORS,1,31,49822,"ITEM 1A. Risk factors Information concerning our risk factors is contained in Item 1A of our Form 10-K for the year ended December 31, 2020, and is incorporated by reference herein.",15,False,,,,TEXAS INSTRUMENTS INC,31
0000097476-22-000028,10-Q,MDA,1,1925,28072,"ITEM 2. Management’s discussion and analysis of financial condition and results of operations Overview We design, make and sell semiconductors to electronics designers and manufacturers all over the world. Technology is the foundation of our company, but ultimately, our objective",1000,False,,,,TEXAS INSTRUMENTS INC,1925
0000097476-22-000028,10-Q,RISK_FACTORS,1,31,41165,"ITEM 1A. Risk factors Information concerning our risk factors is contained in Item 1A of our Form 10-K for the year ended December 31, 2021, and is incorporated by reference herein.",15,False,,,,TEXAS INSTRUMENTS INC,31
0000097476-22-000040,10-Q,MDA,1,2131,31205,"ITEM 2. Management’s discussion and analysis of financial condition and results of operations Overview We design, make and sell semiconductors to electronics designers and manufacturers all over the world. Technology is the foundation of our company, but ultimately, our objective",1000,False,,,,TEXAS INSTRUMENTS INC,2131
0000097476-22-000040,10-Q,RISK_FACTORS,1,31,45593,"ITEM 1A. Risk factors Information concerning our risk factors is contained in Item 1A of our Form 10-K for the year ended December 31, 2021, and is incorporated by reference herein.",15,False,,,,TEXAS INSTRUMENTS INC,31
0000097476-22-000048,10-Q,MDA,1,2291,33831,"ITEM 2. Management’s discussion and analysis of financial condition and results of operations Overview We design, make and sell semiconductors to electronics designers and manufacturers all over the world. Technology is the foundation of our company, but ultimately, our objective",1000,False,,,,TEXAS INSTRUMENTS INC,2291
0000097476-22-000048,10-Q,RISK_FACTORS,1,31,49307,"ITEM 1A. Risk factors Information concerning our risk factors is contained in Item 1A of our Form 10-K for the year ended December 31, 2021, and is incorporated by reference herein.",15,False,,,,TEXAS INSTRUMENTS INC,31
0000097476-23-000025,10-Q,MDA,1,1904,29232,"ITEM 2. Management’s discussion and analysis of financial condition and results of operations Overview We design and manufacture semiconductors that we sell to electronics designers and manufacturers all over the world. Technology is the foundation of our company, but ultimately,",1000,False,,,,TEXAS INSTRUMENTS INC,1904
0000097476-23-000025,10-Q,RISK_FACTORS,1,31,42285,"ITEM 1A. Risk factors Information concerning our risk factors is contained in Item 1A of our Form 10-K for the year ended December 31, 2022, and is incorporated by reference herein.",15,False,,,,TEXAS INSTRUMENTS INC,31
0000097476-23-000035,10-Q,MDA,1,2303,33291,"ITEM 2. Management’s discussion and analysis of financial condition and results of operations Overview We design and manufacture semiconductors that we sell to electronics designers and manufacturers all over the world. Technology is the foundation of our company, but ultimately,",1000,False,,,,TEXAS INSTRUMENTS INC,2303
0000097476-23-000035,10-Q,RISK_FACTORS,1,31,48855,"ITEM 1A. Risk factors Information concerning our risk factors is contained in Item 1A of our Form 10-K for the year ended December 31, 2022, and is incorporated by reference herein.",15,False,,,,TEXAS INSTRUMENTS INC,31
0000097476-23-000041,10-Q,MDA,1,2349,35025,"ITEM 2. Management’s discussion and analysis of financial condition and results of operations Overview We design and manufacture semiconductors that we sell to electronics designers and manufacturers all over the world. Technology is the foundation of our company, but ultimately,",1000,False,,,,TEXAS INSTRUMENTS INC,2349
0000097476-23-000041,10-Q,RISK_FACTORS,1,31,50919,"ITEM 1A. Risk factors Information concerning our risk factors is contained in Item 1A of our Form 10-K for the year ended December 31, 2022, and is incorporated by reference herein.",15,False,,,,TEXAS INSTRUMENTS INC,31
0000097476-24-000021,10-Q,MDA,1,1882,28864,"ITEM 2. Management’s discussion and analysis of financial condition and results of operations Overview We design and manufacture semiconductors that we sell to electronics designers and manufacturers all over the world. Technology is the foundation of our company, but ultimately,",1000,False,,,,TEXAS INSTRUMENTS INC,1882
0000097476-24-000021,10-Q,RISK_FACTORS,1,31,41744,"ITEM 1A. Risk factors Information concerning our risk factors is contained in Item 1A of our Form 10-K for the year ended December 31, 2023, and is incorporated by reference herein.",15,False,,,,TEXAS INSTRUMENTS INC,31
0000097476-24-000030,10-Q,MDA,1,2357,32301,"ITEM 2. Management’s discussion and analysis of financial condition and results of operations Overview We design and manufacture semiconductors that we sell to electronics designers and manufacturers all over the world. Technology is the foundation of our company, but ultimately,",1000,False,,,,TEXAS INSTRUMENTS INC,2357
0000097476-24-000030,10-Q,RISK_FACTORS,1,31,48396,"ITEM 1A. Risk factors Information concerning our risk factors is contained in Item 1A of our Form 10-K for the year ended December 31, 2023, and is incorporated by reference herein.",15,False,,,,TEXAS INSTRUMENTS INC,31
0000097476-24-000042,10-Q,MDA,1,2324,34178,"ITEM 2. Management’s discussion and analysis of financial condition and results of operations Overview We design and manufacture semiconductors that we sell to electronics designers and manufacturers all over the world. Technology is the foundation of our company, but ultimately,",1000,False,,,,TEXAS INSTRUMENTS INC,2324
0000097476-24-000042,10-Q,RISK_FACTORS,1,31,50007,"ITEM 1A. Risk factors Information concerning our risk factors is contained in Item 1A of our Form 10-K for the year ended December 31, 2023, and is incorporated by reference herein.",15,False,,,,TEXAS INSTRUMENTS INC,31
0000097476-25-000027,10-Q,MDA,1,1920,28777,"ITEM 2. Management’s discussion and analysis of financial condition and results of operations Overview We design and manufacture semiconductors that we sell to electronics designers and manufacturers all over the world. Technology is the foundation of our company, but ultimately,",1000,False,,,,TEXAS INSTRUMENTS INC,1920
0000097476-25-000027,10-Q,RISK_FACTORS,1,31,42097,"ITEM 1A. Risk factors Information concerning our risk factors is contained in Item 1A of our Form 10-K for the year ended December 31, 2024, and is incorporated by reference herein.",15,False,,,,TEXAS INSTRUMENTS INC,31
0000097476-25-000036,10-Q,MDA,1,3211,34544,"ITEM 2. Management’s discussion and analysis of financial condition and results of operations Overview We design and manufacture semiconductors that we sell to electronics designers and manufacturers all over the world. Technology is the foundation of our company, but ultimately,",1000,False,,,,TEXAS INSTRUMENTS INC,3211
0000097476-25-000036,10-Q,RISK_FACTORS,1,31,56282,"ITEM 1A. Risk factors Information concerning our risk factors is contained in Item 1A of our Form 10-K for the year ended December 31, 2024, and is incorporated by reference herein.",15,False,,,,TEXAS INSTRUMENTS INC,31
0000097476-25-000060,10-Q,MDA,1,3352,36666,"ITEM 2. Management’s discussion and analysis of financial condition and results of operations Overview We design and manufacture semiconductors that we sell to electronics designers and manufacturers all over the world. Technology is the foundation of our company, but ultimately,",1000,False,,,,TEXAS INSTRUMENTS INC,3352
0000097476-25-000060,10-Q,RISK_FACTORS,1,31,59406,"ITEM 1A. Risk factors Information concerning our risk factors is contained in Item 1A of our Form 10-K for the year ended December 31, 2024, and is incorporated by reference herein.",15,False,,,,TEXAS INSTRUMENTS INC,31
0000097476-26-000101,10-Q,MDA,1,2686,30313,"ITEM 2. Management’s discussion and analysis of financial condition and results of operations Overview We design and manufacture semiconductors that we sell to electronics designers and manufacturers all over the world. Technology is the foundation of our company, but ultimately,",1000,False,,,,TEXAS INSTRUMENTS INC,2686
0000097476-26-000101,10-Q,RISK_FACTORS,1,31,48820,"ITEM 1A. Risk factors Information concerning our risk factors is contained in Item 1A of our Form 10-K for the year ended December 31, 2025, and is incorporated by reference herein.",15,False,,,,TEXAS INSTRUMENTS INC,31
0000097476-26-000152,10-Q,MDA,1,3111,34541,"ITEM 2. Management’s discussion and analysis of financial condition and results of operations Overview We design and manufacture semiconductors that we sell to electronics designers and manufacturers all over the world. Technology is the foundation of our company, but ultimately,",1000,False,,,,TEXAS INSTRUMENTS INC,3111
0000086521-15-000067,10-Q,RISK_FACTORS,1,31,405095,"ITEM 1A. RISK FACTORS There have not been any material changes from the risk factors previously disclosed in our Annual Report on Form 10-K for the year ended December 31, 2014.",15,False,,,,SEMPRA,31
0000086521-16-000100,10-Q,MDA,2,22305,221136,"ITEM 2. MANAGEMENT’S DISCUSSION AND ANALYSIS OF FINANCIAL CONDITION AND RESULTS OF OPERATIONS You should read the following discussion in conjunction with the Condensed Consolidated Financial Statements and the Notes thereto contained in this Form 10-Q, and the Consolidated Financial",1000,False,,,,SEMPRA,22305
0000086521-16-000100,10-Q,RISK_FACTORS,1,31,369757,"ITEM 1A. RISK FACTORS There have not been any material changes from the risk factors previously disclosed in our Annual Report on Form 10-K for the year ended December 31, 2015.",15,False,,,,SEMPRA,31
0000086521-16-000123,10-Q,MDA,2,29443,254818,"ITEM 2. MANAGEMENT'S DISCUSSION AND ANALYSIS OF FINANCIAL CONDITION AND RESULTS OF OPERATIONS You should read the following discussion in conjunction with the Condensed Consolidated Financial Statements and the Notes thereto contained in this Form 10-Q, and the Consolidated Financial",1000,False,,,,SEMPRA,29443
0000080661-26-000308,10-Q,RISK_FACTORS,1,37,151267,"Item 1A. Risk Factors. There have been no material changes in the risk factors from those discussed in Item 1A, Risk Factors included in our Annual Report on Form 10-K for the year ended December 31, 2025.",15,False,,,,PROGRESSIVE CORP/OH/,37
0000086521-15-000046,10-Q,MDA,2,23784,212391,"ITEM 2. MANAGEMENT’S DISCUSSION AND ANALYSIS OF FINANCIAL CONDITION AND RESULTS OF OPERATIONS You should read the following discussion in conjunction with the Condensed Consolidated Financial Statements and the Notes thereto contained in this Form 10-Q, “Management’s Discussion and Analysis",1000,False,,,,SEMPRA,23784
0000086521-15-000046,10-Q,RISK_FACTORS,1,31,367511,"ITEM 1A. RISK FACTORS There have not been any material changes from the risk factors previously disclosed in our Annual Report on Form 10-K for the year ended December 31, 2014.",15,False,,,,SEMPRA,31
0000086521-15-000067,10-Q,MDA,2,25903,235182,"ITEM 2. MANAGEMENT’S DISCUSSION AND ANALYSIS OF FINANCIAL CONDITION AND RESULTS OF OPERATIONS You should read the following discussion in conjunction with the Condensed Consolidated Financial Statements and the Notes thereto contained in this Form 10-Q, “Management’s Discussion and Analysis",1000,False,,,,SEMPRA,25903
0000100885-17-000114,10-Q,MDA,1,15,3068,Item 2. Management's Discussion and Analysis of Financial Condition and Results of Operations 21 ﻿,1000,False,,,,UNION PACIFIC CORP,15
0000100885-17-000173,10-Q,MDA,1,15,3803,Item 2. Management's Discussion and Analysis of Financial Condition and Results of Operations 22 ﻿,1000,False,,,,UNION PACIFIC CORP,15
0000100885-17-000245,10-Q,MDA,1,15,3850,Item 2. Management's Discussion and Analysis of Financial Condition and Results of Operations 24 ﻿,1000,False,,,,UNION PACIFIC CORP,15
0000100885-18-000125,10-Q,MDA,1,15,3584,Item 2. Management's Discussion and Analysis of Financial Condition and Results of Operations 21 ﻿,1000,False,,,,UNION PACIFIC CORP,15
0000097745-15-000031,10-Q,RISK_FACTORS,1,4450,130420,Item 1A. Risk Factors Set forth below are the risks that we believe are material to our investors. This section contains forward-looking statements. You should refer to the explanation of the qualifications and limitations on forward-looking statements beginning on page,15,False,,,,THERMO FISHER SCIENTIFIC INC.,4450
0000100885-16-000339,10-Q,MDA,1,15,3069,Item 2. Management's Discussion and Analysis of Financial Condition and Results of Operations 20 ﻿,1000,False,,,,UNION PACIFIC CORP,15
0000100885-16-000400,10-Q,MDA,1,15,3289,Item 2. Management's Discussion and Analysis of Financial Condition and Results of Operations 22 ﻿,1000,False,,,,UNION PACIFIC CORP,15
0000100885-16-000454,10-Q,MDA,1,15,3338,Item 2. Management's Discussion and Analysis of Financial Condition and Results of Operations 23 ﻿,1000,False,,,,UNION PACIFIC CORP,15
0000097476-26-000152,10-Q,RISK_FACTORS,1,31,55618,"ITEM 1A. Risk factors Information concerning our risk factors is contained in Item 1A of our Form 10-K for the year ended December 31, 2025, and is incorporated by reference herein.",15,False,,,,TEXAS INSTRUMENTS INC,31
0000097745-15-000026,10-Q,MDA,2,8036,75224,"Item 2. Management’s Discussion and Analysis of Financial Condition and Results of Operations Forward-looking statements, within the meaning of Section 21E of the Securities Exchange Act of 1934 are made throughout this Management’s Discussion and Analysis of Financial Condition and",1000,False,,,,THERMO FISHER SCIENTIFIC INC.,8036
0000097745-15-000026,10-Q,RISK_FACTORS,1,4475,130332,Item 1A. Risk Factors Set forth below are the risks that we believe are material to our investors. This section contains forward-looking statements. You should refer to the explanation of the qualifications and limitations on forward-looking statements beginning on page,15,False,,,,THERMO FISHER SCIENTIFIC INC.,4475
0000097745-15-000031,10-Q,MDA,2,7506,78195,"Item 2. Management’s Discussion and Analysis of Financial Condition and Results of Operations Forward-looking statements, within the meaning of Section 21E of the Securities Exchange Act of 1934 are made throughout this Management’s Discussion and Analysis of Financial Condition and",1000,False,,,,THERMO FISHER SCIENTIFIC INC.,7506
0000100885-18-000184,10-Q,MDA,1,15,3805,Item 2. Management's Discussion and Analysis of Financial Condition and Results of Operations 24 ﻿,1000,False,,,,UNION PACIFIC CORP,15
0000100885-18-000268,10-Q,MDA,1,15,3620,Item 2. Management's Discussion and Analysis of Financial Condition and Results of Operations 24 ﻿,1000,False,,,,UNION PACIFIC CORP,15
0000100885-19-000129,10-Q,MDA,1,15,3346,Item 2. Management's Discussion and Analysis of Financial Condition and Results of Operations 23 ﻿,1000,False,,,,UNION PACIFIC CORP,15
0000310158-15-000053,10-Q,MDA,1,14343,136587,"Item 2. Management’s Discussion and Analysis of Financial Condition and Results of Operations Business Developments In January 2015, Merck acquired Cubist Pharmaceuticals, Inc. (“Cubist”) for total consideration of $8.3 billion (see Note 3 to the interim consolidated financial statements). Cubist",1000,False,,,,"Merck & Co., Inc.",14343
0000310764-15-000109,10-Q,MDA,1,4903,35578,"ITEM 2. MANAGEMENT’S DISCUSSION AND ANALYSIS OF FINANCIAL CONDITION AND RESULTS OF OPERATIONS. ABOUT STRYKER Stryker is one of the world's leading medical technology companies. We offer a diverse array of innovative medical technologies, including reconstructive, medical and surgical, and",1000,False,,,,STRYKER CORP,4903
0000310764-15-000153,10-Q,MDA,1,4878,37452,"ITEM 2. MANAGEMENT’S DISCUSSION AND ANALYSIS OF FINANCIAL CONDITION AND RESULTS OF OPERATIONS. ABOUT STRYKER Stryker is one of the world's leading medical technology companies. We offer a diverse array of innovative medical technologies, including reconstructive, medical and surgical, and",1000,False,,,,STRYKER CORP,4878
0000310764-16-000320,10-Q,MDA,1,3987,33423,"ITEM 2. MANAGEMENT’S DISCUSSION AND ANALYSIS OF FINANCIAL CONDITION AND RESULTS OF OPERATIONS ABOUT STRYKER Stryker Corporation is a global leader in medical technology with 2015 revenues of $9,946 and net earnings of $1,439. We offer a diverse array of",1000,False,,,,STRYKER CORP,3987
0000310764-16-000392,10-Q,MDA,1,5356,35552,"ITEM 2. MANAGEMENT’S DISCUSSION AND ANALYSIS OF FINANCIAL CONDITION AND RESULTS OF OPERATIONS ABOUT STRYKER Stryker Corporation is a global leader in medical technology with revenues of $9,946 and net earnings of $1,439 in 2015. Stryker offers a diverse array",1000,False,,,,STRYKER CORP,5356
0000310764-16-000458,10-Q,MDA,1,5420,38815,"ITEM 2. MANAGEMENT’S DISCUSSION AND ANALYSIS OF FINANCIAL CONDITION AND RESULTS OF OPERATIONS ABOUT STRYKER Stryker Corporation is a global leader in medical technology with revenues of $9,946 and net earnings of $1,439 in 2015. Stryker offers a diverse array",1000,False,,,,STRYKER CORP,5420
0000310764-17-000102,10-Q,MDA,1,3630,32310,"ITEM 2. MANAGEMENT’S DISCUSSION AND ANALYSIS OF FINANCIAL CONDITION AND RESULTS OF OPERATIONS ABOUT STRYKER Stryker Corporation is a global leader in medical technology with net sales of $11,325 and net earnings of $1,647 in 2016 . We offer a",1000,False,,,,STRYKER CORP,3630
0000310764-17-000136,10-Q,MDA,1,5125,35703,"ITEM 2. MANAGEMENT’S DISCUSSION AND ANALYSIS OF FINANCIAL CONDITION AND RESULTS OF OPERATIONS ABOUT STRYKER Stryker Corporation is a global leader in medical technology with net sales of $11,325 and net earnings of $1,647 in 2016 . We offer a",1000,False,,,,STRYKER CORP,5125
0000310764-17-000164,10-Q,MDA,1,5616,37240,"ITEM 2. MANAGEMENT’S DISCUSSION AND ANALYSIS OF FINANCIAL CONDITION AND RESULTS OF OPERATIONS ABOUT STRYKER Stryker Corporation is a global leader in medical technology with net sales of $11,325 and net earnings of $1,647 in 2016 . We offer a",1000,False,,,,STRYKER CORP,5616
0000310158-15-000058,10-Q,MDA,1,15830,138639,"Item 2. Management’s Discussion and Analysis of Financial Condition and Results of Operations Business Developments In January 2015, Merck acquired Cubist Pharmaceuticals, Inc. (Cubist) (see Note 3 to the interim consolidated financial statements). Cubist was a leader in the development",1000,False,,,,"Merck & Co., Inc.",15830
0000310158-16-000066,10-Q,MDA,1,9961,119980,"Item 2. Management’s Discussion and Analysis of Financial Condition and Results of Operations Business Developments In January 2016, Merck acquired IOmet Pharma Ltd, a privately held UK-based drug discovery company focused on the development of innovative medicines for the treatment",1000,False,,,,"Merck & Co., Inc.",9961
0000310158-16-000094,10-Q,MDA,1,13213,126964,"Item 2. Management’s Discussion and Analysis of Financial Condition and Results of Operations Business Developments In January 2016, Merck acquired IOmet Pharma Ltd, a privately held UK-based drug discovery company focused on the development of innovative medicines for the treatment",1000,False,,,,"Merck & Co., Inc.",13213
0000310158-16-000098,10-Q,MDA,1,14088,137514,"Item 2. Management’s Discussion and Analysis of Financial Condition and Results of Operations Business Developments In January 2016, Merck acquired IOmet Pharma Ltd, a privately held UK-based drug discovery company focused on the development of innovative medicines for the treatment",1000,False,,,,"Merck & Co., Inc.",14088
0000310158-17-000016,10-Q,MDA,1,9819,97300,"Item 2. Management’s Discussion and Analysis of Financial Condition and Results of Operations Operating Results Sales Worldwide sales were $9.4 billion for the first quarter of 2017 , an increase of 1% compared with the first quarter of 2016 .",1000,False,,,,"Merck & Co., Inc.",9819
0000310158-17-000037,10-Q,MDA,1,12961,112444,"Item 2. Management’s Discussion and Analysis of Financial Condition and Results of Operations Recent Developments Global Oncology Collaboration In July 2017, Merck and AstraZeneca entered a global strategic oncology collaboration to co-develop and co-commercialize AstraZeneca’s Lynparza (olaparib) for multiple cancer",1000,False,,,,"Merck & Co., Inc.",12961
0000310158-17-000045,10-Q,MDA,1,14190,112761,"Item 2. Management’s Discussion and Analysis of Financial Condition and Results of Operations Recent Developments Business Developments In July 2017, Merck and AstraZeneca entered into a global strategic oncology collaboration to co-develop and co-commercialize AstraZeneca’s Lynparza (olaparib) for multiple cancer",1000,False,,,,"Merck & Co., Inc.",14190
0000310158-18-000011,10-Q,MDA,1,9393,122987,"Item 2. Management’s Discussion and Analysis of Financial Condition and Results of Operations Recent Developments Business Developments In March 2018, Merck and Eisai Co., Ltd. (Eisai) announced a strategic collaboration for the worldwide co-development and co-commercialization of Lenvima (lenvatinib mesylate),",1000,False,,,,"Merck & Co., Inc.",9393
0000310764-18-000110,10-Q,MDA,1,4623,38435,"ITEM 2. MANAGEMENT’S DISCUSSION AND ANALYSIS OF FINANCIAL CONDITION AND RESULTS OF OPERATIONS ABOUT STRYKER Stryker Corporation (""we"" or ""our"") is one of the world's leading medical technology companies and, together with our customers, we are driven to make healthcare",1000,False,,,,STRYKER CORP,4623
0000310764-18-000185,10-Q,MDA,1,6884,40886,"ITEM 2. MANAGEMENT’S DISCUSSION AND ANALYSIS OF FINANCIAL CONDITION AND RESULTS OF OPERATIONS ABOUT STRYKER Stryker Corporation (""we"" or ""our"") is one of the world's leading medical technology companies and, together with our customers, we are driven to make healthcare",1000,False,,,,STRYKER CORP,6884
0000310764-18-000205,10-Q,MDA,1,7050,43957,"ITEM 2. MANAGEMENT’S DISCUSSION AND ANALYSIS OF FINANCIAL CONDITION AND RESULTS OF OPERATIONS ABOUT STRYKER Stryker Corporation (""we"" or ""our"") is one of the world's leading medical technology companies and, together with our customers, we are driven to make healthcare",1000,False,,,,STRYKER CORP,7050
0000310764-19-000071,10-Q,MDA,1,3857,33672,"ITEM 2. MANAGEMENT’S DISCUSSION AND ANALYSIS OF FINANCIAL CONDITION AND RESULTS OF OPERATIONS ABOUT STRYKER Stryker Corporation (""we"" or ""our"") is one of the world's leading medical technology companies and, together with our customers, we are driven to make healthcare",1000,False,,,,STRYKER CORP,3857
0000310764-21-000065,10-Q,MDA,1,4391,30917,"ITEM 2. MANAGEMENT’S DISCUSSION AND ANALYSIS OF FINANCIAL CONDITION AND RESULTS OF OPERATIONS ABOUT STRYKER Stryker is one of the world's leading medical technology companies and, together with our customers, we are driven to make healthcare better. We offer innovative",1000,False,,,,STRYKER CORP,4391
0000310764-21-000111,10-Q,MDA,1,6283,35534,"ITEM 2. MANAGEMENT’S DISCUSSION AND ANALYSIS OF FINANCIAL CONDITION AND RESULTS OF OPERATIONS ABOUT STRYKER Stryker is one of the world's leading medical technology companies and, together with our customers, we are driven to make healthcare better. We offer innovative",1000,False,,,,STRYKER CORP,6283
0000310764-21-000146,10-Q,MDA,1,6197,35162,"ITEM 2. MANAGEMENT’S DISCUSSION AND ANALYSIS OF FINANCIAL CONDITION AND RESULTS OF OPERATIONS ABOUT STRYKER Stryker is one of the world's leading medical technology companies and, together with our customers, we are driven to make healthcare better. We offer innovative",1000,False,,,,STRYKER CORP,6197
0000310764-22-000062,10-Q,MDA,1,4551,31280,"ITEM 2. MANAGEMENT’S DISCUSSION AND ANALYSIS OF FINANCIAL CONDITION AND RESULTS OF OPERATIONS ABOUT STRYKER Stryker is one of the world's leading medical technology companies and, together with our customers, we are driven to make healthcare better. We offer innovative",1000,False,,,,STRYKER CORP,4551
0000310764-19-000110,10-Q,MDA,1,5725,37770,"ITEM 2. MANAGEMENT’S DISCUSSION AND ANALYSIS OF FINANCIAL CONDITION AND RESULTS OF OPERATIONS ABOUT STRYKER Stryker Corporation (""we"" or ""our"") is one of the world's leading medical technology companies and, together with our customers, we are driven to make healthcare",1000,False,,,,STRYKER CORP,5725
0000310764-19-000140,10-Q,MDA,1,5788,39944,"ITEM 2. MANAGEMENT’S DISCUSSION AND ANALYSIS OF FINANCIAL CONDITION AND RESULTS OF OPERATIONS ABOUT STRYKER Stryker Corporation (""we"" or ""our"") is one of the world's leading medical technology companies and, together with our customers, we are driven to make healthcare",1000,False,,,,STRYKER CORP,5788
0000310764-20-000069,10-Q,MDA,1,4991,31775,"ITEM 2. MANAGEMENT’S DISCUSSION AND ANALYSIS OF FINANCIAL CONDITION AND RESULTS OF OPERATIONS ABOUT STRYKER Stryker Corporation (""we"" or ""our"") is one of the world's leading medical technology companies and, together with our customers, we are driven to make healthcare",1000,False,,,,STRYKER CORP,4991
0000310764-20-000069,10-Q,RISK_FACTORS,1,2250,64384,"ITEM 1A. RISK FACTORS Except with respect to the new and/or updated risk factors set forth below, we are not aware of any material changes to the risk factors included in Item 1A ""Risk Factors"" in our Annual Report on",15,False,,,,STRYKER CORP,2250
0000310764-22-000062,10-Q,RISK_FACTORS,1,291,62701,"ITEM 1A. RISK FACTORS We are not aware of any material changes to the risk factors included in Item 1A. ""Risk Factors"" in our Annual Report on Form 10-K for 2021, except for the addition of the following risk factor:",15,False,,,,STRYKER CORP,291
0000310764-22-000092,10-Q,MDA,1,6209,34313,"ITEM 2. MANAGEMENT’S DISCUSSION AND ANALYSIS OF FINANCIAL CONDITION AND RESULTS OF OPERATIONS ABOUT STRYKER Stryker is one of the world's leading medical technology companies and, together with our customers, we are driven to make healthcare better. We offer innovative",1000,False,,,,STRYKER CORP,6209
0000310764-22-000092,10-Q,RISK_FACTORS,1,462,74925,"ITEM 1A. RISK FACTORS We are not aware of any material changes to the risk factors included in Item 1A. ""Risk Factors"" in our Annual Report on Form 10-K for 2021 and Part II, Item 1A. ""Risk Factors"" in our",15,False,,,,STRYKER CORP,462
0000310764-22-000105,10-Q,MDA,1,6405,37010,"ITEM 2. MANAGEMENT’S DISCUSSION AND ANALYSIS OF FINANCIAL CONDITION AND RESULTS OF OPERATIONS ABOUT STRYKER Stryker is one of the world's leading medical technology companies and, together with our customers, we are driven to make healthcare better. We offer innovative",1000,False,,,,STRYKER CORP,6405
0000310158-18-000034,10-Q,MDA,1,11964,130146,"Item 2. Management’s Discussion and Analysis of Financial Condition and Results of Operations Recent Developments Business Developments In June 2018, Merck acquired Viralytics Limited (Viralytics), an Australian publicly traded company focused on oncolytic immunotherapy treatments for a range of cancers,",1000,False,,,,"Merck & Co., Inc.",11964
0000310158-18-000039,10-Q,MDA,1,13739,135196,"Item 2. Management’s Discussion and Analysis of Financial Condition and Results of Operations Recent Developments Dividend Increase and Share Repurchase Program In October 2018, Merck announced that its Board of Directors approved a 15% increase to the Company’s quarterly dividend,",1000,False,,,,"Merck & Co., Inc.",13739
0000310158-19-000019,10-Q,MDA,1,8515,107929,"Item 2. Management’s Discussion and Analysis of Financial Condition and Results of Operations Recent Developments Business Developments In April 2019, Merck acquired Antelliq Corporation (Antelliq) from funds advised by BC Partners. Antelliq is a leader in digital animal identification, traceability",1000,False,,,,"Merck & Co., Inc.",8515
0000310158-19-000037,10-Q,MDA,1,10404,115236,"Item 2. Management’s Discussion and Analysis of Financial Condition and Results of Operations Recent Developments Business Developments In April 2019, Merck acquired Antelliq Corporation (Antelliq), a leader in digital animal identification, traceability and monitoring solutions. These solutions help veterinarians, farmers",1000,False,,,,"Merck & Co., Inc.",10404
0000310764-22-000105,10-Q,RISK_FACTORS,1,55,78634,"ITEM 1A. RISK FACTORS We are not aware of any material changes to the risk factors included in Item 1A. ""Risk Factors"" in our Annual Report on Form 10-K for 2021 and Part II, Item 1A. ""Risk Factors"" in our",15,False,,,,STRYKER CORP,55
0000310764-23-000067,10-Q,MDA,1,5458,30960,"ITEM 2. MANAGEMENT’S DISCUSSION AND ANALYSIS OF FINANCIAL CONDITION AND RESULTS OF OPERATIONS ABOUT STRYKER Stryker is one of the world's leading medical technology companies and, together with our customers, we are driven to make healthcare better. We offer innovative",1000,False,,,,STRYKER CORP,5458
0000310764-23-000067,10-Q,RISK_FACTORS,1,31,67356,"ITEM 1A. RISK FACTORS We are not aware of any material changes to the risk factors included in Item 1A. ""Risk Factors"" in our Annual Report on Form 10-K for 2022.",15,False,,,,STRYKER CORP,31
0000310764-23-000106,10-Q,MDA,1,6760,34821,"ITEM 2. MANAGEMENT’S DISCUSSION AND ANALYSIS OF FINANCIAL CONDITION AND RESULTS OF OPERATIONS ABOUT STRYKER Stryker is one of the world's leading medical technology companies and, together with our customers, we are driven to make healthcare better. We offer innovative",1000,False,,,,STRYKER CORP,6760
0000310764-20-000125,10-Q,MDA,1,7148,36185,"ITEM 2. MANAGEMENT’S DISCUSSION AND ANALYSIS OF FINANCIAL CONDITION AND RESULTS OF OPERATIONS ABOUT STRYKER Stryker is one of the world's leading medical technology companies and, together with our customers, we are driven to make healthcare better. We offer innovative",1000,False,,,,STRYKER CORP,7148
0000310764-20-000125,10-Q,RISK_FACTORS,1,52,80712,"ITEM 1A. RISK FACTORS We are not aware of any material changes to the risk factors included in Item 1A. ""Risk Factors"" in our Annual Report on Form 10-K for 2019 and Part II, Item 1A. ""Risk Factors"" in our",15,False,,,,STRYKER CORP,52
0000310764-20-000150,10-Q,MDA,1,6357,36401,"ITEM 2. MANAGEMENT’S DISCUSSION AND ANALYSIS OF FINANCIAL CONDITION AND RESULTS OF OPERATIONS ABOUT STRYKER Stryker is one of the world's leading medical technology companies and, together with our customers, we are driven to make healthcare better. We offer innovative",1000,False,,,,STRYKER CORP,6357
0000310764-20-000150,10-Q,RISK_FACTORS,1,52,76910,"ITEM 1A. RISK FACTORS We are not aware of any material changes to the risk factors included in Item 1A. ""Risk Factors"" in our Annual Report on Form 10-K for 2019 and Part II, Item 1A. ""Risk Factors"" in our",15,False,,,,STRYKER CORP,52
0000310764-23-000106,10-Q,RISK_FACTORS,1,31,77931,"ITEM 1A. RISK FACTORS We are not aware of any material changes to the risk factors included in Item 1A. ""Risk Factors"" in our Annual Report on Form 10-K for 2022.",15,False,,,,STRYKER CORP,31
0000310764-23-000116,10-Q,MDA,1,7169,35628,"ITEM 2. MANAGEMENT’S DISCUSSION AND ANALYSIS OF FINANCIAL CONDITION AND RESULTS OF OPERATIONS ABOUT STRYKER Stryker is one of the world's leading medical technology companies and, together with our customers, we are driven to make healthcare better. We offer innovative",1000,False,,,,STRYKER CORP,7169
0000310764-23-000116,10-Q,RISK_FACTORS,1,31,81406,"ITEM 1A. RISK FACTORS We are not aware of any material changes to the risk factors included in Item 1A. ""Risk Factors"" in our Annual Report on Form 10-K for 2022.",15,False,,,,STRYKER CORP,31
0000310764-24-000064,10-Q,MDA,1,4477,31065,"ITEM 2. MANAGEMENT’S DISCUSSION AND ANALYSIS OF FINANCIAL CONDITION AND RESULTS OF OPERATIONS ABOUT STRYKER Stryker is a global leader in medical technologies and, together with our customers, we are driven to make healthcare better. We offer innovative products and",1000,False,,,,STRYKER CORP,4477
0000310764-24-000064,10-Q,RISK_FACTORS,1,31,60773,"ITEM 1A. RISK FACTORS We are not aware of any material changes to the risk factors included in Item 1A. ""Risk Factors"" in our Annual Report on Form 10-K for 2023.",15,False,,,,STRYKER CORP,31
0000310764-24-000098,10-Q,MDA,1,6458,33921,"ITEM 2. MANAGEMENT’S DISCUSSION AND ANALYSIS OF FINANCIAL CONDITION AND RESULTS OF OPERATIONS ABOUT STRYKER Stryker is a global leader in medical technologies and, together with our customers, we are driven to make healthcare better. We offer innovative products and",1000,False,,,,STRYKER CORP,6458
0000310764-24-000098,10-Q,RISK_FACTORS,1,31,74903,"ITEM 1A. RISK FACTORS We are not aware of any material changes to the risk factors included in Item 1A. ""Risk Factors"" in our Annual Report on Form 10-K for 2023.",15,False,,,,STRYKER CORP,31
0000310764-24-000115,10-Q,MDA,1,7131,35944,"ITEM 2. MANAGEMENT’S DISCUSSION AND ANALYSIS OF FINANCIAL CONDITION AND RESULTS OF OPERATIONS ABOUT STRYKER Stryker is a global leader in medical technologies and, together with our customers, we are driven to make healthcare better. We offer innovative products and",1000,False,,,,STRYKER CORP,7131
0000310764-24-000115,10-Q,RISK_FACTORS,1,31,81494,"ITEM 1A. RISK FACTORS We are not aware of any material changes to the risk factors included in Item 1A. ""Risk Factors"" in our Annual Report on Form 10-K for 2023.",15,False,,,,STRYKER CORP,31
0000310764-25-000075,10-Q,MDA,1,5113,41395,"ITEM 2. MANAGEMENT’S DISCUSSION AND ANALYSIS OF FINANCIAL CONDITION AND RESULTS OF OPERATIONS ABOUT STRYKER Stryker is a global leader in medical technologies and, together with our customers, we are driven to make healthcare better. We offer innovative products and",1000,False,,,,STRYKER CORP,5113
0000310764-25-000075,10-Q,RISK_FACTORS,1,32,74799,"ITEM 1A. RISK FACTORS We are not aware of any material changes to the risk factors included in Item 1A. ""Risk Factors"" in our Annual Report on Form 10-K for 2024 .",15,False,,,,STRYKER CORP,32
0000310764-25-000107,10-Q,MDA,1,7103,44215,"ITEM 2. MANAGEMENT’S DISCUSSION AND ANALYSIS OF FINANCIAL CONDITION AND RESULTS OF OPERATIONS ABOUT STRYKER Stryker is a global leader in medical technologies and, together with our customers, we are driven to make healthcare better. We offer innovative products and",1000,False,,,,STRYKER CORP,7103
0000310764-25-000107,10-Q,RISK_FACTORS,1,32,88781,"ITEM 1A. RISK FACTORS We are not aware of any material changes to the risk factors included in Item 1A. ""Risk Factors"" in our Annual Report on Form 10-K for 2024 .",15,False,,,,STRYKER CORP,32
0000310764-25-000129,10-Q,MDA,1,7129,46626,"ITEM 2. MANAGEMENT’S DISCUSSION AND ANALYSIS OF FINANCIAL CONDITION AND RESULTS OF OPERATIONS ABOUT STRYKER Stryker is a global leader in medical technologies and, together with our customers, we are driven to make healthcare better. We offer innovative products and",1000,False,,,,STRYKER CORP,7129
0000310764-25-000129,10-Q,RISK_FACTORS,1,32,91487,"ITEM 1A. RISK FACTORS We are not aware of any material changes to the risk factors included in Item 1A. ""Risk Factors"" in our Annual Report on Form 10-K for 2024 .",15,False,,,,STRYKER CORP,32
0000310764-26-000031,10-Q,MDA,1,5164,39028,"ITEM 2. MANAGEMENT’S DISCUSSION AND ANALYSIS OF FINANCIAL CONDITION AND RESULTS OF OPERATIONS ABOUT STRYKER Stryker Corporation (""we"" or the ""Company"") is a global leader in medical technologies and, together with our customers, we are driven to make healthcare better.",1000,False,,,,STRYKER CORP,5164
0000310764-26-000031,10-Q,RISK_FACTORS,1,1673,73217,"ITEM 1A. RISK FACTORS We are not aware of any material changes to the risk factors included in Item 1A. ""Risk Factors"" in our Annual Report on Form 10-K for 2025 , except for updates to the following risk factors:",15,False,,,,STRYKER CORP,1673
0000310764-26-000050,10-Q,MDA,1,6989,40083,"ITEM 2. MANAGEMENT’S DISCUSSION AND ANALYSIS OF FINANCIAL CONDITION AND RESULTS OF OPERATIONS ABOUT STRYKER Stryker Corporation (""we"" or the ""Company"") is a global leader in medical technologies and, together with our customers, we are driven to make healthcare better.",1000,False,,,,STRYKER CORP,6989
0000310764-26-000050,10-Q,RISK_FACTORS,1,52,83449,"ITEM 1A. RISK FACTORS We are not aware of any material changes to the risk factors included in Item 1A. ""Risk Factors"" in our Annual Report on Form 10-K for 2025 and Part II, Item 1A. ""Risk Factors"" in our",15,False,,,,STRYKER CORP,52
0000316709-16-000078,10-Q,MDA,2,25847,3296,"Item 2. Management’s Discussion and Analysis of Financial Condition and Results of Operations (MD&A) ﻿ INTRODUCTION ﻿ The Charles Schwab Corporation (CSC) is a savings and loan holding company engaged, through its subsidiaries, in wealth management, securities brokerage, banking, money",1000,False,,,,SCHWAB CHARLES CORP,25847
0000723125-15-000063,10-Q,RISK_FACTORS,4,6844,145531,"ITEM 1A. RISK FACTORS In addition to the factors discussed elsewhere in this Form 10-Q, the following are important factors which could cause actual results or events to differ materially from those contained in any forward-looking statements made by or",15,False,,,,MICRON TECHNOLOGY INC,6844
0000723125-16-000146,10-Q,MDA,1,6988,75754,"ITEM 2. MANAGEMENT'S DISCUSSION AND ANALYSIS OF FINANCIAL CONDITION AND RESULTS OF OPERATIONS The following discussion contains trend information and other forward-looking statements that involve a number of risks and uncertainties. Forward-looking statements include, but are not limited to, statements",1000,False,,,,MICRON TECHNOLOGY INC,6988
0000723125-16-000146,10-Q,RISK_FACTORS,4,7252,130361,"ITEM 1A. RISK FACTORS In addition to the factors discussed elsewhere in this Form 10-Q, the following are important factors which could cause actual results or events to differ materially from those contained in any forward-looking statements made by or",15,False,,,,MICRON TECHNOLOGY INC,7252
0000723125-16-000176,10-Q,MDA,1,7414,78882,"ITEM 2. MANAGEMENT'S DISCUSSION AND ANALYSIS OF FINANCIAL CONDITION AND RESULTS OF OPERATIONS The following discussion contains trend information and other forward-looking statements that involve a number of risks and uncertainties. Forward-looking statements include, but are not limited to, statements",1000,False,,,,MICRON TECHNOLOGY INC,7414
0000723125-16-000176,10-Q,RISK_FACTORS,4,7369,135476,"ITEM 1A. RISK FACTORS In addition to the factors discussed elsewhere in this Form 10-Q, the following are important factors which could cause actual results or events to differ materially from those contained in any forward-looking statements made by or",15,False,,,,MICRON TECHNOLOGY INC,7369
0000723125-16-000201,10-Q,MDA,1,7761,82363,"ITEM 2. MANAGEMENT'S DISCUSSION AND ANALYSIS OF FINANCIAL CONDITION AND RESULTS OF OPERATIONS The following discussion contains trend information and other forward-looking statements that involve a number of risks and uncertainties. Forward-looking statements include, but are not limited to, statements",1000,False,,,,MICRON TECHNOLOGY INC,7761
0000723125-16-000201,10-Q,RISK_FACTORS,4,7728,140882,"ITEM 1A. RISK FACTORS In addition to the factors discussed elsewhere in this Form 10-Q, the following are important factors which could cause actual results or events to differ materially from those contained in any forward-looking statements made by or",15,False,,,,MICRON TECHNOLOGY INC,7728
0000723125-17-000005,10-Q,MDA,1,6138,66934,"ITEM 2. MANAGEMENT'S DISCUSSION AND ANALYSIS OF FINANCIAL CONDITION AND RESULTS OF OPERATIONS The following discussion contains trend information and other forward-looking statements that involve a number of risks and uncertainties. Forward-looking statements include, but are not limited to, statements",1000,False,,,,MICRON TECHNOLOGY INC,6138
0000723125-17-000085,10-Q,RISK_FACTORS,4,7625,120443,"ITEM 1A. RISK FACTORS In addition to the factors discussed elsewhere in this Form 10-Q, the following are important factors which could cause actual results or events to differ materially from those contained in any forward-looking statements made by us.",15,False,,,,MICRON TECHNOLOGY INC,7625
0000723125-17-000166,10-Q,MDA,1,5337,56437,"ITEM 2. MANAGEMENT'S DISCUSSION AND ANALYSIS OF FINANCIAL CONDITION AND RESULTS OF OPERATIONS This discussion should be read in conjunction with the consolidated financial statements and accompanying notes for the year ended August 31, 2017. All period references are to",1000,False,,,,MICRON TECHNOLOGY INC,5337
0000723125-17-000166,10-Q,RISK_FACTORS,3,8710,91780,"ITEM 1A. RISK FACTORS In addition to the factors discussed elsewhere in this Form 10-Q, the following are important factors, the order of which is not necessarily indicative of the level of risk that each poses to us, which could",15,False,,,,MICRON TECHNOLOGY INC,8710
0000723125-18-000036,10-Q,MDA,2,513,102018,"Item 2. Management's Discussion and Analysis of Financial Condition and Results of Operations"" of our Annual Report on Form 10-K for the year ended August 31, 2017, other than our purchase commitments for the acquisition of property, plant, and equipment",1000,True,6599.0,65725.0,"ITEM 2. MANAGEMENT'S DISCUSSION AND ANALYSIS OF FINANCIAL CONDITION AND RESULTS OF OPERATIONS This discussion should be read in conjunction with the consolidated financial statements and accompanying notes for the year ended August 31, 2017. All period references are to",MICRON TECHNOLOGY INC,513
0000316709-16-000101,10-Q,RISK_FACTORS,1,40,177961,"Item 1A. Risk Factors ﻿ During the first nine months of 2016 , there have been no material changes to the risk factors in “Part I – Item 1A – Risk Factors” in the 2015 Form 10-K . ﻿ ﻿",15,False,,,,SCHWAB CHARLES CORP,40
0000316709-17-000020,10-Q,MDA,2,7435,3590,"Item 2. Management’s Discussion and Analysis of Financial Condition and Results of Operations INTRODUCTION The Charles Schwab Corporation (CSC) is a savings and loan holding company engaged, through its subsidiaries (collectively referred to as the Company), in wealth management, securities",1000,False,,,,SCHWAB CHARLES CORP,7435
0000316709-17-000020,10-Q,RISK_FACTORS,1,36,129462,"Item 1A. Risk Factors During the first three months of 2017 , there have been no material changes to the risk factors in Part I – Item 1A – Risk Factors in the 2016 Form 10-K.",15,False,,,,SCHWAB CHARLES CORP,36
0000723125-15-000063,10-Q,MDA,1,7216,89970,"ITEM 2. MANAGEMENT'S DISCUSSION AND ANALYSIS OF FINANCIAL CONDITION AND RESULTS OF OPERATIONS The following discussion contains trend information and other forward-looking statements that involve a number of risks and uncertainties. Forward-looking statements include, but are not limited to, statements",1000,False,,,,MICRON TECHNOLOGY INC,7216
0000316709-16-000078,10-Q,RISK_FACTORS,1,52,165457,"Item 1A. Risk Factors ﻿ During the first three months of 2016 , there have been no material changes to the risk factors in “Part I – Item 1A – Risk Factors” in the Com pany’s Annual Report on Form",15,False,,,,SCHWAB CHARLES CORP,52
0000316709-16-000093,10-Q,MDA,2,27987,3276,"Item 2. Management’s Discussion and Analysis of Financial Condition and Results of Operations (MD&A) ﻿ INTRODUCTION ﻿ The Charles Schwab Corporation (CSC) is a savings and loan holding company engaged, through its subsidiaries, in wealth management, securities brokerage, banking, money",1000,False,,,,SCHWAB CHARLES CORP,27987
0000316709-16-000093,10-Q,RISK_FACTORS,1,51,176158,"Item 1A. Risk Factors ﻿ During the first half of 2016 , there have been no material changes to the risk factors in “Part I – Item 1A – Risk Factors” in the Com pany’s Annual Report on Form 10-",15,False,,,,SCHWAB CHARLES CORP,51
0000316709-16-000101,10-Q,MDA,2,28165,3292,"Item 2. Management’s Discussion and Analysis of Financial Condition and Results of Operations (MD&A) ﻿ ﻿ INTRODUCTION ﻿ The Charles Schwab Corporation (CSC) is a savings and loan holding company engaged, through its subsidiaries, in wealth management, securities brokerage, banking,",1000,False,,,,SCHWAB CHARLES CORP,28165
0000723125-17-000005,10-Q,RISK_FACTORS,4,7591,116285,"ITEM 1A. RISK FACTORS In addition to the factors discussed elsewhere in this Form 10-Q, the following are important factors which could cause actual results or events to differ materially from those contained in any forward-looking statements made by us.",15,False,,,,MICRON TECHNOLOGY INC,7591
0000723125-17-000037,10-Q,MDA,1,6678,74298,"ITEM 2. MANAGEMENT'S DISCUSSION AND ANALYSIS OF FINANCIAL CONDITION AND RESULTS OF OPERATIONS The following discussion contains trend information and other forward-looking statements that involve a number of risks and uncertainties. Forward-looking statements include, but are not limited to, statements",1000,False,,,,MICRON TECHNOLOGY INC,6678
0000723125-17-000037,10-Q,RISK_FACTORS,4,7515,119734,"ITEM 1A. RISK FACTORS In addition to the factors discussed elsewhere in this Form 10-Q, the following are important factors which could cause actual results or events to differ materially from those contained in any forward-looking statements made by us.",15,False,,,,MICRON TECHNOLOGY INC,7515
0000723125-17-000085,10-Q,MDA,1,6346,77069,"ITEM 2. MANAGEMENT'S DISCUSSION AND ANALYSIS OF FINANCIAL CONDITION AND RESULTS OF OPERATIONS The following discussion contains trend information and other forward-looking statements that involve a number of risks and uncertainties. Forward-looking statements include, but are not limited to, statements",1000,False,,,,MICRON TECHNOLOGY INC,6346
0000723125-18-000036,10-Q,RISK_FACTORS,3,9182,107980,"ITEM 1A. RISK FACTORS In addition to the factors discussed elsewhere in this Form 10-Q, the following are important factors, the order of which is not necessarily indicative of the level of risk that each poses to us, which could",15,False,,,,MICRON TECHNOLOGY INC,9182
0000723125-18-000065,10-Q,MDA,1,7194,72777,"ITEM 2. MANAGEMENT'S DISCUSSION AND ANALYSIS OF FINANCIAL CONDITION AND RESULTS OF OPERATIONS This discussion should be read in conjunction with the consolidated financial statements and accompanying notes for the year ended August 31, 2017. All period references are to",1000,False,,,,MICRON TECHNOLOGY INC,7194
0000723125-18-000065,10-Q,RISK_FACTORS,3,9722,119116,"ITEM 1A. RISK FACTORS In addition to the factors discussed elsewhere in this Form 10-Q, the following are important factors, the order of which is not necessarily indicative of the level of risk that each poses to us, which could",15,False,,,,MICRON TECHNOLOGY INC,9722
0000723125-18-000156,10-Q,MDA,1,4637,67437,ITEM 2. MANAGEMENT'S DISCUSSION AND ANALYSIS OF FINANCIAL CONDITION AND RESULTS OF OPERATIONS This discussion should be read in conjunction with the consolidated financial statements and accompanying notes included in our Annual Report on Form 10-K for the year ended,1000,False,,,,MICRON TECHNOLOGY INC,4637
0000732717-15-000121,10-Q,RISK_FACTORS,1,440,155343,Item 1A. Risk Factors We discuss in our Annual Report on Form 10-K various risks that may materially affect our business. We use this section to update this discussion to reflect material developments since our Form 10-K was filed. Our,15,False,,,,AT&T INC.,440
0000732717-16-000160,10-Q,MDA,20,655,116593,"Item 2. Management's Discussion and Analysis of Financial Condition and Results of Operations - Continued Dollars in millions except per share and per subscriber amounts The Syndicated Credit Agreement In March 2015, AT&T borrowed all amounts available under the Tranche",1000,True,10493.0,52450.0,"Item 2. Management's Discussion and Analysis of Financial Condition and Results of Operations Dollars in millions except per share and per subscriber amounts RESULTS OF OPERATIONS For ease of reading, AT&T Inc. is referred to as ""we,"" ""AT&T"" or the",AT&T INC.,655
0000732717-16-000160,10-Q,RISK_FACTORS,1,50,128937,Item 1A. Risk Factors We discuss in our Annual Report on Form 10-K various risks that may materially affect our business. We use this section to update this discussion to reflect material developments since our Form 10-K was filed. For,15,False,,,,AT&T INC.,50
0000732717-16-000195,10-Q,MDA,24,589,132638,Item 2. Management's Discussion and Analysis of Financial Condition and Results of Operations - Continued Dollars in millions except per share and per subscriber amounts Advances bear interest at a rate equal to: (i) the LIBOR for deposits in dollars,1000,True,12806.0,55330.0,"Item 2. Management's Discussion and Analysis of Financial Condition and Results of Operations Dollars in millions except per share and per subscriber amounts RESULTS OF OPERATIONS For ease of reading, AT&T Inc. is referred to as ""we,"" ""AT&T"" or the",AT&T INC.,589
0000723125-19-000035,10-Q,RISK_FACTORS,3,11421,108605,"ITEM 1A. RISK FACTORS In addition to the factors discussed elsewhere in this Form 10-Q, the following are important factors, the order of which is not necessarily indicative of the level of risk that each poses to us, which could",15,False,,,,MICRON TECHNOLOGY INC,11421
0000732717-15-000079,10-Q,MDA,18,716,109529,"Item 2. Management's Discussion and Analysis of Financial Condition and Results of Operations - Continued Dollars in millions except per share amounts On January 21, 2015, we entered into a $9,155 credit agreement (the ""Syndicated Credit Agreement"") containing (i) a",1000,True,10183.0,49235.0,"Item 2. Management's Discussion and Analysis of Financial Condition and Results of Operations Dollars in millions except per share amounts RESULTS OF OPERATIONS For ease of reading, AT&T Inc. is referred to as ""we,"" ""AT&T"" or the ""Company"" throughout this",AT&T INC.,716
0000732717-15-000079,10-Q,RISK_FACTORS,1,440,122172,Item 1A. Risk Factors We discuss in our Annual Report on Form 10-K various risks that may materially affect our business. We use this section to update this discussion to reflect material developments since our Form 10-K was filed. Our,15,False,,,,AT&T INC.,440
0000732717-15-000121,10-Q,MDA,21,819,140831,"Item 2. Management's Discussion and Analysis of Financial Condition and Results of Operations - Continued Dollars in millions except per share amounts Credit Facilities We have a $5,000 revolving credit agreement with a syndicate of banks that expires in December",1000,True,12116.0,68649.0,"Item 2. Management's Discussion and Analysis of Financial Condition and Results of Operations Dollars in millions except per share amounts RESULTS OF OPERATIONS For ease of reading, AT&T Inc. is referred to as ""we,"" ""AT&T"" or the ""Company"" throughout this",AT&T INC.,819
0000723125-18-000156,10-Q,RISK_FACTORS,3,9801,98307,"ITEM 1A. RISK FACTORS In addition to the factors discussed elsewhere in this Form 10-Q, the following are important factors, the order of which is not necessarily indicative of the level of risk that each poses to us, which could",15,False,,,,MICRON TECHNOLOGY INC,9801
0000723125-19-000014,10-Q,MDA,1,4872,75590,ITEM 2. MANAGEMENT'S DISCUSSION AND ANALYSIS OF FINANCIAL CONDITION AND RESULTS OF OPERATIONS This discussion should be read in conjunction with the consolidated financial statements and accompanying notes included in our Annual Report on Form 10-K for the year ended,1000,False,,,,MICRON TECHNOLOGY INC,4872
0000723125-19-000014,10-Q,RISK_FACTORS,3,10450,107728,"ITEM 1A. RISK FACTORS In addition to the factors discussed elsewhere in this Form 10-Q, the following are important factors, the order of which is not necessarily indicative of the level of risk that each poses to us, which could",15,False,,,,MICRON TECHNOLOGY INC,10450
0000723125-19-000035,10-Q,MDA,1,4871,76448,ITEM 2. MANAGEMENT'S DISCUSSION AND ANALYSIS OF FINANCIAL CONDITION AND RESULTS OF OPERATIONS This discussion should be read in conjunction with the consolidated financial statements and accompanying notes included in our Annual Report on Form 10-K for the year ended,1000,False,,,,MICRON TECHNOLOGY INC,4871
0000732717-16-000195,10-Q,RISK_FACTORS,1,50,144473,Item 1A. Risk Factors We discuss in our Annual Report on Form 10-K various risks that may materially affect our business. We use this section to update this discussion to reflect material developments since our Form 10-K was filed. For,15,False,,,,AT&T INC.,50
0000732717-16-000233,10-Q,MDA,26,469,154994,Item 2. Management's Discussion and Analysis of Financial Condition and Results of Operations - Continued Dollars in millions except per share and per subscriber amounts The events of default contained in the Bridge Loan are customary for an agreement of,1000,True,14805.0,64006.0,"Item 2. Management's Discussion and Analysis of Financial Condition and Results of Operations Dollars in millions except per share and per subscriber amounts RESULTS OF OPERATIONS For ease of reading, AT&T Inc. is referred to as ""we,"" ""AT&T"" or the",AT&T INC.,469
0000732717-16-000233,10-Q,RISK_FACTORS,1,581,166219,Item 1A. Risk Factors We discuss in our Annual Report on Form 10-K various risks that may materially affect our business. We use this section to update this discussion to reflect material developments since our Form 10-K was filed. The,15,False,,,,AT&T INC.,581
0000732717-17-000055,10-Q,MDA,23,341,121830,"Item 2. Management's Discussion and Analysis of Financial Condition and Results of Operations - Continued Dollars in millions except per share and per subscriber amounts Collateral Arrangements During the first three months of 2017, we received $396 of additional cash",1000,True,11376.0,50373.0,Item 2. Management's Discussion and Analysis of Financial Condition and Results of Operations Dollars in millions except per share and per subscriber amounts RESULTS OF OPERATIONS AT&T is a holding company whose subsidiaries and affiliates operate in the communications and,AT&T INC.,341
0000732717-17-000055,10-Q,RISK_FACTORS,1,50,132585,Item 1A. Risk Factors We discuss in our Annual Report on Form 10-K various risks that may materially affect our business. We use this section to update this discussion to reflect material developments since our Form 10-K was filed. For,15,False,,,,AT&T INC.,50
0000732717-17-000080,10-Q,MDA,25,222,141327,"Item 2. Management's Discussion and Analysis of Financial Condition and Results of Operations - Continued Dollars in millions except per share and per subscriber amounts Six Months Ended June 30, 2017 June 30, 2016 Consumer Mobility Business Solutions Adjustments 1",1000,True,13559.0,57289.0,Item 2. Management's Discussion and Analysis of Financial Condition and Results of Operations Dollars in millions except per share and per subscriber amounts RESULTS OF OPERATIONS AT&T is a holding company whose subsidiaries and affiliates operate in the communications and,AT&T INC.,222
0000732717-17-000080,10-Q,RISK_FACTORS,1,50,151258,Item 1A. Risk Factors We discuss in our Annual Report on Form 10-K various risks that may materially affect our business. We use this section to update this discussion to reflect material developments since our Form 10-K was filed. For,15,False,,,,AT&T INC.,50
0000732717-17-000101,10-Q,MDA,26,222,146674,"Item 2. Management's Discussion and Analysis of Financial Condition and Results of Operations - Continued Dollars in millions except per share and per subscriber amounts Nine Months Ended September 30, 2017 September 30, 2016 Consumer Mobility Business Solutions Adjustments 1",1000,True,14297.0,57530.0,Item 2. Management's Discussion and Analysis of Financial Condition and Results of Operations Dollars in millions except per share and per subscriber amounts RESULTS OF OPERATIONS AT&T is a holding company whose subsidiaries and affiliates operate in the communications and,AT&T INC.,222
0000732717-17-000101,10-Q,RISK_FACTORS,1,50,156821,Item 1A. Risk Factors We discuss in our Annual Report on Form 10-K various risks that may materially affect our business. We use this section to update this discussion to reflect material developments since our Form 10-K was filed. For,15,False,,,,AT&T INC.,50
0000732717-18-000024,10-Q,MDA,25,326,149811,Item 2. Management's Discussion and Analysis of Financial Condition and Results of Operations - Continued Dollars in millions except per share and per subscriber amounts DISCUSSION AND RECONCILIATION OF NON-GAAP MEASURE We believe the following measure is relevant and useful,1000,True,12467.0,71690.0,Item 2. Management's Discussion and Analysis of Financial Condition and Results of Operations Dollars in millions except per share and per subscriber amounts RESULTS OF OPERATIONS AT&T is a holding company whose subsidiaries and affiliates operate in the communications and,AT&T INC.,326
0000732717-18-000090,10-Q,MDA,35,233,198143,"Item 2. Management’s Discussion and Analysis of Financial Condition and Results of Operations - Continued Dollars, subscribers and connections in millions, except per share and per subscriber amounts Nine Months Ended September 30, 2018 September 30, 2017 Mobility Business Wireline",1000,True,15326.0,102549.0,"Item 2. Management’s Discussion and Analysis of Financial Condition and Results of Operations Dollars, subscribers and connections in millions, except per share and per subscriber amounts OVERVIEW AT&T Inc. is referred to as “we,” “AT&T” or the “Company” throughout this",AT&T INC.,233
0000732717-18-000090,10-Q,RISK_FACTORS,1,394,210043,Item 1A. Risk Factors We discuss in our Annual Report on Form 10-K various risks that may materially affect our business. We use this section to update this discussion to reflect material developments since our Form 10-K was filed. Our,15,False,,,,AT&T INC.,394
0000732717-22-000042,10-Q,MDA,16,751,131679,"Item 2. Management’s Discussion and Analysis of Financial Condition and Results of Operations- Continued Dollars in millions except per share amounts On January 29, 2021, we entered into a $14,700 Term Loan Credit Agreement (2021 Syndicated Term Loan), with Bank",1000,True,7640.0,86031.0,"Item 2. Management’s Discussion and Analysis of Financial Condition and Results of Operations Dollars in millions except per share amounts OVERVIEW AT&T Inc. is referred to as “we,” “AT&T” or the “Company” throughout this document, and the names of the",AT&T INC.,751
0000732717-22-000042,10-Q,RISK_FACTORS,1,67,145591,"Item 1A. Risk Factors We discuss in our Annual Report on Form 10-K for the year ended December 31, 2021 various risks that may materially affect our business. We use this section to update this discussion to reflect material developments.",15,False,,,,AT&T INC.,67
0000732717-22-000093,10-Q,MDA,15,581,135025,"Item 2. Management’s Discussion and Analysis of Financial Condition and Results of Operations- Continued Dollars in millions except per share amounts that our Board of Directors approved an expected annual dividend level of $1.11 per common share, or approximately $8,000",1000,True,8064.0,86934.0,"Item 2. Management’s Discussion and Analysis of Financial Condition and Results of Operations Dollars in millions except per share amounts OVERVIEW AT&T Inc. is referred to as “we,” “AT&T” or the “Company” throughout this document, and the names of the",AT&T INC.,581
0000732717-22-000093,10-Q,RISK_FACTORS,1,67,147596,"Item 1A. Risk Factors We discuss in our Annual Report on Form 10-K for the year ended December 31, 2021 various risks that may materially affect our business. We use this section to update this discussion to reflect material developments.",15,False,,,,AT&T INC.,67
0000732717-22-000102,10-Q,MDA,16,290,146623,Item 2. Management’s Discussion and Analysis of Financial Condition and Results of Operations- Continued Dollars in millions except per share amounts Collateral Arrangements Most of our counterparty collateral arrangements require cash collateral posting by AT&T only when derivative market values,1000,True,8633.0,92916.0,"Item 2. Management’s Discussion and Analysis of Financial Condition and Results of Operations Dollars in millions except per share amounts OVERVIEW AT&T Inc. is referred to as “we,” “AT&T” or the “Company” throughout this document, and the names of the",AT&T INC.,290
0000732717-22-000102,10-Q,RISK_FACTORS,1,67,157341,"Item 1A. Risk Factors We discuss in our Annual Report on Form 10-K for the year ended December 31, 2021 various risks that may materially affect our business. We use this section to update this discussion to reflect material developments.",15,False,,,,AT&T INC.,67
0000732717-23-000022,10-Q,MDA,13,179,107030,Item 2. Management’s Discussion and Analysis of Financial Condition and Results of Operations- Continued Dollars in millions except per share amounts Collateral Arrangements Most of our counterparty collateral arrangements require cash collateral posting by AT&T only when derivative market values,1000,True,5580.0,71181.0,"Item 2. Management’s Discussion and Analysis of Financial Condition and Results of Operations Dollars in millions except per share amounts OVERVIEW AT&T Inc. is referred to as “we,” “AT&T” or the “Company” throughout this document. AT&T products and services are",AT&T INC.,179
0000732717-23-000022,10-Q,RISK_FACTORS,1,67,117047,"Item 1A. Risk Factors We discuss in our Annual Report on Form 10-K for the year ended December 31, 2022 various risks that may materially affect our business. We use this section to update this discussion to reflect material developments.",15,False,,,,AT&T INC.,67
0000732717-20-000056,10-Q,MDA,25,228,168923,"Item 2. Management’s Discussion and Analysis of Financial Condition and Results of Operations- Continued Dollars in millions except per share amounts Nine- Months Ended September 30, 2020 September 30, 2019 Mobility Business Wireline Adjustments 1 Business Solutions Mobility Business Wireline",1000,True,12810.0,88162.0,"Item 2. Management’s Discussion and Analysis of Financial Condition and Results of Operations Dollars in millions except per share amounts OVERVIEW AT&T Inc. is referred to as “we,” “AT&T” or the “Company” throughout this document, and the names of the",AT&T INC.,228
0000732717-20-000056,10-Q,RISK_FACTORS,1,544,180561,Item 1A. Risk Factors We discuss in our Annual Report on Form 10-K various risks that may materially affect our business. We use this section to update this discussion to reflect material developments since our Form 10-K was filed. Our,15,False,,,,AT&T INC.,544
0000732717-21-000030,10-Q,MDA,15,625,114076,Item 2. Management’s Discussion and Analysis of Financial Condition and Results of Operations- Continued Dollars in millions except per share amounts Credit Facilities The following summary of our various credit and loan agreements does not purport to be complete and,1000,True,6840.0,73221.0,"Item 2. Management’s Discussion and Analysis of Financial Condition and Results of Operations Dollars in millions except per share amounts OVERVIEW AT&T Inc. is referred to as “we,” “AT&T” or the “Company” throughout this document, and the names of the",AT&T INC.,625
0000732717-21-000030,10-Q,RISK_FACTORS,1,50,128011,Item 1A. Risk Factors We discuss in our Annual Report on Form 10-K various risks that may materially affect our business. We use this section to update this discussion to reflect material developments since our Form 10-K was filed. For,15,False,,,,AT&T INC.,50
0000732717-21-000067,10-Q,MDA,19,77,147210,"Item 2. Management’s Discussion and Analysis of Financial Condition and Results of Operations- Continued Dollars in millions except per share amounts On June 23, 2021, we entered into an agreement to sell WarnerMedia’s mobile games app studio, Playdemic to EA.",1000,True,9548.0,86981.0,"Item 2. Management’s Discussion and Analysis of Financial Condition and Results of Operations Dollars in millions except per share amounts OVERVIEW AT&T Inc. is referred to as “we,” “AT&T” or the “Company” throughout this document, and the names of the",AT&T INC.,77
0000732717-21-000067,10-Q,RISK_FACTORS,1,1505,157544,Item 1A. Risk Factors We discuss in our Annual Report on Form 10-K various risks that may materially affect our business. We use this section to update this discussion to reflect material developments since our Form 10-K was filed. The,15,False,,,,AT&T INC.,1505
0000732717-21-000080,10-Q,MDA,18,123,153086,"Item 2. Management’s Discussion and Analysis of Financial Condition and Results of Operations- Continued Dollars in millions except per share amounts On May 17, 2021, in anticipation of the separation of WarnerMedia business from us, Spinco, a wholly owned subsidiary,",1000,True,9452.0,93544.0,"Item 2. Management’s Discussion and Analysis of Financial Condition and Results of Operations Dollars in millions except per share amounts OVERVIEW AT&T Inc. is referred to as “we,” “AT&T” or the “Company” throughout this document, and the names of the",AT&T INC.,123
0000732717-21-000080,10-Q,RISK_FACTORS,1,82,163659,"Item 1A. Risk Factors We discuss in our Annual Report on Form 10-K for the year ended December 31, 2020 and in our Quarterly Report on Form 10-Q for the quarter ended June 30, 2021 various risks that may materially",15,False,,,,AT&T INC.,82
0000732717-19-000018,10-Q,MDA,20,431,126064,"Item 2. Management’s Discussion and Analysis of Financial Condition and Results of Operations - Continued Dollars, subscribers and connections in millions, except per share and per subscriber amounts During the first three months of 2019, we received $4,460 from the",1000,True,9000.0,70107.0,"Item 2. Management’s Discussion and Analysis of Financial Condition and Results of Operations Dollars, subscribers and connections in millions, except per share and per subscriber amounts OVERVIEW AT&T Inc. is referred to as “we,” “AT&T” or the “Company” throughout this",AT&T INC.,431
0000732717-19-000018,10-Q,RISK_FACTORS,1,50,138064,Item 1A. Risk Factors We discuss in our Annual Report on Form 10-K various risks that may materially affect our business. We use this section to update this discussion to reflect material developments since our Form 10-K was filed. For,15,False,,,,AT&T INC.,50
0000732717-19-000056,10-Q,MDA,25,235,163099,"Item 2. Management’s Discussion and Analysis of Financial Condition and Results of Operations - Continued Dollars, subscribers and connections in millions, except per share and per subscriber amounts Nine Months Ended September 30, 2019 September 30, 2018 Mobility Business Wireline",1000,True,12392.0,85281.0,"Item 2. Management’s Discussion and Analysis of Financial Condition and Results of Operations Dollars, subscribers and connections in millions, except per share and per subscriber amounts OVERVIEW AT&T Inc. is referred to as “we,” “AT&T” or the “Company” throughout this",AT&T INC.,235
0000732717-19-000056,10-Q,RISK_FACTORS,1,71,173772,Item 1A. Risk Factors We discuss in our Annual Report on Form 10-K various risks that may materially affect our business. We use this section to update this discussion to reflect material developments since our Form 10-K was filed. For,15,False,,,,AT&T INC.,71
0000732717-24-000022,10-Q,MDA,12,398,91877,Item 2. Management’s Discussion and Analysis of Financial Condition and Results of Operations- Continued Dollars in millions except per share amounts Dividends on common stock declared by our Board of Directors totaled $0.2775 per share in the first three months,1000,True,5169.0,60365.0,"Item 2. Management’s Discussion and Analysis of Financial Condition and Results of Operations Dollars in millions except per share amounts OVERVIEW AT&T Inc. is referred to as “we,” “AT&T” or the “Company” throughout this document. AT&T products and services are",AT&T INC.,398
0000732717-24-000022,10-Q,RISK_FACTORS,1,52,102001,"Item 1A. Risk Factors We discuss in our Annual Report on Form 10-K for the year ended December 31, 2023 various risks that may materially affect our business. We use this section to update this discussion to reflect material developments.",15,False,,,,AT&T INC.,52
0000732717-24-000053,10-Q,MDA,13,387,104495,Item 2. Management’s Discussion and Analysis of Financial Condition and Results of Operations- Continued Dollars in millions except per share amounts Our Revolving Credit Agreement contains covenants that are customary for an issuer with investment grade senior debt credit rating,1000,True,6371.0,66193.0,"Item 2. Management’s Discussion and Analysis of Financial Condition and Results of Operations Dollars in millions except per share amounts OVERVIEW AT&T Inc. is referred to as “we,” “AT&T” or the “Company” throughout this document. AT&T products and services are",AT&T INC.,387
0000732717-24-000053,10-Q,RISK_FACTORS,1,512,114512,"Item 1A. Risk Factors We discuss in our Annual Report on Form 10-K for the year ended December 31, 2023 various risks that may materially affect our business. We use this section to update this discussion to reflect material developments",15,False,,,,AT&T INC.,512
0000732717-24-000059,10-Q,MDA,13,245,114137,Item 2. Management’s Discussion and Analysis of Financial Condition and Results of Operations- Continued Dollars in millions except per share amounts Our Revolving Credit Agreement contains covenants that are customary for an issuer with investment grade senior debt credit rating,1000,True,6354.0,74852.0,"Item 2. Management’s Discussion and Analysis of Financial Condition and Results of Operations Dollars in millions except per share amounts OVERVIEW AT&T Inc. is referred to as “we,” “AT&T” or the “Company” throughout this document. AT&T products and services are",AT&T INC.,245
0000732717-24-000059,10-Q,RISK_FACTORS,1,67,123201,"Item 1A. Risk Factors We discuss in our Annual Report on Form 10-K for the year ended December 31, 2023 and in our Quarterly Report on Form 10-Q for the quarter ended June 30, 2024 various risks that may materially",15,False,,,,AT&T INC.,67
0000732717-25-000023,10-Q,MDA,11,367,90275,"Item 2. Management’s Discussion and Analysis of Financial Condition and Results of Operations- Continued Dollars in millions except per share amounts DISCUSSION AND RECONCILIATION OF NON-GAAP MEASURES We also evaluate segment and business unit performance based on EBITDA, which is",1000,True,4678.0,62028.0,"Item 2. Management’s Discussion and Analysis of Financial Condition and Results of Operations Dollars in millions except per share amounts OVERVIEW AT&T Inc. is referred to as “we,” “AT&T” or the “Company” throughout this document. AT&T products and services are",AT&T INC.,367
0000732717-25-000023,10-Q,RISK_FACTORS,1,52,99109,"Item 1A. Risk Factors We discuss in our Annual Report on Form 10-K for the year ended December 31, 2024 various risks that may materially affect our business. We use this section to update this discussion to reflect material developments.",15,False,,,,AT&T INC.,52
0000732717-23-000047,10-Q,MDA,14,43,123253,"Item 2. Management’s Discussion and Analysis of Financial Condition and Results of Operations- Continued Dollars in millions except per share amounts the same factors that affect total capital, and reflects our recent debt issuances, repayments and reclassifications related to redemption",1000,True,6736.0,80226.0,"Item 2. Management’s Discussion and Analysis of Financial Condition and Results of Operations Dollars in millions except per share amounts OVERVIEW AT&T Inc. is referred to as “we,” “AT&T” or the “Company” throughout this document. AT&T products and services are",AT&T INC.,43
0000732717-23-000047,10-Q,RISK_FACTORS,1,125,132371,Item 1A. Risk Factors We discuss in our Annual Report on Form 10-K various risks that may materially affect our business. We use this section to update this discussion to reflect material developments since our Form 10-K was filed. Recent,15,False,,,,AT&T INC.,125
0000732717-23-000057,10-Q,MDA,14,223,125620,"Item 2. Management’s Discussion and Analysis of Financial Condition and Results of Operations- Continued Dollars in millions except per share amounts Other Our total capital consists of debt (long-term debt and debt maturing within one year), redeemable noncontrolling interest and",1000,True,7087.0,81302.0,"Item 2. Management’s Discussion and Analysis of Financial Condition and Results of Operations Dollars in millions except per share amounts OVERVIEW AT&T Inc. is referred to as “we,” “AT&T” or the “Company” throughout this document. AT&T products and services are",AT&T INC.,223
0000732717-23-000057,10-Q,RISK_FACTORS,1,67,135605,"Item 1A. Risk Factors We discuss in our Annual Report on Form 10-K for the year ended December 31, 2022 and in our Quarterly Report on Form 10-Q for the quarter ended June 30, 2023 various risks that may materially",15,False,,,,AT&T INC.,67
0000732717-26-000206,10-Q,MDA,11,285,92501,"Item 2. Management’s Discussion and Analysis of Financial Condition and Results of Operations- Continued Dollars in millions except per share amounts DISCUSSION AND RECONCILIATION OF NON-GAAP MEASURES We also evaluate segment performance based on EBITDA, which is defined as operating",1000,True,4814.0,62771.0,"Item 2. Management’s Discussion and Analysis of Financial Condition and Results of Operations Dollars in millions except per share amounts RESULTS OF OPERATIONS AT&T Inc. is referred to as “we,” “AT&T” or the “Company” throughout this document. AT&T products and",AT&T INC.,285
0000732717-26-000206,10-Q,RISK_FACTORS,1,52,100857,"Item 1A. Risk Factors We discuss in our Annual Report on Form 10-K for the year ended December 31, 2025 various risks that may materially affect our business. We use this section to update this discussion to reflect material developments.",15,False,,,,AT&T INC.,52
0000732717-26-000297,10-Q,MDA,12,360,104136,"Item 2. Management’s Discussion and Analysis of Financial Condition and Results of Operations- Continued Dollars in millions except per share amounts DISCUSSION AND RECONCILIATION OF NON-GAAP MEASURES We also evaluate segment performance based on EBITDA, which is defined as operating",1000,True,6048.0,67786.0,"Item 2. Management’s Discussion and Analysis of Financial Condition and Results of Operations Dollars in millions except per share amounts RESULTS OF OPERATIONS AT&T Inc. is referred to as “we,” “AT&T” or the “Company” throughout this document. AT&T products and",AT&T INC.,360
0000732717-26-000297,10-Q,RISK_FACTORS,1,52,112800,"Item 1A. Risk Factors We discuss in our Annual Report on Form 10-K for the year ended December 31, 2025 various risks that may materially affect our business. We use this section to update this discussion to reflect material developments.",15,False,,,,AT&T INC.,52
0000950103-15-005935,10-Q,MDA,2,9874,100064,ITEM 2. Management’s Discussion and Analysis of Financial Condition and Results of Operations The following discussion should be read in conjunction with Shire’s unaudited consolidated financial statements and related notes appearing elsewhere in this report. Significant events in the three,1000,False,,,,Shire plc,9874
0000950103-15-005935,10-Q,RISK_FACTORS,2,31,163265,"ITEM 1A. RISK FACTORS There have been no material changes from the risk factors set forth in the Company’s Annual Report on Form 10-K for the year ended December 31, 2014.",15,False,,,,Shire plc,31
0000950103-15-008508,10-Q,MDA,2,10260,107871,ITEM 2. Management’s Discussion and Analysis of Financial Condition and Results of Operations The following discussion should be read in conjunction with Shire’s unaudited consolidated financial statements and related notes appearing elsewhere in this report. Significant events in the three,1000,False,,,,Shire plc,10260
0000950103-15-008508,10-Q,RISK_FACTORS,3,322,174698,"ITEM 1A: Risk Factors“ in the Company’s Annual Report on Form 10-K for the year ended December 31, 2014. Shire's strategy to acquire Baxalta may not be successful: Baxalta may refuse to cooperate with Shire; if the proposed combination is",15,False,,,,Shire plc,322
0000732717-25-000080,10-Q,MDA,12,483,103367,"Item 2. Management’s Discussion and Analysis of Financial Condition and Results of Operations- Continued Dollars in millions except per share amounts DISCUSSION AND RECONCILIATION OF NON-GAAP MEASURES We also evaluate segment and business unit performance based on EBITDA, which is",1000,True,5880.0,69466.0,"Item 2. Management’s Discussion and Analysis of Financial Condition and Results of Operations Dollars in millions except per share amounts OVERVIEW AT&T Inc. is referred to as “we,” “AT&T” or the “Company” throughout this document. AT&T products and services are",AT&T INC.,483
0000732717-25-000080,10-Q,RISK_FACTORS,1,355,112625,"Item 1A. Risk Factors We discuss in our Annual Report on Form 10-K for the year ended December 31, 2024 various risks that may materially affect our business. We use this section to update this discussion to reflect material developments",15,False,,,,AT&T INC.,355
0000732717-25-000171,10-Q,MDA,13,483,110894,"Item 2. Management’s Discussion and Analysis of Financial Condition and Results of Operations- Continued Dollars in millions except per share amounts DISCUSSION AND RECONCILIATION OF NON-GAAP MEASURES We also evaluate segment and business unit performance based on EBITDA, which is",1000,True,6539.0,72523.0,"Item 2. Management’s Discussion and Analysis of Financial Condition and Results of Operations Dollars in millions except per share amounts OVERVIEW AT&T Inc. is referred to as “we,” “AT&T” or the “Company” throughout this document. AT&T products and services are",AT&T INC.,483
0000732717-25-000171,10-Q,RISK_FACTORS,1,67,120260,"Item 1A. Risk Factors We discuss in our Annual Report on Form 10-K for the year ended December 31, 2024 and in our Quarterly Report on Form 10-Q for the quarter ended June 30, 2025 various risks that may materially",15,False,,,,AT&T INC.,67
0000950103-16-013180,10-Q,MDA,2,8577,86181,ITEM 2. Management’s Discussion and Analysis of Financial Condition and Results of Operations The following discussion should be read in conjunction with Shire’s Unaudited Consolidated Financial Statements and related notes appearing elsewhere in this Quarterly Report on Form 10-Q and,1000,False,,,,Shire plc,8577
0000950103-16-013180,10-Q,RISK_FACTORS,2,31,142117,"ITEM 1A. RISK FACTORS There have been no material changes from the risk factors set forth in the Company’s Annual Report on Form 10-K for the year ended December 31, 2015.",15,False,,,,Shire plc,31
0000950103-16-015416,10-Q,MDA,3,856,326333,ITEM 2: Management’s Discussion & Analysis of Financial Condition and Results 99 of Operations—Agreements with Baxter and “The combination could result in significant liability to the Company if the combination causes the spin-off of Baxalta from Baxter or a Later,1000,True,12582.0,159373.0,ITEM 2. Management’s Discussion and Analysis of Financial Condition and Results of Operations The following discussion should be read in conjunction with Shire’s Unaudited Consolidated Financial Statements and related notes appearing elsewhere in this Quarterly Report on Form 10-Q and,Shire plc,856
0000950103-16-015416,10-Q,RISK_FACTORS,2,11355,252965,"ITEM 1A. RISK FACTORS Shire’s combination with Baxalta closed on June 3, 2016. All references to the “Company,” “Shire,” “we,” “us,” or “our” used herein refer to Shire plc and its subsidiaries, including Baxalta and its subsidiaries. The Company’s business",15,False,,,,Shire plc,11355
0001001039-17-000046,10-Q,MDA,2,13,107406,Item 2. Management’s Discussion and Analysis of Financial Condition and Results of Operations.,1000,True,8569.0,52329.0,Item 2: Management’s Discussion and Analysis of Financial Condition and Results of Operations ORGANIZATION OF INFORMATION Management’s Discussion and Analysis provides a narrative of the Company’s financial performance and condition that should be read in conjunction with the accompanying financial,TWDC Enterprises 18 Corp.,13
0001001039-17-000046,10-Q,RISK_FACTORS,1,265,108991,ITEM 1A. Risk Factors The Private Securities Litigation Reform Act of 1995 (the Act) provides a safe harbor for “forward-looking statements” made by or on behalf of the Company. We may from time to time make written or oral statements,15,False,,,,TWDC Enterprises 18 Corp.,265
0001001039-17-000092,10-Q,MDA,2,13,137945,Item 2. Management’s Discussion and Analysis of Financial Condition and Results of Operations.,1000,True,12378.0,60341.0,Item 2: Management’s Discussion and Analysis of Financial Condition and Results of Operations ORGANIZATION OF INFORMATION Management’s Discussion and Analysis provides a narrative of the Company’s financial performance and condition that should be read in conjunction with the accompanying financial,TWDC Enterprises 18 Corp.,13
0001001039-17-000092,10-Q,RISK_FACTORS,1,265,139527,ITEM 1A. Risk Factors The Private Securities Litigation Reform Act of 1995 (the Act) provides a safe harbor for “forward-looking statements” made by or on behalf of the Company. We may from time to time make written or oral statements,15,False,,,,TWDC Enterprises 18 Corp.,265
0001001039-15-000206,10-Q,MDA,2,13,148346,Item 2. Management’s Discussion and Analysis of Financial Condition and Results of Operations.,1000,True,13787.0,61116.0,Item 2: Management’s Discussion and Analysis of Financial Condition and Results of Operations ORGANIZATION OF INFORMATION Management’s Discussion and Analysis provides a narrative of the Company’s financial performance and condition that should be read in conjunction with the accompanying financial,TWDC Enterprises 18 Corp.,13
0001001039-15-000206,10-Q,RISK_FACTORS,1,262,149927,ITEM 1A. Risk Factors The Private Securities Litigation Reform Act of 1995 (the Act) provides a safe harbor for “forward-looking statements” made by or on behalf of the Company. We may from time to time make written or oral statements,15,False,,,,TWDC Enterprises 18 Corp.,262
0001001039-16-000362,10-Q,MDA,2,13,109290,Item 2. Management’s Discussion and Analysis of Financial Condition and Results of Operations.,1000,True,8792.0,52639.0,Item 2: Management’s Discussion and Analysis of Financial Condition and Results of Operations ORGANIZATION OF INFORMATION Management’s Discussion and Analysis provides a narrative of the Company’s financial performance and condition that should be read in conjunction with the accompanying financial,TWDC Enterprises 18 Corp.,13
0001001039-16-000362,10-Q,RISK_FACTORS,1,262,110873,ITEM 1A. Risk Factors The Private Securities Litigation Reform Act of 1995 (the Act) provides a safe harbor for “forward-looking statements” made by or on behalf of the Company. We may from time to time make written or oral statements,15,False,,,,TWDC Enterprises 18 Corp.,262
0001001039-16-000418,10-Q,MDA,2,13,135247,Item 2. Management’s Discussion and Analysis of Financial Condition and Results of Operations.,1000,True,12182.0,58127.0,Item 2: Management’s Discussion and Analysis of Financial Condition and Results of Operations ORGANIZATION OF INFORMATION Management’s Discussion and Analysis provides a narrative of the Company’s financial performance and condition that should be read in conjunction with the accompanying financial,TWDC Enterprises 18 Corp.,13
0001001039-16-000418,10-Q,RISK_FACTORS,1,262,136829,ITEM 1A. Risk Factors The Private Securities Litigation Reform Act of 1995 (the Act) provides a safe harbor for “forward-looking statements” made by or on behalf of the Company. We may from time to time make written or oral statements,15,False,,,,TWDC Enterprises 18 Corp.,262
0001001039-16-000468,10-Q,MDA,2,13,139275,Item 2. Management’s Discussion and Analysis of Financial Condition and Results of Operations.,1000,True,12357.0,61357.0,Item 2: Management’s Discussion and Analysis of Financial Condition and Results of Operations ORGANIZATION OF INFORMATION Management’s Discussion and Analysis provides a narrative of the Company’s financial performance and condition that should be read in conjunction with the accompanying financial,TWDC Enterprises 18 Corp.,13
0001001039-16-000468,10-Q,RISK_FACTORS,1,262,140855,ITEM 1A. Risk Factors The Private Securities Litigation Reform Act of 1995 (the Act) provides a safe harbor for “forward-looking statements” made by or on behalf of the Company. We may from time to time make written or oral statements,15,False,,,,TWDC Enterprises 18 Corp.,262
0001001039-17-000141,10-Q,MDA,2,13,140791,Item 2. Management’s Discussion and Analysis of Financial Condition and Results of Operations.,1000,True,12706.0,60820.0,Item 2: Management’s Discussion and Analysis of Financial Condition and Results of Operations ORGANIZATION OF INFORMATION Management’s Discussion and Analysis provides a narrative of the Company’s financial performance and condition that should be read in conjunction with the accompanying financial,TWDC Enterprises 18 Corp.,13
0001001039-17-000141,10-Q,RISK_FACTORS,1,265,142371,ITEM 1A. Risk Factors The Private Securities Litigation Reform Act of 1995 (the Act) provides a safe harbor for “forward-looking statements” made by or on behalf of the Company. We may from time to time make written or oral statements,15,False,,,,TWDC Enterprises 18 Corp.,265
0001001039-18-000079,10-Q,MDA,2,13,157338,Item 2. Management’s Discussion and Analysis of Financial Condition and Results of Operations.,1000,True,12623.0,77959.0,Item 2: Management’s Discussion and Analysis of Financial Condition and Results of Operations ORGANIZATION OF INFORMATION Management’s Discussion and Analysis provides a narrative of the Company’s financial performance and condition that should be read in conjunction with the accompanying financial,TWDC Enterprises 18 Corp.,13
0001001039-18-000079,10-Q,RISK_FACTORS,1,287,158921,ITEM 1A. Risk Factors The Private Securities Litigation Reform Act of 1995 (the Act) provides a safe harbor for “forward-looking statements” made by or on behalf of the Company. We may from time to time make written or oral statements,15,False,,,,TWDC Enterprises 18 Corp.,287
0001001039-18-000134,10-Q,MDA,2,13,164474,Item 2. Management’s Discussion and Analysis of Financial Condition and Results of Operations.,1000,True,12962.0,82787.0,Item 2: Management’s Discussion and Analysis of Financial Condition and Results of Operations ORGANIZATION OF INFORMATION Management’s Discussion and Analysis provides a narrative of the Company’s financial performance and condition that should be read in conjunction with the accompanying financial,TWDC Enterprises 18 Corp.,13
0001001039-18-000134,10-Q,RISK_FACTORS,1,1474,166055,ITEM 1A. Risk Factors The Private Securities Litigation Reform Act of 1995 (the Act) provides a safe harbor for “forward-looking statements” made by or on behalf of the Company. We may from time to time make written or oral statements,15,False,,,,TWDC Enterprises 18 Corp.,1474
0001001039-19-000062,10-Q,MDA,1,9252,96368,Item 2: Management’s Discussion and Analysis of Financial Condition and Results of Operations ORGANIZATION OF INFORMATION Management’s Discussion and Analysis provides a narrative of the Company’s financial performance and condition that should be read in conjunction with the accompanying financial,1000,False,,,,TWDC Enterprises 18 Corp.,9252
0001001039-19-000062,10-Q,RISK_FACTORS,1,270,157718,ITEM 1A. Risk Factors The Private Securities Litigation Reform Act of 1995 (the Act) provides a safe harbor for “forward-looking statements” made by or on behalf of the Company. We may from time to time make written or oral statements,15,False,,,,TWDC Enterprises 18 Corp.,270
0001065088-15-000186,10-Q,MDA,2,595,269612,"Item 2: Management's Discussion and Analysis of Financial Condition and Results of Operations - Liquidity and Capital Resources - Stock Repurchases."" Item 3: Defaults Upon Senior Securities Not applicable. Item 4: Mine Safety Disclosures Not applicable. Item 5: Other Information",1000,True,10140.0,91779.0,Item 2: Management's Discussion and Analysis of Financial Condition and Results of Operations FORWARD-LOOKING STATEMENTS This Quarterly Report on Form 10-Q contains forward-looking statements within the meaning of Section 27A of the Securities Act of 1933 and Section 21E of,EBAY INC,595
0001065088-15-000186,10-Q,RISK_FACTORS,2,15171,167262,"Item 1A: Risk Factors You should carefully review the following discussion of the risks that may affect our business, results of operations and financial condition, as well as our consolidated financial statements and notes thereto and the other information appearing",15,False,,,,EBAY INC,15171
0001065088-15-000252,10-Q,MDA,2,531,248685,"Item 2: Management's Discussion and Analysis of Financial Condition and Results of Operations - Liquidity and Capital Resources - Stock Repurchases."" Item 3: Defaults Upon Senior Securities Not applicable. Item 4: Mine Safety Disclosures Not applicable. Item 5: Other Information",1000,True,8424.0,81373.0,Item 2: Management's Discussion and Analysis of Financial Condition and Results of Operations FORWARD-LOOKING STATEMENTS This Quarterly Report on Form 10-Q contains forward-looking statements within the meaning of Section 27A of the Securities Act of 1933 and Section 21E of,EBAY INC,531
0001065088-15-000252,10-Q,RISK_FACTORS,2,15043,147321,"Item 1A: Risk Factors You should carefully review the following discussion of the risks that may affect our business, results of operations and financial condition, as well as our consolidated financial statements and notes thereto and the other information appearing",15,False,,,,EBAY INC,15043
0001065088-16-000296,10-Q,MDA,2,594,216746,"Item 2: Management’s Discussion and Analysis of Financial Condition and Results of Operations - Liquidity and Capital Resources - Stock Repurchases.” We expect, subject to market conditions and other uncertainties, to continue making opportunistic repurchases of our common stock. However,",1000,True,7284.0,64821.0,Item 2: Management's Discussion and Analysis of Financial Condition and Results of Operations FORWARD-LOOKING STATEMENTS This Quarterly Report on Form 10-Q contains forward-looking statements within the meaning of Section 27A of the Securities Act of 1933 and Section 21E of,EBAY INC,594
0001065088-16-000296,10-Q,RISK_FACTORS,2,13963,123219,"Item 1A: Risk Factors You should carefully review the following discussion of the risks that may affect our business, results of operations and financial condition, as well as our consolidated financial statements and notes thereto and the other information appearing",15,False,,,,EBAY INC,13963
0001065088-16-000317,10-Q,MDA,2,499,233173,"Item 2: Management’s Discussion and Analysis of Financial Condition and Results of Operations - Liquidity and Capital Resources - Stock Repurchases.” In July 2016, our board of directors authorized an additional $2.5 billion stock repurchase program, with no expiration from",1000,True,9412.0,69129.0,Item 2: Management's Discussion and Analysis of Financial Condition and Results of Operations FORWARD-LOOKING STATEMENTS This Quarterly Report on Form 10-Q contains forward-looking statements within the meaning of Section 27A of the Securities Act of 1933 and Section 21E of,EBAY INC,499
0001065088-16-000317,10-Q,RISK_FACTORS,2,14000,139486,"Item 1A: Risk Factors You should carefully review the following discussion of the risks that may affect our business, results of operations and financial condition, as well as our consolidated financial statements and notes thereto and the other information appearing",15,False,,,,EBAY INC,14000
0001065088-16-000332,10-Q,MDA,1,8859,71210,Item 2: Management's Discussion and Analysis of Financial Condition and Results of Operations FORWARD-LOOKING STATEMENTS This Quarterly Report on Form 10-Q contains forward-looking statements within the meaning of Section 27A of the Securities Act of 1933 and Section 21E of,1000,False,,,,EBAY INC,8859
0001065088-16-000332,10-Q,RISK_FACTORS,1,13966,138860,"Item 1A: Risk Factors You should carefully review the following discussion of the risks that may affect our business, results of operations and financial condition, as well as our consolidated financial statements and notes thereto and the other information appearing",15,False,,,,EBAY INC,13966
0001065088-17-000013,10-Q,MDA,1,6741,63192,ITEM 2: MANAGEMENT’S DISCUSSION AND ANALYSIS OF FINANCIAL CONDITION AND RESULTS OF OPERATIONS FORWARD-LOOKING STATEMENTS This Quarterly Report on Form 10-Q contains forward-looking statements within the meaning of Section 27A of the Securities Act of 1933 and Section 21E of,1000,False,,,,EBAY INC,6741
0001065088-17-000013,10-Q,RISK_FACTORS,1,14320,118173,"Item 1A: Risk Factors You should carefully review the following discussion of the risks that may affect our business, results of operations and financial condition, as well as our consolidated financial statements and notes thereto and the other information appearing",15,False,,,,EBAY INC,14320
0001065088-18-000020,10-Q,MDA,1,6839,72326,ITEM 2: MANAGEMENT’S DISCUSSION AND ANALYSIS OF FINANCIAL CONDITION AND RESULTS OF OPERATIONS FORWARD-LOOKING STATEMENTS This Quarterly Report on Form 10-Q contains forward-looking statements within the meaning of Section 27A of the Securities Act of 1933 and Section 21E of,1000,False,,,,EBAY INC,6839
0001065088-18-000020,10-Q,RISK_FACTORS,1,13687,125466,"Item 1A: Risk Factors You should carefully review the following discussion of the risks that may affect our business, results of operations and financial condition, as well as our consolidated financial statements and notes thereto and the other information appearing",15,False,,,,EBAY INC,13687
0001065088-18-000032,10-Q,MDA,1,8122,83831,ITEM 2: MANAGEMENT’S DISCUSSION AND ANALYSIS OF FINANCIAL CONDITION AND RESULTS OF OPERATIONS FORWARD-LOOKING STATEMENTS This Quarterly Report on Form 10-Q contains forward-looking statements within the meaning of Section 27A of the Securities Act of 1933 and Section 21E of,1000,False,,,,EBAY INC,8122
0001065088-18-000032,10-Q,RISK_FACTORS,3,13856,144370,"Item 1A: Risk Factors You should carefully review the following discussion of the risks that may affect our business, results of operations and financial condition, as well as our condensed consolidated financial statements and notes thereto and the other information",15,False,,,,EBAY INC,13856
0001065088-17-000029,10-Q,MDA,1,7782,70774,ITEM 2: MANAGEMENT’S DISCUSSION AND ANALYSIS OF FINANCIAL CONDITION AND RESULTS OF OPERATIONS FORWARD-LOOKING STATEMENTS This Quarterly Report on Form 10-Q contains forward-looking statements within the meaning of Section 27A of the Securities Act of 1933 and Section 21E of,1000,False,,,,EBAY INC,7782
0001065088-17-000029,10-Q,RISK_FACTORS,1,14321,131355,"Item 1A: Risk Factors You should carefully review the following discussion of the risks that may affect our business, results of operations and financial condition, as well as our consolidated financial statements and notes thereto and the other information appearing",15,False,,,,EBAY INC,14321
0001065088-17-000051,10-Q,MDA,1,7933,72749,ITEM 2: MANAGEMENT’S DISCUSSION AND ANALYSIS OF FINANCIAL CONDITION AND RESULTS OF OPERATIONS FORWARD-LOOKING STATEMENTS This Quarterly Report on Form 10-Q contains forward-looking statements within the meaning of Section 27A of the Securities Act of 1933 and Section 21E of,1000,False,,,,EBAY INC,7933
0001065088-17-000051,10-Q,RISK_FACTORS,1,14330,133363,"Item 1A: Risk Factors You should carefully review the following discussion of the risks that may affect our business, results of operations and financial condition, as well as our consolidated financial statements and notes thereto and the other information appearing",15,False,,,,EBAY INC,14330
0001065088-18-000045,10-Q,MDA,1,8232,88540,ITEM 2: MANAGEMENT’S DISCUSSION AND ANALYSIS OF FINANCIAL CONDITION AND RESULTS OF OPERATIONS FORWARD-LOOKING STATEMENTS This Quarterly Report on Form 10-Q contains forward-looking statements within the meaning of Section 27A of the Securities Act of 1933 and Section 21E of,1000,False,,,,EBAY INC,8232
0001065088-18-000045,10-Q,RISK_FACTORS,3,13505,150199,"Item 1A: Risk Factors You should carefully review the following discussion of the risks that may affect our business, results of operations and financial condition, as well as our condensed consolidated financial statements and notes thereto and the other information",15,False,,,,EBAY INC,13505
0001065088-19-000020,10-Q,MDA,1,6549,77652,ITEM 2: MANAGEMENT’S DISCUSSION AND ANALYSIS OF FINANCIAL CONDITION AND RESULTS OF OPERATIONS FORWARD-LOOKING STATEMENTS This Quarterly Report on Form 10-Q contains forward-looking statements within the meaning of Section 27A of the Securities Act of 1933 and Section 21E of,1000,False,,,,EBAY INC,6549
0001065088-19-000020,10-Q,RISK_FACTORS,3,14137,130700,"Item 1A: Risk Factors You should carefully review the following discussion of the risks that may affect our business, results of operations and financial condition, as well as our condensed consolidated financial statements and notes thereto and the other information",15,False,,,,EBAY INC,14137
0001065088-20-000039,10-Q,MDA,1,8270,102203,ITEM 2: MANAGEMENT’S DISCUSSION AND ANALYSIS OF FINANCIAL CONDITION AND RESULTS OF OPERATIONS FORWARD-LOOKING STATEMENTS This Quarterly Report on Form 10-Q contains forward-looking statements within the meaning of Section 27A of the Securities Act of 1933 and Section 21E of,1000,False,,,,EBAY INC,8270
0001065088-20-000039,10-Q,RISK_FACTORS,4,15969,168588,"Item 1A: Risk Factors You should carefully review the following discussion of the risks that may affect our business, results of operations and financial condition, as well as our condensed consolidated financial statements and notes thereto and the other information",15,False,,,,EBAY INC,15969
0001065088-21-000012,10-Q,MDA,1,6489,86100,ITEM 2: MANAGEMENT’S DISCUSSION AND ANALYSIS OF FINANCIAL CONDITION AND RESULTS OF OPERATIONS FORWARD-LOOKING STATEMENTS This Quarterly Report on Form 10-Q contains forward-looking statements within the meaning of Section 27A of the Securities Act of 1933 and Section 21E of,1000,False,,,,EBAY INC,6489
0001065088-21-000012,10-Q,RISK_FACTORS,4,125,140660,"Item 1A: Risk Factors Risk Factors: We are subject to various risks and uncertainties that may affect our business, results of operations and financial condition including not limited to, those described in Part I, Item 1A, Risk Factors in our",15,False,,,,EBAY INC,125
0001065088-20-000018,10-Q,MDA,1,7298,89362,ITEM 2: MANAGEMENT’S DISCUSSION AND ANALYSIS OF FINANCIAL CONDITION AND RESULTS OF OPERATIONS FORWARD-LOOKING STATEMENTS This Quarterly Report on Form 10-Q contains forward-looking statements within the meaning of Section 27A of the Securities Act of 1933 and Section 21E of,1000,False,,,,EBAY INC,7298
0001065088-20-000018,10-Q,RISK_FACTORS,4,14882,149246,"Item 1A: Risk Factors You should carefully review the following discussion of the risks that may affect our business, results of operations and financial condition, as well as our condensed consolidated financial statements and notes thereto and the other information",15,False,,,,EBAY INC,14882
0001065088-20-000030,10-Q,MDA,1,8651,98676,ITEM 2: MANAGEMENT’S DISCUSSION AND ANALYSIS OF FINANCIAL CONDITION AND RESULTS OF OPERATIONS FORWARD-LOOKING STATEMENTS This Quarterly Report on Form 10-Q contains forward-looking statements within the meaning of Section 27A of the Securities Act of 1933 and Section 21E of,1000,False,,,,EBAY INC,8651
0001065088-20-000030,10-Q,RISK_FACTORS,4,16030,166658,"Item 1A: Risk Factors You should carefully review the following discussion of the risks that may affect our business, results of operations and financial condition, as well as our condensed consolidated financial statements and notes thereto and the other information",15,False,,,,EBAY INC,16030
0001065088-19-000036,10-Q,MDA,1,7492,84102,ITEM 2: MANAGEMENT’S DISCUSSION AND ANALYSIS OF FINANCIAL CONDITION AND RESULTS OF OPERATIONS FORWARD-LOOKING STATEMENTS This Quarterly Report on Form 10-Q contains forward-looking statements within the meaning of Section 27A of the Securities Act of 1933 and Section 21E of,1000,False,,,,EBAY INC,7492
0001065088-19-000036,10-Q,RISK_FACTORS,3,14262,141116,"Item 1A: Risk Factors You should carefully review the following discussion of the risks that may affect our business, results of operations and financial condition, as well as our condensed consolidated financial statements and notes thereto and the other information",15,False,,,,EBAY INC,14262
0001065088-19-000043,10-Q,MDA,1,7948,86009,ITEM 2: MANAGEMENT’S DISCUSSION AND ANALYSIS OF FINANCIAL CONDITION AND RESULTS OF OPERATIONS FORWARD-LOOKING STATEMENTS This Quarterly Report on Form 10-Q contains forward-looking statements within the meaning of Section 27A of the Securities Act of 1933 and Section 21E of,1000,False,,,,EBAY INC,7948
0001065088-19-000043,10-Q,RISK_FACTORS,3,14318,147095,"Item 1A: Risk Factors You should carefully review the following discussion of the risks that may affect our business, results of operations and financial condition, as well as our condensed consolidated financial statements and notes thereto and the other information",15,False,,,,EBAY INC,14318
0001065088-21-000030,10-Q,MDA,1,8207,103162,ITEM 2: MANAGEMENT’S DISCUSSION AND ANALYSIS OF FINANCIAL CONDITION AND RESULTS OF OPERATIONS FORWARD-LOOKING STATEMENTS This Quarterly Report on Form 10-Q contains forward-looking statements within the meaning of Section 27A of the Securities Act of 1933 and Section 21E of,1000,False,,,,EBAY INC,8207
0001065088-21-000030,10-Q,RISK_FACTORS,4,436,167081,"Item 1A: Risk Factors Risk Factors: We are subject to various risks and uncertainties that may affect our business, results of operations and financial condition including not limited to, those described in Part I, Item 1A, Risk Factors in our",15,False,,,,EBAY INC,436
0001065088-21-000040,10-Q,MDA,1,8225,114327,ITEM 2: MANAGEMENT’S DISCUSSION AND ANALYSIS OF FINANCIAL CONDITION AND RESULTS OF OPERATIONS FORWARD-LOOKING STATEMENTS This Quarterly Report on Form 10-Q contains forward-looking statements within the meaning of Section 27A of the Securities Act of 1933 and Section 21E of,1000,False,,,,EBAY INC,8225
0001065088-21-000040,10-Q,RISK_FACTORS,4,436,180332,"Item 1A: Risk Factors Risk Factors: We are subject to various risks and uncertainties that may affect our business, results of operations and financial condition including not limited to, those described in Part I, Item 1A, Risk Factors in our",15,False,,,,EBAY INC,436
0001104659-26-051283,10-Q,MDA,1,7736,65505,Item 2. Management’s Discussion and Analysis of Financial Condition and Results of Operations. The following discussion should be read in conjunction with the Condensed Consolidated Financial Statements and notes thereto included under Item 1 and our Consolidated Financial Statements and,1000,False,,,,WASTE MANAGEMENT INC,7736
0001104659-26-051283,10-Q,RISK_FACTORS,1,36,118676,"Item 1A. Risk Factors . There have been no material changes to the risk factors previously disclosed in Part I, Item 1A of our Annual Report on Form 10-K for the year ended December 31, 2025.",15,False,,,,WASTE MANAGEMENT INC,36
0001104659-26-056737,10-Q,MDA,1,6790,81908,"Item 2. Management’s Discussion and Analysis of Financial Condition and Results of Operations The following management discussion and analysis (“MD&A”) provides information we believe is useful in understanding our operating results, cash flows and financial condition. We provide quantitative or",1000,False,,,,ECOLAB INC.,6790
0001104659-26-056737,10-Q,RISK_FACTORS,1,125,128857,"Item 1A. Risk Factors In our report on Form 10-K for the year ended December 31, 2025, filed with the Securities and Exchange Commission on February 23, 2026, we identify under Item 1A important factors which could affect our financial",15,False,,,,ECOLAB INC.,125
0001104659-15-056831,10-Q,MDA,1,10769,104756,"Item 2. Management’s Discussion and Analysis of Financial Condition and Results of Operations . The following management discussion and analysis (“MD&A”) provides information that we believe is useful in understanding our operating results, cash flows and financial condition. We provide",1000,False,,,,ECOLAB INC.,10769
0001104659-15-056831,10-Q,RISK_FACTORS,1,427,175217,"Item 1A. Risk Factors In our report on Form 10-K for the year ended December 31, 2014, filed with the Securities and Exchange Commission on February 27, 2015, we identify under Item 1A important factors which could affect our financial",15,False,,,,ECOLAB INC.,427
0001104659-15-074906,10-Q,MDA,1,10963,112199,"Item 2. Management’s Discussion and Analysis of Financial Condition and Results of Operations The following management discussion and analysis (“MD&A”) provides information that we believe is useful in understanding our operating results, cash flows and financial condition. We provide quantitative",1000,False,,,,ECOLAB INC.,10963
0001104659-15-074906,10-Q,RISK_FACTORS,1,422,184469,"Item 1A. Risk Factors In our report on Form 10-K for the year ended December 31, 2014, filed with the Securities and Exchange Commission on February 27, 2015, we identify under Item 1A important factors which could affect our financial",15,False,,,,ECOLAB INC.,422
0001104659-25-103136,10-Q,MDA,1,9909,80595,Item 2. Management’s Discussion and Analysis of Financial Condition and Results of Operations. The following discussion should be read in conjunction with the Condensed Consolidated Financial Statements and notes thereto included under Item 1 and our Consolidated Financial Statements and,1000,False,,,,WASTE MANAGEMENT INC,9909
0001104659-25-103136,10-Q,RISK_FACTORS,1,35,147836,"Item 1A. Risk Factors. There have been no material changes to the risk factors previously disclosed in Part I, Item 1A of our Annual Report on Form 10-K for the year ended December 31, 2024.",15,False,,,,WASTE MANAGEMENT INC,35
0001104659-25-104386,10-Q,MDA,1,9132,98617,"Item 2. Management’s Discussion and Analysis of Financial Condition and Results of Operations The following management discussion and analysis (“MD&A”) provides information we believe is useful in understanding our operating results, cash flows and financial condition. We provide quantitative or",1000,False,,,,ECOLAB INC.,9132
0001104659-25-104386,10-Q,RISK_FACTORS,1,125,159764,"Item 1A. Risk Factors In our report on Form 10-K for the year ended December 31, 2024, filed with the Securities and Exchange Commission on February 21, 2025, we identify under Item 1A important factors which could affect our financial",15,False,,,,ECOLAB INC.,125
0001104659-25-107395,10-Q,MDA,2,9915,149427,"Item 2. Management’s Discussion and Analysis of Financial Condition and Results of Operations The following discussion should be read in conjunction with the consolidated financial statements and notes thereto included in this report. Overview Simon Property Group, Inc. is an",1000,False,,,,SIMON PROPERTY GROUP INC.,9915
0001104659-25-107395,10-Q,RISK_FACTORS,2,22,218760,Item 1A. Risk Factors in Part I of the combined 2024 Annual Report on Form 10-K of Simon and the Operating Partnership.,15,False,,,,SIMON PROPERTY GROUP INC.,22
0001104659-26-020158,10-Q,MDA,1,5916,65212,Item 2. MANAGEMENT’S DISCUSSION AND ANALYSIS OF FINANCIAL CONDITION AND RESULTS OF OPERATIONS RESULTS OF OPERATIONS All amounts are presented in millions of U.S. dollars unless otherwise specified. OVERVIEW Organization Deere & Company is a global leader in the production,1000,False,,,,DEERE & CO,5916
0001104659-26-020158,10-Q,RISK_FACTORS,1,75,106925,"Item 1A. Risk Factors See our most recently filed Annual Report on Form 10-K (Part I, Item 1A). The risks described in the Annual Report on Form 10-K, and the “Forward-Looking Statements” in this report, are not the only risks",15,False,,,,DEERE & CO,75
0001104659-26-088016,10-Q,MDA,1,9109,75515,Item 2. Management’s Discussion and Analysis of Financial Condition and Results of Operations. The following discussion should be read in conjunction with the Condensed Consolidated Financial Statements and notes thereto included under Item 1 and our Consolidated Financial Statements and,1000,False,,,,WASTE MANAGEMENT INC,9109
0001104659-26-088016,10-Q,RISK_FACTORS,1,35,136454,"Item 1A. Risk Factors. There have been no material changes to the risk factors previously disclosed in Part I, Item 1A of our Annual Report on Form 10-K for the year ended December 31, 2025.",15,False,,,,WASTE MANAGEMENT INC,35
0001104659-26-093360,10-Q,MDA,2,10241,144348,"Item 2. Management’s Discussion and Analysis of Financial Condition and Results of Operations The following discussion should be read in conjunction with the consolidated financial statements and notes thereto included in this report. Overview Simon Property Group, Inc. is an",1000,False,,,,SIMON PROPERTY GROUP INC.,10241
0001104659-26-093360,10-Q,RISK_FACTORS,2,22,216137,Item 1A. Risk Factors in Part I of the combined 2025 Annual Report on Form 10-K of Simon and the Operating Partnership.,15,False,,,,SIMON PROPERTY GROUP INC.,22
0001104659-26-058640,10-Q,MDA,2,8970,130518,"Item 2. Management’s Discussion and Analysis of Financial Condition and Results of Operations The following discussion should be read in conjunction with the consolidated financial statements and notes thereto included in this report. Overview Simon Property Group, Inc. is an",1000,False,,,,SIMON PROPERTY GROUP INC.,8970
0001104659-26-058640,10-Q,RISK_FACTORS,2,22,194318,Item 1A. Risk Factors in Part I of the combined 2025 Annual Report on Form 10-K of Simon and the Operating Partnership.,15,False,,,,SIMON PROPERTY GROUP INC.,22
0001104659-26-067311,10-Q,MDA,1,7003,76184,Item 2. MANAGEMENT’S DISCUSSION AND ANALYSIS OF FINANCIAL CONDITION AND RESULTS OF OPERATIONS RESULTS OF OPERATIONS All amounts are presented in millions of U.S. dollars unless otherwise specified. Overview Organization Deere & Company is a global leader in the production,1000,False,,,,DEERE & CO,7003
0001104659-26-067311,10-Q,RISK_FACTORS,1,75,124481,"Item 1A. Risk Factors See our most recently filed Annual Report on Form 10-K (Part I, Item 1A). The risks described in the Annual Report on Form 10-K, and the “Forward-Looking Statements” in this report, are not the only risks",15,False,,,,DEERE & CO,75
0001193125-15-281508,10-Q,RISK_FACTORS,1,46,112485,"ITEM 1A. RISK FACTORS Please refer to Part I, Item 1A—Risk Factors of the Company’s Annual Report on Form 10-K for the fiscal year ended December 31, 2014, and Part I, Item 3—Quantitative and Qualitative Disclosures About Market Risk of",15,False,,,,APACHE CORP,46
0001193125-15-306470,10-Q,MDA,1,6051,47997,"Item 2. Management’s Discussion and Analysis of Financial Condition and Results of Operations. The Thirteen Weeks (second quarter) and Twenty-Six Weeks (six months) Ended August 1, 2015 Compared to The Thirteen Weeks (second quarter) and Twenty-Six Weeks (six months) Ended",1000,False,,,,TJX COMPANIES INC /DE/,6051
0001193125-15-306470,10-Q,RISK_FACTORS,1,45,87107,"Item 1A. Risk Factors. There have been no material changes to the risk factors disclosed in the “Risk Factors” section of our Annual Report on Form 10-K for the year ended January 31, 2015, as filed with the Securities Exchange",15,False,,,,TJX COMPANIES INC /DE/,45
0001193125-15-350979,10-Q,MDA,1,11759,135502,"Item 2. Management’s Discussion and Analysis of Financial Condition and Results of Operations. (dollars in millions, except per share amounts and ingot prices; production and shipments in thousands of metric tons [kmt]) On September 28, 2015, Alcoa announced that its",1000,False,,,,Howmet Aerospace Inc.,11759
0001122304-16-000225,10-Q,MDA,2,6798,124559,"Item 2. Management’s Discussion and Analysis of Financial Condition and Results of Operations (“MD&A”) OVERVIEW We are one of the nation’s leading diversified health care benefits companies, serving an estimated 46.5 million people with information and resources to help them",1000,False,,,,AETNA INC /PA/,6798
0001122304-16-000225,10-Q,RISK_FACTORS,1,25,171069,"Item 1A. Risk Factors The information contained under the heading “Forward-Looking Information/Risk Factors” in the MD&A, beginning on page 53 is incorporated herein by reference.",15,False,,,,AETNA INC /PA/,25
0001122304-16-000277,10-Q,MDA,2,10168,134785,"Item 2. Management’s Discussion and Analysis of Financial Condition and Results of Operations (“MD&A”) OVERVIEW We are one of the nation’s leading diversified health care benefits companies, serving an estimated 46.3 million people with information and resources to help them",1000,False,,,,AETNA INC /PA/,10168
0001122304-16-000277,10-Q,RISK_FACTORS,1,25,202296,"Item 1A. Risk Factors The information contained under the heading “Forward-Looking Information/Risk Factors” in the MD&A, beginning on page 59 is incorporated herein by reference.",15,False,,,,AETNA INC /PA/,25
0001193125-15-391899,10-Q,MDA,1,6458,50797,"Item 2. Management’s Discussion and Analysis of Financial Condition and Results of Operations. The Thirteen Weeks (third quarter) and Thirty-Nine Weeks (nine months) Ended October 31, 2015 Compared to The Thirteen Weeks (third quarter) and Thirty-Nine Weeks (nine months) Ended",1000,False,,,,TJX COMPANIES INC /DE/,6458
0001193125-15-391899,10-Q,RISK_FACTORS,1,45,92767,"Item 1A. Risk Factors. There have been no material changes to the risk factors disclosed in the “Risk Factors” section of our Annual Report on Form 10-K for the year ended January 31, 2015, as filed with the Securities Exchange",15,False,,,,TJX COMPANIES INC /DE/,45
0001193125-16-561968,10-Q,MDA,1,8631,85194,Item 2. Management’s Discussion and Analysis of Financial Condition and Results of Operations. The following discussion should be read in conjunction with the Condensed Consolidated Financial Statements and notes thereto included under Item 1 and our Consolidated Financial Statements and,1000,False,,,,WASTE MANAGEMENT INC,8631
0001193125-16-561968,10-Q,RISK_FACTORS,1,40,142876,"Item 1A. Risk Factors. There have been no material changes from risk factors previously disclosed in our Annual Report on Form 10-K for the year ended December 31, 2015 in response to Item 1A to Part I of Form 10-K.",15,False,,,,WASTE MANAGEMENT INC,40
0001122304-15-000131,10-Q,MDA,2,10974,126935,"Item 2. Management’s Discussion and Analysis of Financial Condition and Results of Operations (“MD&A”) OVERVIEW We are one of the nation’s leading diversified health care benefits companies, serving an estimated 46.7 million people with information and resources to help them",1000,False,,,,AETNA INC /PA/,10974
0001122304-15-000131,10-Q,RISK_FACTORS,1,25,200351,"Item 1A. Risk Factors The information contained under the heading “Forward-Looking Information/Risk Factors” in the MD&A, beginning on page 54 is incorporated herein by reference.",15,False,,,,AETNA INC /PA/,25
0001122304-15-000173,10-Q,MDA,2,11582,130413,"Item 2. Management’s Discussion and Analysis of Financial Condition and Results of Operations (“MD&A”) OVERVIEW We are one of the nation’s leading diversified health care benefits companies, serving an estimated 46.5 million people with information and resources to help them",1000,False,,,,AETNA INC /PA/,11582
0001122304-15-000173,10-Q,RISK_FACTORS,1,25,208367,"Item 1A. Risk Factors The information contained under the heading “Forward-Looking Information/Risk Factors” in the MD&A, beginning on page 54 is incorporated herein by reference.",15,False,,,,AETNA INC /PA/,25
0001193125-15-259994,10-Q,MDA,1,10051,123655,"Item 2. Management’s Discussion and Analysis of Financial Condition and Results of Operations. (dollars in millions, except per share amounts and ingot prices; production and shipments in thousands of metric tons [kmt]) Results of Operations Selected Financial Data: Second quarter",1000,False,,,,Howmet Aerospace Inc.,10051
0001193125-15-260805,10-Q,MDA,1,11050,97124,Item 2. Management’s Discussion and Analysis of Financial Condition and Results of Operations. The following discussion should be read in conjunction with the Condensed Consolidated Financial Statements and notes thereto included under Item 1 and our Consolidated Financial Statements and,1000,False,,,,WASTE MANAGEMENT INC,11050
0001193125-15-260805,10-Q,RISK_FACTORS,1,40,168276,"Item 1A. Risk Factors. There have been no material changes from risk factors previously disclosed in our Annual Report on Form 10-K for the year ended December 31, 2014 in response to Item 1A to Part I of Form 10-K.",15,False,,,,WASTE MANAGEMENT INC,40
0001193125-15-278501,10-Q,RISK_FACTORS,1,47,326150,"Item 1A. Risk Factors — There are a number of factors that may adversely affect the Company’s business, financial results or stock price. Refer to “Risk Factors” in the Company’s Annual Report on Form 10-K for the year ended December",15,False,,,,US BANCORP \DE\,47
0001193125-16-580169,10-Q,MDA,1,5913,108295,"Item 2. Management’s Discussion and Analysis of Financial Condition and Results of Operations. (dollars in millions, except per share amounts and ingot prices; production and shipments in thousands of metric tons [kmt]) On September 28, 2015, Alcoa announced that its",1000,False,,,,Howmet Aerospace Inc.,5913
0001193125-16-581459,10-Q,RISK_FACTORS,1,47,298961,"Item 1A. Risk Factors — There are a number of factors that may adversely affect the Company’s business, financial results or stock price. Refer to “Risk Factors” in the Company’s Annual Report on Form 10-K for the year ended December",15,False,,,,US BANCORP \DE\,47
0001193125-16-605931,10-Q,MDA,1,4579,50646,"Item 2. Management’s Discussion and Analysis of Financial Condition and Results of Operations. The Thirteen Weeks (first quarter) Ended April 30, 2016 Compared to The Thirteen Weeks (first quarter) Ended May 2, 2015 Overview We are the leading off-price apparel",1000,False,,,,TJX COMPANIES INC /DE/,4579
0001193125-16-605931,10-Q,RISK_FACTORS,1,45,81309,"Item 1A. Risk Factors. There have been no material changes to the risk factors disclosed in the “Risk Factors” section of our Annual Report on Form 10-K for the year ended January 30, 2016, as filed with the Securities Exchange",15,False,,,,TJX COMPANIES INC /DE/,45
0001193125-15-354299,10-Q,MDA,1,11172,100274,Item 2. Management’s Discussion and Analysis of Financial Condition and Results of Operations. The following discussion should be read in conjunction with the Condensed Consolidated Financial Statements and notes thereto included under Item 1 and our Consolidated Financial Statements and,1000,False,,,,WASTE MANAGEMENT INC,11172
0001193125-15-354299,10-Q,RISK_FACTORS,1,40,172871,"Item 1A. Risk Factors. There have been no material changes from risk factors previously disclosed in our Annual Report on Form 10-K for the year ended December 31, 2014 in response to Item 1A to Part I of Form 10-K.",15,False,,,,WASTE MANAGEMENT INC,40
0001193125-15-366273,10-Q,RISK_FACTORS,1,47,330242,"Item 1A. Risk Factors — There are a number of factors that may adversely affect the Company’s business, financial results or stock price. Refer to “Risk Factors” in the Company’s Annual Report on Form 10-K for the year ended December",15,False,,,,US BANCORP \DE\,47
0001193125-15-368662,10-Q,RISK_FACTORS,1,46,115624,"ITEM 1A. RISK FACTORS Please refer to Part I, Item 1A—Risk Factors of the Company’s Annual Report on Form 10-K for the fiscal year ended December 31, 2014, and Part I, Item 3—Quantitative and Qualitative Disclosures About Market Risk of",15,False,,,,APACHE CORP,46
0001193125-16-693604,10-Q,MDA,1,5555,56144,"Item 2. Management’s Discussion and Analysis of Financial Condition and Results of Operations. The Thirteen Weeks (second quarter) and Twenty-Six Weeks (six months) Ended July 30, 2016 Compared to The Thirteen Weeks (second quarter) and Twenty-Six Weeks (six months) Ended",1000,False,,,,TJX COMPANIES INC /DE/,5555
0001193125-16-693604,10-Q,RISK_FACTORS,1,45,92281,"Item 1A. Risk Factors. There have been no material changes to the risk factors disclosed in the “Risk Factors” section of our Annual Report on Form 10-K for the year ended January 30, 2016, as filed with the Securities Exchange",15,False,,,,TJX COMPANIES INC /DE/,45
0001193125-16-747491,10-Q,MDA,1,10347,91507,Item 2. Management’s Discussion and Analysis of Financial Condition and Results of Operations. The following discussion should be read in conjunction with the Condensed Consolidated Financial Statements and notes thereto included under Item 1 and our Consolidated Financial Statements and,1000,False,,,,WASTE MANAGEMENT INC,10347
0001193125-16-747491,10-Q,RISK_FACTORS,1,40,159701,"Item 1A. Risk Factors. There have been no material changes from risk factors previously disclosed in our Annual Report on Form 10-K for the year ended December 31, 2015 in response to Item 1A to Part I of Form 10-K.",15,False,,,,WASTE MANAGEMENT INC,40
0001193125-17-138491,10-Q,MDA,1,8669,79427,Item 2. Management’s Discussion and Analysis of Financial Condition and Results of Operations. The following discussion should be read in conjunction with the Condensed Consolidated Financial Statements and notes thereto included under Item 1 and our Consolidated Financial Statements and,1000,False,,,,WASTE MANAGEMENT INC,8669
0001193125-17-138491,10-Q,RISK_FACTORS,1,41,137295,"Item 1A. Risk Factors. There have been no material changes to the risk factors previously disclosed in our Annual Report on Form 10-K for the year ended December 31, 2016 in response to Item 1A to Part I of Form",15,False,,,,WASTE MANAGEMENT INC,41
0001193125-17-152478,10-Q,MDA,1,4765,71089,"Item 2. Management’s Discussion and Analysis of Financial Condition and Results of Operations. (dollars in millions, except per share amounts and aluminum prices; production and shipments in thousands of metric tons [kmt]) Overview Our Business Arconic (the “Company”) is a",1000,False,,,,Howmet Aerospace Inc.,4765
0001193125-17-160671,10-Q,RISK_FACTORS,1,47,296768,"Item 1A. Risk Factors — There are a number of factors that may adversely affect the Company’s business, financial results or stock price. Refer to “Risk Factors” in the Company’s Annual Report on Form 10-K for the year ended December",15,False,,,,US BANCORP \DE\,47
0001193125-17-184984,10-Q,MDA,1,4793,50178,"Item 2. Management’s Discussion and Analysis of Financial Condition and Results of Operations. The Thirteen Weeks (first quarter) Ended April 29, 2017 Compared to The Thirteen Weeks (first quarter) Ended April 30, 2016 Overview We are the leading off-price apparel",1000,False,,,,TJX COMPANIES INC /DE/,4793
0001193125-17-184984,10-Q,RISK_FACTORS,1,45,82042,"Item 1A. Risk Factors. There have been no material changes to the risk factors disclosed in the “Risk Factors” section of our Annual Report on Form 10-K for the year ended January 28, 2017, as filed with the Securities Exchange",15,False,,,,TJX COMPANIES INC /DE/,45
0001193125-17-236070,10-Q,MDA,1,9518,83397,Item 2. Management’s Discussion and Analysis of Financial Condition and Results of Operations. The following discussion should be read in conjunction with the Condensed Consolidated Financial Statements and notes thereto included under Item 1 and our Consolidated Financial Statements and,1000,False,,,,WASTE MANAGEMENT INC,9518
0001193125-17-236070,10-Q,RISK_FACTORS,1,41,145744,"Item 1A. Risk Factors. There have been no material changes to the risk factors previously disclosed in our Annual Report on Form 10-K for the year ended December 31, 2016 in response to Item 1A to Part I of Form",15,False,,,,WASTE MANAGEMENT INC,41
0001193125-16-759887,10-Q,RISK_FACTORS,1,63,332837,"Item 1A. Risk Factors — There are a number of factors that may adversely affect the Company’s business, financial results or stock price. Refer to “Risk Factors” in the Company’s Annual Report on Form 10-K for the year ended December",15,False,,,,US BANCORP \DE\,63
0001193125-16-763784,10-Q,MDA,1,10596,141604,"Item 2. Management’s Discussion and Analysis of Financial Condition and Results of Operations. (dollars in millions, except per share amounts and ingot prices; production and shipments in thousands of metric tons [kmt]) On September 29, 2016, the Board of Directors",1000,False,,,,Howmet Aerospace Inc.,10596
0001193125-16-780747,10-Q,MDA,1,6110,62637,"Item 2. Management’s Discussion and Analysis of Financial Condition and Results of Operations. The Thirteen Weeks (third quarter) and Thirty-Nine Weeks (nine months) Ended October 29, 2016 Compared to The Thirteen Weeks (third quarter) and Thirty-Nine Weeks (nine months) Ended",1000,False,,,,TJX COMPANIES INC /DE/,6110
0001193125-16-780747,10-Q,RISK_FACTORS,1,45,102314,"Item 1A. Risk Factors. There have been no material changes to the risk factors disclosed in the “Risk Factors” section of our Annual Report on Form 10-K for the year ended January 30, 2016, as filed with the Securities Exchange",15,False,,,,TJX COMPANIES INC /DE/,45
0001193125-16-659444,10-Q,MDA,1,9700,87033,Item 2. Management’s Discussion and Analysis of Financial Condition and Results of Operations. The following discussion should be read in conjunction with the Condensed Consolidated Financial Statements and notes thereto included under Item 1 and our Consolidated Financial Statements and,1000,False,,,,WASTE MANAGEMENT INC,9700
0001193125-16-659444,10-Q,RISK_FACTORS,1,40,150571,"Item 1A. Risk Factors. There have been no material changes from risk factors previously disclosed in our Annual Report on Form 10-K for the year ended December 31, 2015 in response to Item 1A to Part I of Form 10-K.",15,False,,,,WASTE MANAGEMENT INC,40
0001193125-16-664835,10-Q,MDA,1,9404,127590,"Item 2. Management’s Discussion and Analysis of Financial Condition and Results of Operations. (dollars in millions, except per share amounts and ingot prices; production and shipments in thousands of metric tons [kmt]) On September 28, 2015, Alcoa announced that its",1000,False,,,,Howmet Aerospace Inc.,9404
0001193125-16-673126,10-Q,RISK_FACTORS,1,295,327149,"Item 1A. Risk Factors — There are a number of factors that may adversely affect the Company’s business, financial results or stock price. The risks identified in the Company’s Annual Report on Form 10-K for the year ended December 31,",15,False,,,,US BANCORP \DE\,295
0001193125-17-245098,10-Q,MDA,1,5364,83855,"Item 2. Management’s Discussion and Analysis of Financial Condition and Results of Operations. (dollars in millions, except per share amounts and aluminum prices; shipments in thousands of metric tons [kmt]) Overview Our Business Arconic (“Arconic” or the “Company”) is a",1000,False,,,,Howmet Aerospace Inc.,5364
0001193125-17-245098,10-Q,RISK_FACTORS,1,1179,128249,"Item 1A. Risk Factors. Arconic’s business, financial condition and results of operations may be impacted by a number of factors. In addition to the factors discussed elsewhere in this report, in Part I, Item 1A of Arconic’s Annual Report on",15,False,,,,Howmet Aerospace Inc.,1179
0001193125-17-248499,10-Q,RISK_FACTORS,1,47,321283,"Item 1A. Risk Factors — There are a number of factors that may adversely affect the Company’s business, financial results or stock price. Refer to “Risk Factors” in the Company’s Annual Report on Form 10-K for the year ended December",15,False,,,,US BANCORP \DE\,47
0001193125-17-267948,10-Q,MDA,1,5554,55002,"Item 2. Management’s Discussion and Analysis of Financial Condition and Results of Operations. The Thirteen Weeks (second quarter) and Twenty-Six Weeks (six months) Ended July 29, 2017 Compared to The Thirteen Weeks (second quarter) and Twenty-Six Weeks (six months) Ended",1000,False,,,,TJX COMPANIES INC /DE/,5554
0001193125-17-333678,10-Q,MDA,1,6311,90610,"Item 2. Management’s Discussion and Analysis of Financial Condition and Results of Operations. (dollars in millions, except per share amounts and aluminum prices; shipments in thousands of metric tons [kmt]) Overview Our Business Arconic (“Arconic” or the “Company”) is a",1000,False,,,,Howmet Aerospace Inc.,6311
0001193125-17-353853,10-Q,MDA,1,6135,58215,"Item 2. Management’s Discussion and Analysis of Financial Condition and Results of Operations. The Thirteen Weeks (third quarter) and Thirty-Nine Weeks (nine months) Ended October 28, 2017 Compared to The Thirteen Weeks (third quarter) and Thirty-Nine Weeks (nine months) Ended",1000,False,,,,TJX COMPANIES INC /DE/,6135
0001193125-17-353853,10-Q,RISK_FACTORS,1,45,98189,"Item 1A. Risk Factors. There have been no material changes to the risk factors disclosed in the “Risk Factors” section of our Annual Report on Form 10-K for the year ended January 28, 2017, as filed with the Securities Exchange",15,False,,,,TJX COMPANIES INC /DE/,45
0001193125-18-150855,10-Q,RISK_FACTORS,1,47,285679,"Item 1A. Risk Factors — There are a number of factors that may adversely affect the Company’s business, financial results or stock price. Refer to “Risk Factors” in the Company’s Annual Report on Form 10-K for the year ended December",15,False,,,,US BANCORP \DE\,47
0001193125-17-267948,10-Q,RISK_FACTORS,1,45,91145,"Item 1A. Risk Factors. There have been no material changes to the risk factors disclosed in the “Risk Factors” section of our Annual Report on Form 10-K for the year ended January 28, 2017, as filed with the Securities Exchange",15,False,,,,TJX COMPANIES INC /DE/,45
0001193125-17-332564,10-Q,RISK_FACTORS,1,47,324333,"Item 1A. Risk Factors — There are a number of factors that may adversely affect the Company’s business, financial results or stock price. Refer to “Risk Factors” in the Company’s Annual Report on Form 10-K for the year ended December",15,False,,,,US BANCORP \DE\,47
0001193125-17-332829,10-Q,MDA,19,738,159278,Item 2. Management’s Discussion and Analysis of Financial Condition and Results of Operations (Continued) Critical Accounting Policies Certain accounting policies require us to make estimates and judgments that affect the amounts reflected in the Consolidated Financial Statements. Such estimates and,1000,True,13623.0,74470.0,Item 2. Management’s Discussion and Analysis of Financial Condition and Results of Operations Results of Operations Net earnings attributable to Berkshire Hathaway shareholders are disaggregated in the table that follows. Amounts are after deducting income taxes and exclude earnings attributable,BERKSHIRE HATHAWAY INC,738
0001193125-17-332829,10-Q,RISK_FACTORS,1,29,166847,"Item 1A. Risk Factors Our significant business risks are described in Item 1A to Form 10-K for the year ended December 31, 2016 to which reference is made herein.",15,False,,,,BERKSHIRE HATHAWAY INC,29
0001193125-18-181451,10-Q,MDA,1,5004,56642,"Item 2. Management’s Discussion and Analysis of Financial Condition and Results of Operations. The Thirteen Weeks (first quarter) Ended May 5, 2018 Compared to The Thirteen Weeks (first quarter) Ended April 29, 2017 Overview We are the leading off-price apparel",1000,False,,,,TJX COMPANIES INC /DE/,5004
0001193125-18-181451,10-Q,RISK_FACTORS,1,46,89835,"Item 1A. Risk Factors. There have been no material changes to the risk factors disclosed in the “Risk Factors” section of our Annual Report on Form 10-K for the year ended February 3, 2018, as filed with the Securities Exchange",15,False,,,,TJX COMPANIES INC /DE/,46
0001193125-18-236628,10-Q,RISK_FACTORS,1,47,307413,"Item 1A. Risk Factors — There are a number of factors that may adversely affect the Company’s business, financial results or stock price. Refer to “Risk Factors” in the Company’s Annual Report on Form 10-K for the year ended December",15,False,,,,US BANCORP \DE\,47
0001193125-18-236782,10-Q,MDA,32,221,184672,"Item 2. Management’s Discussion and Analysis of Financial Condition and Results of Operations - Continued Dollars in millions except per share and per subscriber amounts Six Months Ended June 30, 2018 June 30, 2017 Consumer Mobility Business Solutions Adjustments 1",1000,True,15622.0,87457.0,"Item 2. Management’s Discussion and Analysis of Financial Condition and Results of Operations Dollars in millions except per share and per subscriber amounts RESULTS OF OPERATIONS AT&T is a holding company whose subsidiaries and affiliates operate worldwide in the telecommunications,",AT&T INC.,221
0001193125-18-236782,10-Q,RISK_FACTORS,1,394,195874,Item 1A. Risk Factors We discuss in our Annual Report on Form 10-K various risks that may materially affect our business. We use this section to update this discussion to reflect material developments since our Form 10-K was filed. Our,15,False,,,,AT&T INC.,394
0001193125-18-316582,10-Q,RISK_FACTORS,1,47,306243,"Item 1A. Risk Factors — There are a number of factors that may adversely affect the Company’s business, financial results or stock price. Refer to “Risk Factors” in the Company’s Annual Report on Form 10-K for the year ended December",15,False,,,,US BANCORP \DE\,47
0001193125-19-142913,10-Q,RISK_FACTORS,1,47,268859,"Item 1A. Risk Factors — There are a number of factors that may adversely affect the Company’s business, financial results or stock price. Refer to “Risk Factors” in the Company’s Annual Report on Form 10-K for the year ended December",15,False,,,,US BANCORP \DE\,47
0001193125-19-210903,10-Q,RISK_FACTORS,1,48,293153,"Item 1A . Risk Factors — There are a number of factors that may adversely affect the Company’s business, financial results or stock price. Refer to “Risk Factors” in the Company’s Annual Report on Form 10-K for the year ended",15,False,,,,US BANCORP \DE\,48
0001358071-15-000020,10-Q,RISK_FACTORS,2,470,138946,"Item 1A. Risk Factors,” “Item 7. Management’s Discussion and Analysis of Financial Condition and Results of Operations” and “Item 7A. Quantitative and Qualitative Disclosure About Market Risk,” which risks could materially affect our business, financial condition or future results. There",15,False,,,,CONCHO RESOURCES INC,470
0001358071-16-000029,10-Q,MDA,2,5693,67319,Item 2. Management’s Discussion and Analysis of Financial Condition and Results of Operations The following discussion is intended to assist you in understanding our business and results of operations together with our present financial condition. This section should be read,1000,False,,,,CONCHO RESOURCES INC,5693
0001358071-16-000029,10-Q,RISK_FACTORS,2,475,128471,"Item 1A. Risk Factors,” “Item 7. Management’s Discussion and Analysis of Financial Condition and Results of Operations” and “Item 7A. Quantitative and Qualitative Disclosures About Market Risk,” which risks could materially affect our business, financial condition or future results. There",15,False,,,,CONCHO RESOURCES INC,475
0001358071-16-000037,10-Q,MDA,2,8232,68394,Item 2. Management’s Discussion and Analysis of Financial Condition and Results of Operations The following discussion is intended to assist you in understanding our business and results of operations together with our present financial condition. This section should be read,1000,False,,,,CONCHO RESOURCES INC,8232
0001193125-19-287486,10-Q,RISK_FACTORS,1,47,299661,"Item 1A. Risk Factors — There are a number of factors that may adversely affect the Company’s business, financial results or stock price. Refer to “Risk Factors” in the Company’s Annual Report on Form 10-K for the year ended December",15,False,,,,US BANCORP \DE\,47
0001193125-20-136359,10-Q,RISK_FACTORS,1,1349,292514,"Item 1A. Risk Factors — There are a number of factors that may adversely affect the Company’s business, financial results or stock price. These risks are described elsewhere in this report or the Company’s other filings with the Securities and",15,False,,,,US BANCORP \DE\,1349
0001193125-20-211979,10-Q,RISK_FACTORS,1,1637,325786,"Item 1A. Risk Factors — There are a number of factors that may adversely affect the Company’s business, financial results or stock price. These risks are described elsewhere in this report or the Company’s other filings with the Securities and",15,False,,,,US BANCORP \DE\,1637
0001193125-20-286983,10-Q,RISK_FACTORS,1,1636,328512,"Item 1A. Risk Factors — There are a number of factors that may adversely affect the Company’s business, financial results or stock price. These risks are described elsewhere in this report or the Company’s other filings with the Securities and",15,False,,,,US BANCORP \DE\,1636
0001193125-23-268341,10-Q,RISK_FACTORS,1,47,329522,"Item 1A. Risk Factors — There are a number of factors that may adversely affect the Company’s business, financial results or stock price. Refer to “Risk Factors” in the Company’s Annual Report on Form 10-K for the year ended December",15,False,,,,US BANCORP \DE\,47
0001358071-15-000017,10-Q,MDA,2,7451,64195,Item 2. Management’s Discussion and Analysis of Financial Condition and Results of Operations The following discussion is intended to assist you in understanding our business and results of operations together with our present financial condition. This section should be read,1000,False,,,,CONCHO RESOURCES INC,7451
0001358071-15-000017,10-Q,RISK_FACTORS,2,119,134527,"Item 1A. Risk Factors,” “Item 7. Management’s Discussion and Analysis of Financial Condition and Results of Operations” and “Item 7A. Quantitative and Qualitative Disclosure About Market Risk,” which risks could materially affect our business, financial condition or future results. There",15,False,,,,CONCHO RESOURCES INC,119
0001358071-15-000020,10-Q,MDA,2,7630,65757,Item 2. Management’s Discussion and Analysis of Financial Condition and Results of Operations The following discussion is intended to assist you in understanding our business and results of operations together with our present financial condition. This section should be read,1000,False,,,,CONCHO RESOURCES INC,7630
0001193125-21-150169,10-Q,RISK_FACTORS,1,47,290958,"Item 1A. Risk Factors — There are a number of factors that may adversely affect the Company’s business, financial results or stock price. Refer to “Risk Factors” in the Company’s Annual Report on Form 10-K for the year ended December",15,False,,,,US BANCORP \DE\,47
0001193125-21-234982,10-Q,RISK_FACTORS,1,47,322875,"Item 1A. Risk Factors — There are a number of factors that may adversely affect the Company’s business, financial results or stock price. Refer to “Risk Factors” in the Company’s Annual Report on Form 10-K for the year ended December",15,False,,,,US BANCORP \DE\,47
0001193125-21-317037,10-Q,RISK_FACTORS,1,47,331169,"Item 1A. Risk Factors — There are a number of factors that may adversely affect the Company’s business, financial results or stock price. Refer to “Risk Factors” in the Company’s Annual Report on Form 10-K for the year ended December",15,False,,,,US BANCORP \DE\,47
0001193125-22-138788,10-Q,RISK_FACTORS,1,47,284888,"Item 1A. Risk Factors — There are a number of factors that may adversely affect the Company’s business, financial results or stock price. Refer to “Risk Factors” in the Company’s Annual Report on Form 10-K for the year ended December",15,False,,,,US BANCORP \DE\,47
0001193125-22-212040,10-Q,RISK_FACTORS,1,47,316535,"Item 1A. Risk Factors — There are a number of factors that may adversely affect the Company’s business, financial results or stock price. Refer to “Risk Factors” in the Company’s Annual Report on Form 10-K for the year ended December",15,False,,,,US BANCORP \DE\,47
0001193125-22-275036,10-Q,RISK_FACTORS,1,47,321163,"Item 1A. Risk Factors — There are a number of factors that may adversely affect the Company’s business, financial results or stock price. Refer to “Risk Factors” in the Company’s Annual Report on Form 10-K for the year ended December",15,False,,,,US BANCORP \DE\,47
0001193125-23-137980,10-Q,RISK_FACTORS,1,47,299690,"Item 1A. Risk Factors — There are a number of factors that may adversely affect the Company’s business, financial results or stock price. Refer to “Risk Factors” in the Company’s Annual Report on Form 10-K for the year ended December",15,False,,,,US BANCORP \DE\,47
0001193125-23-204050,10-Q,RISK_FACTORS,1,47,329521,"Item 1A. Risk Factors — There are a number of factors that may adversely affect the Company’s business, financial results or stock price. Refer to “Risk Factors” in the Company’s Annual Report on Form 10-K for the year ended December",15,False,,,,US BANCORP \DE\,47
0001358071-16-000037,10-Q,RISK_FACTORS,2,366,144893,"Item 1A. Risk Factors,” “Item 7. Management’s Discussion and Analysis of Financial Condition and Results of Operations” and “Item 7A. Quantitative and Qualitative Disclosures About Market Risk,” which risks could materially affect our business, financial condition or future results. There",15,False,,,,CONCHO RESOURCES INC,366
0001358071-16-000041,10-Q,MDA,2,8769,70494,Item 2. Management’s Discussion and Analysis of Financial Condition and Results of Operations The following discussion is intended to assist you in understanding our business and results of operations together with our present financial condition. This section should be read,1000,False,,,,CONCHO RESOURCES INC,8769
0001358071-16-000041,10-Q,RISK_FACTORS,3,501,152973,"Item 1A. Risk Factors,” which risks could materially affect our business, financial condition or future results. There have been no material changes in our risk factors from those described in our Annual Report on Form 10-K for the year ended",15,False,,,,CONCHO RESOURCES INC,501
0001358071-17-000010,10-Q,MDA,2,6351,67540,Item 2. Management’s Discussion and Analysis of Financial Condition and Results of Operations The following discussion is intended to assist you in understanding our business and results of operations together with our present financial condition. This section should be read,1000,False,,,,CONCHO RESOURCES INC,6351
0001558370-16-003529,10-Q,RISK_FACTORS,2,88,118901,"Item 1A. Risk Factors See the Company’s most recent annual report filed on Form 10-K (Part I, Item 1A). There has been no material change in this information. The risks described in the annual report on Form 10-K, and the",15,False,,,,DEERE & CO,88
0001558370-16-005353,10-Q,MDA,1,7050,84862,"Item 2. Management’s Discussion and Analysis of Financial Condition and Results of Operations. The following management discussion and analysis (“MD&A”) provides information that we believe is useful in understanding our operating results, cash flows and financial condition. We provide quantitative",1000,False,,,,ECOLAB INC.,7050
0001558370-16-005353,10-Q,RISK_FACTORS,1,118,132442,"Item 1A. Risk Factors In our report on Form 10-K for the year ended December 31, 2015, filed with the Securities and Exchange Commission on February 26, 2016, we identify under Item 1A important factors which could affect our financial",15,False,,,,ECOLAB INC.,118
0001558370-16-006167,10-Q,MDA,1,6334,94817,Item 2. MANAGEMENT’S DISCUSSION AND ANALYSIS OF FINANCIAL CONDITION AND RESULTS OF OPERATIONS RESULTS OF OPERATIONS Overview Organization The Company’s equipment operations generate revenues and cash primarily from the sale of equipment to John Deere dealers and distributors. The equipment,1000,False,,,,DEERE & CO,6334
0001358071-17-000010,10-Q,RISK_FACTORS,2,631,132430,"Item 1A. Risk Factors,” “Item 7. Management’s Discussion and Analysis of Financial Condition and Results of Operations” and “Item 7A. Quantitative and Qualitative Disclosures About Market Risk,” which risks could materially affect our business, financial condition or future results. There",15,False,,,,CONCHO RESOURCES INC,631
0001558370-15-001712,10-Q,MDA,1,6555,86539,Item 2. MANAGEMENT’S DISCUSSION AND ANALYSIS OF FINANCIAL CONDITION AND RESULTS OF OPERATIONS RESULTS OF OPERATIONS Overview Organization The Company’s equipment operations generate revenues and cash primarily from the sale of equipment to John Deere dealers and distributors. The equipment,1000,False,,,,DEERE & CO,6555
0001558370-15-001712,10-Q,RISK_FACTORS,2,88,130804,"Item 1A. Risk Factors See the Company’s most recent annual report filed on Form 10-K (Part I, Item 1A). There has been no material change in this information. The risks described in the annual report on Form 10-K, and the",15,False,,,,DEERE & CO,88
0001558370-16-003529,10-Q,MDA,1,5914,78582,Item 2. MANAGEMENT’S DISCUSSION AND ANALYSIS OF FINANCIAL CONDITION AND RESULTS OF OPERATIONS RESULTS OF OPERATIONS Overview Organization The Company’s equipment operations generate revenues and cash primarily from the sale of equipment to John Deere dealers and distributors. The equipment,1000,False,,,,DEERE & CO,5914
0001558370-16-006167,10-Q,RISK_FACTORS,2,88,137502,"Item 1A. Risk Factors See the Company’s most recent annual report filed on Form 10-K (Part I, Item 1A). There has been no material change in this information. The risks described in the annual report on Form 10-K, and the",15,False,,,,DEERE & CO,88
0001558370-16-007312,10-Q,MDA,1,9223,97674,"Item 2. Management’s Discussion and Analysis of Financial Condition and Results of Operations The following management discussion and analysis (“MD&A”) provides information that we believe is useful in understanding our operating results, cash flows and financial condition. We provide quantitative",1000,False,,,,ECOLAB INC.,9223
0001558370-16-007312,10-Q,RISK_FACTORS,1,2094,158568,"Item 1A. Risk Factors In our report on Form 10-K for the year ended December 31, 2015, filed with the Securities and Exchange Commission on February 26, 2016, we identify under Item 1A important factors which could affect our financial",15,False,,,,ECOLAB INC.,2094
0001558370-16-008153,10-Q,MDA,1,6752,97638,Item 2. MANAGEMENT’S DISCUSSION AND ANALYSIS OF FINANCIAL CONDITION AND RESULTS OF OPERATIONS RESULTS OF OPERATIONS Overview Organization The Company’s equipment operations generate revenues and cash primarily from the sale of equipment to John Deere dealers and distributors. The equipment,1000,False,,,,DEERE & CO,6752
0001558370-16-008153,10-Q,RISK_FACTORS,2,88,143118,"Item 1A. Risk Factors See the Company’s most recent annual report filed on Form 10-K (Part I, Item 1A). There has been no material change in this information. The risks described in the annual report on Form 10-K, and the",15,False,,,,DEERE & CO,88
0001558370-16-009235,10-Q,MDA,1,9609,101713,"Item 2. Management’s Discussion and Analysis of Financial Condition and Results of Operations The following management discussion and analysis (“MD&A”) provides information that we believe is useful in understanding our operating results, cash flows and financial condition. We provide quantitative",1000,False,,,,ECOLAB INC.,9609
0001558370-16-009235,10-Q,RISK_FACTORS,1,2097,164398,"Item 1A. Risk Factors In our report on Form 10-K for the year ended December 31, 2015, filed with the Securities and Exchange Commission on February 26, 2016, we identify under Item 1A important factors which could affect our financial",15,False,,,,ECOLAB INC.,2097
0001558370-17-000952,10-Q,MDA,1,5875,82091,Item 2. MANAGEMENT’S DISCUSSION AND ANALYSIS OF FINANCIAL CONDITION AND RESULTS OF OPERATIONS RESULTS OF OPERATIONS Overview Organization The Company’s equipment operations generate revenues and cash primarily from the sale of equipment to John Deere dealers and distributors. The equipment,1000,False,,,,DEERE & CO,5875
0001558370-17-000952,10-Q,RISK_FACTORS,2,88,122678,"Item 1A. Risk Factors See the Company’s most recent annual report filed on Form 10-K (Part I, Item 1A). There has been no material change in this information. The risks described in the annual report on Form 10-K, and the",15,False,,,,DEERE & CO,88
0001558370-17-003539,10-Q,MDA,1,6588,82350,"Item 2. Management’s Discussion and Analysis of Financial Condition and Results of Operations The following management discussion and analysis (“MD&A”) provides information that we believe is useful in understanding our operating results, cash flows and financial condition. We provide quantitative",1000,False,,,,ECOLAB INC.,6588
0001558370-17-003539,10-Q,RISK_FACTORS,1,1215,126796,"Item 1A. Risk Factors In our report on Form 10-K for the year ended December 31, 2016, filed with the Securities and Exchange Commission on February 24, 2017, we identify under Item 1A important factors which could affect our financial",15,False,,,,ECOLAB INC.,1215
0001558370-17-004638,10-Q,MDA,1,6294,95669,Item 2. MANAGEMENT’S DISCUSSION AND ANALYSIS OF FINANCIAL CONDITION AND RESULTS OF OPERATIONS RESULTS OF OPERATIONS Overview Organization The Company’s equipment operations generate revenues and cash primarily from the sale of equipment to John Deere dealers and distributors. The equipment,1000,False,,,,DEERE & CO,6294
0001558370-17-006878,10-Q,RISK_FACTORS,2,88,139240,"Item 1A. Risk Factors See the Company’s most recent annual report filed on Form 10-K (Part I, Item 1A). There has been no material change in this information. The risks described in the annual report on Form 10-K, and the",15,False,,,,DEERE & CO,88
0001558370-17-007569,10-Q,MDA,1,10361,87412,Item 2. Management’s Discussion and Analysis of Financial Condition and Results of Operations. The following discussion should be read in conjunction with the Condensed Consolidated Financial Statements and notes thereto included under Item 1 and our Consolidated Financial Statements and,1000,False,,,,WASTE MANAGEMENT INC,10361
0001558370-17-007569,10-Q,RISK_FACTORS,1,41,155775,"Item 1A. Risk Factors. There have been no material changes to the risk factors previously disclosed in our Annual Report on Form 10‑K for the year ended December 31, 2016 in response to Item 1A to Part I of Form",15,False,,,,WASTE MANAGEMENT INC,41
0001558370-17-008023,10-Q,MDA,1,8827,94833,"Item 2. Management’s Discussion and Analysis of Financial Condition and Results of Operations The following management discussion and analysis (“MD&A”) provides information we believe is useful in understanding our operating results, cash flows and financial condition. We provide quantitative information",1000,False,,,,ECOLAB INC.,8827
0001558370-17-008023,10-Q,RISK_FACTORS,1,1630,153232,"Item 1A. Risk Factors In our report on Form 10-K for the year ended December 31, 2016, filed with the Securities and Exchange Commission on February 24, 2017, we identify under Item 1A important factors which could affect our financial",15,False,,,,ECOLAB INC.,1630
0001558370-18-001362,10-Q,MDA,1,6416,91218,Item 2. MANAGEMENT’S DISCUSSION AND ANALYSIS OF FINANCIAL CONDITION AND RESULTS OF OPERATIONS RESULTS OF OPERATIONS Overview Organization The Company’s equipment operations generate revenues and cash primarily from the sale of equipment to John Deere dealers and distributors. The equipment,1000,False,,,,DEERE & CO,6416
0001558370-18-001362,10-Q,RISK_FACTORS,2,88,135203,"Item 1A. Risk Factors See the Company’s most recent annual report filed on Form 10-K (Part I, Item 1A). There has been no material change in this information. The risks described in the annual report on Form 10-K, and the",15,False,,,,DEERE & CO,88
0001558370-18-003147,10-Q,MDA,1,7231,82518,Item 2. Management’s Discussion and Analysis of Financial Condition and Results of Operations. The following discussion should be read in conjunction with the Condensed Consolidated Financial Statements and notes thereto included under Item 1 and our Consolidated Financial Statements and,1000,False,,,,WASTE MANAGEMENT INC,7231
0001558370-17-004638,10-Q,RISK_FACTORS,2,88,138643,"Item 1A. Risk Factors See the Company’s most recent annual report filed on Form 10-K (Part I, Item 1A). There has been no material change in this information. The risks described in the annual report on Form 10-K, and the",15,False,,,,DEERE & CO,88
0001558370-17-005778,10-Q,MDA,1,8557,91883,"Item 2. Management’s Discussion and Analysis of Financial Condition and Results of Operations The following management discussion and analysis (“MD&A”) provides information that we believe is useful in understanding our operating results, cash flows and financial condition. We provide quantitative",1000,False,,,,ECOLAB INC.,8557
0001558370-17-005778,10-Q,RISK_FACTORS,1,1249,148758,"Item 1A. Risk Factors In our report on Form 10-K for the year ended December 31, 2016, filed with the Securities and Exchange Commission on February 24, 2017, we identify under Item 1A important factors which could affect our financial",15,False,,,,ECOLAB INC.,1249
0001558370-17-006878,10-Q,MDA,1,6441,95176,Item 2. MANAGEMENT’S DISCUSSION AND ANALYSIS OF FINANCIAL CONDITION AND RESULTS OF OPERATIONS RESULTS OF OPERATIONS Overview Organization The Company’s equipment operations generate revenues and cash primarily from the sale of equipment to John Deere dealers and distributors. The equipment,1000,False,,,,DEERE & CO,6441
0001558370-18-003147,10-Q,RISK_FACTORS,1,41,131315,"Item 1A. Risk Factors. There have been no material changes to the risk factors previously disclosed in our Annual Report on Form 10‑K for the year ended December 31, 2017 in response to Item 1A to Part I of Form",15,False,,,,WASTE MANAGEMENT INC,41
0001558370-18-003829,10-Q,MDA,1,7586,97621,"Item 2. Management’s Discussion and Analysis of Financial Condition and Results of Operations The following management discussion and analysis (“MD&A”) provides information we believe is useful in understanding our operating results, cash flows and financial condition. We provide quantitative information",1000,False,,,,ECOLAB INC.,7586
0001558370-18-003829,10-Q,RISK_FACTORS,1,122,149617,"Item 1A. Risk Factors In our report on Form 10-K for the year ended December 31, 2017, filed with the Securities and Exchange Commission on February 23, 2018, we identify under Item 1A important factors which could affect our financial",15,False,,,,ECOLAB INC.,122
0001558370-18-005045,10-Q,MDA,1,7062,103939,Item 2. MANAGEMENT’S DISCUSSION AND ANALYSIS OF FINANCIAL CONDITION AND RESULTS OF OPERATIONS RESULTS OF OPERATIONS Overview Organization The Company’s equipment operations generate revenues and cash primarily from the sale of equipment to John Deere dealers and distributors. The equipment,1000,False,,,,DEERE & CO,7062
0001558370-18-005045,10-Q,RISK_FACTORS,2,88,152903,"Item 1A. Risk Factors See the Company’s most recent annual report filed on Form 10-K (Part I, Item 1A). There has been no material change in this information. The risks described in the annual report on Form 10-K, and the",15,False,,,,DEERE & CO,88
0001558370-18-005703,10-Q,MDA,1,8222,87607,Item 2. Management’s Discussion and Analysis of Financial Condition and Results of Operations. The following discussion should be read in conjunction with the Condensed Consolidated Financial Statements and notes thereto included under Item 1 and our Consolidated Financial Statements and,1000,False,,,,WASTE MANAGEMENT INC,8222
0001558370-18-005703,10-Q,RISK_FACTORS,1,41,142098,"Item 1A. Risk Factors. There have been no material changes to the risk factors previously disclosed in our Annual Report on Form 10‑K for the year ended December 31, 2017 in response to Item 1A to Part I of Form",15,False,,,,WASTE MANAGEMENT INC,41
0001558370-18-006163,10-Q,MDA,1,9573,108626,"Item 2. Management’s Discussion and Analysis of Financial Condition and Results of Operations The following management discussion and analysis (“MD&A”) provides information we believe is useful in understanding our operating results, cash flows and financial condition. We provide quantitative information",1000,False,,,,ECOLAB INC.,9573
0001558370-18-006163,10-Q,RISK_FACTORS,1,122,172254,"Item 1A. Risk Factors In our report on Form 10-K for the year ended December 31, 2017, filed with the Securities and Exchange Commission on February 23, 2018, we identify under Item 1A important factors which could affect our financial",15,False,,,,ECOLAB INC.,122
0001558370-18-007303,10-Q,MDA,1,7064,106564,Item 2. MANAGEMENT’S DISCUSSION AND ANALYSIS OF FINANCIAL CONDITION AND RESULTS OF OPERATIONS RESULTS OF OPERATIONS Overview Organization The Company’s equipment operations generate revenues and cash primarily from the sale of equipment to John Deere dealers and distributors. The equipment,1000,False,,,,DEERE & CO,7064
0001558370-18-007303,10-Q,RISK_FACTORS,2,88,155569,"Item 1A. Risk Factors See the Company’s most recent annual report filed on Form 10-K (Part I, Item 1A). There has been no material change in this information. The risks described in the annual report on Form 10-K, and the",15,False,,,,DEERE & CO,88
0001558370-18-007858,10-Q,MDA,1,8405,91896,Item 2. Management’s Discussion and Analysis of Financial Condition and Results of Operations. The following discussion should be read in conjunction with the Condensed Consolidated Financial Statements and notes thereto included under Item 1 and our Consolidated Financial Statements and,1000,False,,,,WASTE MANAGEMENT INC,8405
0001558370-19-001282,10-Q,RISK_FACTORS,2,88,140778,"Item 1A. Risk Factors See the Company’s most recent annual report filed on Form 10-K (Part I, Item 1A). There has been no material change in this information. The risks described in the annual report on Form 10-K, and the",15,False,,,,DEERE & CO,88
0001558370-19-003279,10-Q,MDA,1,7585,72444,Item 2. Management’s Discussion and Analysis of Financial Condition and Results of Operations. The following discussion should be read in conjunction with the Condensed Consolidated Financial Statements and notes thereto included under Item 1 and our Consolidated Financial Statements and,1000,False,,,,WASTE MANAGEMENT INC,7585
0001558370-19-003279,10-Q,RISK_FACTORS,1,663,124028,"Item 1A. Risk Factors. Except as set forth below, there have been no material changes to the risk factors previously disclosed in our Annual Report on Form 10‑K for the year ended December 31, 2018 in response to Item 1A",15,False,,,,WASTE MANAGEMENT INC,663
0001558370-19-003797,10-Q,MDA,1,7468,92485,"Item 2. Management’s Discussion and Analysis of Financial Condition and Results of Operations The following management discussion and analysis (“MD&A”) provides information we believe is useful in understanding our operating results, cash flows and financial condition. We provide quantitative information",1000,False,,,,ECOLAB INC.,7468
0001558370-18-007858,10-Q,RISK_FACTORS,1,41,147917,"Item 1A. Risk Factors. There have been no material changes to the risk factors previously disclosed in our Annual Report on Form 10‑K for the year ended December 31, 2017 in response to Item 1A to Part I of Form",15,False,,,,WASTE MANAGEMENT INC,41
0001558370-18-008282,10-Q,MDA,1,9792,113191,"Item 2. Management’s Discussion and Analysis of Financial Condition and Results of Operations The following management discussion and analysis (“MD&A”) provides information we believe is useful in understanding our operating results, cash flows and financial condition. We provide quantitative information",1000,False,,,,ECOLAB INC.,9792
0001558370-18-008282,10-Q,RISK_FACTORS,1,122,178490,"Item 1A. Risk Factors In our report on Form 10-K for the year ended December 31, 2017, filed with the Securities and Exchange Commission on February 23, 2018, we identify under Item 1A important factors which could affect our financial",15,False,,,,ECOLAB INC.,122
0001558370-19-001282,10-Q,MDA,1,6015,97970,Item 2. MANAGEMENT’S DISCUSSION AND ANALYSIS OF FINANCIAL CONDITION AND RESULTS OF OPERATIONS RESULTS OF OPERATIONS Overview Organization The Company’s equipment operations generate revenues and cash primarily from the sale of equipment to John Deere dealers and distributors. The equipment,1000,False,,,,DEERE & CO,6015
0001558370-19-006306,10-Q,RISK_FACTORS,1,55,139941,"Item 1A. Risk Factors. There have been no material changes to the risk factors previously disclosed in Part I, Item 1A of our Annual Report on Form 10-K for the year ended December 31, 2018 and in Part II, Item",15,False,,,,WASTE MANAGEMENT INC,55
0001558370-19-006736,10-Q,MDA,1,8920,102111,"Item 2. Management’s Discussion and Analysis of Financial Condition and Results of Operations The following management discussion and analysis (“MD&A”) provides information we believe is useful in understanding our operating results, cash flows and financial condition. We provide quantitative information",1000,False,,,,ECOLAB INC.,8920
0001558370-19-006736,10-Q,RISK_FACTORS,1,122,161191,"Item 1A. Risk Factors In our report on Form 10-K for the year ended December 31, 2018, filed with the Securities and Exchange Commission on March 1, 2019, we identify under Item 1A important factors which could affect our financial",15,False,,,,ECOLAB INC.,122
0001558370-19-007355,10-Q,MDA,2,8253,114025,"Item 2. Management’s Discussion and Analysis of Financial Condition and Results of Operations The following discussion should be read in conjunction with the consolidated financial statements and notes thereto included in this report. Overview Simon Property Group, Inc. is a",1000,False,,,,SIMON PROPERTY GROUP INC.,8253
0001558370-19-003797,10-Q,RISK_FACTORS,1,122,144299,"Item 1A. Risk Factors In our report on Form 10-K for the year ended December 31, 2018, filed with the Securities and Exchange Commission on March 1, 2019, we identify under Item 1A important factors which could affect our financial",15,False,,,,ECOLAB INC.,122
0001558370-19-005380,10-Q,MDA,1,6450,109812,Item 2. MANAGEMENT’S DISCUSSION AND ANALYSIS OF FINANCIAL CONDITION AND RESULTS OF OPERATIONS RESULTS OF OPERATIONS Overview Organization The Company’s equipment operations generate revenues and cash primarily from the sale of equipment to John Deere dealers and distributors. The equipment,1000,False,,,,DEERE & CO,6450
0001558370-19-005380,10-Q,RISK_FACTORS,2,88,155013,"Item 1A. Risk Factors See the Company’s most recent annual report filed on Form 10-K (Part I, Item 1A). There has been no material change in this information. The risks described in the annual report on Form 10-K, and the",15,False,,,,DEERE & CO,88
0001558370-19-006306,10-Q,MDA,1,7585,89812,Item 2. Management’s Discussion and Analysis of Financial Condition and Results of Operations. The following discussion should be read in conjunction with the Condensed Consolidated Financial Statements and notes thereto included under Item 1 and our Consolidated Financial Statements and,1000,False,,,,WASTE MANAGEMENT INC,7585
0001558370-19-007355,10-Q,RISK_FACTORS,2,22,172010,Item 1A. Risk Factors in Part I of the combined 2018 Annual Report on Form 10-K of Simon and the Operating Partnership.,15,False,,,,SIMON PROPERTY GROUP INC.,22
0001558370-19-008382,10-Q,MDA,1,6512,110873,Item 2. MANAGEMENT’S DISCUSSION AND ANALYSIS OF FINANCIAL CONDITION AND RESULTS OF OPERATIONS RESULTS OF OPERATIONS Overview Organization The Company’s equipment operations generate revenues and cash primarily from the sale of equipment to John Deere dealers and distributors. The equipment,1000,False,,,,DEERE & CO,6512
0001558370-19-008382,10-Q,RISK_FACTORS,2,88,156298,"Item 1A. Risk Factors See the Company’s most recent annual report filed on Form 10-K (Part I, Item 1A). There has been no material change in this information. The risks described in the annual report on Form 10-K, and the",15,False,,,,DEERE & CO,88
0001558370-19-009032,10-Q,MDA,1,7899,90695,Item 2. Management’s Discussion and Analysis of Financial Condition and Results of Operations. The following discussion should be read in conjunction with the Condensed Consolidated Financial Statements and notes thereto included under Item 1 and our Consolidated Financial Statements and,1000,False,,,,WASTE MANAGEMENT INC,7899
0001558370-19-010077,10-Q,RISK_FACTORS,2,459,182376,"Item 1A. Risk Factors in Part I of the combined 2018 Annual Report on Form 10-K of Simon and the Operating Partnership. We may be adversely affected by developments in the London Inter-bank Offered Rate (LIBOR) market, changes in the",15,False,,,,SIMON PROPERTY GROUP INC.,459
0001558370-20-001593,10-Q,MDA,1,5942,94387,Item 2. MANAGEMENT’S DISCUSSION AND ANALYSIS OF FINANCIAL CONDITION AND RESULTS OF OPERATIONS RESULTS OF OPERATIONS Overview Organization The Company’s equipment operations generate revenues and cash primarily from the sale of equipment to John Deere dealers and distributors. The equipment,1000,False,,,,DEERE & CO,5942
0001558370-20-001593,10-Q,RISK_FACTORS,2,88,136661,"Item 1A. Risk Factors See the Company’s most recent annual report filed on Form 10-K (Part I, Item 1A). There has been no material change in this information. The risks described in the annual report on Form 10-K, and the",15,False,,,,DEERE & CO,88
0001558370-20-005352,10-Q,MDA,1,8433,84241,Item 2. Management’s Discussion and Analysis of Financial Condition and Results of Operations. The following discussion should be read in conjunction with the Condensed Consolidated Financial Statements and notes thereto included under Item 1 and our Consolidated Financial Statements and,1000,False,,,,WASTE MANAGEMENT INC,8433
0001558370-19-009032,10-Q,RISK_FACTORS,1,55,143171,"Item 1A. Risk Factors. There have been no material changes to the risk factors previously disclosed in Part I, Item 1A of our Annual Report on Form 10-K for the year ended December 31, 2018 and in Part II, Item",15,False,,,,WASTE MANAGEMENT INC,55
0001558370-19-009602,10-Q,MDA,1,9127,105048,"Item 2. Management’s Discussion and Analysis of Financial Condition and Results of Operations The following management discussion and analysis (“MD&A”) provides information we believe is useful in understanding our operating results, cash flows and financial condition. We provide quantitative information",1000,False,,,,ECOLAB INC.,9127
0001558370-19-009602,10-Q,RISK_FACTORS,1,122,165942,"Item 1A. Risk Factors In our report on Form 10-K for the year ended December 31, 2018, filed with the Securities and Exchange Commission on March 1, 2019, we identify under Item 1A important factors which could affect our financial",15,False,,,,ECOLAB INC.,122
0001558370-19-010077,10-Q,MDA,2,8748,120878,"Item 2. Management’s Discussion and Analysis of Financial Condition and Results of Operations The following discussion should be read in conjunction with the consolidated financial statements and notes thereto included in this report. Overview Simon Property Group, Inc. is a",1000,False,,,,SIMON PROPERTY GROUP INC.,8748
0001558370-20-005352,10-Q,RISK_FACTORS,3,696,141463,"Item 1A. Risk Factors . Except as set forth below, there have been no material changes to the risk factors previously disclosed in Part I, Item 1A of our Annual Report on Form 10-K for the year ended December 31,",15,False,,,,WASTE MANAGEMENT INC,696
0001558370-20-005691,10-Q,MDA,1,9879,95934,"Item 2. Management’s Discussion and Analysis of Financial Condition and Results of Operations The following management discussion and analysis (“MD&A”) provides information we believe is useful in understanding our operating results, cash flows and financial condition. We provide quantitative information",1000,False,,,,ECOLAB INC.,9879
0001558370-20-005691,10-Q,RISK_FACTORS,1,928,162649,"Item 1A. Risk Factors In our report on Form 10-K for the year ended December 31, 2019, filed with the Securities and Exchange Commission on February 28, 2020, we identify under Item 1A important factors which could affect our financial",15,False,,,,ECOLAB INC.,928
0001558370-20-006251,10-Q,MDA,2,9173,106090,"Item 2. Management’s Discussion and Analysis of Financial Condition and Results of Operations The following discussion should be read in conjunction with the consolidated financial statements and notes thereto included in this report. Overview Simon Property Group, Inc. is a",1000,False,,,,SIMON PROPERTY GROUP INC.,9173
0001558370-20-006251,10-Q,RISK_FACTORS,3,914,179194,"Item 1A. Risk Factors” of the Company’s and the Operating Partnership’s Annual Report on Form 10-K for the year ended December 31, 2019. Conditions that adversely affect the general retail environment could materially and adversely affect us. Our concentration in",15,False,,,,SIMON PROPERTY GROUP INC.,914
0001558370-20-007066,10-Q,MDA,1,7900,114047,Item 2. MANAGEMENT’S DISCUSSION AND ANALYSIS OF FINANCIAL CONDITION AND RESULTS OF OPERATIONS RESULTS OF OPERATIONS Overview Organization The Company’s equipment operations generate revenues and cash primarily from the sale of equipment to John Deere dealers and distributors. The equipment,1000,False,,,,DEERE & CO,7900
0001558370-20-007066,10-Q,RISK_FACTORS,2,839,169202,"Item 1A. Risk Factors See the Company’s most recent annual report filed on Form 10-K (Part I, Item 1A). The COVID pandemic resulted in additional risks that could materially adversely affect the Company’s business, financial condition, results of operations and/or",15,False,,,,DEERE & CO,839
0001558370-20-008751,10-Q,MDA,2,11867,89875,Item 2. Management’s Discussion and Analysis of Financial Condition and Results of Operations. The following discussion should be read in conjunction with the Condensed Consolidated Financial Statements and notes thereto included under Item 1 and our Consolidated Financial Statements and,1000,False,,,,WASTE MANAGEMENT INC,11867
0001558370-20-008751,10-Q,RISK_FACTORS,2,610,168346,"Item 1A. Risk Factors. Except as set forth below, there have been no material changes to the risk factors previously disclosed in Part I, Item 1A of our Annual Report on Form 10-K for the year ended December 31, 2019,",15,False,,,,WASTE MANAGEMENT INC,610
0001558370-20-009506,10-Q,MDA,1,10793,108610,"Item 2. Management’s Discussion and Analysis of Financial Condition and Results of Operations The following management discussion and analysis (“MD&A”) provides information we believe is useful in understanding our operating results, cash flows and financial condition. We provide quantitative information",1000,False,,,,ECOLAB INC.,10793
0001558370-20-009506,10-Q,RISK_FACTORS,1,763,180677,"Item 1A. Risk Factors In our report on Form 10-K for the year ended December 31, 2019, filed with the Securities and Exchange Commission on February 28, 2020, we identify under Item 1A important factors which could affect our financial",15,False,,,,ECOLAB INC.,763
0001558370-20-010195,10-Q,MDA,2,10066,119256,"Item 2. Management’s Discussion and Analysis of Financial Condition and Results of Operations The following discussion should be read in conjunction with the consolidated financial statements and notes thereto included in this report. Overview Simon Property Group, Inc. is a",1000,False,,,,SIMON PROPERTY GROUP INC.,10066
0001558370-20-012094,10-Q,RISK_FACTORS,3,5416,186239,"Item 1A. Risk Factors” in Exhibit 99.1 to the September 25 8-K. The COVID-19 pandemic has materially and adversely impacted, and we expect will continue to materially and adversely impact , our business. The COVID-19 pandemic has had a rapid",15,False,,,,ECOLAB INC.,5416
0001558370-20-012210,10-Q,MDA,2,12551,95433,Item 2. Management’s Discussion and Analysis of Financial Condition and Results of Operations. The following discussion should be read in conjunction with the Condensed Consolidated Financial Statements and notes thereto included under Item 1 and our Consolidated Financial Statements and,1000,False,,,,WASTE MANAGEMENT INC,12551
0001558370-20-012210,10-Q,RISK_FACTORS,2,60,178810,"Item 1A. Risk Factors. There have been no material changes to the risk factors previously disclosed in Part I, Item 1A of our Annual Report on Form 10-K for the year ended December 31, 2019, as updated by Part II,",15,False,,,,WASTE MANAGEMENT INC,60
0001558370-20-013364,10-Q,MDA,2,10189,127492,"Item 2. Management’s Discussion and Analysis of Financial Condition and Results of Operations The following discussion should be read in conjunction with the consolidated financial statements and notes thereto included in this report. Overview Simon Property Group, Inc. is a",1000,False,,,,SIMON PROPERTY GROUP INC.,10189
0001558370-20-010195,10-Q,RISK_FACTORS,4,863,200216,"Item 1A. Risk Factors"" of the Company's and the Operating Partnership's Quarterly Report on Form 10-Q for the quarter ended March 31, 2020. Conditions that adversely affect the general retail environment could materially and adversely affect us. Our concentration in",15,False,,,,SIMON PROPERTY GROUP INC.,863
0001558370-20-010868,10-Q,MDA,1,7368,114227,Item 2. MANAGEMENT’S DISCUSSION AND ANALYSIS OF FINANCIAL CONDITION AND RESULTS OF OPERATIONS RESULTS OF OPERATIONS Overview Organization The Company’s equipment operations generate revenues and cash primarily from the sale of equipment to John Deere dealers and distributors. The equipment,1000,False,,,,DEERE & CO,7368
0001558370-20-010868,10-Q,RISK_FACTORS,2,846,165669,"Item 1A. Risk Factors See the Company’s most recent annual report filed on Form 10-K (Part I, Item 1A). The COVID pandemic resulted in additional risks that could materially adversely affect the Company’s business, financial condition, results of operations and/or",15,False,,,,DEERE & CO,846
0001558370-20-012094,10-Q,MDA,1,11057,110432,"Item 2. Management’s Discussion and Analysis of Financial Condition and Results of Operations The following management discussion and analysis (“MD&A”) provides information we believe is useful in understanding our operating results, cash flows and financial condition. We provide quantitative information",1000,False,,,,ECOLAB INC.,11057
0001558370-21-004862,10-Q,RISK_FACTORS,1,36,124279,"Item 1A. Risk Factors . There have been no material changes to the risk factors previously disclosed in Part I, Item 1A of our Annual Report on Form 10-K for the year ended December 31, 2020.",15,False,,,,WASTE MANAGEMENT INC,36
0001558370-21-006198,10-Q,MDA,1,8923,84604,"Item 2. Management’s Discussion and Analysis of Financial Condition and Results of Operations The following management discussion and analysis (“MD&A”) provides information we believe is useful in understanding our operating results, cash flows and financial condition. We provide quantitative information",1000,False,,,,ECOLAB INC.,8923
0001558370-21-006198,10-Q,RISK_FACTORS,1,122,145552,"Item 1A. Risk Factors In our report on Form 10-K for the year ended December 31, 2020, filed with the Securities and Exchange Commission on February 26, 2021, we identify under Item 1A important factors which could affect our financial",15,False,,,,ECOLAB INC.,122
0001558370-21-006672,10-Q,MDA,2,8866,110179,"Item 2. Management’s Discussion and Analysis of Financial Condition and Results of Operations The following discussion should be read in conjunction with the consolidated financial statements and notes thereto included in this report. Overview Simon Property Group, Inc. is a",1000,False,,,,SIMON PROPERTY GROUP INC.,8866
0001558370-20-013364,10-Q,RISK_FACTORS,3,889,209548,"Item 1A. Risk Factors"" of the Company's and the Operating Partnership's Annual Report on Form 10-K for the year ended December 31, 2019 and described herein. Conditions that adversely affect the general retail environment could materially and adversely affect us.",15,False,,,,SIMON PROPERTY GROUP INC.,889
0001558370-21-001774,10-Q,MDA,1,8478,82350,Item 2. MANAGEMENT’S DISCUSSION AND ANALYSIS OF FINANCIAL CONDITION AND RESULTS OF OPERATIONS RESULTS OF OPERATIONS Overview Organization The Company’s equipment operations generate revenues and cash primarily from the sale of equipment to John Deere dealers and distributors. The equipment,1000,False,,,,DEERE & CO,8478
0001558370-21-001774,10-Q,RISK_FACTORS,2,89,141143,"Item 1A. Risk Factors See the Company’s most recent annual report filed on Form 10-K (Part I, Item 1A). There has been no material change in this information. The risks described in the annual report on Form 10-K, and the",15,False,,,,DEERE & CO,89
0001558370-21-004862,10-Q,MDA,1,8172,69082,Item 2. Management’s Discussion and Analysis of Financial Condition and Results of Operations. The following discussion should be read in conjunction with the Condensed Consolidated Financial Statements and notes thereto included under Item 1 and our Consolidated Financial Statements and,1000,False,,,,WASTE MANAGEMENT INC,8172
0001558370-21-009319,10-Q,RISK_FACTORS,1,35,148583,"Item 1A. Risk Factors. There have been no material changes to the risk factors previously disclosed in Part I, Item 1A of our Annual Report on Form 10-K for the year ended December 31, 2020.",15,False,,,,WASTE MANAGEMENT INC,35
0001558370-21-010076,10-Q,MDA,2,9947,122117,"Item 2. Management’s Discussion and Analysis of Financial Condition and Results of Operations The following discussion should be read in conjunction with the consolidated financial statements and notes thereto included in this report. Overview Simon Property Group, Inc. is a",1000,False,,,,SIMON PROPERTY GROUP INC.,9947
0001558370-21-010076,10-Q,RISK_FACTORS,2,22,191370,Item 1A. Risk Factors in Part I of the combined 2020 Annual Report on Form 10-K of Simon and the Operating Partnership.,15,False,,,,SIMON PROPERTY GROUP INC.,22
0001558370-21-010420,10-Q,MDA,1,10911,100349,"Item 2. Management’s Discussion and Analysis of Financial Condition and Results of Operations The following management discussion and analysis (“MD&A”) provides information we believe is useful in understanding our operating results, cash flows and financial condition. We provide quantitative information",1000,False,,,,ECOLAB INC.,10911
0001558370-21-006672,10-Q,RISK_FACTORS,2,22,172897,Item 1A. Risk Factors in Part I of the combined 2020 Annual Report on Form 10-K of Simon and the Operating Partnership.,15,False,,,,SIMON PROPERTY GROUP INC.,22
0001558370-21-007781,10-Q,MDA,1,9677,96143,ITEM 2. MANAGEMENT’S DISCUSSION AND ANALYSIS OF FINANCIAL CONDITION AND RESULTS OF OPERATIONS RESULTS OF OPERATIONS Overview Organization The Company’s equipment operations generate revenues and cash primarily from the sale of equipment to John Deere dealers and distributors. The equipment,1000,False,,,,DEERE & CO,9677
0001558370-21-007781,10-Q,RISK_FACTORS,2,88,162265,"Item 1A. Risk Factors See the Company’s most recent annual report filed on Form 10-K (Part I, Item 1A). There has been no material change in this information. The risks described in the annual report on Form 10-K, and the",15,False,,,,DEERE & CO,88
0001558370-21-009319,10-Q,MDA,1,10204,81151,Item 2. Management’s Discussion and Analysis of Financial Condition and Results of Operations. The following discussion should be read in conjunction with the Condensed Consolidated Financial Statements and notes thereto included under Item 1 and our Consolidated Financial Statements and,1000,False,,,,WASTE MANAGEMENT INC,10204
0001558370-22-005976,10-Q,RISK_FACTORS,1,37,128234,"Item 1A. Risk Factors . There have been no material changes to the risk factors previously disclosed in Part I, Item 1A of our Annual Report on Form 10-K for the year ended December 31, 2021. 37",15,False,,,,WASTE MANAGEMENT INC,37
0001558370-22-007407,10-Q,MDA,1,8523,81499,"Item 2. Management’s Discussion and Analysis of Financial Condition and Results of Operations The following management discussion and analysis (“MD&A”) provides information we believe is useful in understanding our operating results, cash flows and financial condition. We provide quantitative information",1000,False,,,,ECOLAB INC.,8523
0001558370-22-007407,10-Q,RISK_FACTORS,1,1118,139954,"Item 1A. Risk Factors In our report on Form 10-K for the year ended December 31, 2021, filed with the Securities and Exchange Commission on February 25, 2022, we identify under Item 1A important factors which could affect our financial",15,False,,,,ECOLAB INC.,1118
0001558370-22-007828,10-Q,MDA,2,8336,110273,"Item 2. Management’s Discussion and Analysis of Financial Condition and Results of Operations The following discussion should be read in conjunction with the consolidated financial statements and notes thereto included in this report. Overview Simon Property Group, Inc. is a",1000,False,,,,SIMON PROPERTY GROUP INC.,8336
0001558370-21-014198,10-Q,RISK_FACTORS,2,22,207167,Item 1A. Risk Factors in Part I of the combined 2020 Annual Report on Form 10-K of Simon and the Operating Partnership.,15,False,,,,SIMON PROPERTY GROUP INC.,22
0001558370-22-001900,10-Q,MDA,1,7151,74741,Item 2. MANAGEMENT’S DISCUSSION AND ANALYSIS OF FINANCIAL CONDITION AND RESULTS OF OPERATIONS RESULTS OF OPERATIONS Overview Organization The Company’s equipment operations generate revenues and cash primarily from the sale of equipment to John Deere dealers and distributors. The equipment,1000,False,,,,DEERE & CO,7151
0001558370-22-001900,10-Q,RISK_FACTORS,2,89,124086,"Item 1A. Risk Factors See the Company’s most recently filed annual report on Form 10-K (Part I, Item 1A). There has been no material change in this information. The risks described in the annual report on Form 10-K, and the",15,False,,,,DEERE & CO,89
0001558370-22-005976,10-Q,MDA,1,8461,65267,Item 2. Management’s Discussion and Analysis of Financial Condition and Results of Operations. The following discussion should be read in conjunction with the Condensed Consolidated Financial Statements and notes thereto included under Item 1 and our Consolidated Financial Statements and,1000,False,,,,WASTE MANAGEMENT INC,8461
0001558370-21-013486,10-Q,RISK_FACTORS,3,369,161778,"Item 1A. Risk Factors. Except as set forth below, there have been no material changes to the risk factors previously disclosed in Part I, Item 1A of our Annual Report on Form 10-K for the year ended December 31, 2020.",15,False,,,,WASTE MANAGEMENT INC,369
0001558370-21-013798,10-Q,MDA,1,11080,108190,"Item 2. Management’s Discussion and Analysis of Financial Condition and Results of Operations The following management discussion and analysis (“MD&A”) provides information we believe is useful in understanding our operating results, cash flows and financial condition. We provide quantitative information",1000,False,,,,ECOLAB INC.,11080
0001558370-21-013798,10-Q,RISK_FACTORS,1,1378,182194,"Item 1A. Risk Factors In our report on Form 10-K for the year ended December 31, 2020, filed with the Securities and Exchange Commission on February 26, 2021, we identify under Item 1A important factors which could affect our financial",15,False,,,,ECOLAB INC.,1378
0001558370-21-014198,10-Q,MDA,2,10914,131475,"Item 2. Management’s Discussion and Analysis of Financial Condition and Results of Operations The following discussion should be read in conjunction with the consolidated financial statements and notes thereto included in this report. Overview Simon Property Group, Inc. is a",1000,False,,,,SIMON PROPERTY GROUP INC.,10914
0001558370-21-010420,10-Q,RISK_FACTORS,1,924,172999,"Item 1A. Risk Factors In our report on Form 10-K for the year ended December 31, 2020, filed with the Securities and Exchange Commission on February 26, 2021, we identify under Item 1A important factors which could affect our financial",15,False,,,,ECOLAB INC.,924
0001558370-21-012088,10-Q,MDA,1,10138,99461,ITEM 2. MANAGEMENT’S DISCUSSION AND ANALYSIS OF FINANCIAL CONDITION AND RESULTS OF OPERATIONS RESULTS OF OPERATIONS Overview Organization The Company’s equipment operations generate revenues and cash primarily from the sale of equipment to John Deere dealers and distributors. The equipment,1000,False,,,,DEERE & CO,10138
0001558370-21-012088,10-Q,RISK_FACTORS,2,88,169026,"Item 1A. Risk Factors See the Company’s most recent annual report filed on Form 10-K (Part I, Item 1A). There has been no material change in this information. The risks described in the annual report on Form 10-K, and the",15,False,,,,DEERE & CO,88
0001558370-21-013486,10-Q,MDA,1,11181,87141,Item 2. Management’s Discussion and Analysis of Financial Condition and Results of Operations. The following discussion should be read in conjunction with the Condensed Consolidated Financial Statements and notes thereto included under Item 1 and our Consolidated Financial Statements and,1000,False,,,,WASTE MANAGEMENT INC,11181
0001558370-22-011119,10-Q,RISK_FACTORS,1,36,138190,"Item 1A. Risk Factors. There have been no material changes to the risk factors previously disclosed in Part I, Item 1A of our Annual Report on Form 10-K for the year ended December 31, 2021. 39",15,False,,,,WASTE MANAGEMENT INC,36
0001558370-22-012019,10-Q,MDA,2,9273,121930,"Item 2. Management’s Discussion and Analysis of Financial Condition and Results of Operations The following discussion should be read in conjunction with the consolidated financial statements and notes thereto included in this report. Overview Simon Property Group, Inc. is a",1000,False,,,,SIMON PROPERTY GROUP INC.,9273
0001558370-22-012019,10-Q,RISK_FACTORS,2,22,186797,Item 1A. Risk Factors in Part I of the combined 2021 Annual Report on Form 10-K of Simon and the Operating Partnership.,15,False,,,,SIMON PROPERTY GROUP INC.,22
0001558370-22-012280,10-Q,MDA,1,10245,91546,"Item 2. Management’s Discussion and Analysis of Financial Condition and Results of Operations The following management discussion and analysis (“MD&A”) provides information we believe is useful in understanding our operating results, cash flows and financial condition. We provide quantitative information",1000,False,,,,ECOLAB INC.,10245
0001558370-22-007828,10-Q,RISK_FACTORS,2,22,169335,Item 1A. Risk Factors in Part I of the combined 2021 Annual Report on Form 10-K of Simon and the Operating Partnership.,15,False,,,,SIMON PROPERTY GROUP INC.,22
0001558370-22-009375,10-Q,MDA,1,7692,81534,ITEM 2. MANAGEMENT’S DISCUSSION AND ANALYSIS OF FINANCIAL CONDITION AND RESULTS OF OPERATIONS RESULTS OF OPERATIONS Overview Organization The Company’s equipment operations generate revenues and cash primarily from the sale of equipment to John Deere dealers and distributors. The equipment,1000,False,,,,DEERE & CO,7692
0001558370-22-009375,10-Q,RISK_FACTORS,1,87,133439,"Item 1A. Risk Factors See the Company’s most recently filed Annual Report on Form 10-K (Part I, Item 1A). There has been no material change in this information. The risks described in the Annual Report on Form 10-K, and the",15,False,,,,DEERE & CO,87
0001558370-22-011119,10-Q,MDA,1,9555,73706,Item 2. Management’s Discussion and Analysis of Financial Condition and Results of Operations. The following discussion should be read in conjunction with the Condensed Consolidated Financial Statements and notes thereto included under Item 1 and our Consolidated Financial Statements and,1000,False,,,,WASTE MANAGEMENT INC,9555
0001558370-22-015389,10-Q,RISK_FACTORS,1,36,147631,"Item 1A. Risk Factors. There have been no material changes to the risk factors previously disclosed in Part I, Item 1A of our Annual Report on Form 10-K for the year ended December 31, 2021. 42",15,False,,,,WASTE MANAGEMENT INC,36
0001558370-22-016109,10-Q,MDA,2,9830,129172,"Item 2. Management’s Discussion and Analysis of Financial Condition and Results of Operations The following discussion should be read in conjunction with the consolidated financial statements and notes thereto included in this report. Overview Simon Property Group, Inc. is a",1000,False,,,,SIMON PROPERTY GROUP INC.,9830
0001558370-22-016109,10-Q,RISK_FACTORS,2,22,198020,Item 1A. Risk Factors in Part I of the combined 2021 Annual Report on Form 10-K of Simon and the Operating Partnership.,15,False,,,,SIMON PROPERTY GROUP INC.,22
0001558370-22-016340,10-Q,MDA,1,10784,98380,"Item 2. Management’s Discussion and Analysis of Financial Condition and Results of Operations The following management discussion and analysis (“MD&A”) provides information we believe is useful in understanding our operating results, cash flows and financial condition. We provide quantitative information",1000,False,,,,ECOLAB INC.,10784
0001558370-23-007024,10-Q,RISK_FACTORS,3,306,126151,"Item 1A. Risk Factors . Except as set forth below, there have been no material changes to the risk factors previously disclosed in Part I, Item 1A of our Annual Report on Form 10-K for the year ended December 31,",15,False,,,,WASTE MANAGEMENT INC,306
0001558370-23-007951,10-Q,MDA,2,7893,106740,"Item 2. Management’s Discussion and Analysis of Financial Condition and Results of Operations The following discussion should be read in conjunction with the consolidated financial statements and notes thereto included in this report. Overview Simon Property Group, Inc. is a",1000,False,,,,SIMON PROPERTY GROUP INC.,7893
0001558370-23-007951,10-Q,RISK_FACTORS,2,22,163035,Item 1A. Risk Factors in Part I of the combined 2022 Annual Report on Form 10-K of Simon and the Operating Partnership.,15,False,,,,SIMON PROPERTY GROUP INC.,22
0001558370-23-008089,10-Q,MDA,1,7757,77243,"Item 2. Management’s Discussion and Analysis of Financial Condition and Results of Operations The following management discussion and analysis (“MD&A”) provides information we believe is useful in understanding our operating results, cash flows and financial condition. We provide quantitative information",1000,False,,,,ECOLAB INC.,7757
0001558370-22-012280,10-Q,RISK_FACTORS,1,2169,159985,"Item 1A. Risk Factors In our report on Form 10-K for the year ended December 31, 2021, filed with the Securities and Exchange Commission on February 25, 2022, we identify under Item 1A important factors which could affect our financial",15,False,,,,ECOLAB INC.,2169
0001558370-22-014113,10-Q,MDA,1,6746,81407,ITEM 2. MANAGEMENT’S DISCUSSION AND ANALYSIS OF FINANCIAL CONDITION AND RESULTS OF OPERATIONS RESULTS OF OPERATIONS Overview Organization The Company generates net sales primarily from the sale of equipment to John Deere dealers and distributors. The Company manufactures and distributes,1000,False,,,,DEERE & CO,6746
0001558370-22-014113,10-Q,RISK_FACTORS,1,87,126908,"Item 1A. Risk Factors See the Company’s most recently filed Annual Report on Form 10-K (Part I, Item 1A). There has been no material change in this information. The risks described in the Annual Report on Form 10-K, and the",15,False,,,,DEERE & CO,87
0001558370-22-015389,10-Q,MDA,1,10273,78123,Item 2. Management’s Discussion and Analysis of Financial Condition and Results of Operations. The following discussion should be read in conjunction with the Condensed Consolidated Financial Statements and notes thereto included under Item 1 and our Consolidated Financial Statements and,1000,False,,,,WASTE MANAGEMENT INC,10273
0001558370-22-016340,10-Q,RISK_FACTORS,1,3087,170696,"Item 1A. Risk Factors In our report on Form 10-K for the year ended December 31, 2021, filed with the Securities and Exchange Commission on February 25, 2022, we identify under Item 1A important factors which could affect our financial",15,False,,,,ECOLAB INC.,3087
0001558370-23-001877,10-Q,MDA,1,6029,57123,Item 2. MANAGEMENT’S DISCUSSION AND ANALYSIS OF FINANCIAL CONDITION AND RESULTS OF OPERATIONS RESULTS OF OPERATIONS Overview Organization The Company generates net sales from the sale of equipment to John Deere dealers and distributors. The Company manufactures and distributes a,1000,False,,,,DEERE & CO,6029
0001558370-23-001877,10-Q,RISK_FACTORS,1,87,98406,"Item 1A. Risk Factors See the Company’s most recently filed Annual Report on Form 10-K (Part I, Item 1A). There has been no material change in this information. The risks described in the Annual Report on Form 10-K, and the",15,False,,,,DEERE & CO,87
0001558370-23-007024,10-Q,MDA,1,8826,65431,Item 2. Management’s Discussion and Analysis of Financial Condition and Results of Operations. The following discussion should be read in conjunction with the Condensed Consolidated Financial Statements and notes thereto included under Item 1 and our Consolidated Financial Statements and,1000,False,,,,WASTE MANAGEMENT INC,8826
0001558370-23-012266,10-Q,RISK_FACTORS,3,57,134155,"Item 1A. Risk Factors. There have been no material changes to the risk factors previously disclosed in Part I, Item 1A of our Annual Report on Form 10-K for the year ended December 31, 2022, as updated by Part II,",15,False,,,,WASTE MANAGEMENT INC,57
0001558370-23-013069,10-Q,MDA,2,8819,117414,"Item 2. Management’s Discussion and Analysis of Financial Condition and Results of Operations The following discussion should be read in conjunction with the consolidated financial statements and notes thereto included in this report. Overview Simon Property Group, Inc. is a",1000,False,,,,SIMON PROPERTY GROUP INC.,8819
0001558370-23-013069,10-Q,RISK_FACTORS,2,22,179540,Item 1A. Risk Factors in Part I of the combined 2022 Annual Report on Form 10-K of Simon and the Operating Partnership.,15,False,,,,SIMON PROPERTY GROUP INC.,22
0001558370-23-013204,10-Q,MDA,1,9232,87070,"Item 2. Management’s Discussion and Analysis of Financial Condition and Results of Operations The following management discussion and analysis (“MD&A”) provides information we believe is useful in understanding our operating results, cash flows and financial condition. We provide quantitative information",1000,False,,,,ECOLAB INC.,9232
0001558370-23-008089,10-Q,RISK_FACTORS,1,122,130257,"Item 1A. Risk Factors In our report on Form 10-K for the year ended December 31, 2022, filed with the Securities and Exchange Commission on February 24, 2023, we identify under Item 1A important factors which could affect our financial",15,False,,,,ECOLAB INC.,122
0001558370-23-010713,10-Q,MDA,1,7021,67147,Item 2. MANAGEMENT’S DISCUSSION AND ANALYSIS OF FINANCIAL CONDITION AND RESULTS OF OPERATIONS RESULTS OF OPERATIONS Overview Organization The Company generates net sales from the sale of equipment to John Deere dealers and distributors. The Company manufactures and distributes a,1000,False,,,,DEERE & CO,7021
0001558370-23-010713,10-Q,RISK_FACTORS,1,87,114559,"Item 1A. Risk Factors See the Company’s most recently filed Annual Report on Form 10-K (Part I, Item 1A). There has been no material change in this information. The risks described in the Annual Report on Form 10-K, and the",15,False,,,,DEERE & CO,87
0001558370-23-012266,10-Q,MDA,1,9246,71398,Item 2. Management’s Discussion and Analysis of Financial Condition and Results of Operations. The following discussion should be read in conjunction with the Condensed Consolidated Financial Statements and notes thereto included under Item 1 and our Consolidated Financial Statements and,1000,False,,,,WASTE MANAGEMENT INC,9246
0001558370-24-005734,10-Q,RISK_FACTORS,1,36,112854,"Item 1A. Risk Factors . There have been no material changes to the risk factors previously disclosed in Part I, Item 1A of our Annual Report on Form 10-K for the year ended December 31, 2023.",15,False,,,,WASTE MANAGEMENT INC,36
0001558370-24-006535,10-Q,MDA,1,7120,76252,"Item 2. Management’s Discussion and Analysis of Financial Condition and Results of Operations The following management discussion and analysis (“MD&A”) provides information we believe is useful in understanding our operating results, cash flows and financial condition. We provide quantitative or",1000,False,,,,ECOLAB INC.,7120
0001558370-24-006535,10-Q,RISK_FACTORS,1,122,125177,"Item 1A. Risk Factors In our report on Form 10-K for the year ended December 31, 2023, filed with the Securities and Exchange Commission on February 23, 2024, we identify under Item 1A important factors which could affect our financial",15,False,,,,ECOLAB INC.,122
0001558370-24-007058,10-Q,MDA,2,8713,117652,"Item 2. Management’s Discussion and Analysis of Financial Condition and Results of Operations The following discussion should be read in conjunction with the consolidated financial statements and notes thereto included in this report. Overview Simon Property Group, Inc. is a",1000,False,,,,SIMON PROPERTY GROUP INC.,8713
0001558370-23-016700,10-Q,RISK_FACTORS,3,56,140878,"Item 1A. Risk Factors. There have been no material changes to the risk factors previously disclosed in Part I, Item 1A of our Annual Report on Form 10-K for the year ended December 31, 2022, as updated by Part II,",15,False,,,,WASTE MANAGEMENT INC,56
0001558370-23-017324,10-Q,MDA,2,9712,126330,"Item 2. Management’s Discussion and Analysis of Financial Condition and Results of Operations The following discussion should be read in conjunction with the consolidated financial statements and notes thereto included in this report. Overview Simon Property Group, Inc. is a",1000,False,,,,SIMON PROPERTY GROUP INC.,9712
0001558370-23-017324,10-Q,RISK_FACTORS,2,22,195573,Item 1A. Risk Factors in Part I of the combined 2022 Annual Report on Form 10-K of Simon and the Operating Partnership.,15,False,,,,SIMON PROPERTY GROUP INC.,22
0001558370-23-017421,10-Q,MDA,1,9393,90665,"Item 2. Management’s Discussion and Analysis of Financial Condition and Results of Operations The following management discussion and analysis (“MD&A”) provides information we believe is useful in understanding our operating results, cash flows and financial condition. We provide quantitative information",1000,False,,,,ECOLAB INC.,9393
0001558370-23-017421,10-Q,RISK_FACTORS,1,122,153358,"Item 1A. Risk Factors In our report on Form 10-K for the year ended December 31, 2022, filed with the Securities and Exchange Commission on February 24, 2023, we identify under Item 1A important factors which could affect our financial",15,False,,,,ECOLAB INC.,122
0001558370-24-002149,10-Q,MDA,1,5793,50807,Item 2. MANAGEMENT’S DISCUSSION AND ANALYSIS OF FINANCIAL CONDITION AND RESULTS OF OPERATIONS RESULTS OF OPERATIONS All amounts are presented in millions of dollars unless otherwise specified. OVERVIEW Organization Deere & Company is a global leader in the production of,1000,False,,,,DEERE & CO,5793
0001558370-24-002149,10-Q,RISK_FACTORS,1,83,90125,"Item 1A. Risk Factors See our most recently filed Annual Report on Form 10-K (Part I, Item 1A). There have been no material changes in this information. The risks described in the Annual Report on Form 10-K, and the “Forward-Looking",15,False,,,,DEERE & CO,83
0001558370-24-005734,10-Q,MDA,1,7931,58384,Item 2. Management’s Discussion and Analysis of Financial Condition and Results of Operations. The following discussion should be read in conjunction with the Condensed Consolidated Financial Statements and notes thereto included under Item 1 and our Consolidated Financial Statements and,1000,False,,,,WASTE MANAGEMENT INC,7931
0001558370-23-013204,10-Q,RISK_FACTORS,1,122,148346,"Item 1A. Risk Factors In our report on Form 10-K for the year ended December 31, 2022, filed with the Securities and Exchange Commission on February 24, 2023, we identify under Item 1A important factors which could affect our financial",15,False,,,,ECOLAB INC.,122
0001558370-23-015380,10-Q,MDA,1,6606,62283,Item 2. MANAGEMENT’S DISCUSSION AND ANALYSIS OF FINANCIAL CONDITION AND RESULTS OF OPERATIONS RESULTS OF OPERATIONS Overview Organization The Company generates net sales from the sale of equipment to John Deere dealers and distributors. The Company manufactures and distributes a,1000,False,,,,DEERE & CO,6606
0001558370-23-015380,10-Q,RISK_FACTORS,1,87,106987,"Item 1A. Risk Factors See the Company’s most recently filed Annual Report on Form 10-K (Part I, Item 1A). There has been no material change in this information. The risks described in the Annual Report on Form 10-K, and the",15,False,,,,DEERE & CO,87
0001558370-23-016700,10-Q,MDA,1,9812,74072,Item 2. Management’s Discussion and Analysis of Financial Condition and Results of Operations. The following discussion should be read in conjunction with the Condensed Consolidated Financial Statements and notes thereto included under Item 1 and our Consolidated Financial Statements and,1000,False,,,,WASTE MANAGEMENT INC,9812
0001558370-24-010155,10-Q,RISK_FACTORS,2,1080,132807,"Item 1A. Risk Factors. Except as set forth below, there have been no material changes to the risk factors previously disclosed in Part I, Item 1A of our Annual Report on Form 10-K for the year ended December 31, 2023.",15,False,,,,WASTE MANAGEMENT INC,1080
0001558370-24-010647,10-Q,MDA,1,8682,92128,"Item 2. Management’s Discussion and Analysis of Financial Condition and Results of Operations The following management discussion and analysis (“MD&A”) provides information we believe is useful in understanding our operating results, cash flows and financial condition. We provide quantitative or",1000,False,,,,ECOLAB INC.,8682
0001558370-24-010647,10-Q,RISK_FACTORS,1,122,150634,"Item 1A. Risk Factors In our report on Form 10-K for the year ended December 31, 2023, filed with the Securities and Exchange Commission on February 23, 2024, we identify under Item 1A important factors which could affect our financial",15,False,,,,ECOLAB INC.,122
0001558370-24-011208,10-Q,MDA,2,9641,127860,"Item 2. Management’s Discussion and Analysis of Financial Condition and Results of Operations The following discussion should be read in conjunction with the consolidated financial statements and notes thereto included in this report. Overview Simon Property Group, Inc. is a",1000,False,,,,SIMON PROPERTY GROUP INC.,9641
0001558370-24-007058,10-Q,RISK_FACTORS,2,22,179070,Item 1A. Risk Factors in Part I of the combined 2023 Annual Report on Form 10-K of Simon and the Operating Partnership.,15,False,,,,SIMON PROPERTY GROUP INC.,22
0001558370-24-008770,10-Q,MDA,1,6651,58954,Item 2. MANAGEMENT’S DISCUSSION AND ANALYSIS OF FINANCIAL CONDITION AND RESULTS OF OPERATIONS RESULTS OF OPERATIONS All amounts are presented in millions of dollars unless otherwise specified. Overview Organization Deere & Company is a global leader in the production of,1000,False,,,,DEERE & CO,6651
0001558370-24-008770,10-Q,RISK_FACTORS,1,83,103563,"Item 1A. Risk Factors See our most recently filed Annual Report on Form 10-K (Part I, Item 1A). There have been no material changes in this information. The risks described in the Annual Report on Form 10-K, and the “Forward-Looking",15,False,,,,DEERE & CO,83
0001558370-24-010155,10-Q,MDA,1,9354,69971,Item 2. Management’s Discussion and Analysis of Financial Condition and Results of Operations. The following discussion should be read in conjunction with the Condensed Consolidated Financial Statements and notes thereto included under Item 1 and our Consolidated Financial Statements and,1000,False,,,,WASTE MANAGEMENT INC,9354
0001558370-25-005805,10-Q,RISK_FACTORS,1,36,127166,"Item 1A. Risk Factors . There have been no material changes to the risk factors previously disclosed in Part I, Item 1A of our Annual Report on Form 10-K for the year ended December 31, 2024.",15,False,,,,WASTE MANAGEMENT INC,36
0001558370-25-006969,10-Q,MDA,1,7369,83098,"Item 2. Management’s Discussion and Analysis of Financial Condition and Results of Operations The following management discussion and analysis (“MD&A”) provides information we believe is useful in understanding our operating results, cash flows and financial condition. We provide quantitative or",1000,False,,,,ECOLAB INC.,7369
0001558370-25-006969,10-Q,RISK_FACTORS,1,122,133597,"Item 1A. Risk Factors In our report on Form 10-K for the year ended December 31, 2024, filed with the Securities and Exchange Commission on February 21, 2025, we identify under Item 1A important factors which could affect our financial",15,False,,,,ECOLAB INC.,122
0001558370-25-007380,10-Q,MDA,2,8599,125956,"Item 2. Management’s Discussion and Analysis of Financial Condition and Results of Operations The following discussion should be read in conjunction with the consolidated financial statements and notes thereto included in this report. Overview Simon Property Group, Inc. is a",1000,False,,,,SIMON PROPERTY GROUP INC.,8599
0001558370-24-013762,10-Q,RISK_FACTORS,1,56,135887,"Item 1A. Risk Factors. There have been no material changes to the risk factors previously disclosed in Part I, Item 1A of our Annual Report on Form 10-K for the year ended December 31, 2023, as updated by Part II,",15,False,,,,WASTE MANAGEMENT INC,56
0001558370-24-014051,10-Q,MDA,1,9134,95318,"Item 2. Management’s Discussion and Analysis of Financial Condition and Results of Operations The following management discussion and analysis (“MD&A”) provides information we believe is useful in understanding our operating results, cash flows and financial condition. We provide quantitative or",1000,False,,,,ECOLAB INC.,9134
0001558370-24-014051,10-Q,RISK_FACTORS,1,591,156638,"Item 1A. Risk Factors In our report on Form 10-K for the year ended December 31, 2023, filed with the Securities and Exchange Commission on February 23, 2024, we identify under Item 1A important factors which could affect our financial",15,False,,,,ECOLAB INC.,591
0001558370-24-014946,10-Q,MDA,2,9897,136328,"Item 2. Management’s Discussion and Analysis of Financial Condition and Results of Operations The following discussion should be read in conjunction with the consolidated financial statements and notes thereto included in this report. Overview Simon Property Group, Inc. is a",1000,False,,,,SIMON PROPERTY GROUP INC.,9897
0001558370-24-011208,10-Q,RISK_FACTORS,2,22,195075,Item 1A. Risk Factors in Part I of the combined 2023 Annual Report on Form 10-K of Simon and the Operating Partnership.,15,False,,,,SIMON PROPERTY GROUP INC.,22
0001558370-24-012529,10-Q,MDA,1,6873,64621,Item 2. MANAGEMENT’S DISCUSSION AND ANALYSIS OF FINANCIAL CONDITION AND RESULTS OF OPERATIONS RESULTS OF OPERATIONS All amounts are presented in millions of dollars unless otherwise specified. Overview Organization Deere & Company is a global leader in the production of,1000,False,,,,DEERE & CO,6873
0001558370-24-012529,10-Q,RISK_FACTORS,1,74,110609,"Item 1A. Risk Factors See our most recently filed Annual Report on Form 10-K (Part I, Item 1A). The risks described in the Annual Report on Form 10-K, and the “Forward-Looking Statements” in this report, are not the only risks",15,False,,,,DEERE & CO,74
0001558370-24-013762,10-Q,MDA,1,8843,76062,Item 2. Management’s Discussion and Analysis of Financial Condition and Results of Operations. The following discussion should be read in conjunction with the Condensed Consolidated Financial Statements and notes thereto included under Item 1 and our Consolidated Financial Statements and,1000,False,,,,WASTE MANAGEMENT INC,8843
0001558370-24-014946,10-Q,RISK_FACTORS,2,22,205437,Item 1A. Risk Factors in Part I of the combined 2023 Annual Report on Form 10-K of Simon and the Operating Partnership.,15,False,,,,SIMON PROPERTY GROUP INC.,22
0001558370-25-001714,10-Q,MDA,1,6185,54324,Item 2. MANAGEMENT’S DISCUSSION AND ANALYSIS OF FINANCIAL CONDITION AND RESULTS OF OPERATIONS RESULTS OF OPERATIONS All amounts are presented in millions of dollars unless otherwise specified. OVERVIEW Organization Deere & Company is a global leader in the production of,1000,False,,,,DEERE & CO,6185
0001558370-25-001714,10-Q,RISK_FACTORS,1,333,96844,"Item 1A. Risk Factors There are no material changes to the risk factors set forth in Part I, Item 1A, Risk Factors in our Annual Report on Form 10-K for the year ended October 27, 2024, except as set forth",15,False,,,,DEERE & CO,333
0001558370-25-005805,10-Q,MDA,1,8056,71687,Item 2. Management’s Discussion and Analysis of Financial Condition and Results of Operations. The following discussion should be read in conjunction with the Condensed Consolidated Financial Statements and notes thereto included under Item 1 and our Consolidated Financial Statements and,1000,False,,,,WASTE MANAGEMENT INC,8056
0001562762-19-000164,10-Q,RISK_FACTORS,1,51,160697,Item 1A. Risk Factors We discuss in our Annual Report on Form 10-K various risks that may materially affect our business. We use this section to update this discussion to reflect material developments since our Form 10-K was filed. For,15,False,,,,AT&T INC.,51
0001562762-20-000162,10-Q,MDA,2,10943,90814,Item 2. MANAGEMENT’S DISCUSSION AND ANALYSIS OF FINANCIAL CONDITION AND RESULTS OF OPERATIONS Management’s Discussion and Analysis is the company’s analysis of its financial performance and of significant trends that may affect future performance. It should be read in conjunction,1000,False,,,,CONOCOPHILLIPS,10943
0001562762-20-000162,10-Q,RISK_FACTORS,2,1208,164203,"Item 1A. Risk Factors Other than the risk factors set forth below, there have been no material changes to the risk factors disclosed in our Annual Report on Form 10-K for the fiscal year ended December 31, 2019. Our business",15,False,,,,CONOCOPHILLIPS,1208
0001562762-20-000171,10-Q,MDA,23,353,128658,"Item 2. Management’s Discussion and Analysis of Financial Condition and Results of Operations - Continued Dollars, subscribers and connections in millions, except per share and per subscriber amounts DISCUSSION AND RECONCILIATION OF NON-GAAP MEASURE We believe the following measure is",1000,True,9575.0,67668.0,"Item 2. Management’s Discussion and Analysis of Financial Condition and Results of Operations Dollars, subscribers and connections in millions, except per share and per subscriber amounts OVERVIEW AT&T Inc. is referred to as “we,” “AT&T” or the “Company” throughout this",AT&T INC.,353
0001558370-25-009726,10-Q,RISK_FACTORS,1,35,141299,"Item 1A. Risk Factors. There have been no material changes to the risk factors previously disclosed in Part I, Item 1A of our Annual Report on Form 10-K for the year ended December 31, 2024.",15,False,,,,WASTE MANAGEMENT INC,35
0001558370-25-010639,10-Q,MDA,2,9612,140918,"Item 2. Management’s Discussion and Analysis of Financial Condition and Results of Operations The following discussion should be read in conjunction with the consolidated financial statements and notes thereto included in this report. Overview Simon Property Group, Inc. is an",1000,False,,,,SIMON PROPERTY GROUP INC.,9612
0001558370-25-010639,10-Q,RISK_FACTORS,2,22,208197,Item 1A. Risk Factors in Part I of the combined 2024 Annual Report on Form 10-K of Simon and the Operating Partnership.,15,False,,,,SIMON PROPERTY GROUP INC.,22
0001558370-25-010768,10-Q,MDA,1,8834,94294,"Item 2. Management’s Discussion and Analysis of Financial Condition and Results of Operations The following management discussion and analysis (“MD&A”) provides information we believe is useful in understanding our operating results, cash flows and financial condition. We provide quantitative or",1000,False,,,,ECOLAB INC.,8834
0001562762-20-000279,10-Q,RISK_FACTORS,1,88,169191,"Item 1A. Risk Factors We discuss in our Annual Report on Form 10-K for the year ended December 31, 2019 and in our Quarterly Report on Form 10-Q for the quarter ended March 31, 2020 various risks that may materially",15,False,,,,AT&T INC.,88
0001562762-20-000367,10-Q,MDA,2,13659,88265,Item 2. MANAGEMENT’S DISCUSSION AND ANALYSIS OF FINANCIAL CONDITION AND RESULTS OF OPERATIONS Management’s Discussion and Analysis is the company’s analysis of its financial performance and of significant trends that may affect future performance. It should be read in conjunction,1000,False,,,,CONOCOPHILLIPS,13659
0001562762-20-000367,10-Q,RISK_FACTORS,2,3365,179588,"Item 1A. RISK FACTORS Other than the risk factors set forth below, there have been no material changes to the risk factors disclosed in our Annual Report on Form 10-K for the fiscal year ended December 31, 2019. Risks Related",15,False,,,,CONOCOPHILLIPS,3365
0001562762-21-000193,10-Q,MDA,2,11491,87319,Item 2. MANAGEMENT’S DISCUSSION AND ANALYSIS OF FINANCIAL CONDITION AND RESULTS OF OPERATIONS Management’s Discussion and Analysis is the company’s analysis of its financial performance and of significant trends that may affect future performance. It should be read in conjunction,1000,False,,,,CONOCOPHILLIPS,11491
0001558370-25-007380,10-Q,RISK_FACTORS,2,22,186822,Item 1A. Risk Factors in Part I of the combined 2024 Annual Report on Form 10-K of Simon and the Operating Partnership.,15,False,,,,SIMON PROPERTY GROUP INC.,22
0001558370-25-008218,10-Q,MDA,1,7271,64521,Item 2. MANAGEMENT’S DISCUSSION AND ANALYSIS OF FINANCIAL CONDITION AND RESULTS OF OPERATIONS RESULTS OF OPERATIONS All amounts are presented in millions of dollars unless otherwise specified. Overview Organization Deere & Company is a global leader in the production of,1000,False,,,,DEERE & CO,7271
0001558370-25-008218,10-Q,RISK_FACTORS,2,315,113997,"Item 1A. Risk Factors in our Annual Report on Form 10-K for the year ended October 27, 2024, except as set forth below: Legal proceedings, disputes and government inquiries and investigations could harm our business, financial condition, reputation, and brand.",15,False,,,,DEERE & CO,315
0001558370-25-009726,10-Q,MDA,1,9354,78374,Item 2. Management’s Discussion and Analysis of Financial Condition and Results of Operations. The following discussion should be read in conjunction with the Condensed Consolidated Financial Statements and notes thereto included under Item 1 and our Consolidated Financial Statements and,1000,False,,,,WASTE MANAGEMENT INC,9354
0001562762-20-000171,10-Q,RISK_FACTORS,1,781,140606,Item 1A. Risk Factors We discuss in our Annual Report on Form 10-K various risks that may materially affect our business. We use this section to update this discussion to reflect material developments since our Form 10-K was filed. We,15,False,,,,AT&T INC.,781
0001562762-20-000267,10-Q,MDA,2,11964,99642,Item 2. MANAGEMENT’S DISCUSSION AND ANALYSIS OF FINANCIAL CONDITION AND RESULTS OF OPERATIONS Management’s Discussion and Analysis is the company’s analysis of its financial performance and of significant trends that may affect future performance. It should be read in conjunction,1000,False,,,,CONOCOPHILLIPS,11964
0001562762-20-000267,10-Q,RISK_FACTORS,2,1190,178892,"Item 1A. RISK FACTORS Other than the risk factors set forth below, there have been no material changes to the risk factors disclosed in our Annual Report on Form 10-K for the fiscal year ended December 31, 2019. Our business",15,False,,,,CONOCOPHILLIPS,1190
0001562762-20-000279,10-Q,MDA,27,235,157546,"Item 2. Management’s Discussion and Analysis of Financial Condition and Results of Operations - Continued Dollars, subscribers and connections in millions, except per share and per subscriber amounts Six Months Ended June 30, 2020 June 30, 2019 Mobility Business Wireline",1000,True,12273.0,80356.0,"Item 2. Management’s Discussion and Analysis of Financial Condition and Results of Operations Dollars, subscribers and connections in millions, except per share and per subscriber amounts OVERVIEW AT&T Inc. is referred to as “we,” “AT&T” or the “Company” throughout this",AT&T INC.,235
0001562762-21-000193,10-Q,RISK_FACTORS,2,27,165247,Item 1A. Risk Factors There have been no material changes from the risk factors disclosed in Item 1A of our 2020 Annual Report on Form 10-K. 58,15,False,,,,CONOCOPHILLIPS,27
0001562762-21-000304,10-Q,MDA,2,12093,89344,Item 2. MANAGEMENT’S DISCUSSION AND ANALYSIS OF FINANCIAL CONDITION AND RESULTS OF OPERATIONS Management’s Discussion and Analysis is the company’s analysis of its financial performance and of significant trends that may affect future performance. It should be read in conjunction,1000,False,,,,CONOCOPHILLIPS,12093
0001562762-21-000304,10-Q,RISK_FACTORS,2,27,170205,Item 1A. RISK FACTORS There have been no material changes from the risk factors disclosed in Item 1A of our 2020 Annual Report on Form 10-K. 60,15,False,,,,CONOCOPHILLIPS,27
0001562762-21-000409,10-Q,MDA,2,12809,92675,Item 2. Management’s Discussion and Analysis of Financial Condition and Results of Operations Management’s Discussion and Analysis is the company’s analysis of its financial performance and of significant trends that may affect future performance. It should be read in conjunction,1000,False,,,,CONOCOPHILLIPS,12809
0001564590-15-009541,10-Q,RISK_FACTORS,1,31,55411,"ITEM 1A. Risk Factors. Information concerning our risk factors is contained in Item 1A of our Form 10-K for the year ended December 31, 2014, and is incorporated by reference herein.",15,False,,,,TEXAS INSTRUMENTS INC,31
0001564590-16-017570,10-Q,MDA,1,2355,33214,"ITEM 2. Management’s discussion and analysis of financial condition and results of operations. Overview We design, make and sell semiconductors to electronics designers and manufacturers all over the world. Our business model is carefully constructed around the following attributes: ·",1000,False,,,,TEXAS INSTRUMENTS INC,2355
0001564590-16-017570,10-Q,RISK_FACTORS,1,31,49201,"ITEM 1A. Risk Factors. Information concerning our risk factors is contained in Item 1A of our Form 10-K for the year ended December 31, 2015, and is incorporated by reference herein.",15,False,,,,TEXAS INSTRUMENTS INC,31
0001564590-16-022552,10-Q,MDA,1,2844,37166,"ITEM 2. Management’s discussion and analysis of financial condition and results of operations. Overview We design, make and sell semiconductors to electronics designers and manufacturers all over the world. Our business model is carefully constructed around the following attributes: ·",1000,False,,,,TEXAS INSTRUMENTS INC,2844
0001562762-21-000409,10-Q,RISK_FACTORS,1,787,178390,"Item 1A. Risk Factors Other than the risk factors set forth below, there have been no material changes to the risk factors disclosed in our Annual Report on Form 10-K for the fiscal year ended December 31, 2020. Risks Related",15,False,,,,CONOCOPHILLIPS,787
0001564590-15-006014,10-Q,MDA,1,2755,35111,"ITEM 2. Management’s discussion and analysis of financial condition and results of operations. Overview We design, make and sell semiconductors to electronics designers and manufacturers all over the world. Our business model is carefully constructed around the following attributes: ·",1000,False,,,,TEXAS INSTRUMENTS INC,2755
0001564590-15-006014,10-Q,RISK_FACTORS,1,31,53401,"ITEM 1A. Risk Factors. Information concerning our risk factors is contained in Item 1A of our Form 10-K for the year ended December 31, 2014, and is incorporated by reference herein.",15,False,,,,TEXAS INSTRUMENTS INC,31
0001564590-15-009541,10-Q,MDA,1,2852,36484,"ITEM 2. Management’s discussion and analysis of financial condition and results of operations. Overview We design, make and sell semiconductors to electronics designers and manufacturers all over the world. Our business model is carefully constructed around the following attributes: ·",1000,False,,,,TEXAS INSTRUMENTS INC,2852
0001564590-16-022552,10-Q,RISK_FACTORS,1,31,56161,"ITEM 1A. Risk Factors. Information concerning our risk factors is contained in Item 1A of our Form 10-K for the year ended December 31, 2015, and is incorporated by reference herein.",15,False,,,,TEXAS INSTRUMENTS INC,31
0001564590-16-027067,10-Q,MDA,1,2908,38294,"ITEM 2. Management’s discussion and analysis of financial condition and results of operations. Overview We design, make and sell semiconductors to electronics designers and manufacturers all over the world. Our business model is carefully constructed around the following attributes: •",1000,False,,,,TEXAS INSTRUMENTS INC,2908
0001564590-16-027067,10-Q,RISK_FACTORS,1,31,57699,"ITEM 1A. Risk Factors. Information concerning our risk factors is contained in Item 1A of our Form 10-K for the year ended December 31, 2015, and is incorporated by reference herein.",15,False,,,,TEXAS INSTRUMENTS INC,31
0001564590-17-008260,10-Q,MDA,1,2890,39772,"ITEM 2. Management’s discussion and analysis of financial condi tion and results of operations. Overview We design, make and sell semiconductors to electronics designers and manufacturers all over the world. Our business model is carefully constructed around the following attributes:",1000,False,,,,TEXAS INSTRUMENTS INC,2890
0001564590-17-008260,10-Q,RISK_FACTORS,1,31,59213,"ITEM 1A. Risk Factors. Information concerning our risk factors is contained in Item 1A of our Form 10-K for the year ended December 31, 2016, and is incorporated by reference herein.",15,False,,,,TEXAS INSTRUMENTS INC,31
0001564590-17-015153,10-Q,MDA,1,3302,42868,"ITEM 2. Management’s discussion and analysis of financial condition and results of operations. Overview We design, make and sell semiconductors to electronics designers and manufacturers all over the world. Our business model is carefully constructed around the following attributes: •",1000,False,,,,TEXAS INSTRUMENTS INC,3302
0001564590-17-015153,10-Q,RISK_FACTORS,1,31,64936,"ITEM 1A. Risk Factors. Information concerning our risk factors is contained in Item 1A of our Form 10-K for the year ended December 31, 2016, and is incorporated by reference herein.",15,False,,,,TEXAS INSTRUMENTS INC,31
0001564590-17-021032,10-Q,MDA,1,3345,43838,"ITEM 2. Management’s discussion and analysis of financial condition and results of operations. Overview We design, make and sell semiconductors to electronics designers and manufacturers all over the world. Our business model is carefully constructed around the following attributes: •",1000,False,,,,TEXAS INSTRUMENTS INC,3345
0001558370-25-010768,10-Q,RISK_FACTORS,1,122,153048,"Item 1A. Risk Factors In our report on Form 10-K for the year ended December 31, 2024, filed with the Securities and Exchange Commission on February 21, 2025, we identify under Item 1A important factors which could affect our financial",15,False,,,,ECOLAB INC.,122
0001558370-25-011789,10-Q,MDA,1,7229,70779,Item 2. MANAGEMENT’S DISCUSSION AND ANALYSIS OF FINANCIAL CONDITION AND RESULTS OF OPERATIONS RESULTS OF OPERATIONS All amounts are presented in millions of dollars unless otherwise specified. Overview Organization Deere & Company is a global leader in the production of,1000,False,,,,DEERE & CO,7229
0001558370-25-011789,10-Q,RISK_FACTORS,2,319,120064,"Item 1A. Risk Factors in our Annual Report on Form 10-K for the year ended October 27, 2024, except as set forth below: Legal proceedings, disputes and government inquiries and investigations could harm our business, financial condition, reputation, and brand.",15,False,,,,DEERE & CO,319
0001562762-19-000164,10-Q,MDA,24,234,149984,"Item 2. Management’s Discussion and Analysis of Financial Condition and Results of Operations - Continued Dollars, subscribers and connections in millions, except per share and per subscriber amounts Six Months Ended June 30, 2019 June 30, 2018 Mobility Business Wireline",1000,True,11015.0,81731.0,"Item 2. Management’s Discussion and Analysis of Financial Condition and Results of Operations Dollars, subscribers and connections in millions, except per share and per subscriber amounts OVERVIEW AT&T Inc. is referred to as “we,” “AT&T” or the “Company” throughout this",AT&T INC.,234
0001564590-17-021032,10-Q,RISK_FACTORS,1,31,66181,"ITEM 1A. Risk Factors. Information concerning our risk factors is contained in Item 1A of our Form 10-K for the year ended December 31, 2016, and is incorporated by reference herein.",15,False,,,,TEXAS INSTRUMENTS INC,31
0001564590-18-010545,10-Q,MDA,1,2505,42542,"ITEM 2. Management’s discussion and analysis of financial condi tion and results of operations. Overview We design, make and sell semiconductors to electronics designers and manufacturers all over the world. Our business model is designed around the following four sustainable",1000,False,,,,TEXAS INSTRUMENTS INC,2505
0001564590-18-010545,10-Q,RISK_FACTORS,1,31,59290,"ITEM 1A. Risk Factors. Information concerning our risk factors is contained in Item 1A of our Form 10-K for the year ended December 31, 2017, and is incorporated by reference herein.",15,False,,,,TEXAS INSTRUMENTS INC,31
0001564590-18-018753,10-Q,MDA,1,2862,45162,"ITEM 2. Management’s discussion and analysis of financial condition and results of operations. Overview We design, make and sell semiconductors to electronics designers and manufacturers all over the world. Our business model is designed around the following four sustainable competitive",1000,False,,,,TEXAS INSTRUMENTS INC,2862
0001564590-18-018753,10-Q,RISK_FACTORS,1,31,64109,"ITEM 1A. Risk Factors. Information concerning our risk factors is contained in Item 1A of our Form 10-K for the year ended December 31, 2017, and is incorporated by reference herein.",15,False,,,,TEXAS INSTRUMENTS INC,31
0001564590-18-026405,10-Q,MDA,1,2980,46054,"ITEM 2. Management’s discussion and analysis of financial condition and results of operations. Overview We design, make and sell semiconductors to electronics designers and manufacturers all over the world. Our business model is designed around the following four sustainable competitive",1000,False,,,,TEXAS INSTRUMENTS INC,2980
0001564590-18-026405,10-Q,RISK_FACTORS,1,31,65754,"ITEM 1A. Risk Factors. Information concerning our risk factors is contained in Item 1A of our Form 10-K for the year ended December 31, 2017, and is incorporated by reference herein.",15,False,,,,TEXAS INSTRUMENTS INC,31
0001564590-19-014051,10-Q,RISK_FACTORS,1,31,49718,"ITEM 1A. Risk factors Information concerning our risk factors is contained in Item 1A of our Form 10-K for the year ended December 31, 2018, and is incorporated by reference herein.",15,False,,,,TEXAS INSTRUMENTS INC,31
0001628280-18-001147,10-Q,MDA,2,13,120992,Item 2. Management’s Discussion and Analysis of Financial Condition and Results of Operations.,1000,True,8638.0,65412.0,Item 2: Management’s Discussion and Analysis of Financial Condition and Results of Operations ORGANIZATION OF INFORMATION Management’s Discussion and Analysis provides a narrative of the Company’s financial performance and condition that should be read in conjunction with the accompanying financial,TWDC Enterprises 18 Corp.,13
0001628280-18-001147,10-Q,RISK_FACTORS,1,2275,122577,ITEM 1A. Risk Factors The Private Securities Litigation Reform Act of 1995 (the Act) provides a safe harbor for “forward-looking statements” made by or on behalf of the Company. We may from time to time make written or oral statements,15,False,,,,TWDC Enterprises 18 Corp.,2275
0001628280-18-011568,10-Q,MDA,1,5776,61936,"Item 2. Management’s Discussion and Analysis of Financial Condition and Results of Operations. The Thirteen Weeks ( second quarter) and Twenty-Six Weeks ( six months) Ended August 4, 2018 Compared to The Thirteen Weeks ( second quarter) and Twenty-Six Weeks",1000,False,,,,TJX COMPANIES INC /DE/,5776
0001628280-18-011568,10-Q,RISK_FACTORS,1,46,98863,"Item 1A. Risk Factors. There have been no material changes to the risk factors disclosed in the “Risk Factors” section of our Annual Report on Form 10-K for the year ended February 3, 2018 , as filed with the Securities",15,False,,,,TJX COMPANIES INC /DE/,46
0001564590-19-027328,10-Q,MDA,1,2672,38056,"ITEM 2. Management’s discussion and analysis of financial condition and results of operations Overview We design, make and sell semiconductors to electronics designers and manufacturers all over the world. Our business model is designed around the following four sustainable competitive",1000,False,,,,TEXAS INSTRUMENTS INC,2672
0001564590-19-027328,10-Q,RISK_FACTORS,1,31,55766,"ITEM 1A. Risk factors Information concerning our risk factors is contained in Item 1A of our Form 10-K for the year ended December 31, 2018, and is incorporated by reference herein.",15,False,,,,TEXAS INSTRUMENTS INC,31
0001628280-15-005578,10-Q,RISK_FACTORS,2,35,157068,"Item 1A. Risk Factors For information regarding risk factors, please refer to Part 1, Item 1A in the Company’s Annual Report on Form 10-K for the year ended December 31, 2014 . 57 COLGATE-PALMOLIVE COMPANY",15,False,,,,COLGATE PALMOLIVE CO,35
0001628280-15-005806,10-Q,MDA,1,10995,91773,"Item 2. Management's Discussion and Analysis of Financial Condition and Results of Operations EXECUTIVE SUMMARY OF SECOND QUARTER 2015 FINANCIAL RESULTS During the second quarter of 2015 , we continued to face certain headwinds that had adversely impacted our business",1000,False,,,,Aon plc,10995
0001628280-18-014818,10-Q,MDA,1,5938,68482,"Item 2. Management’s Discussion and Analysis of Financial Condition and Results of Operations. The Thirteen Weeks ( third quarter) and Thirty-Nine Weeks ( nine months) Ended November 3, 2018 Compared to The Thirteen Weeks ( third quarter) and Thirty-Nine Weeks",1000,False,,,,TJX COMPANIES INC /DE/,5938
0001628280-18-014818,10-Q,RISK_FACTORS,1,46,107027,"Item 1A. Risk Factors. There have been no material changes to the risk factors disclosed in the “Risk Factors” section of our Annual Report on Form 10-K for the year ended February 3, 2018 , as filed with the Securities",15,False,,,,TJX COMPANIES INC /DE/,46
0001628280-19-007432,10-Q,MDA,1,4886,57370,"Item 2. Management’s Discussion and Analysis of Financial Condition and Results of Operations The Thirteen Weeks ( first quarter) Ended May 4, 2019 Compared to The Thirteen Weeks ( first quarter) Ended May 5, 2018 OVERVIEW We are the leading",1000,False,,,,TJX COMPANIES INC /DE/,4886
0001628280-19-007432,10-Q,RISK_FACTORS,1,46,89931,"Item 1A. Risk Factors There have been no material changes to the risk factors disclosed in the “Risk Factors” section of our Annual Report on Form 10-K for the year ended February 2, 2019 , as filed with the Securities",15,False,,,,TJX COMPANIES INC /DE/,46
0001628280-16-014877,10-Q,RISK_FACTORS,2,35,123619,"Item 1A. Risk Factors For information regarding risk factors, please refer to Part 1, Item 1A in the Company’s Annual Report on Form 10-K for the year ended December 31, 2015 . 45 COLGATE-PALMOLIVE COMPANY",15,False,,,,COLGATE PALMOLIVE CO,35
0001628280-16-015092,10-Q,MDA,1,8593,81691,"Item 2. Management's Discussion and Analysis of Financial Condition and Results of Operations EXECUTIVE SUMMARY OF FIRST QUARTER 2016 FINANCIAL RESULTS During the first quarter of 2016 , we continued to face certain headwinds that adversely impacted our business in",1000,False,,,,Aon plc,8593
0001628280-16-015092,10-Q,RISK_FACTORS,2,77,141609,"Item 1A. Risk Factors"" in our Annual Report on Form 10-K for the year ended December 31, 2015 reflect certain risks associated with existing and potential lines of business and contain ""forward-looking statements"" as discussed in Part I, Item 2",15,False,,,,Aon plc,77
0001628280-16-017856,10-Q,RISK_FACTORS,2,35,153476,"Item 1A. Risk Factors For information regarding risk factors, please refer to Part 1, Item 1A in the Company’s Annual Report on Form 10-K for the year ended December 31, 2015 . 57 COLGATE-PALMOLIVE COMPANY",15,False,,,,COLGATE PALMOLIVE CO,35
0001628280-20-014630,10-Q,MDA,1,3093,35312,"ITEM 2. Management’s discussion and analysis of financial condition and results of operations Overview We design, make and sell semiconductors to electronics designers and manufacturers all over the world. For many years, we have run our business with three overarching",1000,False,,,,TEXAS INSTRUMENTS INC,3093
0001628280-20-014630,10-Q,RISK_FACTORS,1,31,55906,"ITEM 1A. Risk factors Information concerning our risk factors is contained in Item 1A of our Form 10-Q for the quarter ended March 31, 2020, and is incorporated by reference herein.",15,False,,,,TEXAS INSTRUMENTS INC,31
0001633917-15-000008,10-Q,MDA,1,9775,84360,Item 2: Management's Discussion and Analysis of Financial Condition and Results of Operations FORWARD-LOOKING STATEMENTS This Quarterly Report on Form 10-Q contains forward-looking statements within the meaning of Section 27A of the Securities Act of 1933 and Section 21E of,1000,False,,,,"PayPal Holdings, Inc.",9775
0001633917-15-000008,10-Q,RISK_FACTORS,2,17851,154861,"Item 1A: Risk Factors The following discussion is divided into three sections. The first section, which begins immediately following this paragraph, discusses some of the risks that may affect our business, results of operations and financial condition. The second section,",15,False,,,,"PayPal Holdings, Inc.",17851
0001628280-19-011321,10-Q,MDA,1,5937,63411,"Item 2. Management’s Discussion and Analysis of Financial Condition and Results of Operations The Thirteen Weeks ( second quarter) and Twenty-Six Weeks ( six months) Ended August 3, 2019 Compared to The Thirteen Weeks ( second quarter) and Twenty-Six Weeks",1000,False,,,,TJX COMPANIES INC /DE/,5937
0001628280-19-011321,10-Q,RISK_FACTORS,1,46,101599,"Item 1A. Risk Factors There have been no material changes to the risk factors disclosed in the “Risk Factors” section of our Annual Report on Form 10-K for the year ended February 2, 2019 , as filed with the Securities",15,False,,,,TJX COMPANIES INC /DE/,46
0001628280-19-014690,10-Q,MDA,1,6352,64020,"Item 2. Management’s Discussion and Analysis of Financial Condition and Results of Operations The Thirteen Weeks (third quarter) and Thirty-Nine Weeks (nine months) Ended November 2, 2019 Compared to The Thirteen Weeks (third quarter) and Thirty-Nine Weeks (nine months) Ended",1000,False,,,,TJX COMPANIES INC /DE/,6352
0001628280-19-014690,10-Q,RISK_FACTORS,1,46,105472,"Item 1A. Risk Factors There have been no material changes to the risk factors disclosed in the “Risk Factors” section of our Annual Report on Form 10-K for the year ended February 2, 2019 , as filed with the Securities",15,False,,,,TJX COMPANIES INC /DE/,46
0001628280-15-005806,10-Q,RISK_FACTORS,2,77,165124,"Item 1A. Risk Factors"" in our Annual Report on Form 10-K for the year ended December 31, 2014 reflect certain risks associated with existing and potential lines of business and contain ""forward-looking statements"" as discussed in Part I, Item 2",15,False,,,,Aon plc,77
0001628280-15-008062,10-Q,RISK_FACTORS,2,35,172930,"Item 1A. Risk Factors For information regarding risk factors, please refer to Part 1, Item 1A in the Company’s Annual Report on Form 10-K for the year ended December 31, 2014 . 61 COLGATE-PALMOLIVE COMPANY",15,False,,,,COLGATE PALMOLIVE CO,35
0001628280-15-008083,10-Q,MDA,1,11274,91346,"Item 2. Management's Discussion and Analysis of Financial Condition and Results of Operations EXECUTIVE SUMMARY OF THIRD QUARTER 2015 FINANCIAL RESULTS During the third quarter and first nine months of 2015 , we continued to face certain headwinds that had",1000,False,,,,Aon plc,11274
0001628280-15-008083,10-Q,RISK_FACTORS,2,77,166561,"Item 1A. Risk Factors"" in our Annual Report on Form 10-K for the year ended December 31, 2014 reflect certain risks associated with existing and potential lines of business and contain ""forward-looking statements"" as discussed in Part I, Item 2",15,False,,,,Aon plc,77
0001633917-15-000052,10-Q,MDA,1,10817,89426,"Item 2: Management's Discussion and Analysis of Financial Condition and Results of Operations Please read the following discussion in conjunction with the audited combined financial statements, which are comprised of the payments business of eBay Inc., including PayPal, Inc. and",1000,False,,,,"PayPal Holdings, Inc.",10817
0001633917-15-000052,10-Q,RISK_FACTORS,2,18568,167814,"Item 1A: Risk Factors The following discussion is divided into three sections. The first section, which begins immediately following this paragraph, discusses some of the risks that may affect our business, results of operations and financial condition. The second section,",15,False,,,,"PayPal Holdings, Inc.",18568
0001633917-16-000161,10-Q,MDA,1,9887,91309,Item 2: Management's Discussion and Analysis of Financial Condition and Results of Operations This Quarterly Report on Form 10-Q contains forward-looking statements within the meaning of Section 27A of the Securities Act of 1933 and Section 21E of the Securities,1000,False,,,,"PayPal Holdings, Inc.",9887
0001633917-16-000161,10-Q,RISK_FACTORS,2,2712,164815,"Item 1A: Risk Factors We are subject to various risks and uncertainties, including those described in Part I, Item 1A, ""Risk Factors"" in our Annual Report on Form 10-K for the year ended December 31, 2015, which could materially affect",15,False,,,,"PayPal Holdings, Inc.",2712
0001628280-16-017965,10-Q,MDA,1,10887,95757,"Item 2. Management's Discussion and Analysis of Financial Condition and Results of Operations EXECUTIVE SUMMARY OF SECOND QUARTER 2016 FINANCIAL RESULTS During the second quarter of 2016 , we continued to face certain headwinds that adversely impacted our business in",1000,False,,,,Aon plc,10887
0001628280-16-017965,10-Q,RISK_FACTORS,2,77,168383,"Item 1A. Risk Factors"" in our Annual Report on Form 10-K for the year ended December 31, 2015 reflect certain risks associated with existing and potential lines of business and contain ""forward-looking statements"" as discussed in Part I, Item 2",15,False,,,,Aon plc,77
0001628280-16-020443,10-Q,MDA,1,11348,99612,"Item 2. Management's Discussion and Analysis of Financial Condition and Results of Operations EXECUTIVE SUMMARY OF THIRD QUARTER 2016 FINANCIAL RESULTS During the third quarter of 2016 , we continued to face certain headwinds that adversely impacted our business in",1000,False,,,,Aon plc,11348
0001628280-16-020443,10-Q,RISK_FACTORS,3,77,175807,"Item 1A. Risk Factors"" of our Annual Report on Form 10-K for the year ended December 31, 2015 reflect certain risks associated with existing and potential lines of business and contain ""forward-looking statements"" as discussed in Part I, Item 2",15,False,,,,Aon plc,77
0001637459-15-000021,10-Q,MDA,1,8350,111758,"Item 2. Management’s Discussion and Analysis of Financial Condition and Results of Operations Executive Overview On March 24, 2015, H.J. Heinz Holding Corporation entered into an Agreement and Plan of Merger, dated as of March 24, 2015, among Kraft Foods",1000,False,,,,Kraft Heinz Co,8350
0001637459-15-000021,10-Q,RISK_FACTORS,2,7070,168081,Item 1A. Risk Factors You should read the following risk factors carefully in connection with evaluating our business and the forward-looking information contained in this Quarterly Report on Form 10-Q. Any of the following risks could materially and adversely affect,15,False,,,,Kraft Heinz Co,7070
0001739940-19-000007,10-Q,MDA,2,10175,144653,Item 2. MANAGEMENT’S DISCUSSION AND ANALYSIS OF FINANCIAL CONDITION AND RESULTS OF OPERATIONS PAGE Executive Overview 51 Liquidity and Capital Resources 56 Critical Accounting Estimates 58 Segment Reporting 59 Health Services 59 Integrated Medical 61 International Markets 62 Group Disability,1000,False,,,,Cigna Group,10175
0001739940-19-000007,10-Q,RISK_FACTORS,1,25,213121,"Item 1A. RISK FACTORS Cigna’s Annual Report on Form 10-K for the year ended December 31, 2018 includes a detailed description of its risk factors.",15,False,,,,Cigna Group,25
0001744489-21-000047,10-Q,MDA,1,11664,76945,Item 2: Management’s Discussion and Analysis of Financial Condition and Results of Operations ORGANIZATION OF INFORMATION Management’s Discussion and Analysis provides a narrative of the Company’s financial performance and condition that should be read in conjunction with the accompanying financial,1000,False,,,,Walt Disney Co,11664
0001744489-21-000047,10-Q,RISK_FACTORS,2,5448,153987,ITEM 1A. Risk Factors The Private Securities Litigation Reform Act of 1995 (the Act) provides a safe harbor for “forward-looking statements” made by or on behalf of the Company. We may from time to time make written or oral statements,15,False,,,,Walt Disney Co,5448
0001744489-21-000108,10-Q,MDA,1,17548,87684,Item 2: Management’s Discussion and Analysis of Financial Condition and Results of Operations ORGANIZATION OF INFORMATION Management’s Discussion and Analysis provides a narrative of the Company’s financial performance and condition that should be read in conjunction with the accompanying financial,1000,False,,,,Walt Disney Co,17548
0001744489-21-000108,10-Q,RISK_FACTORS,2,5508,201156,ITEM 1A. Risk Factors The Private Securities Litigation Reform Act of 1995 (the Act) provides a safe harbor for “forward-looking statements” made by or on behalf of the Company. We may from time to time make written or oral statements,15,False,,,,Walt Disney Co,5508
0001744489-21-000181,10-Q,MDA,1,17731,90964,Item 2: Management’s Discussion and Analysis of Financial Condition and Results of Operations ORGANIZATION OF INFORMATION Management’s Discussion and Analysis provides a narrative of the Company’s financial performance and condition that should be read in conjunction with the accompanying financial,1000,False,,,,Walt Disney Co,17731
0001744489-21-000181,10-Q,RISK_FACTORS,2,6084,205252,ITEM 1A. Risk Factors The Private Securities Litigation Reform Act of 1995 (the Act) provides a safe harbor for “forward-looking statements” made by or on behalf of the Company. We may from time to time make written or oral statements,15,False,,,,Walt Disney Co,6084
0001744489-22-000059,10-Q,MDA,1,13233,64647,"Item 2: Management’s Discussion and Analysis of Financial Condition and Results of Operations This Quarterly Report on Form 10-Q contains forward-looking statements within the meaning of Section 27A of the Securities Act of 1933, as amended, and Section 21E of",1000,False,,,,Walt Disney Co,13233
0001744489-22-000059,10-Q,RISK_FACTORS,1,92,151817,"ITEM 1A. Risk Factors For an enterprise as large and complex as the Company, a wide range of factors could materially affect future developments and performance, including those described in “Risk Factors” in our 2021 Annual Report on Form 10-K",15,False,,,,Walt Disney Co,92
0001744489-20-000102,10-Q,MDA,1,19088,103848,Item 2: Management’s Discussion and Analysis of Financial Condition and Results of Operations ORGANIZATION OF INFORMATION Management’s Discussion and Analysis provides a narrative of the Company’s financial performance and condition that should be read in conjunction with the accompanying financial,1000,False,,,,Walt Disney Co,19088
0001744489-20-000102,10-Q,RISK_FACTORS,2,7477,227436,ITEM 1A. Risk Factors The Private Securities Litigation Reform Act of 1995 provides a safe harbor for “forward-looking statements” made by or on behalf of the Company. We may from time to time make written or oral statements that are,15,False,,,,Walt Disney Co,7477
0001744489-20-000151,10-Q,MDA,1,19909,114396,Item 2: Management’s Discussion and Analysis of Financial Condition and Results of Operations ORGANIZATION OF INFORMATION Management’s Discussion and Analysis provides a narrative of the Company’s financial performance and condition that should be read in conjunction with the accompanying financial,1000,False,,,,Walt Disney Co,19909
0001744489-20-000151,10-Q,RISK_FACTORS,2,7903,243849,ITEM 1A. Risk Factors The Private Securities Litigation Reform Act of 1995 provides a safe harbor for “forward-looking statements” made by or on behalf of the Company. We may from time to time make written or oral statements that are,15,False,,,,Walt Disney Co,7903
0001744489-19-000167,10-Q,MDA,1,15682,139402,Item 2: Management’s Discussion and Analysis of Financial Condition and Results of Operations ORGANIZATION OF INFORMATION Management’s Discussion and Analysis provides a narrative of the Company’s financial performance and condition that should be read in conjunction with the accompanying financial,1000,False,,,,Walt Disney Co,15682
0001744489-19-000167,10-Q,RISK_FACTORS,1,732,240129,ITEM 1A. Risk Factors The Private Securities Litigation Reform Act of 1995 (the Act) provides a safe harbor for “forward-looking statements” made by or on behalf of the Company. We may from time to time make written or oral statements,15,False,,,,Walt Disney Co,732
0001744489-20-000046,10-Q,MDA,1,9665,95400,Item 2: Management’s Discussion and Analysis of Financial Condition and Results of Operations ORGANIZATION OF INFORMATION Management’s Discussion and Analysis provides a narrative of the Company’s financial performance and condition that should be read in conjunction with the accompanying financial,1000,False,,,,Walt Disney Co,9665
0001744489-20-000046,10-Q,RISK_FACTORS,1,747,159962,ITEM 1A. Risk Factors The Private Securities Litigation Reform Act of 1995 (the Act) provides a safe harbor for “forward-looking statements” made by or on behalf of the Company. We may from time to time make written or oral statements,15,False,,,,Walt Disney Co,747
0001744489-22-000100,10-Q,MDA,1,18779,75421,"Item 2: Management’s Discussion and Analysis of Financial Condition and Results of Operations This Quarterly Report on Form 10-Q contains forward-looking statements within the meaning of Section 27A of the Securities Act of 1933, as amended, and Section 21E of",1000,False,,,,Walt Disney Co,18779
0001744489-22-000100,10-Q,RISK_FACTORS,1,92,196514,"ITEM 1A. Risk Factors For an enterprise as large and complex as the Company, a wide range of factors could materially affect future developments and performance, including those described in “Risk Factors” in our 2021 Annual Report on Form 10-K",15,False,,,,Walt Disney Co,92
0001744489-22-000161,10-Q,MDA,1,19179,75141,"Item 2: Management’s Discussion and Analysis of Financial Condition and Results of Operations This Quarterly Report on Form 10-Q contains forward-looking statements within the meaning of Section 27A of the Securities Act of 1933, as amended, and Section 21E of",1000,False,,,,Walt Disney Co,19179
0001744489-22-000161,10-Q,RISK_FACTORS,1,92,198723,"ITEM 1A. Risk Factors For an enterprise as large and complex as the Company, a wide range of factors could materially affect future developments and performance, including those described in “Risk Factors” in our 2021 Annual Report on Form 10-K",15,False,,,,Walt Disney Co,92
0001744489-23-000049,10-Q,MDA,1,11542,63272,"Item 2: Management’s Discussion and Analysis of Financial Condition and Results of Operations SIGNIFICANT DEVELOPMENTS Leadership Change and Pending Restructuring As previously announced, on November 20, 2022, Robert A. Iger returned to the Company as Chief Executive Officer (“CEO”) and",1000,False,,,,Walt Disney Co,11542
0001744489-23-000049,10-Q,RISK_FACTORS,1,1430,139708,"ITEM 1A. Risk Factors For an enterprise as large and complex as the Company, a wide range of factors could materially affect future developments and performance. In addition to the factors affecting specific business operations identified in connection with the",15,False,,,,Walt Disney Co,1430
0001744489-23-000099,10-Q,MDA,1,16807,72352,"Item 2: Management’s Discussion and Analysis of Financial Condition and Results of Operations SIGNIFICANT DEVELOPMENTS Leadership Change and Restructuring On November 20, 2022, Robert A. Iger returned to the Company as Chief Executive Officer (“CEO”) and Director. Mr. Iger previously",1000,False,,,,Walt Disney Co,16807
0001744489-23-000099,10-Q,RISK_FACTORS,1,2745,180895,"ITEM 1A. Risk Factors For an enterprise as large and complex as the Company, a wide range of factors could materially affect future developments and performance. In addition to the factors affecting specific business operations identified in connection with the",15,False,,,,Walt Disney Co,2745
0001739940-19-000012,10-Q,MDA,2,10619,148773,Item 2. MANAGEMENT’S DISCUSSION AND ANALYSIS OF FINANCIAL CONDITION AND RESULTS OF OPERATIONS PAGE Executive Overview 52 Liquidity and Capital Resources 57 Critical Accounting Estimates 60 Segment Reporting 60 Health Services 61 Integrated Medical 63 International Markets 64 Group Disability,1000,False,,,,Cigna Group,10619
0001739940-19-000012,10-Q,RISK_FACTORS,1,46,220605,"Item 1A. RISK FACTORS For information regarding factors that could affect the Company's results of operations, financial condition and liquidity, see the risk factors discussed in Part I, Item 1A. “Risk Factors” in our Annual Report on Form 10-K for",15,False,,,,Cigna Group,46
0001744489-19-000100,10-Q,MDA,1,14820,133511,Item 2: Management’s Discussion and Analysis of Financial Condition and Results of Operations ORGANIZATION OF INFORMATION Management’s Discussion and Analysis provides a narrative of the Company’s financial performance and condition that should be read in conjunction with the accompanying financial,1000,False,,,,Walt Disney Co,14820
0001744489-19-000100,10-Q,RISK_FACTORS,1,728,228208,ITEM 1A. Risk Factors The Private Securities Litigation Reform Act of 1995 (the Act) provides a safe harbor for “forward-looking statements” made by or on behalf of the Company. We may from time to time make written or oral statements,15,False,,,,Walt Disney Co,728
0001744489-23-000171,10-Q,MDA,1,17402,78962,"Item 2: Management’s Discussion and Analysis of Financial Condition and Results of Operations SIGNIFICANT DEVELOPMENTS Leadership Change and Restructuring On November 20, 2022, Robert A. Iger returned to the Company as Chief Executive Officer (CEO) and Director. Mr. Iger previously",1000,False,,,,Walt Disney Co,17402
0001744489-23-000171,10-Q,RISK_FACTORS,1,2777,191595,"ITEM 1A. Risk Factors For an enterprise as large and complex as the Company, a wide range of factors could materially affect future developments and performance. In addition to the factors affecting specific business operations identified in connection with the",15,False,,,,Walt Disney Co,2777
0001744489-24-000081,10-Q,MDA,1,12732,68466,Item 2: Management’s Discussion and Analysis of Financial Condition and Results of Operations ORGANIZATION OF INFORMATION Management’s Discussion and Analysis provides a narrative of the Company’s financial performance and condition that should be read in conjunction with the accompanying financial,1000,False,,,,Walt Disney Co,12732
0001744489-24-000081,10-Q,RISK_FACTORS,1,657,152463,"ITEM 1A. Risk Factors For an enterprise as large and complex as the Company, a wide range of factors could materially affect future developments and performance. In addition to the factors affecting specific business operations identified in connection with the",15,False,,,,Walt Disney Co,657
0001744489-24-000152,10-Q,MDA,1,17718,92430,Item 2: Management’s Discussion and Analysis of Financial Condition and Results of Operations ORGANIZATION OF INFORMATION Management’s Discussion and Analysis provides a narrative of the Company’s financial performance and condition that should be read in conjunction with the accompanying financial,1000,False,,,,Walt Disney Co,17718
0001744489-24-000152,10-Q,RISK_FACTORS,1,616,206559,"ITEM 1A. Risk Factors For an enterprise as large and complex as the Company, a wide range of factors could materially affect future developments and performance. In addition to the factors affecting specific business operations identified in connection with the",15,False,,,,Walt Disney Co,616
0001744489-24-000232,10-Q,MDA,1,17739,96472,Item 2: Management’s Discussion and Analysis of Financial Condition and Results of Operations ORGANIZATION OF INFORMATION Management’s Discussion and Analysis provides a narrative of the Company’s financial performance and condition that should be read in conjunction with the accompanying financial,1000,False,,,,Walt Disney Co,17739
0001744489-24-000232,10-Q,RISK_FACTORS,1,565,210689,"ITEM 1A. Risk Factors For an enterprise as large and complex as the Company, a wide range of factors could materially affect future developments and performance. In addition to the factors affecting specific business operations identified in connection with the",15,False,,,,Walt Disney Co,565
