acc,cik,name,filing_date,words,chars,tail_share,marker,line,anchor
0001193125-23-034197,1136893,"Fidelity National Information Services, Inc.",2023-02-13,7417,48247,0.0,,,
0001510295-26-000060,1510295,Marathon Petroleum Corp,2026-08-04,5991,39081,0.0,,,
0001628280-26-049933,31462,ECOLAB INC.,2026-07-28,6461,42708,0.0,,,
0000037996-20-000056,37996,FORD MOTOR CO,2020-07-31,7403,47204,0.0,,,
0000063908-19-000056,63908,MCDONALDS CORP,2019-07-26,1753,11572,0.0,,,
0001730168-26-000011,1730168,Broadcom Inc.,2026-03-04,3588,23652,0.0,,,
0001090727-20-000019,1090727,UNITED PARCEL SERVICE INC,2020-04-28,3808,25338,0.0,,,
0000320193-20-000094,320193,Apple Inc.,2020-10-29,2032,13958,0.0,,,
0001403161-19-000042,1403161,VISA INC.,2019-10-24,7419,46821,0.0,,,
0000821189-19-000019,821189,EOG RESOURCES INC,2019-05-02,9880,62135,0.0,,,
0000101829-23-000013,101829,RTX Corp,2023-04-25,5278,34957,0.0,,,
0000093410-16-000053,93410,CHEVRON CORP,2016-04-29,2722,17706,0.0,,,
0001157523-17-001395,1358071,CONCHO RESOURCES INC,2017-05-03,5094,32547,0.0,,,
0000062709-18-000029,62709,"MARSH & MCLENNAN COMPANIES, INC.",2018-07-26,6508,38909,0.6306767071885682,supplemental information,Supplemental Information - Revenue Analysis,
0000732712-18-000051,732712,VERIZON COMMUNICATIONS INC,2018-10-23,5974,37733,0.3313810192669547,supplemental information,Supplemental Information - Impact of Topic 606,
0000086521-18-000015,1032208,SEMPRA,2018-02-27,5839,36842,0.0,,,
0001628280-25-044845,19617,JPMORGAN CHASE & CO,2025-10-14,3763,23292,0.0,,,
0000037996-18-000008,37996,FORD MOTOR CO,2018-01-24,3205,19777,0.0,,,
0000831259-19-000015,831259,FREEPORT-MCMORAN INC,2019-04-25,12611,77355,0.0,,,
0000093410-26-000162,93410,CHEVRON CORP,2026-07-31,5012,31621,0.0,,,
0000077476-20-000042,77476,PEPSICO INC,2020-04-28,5178,32680,0.7520807833537332,supplemental financial information,Supplemental Financial Information,
0000313616-20-000091,313616,DANAHER CORP /DE/,2020-05-06,3835,25793,0.0,,,
0000024741-26-000034,24741,CORNING INC /NY,2026-01-28,6894,44389,0.0,,,
0001564590-17-019158,1318605,"Tesla, Inc.",2017-10-02,395,2414,0.0,,,
0001157523-18-000894,1551182,Eaton Corp plc,2018-05-01,2835,18107,0.0,,,
0001193125-26-157977,1045609,"Prologis, Inc.",2026-04-16,1567,10652,0.0,,,Prologis (F2 §5 deck/title-page precedent)
0000895728-18-000064,895728,ENBRIDGE INC,2018-11-02,9300,60250,0.0,,,
0000097476-26-000148,97476,TEXAS INSTRUMENTS INC,2026-07-22,2226,14173,0.0,,,
0001535527-22-000004,1535527,"CrowdStrike Holdings, Inc.",2022-03-09,6187,41945,0.0,,,
0001193125-20-050074,1512673,"Block, Inc.",2020-02-26,8399,53509,0.0,,,
0001326801-21-000062,1326801,"Meta Platforms, Inc.",2021-10-25,3005,19651,0.0,,,
0000097745-24-000036,97745,THERMO FISHER SCIENTIFIC INC.,2024-07-24,4391,29571,0.0,,,
0001640147-24-000031,1640147,Snowflake Inc.,2024-02-28,5835,39949,0.0,,,
0001035002-24-000050,1035002,VALERO ENERGY CORP/TX,2024-07-25,7113,45183,0.0,,,
0001539838-24-000195,1539838,"Diamondback Energy, Inc.",2024-11-04,5889,37776,0.0,,,
0000049826-26-000003,49826,ILLINOIS TOOL WORKS INC,2026-02-03,3008,18197,0.0,,,
0000922224-20-000022,922224,PPL Corp,2020-05-08,3794,24424,0.0,,,
0001564590-22-025153,1318605,"Tesla, Inc.",2022-07-05,296,1874,0.0,,,
0001510295-18-000010,1510295,Marathon Petroleum Corp,2018-02-01,6279,40584,0.0,,,
0000950170-22-021492,1389170,Targa Resources Corp.,2022-11-03,6782,43597,0.0,,,
0000080424-23-000039,80424,PROCTER & GAMBLE Co,2023-04-21,4283,28304,0.0,,,
0001539838-21-000059,1539838,"Diamondback Energy, Inc.",2021-04-16,1629,10152,0.0,,,
0001047469-19-004452,1063761,SIMON PROPERTY GROUP INC.,2019-07-31,15299,100554,0.0,,,"Simon Property (combined release+supplemental, H4 §8.4)"
0000092230-23-000064,92230,TRUIST FINANCIAL CORP,2023-07-20,6159,39564,0.0,,,
0001539838-17-000103,1539838,"Diamondback Energy, Inc.",2017-08-02,3437,21316,0.0,,,
0000316709-17-000043,316709,SCHWAB CHARLES CORP,2017-10-16,5423,31818,0.0,,,
0001053507-16-000045,1053507,AMERICAN TOWER CORP /MA/,2016-07-28,7930,52171,0.0,,,
0001104659-24-114539,4281,Howmet Aerospace Inc.,2024-11-06,6813,41072,0.0,,,
0001489393-18-000008,1489393,LyondellBasell Industries N.V.,2018-08-03,2963,19211,0.0,,,
0001283699-23-000149,1283699,"T-Mobile US, Inc.",2023-10-25,5753,38223,0.0,,,
0001193125-21-043333,1321655,Palantir Technologies Inc.,2021-02-16,2510,17193,0.0,,,
0001137774-20-000101,1137774,PRUDENTIAL FINANCIAL INC,2020-08-04,4968,32370,0.0,,,
0000732712-18-000015,732712,VERIZON COMMUNICATIONS INC,2018-04-24,5175,33586,0.0,,,
0000950170-24-040274,1318605,"Tesla, Inc.",2024-04-02,348,2170,0.0,,,
0000723125-20-000030,723125,MICRON TECHNOLOGY INC,2020-03-25,3097,19776,0.0,,,
0001193125-16-563792,106040,WESTERN DIGITAL CORP,2016-04-28,3162,20850,0.0,,,
0000713676-25-000126,713676,"PNC FINANCIAL SERVICES GROUP, INC.",2025-10-15,8706,54064,0.0,,,
0000927628-16-000220,927628,CAPITAL ONE FINANCIAL CORP,2016-10-25,1008,6198,0.0,,,
0001193125-19-023138,89800,SHERWIN WILLIAMS CO,2019-01-31,4266,28321,0.0,,,
0001163165-25-000056,1163165,CONOCOPHILLIPS,2025-11-06,3506,23667,0.0,,,
0001108524-18-000017,1108524,"Salesforce, Inc.",2018-04-02,2578,17583,0.0,,,
0001193125-25-113823,1090012,DEVON ENERGY CORP/DE,2025-05-06,2031,13558,0.0,,,
0001193125-20-019027,89800,SHERWIN WILLIAMS CO,2020-01-30,3945,25344,0.0,,,
0000092122-15-000061,92122,SOUTHERN CO,2015-07-28,184,1326,0.0,,,
0001157523-15-003325,895421,MORGAN STANLEY,2015-10-19,5393,32460,0.0,,,
0001564590-21-000008,1318605,"Tesla, Inc.",2021-01-04,263,1738,0.0,,,
0000064803-23-000015,64803,CVS HEALTH Corp,2023-05-03,8828,58036,0.4041457026673099,supplemental information,Supplemental Information,
0000101829-17-000032,101829,RTX Corp,2017-07-25,4248,27061,0.0,,,
0001123360-16-000047,1123360,GLOBAL PAYMENTS INC,2016-01-11,4292,26088,0.0,,,
0001193125-16-446746,1489393,LyondellBasell Industries N.V.,2016-02-02,6783,41703,0.0,,,
0000895728-18-000027,895728,ENBRIDGE INC,2018-08-03,9035,58263,0.0,,,
0001193125-25-008046,87347,SLB LIMITED/NV,2025-01-17,10829,67228,0.0,,,
0001467858-24-000100,1467858,General Motors Co,2024-07-23,6918,41905,0.0,,,
0000018230-17-000226,18230,CATERPILLAR INC,2017-07-25,10954,70564,0.219800464826257,supplemental data,Supplemental Data for Results of Operations,
0001164727-24-000006,1164727,NEWMONT Corp /DE/,2024-02-22,23998,146801,0.0,,,
0001390777-18-000128,1390777,Bank of New York Mellon Corp,2018-10-18,5462,33493,0.0,,,
0001193125-22-114105,87347,SLB LIMITED/NV,2022-04-22,8463,55492,0.0,,,
0001060391-21-000043,1060391,"REPUBLIC SERVICES, INC.",2021-10-28,5144,32668,0.0,,,
0001637459-23-000110,1637459,Kraft Heinz Co,2023-08-02,5584,35578,0.0,,,
0000003570-17-000075,3570,"Cheniere Energy, Inc.",2017-05-04,3643,23677,0.0,,,
0000726728-22-000054,726728,REALTY INCOME CORP,2022-05-04,5146,33213,0.0,,,
0000002969-25-000042,2969,"Air Products & Chemicals, Inc.",2025-07-31,6386,42601,0.0,,,
0001558370-23-001449,1297996,"DIGITAL REALTY TRUST, INC.",2023-02-16,17667,115567,0.0,,,
0000875045-23-000005,875045,BIOGEN INC.,2023-02-15,6706,43564,0.0,,,
0001193125-19-211505,1137789,Seagate Technology Holdings plc,2019-08-02,3902,24945,0.0,,,
0001193125-23-081355,1618921,"Walgreens Boots Alliance, Inc.",2023-03-28,8906,58551,0.5433895236631313,supplemental information,SUPPLEMENTAL INFORMATION (UNAUDITED),
0000715957-17-000016,715957,"DOMINION ENERGY, INC",2017-05-04,2604,17344,0.0,,,
0001564590-19-027216,715957,"DOMINION ENERGY, INC",2019-07-31,3527,21693,0.0,,,
0001060391-24-000132,1060391,"REPUBLIC SERVICES, INC.",2024-02-27,6469,41064,0.0,,,
0000018230-18-000280,18230,CATERPILLAR INC,2018-10-23,9912,63542,0.2518334330049416,supplemental data,Supplemental Data for Results of Operations,
0001166691-24-000028,1166691,COMCAST CORP,2024-04-25,4785,32362,0.0,,,
0000950123-18-003776,12927,BOEING CO,2018-04-25,4535,30117,0.0,,,
0001628280-26-046717,1318605,"Tesla, Inc.",2026-07-02,304,1936,0.0,,,
0000100885-20-000139,100885,UNION PACIFIC CORP,2020-04-23,2732,17192,0.7007328990228013,supplemental financial information,Supplemental financial information is attached,
0001012569-15-000112,1012569,"Energy Transfer, LP",2015-11-04,6969,44553,0.7322739209480843,supplemental information,SUPPLEMENTAL INFORMATION,
0000092122-16-000210,92122,SOUTHERN CO,2016-10-31,962,6367,0.0,,,
0001404912-23-000022,1404912,KKR & Co. Inc.,2023-11-07,13577,90609,0.7033407277422773,supplemental information,Supplemental Information,
0000731766-18-000002,731766,UNITEDHEALTH GROUP INC,2018-01-16,4494,30511,0.4118186883419095,supplemental financial information,Supplemental Financial Information - Businesses,
0000051143-26-000077,51143,INTERNATIONAL BUSINESS MACHINES CORP,2026-07-22,4223,26477,0.0,,,
0000354950-21-000181,354950,"HOME DEPOT, INC.",2021-08-17,1550,10054,0.0,,,
0001065280-23-000119,1065280,NETFLIX INC,2023-04-18,5468,35262,0.12117860586467018,supplemental information,Supplemental Information,
0000049826-23-000002,49826,ILLINOIS TOOL WORKS INC,2023-02-02,3479,21052,0.0,,,
0001193125-21-058671,788784,PUBLIC SERVICE ENTERPRISE GROUP INC,2021-02-26,6196,37761,0.0,,,
0000895728-22-000017,895728,ENBRIDGE INC,2022-05-06,7980,54175,0.0,,,
0001645590-26-000052,1645590,Hewlett Packard Enterprise Co,2026-06-01,8311,54975,0.0,,,
0001193125-18-320910,1512673,"Block, Inc.",2018-11-07,7046,45799,0.0,,,
0001558370-25-000892,315189,DEERE & CO,2025-02-13,4571,29866,0.0,,,
0001047862-19-000138,1047862,CONSOLIDATED EDISON INC,2019-08-01,2536,16344,0.0,,,
0000310764-20-000120,310764,STRYKER CORP,2020-07-30,4131,24705,0.0,,,
0001193125-17-145129,1489393,LyondellBasell Industries N.V.,2017-04-28,5153,32001,0.0,,,
0001555280-22-000075,1555280,Zoetis Inc.,2022-02-15,6954,42496,0.0,,,
0000021344-22-000030,21344,COCA COLA CO,2022-07-26,12535,79593,0.0,,,
0001133421-18-000047,1133421,NORTHROP GRUMMAN CORP /DE/,2018-10-24,5456,34370,0.0,,,
0000097745-19-000003,97745,THERMO FISHER SCIENTIFIC INC.,2019-01-30,5283,33354,0.0,,,
0001585521-22-000209,1585521,"Zoom Communications, Inc.",2022-11-21,4001,27117,0.0,,,
0001404912-25-000019,1404912,KKR & Co. Inc.,2025-05-01,14707,98792,0.7131954004372824,supplemental information,Supplemental Information,
0001104659-24-046583,831001,CITIGROUP INC,2024-04-12,6456,40735,0.0,,,
0000010795-17-000007,10795,BECTON DICKINSON & CO,2017-05-02,5479,33625,0.3373977695167286,supplemental information,SUPPLEMENTAL INFORMATION,
0000950170-23-057723,1389170,Targa Resources Corp.,2023-11-02,6866,43947,0.0,,,
0000080424-15-000063,80424,PROCTER & GAMBLE Co,2015-07-30,5571,34704,0.0,,,
0001108524-20-000008,1108524,"Salesforce, Inc.",2020-02-25,6470,41663,0.0,,,
0001157523-15-002627,1163165,CONOCOPHILLIPS,2015-07-30,2121,14085,0.3217607383741569,supplemental information,"supplemental information, go to",
0001157523-22-000149,1551182,Eaton Corp plc,2022-02-04,3935,24877,0.0,,,
0001467858-19-000082,1467858,General Motors Co,2019-04-30,1377,8910,0.0,,,
0001104659-20-120261,823768,WASTE MANAGEMENT INC,2020-11-02,4506,28728,0.1916945140629351,supplemental data,Supplemental Data,
0000002488-17-000017,2488,ADVANCED MICRO DEVICES INC,2017-01-31,5696,34217,0.0,,,
0000063908-24-000029,63908,MCDONALDS CORP,2024-02-05,2578,17258,0.0,,,
0000764180-26-000056,764180,"ALTRIA GROUP, INC.",2026-04-30,5950,37536,0.0,,,
0001297996-17-000097,1297996,"DIGITAL REALTY TRUST, INC.",2017-07-27,25140,156410,0.0,,,
0000927628-23-000014,927628,CAPITAL ONE FINANCIAL CORP,2023-01-24,1323,8575,0.0,,,
0000915912-21-000002,915912,AVALONBAY COMMUNITIES INC,2021-02-04,8256,54116,0.0,,,AvalonBay (clean two-exhibit shape)
0001534701-26-000030,1534701,Phillips 66,2026-08-05,3593,23790,0.0,,,
0000079879-17-000068,79879,PPG INDUSTRIES INC,2017-07-12,1418,7417,0.0,,,
0001535527-20-000010,1535527,"CrowdStrike Holdings, Inc.",2020-06-02,4403,29982,0.0,,,
0000723125-26-000013,723125,MICRON TECHNOLOGY INC,2026-06-24,2707,17588,0.0,,,
0001091667-15-000184,1091667,"CHARTER COMMUNICATIONS, INC. /MO/",2015-08-04,7030,44461,0.0,,,
0001038357-21-000050,1038357,PIONEER NATURAL RESOURCES CO,2021-08-02,6203,40377,0.0,,,
0000790070-15-000165,790070,EMC CORP,2015-10-21,6516,39714,0.24958452938510348,supplemental information,Supplemental Information,
0001193125-17-234987,1532063,Express Scripts Holding Co.,2017-07-25,5870,37318,0.7842596066241492,supplemental information,Supplemental Information Regarding,
0001047469-16-012541,1063761,SIMON PROPERTY GROUP INC.,2016-04-26,15322,101026,0.0,,,"Simon Property (combined release+supplemental, H4 §8.4)"
0000080424-19-000028,80424,PROCTER & GAMBLE Co,2019-04-23,4706,30492,0.0,,,
0001193125-18-227786,106040,WESTERN DIGITAL CORP,2018-07-26,3451,21939,0.0,,,
0001122304-18-000065,1122304,AETNA INC /PA/,2018-05-01,7326,48011,0.0,,,
0000014272-25-000089,14272,BRISTOL MYERS SQUIBB CO,2025-04-24,6208,39230,0.0,,,
0001193125-16-792454,4281,Howmet Aerospace Inc.,2016-12-14,761,4603,0.0,,,
0000310764-16-000195,310764,STRYKER CORP,2016-01-12,1224,7903,0.0,,,
0001404912-20-000014,1404912,KKR & Co. Inc.,2020-08-04,10261,67905,0.0,,,
0000764180-25-000047,764180,"ALTRIA GROUP, INC.",2025-04-29,7398,46694,0.0,,,
0000882095-22-000016,882095,"GILEAD SCIENCES, INC.",2022-08-02,7046,44005,0.0,,,
0000922224-19-000048,922224,PPL Corp,2019-08-06,4932,29886,0.0,,,
0000006951-16-000055,6951,APPLIED MATERIALS INC /DE,2016-08-18,4749,27211,0.0,,,
0001193125-16-496516,34088,EXXON MOBIL CORP,2016-03-08,21009,127799,0.0,,,
0001032208-24-000013,1032208,SEMPRA,2024-05-07,4148,28060,0.0,,,
0000316709-22-000005,316709,SCHWAB CHARLES CORP,2022-01-18,7074,43532,0.0,,,
0001297996-19-000069,1297996,"DIGITAL REALTY TRUST, INC.",2019-04-25,19885,127348,0.0,,,
0000927653-25-000138,927653,MCKESSON CORP,2025-11-05,7135,48413,0.0,,,
0001193125-17-232373,87347,SLB LIMITED/NV,2017-07-21,8363,53663,0.19730540595941337,supplemental information,Supplemental Information,
0000804753-20-000029,804753,CERNER Corp,2020-04-28,4038,28282,0.0,,,
0001104659-16-118323,718877,"Activision Blizzard, Inc.",2016-05-05,6166,38418,0.0,,,
0001193125-26-182332,73309,NUCOR CORP,2026-04-27,3175,20179,0.0,,,
0001628280-26-011631,1640147,Snowflake Inc.,2026-02-25,7348,50234,0.0,,,
0000831259-18-000028,831259,FREEPORT-MCMORAN INC,2018-07-25,18805,111951,0.0,,,
0001403161-26-000077,1403161,VISA INC.,2026-04-28,4578,29360,0.0,,,
0001534701-21-000103,1534701,Phillips 66,2021-04-30,3944,26495,0.0,,,
0000072903-16-000115,72903,XCEL ENERGY INC,2016-01-28,8358,51157,0.0,,,
0000024741-21-000007,24741,CORNING INC /NY,2021-01-27,7080,44505,0.0,,,
0000034088-19-000039,34088,EXXON MOBIL CORP,2019-08-02,4131,27218,0.0,,,
0000769397-20-000028,769397,"Autodesk, Inc.",2020-08-25,5257,33390,0.0,,,
0000950170-24-071916,1341439,ORACLE CORP,2024-06-11,5410,32604,0.0,,,
0000092230-20-000076,92230,TRUIST FINANCIAL CORP,2020-07-16,8550,56148,0.0,,,
0000012927-16-000137,12927,BOEING CO,2016-07-21,856,5704,0.0,,,
0000313616-18-000133,313616,DANAHER CORP /DE/,2018-10-18,3578,23761,0.0,,,
0000092122-18-000052,92122,SOUTHERN CO,2018-08-08,1985,13789,0.0,,,
0001276187-24-000016,1276187,Energy Transfer LP,2024-02-14,6088,40446,0.7226919843742273,supplemental information,SUPPLEMENTAL INFORMATION,
0001804220-25-000020,872589,"REGENERON PHARMACEUTICALS, INC.",2025-04-29,5377,35374,0.0,,,
0001099590-23-000010,1099590,MERCADOLIBRE INC,2023-05-03,5676,36189,0.0,,,
0001633917-24-000022,1633917,"PayPal Holdings, Inc.",2024-02-07,6279,39916,0.0,,,
0001193125-26-166937,896159,Chubb Ltd,2026-04-21,4673,31068,0.0,,,
0000766704-26-000005,766704,WELLTOWER INC.,2026-02-10,6796,46985,0.0,,,
0001137774-24-000147,1137774,PRUDENTIAL FINANCIAL INC,2024-08-01,4745,31895,0.0,,,
0000063908-25-000006,63908,MCDONALDS CORP,2025-02-10,2476,16225,0.0,,,
0001018724-25-000034,1018724,AMAZON COM INC,2025-05-01,4798,29099,0.34956527715729063,supplemental financial information,Supplemental Financial Information and Business Metrics,
0001075531-24-000011,1075531,Booking Holdings Inc.,2024-02-22,4338,27243,0.0,,,
0000927628-17-000269,927628,CAPITAL ONE FINANCIAL CORP,2017-10-24,1094,6772,0.0,,,
0000313616-26-000109,313616,DANAHER CORP /DE/,2026-04-21,3736,25212,0.0,,,
0000313616-23-000129,313616,DANAHER CORP /DE/,2023-04-25,4576,30584,0.0,,,
0000045012-25-000068,45012,HALLIBURTON CO,2025-10-21,5363,34803,0.0,,,
0001193125-17-128826,5272,"AMERICAN INTERNATIONAL GROUP, INC.",2017-04-19,550,3835,0.0,,,
0000354950-18-000055,354950,"HOME DEPOT, INC.",2018-11-13,2515,15642,0.0,,,
0000086312-24-000004,86312,"TRAVELERS COMPANIES, INC.",2024-01-19,9873,62696,0.0,,,
0001137789-18-000009,1137789,Seagate Technology Holdings plc,2018-01-09,1529,10604,0.0,,,
0001137789-25-000148,1137789,Seagate Technology Holdings plc,2025-07-29,4595,29611,0.0,,,
0000813672-22-000053,813672,CADENCE DESIGN SYSTEMS INC,2022-10-24,3503,22996,0.0,,,
0001193125-15-366490,1034054,SBA COMMUNICATIONS CORP,2015-11-05,6038,39427,0.0,,,
0001193125-21-025873,896159,Chubb Ltd,2021-02-02,5729,37773,0.0,,,
0001628280-21-020779,315293,Aon plc,2021-10-29,5673,36108,0.0,,,
0000055785-19-000004,55785,KIMBERLY CLARK CORP,2019-01-23,5551,34353,0.0,,,
0000354950-19-000061,354950,"HOME DEPOT, INC.",2019-11-19,1637,10383,0.0,,,
0000064040-22-000109,64040,S&P Global Inc.,2022-05-03,7389,47287,0.0,,,
0001104659-21-024093,5272,"AMERICAN INTERNATIONAL GROUP, INC.",2021-02-16,9650,60804,0.0,,,
0001193125-16-648803,713676,"PNC FINANCIAL SERVICES GROUP, INC.",2016-07-15,10699,66625,0.0,,,
0000885725-19-000043,885725,BOSTON SCIENTIFIC CORP,2019-10-23,4776,29940,0.0,,,
0000072903-19-000042,72903,XCEL ENERGY INC,2019-08-01,6904,42248,0.0,,,
0000885725-22-000026,885725,BOSTON SCIENTIFIC CORP,2022-10-26,4314,27249,0.0,,,
0001489393-19-000003,1489393,LyondellBasell Industries N.V.,2019-02-01,4886,30627,0.0,,,
0000707549-25-000082,707549,LAM RESEARCH CORP,2025-10-22,2719,18345,0.0,,,
0001104659-16-132737,831001,CITIGROUP INC,2016-07-15,6396,37308,0.0,,,
0001141391-21-000180,1141391,Mastercard Inc,2021-10-28,6059,37732,0.0,,,
0001628280-26-026551,1318605,"Tesla, Inc.",2026-04-22,6641,40062,0.0,,,
0000014272-25-000147,14272,BRISTOL MYERS SQUIBB CO,2025-10-30,7604,46116,0.0,,,
0000086521-16-000086,1032208,SEMPRA,2016-02-26,4935,32521,0.0,,,
0001193125-16-456375,49071,HUMANA INC,2016-02-10,1346,8612,0.0,,,
0000027419-19-000024,27419,TARGET CORP,2019-11-20,3762,23267,0.0,,,
0001193125-19-105761,886982,GOLDMAN SACHS GROUP INC,2019-04-15,3802,24123,0.0,,,
0001585521-24-000091,1585521,"Zoom Communications, Inc.",2024-05-20,3701,25266,0.0,,,
0000092122-17-000078,92122,SOUTHERN CO,2017-11-01,906,6026,0.0,,,
0000055785-18-000066,55785,KIMBERLY CLARK CORP,2018-10-22,4596,28223,0.0,,,
0001283699-25-000116,1283699,"T-Mobile US, Inc.",2025-07-23,4613,30743,0.0,,,
0000804753-18-000004,804753,CERNER Corp,2018-02-06,4201,28777,0.0,,,
0000019617-21-000281,19617,JPMORGAN CHASE & CO,2021-04-14,4235,26387,0.0,,,
0000059478-16-000436,59478,ELI LILLY & Co,2016-10-25,6109,39077,0.0,,,
0001051470-24-000206,1051470,CROWN CASTLE INC.,2024-10-16,12079,78697,0.0,,,
0000049071-22-000029,49071,HUMANA INC,2022-04-27,4218,28719,0.0,,,
0000072741-16-000069,72741,EVERSOURCE ENERGY,2016-05-04,1339,9042,0.0,,,
0000732712-26-000040,732712,VERIZON COMMUNICATIONS INC,2026-07-24,5359,35743,0.0,,,
0001535527-25-000030,1535527,"CrowdStrike Holdings, Inc.",2025-12-02,6953,47574,0.0,,,
0000320193-17-000006,320193,Apple Inc.,2017-08-01,1673,11074,0.0,,,
0001645590-21-000063,1645590,Hewlett Packard Enterprise Co,2021-11-30,8787,59172,0.0,,,
0000200406-21-000053,200406,JOHNSON & JOHNSON,2021-07-21,2087,14596,0.0,,,
0000766704-16-000051,766704,WELLTOWER INC.,2016-02-18,4677,31806,0.0,,,
0001596532-18-000166,1596532,"Arista Networks, Inc.",2018-08-02,2737,18535,0.0,,,
0000064040-16-000106,64040,S&P Global Inc.,2016-11-03,6101,37030,0.0,,,
0000354950-16-000079,354950,"HOME DEPOT, INC.",2016-08-16,1594,10038,0.0,,,
0001564590-21-057542,1782754,AZEK Co Inc.,2021-11-18,6809,44268,0.0,,,
0000936468-23-000046,936468,LOCKHEED MARTIN CORP,2023-04-18,6172,40871,0.0,,,
0001558370-24-005585,1318220,"Waste Connections, Inc.",2024-04-24,3261,22759,0.0,,,
0000804753-16-000073,804753,CERNER Corp,2016-05-05,2795,19249,0.0,,,
0001437749-24-023825,24741,CORNING INC /NY,2024-07-30,6217,39724,0.0,,,
0001193125-24-079608,1618921,"Walgreens Boots Alliance, Inc.",2024-03-28,9174,59167,0.5901431541230754,supplemental information,SUPPLEMENTAL INFORMATION (UNAUDITED),
0001157523-19-000192,1551182,Eaton Corp plc,2019-01-31,3133,19374,0.0,,,
0000713676-26-000026,713676,"PNC FINANCIAL SERVICES GROUP, INC.",2026-04-15,9152,56916,0.0,,,
0000037996-15-000044,37996,FORD MOTOR CO,2015-07-28,3288,21707,0.0,,,
0000713676-21-000039,713676,"PNC FINANCIAL SERVICES GROUP, INC.",2021-04-16,9908,58964,0.6036055898514348,supplemental information,Supplemental Information,
0000064040-24-000175,64040,S&P Global Inc.,2024-10-24,7685,47913,0.0,,,
0000798354-21-000002,798354,FISERV INC,2021-02-09,6980,45272,0.0,,,
0000079879-20-000051,79879,PPG INDUSTRIES INC,2020-10-19,3335,22480,0.0,,,
0001404912-26-000002,1404912,KKR & Co. Inc.,2026-02-05,15163,102190,0.7246990899305216,supplemental information,Supplemental Information,
0000104169-18-000020,104169,Walmart Inc.,2018-02-20,5536,34620,0.4180820335066436,supplemental financial information,Supplemental Financial Information,
0000034088-21-000004,34088,EXXON MOBIL CORP,2021-02-02,6244,42406,0.0,,,
0000089800-24-000084,89800,SHERWIN WILLIAMS CO,2024-04-23,3658,24124,0.0,,,
0001403161-20-000010,1403161,VISA INC.,2020-01-30,6377,40332,0.0,,,
0001061219-15-000030,1061219,ENTERPRISE PRODUCTS PARTNERS L.P.,2015-07-30,6252,39746,0.0,,,
0001555280-25-000272,1555280,Zoetis Inc.,2025-11-04,7499,45797,0.0,,,
0001104659-19-042471,310158,"Merck & Co., Inc.",2019-07-30,6431,40619,0.0,,,
0000005272-26-000014,5272,"AMERICAN INTERNATIONAL GROUP, INC.",2026-02-10,9748,60472,0.0,,,
0000072903-19-000071,72903,XCEL ENERGY INC,2019-10-24,7782,47971,0.0,,,
0001403161-18-000030,1403161,VISA INC.,2018-07-25,7101,44356,0.0,,,
0000033213-24-000042,33213,EQT Corp,2024-10-29,6267,41648,0.0,,,
0000092122-22-000041,92122,SOUTHERN CO,2022-07-28,784,5188,0.0,,,
0001271024-16-000047,1271024,LINKEDIN CORP,2016-08-04,3785,25477,0.0,,,
0000100885-21-000247,100885,UNION PACIFIC CORP,2021-07-22,3535,21555,0.0,,,
0001193125-16-580963,1109357,EXELON CORP,2016-05-06,8929,54430,0.0,,,
0000051143-23-000026,51143,INTERNATIONAL BUSINESS MACHINES CORP,2023-10-25,3843,24086,0.0,,,
0001613103-15-000035,1613103,Medtronic plc,2015-09-03,8428,51369,0.0,,,
0001558370-19-006498,31462,ECOLAB INC.,2019-07-30,6254,39786,0.0,,,
0001099800-16-000075,1099800,Edwards Lifesciences Corp,2016-10-25,4025,25156,0.0,,,
0001193125-21-213604,886982,GOLDMAN SACHS GROUP INC,2021-07-13,4686,29469,0.0,,,
0001035002-16-000115,1035002,VALERO ENERGY CORP/TX,2016-10-25,5583,34308,0.0,,,
0000104169-16-000083,104169,Walmart Inc.,2016-05-19,3448,22233,0.3406647775828723,supplemental financial information,Supplemental Financial Information,
0001090727-16-000070,1090727,UNITED PARCEL SERVICE INC,2016-07-29,3197,19699,0.0,,,
0001047122-19-000192,1047122,RAYTHEON CO/,2019-10-24,5855,37149,0.0,,,
0001628280-17-009879,713676,"PNC FINANCIAL SERVICES GROUP, INC.",2017-10-13,10442,60241,0.6475988114407132,supplemental information,Supplemental Information,
0001061219-25-000020,1061219,ENTERPRISE PRODUCTS PARTNERS L.P.,2025-07-28,6909,43964,0.0,,,
0000200406-21-000024,200406,JOHNSON & JOHNSON,2021-04-20,2071,14485,0.0,,,
0000106535-19-000006,106535,WEYERHAEUSER CO,2019-02-01,3382,21201,0.0,,,
0001193125-19-213617,1578845,Allergan plc,2019-08-06,3035,18327,0.0,,,
0000063908-17-000020,63908,MCDONALDS CORP,2017-04-25,1493,9926,0.0,,,
0001104659-17-029887,718877,"Activision Blizzard, Inc.",2017-05-04,6874,43228,0.0809197742204127,supplemental financial information,SUPPLEMENTAL FINANCIAL INFORMATION,
0000885725-26-000006,885725,BOSTON SCIENTIFIC CORP,2026-02-04,5025,32355,0.0,,,
0000895421-24-000398,895421,MORGAN STANLEY,2024-07-16,3625,22733,0.0,,,
0001133421-21-000028,1133421,NORTHROP GRUMMAN CORP /DE/,2021-04-29,6442,42358,0.0,,,
0001393612-16-000083,1393612,Discover Financial Services,2016-07-19,1787,11616,0.0,,,
0001193125-22-120258,896159,Chubb Ltd,2022-04-26,4261,28257,0.0,,,
0001564590-20-034879,106535,WEYERHAEUSER CO,2020-07-31,2998,19113,0.0,,,
0001193125-18-316418,1137789,Seagate Technology Holdings plc,2018-11-02,2719,17819,0.0,,,
0000798354-22-000013,798354,FISERV INC,2022-07-26,5554,36245,0.0,,,
0000831259-22-000023,831259,FREEPORT-MCMORAN INC,2022-04-21,13453,85037,0.0,,,
0000060667-19-000074,60667,LOWES COMPANIES INC,2019-05-22,3881,25481,0.0,,,
0001193125-21-304697,87347,SLB LIMITED/NV,2021-10-22,7918,50600,0.0,,,
0001628280-26-003514,55785,KIMBERLY CLARK CORP,2026-01-27,6298,40591,0.0,,,
0001157523-16-006447,849399,Gen Digital Inc.,2016-08-04,4498,28816,0.0,,,
0001108524-17-000003,1108524,"Salesforce, Inc.",2017-02-28,6621,43142,0.0,,,
0001157523-17-002698,895421,MORGAN STANLEY,2017-10-17,3706,22532,0.0,,,
0001564590-17-013989,4447,HESS CORP,2017-07-26,5987,36582,0.0,,,
0000049071-25-000021,49071,HUMANA INC,2025-04-30,3162,21758,0.0,,,
0001137774-25-000104,1137774,PRUDENTIAL FINANCIAL INC,2025-07-30,4672,31545,0.0,,,
0001035002-22-000003,1035002,VALERO ENERGY CORP/TX,2022-01-27,9857,62078,0.0,,,
0000318154-24-000004,318154,AMGEN INC,2024-02-06,10263,64281,0.0,,,
0001564590-16-026227,97476,TEXAS INSTRUMENTS INC,2016-10-26,2490,15891,0.0,,,
0001283699-19-000013,1283699,"T-Mobile US, Inc.",2019-02-07,7930,48147,0.0,,,
0001157523-17-003098,109198,TJX COMPANIES INC /DE/,2017-11-14,3576,22995,0.0,,,
0000313616-22-000003,313616,DANAHER CORP /DE/,2022-01-11,1304,9119,0.0,,,
0001193125-15-357102,2969,"Air Products & Chemicals, Inc.",2015-10-29,6564,40239,0.0,,,
0000769397-21-000087,769397,"Autodesk, Inc.",2021-11-23,4490,30133,0.0,,,
0000723125-21-000009,723125,MICRON TECHNOLOGY INC,2021-01-07,2530,16250,0.0,,,
0000100885-21-000157,100885,UNION PACIFIC CORP,2021-04-22,2885,18164,0.7687733979299713,supplemental financial information,Supplemental financial information is attached.,
0001039684-24-000013,1039684,ONEOK INC /NEW/,2024-02-26,6250,40375,0.0,,,
0001193125-19-196501,789019,MICROSOFT CORP,2019-07-18,4750,31629,0.0,,,
0001193125-19-028326,896159,Chubb Ltd,2019-02-05,5847,38354,0.0,,,
0001283699-25-000153,1283699,"T-Mobile US, Inc.",2025-10-23,5179,34471,0.0,,,
0001099219-20-000362,1099219,METLIFE INC,2020-11-09,726,5273,0.0,,,
0001297996-18-000019,1297996,"DIGITAL REALTY TRUST, INC.",2018-02-15,20126,128865,0.0,,,
0001101239-26-000089,1101239,EQUINIX INC,2026-04-29,5313,34477,0.0,,,
0000055785-23-000053,55785,KIMBERLY CLARK CORP,2023-07-25,4593,28483,0.0,,,
0001193125-23-138876,1692819,Vistra Corp.,2023-05-09,4847,29809,0.0,,,
0001271024-15-000026,1271024,LINKEDIN CORP,2015-10-29,6553,43122,0.0,,,
0000097476-25-000056,97476,TEXAS INSTRUMENTS INC,2025-10-21,2192,14037,0.0,,,
0001193125-15-348802,106040,WESTERN DIGITAL CORP,2015-10-21,769,5240,0.0,,,
0001039684-21-000054,1039684,ONEOK INC /NEW/,2021-08-03,5697,37941,0.0,,,
0001628280-24-033048,315293,Aon plc,2024-07-26,6128,39169,0.0,,,
0000004904-22-000022,4904,AMERICAN ELECTRIC POWER CO INC,2022-02-24,3510,23252,0.0,,,
0001193125-17-136399,713676,"PNC FINANCIAL SERVICES GROUP, INC.",2017-04-25,2259,15644,0.0,,,
0001564590-17-008395,1318605,"Tesla, Inc.",2017-05-03,4834,31465,0.0,,,
0000927628-21-000244,927628,CAPITAL ONE FINANCIAL CORP,2021-07-22,1100,7125,0.0,,,
0001104659-18-047535,310158,"Merck & Co., Inc.",2018-07-27,6339,39554,0.0,,,
0001628280-20-006442,1596532,"Arista Networks, Inc.",2020-05-05,2497,17208,0.0,,,
0000950170-24-088954,715957,"DOMINION ENERGY, INC",2024-08-01,3801,23152,0.0,,,
0000092230-25-000150,92230,TRUIST FINANCIAL CORP,2025-10-17,5261,33610,0.0,,,
0001564590-22-038458,1782754,AZEK Co Inc.,2022-11-28,6709,44207,0.0,,,
0001506307-26-000033,1506307,"KINDER MORGAN, INC.",2026-04-22,6642,43567,0.0,,,
0000906107-15-000014,906107,VIVMARK RESIDENTIAL,2015-07-28,10696,65794,0.0,,,
0001104659-16-140591,315189,DEERE & CO,2016-08-19,5946,40453,0.0,,,
0001628280-17-005197,315293,Aon plc,2017-05-09,8301,49420,0.0,,,
0001393612-16-000068,1393612,Discover Financial Services,2016-04-19,1691,11017,0.0,,,
0000002488-19-000102,2488,ADVANCED MICRO DEVICES INC,2019-07-30,4460,27583,0.0,,,
0000766704-24-000037,766704,WELLTOWER INC.,2024-10-28,5827,40193,0.0,,,
0000018230-22-000178,18230,CATERPILLAR INC,2022-08-02,8236,52642,0.37530868887960184,supplemental data,Supplemental Data for Results of Operations,
0001157523-16-006059,4281,Howmet Aerospace Inc.,2016-07-11,9065,57586,0.0,,,
0001193125-17-235074,896159,Chubb Ltd,2017-07-25,5525,35863,0.0,,,
0001564590-18-024298,1364742,"BlackRock Finance, Inc.",2018-10-16,8098,49295,0.7570138959326503,supplemental information,Supplemental information:,
0001193125-17-173404,858877,"CISCO SYSTEMS, INC.",2017-05-17,4690,29499,0.0,,,
0001596532-25-000103,1596532,"Arista Networks, Inc.",2025-05-06,2640,18124,0.0,,,
0001157523-16-006117,895421,MORGAN STANLEY,2016-07-20,4870,29375,0.0,,,
0001104659-17-062667,1800,ABBOTT LABORATORIES,2017-10-18,7855,48765,0.0,,,
0001193125-17-033189,1103982,"Mondelez International, Inc.",2017-02-07,14396,85046,0.0,,,
0001193125-18-031434,10795,BECTON DICKINSON & CO,2018-02-05,4090,22468,0.7338881965461991,supplemental information,SUPPLEMENTAL INFORMATION,
0000713676-19-000005,713676,"PNC FINANCIAL SERVICES GROUP, INC.",2019-01-16,9790,61147,0.0,,,
0001137789-24-000061,1137789,Seagate Technology Holdings plc,2024-07-23,4813,30977,0.0,,,
0001730168-25-000094,1730168,Broadcom Inc.,2025-09-04,4051,26013,0.0,,,
0001193125-17-018765,1393818,Blackstone Inc.,2017-01-26,11729,78260,0.0,,,
0000018230-24-000047,18230,CATERPILLAR INC,2024-10-11,862,6115,0.0,,,
0001326801-22-000054,1326801,"Meta Platforms, Inc.",2022-04-27,2604,17169,0.0,,,
0001558370-20-010785,315189,DEERE & CO,2020-08-21,6266,41282,0.0,,,
0001193125-16-794462,1099219,METLIFE INC,2016-12-15,5080,35949,0.0,,,
0001193125-20-109899,87347,SLB LIMITED/NV,2020-04-17,7797,50214,0.2439558688811885,supplemental information,Supplemental Information,
0001297996-19-000146,1297996,"DIGITAL REALTY TRUST, INC.",2019-10-29,4845,32638,0.0,,,
0001047862-21-000119,1047862,CONSOLIDATED EDISON INC,2021-05-06,2089,13735,0.0,,,
0000773840-22-000052,773840,HONEYWELL INTERNATIONAL INC,2022-07-28,6714,43485,0.0,,,
0001104659-25-009884,1571949,"Intercontinental Exchange, Inc.",2025-02-06,4471,27527,0.0,,,
0000005272-25-000077,5272,"AMERICAN INTERNATIONAL GROUP, INC.",2025-08-06,8542,53826,0.0,,,
0001437749-21-017620,24741,CORNING INC /NY,2021-07-27,6801,42794,0.0,,,
0001418091-20-000199,1418091,"TWITTER, INC.",2020-10-29,8497,55538,0.0,,,
0001645590-19-000042,1645590,Hewlett Packard Enterprise Co,2019-11-25,9973,65882,0.0,,,
0000882095-21-000024,882095,"GILEAD SCIENCES, INC.",2021-10-28,6681,41581,0.0,,,
0001171843-16-012930,1099590,MERCADOLIBRE INC,2016-11-04,3980,25078,0.0,,,
0001144204-18-054311,73309,NUCOR CORP,2018-10-18,2790,18197,0.0,,,
0001193125-15-258359,789019,MICROSOFT CORP,2015-07-21,4749,31845,0.0,,,
0001193125-15-321413,1341439,ORACLE CORP,2015-09-16,5597,32921,0.0,,,
0001413329-21-000055,1413329,Philip Morris International Inc.,2021-07-20,18835,113390,0.0,,,
0001628280-16-010412,707549,LAM RESEARCH CORP,2016-01-27,3918,25145,0.0,,,
0001418091-20-000019,1418091,"TWITTER, INC.",2020-02-06,7395,48560,0.0,,,
0000104169-23-000124,104169,Walmart Inc.,2023-11-16,6524,41555,0.4860305619059078,supplemental financial information,Supplemental Financial Information,
0001104659-25-101248,1318220,"Waste Connections, Inc.",2025-10-21,3707,25846,0.0,,,
0000764180-20-000009,764180,"ALTRIA GROUP, INC.",2020-01-30,35613,221830,0.0,,,
0001564590-22-026490,906107,VIVMARK RESIDENTIAL,2022-07-26,13203,82053,0.0,,,
0000313616-16-000132,313616,DANAHER CORP /DE/,2016-01-26,3765,24831,0.0,,,
0000049826-16-000257,49826,ILLINOIS TOOL WORKS INC,2016-10-20,2256,13295,0.0,,,
0001585521-26-000069,1585521,"Zoom Communications, Inc.",2026-05-21,3734,25233,0.0,,,
0001018724-25-000121,1018724,AMAZON COM INC,2025-10-30,5607,34156,0.29795643517976345,supplemental financial information,Supplemental Financial Information and Business Metrics,
0001373715-24-000009,1373715,"ServiceNow, Inc.",2024-01-24,5491,34457,0.0,,,
0001628280-23-014759,78003,PFIZER INC,2023-05-02,13237,87170,0.0,,,
0000019617-18-000082,19617,JPMORGAN CHASE & CO,2018-04-13,3816,23273,0.0,,,
0000055785-18-000027,55785,KIMBERLY CLARK CORP,2018-04-23,3803,23817,0.0,,,
0000086521-15-000063,1032208,SEMPRA,2015-11-03,4711,30738,0.0,,,
0001104659-21-063857,1063761,SIMON PROPERTY GROUP INC.,2021-05-10,14527,93412,0.0,,,"Simon Property (combined release+supplemental, H4 §8.4)"
0001555280-21-000095,1555280,Zoetis Inc.,2021-02-16,6588,39992,0.0,,,
0001108524-20-000038,1108524,"Salesforce, Inc.",2020-08-25,6305,40416,0.0,,,
0000079879-16-000114,79879,PPG INDUSTRIES INC,2016-10-20,3467,22393,0.0,,,
0001164727-24-000025,1164727,NEWMONT Corp /DE/,2024-04-25,15787,94237,0.0,,,
0001104659-21-097239,310158,"Merck & Co., Inc.",2021-07-29,6790,42870,0.0,,,
0001276187-16-000161,1276187,Energy Transfer LP,2016-05-04,2872,18559,0.2935502990462848,supplemental information,SUPPLEMENTAL INFORMATION,
0001564590-20-047204,73309,NUCOR CORP,2020-10-22,2856,18251,0.0,,,
0000086521-15-000041,1032208,SEMPRA,2015-08-04,4842,31448,0.0,,,
0001065280-24-000199,1065280,NETFLIX INC,2024-07-18,5155,32320,0.12583539603960395,supplemental information,Supplemental Information,
0001157523-15-003543,1163165,CONOCOPHILLIPS,2015-10-29,2225,14820,0.3294871794871795,supplemental information,"supplemental information, go to",
0001193125-15-365281,1105705,"WARNER MEDIA, LLC",2015-11-04,6769,43352,0.0,,,
0001193125-22-137829,788784,PUBLIC SERVICE ENTERPRISE GROUP INC,2022-05-03,4987,31589,0.0,,,
0001564590-21-041910,715957,"DOMINION ENERGY, INC",2021-08-06,3420,22500,0.0,,,
0000063908-20-000035,63908,MCDONALDS CORP,2020-04-08,2454,16282,0.0,,,
0001193125-21-011887,36104,US BANCORP \DE\,2021-01-20,12297,78172,0.0,,,
0001157523-16-005194,1404912,KKR & Co. Inc.,2016-04-25,8391,55005,0.0,,,
0001467858-23-000095,1467858,General Motors Co,2023-07-25,1808,11237,0.0,,,
0000766704-17-000009,766704,WELLTOWER INC.,2017-02-22,5844,39747,0.0,,,
0001193125-16-505164,1341439,ORACLE CORP,2016-03-15,7464,42818,0.0,,,
0000100885-20-000301,100885,UNION PACIFIC CORP,2020-10-22,3417,20900,0.0,,,
0001413329-20-000004,1413329,Philip Morris International Inc.,2020-02-06,18804,111071,0.0,,,
0000002969-26-000034,2969,"Air Products & Chemicals, Inc.",2026-07-30,5663,38676,0.0,,,
0000047217-16-000086,47217,HP INC,2016-11-22,7221,46953,0.0,,,
0001018724-18-000070,1018724,AMAZON COM INC,2018-04-26,6089,36291,0.3197211429831088,supplemental financial information,Supplemental Financial Information and Business Metrics,
0001045810-16-000292,1045810,NVIDIA CORP,2016-08-11,2742,16732,0.0,,,
0001327567-26-000003,1327567,Palo Alto Networks Inc,2026-02-17,3221,21568,0.0,,,
0001276187-15-000091,1276187,Energy Transfer LP,2015-11-04,3804,23740,0.26798652064026957,supplemental information,SUPPLEMENTAL INFORMATION,
0001558370-21-003685,31462,ECOLAB INC.,2021-03-30,530,3583,0.0,,,
0000821189-17-000036,821189,EOG RESOURCES INC,2017-08-01,8442,52620,0.0,,,
0000712515-26-000012,712515,ELECTRONIC ARTS INC.,2026-02-03,3421,21714,0.0,,,
0000875045-18-000029,875045,BIOGEN INC.,2018-10-23,6020,38621,0.0,,,
0000769397-20-000005,769397,"Autodesk, Inc.",2020-02-27,6198,38712,0.0,,,
0000092122-26-000036,92122,SOUTHERN CO,2026-04-30,3646,24273,0.0,,,
0001543151-23-000004,1543151,"Uber Technologies, Inc",2023-02-08,8595,55148,0.0,,,
0000831259-22-000047,831259,FREEPORT-MCMORAN INC,2022-10-20,19978,123276,0.0,,,
0001104659-20-087014,66740,3M CO,2020-07-28,6442,41235,0.5745361949799928,supplemental financial information,SUPPLEMENTAL FINANCIAL INFORMATION,
0000080661-18-000022,80661,PROGRESSIVE CORP/OH/,2018-04-17,3121,20483,0.6733876873504858,supplemental information,SUPPLEMENTAL INFORMATION,
0001045810-25-000021,1045810,NVIDIA CORP,2025-02-26,3592,22923,0.0,,,
0000731766-23-000026,731766,UNITEDHEALTH GROUP INC,2023-04-14,2961,20671,0.409414155096512,supplemental financial information,Supplemental Financial Information - Businesses,
0001035267-18-000003,1035267,INTUITIVE SURGICAL INC,2018-01-10,1452,9924,0.0,,,
0000849399-25-000057,849399,Gen Digital Inc.,2025-08-07,4241,27721,0.0,,,
0000034088-22-000023,34088,EXXON MOBIL CORP,2022-04-29,5483,36883,0.0,,,
0001058290-16-000058,1058290,COGNIZANT TECHNOLOGY SOLUTIONS CORP,2016-05-06,2323,15762,0.0,,,
0001104659-17-046944,823768,WASTE MANAGEMENT INC,2017-07-26,3947,25214,0.0,,,
0001193125-23-259572,87347,SLB LIMITED/NV,2023-10-20,8268,52330,0.0,,,
0000950170-25-006999,1045609,"Prologis, Inc.",2025-01-21,1529,10415,0.0,,,Prologis (F2 §5 deck/title-page precedent)
0001157523-18-000183,1551182,Eaton Corp plc,2018-02-01,4091,24425,0.0,,,
0001645590-18-000010,1645590,Hewlett Packard Enterprise Co,2018-05-22,12421,82468,0.0,,,
0001193125-17-006335,313616,DANAHER CORP /DE/,2017-01-10,162,1147,0.0,,,
0001193125-20-279185,12927,BOEING CO,2020-10-28,4388,30096,0.0,,,
0001539838-16-000167,1539838,"Diamondback Energy, Inc.",2016-05-03,2810,17882,0.0,,,
0000034088-23-000028,34088,EXXON MOBIL CORP,2023-04-28,5716,38864,0.0,,,
0000055785-20-000052,55785,KIMBERLY CLARK CORP,2020-07-23,4888,31031,0.0,,,
0001157523-15-002603,1358071,CONCHO RESOURCES INC,2015-07-29,4564,29856,0.0,,,
0000320193-24-000080,320193,Apple Inc.,2024-08-01,1497,10345,0.0,,,
0000064803-18-000016,64803,CVS HEALTH Corp,2018-05-02,6495,42889,0.2690666604490662,supplemental information,Supplemental Information,
0001551152-23-000006,1551152,AbbVie Inc.,2023-02-09,5230,33753,0.0,,,
0001543151-21-000008,1543151,"Uber Technologies, Inc",2021-02-10,7585,49268,0.0,,,
0000002488-15-000035,2488,ADVANCED MICRO DEVICES INC,2015-07-06,1261,8346,0.0,,,
0001532176-17-000006,872589,"REGENERON PHARMACEUTICALS, INC.",2017-02-09,5935,38698,0.0,,,
0001104659-22-114211,1571949,"Intercontinental Exchange, Inc.",2022-11-03,3764,23516,0.0,,,
0001193125-24-196470,1692819,Vistra Corp.,2024-08-08,5453,32383,0.0,,,
0001751788-25-000005,1751788,DOW INC.,2025-01-30,6741,42840,0.0,,,
0001018724-19-000041,1018724,AMAZON COM INC,2019-04-25,6603,39261,0.31364458368355363,supplemental financial information,Supplemental Financial Information and Business Metrics,
0000047217-24-000068,47217,HP INC,2024-08-28,6871,45699,0.0,,,
0000003570-15-000149,3570,"Cheniere Energy, Inc.",2015-07-30,2521,16327,0.0,,,
0001157523-17-000250,4281,Howmet Aerospace Inc.,2017-01-31,9181,57905,0.0,,,
0000080661-21-000042,80661,PROGRESSIVE CORP/OH/,2021-07-15,3007,19888,0.6554203539823009,supplemental information,SUPPLEMENTAL INFORMATION,
0001193125-22-277422,715957,"DOMINION ENERGY, INC",2022-11-04,4361,27181,0.0,,,
0001104659-16-153957,1001250,ESTEE LAUDER COMPANIES INC,2016-11-02,4951,30774,0.0,,,
0000813672-24-000150,813672,CADENCE DESIGN SYSTEMS INC,2024-07-22,3468,22858,0.0,,,
0000882095-25-000003,882095,"GILEAD SCIENCES, INC.",2025-02-11,6969,43394,0.39129833617550813,supplemental information,Supplemental Information:,
0000875320-23-000004,875320,VERTEX PHARMACEUTICALS INC / MA,2023-02-07,5781,37972,0.0,,,
0001193125-18-057237,1692819,Vistra Corp.,2018-02-26,3807,24618,0.0,,,
0000798354-20-000011,798354,FISERV INC,2020-05-07,5729,37779,0.0,,,
0001558370-22-000384,51143,INTERNATIONAL BUSINESS MACHINES CORP,2022-01-24,3979,25802,0.0,,,
0001065280-19-000441,1065280,NETFLIX INC,2019-12-16,1363,8014,0.0,,,
0001133421-21-000055,1133421,NORTHROP GRUMMAN CORP /DE/,2021-10-28,6869,44384,0.0,,,
0000320187-26-000076,320187,"NIKE, Inc.",2026-06-30,3074,18240,0.0,,,
0001564590-18-008291,1045609,"Prologis, Inc.",2018-04-17,1353,9129,0.0,,,Prologis (F2 §5 deck/title-page precedent)
0000092122-19-000018,92122,SOUTHERN CO,2019-05-01,1691,11926,0.0,,,
0001558370-21-005259,1297996,"DIGITAL REALTY TRUST, INC.",2021-04-29,17526,115100,0.0,,,
0001628280-19-004780,315293,Aon plc,2019-04-26,6843,42497,0.0,,,
0001628280-26-053790,10795,BECTON DICKINSON & CO,2026-08-06,6118,40258,0.21431765115008197,supplemental information,SUPPLEMENTAL INFORMATION,
0000200406-20-000054,200406,JOHNSON & JOHNSON,2020-10-13,2201,15513,0.0,,,
0001104659-18-001100,872589,"REGENERON PHARMACEUTICALS, INC.",2018-01-08,4265,30172,0.0,,,
0000895728-25-000005,895728,ENBRIDGE INC,2025-02-14,8379,55920,0.0,,,
0001510295-25-000052,1510295,Marathon Petroleum Corp,2025-08-05,5758,37337,0.0,,,
0000003570-22-000047,3570,"Cheniere Energy, Inc.",2022-05-04,4108,27490,0.0,,,
0001276187-16-000235,1276187,Energy Transfer LP,2016-11-09,3013,19107,0.4985607369027058,supplemental information,SUPPLEMENTAL INFORMATION,
0000004904-17-000003,4904,AMERICAN ELECTRIC POWER CO INC,2017-01-26,2978,19423,0.0,,,
0000092230-20-000054,92230,TRUIST FINANCIAL CORP,2020-04-20,8316,54267,0.0,,,
0001104659-26-093361,1063761,SIMON PROPERTY GROUP INC.,2026-08-10,15262,98490,0.0,,,"Simon Property (combined release+supplemental, H4 §8.4)"
0001193125-18-219187,886982,GOLDMAN SACHS GROUP INC,2018-07-17,4622,29116,0.0,,,
0001558370-17-003223,31462,ECOLAB INC.,2017-05-02,5496,35548,0.0,,,
0001564590-20-021004,715957,"DOMINION ENERGY, INC",2020-05-05,2995,19853,0.0,,,
0000821189-20-000039,821189,EOG RESOURCES INC,2020-08-06,12178,79540,0.0,,,
0000014272-17-000130,14272,BRISTOL MYERS SQUIBB CO,2017-04-27,4046,26731,0.0,,,
0000040533-20-000061,40533,GENERAL DYNAMICS CORP,2020-10-28,3151,20005,0.0,,,
0000320193-25-000007,320193,Apple Inc.,2025-01-30,1383,9694,0.0,,,
0001539838-26-000073,1539838,"Diamondback Energy, Inc.",2026-05-04,6063,39741,0.0,,,
0000707549-26-000006,707549,LAM RESEARCH CORP,2026-01-28,2858,19356,0.0,,,
0001558370-25-005743,31462,ECOLAB INC.,2025-04-29,5568,37233,0.0,,,
0000773840-23-000092,773840,HONEYWELL INTERNATIONAL INC,2023-12-11,2092,13833,0.0,,,
0000713676-18-000073,713676,"PNC FINANCIAL SERVICES GROUP, INC.",2018-10-12,10643,61276,0.6138292316730857,supplemental information,Supplemental Information,
0001393612-18-000022,1393612,Discover Financial Services,2018-04-26,1715,11281,0.0,,,
0001551152-23-000026,1551152,AbbVie Inc.,2023-07-06,143,869,0.0,,,
0001326801-21-000011,1326801,"Meta Platforms, Inc.",2021-01-27,2870,18464,0.0,,,
0000895126-16-000590,895126,EXPAND ENERGY Corp,2016-11-03,9906,62217,0.560039860488291,supplemental data,SUPPLEMENTAL DATA,
0000077476-19-000095,77476,PEPSICO INC,2019-10-03,6555,39935,0.0,,,
0000882095-21-000005,882095,"GILEAD SCIENCES, INC.",2021-02-04,8784,55397,0.0,,,
0000707549-23-000077,707549,LAM RESEARCH CORP,2023-04-19,3059,20775,0.0,,,
0000072971-18-000305,72971,WELLS FARGO & COMPANY/MN,2018-04-20,481,3203,0.0,,,
0001193125-24-127511,1090012,DEVON ENERGY CORP/DE,2024-05-01,1725,11511,0.0,,,
0001193125-21-236916,1692819,Vistra Corp.,2021-08-05,5721,33524,0.0,,,
0001104659-19-002843,1166691,COMCAST CORP,2019-01-23,7687,51189,0.0,,,
0000895126-26-000008,895126,EXPAND ENERGY Corp,2026-02-17,4743,30553,0.0,,,
0000066740-22-000073,66740,3M CO,2022-10-25,6734,44090,0.7073259242458607,supplemental financial information,SUPPLEMENTAL FINANCIAL INFORMATION,
0001628280-26-024990,19617,JPMORGAN CHASE & CO,2026-04-14,3600,22344,0.0,,,
0000027419-19-000002,27419,TARGET CORP,2019-03-05,4238,26260,0.0,,,
0000885725-17-000026,885725,BOSTON SCIENTIFIC CORP,2017-07-27,5567,35648,0.0,,,
0000059478-21-000010,59478,ELI LILLY & Co,2021-01-29,9663,63076,0.0,,,
0000354950-21-000052,354950,"HOME DEPOT, INC.",2021-02-23,1941,12579,0.0,,,
0000060667-21-000145,60667,LOWES COMPANIES INC,2021-08-18,2493,16251,0.0,,,
0001558370-25-009445,1318220,"Waste Connections, Inc.",2025-07-23,4105,28362,0.0,,,
0001534701-19-000133,1534701,Phillips 66,2019-10-25,3666,23064,0.0,,,
0001193125-25-109972,1512673,"Block, Inc.",2025-05-01,9894,64013,0.0,,,
0001123360-15-000022,1123360,GLOBAL PAYMENTS INC,2015-07-28,6902,42282,0.0,,,
0001321655-22-000029,1321655,Palantir Technologies Inc.,2022-11-07,3357,22918,0.0,,,
0000798354-24-000154,798354,FISERV INC,2024-07-24,5347,34827,0.0,,,
0001157523-20-000980,895421,MORGAN STANLEY,2020-07-16,4482,28628,0.0,,,
0000063908-22-000002,63908,MCDONALDS CORP,2022-01-27,2595,17479,0.0,,,
0001193125-18-136586,1489393,LyondellBasell Industries N.V.,2018-04-27,2730,17956,0.0,,,
0000320187-16-000372,320187,"NIKE, Inc.",2016-09-27,2455,14994,0.0,,,
0000010795-21-000083,10795,BECTON DICKINSON & CO,2021-11-04,5665,37405,0.22296484427215613,supplemental information,SUPPLEMENTAL INFORMATION,
0000008670-19-000017,8670,AUTOMATIC DATA PROCESSING INC,2019-07-31,6376,39389,0.0,,,
0001193125-21-052320,1512673,"Block, Inc.",2021-02-23,11747,75013,0.0,,,
0000019617-16-001048,19617,JPMORGAN CHASE & CO,2016-07-14,3360,20249,0.0,,,
0001157523-21-000609,4281,Howmet Aerospace Inc.,2021-05-06,6498,41653,0.0,,,
0000080424-21-000083,80424,PROCTER & GAMBLE Co,2021-07-30,5603,35783,0.0,,,
0001193125-25-100774,73309,NUCOR CORP,2025-04-28,3291,20796,0.0,,,
0000050863-25-000107,50863,INTEL CORP,2025-07-24,5441,37429,0.41043041491891313,supplemental operating,Supplemental Operating Segment Results,
0000707549-24-000125,707549,LAM RESEARCH CORP,2024-10-23,2932,19661,0.0,,,
0000070858-21-000079,70858,BANK OF AMERICA CORP /DE/,2021-07-14,9002,59040,0.0,,,
0001104659-24-011936,1571949,"Intercontinental Exchange, Inc.",2024-02-08,4388,27073,0.0,,,
0000010795-25-000019,10795,BECTON DICKINSON & CO,2025-02-05,5938,39422,0.18870174014509664,supplemental information,SUPPLEMENTAL INFORMATION,
0001193125-20-281183,1090012,DEVON ENERGY CORP/DE,2020-10-29,3425,22902,0.0,,,
0001637459-19-000065,1637459,Kraft Heinz Co,2019-08-08,6453,40055,0.0,,,
0001633917-17-000167,1633917,"PayPal Holdings, Inc.",2017-10-19,5219,32862,0.0,,,
0001110803-21-000028,1110803,"ILLUMINA, INC.",2021-04-27,3492,22367,0.0,,,
0001193125-24-049124,1692819,Vistra Corp.,2024-02-28,5219,31966,0.0,,,
0000034088-18-000020,34088,EXXON MOBIL CORP,2018-04-27,3552,23406,0.0,,,
0000047217-17-000014,47217,HP INC,2017-05-24,6638,43043,0.0,,,
0001276187-25-000048,1276187,Energy Transfer LP,2025-05-06,5448,36343,0.7284208788487466,supplemental information,SUPPLEMENTAL INFORMATION,
0001157523-17-001334,1163165,CONOCOPHILLIPS,2017-05-02,2217,14920,0.0,,,
0001099800-17-000031,1099800,Edwards Lifesciences Corp,2017-10-24,4375,27498,0.0,,,
0000831259-24-000028,831259,FREEPORT-MCMORAN INC,2024-07-23,20259,124973,0.0,,,
0000029915-17-000003,29915,DOW CHEMICAL CO /DE/,2017-01-26,10359,65646,0.3572494896871096,supplemental information,Supplemental Information,
0001666700-23-000003,1666700,"DuPont de Nemours, Inc.",2023-02-07,7691,49907,0.0,,,
0000002488-16-000102,2488,ADVANCED MICRO DEVICES INC,2016-01-19,5734,35377,0.0,,,
0001413329-23-000196,1413329,Philip Morris International Inc.,2023-10-19,10268,62690,0.0,,,
0000080661-20-000030,80661,PROGRESSIVE CORP/OH/,2020-07-15,2992,19472,0.6683956450287593,supplemental information,SUPPLEMENTAL INFORMATION,
0001555280-18-000030,1555280,Zoetis Inc.,2018-02-15,7905,47718,0.0,,,
0001193125-16-557495,1156039,"Elevance Health, Inc.",2016-04-27,4492,29471,0.0,,,
0001564590-19-000682,1364742,"BlackRock Finance, Inc.",2019-01-16,7773,46947,0.7839691567086289,supplemental information,Supplemental information:,
0000875320-18-000002,875320,VERTEX PHARMACEUTICALS INC / MA,2018-01-31,5884,37658,0.0,,,
0001193125-17-324958,1034054,SBA COMMUNICATIONS CORP,2017-10-30,6405,41267,0.0,,,
0000049071-21-000110,49071,HUMANA INC,2021-07-28,4923,33075,0.0,,,
0000086312-22-000064,86312,"TRAVELERS COMPANIES, INC.",2022-10-19,10097,63870,0.0,,,
0000072741-18-000049,72741,EVERSOURCE ENERGY,2018-07-31,1670,11247,0.0,,,
0001633917-26-000065,1633917,"PayPal Holdings, Inc.",2026-05-05,5892,38590,0.0,,,
0001193125-26-022733,73309,NUCOR CORP,2026-01-26,3632,22571,0.0,,,
0000104169-17-000052,104169,Walmart Inc.,2017-08-17,4463,28183,0.44792960295213424,supplemental financial information,Supplemental Financial Information,
0000034088-18-000006,34088,EXXON MOBIL CORP,2018-02-02,4888,31638,0.0,,,
0001585521-23-000031,1585521,"Zoom Communications, Inc.",2023-02-27,4454,30287,0.0,,,
0000079879-18-000041,79879,PPG INDUSTRIES INC,2018-06-28,1747,11395,0.0,,,
0001193125-20-110825,766704,WELLTOWER INC.,2020-04-17,1161,8374,0.0,,,
0001018724-19-000087,1018724,AMAZON COM INC,2019-10-24,7351,43852,0.27932591443947824,supplemental financial information,Supplemental Financial Information and Business Metrics,
0001543151-26-000019,1543151,"Uber Technologies, Inc",2026-05-06,4910,32821,0.0,,,
0000027419-22-000002,27419,TARGET CORP,2022-03-01,3790,23887,0.0,,,
0000320193-23-000063,320193,Apple Inc.,2023-05-04,1503,10419,0.0,,,
0000002488-23-000074,2488,ADVANCED MICRO DEVICES INC,2023-05-02,3700,24508,0.0,,,
0001603286-16-000012,715957,"DOMINION ENERGY, INC",2016-08-03,2769,18125,0.0,,,
0001628280-25-045577,21344,COCA COLA CO,2025-10-21,11986,77004,0.0,,,
0000005272-23-000041,5272,"AMERICAN INTERNATIONAL GROUP, INC.",2023-11-01,10013,64330,0.0,,,
0000732717-19-000006,732717,AT&T INC.,2019-01-30,2063,13343,0.0,,,
0001413329-21-000086,1413329,Philip Morris International Inc.,2021-10-19,19303,116984,0.0,,,
0000875045-16-000069,875045,BIOGEN INC.,2016-10-26,3916,24926,0.0,,,
0000320187-18-000235,320187,"NIKE, Inc.",2018-12-20,2122,12318,0.0,,,
0000707549-17-000129,707549,LAM RESEARCH CORP,2017-10-17,2825,18475,0.0,,,
0001137789-23-000125,1137789,Seagate Technology Holdings plc,2023-10-26,3911,26113,0.0,,,
0001104659-17-022014,831001,CITIGROUP INC,2017-04-06,54173,269445,0.0,,,
0000732717-24-000056,732717,AT&T INC.,2024-10-23,4104,27250,0.0,,,
0001018724-23-000006,1018724,AMAZON COM INC,2023-04-27,7334,45751,0.26749142095254747,supplemental financial information,Supplemental Financial Information and Business Metrics,
0000895728-21-000039,895728,ENBRIDGE INC,2021-11-05,9232,62032,0.0,,,
0001193125-20-187916,896159,Chubb Ltd,2020-07-06,879,6145,0.0,,,
0001099800-17-000005,1099800,Edwards Lifesciences Corp,2017-02-01,3940,24666,0.0,,,
0000049071-25-000004,49071,HUMANA INC,2025-02-11,3709,24843,0.0,,,
0000049826-19-000052,49826,ILLINOIS TOOL WORKS INC,2019-04-25,1836,11443,0.0,,,
0000766704-20-000044,766704,WELLTOWER INC.,2020-08-05,4091,27585,0.0,,,
0001075531-23-000012,1075531,Booking Holdings Inc.,2023-02-23,4018,25401,0.0,,,
0001193125-17-137353,896159,Chubb Ltd,2017-04-26,4881,31893,0.0,,,
0001193125-17-033861,1105705,"WARNER MEDIA, LLC",2017-02-08,8937,57686,0.0,,,
0001193125-17-028195,10795,BECTON DICKINSON & CO,2017-02-02,3789,24020,0.28742714404662784,supplemental information,SUPPLEMENTAL INFORMATION,
0000821189-22-000027,821189,EOG RESOURCES INC,2022-05-05,9773,61171,0.0,,,
0000313616-19-000150,313616,DANAHER CORP /DE/,2019-10-24,4498,29600,0.0,,,
0001506307-18-000016,1506307,"KINDER MORGAN, INC.",2018-04-18,6563,41742,0.0,,,
0000062709-18-000014,62709,"MARSH & MCLENNAN COMPANIES, INC.",2018-04-26,4470,27604,0.5629981162150413,supplemental information,Supplemental Information - Revenue Analysis,
0001193125-25-175456,1512673,"Block, Inc.",2025-08-07,11102,71290,0.0,,,
0001193125-15-278696,1137774,PRUDENTIAL FINANCIAL INC,2015-08-05,7350,48714,0.0,,,
0000027419-22-000032,27419,TARGET CORP,2022-11-16,3631,23157,0.0,,,
0001156375-22-000211,1156375,CME GROUP INC.,2022-07-27,2494,16393,0.0,,,
0001104659-17-029181,1001250,ESTEE LAUDER COMPANIES INC,2017-05-03,5590,34447,0.0,,,
0001728949-19-000034,804328,QUALCOMM INC/DE,2019-05-01,5803,36795,0.5683380894143226,supplemental information,Supplemental Information and Reconciliations,
0001558370-20-008479,31462,ECOLAB INC.,2020-07-28,6742,44727,0.0,,,
0000072971-19-000383,72971,WELLS FARGO & COMPANY/MN,2019-10-15,19940,122512,0.0,,,
0000092230-22-000104,92230,TRUIST FINANCIAL CORP,2022-10-18,7702,50743,0.0,,,
0000002488-15-000040,2488,ADVANCED MICRO DEVICES INC,2015-07-16,5591,34642,0.0,,,
0000078003-17-000045,78003,PFIZER INC,2017-10-31,22529,136208,0.0,,,
0001564590-17-013276,1318605,"Tesla, Inc.",2017-07-07,575,3485,0.0,,,
0000060667-23-000016,60667,LOWES COMPANIES INC,2023-03-01,2455,16058,0.0,,,
0000008670-23-000010,8670,AUTOMATIC DATA PROCESSING INC,2023-04-26,5176,32882,0.0,,,
0000027419-19-000009,27419,TARGET CORP,2019-05-22,3315,20895,0.0,,,
0001564590-22-035454,106535,WEYERHAEUSER CO,2022-10-27,3223,20743,0.0,,,
0000831259-15-000037,831259,FREEPORT-MCMORAN INC,2015-07-23,28425,169148,0.0,,,
0001144204-16-129598,1318220,"Waste Connections, Inc.",2016-10-26,4106,27581,0.0,,,
0000006951-16-000037,6951,APPLIED MATERIALS INC /DE,2016-02-18,3450,20801,0.0,,,
0000950170-23-017422,1389170,Targa Resources Corp.,2023-05-04,5094,33622,0.0,,,
0000059478-22-000194,59478,ELI LILLY & Co,2022-08-04,6063,39511,0.0,,,
0000732717-21-000024,732717,AT&T INC.,2021-04-22,2896,18792,0.0,,,
0000320187-15-000229,320187,"NIKE, Inc.",2015-12-22,2608,15911,0.0,,,
0001628280-21-014965,315293,Aon plc,2021-07-30,5664,35696,0.0,,,
0000927628-22-000236,927628,CAPITAL ONE FINANCIAL CORP,2022-07-21,899,5835,0.0,,,
0000829224-26-000010,829224,STARBUCKS CORP,2026-01-28,5716,37818,0.2619387593209583,supplemental information,Supplemental Information,
0000092122-24-000091,92122,SOUTHERN CO,2024-10-31,3750,23196,0.0,,,
0001053507-22-000096,1053507,AMERICAN TOWER CORP /MA/,2022-07-28,8352,55189,0.0,,,
0001654954-22-001380,1707925,LINDE PLC,2022-02-10,6927,39200,0.0,,,
0000922224-20-000057,922224,PPL Corp,2020-11-05,4833,30876,0.0,,,
0000060667-26-000020,60667,LOWES COMPANIES INC,2026-02-25,2616,17292,0.0,,,
0000804753-17-000003,804753,CERNER Corp,2017-02-09,3276,22839,0.0,,,
0001193125-22-053117,1692819,Vistra Corp.,2022-02-25,6947,41184,0.0,,,
0001628280-19-009060,315293,Aon plc,2019-07-26,7580,45901,0.0,,,
0001193125-16-449418,1373835,Spectra Energy Corp.,2016-02-03,6522,40208,0.0,,,
0000764180-16-000110,764180,"ALTRIA GROUP, INC.",2016-01-28,7583,46325,0.0,,,
0001045810-20-000063,1045810,NVIDIA CORP,2020-05-21,3442,22181,0.0,,,
0001193125-22-120254,1103982,"Mondelez International, Inc.",2022-04-26,8677,54331,0.0,,,
0000040533-18-000003,40533,GENERAL DYNAMICS CORP,2018-01-24,4342,27499,0.0,,,
0000047217-21-000055,47217,HP INC,2021-11-23,6860,45000,0.0,,,
0001564590-20-001144,1364742,"BlackRock Finance, Inc.",2020-01-15,7291,45317,0.7808990003751352,supplemental information,Supplemental information:,
0001558370-21-009596,827052,EDISON INTERNATIONAL,2021-07-29,3503,23851,0.0,,,
0001234452-16-000427,804328,QUALCOMM INC/DE,2016-04-20,4869,30969,0.0,,,
0000875045-22-000028,875045,BIOGEN INC.,2022-10-25,6911,44565,0.0,,,
0001045810-21-000063,1045810,NVIDIA CORP,2021-05-26,3625,23377,0.0,,,
0000849399-23-000027,849399,Gen Digital Inc.,2023-11-07,4647,29708,0.0,,,
0001193125-16-757271,1099219,METLIFE INC,2016-11-02,8427,54625,0.0,,,
0000320193-18-000005,320193,Apple Inc.,2018-02-01,1836,12387,0.0,,,
0000723125-25-000019,723125,MICRON TECHNOLOGY INC,2025-06-25,2426,15602,0.0,,,
0000059478-18-000028,59478,ELI LILLY & Co,2018-01-31,7812,50240,0.0,,,
0000723125-18-000031,723125,MICRON TECHNOLOGY INC,2018-03-22,2912,17286,0.0,,,
0001193125-20-279107,1393818,Blackstone Inc.,2020-10-28,13251,87950,0.0,,,
0001390777-21-000069,1390777,Bank of New York Mellon Corp,2021-07-15,4722,29320,0.0,,,
0001390777-25-000100,1390777,Bank of New York Mellon Corp,2025-07-15,5548,33433,0.0,,,
0001166691-20-000015,1166691,COMCAST CORP,2020-04-30,5267,34637,0.0,,,
0001628280-25-019780,315293,Aon plc,2025-04-25,5854,37915,0.0,,,
0001104659-22-051588,310158,"Merck & Co., Inc.",2022-04-28,6132,39406,0.0,,,
0001418091-19-000004,1418091,"TWITTER, INC.",2019-10-24,7569,49446,0.0,,,
0000316709-25-000005,316709,SCHWAB CHARLES CORP,2025-01-21,6709,41374,0.0,,,
0000915912-24-000002,915912,AVALONBAY COMMUNITIES INC,2024-02-01,8278,53050,0.0,,,AvalonBay (clean two-exhibit shape)
0000064040-21-000117,64040,S&P Global Inc.,2021-04-29,5662,36446,0.0,,,
0001157523-16-007307,1358071,CONCHO RESOURCES INC,2016-11-08,5887,38415,0.0,,,
0001140361-22-014868,14272,BRISTOL MYERS SQUIBB CO,2022-04-18,2177,13190,0.0,,,
0001104659-26-052081,310158,"Merck & Co., Inc.",2026-04-30,6676,42935,0.0,,,
0001123360-19-000003,1123360,GLOBAL PAYMENTS INC,2019-02-13,6537,41938,0.0,,,
0001467858-20-000023,1467858,General Motors Co,2020-02-05,1458,9492,0.0,,,
0000055785-20-000071,55785,KIMBERLY CLARK CORP,2020-10-22,4849,30885,0.0,,,
0001467858-16-000361,1467858,General Motors Co,2016-10-25,1671,10810,0.0,,,
0000769397-24-000175,769397,"Autodesk, Inc.",2024-11-26,4826,31967,0.0,,,
0000036104-25-000005,36104,US BANCORP \DE\,2025-01-16,11943,78203,0.0,,,
0001628280-22-010677,4447,HESS CORP,2022-04-27,5642,35926,0.0,,,
0000713676-20-000015,713676,"PNC FINANCIAL SERVICES GROUP, INC.",2020-01-15,8877,55337,0.0,,,
0000063908-25-000057,63908,MCDONALDS CORP,2025-11-05,1947,12698,0.0,,,
0000012927-23-000026,12927,BOEING CO,2023-04-26,3801,25895,0.0,,,
0001099800-16-000068,1099800,Edwards Lifesciences Corp,2016-07-26,3867,24105,0.0,,,
0000766704-24-000020,766704,WELLTOWER INC.,2024-04-29,5317,36655,0.0,,,
0001193125-23-027680,715957,"DOMINION ENERGY, INC",2023-02-08,4189,25983,0.0,,,
0001564590-17-001236,1418091,"TWITTER, INC.",2017-02-09,6171,40283,0.0,,,
0000079879-23-000023,79879,PPG INDUSTRIES INC,2023-04-20,3426,23223,0.0,,,
0000831259-24-000013,831259,FREEPORT-MCMORAN INC,2024-04-23,14951,95331,0.0,,,
0000731766-19-000023,731766,UNITEDHEALTH GROUP INC,2019-07-18,3227,22275,0.3633221099887767,supplemental financial information,Supplemental Financial Information - Businesses,
0000093410-18-000031,93410,CHEVRON CORP,2018-11-02,3195,20619,0.0,,,
0000079879-16-000109,79879,PPG INDUSTRIES INC,2016-09-16,1193,6346,0.0,,,
0001393612-20-000018,1393612,Discover Financial Services,2020-04-22,1912,12799,0.0,,,
0000063908-17-000004,63908,MCDONALDS CORP,2017-01-23,1860,12186,0.0,,,
0000049071-21-000022,49071,HUMANA INC,2021-02-03,4919,33153,0.0,,,
0000821189-25-000129,821189,EOG RESOURCES INC,2025-11-06,8247,51133,0.0,,,
0001123360-17-000004,1123360,GLOBAL PAYMENTS INC,2017-01-09,4477,29230,0.0,,,
0000950170-25-011092,106535,WEYERHAEUSER CO,2025-01-30,4474,27589,0.0,,,
0001104659-25-040282,823768,WASTE MANAGEMENT INC,2025-04-28,5364,33722,0.2711286400569361,supplemental data,Supplemental Data,
0001051470-22-000009,1051470,CROWN CASTLE INC.,2022-01-26,10995,71782,0.0,,,
0000106040-23-000020,106040,WESTERN DIGITAL CORP,2023-07-31,4557,29264,0.4278635866593767,supplemental operating,SUPPLEMENTAL OPERATING SEGMENT RESULTS,
0000097745-20-000015,97745,THERMO FISHER SCIENTIFIC INC.,2020-04-22,3446,22481,0.0,,,
0001358071-20-000028,1358071,CONCHO RESOURCES INC,2020-04-30,5278,34004,0.0,,,
0000093410-25-000004,93410,CHEVRON CORP,2025-01-31,5246,33093,0.0,,,
0000092122-19-000055,92122,SOUTHERN CO,2019-10-30,850,5713,0.0,,,
0000066740-25-000086,66740,3M CO,2025-10-21,7034,44983,0.5654802925549652,supplemental financial information,SUPPLEMENTAL FINANCIAL INFORMATION,
0001555280-19-000218,1555280,Zoetis Inc.,2019-08-06,6431,38664,0.0,,,
0000064040-22-000166,64040,S&P Global Inc.,2022-10-27,9508,60387,0.0,,,
0001193125-24-246567,896159,Chubb Ltd,2024-10-29,5056,33393,0.0,,,
0000021344-20-000011,21344,COCA COLA CO,2020-04-21,9867,63360,0.0,,,
0000097745-19-000046,97745,THERMO FISHER SCIENTIFIC INC.,2019-10-23,4761,30314,0.0,,,
0001551152-23-000004,1551152,AbbVie Inc.,2023-01-06,109,662,0.0,,,
0000950170-24-007073,1318605,"Tesla, Inc.",2024-01-24,5865,35263,0.0,,,
0001157523-20-000612,1163165,CONOCOPHILLIPS,2020-04-30,2655,17995,0.0,,,
0001564590-17-007194,1418091,"TWITTER, INC.",2017-04-26,6087,40000,0.0,,,
0000106535-18-000004,106535,WEYERHAEUSER CO,2018-02-02,3421,21104,0.0,,,
0000064040-17-000048,64040,S&P Global Inc.,2017-07-27,5466,33436,0.0,,,
0001035267-26-000029,1035267,INTUITIVE SURGICAL INC,2026-04-21,3916,26108,0.0,,,
0001137789-24-000141,1137789,Seagate Technology Holdings plc,2024-10-22,3836,25325,0.0,,,
0000100885-16-000237,100885,UNION PACIFIC CORP,2016-01-21,3650,22728,0.714493136219641,supplemental financial information,Supplemental financial information is attached.,
0000008670-21-000003,8670,AUTOMATIC DATA PROCESSING INC,2021-01-27,5759,36211,0.0,,,
0001065088-19-000003,1065088,EBAY INC,2019-01-29,5673,35424,0.0,,,
0001103982-25-000187,1103982,"Mondelez International, Inc.",2025-07-29,10065,61594,0.0,,,
0000092230-16-000114,92230,TRUIST FINANCIAL CORP,2016-01-21,8177,53741,0.0,,,
0001467858-18-000101,1467858,General Motors Co,2018-10-31,1531,9919,0.0,,,
0001156375-18-000078,1156375,CME GROUP INC.,2018-07-26,2286,14700,0.0,,,
0001393612-22-000002,1393612,Discover Financial Services,2022-01-19,1909,12793,0.0,,,
0000107263-18-000022,107263,"WILLIAMS COMPANIES, INC.",2018-08-01,5589,34455,0.0,,,
0000875045-24-000030,875045,BIOGEN INC.,2024-10-30,5875,38112,0.0,,,
0001166691-21-000018,1166691,COMCAST CORP,2021-04-29,4870,32784,0.0,,,
0000316709-16-000071,316709,SCHWAB CHARLES CORP,2016-04-15,5195,32161,0.0,,,
0000200406-20-000004,200406,JOHNSON & JOHNSON,2020-01-22,2060,14493,0.0,,,
0001091667-17-000104,1091667,"CHARTER COMMUNICATIONS, INC. /MO/",2017-10-26,7700,48674,0.0,,,
0001628280-16-017930,315293,Aon plc,2016-07-29,5861,35016,0.0,,,
0001467858-21-000141,1467858,General Motors Co,2021-08-04,1415,9665,0.0,,,
0001157523-22-000538,4281,Howmet Aerospace Inc.,2022-05-03,5287,33229,0.0,,,
0000726728-21-000102,726728,REALTY INCOME CORP,2021-11-01,6711,43030,0.0,,,
0000200406-24-000031,200406,JOHNSON & JOHNSON,2024-04-16,2194,15372,0.0,,,
0001552000-18-000042,1552000,MPLX LP,2018-07-26,5552,34303,0.0,,,
0000060667-22-000133,60667,LOWES COMPANIES INC,2022-08-17,2249,14551,0.0,,,
0001558370-23-001480,315189,DEERE & CO,2023-02-17,4246,27460,0.0,,,
0001104659-16-115593,1137789,Seagate Technology Holdings plc,2016-04-29,2427,15411,0.0,,,
0000072903-24-000196,72903,XCEL ENERGY INC,2024-10-31,9483,60311,0.0,,,
0001157523-22-001633,109198,TJX COMPANIES INC /DE/,2022-11-16,4377,28332,0.0,,,
0001193125-25-100556,1034054,SBA COMMUNICATIONS CORP,2025-04-28,7117,45420,0.0,,,
0001193125-16-756162,1105705,"WARNER MEDIA, LLC",2016-11-02,7568,48755,0.0,,,
0000827052-15-000143,827052,EDISON INTERNATIONAL,2015-07-30,2640,16951,0.0,,,
0000032604-20-000017,32604,EMERSON ELECTRIC CO,2020-04-21,3573,22275,0.0,,,
0000002488-16-000258,2488,ADVANCED MICRO DEVICES INC,2016-10-20,5785,35813,0.0,,,
0001628280-26-027915,1103982,"Mondelez International, Inc.",2026-04-28,7483,47957,0.0,,,
0000002969-20-000032,2969,"Air Products & Chemicals, Inc.",2020-07-23,5318,34944,0.0,,,
0001628280-24-041816,1318605,"Tesla, Inc.",2024-10-02,285,1833,0.0,,,
0000050863-20-000016,50863,INTEL CORP,2020-04-23,5049,34127,0.32519705804787996,supplemental operating,SUPPLEMENTAL OPERATING SEGMENT RESULTS,
0001091667-26-000027,1091667,"CHARTER COMMUNICATIONS, INC. /MO/",2026-04-24,6569,43793,0.0,,,
0001123360-23-000037,1123360,GLOBAL PAYMENTS INC,2023-10-31,6529,44807,0.0,,,
0001136893-18-000009,1136893,"Fidelity National Information Services, Inc.",2018-02-06,6091,39494,0.0,,,
0001091667-18-000061,1091667,"CHARTER COMMUNICATIONS, INC. /MO/",2018-04-27,6250,40321,0.0,,,
0000037996-18-000082,37996,FORD MOTOR CO,2018-10-24,3333,43010,0.0,,,
0000829224-15-000034,829224,STARBUCKS CORP,2015-10-29,7670,47586,0.30664481149918044,supplemental information,Supplemental Information,
0001751788-20-000031,1751788,DOW INC.,2020-10-22,8396,53336,0.0,,,
0001104659-22-024270,72741,EVERSOURCE ENERGY,2022-02-16,2065,13663,0.0,,,
0001104659-16-093377,310158,"Merck & Co., Inc.",2016-02-03,6586,40929,0.0,,,
0000064803-18-000012,64803,CVS HEALTH Corp,2018-02-08,7588,49449,0.24870068151024288,supplemental information,Supplemental Information,
0000070858-22-000125,70858,BANK OF AMERICA CORP /DE/,2022-10-17,9366,61721,0.0,,,
0001551152-22-000010,1551152,AbbVie Inc.,2022-04-29,4629,30073,0.0,,,
0001535527-22-000016,1535527,"CrowdStrike Holdings, Inc.",2022-08-30,5255,35601,0.0,,,
0001628280-26-002982,1800,ABBOTT LABORATORIES,2026-01-22,4978,31988,0.0,,,
0000072903-20-000020,72903,XCEL ENERGY INC,2020-05-07,7731,48900,0.0,,,
0001564590-19-037405,906107,VIVMARK RESIDENTIAL,2019-10-22,11830,73495,0.0,,,
0000101829-19-000002,101829,RTX Corp,2019-01-23,5929,37657,0.0,,,
0000316709-26-000016,316709,SCHWAB CHARLES CORP,2026-04-16,5750,36079,0.0,,,
0001564590-15-005526,1045609,"Prologis, Inc.",2015-07-21,65483,506464,0.0,,,Prologis (F2 §5 deck/title-page precedent)
0000060667-24-000012,60667,LOWES COMPANIES INC,2024-02-27,2420,15893,0.0,,,
0000089800-22-000025,89800,SHERWIN WILLIAMS CO,2022-07-27,3536,22963,0.0,,,
0000010795-24-000036,10795,BECTON DICKINSON & CO,2024-05-02,6162,40704,0.2198064072327044,supplemental information,SUPPLEMENTAL INFORMATION,
0000072971-26-000213,72971,WELLS FARGO & COMPANY/MN,2026-04-14,4878,31420,0.0,,,
0000764180-25-000109,764180,"ALTRIA GROUP, INC.",2025-07-30,9378,58121,0.0,,,
0001558370-24-013620,1297996,"DIGITAL REALTY TRUST, INC.",2024-10-24,17784,117238,0.0,,,
0001166691-22-000037,1166691,COMCAST CORP,2022-10-27,6892,45400,0.0,,,
0001564590-18-001521,1318605,"Tesla, Inc.",2018-02-07,5734,36193,0.0,,,
0001628280-23-035036,4447,HESS CORP,2023-10-25,6654,42059,0.0,,,
0001099219-22-000106,1099219,METLIFE INC,2022-05-04,9346,61419,0.0,,,
0000072903-15-000096,72903,XCEL ENERGY INC,2015-10-29,7594,46560,0.0,,,
0000080661-20-000038,80661,PROGRESSIVE CORP/OH/,2020-10-14,3079,20257,0.6785802438663178,supplemental information,SUPPLEMENTAL INFORMATION,
0000896878-18-000034,896878,INTUIT INC.,2018-02-22,5652,35109,0.0,,,
0000915912-23-000016,915912,AVALONBAY COMMUNITIES INC,2023-10-26,8152,52219,0.0,,,AvalonBay (clean two-exhibit shape)
0001137774-23-000011,1137774,PRUDENTIAL FINANCIAL INC,2023-02-07,4817,32288,0.0,,,
0001193125-16-579146,6769,APACHE CORP,2016-05-05,4136,25821,0.0,,,
0001326801-17-000035,1326801,"Meta Platforms, Inc.",2017-07-26,2522,15423,0.0,,,
0000773840-24-000007,773840,HONEYWELL INTERNATIONAL INC,2024-02-01,6302,40237,0.0,,,
0001099800-17-000026,1099800,Edwards Lifesciences Corp,2017-07-26,4062,25534,0.0,,,
0001075531-26-000024,1075531,Booking Holdings Inc.,2026-04-28,4713,29805,0.0,,,
0000006951-17-000022,6951,APPLIED MATERIALS INC /DE,2017-08-17,3049,18390,0.0,,,
0000002488-17-000150,2488,ADVANCED MICRO DEVICES INC,2017-07-25,4651,28473,0.0,,,
0000032604-16-000082,32604,EMERSON ELECTRIC CO,2016-05-03,3138,20326,0.0,,,
0000033213-20-000021,33213,EQT Corp,2020-07-27,6902,44752,0.0,,,
0001193125-16-641959,1618921,"Walgreens Boots Alliance, Inc.",2016-07-06,7345,46210,0.412832720190435,supplemental information,SUPPLEMENTAL INFORMATION (UNAUDITED),
0001018724-16-000225,1018724,AMAZON COM INC,2016-04-28,5886,34618,0.3605927552140505,supplemental financial information,Supplemental Financial Information and Business Metrics,
0001193125-17-157723,6769,APACHE CORP,2017-05-04,4546,28319,0.2770224937321233,supplemental financial information,SUPPLEMENTAL FINANCIAL INFORMATION,
0001613103-24-000058,1613103,Medtronic plc,2024-05-23,7823,48985,0.0,,,
0001558370-20-001119,315189,DEERE & CO,2020-02-21,4983,33100,0.0,,,
0000200406-22-000012,200406,JOHNSON & JOHNSON,2022-01-25,2112,14763,0.0,,,
0001193125-24-014831,1393818,Blackstone Inc.,2024-01-25,14333,92859,0.0,,,
0001193125-20-264008,766704,WELLTOWER INC.,2020-10-05,1887,12722,0.0,,,
0001104659-23-114448,72741,EVERSOURCE ENERGY,2023-11-06,2196,14450,0.0,,,
0001552000-19-000021,1552000,MPLX LP,2019-05-08,5823,38024,0.0,,,
0000798354-18-000007,798354,FISERV INC,2018-05-01,3646,23466,0.0,,,
0001564590-16-025917,1045609,"Prologis, Inc.",2016-10-20,1596,10875,0.0,,,Prologis (F2 §5 deck/title-page precedent)
0000766704-23-000029,766704,WELLTOWER INC.,2023-10-30,5900,40443,0.0,,,
0001564590-19-002218,1418091,"TWITTER, INC.",2019-02-07,8015,51071,0.0,,,
0000831259-26-000033,831259,FREEPORT-MCMORAN INC,2026-07-23,19854,122320,0.0,,,
0001156375-24-000187,1156375,CME GROUP INC.,2024-10-23,2614,17137,0.0,,,
0001193125-23-190073,1393818,Blackstone Inc.,2023-07-20,14734,95333,0.0,,,
0001467858-17-000101,1467858,General Motors Co,2017-07-25,1523,9069,0.0,,,
0000200406-22-000063,200406,JOHNSON & JOHNSON,2022-07-19,2005,14088,0.0,,,
0000354950-22-000025,354950,"HOME DEPOT, INC.",2022-02-22,1912,12470,0.0,,,
0000764180-15-000070,764180,"ALTRIA GROUP, INC.",2015-07-29,6879,41475,0.0,,,
0000316709-22-000032,316709,SCHWAB CHARLES CORP,2022-10-17,6547,40371,0.0,,,
0000713676-24-000084,713676,"PNC FINANCIAL SERVICES GROUP, INC.",2024-11-08,5226,34556,0.0,,,
0000021344-16-000072,21344,COCA COLA CO,2016-10-26,14374,90038,0.0,,,
0001413329-18-000050,1413329,Philip Morris International Inc.,2018-10-18,16689,98780,0.0,,,
0001403161-22-000009,1403161,VISA INC.,2022-01-27,3859,25209,0.0,,,
0001321655-25-000130,1321655,Palantir Technologies Inc.,2025-11-03,3354,23222,0.0,,,
0000077476-20-000072,77476,PEPSICO INC,2020-10-01,6733,41827,0.7897769383412628,supplemental financial information,Supplemental Financial Information,
0000713676-21-000011,713676,"PNC FINANCIAL SERVICES GROUP, INC.",2021-01-15,10127,63318,0.0,,,
0001099219-21-000330,1099219,METLIFE INC,2021-11-03,9688,63679,0.0,,,
0001001250-26-000004,1001250,ESTEE LAUDER COMPANIES INC,2026-02-05,8235,53029,0.0,,,
0001136893-22-000092,1136893,"Fidelity National Information Services, Inc.",2022-05-03,5325,35531,0.0,,,
0001564590-19-024994,1045609,"Prologis, Inc.",2019-07-16,1736,11608,0.0,,,Prologis (F2 §5 deck/title-page precedent)
0001123360-22-000028,1123360,GLOBAL PAYMENTS INC,2022-10-31,6973,47476,0.0,,,
0001166691-22-000004,1166691,COMCAST CORP,2022-01-27,7628,50147,0.0,,,
0000821189-21-000074,821189,EOG RESOURCES INC,2021-08-04,10718,65975,0.0,,,
0000732712-25-000083,732712,VERIZON COMMUNICATIONS INC,2025-07-21,5871,38663,0.0,,,
0001104659-15-055040,1137789,Seagate Technology Holdings plc,2015-07-31,2856,18101,0.0,,,
0001123360-25-000028,1123360,GLOBAL PAYMENTS INC,2025-05-06,5097,35380,0.0,,,
0001193125-20-209861,1682852,"Moderna, Inc.",2020-08-05,4822,32073,0.0,,,
0001193125-22-011895,36104,US BANCORP \DE\,2022-01-19,11925,75485,0.0,,,
0001613103-23-000032,1613103,Medtronic plc,2023-05-25,7863,49325,0.0,,,
0001075531-15-000053,1075531,Booking Holdings Inc.,2015-08-05,4114,26540,0.0,,,
0001140361-21-015411,1061219,ENTERPRISE PRODUCTS PARTNERS L.P.,2021-05-03,6750,43523,0.0,,,
0000804753-21-000007,804753,CERNER Corp,2021-02-10,4824,33357,0.0,,,
0001104659-18-063417,66740,3M CO,2018-10-23,4339,27438,0.4730301042350025,supplemental financial information,SUPPLEMENTAL FINANCIAL INFORMATION,
0000097476-19-000006,97476,TEXAS INSTRUMENTS INC,2019-10-22,2558,16552,0.7764016433059449,supplemental information,Supplemental Information,
0001564590-16-025573,1318605,"Tesla, Inc.",2016-10-03,324,2104,0.0,,,
0001193125-18-315080,6769,APACHE CORP,2018-11-01,5705,35031,0.33273386429162743,supplemental financial information,SUPPLEMENTAL FINANCIAL INFORMATION,
0001564590-20-048336,1101239,EQUINIX INC,2020-10-28,7864,53352,0.0,,,
0000064803-24-000028,64803,CVS HEALTH Corp,2024-08-07,8800,56002,0.37968286846898325,supplemental information,Supplemental Information,
0000723125-24-000004,723125,MICRON TECHNOLOGY INC,2024-03-20,2756,17587,0.0,,,
0001166691-20-000022,1166691,COMCAST CORP,2020-07-30,6891,44371,0.0,,,
0000707549-21-000124,707549,LAM RESEARCH CORP,2021-07-28,2851,19313,0.0,,,
0001193125-17-300696,896159,Chubb Ltd,2017-10-02,646,4402,0.0,,,
0000002488-24-000009,2488,ADVANCED MICRO DEVICES INC,2024-01-30,5020,31422,0.0,,,
0001682852-24-000043,1682852,"Moderna, Inc.",2024-08-01,3114,20644,0.0,,,
0001193125-17-246006,107263,"WILLIAMS COMPANIES, INC.",2017-08-02,8319,47188,0.0,,,
0000896878-17-000117,896878,INTUIT INC.,2017-08-22,6208,38750,0.0,,,
0000813672-21-000015,813672,CADENCE DESIGN SYSTEMS INC,2021-04-26,3350,21888,0.0,,,
0000070858-18-000013,70858,BANK OF AMERICA CORP /DE/,2018-04-16,8220,54808,0.0,,,
0001193125-16-537864,4281,Howmet Aerospace Inc.,2016-04-12,7784,50175,0.0,,,
0001628280-26-050367,315293,Aon plc,2026-07-29,6666,42194,0.0,,,
0001193125-18-129800,1156039,"Elevance Health, Inc.",2018-04-25,4667,30688,0.0,,,
0000875045-20-000008,875045,BIOGEN INC.,2020-04-22,5555,35788,0.0,,,
0000950170-24-018433,715957,"DOMINION ENERGY, INC",2024-02-22,4674,28631,0.0,,,
0000310764-15-000101,310764,STRYKER CORP,2015-07-23,3428,20280,0.0,,,
0001104659-17-029630,797468,OCCIDENTAL PETROLEUM CORP /DE/,2017-05-04,7187,37459,0.0,,,
0001868275-26-000097,1868275,Constellation Energy Corp,2026-08-06,4833,31746,0.0,,,
0001437749-23-028803,24741,CORNING INC /NY,2023-10-24,6685,43019,0.0,,,
0001555280-23-000245,1555280,Zoetis Inc.,2023-11-02,6408,38846,0.0,,,
0001193125-22-273903,1034054,SBA COMMUNICATIONS CORP,2022-10-31,6737,43574,0.0,,,
0000040533-16-000052,40533,GENERAL DYNAMICS CORP,2016-01-27,3242,20220,0.0,,,
0001564590-21-004325,1564408,Snap Inc,2021-02-04,5520,33426,0.170346436905403,supplemental financial information,SUPPLEMENTAL FINANCIAL INFORMATION AND BUSINESS METRICS,
0000050863-26-000077,50863,INTEL CORP,2026-04-23,5149,35496,0.446360153256705,supplemental operating,Supplemental Operating Segment Results,
0000066740-24-000077,66740,3M CO,2024-07-26,10460,67754,0.6263246450394072,supplemental financial information,SUPPLEMENTAL FINANCIAL INFORMATION,
0001038357-16-000096,1038357,PIONEER NATURAL RESOURCES CO,2016-02-10,7202,46103,0.0809274884497755,supplemental information,SUPPLEMENTAL INFORMATION,
0000063908-20-000039,63908,MCDONALDS CORP,2020-04-30,1853,12443,0.0,,,
0001558370-24-013517,1318220,"Waste Connections, Inc.",2024-10-23,4350,30096,0.0,,,
0001035267-16-000121,1035267,INTUITIVE SURGICAL INC,2016-01-21,2872,18685,0.0,,,
0001193125-22-117571,1034054,SBA COMMUNICATIONS CORP,2022-04-25,6844,44220,0.0,,,
0000092230-25-000005,92230,TRUIST FINANCIAL CORP,2025-01-17,5794,37348,0.0,,,
0001613103-16-000087,1613103,Medtronic plc,2016-05-31,10133,62415,0.0,,,
0001193125-22-265690,1393818,Blackstone Inc.,2022-10-20,14082,92198,0.0,,,
0001510295-26-000039,1510295,Marathon Petroleum Corp,2026-05-05,5461,36770,0.0,,,
0000018230-18-000131,18230,CATERPILLAR INC,2018-04-24,10284,65891,0.16897603618096554,supplemental data,Supplemental Data for Results of Operations,
0000021344-16-000056,21344,COCA COLA CO,2016-04-20,9892,62107,0.0,,,
0001413329-16-000102,1413329,Philip Morris International Inc.,2016-10-18,14952,89084,0.0,,,
0001193125-24-036201,858877,"CISCO SYSTEMS, INC.",2024-02-14,5404,33021,0.0,,,
0000093410-24-000006,93410,CHEVRON CORP,2024-02-02,4906,30749,0.0,,,
0001535527-19-000007,1535527,"CrowdStrike Holdings, Inc.",2019-12-05,4403,29462,0.0,,,
0001099800-22-000002,1099800,Edwards Lifesciences Corp,2022-01-26,4478,28125,0.0,,,
0001075531-24-000039,1075531,Booking Holdings Inc.,2024-08-01,3428,21700,0.0,,,
0001144204-17-055489,1101239,EQUINIX INC,2017-11-01,6941,47262,0.0,,,
0001327567-25-000032,1327567,Palo Alto Networks Inc,2025-11-19,2913,20112,0.0,,,
0000002969-24-000024,2969,"Air Products & Chemicals, Inc.",2024-04-30,5623,37268,0.0,,,
0000726728-24-000114,726728,REALTY INCOME CORP,2024-08-05,7804,50568,0.0,,,
0001552000-16-000164,1552000,MPLX LP,2016-05-02,1501,6891,0.0,,,
0001104659-18-069483,315189,DEERE & CO,2018-11-21,6790,46195,0.0,,,
0001868275-22-000064,1868275,Constellation Energy Corp,2022-08-04,5800,38793,0.0,,,
0001193125-23-271904,1692819,Vistra Corp.,2023-11-07,6241,37162,0.0,,,
0001564408-25-000028,1564408,Snap Inc,2025-04-29,4683,29282,0.22744348063656855,supplemental financial information,SUPPLEMENTAL FINANCIAL INFORMATION AND BUSINESS METRICS,
0001510295-19-000010,1510295,Marathon Petroleum Corp,2019-02-07,5109,32633,0.0,,,
0000927628-19-000016,927628,CAPITAL ONE FINANCIAL CORP,2019-01-22,1441,8940,0.0,,,
0001104659-21-096087,823768,WASTE MANAGEMENT INC,2021-07-27,4690,29569,0.20575602827285333,supplemental data,Supplemental Data,
0001585521-25-000027,1585521,"Zoom Communications, Inc.",2025-02-24,4549,30613,0.0,,,
0001035002-17-000019,1035002,VALERO ENERGY CORP/TX,2017-04-25,4893,31331,0.0,,,
0000040533-25-000003,40533,GENERAL DYNAMICS CORP,2025-01-29,3482,22019,0.0,,,
0000947871-24-000009,64803,CVS HEALTH Corp,2024-01-05,541,3383,0.0,,,
0000731766-26-000191,731766,UNITEDHEALTH GROUP INC,2026-07-16,5675,48601,0.0,,,
0001110803-21-000040,1110803,"ILLUMINA, INC.",2021-08-05,4050,24845,0.0,,,
0001596532-24-000366,1596532,"Arista Networks, Inc.",2024-11-07,2667,18699,0.0,,,
0001157523-21-000576,1163165,CONOCOPHILLIPS,2021-05-04,3124,21051,0.0,,,
0000313616-25-000090,313616,DANAHER CORP /DE/,2025-04-22,3350,22473,0.0,,,
0001510295-18-000209,1510295,Marathon Petroleum Corp,2018-11-01,5154,33199,0.0,,,
0001193125-26-313250,1393818,Blackstone Inc.,2026-07-23,15897,103777,0.0,,,
0001404912-25-000003,1404912,KKR & Co. Inc.,2025-02-04,14536,97857,0.7074608868042143,supplemental information,Supplemental Information,
0000055785-25-000034,55785,KIMBERLY CLARK CORP,2025-04-22,3969,25884,0.0,,,
0001193125-25-006210,2969,"Air Products & Chemicals, Inc.",2025-01-14,2324,15835,0.0,,,
0000310764-18-000104,310764,STRYKER CORP,2018-04-26,3267,20192,0.0,,,
0001193125-15-344749,87347,SLB LIMITED/NV,2015-10-15,8574,56533,0.1665752746183645,supplemental information,Supplemental Information,
0000005272-24-000047,5272,"AMERICAN INTERNATIONAL GROUP, INC.",2024-05-01,9661,62486,0.0,,,
0000895126-16-000437,895126,EXPAND ENERGY Corp,2016-05-05,6028,37672,0.4708005946060735,supplemental data,SUPPLEMENTAL DATA,
0000936468-20-000113,936468,LOCKHEED MARTIN CORP,2020-07-21,6781,44418,0.0,,,
0000062709-18-000037,62709,"MARSH & MCLENNAN COMPANIES, INC.",2018-10-25,7536,45438,0.627448391214402,supplemental information,Supplemental Information - Revenue Analysis,
0000021344-15-000038,21344,COCA COLA CO,2015-10-21,12334,74790,0.0,,,
0001193125-17-156180,1512673,"Block, Inc.",2017-05-03,5866,38294,0.0,,,
0001157523-20-001070,1163165,CONOCOPHILLIPS,2020-07-30,3087,20010,0.0,,,
0001728949-19-000053,804328,QUALCOMM INC/DE,2019-07-31,5726,36234,0.5685543964232489,supplemental information,Supplemental Information and Reconciliations,
0001133421-23-000026,1133421,NORTHROP GRUMMAN CORP /DE/,2023-04-27,5255,35073,0.0,,,
0001555280-22-000172,1555280,Zoetis Inc.,2022-05-05,4777,29906,0.0,,,
0001090727-24-000041,1090727,UNITED PARCEL SERVICE INC,2024-07-23,3211,21016,0.0,,,
0000072903-20-000050,72903,XCEL ENERGY INC,2020-07-30,9627,60556,0.0,,,
0001193125-18-330899,60667,LOWES COMPANIES INC,2018-11-20,4095,26696,0.0,,,
0000895126-24-000053,895126,EXPAND ENERGY Corp,2024-04-30,3226,21197,0.0,,,
0001506307-23-000058,1506307,"KINDER MORGAN, INC.",2023-07-19,7569,47963,0.0,,,
0001543151-26-000027,1543151,"Uber Technologies, Inc",2026-08-05,5272,34696,0.0,,,
0001140361-21-025826,1061219,ENTERPRISE PRODUCTS PARTNERS L.P.,2021-07-28,7180,45749,0.0,,,
0000875320-24-000137,875320,VERTEX PHARMACEUTICALS INC / MA,2024-05-06,5355,35643,0.0,,,
0001126975-22-000149,1126975,"Magellan Midstream Partners, L.P.",2022-10-27,3975,26957,0.0,,,
0000092122-21-000008,92122,SOUTHERN CO,2021-02-18,797,5305,0.0,,,
0001104659-17-044902,831001,CITIGROUP INC,2017-07-14,5170,30597,0.0,,,
0001868275-24-000010,1868275,Constellation Energy Corp,2024-02-27,5677,38216,0.0,,,
0001585521-25-000087,1585521,"Zoom Communications, Inc.",2025-05-21,3606,24523,0.0,,,
0001193125-16-671237,6769,APACHE CORP,2016-08-04,5057,30631,0.24733113512454702,supplemental financial information,SUPPLEMENTAL FINANCIAL INFORMATION,
0001564590-21-002645,1318605,"Tesla, Inc.",2021-01-27,3523,19230,0.0,,,
0000712515-25-000063,712515,ELECTRONIC ARTS INC.,2025-10-28,3539,22617,0.0,,,
0000829224-21-000074,829224,STARBUCKS CORP,2021-07-27,6673,43927,0.2156304778382316,supplemental information,Supplemental Information,
0000018230-20-000147,18230,CATERPILLAR INC,2020-04-28,8513,52924,0.3331758748393923,supplemental data,Supplemental Data for Results of Operations,
0001047862-26-000028,1047862,CONSOLIDATED EDISON INC,2026-02-19,4297,26573,0.0,,,
0001628280-25-052771,1613103,Medtronic plc,2025-11-18,5810,35804,0.0,,,
0001666700-24-000002,1666700,"DuPont de Nemours, Inc.",2024-01-24,3476,23789,0.0,,,
0001193125-21-016937,1666700,"DuPont de Nemours, Inc.",2021-01-26,2325,15367,0.0,,,
0000731766-16-000065,731766,UNITEDHEALTH GROUP INC,2016-04-19,3746,25352,0.27690123067213634,supplemental financial information,Supplemental Financial Information - Businesses,
0001193125-18-310590,1103982,"Mondelez International, Inc.",2018-10-29,11994,70822,0.0,,,
0001551152-23-000019,1551152,AbbVie Inc.,2023-04-27,3536,22581,0.0,,,
0001039684-22-000010,1039684,ONEOK INC /NEW/,2022-02-28,5984,39966,0.0,,,
0000019617-24-000049,19617,JPMORGAN CHASE & CO,2024-01-12,4692,29153,0.0,,,
0000106040-24-000020,106040,WESTERN DIGITAL CORP,2024-04-25,4516,29153,0.39573971803930985,supplemental operating,SUPPLEMENTAL OPERATING SEGMENT RESULTS,
0001136893-17-000027,1136893,"Fidelity National Information Services, Inc.",2017-08-02,5071,32709,0.0,,,
0000047217-17-000026,47217,HP INC,2017-08-23,6614,42921,0.0,,,
0000764180-22-000042,764180,"ALTRIA GROUP, INC.",2022-04-28,7426,46867,0.0,,,
0001564590-22-034581,1045609,"Prologis, Inc.",2022-10-19,1777,11935,0.0,,,Prologis (F2 §5 deck/title-page precedent)
0001193125-22-276894,1512673,"Block, Inc.",2022-11-03,11830,76431,0.0,,,
0000713676-22-000005,713676,"PNC FINANCIAL SERVICES GROUP, INC.",2022-01-18,10076,63021,0.0,,,
0000313616-24-000006,313616,DANAHER CORP /DE/,2024-01-30,6972,46142,0.0,,,
0001126975-16-000209,1126975,"Magellan Midstream Partners, L.P.",2016-02-04,4115,28383,0.0,,,
0001047862-20-000104,1047862,CONSOLIDATED EDISON INC,2020-05-07,1876,12258,0.0,,,
0001390777-22-000002,1390777,Bank of New York Mellon Corp,2022-01-18,6664,40702,0.0,,,
0001193125-16-455516,1389170,Targa Resources Corp.,2016-02-09,1094,7478,0.0,,,
0001065280-16-000076,1065280,NETFLIX INC,2016-10-17,4334,29060,0.0,,,
0000764180-17-000123,764180,"ALTRIA GROUP, INC.",2017-10-26,7776,47499,0.0,,,
0001628280-26-024581,797468,OCCIDENTAL PETROLEUM CORP /DE/,2026-04-10,1194,8770,0.0,,,
0001534701-17-000023,1534701,Phillips 66,2017-02-03,3669,23024,0.0,,,
0000764180-21-000064,764180,"ALTRIA GROUP, INC.",2021-04-29,8319,52694,0.0,,,
0001413329-24-000083,1413329,Philip Morris International Inc.,2024-04-23,6059,37322,0.0,,,
0000024741-19-000048,24741,CORNING INC /NY,2019-07-30,6121,38536,0.0,,,
0001193125-16-748655,1393818,Blackstone Inc.,2016-10-27,11713,78381,0.0,,,
0001564590-22-027908,1782754,AZEK Co Inc.,2022-08-04,6191,39798,0.0,,,
0001193125-23-046618,1512673,"Block, Inc.",2023-02-23,13909,89319,0.0,,,
0000097745-18-000036,97745,THERMO FISHER SCIENTIFIC INC.,2018-10-24,4878,31008,0.0,,,
0001437749-22-001269,100885,UNION PACIFIC CORP,2022-01-20,4609,28035,0.796896736222579,supplemental financial information,Supplemental financial information is attached.,
0001193125-17-306980,5272,"AMERICAN INTERNATIONAL GROUP, INC.",2017-10-10,610,4337,0.0,,,
0000906107-16-000032,906107,VIVMARK RESIDENTIAL,2016-04-26,10838,68708,0.0,,,
0000858877-26-000075,858877,"CISCO SYSTEMS, INC.",2026-05-13,5530,34483,0.0,,,
0001163165-25-000006,1163165,CONOCOPHILLIPS,2025-02-06,4434,29832,0.0,,,
0001628280-21-014621,4447,HESS CORP,2021-07-28,7255,45542,0.0,,,
0001682852-23-000018,1682852,"Moderna, Inc.",2023-05-04,3898,26533,0.0,,,
0000033213-22-000011,33213,EQT Corp,2022-04-27,5520,35979,0.0,,,
0000092122-16-000140,92122,SOUTHERN CO,2016-04-27,790,5411,0.0,,,
0000002969-26-000018,2969,"Air Products & Chemicals, Inc.",2026-04-30,5466,37294,0.0,,,
0001035002-18-000035,1035002,VALERO ENERGY CORP/TX,2018-07-26,6485,40081,0.0,,,
0000766704-25-000006,766704,WELLTOWER INC.,2025-02-11,6265,43080,0.0,,,
0001555280-22-000274,1555280,Zoetis Inc.,2022-11-03,6659,40704,0.0,,,
0001104659-23-009552,310158,"Merck & Co., Inc.",2023-02-02,7448,46084,0.0,,,
0001193125-17-248214,1692819,Vistra Corp.,2017-08-04,2266,14591,0.0,,,
0001157523-19-002059,895421,MORGAN STANLEY,2019-10-17,3627,22070,0.0,,,
0001137774-25-000174,1137774,PRUDENTIAL FINANCIAL INC,2025-10-29,4465,30175,0.0,,,
0001193125-18-233170,1090012,DEVON ENERGY CORP/DE,2018-07-31,6175,37349,0.0,,,
0000753308-17-000106,753308,NEXTERA ENERGY INC,2017-07-26,9333,57590,0.0,,,
0001144204-17-040111,1571949,"Intercontinental Exchange, Inc.",2017-08-03,2041,13229,0.0,,,
0000101829-15-000040,101829,RTX Corp,2015-10-20,3829,24377,0.0,,,
0000064803-19-000036,64803,CVS HEALTH Corp,2019-08-07,9664,61313,0.39505488232511865,supplemental information,Supplemental Information,
0001065088-26-000174,1065088,EBAY INC,2026-08-05,6019,38920,0.0,,,
0000713676-19-000027,713676,"PNC FINANCIAL SERVICES GROUP, INC.",2019-04-12,9423,54750,0.638703196347032,supplemental information,Supplemental Information,
0001535527-24-000024,1535527,"CrowdStrike Holdings, Inc.",2024-11-26,6273,43101,0.0,,,
0000915912-26-000002,915912,AVALONBAY COMMUNITIES INC,2026-02-05,8152,53262,0.0,,,AvalonBay (clean two-exhibit shape)
0000320187-18-000037,320187,"NIKE, Inc.",2018-03-27,8665,52376,0.0,,,
0000086312-19-000020,86312,"TRAVELERS COMPANIES, INC.",2019-04-18,8377,53551,0.0,,,
0000079879-16-000090,79879,PPG INDUSTRIES INC,2016-07-21,3826,24831,0.0,,,
0001090727-17-000005,1090727,UNITED PARCEL SERVICE INC,2017-01-31,5646,34190,0.0,,,
0000072971-17-000377,72971,WELLS FARGO & COMPANY/MN,2017-07-14,19973,122631,0.0,,,
0000936468-21-000069,936468,LOCKHEED MARTIN CORP,2021-07-26,6721,43479,0.0,,,
0001404912-24-000014,1404912,KKR & Co. Inc.,2024-07-31,14605,97886,0.7142390127290931,supplemental information,Supplemental Information,
0000723125-25-000024,723125,MICRON TECHNOLOGY INC,2025-09-23,2893,18036,0.0,,,
0000875045-16-000063,875045,BIOGEN INC.,2016-07-21,4790,30594,0.0,,,
0001137789-21-000041,1137789,Seagate Technology Holdings plc,2021-07-21,3499,22465,0.0,,,
0001193125-20-134892,1512673,"Block, Inc.",2020-05-06,9262,59937,0.0,,,
0001166691-23-000005,1166691,COMCAST CORP,2023-01-26,7499,49531,0.0,,,
0001193125-23-147021,858877,"CISCO SYSTEMS, INC.",2023-05-17,5403,32748,0.0,,,
0001104659-25-102615,823768,WASTE MANAGEMENT INC,2025-10-27,7035,43894,0.2694217888549688,supplemental data,Supplemental Data,
0000040533-17-000002,40533,GENERAL DYNAMICS CORP,2017-01-27,4747,29189,0.0,,,
0001558370-21-011969,315189,DEERE & CO,2021-08-20,7318,47982,0.0,,,
0000086521-17-000077,1032208,SEMPRA,2017-10-30,5744,36367,0.0,,,
0001126975-23-000038,1126975,"Magellan Midstream Partners, L.P.",2023-02-02,4420,29922,0.0,,,
0001136893-20-000266,1136893,"Fidelity National Information Services, Inc.",2020-10-29,5298,35079,0.0,,,
0001144204-16-113842,73309,NUCOR CORP,2016-07-21,2630,17097,0.0,,,
0000060667-15-000126,60667,LOWES COMPANIES INC,2015-08-19,2347,14729,0.0,,,
0001144204-16-117011,1578845,Allergan plc,2016-08-08,9863,60933,0.0,,,
0000104169-15-000051,104169,Walmart Inc.,2015-11-17,5019,31926,0.4466578963853912,supplemental financial information,Supplemental Financial Information,
0001628280-23-025102,718877,"Activision Blizzard, Inc.",2023-07-19,10213,64040,0.0,,,
0000079879-26-000025,79879,PPG INDUSTRIES INC,2026-01-27,5694,37663,0.0,,,
0000050863-18-000012,50863,INTEL CORP,2018-04-26,4476,30233,0.40121721297919494,supplemental operating,SUPPLEMENTAL OPERATING SEGMENT RESULTS,
0001104659-23-087043,1571949,"Intercontinental Exchange, Inc.",2023-08-03,3621,22399,0.0,,,
0000831259-24-000036,831259,FREEPORT-MCMORAN INC,2024-10-22,20409,126731,0.0,,,
0000895421-24-000484,895421,MORGAN STANLEY,2024-10-16,3626,22736,0.0,,,
0000002488-20-000048,2488,ADVANCED MICRO DEVICES INC,2020-04-28,4931,31346,0.0,,,
0001065088-22-000019,1065088,EBAY INC,2022-08-03,6429,40950,0.0,,,
0001193125-15-251334,4281,Howmet Aerospace Inc.,2015-07-13,12031,70576,0.0,,,
0000012927-22-000070,12927,BOEING CO,2022-10-26,4083,27795,0.0,,,
0001551152-22-000023,1551152,AbbVie Inc.,2022-07-06,150,912,0.0,,,
0000072903-16-000133,72903,XCEL ENERGY INC,2016-05-09,5923,36958,0.0,,,
0000106040-21-000032,106040,WESTERN DIGITAL CORP,2021-08-04,4164,26877,0.0,,,
0001104659-24-002037,872589,"REGENERON PHARMACEUTICALS, INC.",2024-01-08,7186,44894,0.0,,,
0000064803-25-000036,64803,CVS HEALTH Corp,2025-10-29,9471,61150,0.37008994276369583,supplemental information,Supplemental Information,
0001564590-20-031568,1318605,"Tesla, Inc.",2020-07-02,175,1081,0.0,,,
0001193125-19-109852,87347,SLB LIMITED/NV,2019-04-18,6999,45736,0.24711387091131712,supplemental information,Supplemental Information,
0001166691-25-000052,1166691,COMCAST CORP,2025-10-30,6113,41261,0.0,,,
0001104659-25-043005,4281,Howmet Aerospace Inc.,2025-05-01,6159,37729,0.0,,,
0001104659-15-072042,18230,CATERPILLAR INC,2015-10-22,12731,79429,0.20615895957395913,supplemental data,Supplemental Data for Results of Operations,
0001038357-21-000029,1038357,PIONEER NATURAL RESOURCES CO,2021-05-04,5538,36772,0.0,,,
0001038357-20-000028,1038357,PIONEER NATURAL RESOURCES CO,2020-05-06,4875,32661,0.0,,,
0001058290-17-000027,1058290,COGNIZANT TECHNOLOGY SOLUTIONS CORP,2017-08-03,4031,25704,0.0,,,
0000732717-16-000190,732717,AT&T INC.,2016-07-21,2452,16426,0.0,,,
0001193125-17-325955,788784,PUBLIC SERVICE ENTERPRISE GROUP INC,2017-10-31,5480,33442,0.0,,,
0001326801-21-000047,1326801,"Meta Platforms, Inc.",2021-07-28,2700,17570,0.0,,,
0001123360-18-000040,1123360,GLOBAL PAYMENTS INC,2018-10-30,6275,40412,0.0,,,
0001053507-25-000147,1053507,AMERICAN TOWER CORP /MA/,2025-10-28,9613,64301,0.0,,,
0000906107-15-000019,906107,VIVMARK RESIDENTIAL,2015-10-26,10538,65440,0.0,,,
0000320187-17-000202,320187,"NIKE, Inc.",2017-12-21,2196,12649,0.0,,,
0001413329-17-000004,1413329,Philip Morris International Inc.,2017-02-02,16418,98587,0.0,,,
0001109357-22-000089,1109357,EXELON CORP,2022-08-03,10577,64018,0.0,,,
0000063908-23-000005,63908,MCDONALDS CORP,2023-01-31,2604,17424,0.0,,,
0001038357-17-000039,1038357,PIONEER NATURAL RESOURCES CO,2017-05-03,7128,45408,0.11883368569415081,supplemental information,SUPPLEMENTAL INFORMATION,
0001136893-15-000034,1136893,"Fidelity National Information Services, Inc.",2015-07-23,6112,38709,0.22219638843679765,supplemental information,Supplemental information:,
0000903423-18-000580,1099590,MERCADOLIBRE INC,2018-11-02,2204,13493,0.0,,,
0001156039-24-000119,1156039,"Elevance Health, Inc.",2024-10-17,4681,30118,0.6851052526728202,supplemental financial information,Supplemental Financial Information - Reportable Segments,
0000927628-18-000306,927628,CAPITAL ONE FINANCIAL CORP,2018-10-23,1218,7594,0.0,,,
0001110803-20-000009,1110803,"ILLUMINA, INC.",2020-01-16,7292,42811,0.0,,,
0001140361-19-019110,1061219,ENTERPRISE PRODUCTS PARTNERS L.P.,2019-10-28,6542,41484,0.0,,,
0001108524-22-000038,1108524,"Salesforce, Inc.",2022-08-24,5874,37715,0.0,,,
0001157523-20-001051,1551182,Eaton Corp plc,2020-07-29,3069,19385,0.0,,,
0001104659-26-090045,310158,"Merck & Co., Inc.",2026-08-04,6656,41913,0.0,,,
0001390777-24-000003,1390777,Bank of New York Mellon Corp,2024-01-12,7312,44031,0.0,,,
0001558370-20-000200,51143,INTERNATIONAL BUSINESS MACHINES CORP,2020-01-21,4365,27537,0.0,,,
0000104169-19-000011,104169,Walmart Inc.,2019-02-19,6308,39901,0.3636750958622591,supplemental financial information,Supplemental Financial Information,
0000060667-16-000404,60667,LOWES COMPANIES INC,2016-11-16,3508,22455,0.0,,,
0001193125-19-010259,36104,US BANCORP \DE\,2019-01-16,11244,71024,0.0,,,
0001091667-19-000083,1091667,"CHARTER COMMUNICATIONS, INC. /MO/",2019-04-30,6469,41648,0.0,,,
0000831259-25-000014,831259,FREEPORT-MCMORAN INC,2025-04-24,15370,97855,0.0,,,
0001099800-18-000022,1099800,Edwards Lifesciences Corp,2018-07-26,4703,29417,0.0,,,
0001137774-22-000106,1137774,PRUDENTIAL FINANCIAL INC,2022-11-01,4516,30275,0.0,,,
0000107263-22-000004,107263,"WILLIAMS COMPANIES, INC.",2022-02-22,9139,54382,0.0,,,
0001193125-18-231494,1034054,SBA COMMUNICATIONS CORP,2018-07-30,6478,41692,0.0,,,
0000003570-25-000053,3570,"Cheniere Energy, Inc.",2025-05-08,4172,27963,0.0,,,
0000906107-17-000005,906107,VIVMARK RESIDENTIAL,2017-01-31,12374,77765,0.0,,,
0000033213-23-000014,33213,EQT Corp,2023-04-26,5942,39348,0.0,,,
0001868275-25-000089,1868275,Constellation Energy Corp,2025-11-07,4148,27964,0.0,,,
0001060391-19-000029,1060391,"REPUBLIC SERVICES, INC.",2019-07-25,5515,34423,0.0,,,
0001393612-21-000020,1393612,Discover Financial Services,2021-04-21,1733,11711,0.0,,,
0000080661-16-000113,80661,PROGRESSIVE CORP/OH/,2016-07-14,3088,20286,0.6513851917578626,supplemental information,SUPPLEMENTAL INFORMATION,
0000715957-16-000040,715957,"DOMINION ENERGY, INC",2016-05-04,2290,15477,0.0,,,
0000104169-20-000037,104169,Walmart Inc.,2020-08-18,4998,31672,0.4457565041677191,supplemental financial information,Supplemental Financial Information,
0001104659-23-050654,310158,"Merck & Co., Inc.",2023-04-27,5994,38416,0.0,,,
0000318154-20-000027,318154,AMGEN INC,2020-04-30,5611,35305,0.0,,,
0000092230-16-000147,92230,TRUIST FINANCIAL CORP,2016-04-21,7908,51256,0.0,,,
0001558370-20-011881,1318220,"Waste Connections, Inc.",2020-10-28,4198,28578,0.0,,,
0001156375-23-000174,1156375,CME GROUP INC.,2023-10-25,2513,16600,0.0,,,
0000060667-25-000203,60667,LOWES COMPANIES INC,2025-11-19,2511,16551,0.0,,,
0001156039-26-000058,1156039,"Elevance Health, Inc.",2026-07-15,4875,31319,0.0,,,
0001535527-21-000017,1535527,"CrowdStrike Holdings, Inc.",2021-08-31,5634,37856,0.0,,,
0000064803-18-000023,64803,CVS HEALTH Corp,2018-08-08,7763,50270,0.30196936542669583,supplemental information,Supplemental Information,
0001104659-24-006305,72741,EVERSOURCE ENERGY,2024-01-24,1296,8862,0.0,,,
0001628280-24-044328,1101239,EQUINIX INC,2024-10-30,7978,49932,0.0,,,
0000354950-22-000125,354950,"HOME DEPOT, INC.",2022-05-17,1605,10536,0.0,,,
0001393612-23-000047,1393612,Discover Financial Services,2023-10-18,1723,11703,0.0,,,
0000047217-18-000038,47217,HP INC,2018-08-23,6792,43710,0.0,,,
0001558370-24-001242,1297996,"DIGITAL REALTY TRUST, INC.",2024-02-15,18465,120651,0.0,,,
0001558370-24-006197,31462,ECOLAB INC.,2024-04-30,5580,37050,0.0,,,
0001297996-18-000138,1297996,"DIGITAL REALTY TRUST, INC.",2018-10-25,20097,128747,0.0,,,
0001652044-18-000004,1652044,Alphabet Inc.,2018-02-01,3482,22260,0.0,,,
0001193125-15-267065,49071,HUMANA INC,2015-07-29,7637,50047,0.0,,,
0001682852-22-000007,1682852,"Moderna, Inc.",2022-01-10,3165,21736,0.0,,,
0001104659-16-094135,1001250,ESTEE LAUDER COMPANIES INC,2016-02-05,6133,38919,0.0,,,
0001157523-17-002121,33213,EQT Corp,2017-07-27,7661,50167,0.0,,,
0000829224-24-000047,829224,STARBUCKS CORP,2024-10-22,2655,18090,0.0,,,
0001060391-22-000006,1060391,"REPUBLIC SERVICES, INC.",2022-02-10,5652,36032,0.0,,,
0001136893-21-000162,1136893,"Fidelity National Information Services, Inc.",2021-08-03,5452,35947,0.0,,,
0001564590-16-022182,1389170,Targa Resources Corp.,2016-08-03,8127,50897,0.0,,,
0000072741-17-000043,72741,EVERSOURCE ENERGY,2017-11-01,1732,11311,0.0,,,
0000032604-17-000020,32604,EMERSON ELECTRIC CO,2017-05-02,2408,15360,0.0,,,
0001193125-18-006041,1578845,Allergan plc,2018-01-08,1627,11134,0.0,,,
0001047469-18-000517,1063761,SIMON PROPERTY GROUP INC.,2018-01-31,16451,107701,0.0,,,"Simon Property (combined release+supplemental, H4 §8.4)"
0001104659-19-055976,1166691,COMCAST CORP,2019-10-24,7026,46663,0.0,,,
0001564590-19-011670,1364742,"BlackRock Finance, Inc.",2019-04-16,6494,40719,0.7653184017289226,supplemental information,Supplemental information:,
0001193125-17-013485,87347,SLB LIMITED/NV,2017-01-20,8890,57648,0.17858381903968915,supplemental information,Supplemental Information,
0001110803-20-000026,1110803,"ILLUMINA, INC.",2020-04-14,818,5459,0.0,,,
0001110803-15-000146,1110803,"ILLUMINA, INC.",2015-10-05,803,5545,0.0,,,
0000097745-20-000035,97745,THERMO FISHER SCIENTIFIC INC.,2020-07-22,4634,29951,0.0,,,
0000040533-19-000018,40533,GENERAL DYNAMICS CORP,2019-04-24,2737,17632,0.0,,,
0000829224-18-000044,829224,STARBUCKS CORP,2018-11-01,8058,51124,0.23961348877239652,supplemental information,Supplemental Information,
0000896878-15-000138,896878,INTUIT INC.,2015-11-19,5331,33597,0.0,,,
0000002969-23-000011,2969,"Air Products & Chemicals, Inc.",2023-02-02,5558,36996,0.0,,,
0001564590-21-047736,1341439,ORACLE CORP,2021-09-13,4091,25285,0.0,,,
0001564590-20-043143,1341439,ORACLE CORP,2020-09-10,4104,25360,0.0,,,
0001640147-25-000016,1640147,Snowflake Inc.,2025-02-26,7008,47763,0.0,,,
0000320187-23-000009,320187,"NIKE, Inc.",2023-03-21,2404,14319,0.0,,,
0000100885-20-000035,100885,UNION PACIFIC CORP,2020-01-23,3582,22163,0.7499887199386365,supplemental financial information,Supplemental financial information is attached.,
0000769397-25-000013,769397,"Autodesk, Inc.",2025-02-27,5629,36796,0.0,,,
0001564590-22-013264,1318605,"Tesla, Inc.",2022-04-04,276,1798,0.0,,,
0000072971-20-000230,72971,WELLS FARGO & COMPANY/MN,2020-04-14,18686,115423,0.0,,,
0000773840-25-000005,773840,HONEYWELL INTERNATIONAL INC,2025-02-06,7012,45447,0.0,,,
0001104659-20-051945,66740,3M CO,2020-04-28,5380,34928,0.49919835089326614,supplemental financial information,SUPPLEMENTAL FINANCIAL INFORMATION,
0001045810-17-000164,1045810,NVIDIA CORP,2017-11-09,2947,18227,0.0,,,
0001104659-23-022410,5272,"AMERICAN INTERNATIONAL GROUP, INC.",2023-02-15,10347,65759,0.0,,,
0001193125-17-320080,1156375,CME GROUP INC.,2017-10-26,2257,14575,0.0,,,
0001157523-18-002211,1358071,CONCHO RESOURCES INC,2018-10-30,5567,34860,0.0,,,
0001065088-20-000035,1065088,EBAY INC,2020-10-28,6085,39027,0.0,,,
0001110803-26-000155,1110803,"ILLUMINA, INC.",2026-07-30,2786,17354,0.0,,,
0001193125-18-234916,1532063,Express Scripts Holding Co.,2018-08-01,7393,48151,0.7277107432867438,supplemental information,Supplemental Information Regarding,
0001144204-17-021852,936468,LOCKHEED MARTIN CORP,2017-04-25,5929,38479,0.0,,,
0001564590-19-027004,906107,VIVMARK RESIDENTIAL,2019-07-30,11554,71420,0.0,,,
0000936468-24-000006,936468,LOCKHEED MARTIN CORP,2024-01-23,7465,48152,0.0,,,
0001157523-20-000143,1163165,CONOCOPHILLIPS,2020-02-04,4105,26860,0.0,,,
0001193125-26-166839,1137774,PRUDENTIAL FINANCIAL INC,2026-04-21,1202,8261,0.0,,,
0000882095-23-000022,882095,"GILEAD SCIENCES, INC.",2023-08-03,6348,39450,0.0,,,
0000726728-23-000064,726728,REALTY INCOME CORP,2023-05-03,6569,43154,0.0,,,
0001558370-23-001231,31462,ECOLAB INC.,2023-02-14,6304,41937,0.0,,,
0001122304-18-000011,1122304,AETNA INC /PA/,2018-01-30,11723,74289,0.0,,,
0001571049-17-001071,1571949,"Intercontinental Exchange, Inc.",2017-02-07,2375,15515,0.0,,,
0000885725-21-000006,885725,BOSTON SCIENTIFIC CORP,2021-02-03,6884,43893,0.0,,,
0000927653-23-000081,927653,MCKESSON CORP,2023-11-01,8128,54634,0.0,,,
0001047469-18-005280,1063761,SIMON PROPERTY GROUP INC.,2018-07-30,16080,105199,0.0,,,"Simon Property (combined release+supplemental, H4 §8.4)"
0001038357-23-000083,1038357,PIONEER NATURAL RESOURCES CO,2023-08-01,5689,37602,0.0,,,
0000200406-15-000057,200406,JOHNSON & JOHNSON,2015-10-13,1871,13056,0.0,,,
0000882095-24-000020,882095,"GILEAD SCIENCES, INC.",2024-08-08,6552,40861,0.4076503267174078,supplemental information,Supplemental Information:,
0001193125-24-250195,1067983,BERKSHIRE HATHAWAY INC,2024-11-04,959,6300,0.0,,,
0000033213-19-000020,33213,EQT Corp,2019-07-25,6996,50935,0.0,,,
0000927628-22-000291,927628,CAPITAL ONE FINANCIAL CORP,2022-10-27,898,5850,0.0,,,
0001051470-25-000085,1051470,CROWN CASTLE INC.,2025-03-13,13862,90312,0.0,,,
0001193125-22-057959,1034054,SBA COMMUNICATIONS CORP,2022-02-28,7119,46155,0.0,,,
0000712515-25-000010,712515,ELECTRONIC ARTS INC.,2025-02-04,4189,26218,0.0,,,
0000024741-20-000050,24741,CORNING INC /NY,2020-07-28,5949,37140,0.0,,,
0001539838-23-000129,1539838,"Diamondback Energy, Inc.",2023-11-06,5772,36775,0.0,,,
0001510295-21-000019,1510295,Marathon Petroleum Corp,2021-02-02,7723,49969,0.0,,,
0000827052-24-000034,827052,EDISON INTERNATIONAL,2024-04-30,3657,24943,0.0,,,
0001373715-19-000200,1373715,"ServiceNow, Inc.",2019-07-24,5848,37802,0.0,,,
0001193125-24-105065,73309,NUCOR CORP,2024-04-22,3026,20189,0.0,,,
0001104659-15-060224,1001250,ESTEE LAUDER COMPANIES INC,2015-08-17,6700,42145,0.0,,,
0001403161-16-000053,1403161,VISA INC.,2016-10-24,8217,47314,0.0,,,
0001628280-24-002009,1800,ABBOTT LABORATORIES,2024-01-24,5592,34970,0.0,,,
0000753308-20-000110,753308,NEXTERA ENERGY INC,2020-04-22,8612,52775,0.0,,,
0000027419-26-000012,27419,TARGET CORP,2026-03-03,4134,26498,0.0,,,
0000064803-26-000009,64803,CVS HEALTH Corp,2026-02-10,9224,59407,0.34921810561044997,supplemental information,Supplemental Information,
0000313616-19-000004,313616,DANAHER CORP /DE/,2019-01-08,830,5794,0.0,,,
0001001039-17-000090,1001039,TWDC Enterprises 18 Corp.,2017-05-09,4381,26824,0.0,,,
0001104659-21-060980,718877,"Activision Blizzard, Inc.",2021-05-04,7268,45205,0.0,,,
0000047217-26-000027,47217,HP INC,2026-05-27,6093,40095,0.0,,,
0000049826-18-000102,49826,ILLINOIS TOOL WORKS INC,2018-10-24,3100,18485,0.0,,,
0000101829-25-000030,101829,RTX Corp,2025-07-22,7585,49473,0.0,,,
0000827052-19-000033,827052,EDISON INTERNATIONAL,2019-02-28,4202,27005,0.0,,,
0001104659-16-111266,1137789,Seagate Technology Holdings plc,2016-04-13,1433,9731,0.0,,,
0000713676-23-000050,713676,"PNC FINANCIAL SERVICES GROUP, INC.",2023-07-18,8799,54729,0.0,,,
0000950170-25-084831,1341439,ORACLE CORP,2025-06-11,5258,31710,0.0,,,
0001157523-21-000641,849399,Gen Digital Inc.,2021-05-10,5998,37307,0.0,,,
0000813672-24-000030,813672,CADENCE DESIGN SYSTEMS INC,2024-02-12,3864,25295,0.0,,,
0001099800-22-000023,1099800,Edwards Lifesciences Corp,2022-10-27,4136,26696,0.0,,,
0000798354-19-000002,798354,FISERV INC,2019-02-07,5236,33406,0.0,,,
0001868275-25-000040,1868275,Constellation Energy Corp,2025-05-06,3694,24736,0.0,,,
0000021344-25-000024,21344,COCA COLA CO,2025-04-29,9099,60214,0.0,,,
0001564590-19-036274,1318605,"Tesla, Inc.",2019-10-02,220,1347,0.0,,,
0000021344-23-000045,21344,COCA COLA CO,2023-07-26,12179,77351,0.0,,,
0000047217-25-000068,47217,HP INC,2025-11-25,7707,50923,0.0,,,
0001551182-24-000033,1551182,Eaton Corp plc,2024-08-01,3332,20811,0.0,,,
0000027419-24-000008,27419,TARGET CORP,2024-03-05,3797,24051,0.0,,,
0001058290-22-000111,1058290,COGNIZANT TECHNOLOGY SOLUTIONS CORP,2022-05-04,3362,22384,0.0,,,
0001539838-18-000114,1539838,"Diamondback Energy, Inc.",2018-11-06,3957,25009,0.0,,,
0000885725-16-000043,885725,BOSTON SCIENTIFIC CORP,2016-07-28,5965,37853,0.0,,,
0000019617-17-000353,19617,JPMORGAN CHASE & CO,2017-04-13,3399,20592,0.0,,,
0001193125-16-430398,713676,"PNC FINANCIAL SERVICES GROUP, INC.",2016-01-15,10902,68472,0.0,,,
0001552000-24-000012,1552000,MPLX LP,2024-04-30,5189,33979,0.0,,,
0001035267-19-000137,1035267,INTUITIVE SURGICAL INC,2019-10-17,3430,22589,0.0,,,
0000732712-17-000006,732712,VERIZON COMMUNICATIONS INC,2017-10-19,4844,30992,0.0,,,
0000829224-21-000051,829224,STARBUCKS CORP,2021-04-27,6277,40989,0.21805850350093928,supplemental information,Supplemental Information,
0001171843-17-001061,1099590,MERCADOLIBRE INC,2017-02-23,4124,26028,0.0,,,
0000002488-26-000072,2488,ADVANCED MICRO DEVICES INC,2026-05-05,4290,28324,0.0,,,
0000027419-15-000032,27419,TARGET CORP,2015-11-18,4547,28628,0.0,,,
0001047862-23-000163,1047862,CONSOLIDATED EDISON INC,2023-11-02,3038,18827,0.0,,,
0000712515-19-000122,712515,ELECTRONIC ARTS INC.,2019-10-29,4278,25406,0.0,,,
0001193125-17-047888,1373835,Spectra Energy Corp.,2017-02-17,7555,46089,0.0,,,
0000310764-19-000006,310764,STRYKER CORP,2019-01-29,4348,25691,0.0,,,
0001193125-16-577582,1318605,"Tesla, Inc.",2016-05-04,4803,30560,0.0,,,
0001090727-21-000040,1090727,UNITED PARCEL SERVICE INC,2021-10-26,2576,17100,0.0,,,
0001321655-24-000133,1321655,Palantir Technologies Inc.,2024-08-05,3348,23011,0.0,,,
0000092230-26-000039,92230,TRUIST FINANCIAL CORP,2026-04-17,5216,33328,0.0,,,
0001297996-20-000037,1297996,"DIGITAL REALTY TRUST, INC.",2020-02-13,19903,128136,0.0,,,
0000821189-18-000011,821189,EOG RESOURCES INC,2018-02-27,10989,69063,0.0,,,
0000019617-20-000082,19617,JPMORGAN CHASE & CO,2020-01-14,3402,20318,0.0,,,
0001193125-19-132981,1512673,"Block, Inc.",2019-05-01,7002,45099,0.0,,,
0000078003-17-000003,78003,PFIZER INC,2017-01-31,24225,149724,0.0,,,
0001728949-21-000075,804328,QUALCOMM INC/DE,2021-11-03,4509,29720,0.0,,,
0001039684-18-000054,1039684,ONEOK INC /NEW/,2018-07-31,6580,43977,0.0,,,
0001539838-18-000091,1539838,"Diamondback Energy, Inc.",2018-08-08,3715,23335,0.0,,,
0001091667-25-000033,1091667,"CHARTER COMMUNICATIONS, INC. /MO/",2025-01-31,6752,44678,0.0,,,
0001104659-19-044890,718877,"Activision Blizzard, Inc.",2019-08-08,7873,48380,0.0,,,
0000072971-24-000004,72971,WELLS FARGO & COMPANY/MN,2024-01-12,4648,30104,0.0,,,
0001467858-20-000067,1467858,General Motors Co,2020-05-06,1536,10030,0.0,,,
0000050863-21-000037,50863,INTEL CORP,2021-10-21,6138,41322,0.368350999467596,supplemental operating,Supplemental Operating Segment Results,
0000010795-22-000014,10795,BECTON DICKINSON & CO,2022-02-03,4630,30998,0.16397832118201175,supplemental information,SUPPLEMENTAL INFORMATION,
0001157523-21-000690,109198,TJX COMPANIES INC /DE/,2021-05-19,3245,20675,0.0,,,
0001633917-25-000158,1633917,"PayPal Holdings, Inc.",2025-07-29,5963,38672,0.0,,,
0000060667-23-000159,60667,LOWES COMPANIES INC,2023-11-21,2503,16428,0.0,,,
0001283699-21-000168,1283699,"T-Mobile US, Inc.",2021-11-02,5318,34583,0.0,,,
0001144204-18-056472,5272,"AMERICAN INTERNATIONAL GROUP, INC.",2018-10-31,7568,48172,0.0,,,
0001804220-22-000004,872589,"REGENERON PHARMACEUTICALS, INC.",2022-02-04,6885,44630,0.0,,,
0001157523-16-007143,1551182,Eaton Corp plc,2016-11-01,2629,16434,0.0,,,
0001104659-23-055018,1063761,SIMON PROPERTY GROUP INC.,2023-05-02,13762,89441,0.0,,,"Simon Property (combined release+supplemental, H4 §8.4)"
0001613103-19-000032,1613103,Medtronic plc,2019-08-20,4928,31088,0.0,,,
0001193125-24-107102,896159,Chubb Ltd,2024-04-23,4976,33173,0.0,,,
0001157523-21-000930,849399,Gen Digital Inc.,2021-07-27,5060,32876,0.0,,,
0001193125-23-104264,886982,GOLDMAN SACHS GROUP INC,2023-04-18,3880,24394,0.0,,,
0000032604-25-000094,32604,EMERSON ELECTRIC CO,2025-11-20,3109,11479,0.0,,,
0001104659-19-023560,66740,3M CO,2019-04-25,4569,29643,0.44050872043990147,supplemental financial information,SUPPLEMENTAL FINANCIAL INFORMATION,
0001996810-25-000004,1996810,GE Vernova Inc.,2025-01-22,6184,38983,0.0,,,
0000827052-26-000010,827052,EDISON INTERNATIONAL,2026-02-18,4059,27738,0.0,,,
0001652044-21-000054,1652044,Alphabet Inc.,2021-10-26,3115,20655,0.0,,,
0001035267-18-000123,1035267,INTUITIVE SURGICAL INC,2018-10-18,3361,22020,0.0,,,
0001104659-15-072897,310158,"Merck & Co., Inc.",2015-10-27,5583,35097,0.0,,,
0000034088-18-000012,34088,EXXON MOBIL CORP,2018-02-09,883,6044,0.0,,,
0001104659-22-083669,72741,EVERSOURCE ENERGY,2022-07-28,1988,13054,0.0,,,
0000066740-26-000242,66740,3M CO,2026-07-21,6844,43613,0.5394721757274207,supplemental financial information,SUPPLEMENTAL FINANCIAL INFORMATION,
0000027419-17-000004,27419,TARGET CORP,2017-02-28,4317,27041,0.0,,,
0001193125-15-343181,713676,"PNC FINANCIAL SERVICES GROUP, INC.",2015-10-14,10868,68121,0.0,,,
0000047217-19-000044,47217,HP INC,2019-08-22,6939,44820,0.0,,,
0001551152-18-000029,1551152,AbbVie Inc.,2018-07-27,4955,31555,0.0,,,
0000200406-18-000049,200406,JOHNSON & JOHNSON,2018-10-16,2248,15870,0.0,,,
0001562762-21-000411,1099590,MERCADOLIBRE INC,2021-11-04,3551,23516,0.0,,,
0001628280-25-022191,849395,CRH PUBLIC LTD CO,2025-05-05,5175,34633,0.0,,,
0001035267-24-000244,1035267,INTUITIVE SURGICAL INC,2024-10-17,3823,25605,0.0,,,
0001193125-18-029315,318154,AMGEN INC,2018-02-01,6889,41898,0.0,,,
0001065088-15-000182,1065088,EBAY INC,2015-07-16,5943,37594,0.0,,,
0001038357-19-000059,1038357,PIONEER NATURAL RESOURCES CO,2019-11-04,5522,36157,0.0,,,
0000006951-17-000030,6951,APPLIED MATERIALS INC /DE,2017-11-16,3539,20933,0.0,,,
0001104659-23-004040,86312,"TRAVELERS COMPANIES, INC.",2023-01-17,1887,12820,0.0,,,
0001047469-18-006854,1063761,SIMON PROPERTY GROUP INC.,2018-10-25,16103,105750,0.0,,,"Simon Property (combined release+supplemental, H4 §8.4)"
0000896878-20-000053,896878,INTUIT INC.,2020-05-07,2633,17637,0.0,,,
0001058290-23-000255,1058290,COGNIZANT TECHNOLOGY SOLUTIONS CORP,2023-08-02,4645,30124,0.0,,,
0000769397-17-000009,769397,"Autodesk, Inc.",2017-03-02,4884,31212,0.0,,,
0001193125-23-202864,1512673,"Block, Inc.",2023-08-03,10798,70167,0.0,,,
0001053507-21-000082,1053507,AMERICAN TOWER CORP /MA/,2021-04-29,7561,50119,0.0,,,
0000922224-16-000199,922224,PPL Corp,2016-11-01,5957,35919,0.0,,,
0001047862-16-000334,1047862,CONSOLIDATED EDISON INC,2016-08-05,1710,10958,0.0,,,
0001193125-16-752544,788784,PUBLIC SERVICE ENTERPRISE GROUP INC,2016-10-31,5534,33452,0.0,,,
0001633917-18-000018,1633917,"PayPal Holdings, Inc.",2018-01-31,6374,39538,0.0,,,
0001193125-16-430525,1364742,"BlackRock Finance, Inc.",2016-01-15,8103,49584,0.7255566311713456,supplemental information,Supplemental information:,
0000049826-21-000016,49826,ILLINOIS TOOL WORKS INC,2021-04-30,1891,11780,0.0,,,
0000813672-20-000003,813672,CADENCE DESIGN SYSTEMS INC,2020-02-12,4229,26953,0.0,,,
0001564590-17-008555,1389170,Targa Resources Corp.,2017-05-04,7861,50544,0.0,,,
0001640147-25-000177,1640147,Snowflake Inc.,2025-08-27,6875,46602,0.0,,,
0001730168-22-000015,1730168,Broadcom Inc.,2022-03-03,3661,24054,0.0,,,
0000092122-19-000008,92122,SOUTHERN CO,2019-02-20,816,5450,0.0,,,
0001065280-18-000202,1065280,NETFLIX INC,2018-04-16,3445,23033,0.0,,,
0000021344-18-000004,21344,COCA COLA CO,2018-02-16,15719,99818,0.0,,,
0001628280-26-028554,849395,CRH PUBLIC LTD CO,2026-04-30,5164,34824,0.0,,,
0000804328-23-000042,804328,QUALCOMM INC/DE,2023-08-02,4166,27760,0.0,,,
0000927628-23-000156,927628,CAPITAL ONE FINANCIAL CORP,2023-04-27,1059,6881,0.0,,,
0000064803-24-000033,64803,CVS HEALTH Corp,2024-11-06,8791,56471,0.35844946963928387,supplemental information,Supplemental Information,
0001123360-21-000024,1123360,GLOBAL PAYMENTS INC,2021-08-02,5405,36825,0.0,,,
0001126975-16-000239,1126975,"Magellan Midstream Partners, L.P.",2016-05-04,3528,24691,0.0,,,
0001126975-16-000264,1126975,"Magellan Midstream Partners, L.P.",2016-08-02,3891,26574,0.0,,,
0001193125-15-354711,798354,FISERV INC,2015-10-27,3408,21260,0.0,,,
0001193125-24-193776,1067983,BERKSHIRE HATHAWAY INC,2024-08-05,946,6188,0.0,,,
0001018724-22-000017,1018724,AMAZON COM INC,2022-07-28,9672,60748,0.2010930401000856,supplemental financial information,Supplemental Financial Information and Business Metrics,
0000732712-21-000003,732712,VERIZON COMMUNICATIONS INC,2021-01-26,5534,35753,0.0,,,
0000104169-20-000007,104169,Walmart Inc.,2020-02-18,7212,45712,0.37981274063703185,supplemental financial information,Supplemental Financial Information,
0000064803-15-000051,64803,CVS HEALTH Corp,2015-08-04,4919,31123,0.3715580117597918,supplemental information,Supplemental Information,
0001555280-15-000197,1555280,Zoetis Inc.,2015-07-10,974,4835,0.0,,,
0001193125-15-258464,320193,Apple Inc.,2015-07-21,1704,11181,0.0,,,
0001564590-18-000785,97476,TEXAS INSTRUMENTS INC,2018-01-23,3049,18846,0.7488061127029608,supplemental information,Supplemental Information,
0001390777-17-000104,1390777,Bank of New York Mellon Corp,2017-10-19,12474,74791,0.0,,,
0000950170-24-048384,106535,WEYERHAEUSER CO,2024-04-25,3300,20599,0.0,,,
0001327567-22-000020,1327567,Palo Alto Networks Inc,2022-08-22,3282,21999,0.0,,,
0000829224-17-000033,829224,STARBUCKS CORP,2017-07-27,5931,36833,0.21518746775988923,supplemental information,Supplemental Information,
0001035002-24-000020,1035002,VALERO ENERGY CORP/TX,2024-04-25,6303,41451,0.0,,,
0000064803-17-000004,64803,CVS HEALTH Corp,2017-02-09,5839,36791,0.3634312739528689,supplemental information,Supplemental Information,
0001156375-24-000143,1156375,CME GROUP INC.,2024-07-24,2563,16877,0.0,,,
0001157523-15-003867,109198,TJX COMPANIES INC /DE/,2015-11-17,3249,20990,0.0,,,
0000050863-24-000147,50863,INTEL CORP,2024-10-31,6022,41157,0.40945647156012344,supplemental operating,Supplemental Operating Segment Results,
0001104659-22-113970,72741,EVERSOURCE ENERGY,2022-11-02,2054,13484,0.0,,,
0000059478-17-000180,59478,ELI LILLY & Co,2017-07-25,6332,41264,0.0,,,
0001104659-24-055831,72741,EVERSOURCE ENERGY,2024-05-01,1679,11319,0.0,,,
0001104659-25-103974,310158,"Merck & Co., Inc.",2025-10-30,7218,45771,0.0,,,
0001551152-20-000010,1551152,AbbVie Inc.,2020-05-01,4335,27940,0.0,,,
0001564590-16-016642,1418091,"TWITTER, INC.",2016-04-26,7120,45857,0.0,,,
0001193125-23-014676,1156039,"Elevance Health, Inc.",2023-01-25,5725,36245,0.0,,,
0000034088-24-000066,34088,EXXON MOBIL CORP,2024-11-01,7967,53942,0.0,,,
0001108524-19-000007,1108524,"Salesforce, Inc.",2019-03-04,6353,39563,0.0,,,
0001157523-16-006130,1164727,NEWMONT Corp /DE/,2016-07-20,12207,69884,0.0,,,
0001193125-19-140444,927653,MCKESSON CORP,2019-05-08,8590,53629,0.0,,,
0001666700-23-000079,1666700,"DuPont de Nemours, Inc.",2023-08-02,6688,43549,0.0,,,
0001104659-16-150143,831001,CITIGROUP INC,2016-10-14,6539,38031,0.0,,,
0001104659-15-075068,718877,"Activision Blizzard, Inc.",2015-11-03,23694,152156,0.0,,,
0000827052-22-000075,827052,EDISON INTERNATIONAL,2022-11-01,3926,26614,0.0,,,
0001045810-21-000007,1045810,NVIDIA CORP,2021-02-24,3602,22563,0.0,,,
0000769397-19-000006,769397,"Autodesk, Inc.",2019-02-28,5816,36939,0.0,,,
0001326801-24-000077,1326801,"Meta Platforms, Inc.",2024-10-30,2747,18115,0.0,,,
0000064803-19-000047,64803,CVS HEALTH Corp,2019-11-06,9726,62225,0.37242265970269184,supplemental information,Supplemental Information,
0001193125-16-663438,788784,PUBLIC SERVICE ENTERPRISE GROUP INC,2016-07-29,5111,30127,0.0,,,
0001157523-20-001374,1164727,NEWMONT Corp /DE/,2020-10-29,18053,110747,0.0,,,
0001552000-15-000029,1552000,MPLX LP,2015-07-30,3346,21631,0.0,,,
0000813672-16-000055,813672,CADENCE DESIGN SYSTEMS INC,2016-10-24,3311,21298,0.0,,,
0001276187-20-000019,1276187,Energy Transfer LP,2020-05-11,6785,44364,0.7100577044450456,supplemental information,SUPPLEMENTAL INFORMATION,
0000006951-24-000026,6951,APPLIED MATERIALS INC /DE,2024-08-15,3311,20716,0.0,,,
0001101239-26-000030,1101239,EQUINIX INC,2026-02-11,5854,37106,0.0,,,
0000107263-20-000015,107263,"WILLIAMS COMPANIES, INC.",2020-05-04,7442,45417,0.0,,,
0000092122-24-000077,92122,SOUTHERN CO,2024-08-01,3151,19160,0.0,,,
0001403161-23-000069,1403161,VISA INC.,2023-07-25,4263,27622,0.0,,,
0000875045-23-000035,875045,BIOGEN INC.,2023-11-08,6305,40758,0.0,,,
0001075531-25-000050,1075531,Booking Holdings Inc.,2025-10-28,5449,33828,0.0,,,
0001193125-15-375655,858877,"CISCO SYSTEMS, INC.",2015-11-12,4618,29312,0.0,,,
0000813672-25-000108,813672,CADENCE DESIGN SYSTEMS INC,2025-07-28,3608,24031,0.0,,,
0000936468-19-000066,936468,LOCKHEED MARTIN CORP,2019-10-22,7099,45256,0.0,,,
0000875045-20-000032,875045,BIOGEN INC.,2020-10-21,6301,41107,0.0,,,
0001157523-18-000124,21665,COLGATE PALMOLIVE CO,2018-01-26,6727,42911,0.0,,,
0000051143-26-000036,51143,INTERNATIONAL BUSINESS MACHINES CORP,2026-04-22,3144,20219,0.0,,,
0001193125-17-317280,89800,SHERWIN WILLIAMS CO,2017-10-24,3368,21915,0.0,,,
0001506307-16-000067,1506307,"KINDER MORGAN, INC.",2016-01-20,8343,52244,0.0,,,
0000200406-17-000040,200406,JOHNSON & JOHNSON,2017-07-18,1981,13661,0.0,,,
0001058290-18-000013,1058290,COGNIZANT TECHNOLOGY SOLUTIONS CORP,2018-05-07,3994,26213,0.0,,,
0001558370-24-012287,315189,DEERE & CO,2024-08-15,5386,34546,0.0,,,
0001535527-24-000011,1535527,"CrowdStrike Holdings, Inc.",2024-06-04,4870,34520,0.0,,,
0001585521-24-000025,1585521,"Zoom Communications, Inc.",2024-02-26,4545,31051,0.0,,,
0000316709-25-000033,316709,SCHWAB CHARLES CORP,2025-07-18,6460,39357,0.0,,,
0001193125-18-234930,1512673,"Block, Inc.",2018-08-01,6194,40243,0.0,,,
0000045012-24-000012,45012,HALLIBURTON CO,2024-04-23,3301,21718,0.0,,,
0001141391-18-000109,1141391,Mastercard Inc,2018-07-26,5518,33122,0.0,,,
0001104659-17-049300,718877,"Activision Blizzard, Inc.",2017-08-03,9122,56348,0.06410165400724072,supplemental financial information,SUPPLEMENTAL FINANCIAL INFORMATION,
0001234452-17-000075,804328,QUALCOMM INC/DE,2017-04-19,5385,34343,0.5620941676615322,supplemental information,Supplemental Information and Reconciliations,
0000896878-17-000028,896878,INTUIT INC.,2017-02-23,5654,35519,0.0,,,
0001193125-19-272054,1393818,Blackstone Inc.,2019-10-23,12476,82528,0.0,,,
0000950170-24-114848,1045609,"Prologis, Inc.",2024-10-16,1499,10230,0.0,,,Prologis (F2 §5 deck/title-page precedent)
0001110803-20-000058,1110803,"ILLUMINA, INC.",2020-10-29,3570,21934,0.0,,,
0000055785-24-000091,55785,KIMBERLY CLARK CORP,2024-10-22,4666,29586,0.0,,,
0001193125-18-148747,1532063,Express Scripts Holding Co.,2018-05-02,6103,40563,0.0,,,
0001403161-17-000036,1403161,VISA INC.,2017-07-20,8677,49752,0.0,,,
0001157523-18-000724,895421,MORGAN STANLEY,2018-04-18,3587,22485,0.0,,,
0001413329-19-000051,1413329,Philip Morris International Inc.,2019-07-18,19355,114766,0.0,,,
0001193125-23-043475,1034054,SBA COMMUNICATIONS CORP,2023-02-21,6892,44748,0.0,,,
0001193125-23-001957,1618921,"Walgreens Boots Alliance, Inc.",2023-01-05,7624,51323,0.49297585877676675,supplemental information,SUPPLEMENTAL INFORMATION (UNAUDITED),
0001193125-21-152536,1682852,"Moderna, Inc.",2021-05-06,6399,42831,0.0,,,
0001193125-16-758662,713676,"PNC FINANCIAL SERVICES GROUP, INC.",2016-11-03,2,12,0.0,,,
0001157523-19-002190,1164727,NEWMONT Corp /DE/,2019-11-05,16549,98051,0.0,,,
0001193125-20-285108,1692819,Vistra Corp.,2020-11-04,6340,37651,0.0,,,
0001157523-23-001113,1164727,NEWMONT Corp /DE/,2023-07-20,17515,104834,0.0,,,
0000078003-23-000111,78003,PFIZER INC,2023-10-31,17094,107904,0.0,,,
0001099800-20-000007,1099800,Edwards Lifesciences Corp,2020-04-23,3602,23102,0.0,,,
0000313616-24-000188,313616,DANAHER CORP /DE/,2024-07-23,3934,25893,0.0,,,
0001171843-16-007588,8670,AUTOMATIC DATA PROCESSING INC,2016-02-03,5011,30579,0.0,,,
0000798354-18-000003,798354,FISERV INC,2018-02-07,4117,25659,0.0,,,
0001390777-17-000006,1390777,Bank of New York Mellon Corp,2017-01-19,14752,87210,0.0,,,
0000089800-23-000029,89800,SHERWIN WILLIAMS CO,2023-10-24,3867,25280,0.0,,,
0000047217-20-000027,47217,HP INC,2020-08-27,6041,39752,0.0,,,
0001562762-19-000181,1099590,MERCADOLIBRE INC,2019-08-07,3802,24375,0.0,,,
0001193125-17-344129,858877,"CISCO SYSTEMS, INC.",2017-11-15,4457,28368,0.0,,,
0001558370-19-008923,51143,INTERNATIONAL BUSINESS MACHINES CORP,2019-10-16,4270,26975,0.0,,,
0001193125-16-623725,896159,Chubb Ltd,2016-06-16,4482,23781,0.0,,,
0000077476-15-000046,77476,PEPSICO INC,2015-10-06,10556,65701,0.7126679959209145,supplemental financial information,Supplemental Financial Information,
0001558370-25-004009,31462,ECOLAB INC.,2025-03-28,749,5027,0.0,,,
0001283699-22-000111,1283699,"T-Mobile US, Inc.",2022-07-27,5652,37398,0.0,,,
0000896878-23-000019,896878,INTUIT INC.,2023-05-23,5274,33943,0.0,,,
0001393612-24-000028,1393612,Discover Financial Services,2024-04-17,2464,16699,0.0,,,
0001104659-19-002755,51143,INTERNATIONAL BUSINESS MACHINES CORP,2019-01-22,3983,26688,0.0,,,
0001543151-23-000036,1543151,"Uber Technologies, Inc",2023-11-07,7706,49794,0.0,,,
0001193125-18-002185,64803,CVS HEALTH Corp,2018-01-04,2984,19836,0.0,,,
0001065280-16-000051,1065280,NETFLIX INC,2016-04-18,4786,31629,0.0,,,
0000950159-19-000073,1739940,Cigna Group,2019-05-02,4316,28767,0.0,,,
0001868275-25-000070,1868275,Constellation Energy Corp,2025-08-07,4651,30845,0.0,,,
0001136893-19-000125,1136893,"Fidelity National Information Services, Inc.",2019-08-06,6748,43038,0.0,,,
0000097476-24-000004,97476,TEXAS INSTRUMENTS INC,2024-01-23,2370,14975,0.7893155258764608,supplemental information,Supplemental Information,
0001193125-19-129324,1103982,"Mondelez International, Inc.",2019-04-30,7156,44671,0.0,,,
0001390777-22-000100,1390777,Bank of New York Mellon Corp,2022-10-17,6993,42844,0.0,,,
0001193125-24-046183,1034054,SBA COMMUNICATIONS CORP,2024-02-26,7299,46768,0.0,,,
0001137789-22-000039,1137789,Seagate Technology Holdings plc,2022-07-21,3549,23018,0.0,,,
0000354950-20-000094,354950,"HOME DEPOT, INC.",2020-11-17,1705,11135,0.0,,,
0001506307-25-000042,1506307,"KINDER MORGAN, INC.",2025-07-16,6715,42841,0.0,,,
0000707549-20-000119,707549,LAM RESEARCH CORP,2020-07-29,3057,19960,0.0,,,
0000849399-26-000028,849399,Gen Digital Inc.,2026-08-06,4488,29201,0.0,,,
0001564590-18-000432,1364742,"BlackRock Finance, Inc.",2018-01-12,8124,50766,0.7278296497655912,supplemental information,Supplemental information:,
0001596532-16-000253,1596532,"Arista Networks, Inc.",2016-05-05,2050,13926,0.0,,,
0001099590-26-000014,1099590,MERCADOLIBRE INC,2026-05-07,9004,57115,0.0,,,
0001193125-25-006554,886982,GOLDMAN SACHS GROUP INC,2025-01-15,5482,35091,0.0,,,
0000045012-26-000008,45012,HALLIBURTON CO,2026-01-21,5421,35074,0.0,,,
0000080661-22-000077,80661,PROGRESSIVE CORP/OH/,2022-10-13,3200,21283,0.6716158436310671,supplemental information,SUPPLEMENTAL INFORMATION,
0000849399-26-000014,849399,Gen Digital Inc.,2026-05-07,5015,31678,0.0,,,
0000882095-22-000003,882095,"GILEAD SCIENCES, INC.",2022-02-01,7450,46108,0.0,,,
0000200406-23-000005,200406,JOHNSON & JOHNSON,2023-01-24,2147,15076,0.0,,,
0001682852-22-000040,1682852,"Moderna, Inc.",2022-08-03,3533,22968,0.0,,,
0000014272-21-000058,14272,BRISTOL MYERS SQUIBB CO,2021-02-04,7419,48433,0.0,,,
0000821189-25-000010,821189,EOG RESOURCES INC,2025-02-27,9870,60426,0.0,,,
0000037996-19-000076,37996,FORD MOTOR CO,2019-10-23,6457,40919,0.0,,,
0001104659-24-055999,1571949,"Intercontinental Exchange, Inc.",2024-05-02,3167,19973,0.0,,,
0001018724-20-000019,1018724,AMAZON COM INC,2020-07-30,7859,48166,0.24818336585973508,supplemental financial information,Supplemental Financial Information and Business Metrics,
0001137774-24-000243,1137774,PRUDENTIAL FINANCIAL INC,2024-10-30,4431,29943,0.0,,,
0000078003-18-000066,78003,PFIZER INC,2018-07-31,24382,147374,0.0,,,
0001628280-21-007814,4447,HESS CORP,2021-04-28,5808,36703,0.0,,,
0000010795-25-000036,10795,BECTON DICKINSON & CO,2025-05-01,7241,47707,0.22116251283878677,supplemental information,SUPPLEMENTAL INFORMATION,
0000764180-19-000080,764180,"ALTRIA GROUP, INC.",2019-10-31,9551,58772,0.0,,,
0000062709-19-000008,62709,"MARSH & MCLENNAN COMPANIES, INC.",2019-01-31,8198,49926,0.6592356687898089,supplemental information,Supplemental Information - Revenue Analysis,
0000064040-20-000140,64040,S&P Global Inc.,2020-07-28,6101,37716,0.0,,,
0001564590-22-016068,1101239,EQUINIX INC,2022-04-27,7019,47998,0.0,,,
0001144204-18-056286,1571949,"Intercontinental Exchange, Inc.",2018-10-31,3299,20504,0.0,,,
0000049826-17-000121,49826,ILLINOIS TOOL WORKS INC,2017-07-24,2425,14051,0.0,,,
0000060667-22-000017,60667,LOWES COMPANIES INC,2022-02-23,2609,17080,0.0,,,
0000040533-21-000014,40533,GENERAL DYNAMICS CORP,2021-04-28,2721,17556,0.0,,,
0000875320-16-000088,875320,VERTEX PHARMACEUTICALS INC / MA,2016-07-27,4292,27259,0.0,,,
0000010795-21-000025,10795,BECTON DICKINSON & CO,2021-02-04,4297,28653,0.13579729871217674,supplemental information,SUPPLEMENTAL INFORMATION,
0001543151-21-000035,1543151,"Uber Technologies, Inc",2021-08-04,8407,54335,0.0,,,
0000950170-24-087835,789019,MICROSOFT CORP,2024-07-30,3123,21389,0.0,,,
0001104659-20-088675,310158,"Merck & Co., Inc.",2020-07-31,7333,46679,0.0,,,
0000922224-24-000028,922224,PPL Corp,2024-11-01,4887,31064,0.0,,,
0001193125-18-283973,1099219,METLIFE INC,2018-09-26,18916,125697,0.0,,,
0001390777-23-000002,1390777,Bank of New York Mellon Corp,2023-01-13,7833,48107,0.0,,,
0001091667-18-000102,1091667,"CHARTER COMMUNICATIONS, INC. /MO/",2018-10-26,6987,44315,0.0,,,
0000713676-21-000083,713676,"PNC FINANCIAL SERVICES GROUP, INC.",2021-07-14,9001,56157,0.0,,,
0001157523-16-005111,895421,MORGAN STANLEY,2016-04-18,4476,27737,0.0,,,
0000200406-16-000110,200406,JOHNSON & JOHNSON,2016-10-18,1932,13504,0.0,,,
0000320187-25-000011,320187,"NIKE, Inc.",2025-03-20,2636,15853,0.0,,,
0001613103-16-000097,1613103,Medtronic plc,2016-08-25,4968,30482,0.0,,,
0000078003-24-000155,78003,PFIZER INC,2024-07-30,12088,78964,0.0,,,
0000080661-17-000004,80661,PROGRESSIVE CORP/OH/,2017-01-25,3178,20978,0.6638383067975975,supplemental information,SUPPLEMENTAL INFORMATION,
0001506307-21-000002,1506307,"KINDER MORGAN, INC.",2021-01-20,7076,43986,0.0,,,
0000060667-20-000080,60667,LOWES COMPANIES INC,2020-05-20,3848,25336,0.0,,,
0000037996-20-000031,37996,FORD MOTOR CO,2020-04-13,1394,9690,0.0,,,
0000766704-16-000079,766704,WELLTOWER INC.,2016-08-02,4959,33931,0.0,,,
0000079879-22-000006,79879,PPG INDUSTRIES INC,2022-01-20,4642,30822,0.0,,,
0001157523-23-000671,1551182,Eaton Corp plc,2023-05-02,2888,18506,0.0,,,
0000078003-18-000039,78003,PFIZER INC,2018-05-01,17776,112646,0.0,,,
0001193125-16-438421,320193,Apple Inc.,2016-01-26,1613,10762,0.0,,,
0001193125-17-229806,886982,GOLDMAN SACHS GROUP INC,2017-07-18,4048,25190,0.0,,,
0001628280-25-017763,713676,"PNC FINANCIAL SERVICES GROUP, INC.",2025-04-15,8465,52754,0.0,,,
0000032604-24-000035,32604,EMERSON ELECTRIC CO,2024-08-07,4255,25920,0.0,,,
0000732712-19-000006,732712,VERIZON COMMUNICATIONS INC,2019-01-29,6627,41391,0.3603440361431229,supplemental information,Supplemental Information - Impact of Topic 606,
0000798354-20-000022,798354,FISERV INC,2020-10-27,7685,49725,0.0,,,
0000764180-23-000112,764180,"ALTRIA GROUP, INC.",2023-08-01,8716,54115,0.0,,,
0001157523-20-001396,21665,COLGATE PALMOLIVE CO,2020-10-30,5820,36871,0.0,,,
0000012927-24-000007,12927,BOEING CO,2024-01-31,3895,26570,0.0,,,
0000101829-22-000002,101829,RTX Corp,2022-01-25,6840,43847,0.0,,,
0000713676-18-000056,713676,"PNC FINANCIAL SERVICES GROUP, INC.",2018-07-13,8970,55519,0.0,,,
0001144204-18-038940,73309,NUCOR CORP,2018-07-19,2446,15866,0.0,,,
0001133421-23-000052,1133421,NORTHROP GRUMMAN CORP /DE/,2023-10-26,5244,34329,0.0,,,
0001637459-20-000126,1637459,Kraft Heinz Co,2020-07-30,5456,35630,0.0,,,
0001297996-17-000150,1297996,"DIGITAL REALTY TRUST, INC.",2017-10-25,26084,161891,0.0,,,
0000936468-25-000031,936468,LOCKHEED MARTIN CORP,2025-04-22,4581,30547,0.0,,,
0000064803-23-000046,64803,CVS HEALTH Corp,2023-11-01,10230,65821,0.4246061287431063,supplemental information,Supplemental Information,
0000200406-19-000004,200406,JOHNSON & JOHNSON,2019-01-22,2426,16971,0.0,,,
0001628280-23-013041,97745,THERMO FISHER SCIENTIFIC INC.,2023-04-26,3185,21413,0.0,,,
0001144204-18-024771,1318220,"Waste Connections, Inc.",2018-05-02,3691,25065,0.0,,,
0001193125-26-213263,895728,ENBRIDGE INC,2026-05-08,6573,44370,0.0,,,
0000895126-24-000133,895126,EXPAND ENERGY Corp,2024-10-29,4928,31594,0.0,,,
0000773910-16-000067,773910,ANADARKO PETROLEUM CORP,2016-02-01,4485,27517,0.0,,,
0001628280-16-017762,320193,Apple Inc.,2016-07-26,1685,11125,0.0,,,
0000354950-22-000219,354950,"HOME DEPOT, INC.",2022-11-15,1674,10951,0.0,,,
0000033213-22-000026,33213,EQT Corp,2022-10-26,6374,41596,0.0,,,
0001065280-18-000052,1065280,NETFLIX INC,2018-01-22,3968,26170,0.0,,,
0000004904-25-000169,4904,AMERICAN ELECTRIC POWER CO INC,2025-10-29,4041,26811,0.0,,,
0000004904-22-000052,4904,AMERICAN ELECTRIC POWER CO INC,2022-04-28,2597,17701,0.0,,,
0000034088-16-000053,34088,EXXON MOBIL CORP,2016-02-02,3016,19509,0.0,,,
0000885725-24-000060,885725,BOSTON SCIENTIFIC CORP,2024-07-24,4373,27623,0.0,,,
0001053507-19-000131,1053507,AMERICAN TOWER CORP /MA/,2019-10-31,8292,54122,0.0,,,
0001506307-16-000081,1506307,"KINDER MORGAN, INC.",2016-04-20,6749,42908,0.0,,,
0001404912-21-000005,1404912,KKR & Co. Inc.,2021-02-08,10533,70928,0.0,,,
0001136893-23-000124,1136893,"Fidelity National Information Services, Inc.",2023-08-02,5916,39219,0.0,,,
0001090727-19-000008,1090727,UNITED PARCEL SERVICE INC,2019-04-25,3005,19821,0.0,,,
0001193125-15-347574,732712,VERIZON COMMUNICATIONS INC,2015-10-20,4905,31345,0.0,,,
0000831259-24-000026,831259,FREEPORT-MCMORAN INC,2024-07-02,167,6470,0.0,,,
0000732712-24-000062,732712,VERIZON COMMUNICATIONS INC,2024-10-22,5937,38665,0.0,,,
0001039684-20-000010,1039684,ONEOK INC /NEW/,2020-02-24,6889,45023,0.0,,,
0001326801-18-000006,1326801,"Meta Platforms, Inc.",2018-01-31,2693,16554,0.0,,,
0000732712-25-000021,732712,VERIZON COMMUNICATIONS INC,2025-04-22,5176,34865,0.0,,,
0001506307-20-000037,1506307,"KINDER MORGAN, INC.",2020-04-22,7286,44880,0.0,,,
0000875045-24-000012,875045,BIOGEN INC.,2024-04-24,4823,31525,0.0,,,
0001104659-24-004320,33213,EQT Corp,2024-01-17,2275,15030,0.0,,,
0001035267-21-000174,1035267,INTUITIVE SURGICAL INC,2021-10-19,3988,26308,0.0,,,
0001193125-22-212527,1512673,"Block, Inc.",2022-08-04,11527,74273,0.0,,,
0000320193-20-000008,320193,Apple Inc.,2020-01-28,1945,13125,0.0,,,
0000316709-23-000047,316709,SCHWAB CHARLES CORP,2023-10-16,7284,45374,0.0,,,
0000731766-15-000046,731766,UNITEDHEALTH GROUP INC,2015-10-15,3475,23586,0.24739252098702622,supplemental financial information,Supplemental Financial Information,
0001645590-24-000114,1645590,Hewlett Packard Enterprise Co,2024-09-04,8201,54409,0.0,,,
0001467858-19-000104,1467858,General Motors Co,2019-08-01,1503,9785,0.0,,,
0000915912-15-000013,915912,AVALONBAY COMMUNITIES INC,2015-07-28,7098,44935,0.0,,,AvalonBay (clean two-exhibit shape)
0000915912-15-000017,915912,AVALONBAY COMMUNITIES INC,2015-10-27,6971,44520,0.0,,,AvalonBay (clean two-exhibit shape)
0000915912-16-000022,915912,AVALONBAY COMMUNITIES INC,2016-02-04,7838,49965,0.0,,,AvalonBay (clean two-exhibit shape)
0000915912-16-000028,915912,AVALONBAY COMMUNITIES INC,2016-04-28,6279,40915,0.0,,,AvalonBay (clean two-exhibit shape)
0000915912-16-000032,915912,AVALONBAY COMMUNITIES INC,2016-07-26,7307,46135,0.0,,,AvalonBay (clean two-exhibit shape)
0000915912-16-000036,915912,AVALONBAY COMMUNITIES INC,2016-10-25,7508,47757,0.0,,,AvalonBay (clean two-exhibit shape)
0000915912-17-000002,915912,AVALONBAY COMMUNITIES INC,2017-02-02,7963,50729,0.0,,,AvalonBay (clean two-exhibit shape)
0000915912-17-000008,915912,AVALONBAY COMMUNITIES INC,2017-04-27,6148,39776,0.0,,,AvalonBay (clean two-exhibit shape)
0000915912-17-000012,915912,AVALONBAY COMMUNITIES INC,2017-08-03,7528,47671,0.0,,,AvalonBay (clean two-exhibit shape)
0000915912-17-000016,915912,AVALONBAY COMMUNITIES INC,2017-10-31,7494,48134,0.0,,,AvalonBay (clean two-exhibit shape)
0000915912-18-000002,915912,AVALONBAY COMMUNITIES INC,2018-02-01,8556,54522,0.0,,,AvalonBay (clean two-exhibit shape)
0000915912-18-000010,915912,AVALONBAY COMMUNITIES INC,2018-04-26,5364,34830,0.0,,,AvalonBay (clean two-exhibit shape)
0000915912-18-000014,915912,AVALONBAY COMMUNITIES INC,2018-07-31,6564,41469,0.0,,,AvalonBay (clean two-exhibit shape)
0000915912-18-000018,915912,AVALONBAY COMMUNITIES INC,2018-10-30,7480,47676,0.0,,,AvalonBay (clean two-exhibit shape)
0000915912-19-000002,915912,AVALONBAY COMMUNITIES INC,2019-02-05,8222,52401,0.0,,,AvalonBay (clean two-exhibit shape)
0000915912-19-000012,915912,AVALONBAY COMMUNITIES INC,2019-04-25,5999,39265,0.0,,,AvalonBay (clean two-exhibit shape)
0000915912-19-000016,915912,AVALONBAY COMMUNITIES INC,2019-08-01,7446,47418,0.0,,,AvalonBay (clean two-exhibit shape)
0000915912-19-000020,915912,AVALONBAY COMMUNITIES INC,2019-10-29,7493,48208,0.0,,,AvalonBay (clean two-exhibit shape)
0000915912-20-000002,915912,AVALONBAY COMMUNITIES INC,2020-02-06,8366,53676,0.0,,,AvalonBay (clean two-exhibit shape)
0000915912-20-000014,915912,AVALONBAY COMMUNITIES INC,2020-05-07,6661,43343,0.0,,,AvalonBay (clean two-exhibit shape)
0000915912-20-000020,915912,AVALONBAY COMMUNITIES INC,2020-07-30,7435,47493,0.0,,,AvalonBay (clean two-exhibit shape)
0000915912-20-000024,915912,AVALONBAY COMMUNITIES INC,2020-10-29,7805,51203,0.0,,,AvalonBay (clean two-exhibit shape)
0000915912-21-000013,915912,AVALONBAY COMMUNITIES INC,2021-04-29,6787,44908,0.0,,,AvalonBay (clean two-exhibit shape)
0000915912-21-000017,915912,AVALONBAY COMMUNITIES INC,2021-07-29,8198,52744,0.0,,,AvalonBay (clean two-exhibit shape)
0000915912-21-000021,915912,AVALONBAY COMMUNITIES INC,2021-10-28,8180,52777,0.0,,,AvalonBay (clean two-exhibit shape)
0000915912-22-000003,915912,AVALONBAY COMMUNITIES INC,2022-02-03,8869,57254,0.0,,,AvalonBay (clean two-exhibit shape)
0000915912-22-000009,915912,AVALONBAY COMMUNITIES INC,2022-04-28,7463,48595,0.0,,,AvalonBay (clean two-exhibit shape)
0000915912-22-000013,915912,AVALONBAY COMMUNITIES INC,2022-07-28,8219,52777,0.0,,,AvalonBay (clean two-exhibit shape)
0000915912-22-000017,915912,AVALONBAY COMMUNITIES INC,2022-11-04,8653,56003,0.0,,,AvalonBay (clean two-exhibit shape)
0000915912-23-000002,915912,AVALONBAY COMMUNITIES INC,2023-02-09,8662,55585,0.0,,,AvalonBay (clean two-exhibit shape)
0000915912-23-000012,915912,AVALONBAY COMMUNITIES INC,2023-08-01,7850,49993,0.0,,,AvalonBay (clean two-exhibit shape)
0000915912-24-000009,915912,AVALONBAY COMMUNITIES INC,2024-04-26,6758,43812,0.0,,,AvalonBay (clean two-exhibit shape)
0000915912-24-000013,915912,AVALONBAY COMMUNITIES INC,2024-08-01,7829,49932,0.0,,,AvalonBay (clean two-exhibit shape)
0000915912-24-000019,915912,AVALONBAY COMMUNITIES INC,2024-11-05,8254,52734,0.0,,,AvalonBay (clean two-exhibit shape)
0000915912-25-000003,915912,AVALONBAY COMMUNITIES INC,2025-02-06,8412,53793,0.0,,,AvalonBay (clean two-exhibit shape)
0000915912-25-000010,915912,AVALONBAY COMMUNITIES INC,2025-05-01,6869,44918,0.0,,,AvalonBay (clean two-exhibit shape)
0000915912-25-000016,915912,AVALONBAY COMMUNITIES INC,2025-07-31,7867,50817,0.0,,,AvalonBay (clean two-exhibit shape)
0000915912-25-000022,915912,AVALONBAY COMMUNITIES INC,2025-10-30,8256,53565,0.0,,,AvalonBay (clean two-exhibit shape)
0000915912-26-000010,915912,AVALONBAY COMMUNITIES INC,2026-04-28,6816,44948,0.0,,,AvalonBay (clean two-exhibit shape)
0000915912-26-000018,915912,AVALONBAY COMMUNITIES INC,2026-07-23,8752,57740,0.0,,,AvalonBay (clean two-exhibit shape)
0000950123-18-006811,1045609,"Prologis, Inc.",2018-07-17,1418,9657,0.0,,,Prologis (F2 §5 deck/title-page precedent)
0000950170-23-013170,1045609,"Prologis, Inc.",2023-04-18,1614,10846,0.0,,,Prologis (F2 §5 deck/title-page precedent)
0000950170-23-033263,1045609,"Prologis, Inc.",2023-07-18,1615,10893,0.0,,,Prologis (F2 §5 deck/title-page precedent)
0000950170-23-053655,1045609,"Prologis, Inc.",2023-10-17,1675,11238,0.0,,,Prologis (F2 §5 deck/title-page precedent)
0000950170-24-004825,1045609,"Prologis, Inc.",2024-01-17,1731,11681,0.0,,,Prologis (F2 §5 deck/title-page precedent)
0000950170-24-044928,1045609,"Prologis, Inc.",2024-04-17,1801,12101,0.0,,,Prologis (F2 §5 deck/title-page precedent)
0000950170-24-084067,1045609,"Prologis, Inc.",2024-07-17,1647,11101,0.0,,,Prologis (F2 §5 deck/title-page precedent)
0000950170-25-054485,1045609,"Prologis, Inc.",2025-04-16,1484,10106,0.0,,,Prologis (F2 §5 deck/title-page precedent)
0000950170-25-096077,1045609,"Prologis, Inc.",2025-07-16,1539,10426,0.0,,,Prologis (F2 §5 deck/title-page precedent)
0001047469-15-006289,1063761,SIMON PROPERTY GROUP INC.,2015-07-24,16770,110083,0.0,,,"Simon Property (combined release+supplemental, H4 §8.4)"
0001047469-15-008063,1063761,SIMON PROPERTY GROUP INC.,2015-10-27,16722,109841,0.0,,,"Simon Property (combined release+supplemental, H4 §8.4)"
0001047469-16-009923,1063761,SIMON PROPERTY GROUP INC.,2016-01-29,16941,111373,0.0,,,"Simon Property (combined release+supplemental, H4 §8.4)"
0001047469-16-014471,1063761,SIMON PROPERTY GROUP INC.,2016-07-27,16964,111279,0.0,,,"Simon Property (combined release+supplemental, H4 §8.4)"
0001047469-16-016291,1063761,SIMON PROPERTY GROUP INC.,2016-10-26,16304,106634,0.0,,,"Simon Property (combined release+supplemental, H4 §8.4)"
0001047469-17-000429,1063761,SIMON PROPERTY GROUP INC.,2017-01-31,16481,107854,0.0,,,"Simon Property (combined release+supplemental, H4 §8.4)"
0001047469-17-002973,1063761,SIMON PROPERTY GROUP INC.,2017-04-27,14616,96088,0.0,,,"Simon Property (combined release+supplemental, H4 §8.4)"
0001047469-17-004884,1063761,SIMON PROPERTY GROUP INC.,2017-08-01,15988,104317,0.0,,,"Simon Property (combined release+supplemental, H4 §8.4)"
0001047469-17-006601,1063761,SIMON PROPERTY GROUP INC.,2017-10-27,16224,106243,0.0,,,"Simon Property (combined release+supplemental, H4 §8.4)"
0001047469-18-003264,1063761,SIMON PROPERTY GROUP INC.,2018-04-27,15182,99607,0.0,,,"Simon Property (combined release+supplemental, H4 §8.4)"
0001047469-19-002724,1063761,SIMON PROPERTY GROUP INC.,2019-04-30,14228,93804,0.0,,,"Simon Property (combined release+supplemental, H4 §8.4)"
0001104659-19-057499,1063761,SIMON PROPERTY GROUP INC.,2019-10-30,15120,99817,0.0,,,"Simon Property (combined release+supplemental, H4 §8.4)"
0001104659-20-010115,1063761,SIMON PROPERTY GROUP INC.,2020-02-04,15686,103929,0.0,,,"Simon Property (combined release+supplemental, H4 §8.4)"
0001104659-20-059554,1063761,SIMON PROPERTY GROUP INC.,2020-05-11,13724,90818,0.0,,,"Simon Property (combined release+supplemental, H4 §8.4)"
0001104659-20-092742,1063761,SIMON PROPERTY GROUP INC.,2020-08-10,14696,97135,0.0,,,"Simon Property (combined release+supplemental, H4 §8.4)"
0001104659-20-123110,1063761,SIMON PROPERTY GROUP INC.,2020-11-09,14742,97944,0.0,,,"Simon Property (combined release+supplemental, H4 §8.4)"
0001104659-21-013702,1063761,SIMON PROPERTY GROUP INC.,2021-02-08,14916,96506,0.0,,,"Simon Property (combined release+supplemental, H4 §8.4)"
0001104659-21-098947,1063761,SIMON PROPERTY GROUP INC.,2021-08-02,15453,99704,0.0,,,"Simon Property (combined release+supplemental, H4 §8.4)"
0001104659-21-132352,1063761,SIMON PROPERTY GROUP INC.,2021-11-01,15737,101777,0.0,,,"Simon Property (combined release+supplemental, H4 §8.4)"
0001104659-22-012779,1063761,SIMON PROPERTY GROUP INC.,2022-02-07,15229,98953,0.0,,,"Simon Property (combined release+supplemental, H4 §8.4)"
0001104659-22-057504,1063761,SIMON PROPERTY GROUP INC.,2022-05-09,13442,87345,0.0,,,"Simon Property (combined release+supplemental, H4 §8.4)"
0001104659-22-084689,1063761,SIMON PROPERTY GROUP INC.,2022-08-01,15325,98531,0.0,,,"Simon Property (combined release+supplemental, H4 §8.4)"
0001104659-22-113193,1063761,SIMON PROPERTY GROUP INC.,2022-11-01,15295,98692,0.0,,,"Simon Property (combined release+supplemental, H4 §8.4)"
0001104659-23-011182,1063761,SIMON PROPERTY GROUP INC.,2023-02-06,15196,98442,0.0,,,"Simon Property (combined release+supplemental, H4 §8.4)"
0001104659-23-086786,1063761,SIMON PROPERTY GROUP INC.,2023-08-02,14686,94977,0.0,,,"Simon Property (combined release+supplemental, H4 §8.4)"
0001104659-23-112561,1063761,SIMON PROPERTY GROUP INC.,2023-10-30,14928,96845,0.0,,,"Simon Property (combined release+supplemental, H4 §8.4)"
0001104659-24-010603,1063761,SIMON PROPERTY GROUP INC.,2024-02-05,14941,97242,0.0,,,"Simon Property (combined release+supplemental, H4 §8.4)"
0001104659-24-057440,1063761,SIMON PROPERTY GROUP INC.,2024-05-06,13772,89777,0.0,,,"Simon Property (combined release+supplemental, H4 §8.4)"
0001104659-24-085817,1063761,SIMON PROPERTY GROUP INC.,2024-08-05,15046,97279,0.0,,,"Simon Property (combined release+supplemental, H4 §8.4)"
0001104659-24-113272,1063761,SIMON PROPERTY GROUP INC.,2024-11-01,15542,100746,0.0,,,"Simon Property (combined release+supplemental, H4 §8.4)"
0001104659-25-009105,1063761,SIMON PROPERTY GROUP INC.,2025-02-04,15374,99352,0.0,,,"Simon Property (combined release+supplemental, H4 §8.4)"
0001104659-25-047299,1063761,SIMON PROPERTY GROUP INC.,2025-05-12,14236,92749,0.0,,,"Simon Property (combined release+supplemental, H4 §8.4)"
0001104659-25-073630,1063761,SIMON PROPERTY GROUP INC.,2025-08-04,15281,98759,0.0,,,"Simon Property (combined release+supplemental, H4 §8.4)"
0001104659-25-105545,1063761,SIMON PROPERTY GROUP INC.,2025-11-03,15434,100050,0.0,,,"Simon Property (combined release+supplemental, H4 §8.4)"
0001104659-26-009209,1063761,SIMON PROPERTY GROUP INC.,2026-02-02,15242,98982,0.0,,,"Simon Property (combined release+supplemental, H4 §8.4)"
0001104659-26-058646,1063761,SIMON PROPERTY GROUP INC.,2026-05-11,14144,91966,0.0,,,"Simon Property (combined release+supplemental, H4 §8.4)"
0001193125-25-239551,1045609,"Prologis, Inc.",2025-10-15,1511,10230,0.0,,,Prologis (F2 §5 deck/title-page precedent)
0001193125-26-017256,1045609,"Prologis, Inc.",2026-01-21,1538,10434,0.0,,,Prologis (F2 §5 deck/title-page precedent)
0001193125-26-305416,1045609,"Prologis, Inc.",2026-07-16,1934,13050,0.0,,,Prologis (F2 §5 deck/title-page precedent)
0001564590-15-008463,1045609,"Prologis, Inc.",2015-10-20,65021,509529,0.0,,,Prologis (F2 §5 deck/title-page precedent)
0001564590-16-011971,1045609,"Prologis, Inc.",2016-01-26,16980,127286,0.0,,,Prologis (F2 §5 deck/title-page precedent)
0001564590-16-016339,1045609,"Prologis, Inc.",2016-04-19,1350,9141,0.0,,,Prologis (F2 §5 deck/title-page precedent)
0001564590-16-021246,1045609,"Prologis, Inc.",2016-07-19,1540,10449,0.0,,,Prologis (F2 §5 deck/title-page precedent)
0001564590-17-000523,1045609,"Prologis, Inc.",2017-01-24,1564,10641,0.0,,,Prologis (F2 §5 deck/title-page precedent)
0001564590-17-006654,1045609,"Prologis, Inc.",2017-04-18,1570,10613,0.0,,,Prologis (F2 §5 deck/title-page precedent)
0001564590-17-013565,1045609,"Prologis, Inc.",2017-07-18,1656,11143,0.0,,,Prologis (F2 §5 deck/title-page precedent)
0001564590-17-019539,1045609,"Prologis, Inc.",2017-10-17,1698,11472,0.0,,,Prologis (F2 §5 deck/title-page precedent)
0001564590-18-000772,1045609,"Prologis, Inc.",2018-01-23,1521,10265,0.0,,,Prologis (F2 §5 deck/title-page precedent)
0001564590-18-024299,1045609,"Prologis, Inc.",2018-10-16,1433,9606,0.0,,,Prologis (F2 §5 deck/title-page precedent)
0001564590-19-000828,1045609,"Prologis, Inc.",2019-01-22,1519,10195,0.0,,,Prologis (F2 §5 deck/title-page precedent)
0001564590-19-011671,1045609,"Prologis, Inc.",2019-04-16,1467,9849,0.0,,,Prologis (F2 §5 deck/title-page precedent)
0001564590-19-036903,1045609,"Prologis, Inc.",2019-10-15,1455,9852,0.0,,,Prologis (F2 §5 deck/title-page precedent)
0001564590-20-001560,1045609,"Prologis, Inc.",2020-01-22,2081,13921,0.0,,,Prologis (F2 §5 deck/title-page precedent)
0001564590-20-017571,1045609,"Prologis, Inc.",2020-04-21,1607,10758,0.0,,,Prologis (F2 §5 deck/title-page precedent)
0001564590-20-032839,1045609,"Prologis, Inc.",2020-07-21,1732,11347,0.0,,,Prologis (F2 §5 deck/title-page precedent)
0001564590-20-046844,1045609,"Prologis, Inc.",2020-10-20,1460,9707,0.0,,,Prologis (F2 §5 deck/title-page precedent)
0001564590-21-002199,1045609,"Prologis, Inc.",2021-01-26,1662,10923,0.0,,,Prologis (F2 §5 deck/title-page precedent)
0001564590-21-019253,1045609,"Prologis, Inc.",2021-04-19,1552,10335,0.0,,,Prologis (F2 §5 deck/title-page precedent)
0001564590-21-036956,1045609,"Prologis, Inc.",2021-07-19,1476,9825,0.0,,,Prologis (F2 §5 deck/title-page precedent)
0001564590-21-050894,1045609,"Prologis, Inc.",2021-10-15,1453,9750,0.0,,,Prologis (F2 §5 deck/title-page precedent)
0001564590-22-001502,1045609,"Prologis, Inc.",2022-01-19,1580,10615,0.0,,,Prologis (F2 §5 deck/title-page precedent)
0001564590-22-014685,1045609,"Prologis, Inc.",2022-04-19,1525,10320,0.0,,,Prologis (F2 §5 deck/title-page precedent)
0001564590-22-025889,1045609,"Prologis, Inc.",2022-07-18,1473,9896,0.0,,,Prologis (F2 §5 deck/title-page precedent)
0001564590-23-000494,1045609,"Prologis, Inc.",2023-01-18,1712,11485,0.0,,,Prologis (F2 §5 deck/title-page precedent)
0001628280-23-013351,915912,AVALONBAY COMMUNITIES INC,2023-04-27,6678,43305,0.0,,,AvalonBay (clean two-exhibit shape)
