recon_date,cik,name,tickers,sic,sic_desc,sector,sector_rank,float_usd,float_instant,float_filed,float_accn,float_form,float_staleness_days,float_pit_lag_days,overall_float_rank,superset_rank,quarters_covered
2016-07-01,320193,Apple Inc.,AAPL,3571,Electronic Computers,tech,1,709923000000.0,2015-03-27,2015-10-28,0001193125-15-356351,10-K,462,247,1,1,8
2016-07-01,789019,MICROSOFT CORP,MSFT,7372,Services-Prepackaged Software,tech,2,365312377595.0,2014-12-31,2015-07-31,0001193125-15-272806,10-K,548,336,2,3,8
2016-07-01,34088,EXXON MOBIL CORP,,2911,Petroleum Refining,energy,1,346000000000.0,2015-06-30,2016-02-24,0000034088-16-000065,10-K,367,128,3,5,8
2016-07-01,72971,WELLS FARGO & COMPANY/MN,"WFC,WFC-PY,WFC-PL,WFC-PC,WFCNP,WFC-PA,WFC-PD,WFC-PZ",6021,National Commercial Banks,financials,1,288400000000.0,2015-06-30,2016-02-24,0000072971-16-001045,10-K,367,128,4,6,8
2016-07-01,200406,JOHNSON & JOHNSON,JNJ,2834,Pharmaceutical Preparations,healthcare,1,276000000000.0,2015-06-28,2016-02-24,0000200406-16-000071,10-K,369,128,5,9,8
2016-07-01,1067983,BERKSHIRE HATHAWAY INC,"BRK-B,BRK-A",6331,"Fire, Marine & Casualty Insurance",financials,2,257347000000.0,2015-06-30,2016-02-29,0001193125-16-483023,10-K,367,123,6,8,8
2016-07-01,19617,JPMORGAN CHASE & CO,"JPM,JPM-PC,AMJB,JPM-PD,JPM-PJ,JPM-PK,JPM-PL,JPM-PM,VYLD",6021,National Commercial Banks,financials,3,249201931877.0,2015-06-30,2016-02-23,0000019617-16-000902,10-K,367,129,7,12,8
2016-07-01,80424,PROCTER & GAMBLE Co,PG,2840,"Soap, Detergents, Cleang Preparations, Perfumes, Cosmetics",consumer,1,246000000000.0,2014-12-31,2015-08-07,0000080424-15-000070,10-K,548,329,8,13,8
2016-07-01,78003,PFIZER INC,PFE,2834,Pharmaceutical Preparations,healthcare,2,209000000000.0,2015-06-28,2016-02-29,0000078003-16-000077,10-K,369,123,9,15,8
2016-07-01,1326801,"Meta Platforms, Inc.",META,7370,"Services-Computer Programming, Data Processing, Etc.",tech,3,198000000000.0,2015-06-30,2016-01-28,0001326801-16-000043,10-K,367,155,10,10,8
2016-07-01,732712,VERIZON COMMUNICATIONS INC,VZ,4813,Telephone Communications (No Radiotelephone),utilities,1,189475659614.0,2015-06-30,2016-02-23,0001193125-16-473367,10-K,367,129,11,14,8
2016-07-01,732717,AT&T INC.,"T,TBB,T-PA,T-PC",4813,Telephone Communications (No Radiotelephone),utilities,2,184000000000.0,2015-12-31,2016-02-18,0000732717-16-000147,10-K,183,134,12,17,8
2016-07-01,93410,CHEVRON CORP,CVX,2911,Petroleum Refining,energy,2,181530939081.0,2015-06-30,2016-02-25,0000093410-16-000049,10-K,367,127,13,16,8
2016-07-01,1001039,TWDC Enterprises 18 Corp.,,7990,Services-Miscellaneous Amusement & Recreation,consumer,2,178900000000.0,2015-03-28,2015-11-25,0001001039-15-000255,10-K,461,219,14,18,8
2016-07-01,70858,BANK OF AMERICA CORP /DE/,"BAC,BML-PG,BML-PL,BAC-PB,BAC-PK,BAC-PE,BAC-PL,BAC-PM,BAC-PN,BAC-PO,BAC-PP,BAC-PQ,BAC-PS,BACRP,BML-PH,BML-PJ,MER-PK",6021,National Commercial Banks,financials,4,178230659544.0,2015-06-30,2016-02-24,0000070858-16-000137,10-K,367,128,15,19,8
2016-07-01,21344,COCA COLA CO,KO,2080,Beverages,consumer,3,170318198405.0,2015-07-03,2016-02-25,0000021344-16-000050,10-K,364,127,16,20,8
2016-07-01,1018724,AMAZON COM INC,AMZN,5961,Retail-Catalog & Mail-Order Houses,consumer,4,166381236673.0,2015-06-30,2016-01-29,0001018724-16-000172,10-K,367,154,17,7,8
2016-07-01,831001,CITIGROUP INC,"C,C-PN,C-PR",6021,National Commercial Banks,financials,5,166100000000.0,2015-06-30,2016-06-17,0000831001-16-000286,8-K,367,14,18,22,8
2016-07-01,310158,"Merck & Co., Inc.",MRK,2834,Pharmaceutical Preparations,healthcare,3,160710000000.0,2015-06-30,2016-02-26,0000310158-16-000063,10-K,367,126,19,23,8
2016-07-01,51143,INTERNATIONAL BUSINESS MACHINES CORP,IBM,3570,Computer & office Equipment,tech,4,159300000000.0,2015-06-30,2016-02-23,0001047469-16-010329,10-K,367,129,20,24,8
2016-07-01,354950,"HOME DEPOT, INC.",HD,5211,Retail-Lumber & Other Building Materials Dealers,consumer,5,150100000000.0,2015-08-02,2016-03-24,0000354950-16-000060,10-K,334,99,21,27,8
2016-07-01,1166691,COMCAST CORP,"CMCSA,CCZ",4841,Cable & Other Pay Television Services,consumer,6,148617000000.0,2015-06-30,2016-02-05,0001193125-16-452423,10-K,367,147,22,26,8
2016-07-01,50863,INTEL CORP,INTC,3674,Semiconductors & Related Devices,tech,5,147300000000.0,2015-06-26,2016-02-12,0000050863-16-000105,10-K,371,140,23,28,8
2016-07-01,858877,"CISCO SYSTEMS, INC.",CSCO,3576,Computer Communications Equipment,tech,6,143712018680.0,2015-01-23,2015-09-08,0000858877-15-000070,10-K,525,297,24,30,8
2016-07-01,882095,"GILEAD SCIENCES, INC.",GILD,2836,"Biological Products, (No Diagnostic Substances)",healthcare,4,140034139655.0,2015-06-30,2016-02-24,0000882095-16-000039,10-K,367,128,25,31,8
2016-07-01,77476,PEPSICO INC,PEP,2080,Beverages,consumer,7,137900000000.0,2015-06-12,2016-02-11,0000077476-16-000066,10-K,385,141,26,21,8
2016-07-01,1403161,VISA INC.,V,7389,"Services-Business Services, NEC",financials,6,128200000000.0,2015-03-31,2015-11-20,0001403161-15-000013,10-K,458,224,27,29,8
2016-07-01,1413329,Philip Morris International Inc.,PM,2111,Cigarettes,consumer,8,124000000000.0,2015-06-30,2016-02-17,0001413329-16-000076,10-K,367,135,28,25,8
2016-07-01,1578845,Allergan plc,,2834,Pharmaceutical Preparations,healthcare,5,119000000000.0,2015-06-30,2016-02-26,0001564590-16-013478,10-K,367,126,29,36,8
2016-07-01,1341439,ORACLE CORP,"ORCL,ORCL-PD",7372,Services-Prepackaged Software,tech,7,118269080000.0,2015-11-30,2016-06-22,0001193125-16-628942,10-K,214,9,30,32,8
2016-07-01,64803,CVS HEALTH Corp,CVS,5912,Retail-Drug Stores and Proprietary Stores,consumer,9,116868242939.0,2015-06-30,2016-02-09,0000064803-16-000074,10-K,367,143,31,37,8
2016-07-01,731766,UNITEDHEALTH GROUP INC,UNH,6324,Hospital & Medical Service Plans,healthcare,6,114440856791.0,2015-06-30,2016-02-09,0000731766-16-000058,10-K,367,143,32,34,8
2016-07-01,14272,BRISTOL MYERS SQUIBB CO,"BMY,CELG-RI",2834,Pharmaceutical Preparations,healthcare,7,110846810075.0,2015-06-30,2016-02-12,0000014272-16-000288,10-K,367,140,33,35,8
2016-07-01,1551152,AbbVie Inc.,ABBV,2834,Pharmaceutical Preparations,healthcare,8,109991857664.0,2015-06-30,2016-02-19,0001047469-16-010239,10-K,367,133,34,39,8
2016-07-01,804328,QUALCOMM INC/DE,QCOM,3663,Radio & Tv Broadcasting & Communications Equipment,tech,8,109303248283.0,2015-03-29,2015-11-04,0001234452-15-000271,10-K,460,240,35,41,8
2016-07-01,87347,SLB LIMITED/NV,SLB,1389,"Oil & Gas Field Services, NEC",energy,3,109000000000.0,2015-06-30,2016-01-27,0001564590-16-012009,10-K,367,156,36,40,8
2016-07-01,1141391,Mastercard Inc,MA,7389,"Services-Business Services, NEC",financials,7,103700000000.0,2015-06-30,2016-02-12,0001141391-16-000085,10-K,367,140,37,46,8
2016-07-01,318154,AMGEN INC,AMGN,2836,"Biological Products, (No Diagnostic Substances)",healthcare,9,102117764803.0,2015-06-30,2016-02-16,0000318154-16-000031,10-K,367,136,38,48,8
2016-07-01,101829,RTX Corp,RTX,3724,Aircraft Engines & Engine Parts,industrials,1,98745805884.0,2015-09-30,2015-10-23,0000101829-15-000042,10-Q,275,252,39,43,8
2016-07-01,764180,"ALTRIA GROUP, INC.",MO,2111,Cigarettes,consumer,10,96000000000.0,2015-06-30,2016-02-25,0000764180-16-000128,10-K,367,127,40,33,8
2016-07-01,875045,BIOGEN INC.,BIIB,2836,"Biological Products, (No Diagnostic Substances)",healthcare,10,94898425323.0,2015-06-30,2016-02-03,0000875045-16-000042,10-K,367,149,41,49,8
2016-07-01,12927,BOEING CO,"BA,BA-PA",3721,Aircraft,industrials,2,94500000000.0,2015-06-30,2016-02-10,0000012927-16-000099,10-K,367,142,42,50,8
2016-07-01,816284,CELGENE CORP /DE/,,2834,Pharmaceutical Preparations,healthcare,11,91555862650.0,2015-06-30,2016-02-11,0001628280-16-011012,10-K,367,141,43,52,8
2016-07-01,66740,3M CO,MMM,3841,Surgical & Medical Instruments & Apparatus,healthcare,12,91400000000.0,2016-01-31,2016-02-11,0001558370-16-003162,10-K,152,141,44,42,8
2016-07-01,63908,MCDONALDS CORP,MCD,5812,Retail-Eating  Places,consumer,11,89518453614.0,2015-06-30,2016-02-25,0000063908-16-000103,10-K,367,127,45,47,8
2016-07-01,886982,GOLDMAN SACHS GROUP INC,"GS,GSCE,GS-PA,GS-PC,GS-PD",6211,"Security Brokers, Dealers & Flotation Companies",financials,8,88600000000.0,2015-06-30,2016-03-02,0001193125-16-488753,10-K/A,367,121,46,53,8
2016-07-01,100885,UNION PACIFIC CORP,UNP,4011,"Railroads, Line-Haul Operating",industrials,3,82700000000.0,2015-06-30,2016-02-05,0000100885-16-000260,10-K,367,147,47,56,8
2016-07-01,59478,ELI LILLY & Co,LLY,2834,Pharmaceutical Preparations,healthcare,13,81473000000.0,2015-06-30,2016-02-19,0000059478-16-000321,10-K,367,133,48,57,8
2016-07-01,773840,HONEYWELL INTERNATIONAL INC,HON,3724,Aircraft Engines & Engine Parts,industrials,4,80900000000.0,2015-06-30,2016-02-12,0000930413-16-005457,10-K,367,140,49,54,8
2016-07-01,5272,"AMERICAN INTERNATIONAL GROUP, INC.",AIG,6331,"Fire, Marine & Casualty Insurance",financials,9,80826000000.0,2015-06-30,2016-02-19,0000005272-16-000035,10-K,367,133,50,58,8
2016-07-01,36104,US BANCORP \DE\,"USB,USB-PA,USB-PH,USB-PP,USB-PQ,USB-PR,USB-PS",6021,National Commercial Banks,financials,10,76700000000.0,2015-06-30,2016-02-25,0001193125-16-478568,10-K,367,127,51,60,8
2016-07-01,1163165,CONOCOPHILLIPS,COP,2911,Petroleum Refining,energy,4,75700000000.0,2015-12-31,2016-02-23,0001193125-16-472901,10-K,183,129,52,44,8
2016-07-01,895421,MORGAN STANLEY,"MS,MS-PK,MS-PE,MS-PA,MS-PF,MS-PI,MS-PL,MS-PO,MS-PP,MS-PQ",6211,"Security Brokers, Dealers & Flotation Companies",financials,11,72777054630.0,2015-06-30,2016-02-23,0001193125-16-473553,10-K,367,129,53,63,8
2016-07-01,320187,"NIKE, Inc.",NKE,3021,Rubber & Plastics Footwear,consumer,12,72392307327.0,2014-11-30,2015-07-23,0000320187-15-000113,10-K,579,344,54,51,8
2016-07-01,1506307,"KINDER MORGAN, INC.","KMI,EP-PC",4922,Natural Gas Transmission,energy,5,69734282635.0,2015-06-30,2016-04-22,0001506307-16-000083,10-Q,367,70,56,67,8
2016-07-01,829224,STARBUCKS CORP,SBUX,5810,Retail-Eating & Drinking Places,consumer,13,69000000000.0,2015-03-27,2015-11-12,0000829224-15-000038,10-K,462,232,57,55,8
2016-07-01,1090727,UNITED PARCEL SERVICE INC,UPS,4210,Trucking & Courier Services (No Air),industrials,5,67688103890.0,2015-06-30,2016-02-25,0001090727-16-000053,10-K,367,127,59,61,8
2016-07-01,1065088,EBAY INC,EBAY,7389,"Services-Business Services, NEC",financials,12,67436299797.0,2015-06-30,2016-02-01,0001065088-16-000265,10-K,367,151,60,70,8
2016-07-01,821189,EOG RESOURCES INC,EOG,1311,Crude Petroleum & Natural Gas,energy,6,63532000000.0,2015-06-30,2016-02-25,0000821189-16-000054,10-K,367,127,63,74,8
2016-07-01,1099219,METLIFE INC,"MET,MET-PA,MET-PE,MET-PF",6311,Life Insurance,financials,13,62600000000.0,2015-06-30,2016-05-06,0000937834-16-000099,10-Q,367,56,64,76,8
2016-07-01,47217,HP INC,HPQ,3570,Computer & office Equipment,tech,9,59551395919.0,2015-04-30,2015-12-16,0001047469-15-009251,10-K,428,198,66,82,8
2016-07-01,797468,OCCIDENTAL PETROLEUM CORP /DE/,"OXY,OXY-WT",1311,Crude Petroleum & Natural Gas,energy,7,59200000000.0,2015-06-30,2016-02-26,0000797468-16-000017,10-K,367,126,67,83,8
2016-07-01,29915,DOW CHEMICAL CO /DE/,,2821,"Plastic Materials, Synth Resins & Nonvulcan Elastomers",materials_realestate,1,59100000000.0,2015-06-30,2016-02-12,0000029915-16-000066,10-K,367,140,68,84,8
2016-07-01,1075531,Booking Holdings Inc.,BKNG,4700,Transportation Services,industrials,6,58600000000.0,2015-06-30,2016-02-17,0001075531-16-000084,10-K,367,135,70,78,8
2016-07-01,936468,LOCKHEED MARTIN CORP,LMT,3760,Guided Missiles & Space Vehicles & Parts,industrials,7,58200000000.0,2015-06-26,2016-02-24,0001193125-16-476010,10-K,371,128,72,64,8
2016-07-01,30554,"EIDP, Inc.","CTA-PB,CTA-PA",2820,"Plastic Material, Synth Resin/Rubber, Cellulos (No Glass)",materials_realestate,2,57800000000.0,2015-06-30,2016-02-04,0000030554-16-000106,10-K,367,148,73,87,8
2016-07-01,313616,DANAHER CORP /DE/,DHR,3823,"Industrial Instruments For Measurement, Display, and Control",industrials,8,53900000000.0,2015-07-03,2016-02-24,0000313616-16-000145,10-K,364,128,75,91,8
2016-07-01,97476,TEXAS INSTRUMENTS INC,TXN,3674,Semiconductors & Related Devices,tech,10,53229272810.0,2015-06-30,2016-02-24,0001564590-16-013126,10-K,367,128,76,75,8
2016-07-01,1063761,SIMON PROPERTY GROUP INC.,"SPG,SPG-PJ",6798,Real Estate Investment Trusts,materials_realestate,3,53152000000.0,2015-06-30,2016-02-26,0001047469-16-010465,10-K,367,126,77,69,8
2016-07-01,97745,THERMO FISHER SCIENTIFIC INC.,TMO,3829,"Measuring & Controlling Devices, NEC",industrials,9,52614285000.0,2015-06-26,2016-02-25,0000097745-16-000043,10-K,371,127,78,92,8
2016-07-01,18230,CATERPILLAR INC,CAT,3531,Construction Machinery & Equip,industrials,10,51000000000.0,2015-06-30,2016-05-16,0000018230-16-000533,8-K,367,46,81,96,8
2016-07-01,790070,EMC CORP,,3572,Computer Storage Devices,tech,11,50627600803.0,2015-06-30,2016-02-25,0000790070-16-000229,10-K,367,127,82,97,8
2016-07-01,753308,NEXTERA ENERGY INC,"NEE,NEE-PN,NEE-PS,NEE-PT,NEE-PU,NEE-PV,NEE-PW",4911,Electric Services,utilities,3,44190491194.0,2015-06-30,2016-02-22,0000753308-16-000337,10-K,367,130,91,79,8
2016-07-01,1534701,Phillips 66,PSX,2911,Petroleum Refining,energy,8,43300000000.0,2015-06-30,2016-02-19,0001534701-16-000119,10-K,367,133,92,111,8
2016-07-01,1489393,LyondellBasell Industries N.V.,LYB,2860,Industrial Organic Chemicals,materials_realestate,4,41800000000.0,2015-06-30,2016-02-16,0001193125-16-465311,10-K,367,136,96,114,8
2016-07-01,40533,GENERAL DYNAMICS CORP,GD,3730,Ship & Boat Building & Repairing,industrials,11,41198779978.0,2015-07-05,2016-02-08,0000040533-16-000056,10-K,362,144,98,117,8
2016-07-01,8670,AUTOMATIC DATA PROCESSING INC,ADP,7374,Services-Computer Processing & Data Preparation,tech,12,39778918109.0,2015-06-30,2015-08-07,0000008670-15-000021,10-K,367,329,99,121,8
2016-07-01,715957,"DOMINION ENERGY, INC",D,4911,Electric Services,utilities,4,39600000000.0,2015-06-30,2016-02-26,0001193125-16-480850,10-K,367,126,100,103,8
2016-07-01,773910,ANADARKO PETROLEUM CORP,,1311,Crude Petroleum & Natural Gas,energy,9,39600000000.0,2015-06-30,2016-02-17,0000773910-16-000073,10-K,367,135,101,122,8
2016-07-01,107263,"WILLIAMS COMPANIES, INC.",WMB,4922,Natural Gas Transmission,energy,10,39345468396.0,2015-06-30,2016-02-26,0000107263-16-000021,10-K,367,126,105,126,8
2016-07-01,1061219,ENTERPRISE PRODUCTS PARTNERS L.P.,"EPD,EPDU",4922,Natural Gas Transmission,energy,11,39270000000.0,2015-06-30,2016-02-26,0001061219-16-000058,10-K,367,126,106,118,8
2016-07-01,1053507,AMERICAN TOWER CORP /MA/,AMT,6798,Real Estate Investment Trusts,materials_realestate,5,39200000000.0,2015-06-30,2016-02-26,0001053507-16-000018,10-K,367,126,107,104,8
2016-07-01,55785,KIMBERLY CLARK CORP,KMB,2670,Converted Paper & Paperboard Prods (No Contaners/Boxes),materials_realestate,6,38600000000.0,2015-06-30,2016-02-11,0000055785-16-000138,10-K,367,141,108,100,8
2016-07-01,92122,SOUTHERN CO,"SO,SOJC,SOJD,SOJE,SOJF,SOMN",4911,Electric Services,utilities,5,38100000000.0,2015-06-30,2016-02-26,0000092122-16-000126,10-K,367,126,109,95,8
2016-07-01,32604,EMERSON ELECTRIC CO,EMR,3600,Electronic & Other Electrical Equipment (No Computer Equip),industrials,12,37900000000.0,2015-03-31,2015-11-18,0000032604-15-000051,10-K,458,226,112,132,8
2016-07-01,1058290,COGNIZANT TECHNOLOGY SOLUTIONS CORP,CTSH,7371,Services-Computer Programming Services,tech,13,37000000000.0,2015-06-30,2016-02-25,0001058290-16-000049,10-K,367,127,114,135,8
2016-07-01,45012,HALLIBURTON CO,HAL,1389,"Oil & Gas Field Services, NEC",energy,12,36674344986.0,2015-06-30,2016-02-05,0000045012-16-000272,10-K,367,147,115,128,8
2016-07-01,884905,LINDE INC,,2810,Industrial Inorganic Chemicals,materials_realestate,7,34000000000.0,2015-06-30,2016-02-24,0000884905-16-000108,10-K,367,128,117,144,8
2016-07-01,2969,"Air Products & Chemicals, Inc.",APD,2810,Industrial Inorganic Chemicals,materials_realestate,8,32400000000.0,2015-03-31,2015-11-24,0001193125-15-386399,10-K,458,220,124,152,8
2016-07-01,79879,PPG INDUSTRIES INC,PPG,2851,"Paints, Varnishes, Lacquers, Enamels & Allied Prods",materials_realestate,9,30935000000.0,2015-06-30,2016-02-18,0000079879-16-000065,10-K,367,134,131,162,8
2016-07-01,1109357,EXELON CORP,EXC,4931,Electric & Other Services Combined,utilities,6,27049825290.0,2015-12-31,2016-02-10,0001193125-16-457652,10-K,183,142,150,158,8
2016-07-01,1051470,CROWN CASTLE INC.,CCI,6798,Real Estate Investment Trusts,materials_realestate,10,26600000000.0,2015-06-30,2016-02-22,0001051470-16-000158,10-K,367,130,156,142,8
2016-07-01,4904,AMERICAN ELECTRIC POWER CO INC,AEP,4911,Electric Services,utilities,7,26011055215.0,2015-12-31,2016-02-24,0000004904-16-000056,10-K,183,128,160,187,8
2016-07-01,906107,VIVMARK RESIDENTIAL,VMRK,6798,Real Estate Investment Trusts,materials_realestate,11,25200000000.0,2015-06-30,2016-02-25,0000906107-16-000029,10-K,367,127,164,202,8
2016-07-01,1032208,SEMPRA,"SRE,SREA",4932,Gas & Other Services Combined,utilities,8,24500000000.0,2015-06-30,2016-02-26,0000086521-16-000091,10-K,367,126,169,179,8
2016-07-01,24741,CORNING INC /NY,GLW,3357,Drawing & Insulating of  Nonferrous Wire,materials_realestate,12,24000000000.0,2015-06-30,2016-02-12,0000024741-16-000077,10-K,367,140,175,215,8
2016-07-01,823768,WASTE MANAGEMENT INC,WM,4953,Refuse Systems,utilities,9,20900000000.0,2015-06-30,2016-02-18,0001193125-16-467957,10-K,367,134,198,172,8
2016-07-01,788784,PUBLIC SERVICE ENTERPRISE GROUP INC,PEG,4931,Electric & Other Services Combined,utilities,10,19819621677.0,2015-06-30,2016-02-26,0000788784-16-000014,10-K,367,126,207,225,8
2016-07-01,922224,PPL Corp,"PPL,PPLC",4911,Electric Services,utilities,11,19730584918.0,2015-06-30,2016-02-19,0000922224-16-000130,10-K,367,133,208,198,8
2016-07-01,827052,EDISON INTERNATIONAL,EIX,4911,Electric Services,utilities,12,18100000000.0,2015-06-30,2016-02-23,0000827052-16-000222,10-K,367,129,223,201,8
2017-07-01,320193,Apple Inc.,AAPL,3571,Electronic Computers,tech,1,578807000000.0,2016-03-25,2016-10-26,0001628280-16-020309,10-K,463,248,1,1,8
2017-07-01,789019,MICROSOFT CORP,MSFT,7372,Services-Prepackaged Software,tech,2,424500000000.0,2015-12-31,2016-07-28,0001193125-16-662209,10-K,548,338,2,4,8
2017-07-01,34088,EXXON MOBIL CORP,,2911,Petroleum Refining,energy,1,388000000000.0,2016-06-30,2017-02-22,0000034088-17-000017,10-K,366,129,3,5,8
2017-07-01,200406,JOHNSON & JOHNSON,JNJ,2834,Pharmaceutical Preparations,healthcare,1,332000000000.0,2016-07-03,2017-02-27,0000200406-17-000006,10-K,363,124,4,9,8
2017-07-01,1018724,AMAZON COM INC,AMZN,5961,Retail-Catalog & Mail-Order Houses,consumer,1,280129378534.0,2016-06-30,2017-02-10,0001018724-17-000011,10-K,366,141,5,6,8
2017-07-01,1067983,BERKSHIRE HATHAWAY INC,"BRK-B,BRK-A",6331,"Fire, Marine & Casualty Insurance",financials,1,278053000000.0,2016-06-30,2017-02-27,0001193125-17-056969,10-K,366,124,6,10,8
2017-07-01,1326801,"Meta Platforms, Inc.",META,7370,"Services-Computer Programming, Data Processing, Etc.",tech,3,274000000000.0,2016-06-30,2017-02-03,0001326801-17-000007,10-K,366,148,7,7,8
2017-07-01,732717,AT&T INC.,"T,TBB,T-PA,T-PC",4813,Telephone Communications (No Radiotelephone),utilities,1,266000000000.0,2016-12-31,2017-02-17,0000732717-17-000021,10-K,182,134,8,13,8
2017-07-01,72971,WELLS FARGO & COMPANY/MN,"WFC,WFC-PY,WFC-PL,WFC-PC,WFCNP,WFC-PA,WFC-PD,WFC-PZ",6021,National Commercial Banks,financials,2,238200000000.0,2016-06-30,2017-03-01,0000072971-17-000278,10-K,366,122,9,12,8
2017-07-01,732712,VERIZON COMMUNICATIONS INC,VZ,4813,Telephone Communications (No Radiotelephone),utilities,2,227584340225.0,2016-06-30,2017-02-21,0001193125-17-050292,10-K,366,130,10,16,8
2017-07-01,19617,JPMORGAN CHASE & CO,"JPM,JPM-PC,AMJB,JPM-PD,JPM-PJ,JPM-PK,JPM-PL,JPM-PM,VYLD",6021,National Commercial Banks,financials,3,223144102133.0,2016-06-30,2017-02-28,0000019617-17-000314,10-K,366,123,11,11,8
2017-07-01,78003,PFIZER INC,PFE,2834,Pharmaceutical Preparations,healthcare,2,216000000000.0,2016-07-03,2017-02-23,0000078003-17-000014,10-K,363,128,12,17,8
2017-07-01,80424,PROCTER & GAMBLE Co,PG,2840,"Soap, Detergents, Cleang Preparations, Perfumes, Cosmetics",consumer,2,215000000000.0,2015-12-31,2016-08-09,0000080424-16-000212,10-K,548,326,13,18,8
2017-07-01,93410,CHEVRON CORP,CVX,2911,Petroleum Refining,energy,2,197763938564.0,2016-06-30,2017-02-23,0000093410-17-000013,10-K,366,128,14,19,8
2017-07-01,21344,COCA COLA CO,KO,2080,Beverages,consumer,3,193060515914.0,2016-07-01,2017-02-24,0000021344-17-000009,10-K,365,127,15,20,8
2017-07-01,354950,"HOME DEPOT, INC.",HD,5211,Retail-Lumber & Other Building Materials Dealers,consumer,4,170800000000.0,2016-07-31,2017-03-23,0000354950-17-000005,10-K,335,100,16,26,8
2017-07-01,1001039,TWDC Enterprises 18 Corp.,,7990,Services-Miscellaneous Amusement & Recreation,consumer,5,160900000000.0,2016-04-02,2016-11-23,0001001039-16-000516,10-K,455,220,17,23,8
2017-07-01,310158,"Merck & Co., Inc.",MRK,2834,Pharmaceutical Preparations,healthcare,3,159263000000.0,2016-06-30,2017-02-28,0000310158-17-000010,10-K,366,123,18,25,8
2017-07-01,1413329,Philip Morris International Inc.,PM,2111,Cigarettes,consumer,6,158000000000.0,2016-06-30,2017-02-14,0001413329-17-000014,10-K,366,137,19,21,8
2017-07-01,1166691,COMCAST CORP,"CMCSA,CCZ",4841,Cable & Other Pay Television Services,consumer,7,155940000000.0,2016-06-30,2017-02-03,0001193125-17-030512,10-K,366,148,20,22,8
2017-07-01,50863,INTEL CORP,INTC,3674,Semiconductors & Related Devices,tech,4,154800000000.0,2016-07-01,2017-02-17,0000050863-17-000012,10-K,365,134,21,31,8
2017-07-01,1403161,VISA INC.,V,7389,"Services-Business Services, NEC",financials,4,145500000000.0,2016-03-31,2016-11-15,0001403161-16-000058,10-K,457,228,22,29,8
2017-07-01,51143,INTERNATIONAL BUSINESS MACHINES CORP,IBM,3570,Computer & office Equipment,tech,5,145000000000.0,2016-06-30,2017-02-28,0001047469-17-001061,10-K,366,123,23,30,8
2017-07-01,70858,BANK OF AMERICA CORP /DE/,"BAC,BML-PG,BML-PL,BAC-PB,BAC-PK,BAC-PE,BAC-PL,BAC-PM,BAC-PN,BAC-PO,BAC-PP,BAC-PQ,BAC-PS,BACRP,BML-PH,BML-PJ,MER-PK",6021,National Commercial Banks,financials,5,135576678761.0,2016-06-30,2017-02-23,0000070858-17-000013,10-K,366,128,24,15,8
2017-07-01,764180,"ALTRIA GROUP, INC.",MO,2111,Cigarettes,consumer,8,135000000000.0,2016-06-30,2017-02-27,0000764180-17-000028,10-K,366,124,25,33,8
2017-07-01,731766,UNITEDHEALTH GROUP INC,UNH,6324,Hospital & Medical Service Plans,healthcare,4,132269813351.0,2016-06-30,2017-02-08,0000731766-17-000009,10-K,366,143,26,24,8
2017-07-01,831001,CITIGROUP INC,"C,C-PN,C-PR",6021,National Commercial Banks,financials,6,123000000000.0,2016-06-30,2017-02-24,0000831001-17-000038,10-K,366,127,27,28,8
2017-07-01,14272,BRISTOL MYERS SQUIBB CO,"BMY,CELG-RI",2834,Pharmaceutical Preparations,healthcare,5,122760450216.0,2016-06-30,2017-02-21,0000014272-17-000047,10-K,366,130,28,38,8
2017-07-01,1341439,ORACLE CORP,"ORCL,ORCL-PD",7372,Services-Prepackaged Software,tech,6,120972065000.0,2016-11-30,2017-06-27,0001193125-17-214833,10-K,213,4,29,39,8
2017-07-01,858877,"CISCO SYSTEMS, INC.",CSCO,3576,Computer Communications Equipment,tech,7,117979166007.0,2016-01-22,2016-09-08,0000858877-16-000117,10-K,526,296,30,32,8
2017-07-01,1613103,Medtronic plc,MDT,3845,Electromedical & Electrotherapeutic Apparatus,healthcare,6,112400000000.0,2016-10-28,2017-06-27,0001613103-17-000018,10-K,246,4,31,46,8
2017-07-01,87347,SLB LIMITED/NV,SLB,1389,"Oil & Gas Field Services, NEC",energy,3,109900000000.0,2016-06-30,2017-01-25,0001564590-17-000589,10-K,366,157,32,47,8
2017-07-01,104169,Walmart Inc.,WMT,5331,Retail-Variety Stores,consumer,9,108531045541.0,2016-07-29,2017-03-31,0000104169-17-000021,10-K,337,92,33,43,8
2017-07-01,1637459,Kraft Heinz Co,KHC,2030,"Canned, Frozen & Preservd Fruit, Veg & Food Specialties",consumer,10,107000000000.0,2016-07-01,2017-02-23,0001637459-17-000007,10-K,365,128,34,49,8
2017-07-01,66740,3M CO,MMM,3841,Surgical & Medical Instruments & Apparatus,healthcare,7,104200000000.0,2017-01-31,2017-02-09,0001558370-17-000479,10-K,151,142,35,36,8
2017-07-01,882095,"GILEAD SCIENCES, INC.",GILD,2836,"Biological Products, (No Diagnostic Substances)",healthcare,8,103455508531.0,2016-06-30,2017-02-27,0000882095-17-000006,10-K,366,124,36,34,8
2017-07-01,63908,MCDONALDS CORP,MCD,5812,Retail-Eating  Places,consumer,11,102676655213.0,2016-06-30,2017-03-01,0000063908-17-000017,10-K,366,122,37,37,8
2017-07-01,64803,CVS HEALTH Corp,CVS,5912,Retail-Drug Stores and Proprietary Stores,consumer,12,101661618666.0,2016-06-30,2017-02-09,0000064803-17-000006,10-K,366,142,38,42,8
2017-07-01,318154,AMGEN INC,AMGN,2836,"Biological Products, (No Diagnostic Substances)",healthcare,9,101183706509.0,2016-06-30,2017-02-14,0000318154-17-000004,10-K,366,137,39,35,8
2017-07-01,1551152,AbbVie Inc.,ABBV,2834,Pharmaceutical Preparations,healthcare,10,99729245619.0,2016-06-30,2017-02-17,0001551152-17-000004,10-K,366,134,40,44,8
2017-07-01,1141391,Mastercard Inc,MA,7389,"Services-Business Services, NEC",financials,7,94800000000.0,2016-06-30,2017-02-15,0001141391-17-000014,10-K,366,136,41,45,8
2017-07-01,320187,"NIKE, Inc.",NKE,3021,Rubber & Plastics Footwear,consumer,13,93468629731.0,2015-11-30,2016-07-21,0000320187-16-000336,10-K,579,345,42,54,8
2017-07-01,1578845,Allergan plc,,2834,Pharmaceutical Preparations,healthcare,11,91300000000.0,2016-06-30,2017-02-24,0001564590-17-002433,10-K,366,127,43,40,8
2017-07-01,773840,HONEYWELL INTERNATIONAL INC,HON,3724,Aircraft Engines & Engine Parts,industrials,1,88600000000.0,2016-06-30,2017-02-10,0000930413-17-000391,10-K,366,141,44,52,8
2017-07-01,101829,RTX Corp,RTX,3724,Aircraft Engines & Engine Parts,industrials,2,85789321218.0,2016-06-30,2017-04-28,0000101829-17-000016,10-Q,366,64,45,50,8
2017-07-01,12927,BOEING CO,"BA,BA-PA",3721,Aircraft,industrials,3,81300000000.0,2016-06-30,2017-02-08,0000012927-17-000006,10-K,366,143,47,41,8
2017-07-01,59478,ELI LILLY & Co,LLY,2834,Pharmaceutical Preparations,healthcare,12,76782000000.0,2016-06-30,2017-02-21,0000059478-17-000098,10-K,366,130,48,62,8
2017-07-01,816284,CELGENE CORP /DE/,,2834,Pharmaceutical Preparations,healthcare,13,76439256026.0,2016-06-30,2017-02-10,0000816284-17-000003,10-K,366,141,49,51,8
2017-07-01,804328,QUALCOMM INC/DE,QCOM,3663,Radio & Tv Broadcasting & Communications Equipment,tech,8,74547554964.0,2016-03-27,2016-11-02,0001234452-16-000552,10-K,461,241,50,48,8
2017-07-01,1090727,UNITED PARCEL SERVICE INC,UPS,4210,Trucking & Courier Services (No Air),industrials,4,74441628766.0,2016-06-30,2017-02-21,0001090727-17-000011,10-K,366,130,51,71,8
2017-07-01,100885,UNION PACIFIC CORP,UNP,4011,"Railroads, Line-Haul Operating",industrials,5,72700000000.0,2016-06-30,2017-02-03,0000100885-17-000056,10-K,366,148,53,58,8
2017-07-01,936468,LOCKHEED MARTIN CORP,LMT,3760,Guided Missiles & Space Vehicles & Parts,industrials,6,72100000000.0,2016-06-24,2017-02-09,0001193125-17-036192,10-K,372,142,54,64,8
2017-07-01,36104,US BANCORP \DE\,"USB,USB-PA,USB-PH,USB-PP,USB-PQ,USB-PR,USB-PS",6021,National Commercial Banks,financials,8,69300000000.0,2016-06-30,2017-02-23,0001193125-17-053947,10-K,366,128,56,59,8
2017-07-01,1063761,SIMON PROPERTY GROUP INC.,"SPG,SPG-PJ",6798,Real Estate Investment Trusts,materials_realestate,1,67680000000.0,2016-06-30,2017-02-24,0001558370-17-000934,10-K,366,127,57,82,8
2017-07-01,97476,TEXAS INSTRUMENTS INC,TXN,3674,Semiconductors & Related Devices,tech,9,62805040210.0,2016-06-30,2017-02-23,0001564590-17-002142,10-K,366,128,59,70,8
2017-07-01,313616,DANAHER CORP /DE/,DHR,3823,"Industrial Instruments For Measurement, Display, and Control",industrials,7,62000000000.0,2016-07-01,2017-02-22,0000313616-17-000066,10-K,365,129,60,93,8
2017-07-01,1075531,Booking Holdings Inc.,BKNG,4700,Transportation Services,industrials,8,61600000000.0,2016-06-30,2017-02-27,0001075531-17-000009,10-K,366,124,61,55,8
2017-07-01,753308,NEXTERA ENERGY INC,"NEE,NEE-PN,NEE-PS,NEE-PT,NEE-PU,NEE-PV,NEE-PW",4911,Electric Services,utilities,3,60089366330.0,2016-06-30,2017-02-23,0000753308-17-000060,10-K,366,128,62,86,8
2017-07-01,896159,Chubb Ltd,CB,6331,"Fire, Marine & Casualty Insurance",financials,9,60000000000.0,2016-06-30,2017-02-28,0000896159-17-000004,10-K,366,123,63,85,8
2017-07-01,886982,GOLDMAN SACHS GROUP INC,"GS,GSCE,GS-PA,GS-PC,GS-PD",6211,"Security Brokers, Dealers & Flotation Companies",financials,10,59300000000.0,2016-06-30,2017-02-27,0001193125-17-056804,10-K,366,124,64,57,8
2017-07-01,97745,THERMO FISHER SCIENTIFIC INC.,TMO,3829,"Measuring & Controlling Devices, NEC",industrials,9,58745127000.0,2016-07-01,2017-05-05,0000097745-17-000025,8-K,365,57,65,81,8
2017-07-01,797468,OCCIDENTAL PETROLEUM CORP /DE/,"OXY,OXY-WT",1311,Crude Petroleum & Natural Gas,energy,4,57500000000.0,2016-06-30,2017-02-23,0000797468-17-000003,10-K,366,128,66,97,8
2017-07-01,5272,"AMERICAN INTERNATIONAL GROUP, INC.",AIG,6331,"Fire, Marine & Casualty Insurance",financials,11,57263000000.0,2016-06-30,2017-02-23,0000005272-17-000017,10-K,366,128,67,63,8
2017-07-01,30554,"EIDP, Inc.","CTA-PB,CTA-PA",2820,"Plastic Material, Synth Resin/Rubber, Cellulos (No Glass)",materials_realestate,2,56600000000.0,2016-06-30,2017-02-02,0000030554-17-000004,10-K,366,149,69,78,8
2017-07-01,29915,DOW CHEMICAL CO /DE/,,2821,"Plastic Materials, Synth Resins & Nonvulcan Elastomers",materials_realestate,3,55800000000.0,2016-06-30,2017-02-09,0000029915-17-000011,10-K,366,142,71,98,8
2017-07-01,1364742,"BlackRock Finance, Inc.",,6211,"Security Brokers, Dealers & Flotation Companies",financials,12,55200000000.0,2016-06-30,2017-02-28,0001564590-17-002816,10-K,366,123,73,84,8
2017-07-01,1163165,CONOCOPHILLIPS,COP,2911,Petroleum Refining,energy,5,54000000000.0,2016-12-31,2017-02-21,0001193125-17-050077,10-K,182,130,74,73,8
2017-07-01,92122,SOUTHERN CO,"SO,SOJC,SOJD,SOJE,SOJF,SOMN",4911,Electric Services,utilities,4,51100000000.0,2016-06-30,2017-02-22,0000092122-17-000007,10-K,366,129,77,109,8
2017-07-01,55785,KIMBERLY CLARK CORP,KMB,2670,Converted Paper & Paperboard Prods (No Contaners/Boxes),materials_realestate,4,49500000000.0,2016-06-30,2017-02-08,0000055785-17-000017,10-K,366,143,78,114,8
2017-07-01,1053507,AMERICAN TOWER CORP /MA/,AMT,6798,Real Estate Investment Trusts,materials_realestate,5,47900000000.0,2016-06-30,2017-02-27,0001053507-17-000009,10-K,366,124,81,100,8
2017-07-01,715957,"DOMINION ENERGY, INC",D,4911,Electric Services,utilities,5,47900000000.0,2016-06-30,2017-02-28,0001193125-17-060413,10-K,366,123,82,118,8
2017-07-01,895421,MORGAN STANLEY,"MS,MS-PK,MS-PE,MS-PA,MS-PF,MS-PI,MS-PL,MS-PO,MS-PP,MS-PQ",6211,"Security Brokers, Dealers & Flotation Companies",financials,13,47247843093.0,2016-06-30,2017-02-27,0001193125-17-059212,10-K,366,124,84,67,8
2017-07-01,821189,EOG RESOURCES INC,EOG,1311,Crude Petroleum & Natural Gas,energy,6,45822000000.0,2016-06-30,2017-02-27,0000821189-17-000017,10-K,366,124,85,90,8
2017-07-01,18230,CATERPILLAR INC,CAT,3531,Construction Machinery & Equip,industrials,10,44100000000.0,2016-06-30,2017-02-15,0000018230-17-000041,10-K,366,136,86,91,8
2017-07-01,1534701,Phillips 66,PSX,2911,Petroleum Refining,energy,7,41500000000.0,2016-06-30,2017-02-17,0001534701-17-000051,10-K,366,134,93,130,8
2017-07-01,1061219,ENTERPRISE PRODUCTS PARTNERS L.P.,"EPD,EPDU",4922,Natural Gas Transmission,energy,8,41160000000.0,2016-06-30,2017-02-24,0001061219-17-000008,10-K,366,127,95,137,8
2017-07-01,1047122,RAYTHEON CO/,,3812,"Search, Detection, Navigation, Guidance, Aeronautical Sys",industrials,11,39700000000.0,2016-07-01,2017-02-15,0001047122-17-000018,10-K,365,136,98,123,8
2017-07-01,1133421,NORTHROP GRUMMAN CORP /DE/,NOC,3812,"Search, Detection, Navigation, Guidance, Aeronautical Sys",industrials,12,39500000000.0,2016-06-30,2017-01-30,0001133421-17-000008,10-K,366,152,99,126,8
2017-07-01,45012,HALLIBURTON CO,HAL,1389,"Oil & Gas Field Services, NEC",energy,9,38837617260.0,2016-06-30,2017-02-07,0000045012-17-000047,10-K,366,144,100,147,8
2017-07-01,1108524,"Salesforce, Inc.",CRM,7372,Services-Prepackaged Software,tech,10,38500000000.0,2016-07-29,2017-03-06,0001108524-17-000006,10-K,337,117,101,148,8
2017-07-01,1506307,"KINDER MORGAN, INC.","KMI,EP-PC",4922,Natural Gas Transmission,energy,10,36035868866.0,2016-06-30,2017-04-21,0001506307-17-000017,10-Q,366,71,106,79,8
2017-07-01,1058290,COGNIZANT TECHNOLOGY SOLUTIONS CORP,CTSH,7371,Services-Computer Programming Services,tech,11,34600000000.0,2016-06-30,2017-03-01,0001058290-17-000008,10-K,366,122,110,145,8
2017-07-01,4904,AMERICAN ELECTRIC POWER CO INC,AEP,4911,Electric Services,utilities,6,34464089033.0,2016-12-31,2017-02-28,0000004904-17-000019,10-K,182,123,113,168,8
2017-07-01,1051470,CROWN CASTLE INC.,CCI,6798,Real Estate Investment Trusts,materials_realestate,6,34100000000.0,2016-06-30,2017-02-22,0001051470-17-000059,10-K,366,129,115,161,8
2017-07-01,8670,AUTOMATIC DATA PROCESSING INC,ADP,7374,Services-Computer Processing & Data Preparation,tech,12,33868790841.0,2016-06-30,2016-08-05,0000008670-16-000053,10-K,366,330,116,138,8
2017-07-01,1109357,EXELON CORP,EXC,4931,Electric & Other Services Combined,utilities,7,33527039724.0,2016-12-31,2017-02-13,0001193125-17-039639,10-K,182,138,117,174,8
2017-07-01,884905,LINDE INC,,2810,Industrial Inorganic Chemicals,materials_realestate,7,32000000000.0,2016-06-30,2017-03-01,0000884905-17-000007,10-K,366,122,122,154,8
2017-07-01,2969,"Air Products & Chemicals, Inc.",APD,2810,Industrial Inorganic Chemicals,materials_realestate,8,31000000000.0,2016-03-31,2016-11-21,0001193125-16-773346,10-K,457,222,127,181,8
2017-07-01,823768,WASTE MANAGEMENT INC,WM,4953,Refuse Systems,utilities,8,29200000000.0,2016-06-30,2017-02-16,0001193125-17-046480,10-K,366,135,134,182,8
2017-07-01,1045810,NVIDIA CORP,NVDA,3674,Semiconductors & Related Devices,tech,13,28978018802.0,2016-07-29,2017-05-23,0001045810-17-000075,10-Q,337,39,136,197,8
2017-07-01,1032208,SEMPRA,"SRE,SREA",4932,Gas & Other Services Combined,utilities,9,28400000000.0,2016-06-30,2017-02-28,0000086521-17-000017,10-K,366,123,138,201,8
2017-07-01,79879,PPG INDUSTRIES INC,PPG,2851,"Paints, Varnishes, Lacquers, Enamels & Allied Prods",materials_realestate,9,27771000000.0,2016-06-30,2017-02-16,0000079879-17-000009,10-K,366,135,142,190,8
2017-07-01,1101239,EQUINIX INC,EQIX,6798,Real Estate Investment Trusts,materials_realestate,10,27600000000.0,2016-06-30,2017-02-27,0001628280-17-001774,10-K,366,124,144,175,8
2017-07-01,773910,ANADARKO PETROLEUM CORP,,1311,Crude Petroleum & Natural Gas,energy,11,27300000000.0,2016-06-30,2017-02-17,0000773910-17-000020,10-K,366,134,145,139,8
2017-07-01,766704,WELLTOWER INC.,WELL,6798,Real Estate Investment Trusts,materials_realestate,11,27176263145.0,2016-06-30,2017-05-05,0000766704-17-000024,10-Q,366,57,148,206,8
2017-07-01,1045609,"Prologis, Inc.","PLD,PLDGP",6798,Real Estate Investment Trusts,materials_realestate,12,25583323441.0,2016-06-30,2017-02-15,0001564590-17-001559,10-K,366,136,154,191,8
2017-07-01,922224,PPL Corp,"PPL,PPLC",4911,Electric Services,utilities,10,25577464218.0,2016-06-30,2017-02-17,0000922224-17-000010,10-K,366,134,155,214,8
2017-07-01,1038357,PIONEER NATURAL RESOURCES CO,,1311,Crude Petroleum & Natural Gas,energy,12,25469484123.0,2016-06-30,2017-02-17,0001038357-17-000012,10-K,366,134,156,210,8
2017-07-01,827052,EDISON INTERNATIONAL,EIX,4911,Electric Services,utilities,11,25300000000.0,2016-06-30,2017-02-21,0000827052-17-000033,10-K,366,130,158,221,8
2017-07-01,1047862,CONSOLIDATED EDISON INC,ED,4931,Electric & Other Services Combined,utilities,12,24500000000.0,2016-06-30,2017-02-16,0001047862-17-000029,10-K,366,135,166,230,8
2018-07-01,320193,Apple Inc.,AAPL,3571,Electronic Computers,tech,1,747509000000.0,2017-03-31,2017-11-03,0000320193-17-000070,10-K,457,240,1,1,8
2018-07-01,1652044,Alphabet Inc.,"GOOGL,GOOG,GOOGM,GOOGN",7370,"Services-Computer Programming, Data Processing, Etc.",tech,2,554300000000.0,2017-06-30,2018-02-06,0001652044-18-000007,10-K,366,145,2,3,8
2018-07-01,789019,MICROSOFT CORP,MSFT,7372,Services-Prepackaged Software,tech,3,466500000000.0,2016-12-31,2017-08-02,0001564590-17-014900,10-K,547,333,3,4,8
2018-07-01,1018724,AMAZON COM INC,AMZN,5961,Retail-Catalog & Mail-Order Houses,consumer,1,387327844190.0,2017-06-30,2018-02-02,0001018724-18-000005,10-K,366,149,4,2,8
2018-07-01,1326801,"Meta Platforms, Inc.",META,7370,"Services-Computer Programming, Data Processing, Etc.",tech,4,372000000000.0,2017-06-30,2018-02-01,0001326801-18-000009,10-K,366,150,5,5,8
2018-07-01,34088,EXXON MOBIL CORP,,2911,Petroleum Refining,energy,1,342000000000.0,2017-06-30,2018-02-28,0000034088-18-000015,10-K,366,123,6,7,8
2018-07-01,200406,JOHNSON & JOHNSON,JNJ,2834,Pharmaceutical Preparations,healthcare,1,332000000000.0,2017-07-02,2018-02-21,0000200406-18-000005,10-K,364,130,7,11,8
2018-07-01,1067983,BERKSHIRE HATHAWAY INC,"BRK-B,BRK-A",6331,"Fire, Marine & Casualty Insurance",financials,1,327898000000.0,2017-06-30,2018-02-26,0001193125-18-057033,10-K,366,125,8,8,8
2018-07-01,19617,JPMORGAN CHASE & CO,"JPM,JPM-PC,AMJB,JPM-PD,JPM-PJ,JPM-PK,JPM-PL,JPM-PM,VYLD",6021,National Commercial Banks,financials,2,319702076316.0,2017-06-30,2018-02-27,0000019617-18-000057,10-K,366,124,9,10,8
2018-07-01,72971,WELLS FARGO & COMPANY/MN,"WFC,WFC-PY,WFC-PL,WFC-PC,WFCNP,WFC-PA,WFC-PD,WFC-PZ",6021,National Commercial Banks,financials,3,274720000000.0,2017-06-30,2018-03-01,0000072971-18-000272,10-K,366,122,10,13,8
2018-07-01,70858,BANK OF AMERICA CORP /DE/,"BAC,BML-PG,BML-PL,BAC-PB,BAC-PK,BAC-PE,BAC-PL,BAC-PM,BAC-PN,BAC-PO,BAC-PP,BAC-PQ,BAC-PS,BACRP,BML-PH,BML-PJ,MER-PK",6021,National Commercial Banks,financials,4,239643149085.0,2017-06-30,2018-02-22,0000070858-18-000009,10-K,366,129,11,12,8
2018-07-01,732717,AT&T INC.,"T,TBB,T-PA,T-PC",4813,Telephone Communications (No Radiotelephone),utilities,1,232000000000.0,2017-06-30,2018-02-20,0000732717-18-000009,10-K,366,131,12,14,8
2018-07-01,80424,PROCTER & GAMBLE Co,PG,2840,"Soap, Detergents, Cleang Preparations, Perfumes, Cosmetics",consumer,2,215000000000.0,2016-12-31,2017-08-07,0000080424-17-000047,10-K,547,328,13,20,8
2018-07-01,78003,PFIZER INC,PFE,2834,Pharmaceutical Preparations,healthcare,2,200000000000.0,2017-07-02,2018-02-22,0000078003-18-000027,10-K,364,129,14,21,8
2018-07-01,93410,CHEVRON CORP,CVX,2911,Petroleum Refining,energy,2,197705630543.0,2017-06-30,2018-02-22,0000093410-18-000010,10-K,366,129,15,16,8
2018-07-01,21344,COCA COLA CO,KO,2080,Beverages,consumer,3,193060515914.0,2017-06-30,2018-02-23,0000021344-18-000008,10-K,366,128,16,26,8
2018-07-01,732712,VERIZON COMMUNICATIONS INC,VZ,4813,Telephone Communications (No Radiotelephone),utilities,2,182142289318.0,2017-06-30,2018-02-23,0000732712-18-000009,10-K,366,128,17,19,8
2018-07-01,1413329,Philip Morris International Inc.,PM,2111,Cigarettes,consumer,4,182000000000.0,2017-06-30,2018-02-13,0001413329-18-000007,10-K,366,138,18,27,8
2018-07-01,1166691,COMCAST CORP,"CMCSA,CCZ",4841,Cable & Other Pay Television Services,consumer,5,181936000000.0,2017-06-30,2018-01-31,0001166691-18-000004,10-K,366,151,19,28,8
2018-07-01,1001039,TWDC Enterprises 18 Corp.,,7990,Services-Miscellaneous Amusement & Recreation,consumer,6,177900000000.0,2017-04-01,2017-11-22,0001001039-17-000198,10-K,456,221,20,30,8
2018-07-01,731766,UNITEDHEALTH GROUP INC,UNH,6324,Hospital & Medical Service Plans,healthcare,3,177882211144.0,2017-06-30,2018-02-13,0000731766-18-000005,10-K,366,138,21,17,8
2018-07-01,354950,"HOME DEPOT, INC.",HD,5211,Retail-Lumber & Other Building Materials Dealers,consumer,7,176500000000.0,2017-07-30,2018-03-22,0000354950-18-000019,10-K,336,101,22,31,8
2018-07-01,310158,"Merck & Co., Inc.",MRK,2834,Pharmaceutical Preparations,healthcare,4,174700000000.0,2017-06-30,2018-02-27,0000310158-18-000005,10-K,366,124,23,32,8
2018-07-01,1403161,VISA INC.,V,7389,"Services-Business Services, NEC",financials,5,164100000000.0,2017-03-31,2017-11-17,0001403161-17-000044,10-K,457,226,24,22,8
2018-07-01,50863,INTEL CORP,INTC,3674,Semiconductors & Related Devices,tech,5,158300000000.0,2017-06-30,2018-02-16,0000050863-18-000007,10-K,366,135,25,18,8
2018-07-01,858877,"CISCO SYSTEMS, INC.",CSCO,3576,Computer Communications Equipment,tech,6,155020814264.0,2017-01-27,2017-09-07,0000858877-17-000016,10-K,520,297,26,23,8
2018-07-01,66740,3M CO,MMM,3841,Surgical & Medical Instruments & Apparatus,healthcare,5,149200000000.0,2018-01-31,2018-02-08,0001558370-18-000535,10-K,151,143,27,36,8
2018-07-01,51143,INTERNATIONAL BUSINESS MACHINES CORP,IBM,3570,Computer & office Equipment,tech,7,143300000000.0,2017-06-30,2018-02-27,0001047469-18-001117,10-K,366,124,28,39,8
2018-07-01,764180,"ALTRIA GROUP, INC.",MO,2111,Cigarettes,consumer,8,143000000000.0,2017-06-30,2018-02-27,0000764180-18-000028,10-K,366,124,29,40,8
2018-07-01,1341439,ORACLE CORP,"ORCL,ORCL-PD",7372,Services-Prepackaged Software,tech,8,142975778000.0,2017-11-30,2018-06-22,0001193125-18-201034,10-K,213,9,30,41,8
2018-07-01,318154,AMGEN INC,AMGN,2836,"Biological Products, (No Diagnostic Substances)",healthcare,6,125649811435.0,2017-06-30,2018-02-13,0000318154-18-000004,10-K,366,138,31,43,8
2018-07-01,63908,MCDONALDS CORP,MCD,5812,Retail-Eating  Places,consumer,9,124038758906.0,2017-06-30,2018-02-23,0000063908-18-000010,10-K,366,128,32,44,8
2018-07-01,831001,CITIGROUP INC,"C,C-PN,C-PR",6021,National Commercial Banks,financials,6,123000000000.0,2017-06-30,2018-02-23,0000831001-18-000040,10-K,366,128,33,33,8
2018-07-01,12927,BOEING CO,"BA,BA-PA",3721,Aircraft,industrials,1,117300000000.0,2017-06-30,2018-02-12,0000012927-18-000007,10-K,366,139,34,25,8
2018-07-01,104169,Walmart Inc.,WMT,5331,Retail-Variety Stores,consumer,10,114770199895.0,2017-07-31,2018-03-30,0000104169-18-000028,10-K,335,93,35,46,8
2018-07-01,1551152,AbbVie Inc.,ABBV,2834,Pharmaceutical Preparations,healthcare,7,114407343607.0,2017-06-30,2018-02-16,0001551152-18-000014,10-K,366,135,36,42,8
2018-07-01,1141391,Mastercard Inc,MA,7389,"Services-Business Services, NEC",financials,7,113800000000.0,2017-06-30,2018-02-14,0001141391-18-000009,10-K,366,137,37,29,8
2018-07-01,1613103,Medtronic plc,MDT,3845,Electromedical & Electrotherapeutic Apparatus,healthcare,8,110000000000.0,2017-10-27,2018-06-22,0001613103-18-000024,10-K,247,9,38,47,8
2018-07-01,816284,CELGENE CORP /DE/,,2834,Pharmaceutical Preparations,healthcare,9,101580696211.0,2017-06-30,2018-02-07,0000816284-18-000005,10-K,366,144,39,56,8
2018-07-01,773840,HONEYWELL INTERNATIONAL INC,HON,3724,Aircraft Engines & Engine Parts,industrials,2,101400000000.0,2017-06-30,2018-02-09,0000930413-18-000292,10-K,366,142,40,49,8
2018-07-01,101829,RTX Corp,RTX,3724,Aircraft Engines & Engine Parts,industrials,3,97490067627.0,2017-06-30,2018-04-27,0000101829-18-000009,10-Q,366,65,41,57,8
2018-07-01,1045810,NVIDIA CORP,NVDA,3674,Semiconductors & Related Devices,tech,9,94311225054.0,2017-07-28,2018-05-22,0001045810-18-000080,10-Q,338,40,42,63,8
2018-07-01,1075531,Booking Holdings Inc.,BKNG,4700,Transportation Services,industrials,4,91500000000.0,2017-06-30,2018-02-27,0001075531-18-000015,10-K,366,124,43,62,8
2018-07-01,14272,BRISTOL MYERS SQUIBB CO,"BMY,CELG-RI",2834,Pharmaceutical Preparations,healthcare,10,91308035210.0,2017-06-30,2018-02-13,0000014272-18-000055,10-K,366,138,44,45,8
2018-07-01,87347,SLB LIMITED/NV,SLB,1389,"Oil & Gas Field Services, NEC",energy,3,91070000000.0,2017-06-30,2018-01-24,0001564590-18-000821,10-K,366,158,45,48,8
2018-07-01,100885,UNION PACIFIC CORP,UNP,4011,"Railroads, Line-Haul Operating",industrials,5,87300000000.0,2017-06-30,2018-02-09,0000100885-18-000048,10-K,366,142,46,52,8
2018-07-01,36104,US BANCORP \DE\,"USB,USB-PA,USB-PH,USB-PP,USB-PQ,USB-PR,USB-PS",6021,National Commercial Banks,financials,8,87200000000.0,2017-06-30,2018-02-22,0001193125-18-053893,10-K,366,129,47,66,8
2018-07-01,886982,GOLDMAN SACHS GROUP INC,"GS,GSCE,GS-PA,GS-PC,GS-PD",6211,"Security Brokers, Dealers & Flotation Companies",financials,9,84900000000.0,2017-06-30,2018-02-26,0001193125-18-056383,10-K,366,125,48,67,8
2018-07-01,804328,QUALCOMM INC/DE,QCOM,3663,Radio & Tv Broadcasting & Communications Equipment,tech,10,83990231661.0,2017-03-26,2017-11-01,0001234452-17-000190,10-K,462,242,49,70,8
2018-07-01,1800,ABBOTT LABORATORIES,ABT,2834,Pharmaceutical Preparations,healthcare,11,82269220045.0,2017-06-30,2018-02-16,0001047469-18-000856,10-K,366,135,50,53,8
2018-07-01,829224,STARBUCKS CORP,SBUX,5810,Retail-Eating & Drinking Places,consumer,11,82000000000.0,2017-04-02,2017-11-17,0000829224-17-000049,10-K,455,226,51,73,8
2018-07-01,64803,CVS HEALTH Corp,CVS,5912,Retail-Drug Stores and Proprietary Stores,consumer,12,81440458676.0,2017-06-30,2018-02-14,0001558370-18-000707,10-K,366,137,52,55,8
2018-07-01,1578845,Allergan plc,,2834,Pharmaceutical Preparations,healthcare,12,81000000000.0,2017-06-30,2018-02-16,0001564590-18-002345,10-K,366,135,53,64,8
2018-07-01,882095,"GILEAD SCIENCES, INC.",GILD,2836,"Biological Products, (No Diagnostic Substances)",healthcare,13,80416471495.0,2017-06-30,2018-02-27,0000882095-18-000008,10-K,366,124,54,54,8
2018-07-01,936468,LOCKHEED MARTIN CORP,LMT,3760,Guided Missiles & Space Vehicles & Parts,industrials,6,80300000000.0,2017-06-23,2018-02-16,0000936468-18-000013,10-K/A,373,135,55,68,8
2018-07-01,1105705,"WARNER MEDIA, LLC",,4841,Cable & Other Pay Television Services,consumer,13,78170000000.0,2017-06-30,2018-02-22,0001193125-18-053619,10-K,366,129,57,81,8
2018-07-01,895421,MORGAN STANLEY,"MS,MS-PK,MS-PE,MS-PA,MS-PF,MS-PI,MS-PL,MS-PO,MS-PP,MS-PQ",6211,"Security Brokers, Dealers & Flotation Companies",financials,10,77833014763.0,2017-06-30,2018-02-27,0001193125-18-060831,10-K,366,124,58,78,8
2018-07-01,97476,TEXAS INSTRUMENTS INC,TXN,3674,Semiconductors & Related Devices,tech,11,76179967734.0,2017-06-30,2018-02-22,0001564590-18-002832,10-K,366,129,59,50,8
2018-07-01,1090727,UNITED PARCEL SERVICE INC,UPS,4210,Trucking & Courier Services (No Air),industrials,7,76094649311.0,2017-06-30,2018-02-21,0001090727-18-000009,10-K,366,130,60,82,8
2018-07-01,30554,"EIDP, Inc.","CTA-PB,CTA-PA",2820,"Plastic Material, Synth Resin/Rubber, Cellulos (No Glass)",materials_realestate,1,70000000000.0,2017-06-30,2018-02-15,0000030554-18-000002,10-K,366,136,61,87,8
2018-07-01,97745,THERMO FISHER SCIENTIFIC INC.,TMO,3829,"Measuring & Controlling Devices, NEC",industrials,8,67969182000.0,2017-06-30,2018-02-28,0000097745-18-000006,10-K,366,123,64,72,8
2018-07-01,1364742,"BlackRock Finance, Inc.",,6211,"Security Brokers, Dealers & Flotation Companies",financials,11,67300000000.0,2017-06-30,2018-02-28,0001564590-18-003744,10-K,366,123,65,79,8
2018-07-01,896159,Chubb Ltd,CB,6331,"Fire, Marine & Casualty Insurance",financials,12,67000000000.0,2017-06-30,2018-02-23,0000896159-18-000002,10-K,366,128,66,90,8
2018-07-01,753308,NEXTERA ENERGY INC,"NEE,NEE-PN,NEE-PS,NEE-PT,NEE-PU,NEE-PV,NEE-PW",4911,Electric Services,utilities,3,65589650954.0,2017-06-30,2018-02-16,0000753308-18-000013,10-K,366,135,67,80,8
2018-07-01,1633917,"PayPal Holdings, Inc.",PYPL,7389,"Services-Business Services, NEC",financials,13,64500000000.0,2017-06-30,2018-02-07,0001633917-18-000029,10-K,366,144,69,59,8
2018-07-01,18230,CATERPILLAR INC,CAT,3531,Construction Machinery & Equip,industrials,9,63400000000.0,2017-06-30,2018-02-15,0000018230-18-000042,10-K,366,136,70,75,8
2018-07-01,1053507,AMERICAN TOWER CORP /MA/,AMT,6798,Real Estate Investment Trusts,materials_realestate,2,56300000000.0,2017-06-30,2018-02-28,0001053507-18-000006,10-K,366,123,75,94,8
2018-07-01,29915,DOW CHEMICAL CO /DE/,,2821,"Plastic Materials, Synth Resins & Nonvulcan Elastomers",materials_realestate,3,55800000000.0,2016-06-30,2017-02-09,0000029915-17-000011,10-K,731,507,76,105,8
2018-07-01,1163165,CONOCOPHILLIPS,COP,2911,Petroleum Refining,energy,4,54000000000.0,2017-12-31,2018-02-20,0001193125-18-049729,10-K,182,131,78,110,8
2018-07-01,40533,GENERAL DYNAMICS CORP,GD,3730,Ship & Boat Building & Repairing,industrials,10,52357779347.0,2017-07-02,2018-02-12,0000040533-18-000008,10-K,364,139,80,115,8
2018-07-01,821189,EOG RESOURCES INC,EOG,1311,Crude Petroleum & Natural Gas,energy,5,52112000000.0,2017-06-30,2018-02-27,0000821189-18-000012,10-K,366,124,81,85,8
2018-07-01,313616,DANAHER CORP /DE/,DHR,3823,"Industrial Instruments For Measurement, Display, and Control",industrials,11,51700000000.0,2017-06-30,2018-02-21,0000313616-18-000038,10-K,366,130,84,97,8
2018-07-01,1063761,SIMON PROPERTY GROUP INC.,"SPG,SPG-PJ",6798,Real Estate Investment Trusts,materials_realestate,4,49945000000.0,2017-06-30,2018-02-23,0001558370-18-000981,10-K,366,128,89,89,8
2018-07-01,715957,"DOMINION ENERGY, INC",D,4911,Electric Services,utilities,4,48100000000.0,2017-06-30,2018-02-27,0001193125-18-059578,10-K,366,124,93,127,8
2018-07-01,92122,SOUTHERN CO,"SO,SOJC,SOJD,SOJE,SOJF,SOMN",4911,Electric Services,utilities,5,47900000000.0,2017-06-30,2018-02-21,0000092122-18-000012,10-K,366,130,94,120,8
2018-07-01,1047122,RAYTHEON CO/,,3812,"Search, Detection, Navigation, Guidance, Aeronautical Sys",industrials,12,46800000000.0,2017-06-30,2018-02-14,0001047122-18-000022,10-K,366,137,96,109,8
2018-07-01,797468,OCCIDENTAL PETROLEUM CORP /DE/,"OXY,OXY-WT",1311,Crude Petroleum & Natural Gas,energy,6,45800000000.0,2017-06-30,2018-02-23,0000797468-18-000005,10-K,366,128,99,93,8
2018-07-01,55785,KIMBERLY CLARK CORP,KMB,2670,Converted Paper & Paperboard Prods (No Contaners/Boxes),materials_realestate,5,45600000000.0,2017-06-30,2018-02-08,0000055785-18-000014,10-K,366,143,100,124,8
2018-07-01,1108524,"Salesforce, Inc.",CRM,7372,Services-Prepackaged Software,tech,12,45500000000.0,2017-07-31,2018-03-09,0001108524-18-000011,10-K,335,114,101,135,8
2018-07-01,6951,APPLIED MATERIALS INC /DE,AMAT,3674,Semiconductors & Related Devices,tech,13,43552849133.0,2017-04-28,2017-12-15,0000006951-17-000038,10-K,429,198,104,123,8
2018-07-01,1534701,Phillips 66,PSX,2911,Petroleum Refining,energy,7,42300000000.0,2017-06-30,2018-02-23,0001534701-18-000065,10-K,366,128,106,117,8
2018-07-01,1061219,ENTERPRISE PRODUCTS PARTNERS L.P.,"EPD,EPDU",4922,Natural Gas Transmission,energy,8,39610000000.0,2017-06-30,2018-02-28,0001061219-18-000008,10-K,366,123,109,150,8
2018-07-01,1483096,WILLIAMS PARTNERS L.P.,,4922,Natural Gas Transmission,energy,9,38332867488.0,2017-06-30,2018-02-22,0001483096-18-000006,10-K,366,129,119,161,8
2018-07-01,884905,LINDE INC,,2810,Industrial Inorganic Chemicals,materials_realestate,6,38000000000.0,2017-06-30,2018-02-28,0000884905-18-000014,10-K,366,123,121,162,8
2018-07-01,45012,HALLIBURTON CO,HAL,1389,"Oil & Gas Field Services, NEC",energy,10,37083861863.0,2017-06-30,2018-02-09,0000045012-18-000059,10-K,366,142,125,158,8
2018-07-01,1506307,"KINDER MORGAN, INC.","KMI,EP-PC",4922,Natural Gas Transmission,energy,11,36830209065.0,2017-06-30,2018-04-24,0001506307-18-000019,10-Q,366,68,126,168,8
2018-07-01,1051470,CROWN CASTLE INC.,CCI,6798,Real Estate Investment Trusts,materials_realestate,7,36500000000.0,2017-06-30,2018-02-26,0001051470-18-000082,10-K,366,125,128,139,8
2018-07-01,1109357,EXELON CORP,EXC,4931,Electric & Other Services Combined,utilities,6,34604071959.0,2017-12-31,2018-02-09,0001628280-18-001324,10-K,182,142,136,152,8
2018-07-01,4904,AMERICAN ELECTRIC POWER CO INC,AEP,4911,Electric Services,utilities,7,34179628893.0,2017-12-31,2018-02-23,0000004904-18-000009,10-K,182,128,139,183,8
2018-07-01,1101239,EQUINIX INC,EQIX,6798,Real Estate Investment Trusts,materials_realestate,8,33500000000.0,2017-06-30,2018-02-26,0001628280-18-002212,10-K,366,125,142,184,8
2018-07-01,823768,WASTE MANAGEMENT INC,WM,4953,Refuse Systems,utilities,8,32200000000.0,2017-06-30,2018-02-15,0001558370-18-000716,10-K,366,136,146,178,8
2018-07-01,1045609,"Prologis, Inc.","PLD,PLDGP",6798,Real Estate Investment Trusts,materials_realestate,9,30903505295.0,2017-06-30,2018-02-15,0001564590-18-002228,10-K,366,136,152,180,8
2018-07-01,1035002,VALERO ENERGY CORP/TX,VLO,2911,Petroleum Refining,energy,12,29800000000.0,2017-06-30,2018-02-28,0001035002-18-000010,10-K,366,123,158,130,8
2018-07-01,2969,"Air Products & Chemicals, Inc.",APD,2810,Industrial Inorganic Chemicals,materials_realestate,10,29300000000.0,2017-03-31,2017-11-16,0000002969-17-000039,10-K,457,227,159,179,8
2018-07-01,1032208,SEMPRA,"SRE,SREA",4932,Gas & Other Services Combined,utilities,9,28300000000.0,2017-06-30,2018-02-27,0000086521-18-000019,10-K,366,124,162,198,8
2018-07-01,79879,PPG INDUSTRIES INC,PPG,2851,"Paints, Varnishes, Lacquers, Enamels & Allied Prods",materials_realestate,11,28173000000.0,2017-06-30,2018-06-28,0000079879-18-000039,10-K/A,366,3,164,210,8
2018-07-01,766704,WELLTOWER INC.,WELL,6798,Real Estate Investment Trusts,materials_realestate,12,27562002967.0,2017-06-30,2018-05-04,0000766704-18-000030,10-Q,366,58,165,216,8
2018-07-01,922224,PPL Corp,"PPL,PPLC",4911,Electric Services,utilities,10,26500381927.0,2017-06-30,2018-02-22,0000922224-18-000023,10-K,366,129,172,225,8
2018-07-01,827052,EDISON INTERNATIONAL,EIX,4911,Electric Services,utilities,11,25500000000.0,2017-06-30,2018-02-22,0000827052-18-000046,10-K,366,129,180,234,8
2018-07-01,1047862,CONSOLIDATED EDISON INC,ED,4931,Electric & Other Services Combined,utilities,12,24700000000.0,2017-06-30,2018-02-15,0001047862-18-000037,10-K,366,136,188,240,8
2019-07-01,320193,Apple Inc.,AAPL,3571,Electronic Computers,tech,1,828880000000.0,2018-03-30,2018-11-05,0000320193-18-000145,10-K,458,238,1,1,8
2019-07-01,1018724,AMAZON COM INC,AMZN,5961,Retail-Catalog & Mail-Order Houses,consumer,1,693894417636.0,2018-06-30,2019-02-01,0001018724-19-000004,10-K,366,150,2,2,8
2019-07-01,1652044,Alphabet Inc.,"GOOGL,GOOG,GOOGM,GOOGN",7370,"Services-Computer Programming, Data Processing, Etc.",tech,2,680000000000.0,2018-06-29,2019-02-05,0001652044-19-000004,10-K,367,146,3,4,8
2019-07-01,789019,MICROSOFT CORP,MSFT,7372,Services-Prepackaged Software,tech,3,650100000000.0,2017-12-31,2018-08-03,0001564590-18-019062,10-K,547,332,4,3,8
2019-07-01,1326801,"Meta Platforms, Inc.",META,7370,"Services-Computer Programming, Data Processing, Etc.",tech,4,486000000000.0,2018-06-29,2019-01-31,0001326801-19-000009,10-K,367,151,5,5,8
2019-07-01,1067983,BERKSHIRE HATHAWAY INC,"BRK-B,BRK-A",6331,"Fire, Marine & Casualty Insurance",financials,1,367009000000.0,2018-06-30,2019-02-25,0001193125-19-048926,10-K,366,126,6,6,8
2019-07-01,34088,EXXON MOBIL CORP,,2911,Petroleum Refining,energy,1,350000000000.0,2018-06-29,2019-02-27,0000034088-19-000010,10-K,367,124,7,11,8
2019-07-01,19617,JPMORGAN CHASE & CO,"JPM,JPM-PC,AMJB,JPM-PD,JPM-PJ,JPM-PK,JPM-PL,JPM-PM,VYLD",6021,National Commercial Banks,financials,2,347963159674.0,2018-06-30,2019-02-26,0000019617-19-000054,10-K,366,125,8,10,8
2019-07-01,200406,JOHNSON & JOHNSON,JNJ,2834,Pharmaceutical Preparations,healthcare,1,325000000000.0,2018-07-01,2019-02-20,0000200406-19-000009,10-K,365,131,9,8,8
2019-07-01,1616314,"MedEquities Realty Trust, Inc.",,6798,Real Estate Investment Trusts,materials_realestate,1,316714569000.0,2018-06-30,2019-02-25,0001564590-19-004100,10-K,366,126,10,9,8
2019-07-01,70858,BANK OF AMERICA CORP /DE/,"BAC,BML-PG,BML-PL,BAC-PB,BAC-PK,BAC-PE,BAC-PL,BAC-PM,BAC-PN,BAC-PO,BAC-PP,BAC-PQ,BAC-PS,BACRP,BML-PH,BML-PJ,MER-PK",6021,National Commercial Banks,financials,3,282258554953.0,2018-06-30,2019-02-26,0000070858-19-000012,10-K,366,125,11,12,8
2019-07-01,72971,WELLS FARGO & COMPANY/MN,"WFC,WFC-PY,WFC-PL,WFC-PC,WFCNP,WFC-PA,WFC-PD,WFC-PZ",6021,National Commercial Banks,financials,4,268200000000.0,2018-06-30,2019-02-27,0000072971-19-000227,10-K,366,124,12,13,8
2019-07-01,93410,CHEVRON CORP,CVX,2911,Petroleum Refining,energy,2,242200000000.0,2018-06-29,2019-02-22,0000093410-19-000008,10-K,367,129,13,17,8
2019-07-01,731766,UNITEDHEALTH GROUP INC,UNH,6324,Hospital & Medical Service Plans,healthcare,2,234490429732.0,2018-06-30,2019-02-12,0000731766-19-000005,10-K,366,139,14,21,8
2019-07-01,732717,AT&T INC.,"T,TBB,T-PA,T-PC",4813,Telephone Communications (No Radiotelephone),utilities,1,233000000000.0,2018-12-31,2019-02-20,0001193125-19-045608,10-K,182,131,15,16,8
2019-07-01,80424,PROCTER & GAMBLE Co,PG,2840,"Soap, Detergents, Cleang Preparations, Perfumes, Cosmetics",consumer,2,231000000000.0,2017-12-31,2018-08-07,0000080424-18-000055,10-K,547,328,16,23,8
2019-07-01,50863,INTEL CORP,INTC,3674,Semiconductors & Related Devices,tech,5,229200000000.0,2018-06-29,2019-02-01,0000050863-19-000007,10-K,367,150,17,22,8
2019-07-01,354950,"HOME DEPOT, INC.",HD,5211,Retail-Lumber & Other Building Materials Dealers,consumer,3,225300000000.0,2018-07-29,2019-03-28,0000354950-19-000010,10-K,337,95,18,24,8
2019-07-01,1403161,VISA INC.,V,7389,"Services-Business Services, NEC",financials,5,214100000000.0,2018-03-29,2018-11-16,0001403161-18-000055,10-K,459,227,19,14,8
2019-07-01,78003,PFIZER INC,PFE,2834,Pharmaceutical Preparations,healthcare,3,212000000000.0,2018-07-01,2019-02-28,0000078003-19-000015,10-K,365,123,20,18,8
2019-07-01,732712,VERIZON COMMUNICATIONS INC,VZ,4813,Telephone Communications (No Radiotelephone),utilities,2,207844016206.0,2018-06-30,2019-02-15,0000732712-19-000012,10-K,366,136,21,19,8
2019-07-01,858877,"CISCO SYSTEMS, INC.",CSCO,3576,Computer Communications Equipment,tech,6,207120318133.0,2018-01-26,2018-09-06,0000858877-18-000011,10-K,521,298,22,27,8
2019-07-01,12927,BOEING CO,"BA,BA-PA",3721,Aircraft,industrials,1,193200000000.0,2018-06-30,2019-02-08,0000012927-19-000010,10-K,366,143,23,28,8
2019-07-01,21344,COCA COLA CO,KO,2080,Beverages,consumer,4,184986760847.0,2018-06-29,2019-02-21,0000021344-19-000014,10-K,367,130,24,25,8
2019-07-01,1141391,Mastercard Inc,MA,7389,"Services-Business Services, NEC",financials,6,179500000000.0,2018-06-29,2019-02-13,0001141391-19-000013,10-K,367,138,25,20,8
2019-07-01,831001,CITIGROUP INC,"C,C-PN,C-PR",6021,National Commercial Banks,financials,7,168100000000.0,2018-06-30,2019-02-22,0000831001-19-000027,10-K,366,129,26,34,8
2019-07-01,310158,"Merck & Co., Inc.",MRK,2834,Pharmaceutical Preparations,healthcare,4,161991000000.0,2018-06-30,2019-02-27,0000310158-19-000014,10-K,366,124,27,26,8
2019-07-01,77476,PEPSICO INC,PEP,2080,Beverages,consumer,5,152000000000.0,2018-06-15,2019-02-15,0000077476-19-000017,10-K,381,136,28,31,8
2019-07-01,1166691,COMCAST CORP,"CMCSA,CCZ",4841,Cable & Other Pay Television Services,consumer,6,149068000000.0,2018-06-30,2019-01-31,0001166691-19-000005,10-K,366,151,29,30,8
2019-07-01,1065280,NETFLIX INC,NFLX,7841,Services-Video Tape Rental,consumer,7,148681810838.0,2018-06-30,2019-01-29,0001065280-19-000043,10-K,366,153,30,36,8
2019-07-01,1045810,NVIDIA CORP,NVDA,3674,Semiconductors & Related Devices,tech,7,146660000000.0,2018-07-27,2019-02-21,0001045810-19-000023,10-K,339,130,31,40,8
2019-07-01,1551152,AbbVie Inc.,ABBV,2834,Pharmaceutical Preparations,healthcare,5,138865437576.0,2018-06-30,2019-02-27,0001551152-19-000008,10-K,366,124,32,45,8
2019-07-01,51143,INTERNATIONAL BUSINESS MACHINES CORP,IBM,3570,Computer & office Equipment,tech,8,127500000000.0,2018-06-30,2019-02-26,0001047469-19-000712,10-K,366,125,33,42,8
2019-07-01,104169,Walmart Inc.,WMT,5331,Retail-Variety Stores,consumer,8,126810267035.0,2018-07-31,2019-03-28,0000104169-19-000016,10-K,335,95,34,47,8
2019-07-01,1413329,Philip Morris International Inc.,PM,2111,Cigarettes,consumer,9,126000000000.0,2018-06-30,2019-02-07,0001413329-19-000007,10-K,366,144,35,32,8
2019-07-01,63908,MCDONALDS CORP,MCD,5812,Retail-Eating  Places,consumer,10,121530450454.0,2018-06-30,2019-02-22,0000063908-19-000010,10-K,366,129,36,35,8
2019-07-01,1613103,Medtronic plc,MDT,3845,Electromedical & Electrotherapeutic Apparatus,healthcare,6,120800000000.0,2018-10-26,2019-06-21,0001613103-19-000028,10-K,248,10,37,51,8
2019-07-01,318154,AMGEN INC,AMGN,2836,"Biological Products, (No Diagnostic Substances)",healthcare,7,119629312769.0,2018-06-30,2019-02-13,0000318154-19-000008,10-K,366,138,38,48,8
2019-07-01,66740,3M CO,MMM,3841,Surgical & Medical Instruments & Apparatus,healthcare,8,115300000000.0,2019-01-31,2019-02-07,0001558370-19-000470,10-K,151,144,39,38,8
2019-07-01,1341439,ORACLE CORP,"ORCL,ORCL-PD",7372,Services-Prepackaged Software,tech,9,107968269000.0,2018-11-30,2019-06-21,0001564590-19-023119,10-K,213,10,40,44,8
2019-07-01,773840,HONEYWELL INTERNATIONAL INC,HON,3724,Aircraft Engines & Engine Parts,industrials,2,107600000000.0,2018-06-30,2019-02-08,0000930413-19-000366,10-K,366,143,41,49,8
2019-07-01,97476,TEXAS INSTRUMENTS INC,TXN,3674,Semiconductors & Related Devices,tech,10,107359133537.0,2018-06-30,2019-02-22,0001564590-19-003839,10-K,366,129,42,56,8
2019-07-01,764180,"ALTRIA GROUP, INC.",MO,2111,Cigarettes,consumer,11,107000000000.0,2018-06-30,2019-02-26,0000764180-19-000023,10-K,366,125,43,43,8
2019-07-01,100885,UNION PACIFIC CORP,UNP,4011,"Railroads, Line-Haul Operating",industrials,3,104600000000.0,2018-06-29,2019-02-08,0000100885-19-000060,10-K,367,143,44,52,8
2019-07-01,1800,ABBOTT LABORATORIES,ABT,2834,Pharmaceutical Preparations,healthcare,9,104305730710.0,2018-06-30,2019-02-22,0001047469-19-000624,10-K,366,129,45,41,8
2019-07-01,101829,RTX Corp,RTX,3724,Aircraft Engines & Engine Parts,industrials,4,99985852722.0,2018-06-30,2019-04-26,0000101829-19-000016,10-Q,366,66,46,54,8
2019-07-01,1633917,"PayPal Holdings, Inc.",PYPL,7389,"Services-Business Services, NEC",financials,8,98500000000.0,2018-06-30,2019-02-07,0001633917-19-000043,10-K,366,144,47,46,8
2019-07-01,1075531,Booking Holdings Inc.,BKNG,4700,Transportation Services,industrials,5,96600000000.0,2018-06-30,2019-02-27,0001075531-19-000009,10-K,366,124,48,64,8
2019-07-01,87347,SLB LIMITED/NV,SLB,1389,"Oil & Gas Field Services, NEC",energy,3,92720000000.0,2018-06-30,2019-01-23,0001564590-19-000928,10-K,366,159,49,67,8
2019-07-01,14272,BRISTOL MYERS SQUIBB CO,"BMY,CELG-RI",2834,Pharmaceutical Preparations,healthcare,10,90226038714.0,2018-06-30,2019-02-25,0000014272-19-000047,10-K,366,126,50,68,8
2019-07-01,936468,LOCKHEED MARTIN CORP,LMT,3760,Guided Missiles & Space Vehicles & Parts,industrials,6,84700000000.0,2018-06-22,2019-02-08,0000936468-19-000009,10-K,374,143,51,60,8
2019-07-01,97745,THERMO FISHER SCIENTIFIC INC.,TMO,3829,"Measuring & Controlling Devices, NEC",industrials,7,83322432000.0,2018-06-30,2019-02-27,0000097745-19-000007,10-K,366,124,52,53,8
2019-07-01,320187,"NIKE, Inc.",NKE,3021,Rubber & Plastics Footwear,consumer,12,82568152391.0,2017-11-30,2018-07-25,0000320187-18-000142,10-K,578,341,53,62,8
2019-07-01,886982,GOLDMAN SACHS GROUP INC,"GS,GSCE,GS-PA,GS-PC,GS-PD",6211,"Security Brokers, Dealers & Flotation Companies",financials,9,82200000000.0,2018-06-30,2019-02-26,0001193125-19-050198,10-K,366,125,54,74,8
2019-07-01,36104,US BANCORP \DE\,"USB,USB-PA,USB-PH,USB-PP,USB-PQ,USB-PR,USB-PS",6021,National Commercial Banks,financials,10,81800000000.0,2018-06-30,2019-02-22,0001193125-19-047201,10-K,366,129,55,73,8
2019-07-01,18230,CATERPILLAR INC,CAT,3531,Construction Machinery & Equip,industrials,8,81200000000.0,2018-06-30,2019-02-14,0000018230-19-000034,10-K,366,137,56,77,8
2019-07-01,1163165,CONOCOPHILLIPS,COP,2911,Petroleum Refining,energy,4,80900000000.0,2018-12-31,2019-02-19,0001193125-19-043841,10-K,182,132,57,79,8
2019-07-01,1108524,"Salesforce, Inc.",CRM,7372,Services-Prepackaged Software,tech,11,80000000000.0,2018-07-31,2019-03-08,0001108524-19-000009,10-K,335,115,58,81,8
2019-07-01,882095,"GILEAD SCIENCES, INC.",GILD,2836,"Biological Products, (No Diagnostic Substances)",healthcare,11,79506595778.0,2018-06-29,2019-02-26,0000882095-19-000006,10-K,367,125,59,80,8
2019-07-01,804328,QUALCOMM INC/DE,QCOM,3663,Radio & Tv Broadcasting & Communications Equipment,tech,12,79468272443.0,2018-03-25,2018-11-07,0001728949-18-000095,10-K,463,236,60,75,8
2019-07-01,895421,MORGAN STANLEY,"MS,MS-PK,MS-PE,MS-PA,MS-PF,MS-PI,MS-PL,MS-PO,MS-PP,MS-PQ",6211,"Security Brokers, Dealers & Flotation Companies",financials,11,79320949858.0,2018-06-30,2019-02-26,0001193125-19-051943,10-K,366,125,61,83,8
2019-07-01,1364742,"BlackRock Finance, Inc.",,6211,"Security Brokers, Dealers & Flotation Companies",financials,12,79100000000.0,2018-06-30,2019-02-28,0001564590-19-005479,10-K,366,123,62,85,8
2019-07-01,753308,NEXTERA ENERGY INC,"NEE,NEE-PN,NEE-PS,NEE-PT,NEE-PU,NEE-PV,NEE-PW",4911,Electric Services,utilities,3,78550110752.0,2018-06-29,2019-04-23,0000753308-19-000118,10-Q,367,69,63,63,8
2019-07-01,59478,ELI LILLY & Co,LLY,2834,Pharmaceutical Preparations,healthcare,12,78196000000.0,2018-06-30,2019-02-19,0000059478-19-000082,10-K,366,132,64,66,8
2019-07-01,829224,STARBUCKS CORP,SBUX,5810,Retail-Eating & Drinking Places,consumer,13,78000000000.0,2018-04-01,2018-11-16,0000829224-18-000052,10-K,456,227,65,71,8
2019-07-01,1090727,UNITED PARCEL SERVICE INC,UPS,4210,Trucking & Courier Services (No Air),industrials,9,73643493685.0,2018-06-30,2019-02-21,0001090727-19-000006,10-K,366,130,66,88,8
2019-07-01,821189,EOG RESOURCES INC,EOG,1311,Crude Petroleum & Natural Gas,energy,5,71861000000.0,2018-06-30,2019-02-26,0000821189-19-000009,10-K,366,125,67,92,8
2019-07-01,30554,"EIDP, Inc.","CTA-PB,CTA-PA",2820,"Plastic Material, Synth Resin/Rubber, Cellulos (No Glass)",materials_realestate,2,70000000000.0,2017-06-30,2018-02-15,0000030554-18-000002,10-K,731,501,68,94,8
2019-07-01,797468,OCCIDENTAL PETROLEUM CORP /DE/,"OXY,OXY-WT",1311,Crude Petroleum & Natural Gas,energy,6,64000000000.0,2018-06-30,2019-02-21,0000797468-19-000004,10-K,366,130,70,100,8
2019-07-01,1053507,AMERICAN TOWER CORP /MA/,AMT,6798,Real Estate Investment Trusts,materials_realestate,3,63100000000.0,2018-06-30,2019-02-27,0001053507-19-000012,10-K,366,124,71,70,8
2019-07-01,713676,"PNC FINANCIAL SERVICES GROUP, INC.",PNC,6021,National Commercial Banks,financials,13,62700000000.0,2018-06-30,2019-03-01,0000713676-19-000015,10-K,366,122,72,101,8
2019-07-01,1156039,"Elevance Health, Inc.",ELV,6324,Hospital & Medical Service Plans,healthcare,13,61871738688.0,2018-06-29,2019-02-20,0001156039-19-000004,10-K,367,131,74,90,8
2019-07-01,313616,DANAHER CORP /DE/,DHR,3823,"Industrial Instruments For Measurement, Display, and Control",industrials,10,61000000000.0,2018-06-29,2019-02-21,0000313616-19-000035,10-K,367,130,75,69,8
2019-07-01,718877,"Activision Blizzard, Inc.",,7372,Services-Prepackaged Software,tech,13,57447460580.0,2018-06-30,2019-02-28,0001047469-19-000788,10-K,366,123,80,112,8
2019-07-01,1690881,"ASV HOLDINGS, INC.",,3531,Construction Machinery & Equip,industrials,11,57069720000.0,2018-06-30,2019-05-31,0001564590-19-021226,10-K/A,366,31,81,82,8
2019-07-01,1047122,RAYTHEON CO/,,3812,"Search, Detection, Navigation, Guidance, Aeronautical Sys",industrials,12,55000000000.0,2018-06-29,2019-02-13,0001047122-19-000007,10-K,367,138,88,119,8
2019-07-01,1063761,SIMON PROPERTY GROUP INC.,"SPG,SPG-PJ",6798,Real Estate Investment Trusts,materials_realestate,4,52260000000.0,2018-06-30,2019-02-22,0001558370-19-000875,10-K,366,129,92,126,8
2019-07-01,1534701,Phillips 66,PSX,2911,Petroleum Refining,energy,7,52100000000.0,2018-06-29,2019-02-22,0001534701-19-000063,10-K,367,129,93,128,8
2019-07-01,1035002,VALERO ENERGY CORP/TX,VLO,2911,Petroleum Refining,energy,8,47500000000.0,2018-06-29,2019-02-28,0001035002-19-000008,10-K,367,123,99,141,8
2019-07-01,92122,SOUTHERN CO,"SO,SOJC,SOJD,SOJE,SOJF,SOMN",4911,Electric Services,utilities,4,47000000000.0,2018-06-29,2019-02-20,0000092122-19-000006,10-K,367,131,101,111,8
2019-07-01,1051470,CROWN CASTLE INC.,CCI,6798,Real Estate Investment Trusts,materials_realestate,5,44600000000.0,2018-06-30,2019-02-25,0001051470-19-000046,10-K,366,126,105,151,8
2019-07-01,715957,"DOMINION ENERGY, INC",D,4911,Electric Services,utilities,5,44400000000.0,2018-06-30,2019-02-28,0001193125-19-057924,10-K,366,123,107,103,8
2019-07-01,1109357,EXELON CORP,EXC,4931,Electric & Other Services Combined,utilities,6,41118095431.0,2018-06-30,2019-02-08,0001628280-19-001107,10-K,366,143,118,143,8
2019-07-01,1061219,ENTERPRISE PRODUCTS PARTNERS L.P.,"EPD,EPDU",4922,Natural Gas Transmission,energy,9,41020000000.0,2018-06-29,2019-03-01,0001061219-19-000007,10-K,367,122,120,154,8
2019-07-01,45012,HALLIBURTON CO,HAL,1389,"Oil & Gas Field Services, NEC",energy,10,39500000000.0,2018-06-30,2019-02-13,0000045012-19-000044,10-K,366,138,125,167,8
2019-07-01,773910,ANADARKO PETROLEUM CORP,,1311,Crude Petroleum & Natural Gas,energy,11,37200000000.0,2018-06-30,2019-02-14,0000773910-19-000009,10-K,366,137,129,178,8
2019-07-01,55785,KIMBERLY CLARK CORP,KMB,2670,Converted Paper & Paperboard Prods (No Contaners/Boxes),materials_realestate,6,36600000000.0,2018-06-30,2019-02-07,0000055785-19-000013,10-K,366,144,130,146,8
2019-07-01,1489393,LyondellBasell Industries N.V.,LYB,2860,Industrial Organic Chemicals,materials_realestate,7,35000000000.0,2018-06-30,2019-02-21,0001489393-19-000011,10-K,366,130,137,189,8
2019-07-01,823768,WASTE MANAGEMENT INC,WM,4953,Refuse Systems,utilities,7,34800000000.0,2018-06-30,2019-02-14,0001558370-19-000662,10-K,366,137,139,137,8
2019-07-01,2969,"Air Products & Chemicals, Inc.",APD,2810,Industrial Inorganic Chemicals,materials_realestate,8,34800000000.0,2018-03-31,2018-11-20,0000002969-18-000044,10-K,457,223,140,160,8
2019-07-01,1045609,"Prologis, Inc.","PLD,PLDGP",6798,Real Estate Investment Trusts,materials_realestate,9,34758146078.0,2018-06-30,2019-02-13,0001564590-19-002872,10-K,366,138,141,133,8
2019-07-01,1101239,EQUINIX INC,EQIX,6798,Real Estate Investment Trusts,materials_realestate,10,34200000000.0,2018-06-30,2019-02-22,0001628280-19-001771,10-K,366,129,143,156,8
2019-07-01,4904,AMERICAN ELECTRIC POWER CO INC,AEP,4911,Electric Services,utilities,8,34157276913.0,2018-12-31,2019-02-21,0000004904-19-000009,10-K,182,130,145,193,8
2019-07-01,1506307,"KINDER MORGAN, INC.","KMI,EP-PC",4922,Natural Gas Transmission,energy,12,33499494320.0,2018-06-29,2019-02-08,0001506307-19-000033,10-K,367,143,149,163,8
2019-07-01,1032208,SEMPRA,"SRE,SREA",4932,Gas & Other Services Combined,utilities,9,31500000000.0,2018-06-30,2019-02-26,0000086521-19-000014,10-K,366,125,159,175,8
2019-07-01,106535,WEYERHAEUSER CO,WY,6798,Real Estate Investment Trusts,materials_realestate,11,28000000000.0,2018-06-30,2019-02-15,0000106535-19-000014,10-K,366,136,171,233,8
2019-07-01,788784,PUBLIC SERVICE ENTERPRISE GROUP INC,PEG,4931,Electric & Other Services Combined,utilities,10,27172268280.0,2018-06-30,2019-02-28,0000788784-19-000005,10-K,366,123,174,222,8
2019-07-01,79879,PPG INDUSTRIES INC,PPG,2851,"Paints, Varnishes, Lacquers, Enamels & Allied Prods",materials_realestate,12,25075000000.0,2018-06-30,2019-02-21,0000079879-19-000008,10-K,366,130,186,230,8
2019-07-01,1047862,CONSOLIDATED EDISON INC,ED,4931,Electric & Other Services Combined,utilities,11,24300000000.0,2018-06-30,2019-02-21,0001047862-19-000035,10-K,366,130,190,223,8
2019-07-01,72903,XCEL ENERGY INC,"XEL,XELLL",4931,Electric & Other Services Combined,utilities,12,23246479826.0,2018-06-29,2019-02-22,0000072903-19-000010,10-K,367,129,197,214,8
2020-07-01,320193,Apple Inc.,AAPL,3571,Electronic Computers,tech,1,874698000000.0,2019-03-29,2019-10-31,0000320193-19-000119,10-K,460,244,1,3,8
2020-07-01,1018724,AMAZON COM INC,AMZN,5961,Retail-Catalog & Mail-Order Houses,consumer,1,786284080955.0,2019-06-30,2020-01-31,0001018724-20-000004,10-K,367,152,2,2,8
2020-07-01,789019,MICROSOFT CORP,MSFT,7372,Services-Prepackaged Software,tech,2,769600000000.0,2018-12-31,2019-08-01,0001564590-19-027952,10-K,548,335,3,1,8
2020-07-01,1652044,Alphabet Inc.,"GOOGL,GOOG,GOOGM,GOOGN",7370,"Services-Computer Programming, Data Processing, Etc.",tech,3,663000000000.0,2019-06-28,2020-02-04,0001652044-20-000008,10-K,369,148,4,4,8
2020-07-01,1326801,"Meta Platforms, Inc.",META,7370,"Services-Computer Programming, Data Processing, Etc.",tech,4,478000000000.0,2019-06-28,2020-01-30,0001326801-20-000013,10-K,369,153,5,5,8
2020-07-01,1067983,BERKSHIRE HATHAWAY INC,"BRK-B,BRK-A",6331,"Fire, Marine & Casualty Insurance",financials,1,417300000000.0,2019-06-30,2020-02-24,0001564590-20-005874,10-K,367,128,6,6,8
2020-07-01,200406,JOHNSON & JOHNSON,JNJ,2834,Pharmaceutical Preparations,healthcare,1,368000000000.0,2019-06-30,2020-02-18,0000200406-20-000010,10-K,367,134,7,8,8
2020-07-01,19617,JPMORGAN CHASE & CO,"JPM,JPM-PC,AMJB,JPM-PD,JPM-PJ,JPM-PK,JPM-PL,JPM-PM,VYLD",6021,National Commercial Banks,financials,2,354989423493.0,2019-06-30,2020-02-25,0000019617-20-000257,10-K,367,127,8,7,8
2020-07-01,34088,EXXON MOBIL CORP,,2911,Petroleum Refining,energy,1,324000000000.0,2019-06-28,2020-02-26,0000034088-20-000016,10-K,369,126,9,9,8
2020-07-01,1403161,VISA INC.,V,7389,"Services-Business Services, NEC",financials,3,272000000000.0,2019-03-29,2019-11-14,0001403161-19-000050,10-K,460,230,10,14,8
2020-07-01,70858,BANK OF AMERICA CORP /DE/,"BAC,BML-PG,BML-PL,BAC-PB,BAC-PK,BAC-PE,BAC-PL,BAC-PM,BAC-PN,BAC-PO,BAC-PP,BAC-PQ,BAC-PS,BACRP,BML-PH,BML-PJ,MER-PK",6021,National Commercial Banks,financials,4,270935450750.0,2019-06-30,2020-02-19,0000070858-20-000011,10-K,367,133,11,12,8
2020-07-01,732717,AT&T INC.,"T,TBB,T-PA,T-PC",4813,Telephone Communications (No Radiotelephone),utilities,1,245000000000.0,2019-06-30,2020-02-20,0001562762-20-000064,10-K,367,132,12,17,8
2020-07-01,78003,PFIZER INC,PFE,2834,Pharmaceutical Preparations,healthcare,2,241000000000.0,2019-06-30,2020-02-27,0000078003-20-000014,10-K,367,125,13,20,8
2020-07-01,732712,VERIZON COMMUNICATIONS INC,VZ,4813,Telephone Communications (No Radiotelephone),utilities,2,236226048492.0,2019-06-30,2020-02-21,0000732712-20-000014,10-K,367,131,14,21,8
2020-07-01,93410,CHEVRON CORP,CVX,2911,Petroleum Refining,energy,2,236200000000.0,2019-06-28,2020-02-21,0000093410-20-000010,10-K,369,131,15,19,8
2020-07-01,1141391,Mastercard Inc,MA,7389,"Services-Business Services, NEC",financials,5,235900000000.0,2019-06-28,2020-02-14,0001141391-20-000032,10-K,369,138,16,16,8
2020-07-01,354950,"HOME DEPOT, INC.",HD,5211,Retail-Lumber & Other Building Materials Dealers,consumer,2,232300000000.0,2019-08-04,2020-03-25,0000354950-20-000015,10-K,332,98,17,22,8
2020-07-01,731766,UNITEDHEALTH GROUP INC,UNH,6324,Hospital & Medical Service Plans,healthcare,3,229868010278.0,2019-06-28,2020-02-14,0000731766-20-000006,10-K,369,138,18,13,8
2020-07-01,21344,COCA COLA CO,KO,2080,Beverages,consumer,3,215914430571.0,2019-06-28,2020-02-24,0000021344-20-000006,10-K,369,128,19,23,8
2020-07-01,310158,"Merck & Co., Inc.",MRK,2834,Pharmaceutical Preparations,healthcare,4,215106000000.0,2019-06-30,2020-02-26,0000310158-20-000005,10-K,367,126,20,24,8
2020-07-01,50863,INTEL CORP,INTC,3674,Semiconductors & Related Devices,tech,5,212000000000.0,2019-06-29,2020-01-24,0000050863-20-000011,10-K,368,159,21,18,8
2020-07-01,72971,WELLS FARGO & COMPANY/MN,"WFC,WFC-PY,WFC-PL,WFC-PC,WFCNP,WFC-PA,WFC-PD,WFC-PZ",6021,National Commercial Banks,financials,6,208700000000.0,2019-06-28,2020-02-27,0000072971-20-000217,10-K,369,125,22,15,8
2020-07-01,12927,BOEING CO,"BA,BA-PA",3721,Aircraft,industrials,1,204800000000.0,2019-06-30,2020-01-31,0000012927-20-000014,10-K,367,152,23,26,8
2020-07-01,858877,"CISCO SYSTEMS, INC.",CSCO,3576,Computer Communications Equipment,tech,6,204000000000.0,2019-01-25,2019-09-05,0000858877-19-000012,10-K,523,300,24,25,8
2020-07-01,1166691,COMCAST CORP,"CMCSA,CCZ",4841,Cable & Other Pay Television Services,consumer,4,190526000000.0,2019-06-30,2020-01-30,0001166691-20-000008,10-K,367,153,25,30,8
2020-07-01,77476,PEPSICO INC,PEP,2080,Beverages,consumer,5,185400000000.0,2019-06-14,2020-02-13,0000077476-20-000015,10-K,383,139,26,31,8
2020-07-01,831001,CITIGROUP INC,"C,C-PN,C-PR",6021,National Commercial Banks,financials,7,158000000000.0,2019-06-30,2020-02-21,0000831001-20-000031,10-K,367,131,27,33,8
2020-07-01,63908,MCDONALDS CORP,MCD,5812,Retail-Eating  Places,consumer,6,157661991693.0,2019-06-28,2020-02-26,0000063908-20-000022,10-K,369,126,28,36,8
2020-07-01,1065280,NETFLIX INC,NFLX,7841,Services-Video Tape Rental,consumer,7,156930337748.0,2019-06-30,2020-01-29,0001065280-20-000040,10-K,367,154,29,29,8
2020-07-01,104169,Walmart Inc.,WMT,5331,Retail-Variety Stores,consumer,8,155125468742.0,2019-07-31,2020-03-20,0000104169-20-000011,10-K,336,103,30,37,8
2020-07-01,1666700,"DuPont de Nemours, Inc.",DD,2821,"Plastic Materials, Synth Resins & Nonvulcan Elastomers",materials_realestate,1,151800000000.0,2018-06-30,2019-02-11,0001666700-19-000006,10-K,732,506,31,38,8
2020-07-01,1800,ABBOTT LABORATORIES,ABT,2834,Pharmaceutical Preparations,healthcare,5,144956566468.0,2019-06-28,2020-02-21,0001104659-20-023904,10-K,369,131,32,35,8
2020-07-01,1613103,Medtronic plc,MDT,3845,Electromedical & Electrotherapeutic Apparatus,healthcare,6,141300000000.0,2019-10-25,2020-06-19,0001613103-20-000021,10-K,250,12,33,43,8
2020-07-01,1633917,"PayPal Holdings, Inc.",PYPL,7389,"Services-Business Services, NEC",financials,8,134500000000.0,2019-06-28,2020-02-06,0001633917-20-000028,10-K,369,146,34,27,8
2020-07-01,773840,HONEYWELL INTERNATIONAL INC,HON,3724,Aircraft Engines & Engine Parts,industrials,2,125600000000.0,2019-06-30,2020-02-14,0000773840-20-000009,10-K,367,138,35,51,8
2020-07-01,1730168,Broadcom Inc.,AVGO,3674,Semiconductors & Related Devices,tech,7,122700000000.0,2019-05-03,2019-12-20,0001730168-19-000144,10-K,425,194,36,53,8
2020-07-01,51143,INTERNATIONAL BUSINESS MACHINES CORP,IBM,3570,Computer & office Equipment,tech,8,122100000000.0,2019-06-30,2020-02-25,0001558370-20-001334,10-K,367,127,37,49,8
2020-07-01,1413329,Philip Morris International Inc.,PM,2111,Cigarettes,consumer,9,122000000000.0,2019-06-30,2020-02-07,0001413329-20-000007,10-K,367,145,38,50,8
2020-07-01,100885,UNION PACIFIC CORP,UNP,4011,"Railroads, Line-Haul Operating",industrials,3,119000000000.0,2019-06-28,2020-02-07,0000100885-20-000065,10-K,369,145,39,54,8
2020-07-01,97745,THERMO FISHER SCIENTIFIC INC.,TMO,3829,"Measuring & Controlling Devices, NEC",industrials,4,117442498000.0,2019-06-28,2020-02-26,0000097745-20-000009,10-K,369,126,40,46,8
2020-07-01,101829,RTX Corp,RTX,3724,Aircraft Engines & Engine Parts,industrials,5,112271798129.0,2019-06-30,2020-02-06,0000101829-20-000013,10-K,367,146,41,61,8
2020-07-01,318154,AMGEN INC,AMGN,2836,"Biological Products, (No Diagnostic Substances)",healthcare,7,110809019075.0,2019-06-30,2020-02-12,0000318154-20-000017,10-K,367,140,42,47,8
2020-07-01,1341439,ORACLE CORP,"ORCL,ORCL-PD",7372,Services-Prepackaged Software,tech,9,107880125000.0,2019-11-29,2020-06-22,0001564590-20-030125,10-K,215,9,43,63,8
2020-07-01,97476,TEXAS INSTRUMENTS INC,TXN,3674,Semiconductors & Related Devices,tech,10,107187939993.0,2019-06-30,2020-02-20,0000097476-20-000009,10-K,367,132,44,57,8
2020-07-01,1551152,AbbVie Inc.,ABBV,2834,Pharmaceutical Preparations,healthcare,8,106362457090.0,2019-06-30,2020-02-21,0001551152-20-000007,10-K,367,131,45,32,8
2020-07-01,1045810,NVIDIA CORP,NVDA,3674,Semiconductors & Related Devices,tech,11,102150000000.0,2019-07-26,2020-02-20,0001045810-20-000010,10-K,341,132,46,41,8
2020-07-01,936468,LOCKHEED MARTIN CORP,LMT,3760,Guided Missiles & Space Vehicles & Parts,industrials,6,102100000000.0,2019-06-28,2020-02-07,0000936468-20-000016,10-K,369,145,47,66,8
2020-07-01,320187,"NIKE, Inc.",NKE,3021,Rubber & Plastics Footwear,consumer,10,99950872130.0,2018-11-30,2019-07-23,0000320187-19-000051,10-K,579,344,48,52,8
2020-07-01,753308,NEXTERA ENERGY INC,"NEE,NEE-PN,NEE-PS,NEE-PT,NEE-PU,NEE-PV,NEE-PW",4911,Electric Services,utilities,3,97905404884.0,2019-06-28,2020-02-14,0000753308-20-000021,10-K,369,138,49,55,8
2020-07-01,59478,ELI LILLY & Co,LLY,2834,Pharmaceutical Preparations,healthcare,9,93167000000.0,2019-06-30,2020-02-19,0000059478-20-000057,10-K,367,133,50,45,8
2020-07-01,1108524,"Salesforce, Inc.",CRM,7372,Services-Prepackaged Software,tech,12,92700000000.0,2019-07-31,2020-03-05,0001108524-20-000014,10-K,336,118,51,70,8
2020-07-01,66740,3M CO,MMM,3841,Surgical & Medical Instruments & Apparatus,healthcare,10,91300000000.0,2020-01-31,2020-02-06,0001558370-20-000581,10-K,152,146,52,58,8
2020-07-01,313616,DANAHER CORP /DE/,DHR,3823,"Industrial Instruments For Measurement, Display, and Control",industrials,7,91100000000.0,2019-06-28,2020-02-21,0000313616-20-000041,10-K,369,131,53,71,8
2020-07-01,1053507,AMERICAN TOWER CORP /MA/,AMT,6798,Real Estate Investment Trusts,materials_realestate,2,89900000000.0,2019-06-30,2020-02-25,0001053507-20-000028,10-K,367,127,54,60,8
2020-07-01,829224,STARBUCKS CORP,SBUX,5810,Retail-Eating & Drinking Places,consumer,11,89800000000.0,2019-03-31,2019-11-15,0000829224-19-000051,10-K,458,229,55,72,8
2020-07-01,764180,"ALTRIA GROUP, INC.",MO,2111,Cigarettes,consumer,12,88000000000.0,2019-06-30,2020-05-19,0000764180-20-000055,10-K/A,367,43,56,64,8
2020-07-01,36104,US BANCORP \DE\,"USB,USB-PA,USB-PH,USB-PP,USB-PQ,USB-PR,USB-PS",6021,National Commercial Banks,financials,9,83000000000.0,2019-06-30,2020-02-20,0001193125-20-043622,10-K,367,132,57,74,8
2020-07-01,1075531,Booking Holdings Inc.,BKNG,4700,Transportation Services,industrials,8,80000000000.0,2019-06-30,2020-02-26,0001075531-20-000011,10-K,367,126,58,68,8
2020-07-01,18230,CATERPILLAR INC,CAT,3531,Construction Machinery & Equip,industrials,9,76800000000.0,2019-06-30,2020-02-19,0000018230-20-000056,10-K,367,133,59,78,8
2020-07-01,1103982,"Mondelez International, Inc.",MDLZ,2000,Food and Kindred Products,consumer,13,76700000000.0,2019-06-30,2020-02-07,0001103982-20-000003,10-K,367,145,60,86,8
2020-07-01,14272,BRISTOL MYERS SQUIBB CO,"BMY,CELG-RI",2834,Pharmaceutical Preparations,healthcare,11,74102479936.0,2019-06-30,2020-02-24,0000014272-20-000082,10-K,367,128,61,48,8
2020-07-01,886982,GOLDMAN SACHS GROUP INC,"GS,GSCE,GS-PA,GS-PC,GS-PD",6211,"Security Brokers, Dealers & Flotation Companies",financials,10,73400000000.0,2019-06-30,2020-02-21,0001193125-20-043853,10-K,367,131,62,76,8
2020-07-01,895728,ENBRIDGE INC,"ENB,EBBNF,EBBGF,EBGEF,EBRGF,EBRZF,ENBFF,ENBGF,ENBHF,ENBMF,ENBNF,ENBOF,ENBRF,ENBSF,ENFFF,ENNPF",4610,Pipe Lines (No Natural Gas),energy,3,73100000000.0,2019-06-30,2020-03-09,0001193125-20-067327,10-K/A,367,114,63,90,8
2020-07-01,1156039,"Elevance Health, Inc.",ELV,6324,Hospital & Medical Service Plans,healthcare,12,72160040688.0,2019-06-28,2020-02-19,0001156039-20-000003,10-K,369,133,64,91,8
2020-07-01,1090727,UNITED PARCEL SERVICE INC,UPS,4210,Trucking & Courier Services (No Air),industrials,10,72097367231.0,2019-06-30,2020-02-20,0001090727-20-000005,10-K,367,132,65,85,8
2020-07-01,1364742,"BlackRock Finance, Inc.",,6211,"Security Brokers, Dealers & Flotation Companies",financials,11,71900000000.0,2019-06-30,2020-02-28,0001564590-20-007807,10-K,367,124,66,77,8
2020-07-01,310764,STRYKER CORP,SYK,3841,Surgical & Medical Instruments & Apparatus,healthcare,13,71863352935.0,2019-06-30,2020-02-06,0000310764-20-000014,10-K,367,146,67,92,8
2020-07-01,895421,MORGAN STANLEY,"MS,MS-PK,MS-PE,MS-PA,MS-PF,MS-PI,MS-PL,MS-PO,MS-PP,MS-PQ",6211,"Security Brokers, Dealers & Flotation Companies",financials,12,69733657018.0,2019-06-30,2020-02-27,0000895421-20-000265,10-K,367,125,69,83,8
2020-07-01,804328,QUALCOMM INC/DE,QCOM,3663,Radio & Tv Broadcasting & Communications Equipment,tech,13,69171646680.0,2019-09-29,2019-11-06,0001728949-19-000072,10-K,276,238,70,81,8
2020-07-01,1156375,CME GROUP INC.,CME,6200,"Security & Commodity Brokers, Dealers, Exchanges & Services",financials,13,68500000000.0,2019-06-30,2020-02-28,0001156375-20-000013,10-K,367,124,71,98,8
2020-07-01,1163165,CONOCOPHILLIPS,COP,2911,Petroleum Refining,energy,4,67700000000.0,2019-06-28,2020-02-18,0001193125-20-039954,10-K,369,134,72,79,8
2020-07-01,715957,"DOMINION ENERGY, INC",D,4911,Electric Services,utilities,4,62000000000.0,2019-06-30,2020-02-28,0001193125-20-054469,10-K,367,124,77,99,8
2020-07-01,92122,SOUTHERN CO,"SO,SOJC,SOJD,SOJE,SOJF,SOMN",4911,Electric Services,utilities,5,57800000000.0,2019-06-28,2020-02-20,0000092122-20-000017,10-K,369,132,81,117,8
2020-07-01,64040,S&P Global Inc.,SPGI,7320,"Services-Consumer Credit Reporting, Collection Agencies",industrials,11,56100000000.0,2019-06-30,2020-02-10,0000064040-20-000055,10-K,367,142,84,82,8
2020-07-01,87347,SLB LIMITED/NV,SLB,1389,"Oil & Gas Field Services, NEC",energy,5,54890000000.0,2019-06-30,2020-01-22,0001564590-20-001578,10-K,367,161,85,69,8
2020-07-01,1133421,NORTHROP GRUMMAN CORP /DE/,NOC,3812,"Search, Detection, Navigation, Guidance, Aeronautical Sys",industrials,12,54500000000.0,2019-06-30,2020-01-30,0001133421-20-000006,10-K,367,153,88,127,8
2020-07-01,821189,EOG RESOURCES INC,EOG,1311,Crude Petroleum & Natural Gas,energy,6,54011000000.0,2019-06-30,2020-02-27,0000821189-20-000010,10-K,367,125,90,93,8
2020-07-01,1051470,CROWN CASTLE INC.,CCI,6798,Real Estate Investment Trusts,materials_realestate,3,54000000000.0,2019-12-31,2020-03-10,0001051470-20-000077,10-K,183,113,91,95,8
2020-07-01,1045609,"Prologis, Inc.","PLD,PLDGP",6798,Real Estate Investment Trusts,materials_realestate,4,50236866166.0,2019-06-30,2020-02-11,0001564590-20-004096,10-K,367,141,97,97,8
2020-07-01,1063761,SIMON PROPERTY GROUP INC.,"SPG,SPG-PJ",6798,Real Estate Investment Trusts,materials_realestate,5,48849000000.0,2019-06-30,2020-02-21,0001558370-20-001135,10-K,367,131,99,134,8
2020-07-01,823768,WASTE MANAGEMENT INC,WM,4953,Refuse Systems,utilities,6,48800000000.0,2019-06-30,2020-02-13,0001558370-20-000762,10-K,367,139,100,146,8
2020-07-01,1109357,EXELON CORP,EXC,4931,Electric & Other Services Combined,utilities,7,46542193363.0,2019-06-30,2020-02-11,0001109357-20-000053,10-K,367,141,105,151,8
2020-07-01,55785,KIMBERLY CLARK CORP,KMB,2670,Converted Paper & Paperboard Prods (No Contaners/Boxes),materials_realestate,6,45900000000.0,2019-06-30,2020-02-13,0000055785-20-000016,10-K,367,139,109,148,8
2020-07-01,797468,OCCIDENTAL PETROLEUM CORP /DE/,"OXY,OXY-WT",1311,Crude Petroleum & Natural Gas,energy,7,45000000000.0,2019-06-28,2020-02-28,0000797468-20-000004,10-K,369,124,112,105,8
2020-07-01,4904,AMERICAN ELECTRIC POWER CO INC,AEP,4911,Electric Services,utilities,8,43491855142.0,2019-12-31,2020-02-20,0000004904-20-000007,10-K,183,132,113,161,8
2020-07-01,1061219,ENTERPRISE PRODUCTS PARTNERS L.P.,"EPD,EPDU",4922,Natural Gas Transmission,energy,8,43040000000.0,2019-06-28,2020-02-28,0001061219-20-000014,10-K,369,124,114,164,8
2020-07-01,1101239,EQUINIX INC,EQIX,6798,Real Estate Investment Trusts,materials_realestate,7,42800000000.0,2019-06-30,2020-02-21,0001628280-20-001947,10-K,367,131,116,110,8
2020-07-01,2969,"Air Products & Chemicals, Inc.",APD,2810,Industrial Inorganic Chemicals,materials_realestate,8,42000000000.0,2019-03-29,2019-11-26,0000002969-19-000051,10-K,460,218,119,160,8
2020-07-01,1534701,Phillips 66,PSX,2911,Petroleum Refining,energy,9,41900000000.0,2019-06-28,2020-02-21,0001534701-20-000070,10-K,369,131,120,136,8
2020-07-01,1506307,"KINDER MORGAN, INC.","KMI,EP-PC",4922,Natural Gas Transmission,energy,10,40707308596.0,2019-06-28,2020-02-12,0001506307-20-000022,10-K,369,140,125,169,8
2020-07-01,1032208,SEMPRA,"SRE,SREA",4932,Gas & Other Services Combined,utilities,9,37700000000.0,2019-06-30,2020-02-27,0001032208-20-000006,10-K,367,125,135,183,8
2020-07-01,1510295,Marathon Petroleum Corp,MPC,2911,Petroleum Refining,energy,11,36700000000.0,2019-06-30,2020-02-28,0001510295-20-000006,10-K,367,124,139,188,8
2020-07-01,1035002,VALERO ENERGY CORP/TX,VLO,2911,Petroleum Refining,energy,12,35500000000.0,2019-06-28,2020-02-26,0001035002-20-000007,10-K,369,126,144,149,8
2020-07-01,766704,WELLTOWER INC.,WELL,6798,Real Estate Investment Trusts,materials_realestate,9,32986689000.0,2019-06-30,2020-02-14,0000766704-20-000015,10-K,367,138,155,210,8
2020-07-01,1164727,NEWMONT Corp /DE/,"NEM,NEMCL",1040,Gold and Silver Ores,materials_realestate,10,31446331094.0,2019-06-30,2020-02-20,0001558370-20-001041,10-K,367,132,163,143,8
2020-07-01,72903,XCEL ENERGY INC,"XEL,XELLL",4931,Electric & Other Services Combined,utilities,10,30629347167.0,2019-06-28,2020-02-21,0000072903-20-000011,10-K,369,131,165,212,8
2020-07-01,788784,PUBLIC SERVICE ENTERPRISE GROUP INC,PEG,4931,Electric & Other Services Combined,utilities,11,29513402185.0,2019-06-30,2020-02-26,0000788784-20-000004,10-K,367,126,171,225,8
2020-07-01,1047862,CONSOLIDATED EDISON INC,ED,4931,Electric & Other Services Combined,utilities,12,29100000000.0,2019-06-30,2020-02-20,0001047862-20-000041,10-K,367,132,172,226,8
2020-07-01,915912,AVALONBAY COMMUNITIES INC,AVB,6798,Real Estate Investment Trusts,materials_realestate,11,28279444401.0,2019-06-30,2020-02-21,0000915912-20-000004,10-K,367,131,175,231,8
2020-07-01,906107,VIVMARK RESIDENTIAL,VMRK,6798,Real Estate Investment Trusts,materials_realestate,12,27900000000.0,2019-06-30,2020-02-20,0001564590-20-005562,10-K,367,132,179,234,8
2021-07-01,789019,MICROSOFT CORP,MSFT,7372,Services-Prepackaged Software,tech,1,1200000000000.0,2019-12-31,2020-07-30,0001564590-20-034944,10-K,548,336,1,2,8
2021-07-01,1018724,AMAZON COM INC,AMZN,5961,Retail-Catalog & Mail-Order Houses,consumer,1,1174367787295.0,2020-06-30,2021-02-03,0001018724-21-000004,10-K,366,148,2,3,8
2021-07-01,320193,Apple Inc.,AAPL,3571,Electronic Computers,tech,2,1070633000000.0,2020-03-27,2020-10-30,0000320193-20-000096,10-K,461,244,3,1,8
2021-07-01,1652044,Alphabet Inc.,"GOOGL,GOOG,GOOGM,GOOGN",7370,"Services-Computer Programming, Data Processing, Etc.",tech,3,849700000000.0,2020-06-30,2021-02-03,0001652044-21-000010,10-K,366,148,4,4,8
2021-07-01,1326801,"Meta Platforms, Inc.",META,7370,"Services-Computer Programming, Data Processing, Etc.",tech,4,563000000000.0,2020-06-30,2021-01-28,0001326801-21-000014,10-K,366,154,5,6,8
2021-07-01,19617,JPMORGAN CHASE & CO,"JPM,JPM-PC,AMJB,JPM-PD,JPM-PJ,JPM-PK,JPM-PL,JPM-PM,VYLD",6021,National Commercial Banks,financials,1,383953778298.0,2020-06-30,2021-02-23,0000019617-21-000236,10-K,366,128,6,9,8
2021-07-01,200406,JOHNSON & JOHNSON,JNJ,2834,Pharmaceutical Preparations,healthcare,1,363000000000.0,2020-06-28,2021-02-22,0000200406-21-000008,10-K,368,129,7,12,8
2021-07-01,1067983,BERKSHIRE HATHAWAY INC,"BRK-B,BRK-A",6331,"Fire, Marine & Casualty Insurance",financials,2,336500000000.0,2020-06-30,2021-03-01,0001564590-21-009611,10-K,366,122,8,8,8
2021-07-01,80424,PROCTER & GAMBLE Co,PG,2840,"Soap, Detergents, Cleang Preparations, Perfumes, Cosmetics",consumer,2,304000000000.0,2019-12-31,2020-08-07,0000080424-20-000059,10-K/A,548,328,9,17,8
2021-07-01,354950,"HOME DEPOT, INC.",HD,5211,Retail-Lumber & Other Building Materials Dealers,consumer,3,285600000000.0,2020-07-31,2021-03-24,0000354950-21-000089,10-K,335,99,10,20,8
2021-07-01,731766,UNITEDHEALTH GROUP INC,UNH,6324,Hospital & Medical Service Plans,healthcare,2,281771756077.0,2020-06-30,2021-03-01,0000731766-21-000013,10-K,366,122,11,11,8
2021-07-01,1403161,VISA INC.,V,7389,"Services-Business Services, NEC",financials,3,272700000000.0,2020-03-31,2020-11-19,0001403161-20-000070,10-K,457,224,12,13,8
2021-07-01,1141391,Mastercard Inc,MA,7389,"Services-Business Services, NEC",financials,4,261300000000.0,2020-06-30,2021-02-12,0001141391-21-000018,10-K,366,139,13,19,8
2021-07-01,50863,INTEL CORP,INTC,3674,Semiconductors & Related Devices,tech,5,244500000000.0,2020-06-26,2021-01-22,0000050863-21-000010,10-K,370,160,14,23,8
2021-07-01,1045810,NVIDIA CORP,NVDA,3674,Semiconductors & Related Devices,tech,6,241210000000.0,2020-07-24,2021-02-26,0001045810-21-000010,10-K,342,125,15,24,8
2021-07-01,732712,VERIZON COMMUNICATIONS INC,VZ,4813,Telephone Communications (No Radiotelephone),utilities,1,228143965409.0,2020-06-30,2021-02-25,0000732712-21-000012,10-K,366,126,16,26,8
2021-07-01,732717,AT&T INC.,"T,TBB,T-PA,T-PC",4813,Telephone Communications (No Radiotelephone),utilities,2,215000000000.0,2020-06-30,2021-02-25,0000732717-21-000012,10-K,366,126,17,22,8
2021-07-01,858877,"CISCO SYSTEMS, INC.",CSCO,3576,Computer Communications Equipment,tech,7,207100000000.0,2020-01-24,2020-09-03,0000858877-20-000010,10-K,524,301,18,33,8
2021-07-01,70858,BANK OF AMERICA CORP /DE/,"BAC,BML-PG,BML-PL,BAC-PB,BAC-PK,BAC-PE,BAC-PL,BAC-PM,BAC-PN,BAC-PO,BAC-PP,BAC-PQ,BAC-PS,BACRP,BML-PH,BML-PJ,MER-PK",6021,National Commercial Banks,financials,5,205771938594.0,2020-06-30,2021-02-24,0000070858-21-000023,10-K,366,127,19,14,8
2021-07-01,1633917,"PayPal Holdings, Inc.",PYPL,7389,"Services-Business Services, NEC",financials,6,204200000000.0,2020-06-30,2021-02-05,0001633917-21-000018,10-K,366,146,20,16,8
2021-07-01,1065280,NETFLIX INC,NFLX,7841,Services-Video Tape Rental,consumer,4,196932116552.0,2020-06-30,2021-01-28,0001065280-21-000040,10-K,366,154,21,28,8
2021-07-01,310158,"Merck & Co., Inc.",MRK,2834,Pharmaceutical Preparations,healthcare,3,195461000000.0,2020-06-30,2021-02-25,0000310158-21-000004,10-K,366,126,22,31,8
2021-07-01,34088,EXXON MOBIL CORP,,2911,Petroleum Refining,energy,1,189000000000.0,2020-06-30,2021-02-24,0000034088-21-000012,10-K,366,127,23,18,8
2021-07-01,21344,COCA COLA CO,KO,2080,Beverages,consumer,5,185656336397.0,2020-06-26,2021-02-25,0000021344-21-000008,10-K,370,126,24,30,8
2021-07-01,104169,Walmart Inc.,WMT,5331,Retail-Variety Stores,consumer,6,182886052366.0,2020-07-31,2021-03-19,0000104169-21-000033,10-K,335,104,25,39,8
2021-07-01,77476,PEPSICO INC,PEP,2080,Beverages,consumer,7,178500000000.0,2020-06-12,2021-02-11,0000077476-21-000007,10-K,384,140,26,29,8
2021-07-01,1166691,COMCAST CORP,"CMCSA,CCZ",4841,Cable & Other Pay Television Services,consumer,8,176648000000.0,2020-06-30,2021-02-04,0001166691-21-000008,10-K,366,147,27,21,8
2021-07-01,1744489,Walt Disney Co,DIS,7990,Services-Miscellaneous Amusement & Recreation,consumer,9,174000000000.0,2020-03-28,2020-11-25,0001744489-20-000197,10-K,460,218,28,15,8
2021-07-01,1551152,AbbVie Inc.,ABBV,2834,Pharmaceutical Preparations,healthcare,4,171597270533.0,2020-06-30,2021-02-19,0001551152-21-000008,10-K,366,132,29,36,8
2021-07-01,78003,PFIZER INC,PFE,2834,Pharmaceutical Preparations,healthcare,5,169000000000.0,2020-06-28,2021-02-25,0000078003-21-000038,10-K,368,126,30,25,8
2021-07-01,93410,CHEVRON CORP,CVX,2911,Petroleum Refining,energy,2,166600000000.0,2020-06-30,2021-02-25,0000093410-21-000009,10-K,366,126,31,27,8
2021-07-01,1318605,"Tesla, Inc.",TSLA,3711,Motor Vehicles & Passenger Car Bodies,consumer,10,160570000000.0,2020-06-30,2021-04-30,0001564590-21-022604,10-K/A,366,62,32,7,8
2021-07-01,1800,ABBOTT LABORATORIES,ABT,2834,Pharmaceutical Preparations,healthcare,6,157956823602.0,2020-06-30,2021-02-19,0001104659-21-025751,10-K,366,132,33,35,8
2021-07-01,1108524,"Salesforce, Inc.",CRM,7372,Services-Prepackaged Software,tech,8,139600000000.0,2020-07-31,2021-03-17,0001108524-21-000014,10-K,335,106,34,57,8
2021-07-01,59478,ELI LILLY & Co,LLY,2834,Pharmaceutical Preparations,healthcare,7,138907000000.0,2020-06-30,2021-02-17,0000059478-21-000083,10-K,366,134,35,37,8
2021-07-01,97745,THERMO FISHER SCIENTIFIC INC.,TMO,3829,"Measuring & Controlling Devices, NEC",industrials,1,138639543000.0,2020-06-26,2021-02-25,0000097745-21-000011,10-K,370,126,36,58,8
2021-07-01,318154,AMGEN INC,AMGN,2836,"Biological Products, (No Diagnostic Substances)",healthcare,8,138056968288.0,2020-06-30,2021-02-09,0000318154-21-000010,10-K,366,142,37,59,8
2021-07-01,63908,MCDONALDS CORP,MCD,5812,Retail-Eating  Places,consumer,11,137233144378.0,2020-06-30,2021-02-23,0000063908-21-000013,10-K,366,128,38,43,8
2021-07-01,1613103,Medtronic plc,MDT,3845,Electromedical & Electrotherapeutic Apparatus,healthcare,9,135300000000.0,2020-10-30,2021-06-25,0001613103-21-000027,10-K,244,6,39,56,8
2021-07-01,14272,BRISTOL MYERS SQUIBB CO,"BMY,CELG-RI",2834,Pharmaceutical Preparations,healthcare,10,132442510032.0,2020-06-30,2021-02-10,0000014272-21-000066,10-K,366,141,40,53,8
2021-07-01,320187,"NIKE, Inc.",NKE,3021,Rubber & Plastics Footwear,consumer,12,123844132290.0,2019-11-30,2020-07-24,0000320187-20-000047,10-K,579,342,41,41,8
2021-07-01,753308,NEXTERA ENERGY INC,"NEE,NEE-PN,NEE-PS,NEE-PT,NEE-PU,NEE-PV,NEE-PW",4911,Electric Services,utilities,3,117405158883.0,2020-06-30,2021-02-12,0000753308-21-000014,10-K,366,139,42,54,8
2021-07-01,97476,TEXAS INSTRUMENTS INC,TXN,3674,Semiconductors & Related Devices,tech,9,116120360680.0,2020-06-30,2021-02-05,0000097476-21-000006,10-K,366,146,43,42,8
2021-07-01,1053507,AMERICAN TOWER CORP /MA/,AMT,6798,Real Estate Investment Trusts,materials_realestate,1,114300000000.0,2020-06-30,2021-02-25,0001053507-21-000026,10-K,366,126,44,67,8
2021-07-01,100885,UNION PACIFIC CORP,UNP,4011,"Railroads, Line-Haul Operating",industrials,2,113500000000.0,2020-06-30,2021-02-05,0000100885-21-000068,10-K,366,146,45,55,8
2021-07-01,313616,DANAHER CORP /DE/,DHR,3823,"Industrial Instruments For Measurement, Display, and Control",industrials,3,113200000000.0,2020-07-03,2021-02-25,0000313616-21-000045,10-K,363,126,46,73,8
2021-07-01,60667,LOWES COMPANIES INC,LOW,5211,Retail-Lumber & Other Building Materials Dealers,consumer,13,112500000000.0,2020-07-31,2021-03-22,0000060667-21-000026,10-K,335,101,47,74,8
2021-07-01,1707925,LINDE PLC,LIN,2810,Industrial Inorganic Chemicals,materials_realestate,2,111000000000.0,2020-06-30,2021-03-01,0001628280-21-003574,10-K,366,122,48,52,8
2021-07-01,51143,INTERNATIONAL BUSINESS MACHINES CORP,IBM,3570,Computer & office Equipment,tech,10,107500000000.0,2020-06-30,2021-02-23,0001558370-21-001489,10-K,366,128,50,61,8
2021-07-01,831001,CITIGROUP INC,"C,C-PN,C-PR",6021,National Commercial Banks,financials,7,106200000000.0,2020-06-30,2021-02-26,0000831001-21-000042,10-K,366,125,51,46,8
2021-07-01,72971,WELLS FARGO & COMPANY/MN,"WFC,WFC-PY,WFC-PL,WFC-PC,WFCNP,WFC-PA,WFC-PD,WFC-PZ",6021,National Commercial Banks,financials,8,105200000000.0,2020-06-30,2021-02-23,0000072971-21-000197,10-K,366,128,52,32,8
2021-07-01,12927,BOEING CO,"BA,BA-PA",3721,Aircraft,industrials,4,103500000000.0,2020-06-30,2021-02-01,0000012927-21-000011,10-K,366,150,53,34,8
2021-07-01,1730168,Broadcom Inc.,AVGO,3674,Semiconductors & Related Devices,tech,11,101800000000.0,2020-05-01,2020-12-18,0001730168-20-000226,10-K,426,195,54,40,8
2021-07-01,66740,3M CO,MMM,3841,Surgical & Medical Instruments & Apparatus,healthcare,11,101700000000.0,2021-01-31,2021-02-04,0001558370-21-000737,10-K,151,147,55,72,8
2021-07-01,936468,LOCKHEED MARTIN CORP,LMT,3760,Guided Missiles & Space Vehicles & Parts,industrials,5,99300000000.0,2020-06-26,2021-01-28,0000936468-21-000013,10-K,370,154,56,78,8
2021-07-01,773840,HONEYWELL INTERNATIONAL INC,HON,3724,Aircraft Engines & Engine Parts,industrials,6,97000000000.0,2020-06-30,2021-02-12,0000773840-21-000015,10-K,366,139,57,49,8
2021-07-01,1341439,ORACLE CORP,"ORCL,ORCL-PD",7372,Services-Prepackaged Software,tech,12,96373328000.0,2020-11-30,2021-06-21,0001564590-21-033616,10-K,213,10,58,77,8
2021-07-01,101829,RTX Corp,RTX,3724,Aircraft Engines & Engine Parts,industrials,7,93495749819.0,2020-06-30,2021-02-08,0000101829-21-000008,10-K,366,143,59,64,8
2021-07-01,1136893,"Fidelity National Information Services, Inc.",FIS,7389,"Services-Business Services, NEC",financials,9,82928591927.0,2020-06-30,2021-02-18,0001136893-21-000025,10-K,366,133,61,91,8
2021-07-01,1364742,"BlackRock Finance, Inc.",,6211,"Security Brokers, Dealers & Flotation Companies",financials,10,81900000000.0,2020-06-30,2021-02-25,0001564590-21-008796,10-K,366,126,62,60,8
2021-07-01,64040,S&P Global Inc.,SPGI,7320,"Services-Consumer Credit Reporting, Collection Agencies",industrials,8,79400000000.0,2020-06-30,2021-02-09,0000064040-21-000063,10-K,366,142,63,80,8
2021-07-01,1090727,UNITED PARCEL SERVICE INC,UPS,4210,Trucking & Courier Services (No Air),industrials,9,78510244191.0,2020-06-30,2021-02-22,0001090727-21-000013,10-K,366,129,64,50,8
2021-07-01,804328,QUALCOMM INC/DE,QCOM,3663,Radio & Tv Broadcasting & Communications Equipment,tech,13,74900000000.0,2020-03-27,2020-11-04,0001728949-20-000067,10-K,461,239,67,51,8
2021-07-01,875320,VERTEX PHARMACEUTICALS INC / MA,VRTX,2834,Pharmaceutical Preparations,healthcare,12,74800000000.0,2020-06-30,2021-02-11,0000875320-21-000006,10-K,366,140,68,107,8
2021-07-01,895421,MORGAN STANLEY,"MS,MS-PK,MS-PE,MS-PA,MS-PF,MS-PI,MS-PL,MS-PO,MS-PP,MS-PQ",6211,"Security Brokers, Dealers & Flotation Companies",financials,11,73070017178.0,2020-06-30,2021-02-26,0000895421-21-000286,10-K,366,125,70,44,8
2021-07-01,882095,"GILEAD SCIENCES, INC.",GILD,2836,"Biological Products, (No Diagnostic Substances)",healthcare,13,69900000000.0,2020-06-30,2021-02-25,0000882095-21-000008,10-K,366,126,73,118,8
2021-07-01,1051470,CROWN CASTLE INC.,CCI,6798,Real Estate Investment Trusts,materials_realestate,3,69400000000.0,2020-06-30,2021-02-22,0001051470-21-000031,10-K,366,129,74,96,8
2021-07-01,1045609,"Prologis, Inc.","PLD,PLDGP",6798,Real Estate Investment Trusts,materials_realestate,4,68586769164.0,2020-06-30,2021-02-11,0001564590-21-005312,10-K,366,140,76,90,8
2021-07-01,715957,"DOMINION ENERGY, INC",D,4911,Electric Services,utilities,4,68000000000.0,2020-06-30,2021-02-25,0001564590-21-008442,10-K,366,126,77,122,8
2021-07-01,18230,CATERPILLAR INC,CAT,3531,Construction Machinery & Equip,industrials,10,67900000000.0,2020-06-30,2021-02-17,0000018230-21-000063,10-K,366,134,78,69,8
2021-07-01,886982,GOLDMAN SACHS GROUP INC,"GS,GSCE,GS-PA,GS-PC,GS-PD",6211,"Security Brokers, Dealers & Flotation Companies",financials,12,67600000000.0,2020-06-30,2021-02-22,0001193125-21-049380,10-K,366,129,79,65,8
2021-07-01,798354,FISERV INC,FISV,7389,"Services-Business Services, NEC",financials,13,65119434315.0,2020-06-30,2021-02-26,0000798354-21-000004,10-K,366,125,82,115,8
2021-07-01,1075531,Booking Holdings Inc.,BKNG,4700,Transportation Services,industrials,11,65000000000.0,2020-06-30,2021-02-24,0001075531-21-000019,10-K,366,127,84,87,8
2021-07-01,1101239,EQUINIX INC,EQIX,6798,Real Estate Investment Trusts,materials_realestate,5,62200000000.0,2020-06-30,2021-02-19,0001628280-21-002563,10-K,366,132,91,111,8
2021-07-01,895728,ENBRIDGE INC,"ENB,EBBNF,EBBGF,EBGEF,EBRGF,EBRZF,ENBFF,ENBGF,ENBHF,ENBMF,ENBNF,ENBOF,ENBRF,ENBSF,ENFFF,ENNPF",4610,Pipe Lines (No Natural Gas),energy,3,59200000000.0,2020-06-30,2021-03-08,0001193125-21-073298,10-K/A,366,115,92,104,8
2021-07-01,49826,ILLINOIS TOOL WORKS INC,ITW,3560,General Industrial Machinery & Equipment,industrials,12,55100000000.0,2020-06-30,2021-02-12,0000049826-21-000007,10-K,366,139,100,117,8
2021-07-01,92122,SOUTHERN CO,"SO,SOJC,SOJD,SOJE,SOJF,SOMN",4911,Electric Services,utilities,5,54800000000.0,2020-06-30,2021-02-18,0000092122-21-000006,10-K,366,133,101,128,8
2021-07-01,1164727,NEWMONT Corp /DE/,"NEM,NEMCL",1040,Gold and Silver Ores,materials_realestate,6,49521911826.0,2020-06-30,2021-02-18,0001164727-21-000027,10-K,366,133,114,162,8
2021-07-01,55785,KIMBERLY CLARK CORP,KMB,2670,Converted Paper & Paperboard Prods (No Contaners/Boxes),materials_realestate,7,48200000000.0,2020-06-30,2021-02-11,0000055785-21-000016,10-K,366,140,116,169,8
2021-07-01,1163165,CONOCOPHILLIPS,COP,2911,Petroleum Refining,energy,4,45100000000.0,2020-06-30,2021-02-16,0001562762-21-000027,10-K,366,135,120,99,8
2021-07-01,823768,WASTE MANAGEMENT INC,WM,4953,Refuse Systems,utilities,6,44700000000.0,2020-06-30,2021-02-22,0001558370-21-001348,10-K,366,129,124,136,8
2021-07-01,2969,"Air Products & Chemicals, Inc.",APD,2810,Industrial Inorganic Chemicals,materials_realestate,8,44000000000.0,2020-03-31,2020-11-19,0000002969-20-000049,10-K,457,224,127,133,8
2021-07-01,1283699,"T-Mobile US, Inc.","TMUS,TMUSI,TMUSL,TMUSZ",4812,Radiotelephone Communications,utilities,7,40700000000.0,2020-06-30,2021-02-23,0001283699-21-000039,10-K,366,128,132,92,8
2021-07-01,4904,AMERICAN ELECTRIC POWER CO INC,AEP,4911,Electric Services,utilities,8,39549558010.0,2020-12-31,2021-02-25,0000004904-21-000010,10-K,182,126,134,185,8
2021-07-01,1666700,"DuPont de Nemours, Inc.",DD,2821,"Plastic Materials, Synth Resins & Nonvulcan Elastomers",materials_realestate,9,39000000000.0,2020-06-30,2021-02-12,0001666700-21-000005,10-K,366,139,137,199,8
2021-07-01,1297996,"DIGITAL REALTY TRUST, INC.","DLR,DLR-PK,DLR-PJ,DLR-PL",6798,Real Estate Investment Trusts,materials_realestate,10,38000000000.0,2020-06-30,2021-03-01,0001558370-21-002191,10-K,366,122,140,194,8
2021-07-01,1109357,EXELON CORP,EXC,4931,Electric & Other Services Combined,utilities,9,35402501369.0,2020-06-30,2021-02-24,0001109357-21-000022,10-K,366,127,148,172,8
2021-07-01,1032208,SEMPRA,"SRE,SREA",4932,Gas & Other Services Combined,utilities,10,34300000000.0,2020-06-30,2021-02-25,0001032208-21-000007,10-K,366,126,152,196,8
2021-07-01,1034054,SBA COMMUNICATIONS CORP,SBAC,6798,Real Estate Investment Trusts,materials_realestate,11,33000000000.0,2020-06-30,2021-02-25,0001034054-21-000003,10-K,366,126,156,237,8
2021-07-01,72903,XCEL ENERGY INC,"XEL,XELLL",4931,Electric & Other Services Combined,utilities,11,32825311125.0,2020-06-30,2021-02-17,0000072903-21-000012,10-K,366,134,157,228,8
2021-07-01,1534701,Phillips 66,PSX,2911,Petroleum Refining,energy,5,31300000000.0,2020-06-30,2021-02-24,0001534701-21-000074,10-K,366,127,160,195,8
2021-07-01,1751788,DOW INC.,DOW,2821,"Plastic Materials, Synth Resins & Nonvulcan Elastomers",materials_realestate,12,29600000000.0,2020-06-30,2021-02-05,0001751788-21-000010,10-K,366,146,163,171,8
2021-07-01,1506307,"KINDER MORGAN, INC.","KMI,EP-PC",4922,Natural Gas Transmission,energy,6,29459747400.0,2020-06-30,2021-02-05,0001506307-21-000022,10-K,366,146,165,202,8
2021-07-01,821189,EOG RESOURCES INC,EOG,1311,Crude Petroleum & Natural Gas,energy,7,29444000000.0,2020-06-30,2021-02-25,0000821189-21-000017,10-K,366,126,166,146,8
2021-07-01,72741,EVERSOURCE ENERGY,ES,4911,Electric Services,utilities,12,28496151703.0,2020-06-30,2021-02-17,0000072741-21-000005,10-K,366,134,168,277,8
2021-07-01,1061219,ENTERPRISE PRODUCTS PARTNERS L.P.,"EPD,EPDU",4922,Natural Gas Transmission,energy,8,26960000000.0,2020-06-30,2021-03-01,0001061219-21-000009,10-K,366,122,176,187,8
2021-07-01,87347,SLB LIMITED/NV,SLB,1389,"Oil & Gas Field Services, NEC",energy,9,25500000000.0,2020-06-30,2021-01-27,0001564590-21-002477,10-K,366,155,190,143,8
2021-07-01,1510295,Marathon Petroleum Corp,MPC,2911,Petroleum Refining,energy,10,24300000000.0,2020-06-30,2021-02-26,0001510295-21-000027,10-K,366,125,203,213,8
2021-07-01,1035002,VALERO ENERGY CORP/TX,VLO,2911,Petroleum Refining,energy,11,24000000000.0,2020-06-30,2021-02-23,0001035002-21-000051,10-K,366,128,206,227,8
2021-07-01,107263,"WILLIAMS COMPANIES, INC.",WMB,4922,Natural Gas Transmission,energy,12,23078419375.0,2020-06-30,2021-02-24,0000107263-21-000006,10-K,366,127,214,245,8
2022-07-01,320193,Apple Inc.,AAPL,3571,Electronic Computers,tech,1,2021360000000.0,2021-03-26,2021-10-29,0000320193-21-000105,10-K,462,245,1,1,8
2022-07-01,789019,MICROSOFT CORP,MSFT,7372,Services-Prepackaged Software,tech,2,1700000000000.0,2020-12-31,2021-07-29,0001564590-21-039151,10-K,547,337,2,2,8
2022-07-01,1018724,AMAZON COM INC,AMZN,5961,Retail-Catalog & Mail-Order Houses,consumer,1,1507362696975.0,2021-06-30,2022-02-04,0001018724-22-000005,10-K,366,147,3,3,8
2022-07-01,1652044,Alphabet Inc.,"GOOGL,GOOG,GOOGM,GOOGN",7370,"Services-Computer Programming, Data Processing, Etc.",tech,3,1451100000000.0,2021-06-30,2022-02-02,0001652044-22-000019,10-K,366,149,4,4,8
2022-07-01,1326801,"Meta Platforms, Inc.",META,7370,"Services-Computer Programming, Data Processing, Etc.",tech,4,857000000000.0,2021-06-30,2022-02-03,0001326801-22-000018,10-K,366,148,5,6,8
2022-07-01,1318605,"Tesla, Inc.",TSLA,3711,Motor Vehicles & Passenger Car Bodies,consumer,2,541280000000.0,2021-06-30,2022-05-02,0001564590-22-016871,10-K/A,366,60,6,7,8
2022-07-01,1067983,BERKSHIRE HATHAWAY INC,"BRK-B,BRK-A",6331,"Fire, Marine & Casualty Insurance",financials,1,503600000000.0,2021-06-30,2022-02-28,0001564590-22-007322,10-K,366,123,7,8,8
2022-07-01,1045810,NVIDIA CORP,NVDA,3674,Semiconductors & Related Devices,tech,5,467250000000.0,2021-07-30,2022-03-18,0001045810-22-000036,10-K,336,105,8,10,8
2022-07-01,19617,JPMORGAN CHASE & CO,"JPM,JPM-PC,AMJB,JPM-PD,JPM-PJ,JPM-PK,JPM-PL,JPM-PM,VYLD",6021,National Commercial Banks,financials,2,461141177226.0,2021-06-30,2022-02-22,0000019617-22-000272,10-K,366,129,9,11,8
2022-07-01,200406,JOHNSON & JOHNSON,JNJ,2834,Pharmaceutical Preparations,healthcare,1,445000000000.0,2021-07-04,2022-02-17,0000200406-22-000022,10-K,362,134,10,12,8
2022-07-01,731766,UNITEDHEALTH GROUP INC,UNH,6324,Hospital & Medical Service Plans,healthcare,2,376162785060.0,2021-06-30,2022-02-15,0000731766-22-000008,10-K,366,136,11,9,8
2022-07-01,1403161,VISA INC.,V,7389,"Services-Business Services, NEC",financials,3,358600000000.0,2021-03-31,2021-11-18,0001403161-21-000060,10-K,457,225,12,16,8
2022-07-01,70858,BANK OF AMERICA CORP /DE/,"BAC,BML-PG,BML-PL,BAC-PB,BAC-PK,BAC-PE,BAC-PL,BAC-PM,BAC-PN,BAC-PO,BAC-PP,BAC-PQ,BAC-PS,BACRP,BML-PH,BML-PJ,MER-PK",6021,National Commercial Banks,financials,4,349925254902.0,2021-06-30,2022-02-22,0000070858-22-000062,10-K,366,129,13,18,8
2022-07-01,354950,"HOME DEPOT, INC.",HD,5211,Retail-Lumber & Other Building Materials Dealers,consumer,3,346500000000.0,2021-07-30,2022-03-23,0000354950-22-000070,10-K,336,100,14,19,8
2022-07-01,1744489,Walt Disney Co,DIS,7990,Services-Miscellaneous Amusement & Recreation,consumer,4,343000000000.0,2021-04-03,2021-11-24,0001744489-21-000220,10-K,454,219,15,20,8
2022-07-01,1633917,"PayPal Holdings, Inc.",PYPL,7389,"Services-Business Services, NEC",financials,5,342200000000.0,2021-06-30,2022-02-03,0001633917-22-000027,10-K,366,148,16,21,8
2022-07-01,80424,PROCTER & GAMBLE Co,PG,2840,"Soap, Detergents, Cleang Preparations, Perfumes, Cosmetics",consumer,5,341000000000.0,2020-12-31,2021-08-06,0000080424-21-000100,10-K,547,329,17,15,8
2022-07-01,1141391,Mastercard Inc,MA,7389,"Services-Business Services, NEC",financials,6,317900000000.0,2021-06-30,2022-02-11,0001141391-22-000023,10-K,366,140,18,22,8
2022-07-01,34088,EXXON MOBIL CORP,,2911,Petroleum Refining,energy,1,267000000000.0,2021-06-30,2022-02-23,0000034088-22-000011,10-K,366,128,19,17,8
2022-07-01,1166691,COMCAST CORP,"CMCSA,CCZ",4841,Cable & Other Pay Television Services,consumer,6,259633000000.0,2021-06-30,2022-02-02,0001166691-22-000009,10-K,366,149,20,26,8
2022-07-01,21344,COCA COLA CO,KO,2080,Beverages,consumer,7,232023179143.0,2021-07-02,2022-02-22,0000021344-22-000009,10-K,364,129,21,28,8
2022-07-01,732712,VERIZON COMMUNICATIONS INC,VZ,4813,Telephone Communications (No Radiotelephone),utilities,1,232001885386.0,2021-06-30,2022-02-11,0000732712-22-000008,10-K,366,140,22,29,8
2022-07-01,1065280,NETFLIX INC,NFLX,7841,Services-Video Tape Rental,consumer,8,229758549359.0,2021-06-30,2022-01-27,0001065280-22-000036,10-K,366,155,23,32,8
2022-07-01,50863,INTEL CORP,INTC,3674,Semiconductors & Related Devices,tech,6,226800000000.0,2021-06-25,2022-01-27,0000050863-22-000007,10-K,371,155,24,27,8
2022-07-01,78003,PFIZER INC,PFE,2834,Pharmaceutical Preparations,healthcare,3,223000000000.0,2021-07-04,2022-02-24,0000078003-22-000027,10-K,362,127,25,36,8
2022-07-01,104169,Walmart Inc.,WMT,5331,Retail-Variety Stores,consumer,9,206032159403.0,2021-07-30,2022-03-18,0000104169-22-000012,10-K,336,105,26,39,8
2022-07-01,732717,AT&T INC.,"T,TBB,T-PA,T-PC",4813,Telephone Communications (No Radiotelephone),utilities,2,205000000000.0,2021-06-30,2022-02-16,0000732717-22-000015,10-K,366,135,27,38,8
2022-07-01,77476,PEPSICO INC,PEP,2080,Beverages,consumer,10,203900000000.0,2021-06-11,2022-02-10,0000077476-22-000010,10-K,385,141,28,35,8
2022-07-01,93410,CHEVRON CORP,CVX,2911,Petroleum Refining,energy,2,202500000000.0,2021-06-30,2022-02-24,0000093410-22-000019,10-K,366,127,29,23,8
2022-07-01,97745,THERMO FISHER SCIENTIFIC INC.,TMO,3829,"Measuring & Controlling Devices, NEC",industrials,1,201672052000.0,2021-07-02,2022-02-24,0000097745-22-000011,10-K,364,127,30,40,8
2022-07-01,1800,ABBOTT LABORATORIES,ABT,2834,Pharmaceutical Preparations,healthcare,4,200631182471.0,2021-06-30,2022-02-18,0001104659-22-025141,10-K,366,133,31,41,8
2022-07-01,1551152,AbbVie Inc.,ABBV,2834,Pharmaceutical Preparations,healthcare,5,197245909217.0,2021-06-30,2022-02-18,0001551152-22-000007,10-K,366,133,32,25,8
2022-07-01,310158,"Merck & Co., Inc.",MRK,2834,Pharmaceutical Preparations,healthcare,6,196870000000.0,2021-06-30,2022-02-25,0000310158-22-000003,10-K,366,126,33,30,8
2022-07-01,1108524,"Salesforce, Inc.",CRM,7372,Services-Prepackaged Software,tech,7,194400000000.0,2021-07-31,2022-03-11,0001108524-22-000013,10-K,335,112,34,42,8
2022-07-01,59478,ELI LILLY & Co,LLY,2834,Pharmaceutical Preparations,healthcare,7,193649000000.0,2021-06-30,2022-02-23,0000059478-22-000068,10-K,366,128,35,24,8
2022-07-01,858877,"CISCO SYSTEMS, INC.",CSCO,3576,Computer Communications Equipment,tech,8,189000000000.0,2021-01-22,2021-09-09,0000858877-21-000013,10-K,525,295,36,31,8
2022-07-01,72971,WELLS FARGO & COMPANY/MN,"WFC,WFC-PY,WFC-PL,WFC-PC,WFCNP,WFC-PA,WFC-PD,WFC-PZ",6021,National Commercial Banks,financials,7,185700000000.0,2021-06-30,2022-02-22,0000072971-22-000096,10-K,366,129,37,44,8
2022-07-01,1730168,Broadcom Inc.,AVGO,3674,Semiconductors & Related Devices,tech,9,182800000000.0,2021-04-30,2021-12-17,0001730168-21-000153,10-K,427,196,38,37,8
2022-07-01,320187,"NIKE, Inc.",NKE,3021,Rubber & Plastics Footwear,consumer,11,180448113046.0,2020-11-30,2021-07-20,0000320187-21-000028,10-K,578,346,39,33,8
2022-07-01,97476,TEXAS INSTRUMENTS INC,TXN,3674,Semiconductors & Related Devices,tech,10,177340424753.0,2021-06-30,2022-02-04,0000097476-22-000009,10-K,366,147,40,46,8
2022-07-01,313616,DANAHER CORP /DE/,DHR,3823,"Industrial Instruments For Measurement, Display, and Control",industrials,2,173700000000.0,2021-07-02,2022-02-23,0000313616-22-000061,10-K,364,128,41,48,8
2022-07-01,63908,MCDONALDS CORP,MCD,5812,Retail-Eating  Places,consumer,12,172462195915.0,2021-06-30,2022-02-24,0000063908-22-000011,10-K,366,127,42,45,8
2022-07-01,895421,MORGAN STANLEY,"MS,MS-PK,MS-PE,MS-PA,MS-PF,MS-PI,MS-PL,MS-PO,MS-PP,MS-PQ",6211,"Security Brokers, Dealers & Flotation Companies",financials,8,162040978089.0,2021-06-30,2022-02-24,0000895421-22-000400,10-K,366,127,43,51,8
2022-07-01,1613103,Medtronic plc,MDT,3845,Electromedical & Electrotherapeutic Apparatus,healthcare,8,161200000000.0,2021-10-29,2022-06-23,0001613103-22-000023,10-K,245,8,44,52,8
2022-07-01,1413329,Philip Morris International Inc.,PM,2111,Cigarettes,consumer,13,154000000000.0,2021-06-30,2022-02-11,0001413329-22-000011,10-K,366,140,45,53,8
2022-07-01,773840,HONEYWELL INTERNATIONAL INC,HON,3724,Aircraft Engines & Engine Parts,industrials,3,152800000000.0,2021-06-30,2022-02-11,0000773840-22-000018,10-K,366,140,46,55,8
2022-07-01,1090727,UNITED PARCEL SERVICE INC,UPS,4210,Trucking & Courier Services (No Air),industrials,4,151320492469.0,2021-06-30,2022-02-22,0001090727-22-000007,10-K,366,129,47,57,8
2022-07-01,804328,QUALCOMM INC/DE,QCOM,3663,Radio & Tv Broadcasting & Communications Equipment,tech,11,149900000000.0,2021-03-26,2021-11-03,0001728949-21-000076,10-K,462,240,48,47,8
2022-07-01,1707925,LINDE PLC,LIN,2810,Industrial Inorganic Chemicals,materials_realestate,1,149000000000.0,2021-06-30,2022-02-28,0001628280-22-004180,10-K,366,123,49,58,8
2022-07-01,14272,BRISTOL MYERS SQUIBB CO,"BMY,CELG-RI",2834,Pharmaceutical Preparations,healthcare,9,148383155646.0,2021-06-30,2022-02-09,0000014272-22-000051,10-K,366,142,50,50,8
2022-07-01,753308,NEXTERA ENERGY INC,"NEE,NEE-PN,NEE-PS,NEE-PT,NEE-PU,NEE-PV,NEE-PW",4911,Electric Services,utilities,3,143450834024.0,2021-06-30,2022-02-18,0000753308-22-000014,10-K,366,133,51,56,8
2022-07-01,831001,CITIGROUP INC,"C,C-PN,C-PR",6021,National Commercial Banks,financials,9,143200000000.0,2021-06-30,2022-02-28,0000831001-22-000036,10-K,366,123,52,59,8
2022-07-01,100885,UNION PACIFIC CORP,UNP,4011,"Railroads, Line-Haul Operating",industrials,5,142000000000.0,2021-06-30,2022-02-04,0001437749-22-002494,10-K,366,147,53,60,8
2022-07-01,12927,BOEING CO,"BA,BA-PA",3721,Aircraft,industrials,6,140400000000.0,2021-06-30,2022-01-31,0000012927-22-000010,10-K,366,151,54,62,8
2022-07-01,1341439,ORACLE CORP,"ORCL,ORCL-PD",7372,Services-Prepackaged Software,tech,12,137902273000.0,2021-11-30,2022-06-21,0001564590-22-023675,10-K,213,10,55,65,8
2022-07-01,318154,AMGEN INC,AMGN,2836,"Biological Products, (No Diagnostic Substances)",healthcare,10,137531019585.0,2021-06-30,2022-02-16,0000318154-22-000010,10-K,366,135,56,64,8
2022-07-01,1364742,"BlackRock Finance, Inc.",,6211,"Security Brokers, Dealers & Flotation Companies",financials,10,131800000000.0,2021-06-30,2022-02-25,0001564590-22-007117,10-K,366,126,58,67,8
2022-07-01,51143,INTERNATIONAL BUSINESS MACHINES CORP,IBM,3570,Computer & office Equipment,tech,13,131400000000.0,2021-06-30,2022-02-22,0001558370-22-001584,10-K,366,129,59,68,8
2022-07-01,101829,RTX Corp,RTX,3724,Aircraft Engines & Engine Parts,industrials,7,128558489983.0,2021-06-30,2022-02-11,0000101829-22-000005,10-K,366,140,61,61,8
2022-07-01,886982,GOLDMAN SACHS GROUP INC,"GS,GSCE,GS-PA,GS-PC,GS-PD",6211,"Security Brokers, Dealers & Flotation Companies",financials,11,127400000000.0,2021-06-30,2022-02-25,0001193125-22-052682,10-K,366,126,63,72,8
2022-07-01,316709,SCHWAB CHARLES CORP,"SCHW,SCHW-PD,SCHW-PJ",6211,"Security Brokers, Dealers & Flotation Companies",financials,12,122900000000.0,2021-06-30,2022-02-24,0000316709-22-000009,10-K,366,127,64,73,8
2022-07-01,1053507,AMERICAN TOWER CORP /MA/,AMT,6798,Real Estate Investment Trusts,materials_realestate,2,122500000000.0,2021-06-30,2022-02-25,0001053507-22-000017,10-K,366,126,65,74,8
2022-07-01,18230,CATERPILLAR INC,CAT,3531,Construction Machinery & Equip,industrials,8,118100000000.0,2021-06-30,2022-02-16,0000018230-22-000050,10-K,366,135,67,77,8
2022-07-01,315189,DEERE & CO,DE,3523,Farm Machinery & Equipment,industrials,9,115521151966.0,2021-04-30,2021-12-16,0001558370-21-016864,10-K,427,197,68,80,8
2022-07-01,66740,3M CO,MMM,3841,Surgical & Medical Instruments & Apparatus,healthcare,11,114900000000.0,2021-06-30,2022-02-09,0000066740-22-000010,10-K,366,142,69,81,8
2022-07-01,1035267,INTUITIVE SURGICAL INC,ISRG,3842,"Orthopedic, Prosthetic & Surgical Appliances & Supplies",healthcare,12,108700000000.0,2021-06-30,2022-02-03,0001035267-22-000014,10-K,366,148,71,85,8
2022-07-01,936468,LOCKHEED MARTIN CORP,LMT,3760,Guided Missiles & Space Vehicles & Parts,industrials,10,105300000000.0,2021-06-25,2022-01-25,0000936468-22-000008,10-K,371,157,72,84,8
2022-07-01,64040,S&P Global Inc.,SPGI,7320,"Services-Consumer Credit Reporting, Collection Agencies",industrials,11,98900000000.0,2021-06-30,2022-02-08,0000064040-22-000055,10-K,366,143,74,83,8
2022-07-01,1156039,"Elevance Health, Inc.",ELV,6324,Hospital & Medical Service Plans,healthcare,13,93007966095.0,2021-06-30,2022-02-16,0001156039-22-000009,10-K,366,135,78,79,8
2022-07-01,1543151,"Uber Technologies, Inc",UBER,7389,"Services-Business Services, NEC",financials,13,90500000000.0,2021-06-30,2022-02-24,0001543151-22-000008,10-K,366,127,80,90,8
2022-07-01,1075531,Booking Holdings Inc.,BKNG,4700,Transportation Services,industrials,12,89700000000.0,2021-06-30,2022-02-23,0001075531-22-000008,10-K,366,128,82,92,8
2022-07-01,1045609,"Prologis, Inc.","PLD,PLDGP",6798,Real Estate Investment Trusts,materials_realestate,3,87997816686.0,2021-06-30,2022-02-09,0001564590-22-004436,10-K,366,142,85,95,8
2022-07-01,1283699,"T-Mobile US, Inc.","TMUS,TMUSI,TMUSL,TMUSZ",4812,Radiotelephone Communications,utilities,4,86100000000.0,2021-06-30,2022-02-11,0001283699-22-000018,10-K,366,140,87,97,8
2022-07-01,1051470,CROWN CASTLE INC.,CCI,6798,Real Estate Investment Trusts,materials_realestate,4,84000000000.0,2021-06-30,2022-02-22,0001051470-22-000019,10-K,366,129,91,103,8
2022-07-01,1163165,CONOCOPHILLIPS,COP,2911,Petroleum Refining,energy,3,81500000000.0,2021-06-30,2022-02-17,0001562762-22-000031,10-K,366,134,95,82,8
2022-07-01,895728,ENBRIDGE INC,"ENB,EBBNF,EBBGF,EBGEF,EBRGF,EBRZF,ENBFF,ENBGF,ENBHF,ENBMF,ENBNF,ENBOF,ENBRF,ENBSF,ENFFF,ENNPF",4610,Pipe Lines (No Natural Gas),energy,4,77700000000.0,2021-06-30,2022-03-07,0001193125-22-068180,10-K/A,366,116,99,101,8
2022-07-01,1101239,EQUINIX INC,EQIX,6798,Real Estate Investment Trusts,materials_realestate,5,72000000000.0,2021-06-30,2022-02-18,0001628280-22-003171,10-K,366,133,104,123,8
2022-07-01,92122,SOUTHERN CO,"SO,SOJC,SOJD,SOJE,SOJF,SOMN",4911,Electric Services,utilities,5,64100000000.0,2021-06-30,2022-02-17,0000092122-22-000003,10-K,366,134,118,116,8
2022-07-01,2969,"Air Products & Chemicals, Inc.",APD,2810,Industrial Inorganic Chemicals,materials_realestate,6,62100000000.0,2021-03-31,2021-11-18,0000002969-21-000055,10-K,457,225,121,147,8
2022-07-01,715957,"DOMINION ENERGY, INC",D,4911,Electric Services,utilities,6,59300000000.0,2021-06-30,2022-02-24,0001564590-22-006589,10-K,366,127,125,135,8
2022-07-01,823768,WASTE MANAGEMENT INC,WM,4953,Refuse Systems,utilities,7,58900000000.0,2021-06-30,2022-03-29,0001558370-22-004593,10-K/A,366,94,127,145,8
2022-07-01,1164727,NEWMONT Corp /DE/,"NEM,NEMCL",1040,Gold and Silver Ores,materials_realestate,7,50629300966.0,2021-06-30,2022-02-24,0001164727-22-000007,10-K,366,127,153,170,8
2022-07-01,821189,EOG RESOURCES INC,EOG,1311,Crude Petroleum & Natural Gas,energy,5,48608000000.0,2021-06-30,2022-02-24,0000821189-22-000017,10-K,366,127,155,142,8
2022-07-01,831259,FREEPORT-MCMORAN INC,FCX,1000,Metal Mining,materials_realestate,8,48600000000.0,2021-06-30,2022-02-18,0000831259-22-000012,10-K/A,366,133,156,178,8
2022-07-01,1751788,DOW INC.,DOW,2821,"Plastic Materials, Synth Resins & Nonvulcan Elastomers",materials_realestate,9,47100000000.0,2021-06-30,2022-02-04,0001751788-22-000011,10-K,366,147,157,181,8
2022-07-01,55785,KIMBERLY CLARK CORP,KMB,2670,Converted Paper & Paperboard Prods (No Contaners/Boxes),materials_realestate,10,45100000000.0,2021-06-30,2022-02-10,0000055785-22-000010,10-K,366,141,162,179,8
2022-07-01,87347,SLB LIMITED/NV,SLB,1389,"Oil & Gas Field Services, NEC",energy,6,44720000000.0,2021-06-30,2022-01-26,0001564590-22-002421,10-K,366,156,163,171,8
2022-07-01,1109357,EXELON CORP,EXC,4931,Electric & Other Services Combined,utilities,8,43290833498.0,2021-06-30,2022-02-25,0001109357-22-000039,10-K,366,126,173,200,8
2022-07-01,4904,AMERICAN ELECTRIC POWER CO INC,AEP,4911,Electric Services,utilities,9,42651294349.0,2021-12-31,2022-02-24,0000004904-22-000024,10-K,182,127,176,175,8
2022-07-01,1063761,SIMON PROPERTY GROUP INC.,"SPG,SPG-PJ",6798,Real Estate Investment Trusts,materials_realestate,11,42527000000.0,2021-06-30,2022-02-24,0001558370-22-001845,10-K,366,127,177,204,8
2022-07-01,1297996,"DIGITAL REALTY TRUST, INC.","DLR,DLR-PK,DLR-PJ,DLR-PL",6798,Real Estate Investment Trusts,materials_realestate,12,42000000000.0,2021-06-30,2022-02-25,0001558370-22-002195,10-K,366,126,182,209,8
2022-07-01,1032208,SEMPRA,"SRE,SREA",4932,Gas & Other Services Combined,utilities,10,41700000000.0,2021-06-30,2022-02-25,0001032208-22-000007,10-K,366,126,183,180,8
2022-07-01,1038357,PIONEER NATURAL RESOURCES CO,,1311,Crude Petroleum & Natural Gas,energy,7,39435041959.0,2021-06-30,2022-02-22,0001038357-22-000039,10-K,366,129,195,162,8
2022-07-01,1510295,Marathon Petroleum Corp,MPC,2911,Petroleum Refining,energy,8,38500000000.0,2021-06-30,2022-02-24,0001510295-22-000011,10-K,366,127,196,207,8
2022-07-01,1534701,Phillips 66,PSX,2911,Petroleum Refining,energy,9,37500000000.0,2021-06-30,2022-02-18,0001534701-22-000078,10-K,366,133,200,224,8
2022-07-01,1506307,"KINDER MORGAN, INC.","KMI,EP-PC",4922,Natural Gas Transmission,energy,10,36152128132.0,2021-06-30,2022-02-07,0001506307-22-000018,10-K,366,144,207,241,8
2022-07-01,1061219,ENTERPRISE PRODUCTS PARTNERS L.P.,"EPD,EPDU",4922,Natural Gas Transmission,energy,11,35790000000.0,2021-06-30,2022-02-28,0001061219-22-000008,10-K,366,123,209,242,8
2022-07-01,72903,XCEL ENERGY INC,"XEL,XELLL",4931,Electric & Other Services Combined,utilities,11,35463594471.0,2021-06-30,2022-02-23,0000072903-22-000010,10-K,366,128,211,227,8
2022-07-01,1060391,"REPUBLIC SERVICES, INC.",RSG,4953,Refuse Systems,utilities,12,35000000000.0,2021-06-30,2022-02-11,0001060391-22-000007,10-K,366,140,215,212,8
2022-07-01,1035002,VALERO ENERGY CORP/TX,VLO,2911,Petroleum Refining,energy,12,31900000000.0,2021-06-30,2022-02-22,0001035002-22-000007,10-K,366,129,234,210,8
2023-07-01,320193,Apple Inc.,AAPL,3571,Electronic Computers,tech,1,2830067000000.0,2022-03-25,2022-10-28,0000320193-22-000108,10-K,463,246,1,1,8
2023-07-01,789019,MICROSOFT CORP,MSFT,7372,Services-Prepackaged Software,tech,2,2500000000000.0,2021-12-31,2022-07-28,0001564590-22-026876,10-K,547,338,2,2,8
2023-07-01,1652044,Alphabet Inc.,"GOOGL,GOOG,GOOGM,GOOGN",7370,"Services-Computer Programming, Data Processing, Etc.",tech,3,1256100000000.0,2022-06-30,2023-02-03,0001652044-23-000016,10-K,366,148,3,4,8
2023-07-01,1018724,AMAZON COM INC,AMZN,5961,Retail-Catalog & Mail-Order Houses,consumer,1,944744113598.0,2022-06-30,2023-02-03,0001018724-23-000004,10-K,366,148,4,3,8
2023-07-01,1853513,"Mister Car Wash, Inc.",MCW,7500,"Services-Automotive Repair, Services & Parking",consumer,2,880866919000.0,2022-06-30,2023-02-24,0000950170-23-004337,10-K,366,127,5,5,8
2023-07-01,1318605,"Tesla, Inc.",TSLA,3711,Motor Vehicles & Passenger Car Bodies,consumer,3,580480000000.0,2022-06-30,2023-01-31,0000950170-23-001409,10-K,366,151,6,7,8
2023-07-01,1067983,BERKSHIRE HATHAWAY INC,"BRK-B,BRK-A",6331,"Fire, Marine & Casualty Insurance",financials,1,500000000000.0,2022-06-30,2023-02-27,0000950170-23-004451,10-K,366,124,7,8,8
2023-07-01,731766,UNITEDHEALTH GROUP INC,UNH,6324,Hospital & Medical Service Plans,healthcare,1,479550880245.0,2022-06-30,2023-02-24,0000731766-23-000008,10-K,366,127,8,9,8
2023-07-01,200406,JOHNSON & JOHNSON,JNJ,2834,Pharmaceutical Preparations,healthcare,2,472000000000.0,2022-07-03,2023-02-16,0000200406-23-000016,10-K,363,135,9,10,8
2023-07-01,1045810,NVIDIA CORP,NVDA,3674,Semiconductors & Related Devices,tech,4,434370000000.0,2022-07-29,2023-02-24,0001045810-23-000017,10-K,337,127,10,11,8
2023-07-01,80424,PROCTER & GAMBLE Co,PG,2840,"Soap, Detergents, Cleang Preparations, Perfumes, Cosmetics",consumer,4,392000000000.0,2021-12-31,2022-08-05,0000080424-22-000064,10-K,547,330,11,17,8
2023-07-01,1326801,"Meta Platforms, Inc.",META,7370,"Services-Computer Programming, Data Processing, Etc.",tech,5,378000000000.0,2022-06-30,2023-02-02,0001326801-23-000013,10-K,366,149,12,6,8
2023-07-01,1403161,VISA INC.,V,7389,"Services-Business Services, NEC",financials,2,365500000000.0,2022-03-31,2022-11-16,0001403161-22-000081,10-K,457,227,13,18,8
2023-07-01,34088,EXXON MOBIL CORP,,2911,Petroleum Refining,energy,1,356000000000.0,2022-06-30,2023-02-22,0000034088-23-000020,10-K,366,129,14,13,8
2023-07-01,19617,JPMORGAN CHASE & CO,"JPM,JPM-PC,AMJB,JPM-PD,JPM-PJ,JPM-PK,JPM-PL,JPM-PM,VYLD",6021,National Commercial Banks,financials,3,327588442114.0,2022-06-30,2023-02-21,0000019617-23-000231,10-K,366,130,15,12,8
2023-07-01,354950,"HOME DEPOT, INC.",HD,5211,Retail-Lumber & Other Building Materials Dealers,consumer,5,308000000000.0,2022-07-29,2023-03-15,0000354950-23-000059,10-K,337,108,16,20,8
2023-07-01,78003,PFIZER INC,PFE,2834,Pharmaceutical Preparations,healthcare,3,294000000000.0,2022-07-03,2023-02-23,0000078003-23-000024,10-K,363,128,17,24,8
2023-07-01,93410,CHEVRON CORP,CVX,2911,Petroleum Refining,energy,2,283400000000.0,2022-06-30,2023-02-23,0000093410-23-000009,10-K,366,128,18,25,8
2023-07-01,21344,COCA COLA CO,KO,2080,Beverages,consumer,6,276302826050.0,2022-07-01,2023-02-21,0000021344-23-000011,10-K,365,130,19,27,8
2023-07-01,59478,ELI LILLY & Co,LLY,2834,Pharmaceutical Preparations,healthcare,4,274342000000.0,2022-06-30,2023-02-22,0000059478-23-000082,10-K,366,129,20,16,8
2023-07-01,1141391,Mastercard Inc,MA,7389,"Services-Business Services, NEC",financials,4,270100000000.0,2022-06-30,2023-02-14,0001141391-23-000020,10-K,366,137,21,23,8
2023-07-01,1551152,AbbVie Inc.,ABBV,2834,Pharmaceutical Preparations,healthcare,5,268252598311.0,2022-06-30,2023-02-17,0001551152-23-000011,10-K,366,134,22,28,8
2023-07-01,70858,BANK OF AMERICA CORP /DE/,"BAC,BML-PG,BML-PL,BAC-PB,BAC-PK,BAC-PE,BAC-PL,BAC-PM,BAC-PN,BAC-PO,BAC-PP,BAC-PQ,BAC-PS,BACRP,BML-PH,BML-PJ,MER-PK",6021,National Commercial Banks,financials,5,250136457342.0,2022-06-30,2023-02-22,0000070858-23-000092,10-K,366,129,23,19,8
2023-07-01,1744489,Walt Disney Co,DIS,7990,Services-Miscellaneous Amusement & Recreation,consumer,7,249500000000.0,2022-04-02,2023-01-24,0001193125-23-014219,10-K/A,455,158,24,21,8
2023-07-01,310158,"Merck & Co., Inc.",MRK,2834,Pharmaceutical Preparations,healthcare,6,230820000000.0,2022-06-30,2023-02-24,0001628280-23-005061,10-K,366,127,25,26,8
2023-07-01,858877,"CISCO SYSTEMS, INC.",CSCO,3576,Computer Communications Equipment,tech,6,230800000000.0,2022-01-28,2022-09-08,0000858877-22-000013,10-K,519,296,26,33,8
2023-07-01,320187,"NIKE, Inc.",NKE,3021,Rubber & Plastics Footwear,consumer,8,227999911203.0,2021-11-30,2022-07-21,0000320187-22-000038,10-K,578,345,27,35,8
2023-07-01,77476,PEPSICO INC,PEP,2080,Beverages,consumer,9,224200000000.0,2021-06-11,2023-02-09,0000077476-23-000007,10-K,750,142,28,30,8
2023-07-01,1730168,Broadcom Inc.,AVGO,3674,Semiconductors & Related Devices,tech,7,220100000000.0,2022-04-29,2022-12-16,0001730168-22-000118,10-K,428,197,29,31,8
2023-07-01,97745,THERMO FISHER SCIENTIFIC INC.,TMO,3829,"Measuring & Controlling Devices, NEC",industrials,1,214582365000.0,2022-07-01,2023-02-23,0000097745-23-000008,10-K,365,128,30,39,8
2023-07-01,732712,VERIZON COMMUNICATIONS INC,VZ,4813,Telephone Communications (No Radiotelephone),utilities,1,213158526305.0,2022-06-30,2023-02-10,0000732712-23-000012,10-K,366,141,31,32,8
2023-07-01,104169,Walmart Inc.,WMT,5331,Retail-Variety Stores,consumer,10,186168142989.0,2022-07-29,2023-03-17,0000104169-23-000020,10-K,337,106,32,40,8
2023-07-01,1800,ABBOTT LABORATORIES,ABT,2834,Pharmaceutical Preparations,healthcare,7,186105046190.0,2022-06-30,2023-02-17,0001628280-23-004026,10-K,366,134,33,42,8
2023-07-01,63908,MCDONALDS CORP,MCD,5812,Retail-Eating  Places,consumer,11,181588534180.0,2022-06-30,2023-02-24,0000063908-23-000012,10-K,366,127,34,38,8
2023-07-01,804328,QUALCOMM INC/DE,QCOM,3663,Radio & Tv Broadcasting & Communications Equipment,tech,8,177100000000.0,2022-03-27,2022-11-02,0000804328-22-000021,10-K,461,241,35,49,8
2023-07-01,1166691,COMCAST CORP,"CMCSA,CCZ",4841,Cable & Other Pay Television Services,consumer,12,171716000000.0,2022-06-30,2023-02-03,0001166691-23-000010,10-K,366,148,36,29,8
2023-07-01,313616,DANAHER CORP /DE/,DHR,3823,"Industrial Instruments For Measurement, Display, and Control",industrials,2,167300000000.0,2022-07-01,2023-02-22,0000313616-23-000087,10-K,365,129,37,50,8
2023-07-01,1108524,"Salesforce, Inc.",CRM,7372,Services-Prepackaged Software,tech,9,164400000000.0,2022-07-31,2023-03-08,0001108524-23-000011,10-K,335,115,38,43,8
2023-07-01,14272,BRISTOL MYERS SQUIBB CO,"BMY,CELG-RI",2834,Pharmaceutical Preparations,healthcare,8,164301052839.0,2022-06-30,2023-02-14,0000014272-23-000046,10-K,366,137,39,52,8
2023-07-01,1413329,Philip Morris International Inc.,PM,2111,Cigarettes,consumer,13,153000000000.0,2022-06-30,2023-02-10,0001413329-23-000025,10-K,366,141,40,55,8
2023-07-01,896878,INTUIT INC.,INTU,7372,Services-Prepackaged Software,tech,10,152800000000.0,2022-01-31,2022-09-02,0000896878-22-000028,10-K,516,302,41,56,8
2023-07-01,753308,NEXTERA ENERGY INC,"NEE,NEE-PN,NEE-PS,NEE-PT,NEE-PU,NEE-PV,NEE-PW",4911,Electric Services,utilities,2,152043646294.0,2022-06-30,2023-02-17,0000753308-23-000019,10-K,366,134,42,58,8
2023-07-01,50863,INTEL CORP,INTC,3674,Semiconductors & Related Devices,tech,11,149200000000.0,2022-07-01,2023-01-27,0000050863-23-000006,10-K,365,155,43,36,8
2023-07-01,732717,AT&T INC.,"T,TBB,T-PA,T-PC",4813,Telephone Communications (No Radiotelephone),utilities,3,149000000000.0,2022-06-30,2023-02-13,0000732717-23-000011,10-K,366,138,44,41,8
2023-07-01,72971,WELLS FARGO & COMPANY/MN,"WFC,WFC-PY,WFC-PL,WFC-PC,WFCNP,WFC-PA,WFC-PD,WFC-PZ",6021,National Commercial Banks,financials,6,148300000000.0,2022-06-30,2023-02-21,0000072971-23-000071,10-K,366,130,45,46,8
2023-07-01,1707925,LINDE PLC,LIN,2810,Industrial Inorganic Chemicals,materials_realestate,1,143000000000.0,2022-06-30,2023-02-28,0001628280-23-005434,10-K,366,123,46,45,8
2023-07-01,101829,RTX Corp,RTX,3724,Aircraft Engines & Engine Parts,industrials,3,141816683821.0,2022-06-30,2023-02-07,0000101829-23-000009,10-K,366,144,47,61,8
2023-07-01,97476,TEXAS INSTRUMENTS INC,TXN,3674,Semiconductors & Related Devices,tech,12,140429302063.0,2022-06-30,2023-02-03,0000097476-23-000007,10-K,366,148,48,48,8
2023-07-01,2488,ADVANCED MICRO DEVICES INC,AMD,3674,Semiconductors & Related Devices,tech,13,139800000000.0,2022-06-25,2023-02-27,0000002488-23-000047,10-K,371,124,49,47,8
2023-07-01,1090727,UNITED PARCEL SERVICE INC,UPS,4210,Trucking & Courier Services (No Air),industrials,4,133554051887.0,2022-06-30,2023-02-21,0001090727-23-000006,10-K,366,130,50,59,8
2023-07-01,100885,UNION PACIFIC CORP,UNP,4011,"Railroads, Line-Haul Operating",industrials,5,131500000000.0,2022-06-30,2023-02-10,0001437749-23-002959,10-K,366,141,51,62,8
2023-07-01,318154,AMGEN INC,AMGN,2836,"Biological Products, (No Diagnostic Substances)",healthcare,9,129940091621.0,2022-06-30,2023-02-09,0000318154-23-000017,10-K,366,142,52,65,8
2023-07-01,895421,MORGAN STANLEY,"MS,MS-PK,MS-PE,MS-PA,MS-PF,MS-PI,MS-PL,MS-PO,MS-PP,MS-PQ",6211,"Security Brokers, Dealers & Flotation Companies",financials,7,125979662346.0,2022-06-30,2023-02-24,0000895421-23-000284,10-K,366,127,55,53,8
2023-07-01,1053507,AMERICAN TOWER CORP /MA/,AMT,6798,Real Estate Investment Trusts,materials_realestate,2,118700000000.0,2022-06-30,2023-02-23,0001053507-23-000023,10-K,366,128,58,77,8
2023-07-01,773840,HONEYWELL INTERNATIONAL INC,HON,3724,Aircraft Engines & Engine Parts,industrials,6,118000000000.0,2022-06-30,2023-02-10,0000773840-23-000013,10-K,366,141,59,57,8
2023-07-01,1156039,"Elevance Health, Inc.",ELV,6324,Hospital & Medical Service Plans,healthcare,10,115691972993.0,2022-06-30,2023-02-15,0001156039-23-000007,10-K,366,136,60,82,8
2023-07-01,1613103,Medtronic plc,MDT,3845,Electromedical & Electrotherapeutic Apparatus,healthcare,11,115500000000.0,2022-10-28,2023-06-22,0001613103-23-000040,10-K,246,9,61,54,8
2023-07-01,315189,DEERE & CO,DE,3523,Farm Machinery & Equipment,industrials,7,115295045197.0,2022-04-29,2022-12-15,0001558370-22-018703,10-K,428,198,62,83,8
2023-07-01,1163165,CONOCOPHILLIPS,COP,2911,Petroleum Refining,energy,3,114200000000.0,2022-06-30,2023-02-16,0001163165-23-000006,10-K,366,135,63,75,8
2023-07-01,64040,S&P Global Inc.,SPGI,7320,"Services-Consumer Credit Reporting, Collection Agencies",industrials,8,113300000000.0,2022-06-30,2023-02-10,0000064040-23-000058,10-K,366,141,64,71,8
2023-07-01,936468,LOCKHEED MARTIN CORP,LMT,3760,Guided Missiles & Space Vehicles & Parts,industrials,9,110700000000.0,2022-06-24,2023-01-26,0000936468-23-000009,10-K,372,156,65,84,8
2023-07-01,316709,SCHWAB CHARLES CORP,"SCHW,SCHW-PD,SCHW-PJ",6211,"Security Brokers, Dealers & Flotation Companies",financials,8,107700000000.0,2022-06-30,2023-02-24,0000316709-23-000009,10-K,366,127,66,76,8
2023-07-01,886982,GOLDMAN SACHS GROUP INC,"GS,GSCE,GS-PA,GS-PC,GS-PD",6211,"Security Brokers, Dealers & Flotation Companies",financials,9,101100000000.0,2022-06-30,2023-02-24,0000886982-23-000003,10-K,366,127,69,73,8
2023-07-01,18230,CATERPILLAR INC,CAT,3531,Construction Machinery & Equip,industrials,10,94700000000.0,2022-06-30,2023-02-15,0000018230-23-000011,10-K,366,136,71,74,8
2023-07-01,1364742,"BlackRock Finance, Inc.",,6211,"Security Brokers, Dealers & Flotation Companies",financials,10,91000000000.0,2022-06-30,2023-02-24,0000950170-23-004343,10-K,366,127,72,67,8
2023-07-01,831001,CITIGROUP INC,"C,C-PN,C-PR",6021,National Commercial Banks,financials,11,88900000000.0,2022-06-30,2023-02-27,0000831001-23-000037,10-K,366,124,73,60,8
2023-07-01,1045609,"Prologis, Inc.","PLD,PLDGP",6798,Real Estate Investment Trusts,materials_realestate,3,86814282420.0,2022-06-30,2023-02-14,0001564590-23-001902,10-K,366,137,74,86,8
2023-07-01,895728,ENBRIDGE INC,"ENB,EBBNF,EBBGF,EBGEF,EBRGF,EBRZF,ENBFF,ENBGF,ENBHF,ENBMF,ENBNF,ENBOF,ENBRF,ENBSF,ENFFF,ENNPF",4610,Pipe Lines (No Natural Gas),energy,4,85600000000.0,2022-06-30,2023-03-06,0001193125-23-060793,10-K/A,366,117,76,104,8
2023-07-01,1739940,Cigna Group,CI,6324,Hospital & Medical Service Plans,healthcare,12,82800000000.0,2022-06-30,2023-02-23,0001739940-23-000008,10-K,366,128,78,108,8
2023-07-01,1393612,Discover Financial Services,,6141,Personal Credit Institutions,financials,12,82497990080.0,2022-12-31,2023-02-23,0001393612-23-000007,10-K,182,128,79,110,8
2023-07-01,896159,Chubb Ltd,CB,6331,"Fire, Marine & Casualty Insurance",financials,13,82000000000.0,2022-06-30,2023-02-24,0000896159-23-000007,10-K,366,127,80,111,8
2023-07-01,12927,BOEING CO,"BA,BA-PA",3721,Aircraft,industrials,11,81100000000.0,2022-06-30,2023-01-27,0000012927-23-000007,10-K,366,155,81,63,8
2023-07-01,1283699,"T-Mobile US, Inc.","TMUS,TMUSI,TMUSL,TMUSZ",4812,Radiotelephone Communications,utilities,4,80800000000.0,2022-06-30,2023-02-14,0001283699-23-000016,10-K,366,137,82,101,8
2023-07-01,1555280,Zoetis Inc.,ZTS,2834,Pharmaceutical Preparations,healthcare,13,80550000000.0,2022-06-30,2023-02-14,0001555280-23-000074,10-K,366,137,84,97,8
2023-07-01,92122,SOUTHERN CO,"SO,SOJC,SOJD,SOJE,SOJF,SOMN",4911,Electric Services,utilities,5,75800000000.0,2022-06-30,2023-02-16,0000092122-23-000012,10-K,366,135,88,121,8
2023-07-01,1133421,NORTHROP GRUMMAN CORP /DE/,NOC,3812,"Search, Detection, Navigation, Guidance, Aeronautical Sys",industrials,12,74000000000.0,2022-06-30,2023-01-26,0001133421-23-000006,10-K,366,156,92,128,8
2023-07-01,1051470,CROWN CASTLE INC.,CCI,6798,Real Estate Investment Trusts,materials_realestate,4,72600000000.0,2022-06-30,2023-02-24,0001051470-23-000041,10-K,366,127,96,106,8
2023-07-01,715957,"DOMINION ENERGY, INC",D,4911,Electric Services,utilities,6,66300000000.0,2022-06-30,2023-02-21,0000950170-23-003287,10-K,366,130,106,147,8
2023-07-01,821189,EOG RESOURCES INC,EOG,1311,Crude Petroleum & Natural Gas,energy,5,64556000000.0,2022-06-30,2023-02-23,0000821189-23-000015,10-K,366,128,110,145,8
2023-07-01,823768,WASTE MANAGEMENT INC,WM,4953,Refuse Systems,utilities,7,63100000000.0,2022-06-30,2023-02-07,0001558370-23-000964,10-K,366,144,112,137,8
2023-07-01,1101239,EQUINIX INC,EQIX,6798,Real Estate Investment Trusts,materials_realestate,5,60000000000.0,2022-06-30,2023-02-27,0001628280-23-005277,10-K/A,366,124,116,131,8
2023-07-01,2969,"Air Products & Chemicals, Inc.",APD,2810,Industrial Inorganic Chemicals,materials_realestate,6,55300000000.0,2022-03-31,2022-11-22,0000002969-22-000054,10-K,457,221,127,153,8
2023-07-01,1038357,PIONEER NATURAL RESOURCES CO,,1311,Crude Petroleum & Natural Gas,energy,6,53223207626.0,2022-06-30,2023-02-23,0001038357-23-000039,10-K,366,128,130,170,8
2023-07-01,797468,OCCIDENTAL PETROLEUM CORP /DE/,"OXY,OXY-WT",1311,Crude Petroleum & Natural Gas,energy,7,53000000000.0,2022-06-30,2023-05-09,0000797468-23-000031,10-K/A,366,53,132,171,8
2023-07-01,87347,SLB LIMITED/NV,SLB,1389,"Oil & Gas Field Services, NEC",energy,8,50510000000.0,2022-06-30,2023-01-25,0001564590-23-000762,10-K,366,157,134,138,8
2023-07-01,4904,AMERICAN ELECTRIC POWER CO INC,AEP,4911,Electric Services,utilities,8,49300311811.0,2022-06-30,2023-02-23,0000004904-23-000011,10-K,366,128,139,182,8
2023-07-01,1164727,NEWMONT Corp /DE/,"NEM,NEMCL",1040,Gold and Silver Ores,materials_realestate,7,47327306028.0,2022-06-30,2023-02-23,0001164727-23-000011,10-K,366,128,145,178,8
2023-07-01,1032208,SEMPRA,"SRE,SREA",4932,Gas & Other Services Combined,utilities,9,47200000000.0,2022-06-30,2023-02-28,0001032208-23-000008,10-K,366,123,147,188,8
2023-07-01,55785,KIMBERLY CLARK CORP,KMB,2670,Converted Paper & Paperboard Prods (No Contaners/Boxes),materials_realestate,8,45600000000.0,2022-06-30,2023-02-09,0000055785-23-000012,10-K,366,142,152,194,8
2023-07-01,1109357,EXELON CORP,EXC,4931,Electric & Other Services Combined,utilities,10,44452390343.0,2022-08-05,2023-02-14,0001109357-23-000018,10-K,330,137,154,206,8
2023-07-01,1510295,Marathon Petroleum Corp,MPC,2911,Petroleum Refining,energy,9,42100000000.0,2022-06-30,2023-02-23,0001510295-23-000012,10-K,366,128,161,189,8
2023-07-01,726728,REALTY INCOME CORP,O,6798,Real Estate Investment Trusts,materials_realestate,9,42100000000.0,2022-06-30,2023-02-22,0000726728-23-000044,10-K,366,129,162,222,8
2023-07-01,1035002,VALERO ENERGY CORP/TX,VLO,2911,Petroleum Refining,energy,10,41900000000.0,2022-06-30,2023-02-23,0001035002-23-000027,10-K,366,128,163,225,8
2023-07-01,831259,FREEPORT-MCMORAN INC,FCX,1000,Metal Mining,materials_realestate,10,41800000000.0,2022-06-30,2023-02-15,0000831259-23-000013,10-K,366,136,164,161,8
2023-07-01,1060391,"REPUBLIC SERVICES, INC.",RSG,4953,Refuse Systems,utilities,11,41300000000.0,2022-06-30,2023-02-23,0001060391-23-000008,10-K,366,128,166,185,8
2023-07-01,1534701,Phillips 66,PSX,2911,Petroleum Refining,energy,11,39400000000.0,2022-06-30,2023-02-22,0001534701-23-000053,10-K,366,129,173,220,8
2023-07-01,72903,XCEL ENERGY INC,"XEL,XELLL",4931,Electric & Other Services Combined,utilities,12,38692119433.0,2022-06-30,2023-02-23,0000072903-23-000007,10-K,366,128,176,246,8
2023-07-01,766704,WELLTOWER INC.,WELL,6798,Real Estate Investment Trusts,materials_realestate,11,38131759000.0,2022-06-30,2023-02-21,0000766704-23-000010,10-K,366,130,178,228,8
2023-07-01,1751788,DOW INC.,DOW,2821,"Plastic Materials, Synth Resins & Nonvulcan Elastomers",materials_realestate,12,37000000000.0,2022-06-30,2023-02-01,0001751788-23-000014,10-K,366,150,182,190,8
2023-07-01,107263,"WILLIAMS COMPANIES, INC.",WMB,4922,Natural Gas Transmission,energy,12,36889420649.0,2022-06-30,2023-02-27,0000107263-23-000007,10-K,366,124,184,248,8
2024-07-01,1782754,AZEK Co Inc.,,3089,"Plastics Products, NEC",consumer,1,2796678033000.0,2023-03-31,2024-06-14,0000950170-24-073335,10-K/A,458,17,1,781,8
2024-07-01,320193,Apple Inc.,AAPL,3571,Electronic Computers,tech,1,2591165000000.0,2023-03-31,2023-11-03,0000320193-23-000106,10-K,458,241,2,1,8
2024-07-01,789019,MICROSOFT CORP,MSFT,7372,Services-Prepackaged Software,tech,2,1800000000000.0,2022-12-31,2023-07-27,0000950170-23-035122,10-K,548,340,3,2,8
2024-07-01,1652044,Alphabet Inc.,"GOOGL,GOOG,GOOGM,GOOGN",7370,"Services-Computer Programming, Data Processing, Etc.",tech,3,1331200000000.0,2023-06-30,2024-01-31,0001652044-24-000022,10-K,367,152,4,3,8
2024-07-01,1018724,AMAZON COM INC,AMZN,5961,Retail-Catalog & Mail-Order Houses,consumer,2,1183684965587.0,2023-06-30,2024-02-02,0001018724-24-000008,10-K,367,150,5,4,8
2024-07-01,1045810,NVIDIA CORP,NVDA,3674,Semiconductors & Related Devices,tech,4,1100000000000.0,2023-07-28,2024-02-21,0001045810-24-000029,10-K,339,131,6,6,8
2024-07-01,1853513,"Mister Car Wash, Inc.",MCW,7500,"Services-Automotive Repair, Services & Parking",consumer,3,855722734000.0,2023-06-30,2024-02-23,0000950170-24-019105,10-K,367,129,7,7,8
2024-07-01,1318605,"Tesla, Inc.",TSLA,3711,Motor Vehicles & Passenger Car Bodies,consumer,4,722520000000.0,2023-06-30,2024-01-29,0001628280-24-002390,10-K,367,154,8,10,8
2024-07-01,1326801,"Meta Platforms, Inc.",META,7370,"Services-Computer Programming, Data Processing, Etc.",tech,5,637000000000.0,2023-06-30,2024-02-02,0001326801-24-000012,10-K,367,150,9,5,8
2024-07-01,1067983,BERKSHIRE HATHAWAY INC,"BRK-B,BRK-A",6331,"Fire, Marine & Casualty Insurance",financials,1,625500000000.0,2023-06-30,2024-02-26,0000950170-24-019719,10-K,367,126,10,9,8
2024-07-01,731766,UNITEDHEALTH GROUP INC,UNH,6324,Hospital & Medical Service Plans,healthcare,1,444627758226.0,2023-06-30,2024-02-28,0000731766-24-000081,10-K,367,124,11,14,8
2024-07-01,200406,JOHNSON & JOHNSON,JNJ,2834,Pharmaceutical Preparations,healthcare,2,430000000000.0,2023-07-02,2024-02-16,0000200406-24-000013,10-K,365,136,12,15,8
2024-07-01,34088,EXXON MOBIL CORP,,2911,Petroleum Refining,energy,1,429000000000.0,2023-06-30,2024-02-28,0000034088-24-000018,10-K,367,124,13,13,8
2024-07-01,19617,JPMORGAN CHASE & CO,"JPM,JPM-PC,AMJB,JPM-PD,JPM-PJ,JPM-PK,JPM-PL,JPM-PM,VYLD",6021,National Commercial Banks,financials,2,421027210720.0,2023-06-30,2024-02-16,0000019617-24-000225,10-K,367,136,14,12,8
2024-07-01,59478,ELI LILLY & Co,LLY,2834,Pharmaceutical Preparations,healthcare,3,398291000000.0,2023-06-30,2024-02-21,0000059478-24-000065,10-K,367,131,15,8,8
2024-07-01,1403161,VISA INC.,V,7389,"Services-Business Services, NEC",financials,3,364900000000.0,2023-03-31,2023-11-15,0001403161-23-000099,10-K,458,229,16,16,8
2024-07-01,80424,PROCTER & GAMBLE Co,PG,2840,"Soap, Detergents, Cleang Preparations, Perfumes, Cosmetics",consumer,5,357000000000.0,2022-12-31,2023-08-04,0000080424-23-000073,10-K,548,332,17,19,8
2024-07-01,354950,"HOME DEPOT, INC.",HD,5211,Retail-Lumber & Other Building Materials Dealers,consumer,6,331500000000.0,2023-07-28,2024-03-13,0000354950-24-000062,10-K,339,110,18,20,8
2024-07-01,1141391,Mastercard Inc,MA,7389,"Services-Business Services, NEC",financials,4,328800000000.0,2023-06-30,2024-02-13,0001141391-24-000022,10-K,367,139,19,18,8
2024-07-01,93410,CHEVRON CORP,CVX,2911,Petroleum Refining,energy,2,293800000000.0,2023-06-30,2024-02-26,0000093410-24-000013,10-K,367,126,20,26,8
2024-07-01,310158,"Merck & Co., Inc.",MRK,2834,Pharmaceutical Preparations,healthcare,4,292929000000.0,2023-06-30,2024-04-11,0001193125-24-093194,10-K/A,367,81,21,22,8
2024-07-01,21344,COCA COLA CO,KO,2080,Beverages,consumer,7,258329040018.0,2023-06-30,2024-02-20,0000021344-24-000009,10-K,367,132,22,28,8
2024-07-01,77476,PEPSICO INC,PEP,2080,Beverages,consumer,8,255900000000.0,2023-06-16,2024-02-09,0000077476-24-000008,10-K,381,143,23,29,8
2024-07-01,1730168,Broadcom Inc.,AVGO,3674,Semiconductors & Related Devices,tech,6,253700000000.0,2023-04-28,2023-12-14,0001730168-23-000096,10-K,430,200,24,11,8
2024-07-01,1551152,AbbVie Inc.,ABBV,2834,Pharmaceutical Preparations,healthcare,5,235629692915.0,2023-06-30,2024-02-20,0001551152-24-000011,10-K,367,132,25,24,8
2024-07-01,104169,Walmart Inc.,WMT,5331,Retail-Variety Stores,consumer,9,228694206501.0,2023-07-31,2024-03-15,0000104169-24-000056,10-K,336,108,26,33,8
2024-07-01,70858,BANK OF AMERICA CORP /DE/,"BAC,BML-PG,BML-PL,BAC-PB,BAC-PK,BAC-PE,BAC-PL,BAC-PM,BAC-PN,BAC-PO,BAC-PP,BAC-PQ,BAC-PS,BACRP,BML-PH,BML-PJ,MER-PK",6021,National Commercial Banks,financials,5,228187725798.0,2023-06-30,2024-02-20,0000070858-24-000122,10-K,367,132,27,23,8
2024-07-01,63908,MCDONALDS CORP,MCD,5812,Retail-Eating  Places,consumer,10,217448941822.0,2023-06-30,2024-02-22,0000063908-24-000072,10-K,367,130,28,34,8
2024-07-01,78003,PFIZER INC,PFE,2834,Pharmaceutical Preparations,healthcare,6,207000000000.0,2023-07-02,2024-02-22,0000078003-24-000039,10-K,365,130,29,25,8
2024-07-01,97745,THERMO FISHER SCIENTIFIC INC.,TMO,3829,"Measuring & Controlling Devices, NEC",industrials,1,201176616000.0,2023-06-30,2024-02-22,0000097745-24-000007,10-K,367,130,30,35,8
2024-07-01,858877,"CISCO SYSTEMS, INC.",CSCO,3576,Computer Communications Equipment,tech,7,198600000000.0,2023-01-27,2023-09-07,0000858877-23-000023,10-K,521,298,31,37,8
2024-07-01,1108524,"Salesforce, Inc.",CRM,7372,Services-Prepackaged Software,tech,8,194100000000.0,2023-07-31,2024-03-06,0001108524-24-000005,10-K,336,117,32,40,8
2024-07-01,1065280,NETFLIX INC,NFLX,7841,Services-Video Tape Rental,consumer,11,192301932760.0,2023-06-30,2024-01-26,0001065280-24-000030,10-K,367,157,33,27,8
2024-07-01,1341439,ORACLE CORP,"ORCL,ORCL-PD",7372,Services-Prepackaged Software,tech,9,186225386000.0,2023-11-30,2024-06-20,0000950170-24-075605,10-K,214,11,34,42,8
2024-07-01,1707925,LINDE PLC,LIN,2810,Industrial Inorganic Chemicals,materials_realestate,1,186000000000.0,2023-06-30,2024-02-28,0001628280-24-007424,10-K,367,124,35,38,8
2024-07-01,1800,ABBOTT LABORATORIES,ABT,2834,Pharmaceutical Preparations,healthcare,7,185171334310.0,2023-06-30,2024-02-16,0001628280-24-005348,10-K,367,136,36,43,8
2024-07-01,1744489,Walt Disney Co,DIS,7990,Services-Miscellaneous Amusement & Recreation,consumer,12,182900000000.0,2023-04-01,2024-01-24,0001744489-24-000064,10-K/A,457,159,37,30,8
2024-07-01,2488,ADVANCED MICRO DEVICES INC,AMD,3674,Semiconductors & Related Devices,tech,10,182900000000.0,2023-06-30,2024-01-31,0000002488-24-000012,10-K,367,152,38,32,8
2024-07-01,1166691,COMCAST CORP,"CMCSA,CCZ",4841,Cable & Other Pay Television Services,consumer,13,170209000000.0,2023-06-30,2024-01-31,0001166691-24-000011,10-K,367,152,39,46,8
2024-07-01,97476,TEXAS INSTRUMENTS INC,TXN,3674,Semiconductors & Related Devices,tech,11,163230185912.0,2023-06-30,2024-02-02,0000097476-24-000007,10-K,367,150,40,44,8
2024-07-01,313616,DANAHER CORP /DE/,DHR,3823,"Industrial Instruments For Measurement, Display, and Control",industrials,2,158100000000.0,2023-06-30,2024-02-21,0000313616-24-000052,10-K,367,131,41,53,8
2024-07-01,732712,VERIZON COMMUNICATIONS INC,VZ,4813,Telephone Communications (No Radiotelephone),utilities,1,156300000000.0,2023-06-30,2024-02-09,0000732712-24-000010,10-K,367,143,42,36,8
2024-07-01,72971,WELLS FARGO & COMPANY/MN,"WFC,WFC-PY,WFC-PL,WFC-PC,WFCNP,WFC-PA,WFC-PD,WFC-PZ",6021,National Commercial Banks,financials,6,156300000000.0,2023-06-30,2024-02-20,0000072971-24-000064,10-K,367,132,43,39,8
2024-07-01,753308,NEXTERA ENERGY INC,"NEE,NEE-PN,NEE-PS,NEE-PT,NEE-PU,NEE-PV,NEE-PW",4911,Electric Services,utilities,2,150048196735.0,2023-06-30,2024-02-16,0000753308-24-000008,10-K,367,136,45,57,8
2024-07-01,101829,RTX Corp,RTX,3724,Aircraft Engines & Engine Parts,industrials,3,142484650285.0,2023-06-30,2024-02-05,0000101829-24-000008,10-K,367,147,47,63,8
2024-07-01,50863,INTEL CORP,INTC,3674,Semiconductors & Related Devices,tech,12,140000000000.0,2023-06-30,2024-01-26,0000050863-24-000010,10-K,367,157,48,59,8
2024-07-01,804328,QUALCOMM INC/DE,QCOM,3663,Radio & Tv Broadcasting & Communications Equipment,tech,13,138900000000.0,2023-03-24,2023-11-01,0000804328-23-000055,10-K,465,243,49,41,8
2024-07-01,773840,HONEYWELL INTERNATIONAL INC,HON,3724,Aircraft Engines & Engine Parts,industrials,4,137800000000.0,2023-06-30,2024-02-16,0000773840-24-000014,10-K,367,136,50,66,8
2024-07-01,895421,MORGAN STANLEY,"MS,MS-PK,MS-PE,MS-PA,MS-PF,MS-PI,MS-PL,MS-PO,MS-PP,MS-PQ",6211,"Security Brokers, Dealers & Flotation Companies",financials,7,136317364533.0,2023-06-30,2024-02-22,0000895421-24-000300,10-K,367,130,51,58,8
2024-07-01,14272,BRISTOL MYERS SQUIBB CO,"BMY,CELG-RI",2834,Pharmaceutical Preparations,healthcare,8,133498889520.0,2023-06-30,2024-02-13,0000014272-24-000044,10-K,367,139,52,52,8
2024-07-01,1090727,UNITED PARCEL SERVICE INC,UPS,4210,Trucking & Courier Services (No Air),industrials,5,129730366499.0,2023-06-30,2024-02-20,0001090727-24-000008,10-K,367,132,54,69,8
2024-07-01,64040,S&P Global Inc.,SPGI,7320,"Services-Consumer Credit Reporting, Collection Agencies",industrials,6,127500000000.0,2023-06-30,2024-02-09,0000064040-24-000071,10-K,367,143,55,73,8
2024-07-01,12927,BOEING CO,"BA,BA-PA",3721,Aircraft,industrials,7,127300000000.0,2023-12-31,2024-01-31,0000012927-24-000010,10-K,183,152,56,74,8
2024-07-01,18230,CATERPILLAR INC,CAT,3531,Construction Machinery & Equip,industrials,8,125000000000.0,2023-06-30,2024-02-16,0000018230-24-000009,10-K,367,136,57,75,8
2024-07-01,1163165,CONOCOPHILLIPS,COP,2911,Petroleum Refining,energy,3,124000000000.0,2023-06-30,2024-02-15,0001163165-24-000010,10-K,367,137,58,71,8
2024-07-01,100885,UNION PACIFIC CORP,UNP,4011,"Railroads, Line-Haul Operating",industrials,9,123000000000.0,2023-06-30,2024-02-09,0001437749-24-003599,10-K,367,143,59,67,8
2024-07-01,1035267,INTUITIVE SURGICAL INC,ISRG,3842,"Orthopedic, Prosthetic & Surgical Appliances & Supplies",healthcare,9,119600000000.0,2023-06-30,2024-01-31,0001035267-24-000021,10-K,367,152,61,56,8
2024-07-01,318154,AMGEN INC,AMGN,2836,"Biological Products, (No Diagnostic Substances)",healthcare,10,118556278405.0,2023-06-30,2024-02-14,0000318154-24-000011,10-K,367,138,62,49,8
2024-07-01,936468,LOCKHEED MARTIN CORP,LMT,3760,Guided Missiles & Space Vehicles & Parts,industrials,10,115200000000.0,2023-06-25,2024-01-23,0000936468-24-000010,10-K,372,160,65,89,8
2024-07-01,732717,AT&T INC.,"T,TBB,T-PA,T-PC",4813,Telephone Communications (No Radiotelephone),utilities,3,114000000000.0,2023-06-30,2024-02-23,0000732717-24-000009,10-K,367,129,66,60,8
2024-07-01,1045609,"Prologis, Inc.","PLD,PLDGP",6798,Real Estate Investment Trusts,materials_realestate,2,112988239238.0,2023-06-30,2024-02-13,0000950170-24-014539,10-K,367,139,67,92,8
2024-07-01,315189,DEERE & CO,DE,3523,Farm Machinery & Equipment,industrials,11,110752079592.0,2023-04-28,2023-12-15,0001558370-23-019812,10-K,430,199,68,88,8
2024-07-01,310764,STRYKER CORP,SYK,3841,Surgical & Medical Instruments & Apparatus,healthcare,11,109722902589.0,2023-06-30,2024-02-14,0000310764-24-000024,10-K,367,138,69,77,8
2024-07-01,886982,GOLDMAN SACHS GROUP INC,"GS,GSCE,GS-PA,GS-PC,GS-PD",6211,"Security Brokers, Dealers & Flotation Companies",financials,8,106200000000.0,2023-06-30,2024-02-28,0000886982-24-000012,10-K/A,367,124,70,64,8
2024-07-01,1156039,"Elevance Health, Inc.",ELV,6324,Hospital & Medical Service Plans,healthcare,12,104634460663.0,2023-06-30,2024-02-21,0001156039-24-000015,10-K,367,131,71,86,8
2024-07-01,1364742,"BlackRock Finance, Inc.",,6211,"Security Brokers, Dealers & Flotation Companies",financials,9,102000000000.0,2023-06-30,2024-02-23,0000950170-24-019271,10-K,367,129,72,96,8
2024-07-01,1075531,Booking Holdings Inc.,BKNG,4700,Transportation Services,industrials,12,97200000000.0,2023-06-30,2024-02-22,0001075531-24-000014,10-K,367,130,75,70,8
2024-07-01,316709,SCHWAB CHARLES CORP,"SCHW,SCHW-PD,SCHW-PJ",6211,"Security Brokers, Dealers & Flotation Companies",financials,10,94100000000.0,2023-06-30,2024-02-23,0000316709-24-000018,10-K,367,129,77,78,8
2024-07-01,62709,"MARSH & MCLENNAN COMPANIES, INC.",MRSH,6411,"Insurance Agents, Brokers & Service",financials,11,92849878606.0,2023-06-30,2024-02-12,0000062709-24-000016,10-K,367,140,78,94,8
2024-07-01,1613103,Medtronic plc,MDT,3845,Electromedical & Electrotherapeutic Apparatus,healthcare,13,92400000000.0,2023-10-27,2024-06-20,0001613103-24-000072,10-K,248,11,79,87,8
2024-07-01,1053507,AMERICAN TOWER CORP /MA/,AMT,6798,Real Estate Investment Trusts,materials_realestate,3,90200000000.0,2023-06-30,2024-02-27,0001053507-24-000011,10-K,367,125,81,83,8
2024-07-01,831001,CITIGROUP INC,"C,C-PN,C-PR",6021,National Commercial Banks,financials,12,88400000000.0,2023-06-30,2024-02-23,0000831001-24-000033,10-K,367,129,83,82,8
2024-07-01,1543151,"Uber Technologies, Inc",UBER,7389,"Services-Business Services, NEC",financials,13,87900000000.0,2023-06-30,2024-02-15,0001543151-24-000012,10-K,367,137,84,61,8
2024-07-01,92122,SOUTHERN CO,"SO,SOJC,SOJD,SOJE,SOJF,SOMN",4911,Electric Services,utilities,4,76600000000.0,2023-06-30,2024-02-15,0000092122-24-000009,10-K,367,137,95,107,8
2024-07-01,895728,ENBRIDGE INC,"ENB,EBBNF,EBBGF,EBGEF,EBRGF,EBRZF,ENBFF,ENBGF,ENBHF,ENBMF,ENBNF,ENBOF,ENBRF,ENBSF,ENFFF,ENNPF",4610,Pipe Lines (No Natural Gas),energy,4,75100000000.0,2023-06-30,2024-03-13,0001193125-24-066168,10-K/A,367,110,97,104,8
2024-07-01,1283699,"T-Mobile US, Inc.","TMUS,TMUSI,TMUSL,TMUSZ",4812,Radiotelephone Communications,utilities,5,73200000000.0,2023-06-30,2024-02-02,0001283699-24-000008,10-K,367,150,100,103,8
2024-07-01,1101239,EQUINIX INC,EQIX,6798,Real Estate Investment Trusts,materials_realestate,4,73000000000.0,2023-06-30,2024-02-16,0001628280-24-005350,10-K,367,136,101,130,8
2024-07-01,823768,WASTE MANAGEMENT INC,WM,4953,Refuse Systems,utilities,6,70100000000.0,2023-06-30,2024-02-13,0001558370-24-001049,10-K,367,139,104,106,8
2024-07-01,87347,SLB LIMITED/NV,SLB,1389,"Oil & Gas Field Services, NEC",energy,5,69700000000.0,2023-06-30,2024-01-24,0000950170-24-006884,10-K,367,159,105,138,8
2024-07-01,821189,EOG RESOURCES INC,EOG,1311,Crude Petroleum & Natural Gas,energy,6,66533000000.0,2023-06-30,2024-02-22,0000821189-24-000011,10-K,367,130,109,133,8
2024-07-01,2969,"Air Products & Chemicals, Inc.",APD,2810,Industrial Inorganic Chemicals,materials_realestate,5,63600000000.0,2023-03-31,2023-11-16,0000002969-23-000047,10-K,458,228,115,151,8
2024-07-01,831259,FREEPORT-MCMORAN INC,FCX,1000,Metal Mining,materials_realestate,6,57100000000.0,2023-06-30,2024-02-16,0000831259-24-000011,10-K,367,136,122,139,8
2024-07-01,797468,OCCIDENTAL PETROLEUM CORP /DE/,"OXY,OXY-WT",1311,Crude Petroleum & Natural Gas,energy,7,51700000000.0,2023-06-30,2024-02-14,0000797468-24-000034,10-K,367,138,136,161,8
2024-07-01,1051470,CROWN CASTLE INC.,CCI,6798,Real Estate Investment Trusts,materials_realestate,7,49200000000.0,2023-06-30,2024-02-23,0001051470-24-000062,10-K,367,129,143,131,8
2024-07-01,1060391,"REPUBLIC SERVICES, INC.",RSG,4953,Refuse Systems,utilities,7,48400000000.0,2023-06-30,2024-02-29,0001060391-24-000142,10-K,367,123,145,156,8
2024-07-01,1038357,PIONEER NATURAL RESOURCES CO,,1311,Crude Petroleum & Natural Gas,energy,8,48037455068.0,2023-06-30,2024-04-29,0001193125-24-119644,10-K/A,367,63,147,180,8
2024-07-01,1510295,Marathon Petroleum Corp,MPC,2911,Petroleum Refining,energy,9,47200000000.0,2023-06-30,2024-02-28,0001510295-24-000015,10-K,367,124,150,163,8
2024-07-01,55785,KIMBERLY CLARK CORP,KMB,2670,Converted Paper & Paperboard Prods (No Contaners/Boxes),materials_realestate,8,46700000000.0,2023-06-30,2024-02-08,0000055785-24-000018,10-K,367,144,152,210,8
2024-07-01,1032208,SEMPRA,"SRE,SREA",4932,Gas & Other Services Combined,utilities,8,45800000000.0,2023-06-30,2024-02-27,0001032208-24-000007,10-K,367,125,155,204,8
2024-07-01,4904,AMERICAN ELECTRIC POWER CO INC,AEP,4911,Electric Services,utilities,9,44304742057.0,2023-06-30,2024-02-26,0000004904-24-000020,10-K,367,126,157,196,8
2024-07-01,715957,"DOMINION ENERGY, INC",D,4911,Electric Services,utilities,10,43300000000.0,2023-06-30,2024-02-23,0000950170-24-019110,10-K,367,129,160,147,8
2024-07-01,1534701,Phillips 66,PSX,2911,Petroleum Refining,energy,10,42400000000.0,2023-06-30,2024-02-21,0001534701-24-000078,10-K,367,131,164,164,8
2024-07-01,726728,REALTY INCOME CORP,O,6798,Real Estate Investment Trusts,materials_realestate,9,42300000000.0,2023-06-30,2024-02-21,0000726728-24-000047,10-K,367,131,165,214,8
2024-07-01,1035002,VALERO ENERGY CORP/TX,VLO,2911,Petroleum Refining,energy,11,41400000000.0,2023-06-30,2024-02-22,0001035002-24-000007,10-K,367,130,167,190,8
2024-07-01,766704,WELLTOWER INC.,WELL,6798,Real Estate Investment Trusts,materials_realestate,10,41131361000.0,2023-06-30,2024-02-15,0000766704-24-000008,10-K,367,137,175,152,8
2024-07-01,73309,NUCOR CORP,NUE,3312,"Steel Works, Blast Furnaces & Rolling Mills (Coke Ovens)",materials_realestate,11,40560000000.0,2023-07-01,2024-02-27,0000950170-24-021195,10-K,366,125,180,239,8
2024-07-01,1109357,EXELON CORP,EXC,4931,Electric & Other Services Combined,utilities,11,40536144047.0,2023-06-30,2024-02-21,0001109357-24-000053,10-K,367,131,181,220,8
2024-07-01,1061219,ENTERPRISE PRODUCTS PARTNERS L.P.,"EPD,EPDU",4922,Natural Gas Transmission,energy,12,38720000000.0,2023-06-30,2024-02-28,0001061219-24-000006,10-K,367,124,190,226,8
2024-07-01,1063761,SIMON PROPERTY GROUP INC.,"SPG,SPG-PJ",6798,Real Estate Investment Trusts,materials_realestate,12,37467000000.0,2023-06-30,2024-02-22,0001558370-24-001532,10-K,367,130,197,199,8
2024-07-01,1318220,"Waste Connections, Inc.",WCN,4953,Refuse Systems,utilities,12,36709829221.0,2023-06-30,2024-02-14,0001558370-24-001109,10-K,367,138,207,217,8
2025-07-01,789019,MICROSOFT CORP,MSFT,7372,Services-Prepackaged Software,tech,1,2800000000000.0,2023-12-31,2024-07-30,0000950170-24-087843,10-K,548,336,1,2,8
2025-07-01,1045810,NVIDIA CORP,NVDA,3674,Semiconductors & Related Devices,tech,2,2700000000000.0,2024-07-26,2025-02-26,0001045810-25-000023,10-K,340,125,2,3,8
2025-07-01,320193,Apple Inc.,AAPL,3571,Electronic Computers,tech,3,2628553000000.0,2024-03-29,2024-11-01,0000320193-24-000123,10-K,459,242,3,1,8
2025-07-01,1652044,Alphabet Inc.,"GOOGL,GOOG,GOOGM,GOOGN",7370,"Services-Computer Programming, Data Processing, Etc.",tech,4,2000000000000.0,2024-06-28,2025-02-05,0001652044-25-000014,10-K,368,146,4,5,8
2025-07-01,1018724,AMAZON COM INC,AMZN,5961,Retail-Catalog & Mail-Order Houses,consumer,1,1815014489485.0,2024-06-30,2025-02-07,0001018724-25-000004,10-K,366,144,5,4,8
2025-07-01,1326801,"Meta Platforms, Inc.",META,7370,"Services-Computer Programming, Data Processing, Etc.",tech,5,1103000000000.0,2024-06-30,2025-01-30,0001326801-25-000017,10-K,366,152,6,6,8
2025-07-01,59478,ELI LILLY & Co,LLY,2834,Pharmaceutical Preparations,healthcare,1,769792000000.0,2024-06-30,2025-02-19,0000059478-25-000067,10-K,366,132,7,11,8
2025-07-01,1067983,BERKSHIRE HATHAWAY INC,"BRK-B,BRK-A",6331,"Fire, Marine & Casualty Insurance",financials,1,749400000000.0,2024-06-30,2025-02-24,0000950170-25-025210,10-K,366,127,8,8,8
2025-07-01,1853513,"Mister Car Wash, Inc.",MCW,7500,"Services-Automotive Repair, Services & Parking",consumer,2,675479256000.0,2024-06-30,2025-02-21,0000950170-25-024533,10-K,366,130,9,10,8
2025-07-01,1730168,Broadcom Inc.,AVGO,3674,Semiconductors & Related Devices,tech,6,583100000000.0,2024-05-03,2024-12-20,0001730168-24-000139,10-K,424,193,10,7,8
2025-07-01,19617,JPMORGAN CHASE & CO,"JPM,JPM-PC,AMJB,JPM-PD,JPM-PJ,JPM-PK,JPM-PL,JPM-PM,VYLD",6021,National Commercial Banks,financials,2,573443601053.0,2024-06-30,2025-02-14,0000019617-25-000270,10-K,366,137,11,12,8
2025-07-01,1318605,"Tesla, Inc.",TSLA,3711,Motor Vehicles & Passenger Car Bodies,consumer,3,550170000000.0,2024-06-28,2025-04-30,0001104659-25-042659,10-K/A,368,62,12,9,8
2025-07-01,34088,EXXON MOBIL CORP,,2911,Petroleum Refining,energy,1,511000000000.0,2024-06-28,2025-02-19,0000034088-25-000010,10-K,368,132,13,15,8
2025-07-01,731766,UNITEDHEALTH GROUP INC,UNH,6324,Hospital & Medical Service Plans,healthcare,2,468433146650.0,2024-06-30,2025-02-27,0000731766-25-000063,10-K,366,124,14,18,8
2025-07-01,1403161,VISA INC.,V,7389,"Services-Business Services, NEC",financials,3,439300000000.0,2024-03-28,2024-11-13,0001403161-24-000058,10-K,460,230,15,13,8
2025-07-01,1141391,Mastercard Inc,MA,7389,"Services-Business Services, NEC",financials,4,364400000000.0,2024-06-28,2025-02-12,0001141391-25-000011,10-K,368,139,16,16,8
2025-07-01,354950,"HOME DEPOT, INC.",HD,5211,Retail-Lumber & Other Building Materials Dealers,consumer,4,356900000000.0,2024-07-26,2025-03-21,0000354950-25-000085,10-K,340,102,17,21,8
2025-07-01,200406,JOHNSON & JOHNSON,JNJ,2834,Pharmaceutical Preparations,healthcare,3,352000000000.0,2024-06-30,2025-02-13,0000200406-25-000038,10-K,366,138,18,19,8
2025-07-01,80424,PROCTER & GAMBLE Co,PG,2840,"Soap, Detergents, Cleang Preparations, Perfumes, Cosmetics",consumer,5,345000000000.0,2023-12-31,2024-08-05,0000080424-24-000083,10-K,548,330,19,20,8
2025-07-01,310158,"Merck & Co., Inc.",MRK,2834,Pharmaceutical Preparations,healthcare,4,313799000000.0,2024-06-28,2025-02-25,0001628280-25-007732,10-K,368,126,20,24,8
2025-07-01,70858,BANK OF AMERICA CORP /DE/,"BAC,BML-PG,BML-PL,BAC-PB,BAC-PK,BAC-PE,BAC-PL,BAC-PM,BAC-PN,BAC-PO,BAC-PP,BAC-PQ,BAC-PS,BACRP,BML-PH,BML-PJ,MER-PK",6021,National Commercial Banks,financials,5,309201944388.0,2024-06-30,2025-02-25,0000070858-25-000139,10-K,366,126,21,22,8
2025-07-01,1341439,ORACLE CORP,"ORCL,ORCL-PD",7372,Services-Prepackaged Software,tech,7,305793119000.0,2024-11-29,2025-06-18,0000950170-25-087926,10-K,214,13,22,25,8
2025-07-01,1551152,AbbVie Inc.,ABBV,2834,Pharmaceutical Preparations,healthcare,5,300173162268.0,2024-06-30,2025-02-14,0001551152-25-000020,10-K,366,137,23,23,8
2025-07-01,104169,Walmart Inc.,WMT,5331,Retail-Variety Stores,consumer,6,297576699886.0,2024-07-31,2025-03-14,0000104169-25-000021,10-K,335,109,24,28,8
2025-07-01,1065280,NETFLIX INC,NFLX,7841,Services-Video Tape Rental,consumer,7,287180927160.0,2024-06-30,2025-01-27,0001065280-25-000044,10-K,366,155,25,14,8
2025-07-01,93410,CHEVRON CORP,CVX,2911,Petroleum Refining,energy,2,286100000000.0,2024-06-28,2025-02-21,0000093410-25-000009,10-K,368,130,26,29,8
2025-07-01,21344,COCA COLA CO,KO,2080,Beverages,consumer,8,272048494989.0,2024-06-28,2025-02-20,0000021344-25-000011,10-K,368,131,27,26,8
2025-07-01,2488,ADVANCED MICRO DEVICES INC,AMD,3674,Semiconductors & Related Devices,tech,8,261400000000.0,2024-06-28,2025-02-05,0000002488-25-000012,10-K,368,146,28,37,8
2025-07-01,77476,PEPSICO INC,PEP,2080,Beverages,consumer,9,224800000000.0,2024-06-14,2025-02-04,0000077476-25-000007,10-K,382,147,29,34,8
2025-07-01,1744489,Walt Disney Co,DIS,7990,Services-Miscellaneous Amusement & Recreation,consumer,10,223400000000.0,2024-03-30,2024-11-14,0001744489-24-000276,10-K,458,229,30,39,8
2025-07-01,858877,"CISCO SYSTEMS, INC.",CSCO,3576,Computer Communications Equipment,tech,9,211100000000.0,2024-01-26,2024-09-05,0000858877-24-000017,10-K,522,299,31,35,8
2025-07-01,97745,THERMO FISHER SCIENTIFIC INC.,TMO,3829,"Measuring & Controlling Devices, NEC",industrials,1,211032682000.0,2024-06-28,2025-02-20,0000097745-25-000010,10-K,368,131,32,45,8
2025-07-01,1707925,LINDE PLC,LIN,2810,Industrial Inorganic Chemicals,materials_realestate,1,210000000000.0,2024-06-30,2025-02-26,0001628280-25-007990,10-K,366,125,33,41,8
2025-07-01,1108524,"Salesforce, Inc.",CRM,7372,Services-Prepackaged Software,tech,10,206500000000.0,2024-07-31,2025-03-05,0001108524-25-000006,10-K,335,118,34,48,8
2025-07-01,72971,WELLS FARGO & COMPANY/MN,"WFC,WFC-PY,WFC-PL,WFC-PC,WFCNP,WFC-PA,WFC-PD,WFC-PZ",6021,National Commercial Banks,financials,6,201600000000.0,2024-06-28,2025-02-25,0000072971-25-000066,10-K,368,126,35,33,8
2025-07-01,804328,QUALCOMM INC/DE,QCOM,3663,Radio & Tv Broadcasting & Communications Equipment,tech,11,190000000000.0,2024-03-22,2024-11-06,0000804328-24-000075,10-K,466,237,36,51,8
2025-07-01,63908,MCDONALDS CORP,MCD,5812,Retail-Eating  Places,consumer,11,182778968633.0,2024-06-28,2025-02-25,0000063908-25-000012,10-K,368,126,37,43,8
2025-07-01,97476,TEXAS INSTRUMENTS INC,TXN,3674,Semiconductors & Related Devices,tech,12,177352918130.0,2024-06-30,2025-02-14,0000097476-25-000007,10-K,366,137,38,52,8
2025-07-01,1800,ABBOTT LABORATORIES,ABT,2834,Pharmaceutical Preparations,healthcare,6,177073983959.0,2024-06-28,2025-02-21,0001628280-25-007110,10-K,368,130,39,38,8
2025-07-01,732712,VERIZON COMMUNICATIONS INC,VZ,4813,Telephone Communications (No Radiotelephone),utilities,1,173600000000.0,2024-06-30,2025-02-12,0000732712-25-000006,10-K,366,139,40,55,8
2025-07-01,896878,INTUIT INC.,INTU,7372,Services-Prepackaged Software,tech,13,172100000000.0,2024-01-31,2024-09-04,0000896878-24-000039,10-K,517,300,41,57,8
2025-07-01,318154,AMGEN INC,AMGN,2836,"Biological Products, (No Diagnostic Substances)",healthcare,7,167600000000.0,2024-06-30,2025-02-14,0000318154-25-000010,10-K,366,137,43,60,8
2025-07-01,313616,DANAHER CORP /DE/,DHR,3823,"Industrial Instruments For Measurement, Display, and Control",industrials,2,161100000000.0,2024-06-30,2025-02-20,0000313616-25-000043,10-K,366,131,44,62,8
2025-07-01,18230,CATERPILLAR INC,CAT,3531,Construction Machinery & Equip,industrials,3,160300000000.0,2024-12-31,2025-02-14,0000018230-25-000008,10-K,182,137,45,64,8
2025-07-01,1413329,Philip Morris International Inc.,PM,2111,Cigarettes,consumer,12,158000000000.0,2024-06-30,2025-02-06,0001413329-25-000013,10-K,366,145,47,30,8
2025-07-01,78003,PFIZER INC,PFE,2834,Pharmaceutical Preparations,healthcare,8,158000000000.0,2024-06-30,2025-02-27,0000078003-25-000054,10-K,366,124,48,47,8
2025-07-01,1035267,INTUITIVE SURGICAL INC,ISRG,3842,"Orthopedic, Prosthetic & Surgical Appliances & Supplies",healthcare,9,157300000000.0,2024-06-30,2025-01-31,0001035267-25-000017,10-K,366,151,49,50,8
2025-07-01,895421,MORGAN STANLEY,"MS,MS-PK,MS-PE,MS-PA,MS-PF,MS-PI,MS-PL,MS-PO,MS-PP,MS-PQ",6211,"Security Brokers, Dealers & Flotation Companies",financials,7,151625027283.0,2024-06-30,2025-02-21,0000895421-25-000304,10-K,366,130,50,42,8
2025-07-01,1166691,COMCAST CORP,"CMCSA,CCZ",4841,Cable & Other Pay Television Services,consumer,13,150621000000.0,2024-06-30,2025-01-31,0001166691-25-000011,10-K,366,151,51,58,8
2025-07-01,1543151,"Uber Technologies, Inc",UBER,7389,"Services-Business Services, NEC",financials,8,147000000000.0,2024-06-28,2025-02-14,0001543151-25-000008,10-K,368,137,52,53,8
2025-07-01,753308,NEXTERA ENERGY INC,"NEE,NEE-PN,NEE-PS,NEE-PT,NEE-PU,NEE-PV,NEE-PW",4911,Electric Services,utilities,2,145437269170.0,2024-06-28,2025-02-14,0000753308-25-000011,10-K,368,137,53,71,8
2025-07-01,886982,GOLDMAN SACHS GROUP INC,"GS,GSCE,GS-PA,GS-PC,GS-PD",6211,"Security Brokers, Dealers & Flotation Companies",financials,9,142300000000.0,2024-06-30,2025-02-27,0000886982-25-000005,10-K,366,124,54,44,8
2025-07-01,773840,HONEYWELL INTERNATIONAL INC,HON,3724,Aircraft Engines & Engine Parts,industrials,4,138700000000.0,2024-06-30,2025-02-14,0000773840-25-000010,10-K,366,137,56,72,8
2025-07-01,100885,UNION PACIFIC CORP,UNP,4011,"Railroads, Line-Haul Operating",industrials,5,137800000000.0,2024-06-28,2025-02-07,0000100885-25-000042,10-K,368,144,57,79,8
2025-07-01,732717,AT&T INC.,"T,TBB,T-PA,T-PC",4813,Telephone Communications (No Radiotelephone),utilities,3,137000000000.0,2024-06-30,2025-02-12,0000732717-25-000013,10-K,366,139,58,46,8
2025-07-01,101829,RTX Corp,RTX,3724,Aircraft Engines & Engine Parts,industrials,6,133428194600.0,2024-06-30,2025-02-03,0000101829-25-000005,10-K,366,148,61,49,8
2025-07-01,1075531,Booking Holdings Inc.,BKNG,4700,Transportation Services,industrials,7,133100000000.0,2024-06-30,2025-02-20,0001075531-25-000010,10-K,366,131,62,54,8
2025-07-01,1163165,CONOCOPHILLIPS,COP,2911,Petroleum Refining,energy,3,132700000000.0,2024-06-30,2025-02-18,0001163165-25-000012,10-K,366,133,63,83,8
2025-07-01,64040,S&P Global Inc.,SPGI,7320,"Services-Consumer Credit Reporting, Collection Agencies",industrials,8,127500000000.0,2023-06-30,2024-02-09,0000064040-24-000071,10-K,732,508,65,63,8
2025-07-01,1551182,Eaton Corp plc,ETN,3590,Misc Industrial & Commercial Machinery & Equipment,industrials,9,124800000000.0,2024-06-30,2025-02-27,0001551182-25-000006,10-K,366,124,66,78,8
2025-07-01,310764,STRYKER CORP,SYK,3841,Surgical & Medical Instruments & Apparatus,healthcare,10,123147898554.0,2024-06-30,2025-02-12,0000310764-25-000023,10-K,366,139,67,73,8
2025-07-01,316709,SCHWAB CHARLES CORP,"SCHW,SCHW-PD,SCHW-PJ",6211,"Security Brokers, Dealers & Flotation Companies",financials,10,122800000000.0,2024-06-30,2025-02-26,0000316709-25-000010,10-K,366,125,68,68,8
2025-07-01,875320,VERTEX PHARMACEUTICALS INC / MA,VRTX,2834,Pharmaceutical Preparations,healthcare,11,121800000000.0,2024-06-28,2025-02-13,0000875320-25-000053,10-K,368,138,69,88,8
2025-07-01,80661,PROGRESSIVE CORP/OH/,PGR,6331,"Fire, Marine & Casualty Insurance",financials,11,120872430194.0,2024-06-30,2025-03-03,0000080661-25-000007,10-K,366,120,70,70,8
2025-07-01,831001,CITIGROUP INC,"C,C-PN,C-PR",6021,National Commercial Banks,financials,12,120800000000.0,2024-06-30,2025-02-21,0000831001-25-000067,10-K,366,130,71,69,8
2025-07-01,1156039,"Elevance Health, Inc.",ELV,6324,Hospital & Medical Service Plans,healthcare,12,116687067115.0,2024-06-30,2025-02-20,0001156039-25-000010,10-K,366,131,72,92,8
2025-07-01,1613103,Medtronic plc,MDT,3845,Electromedical & Electrotherapeutic Apparatus,healthcare,13,116200000000.0,2024-10-25,2025-06-20,0001613103-25-000091,10-K,249,11,73,93,8
2025-07-01,12927,BOEING CO,"BA,BA-PA",3721,Aircraft,industrials,10,112000000000.0,2024-06-30,2025-02-03,0000012927-25-000015,10-K,366,148,76,67,8
2025-07-01,936468,LOCKHEED MARTIN CORP,LMT,3760,Guided Missiles & Space Vehicles & Parts,industrials,11,110800000000.0,2024-06-28,2025-01-28,0000936468-25-000009,10-K,368,154,77,94,8
2025-07-01,315189,DEERE & CO,DE,3523,Farm Machinery & Equipment,industrials,12,108321022524.0,2024-04-26,2024-12-12,0001558370-24-016169,10-K,431,201,78,86,8
2025-07-01,1045609,"Prologis, Inc.","PLD,PLDGP",6798,Real Estate Investment Trusts,materials_realestate,2,103726874356.0,2024-06-30,2025-02-14,0000950170-25-021272,10-K,366,137,80,97,8
2025-07-01,62709,"MARSH & MCLENNAN COMPANIES, INC.",MRSH,6411,"Insurance Agents, Brokers & Service",financials,13,103586269063.0,2024-06-30,2025-02-10,0000062709-25-000015,10-K,366,141,81,100,8
2025-07-01,1053507,AMERICAN TOWER CORP /MA/,AMT,6798,Real Estate Investment Trusts,materials_realestate,3,90700000000.0,2024-06-30,2025-02-25,0001053507-25-000025,10-K,366,126,87,105,8
2025-07-01,1283699,"T-Mobile US, Inc.","TMUS,TMUSI,TMUSL,TMUSZ",4812,Radiotelephone Communications,utilities,4,86000000000.0,2024-06-28,2025-01-31,0001283699-25-000012,10-K,368,151,91,98,8
2025-07-01,823768,WASTE MANAGEMENT INC,WM,4953,Refuse Systems,utilities,5,85400000000.0,2024-06-30,2025-02-19,0001558370-25-001132,10-K,366,132,93,120,8
2025-07-01,92122,SOUTHERN CO,"SO,SOJC,SOJD,SOJE,SOJF,SOMN",4911,Electric Services,utilities,6,84900000000.0,2024-06-30,2025-02-20,0000092122-25-000018,10-K,366,131,94,110,8
2025-07-01,895728,ENBRIDGE INC,"ENB,EBBNF,EBBGF,EBGEF,EBRGF,EBRZF,ENBFF,ENBGF,ENBHF,ENBMF,ENBNF,ENBOF,ENBRF,ENBSF,ENFFF,ENNPF",4610,Pipe Lines (No Natural Gas),energy,4,77500000000.0,2024-06-30,2025-02-14,0000895728-25-000006,10-K,366,137,103,114,8
2025-07-01,1101239,EQUINIX INC,EQIX,6798,Real Estate Investment Trusts,materials_realestate,4,71800000000.0,2024-06-30,2025-02-12,0001628280-25-005126,10-K,366,139,111,137,8
2025-07-01,821189,EOG RESOURCES INC,EOG,1311,Crude Petroleum & Natural Gas,energy,5,71585000000.0,2024-06-30,2025-02-27,0000821189-25-000011,10-K,366,124,112,149,8
2025-07-01,831259,FREEPORT-MCMORAN INC,FCX,1000,Metal Mining,materials_realestate,5,69500000000.0,2024-06-30,2025-02-14,0000831259-25-000006,10-K,366,137,119,156,8
2025-07-01,87347,SLB LIMITED/NV,SLB,1389,"Oil & Gas Field Services, NEC",energy,6,66860000000.0,2024-06-30,2025-01-22,0000950170-25-007638,10-K,366,160,123,155,8
2025-07-01,766704,WELLTOWER INC.,WELL,6798,Real Estate Investment Trusts,materials_realestate,6,63435707000.0,2024-06-30,2025-02-12,0000766704-25-000009,10-K,366,139,129,108,8
2025-07-01,1868275,Constellation Energy Corp,CEG,4911,Electric Services,utilities,7,62564709888.0,2024-06-30,2025-02-18,0001868275-25-000023,10-K,366,133,131,111,8
2025-07-01,1060391,"REPUBLIC SERVICES, INC.",RSG,4953,Refuse Systems,utilities,8,61000000000.0,2024-06-30,2025-02-14,0001060391-25-000091,10-K,366,137,134,138,8
2025-07-01,797468,OCCIDENTAL PETROLEUM CORP /DE/,"OXY,OXY-WT",1311,Crude Petroleum & Natural Gas,energy,7,59200000000.0,2024-06-28,2025-02-18,0000797468-25-000029,10-K,368,133,139,183,8
2025-07-01,1510295,Marathon Petroleum Corp,MPC,2911,Petroleum Refining,energy,8,59000000000.0,2024-06-30,2025-02-27,0001510295-25-000012,10-K,366,124,141,184,8
2025-07-01,1534701,Phillips 66,PSX,2911,Petroleum Refining,energy,9,59000000000.0,2024-06-28,2025-02-21,0001534701-25-000074,10-K,368,130,142,185,8
2025-07-01,2969,"Air Products & Chemicals, Inc.",APD,2810,Industrial Inorganic Chemicals,materials_realestate,7,53700000000.0,2024-03-31,2024-11-21,0000002969-24-000056,10-K,457,222,149,164,8
2025-07-01,1035002,VALERO ENERGY CORP/TX,VLO,2911,Petroleum Refining,energy,10,50200000000.0,2024-06-28,2025-02-26,0001035002-25-000005,10-K,368,125,161,219,8
2025-07-01,1297996,"DIGITAL REALTY TRUST, INC.","DLR,DLR-PK,DLR-PJ,DLR-PL",6798,Real Estate Investment Trusts,materials_realestate,8,50000000000.0,2024-06-28,2025-02-25,0001558370-25-001424,10-K,368,126,162,186,8
2025-07-01,107263,"WILLIAMS COMPANIES, INC.",WMB,4922,Natural Gas Transmission,energy,11,49974668630.0,2024-06-30,2025-02-25,0000107263-25-000031,10-K,366,126,163,158,8
2025-07-01,1276187,Energy Transfer LP,"ET,ET-PI",4922,Natural Gas Transmission,energy,12,49100000000.0,2024-06-30,2025-03-13,0001276187-25-000037,10-K/A,366,110,166,198,8
2025-07-01,1063761,SIMON PROPERTY GROUP INC.,"SPG,SPG-PJ",6798,Real Estate Investment Trusts,materials_realestate,9,49060000000.0,2024-06-30,2025-02-21,0001558370-25-001271,10-K,366,130,167,213,8
2025-07-01,1164727,NEWMONT Corp /DE/,"NEM,NEMCL",1040,Gold and Silver Ores,materials_realestate,10,48153562623.0,2024-06-30,2025-02-21,0001164727-25-000011,10-K,366,130,170,171,8
2025-07-01,1032208,SEMPRA,"SRE,SREA",4932,Gas & Other Services Combined,utilities,9,48100000000.0,2024-06-28,2025-02-25,0001032208-25-000012,10-K,368,126,171,220,8
2025-07-01,4904,AMERICAN ELECTRIC POWER CO INC,AEP,4911,Electric Services,utilities,10,46757322914.0,2024-06-30,2025-02-13,0000004904-25-000027,10-K,366,138,175,196,8
2025-07-01,55785,KIMBERLY CLARK CORP,KMB,2670,Converted Paper & Paperboard Prods (No Contaners/Boxes),materials_realestate,11,46600000000.0,2024-06-30,2025-02-13,0000055785-25-000013,10-K,366,138,176,231,8
2025-07-01,726728,REALTY INCOME CORP,O,6798,Real Estate Investment Trusts,materials_realestate,12,45900000000.0,2024-06-30,2025-02-25,0000726728-25-000055,10-K,366,126,178,212,8
2025-07-01,1318220,"Waste Connections, Inc.",WCN,4953,Refuse Systems,utilities,11,45132941596.0,2024-06-30,2025-02-13,0001558370-25-000893,10-K,366,138,182,226,8
2025-07-01,715957,"DOMINION ENERGY, INC",D,4911,Electric Services,utilities,12,41100000000.0,2024-06-30,2025-02-27,0000950170-25-028387,10-K,366,124,199,225,8
2026-07-01,1045810,NVIDIA CORP,NVDA,3674,Semiconductors & Related Devices,tech,1,4000000000000.0,2025-07-25,2026-02-25,0001045810-26-000021,10-K,341,126,1,1,8
2026-07-01,320193,Apple Inc.,AAPL,3571,Electronic Computers,tech,2,3253431000000.0,2025-03-28,2025-10-31,0000320193-25-000079,10-K,460,243,2,3,8
2026-07-01,789019,MICROSOFT CORP,MSFT,7372,Services-Prepackaged Software,tech,3,3100000000000.0,2024-12-31,2025-07-30,0000950170-25-100235,10-K,547,336,3,2,8
2026-07-01,1018724,AMAZON COM INC,AMZN,5961,Retail-Catalog & Mail-Order Houses,consumer,1,2118061430046.0,2025-06-30,2026-02-06,0001018724-26-000004,10-K,366,145,4,4,8
2026-07-01,1652044,Alphabet Inc.,"GOOGL,GOOG,GOOGM,GOOGN",7370,"Services-Computer Programming, Data Processing, Etc.",tech,4,1900000000000.0,2025-06-30,2026-02-05,0001652044-26-000018,10-K,366,146,5,5,8
2026-07-01,1326801,"Meta Platforms, Inc.",META,7370,"Services-Computer Programming, Data Processing, Etc.",tech,5,1600000000000.0,2025-06-30,2026-01-29,0001628280-26-003942,10-K,366,153,6,6,8
2026-07-01,1730168,Broadcom Inc.,AVGO,3674,Semiconductors & Related Devices,tech,6,939200000000.0,2025-05-02,2025-12-18,0001730168-25-000121,10-K,425,195,7,7,8
2026-07-01,1067983,BERKSHIRE HATHAWAY INC,"BRK-B,BRK-A",6331,"Fire, Marine & Casualty Insurance",financials,1,902700000000.0,2025-06-30,2026-03-02,0001193125-26-083899,10-K,366,121,8,8,8
2026-07-01,1318605,"Tesla, Inc.",TSLA,3711,Motor Vehicles & Passenger Car Bodies,consumer,2,892930000000.0,2025-06-30,2026-01-29,0001628280-26-003952,10-K,366,153,9,9,8
2026-07-01,59478,ELI LILLY & Co,LLY,2834,Pharmaceutical Preparations,healthcare,1,807887000000.0,2025-06-30,2026-02-12,0000059478-26-000013,10-K,366,139,10,10,8
2026-07-01,19617,JPMORGAN CHASE & CO,"JPM,JPM-PC,AMJB,JPM-PD,JPM-PJ,JPM-PK,JPM-PL,JPM-PM,VYLD",6021,National Commercial Banks,financials,2,794433813496.0,2025-06-30,2026-02-13,0001628280-26-008131,10-K,366,138,11,11,8
2026-07-01,1853513,"Mister Car Wash, Inc.",MCW,7500,"Services-Automotive Repair, Services & Parking",consumer,3,603562916000.0,2025-06-30,2026-04-28,0001193125-26-187037,10-K/A,366,64,12,12,8
2026-07-01,1403161,VISA INC.,V,7389,"Services-Business Services, NEC",financials,3,601100000000.0,2025-03-31,2025-11-06,0001403161-25-000089,10-K,457,237,13,13,8
2026-07-01,1065280,NETFLIX INC,NFLX,7841,Services-Video Tape Rental,consumer,4,565657747980.0,2025-06-30,2026-01-23,0001065280-26-000034,10-K,366,159,14,14,8
2026-07-01,1141391,Mastercard Inc,MA,7389,"Services-Business Services, NEC",financials,4,505000000000.0,2025-06-30,2026-02-11,0001141391-26-000013,10-K,366,140,15,16,8
2026-07-01,34088,EXXON MOBIL CORP,,2911,Petroleum Refining,energy,1,460000000000.0,2025-06-30,2026-02-18,0000034088-26-000045,10-K,366,133,16,15,8
2026-07-01,80424,PROCTER & GAMBLE Co,PG,2840,"Soap, Detergents, Cleang Preparations, Perfumes, Cosmetics",consumer,5,393000000000.0,2024-12-31,2025-08-04,0000080424-25-000076,10-K,547,331,17,19,8
2026-07-01,104169,Walmart Inc.,WMT,5331,Retail-Variety Stores,consumer,6,391703475732.0,2025-07-31,2026-03-13,0000104169-26-000055,10-K,335,110,18,20,8
2026-07-01,354950,"HOME DEPOT, INC.",HD,5211,Retail-Lumber & Other Building Materials Dealers,consumer,7,371800000000.0,2025-08-01,2026-03-18,0001628280-26-019436,10-K,334,105,19,21,8
2026-07-01,200406,JOHNSON & JOHNSON,JNJ,2834,Pharmaceutical Preparations,healthcare,2,367000000000.0,2025-06-29,2026-02-11,0000200406-26-000016,10-K,367,140,20,22,8
2026-07-01,70858,BANK OF AMERICA CORP /DE/,"BAC,BML-PG,BML-PL,BAC-PB,BAC-PK,BAC-PE,BAC-PL,BAC-PM,BAC-PN,BAC-PO,BAC-PP,BAC-PQ,BAC-PS,BACRP,BML-PH,BML-PJ,MER-PK",6021,National Commercial Banks,financials,5,351903673230.0,2025-06-30,2026-02-25,0000070858-26-000157,10-K,366,126,21,23,8
2026-07-01,1341439,ORACLE CORP,"ORCL,ORCL-PD",7372,Services-Prepackaged Software,tech,7,346760150000.0,2026-05-31,2026-06-22,0001193125-26-277521,10-K,31,9,22,24,8
2026-07-01,1551152,AbbVie Inc.,ABBV,2834,Pharmaceutical Preparations,healthcare,3,325061294916.0,2025-06-30,2026-02-20,0001551152-26-000008,10-K,366,131,23,25,8
2026-07-01,21344,COCA COLA CO,KO,2080,Beverages,consumer,8,300552956545.0,2025-06-27,2026-02-20,0001628280-26-010047,10-K,369,131,24,27,8
2026-07-01,1321655,Palantir Technologies Inc.,PLTR,7372,Services-Prepackaged Software,tech,8,299300000000.0,2025-06-30,2026-02-17,0001321655-26-000011,10-K,366,134,25,28,8
2026-07-01,1413329,Philip Morris International Inc.,PM,2111,Cigarettes,consumer,9,283000000000.0,2025-06-30,2026-02-06,0001628280-26-005939,10-K,366,145,26,30,8
2026-07-01,731766,UNITEDHEALTH GROUP INC,UNH,6324,Hospital & Medical Service Plans,healthcare,4,281907836350.0,2025-06-30,2026-03-02,0000731766-26-000062,10-K,366,121,27,18,8
2026-07-01,51143,INTERNATIONAL BUSINESS MACHINES CORP,IBM,3570,Computer & office Equipment,tech,9,274500000000.0,2025-06-30,2026-02-24,0000051143-26-000010,10-K,366,127,28,31,8
2026-07-01,72971,WELLS FARGO & COMPANY/MN,"WFC,WFC-PY,WFC-PL,WFC-PC,WFCNP,WFC-PA,WFC-PD,WFC-PZ",6021,National Commercial Banks,financials,6,257300000000.0,2025-06-30,2026-02-24,0000072971-26-000133,10-K,366,127,29,33,8
2026-07-01,858877,"CISCO SYSTEMS, INC.",CSCO,3576,Computer Communications Equipment,tech,10,247500000000.0,2025-01-24,2025-09-03,0000858877-25-000111,10-K,523,301,30,34,8
2026-07-01,93410,CHEVRON CORP,CVX,2911,Petroleum Refining,energy,2,247400000000.0,2025-06-30,2026-02-24,0000093410-26-000078,10-K,366,127,31,29,8
2026-07-01,2488,ADVANCED MICRO DEVICES INC,AMD,3674,Semiconductors & Related Devices,tech,11,232300000000.0,2024-06-28,2026-02-04,0000002488-26-000018,10-K,733,147,32,35,8
2026-07-01,1800,ABBOTT LABORATORIES,ABT,2834,Pharmaceutical Preparations,healthcare,5,232169255381.0,2025-06-30,2026-02-20,0001628280-26-010185,10-K,366,131,33,36,8
2026-07-01,1707925,LINDE PLC,LIN,2810,Industrial Inorganic Chemicals,materials_realestate,1,220000000000.0,2025-06-30,2026-02-25,0001628280-26-011430,10-K,366,126,34,40,8
2026-07-01,895421,MORGAN STANLEY,"MS,MS-PK,MS-PE,MS-PA,MS-PF,MS-PI,MS-PL,MS-PO,MS-PP,MS-PQ",6211,"Security Brokers, Dealers & Flotation Companies",financials,7,217968854713.0,2025-06-30,2026-02-19,0000895421-26-000086,10-K,366,132,35,42,8
2026-07-01,886982,GOLDMAN SACHS GROUP INC,"GS,GSCE,GS-PA,GS-PC,GS-PD",6211,"Security Brokers, Dealers & Flotation Companies",financials,8,213200000000.0,2025-06-30,2026-02-25,0000886982-26-000091,10-K,366,126,36,43,8
2026-07-01,63908,MCDONALDS CORP,MCD,5812,Retail-Eating  Places,consumer,10,208464334129.0,2025-06-30,2026-02-24,0000063908-26-000035,10-K,366,127,37,45,8
2026-07-01,732717,AT&T INC.,"T,TBB,T-PA,T-PC",4813,Telephone Communications (No Radiotelephone),utilities,1,207000000000.0,2025-06-30,2026-02-09,0000732717-26-000120,10-K,366,142,38,46,8
2026-07-01,310158,"Merck & Co., Inc.",MRK,2834,Pharmaceutical Preparations,healthcare,6,198051000000.0,2025-06-30,2026-02-24,0000310158-26-000063,10-K,366,127,39,26,8
2026-07-01,101829,RTX Corp,RTX,3724,Aircraft Engines & Engine Parts,industrials,1,195405729090.0,2025-06-30,2026-02-06,0000101829-26-000006,10-K,366,145,40,48,8
2026-07-01,1035267,INTUITIVE SURGICAL INC,ISRG,3842,"Orthopedic, Prosthetic & Surgical Appliances & Supplies",healthcare,7,193900000000.0,2025-06-30,2026-02-03,0001035267-26-000010,10-K,366,148,41,49,8
2026-07-01,1108524,"Salesforce, Inc.",CRM,7372,Services-Prepackaged Software,tech,12,191800000000.0,2025-07-31,2026-03-02,0001108524-26-000060,10-K,335,121,42,47,8
2026-07-01,97476,TEXAS INSTRUMENTS INC,TXN,3674,Semiconductors & Related Devices,tech,13,188509303179.0,2025-06-30,2026-02-06,0000097476-26-000059,10-K,366,145,43,50,8
2026-07-01,1543151,"Uber Technologies, Inc",UBER,7389,"Services-Business Services, NEC",financials,9,187600000000.0,2025-06-30,2026-02-13,0001543151-26-000015,10-K,366,138,44,51,8
2026-07-01,1075531,Booking Holdings Inc.,BKNG,4700,Transportation Services,industrials,2,187400000000.0,2025-06-30,2026-02-18,0001075531-26-000009,10-K,366,133,45,52,8
2026-07-01,732712,VERIZON COMMUNICATIONS INC,VZ,4813,Telephone Communications (No Radiotelephone),utilities,2,182400000000.0,2025-06-30,2026-02-17,0000732712-26-000007,10-K,366,134,46,53,8
2026-07-01,18230,CATERPILLAR INC,CAT,3531,Construction Machinery & Equip,industrials,3,180900000000.0,2025-12-31,2026-02-13,0000018230-26-000008,10-K,182,138,47,54,8
2026-07-01,77476,PEPSICO INC,PEP,2080,Beverages,consumer,11,179000000000.0,2025-06-13,2026-02-03,0000077476-26-000007,10-K,383,148,48,37,8
2026-07-01,1744489,Walt Disney Co,DIS,7990,Services-Miscellaneous Amusement & Recreation,consumer,12,176600000000.0,2025-03-29,2025-11-13,0001744489-25-000155,10-K,459,230,49,38,8
2026-07-01,64040,S&P Global Inc.,SPGI,7320,"Services-Consumer Credit Reporting, Collection Agencies",industrials,4,161000000000.0,2025-06-30,2026-02-11,0000064040-26-000013,10-K,366,140,53,63,8
2026-07-01,885725,BOSTON SCIENTIFIC CORP,BSX,3841,Surgical & Medical Instruments & Apparatus,healthcare,8,158700000000.0,2025-06-30,2026-02-17,0000885725-26-000010,10-K,366,134,54,66,8
2026-07-01,12927,BOEING CO,"BA,BA-PA",3721,Aircraft,industrials,5,158300000000.0,2025-06-30,2026-01-30,0001628280-26-004357,10-K,366,152,55,67,8
2026-07-01,316709,SCHWAB CHARLES CORP,"SCHW,SCHW-PD,SCHW-PJ",6211,"Security Brokers, Dealers & Flotation Companies",financials,10,156300000000.0,2025-06-30,2026-02-25,0000316709-26-000009,10-K,366,126,56,69,8
2026-07-01,831001,CITIGROUP INC,"C,C-PN,C-PR",6021,National Commercial Banks,financials,11,156200000000.0,2025-06-30,2026-02-20,0000831001-26-000011,10-K,366,131,57,70,8
2026-07-01,80661,PROGRESSIVE CORP/OH/,PGR,6331,"Fire, Marine & Casualty Insurance",financials,12,155911082530.0,2025-06-30,2026-03-02,0000080661-26-000086,10-K,366,121,58,71,8
2026-07-01,97745,THERMO FISHER SCIENTIFIC INC.,TMO,3829,"Measuring & Controlling Devices, NEC",industrials,6,154038987000.0,2025-06-27,2026-02-26,0000097745-26-000018,10-K,369,125,59,44,8
2026-07-01,318154,AMGEN INC,AMGN,2836,"Biological Products, (No Diagnostic Substances)",healthcare,9,150100000000.0,2025-06-30,2026-02-13,0000318154-26-000010,10-K,366,138,60,59,8
2026-07-01,773840,HONEYWELL INTERNATIONAL INC,HON,3724,Aircraft Engines & Engine Parts,industrials,7,145300000000.0,2025-06-30,2026-02-17,0000773840-26-000013,10-K,366,134,61,74,8
2026-07-01,310764,STRYKER CORP,SYK,3841,Surgical & Medical Instruments & Apparatus,healthcare,10,144306436547.0,2025-06-30,2026-02-11,0000310764-26-000010,10-K,366,140,62,75,8
2026-07-01,1996810,GE Vernova Inc.,GEV,3600,Electronic & Other Electrical Equipment (No Computer Equip),industrials,8,144000000000.0,2025-06-30,2026-01-29,0001996810-26-000015,10-K,366,153,63,76,8
2026-07-01,753308,NEXTERA ENERGY INC,"NEE,NEE-PN,NEE-PS,NEE-PT,NEE-PU,NEE-PV,NEE-PW",4911,Electric Services,utilities,3,142860484569.0,2025-06-30,2026-02-13,0000753308-26-000015,10-K,366,138,64,73,8
2026-07-01,1551182,Eaton Corp plc,ETN,3590,Misc Industrial & Commercial Machinery & Equipment,industrials,9,139000000000.0,2025-06-30,2026-02-26,0001551182-26-000007,10-K,366,125,65,79,8
2026-07-01,78003,PFIZER INC,PFE,2834,Pharmaceutical Preparations,healthcare,11,138000000000.0,2025-06-29,2026-02-26,0000078003-26-000026,10-K,367,125,66,68,8
2026-07-01,100885,UNION PACIFIC CORP,UNP,4011,"Railroads, Line-Haul Operating",industrials,10,136100000000.0,2025-06-30,2026-02-06,0000100885-26-000037,10-K,366,145,67,80,8
2026-07-01,927628,CAPITAL ONE FINANCIAL CORP,"COF,COF-PI,COF-PJ,COF-PK,COF-PL,COF-PN",6021,National Commercial Banks,financials,13,135200000000.0,2025-06-30,2026-02-19,0000927628-26-000024,10-K,366,132,68,82,8
2026-07-01,1166691,COMCAST CORP,"CMCSA,CCZ",4841,Cable & Other Pay Television Services,consumer,13,130745000000.0,2025-06-30,2026-02-03,0001628280-26-004994,10-K,366,148,69,72,8
2026-07-01,313616,DANAHER CORP /DE/,DHR,3823,"Industrial Instruments For Measurement, Display, and Control",industrials,11,125900000000.0,2025-06-30,2026-02-24,0000313616-26-000062,10-K,366,127,71,62,8
2026-07-01,315189,DEERE & CO,DE,3523,Farm Machinery & Equipment,industrials,12,124313866554.0,2025-04-25,2025-12-18,0001104659-25-122321,10-K,432,195,72,85,8
2026-07-01,1613103,Medtronic plc,MDT,3845,Electromedical & Electrotherapeutic Apparatus,healthcare,12,120100000000.0,2025-10-24,2026-06-18,0001628280-26-044354,10-K,250,13,75,88,8
2026-07-01,875320,VERTEX PHARMACEUTICALS INC / MA,VRTX,2834,Pharmaceutical Preparations,healthcare,13,113400000000.0,2025-06-30,2026-02-13,0000875320-26-000056,10-K,366,138,79,87,8
2026-07-01,1283699,"T-Mobile US, Inc.","TMUS,TMUSI,TMUSL,TMUSZ",4812,Radiotelephone Communications,utilities,4,112400000000.0,2025-06-30,2026-02-11,0001283699-26-000010,10-K,366,140,80,94,8
2026-07-01,1163165,CONOCOPHILLIPS,COP,2911,Petroleum Refining,energy,3,112000000000.0,2025-06-30,2026-02-17,0001163165-26-000009,10-K,366,134,81,83,8
2026-07-01,1053507,AMERICAN TOWER CORP /MA/,AMT,6798,Real Estate Investment Trusts,materials_realestate,2,103400000000.0,2025-06-30,2026-02-24,0001053507-26-000035,10-K,366,127,90,105,8
2026-07-01,766704,WELLTOWER INC.,WELL,6798,Real Estate Investment Trusts,materials_realestate,3,102303567000.0,2025-06-30,2026-02-12,0000766704-26-000010,10-K,366,139,93,108,8
2026-07-01,92122,SOUTHERN CO,"SO,SOJC,SOJD,SOJE,SOJF,SOMN",4911,Electric Services,utilities,5,101000000000.0,2025-06-30,2026-02-19,0000092122-26-000006,10-K,366,132,94,109,8
2026-07-01,1868275,Constellation Energy Corp,CEG,4911,Electric Services,utilities,6,100560269473.0,2025-06-30,2026-02-24,0001868275-26-000032,10-K,366,127,95,110,8
2026-07-01,895728,ENBRIDGE INC,"ENB,EBBNF,EBBGF,EBGEF,EBRGF,EBRZF,ENBFF,ENBGF,ENBHF,ENBMF,ENBNF,ENBOF,ENBRF,ENBSF,ENFFF,ENNPF",4610,Pipe Lines (No Natural Gas),energy,4,98800000000.0,2025-06-30,2026-03-10,0001193125-26-100426,10-K/A,366,113,98,113,8
2026-07-01,1045609,"Prologis, Inc.","PLD,PLDGP",6798,Real Estate Investment Trusts,materials_realestate,4,97322102425.0,2025-06-30,2026-02-13,0001193125-26-051453,10-K,366,138,100,104,8
2026-07-01,823768,WASTE MANAGEMENT INC,WM,4953,Refuse Systems,utilities,7,92000000000.0,2025-06-30,2026-02-09,0001104659-26-012049,10-K,366,142,106,122,8
2026-07-01,1101239,EQUINIX INC,EQIX,6798,Real Estate Investment Trusts,materials_realestate,5,77800000000.0,2025-06-30,2026-02-11,0001101239-26-000032,10-K,366,140,120,138,8
2026-07-01,1060391,"REPUBLIC SERVICES, INC.",RSG,4953,Refuse Systems,utilities,8,77000000000.0,2025-06-30,2026-02-18,0001060391-26-000094,10-K,366,133,121,139,8
2026-07-01,4281,Howmet Aerospace Inc.,HWM,3350,Rolling Drawing & Extruding of  Nonferrous Metals,materials_realestate,6,75000000000.0,2025-06-30,2026-02-12,0000004281-26-000012,10-K,366,139,125,142,8
2026-07-01,107263,"WILLIAMS COMPANIES, INC.",WMB,4922,Natural Gas Transmission,energy,5,67728227765.0,2025-06-30,2026-02-24,0000107263-26-000006,10-K,366,127,139,158,8
2026-07-01,2969,"Air Products & Chemicals, Inc.",APD,2810,Industrial Inorganic Chemicals,materials_realestate,7,65600000000.0,2025-03-31,2025-11-20,0000002969-25-000055,10-K,457,223,141,164,8
2026-07-01,1692819,Vistra Corp.,VST,4911,Electric Services,utilities,9,65311459773.0,2025-06-30,2026-02-27,0001692819-26-000006,10-K,366,124,144,166,8
2026-07-01,821189,EOG RESOURCES INC,EOG,1311,Crude Petroleum & Natural Gas,energy,6,65231000000.0,2025-06-30,2026-02-24,0000821189-26-000054,10-K,366,127,145,150,8
2026-07-01,1164727,NEWMONT Corp /DE/,"NEM,NEMCL",1040,Gold and Silver Ores,materials_realestate,8,64108664771.0,2025-06-30,2026-02-19,0001164727-26-000010,10-K,366,132,149,174,8
2026-07-01,831259,FREEPORT-MCMORAN INC,FCX,1000,Metal Mining,materials_realestate,9,61900000000.0,2025-06-30,2026-02-13,0000831259-26-000012,10-K,366,138,154,157,8
2026-07-01,849395,CRH PUBLIC LTD CO,CRH,3241,"Cement, Hydraulic",materials_realestate,10,61825009498.0,2025-06-30,2026-02-18,0001628280-26-009043,10-K,366,133,155,178,8
2026-07-01,1297996,"DIGITAL REALTY TRUST, INC.","DLR,DLR-PK,DLR-PJ,DLR-PL",6798,Real Estate Investment Trusts,materials_realestate,11,59000000000.0,2025-06-30,2026-02-13,0001104659-26-015365,10-K,366,138,163,187,8
2026-07-01,1506307,"KINDER MORGAN, INC.","KMI,EP-PC",4922,Natural Gas Transmission,energy,7,57054291328.0,2025-06-30,2026-02-13,0001506307-26-000011,10-K,366,138,167,192,8
2026-07-01,4904,AMERICAN ELECTRIC POWER CO INC,AEP,4911,Electric Services,utilities,10,56119786438.0,2025-06-30,2026-02-12,0000004904-26-000013,10-K,366,139,171,195,8
2026-07-01,1276187,Energy Transfer LP,"ET,ET-PI",4922,Natural Gas Transmission,energy,8,55980000000.0,2025-06-30,2026-02-19,0001276187-26-000013,10-K,366,132,173,197,8
2026-07-01,3570,"Cheniere Energy, Inc.",LNG,4924,Natural Gas Distribution,utilities,11,53600000000.0,2025-06-30,2026-02-26,0000003570-26-000005,10-K,366,125,179,203,8
2026-07-01,726728,REALTY INCOME CORP,O,6798,Real Estate Investment Trusts,materials_realestate,12,52600000000.0,2025-06-30,2026-02-25,0000726728-26-000011,10-K,366,126,182,208,8
2026-07-01,1039684,ONEOK INC /NEW/,OKE,4923,Natural Gas Transmisison & Distribution,energy,9,51100000000.0,2025-06-30,2026-02-24,0001039684-26-000006,10-K,366,127,185,212,8
2026-07-01,1510295,Marathon Petroleum Corp,MPC,2911,Petroleum Refining,energy,10,50600000000.0,2025-06-30,2026-02-26,0001510295-26-000009,10-K,366,125,186,186,8
2026-07-01,1032208,SEMPRA,"SRE,SREA",4932,Gas & Other Services Combined,utilities,12,49400000000.0,2025-06-30,2026-02-26,0001032208-26-000010,10-K,366,125,191,218,8
2026-07-01,1534701,Phillips 66,PSX,2911,Petroleum Refining,energy,11,48200000000.0,2025-06-30,2026-02-20,0001534701-26-000006,10-K,366,131,195,185,8
2026-07-01,87347,SLB LIMITED/NV,SLB,1389,"Oil & Gas Field Services, NEC",energy,12,45580000000.0,2025-06-30,2026-01-23,0001193125-26-021017,10-K,366,159,205,161,8
