cik,family,state,tags,switch_quarter,coverage,severity,alternates,unit,units_mixed,duration_mix
1800,assets,SINGLE,Assets,,1.0,resolved,,USD,0,instant:94
1800,cash,DOMINANT,CashAndCashEquivalentsAtCarryingValue,,1.0,resolved,CashCashEquivalentsRestrictedCashAndRestrictedCashEquivalents,USD,0,instant:110
1800,eps_diluted,SINGLE,EarningsPerShareDiluted,,1.0,resolved,,USD/shares,0,Q:106|FY:33|9M:22|H1:22
1800,equity,DOMINANT,StockholdersEquity,,1.0,resolved,StockholdersEquityIncludingPortionAttributableToNoncontrollingInterest,USD,0,instant:88
1800,liabilities,ABSENT,,,0.0,UNRESOLVED,,,0,
1800,liabilities_and_equity,SINGLE,LiabilitiesAndStockholdersEquity,,1.0,resolved,,USD,0,instant:88
1800,minority_interest,SINGLE,MinorityInterest,,1.0,resolved,,USD,0,instant:88
1800,net_income,SINGLE,NetIncomeLoss,,1.0,resolved,,USD,0,Q:106|FY:33|9M:22|H1:22
1800,net_income_to_common,SINGLE,NetIncomeLossAvailableToCommonStockholdersBasic,,1.0,resolved,,USD,0,Q:66|FY:33|9M:22|H1:22
1800,operating_cash_flow,SINGLE,NetCashProvidedByUsedInOperatingActivities,,1.0,resolved,,USD,0,FY:33|9M:22|H1:22|Q:22
1800,operating_income,SINGLE,OperatingIncomeLoss,,1.0,resolved,,USD,0,Q:66|FY:33|9M:22|H1:22
1800,pretax_income,SINGLE,IncomeLossFromContinuingOperationsBeforeIncomeTaxesExtraordinaryItemsNoncontrollingInterest,,1.0,resolved,,USD,0,Q:66|FY:33|9M:22|H1:22
1800,revenue,SINGLE,RevenueFromContractWithCustomerExcludingAssessedTax,,0.8837,resolved,,USD,0,Q:66|FY:24|9M:16|H1:16
1800,shares_outstanding,PARTIAL,EntityCommonStockSharesOutstanding,,0.7442,UNRESOLVED,,shares,0,instant:44
2488,assets,SINGLE,Assets,,0.9643,resolved,,USD,0,instant:58
2488,cash,DOMINANT,CashAndCashEquivalentsAtCarryingValue,,0.9643,resolved,CashCashEquivalentsRestrictedCashAndRestrictedCashEquivalents,USD,0,instant:71
2488,eps_diluted,SINGLE,EarningsPerShareDiluted,,0.9643,resolved,,USD/shares,0,Q:60|FY:21|H1:16|9M:14
2488,equity,SINGLE,StockholdersEquity,,0.9643,resolved,,USD,0,instant:87
2488,liabilities,ABSENT,,,0.0,UNRESOLVED,,,0,
2488,liabilities_and_equity,SINGLE,LiabilitiesAndStockholdersEquity,,0.9643,resolved,,USD,0,instant:58
2488,minority_interest,ABSENT,,,0.0,UNRESOLVED,,,0,
2488,net_income,SINGLE,NetIncomeLoss,,0.9643,resolved,,USD,0,Q:60|FY:21|H1:16|9M:14
2488,net_income_to_common,ABSENT,,,0.0,UNRESOLVED,,,0,
2488,operating_cash_flow,SINGLE,NetCashProvidedByUsedInOperatingActivities,,0.9643,resolved,,USD,0,FY:21|H1:16|9M:14|Q:14
2488,operating_income,SINGLE,OperatingIncomeLoss,,0.9643,resolved,,USD,0,Q:60|FY:21|H1:16|9M:14
2488,pretax_income,SINGLE,IncomeLossFromContinuingOperationsBeforeIncomeTaxesMinorityInterestAndIncomeLossFromEquityMethodInvestments,,0.9643,resolved,,USD,0,Q:44|FY:21|H1:16|9M:14
2488,revenue,SINGLE,RevenueFromContractWithCustomerExcludingAssessedTax,,0.9643,resolved,,USD,0,Q:60|FY:21|H1:16|9M:14
2488,shares_outstanding,SINGLE,EntityCommonStockSharesOutstanding,,1.0,resolved,,shares,0,instant:30
2969,assets,SINGLE,Assets,,1.0,resolved,,USD,0,instant:100
2969,cash,DOMINANT,CashAndCashEquivalentsAtCarryingValue,,1.0,resolved,CashCashEquivalentsRestrictedCashAndRestrictedCashEquivalentsIncludingDisposalGroupAndDiscontinuedOperations,USD,0,instant:109
2969,eps_diluted,SINGLE,EarningsPerShareDiluted,,1.0,resolved,,USD/shares,0,Q:124|FY:36|9M:24|H1:22
2969,equity,DOMINANT,StockholdersEquity,,1.0,resolved,StockholdersEquityIncludingPortionAttributableToNoncontrollingInterest,USD,0,instant:92
2969,liabilities,SINGLE,Liabilities,,1.0,resolved,,USD,0,instant:96
2969,liabilities_and_equity,SINGLE,LiabilitiesAndStockholdersEquity,,1.0,resolved,,USD,0,instant:96
2969,minority_interest,SINGLE,MinorityInterest,,1.0,resolved,,USD,0,instant:92
2969,net_income,DOMINANT,NetIncomeLoss,,1.0,resolved,ProfitLoss,USD,0,Q:124|FY:36|9M:24|H1:22
2969,net_income_to_common,ABSENT,,,0.0,UNRESOLVED,,,0,
2969,operating_cash_flow,MIGRATION,NetCashProvidedByUsedInOperatingActivitiesContinuingOperations|NetCashProvidedByUsedInOperatingActivities,2025Q4,1.0,resolved,,USD,0,FY:36|9M:24|H1:22|Q:22
2969,operating_income,SINGLE,OperatingIncomeLoss,,1.0,resolved,,USD,0,Q:124|FY:36|9M:24|H1:22
2969,pretax_income,SINGLE,IncomeLossFromContinuingOperationsBeforeIncomeTaxesExtraordinaryItemsNoncontrollingInterest,,1.0,resolved,,USD,0,Q:68|FY:36|9M:24|H1:22
2969,revenue,SINGLE,Revenues,,0.9091,resolved,,USD,0,Q:72|FY:24|9M:16|H1:16
2969,shares_outstanding,SINGLE,EntityCommonStockSharesOutstanding,,0.75,resolved,,shares,0,instant:45
3570,assets,SINGLE,Assets,,1.0,resolved,,USD,0,instant:18
3570,cash,DOMINANT,CashAndCashEquivalentsAtCarryingValue,,1.0,resolved,CashCashEquivalentsRestrictedCashAndRestrictedCashEquivalents,USD,0,instant:18
3570,eps_diluted,SINGLE,EarningsPerShareDiluted,,1.0,resolved,,USD/shares,0,Q:14|FY:6|H1:6|9M:4
3570,equity,DOMINANT,StockholdersEquity,,1.0,resolved,StockholdersEquityIncludingPortionAttributableToNoncontrollingInterest,USD,0,instant:18
3570,liabilities,SINGLE,Liabilities,,1.0,resolved,,USD,0,instant:18
3570,liabilities_and_equity,SINGLE,LiabilitiesAndStockholdersEquity,,1.0,resolved,,USD,0,instant:18
3570,minority_interest,SINGLE,MinorityInterest,,1.0,resolved,,USD,0,instant:18
3570,net_income,DOMINANT,NetIncomeLoss,,1.0,resolved,ProfitLoss,USD,0,Q:14|FY:6|H1:6|9M:4
3570,net_income_to_common,SINGLE,NetIncomeLossAvailableToCommonStockholdersBasic,,1.0,resolved,,USD,0,Q:10|H1:4|FY:3|9M:2
3570,operating_cash_flow,SINGLE,NetCashProvidedByUsedInOperatingActivities,,1.0,resolved,,USD,0,FY:6|H1:6|9M:4|Q:4
3570,operating_income,SINGLE,OperatingIncomeLoss,,1.0,resolved,,USD,0,Q:14|FY:6|H1:6|9M:4
3570,pretax_income,SINGLE,IncomeLossFromContinuingOperationsBeforeIncomeTaxesExtraordinaryItemsNoncontrollingInterest,,1.0,resolved,,USD,0,Q:14|FY:6|H1:6|9M:4
3570,revenue,DOMINANT,Revenues,,1.0,resolved,RevenueFromContractWithCustomerExcludingAssessedTax,USD,0,Q:14|FY:6|H1:6|9M:4
3570,shares_outstanding,SINGLE,EntityCommonStockSharesOutstanding,,1.0,resolved,,shares,0,instant:9
4281,assets,SINGLE,Assets,,1.0,resolved,,USD,0,instant:18
4281,cash,DOMINANT,CashAndCashEquivalentsAtCarryingValue,,1.0,resolved,CashCashEquivalentsRestrictedCashAndRestrictedCashEquivalents,USD,0,instant:18
4281,eps_diluted,SINGLE,EarningsPerShareDiluted,,1.0,resolved,,USD/shares,0,Q:14|FY:6|H1:6|9M:4
4281,equity,SINGLE,StockholdersEquity,,1.0,resolved,,USD,0,instant:46
4281,liabilities,SINGLE,Liabilities,,1.0,resolved,,USD,0,instant:18
4281,liabilities_and_equity,SINGLE,LiabilitiesAndStockholdersEquity,,1.0,resolved,,USD,0,instant:18
4281,minority_interest,ABSENT,,,0.0,UNRESOLVED,,,0,
4281,net_income,SINGLE,NetIncomeLoss,,1.0,resolved,,USD,0,Q:14|FY:6|H1:6|9M:4
4281,net_income_to_common,SINGLE,NetIncomeLossAvailableToCommonStockholdersBasic,,1.0,resolved,,USD,0,Q:14|FY:6|H1:6|9M:4
4281,operating_cash_flow,SINGLE,NetCashProvidedByUsedInOperatingActivities,,1.0,resolved,,USD,0,FY:6|H1:6|9M:4|Q:4
4281,operating_income,SINGLE,OperatingIncomeLoss,,1.0,resolved,,USD,0,Q:14|FY:6|H1:6|9M:4
4281,pretax_income,SINGLE,IncomeLossFromContinuingOperationsBeforeIncomeTaxesExtraordinaryItemsNoncontrollingInterest,,1.0,resolved,,USD,0,Q:14|FY:6|H1:6|9M:4
4281,revenue,SINGLE,RevenueFromContractWithCustomerExcludingAssessedTax,,1.0,resolved,,USD,0,Q:14|FY:6|H1:6|9M:4
4281,shares_outstanding,SINGLE,EntityCommonStockSharesOutstanding,,1.0,resolved,,shares,0,instant:9
4447,assets,SINGLE,Assets,,1.0,resolved,,USD,0,instant:80
4447,cash,SINGLE,CashAndCashEquivalentsAtCarryingValue,,1.0,resolved,,USD,0,instant:116
4447,eps_diluted,SINGLE,EarningsPerShareDiluted,,1.0,resolved,,USD/shares,0,Q:60|FY:30|9M:20|H1:20
4447,equity,DOMINANT,StockholdersEquity,,1.0,resolved,StockholdersEquityIncludingPortionAttributableToNoncontrollingInterest,USD,0,instant:80
4447,liabilities,SINGLE,Liabilities,,1.0,resolved,,USD,0,instant:80
4447,liabilities_and_equity,SINGLE,LiabilitiesAndStockholdersEquity,,1.0,resolved,,USD,0,instant:80
4447,minority_interest,SINGLE,MinorityInterest,,1.0,resolved,,USD,0,instant:80
4447,net_income,DOMINANT,NetIncomeLoss,,1.0,resolved,ProfitLoss,USD,0,Q:60|FY:30|9M:20|H1:20
4447,net_income_to_common,PARTIAL,NetIncomeLossAvailableToCommonStockholdersBasic,,0.6667,UNRESOLVED,,USD,0,Q:30|FY:27|9M:10|H1:10
4447,operating_cash_flow,SINGLE,NetCashProvidedByUsedInOperatingActivities,,1.0,resolved,,USD,0,FY:30|9M:18|H1:18|Q:16
4447,operating_income,ABSENT,,,0.0,UNRESOLVED,,,0,
4447,pretax_income,SINGLE,IncomeLossFromContinuingOperationsBeforeIncomeTaxesExtraordinaryItemsNoncontrollingInterest,,1.0,resolved,,USD,0,Q:60|FY:30|9M:20|H1:20
4447,revenue,SINGLE,Revenues,,1.0,resolved,,USD,0,Q:60|FY:30|9M:20|H1:20
4447,shares_outstanding,SINGLE,EntityCommonStockSharesOutstanding,,0.7949,resolved,,shares,0,instant:40
4904,assets,SINGLE,Assets,,0.9773,resolved,,USD,0,instant:97
4904,cash,DOMINANT,CashAndCashEquivalentsAtCarryingValue,,0.9773,resolved,CashCashEquivalentsRestrictedCashAndRestrictedCashEquivalents,USD,0,instant:110
4904,eps_diluted,SINGLE,EarningsPerShareDiluted,,0.9773,resolved,,USD/shares,0,Q:86|FY:36|9M:22|H1:22
4904,equity,DOMINANT,StockholdersEquity,,0.9773,resolved,StockholdersEquityIncludingPortionAttributableToNoncontrollingInterest,USD,0,instant:90
4904,liabilities,SINGLE,Liabilities,,0.9773,resolved,,USD,0,instant:90
4904,liabilities_and_equity,SINGLE,LiabilitiesAndStockholdersEquity,,0.9773,resolved,,USD,0,instant:90
4904,minority_interest,SINGLE,MinorityInterest,,0.9773,resolved,,USD,0,instant:90
4904,net_income,SINGLE,ProfitLoss,,0.9773,resolved,,USD,0,Q:148|FY:36|9M:22|H1:22
4904,net_income_to_common,SINGLE,NetIncomeLossAvailableToCommonStockholdersBasic,,0.9773,resolved,,USD,0,Q:106|FY:36|9M:22|H1:22
4904,operating_cash_flow,SINGLE,NetCashProvidedByUsedInOperatingActivities,,0.9773,resolved,,USD,0,FY:30|Q:22|9M:16|H1:16
4904,operating_income,SINGLE,OperatingIncomeLoss,,0.9773,resolved,,USD,0,Q:106|FY:36|9M:22|H1:22
4904,pretax_income,SINGLE,IncomeLossFromContinuingOperationsBeforeIncomeTaxesMinorityInterestAndIncomeLossFromEquityMethodInvestments,,0.9773,resolved,,USD,0,Q:66|FY:36|9M:22|H1:22
4904,revenue,SINGLE,Revenues,,0.9773,resolved,,USD,0,Q:106|FY:36|9M:22|H1:22
4904,shares_outstanding,SINGLE,EntityCommonStockSharesOutstanding,,0.75,resolved,,shares,0,instant:44
5272,assets,SINGLE,Assets,,0.9643,resolved,,USD,0,instant:56
5272,cash,DOMINANT,CashCashEquivalentsRestrictedCashAndRestrictedCashEquivalents,,0.9643,resolved,Cash,USD,0,instant:68
5272,eps_diluted,SINGLE,EarningsPerShareDiluted,,0.9643,resolved,,USD/shares,0,Q:42|FY:21|9M:14|H1:14
5272,equity,DOMINANT,StockholdersEquity,,0.9643,resolved,StockholdersEquityIncludingPortionAttributableToNoncontrollingInterest,USD,0,instant:56
5272,liabilities,SINGLE,Liabilities,,0.9643,resolved,,USD,0,instant:56
5272,liabilities_and_equity,SINGLE,LiabilitiesAndStockholdersEquity,,0.9643,resolved,,USD,0,instant:56
5272,minority_interest,SINGLE,MinorityInterest,,0.9643,resolved,,USD,0,instant:56
5272,net_income,DOMINANT,NetIncomeLoss,,0.9643,resolved,ProfitLoss,USD,0,Q:82|FY:21|9M:14|H1:14
5272,net_income_to_common,SINGLE,NetIncomeLossAvailableToCommonStockholdersBasic,,0.9643,resolved,,USD,0,Q:50|FY:21|9M:14|H1:14
5272,operating_cash_flow,SINGLE,NetCashProvidedByUsedInOperatingActivities,,0.9643,resolved,,USD,0,FY:21|9M:14|H1:14|Q:14
5272,operating_income,ABSENT,,,0.0,UNRESOLVED,,,0,
5272,pretax_income,SINGLE,IncomeLossFromContinuingOperationsBeforeIncomeTaxesExtraordinaryItemsNoncontrollingInterest,,0.9643,resolved,,USD,0,Q:82|FY:21|9M:14|H1:14
5272,revenue,SINGLE,Revenues,,0.9643,resolved,,USD,0,Q:82|FY:21|9M:14|H1:14
5272,shares_outstanding,SINGLE,EntityCommonStockSharesOutstanding,,1.0,resolved,,shares,0,instant:28
6769,assets,SINGLE,Assets,,1.0,resolved,,USD,0,instant:73
6769,cash,DOMINANT,CashAndCashEquivalentsAtCarryingValue,,1.0,resolved,CashCashEquivalentsRestrictedCashAndRestrictedCashEquivalents,USD,0,instant:84
6769,eps_diluted,SINGLE,EarningsPerShareDiluted,,0.9167,resolved,,USD/shares,0,Q:72|FY:18|9M:12|H1:12
6769,equity,DOMINANT,StockholdersEquity,,1.0,resolved,StockholdersEquityIncludingPortionAttributableToNoncontrollingInterest,USD,0,instant:54
6769,liabilities,ABSENT,,,0.0,UNRESOLVED,,,0,
6769,liabilities_and_equity,SINGLE,LiabilitiesAndStockholdersEquity,,1.0,resolved,,USD,0,instant:54
6769,minority_interest,PARTIAL,MinorityInterest,,0.5417,UNRESOLVED,,USD,0,instant:32
6769,net_income,SINGLE,ProfitLoss,,1.0,resolved,,USD,0,Q:88|FY:21|H1:14|9M:12
6769,net_income_to_common,SINGLE,NetIncomeLossAvailableToCommonStockholdersBasic,,0.9167,resolved,,USD,0,Q:84|FY:21|9M:12|H1:12
6769,operating_cash_flow,SINGLE,NetCashProvidedByUsedInOperatingActivities,,1.0,resolved,,USD,0,FY:21|H1:14|Q:14|9M:12
6769,operating_income,SINGLE,OperatingIncomeLoss,,1.0,resolved,,USD,0,Q:48|FY:21|H1:14|9M:12
6769,pretax_income,SINGLE,IncomeLossFromContinuingOperationsBeforeIncomeTaxesMinorityInterestAndIncomeLossFromEquityMethodInvestments,,1.0,resolved,,USD,0,Q:56|FY:21|H1:14|9M:12
6769,revenue,OVERLAP,Revenues|RevenueFromContractWithCustomerIncludingAssessedTax|RevenueFromContractWithCustomerExcludingAssessedTax,,0.7917,UNRESOLVED,,USD,0,Q:53|FY:18|H1:15|9M:13
6769,shares_outstanding,SINGLE,EntityCommonStockSharesOutstanding,,1.0,resolved,,shares,0,instant:27
6951,assets,SINGLE,Assets,,1.0,resolved,,USD,0,instant:90
6951,cash,DOMINANT,CashAndCashEquivalentsAtCarryingValue,,1.0,resolved,CashCashEquivalentsRestrictedCashAndRestrictedCashEquivalents|Cash,USD,0,instant:146
6951,eps_diluted,SINGLE,EarningsPerShareDiluted,,1.0,resolved,,USD/shares,0,Q:110|FY:33|9M:24|H1:22
6951,equity,SINGLE,StockholdersEquity,,1.0,resolved,,USD,0,instant:212
6951,liabilities,SINGLE,Liabilities,,1.0,resolved,,USD,0,instant:90
6951,liabilities_and_equity,SINGLE,LiabilitiesAndStockholdersEquity,,1.0,resolved,,USD,0,instant:90
6951,minority_interest,ABSENT,,,0.0,UNRESOLVED,,,0,
6951,net_income,SINGLE,NetIncomeLoss,,1.0,resolved,,USD,0,Q:116|FY:33|9M:24|H1:22
6951,net_income_to_common,ABSENT,,,0.0,UNRESOLVED,,,0,
6951,operating_cash_flow,SINGLE,NetCashProvidedByUsedInOperatingActivities,,1.0,resolved,,USD,0,FY:33|9M:24|H1:22|Q:22
6951,operating_income,SINGLE,OperatingIncomeLoss,,1.0,resolved,,USD,0,Q:68|FY:33|9M:24|H1:22
6951,pretax_income,MIGRATION,IncomeLossFromContinuingOperationsBeforeIncomeTaxesMinorityInterestAndIncomeLossFromEquityMethodInvestments|IncomeLossFromContinuingOperationsBeforeIncomeTaxesExtraordinaryItemsNoncontrollingInterest,2021Q4,1.0,resolved,,USD,0,Q:68|FY:33|9M:24|H1:22
6951,revenue,MIGRATION,Revenues|RevenueFromContractWithCustomerExcludingAssessedTax,2021Q2,0.8864,resolved,,USD,0,Q:74|FY:24|9M:18|H1:16
6951,shares_outstanding,SINGLE,EntityCommonStockSharesOutstanding,,1.0,resolved,,shares,0,instant:45
8670,assets,SINGLE,Assets,,1.0,resolved,,USD,0,instant:98
8670,cash,DOMINANT,CashAndCashEquivalentsAtCarryingValue,,1.0,resolved,CashCashEquivalentsRestrictedCashAndRestrictedCashEquivalents,USD,0,instant:139
8670,eps_diluted,SINGLE,EarningsPerShareDiluted,,1.0,resolved,,USD/shares,0,Q:66|FY:36|9M:22|H1:22
8670,equity,SINGLE,StockholdersEquity,,1.0,resolved,,USD,0,instant:148
8670,liabilities,SINGLE,Liabilities,,1.0,resolved,,USD,0,instant:90
8670,liabilities_and_equity,SINGLE,LiabilitiesAndStockholdersEquity,,1.0,resolved,,USD,0,instant:90
8670,minority_interest,ABSENT,,,0.0,UNRESOLVED,,,0,
8670,net_income,SINGLE,NetIncomeLoss,,1.0,resolved,,USD,0,Q:114|FY:37|9M:22|H1:22
8670,net_income_to_common,ABSENT,,,0.0,UNRESOLVED,,,0,
8670,operating_cash_flow,SINGLE,NetCashProvidedByUsedInOperatingActivities,,1.0,resolved,,USD,0,FY:36|9M:22|H1:22|Q:22
8670,operating_income,ABSENT,,,0.0,UNRESOLVED,,,0,
8670,pretax_income,MIGRATION,IncomeLossFromContinuingOperationsBeforeIncomeTaxesMinorityInterestAndIncomeLossFromEquityMethodInvestments|IncomeLossFromContinuingOperationsBeforeIncomeTaxesExtraordinaryItemsNoncontrollingInterest,2021Q3,1.0,resolved,,USD,0,Q:114|FY:37|9M:22|H1:22
8670,revenue,SINGLE,RevenueFromContractWithCustomerExcludingAssessedTax,,1.0,resolved,,USD,0,Q:48|FY:24|9M:16|H1:16
8670,shares_outstanding,SINGLE,EntityCommonStockSharesOutstanding,,1.0,resolved,,shares,0,instant:45
10795,assets,SINGLE,Assets,,1.0,resolved,,USD,0,instant:78
10795,cash,DOMINANT,CashAndCashEquivalentsAtCarryingValue,,1.0,resolved,CashCashEquivalentsRestrictedCashAndRestrictedCashEquivalents,USD,0,instant:86
10795,eps_diluted,SINGLE,EarningsPerShareDiluted,,1.0,resolved,,USD/shares,0,Q:88|FY:27|9M:20|H1:18
10795,equity,SINGLE,StockholdersEquity,,1.0,resolved,,USD,0,instant:74
10795,liabilities,ABSENT,,,0.0,UNRESOLVED,,,0,
10795,liabilities_and_equity,SINGLE,LiabilitiesAndStockholdersEquity,,1.0,resolved,,USD,0,instant:74
10795,minority_interest,ABSENT,,,0.0,UNRESOLVED,,,0,
10795,net_income,SINGLE,NetIncomeLoss,,1.0,resolved,,USD,0,Q:88|FY:27|9M:20|H1:18
10795,net_income_to_common,PARTIAL,NetIncomeLossAvailableToCommonStockholdersBasic,,0.8333,UNRESOLVED,,USD,0,Q:44|FY:27|9M:16|H1:14
10795,operating_cash_flow,OVERLAP,NetCashProvidedByUsedInOperatingActivities|NetCashProvidedByUsedInOperatingActivitiesContinuingOperations,,1.0,UNRESOLVED,,USD,0,FY:27|9M:20|H1:18|Q:18
10795,operating_income,SINGLE,OperatingIncomeLoss,,1.0,resolved,,USD,0,Q:56|FY:27|9M:20|H1:18
10795,pretax_income,MIGRATION,IncomeLossFromContinuingOperationsBeforeIncomeTaxesMinorityInterestAndIncomeLossFromEquityMethodInvestments|IncomeLossFromContinuingOperationsBeforeIncomeTaxesExtraordinaryItemsNoncontrollingInterest,2021Q3,1.0,resolved,,USD,0,Q:56|FY:27|9M:20|H1:18
10795,revenue,SINGLE,Revenues,,1.0,resolved,,USD,0,Q:74|FY:24|9M:18|H1:16
10795,shares_outstanding,SINGLE,EntityCommonStockSharesOutstanding,,0.75,resolved,,shares,0,instant:37
12927,assets,SINGLE,Assets,,1.0,resolved,,USD,0,instant:90
12927,cash,DOMINANT,CashAndCashEquivalentsAtCarryingValue,,1.0,resolved,CashCashEquivalentsRestrictedCashAndRestrictedCashEquivalents,USD,0,instant:146
12927,eps_diluted,SINGLE,EarningsPerShareDiluted,,1.0,resolved,,USD/shares,0,Q:116|FY:33|H1:24|9M:22
12927,equity,DOMINANT,StockholdersEquity,,1.0,resolved,StockholdersEquityIncludingPortionAttributableToNoncontrollingInterest,USD,0,instant:90
12927,liabilities,PARTIAL,Liabilities,,0.6136,UNRESOLVED,,USD,0,instant:52
12927,liabilities_and_equity,SINGLE,LiabilitiesAndStockholdersEquity,,1.0,resolved,,USD,0,instant:90
12927,minority_interest,SINGLE,MinorityInterest,,0.9545,resolved,,USD,0,instant:88
12927,net_income,DOMINANT,NetIncomeLoss,,1.0,resolved,ProfitLoss,USD,0,Q:116|FY:33|H1:24|9M:22
12927,net_income_to_common,PARTIAL,NetIncomeLossAvailableToCommonStockholdersBasic,,0.2955,UNRESOLVED,,USD,0,Q:10|FY:9|H1:4|9M:2
12927,operating_cash_flow,SINGLE,NetCashProvidedByUsedInOperatingActivities,,1.0,resolved,,USD,0,FY:33|H1:24|9M:22|Q:22
12927,operating_income,SINGLE,OperatingIncomeLoss,,1.0,resolved,,USD,0,Q:116|FY:33|H1:24|9M:22
12927,pretax_income,SINGLE,IncomeLossFromContinuingOperationsBeforeIncomeTaxesExtraordinaryItemsNoncontrollingInterest,,1.0,resolved,,USD,0,Q:70|FY:33|H1:24|9M:22
12927,revenue,SINGLE,Revenues,,1.0,resolved,,USD,0,Q:116|FY:33|H1:24|9M:22
12927,shares_outstanding,SINGLE,EntityCommonStockSharesOutstanding,,1.0,resolved,,shares,0,instant:45
14272,assets,SINGLE,Assets,,1.0,resolved,,USD,0,instant:126
14272,cash,DOMINANT,CashAndCashEquivalentsAtCarryingValue,,1.0,resolved,CashCashEquivalentsRestrictedCashAndRestrictedCashEquivalents,USD,0,instant:162
14272,eps_diluted,SINGLE,EarningsPerShareDiluted,,1.0,resolved,,USD/shares,0,Q:116|FY:33|H1:24|9M:22
14272,equity,DOMINANT,StockholdersEquity,,1.0,resolved,StockholdersEquityIncludingPortionAttributableToNoncontrollingInterest,USD,0,instant:90
14272,liabilities,SINGLE,Liabilities,,1.0,resolved,,USD,0,instant:90
14272,liabilities_and_equity,SINGLE,LiabilitiesAndStockholdersEquity,,1.0,resolved,,USD,0,instant:90
14272,minority_interest,SINGLE,MinorityInterest,,1.0,resolved,,USD,0,instant:90
14272,net_income,DOMINANT,NetIncomeLoss,,1.0,resolved,ProfitLoss,USD,0,Q:116|FY:33|H1:24|9M:22
14272,net_income_to_common,ABSENT,,,0.0,UNRESOLVED,,,0,
14272,operating_cash_flow,SINGLE,NetCashProvidedByUsedInOperatingActivities,,1.0,resolved,,USD,0,FY:33|H1:24|9M:22|Q:22
14272,operating_income,ABSENT,,,0.0,UNRESOLVED,,,0,
14272,pretax_income,MIGRATION,IncomeLossFromContinuingOperationsBeforeIncomeTaxesMinorityInterestAndIncomeLossFromEquityMethodInvestments|IncomeLossFromContinuingOperationsBeforeIncomeTaxesExtraordinaryItemsNoncontrollingInterest,2024Q4,1.0,resolved,,USD,0,Q:72|FY:33|9M:24|H1:24
14272,revenue,SINGLE,Revenues,,0.8864,resolved,,USD,0,Q:70|FY:24|H1:16|9M:14
14272,shares_outstanding,SINGLE,EntityCommonStockSharesOutstanding,,0.8182,resolved,,shares,0,instant:45
18230,assets,SINGLE,Assets,,1.0,resolved,,USD,0,instant:99
18230,cash,SINGLE,CashCashEquivalentsRestrictedCashAndRestrictedCashEquivalents,,0.9091,resolved,,USD,0,instant:136
18230,eps_diluted,SINGLE,EarningsPerShareDiluted,,1.0,resolved,,USD/shares,0,Q:124|FY:36|H1:24|9M:22
18230,equity,SINGLE,StockholdersEquityIncludingPortionAttributableToNoncontrollingInterest,,1.0,resolved,,USD,0,instant:238
18230,liabilities,SINGLE,Liabilities,,1.0,resolved,,USD,0,instant:92
18230,liabilities_and_equity,SINGLE,LiabilitiesAndStockholdersEquity,,1.0,resolved,,USD,0,instant:92
18230,minority_interest,SINGLE,MinorityInterest,,1.0,resolved,,USD,0,instant:92
18230,net_income,SINGLE,ProfitLoss,,1.0,resolved,,USD,0,Q:68|FY:36|H1:24|9M:22
18230,net_income_to_common,SINGLE,NetIncomeLossAvailableToCommonStockholdersBasic,,1.0,resolved,,USD,0,Q:124|FY:36|H1:24|9M:22
18230,operating_cash_flow,SINGLE,NetCashProvidedByUsedInOperatingActivities,,1.0,resolved,,USD,0,FY:21|9M:14|H1:14|Q:14
18230,operating_income,SINGLE,OperatingIncomeLoss,,1.0,resolved,,USD,0,Q:68|FY:36|H1:24|9M:22
18230,pretax_income,SINGLE,IncomeLossFromContinuingOperationsBeforeIncomeTaxesMinorityInterestAndIncomeLossFromEquityMethodInvestments,,1.0,resolved,,USD,0,Q:76|FY:38|H1:24|9M:22
18230,revenue,SINGLE,Revenues,,1.0,resolved,,USD,0,Q:132|FY:38|H1:24|9M:22
18230,shares_outstanding,SINGLE,EntityCommonStockSharesOutstanding,,1.0,resolved,,shares,0,instant:46
19617,assets,SINGLE,Assets,,1.0,resolved,,USD,0,instant:135
19617,cash,DOMINANT,CashAndDueFromBanks,,1.0,resolved,CashCashEquivalentsRestrictedCashAndRestrictedCashEquivalents,USD,0,instant:112
19617,eps_diluted,SINGLE,EarningsPerShareDiluted,,1.0,resolved,,USD/shares,0,Q:68|FY:33|H1:24|9M:22
19617,equity,SINGLE,StockholdersEquity,,1.0,resolved,,USD,0,instant:132
19617,liabilities,SINGLE,Liabilities,,1.0,resolved,,USD,0,instant:90
19617,liabilities_and_equity,SINGLE,LiabilitiesAndStockholdersEquity,,1.0,resolved,,USD,0,instant:90
19617,minority_interest,ABSENT,,,0.0,UNRESOLVED,,,0,
19617,net_income,SINGLE,NetIncomeLoss,,1.0,resolved,,USD,0,Q:68|FY:33|H1:24|9M:22
19617,net_income_to_common,SINGLE,NetIncomeLossAvailableToCommonStockholdersBasic,,1.0,resolved,,USD,0,Q:68|FY:33|H1:24|9M:22
19617,operating_cash_flow,SINGLE,NetCashProvidedByUsedInOperatingActivities,,1.0,resolved,,USD,0,FY:33|H1:24|9M:22|Q:22
19617,operating_income,ABSENT,,,0.0,UNRESOLVED,,,0,
19617,pretax_income,SINGLE,IncomeLossFromContinuingOperationsBeforeIncomeTaxesExtraordinaryItemsNoncontrollingInterest,,1.0,resolved,,USD,0,Q:68|FY:33|H1:24|9M:22
19617,revenue,SINGLE,RevenuesNetOfInterestExpense,,1.0,resolved,,USD,0,Q:68|FY:33|H1:24|9M:22
19617,shares_outstanding,SINGLE,EntityCommonStockSharesOutstanding,,0.75,resolved,,shares,0,instant:45
21344,assets,SINGLE,Assets,,0.9091,resolved,,USD,0,instant:94
21344,cash,DOMINANT,CashAndCashEquivalentsAtCarryingValue,,0.9091,resolved,CashCashEquivalentsRestrictedCashAndRestrictedCashEquivalents,USD,0,instant:179
21344,eps_diluted,SINGLE,EarningsPerShareDiluted,,0.9091,resolved,,USD/shares,0,Q:66|FY:42|9M:22|H1:22
21344,equity,DOMINANT,StockholdersEquity,,0.9091,resolved,StockholdersEquityIncludingPortionAttributableToNoncontrollingInterest,USD,0,instant:94
21344,liabilities,ABSENT,,,0.0,UNRESOLVED,,,0,
21344,liabilities_and_equity,SINGLE,LiabilitiesAndStockholdersEquity,,0.9091,resolved,,USD,0,instant:94
21344,minority_interest,SINGLE,MinorityInterest,,0.9091,resolved,,USD,0,instant:110
21344,net_income,DOMINANT,NetIncomeLoss,,0.9091,resolved,ProfitLoss,USD,0,Q:66|FY:42|9M:22|H1:22
21344,net_income_to_common,ABSENT,,,0.0,UNRESOLVED,,,0,
21344,operating_cash_flow,SINGLE,NetCashProvidedByUsedInOperatingActivities,,0.9091,resolved,,USD,0,FY:42|9M:20|H1:18|Q:18
21344,operating_income,SINGLE,OperatingIncomeLoss,,0.9091,resolved,,USD,0,Q:66|FY:42|9M:22|H1:22
21344,pretax_income,SINGLE,IncomeLossFromContinuingOperationsBeforeIncomeTaxesExtraordinaryItemsNoncontrollingInterest,,0.9091,resolved,,USD,0,Q:66|FY:42|9M:22|H1:22
21344,revenue,SINGLE,Revenues,,0.7727,resolved,,USD,0,Q:46|FY:30|9M:16|H1:14
21344,shares_outstanding,SINGLE,EntityCommonStockSharesOutstanding,,1.0,resolved,,shares,0,instant:46
21665,assets,SINGLE,Assets,,1.0,resolved,,USD,0,instant:101
21665,cash,DOMINANT,CashAndCashEquivalentsAtCarryingValue,,1.0,resolved,CashCashEquivalentsRestrictedCashAndRestrictedCashEquivalents,USD,0,instant:124
21665,eps_diluted,SINGLE,EarningsPerShareDiluted,,1.0,resolved,,USD/shares,0,Q:124|FY:36|H1:24|9M:22
21665,equity,DOMINANT,StockholdersEquity,,1.0,resolved,StockholdersEquityIncludingPortionAttributableToNoncontrollingInterest,USD,0,instant:92
21665,liabilities,SINGLE,Liabilities,,1.0,resolved,,USD,0,instant:92
21665,liabilities_and_equity,SINGLE,LiabilitiesAndStockholdersEquity,,1.0,resolved,,USD,0,instant:92
21665,minority_interest,SINGLE,MinorityInterest,,1.0,resolved,,USD,0,instant:92
21665,net_income,DOMINANT,NetIncomeLoss,,1.0,resolved,ProfitLoss,USD,0,Q:124|FY:36|H1:24|9M:22
21665,net_income_to_common,SINGLE,NetIncomeLossAvailableToCommonStockholdersBasic,,0.9773,resolved,,USD,0,Q:60|FY:36|H1:22|9M:18
21665,operating_cash_flow,SINGLE,NetCashProvidedByUsedInOperatingActivities,,1.0,resolved,,USD,0,FY:36|H1:24|9M:22|Q:22
21665,operating_income,SINGLE,OperatingIncomeLoss,,1.0,resolved,,USD,0,Q:68|FY:36|H1:24|9M:22
21665,pretax_income,SINGLE,IncomeLossFromContinuingOperationsBeforeIncomeTaxesExtraordinaryItemsNoncontrollingInterest,,1.0,resolved,,USD,0,Q:68|FY:36|H1:24|9M:22
21665,revenue,SINGLE,RevenueFromContractWithCustomerExcludingAssessedTax,,1.0,resolved,,USD,0,Q:74|FY:24|H1:18|9M:16
21665,shares_outstanding,SINGLE,EntityCommonStockSharesOutstanding,,0.75,resolved,,shares,0,instant:46
24741,assets,SINGLE,Assets,,1.0,resolved,,USD,0,instant:47
24741,cash,MIGRATION,CashAndCashEquivalentsAtCarryingValue|CashCashEquivalentsRestrictedCashAndRestrictedCashEquivalents,2019Q1,1.0,resolved,,USD,0,instant:84
24741,eps_diluted,SINGLE,EarningsPerShareDiluted,,1.0,resolved,,USD/shares,0,Q:64|FY:15|H1:12|9M:10
24741,equity,DOMINANT,StockholdersEquity,,1.0,resolved,StockholdersEquityIncludingPortionAttributableToNoncontrollingInterest,USD,0,instant:42
24741,liabilities,SINGLE,Liabilities,,1.0,resolved,,USD,0,instant:42
24741,liabilities_and_equity,SINGLE,LiabilitiesAndStockholdersEquity,,1.0,resolved,,USD,0,instant:42
24741,minority_interest,SINGLE,MinorityInterest,,1.0,resolved,,USD,0,instant:42
24741,net_income,SINGLE,NetIncomeLoss,,1.0,resolved,,USD,0,Q:64|FY:15|H1:12|9M:10
24741,net_income_to_common,SINGLE,NetIncomeLossAvailableToCommonStockholdersBasic,,1.0,resolved,,USD,0,Q:32|FY:15|H1:12|9M:10
24741,operating_cash_flow,SINGLE,NetCashProvidedByUsedInOperatingActivities,,1.0,resolved,,USD,0,FY:9|H1:6|Q:6|9M:4
24741,operating_income,SINGLE,OperatingIncomeLoss,,1.0,resolved,,USD,0,Q:32|FY:15|H1:12|9M:10
24741,pretax_income,SINGLE,IncomeLossFromContinuingOperationsBeforeIncomeTaxesExtraordinaryItemsNoncontrollingInterest,,0.8,resolved,,USD,0,Q:16|FY:9|H1:6|9M:4
24741,revenue,SINGLE,Revenues,,0.75,resolved,,USD,0,Q:18|FY:6|H1:4|9M:2
24741,shares_outstanding,SINGLE,EntityCommonStockSharesOutstanding,,1.0,resolved,,shares,0,instant:21
27419,assets,SINGLE,Assets,,1.0,resolved,,USD,0,instant:77
27419,cash,SINGLE,CashCashEquivalentsRestrictedCashAndRestrictedCashEquivalents,,1.0,resolved,,USD,0,instant:100
27419,eps_diluted,SINGLE,EarningsPerShareDiluted,,1.0,resolved,,USD/shares,0,Q:58|FY:21|9M:14|H1:14
27419,equity,SINGLE,StockholdersEquity,,1.0,resolved,,USD,0,instant:168
27419,liabilities,ABSENT,,,0.0,UNRESOLVED,,,0,
27419,liabilities_and_equity,SINGLE,LiabilitiesAndStockholdersEquity,,1.0,resolved,,USD,0,instant:77
27419,minority_interest,ABSENT,,,0.0,UNRESOLVED,,,0,
27419,net_income,SINGLE,NetIncomeLoss,,1.0,resolved,,USD,0,Q:102|9M:12|H1:10|FY:9
27419,net_income_to_common,PARTIAL,NetIncomeLossAvailableToCommonStockholdersBasic,,0.3214,UNRESOLVED,,USD,0,Q:31|FY:14|H1:4|9M:2
27419,operating_cash_flow,SINGLE,NetCashProvidedByUsedInOperatingActivities,,1.0,resolved,,USD,0,FY:21|9M:14|H1:14|Q:14
27419,operating_income,SINGLE,OperatingIncomeLoss,,1.0,resolved,,USD,0,Q:54|FY:21|9M:12|H1:12
27419,pretax_income,MIGRATION,IncomeLossFromContinuingOperationsBeforeIncomeTaxesMinorityInterestAndIncomeLossFromEquityMethodInvestments|IncomeLossFromContinuingOperationsBeforeIncomeTaxesExtraordinaryItemsNoncontrollingInterest,2021Q4,1.0,resolved,,USD,0,Q:58|FY:21|9M:14|H1:14
27419,revenue,SINGLE,RevenueFromContractWithCustomerExcludingAssessedTax,,1.0,resolved,,USD,0,Q:58|FY:21|9M:14|H1:14
27419,shares_outstanding,SINGLE,EntityCommonStockSharesOutstanding,,1.0,resolved,,shares,0,instant:28
29915,assets,SINGLE,Assets,,0.9333,resolved,,USD,0,instant:36
29915,cash,SINGLE,CashAndCashEquivalentsAtCarryingValue,,0.9333,resolved,,USD,0,instant:56
29915,eps_diluted,PARTIAL,EarningsPerShareDiluted,,0.5333,UNRESOLVED,,USD/shares,0,Q:23|FY:7|H1:6|9M:5
29915,equity,DOMINANT,StockholdersEquity,,0.9333,resolved,StockholdersEquityIncludingPortionAttributableToNoncontrollingInterest,USD,0,instant:34
29915,liabilities,ABSENT,,,0.0,UNRESOLVED,,,0,
29915,liabilities_and_equity,SINGLE,LiabilitiesAndStockholdersEquity,,0.9333,resolved,,USD,0,instant:34
29915,minority_interest,SINGLE,MinorityInterest,,0.9333,resolved,,USD,0,instant:44
29915,net_income,DOMINANT,NetIncomeLoss,,0.9333,resolved,ProfitLoss,USD,0,Q:22|FY:12|9M:8|H1:8
29915,net_income_to_common,SINGLE,NetIncomeLossAvailableToCommonStockholdersBasic,,0.9333,resolved,,USD,0,Q:34|FY:12|9M:8|H1:8
29915,operating_cash_flow,SINGLE,NetCashProvidedByUsedInOperatingActivities,,0.9333,resolved,,USD,0,FY:12|9M:8|H1:8|Q:6
29915,operating_income,ABSENT,,,0.0,UNRESOLVED,,,0,
29915,pretax_income,SINGLE,IncomeLossFromContinuingOperationsBeforeIncomeTaxesExtraordinaryItemsNoncontrollingInterest,,0.8667,resolved,,USD,0,Q:12|FY:6|9M:4|H1:4
29915,revenue,PARTIAL,RevenueFromContractWithCustomerIncludingAssessedTax|Revenues,,0.6667,UNRESOLVED,,USD,0,Q:10|FY:6|9M:2
29915,shares_outstanding,PARTIAL,EntityCommonStockSharesOutstanding,,0.7333,UNRESOLVED,,shares,0,instant:15
30554,assets,SINGLE,Assets,,0.9333,resolved,,USD,0,instant:30
30554,cash,SINGLE,CashAndCashEquivalentsAtCarryingValue,,0.9333,resolved,,USD,0,instant:36
30554,eps_diluted,PARTIAL,EarningsPerShareDiluted,,0.5333,UNRESOLVED,,USD/shares,0,Q:14|FY:6|H1:6|9M:4
30554,equity,DOMINANT,StockholdersEquity,,0.9333,resolved,StockholdersEquityIncludingPortionAttributableToNoncontrollingInterest,USD,0,instant:28
30554,liabilities,PARTIAL,Liabilities,,0.5333,UNRESOLVED,,USD,0,instant:18
30554,liabilities_and_equity,SINGLE,LiabilitiesAndStockholdersEquity,,0.9333,resolved,,USD,0,instant:28
30554,minority_interest,SINGLE,MinorityInterest,,0.9333,resolved,,USD,0,instant:28
30554,net_income,PARTIAL,NetIncomeLoss|ProfitLoss,,0.6667,UNRESOLVED,,USD,0,Q:48|FY:12|H1:12|9M:8
30554,net_income_to_common,PARTIAL,NetIncomeLossAvailableToCommonStockholdersBasic,,0.5333,UNRESOLVED,,USD,0,Q:12|FY:6|9M:4|H1:4
30554,operating_cash_flow,PARTIAL,NetCashProvidedByUsedInOperatingActivities,,0.6667,UNRESOLVED,,USD,0,FY:6|H1:6|Q:6|9M:4
30554,operating_income,PARTIAL,OperatingIncomeLoss,,0.0667,UNRESOLVED,,USD,0,Q:4|9M:2|H1:2
30554,pretax_income,PARTIAL,IncomeLossFromContinuingOperationsBeforeIncomeTaxesExtraordinaryItemsNoncontrollingInterest,,0.6667,UNRESOLVED,,USD,0,Q:32|FY:6|H1:6|9M:4
30554,revenue,PARTIAL,Revenues,,0.1333,UNRESOLVED,,USD,0,Q:4|H1:2
30554,shares_outstanding,SINGLE,EntityCommonStockSharesOutstanding,,1.0,resolved,,shares,0,instant:16
31462,assets,SINGLE,Assets,,1.0,resolved,,USD,0,instant:68
31462,cash,DOMINANT,CashAndCashEquivalentsAtCarryingValue,,1.0,resolved,CashCashEquivalentsRestrictedCashAndRestrictedCashEquivalentsIncludingDisposalGroupAndDiscontinuedOperations,USD,0,instant:68
31462,eps_diluted,SINGLE,EarningsPerShareDiluted,,1.0,resolved,,USD/shares,0,Q:114|FY:27|H1:18|9M:16
31462,equity,DOMINANT,StockholdersEquity,,1.0,resolved,StockholdersEquityIncludingPortionAttributableToNoncontrollingInterest,USD,0,instant:68
31462,liabilities,SINGLE,Liabilities,,1.0,resolved,,USD,0,instant:68
31462,liabilities_and_equity,SINGLE,LiabilitiesAndStockholdersEquity,,1.0,resolved,,USD,0,instant:68
31462,minority_interest,SINGLE,MinorityInterest,,1.0,resolved,,USD,0,instant:68
31462,net_income,SINGLE,ProfitLoss,,1.0,resolved,,USD,0,Q:66|FY:31|H1:18|9M:16
31462,net_income_to_common,PARTIAL,NetIncomeLossAvailableToCommonStockholdersBasic,,0.5,UNRESOLVED,,USD,0,Q:58|FY:21|9M:8|H1:8
31462,operating_cash_flow,SINGLE,NetCashProvidedByUsedInOperatingActivities,,1.0,resolved,,USD,0,FY:27|H1:18|9M:16|Q:16
31462,operating_income,SINGLE,OperatingIncomeLoss,,1.0,resolved,,USD,0,Q:114|FY:35|H1:18|9M:16
31462,pretax_income,SINGLE,IncomeLossFromContinuingOperationsBeforeIncomeTaxesExtraordinaryItemsNoncontrollingInterest,,1.0,resolved,,USD,0,Q:62|FY:15|9M:10|H1:10
31462,revenue,SINGLE,RevenueFromContractWithCustomerExcludingAssessedTax,,1.0,resolved,,USD,0,Q:114|FY:35|H1:18|9M:16
31462,shares_outstanding,SINGLE,EntityCommonStockSharesOutstanding,,0.75,resolved,,shares,0,instant:33
32604,assets,SINGLE,Assets,,0.9167,resolved,,USD,0,instant:27
32604,cash,SINGLE,CashAndCashEquivalentsAtCarryingValue,,0.9167,resolved,,USD,0,instant:48
32604,eps_diluted,SINGLE,EarningsPerShareDiluted,,0.9167,resolved,,USD/shares,0,Q:42|FY:9|9M:6|H1:6
32604,equity,DOMINANT,StockholdersEquity,,0.9167,resolved,StockholdersEquityIncludingPortionAttributableToNoncontrollingInterest,USD,0,instant:27
32604,liabilities,ABSENT,,,0.0,UNRESOLVED,,,0,
32604,liabilities_and_equity,SINGLE,LiabilitiesAndStockholdersEquity,,0.9167,resolved,,USD,0,instant:24
32604,minority_interest,SINGLE,MinorityInterest,,0.9167,resolved,,USD,0,instant:24
32604,net_income,DOMINANT,NetIncomeLoss,,0.9167,resolved,ProfitLoss,USD,0,Q:42|FY:9|9M:6|H1:6
32604,net_income_to_common,ABSENT,,,0.0,UNRESOLVED,,,0,
32604,operating_cash_flow,DOMINANT,NetCashProvidedByUsedInOperatingActivities,,0.9167,resolved,NetCashProvidedByUsedInOperatingActivitiesContinuingOperations,USD,0,FY:9|9M:6|H1:6|Q:6
32604,operating_income,ABSENT,,,0.0,UNRESOLVED,,,0,
32604,pretax_income,SINGLE,IncomeLossFromContinuingOperationsBeforeIncomeTaxesExtraordinaryItemsNoncontrollingInterest,,0.9167,resolved,,USD,0,Q:18|FY:9|9M:6|H1:6
32604,revenue,ABSENT,,,0.0,UNRESOLVED,,,0,
32604,shares_outstanding,SINGLE,EntityCommonStockSharesOutstanding,,1.0,resolved,,shares,0,instant:12
33213,assets,SINGLE,Assets,,1.0,resolved,,USD,0,instant:26
33213,cash,DOMINANT,CashAndCashEquivalentsAtCarryingValue,,1.0,resolved,CashCashEquivalentsRestrictedCashAndRestrictedCashEquivalents,USD,0,instant:18
33213,eps_diluted,SINGLE,EarningsPerShareDiluted,,1.0,resolved,,USD/shares,0,Q:14|FY:6|H1:6|9M:4
33213,equity,DOMINANT,StockholdersEquity,,1.0,resolved,StockholdersEquityIncludingPortionAttributableToNoncontrollingInterest,USD,0,instant:18
33213,liabilities,SINGLE,Liabilities,,1.0,resolved,,USD,0,instant:18
33213,liabilities_and_equity,SINGLE,LiabilitiesAndStockholdersEquity,,1.0,resolved,,USD,0,instant:18
33213,minority_interest,SINGLE,MinorityInterest,,1.0,resolved,,USD,0,instant:18
33213,net_income,DOMINANT,NetIncomeLoss,,1.0,resolved,ProfitLoss,USD,0,Q:14|FY:6|H1:6|9M:4
33213,net_income_to_common,SINGLE,NetIncomeLossAvailableToCommonStockholdersBasic,,0.75,resolved,,USD,0,FY:6|Q:4|H1:2
33213,operating_cash_flow,SINGLE,NetCashProvidedByUsedInOperatingActivities,,1.0,resolved,,USD,0,FY:6|H1:6|9M:4|Q:4
33213,operating_income,SINGLE,OperatingIncomeLoss,,1.0,resolved,,USD,0,Q:14|FY:6|H1:6|9M:4
33213,pretax_income,SINGLE,IncomeLossFromContinuingOperationsBeforeIncomeTaxesExtraordinaryItemsNoncontrollingInterest,,1.0,resolved,,USD,0,Q:14|FY:6|H1:6|9M:4
33213,revenue,SINGLE,Revenues,,1.0,resolved,,USD,0,Q:14|FY:6|H1:6|9M:4
33213,shares_outstanding,SINGLE,EntityCommonStockSharesOutstanding,,1.0,resolved,,shares,0,instant:9
34088,assets,SINGLE,Assets,,1.0,resolved,,USD,0,instant:98
34088,cash,DOMINANT,CashAndCashEquivalentsAtCarryingValue,,1.0,resolved,CashCashEquivalentsRestrictedCashAndRestrictedCashEquivalents,USD,0,instant:122
34088,eps_diluted,SINGLE,EarningsPerShareDiluted,,1.0,resolved,,USD/shares,0,Q:66|FY:33|9M:22|H1:22
34088,equity,DOMINANT,StockholdersEquity,,1.0,resolved,StockholdersEquityIncludingPortionAttributableToNoncontrollingInterest,USD,0,instant:88
34088,liabilities,SINGLE,Liabilities,,1.0,resolved,,USD,0,instant:88
34088,liabilities_and_equity,SINGLE,LiabilitiesAndStockholdersEquity,,1.0,resolved,,USD,0,instant:88
34088,minority_interest,SINGLE,MinorityInterest,,1.0,resolved,,USD,0,instant:88
34088,net_income,DOMINANT,NetIncomeLoss,,1.0,resolved,ProfitLoss,USD,0,Q:66|FY:33|9M:22|H1:22
34088,net_income_to_common,ABSENT,,,0.0,UNRESOLVED,,,0,
34088,operating_cash_flow,SINGLE,NetCashProvidedByUsedInOperatingActivities,,1.0,resolved,,USD,0,FY:27|9M:18|Q:18|H1:16
34088,operating_income,ABSENT,,,0.0,UNRESOLVED,,,0,
34088,pretax_income,SINGLE,IncomeLossFromContinuingOperationsBeforeIncomeTaxesExtraordinaryItemsNoncontrollingInterest,,1.0,resolved,,USD,0,Q:66|FY:33|9M:22|H1:22
34088,revenue,SINGLE,Revenues,,0.907,resolved,,USD,0,Q:50|FY:33|9M:16|H1:16
34088,shares_outstanding,PARTIAL,EntityCommonStockSharesOutstanding,,0.7442,UNRESOLVED,,shares,0,instant:44
36104,assets,SINGLE,Assets,,0.975,resolved,,USD,0,instant:80
36104,cash,SINGLE,CashAndDueFromBanks,,0.975,resolved,,USD,0,instant:134
36104,eps_diluted,SINGLE,EarningsPerShareDiluted,,0.975,resolved,,USD/shares,0,Q:60|FY:30|9M:20|H1:20
36104,equity,DOMINANT,StockholdersEquity,,0.975,resolved,StockholdersEquityIncludingPortionAttributableToNoncontrollingInterest,USD,0,instant:80
36104,liabilities,SINGLE,Liabilities,,0.975,resolved,,USD,0,instant:80
36104,liabilities_and_equity,SINGLE,LiabilitiesAndStockholdersEquity,,0.975,resolved,,USD,0,instant:80
36104,minority_interest,SINGLE,MinorityInterest,,0.975,resolved,,USD,0,instant:80
36104,net_income,DOMINANT,NetIncomeLoss,,0.975,resolved,ProfitLoss,USD,0,Q:60|FY:30|9M:20|H1:20
36104,net_income_to_common,SINGLE,NetIncomeLossAvailableToCommonStockholdersBasic,,0.975,resolved,,USD,0,Q:60|FY:30|9M:20|H1:20
36104,operating_cash_flow,SINGLE,NetCashProvidedByUsedInOperatingActivities,,0.975,resolved,,USD,0,FY:21|9M:14|H1:14|Q:14
36104,operating_income,ABSENT,,,0.0,UNRESOLVED,,,0,
36104,pretax_income,SINGLE,IncomeLossFromContinuingOperationsBeforeIncomeTaxesExtraordinaryItemsNoncontrollingInterest,,0.975,resolved,,USD,0,Q:60|FY:30|9M:20|H1:20
36104,revenue,SINGLE,InterestAndDividendIncomeOperating,,0.975,resolved,,USD,0,Q:60|FY:30|9M:20|H1:20
36104,shares_outstanding,SINGLE,EntityCommonStockSharesOutstanding,,1.0,resolved,,shares,0,instant:40
37996,assets,SINGLE,Assets,,1.0,resolved,,USD,0,instant:75
37996,cash,DOMINANT,CashAndCashEquivalentsAtCarryingValue,,1.0,resolved,CashCashEquivalentsRestrictedCashAndRestrictedCashEquivalents,USD,0,instant:72
37996,eps_diluted,SINGLE,EarningsPerShareDiluted,,1.0,resolved,,USD/shares,0,Q:38|FY:18|H1:14|9M:12
37996,equity,DOMINANT,StockholdersEquity,,1.0,resolved,StockholdersEquityIncludingPortionAttributableToNoncontrollingInterest,USD,0,instant:62
37996,liabilities,SINGLE,Liabilities,,1.0,resolved,,USD,0,instant:50
37996,liabilities_and_equity,SINGLE,LiabilitiesAndStockholdersEquity,,1.0,resolved,,USD,0,instant:50
37996,minority_interest,SINGLE,MinorityInterest,,1.0,resolved,,USD,0,instant:62
37996,net_income,SINGLE,ProfitLoss,,1.0,resolved,,USD,0,Q:52|FY:18|H1:14|9M:12
37996,net_income_to_common,SINGLE,NetIncomeLossAvailableToCommonStockholdersBasic,,1.0,resolved,,USD,0,Q:68|FY:15|H1:10|9M:8
37996,operating_cash_flow,MIGRATION,NetCashProvidedByUsedInOperatingActivitiesContinuingOperations|NetCashProvidedByUsedInOperatingActivities,2019Q1,1.0,resolved,,USD,0,Q:20|FY:18|H1:14|9M:12
37996,operating_income,PARTIAL,OperatingIncomeLoss,,0.5417,UNRESOLVED,,USD,0,Q:12|FY:6|9M:4|H1:4
37996,pretax_income,SINGLE,IncomeLossFromContinuingOperationsBeforeIncomeTaxesExtraordinaryItemsNoncontrollingInterest,,1.0,resolved,,USD,0,Q:86|FY:18|H1:14|9M:12
37996,revenue,DOMINANT,Revenues,,1.0,resolved,RevenueFromContractWithCustomerExcludingAssessedTax,USD,0,Q:78|FY:18|H1:14|9M:12
37996,shares_outstanding,ABSENT,,,0.0,UNRESOLVED,,,0,
40533,assets,SINGLE,Assets,,0.85,resolved,,USD,0,instant:47
40533,cash,SINGLE,CashAndCashEquivalentsAtCarryingValue,,0.85,resolved,,USD,0,instant:76
40533,eps_diluted,PARTIAL,EarningsPerShareDiluted,,0.6,UNRESOLVED,,USD/shares,0,Q:18|FY:15|9M:10|H1:6
40533,equity,SINGLE,StockholdersEquity,,0.85,resolved,,USD,0,instant:90
40533,liabilities,ABSENT,,,0.0,UNRESOLVED,,,0,
40533,liabilities_and_equity,SINGLE,LiabilitiesAndStockholdersEquity,,0.85,resolved,,USD,0,instant:42
40533,minority_interest,ABSENT,,,0.0,UNRESOLVED,,,0,
40533,net_income,SINGLE,NetIncomeLoss,,0.85,resolved,,USD,0,Q:32|FY:15|H1:12|9M:10
40533,net_income_to_common,ABSENT,,,0.0,UNRESOLVED,,,0,
40533,operating_cash_flow,MIGRATION,NetCashProvidedByUsedInOperatingActivitiesContinuingOperations|NetCashProvidedByUsedInOperatingActivities,2019Q3,0.85,resolved,,USD,0,FY:15|H1:12|9M:10|Q:10
40533,operating_income,SINGLE,OperatingIncomeLoss,,0.85,resolved,,USD,0,Q:32|FY:15|H1:12|9M:10
40533,pretax_income,SINGLE,IncomeLossFromContinuingOperationsBeforeIncomeTaxesMinorityInterestAndIncomeLossFromEquityMethodInvestments,,0.85,resolved,,USD,0,Q:32|FY:15|H1:12|9M:10
40533,revenue,OVERLAP,RevenueFromContractWithCustomerExcludingAssessedTax|Revenues,,0.85,UNRESOLVED,,USD,0,Q:32|FY:25|H1:13|9M:11
40533,shares_outstanding,SINGLE,EntityCommonStockSharesOutstanding,,0.9,resolved,,shares,0,instant:21
45012,assets,SINGLE,Assets,,1.0,resolved,,USD,0,instant:90
45012,cash,OVERLAP,CashCashEquivalentsRestrictedCashAndRestrictedCashEquivalents|CashAndCashEquivalentsAtCarryingValue|CashCashEquivalentsRestrictedCashAndRestrictedCashEquivalentsIncludingDisposalGroupAndDiscontinuedOperations,,1.0,UNRESOLVED,,USD,0,instant:209
45012,eps_diluted,MIGRATION,EarningsPerShareBasicAndDiluted|EarningsPerShareDiluted,2022Q3,0.9091,resolved,,USD/shares,0,Q:66|9M:22|H1:22|FY:21
45012,equity,DOMINANT,StockholdersEquity,,1.0,resolved,StockholdersEquityIncludingPortionAttributableToNoncontrollingInterest,USD,0,instant:90
45012,liabilities,SINGLE,Liabilities,,1.0,resolved,,USD,0,instant:90
45012,liabilities_and_equity,SINGLE,LiabilitiesAndStockholdersEquity,,1.0,resolved,,USD,0,instant:90
45012,minority_interest,SINGLE,MinorityInterest,,1.0,resolved,,USD,0,instant:90
45012,net_income,DOMINANT,NetIncomeLoss,,1.0,resolved,ProfitLoss,USD,0,Q:68|FY:33|H1:24|9M:22
45012,net_income_to_common,ABSENT,,,0.0,UNRESOLVED,,,0,
45012,operating_cash_flow,SINGLE,NetCashProvidedByUsedInOperatingActivities,,1.0,resolved,,USD,0,FY:33|H1:24|9M:22|Q:22
45012,operating_income,SINGLE,OperatingIncomeLoss,,1.0,resolved,,USD,0,Q:68|FY:33|H1:24|9M:22
45012,pretax_income,SINGLE,IncomeLossFromContinuingOperationsBeforeIncomeTaxesExtraordinaryItemsNoncontrollingInterest,,1.0,resolved,,USD,0,Q:68|FY:33|H1:24|9M:22
45012,revenue,SINGLE,RevenueFromContractWithCustomerIncludingAssessedTax,,0.8409,resolved,,USD,0,Q:48|FY:24|9M:16|H1:16
45012,shares_outstanding,SINGLE,EntityCommonStockSharesOutstanding,,1.0,resolved,,shares,0,instant:45
47217,assets,SINGLE,Assets,,1.0,resolved,,USD,0,instant:50
47217,cash,SINGLE,CashAndCashEquivalentsAtCarryingValue,,1.0,resolved,,USD,0,instant:62
47217,eps_diluted,SINGLE,EarningsPerShareDiluted,,1.0,resolved,,USD/shares,0,Q:36|FY:21|9M:12|H1:12
47217,equity,DOMINANT,StockholdersEquity,,1.0,resolved,StockholdersEquityIncludingPortionAttributableToNoncontrollingInterest,USD,0,instant:46
47217,liabilities,ABSENT,,,0.0,UNRESOLVED,,,0,
47217,liabilities_and_equity,SINGLE,LiabilitiesAndStockholdersEquity,,1.0,resolved,,USD,0,instant:50
47217,minority_interest,PARTIAL,MinorityInterest,,0.125,UNRESOLVED,,USD,0,instant:6
47217,net_income,SINGLE,NetIncomeLoss,,1.0,resolved,,USD,0,Q:34|FY:18|H1:12|9M:10
47217,net_income_to_common,PARTIAL,NetIncomeLossAvailableToCommonStockholdersBasic,,0.0833,UNRESOLVED,,USD,0,FY:3|9M:2|Q:2
47217,operating_cash_flow,SINGLE,NetCashProvidedByUsedInOperatingActivities,,1.0,resolved,,USD,0,FY:18|H1:12|Q:12|9M:10
47217,operating_income,SINGLE,OperatingIncomeLoss,,1.0,resolved,,USD,0,Q:36|FY:21|9M:12|H1:12
47217,pretax_income,SINGLE,IncomeLossFromContinuingOperationsBeforeIncomeTaxesExtraordinaryItemsNoncontrollingInterest,,1.0,resolved,,USD,0,Q:36|FY:21|9M:12|H1:12
47217,revenue,SINGLE,Revenues,,1.0,resolved,,USD,0,Q:36|FY:21|9M:12|H1:12
47217,shares_outstanding,SINGLE,EntityCommonStockSharesOutstanding,,1.0,resolved,,shares,0,instant:25
49071,assets,SINGLE,Assets,,1.0,resolved,,USD,0,instant:34
49071,cash,DOMINANT,CashAndCashEquivalentsAtCarryingValue,,1.0,resolved,CashCashEquivalentsRestrictedCashAndRestrictedCashEquivalents,USD,0,instant:34
49071,eps_diluted,SINGLE,EarningsPerShareDiluted,,1.0,resolved,,USD/shares,0,Q:26|FY:12|H1:10|9M:8
49071,equity,DOMINANT,StockholdersEquity,,1.0,resolved,StockholdersEquityIncludingPortionAttributableToNoncontrollingInterest,USD,0,instant:28
49071,liabilities,SINGLE,Liabilities,,1.0,resolved,,USD,0,instant:34
49071,liabilities_and_equity,SINGLE,LiabilitiesAndStockholdersEquity,,1.0,resolved,,USD,0,instant:34
49071,minority_interest,SINGLE,MinorityInterest,,1.0,resolved,,USD,0,instant:32
49071,net_income,DOMINANT,NetIncomeLoss,,1.0,resolved,ProfitLoss,USD,0,Q:26|FY:12|H1:10|9M:8
49071,net_income_to_common,ABSENT,,,0.0,UNRESOLVED,,,0,
49071,operating_cash_flow,SINGLE,NetCashProvidedByUsedInOperatingActivities,,1.0,resolved,,USD,0,FY:12|H1:10|9M:8|Q:8
49071,operating_income,SINGLE,OperatingIncomeLoss,,1.0,resolved,,USD,0,Q:26|FY:12|H1:10|9M:8
49071,pretax_income,DOMINANT,IncomeLossFromContinuingOperationsBeforeIncomeTaxesMinorityInterestAndIncomeLossFromEquityMethodInvestments,,1.0,resolved,IncomeLossFromContinuingOperationsBeforeIncomeTaxesExtraordinaryItemsNoncontrollingInterest,USD,0,Q:26|FY:12|H1:10|9M:8
49071,revenue,DOMINANT,Revenues,,1.0,resolved,RevenueFromContractWithCustomerIncludingAssessedTax,USD,0,Q:26|FY:12|H1:10|9M:8
49071,shares_outstanding,SINGLE,EntityCommonStockSharesOutstanding,,0.75,resolved,,shares,0,instant:17
49826,assets,SINGLE,Assets,,1.0,resolved,,USD,0,instant:40
49826,cash,DOMINANT,CashAndCashEquivalentsAtCarryingValue,,1.0,resolved,CashCashEquivalentsRestrictedCashAndRestrictedCashEquivalents,USD,0,instant:36
49826,eps_diluted,SINGLE,EarningsPerShareDiluted,,1.0,resolved,,USD/shares,0,Q:44|FY:12|H1:12|9M:8
49826,equity,SINGLE,StockholdersEquityIncludingPortionAttributableToNoncontrollingInterest,,1.0,resolved,,USD,0,instant:92
49826,liabilities,ABSENT,,,0.0,UNRESOLVED,,,0,
49826,liabilities_and_equity,SINGLE,LiabilitiesAndStockholdersEquity,,1.0,resolved,,USD,0,instant:36
49826,minority_interest,SINGLE,MinorityInterest,,1.0,resolved,,USD,0,instant:36
49826,net_income,SINGLE,ProfitLoss,,1.0,resolved,,USD,0,Q:44|FY:12|H1:12|9M:8
49826,net_income_to_common,ABSENT,,,0.0,UNRESOLVED,,,0,
49826,operating_cash_flow,SINGLE,NetCashProvidedByUsedInOperatingActivities,,1.0,resolved,,USD,0,FY:12|H1:12|9M:8|Q:8
49826,operating_income,SINGLE,OperatingIncomeLoss,,1.0,resolved,,USD,0,Q:44|FY:12|H1:12|9M:8
49826,pretax_income,MIGRATION,IncomeLossFromContinuingOperationsBeforeIncomeTaxesExtraordinaryItemsNoncontrollingInterest|IncomeLossFromContinuingOperationsBeforeIncomeTaxesMinorityInterestAndIncomeLossFromEquityMethodInvestments,2022Q4,0.875,resolved,,USD,0,Q:24|FY:12|H1:10|9M:8
49826,revenue,SINGLE,RevenueFromContractWithCustomerIncludingAssessedTax,,1.0,resolved,,USD,0,Q:28|H1:12|9M:8
49826,shares_outstanding,SINGLE,EntityCommonStockSharesOutstanding,,0.75,resolved,,shares,0,instant:18
50863,assets,SINGLE,Assets,,0.9091,resolved,,USD,0,instant:90
50863,cash,OVERLAP,CashAndCashEquivalentsAtCarryingValue|CashCashEquivalentsRestrictedCashAndRestrictedCashEquivalents|CashCashEquivalentsRestrictedCashAndRestrictedCashEquivalentsIncludingDisposalGroupAndDiscontinuedOperations|Cash,,0.9091,UNRESOLVED,,USD,0,instant:202
50863,eps_diluted,SINGLE,EarningsPerShareDiluted,,0.9091,resolved,,USD/shares,0,Q:68|FY:33|H1:24|9M:22
50863,equity,SINGLE,StockholdersEquity,,0.9091,resolved,,USD,0,instant:144
50863,liabilities,ABSENT,,,0.0,UNRESOLVED,,,0,
50863,liabilities_and_equity,SINGLE,LiabilitiesAndStockholdersEquity,,0.9091,resolved,,USD,0,instant:90
50863,minority_interest,PARTIAL,MinorityInterest,,0.3409,UNRESOLVED,,USD,0,instant:43
50863,net_income,SINGLE,NetIncomeLoss,,0.9091,resolved,,USD,0,Q:68|FY:33|H1:24|9M:22
50863,net_income_to_common,ABSENT,,,0.0,UNRESOLVED,,,0,
50863,operating_cash_flow,MIGRATION,NetCashProvidedByUsedInOperatingActivitiesContinuingOperations|NetCashProvidedByUsedInOperatingActivities,2019Q3,0.9091,resolved,,USD,0,FY:33|H1:24|9M:22|Q:22
50863,operating_income,SINGLE,OperatingIncomeLoss,,0.9091,resolved,,USD,0,Q:68|FY:33|H1:25|9M:22
50863,pretax_income,SINGLE,IncomeLossFromContinuingOperationsBeforeIncomeTaxesExtraordinaryItemsNoncontrollingInterest,,0.9091,resolved,,USD,0,Q:68|FY:33|H1:24|9M:22
50863,revenue,SINGLE,RevenueFromContractWithCustomerExcludingAssessedTax,,0.7955,resolved,,USD,0,Q:48|FY:24|H1:17|9M:16
50863,shares_outstanding,SINGLE,EntityCommonStockSharesOutstanding,,0.8864,resolved,,shares,0,instant:45
51143,assets,SINGLE,Assets,,1.0,resolved,,USD,0,instant:101
51143,cash,DOMINANT,CashAndCashEquivalentsAtCarryingValue,,1.0,resolved,CashCashEquivalentsRestrictedCashAndRestrictedCashEquivalents,USD,0,instant:119
51143,eps_diluted,SINGLE,EarningsPerShareDiluted,,1.0,resolved,,USD/shares,0,Q:68|FY:36|H1:24|9M:22
51143,equity,DOMINANT,StockholdersEquity,,1.0,resolved,StockholdersEquityIncludingPortionAttributableToNoncontrollingInterest,USD,0,instant:92
51143,liabilities,SINGLE,Liabilities,,1.0,resolved,,USD,0,instant:92
51143,liabilities_and_equity,SINGLE,LiabilitiesAndStockholdersEquity,,1.0,resolved,,USD,0,instant:92
51143,minority_interest,SINGLE,MinorityInterest,,1.0,resolved,,USD,0,instant:92
51143,net_income,SINGLE,NetIncomeLoss,,1.0,resolved,,USD,0,Q:58|FY:27|H1:20|9M:18
51143,net_income_to_common,SINGLE,NetIncomeLossAvailableToCommonStockholdersBasic,,0.8864,resolved,,USD,0,Q:44|FY:30|9M:14|H1:14
51143,operating_cash_flow,SINGLE,NetCashProvidedByUsedInOperatingActivities,,1.0,resolved,,USD,0,FY:30|H1:22|9M:20|Q:20
51143,operating_income,ABSENT,,,0.0,UNRESOLVED,,,0,
51143,pretax_income,SINGLE,IncomeLossFromContinuingOperationsBeforeIncomeTaxesExtraordinaryItemsNoncontrollingInterest,,1.0,resolved,,USD,0,Q:68|FY:36|H1:24|9M:22
51143,revenue,SINGLE,Revenues,,1.0,resolved,,USD,0,Q:68|FY:39|H1:24|9M:22
51143,shares_outstanding,SINGLE,EntityCommonStockSharesOutstanding,,0.75,resolved,,shares,0,instant:45
55785,assets,SINGLE,Assets,,1.0,resolved,,USD,0,instant:101
55785,cash,SINGLE,CashAndCashEquivalentsAtCarryingValue,,1.0,resolved,,USD,0,instant:134
55785,eps_diluted,SINGLE,EarningsPerShareDiluted,,1.0,resolved,,USD/shares,0,Q:76|FY:36|H1:24|9M:22
55785,equity,DOMINANT,StockholdersEquity,,1.0,resolved,StockholdersEquityIncludingPortionAttributableToNoncontrollingInterest,USD,0,instant:111
55785,liabilities,ABSENT,,,0.0,UNRESOLVED,,,0,
55785,liabilities_and_equity,SINGLE,LiabilitiesAndStockholdersEquity,,1.0,resolved,,USD,0,instant:92
55785,minority_interest,SINGLE,MinorityInterest,,1.0,resolved,,USD,0,instant:104
55785,net_income,DOMINANT,NetIncomeLoss,,1.0,resolved,ProfitLoss,USD,0,Q:76|FY:36|H1:24|9M:22
55785,net_income_to_common,ABSENT,,,0.0,UNRESOLVED,,,0,
55785,operating_cash_flow,SINGLE,NetCashProvidedByUsedInOperatingActivities,,1.0,resolved,,USD,0,FY:30|9M:20|H1:20|Q:20
55785,operating_income,SINGLE,OperatingIncomeLoss,,1.0,resolved,,USD,0,Q:68|FY:36|H1:24|9M:22
55785,pretax_income,PARTIAL,IncomeLossFromContinuingOperationsBeforeIncomeTaxesMinorityInterestAndIncomeLossFromEquityMethodInvestments|IncomeLossFromContinuingOperationsBeforeIncomeTaxesExtraordinaryItemsNoncontrollingInterest,,0.5682,UNRESOLVED,,USD,0,FY:36|Q:24|H1:10|9M:8
55785,revenue,SINGLE,Revenues,,0.7955,resolved,,USD,0,Q:54|FY:24|H1:16|9M:14
55785,shares_outstanding,SINGLE,EntityCommonStockSharesOutstanding,,1.0,resolved,,shares,0,instant:45
59478,assets,SINGLE,Assets,,1.0,resolved,,USD,0,instant:92
59478,cash,SINGLE,CashAndCashEquivalentsAtCarryingValue,,1.0,resolved,,USD,0,instant:121
59478,eps_diluted,SINGLE,EarningsPerShareDiluted,,1.0,resolved,,USD/shares,0,Q:116|FY:36|H1:24|9M:22
59478,equity,DOMINANT,StockholdersEquity,,1.0,resolved,StockholdersEquityIncludingPortionAttributableToNoncontrollingInterest,USD,0,instant:98
59478,liabilities,ABSENT,,,0.0,UNRESOLVED,,,0,
59478,liabilities_and_equity,SINGLE,LiabilitiesAndStockholdersEquity,,1.0,resolved,,USD,0,instant:92
59478,minority_interest,PARTIAL,MinorityInterest,,0.9318,UNRESOLVED,,USD,0,instant:86
59478,net_income,SINGLE,NetIncomeLoss,,1.0,resolved,,USD,0,Q:84|FY:36|H1:24|9M:22
59478,net_income_to_common,ABSENT,,,0.0,UNRESOLVED,,,0,
59478,operating_cash_flow,SINGLE,NetCashProvidedByUsedInOperatingActivities,,1.0,resolved,,USD,0,FY:36|H1:24|9M:22|Q:22
59478,operating_income,ABSENT,,,0.0,UNRESOLVED,,,0,
59478,pretax_income,SINGLE,IncomeLossFromContinuingOperationsBeforeIncomeTaxesExtraordinaryItemsNoncontrollingInterest,,1.0,resolved,,USD,0,Q:68|FY:36|H1:24|9M:22
59478,revenue,SINGLE,Revenues,,1.0,resolved,,USD,0,Q:116|FY:36|H1:24|9M:22
59478,shares_outstanding,SINGLE,EntityCommonStockSharesOutstanding,,1.0,resolved,,shares,0,instant:45
60667,assets,SINGLE,Assets,,1.0,resolved,,USD,0,instant:121
60667,cash,DOMINANT,CashAndCashEquivalentsAtCarryingValue,,1.0,resolved,CashCashEquivalentsRestrictedCashAndRestrictedCashEquivalents,USD,0,instant:141
60667,eps_diluted,SINGLE,EarningsPerShareDiluted,,1.0,resolved,,USD/shares,0,Q:66|FY:33|9M:22|H1:22
60667,equity,SINGLE,StockholdersEquity,,1.0,resolved,,USD,0,instant:175
60667,liabilities,SINGLE,Liabilities,,1.0,resolved,,USD,0,instant:121
60667,liabilities_and_equity,SINGLE,LiabilitiesAndStockholdersEquity,,1.0,resolved,,USD,0,instant:121
60667,minority_interest,PARTIAL,MinorityInterest,,0.1818,UNRESOLVED,,USD,0,instant:12
60667,net_income,SINGLE,NetIncomeLoss,,1.0,resolved,,USD,0,Q:66|FY:33|9M:22|H1:22
60667,net_income_to_common,SINGLE,NetIncomeLossAvailableToCommonStockholdersBasic,,1.0,resolved,,USD,0,Q:66|FY:33|9M:22|H1:22
60667,operating_cash_flow,SINGLE,NetCashProvidedByUsedInOperatingActivities,,1.0,resolved,,USD,0,FY:27|9M:18|H1:18|Q:18
60667,operating_income,SINGLE,OperatingIncomeLoss,,0.9545,resolved,,USD,0,Q:56|FY:30|9M:18|H1:18
60667,pretax_income,SINGLE,IncomeLossFromContinuingOperationsBeforeIncomeTaxesExtraordinaryItemsNoncontrollingInterest,,1.0,resolved,,USD,0,Q:66|FY:33|9M:22|H1:22
60667,revenue,SINGLE,RevenueFromContractWithCustomerExcludingAssessedTax,,0.8409,resolved,,USD,0,Q:48|FY:24|9M:16|H1:16
60667,shares_outstanding,SINGLE,EntityCommonStockSharesOutstanding,,1.0,resolved,,shares,0,instant:44
62709,assets,SINGLE,Assets,,1.0,resolved,,USD,0,instant:102
62709,cash,DOMINANT,CashAndCashEquivalentsAtCarryingValue,,1.0,resolved,CashCashEquivalentsRestrictedCashAndRestrictedCashEquivalents,USD,0,instant:143
62709,eps_diluted,SINGLE,EarningsPerShareDiluted,,1.0,resolved,,USD/shares,0,Q:124|FY:36|H1:24|9M:22
62709,equity,SINGLE,StockholdersEquityIncludingPortionAttributableToNoncontrollingInterest,,1.0,resolved,,USD,0,instant:138
62709,liabilities,ABSENT,,,0.0,UNRESOLVED,,,0,
62709,liabilities_and_equity,SINGLE,LiabilitiesAndStockholdersEquity,,1.0,resolved,,USD,0,instant:92
62709,minority_interest,SINGLE,MinorityInterest,,1.0,resolved,,USD,0,instant:92
62709,net_income,DOMINANT,NetIncomeLoss,,1.0,resolved,ProfitLoss,USD,0,Q:124|FY:36|H1:24|9M:22
62709,net_income_to_common,ABSENT,,,0.0,UNRESOLVED,,,0,
62709,operating_cash_flow,SINGLE,NetCashProvidedByUsedInOperatingActivities,,1.0,resolved,,USD,0,FY:36|H1:25|Q:24|9M:23
62709,operating_income,SINGLE,OperatingIncomeLoss,,1.0,resolved,,USD,0,Q:124|FY:36|H1:24|9M:22
62709,pretax_income,SINGLE,IncomeLossFromContinuingOperationsBeforeIncomeTaxesExtraordinaryItemsNoncontrollingInterest,,1.0,resolved,,USD,0,Q:68|FY:36|H1:24|9M:22
62709,revenue,MIGRATION,RevenueFromContractWithCustomerIncludingAssessedTax|RevenueFromContractWithCustomerExcludingAssessedTax,2024Q2,0.8864,resolved,,USD,0,Q:74|FY:24|H1:18|9M:16
62709,shares_outstanding,SINGLE,EntityCommonStockSharesOutstanding,,1.0,resolved,,shares,0,instant:46
63908,assets,SINGLE,Assets,,1.0,resolved,,USD,0,instant:101
63908,cash,SINGLE,CashAndCashEquivalentsAtCarryingValue,,1.0,resolved,,USD,0,instant:172
63908,eps_diluted,SINGLE,EarningsPerShareDiluted,,1.0,resolved,,USD/shares,0,Q:108|FY:33|H1:24|9M:22
63908,equity,SINGLE,StockholdersEquity,,1.0,resolved,,USD,0,instant:188
63908,liabilities,ABSENT,,,0.0,UNRESOLVED,,,0,
63908,liabilities_and_equity,SINGLE,LiabilitiesAndStockholdersEquity,,1.0,resolved,,USD,0,instant:90
63908,minority_interest,ABSENT,,,0.0,UNRESOLVED,,,0,
63908,net_income,SINGLE,NetIncomeLoss,,1.0,resolved,,USD,0,Q:108|FY:33|H1:24|9M:22
63908,net_income_to_common,ABSENT,,,0.0,UNRESOLVED,,,0,
63908,operating_cash_flow,SINGLE,NetCashProvidedByUsedInOperatingActivities,,1.0,resolved,,USD,0,Q:68|FY:33|H1:24|9M:22
63908,operating_income,SINGLE,OperatingIncomeLoss,,1.0,resolved,,USD,0,Q:108|FY:33|H1:24|9M:22
63908,pretax_income,ABSENT,,,0.0,UNRESOLVED,,,0,
63908,revenue,SINGLE,Revenues,,1.0,resolved,,USD,0,Q:108|FY:33|H1:24|9M:22
63908,shares_outstanding,SINGLE,EntityCommonStockSharesOutstanding,,0.75,resolved,,shares,0,instant:45
64040,assets,SINGLE,Assets,,0.9688,resolved,,USD,0,instant:62
64040,cash,DOMINANT,CashAndCashEquivalentsAtCarryingValue,,0.9688,resolved,CashCashEquivalentsRestrictedCashAndRestrictedCashEquivalents,USD,0,instant:62
64040,eps_diluted,SINGLE,EarningsPerShareDiluted,,0.9688,resolved,,USD/shares,0,Q:72|FY:21|9M:16|H1:16
64040,equity,DOMINANT,StockholdersEquity,,0.9688,resolved,StockholdersEquityIncludingPortionAttributableToNoncontrollingInterest,USD,0,instant:62
64040,liabilities,SINGLE,Liabilities,,0.9688,resolved,,USD,0,instant:62
64040,liabilities_and_equity,SINGLE,LiabilitiesAndStockholdersEquity,,0.9688,resolved,,USD,0,instant:62
64040,minority_interest,SINGLE,MinorityInterest,,0.9688,resolved,,USD,0,instant:62
64040,net_income,DOMINANT,NetIncomeLoss,,0.9688,resolved,ProfitLoss,USD,0,Q:70|FY:21|9M:16|H1:16
64040,net_income_to_common,ABSENT,,,0.0,UNRESOLVED,,,0,
64040,operating_cash_flow,SINGLE,NetCashProvidedByUsedInOperatingActivities,,0.9688,resolved,,USD,0,FY:21|9M:16|H1:16|Q:16
64040,operating_income,SINGLE,OperatingIncomeLoss,,0.9688,resolved,,USD,0,Q:72|FY:21|9M:16|H1:16
64040,pretax_income,SINGLE,IncomeLossFromContinuingOperationsBeforeIncomeTaxesExtraordinaryItemsNoncontrollingInterest,,0.9688,resolved,,USD,0,Q:48|FY:21|9M:16|H1:16
64040,revenue,SINGLE,RevenueFromContractWithCustomerExcludingAssessedTax,,0.9688,resolved,,USD,0,Q:72|FY:21|9M:16|H1:16
64040,shares_outstanding,SINGLE,EntityCommonStockSharesOutstanding,,0.9688,resolved,,shares,0,instant:31
64803,assets,SINGLE,Assets,,1.0,resolved,,USD,0,instant:98
64803,cash,DOMINANT,CashAndCashEquivalentsAtCarryingValue,,1.0,resolved,CashCashEquivalentsRestrictedCashAndRestrictedCashEquivalents,USD,0,instant:129
64803,eps_diluted,SINGLE,EarningsPerShareDiluted,,1.0,resolved,,USD/shares,0,Q:116|FY:39|H1:24|9M:22
64803,equity,DOMINANT,StockholdersEquity,,1.0,resolved,StockholdersEquityIncludingPortionAttributableToNoncontrollingInterest,USD,0,instant:101
64803,liabilities,SINGLE,Liabilities,,0.7955,resolved,,USD,0,instant:79
64803,liabilities_and_equity,SINGLE,LiabilitiesAndStockholdersEquity,,1.0,resolved,,USD,0,instant:94
64803,minority_interest,SINGLE,MinorityInterest,,1.0,resolved,,USD,0,instant:94
64803,net_income,DOMINANT,NetIncomeLoss,,1.0,resolved,ProfitLoss,USD,0,Q:96|FY:36|H1:20|9M:18
64803,net_income_to_common,SINGLE,NetIncomeLossAvailableToCommonStockholdersBasic,,0.75,resolved,,USD,0,Q:56|9M:16|H1:16|FY:12
64803,operating_cash_flow,SINGLE,NetCashProvidedByUsedInOperatingActivities,,1.0,resolved,,USD,0,FY:39|H1:24|9M:22|Q:22
64803,operating_income,SINGLE,OperatingIncomeLoss,,1.0,resolved,,USD,0,Q:116|FY:39|H1:25|9M:22
64803,pretax_income,MIGRATION,IncomeLossFromContinuingOperationsBeforeIncomeTaxesMinorityInterestAndIncomeLossFromEquityMethodInvestments|IncomeLossFromContinuingOperationsBeforeIncomeTaxesExtraordinaryItemsNoncontrollingInterest,2021Q3,1.0,resolved,,USD,0,Q:68|FY:39|H1:24|9M:22
64803,revenue,SINGLE,Revenues,,1.0,resolved,,USD,0,Q:116|FY:39|H1:25|9M:22
64803,shares_outstanding,SINGLE,EntityCommonStockSharesOutstanding,,1.0,resolved,,shares,0,instant:45
66740,assets,SINGLE,Assets,,1.0,resolved,,USD,0,instant:106
66740,cash,DOMINANT,CashCashEquivalentsRestrictedCashAndRestrictedCashEquivalents,,1.0,resolved,CashCashEquivalentsRestrictedCashAndRestrictedCashEquivalentsIncludingDisposalGroupAndDiscontinuedOperations,USD,0,instant:100
66740,eps_diluted,SINGLE,EarningsPerShareDiluted,,1.0,resolved,,USD/shares,0,Q:148|FY:45|H1:24|9M:22
66740,equity,DOMINANT,StockholdersEquity,,1.0,resolved,StockholdersEquityIncludingPortionAttributableToNoncontrollingInterest,USD,0,instant:98
66740,liabilities,SINGLE,Liabilities,,1.0,resolved,,USD,0,instant:98
66740,liabilities_and_equity,SINGLE,LiabilitiesAndStockholdersEquity,,1.0,resolved,,USD,0,instant:98
66740,minority_interest,SINGLE,MinorityInterest,,1.0,resolved,,USD,0,instant:98
66740,net_income,DOMINANT,NetIncomeLoss,,1.0,resolved,ProfitLoss,USD,0,Q:148|FY:45|H1:24|9M:22
66740,net_income_to_common,ABSENT,,,0.0,UNRESOLVED,,,0,
66740,operating_cash_flow,SINGLE,NetCashProvidedByUsedInOperatingActivities,,1.0,resolved,,USD,0,FY:33|H1:20|9M:18|Q:18
66740,operating_income,SINGLE,OperatingIncomeLoss,,1.0,resolved,,USD,0,Q:68|FY:45|H1:24|9M:22
66740,pretax_income,SINGLE,IncomeLossFromContinuingOperationsBeforeIncomeTaxesExtraordinaryItemsNoncontrollingInterest,,1.0,resolved,,USD,0,Q:54|FY:33|H1:20|9M:16
66740,revenue,DOMINANT,Revenues,,0.8864,resolved,RevenueFromContractWithCustomerExcludingAssessedTax,USD,0,Q:60|FY:27|H1:18|9M:16
66740,shares_outstanding,SINGLE,EntityCommonStockSharesOutstanding,,0.75,resolved,,shares,0,instant:45
70858,assets,SINGLE,Assets,,1.0,resolved,,USD,0,instant:128
70858,cash,DOMINANT,CashAndDueFromBanks,,1.0,resolved,CashCashEquivalentsRestrictedCashAndRestrictedCashEquivalents,USD,0,instant:94
70858,eps_diluted,SINGLE,EarningsPerShareDiluted,,1.0,resolved,,USD/shares,0,Q:68|FY:39|H1:24|9M:22
70858,equity,SINGLE,StockholdersEquity,,1.0,resolved,,USD,0,instant:218
70858,liabilities,SINGLE,Liabilities,,1.0,resolved,,USD,0,instant:94
70858,liabilities_and_equity,SINGLE,LiabilitiesAndStockholdersEquity,,1.0,resolved,,USD,0,instant:94
70858,minority_interest,ABSENT,,,0.0,UNRESOLVED,,,0,
70858,net_income,SINGLE,NetIncomeLoss,,1.0,resolved,,USD,0,Q:68|FY:39|H1:24|9M:22
70858,net_income_to_common,SINGLE,NetIncomeLossAvailableToCommonStockholdersBasic,,1.0,resolved,,USD,0,Q:68|FY:39|H1:24|9M:22
70858,operating_cash_flow,SINGLE,NetCashProvidedByUsedInOperatingActivities,,1.0,resolved,,USD,0,FY:24|H1:18|Q:18|9M:16
70858,operating_income,ABSENT,,,0.0,UNRESOLVED,,,0,
70858,pretax_income,SINGLE,IncomeLossFromContinuingOperationsBeforeIncomeTaxesExtraordinaryItemsNoncontrollingInterest,,1.0,resolved,,USD,0,Q:68|FY:39|H1:24|9M:22
70858,revenue,DOMINANT,Revenues,,1.0,resolved,InterestAndDividendIncomeOperating,USD,0,Q:68|FY:39|H1:24|9M:22
70858,shares_outstanding,SINGLE,EntityCommonStockSharesOutstanding,,1.0,resolved,,shares,0,instant:45
72741,assets,SINGLE,Assets,,1.0,resolved,,USD,0,instant:34
72741,cash,DOMINANT,CashCashEquivalentsRestrictedCashAndRestrictedCashEquivalents,,1.0,resolved,Cash,USD,0,instant:68
72741,eps_diluted,SINGLE,EarningsPerShareDiluted,,1.0,resolved,,USD/shares,0,Q:28|FY:12|9M:8|H1:6
72741,equity,SINGLE,StockholdersEquity,,1.0,resolved,,USD,0,instant:94
72741,liabilities,ABSENT,,,0.0,UNRESOLVED,,,0,
72741,liabilities_and_equity,SINGLE,LiabilitiesAndStockholdersEquity,,1.0,resolved,,USD,0,instant:34
72741,minority_interest,ABSENT,,,0.0,UNRESOLVED,,,0,
72741,net_income,SINGLE,NetIncomeLoss,,1.0,resolved,,USD,0,Q:60|FY:12|H1:10|9M:8
72741,net_income_to_common,SINGLE,NetIncomeLossAvailableToCommonStockholdersBasic,,1.0,resolved,,USD,0,Q:34|FY:12|H1:10|9M:8
72741,operating_cash_flow,SINGLE,NetCashProvidedByUsedInOperatingActivities,,1.0,resolved,,USD,0,FY:12|H1:10|9M:8|Q:8
72741,operating_income,SINGLE,OperatingIncomeLoss,,1.0,resolved,,USD,0,Q:34|FY:12|H1:10|9M:8
72741,pretax_income,ABSENT,,,0.0,UNRESOLVED,,,0,
72741,revenue,DOMINANT,Revenues,,1.0,resolved,RevenueFromContractWithCustomerIncludingAssessedTax,USD,0,Q:34|FY:12|H1:10|9M:8
72741,shares_outstanding,SINGLE,EntityCommonStockSharesOutstanding,,1.0,resolved,,shares,0,instant:17
72903,assets,SINGLE,Assets,,1.0,resolved,,USD,0,instant:66
72903,cash,DOMINANT,CashAndCashEquivalentsAtCarryingValue,,1.0,resolved,CashCashEquivalentsRestrictedCashAndRestrictedCashEquivalents,USD,0,instant:79
72903,eps_diluted,SINGLE,EarningsPerShareDiluted,,1.0,resolved,,USD/shares,0,Q:90|FY:24|H1:18|9M:16
72903,equity,DOMINANT,StockholdersEquity,,1.0,resolved,StockholdersEquityIncludingPortionAttributableToNoncontrollingInterest,USD,0,instant:66
72903,liabilities,ABSENT,,,0.0,UNRESOLVED,,,0,
72903,liabilities_and_equity,SINGLE,LiabilitiesAndStockholdersEquity,,1.0,resolved,,USD,0,instant:66
72903,minority_interest,ABSENT,,,0.0,UNRESOLVED,,,0,
72903,net_income,SINGLE,NetIncomeLoss,,1.0,resolved,,USD,0,Q:90|FY:24|H1:18|9M:16
72903,net_income_to_common,PARTIAL,NetIncomeLossAvailableToCommonStockholdersBasic,,0.1562,UNRESOLVED,,USD,0,Q:10|9M:4|H1:4|FY:3
72903,operating_cash_flow,SINGLE,NetCashProvidedByUsedInOperatingActivities,,1.0,resolved,,USD,0,FY:24|H1:18|9M:16|Q:16
72903,operating_income,SINGLE,OperatingIncomeLoss,,1.0,resolved,,USD,0,Q:90|FY:24|H1:18|9M:16
72903,pretax_income,SINGLE,IncomeLossFromContinuingOperationsBeforeIncomeTaxesExtraordinaryItemsNoncontrollingInterest,,1.0,resolved,,USD,0,Q:50|FY:24|H1:18|9M:16
72903,revenue,PARTIAL,Revenues|RevenueFromContractWithCustomerExcludingAssessedTax,,0.2812,UNRESOLVED,,USD,0,Q:38|FY:9|H1:8|9M:6
72903,shares_outstanding,SINGLE,EntityCommonStockSharesOutstanding,,1.0,resolved,,shares,0,instant:33
72971,assets,SINGLE,Assets,,1.0,resolved,,USD,0,instant:109
72971,cash,DOMINANT,CashAndDueFromBanks,,1.0,resolved,CashCashEquivalentsRestrictedCashAndRestrictedCashEquivalents,USD,0,instant:114
72971,eps_diluted,SINGLE,EarningsPerShareDiluted,,1.0,resolved,,USD/shares,0,Q:68|FY:36|H1:24|9M:22
72971,equity,DOMINANT,StockholdersEquity,,1.0,resolved,StockholdersEquityIncludingPortionAttributableToNoncontrollingInterest,USD,0,instant:92
72971,liabilities,SINGLE,Liabilities,,1.0,resolved,,USD,0,instant:92
72971,liabilities_and_equity,SINGLE,LiabilitiesAndStockholdersEquity,,1.0,resolved,,USD,0,instant:92
72971,minority_interest,SINGLE,MinorityInterest,,1.0,resolved,,USD,0,instant:92
72971,net_income,SINGLE,NetIncomeLoss,,1.0,resolved,,USD,0,Q:68|FY:36|H1:24|9M:22
72971,net_income_to_common,SINGLE,NetIncomeLossAvailableToCommonStockholdersBasic,,1.0,resolved,,USD,0,Q:68|FY:36|H1:24|9M:22
72971,operating_cash_flow,SINGLE,NetCashProvidedByUsedInOperatingActivities,,1.0,resolved,,USD,0,FY:21|9M:14|H1:14|Q:14
72971,operating_income,ABSENT,,,0.0,UNRESOLVED,,,0,
72971,pretax_income,SINGLE,IncomeLossFromContinuingOperationsBeforeIncomeTaxesExtraordinaryItemsNoncontrollingInterest,,1.0,resolved,,USD,0,Q:68|FY:36|H1:24|9M:22
72971,revenue,SINGLE,InterestAndDividendIncomeOperating,,1.0,resolved,,USD,0,Q:68|FY:36|H1:24|9M:22
72971,shares_outstanding,SINGLE,EntityCommonStockSharesOutstanding,,1.0,resolved,,shares,0,instant:46
73309,assets,SINGLE,Assets,,0.8125,resolved,,USD,0,instant:36
73309,cash,DOMINANT,CashAndCashEquivalentsAtCarryingValue,,0.8125,resolved,CashCashEquivalentsRestrictedCashAndRestrictedCashEquivalentsIncludingDisposalGroupAndDiscontinuedOperations,USD,0,instant:32
73309,eps_diluted,SINGLE,EarningsPerShareDiluted,,0.8125,resolved,,USD/shares,0,Q:48|FY:12|9M:8|H1:8
73309,equity,DOMINANT,StockholdersEquity,,0.8125,resolved,StockholdersEquityIncludingPortionAttributableToNoncontrollingInterest,USD,0,instant:32
73309,liabilities,SINGLE,Liabilities,,0.8125,resolved,,USD,0,instant:32
73309,liabilities_and_equity,SINGLE,LiabilitiesAndStockholdersEquity,,0.8125,resolved,,USD,0,instant:32
73309,minority_interest,SINGLE,MinorityInterest,,0.8125,resolved,,USD,0,instant:32
73309,net_income,DOMINANT,NetIncomeLoss,,0.8125,resolved,ProfitLoss,USD,0,Q:48|FY:12|9M:8|H1:8
73309,net_income_to_common,SINGLE,NetIncomeLossAvailableToCommonStockholdersBasic,,0.8125,resolved,,USD,0,Q:24|FY:12|9M:8|H1:8
73309,operating_cash_flow,SINGLE,NetCashProvidedByUsedInOperatingActivities,,0.8125,resolved,,USD,0,FY:12|9M:8|H1:8|Q:8
73309,operating_income,ABSENT,,,0.0,UNRESOLVED,,,0,
73309,pretax_income,SINGLE,IncomeLossFromContinuingOperationsBeforeIncomeTaxesExtraordinaryItemsNoncontrollingInterest,,0.8125,resolved,,USD,0,Q:24|FY:12|9M:8|H1:8
73309,revenue,SINGLE,RevenueFromContractWithCustomerExcludingAssessedTax,,0.8125,resolved,,USD,0,Q:48|FY:12|9M:8|H1:8
73309,shares_outstanding,SINGLE,EntityCommonStockSharesOutstanding,,0.875,resolved,,shares,0,instant:16
77476,assets,SINGLE,Assets,,1.0,resolved,,USD,0,instant:94
77476,cash,DOMINANT,CashAndCashEquivalentsAtCarryingValue,,1.0,resolved,CashCashEquivalentsRestrictedCashAndRestrictedCashEquivalents,USD,0,instant:118
77476,eps_diluted,SINGLE,EarningsPerShareDiluted,,1.0,resolved,,USD/shares,0,Q:76|FY:39|H1:24|9M:22
77476,equity,DOMINANT,StockholdersEquity,,1.0,resolved,StockholdersEquityIncludingPortionAttributableToNoncontrollingInterest,USD,0,instant:95
77476,liabilities,SINGLE,Liabilities,,1.0,resolved,,USD,0,instant:94
77476,liabilities_and_equity,SINGLE,LiabilitiesAndStockholdersEquity,,1.0,resolved,,USD,0,instant:94
77476,minority_interest,SINGLE,MinorityInterest,,1.0,resolved,,USD,0,instant:94
77476,net_income,DOMINANT,NetIncomeLoss,,1.0,resolved,ProfitLoss,USD,0,Q:76|FY:39|H1:24|9M:22
77476,net_income_to_common,SINGLE,NetIncomeLossAvailableToCommonStockholdersBasic,,1.0,resolved,,USD,0,Q:68|FY:39|H1:24|9M:22
77476,operating_cash_flow,SINGLE,NetCashProvidedByUsedInOperatingActivities,,1.0,resolved,,USD,0,FY:39|H1:24|9M:22|Q:22
77476,operating_income,SINGLE,OperatingIncomeLoss,,1.0,resolved,,USD,0,Q:76|FY:39|H1:24|9M:22
77476,pretax_income,SINGLE,IncomeLossFromContinuingOperationsBeforeIncomeTaxesExtraordinaryItemsNoncontrollingInterest,,1.0,resolved,,USD,0,Q:68|FY:39|H1:24|9M:22
77476,revenue,SINGLE,Revenues,,0.8636,resolved,,USD,0,Q:58|FY:27|H1:18|9M:16
77476,shares_outstanding,SINGLE,EntityCommonStockSharesOutstanding,,0.8409,resolved,,shares,0,instant:45
78003,assets,SINGLE,Assets,,0.8636,resolved,,USD,0,instant:90
78003,cash,DOMINANT,CashAndCashEquivalentsAtCarryingValue,,0.8636,resolved,CashCashEquivalentsRestrictedCashAndRestrictedCashEquivalents,USD,0,instant:112
78003,eps_diluted,SINGLE,EarningsPerShareDiluted,,0.8636,resolved,,USD/shares,0,Q:68|FY:33|H1:24|9M:22
78003,equity,DOMINANT,StockholdersEquity,,0.8636,resolved,StockholdersEquityIncludingPortionAttributableToNoncontrollingInterest,USD,0,instant:90
78003,liabilities,SINGLE,Liabilities,,0.8636,resolved,,USD,0,instant:90
78003,liabilities_and_equity,SINGLE,LiabilitiesAndStockholdersEquity,,0.8636,resolved,,USD,0,instant:90
78003,minority_interest,SINGLE,MinorityInterest,,0.8636,resolved,,USD,0,instant:90
78003,net_income,DOMINANT,NetIncomeLoss,,0.8636,resolved,ProfitLoss,USD,0,Q:68|FY:33|H1:24|9M:22
78003,net_income_to_common,SINGLE,NetIncomeLossAvailableToCommonStockholdersBasic,,0.8636,resolved,,USD,0,Q:68|FY:33|H1:24|9M:22
78003,operating_cash_flow,SINGLE,NetCashProvidedByUsedInOperatingActivities,,0.8636,resolved,,USD,0,FY:33|H1:24|9M:22|Q:22
78003,operating_income,ABSENT,,,0.0,UNRESOLVED,,,0,
78003,pretax_income,SINGLE,IncomeLossFromContinuingOperationsBeforeIncomeTaxesExtraordinaryItemsNoncontrollingInterest,,0.8636,resolved,,USD,0,Q:68|FY:33|H1:24|9M:22
78003,revenue,MIGRATION,RevenueFromContractWithCustomerExcludingAssessedTax|Revenues,2024Q1,0.75,resolved,,USD,0,Q:50|FY:27|H1:18|9M:16
78003,shares_outstanding,SINGLE,EntityCommonStockSharesOutstanding,,1.0,resolved,,shares,0,instant:45
79879,assets,SINGLE,Assets,,1.0,resolved,,USD,0,instant:58
79879,cash,SINGLE,CashAndCashEquivalentsAtCarryingValue,,1.0,resolved,,USD,0,instant:105
79879,eps_diluted,SINGLE,EarningsPerShareDiluted,,1.0,resolved,,USD/shares,0,Q:94|FY:22|H1:15|9M:13
79879,equity,DOMINANT,StockholdersEquity,,1.0,resolved,StockholdersEquityIncludingPortionAttributableToNoncontrollingInterest,USD,0,instant:55
79879,liabilities,SINGLE,Liabilities,,1.0,resolved,,USD,0,instant:55
79879,liabilities_and_equity,SINGLE,LiabilitiesAndStockholdersEquity,,1.0,resolved,,USD,0,instant:55
79879,minority_interest,SINGLE,MinorityInterest,,1.0,resolved,,USD,0,instant:54
79879,net_income,DOMINANT,NetIncomeLoss,,1.0,resolved,ProfitLoss,USD,0,Q:94|FY:22|H1:15|9M:13
79879,net_income_to_common,ABSENT,,,0.0,UNRESOLVED,,,0,
79879,operating_cash_flow,DOMINANT,NetCashProvidedByUsedInOperatingActivities,,1.0,resolved,NetCashProvidedByUsedInOperatingActivitiesContinuingOperations,USD,0,FY:21|H1:15|9M:13|Q:13
79879,operating_income,SINGLE,OperatingIncomeLoss,,1.0,resolved,,USD,0,Q:44|FY:21|H1:16|9M:14
79879,pretax_income,SINGLE,IncomeLossFromContinuingOperationsBeforeIncomeTaxesExtraordinaryItemsNoncontrollingInterest,,1.0,resolved,,USD,0,Q:46|FY:22|H1:16|9M:14
79879,revenue,SINGLE,RevenueFromContractWithCustomerExcludingAssessedTax,,0.9583,resolved,,USD,0,Q:42|FY:9|9M:6|H1:6
79879,shares_outstanding,SINGLE,EntityCommonStockSharesOutstanding,,0.75,resolved,,shares,0,instant:26
80424,assets,SINGLE,Assets,,1.0,resolved,,USD,0,instant:109
80424,cash,SINGLE,CashCashEquivalentsRestrictedCashAndRestrictedCashEquivalents,,1.0,resolved,,USD,0,instant:112
80424,eps_diluted,SINGLE,EarningsPerShareDiluted,,1.0,resolved,,USD/shares,0,Q:138|FY:45|9M:22|H1:22
80424,equity,SINGLE,StockholdersEquityIncludingPortionAttributableToNoncontrollingInterest,,1.0,resolved,,USD,0,instant:204
80424,liabilities,SINGLE,Liabilities,,1.0,resolved,,USD,0,instant:96
80424,liabilities_and_equity,SINGLE,LiabilitiesAndStockholdersEquity,,1.0,resolved,,USD,0,instant:96
80424,minority_interest,SINGLE,MinorityInterest,,1.0,resolved,,USD,0,instant:96
80424,net_income,DOMINANT,NetIncomeLoss,,1.0,resolved,ProfitLoss,USD,0,Q:130|FY:45|9M:20|H1:19
80424,net_income_to_common,SINGLE,NetIncomeLossAvailableToCommonStockholdersBasic,,1.0,resolved,,USD,0,Q:66|FY:45|9M:22|H1:22
80424,operating_cash_flow,SINGLE,NetCashProvidedByUsedInOperatingActivities,,1.0,resolved,,USD,0,FY:45|9M:22|H1:22|Q:22
80424,operating_income,SINGLE,OperatingIncomeLoss,,1.0,resolved,,USD,0,Q:138|FY:45|9M:22|H1:22
80424,pretax_income,PARTIAL,IncomeLossFromContinuingOperationsBeforeIncomeTaxesExtraordinaryItemsNoncontrollingInterest,,0.1136,UNRESOLVED,,USD,0,FY:9
80424,revenue,SINGLE,Revenues,,0.8409,resolved,,USD,0,Q:72|FY:27|9M:16|H1:16
80424,shares_outstanding,SINGLE,EntityCommonStockSharesOutstanding,,0.7727,resolved,,shares,0,instant:46
80661,assets,SINGLE,Assets,,1.0,resolved,,USD,0,instant:58
80661,cash,DOMINANT,CashCashEquivalentsRestrictedCashAndRestrictedCashEquivalents,,1.0,resolved,Cash,USD,0,instant:84
80661,eps_diluted,SINGLE,EarningsPerShareDiluted,,1.0,resolved,,USD/shares,0,Q:32|FY:15|H1:12|9M:10
80661,equity,SINGLE,StockholdersEquity,,1.0,resolved,,USD,0,instant:63
80661,liabilities,SINGLE,Liabilities,,1.0,resolved,,USD,0,instant:58
80661,liabilities_and_equity,SINGLE,LiabilitiesAndStockholdersEquity,,1.0,resolved,,USD,0,instant:58
80661,minority_interest,ABSENT,,,0.0,UNRESOLVED,,,0,
80661,net_income,SINGLE,NetIncomeLoss,,1.0,resolved,,USD,0,Q:32|FY:15|H1:12|9M:10
80661,net_income_to_common,SINGLE,NetIncomeLossAvailableToCommonStockholdersBasic,,0.9,resolved,,USD,0,Q:28|FY:15|9M:10|H1:10
80661,operating_cash_flow,SINGLE,NetCashProvidedByUsedInOperatingActivities,,1.0,resolved,,USD,0,FY:15|H1:12|9M:10|Q:10
80661,operating_income,ABSENT,,,0.0,UNRESOLVED,,,0,
80661,pretax_income,SINGLE,IncomeLossFromContinuingOperationsBeforeIncomeTaxesExtraordinaryItemsNoncontrollingInterest,,1.0,resolved,,USD,0,Q:30|FY:15|9M:10|H1:10
80661,revenue,DOMINANT,Revenues,,1.0,resolved,InterestAndDividendIncomeOperating,USD,0,Q:32|FY:15|H1:12|9M:10
80661,shares_outstanding,SINGLE,EntityCommonStockSharesOutstanding,,0.75,resolved,,shares,0,instant:21
86312,assets,SINGLE,Assets,,1.0,resolved,,USD,0,instant:38
86312,cash,SINGLE,Cash,,1.0,resolved,,USD,0,instant:76
86312,eps_diluted,SINGLE,EarningsPerShareDiluted,,1.0,resolved,,USD/shares,0,Q:68|FY:15|H1:10|9M:8
86312,equity,SINGLE,StockholdersEquity,,1.0,resolved,,USD,0,instant:51
86312,liabilities,SINGLE,Liabilities,,1.0,resolved,,USD,0,instant:38
86312,liabilities_and_equity,SINGLE,LiabilitiesAndStockholdersEquity,,1.0,resolved,,USD,0,instant:38
86312,minority_interest,ABSENT,,,0.0,UNRESOLVED,,,0,
86312,net_income,SINGLE,NetIncomeLoss,,1.0,resolved,,USD,0,Q:64|FY:15|H1:8|9M:6
86312,net_income_to_common,SINGLE,NetIncomeLossAvailableToCommonStockholdersBasic,,1.0,resolved,,USD,0,Q:28|FY:15|H1:10|9M:8
86312,operating_cash_flow,SINGLE,NetCashProvidedByUsedInOperatingActivities,,1.0,resolved,,USD,0,FY:6|9M:4|H1:4|Q:4
86312,operating_income,PARTIAL,OperatingIncomeLoss,,0.0625,UNRESOLVED,,USD,0,Q:4|9M:2|H1:2
86312,pretax_income,SINGLE,IncomeLossFromContinuingOperationsBeforeIncomeTaxesExtraordinaryItemsNoncontrollingInterest,,1.0,resolved,,USD,0,Q:68|FY:15|H1:10|9M:8
86312,revenue,SINGLE,Revenues,,1.0,resolved,,USD,0,Q:68|FY:15|H1:10|9M:8
86312,shares_outstanding,SINGLE,EntityCommonStockSharesOutstanding,,1.0,resolved,,shares,0,instant:17
87347,assets,SINGLE,Assets,,1.0,resolved,,USD,0,instant:101
87347,cash,SINGLE,Cash,,1.0,resolved,,USD,0,instant:138
87347,eps_diluted,SINGLE,EarningsPerShareDiluted,,1.0,resolved,,USD/shares,0,Q:68|FY:33|H1:24|9M:22
87347,equity,DOMINANT,StockholdersEquity,,1.0,resolved,StockholdersEquityIncludingPortionAttributableToNoncontrollingInterest,USD,0,instant:90
87347,liabilities,SINGLE,Liabilities,,1.0,resolved,,USD,0,instant:90
87347,liabilities_and_equity,SINGLE,LiabilitiesAndStockholdersEquity,,1.0,resolved,,USD,0,instant:90
87347,minority_interest,SINGLE,MinorityInterest,,1.0,resolved,,USD,0,instant:90
87347,net_income,DOMINANT,NetIncomeLoss,,1.0,resolved,ProfitLoss,USD,0,Q:68|FY:33|H1:24|9M:22
87347,net_income_to_common,SINGLE,NetIncomeLossAvailableToCommonStockholdersBasic,,1.0,resolved,,USD,0,Q:64|FY:27|H1:22|9M:20
87347,operating_cash_flow,SINGLE,NetCashProvidedByUsedInOperatingActivities,,1.0,resolved,,USD,0,FY:24|9M:18|H1:18|Q:16
87347,operating_income,PARTIAL,OperatingIncomeLoss,,0.7955,UNRESOLVED,,USD,0,Q:50|FY:27|9M:16|H1:16
87347,pretax_income,SINGLE,IncomeLossFromContinuingOperationsBeforeIncomeTaxesExtraordinaryItemsNoncontrollingInterest,,1.0,resolved,,USD,0,Q:68|FY:33|H1:24|9M:22
87347,revenue,SINGLE,RevenueFromContractWithCustomerExcludingAssessedTax,,1.0,resolved,,USD,0,Q:50|FY:24|H1:18|9M:16
87347,shares_outstanding,SINGLE,EntityCommonStockSharesOutstanding,,1.0,resolved,,shares,0,instant:45
89800,assets,SINGLE,Assets,,1.0,resolved,,USD,0,instant:99
89800,cash,DOMINANT,CashAndCashEquivalentsAtCarryingValue,,1.0,resolved,CashCashEquivalentsRestrictedCashAndRestrictedCashEquivalents,USD,0,instant:104
89800,eps_diluted,SINGLE,EarningsPerShareDiluted,,1.0,resolved,,USD/shares,0,Q:82|FY:24|H1:18|9M:16
89800,equity,SINGLE,StockholdersEquity,,1.0,resolved,,USD,0,instant:167
89800,liabilities,ABSENT,,,0.0,UNRESOLVED,,,0,
89800,liabilities_and_equity,SINGLE,LiabilitiesAndStockholdersEquity,,1.0,resolved,,USD,0,instant:99
89800,minority_interest,ABSENT,,,0.0,UNRESOLVED,,,0,
89800,net_income,SINGLE,NetIncomeLoss,,1.0,resolved,,USD,0,Q:120|FY:24|H1:18|9M:16
89800,net_income_to_common,ABSENT,,,0.0,UNRESOLVED,,,0,
89800,operating_cash_flow,SINGLE,NetCashProvidedByUsedInOperatingActivities,,1.0,resolved,,USD,0,FY:24|H1:18|9M:16|Q:16
89800,operating_income,PARTIAL,OperatingIncomeLoss,,0.7812,UNRESOLVED,,USD,0,Q:40|FY:18|9M:14|H1:14
89800,pretax_income,SINGLE,IncomeLossFromContinuingOperationsBeforeIncomeTaxesExtraordinaryItemsNoncontrollingInterest,,1.0,resolved,,USD,0,Q:30|FY:15|9M:10|H1:10
89800,revenue,SINGLE,RevenueFromContractWithCustomerExcludingAssessedTax,,1.0,resolved,,USD,0,Q:56|FY:21|H1:14|9M:12
89800,shares_outstanding,SINGLE,EntityCommonStockSharesOutstanding,,0.75,resolved,,shares,0,instant:33
92122,assets,SINGLE,Assets,,1.0,resolved,,USD,0,instant:99
92122,cash,DOMINANT,CashAndCashEquivalentsAtCarryingValue,,1.0,resolved,CashCashEquivalentsRestrictedCashAndRestrictedCashEquivalents,USD,0,instant:102
92122,eps_diluted,SINGLE,EarningsPerShareDiluted,,1.0,resolved,,USD/shares,0,Q:102|FY:33|9M:20|H1:20
92122,equity,SINGLE,StockholdersEquityIncludingPortionAttributableToNoncontrollingInterest,,1.0,resolved,,USD,0,instant:219
92122,liabilities,SINGLE,Liabilities,,0.9767,resolved,,USD,0,instant:84
92122,liabilities_and_equity,SINGLE,LiabilitiesAndStockholdersEquity,,0.9767,resolved,,USD,0,instant:84
92122,minority_interest,PARTIAL,MinorityInterest,,0.2791,UNRESOLVED,,USD,0,instant:22
92122,net_income,SINGLE,ProfitLoss,,1.0,resolved,,USD,0,Q:68|FY:33|9M:20|H1:20
92122,net_income_to_common,PARTIAL,NetIncomeLossAvailableToCommonStockholdersBasic,,0.907,UNRESOLVED,,USD,0,Q:106|FY:30|9M:20|H1:20
92122,operating_cash_flow,SINGLE,NetCashProvidedByUsedInOperatingActivities,,1.0,resolved,,USD,0,FY:33|Q:22|9M:20|H1:20
92122,operating_income,SINGLE,OperatingIncomeLoss,,1.0,resolved,,USD,0,Q:102|FY:33|9M:20|H1:20
92122,pretax_income,SINGLE,IncomeLossFromContinuingOperationsBeforeIncomeTaxesExtraordinaryItemsNoncontrollingInterest,,1.0,resolved,,USD,0,Q:62|FY:33|9M:20|H1:20
92122,revenue,DOMINANT,Revenues,,1.0,resolved,RevenueFromContractWithCustomerIncludingAssessedTax,USD,0,Q:105|FY:27|H1:22|9M:21
92122,shares_outstanding,PARTIAL,EntityCommonStockSharesOutstanding,,0.7442,UNRESOLVED,,shares,0,instant:44
92230,assets,SINGLE,Assets,,1.0,resolved,,USD,0,instant:42
92230,cash,DOMINANT,CashAndDueFromBanks,,1.0,resolved,CashCashEquivalentsRestrictedCashAndRestrictedCashEquivalents,USD,0,instant:42
92230,eps_diluted,SINGLE,EarningsPerShareDiluted,,1.0,resolved,,USD/shares,0,Q:30|FY:18|9M:10|H1:10
92230,equity,SINGLE,StockholdersEquityIncludingPortionAttributableToNoncontrollingInterest,,1.0,resolved,,USD,0,instant:104
92230,liabilities,SINGLE,Liabilities,,1.0,resolved,,USD,0,instant:42
92230,liabilities_and_equity,SINGLE,LiabilitiesAndStockholdersEquity,,1.0,resolved,,USD,0,instant:42
92230,minority_interest,SINGLE,MinorityInterest,,1.0,resolved,,USD,0,instant:42
92230,net_income,SINGLE,ProfitLoss,,1.0,resolved,,USD,0,Q:30|FY:18|9M:10|H1:10
92230,net_income_to_common,SINGLE,NetIncomeLossAvailableToCommonStockholdersBasic,,1.0,resolved,,USD,0,Q:30|FY:18|9M:10|H1:10
92230,operating_cash_flow,SINGLE,NetCashProvidedByUsedInOperatingActivities,,1.0,resolved,,USD,0,FY:18|9M:10|H1:10|Q:10
92230,operating_income,ABSENT,,,0.0,UNRESOLVED,,,0,
92230,pretax_income,SINGLE,IncomeLossFromContinuingOperationsBeforeIncomeTaxesExtraordinaryItemsNoncontrollingInterest,,1.0,resolved,,USD,0,Q:30|FY:18|9M:10|H1:10
92230,revenue,SINGLE,InterestAndDividendIncomeOperating,,1.0,resolved,,USD,0,Q:30|FY:18|9M:10|H1:10
92230,shares_outstanding,PARTIAL,EntityCommonStockSharesOutstanding,,0.7368,UNRESOLVED,,shares,0,instant:20
93410,assets,SINGLE,Assets,,1.0,resolved,,USD,0,instant:92
93410,cash,SINGLE,CashCashEquivalentsRestrictedCashAndRestrictedCashEquivalents,,1.0,resolved,,USD,0,instant:140
93410,eps_diluted,SINGLE,EarningsPerShareDiluted,,1.0,resolved,,USD/shares,0,Q:70|FY:33|H1:24|9M:22
93410,equity,DOMINANT,StockholdersEquity,,1.0,resolved,StockholdersEquityIncludingPortionAttributableToNoncontrollingInterest,USD,0,instant:92
93410,liabilities,SINGLE,Liabilities,,1.0,resolved,,USD,0,instant:92
93410,liabilities_and_equity,SINGLE,LiabilitiesAndStockholdersEquity,,1.0,resolved,,USD,0,instant:92
93410,minority_interest,SINGLE,MinorityInterest,,1.0,resolved,,USD,0,instant:92
93410,net_income,DOMINANT,NetIncomeLoss,,1.0,resolved,ProfitLoss,USD,0,Q:70|FY:33|H1:24|9M:22
93410,net_income_to_common,ABSENT,,,0.0,UNRESOLVED,,,0,
93410,operating_cash_flow,SINGLE,NetCashProvidedByUsedInOperatingActivities,,1.0,resolved,,USD,0,FY:33|H1:24|Q:24|9M:22
93410,operating_income,ABSENT,,,0.0,UNRESOLVED,,,0,
93410,pretax_income,SINGLE,IncomeLossFromContinuingOperationsBeforeIncomeTaxesMinorityInterestAndIncomeLossFromEquityMethodInvestments,,1.0,resolved,,USD,0,Q:70|FY:33|H1:24|9M:22
93410,revenue,DOMINANT,Revenues,,1.0,resolved,RevenueFromContractWithCustomerExcludingAssessedTax,USD,0,Q:70|FY:33|H1:24|9M:22
93410,shares_outstanding,SINGLE,EntityCommonStockSharesOutstanding,,0.75,resolved,,shares,0,instant:46
97476,assets,SINGLE,Assets,,1.0,resolved,,USD,0,instant:90
97476,cash,SINGLE,CashAndCashEquivalentsAtCarryingValue,,1.0,resolved,,USD,0,instant:124
97476,eps_diluted,SINGLE,EarningsPerShareDiluted,,1.0,resolved,,USD/shares,0,Q:116|FY:33|H1:24|9M:22
97476,equity,SINGLE,StockholdersEquity,,1.0,resolved,,USD,0,instant:90
97476,liabilities,SINGLE,Liabilities,,1.0,resolved,,USD,0,instant:90
97476,liabilities_and_equity,SINGLE,LiabilitiesAndStockholdersEquity,,1.0,resolved,,USD,0,instant:90
97476,minority_interest,ABSENT,,,0.0,UNRESOLVED,,,0,
97476,net_income,SINGLE,NetIncomeLoss,,1.0,resolved,,USD,0,Q:116|FY:33|H1:24|9M:22
97476,net_income_to_common,SINGLE,NetIncomeLossAvailableToCommonStockholdersBasic,,1.0,resolved,,USD,0,Q:68|FY:33|H1:24|9M:22
97476,operating_cash_flow,SINGLE,NetCashProvidedByUsedInOperatingActivities,,1.0,resolved,,USD,0,FY:24|H1:18|9M:16|Q:16
97476,operating_income,SINGLE,OperatingIncomeLoss,,1.0,resolved,,USD,0,Q:116|FY:33|H1:24|9M:22
97476,pretax_income,SINGLE,IncomeLossFromContinuingOperationsBeforeIncomeTaxesExtraordinaryItemsNoncontrollingInterest,,1.0,resolved,,USD,0,Q:68|FY:33|H1:24|9M:22
97476,revenue,SINGLE,RevenueFromContractWithCustomerExcludingAssessedTax,,0.8864,resolved,,USD,0,Q:74|FY:24|H1:18|9M:16
97476,shares_outstanding,SINGLE,EntityCommonStockSharesOutstanding,,1.0,resolved,,shares,0,instant:45
97745,assets,SINGLE,Assets,,0.8864,resolved,,USD,0,instant:109
97745,cash,DOMINANT,CashAndCashEquivalentsAtCarryingValue,,0.8864,resolved,CashCashEquivalentsRestrictedCashAndRestrictedCashEquivalents,USD,0,instant:106
97745,eps_diluted,SINGLE,EarningsPerShareDiluted,,0.8864,resolved,,USD/shares,0,Q:116|FY:36|H1:24|9M:22
97745,equity,SINGLE,StockholdersEquity,,0.8864,resolved,,USD,0,instant:160
97745,liabilities,ABSENT,,,0.0,UNRESOLVED,,,0,
97745,liabilities_and_equity,SINGLE,LiabilitiesAndStockholdersEquity,,0.8864,resolved,,USD,0,instant:92
97745,minority_interest,PARTIAL,MinorityInterest,,0.4091,UNRESOLVED,,USD,0,instant:38
97745,net_income,PARTIAL,ProfitLoss|NetIncomeLoss,,0.4773,UNRESOLVED,,USD,0,Q:36|FY:18|H1:14|9M:10
97745,net_income_to_common,PARTIAL,NetIncomeLossAvailableToCommonStockholdersBasic,,0.7727,UNRESOLVED,,USD,0,Q:108|FY:33|9M:20|H1:20
97745,operating_cash_flow,SINGLE,NetCashProvidedByUsedInOperatingActivities,,0.8864,resolved,,USD,0,FY:36|H1:24|9M:22|Q:22
97745,operating_income,SINGLE,OperatingIncomeLoss,,0.8864,resolved,,USD,0,Q:68|FY:36|H1:24|9M:22
97745,pretax_income,MIGRATION,IncomeLossFromContinuingOperationsBeforeIncomeTaxesExtraordinaryItemsNoncontrollingInterest|IncomeLossFromContinuingOperationsBeforeIncomeTaxesMinorityInterestAndIncomeLossFromEquityMethodInvestments,2022Q2,0.8864,resolved,,USD,0,Q:68|FY:36|H1:24|9M:22
97745,revenue,SINGLE,RevenueFromContractWithCustomerExcludingAssessedTax,,0.8864,resolved,,USD,0,Q:66|FY:24|H1:18|9M:16
97745,shares_outstanding,SINGLE,EntityCommonStockSharesOutstanding,,0.8182,resolved,,shares,0,instant:46
100885,assets,SINGLE,Assets,,1.0,resolved,,USD,0,instant:90
100885,cash,SINGLE,CashAndCashEquivalentsAtCarryingValue,,1.0,resolved,,USD,0,instant:149
100885,eps_diluted,SINGLE,EarningsPerShareDiluted,,1.0,resolved,,USD/shares,0,Q:116|FY:33|H1:24|9M:22
100885,equity,SINGLE,StockholdersEquity,,1.0,resolved,,USD,0,instant:146
100885,liabilities,SINGLE,Liabilities,,1.0,resolved,,USD,0,instant:90
100885,liabilities_and_equity,SINGLE,LiabilitiesAndStockholdersEquity,,1.0,resolved,,USD,0,instant:90
100885,minority_interest,ABSENT,,,0.0,UNRESOLVED,,,0,
100885,net_income,SINGLE,NetIncomeLoss,,1.0,resolved,,USD,0,Q:116|FY:33|H1:24|9M:22
100885,net_income_to_common,ABSENT,,,0.0,UNRESOLVED,,,0,
100885,operating_cash_flow,SINGLE,NetCashProvidedByUsedInOperatingActivities,,1.0,resolved,,USD,0,FY:21|H1:16|9M:14|Q:14
100885,operating_income,SINGLE,OperatingIncomeLoss,,1.0,resolved,,USD,0,Q:116|FY:33|H1:24|9M:22
100885,pretax_income,MIGRATION,IncomeLossFromContinuingOperationsBeforeIncomeTaxesMinorityInterestAndIncomeLossFromEquityMethodInvestments|IncomeLossFromContinuingOperationsBeforeIncomeTaxesExtraordinaryItemsNoncontrollingInterest,2021Q4,1.0,resolved,,USD,0,Q:68|FY:33|H1:24|9M:22
100885,revenue,MIGRATION,Revenues|RevenueFromContractWithCustomerExcludingAssessedTax,2021Q4,1.0,resolved,,USD,0,Q:132|FY:33|H1:30|9M:28
100885,shares_outstanding,SINGLE,EntityCommonStockSharesOutstanding,,1.0,resolved,,shares,0,instant:45
101829,assets,SINGLE,Assets,,1.0,resolved,,USD,0,instant:96
101829,cash,SINGLE,CashAndCashEquivalentsAtCarryingValue,,1.0,resolved,,USD,0,instant:139
101829,eps_diluted,SINGLE,EarningsPerShareDiluted,,1.0,resolved,,USD/shares,0,Q:124|FY:36|H1:24|9M:22
101829,equity,DOMINANT,StockholdersEquity,,1.0,resolved,StockholdersEquityIncludingPortionAttributableToNoncontrollingInterest,USD,0,instant:130
101829,liabilities,SINGLE,Liabilities,,1.0,resolved,,USD,0,instant:91
101829,liabilities_and_equity,SINGLE,LiabilitiesAndStockholdersEquity,,1.0,resolved,,USD,0,instant:92
101829,minority_interest,SINGLE,MinorityInterest,,1.0,resolved,,USD,0,instant:130
101829,net_income,DOMINANT,NetIncomeLoss,,1.0,resolved,ProfitLoss,USD,0,Q:124|FY:36|H1:24|9M:22
101829,net_income_to_common,ABSENT,,,0.0,UNRESOLVED,,,0,
101829,operating_cash_flow,MIGRATION,NetCashProvidedByUsedInOperatingActivitiesContinuingOperations|NetCashProvidedByUsedInOperatingActivities,2024Q1,1.0,resolved,,USD,0,FY:36|H1:24|9M:22|Q:22
101829,operating_income,SINGLE,OperatingIncomeLoss,,1.0,resolved,,USD,0,Q:78|FY:39|H1:24|9M:22
101829,pretax_income,SINGLE,IncomeLossFromContinuingOperationsBeforeIncomeTaxesExtraordinaryItemsNoncontrollingInterest,,1.0,resolved,,USD,0,Q:68|FY:33|H1:24|9M:22
101829,revenue,MIGRATION,Revenues|RevenueFromContractWithCustomerExcludingAssessedTax,2025Q1,0.8864,resolved,,USD,0,Q:100|FY:36|9M:20|H1:20
101829,shares_outstanding,SINGLE,EntityCommonStockSharesOutstanding,,0.7955,resolved,,shares,0,instant:45
104169,assets,SINGLE,Assets,,1.0,resolved,,USD,0,instant:132
104169,cash,DOMINANT,CashAndCashEquivalentsAtCarryingValue,,1.0,resolved,CashCashEquivalentsRestrictedCashAndRestrictedCashEquivalents,USD,0,instant:135
104169,eps_diluted,SINGLE,EarningsPerShareDiluted,,1.0,resolved,,USD/shares,0,Q:106|FY:33|9M:22|H1:22
104169,equity,DOMINANT,StockholdersEquity,,1.0,resolved,StockholdersEquityIncludingPortionAttributableToNoncontrollingInterest,USD,0,instant:121
104169,liabilities,ABSENT,,,0.0,UNRESOLVED,,,0,
104169,liabilities_and_equity,SINGLE,LiabilitiesAndStockholdersEquity,,1.0,resolved,,USD,0,instant:121
104169,minority_interest,SINGLE,MinorityInterest,,1.0,resolved,,USD,0,instant:121
104169,net_income,DOMINANT,NetIncomeLoss,,1.0,resolved,ProfitLoss,USD,0,Q:106|FY:33|9M:22|H1:22
104169,net_income_to_common,ABSENT,,,0.0,UNRESOLVED,,,0,
104169,operating_cash_flow,SINGLE,NetCashProvidedByUsedInOperatingActivities,,1.0,resolved,,USD,0,FY:33|9M:22|H1:22|Q:22
104169,operating_income,SINGLE,OperatingIncomeLoss,,1.0,resolved,,USD,0,Q:66|FY:33|9M:22|H1:22
104169,pretax_income,MIGRATION,IncomeLossFromContinuingOperationsBeforeIncomeTaxesMinorityInterestAndIncomeLossFromEquityMethodInvestments|IncomeLossFromContinuingOperationsBeforeIncomeTaxesExtraordinaryItemsNoncontrollingInterest,2021Q4,1.0,resolved,,USD,0,Q:66|FY:33|9M:22|H1:22
104169,revenue,DOMINANT,Revenues,,1.0,resolved,RevenueFromContractWithCustomerExcludingAssessedTax,USD,0,Q:106|FY:33|9M:22|H1:22
104169,shares_outstanding,SINGLE,EntityCommonStockSharesOutstanding,,1.0,resolved,,shares,0,instant:44
106040,assets,SINGLE,Assets,,0.9167,resolved,,USD,0,instant:26
106040,cash,SINGLE,CashAndCashEquivalentsAtCarryingValue,,0.9167,resolved,,USD,0,instant:52
106040,eps_diluted,SINGLE,EarningsPerShareDiluted,,0.9167,resolved,,USD/shares,0,Q:50|FY:12|9M:6|H1:6
106040,equity,SINGLE,StockholdersEquity,,0.9167,resolved,,USD,0,instant:34
106040,liabilities,SINGLE,Liabilities,,0.9167,resolved,,USD,0,instant:26
106040,liabilities_and_equity,SINGLE,LiabilitiesAndStockholdersEquity,,0.9167,resolved,,USD,0,instant:26
106040,minority_interest,ABSENT,,,0.0,UNRESOLVED,,,0,
106040,net_income,SINGLE,NetIncomeLoss,,0.9167,resolved,,USD,0,Q:50|FY:12|9M:6|H1:6
106040,net_income_to_common,ABSENT,,,0.0,UNRESOLVED,,,0,
106040,operating_cash_flow,SINGLE,NetCashProvidedByUsedInOperatingActivities,,0.9167,resolved,,USD,0,FY:12|9M:6|H1:6|Q:6
106040,operating_income,SINGLE,OperatingIncomeLoss,,0.9167,resolved,,USD,0,Q:50|FY:12|9M:6|H1:6
106040,pretax_income,SINGLE,IncomeLossFromContinuingOperationsBeforeIncomeTaxesMinorityInterestAndIncomeLossFromEquityMethodInvestments,,0.9167,resolved,,USD,0,Q:18|FY:12|9M:6|H1:6
106040,revenue,ABSENT,,,0.0,UNRESOLVED,,,0,
106040,shares_outstanding,SINGLE,EntityCommonStockSharesOutstanding,,0.9167,resolved,,shares,0,instant:13
106535,assets,SINGLE,Assets,,1.0,resolved,,USD,0,instant:35
106535,cash,DOMINANT,CashAndCashEquivalentsAtCarryingValue,,1.0,resolved,CashCashEquivalentsRestrictedCashAndRestrictedCashEquivalents,USD,0,instant:53
106535,eps_diluted,SINGLE,EarningsPerShareBasicAndDiluted,,1.0,resolved,,USD/shares,0,Q:26|H1:10|9M:8|FY:6
106535,equity,OVERLAP,StockholdersEquity|StockholdersEquityIncludingPortionAttributableToNoncontrollingInterest,,1.0,UNRESOLVED,,USD,0,instant:44
106535,liabilities,SINGLE,Liabilities,,1.0,resolved,,USD,0,instant:34
106535,liabilities_and_equity,SINGLE,LiabilitiesAndStockholdersEquity,,1.0,resolved,,USD,0,instant:34
106535,minority_interest,ABSENT,,,0.0,UNRESOLVED,,,0,
106535,net_income,SINGLE,NetIncomeLoss,,1.0,resolved,,USD,0,Q:50|FY:12|H1:10|9M:8
106535,net_income_to_common,PARTIAL,NetIncomeLossAvailableToCommonStockholdersBasic,,0.1875,UNRESOLVED,,USD,0,Q:12|FY:6|9M:2|H1:2
106535,operating_cash_flow,SINGLE,NetCashProvidedByUsedInOperatingActivities,,1.0,resolved,,USD,0,FY:12|H1:10|9M:8|Q:8
106535,operating_income,SINGLE,OperatingIncomeLoss,,1.0,resolved,,USD,0,Q:50|FY:12|H1:10|9M:8
106535,pretax_income,SINGLE,IncomeLossFromContinuingOperationsBeforeIncomeTaxesExtraordinaryItemsNoncontrollingInterest,,1.0,resolved,,USD,0,Q:38|FY:12|H1:6|9M:4
106535,revenue,SINGLE,Revenues,,1.0,resolved,,USD,0,Q:34|FY:9|9M:6|H1:6
106535,shares_outstanding,SINGLE,EntityCommonStockSharesOutstanding,,1.0,resolved,,shares,0,instant:17
107263,assets,SINGLE,Assets,,1.0,resolved,,USD,0,instant:100
107263,cash,MIGRATION,CashAndCashEquivalentsAtCarryingValue|CashCashEquivalentsRestrictedCashAndRestrictedCashEquivalents,2023Q4,1.0,resolved,,USD,0,instant:210
107263,eps_diluted,SINGLE,EarningsPerShareDiluted,,1.0,resolved,,USD/shares,0,Q:68|FY:45|H1:24|9M:22
107263,equity,DOMINANT,StockholdersEquity,,1.0,resolved,StockholdersEquityIncludingPortionAttributableToNoncontrollingInterest,USD,0,instant:98
107263,liabilities,ABSENT,,,0.0,UNRESOLVED,,,0,
107263,liabilities_and_equity,SINGLE,LiabilitiesAndStockholdersEquity,,1.0,resolved,,USD,0,instant:98
107263,minority_interest,SINGLE,MinorityInterest,,1.0,resolved,,USD,0,instant:98
107263,net_income,DOMINANT,NetIncomeLoss,,1.0,resolved,ProfitLoss,USD,0,Q:68|FY:45|H1:24|9M:22
107263,net_income_to_common,SINGLE,NetIncomeLossAvailableToCommonStockholdersBasic,,0.8409,resolved,,USD,0,Q:48|FY:30|9M:16|H1:16
107263,operating_cash_flow,SINGLE,NetCashProvidedByUsedInOperatingActivities,,1.0,resolved,,USD,0,FY:45|H1:24|9M:22|Q:22
107263,operating_income,SINGLE,OperatingIncomeLoss,,1.0,resolved,,USD,0,Q:68|FY:45|H1:24|9M:22
107263,pretax_income,SINGLE,IncomeLossFromContinuingOperationsBeforeIncomeTaxesExtraordinaryItemsNoncontrollingInterest,,1.0,resolved,,USD,0,Q:68|FY:45|H1:24|9M:22
107263,revenue,DOMINANT,Revenues,,1.0,resolved,RevenueFromContractWithCustomerExcludingAssessedTax,USD,0,Q:68|FY:45|H1:24|9M:22
107263,shares_outstanding,SINGLE,EntityCommonStockSharesOutstanding,,1.0,resolved,,shares,0,instant:45
109198,assets,SINGLE,Assets,,1.0,resolved,,USD,0,instant:49
109198,cash,SINGLE,CashAndCashEquivalentsAtCarryingValue,,1.0,resolved,,USD,0,instant:63
109198,eps_diluted,SINGLE,EarningsPerShareDiluted,,1.0,resolved,,USD/shares,0,Q:56|FY:12|9M:8|H1:8
109198,equity,SINGLE,StockholdersEquity,,1.0,resolved,,USD,0,instant:53
109198,liabilities,ABSENT,,,0.0,UNRESOLVED,,,0,
109198,liabilities_and_equity,SINGLE,LiabilitiesAndStockholdersEquity,,1.0,resolved,,USD,0,instant:45
109198,minority_interest,ABSENT,,,0.0,UNRESOLVED,,,0,
109198,net_income,SINGLE,NetIncomeLoss,,1.0,resolved,,USD,0,Q:56|FY:12|9M:8|H1:8
109198,net_income_to_common,ABSENT,,,0.0,UNRESOLVED,,,0,
109198,operating_cash_flow,MIGRATION,NetCashProvidedByUsedInOperatingActivitiesContinuingOperations|NetCashProvidedByUsedInOperatingActivities,2018Q3,1.0,resolved,,USD,0,FY:12|9M:8|H1:8|Q:8
109198,operating_income,SINGLE,OperatingIncomeLoss,,0.9375,resolved,,USD,0,Q:22|FY:12|9M:8|H1:8
109198,pretax_income,SINGLE,IncomeLossFromContinuingOperationsBeforeIncomeTaxesExtraordinaryItemsNoncontrollingInterest,,1.0,resolved,,USD,0,Q:24|FY:12|9M:8|H1:8
109198,revenue,PARTIAL,RevenueFromContractWithCustomerIncludingAssessedTax|Revenues,,0.6875,UNRESOLVED,,USD,0,Q:16|H1:4|FY:3|9M:2
109198,shares_outstanding,SINGLE,EntityCommonStockSharesOutstanding,,1.0,resolved,,shares,0,instant:16
200406,assets,SINGLE,Assets,,0.9318,resolved,,USD,0,instant:90
200406,cash,DOMINANT,CashAndCashEquivalentsAtCarryingValue,,0.9318,resolved,CashCashEquivalentsRestrictedCashAndRestrictedCashEquivalents,USD,0,instant:124
200406,eps_diluted,SINGLE,EarningsPerShareDiluted,,0.9318,resolved,,USD/shares,0,Q:116|FY:33|H1:24|9M:22
200406,equity,SINGLE,StockholdersEquityIncludingPortionAttributableToNoncontrollingInterest,,0.9318,resolved,,USD,0,instant:188
200406,liabilities,SINGLE,Liabilities,,0.9318,resolved,,USD,0,instant:90
200406,liabilities_and_equity,SINGLE,LiabilitiesAndStockholdersEquity,,0.9318,resolved,,USD,0,instant:90
200406,minority_interest,PARTIAL,MinorityInterest,,0.0455,UNRESOLVED,,USD,0,instant:2
200406,net_income,SINGLE,NetIncomeLoss,,0.9318,resolved,,USD,0,Q:116|FY:33|H1:24|9M:22
200406,net_income_to_common,ABSENT,,,0.0,UNRESOLVED,,,0,
200406,operating_cash_flow,SINGLE,NetCashProvidedByUsedInOperatingActivities,,0.9318,resolved,,USD,0,FY:33|H1:24|9M:22|Q:22
200406,operating_income,ABSENT,,,0.0,UNRESOLVED,,,0,
200406,pretax_income,MIGRATION,IncomeLossFromContinuingOperationsBeforeIncomeTaxesMinorityInterestAndIncomeLossFromEquityMethodInvestments|IncomeLossFromContinuingOperationsBeforeIncomeTaxesExtraordinaryItemsNoncontrollingInterest,2021Q4,0.9318,resolved,,USD,0,Q:116|FY:33|H1:24|9M:22
200406,revenue,SINGLE,RevenueFromContractWithCustomerExcludingAssessedTax,,0.8182,resolved,,USD,0,Q:72|FY:24|9M:16|H1:16
200406,shares_outstanding,SINGLE,EntityCommonStockSharesOutstanding,,1.0,resolved,,shares,0,instant:45
310158,assets,SINGLE,Assets,,1.0,resolved,,USD,0,instant:90
310158,cash,DOMINANT,CashAndCashEquivalentsAtCarryingValue,,1.0,resolved,CashCashEquivalentsRestrictedCashAndRestrictedCashEquivalents,USD,0,instant:112
310158,eps_diluted,SINGLE,EarningsPerShareDiluted,,1.0,resolved,,USD/shares,0,Q:68|FY:33|H1:24|9M:22
310158,equity,DOMINANT,StockholdersEquity,,1.0,resolved,StockholdersEquityIncludingPortionAttributableToNoncontrollingInterest,USD,0,instant:90
310158,liabilities,ABSENT,,,0.0,UNRESOLVED,,,0,
310158,liabilities_and_equity,SINGLE,LiabilitiesAndStockholdersEquity,,1.0,resolved,,USD,0,instant:90
310158,minority_interest,SINGLE,MinorityInterest,,1.0,resolved,,USD,0,instant:90
310158,net_income,DOMINANT,NetIncomeLoss,,1.0,resolved,ProfitLoss,USD,0,Q:68|FY:33|H1:24|9M:22
310158,net_income_to_common,PARTIAL,NetIncomeLossAvailableToCommonStockholdersBasic,,0.5682,UNRESOLVED,,USD,0,Q:30|FY:15|9M:10|H1:10
310158,operating_cash_flow,SINGLE,NetCashProvidedByUsedInOperatingActivities,,1.0,resolved,,USD,0,FY:24|H1:20|Q:20|9M:18
310158,operating_income,ABSENT,,,0.0,UNRESOLVED,,,0,
310158,pretax_income,SINGLE,IncomeLossFromContinuingOperationsBeforeIncomeTaxesExtraordinaryItemsNoncontrollingInterest,,1.0,resolved,,USD,0,Q:68|FY:33|H1:24|9M:22
310158,revenue,SINGLE,Revenues,,0.8636,resolved,,USD,0,Q:50|FY:24|H1:18|9M:16
310158,shares_outstanding,SINGLE,EntityCommonStockSharesOutstanding,,1.0,resolved,,shares,0,instant:46
310764,assets,SINGLE,Assets,,1.0,resolved,,USD,0,instant:98
310764,cash,SINGLE,CashAndCashEquivalentsAtCarryingValue,,1.0,resolved,,USD,0,instant:128
310764,eps_diluted,SINGLE,EarningsPerShareDiluted,,1.0,resolved,,USD/shares,0,Q:156|FY:33|H1:24|9M:22
310764,equity,SINGLE,StockholdersEquityIncludingPortionAttributableToNoncontrollingInterest,,1.0,resolved,,USD,0,instant:102
310764,liabilities,SINGLE,Liabilities,,0.9318,resolved,,USD,0,instant:80
310764,liabilities_and_equity,SINGLE,LiabilitiesAndStockholdersEquity,,1.0,resolved,,USD,0,instant:90
310764,minority_interest,PARTIAL,MinorityInterest,,0.0682,UNRESOLVED,,USD,0,instant:7
310764,net_income,SINGLE,NetIncomeLoss,,1.0,resolved,,USD,0,Q:156|FY:33|H1:24|9M:22
310764,net_income_to_common,ABSENT,,,0.0,UNRESOLVED,,,0,
310764,operating_cash_flow,SINGLE,NetCashProvidedByUsedInOperatingActivities,,1.0,resolved,,USD,0,FY:33|H1:24|9M:22|Q:22
310764,operating_income,SINGLE,OperatingIncomeLoss,,1.0,resolved,,USD,0,Q:68|FY:33|H1:24|9M:22
310764,pretax_income,MIGRATION,IncomeLossFromContinuingOperationsBeforeIncomeTaxesMinorityInterestAndIncomeLossFromEquityMethodInvestments|IncomeLossFromContinuingOperationsBeforeIncomeTaxesExtraordinaryItemsNoncontrollingInterest,2021Q3,1.0,resolved,,USD,0,Q:156|FY:33|H1:24|9M:22
310764,revenue,SINGLE,Revenues,,0.8864,resolved,,USD,0,Q:112|FY:24|9M:16|H1:16
310764,shares_outstanding,SINGLE,EntityCommonStockSharesOutstanding,,0.75,resolved,,shares,0,instant:45
313616,assets,SINGLE,Assets,,0.9091,resolved,,USD,0,instant:108
313616,cash,MIGRATION,CashAndCashEquivalentsAtCarryingValue|CashCashEquivalentsRestrictedCashAndRestrictedCashEquivalents,2021Q2,0.9091,resolved,,USD,0,instant:196
313616,eps_diluted,SINGLE,EarningsPerShareDiluted,,0.9091,resolved,,USD/shares,0,Q:133|FY:39|H1:24|9M:22
313616,equity,DOMINANT,StockholdersEquity,,0.9091,resolved,StockholdersEquityIncludingPortionAttributableToNoncontrollingInterest,USD,0,instant:95
313616,liabilities,ABSENT,,,0.0,UNRESOLVED,,,0,
313616,liabilities_and_equity,SINGLE,LiabilitiesAndStockholdersEquity,,0.9091,resolved,,USD,0,instant:95
313616,minority_interest,SINGLE,MinorityInterest,,0.9091,resolved,,USD,0,instant:95
313616,net_income,SINGLE,NetIncomeLoss,,0.9091,resolved,,USD,0,Q:117|FY:39|H1:24|9M:22
313616,net_income_to_common,PARTIAL,NetIncomeLossAvailableToCommonStockholdersBasic,,0.6136,UNRESOLVED,,USD,0,Q:52|FY:21|9M:12|H1:12
313616,operating_cash_flow,SINGLE,NetCashProvidedByUsedInOperatingActivities,,0.9091,resolved,,USD,0,FY:39|H1:24|Q:24|9M:22
313616,operating_income,SINGLE,OperatingIncomeLoss,,0.9091,resolved,,USD,0,Q:133|FY:39|H1:24|9M:22
313616,pretax_income,SINGLE,IncomeLossFromContinuingOperationsBeforeIncomeTaxesExtraordinaryItemsNoncontrollingInterest,,0.9091,resolved,,USD,0,Q:70|FY:39|H1:24|9M:22
313616,revenue,MIGRATION,Revenues|RevenueFromContractWithCustomerExcludingAssessedTax,2019Q1,0.8182,resolved,,USD,0,Q:73|FY:25|H1:17|9M:15
313616,shares_outstanding,SINGLE,EntityCommonStockSharesOutstanding,,1.0,resolved,,shares,0,instant:45
315189,assets,SINGLE,Assets,,1.0,resolved,,USD,0,instant:72
315189,cash,DOMINANT,CashAndCashEquivalentsAtCarryingValue,,1.0,resolved,CashCashEquivalentsRestrictedCashAndRestrictedCashEquivalents,USD,0,instant:70
315189,eps_diluted,SINGLE,EarningsPerShareDiluted,,1.0,resolved,,USD/shares,0,Q:44|FY:18|9M:12|H1:12
315189,equity,DOMINANT,StockholdersEquity,,1.0,resolved,StockholdersEquityIncludingPortionAttributableToNoncontrollingInterest,USD,0,instant:66
315189,liabilities,SINGLE,Liabilities,,1.0,resolved,,USD,0,instant:66
315189,liabilities_and_equity,SINGLE,LiabilitiesAndStockholdersEquity,,1.0,resolved,,USD,0,instant:66
315189,minority_interest,SINGLE,MinorityInterest,,1.0,resolved,,USD,0,instant:66
315189,net_income,DOMINANT,NetIncomeLoss,,1.0,resolved,ProfitLoss,USD,0,Q:44|FY:18|9M:12|H1:12
315189,net_income_to_common,ABSENT,,,0.0,UNRESOLVED,,,0,
315189,operating_cash_flow,SINGLE,NetCashProvidedByUsedInOperatingActivities,,1.0,resolved,,USD,0,FY:18|9M:12|H1:12|Q:12
315189,operating_income,PARTIAL,OperatingIncomeLoss,,0.625,UNRESOLVED,,USD,0,Q:20|FY:15|9M:8|H1:6
315189,pretax_income,SINGLE,IncomeLossFromContinuingOperationsBeforeIncomeTaxesMinorityInterestAndIncomeLossFromEquityMethodInvestments,,1.0,resolved,,USD,0,Q:44|FY:18|9M:12|H1:12
315189,revenue,SINGLE,Revenues,,1.0,resolved,,USD,0,Q:44|FY:18|9M:12|H1:12
315189,shares_outstanding,SINGLE,EntityCommonStockSharesOutstanding,,1.0,resolved,,shares,0,instant:24
315293,assets,SINGLE,Assets,,1.0,resolved,,USD,0,instant:34
315293,cash,DOMINANT,CashAndCashEquivalentsAtCarryingValue,,1.0,resolved,CashCashEquivalentsRestrictedCashAndRestrictedCashEquivalentsIncludingDisposalGroupAndDiscontinuedOperations,USD,0,instant:51
315293,eps_diluted,SINGLE,EarningsPerShareDiluted,,1.0,resolved,,USD/shares,0,Q:26|FY:12|H1:10|9M:8
315293,equity,DOMINANT,StockholdersEquity,,1.0,resolved,StockholdersEquityIncludingPortionAttributableToNoncontrollingInterest,USD,0,instant:34
315293,liabilities,SINGLE,Liabilities,,1.0,resolved,,USD,0,instant:34
315293,liabilities_and_equity,SINGLE,LiabilitiesAndStockholdersEquity,,1.0,resolved,,USD,0,instant:34
315293,minority_interest,PARTIAL,MinorityInterest,,0.4375,UNRESOLVED,,USD,0,instant:16
315293,net_income,DOMINANT,NetIncomeLoss,,1.0,resolved,ProfitLoss,USD,0,Q:26|FY:12|H1:10|9M:8
315293,net_income_to_common,ABSENT,,,0.0,UNRESOLVED,,,0,
315293,operating_cash_flow,SINGLE,NetCashProvidedByUsedInOperatingActivities,,1.0,resolved,,USD,0,FY:12|H1:10|9M:8|Q:8
315293,operating_income,SINGLE,OperatingIncomeLoss,,1.0,resolved,,USD,0,Q:26|FY:12|H1:10|9M:8
315293,pretax_income,SINGLE,IncomeLossFromContinuingOperationsBeforeIncomeTaxesExtraordinaryItemsNoncontrollingInterest,,1.0,resolved,,USD,0,Q:26|FY:12|H1:10|9M:8
315293,revenue,SINGLE,RevenueFromContractWithCustomerExcludingAssessedTax,,1.0,resolved,,USD,0,Q:26|FY:12|H1:10|9M:8
315293,shares_outstanding,SINGLE,EntityCommonStockSharesOutstanding,,1.0,resolved,,shares,0,instant:18
316709,assets,SINGLE,Assets,,1.0,resolved,,USD,0,instant:92
316709,cash,DOMINANT,CashAndCashEquivalentsAtCarryingValue,,1.0,resolved,CashCashEquivalentsRestrictedCashAndRestrictedCashEquivalents,USD,0,instant:146
316709,eps_diluted,SINGLE,EarningsPerShareDiluted,,1.0,resolved,,USD/shares,0,Q:116|FY:33|H1:24|9M:22
316709,equity,SINGLE,StockholdersEquity,,1.0,resolved,,USD,0,instant:200
316709,liabilities,SINGLE,Liabilities,,1.0,resolved,,USD,0,instant:90
316709,liabilities_and_equity,SINGLE,LiabilitiesAndStockholdersEquity,,1.0,resolved,,USD,0,instant:90
316709,minority_interest,ABSENT,,,0.0,UNRESOLVED,,,0,
316709,net_income,SINGLE,NetIncomeLoss,,1.0,resolved,,USD,0,Q:116|FY:33|H1:24|9M:22
316709,net_income_to_common,SINGLE,NetIncomeLossAvailableToCommonStockholdersBasic,,1.0,resolved,,USD,0,Q:116|FY:33|H1:24|9M:22
316709,operating_cash_flow,SINGLE,NetCashProvidedByUsedInOperatingActivities,,1.0,resolved,,USD,0,FY:24|9M:16|H1:16|Q:16
316709,operating_income,ABSENT,,,0.0,UNRESOLVED,,,0,
316709,pretax_income,SINGLE,IncomeLossFromContinuingOperationsBeforeIncomeTaxesExtraordinaryItemsNoncontrollingInterest,,1.0,resolved,,USD,0,Q:66|FY:33|9M:22|H1:22
316709,revenue,SINGLE,Revenues,,1.0,resolved,,USD,0,Q:116|FY:33|H1:24|9M:22
316709,shares_outstanding,PARTIAL,EntityCommonStockSharesOutstanding,,0.6136,UNRESOLVED,,shares,0,instant:28
318154,assets,SINGLE,Assets,,1.0,resolved,,USD,0,instant:92
318154,cash,DOMINANT,CashAndCashEquivalentsAtCarryingValue,,1.0,resolved,CashCashEquivalentsRestrictedCashAndRestrictedCashEquivalents|Cash,USD,0,instant:126
318154,eps_diluted,SINGLE,EarningsPerShareDiluted,,1.0,resolved,,USD/shares,0,Q:124|FY:36|H1:24|9M:22
318154,equity,SINGLE,StockholdersEquity,,1.0,resolved,,USD,0,instant:204
318154,liabilities,ABSENT,,,0.0,UNRESOLVED,,,0,
318154,liabilities_and_equity,SINGLE,LiabilitiesAndStockholdersEquity,,1.0,resolved,,USD,0,instant:92
318154,minority_interest,ABSENT,,,0.0,UNRESOLVED,,,0,
318154,net_income,SINGLE,NetIncomeLoss,,1.0,resolved,,USD,0,Q:160|FY:36|H1:24|9M:22
318154,net_income_to_common,ABSENT,,,0.0,UNRESOLVED,,,0,
318154,operating_cash_flow,SINGLE,NetCashProvidedByUsedInOperatingActivities,,1.0,resolved,,USD,0,FY:36|H1:24|9M:22|Q:22
318154,operating_income,SINGLE,OperatingIncomeLoss,,1.0,resolved,,USD,0,Q:68|FY:36|H1:24|9M:22
318154,pretax_income,MIGRATION,IncomeLossFromContinuingOperationsBeforeIncomeTaxesMinorityInterestAndIncomeLossFromEquityMethodInvestments|IncomeLossFromContinuingOperationsBeforeIncomeTaxesExtraordinaryItemsNoncontrollingInterest,2025Q4,1.0,resolved,,USD,0,Q:68|FY:42|H1:24|9M:22
318154,revenue,MIGRATION,Revenues|RevenueFromContractWithCustomerIncludingAssessedTax|RevenueFromContractWithCustomerExcludingAssessedTax,2021Q4;2023Q1,1.0,resolved,,USD,0,Q:68|FY:48|H1:24|9M:22
318154,shares_outstanding,SINGLE,EntityCommonStockSharesOutstanding,,1.0,resolved,,shares,0,instant:45
320187,assets,SINGLE,Assets,,1.0,resolved,,USD,0,instant:90
320187,cash,SINGLE,CashAndCashEquivalentsAtCarryingValue,,1.0,resolved,,USD,0,instant:135
320187,eps_diluted,SINGLE,EarningsPerShareDiluted,,1.0,resolved,,USD/shares,0,Q:66|FY:36|9M:22|H1:22
320187,equity,SINGLE,StockholdersEquity,,1.0,resolved,,USD,0,instant:192
320187,liabilities,ABSENT,,,0.0,UNRESOLVED,,,0,
320187,liabilities_and_equity,SINGLE,LiabilitiesAndStockholdersEquity,,1.0,resolved,,USD,0,instant:90
320187,minority_interest,ABSENT,,,0.0,UNRESOLVED,,,0,
320187,net_income,SINGLE,NetIncomeLoss,,1.0,resolved,,USD,0,Q:67|FY:36|H1:24|9M:22
320187,net_income_to_common,ABSENT,,,0.0,UNRESOLVED,,,0,
320187,operating_cash_flow,SINGLE,NetCashProvidedByUsedInOperatingActivities,,1.0,resolved,,USD,0,FY:36|H1:24|Q:23|9M:22
320187,operating_income,ABSENT,,,0.0,UNRESOLVED,,,0,
320187,pretax_income,MIGRATION,IncomeLossFromContinuingOperationsBeforeIncomeTaxesMinorityInterestAndIncomeLossFromEquityMethodInvestments|IncomeLossFromContinuingOperationsBeforeIncomeTaxesExtraordinaryItemsNoncontrollingInterest,2021Q4,1.0,resolved,,USD,0,Q:66|FY:36|9M:22|H1:22
320187,revenue,SINGLE,RevenueFromContractWithCustomerExcludingAssessedTax,,0.7955,resolved,,USD,0,Q:44|FY:24|9M:16|H1:14
320187,shares_outstanding,PARTIAL,EntityCommonStockSharesOutstanding,,0.0227,UNRESOLVED,,shares,0,instant:1
320193,assets,SINGLE,Assets,,0.9545,resolved,,USD,0,instant:90
320193,cash,DOMINANT,CashAndCashEquivalentsAtCarryingValue,,0.9545,resolved,CashCashEquivalentsRestrictedCashAndRestrictedCashEquivalents,USD,0,instant:120
320193,eps_diluted,SINGLE,EarningsPerShareDiluted,,0.9545,resolved,,USD/shares,0,Q:116|FY:33|9M:24|H1:22
320193,equity,SINGLE,StockholdersEquity,,0.9545,resolved,,USD,0,instant:192
320193,liabilities,SINGLE,Liabilities,,0.9545,resolved,,USD,0,instant:90
320193,liabilities_and_equity,SINGLE,LiabilitiesAndStockholdersEquity,,0.9545,resolved,,USD,0,instant:90
320193,minority_interest,ABSENT,,,0.0,UNRESOLVED,,,0,
320193,net_income,SINGLE,NetIncomeLoss,,0.9545,resolved,,USD,0,Q:116|FY:33|9M:24|H1:22
320193,net_income_to_common,ABSENT,,,0.0,UNRESOLVED,,,0,
320193,operating_cash_flow,SINGLE,NetCashProvidedByUsedInOperatingActivities,,0.9545,resolved,,USD,0,FY:27|9M:20|H1:20|Q:18
320193,operating_income,SINGLE,OperatingIncomeLoss,,0.9545,resolved,,USD,0,Q:68|FY:33|9M:24|H1:22
320193,pretax_income,SINGLE,IncomeLossFromContinuingOperationsBeforeIncomeTaxesExtraordinaryItemsNoncontrollingInterest,,0.9545,resolved,,USD,0,Q:68|FY:33|9M:24|H1:22
320193,revenue,SINGLE,RevenueFromContractWithCustomerExcludingAssessedTax,,0.8636,resolved,,USD,0,Q:64|FY:21|9M:16|H1:16
320193,shares_outstanding,SINGLE,EntityCommonStockSharesOutstanding,,1.0,resolved,,shares,0,instant:45
354950,assets,SINGLE,Assets,,1.0,resolved,,USD,0,instant:90
354950,cash,DOMINANT,CashAndCashEquivalentsAtCarryingValue,,1.0,resolved,CashCashEquivalentsRestrictedCashAndRestrictedCashEquivalents,USD,0,instant:126
354950,eps_diluted,SINGLE,EarningsPerShareDiluted,,1.0,resolved,,USD/shares,0,Q:114|FY:36|9M:22|H1:22
354950,equity,SINGLE,StockholdersEquity,,1.0,resolved,,USD,0,instant:127
354950,liabilities,SINGLE,Liabilities,,1.0,resolved,,USD,0,instant:90
354950,liabilities_and_equity,SINGLE,LiabilitiesAndStockholdersEquity,,1.0,resolved,,USD,0,instant:90
354950,minority_interest,ABSENT,,,0.0,UNRESOLVED,,,0,
354950,net_income,SINGLE,NetIncomeLoss,,1.0,resolved,,USD,0,Q:114|FY:36|9M:22|H1:22
354950,net_income_to_common,ABSENT,,,0.0,UNRESOLVED,,,0,
354950,operating_cash_flow,SINGLE,NetCashProvidedByUsedInOperatingActivities,,1.0,resolved,,USD,0,FY:36|9M:22|H1:22|Q:22
354950,operating_income,SINGLE,OperatingIncomeLoss,,1.0,resolved,,USD,0,Q:66|FY:36|9M:22|H1:22
354950,pretax_income,MIGRATION,IncomeLossFromContinuingOperationsBeforeIncomeTaxesMinorityInterestAndIncomeLossFromEquityMethodInvestments|IncomeLossFromContinuingOperationsBeforeIncomeTaxesExtraordinaryItemsNoncontrollingInterest,2021Q4,1.0,resolved,,USD,0,Q:66|FY:36|9M:22|H1:22
354950,revenue,SINGLE,RevenueFromContractWithCustomerExcludingAssessedTax,,0.8636,resolved,,USD,0,Q:62|FY:24|9M:16|H1:14
354950,shares_outstanding,SINGLE,EntityCommonStockSharesOutstanding,,1.0,resolved,,shares,0,instant:44
701221,assets,SINGLE,Assets,,1.0,resolved,,USD,0,instant:26
701221,cash,SINGLE,CashAndCashEquivalentsAtCarryingValue,,1.0,resolved,,USD,0,instant:52
701221,eps_diluted,SINGLE,EarningsPerShareDiluted,,1.0,resolved,,USD/shares,0,Q:44|FY:9|H1:8|9M:6
701221,equity,DOMINANT,StockholdersEquity,,1.0,resolved,StockholdersEquityIncludingPortionAttributableToNoncontrollingInterest,USD,0,instant:26
701221,liabilities,SINGLE,Liabilities,,1.0,resolved,,USD,0,instant:26
701221,liabilities_and_equity,SINGLE,LiabilitiesAndStockholdersEquity,,1.0,resolved,,USD,0,instant:26
701221,minority_interest,SINGLE,MinorityInterest,,0.8333,resolved,,USD,0,instant:22
701221,net_income,SINGLE,ProfitLoss,,1.0,resolved,,USD,0,Q:20|FY:9|H1:8|9M:6
701221,net_income_to_common,SINGLE,NetIncomeLossAvailableToCommonStockholdersBasic,,1.0,resolved,,USD,0,Q:44|FY:9|H1:8|9M:6
701221,operating_cash_flow,SINGLE,NetCashProvidedByUsedInOperatingActivities,,1.0,resolved,,USD,0,FY:3|9M:2|H1:2|Q:2
701221,operating_income,ABSENT,,,0.0,UNRESOLVED,,,0,
701221,pretax_income,SINGLE,IncomeLossFromContinuingOperationsBeforeIncomeTaxesExtraordinaryItemsNoncontrollingInterest,,1.0,resolved,,USD,0,Q:44|FY:9|H1:8|9M:6
701221,revenue,SINGLE,Revenues,,1.0,resolved,,USD,0,Q:44|FY:9|H1:8|9M:6
701221,shares_outstanding,SINGLE,EntityCommonStockSharesOutstanding,,1.0,resolved,,shares,0,instant:13
707549,assets,SINGLE,Assets,,0.9375,resolved,,USD,0,instant:32
707549,cash,DOMINANT,CashAndCashEquivalentsAtCarryingValue,,0.9375,resolved,CashCashEquivalentsRestrictedCashAndRestrictedCashEquivalents,USD,0,instant:48
707549,eps_diluted,SINGLE,EarningsPerShareDiluted,,0.9375,resolved,,USD/shares,0,Q:24|FY:12|9M:8|H1:8
707549,equity,SINGLE,StockholdersEquity,,0.9375,resolved,,USD,0,instant:80
707549,liabilities,SINGLE,Liabilities,,0.9375,resolved,,USD,0,instant:32
707549,liabilities_and_equity,SINGLE,LiabilitiesAndStockholdersEquity,,0.9375,resolved,,USD,0,instant:32
707549,minority_interest,ABSENT,,,0.0,UNRESOLVED,,,0,
707549,net_income,SINGLE,NetIncomeLoss,,0.9375,resolved,,USD,0,Q:24|FY:12|9M:8|H1:8
707549,net_income_to_common,ABSENT,,,0.0,UNRESOLVED,,,0,
707549,operating_cash_flow,SINGLE,NetCashProvidedByUsedInOperatingActivities,,0.9375,resolved,,USD,0,FY:12|9M:8|H1:8|Q:8
707549,operating_income,SINGLE,OperatingIncomeLoss,,0.9375,resolved,,USD,0,Q:24|FY:12|9M:8|H1:8
707549,pretax_income,SINGLE,IncomeLossFromContinuingOperationsBeforeIncomeTaxesExtraordinaryItemsNoncontrollingInterest,,0.9375,resolved,,USD,0,Q:24|FY:9|9M:8|H1:8
707549,revenue,SINGLE,RevenueFromContractWithCustomerExcludingAssessedTax,,0.9375,resolved,,USD,0,Q:24|FY:12|9M:8|H1:8
707549,shares_outstanding,SINGLE,EntityCommonStockSharesOutstanding,,1.0,resolved,,shares,0,instant:16
712515,assets,SINGLE,Assets,,0.9643,resolved,,USD,0,instant:56
712515,cash,SINGLE,CashAndCashEquivalentsAtCarryingValue,,0.9643,resolved,,USD,0,instant:112
712515,eps_diluted,SINGLE,EarningsPerShareDiluted,,0.9643,resolved,,USD/shares,0,Q:82|FY:21|9M:14|H1:14
712515,equity,SINGLE,StockholdersEquity,,0.9643,resolved,,USD,0,instant:106
712515,liabilities,SINGLE,Liabilities,,0.9643,resolved,,USD,0,instant:56
712515,liabilities_and_equity,SINGLE,LiabilitiesAndStockholdersEquity,,0.9643,resolved,,USD,0,instant:56
712515,minority_interest,ABSENT,,,0.0,UNRESOLVED,,,0,
712515,net_income,SINGLE,NetIncomeLoss,,0.9643,resolved,,USD,0,Q:82|FY:21|9M:14|H1:14
712515,net_income_to_common,ABSENT,,,0.0,UNRESOLVED,,,0,
712515,operating_cash_flow,MIGRATION,NetCashProvidedByUsedInOperatingActivitiesContinuingOperations|NetCashProvidedByUsedInOperatingActivities,2021Q4,0.9643,resolved,,USD,0,FY:21|9M:14|H1:14|Q:14
712515,operating_income,SINGLE,OperatingIncomeLoss,,0.9643,resolved,,USD,0,Q:82|FY:21|9M:14|H1:14
712515,pretax_income,MIGRATION,IncomeLossFromContinuingOperationsBeforeIncomeTaxesMinorityInterestAndIncomeLossFromEquityMethodInvestments|IncomeLossFromContinuingOperationsBeforeIncomeTaxesExtraordinaryItemsNoncontrollingInterest,2021Q4,0.9643,resolved,,USD,0,Q:42|FY:21|9M:14|H1:14
712515,revenue,SINGLE,Revenues,,0.7857,resolved,,USD,0,Q:40|FY:12|9M:8|H1:8
712515,shares_outstanding,SINGLE,EntityCommonStockSharesOutstanding,,1.0,resolved,,shares,0,instant:28
713676,assets,SINGLE,Assets,,1.0,resolved,,USD,0,instant:86
713676,cash,SINGLE,CashAndDueFromBanks,,1.0,resolved,,USD,0,instant:131
713676,eps_diluted,SINGLE,EarningsPerShareDiluted,,1.0,resolved,,USD/shares,0,Q:62|FY:36|H1:22|9M:20
713676,equity,DOMINANT,StockholdersEquity,,1.0,resolved,StockholdersEquityIncludingPortionAttributableToNoncontrollingInterest,USD,0,instant:86
713676,liabilities,SINGLE,Liabilities,,1.0,resolved,,USD,0,instant:86
713676,liabilities_and_equity,SINGLE,LiabilitiesAndStockholdersEquity,,1.0,resolved,,USD,0,instant:86
713676,minority_interest,SINGLE,MinorityInterest,,1.0,resolved,,USD,0,instant:86
713676,net_income,SINGLE,ProfitLoss,,1.0,resolved,,USD,0,Q:62|FY:36|H1:22|9M:20
713676,net_income_to_common,SINGLE,NetIncomeLossAvailableToCommonStockholdersBasic,,1.0,resolved,,USD,0,Q:62|FY:36|H1:22|9M:20
713676,operating_cash_flow,SINGLE,NetCashProvidedByUsedInOperatingActivities,,1.0,resolved,,USD,0,FY:24|9M:16|H1:16|Q:16
713676,operating_income,ABSENT,,,0.0,UNRESOLVED,,,0,
713676,pretax_income,SINGLE,IncomeLossFromContinuingOperationsBeforeIncomeTaxesExtraordinaryItemsNoncontrollingInterest,,1.0,resolved,,USD,0,Q:62|FY:36|H1:22|9M:20
713676,revenue,DOMINANT,Revenues,,1.0,resolved,InterestAndDividendIncomeOperating,USD,0,Q:56|FY:30|H1:20|9M:18
713676,shares_outstanding,SINGLE,EntityCommonStockSharesOutstanding,,1.0,resolved,,shares,0,instant:42
715957,assets,SINGLE,Assets,,0.9773,resolved,,USD,0,instant:104
715957,cash,DOMINANT,CashAndCashEquivalentsAtCarryingValue,,0.9773,resolved,CashCashEquivalentsRestrictedCashAndRestrictedCashEquivalents,USD,0,instant:156
715957,eps_diluted,SINGLE,EarningsPerShareDiluted,,0.9773,resolved,,USD/shares,0,Q:170|FY:42|H1:26|9M:24
715957,equity,DOMINANT,StockholdersEquity,,0.9773,resolved,StockholdersEquityIncludingPortionAttributableToNoncontrollingInterest,USD,0,instant:104
715957,liabilities,SINGLE,Liabilities,,0.9773,resolved,,USD,0,instant:104
715957,liabilities_and_equity,SINGLE,LiabilitiesAndStockholdersEquity,,0.9773,resolved,,USD,0,instant:104
715957,minority_interest,SINGLE,MinorityInterest,,0.8864,resolved,,USD,0,instant:93
715957,net_income,DOMINANT,NetIncomeLoss,,0.9773,resolved,ProfitLoss,USD,0,Q:172|FY:42|H1:26|9M:24
715957,net_income_to_common,SINGLE,NetIncomeLossAvailableToCommonStockholdersBasic,,0.9318,resolved,,USD,0,Q:49|FY:36|9M:21|H1:19
715957,operating_cash_flow,SINGLE,NetCashProvidedByUsedInOperatingActivities,,0.9773,resolved,,USD,0,FY:42|H1:26|Q:26|9M:24
715957,operating_income,SINGLE,OperatingIncomeLoss,,0.9773,resolved,,USD,0,Q:164|FY:42|H1:26|9M:24
715957,pretax_income,MIGRATION,IncomeLossFromContinuingOperationsBeforeIncomeTaxesMinorityInterestAndIncomeLossFromEquityMethodInvestments|IncomeLossFromContinuingOperationsBeforeIncomeTaxesExtraordinaryItemsNoncontrollingInterest,2023Q1,0.9773,resolved,,USD,0,Q:76|FY:45|H1:26|9M:24
715957,revenue,SINGLE,Revenues,,0.8636,resolved,,USD,0,Q:124|FY:30|H1:22|9M:18
715957,shares_outstanding,SINGLE,EntityCommonStockSharesOutstanding,,0.9773,resolved,,shares,0,instant:44
718877,assets,SINGLE,Assets,,0.9697,resolved,,USD,0,instant:66
718877,cash,DOMINANT,CashAndCashEquivalentsAtCarryingValue,,0.9697,resolved,CashCashEquivalentsRestrictedCashAndRestrictedCashEquivalents,USD,0,instant:88
718877,eps_diluted,SINGLE,EarningsPerShareDiluted,,0.9697,resolved,,USD/shares,0,Q:90|FY:24|H1:18|9M:16
718877,equity,SINGLE,StockholdersEquity,,0.9697,resolved,,USD,0,instant:140
718877,liabilities,SINGLE,Liabilities,,0.9697,resolved,,USD,0,instant:66
718877,liabilities_and_equity,SINGLE,LiabilitiesAndStockholdersEquity,,0.9697,resolved,,USD,0,instant:66
718877,minority_interest,ABSENT,,,0.0,UNRESOLVED,,,0,
718877,net_income,SINGLE,NetIncomeLoss,,0.9697,resolved,,USD,0,Q:116|FY:24|H1:18|9M:16
718877,net_income_to_common,PARTIAL,NetIncomeLossAvailableToCommonStockholdersBasic,,0.3333,UNRESOLVED,,USD,0,Q:16|FY:12|9M:6|H1:6
718877,operating_cash_flow,SINGLE,NetCashProvidedByUsedInOperatingActivities,,0.9697,resolved,,USD,0,FY:21|9M:14|H1:14|Q:14
718877,operating_income,SINGLE,OperatingIncomeLoss,,0.9697,resolved,,USD,0,Q:90|FY:24|H1:18|9M:16
718877,pretax_income,MIGRATION,IncomeLossFromContinuingOperationsBeforeIncomeTaxesMinorityInterestAndIncomeLossFromEquityMethodInvestments|IncomeLossFromContinuingOperationsBeforeIncomeTaxesExtraordinaryItemsNoncontrollingInterest,2021Q3,0.9697,resolved,,USD,0,Q:50|FY:24|H1:18|9M:16
718877,revenue,SINGLE,RevenueFromContractWithCustomerExcludingAssessedTax,,0.9697,resolved,,USD,0,Q:46|FY:15|9M:10|H1:10
718877,shares_outstanding,SINGLE,EntityCommonStockSharesOutstanding,,1.0,resolved,,shares,0,instant:33
723125,assets,SINGLE,Assets,,1.0,resolved,,USD,0,instant:28
723125,cash,DOMINANT,CashAndCashEquivalentsAtCarryingValue,,1.0,resolved,CashCashEquivalentsRestrictedCashAndRestrictedCashEquivalents,USD,0,instant:48
723125,eps_diluted,SINGLE,EarningsPerShareDiluted,,1.0,resolved,,USD/shares,0,Q:52|FY:12|9M:8|H1:6
723125,equity,DOMINANT,StockholdersEquity,,1.0,resolved,StockholdersEquityIncludingPortionAttributableToNoncontrollingInterest,USD,0,instant:28
723125,liabilities,SINGLE,Liabilities,,1.0,resolved,,USD,0,instant:28
723125,liabilities_and_equity,SINGLE,LiabilitiesAndStockholdersEquity,,1.0,resolved,,USD,0,instant:28
723125,minority_interest,SINGLE,MinorityInterest,,1.0,resolved,,USD,0,instant:28
723125,net_income,DOMINANT,NetIncomeLoss,,1.0,resolved,ProfitLoss,USD,0,Q:52|FY:12|9M:8|H1:6
723125,net_income_to_common,ABSENT,,,0.0,UNRESOLVED,,,0,
723125,operating_cash_flow,SINGLE,NetCashProvidedByUsedInOperatingActivities,,1.0,resolved,,USD,0,FY:3|9M:2|H1:2|Q:2
723125,operating_income,SINGLE,OperatingIncomeLoss,,1.0,resolved,,USD,0,Q:52|FY:12|9M:8|H1:6
723125,pretax_income,SINGLE,IncomeLossFromContinuingOperationsBeforeIncomeTaxesMinorityInterestAndIncomeLossFromEquityMethodInvestments,,1.0,resolved,,USD,0,Q:20|FY:12|9M:8|H1:6
723125,revenue,ABSENT,,,0.0,UNRESOLVED,,,0,
723125,shares_outstanding,SINGLE,EntityCommonStockSharesOutstanding,,0.8333,resolved,,shares,0,instant:13
726728,assets,SINGLE,Assets,,1.0,resolved,,USD,0,instant:42
726728,cash,DOMINANT,CashAndCashEquivalentsAtCarryingValue,,1.0,resolved,CashCashEquivalentsRestrictedCashAndRestrictedCashEquivalents,USD,0,instant:58
726728,eps_diluted,SINGLE,EarningsPerShareDiluted,,1.0,resolved,,USD/shares,0,Q:32|FY:15|H1:12|9M:10
726728,equity,DOMINANT,StockholdersEquity,,1.0,resolved,StockholdersEquityIncludingPortionAttributableToNoncontrollingInterest,USD,0,instant:42
726728,liabilities,SINGLE,Liabilities,,1.0,resolved,,USD,0,instant:42
726728,liabilities_and_equity,SINGLE,LiabilitiesAndStockholdersEquity,,1.0,resolved,,USD,0,instant:42
726728,minority_interest,SINGLE,MinorityInterest,,1.0,resolved,,USD,0,instant:43
726728,net_income,DOMINANT,NetIncomeLoss,,1.0,resolved,ProfitLoss,USD,0,Q:28|FY:15|9M:10|H1:10
726728,net_income_to_common,SINGLE,NetIncomeLossAvailableToCommonStockholdersBasic,,0.75,resolved,,USD,0,Q:16|FY:6|H1:6|9M:4
726728,operating_cash_flow,SINGLE,NetCashProvidedByUsedInOperatingActivities,,1.0,resolved,,USD,0,FY:15|H1:12|9M:10|Q:10
726728,operating_income,ABSENT,,,0.0,UNRESOLVED,,,0,
726728,pretax_income,SINGLE,IncomeLossFromContinuingOperationsBeforeIncomeTaxesExtraordinaryItemsNoncontrollingInterest,,1.0,resolved,,USD,0,Q:32|FY:15|H1:12|9M:10
726728,revenue,SINGLE,Revenues,,1.0,resolved,,USD,0,Q:32|FY:15|H1:12|9M:10
726728,shares_outstanding,SINGLE,EntityCommonStockSharesOutstanding,,1.0,resolved,,shares,0,instant:21
731766,assets,SINGLE,Assets,,1.0,resolved,,USD,0,instant:106
731766,cash,SINGLE,CashAndCashEquivalentsAtCarryingValue,,1.0,resolved,,USD,0,instant:144
731766,eps_diluted,SINGLE,EarningsPerShareDiluted,,1.0,resolved,,USD/shares,0,Q:68|FY:33|H1:24|9M:22
731766,equity,SINGLE,StockholdersEquityIncludingPortionAttributableToNoncontrollingInterest,,1.0,resolved,,USD,0,instant:206
731766,liabilities,SINGLE,Liabilities,,1.0,resolved,,USD,0,instant:90
731766,liabilities_and_equity,SINGLE,LiabilitiesAndStockholdersEquity,,1.0,resolved,,USD,0,instant:90
731766,minority_interest,SINGLE,MinorityInterest,,1.0,resolved,,USD,0,instant:88
731766,net_income,DOMINANT,NetIncomeLoss,,1.0,resolved,ProfitLoss,USD,0,Q:66|FY:33|H1:24|9M:22
731766,net_income_to_common,ABSENT,,,0.0,UNRESOLVED,,,0,
731766,operating_cash_flow,SINGLE,NetCashProvidedByUsedInOperatingActivities,,1.0,resolved,,USD,0,FY:33|H1:24|9M:22|Q:22
731766,operating_income,SINGLE,OperatingIncomeLoss,,1.0,resolved,,USD,0,Q:68|FY:33|H1:24|9M:22
731766,pretax_income,MIGRATION,IncomeLossFromContinuingOperationsBeforeIncomeTaxesMinorityInterestAndIncomeLossFromEquityMethodInvestments|IncomeLossFromContinuingOperationsBeforeIncomeTaxesExtraordinaryItemsNoncontrollingInterest,2021Q3,1.0,resolved,,USD,0,Q:68|FY:33|H1:24|9M:22
731766,revenue,SINGLE,Revenues,,1.0,resolved,,USD,0,Q:68|FY:33|H1:24|9M:22
731766,shares_outstanding,SINGLE,EntityCommonStockSharesOutstanding,,1.0,resolved,,shares,0,instant:45
732712,assets,SINGLE,Assets,,1.0,resolved,,USD,0,instant:98
732712,cash,DOMINANT,CashAndCashEquivalentsAtCarryingValue,,1.0,resolved,CashCashEquivalentsRestrictedCashAndRestrictedCashEquivalents,USD,0,instant:122
732712,eps_diluted,SINGLE,EarningsPerShareDiluted,,1.0,resolved,,USD/shares,0,Q:134|FY:42|H1:24|9M:22
732712,equity,SINGLE,StockholdersEquityIncludingPortionAttributableToNoncontrollingInterest,,1.0,resolved,,USD,0,instant:136
732712,liabilities,ABSENT,,,0.0,UNRESOLVED,,,0,
732712,liabilities_and_equity,SINGLE,LiabilitiesAndStockholdersEquity,,1.0,resolved,,USD,0,instant:98
732712,minority_interest,SINGLE,MinorityInterest,,1.0,resolved,,USD,0,instant:116
732712,net_income,DOMINANT,NetIncomeLoss,,1.0,resolved,ProfitLoss,USD,0,Q:134|FY:42|H1:24|9M:22
732712,net_income_to_common,ABSENT,,,0.0,UNRESOLVED,,,0,
732712,operating_cash_flow,SINGLE,NetCashProvidedByUsedInOperatingActivities,,1.0,resolved,,USD,0,FY:42|H1:24|Q:24|9M:22
732712,operating_income,SINGLE,OperatingIncomeLoss,,1.0,resolved,,USD,0,Q:134|FY:42|H1:24|9M:22
732712,pretax_income,SINGLE,IncomeLossFromContinuingOperationsBeforeIncomeTaxesExtraordinaryItemsNoncontrollingInterest,,1.0,resolved,,USD,0,Q:70|FY:42|H1:24|9M:22
732712,revenue,SINGLE,Revenues,,1.0,resolved,,USD,0,Q:134|FY:42|H1:24|9M:22
732712,shares_outstanding,SINGLE,EntityCommonStockSharesOutstanding,,0.75,resolved,,shares,0,instant:45
732717,assets,SINGLE,Assets,,1.0,resolved,,USD,0,instant:96
732717,cash,DOMINANT,CashAndCashEquivalentsAtCarryingValue,,1.0,resolved,CashCashEquivalentsRestrictedCashAndRestrictedCashEquivalents,USD,0,instant:190
732717,eps_diluted,SINGLE,EarningsPerShareDiluted,,1.0,resolved,,USD/shares,0,Q:113|FY:36|H1:24|9M:22
732717,equity,SINGLE,StockholdersEquityIncludingPortionAttributableToNoncontrollingInterest,,1.0,resolved,,USD,0,instant:200
732717,liabilities,PARTIAL,Liabilities,,0.0227,UNRESOLVED,,USD,0,instant:3
732717,liabilities_and_equity,SINGLE,LiabilitiesAndStockholdersEquity,,1.0,resolved,,USD,0,instant:96
732717,minority_interest,SINGLE,MinorityInterest,,1.0,resolved,,USD,0,instant:96
732717,net_income,DOMINANT,NetIncomeLoss,,1.0,resolved,ProfitLoss,USD,0,Q:113|FY:36|H1:24|9M:22
732717,net_income_to_common,PARTIAL,NetIncomeLossAvailableToCommonStockholdersBasic,,0.7273,UNRESOLVED,,USD,0,Q:40|FY:24|H1:14|9M:12
732717,operating_cash_flow,SINGLE,NetCashProvidedByUsedInOperatingActivities,,1.0,resolved,,USD,0,FY:30|H1:16|Q:16|9M:14
732717,operating_income,SINGLE,OperatingIncomeLoss,,1.0,resolved,,USD,0,Q:137|FY:39|H1:24|9M:22
732717,pretax_income,SINGLE,IncomeLossFromContinuingOperationsBeforeIncomeTaxesExtraordinaryItemsNoncontrollingInterest,,1.0,resolved,,USD,0,Q:78|FY:39|H1:24|9M:22
732717,revenue,SINGLE,Revenues,,1.0,resolved,,USD,0,Q:137|FY:39|H1:24|9M:22
732717,shares_outstanding,SINGLE,EntityCommonStockSharesOutstanding,,1.0,resolved,,shares,0,instant:47
753308,assets,SINGLE,Assets,,1.0,resolved,,USD,0,instant:99
753308,cash,DOMINANT,CashAndCashEquivalentsAtCarryingValue,,1.0,resolved,CashCashEquivalentsRestrictedCashAndRestrictedCashEquivalents,USD,0,instant:110
753308,eps_diluted,SINGLE,EarningsPerShareDiluted,,1.0,resolved,,USD/shares,0,Q:114|FY:30|9M:22|H1:22
753308,equity,DOMINANT,StockholdersEquity,,1.0,resolved,StockholdersEquityIncludingPortionAttributableToNoncontrollingInterest,USD,0,instant:88
753308,liabilities,PARTIAL,Liabilities,,0.5349,UNRESOLVED,,USD,0,instant:44
753308,liabilities_and_equity,SINGLE,LiabilitiesAndStockholdersEquity,,1.0,resolved,,USD,0,instant:88
753308,minority_interest,SINGLE,MinorityInterest,,1.0,resolved,,USD,0,instant:88
753308,net_income,DOMINANT,NetIncomeLoss,,1.0,resolved,ProfitLoss,USD,0,Q:106|FY:33|9M:22|H1:22
753308,net_income_to_common,ABSENT,,,0.0,UNRESOLVED,,,0,
753308,operating_cash_flow,SINGLE,NetCashProvidedByUsedInOperatingActivities,,1.0,resolved,,USD,0,FY:33|9M:22|H1:22|Q:22
753308,operating_income,SINGLE,OperatingIncomeLoss,,1.0,resolved,,USD,0,Q:106|FY:33|9M:22|H1:22
753308,pretax_income,SINGLE,IncomeLossFromContinuingOperationsBeforeIncomeTaxesExtraordinaryItemsNoncontrollingInterest,,1.0,resolved,,USD,0,Q:66|FY:33|9M:22|H1:22
753308,revenue,SINGLE,RevenueFromContractWithCustomerIncludingAssessedTax,,0.7674,resolved,,USD,0,Q:47|FY:21|9M:15|H1:15
753308,shares_outstanding,PARTIAL,EntityCommonStockSharesOutstanding,,0.7442,UNRESOLVED,,shares,0,instant:44
764180,assets,SINGLE,Assets,,1.0,resolved,,USD,0,instant:90
764180,cash,DOMINANT,CashAndCashEquivalentsAtCarryingValue,,1.0,resolved,CashCashEquivalentsRestrictedCashAndRestrictedCashEquivalents,USD,0,instant:120
764180,eps_diluted,SINGLE,EarningsPerShareDiluted,,1.0,resolved,,USD/shares,0,Q:52|FY:24|9M:12|H1:12
764180,equity,DOMINANT,StockholdersEquity,,1.0,resolved,StockholdersEquityIncludingPortionAttributableToNoncontrollingInterest,USD,0,instant:84
764180,liabilities,SINGLE,Liabilities,,1.0,resolved,,USD,0,instant:90
764180,liabilities_and_equity,SINGLE,LiabilitiesAndStockholdersEquity,,1.0,resolved,,USD,0,instant:90
764180,minority_interest,SINGLE,MinorityInterest,,0.9318,resolved,,USD,0,instant:84
764180,net_income,DOMINANT,NetIncomeLoss,,1.0,resolved,ProfitLoss,USD,0,Q:116|FY:33|H1:24|9M:22
764180,net_income_to_common,PARTIAL,NetIncomeLossAvailableToCommonStockholdersBasic,,0.6136,UNRESOLVED,,USD,0,Q:34|FY:15|H1:12|9M:10
764180,operating_cash_flow,SINGLE,NetCashProvidedByUsedInOperatingActivities,,1.0,resolved,,USD,0,FY:33|H1:22|Q:22|9M:20
764180,operating_income,SINGLE,OperatingIncomeLoss,,1.0,resolved,,USD,0,Q:68|FY:33|H1:24|9M:22
764180,pretax_income,SINGLE,IncomeLossFromContinuingOperationsBeforeIncomeTaxesExtraordinaryItemsNoncontrollingInterest,,1.0,resolved,,USD,0,Q:68|FY:33|H1:24|9M:22
764180,revenue,SINGLE,RevenueFromContractWithCustomerExcludingAssessedTax,,0.8864,resolved,,USD,0,Q:74|FY:24|H1:18|9M:16
764180,shares_outstanding,SINGLE,EntityCommonStockSharesOutstanding,,1.0,resolved,,shares,0,instant:52
766704,assets,SINGLE,Assets,,0.9773,resolved,,USD,0,instant:89
766704,cash,DOMINANT,CashAndCashEquivalentsAtCarryingValue,,0.9773,resolved,CashCashEquivalentsRestrictedCashAndRestrictedCashEquivalents,USD,0,instant:112
766704,eps_diluted,SINGLE,EarningsPerShareDiluted,,0.9773,resolved,,USD/shares,0,Q:114|FY:33|9M:22|H1:22
766704,equity,DOMINANT,StockholdersEquity,,0.9773,resolved,StockholdersEquityIncludingPortionAttributableToNoncontrollingInterest,USD,0,instant:88
766704,liabilities,SINGLE,Liabilities,,0.9773,resolved,,USD,0,instant:88
766704,liabilities_and_equity,SINGLE,LiabilitiesAndStockholdersEquity,,0.9773,resolved,,USD,0,instant:88
766704,minority_interest,SINGLE,MinorityInterest,,0.9773,resolved,,USD,0,instant:88
766704,net_income,SINGLE,ProfitLoss,,0.9773,resolved,,USD,0,Q:66|FY:33|9M:22|H1:22
766704,net_income_to_common,SINGLE,NetIncomeLossAvailableToCommonStockholdersBasic,,0.9773,resolved,,USD,0,Q:114|FY:33|9M:22|H1:22
766704,operating_cash_flow,SINGLE,NetCashProvidedByUsedInOperatingActivities,,0.9773,resolved,,USD,0,FY:33|9M:22|H1:22|Q:22
766704,operating_income,ABSENT,,,0.0,UNRESOLVED,,,0,
766704,pretax_income,SINGLE,IncomeLossFromContinuingOperationsBeforeIncomeTaxesMinorityInterestAndIncomeLossFromEquityMethodInvestments,,0.9545,resolved,,USD,0,Q:66|FY:30|9M:22|H1:22
766704,revenue,SINGLE,Revenues,,0.9773,resolved,,USD,0,Q:94|FY:33|9M:20|H1:20
766704,shares_outstanding,SINGLE,EntityCommonStockSharesOutstanding,,1.0,resolved,,shares,0,instant:44
769397,assets,SINGLE,Assets,,1.0,resolved,,USD,0,instant:34
769397,cash,DOMINANT,CashAndCashEquivalentsAtCarryingValue,,1.0,resolved,CashCashEquivalentsRestrictedCashAndRestrictedCashEquivalents,USD,0,instant:34
769397,eps_diluted,SINGLE,EarningsPerShareDiluted,,1.0,resolved,,USD/shares,0,Q:40|FY:12|9M:8|H1:8
769397,equity,SINGLE,StockholdersEquity,,1.0,resolved,,USD,0,instant:89
769397,liabilities,ABSENT,,,0.0,UNRESOLVED,,,0,
769397,liabilities_and_equity,SINGLE,LiabilitiesAndStockholdersEquity,,1.0,resolved,,USD,0,instant:32
769397,minority_interest,ABSENT,,,0.0,UNRESOLVED,,,0,
769397,net_income,SINGLE,NetIncomeLoss,,1.0,resolved,,USD,0,Q:67|FY:12|9M:8|H1:8
769397,net_income_to_common,ABSENT,,,0.0,UNRESOLVED,,,0,
769397,operating_cash_flow,SINGLE,NetCashProvidedByUsedInOperatingActivities,,1.0,resolved,,USD,0,FY:12|9M:8|H1:8|Q:8
769397,operating_income,SINGLE,OperatingIncomeLoss,,1.0,resolved,,USD,0,Q:40|FY:12|9M:8|H1:8
769397,pretax_income,SINGLE,IncomeLossFromContinuingOperationsBeforeIncomeTaxesExtraordinaryItemsNoncontrollingInterest,,1.0,resolved,,USD,0,Q:10|FY:6|9M:4|H1:2
769397,revenue,SINGLE,RevenueFromContractWithCustomerExcludingAssessedTax,,1.0,resolved,,USD,0,Q:40|FY:12|9M:8|H1:8
769397,shares_outstanding,SINGLE,EntityCommonStockSharesOutstanding,,1.0,resolved,,shares,0,instant:17
773840,assets,SINGLE,Assets,,1.0,resolved,,USD,0,instant:100
773840,cash,DOMINANT,CashAndCashEquivalentsAtCarryingValue,,1.0,resolved,CashCashEquivalentsRestrictedCashAndRestrictedCashEquivalents,USD,0,instant:124
773840,eps_diluted,SINGLE,EarningsPerShareDiluted,,1.0,resolved,,USD/shares,0,Q:124|FY:36|H1:24|9M:22
773840,equity,DOMINANT,StockholdersEquity,,1.0,resolved,StockholdersEquityIncludingPortionAttributableToNoncontrollingInterest,USD,0,instant:92
773840,liabilities,ABSENT,,,0.0,UNRESOLVED,,,0,
773840,liabilities_and_equity,SINGLE,LiabilitiesAndStockholdersEquity,,1.0,resolved,,USD,0,instant:92
773840,minority_interest,SINGLE,MinorityInterest,,1.0,resolved,,USD,0,instant:92
773840,net_income,DOMINANT,NetIncomeLoss,,1.0,resolved,ProfitLoss,USD,0,Q:124|FY:36|H1:24|9M:22
773840,net_income_to_common,ABSENT,,,0.0,UNRESOLVED,,,0,
773840,operating_cash_flow,SINGLE,NetCashProvidedByUsedInOperatingActivities,,1.0,resolved,,USD,0,FY:30|9M:18|H1:18|Q:18
773840,operating_income,PARTIAL,OperatingIncomeLoss,,0.4773,UNRESOLVED,,USD,0,Q:28|H1:10|9M:8|FY:6
773840,pretax_income,SINGLE,IncomeLossFromContinuingOperationsBeforeIncomeTaxesExtraordinaryItemsNoncontrollingInterest,,1.0,resolved,,USD,0,Q:68|FY:36|H1:24|9M:22
773840,revenue,SINGLE,RevenueFromContractWithCustomerExcludingAssessedTax,,0.8864,resolved,,USD,0,Q:82|FY:27|H1:17|9M:16
773840,shares_outstanding,SINGLE,EntityCommonStockSharesOutstanding,,0.75,resolved,,shares,0,instant:46
773910,assets,SINGLE,Assets,,0.9412,resolved,,USD,0,instant:36
773910,cash,SINGLE,CashAndCashEquivalentsAtCarryingValue,,0.9412,resolved,,USD,0,instant:58
773910,eps_diluted,SINGLE,EarningsPerShareDiluted,,0.9412,resolved,,USD/shares,0,Q:26|FY:15|H1:10|9M:8
773910,equity,DOMINANT,StockholdersEquity,,0.9412,resolved,StockholdersEquityIncludingPortionAttributableToNoncontrollingInterest,USD,0,instant:36
773910,liabilities,ABSENT,,,0.0,UNRESOLVED,,,0,
773910,liabilities_and_equity,SINGLE,LiabilitiesAndStockholdersEquity,,0.9412,resolved,,USD,0,instant:36
773910,minority_interest,SINGLE,MinorityInterest,,0.9412,resolved,,USD,0,instant:36
773910,net_income,DOMINANT,NetIncomeLoss,,0.9412,resolved,ProfitLoss,USD,0,Q:26|FY:15|H1:10|9M:8
773910,net_income_to_common,SINGLE,NetIncomeLossAvailableToCommonStockholdersBasic,,0.9412,resolved,,USD,0,Q:26|FY:15|H1:10|9M:8
773910,operating_cash_flow,SINGLE,NetCashProvidedByUsedInOperatingActivities,,0.9412,resolved,,USD,0,FY:15|H1:10|9M:8|Q:8
773910,operating_income,SINGLE,OperatingIncomeLoss,,0.9412,resolved,,USD,0,Q:26|FY:15|H1:10|9M:8
773910,pretax_income,SINGLE,IncomeLossFromContinuingOperationsBeforeIncomeTaxesExtraordinaryItemsNoncontrollingInterest,,0.9412,resolved,,USD,0,Q:26|FY:15|H1:10|9M:8
773910,revenue,SINGLE,Revenues,,0.9412,resolved,,USD,0,Q:26|FY:15|H1:10|9M:8
773910,shares_outstanding,SINGLE,EntityCommonStockSharesOutstanding,,0.9412,resolved,,shares,0,instant:17
788784,assets,SINGLE,Assets,,1.0,resolved,,USD,0,instant:65
788784,cash,DOMINANT,CashAndCashEquivalentsAtCarryingValue,,1.0,resolved,CashCashEquivalentsRestrictedCashAndRestrictedCashEquivalents,USD,0,instant:80
788784,eps_diluted,SINGLE,EarningsPerShareDiluted,,1.0,resolved,,USD/shares,0,Q:83|FY:21|H1:17|9M:14
788784,equity,SINGLE,StockholdersEquityIncludingPortionAttributableToNoncontrollingInterest,,1.0,resolved,,USD,0,instant:108
788784,liabilities,ABSENT,,,0.0,UNRESOLVED,,,0,
788784,liabilities_and_equity,SINGLE,LiabilitiesAndStockholdersEquity,,1.0,resolved,,USD,0,instant:58
788784,minority_interest,PARTIAL,MinorityInterest,,0.2143,UNRESOLVED,,USD,0,instant:14
788784,net_income,SINGLE,NetIncomeLoss,,1.0,resolved,,USD,0,Q:44|FY:21|H1:16|9M:14
788784,net_income_to_common,PARTIAL,NetIncomeLossAvailableToCommonStockholdersBasic,,0.6429,UNRESOLVED,,USD,0,Q:39|H1:1
788784,operating_cash_flow,SINGLE,NetCashProvidedByUsedInOperatingActivities,,1.0,resolved,,USD,0,FY:21|H1:16|9M:14|Q:14
788784,operating_income,SINGLE,OperatingIncomeLoss,,1.0,resolved,,USD,0,Q:83|FY:21|H1:17|9M:14
788784,pretax_income,SINGLE,IncomeLossFromContinuingOperationsBeforeIncomeTaxesExtraordinaryItemsNoncontrollingInterest,,0.8571,resolved,,USD,0,Q:28|FY:21|H1:10|9M:8
788784,revenue,DOMINANT,Revenues,,1.0,resolved,RevenueFromContractWithCustomerIncludingAssessedTax,USD,0,Q:83|FY:21|H1:17|9M:14
788784,shares_outstanding,SINGLE,EntityCommonStockSharesOutstanding,,1.0,resolved,,shares,0,instant:29
789019,assets,SINGLE,Assets,,1.0,resolved,,USD,0,instant:94
789019,cash,DOMINANT,CashAndCashEquivalentsAtCarryingValue,,1.0,resolved,CashCashEquivalentsRestrictedCashAndRestrictedCashEquivalents,USD,0,instant:146
789019,eps_diluted,SINGLE,EarningsPerShareDiluted,,1.0,resolved,,USD/shares,0,Q:124|FY:42|9M:22|H1:22
789019,equity,SINGLE,StockholdersEquity,,1.0,resolved,,USD,0,instant:141
789019,liabilities,SINGLE,Liabilities,,1.0,resolved,,USD,0,instant:94
789019,liabilities_and_equity,SINGLE,LiabilitiesAndStockholdersEquity,,1.0,resolved,,USD,0,instant:94
789019,minority_interest,ABSENT,,,0.0,UNRESOLVED,,,0,
789019,net_income,SINGLE,NetIncomeLoss,,1.0,resolved,,USD,0,Q:124|FY:42|9M:22|H1:22
789019,net_income_to_common,ABSENT,,,0.0,UNRESOLVED,,,0,
789019,operating_cash_flow,SINGLE,NetCashProvidedByUsedInOperatingActivities,,1.0,resolved,,USD,0,Q:52|FY:30|9M:18|H1:18
789019,operating_income,SINGLE,OperatingIncomeLoss,,1.0,resolved,,USD,0,Q:114|FY:42|9M:22|H1:22
789019,pretax_income,MIGRATION,IncomeLossFromContinuingOperationsBeforeIncomeTaxesMinorityInterestAndIncomeLossFromEquityMethodInvestments|IncomeLossFromContinuingOperationsBeforeIncomeTaxesExtraordinaryItemsNoncontrollingInterest,2021Q4,1.0,resolved,,USD,0,Q:66|FY:42|9M:22|H1:22
789019,revenue,SINGLE,RevenueFromContractWithCustomerExcludingAssessedTax,,0.9318,resolved,,USD,0,Q:72|FY:30|9M:16|H1:16
789019,shares_outstanding,SINGLE,EntityCommonStockSharesOutstanding,,1.0,resolved,,shares,0,instant:45
790070,assets,SINGLE,Assets,,1.0,resolved,,USD,0,instant:10
790070,cash,SINGLE,CashAndCashEquivalentsAtCarryingValue,,1.0,resolved,,USD,0,instant:20
790070,eps_diluted,SINGLE,EarningsPerShareDiluted,,1.0,resolved,,USD/shares,0,Q:16|H1:4|FY:3|9M:2
790070,equity,DOMINANT,StockholdersEquity,,1.0,resolved,StockholdersEquityIncludingPortionAttributableToNoncontrollingInterest,USD,0,instant:10
790070,liabilities,SINGLE,Liabilities,,1.0,resolved,,USD,0,instant:10
790070,liabilities_and_equity,SINGLE,LiabilitiesAndStockholdersEquity,,1.0,resolved,,USD,0,instant:10
790070,minority_interest,SINGLE,MinorityInterest,,1.0,resolved,,USD,0,instant:10
790070,net_income,DOMINANT,NetIncomeLoss,,1.0,resolved,ProfitLoss,USD,0,Q:16|H1:4|FY:3|9M:2
790070,net_income_to_common,ABSENT,,,0.0,UNRESOLVED,,,0,
790070,operating_cash_flow,SINGLE,NetCashProvidedByUsedInOperatingActivities,,1.0,resolved,,USD,0,H1:4|FY:3|9M:2|Q:2
790070,operating_income,SINGLE,OperatingIncomeLoss,,1.0,resolved,,USD,0,Q:8|H1:4|FY:3|9M:2
790070,pretax_income,SINGLE,IncomeLossFromContinuingOperationsBeforeIncomeTaxesMinorityInterestAndIncomeLossFromEquityMethodInvestments,,1.0,resolved,,USD,0,Q:8|H1:4|FY:3|9M:2
790070,revenue,SINGLE,Revenues,,1.0,resolved,,USD,0,Q:16|H1:4|FY:3|9M:2
790070,shares_outstanding,SINGLE,EntityCommonStockSharesOutstanding,,0.75,resolved,,shares,0,instant:5
797468,assets,SINGLE,Assets,,1.0,resolved,,USD,0,instant:105
797468,cash,DOMINANT,CashAndCashEquivalentsAtCarryingValue,,1.0,resolved,CashCashEquivalentsRestrictedCashAndRestrictedCashEquivalents,USD,0,instant:138
797468,eps_diluted,SINGLE,EarningsPerShareDiluted,,1.0,resolved,,USD/shares,0,Q:68|FY:36|H1:24|9M:22
797468,equity,DOMINANT,StockholdersEquity,,1.0,resolved,StockholdersEquityIncludingPortionAttributableToNoncontrollingInterest,USD,0,instant:96
797468,liabilities,ABSENT,,,0.0,UNRESOLVED,,,0,
797468,liabilities_and_equity,SINGLE,LiabilitiesAndStockholdersEquity,,1.0,resolved,,USD,0,instant:92
797468,minority_interest,PARTIAL,MinorityInterest,,0.3636,UNRESOLVED,,USD,0,instant:26
797468,net_income,DOMINANT,ProfitLoss,,1.0,resolved,NetIncomeLoss,USD,0,Q:52|FY:27|H1:18|9M:16
797468,net_income_to_common,SINGLE,NetIncomeLossAvailableToCommonStockholdersBasic,,1.0,resolved,,USD,0,Q:68|FY:36|H1:24|9M:22
797468,operating_cash_flow,DOMINANT,NetCashProvidedByUsedInOperatingActivities,,1.0,resolved,NetCashProvidedByUsedInOperatingActivitiesContinuingOperations,USD,0,FY:36|H1:24|9M:22|Q:22
797468,operating_income,ABSENT,,,0.0,UNRESOLVED,,,0,
797468,pretax_income,SINGLE,IncomeLossFromContinuingOperationsBeforeIncomeTaxesExtraordinaryItemsNoncontrollingInterest,,1.0,resolved,,USD,0,Q:50|FY:33|9M:18|H1:16
797468,revenue,DOMINANT,Revenues,,0.9773,resolved,RevenueFromContractWithCustomerExcludingAssessedTax,USD,0,Q:60|FY:25|9M:20|H1:20
797468,shares_outstanding,SINGLE,EntityCommonStockSharesOutstanding,,0.7727,resolved,,shares,0,instant:46
798354,assets,SINGLE,Assets,,1.0,resolved,,USD,0,instant:58
798354,cash,SINGLE,CashCashEquivalentsRestrictedCashAndRestrictedCashEquivalents,,1.0,resolved,,USD,0,instant:92
798354,eps_diluted,SINGLE,EarningsPerShareDiluted,,1.0,resolved,,USD/shares,0,Q:44|FY:21|H1:16|9M:14
798354,equity,DOMINANT,StockholdersEquity,,1.0,resolved,StockholdersEquityIncludingPortionAttributableToNoncontrollingInterest,USD,0,instant:62
798354,liabilities,SINGLE,Liabilities,,1.0,resolved,,USD,0,instant:58
798354,liabilities_and_equity,SINGLE,LiabilitiesAndStockholdersEquity,,1.0,resolved,,USD,0,instant:58
798354,minority_interest,SINGLE,MinorityInterest,,1.0,resolved,,USD,0,instant:56
798354,net_income,DOMINANT,NetIncomeLoss,,1.0,resolved,ProfitLoss,USD,0,Q:60|FY:21|H1:16|9M:14
798354,net_income_to_common,ABSENT,,,0.0,UNRESOLVED,,,0,
798354,operating_cash_flow,SINGLE,NetCashProvidedByUsedInOperatingActivities,,1.0,resolved,,USD,0,FY:18|H1:14|Q:14|9M:12
798354,operating_income,SINGLE,OperatingIncomeLoss,,1.0,resolved,,USD,0,Q:60|FY:21|H1:16|9M:14
798354,pretax_income,SINGLE,IncomeLossFromContinuingOperationsBeforeIncomeTaxesMinorityInterestAndIncomeLossFromEquityMethodInvestments,,1.0,resolved,,USD,0,Q:44|FY:21|H1:16|9M:14
798354,revenue,OVERLAP,Revenues|RevenueFromContractWithCustomerExcludingAssessedTax,,1.0,UNRESOLVED,,USD,0,Q:60|FY:21|H1:16|9M:14
798354,shares_outstanding,SINGLE,EntityCommonStockSharesOutstanding,,1.0,resolved,,shares,0,instant:29
804328,assets,SINGLE,Assets,,1.0,resolved,,USD,0,instant:97
804328,cash,DOMINANT,CashAndCashEquivalentsAtCarryingValue,,1.0,resolved,CashCashEquivalentsRestrictedCashAndRestrictedCashEquivalents,USD,0,instant:122
804328,eps_diluted,SINGLE,EarningsPerShareDiluted,,1.0,resolved,,USD/shares,0,Q:121|FY:35|9M:24|H1:22
804328,equity,SINGLE,StockholdersEquityIncludingPortionAttributableToNoncontrollingInterest,,1.0,resolved,,USD,0,instant:191
804328,liabilities,SINGLE,Liabilities,,1.0,resolved,,USD,0,instant:91
804328,liabilities_and_equity,SINGLE,LiabilitiesAndStockholdersEquity,,1.0,resolved,,USD,0,instant:91
804328,minority_interest,PARTIAL,MinorityInterest,,0.2045,UNRESOLVED,,USD,0,instant:20
804328,net_income,SINGLE,NetIncomeLoss,,1.0,resolved,,USD,0,Q:101|FY:35|9M:24|H1:22
804328,net_income_to_common,ABSENT,,,0.0,UNRESOLVED,,,0,
804328,operating_cash_flow,SINGLE,NetCashProvidedByUsedInOperatingActivities,,1.0,resolved,,USD,0,FY:35|9M:17|Q:17|H1:15
804328,operating_income,SINGLE,OperatingIncomeLoss,,1.0,resolved,,USD,0,Q:121|FY:35|9M:24|H1:22
804328,pretax_income,SINGLE,IncomeLossFromContinuingOperationsBeforeIncomeTaxesExtraordinaryItemsNoncontrollingInterest,,1.0,resolved,,USD,0,Q:73|FY:35|9M:24|H1:22
804328,revenue,SINGLE,Revenues,,1.0,resolved,,USD,0,Q:121|FY:35|9M:24|H1:22
804328,shares_outstanding,SINGLE,EntityCommonStockSharesOutstanding,,1.0,resolved,,shares,0,instant:45
804753,assets,SINGLE,Assets,,0.9375,resolved,,USD,0,instant:34
804753,cash,SINGLE,CashAndCashEquivalentsAtCarryingValue,,0.9375,resolved,,USD,0,instant:68
804753,eps_diluted,SINGLE,EarningsPerShareDiluted,,0.9375,resolved,,USD/shares,0,Q:58|FY:12|H1:10|9M:8
804753,equity,SINGLE,StockholdersEquityIncludingPortionAttributableToNoncontrollingInterest,,0.9375,resolved,,USD,0,instant:32
804753,liabilities,SINGLE,Liabilities,,0.9375,resolved,,USD,0,instant:34
804753,liabilities_and_equity,SINGLE,LiabilitiesAndStockholdersEquity,,0.9375,resolved,,USD,0,instant:34
804753,minority_interest,ABSENT,,,0.0,UNRESOLVED,,,0,
804753,net_income,SINGLE,NetIncomeLoss,,0.9375,resolved,,USD,0,Q:58|FY:12|H1:10|9M:8
804753,net_income_to_common,SINGLE,NetIncomeLossAvailableToCommonStockholdersBasic,,0.9375,resolved,,USD,0,Q:26|FY:12|H1:10|9M:8
804753,operating_cash_flow,SINGLE,NetCashProvidedByUsedInOperatingActivities,,0.9375,resolved,,USD,0,FY:12|H1:10|9M:8|Q:8
804753,operating_income,SINGLE,OperatingIncomeLoss,,0.9375,resolved,,USD,0,Q:26|FY:12|H1:10|9M:8
804753,pretax_income,SINGLE,IncomeLossFromContinuingOperationsBeforeIncomeTaxesExtraordinaryItemsNoncontrollingInterest,,0.9375,resolved,,USD,0,Q:58|FY:12|H1:10|9M:8
804753,revenue,PARTIAL,Revenues,,0.125,UNRESOLVED,,USD,0,H1:2|Q:2
804753,shares_outstanding,SINGLE,EntityCommonStockSharesOutstanding,,1.0,resolved,,shares,0,instant:17
813672,assets,SINGLE,Assets,,1.0,resolved,,USD,0,instant:32
813672,cash,DOMINANT,CashAndCashEquivalentsAtCarryingValue,,1.0,resolved,CashCashEquivalentsRestrictedCashAndRestrictedCashEquivalents,USD,0,instant:32
813672,eps_diluted,SINGLE,EarningsPerShareDiluted,,1.0,resolved,,USD/shares,0,Q:24|FY:12|9M:8|H1:8
813672,equity,SINGLE,StockholdersEquity,,1.0,resolved,,USD,0,instant:80
813672,liabilities,ABSENT,,,0.0,UNRESOLVED,,,0,
813672,liabilities_and_equity,SINGLE,LiabilitiesAndStockholdersEquity,,1.0,resolved,,USD,0,instant:32
813672,minority_interest,ABSENT,,,0.0,UNRESOLVED,,,0,
813672,net_income,SINGLE,NetIncomeLoss,,1.0,resolved,,USD,0,Q:24|FY:12|9M:8|H1:8
813672,net_income_to_common,ABSENT,,,0.0,UNRESOLVED,,,0,
813672,operating_cash_flow,SINGLE,NetCashProvidedByUsedInOperatingActivities,,1.0,resolved,,USD,0,FY:12|9M:8|H1:8|Q:8
813672,operating_income,SINGLE,OperatingIncomeLoss,,1.0,resolved,,USD,0,Q:24|FY:12|9M:8|H1:8
813672,pretax_income,SINGLE,IncomeLossFromContinuingOperationsBeforeIncomeTaxesExtraordinaryItemsNoncontrollingInterest,,1.0,resolved,,USD,0,Q:24|FY:12|9M:8|H1:8
813672,revenue,SINGLE,RevenueFromContractWithCustomerExcludingAssessedTax,,1.0,resolved,,USD,0,Q:24|FY:12|9M:8|H1:8
813672,shares_outstanding,SINGLE,EntityCommonStockSharesOutstanding,,0.8,resolved,,shares,0,instant:16
816284,assets,SINGLE,Assets,,0.9444,resolved,,USD,0,instant:36
816284,cash,SINGLE,CashAndCashEquivalentsAtCarryingValue,,0.9444,resolved,,USD,0,instant:72
816284,eps_diluted,SINGLE,EarningsPerShareDiluted,,0.9444,resolved,,USD/shares,0,Q:60|FY:12|9M:10|H1:10
816284,equity,DOMINANT,StockholdersEquity,,0.9444,resolved,StockholdersEquityIncludingPortionAttributableToNoncontrollingInterest,USD,0,instant:56
816284,liabilities,SINGLE,Liabilities,,0.9444,resolved,,USD,0,instant:36
816284,liabilities_and_equity,SINGLE,LiabilitiesAndStockholdersEquity,,0.9444,resolved,,USD,0,instant:36
816284,minority_interest,ABSENT,,,0.0,UNRESOLVED,,,0,
816284,net_income,MIGRATION,NetIncomeLoss|ProfitLoss,2019Q1,0.9444,resolved,,USD,0,Q:66|FY:12|9M:10|H1:10
816284,net_income_to_common,ABSENT,,,0.0,UNRESOLVED,,,0,
816284,operating_cash_flow,SINGLE,NetCashProvidedByUsedInOperatingActivities,,0.9444,resolved,,USD,0,FY:12|9M:8|H1:8|Q:8
816284,operating_income,SINGLE,OperatingIncomeLoss,,0.9444,resolved,,USD,0,Q:28|FY:12|9M:10|H1:10
816284,pretax_income,SINGLE,IncomeLossFromContinuingOperationsBeforeIncomeTaxesExtraordinaryItemsNoncontrollingInterest,,0.9444,resolved,,USD,0,Q:28|FY:12|9M:10|H1:10
816284,revenue,MIGRATION,Revenues|RevenueFromContractWithCustomerExcludingAssessedTax,2018Q2,0.9444,resolved,,USD,0,Q:62|FY:12|9M:10|H1:10
816284,shares_outstanding,SINGLE,EntityCommonStockSharesOutstanding,,1.0,resolved,,shares,0,instant:18
821189,assets,SINGLE,Assets,,1.0,resolved,,USD,0,instant:105
821189,cash,SINGLE,CashAndCashEquivalentsAtCarryingValue,,1.0,resolved,,USD,0,instant:138
821189,eps_diluted,SINGLE,EarningsPerShareDiluted,,1.0,resolved,,USD/shares,0,Q:116|FY:33|H1:24|9M:22
821189,equity,MIGRATION,StockholdersEquityIncludingPortionAttributableToNoncontrollingInterest|StockholdersEquity,2022Q3,1.0,resolved,,USD,0,instant:187
821189,liabilities,ABSENT,,,0.0,UNRESOLVED,,,0,
821189,liabilities_and_equity,SINGLE,LiabilitiesAndStockholdersEquity,,1.0,resolved,,USD,0,instant:90
821189,minority_interest,ABSENT,,,0.0,UNRESOLVED,,,0,
821189,net_income,SINGLE,NetIncomeLoss,,1.0,resolved,,USD,0,Q:116|FY:33|H1:24|9M:22
821189,net_income_to_common,PARTIAL,NetIncomeLossAvailableToCommonStockholdersBasic,,0.4773,UNRESOLVED,,USD,0,Q:24|FY:12|9M:8|H1:8
821189,operating_cash_flow,SINGLE,NetCashProvidedByUsedInOperatingActivities,,1.0,resolved,,USD,0,FY:33|H1:24|9M:22|Q:22
821189,operating_income,SINGLE,OperatingIncomeLoss,,1.0,resolved,,USD,0,Q:116|FY:33|H1:24|9M:22
821189,pretax_income,SINGLE,IncomeLossFromContinuingOperationsBeforeIncomeTaxesExtraordinaryItemsNoncontrollingInterest,,1.0,resolved,,USD,0,Q:68|FY:27|H1:24|9M:22
821189,revenue,SINGLE,Revenues,,1.0,resolved,,USD,0,Q:116|FY:33|H1:24|9M:22
821189,shares_outstanding,SINGLE,EntityCommonStockSharesOutstanding,,1.0,resolved,,shares,0,instant:45
823768,assets,SINGLE,Assets,,1.0,resolved,,USD,0,instant:98
823768,cash,DOMINANT,CashAndCashEquivalentsAtCarryingValue,,1.0,resolved,CashCashEquivalentsRestrictedCashAndRestrictedCashEquivalents,USD,0,instant:146
823768,eps_diluted,SINGLE,EarningsPerShareDiluted,,1.0,resolved,,USD/shares,0,Q:108|FY:33|H1:24|9M:22
823768,equity,DOMINANT,StockholdersEquity,,1.0,resolved,StockholdersEquityIncludingPortionAttributableToNoncontrollingInterest,USD,0,instant:90
823768,liabilities,SINGLE,Liabilities,,1.0,resolved,,USD,0,instant:90
823768,liabilities_and_equity,SINGLE,LiabilitiesAndStockholdersEquity,,1.0,resolved,,USD,0,instant:90
823768,minority_interest,SINGLE,MinorityInterest,,1.0,resolved,,USD,0,instant:90
823768,net_income,DOMINANT,NetIncomeLoss,,1.0,resolved,ProfitLoss,USD,0,Q:94|FY:30|H1:22|9M:20
823768,net_income_to_common,PARTIAL,NetIncomeLossAvailableToCommonStockholdersBasic,,0.0682,UNRESOLVED,,USD,0,Q:14|FY:3|9M:2|H1:2
823768,operating_cash_flow,SINGLE,NetCashProvidedByUsedInOperatingActivities,,1.0,resolved,,USD,0,FY:27|9M:18|H1:18|Q:18
823768,operating_income,SINGLE,OperatingIncomeLoss,,1.0,resolved,,USD,0,Q:108|FY:33|H1:24|9M:22
823768,pretax_income,SINGLE,IncomeLossFromContinuingOperationsBeforeIncomeTaxesExtraordinaryItemsNoncontrollingInterest,,1.0,resolved,,USD,0,Q:68|FY:33|H1:24|9M:22
823768,revenue,SINGLE,RevenueFromContractWithCustomerExcludingAssessedTax,,1.0,resolved,,USD,0,Q:66|FY:24|H1:18|9M:16
823768,shares_outstanding,SINGLE,EntityCommonStockSharesOutstanding,,1.0,resolved,,shares,0,instant:46
827052,assets,SINGLE,Assets,,1.0,resolved,,USD,0,instant:44
827052,cash,DOMINANT,CashAndCashEquivalentsAtCarryingValue,,1.0,resolved,CashCashEquivalentsRestrictedCashAndRestrictedCashEquivalents,USD,0,instant:66
827052,eps_diluted,SINGLE,EarningsPerShareDiluted,,1.0,resolved,,USD/shares,0,Q:74|FY:15|H1:14|9M:10
827052,equity,SINGLE,StockholdersEquityIncludingPortionAttributableToNoncontrollingInterest,,1.0,resolved,,USD,0,instant:98
827052,liabilities,SINGLE,Liabilities,,1.0,resolved,,USD,0,instant:44
827052,liabilities_and_equity,SINGLE,LiabilitiesAndStockholdersEquity,,1.0,resolved,,USD,0,instant:44
827052,minority_interest,PARTIAL,MinorityInterest,,0.3,UNRESOLVED,,USD,0,instant:10
827052,net_income,DOMINANT,NetIncomeLoss,,1.0,resolved,ProfitLoss,USD,0,Q:34|H1:14|9M:10|FY:3
827052,net_income_to_common,SINGLE,NetIncomeLossAvailableToCommonStockholdersBasic,,1.0,resolved,,USD,0,Q:74|H1:14|FY:13|9M:10
827052,operating_cash_flow,SINGLE,NetCashProvidedByUsedInOperatingActivities,,1.0,resolved,,USD,0,FY:15|H1:14|9M:10|Q:10
827052,operating_income,SINGLE,OperatingIncomeLoss,,1.0,resolved,,USD,0,Q:74|FY:15|H1:14|9M:10
827052,pretax_income,PARTIAL,IncomeLossFromContinuingOperationsBeforeIncomeTaxesExtraordinaryItemsNoncontrollingInterest,,0.45,UNRESOLVED,,USD,0,Q:8|H1:4|FY:3|9M:2
827052,revenue,SINGLE,Revenues,,1.0,resolved,,USD,0,Q:74|FY:15|H1:14|9M:10
827052,shares_outstanding,SINGLE,EntityCommonStockSharesOutstanding,,1.0,resolved,,shares,0,instant:22
829224,assets,SINGLE,Assets,,0.9318,resolved,,USD,0,instant:95
829224,cash,MIGRATION,CashAndCashEquivalentsAtCarryingValue|CashCashEquivalentsRestrictedCashAndRestrictedCashEquivalents,2022Q4,0.9318,resolved,,USD,0,instant:180
829224,eps_diluted,SINGLE,EarningsPerShareDiluted,,0.9318,resolved,,USD/shares,0,Q:116|FY:33|9M:24|H1:22
829224,equity,DOMINANT,StockholdersEquity,,0.9318,resolved,StockholdersEquityIncludingPortionAttributableToNoncontrollingInterest,USD,0,instant:90
829224,liabilities,SINGLE,Liabilities,,0.9318,resolved,,USD,0,instant:90
829224,liabilities_and_equity,SINGLE,LiabilitiesAndStockholdersEquity,,0.9318,resolved,,USD,0,instant:90
829224,minority_interest,SINGLE,MinorityInterest,,0.9318,resolved,,USD,0,instant:90
829224,net_income,DOMINANT,NetIncomeLoss,,0.9318,resolved,ProfitLoss,USD,0,Q:116|FY:33|9M:24|H1:22
829224,net_income_to_common,ABSENT,,,0.0,UNRESOLVED,,,0,
829224,operating_cash_flow,SINGLE,NetCashProvidedByUsedInOperatingActivities,,0.9318,resolved,,USD,0,FY:33|9M:24|H1:22|Q:22
829224,operating_income,SINGLE,OperatingIncomeLoss,,0.9318,resolved,,USD,0,Q:116|FY:33|9M:24|H1:22
829224,pretax_income,SINGLE,IncomeLossFromContinuingOperationsBeforeIncomeTaxesExtraordinaryItemsNoncontrollingInterest,,0.9318,resolved,,USD,0,Q:68|FY:33|9M:24|H1:22
829224,revenue,SINGLE,Revenues,,0.8409,resolved,,USD,0,Q:74|FY:24|9M:18|H1:16
829224,shares_outstanding,SINGLE,EntityCommonStockSharesOutstanding,,1.0,resolved,,shares,0,instant:46
831001,assets,SINGLE,Assets,,0.9767,resolved,,USD,0,instant:98
831001,cash,DOMINANT,CashAndDueFromBanks,,0.9767,resolved,CashCashEquivalentsRestrictedCashAndRestrictedCashEquivalents,USD,0,instant:151
831001,eps_diluted,SINGLE,EarningsPerShareDiluted,,0.9767,resolved,,USD/shares,0,Q:144|FY:42|9M:22|H1:22
831001,equity,DOMINANT,StockholdersEquity,,0.9767,resolved,StockholdersEquityIncludingPortionAttributableToNoncontrollingInterest,USD,0,instant:92
831001,liabilities,SINGLE,Liabilities,,0.9767,resolved,,USD,0,instant:92
831001,liabilities_and_equity,SINGLE,LiabilitiesAndStockholdersEquity,,0.9767,resolved,,USD,0,instant:92
831001,minority_interest,SINGLE,MinorityInterest,,0.9767,resolved,,USD,0,instant:92
831001,net_income,DOMINANT,NetIncomeLoss,,0.9767,resolved,ProfitLoss,USD,0,Q:144|FY:42|9M:22|H1:22
831001,net_income_to_common,SINGLE,NetIncomeLossAvailableToCommonStockholdersBasic,,0.9767,resolved,,USD,0,Q:60|FY:42|9M:20|H1:20
831001,operating_cash_flow,MIGRATION,NetCashProvidedByUsedInOperatingActivitiesContinuingOperations|NetCashProvidedByUsedInOperatingActivities,2020Q4,0.9767,resolved,,USD,0,FY:42|9M:22|H1:22|Q:20
831001,operating_income,ABSENT,,,0.0,UNRESOLVED,,,0,
831001,pretax_income,SINGLE,IncomeLossFromContinuingOperationsBeforeIncomeTaxesExtraordinaryItemsNoncontrollingInterest,,0.9767,resolved,,USD,0,Q:54|FY:36|9M:18|H1:18
831001,revenue,DOMINANT,Revenues,,0.9767,resolved,InterestAndDividendIncomeOperating,USD,0,Q:144|FY:42|9M:22|H1:22
831001,shares_outstanding,PARTIAL,EntityCommonStockSharesOutstanding,,0.7442,UNRESOLVED,,shares,0,instant:44
831259,assets,SINGLE,Assets,,1.0,resolved,,USD,0,instant:75
831259,cash,DOMINANT,CashAndCashEquivalentsAtCarryingValue,,1.0,resolved,CashCashEquivalentsRestrictedCashAndRestrictedCashEquivalents,USD,0,instant:50
831259,eps_diluted,SINGLE,EarningsPerShareDiluted,,0.8333,resolved,,USD/shares,0,Q:34|H1:12|9M:10|FY:6
831259,equity,DOMINANT,StockholdersEquity,,1.0,resolved,StockholdersEquityIncludingPortionAttributableToNoncontrollingInterest,USD,0,instant:50
831259,liabilities,SINGLE,Liabilities,,1.0,resolved,,USD,0,instant:50
831259,liabilities_and_equity,SINGLE,LiabilitiesAndStockholdersEquity,,1.0,resolved,,USD,0,instant:50
831259,minority_interest,SINGLE,MinorityInterest,,1.0,resolved,,USD,0,instant:50
831259,net_income,SINGLE,ProfitLoss,,1.0,resolved,,USD,0,Q:38|FY:18|H1:14|9M:12
831259,net_income_to_common,SINGLE,NetIncomeLossAvailableToCommonStockholdersBasic,,0.9583,resolved,,USD,0,Q:36|FY:18|9M:12|H1:12
831259,operating_cash_flow,SINGLE,NetCashProvidedByUsedInOperatingActivities,,1.0,resolved,,USD,0,FY:18|H1:14|9M:12|Q:12
831259,operating_income,SINGLE,OperatingIncomeLoss,,1.0,resolved,,USD,0,Q:38|FY:18|H1:14|9M:12
831259,pretax_income,SINGLE,IncomeLossFromContinuingOperationsBeforeIncomeTaxesMinorityInterestAndIncomeLossFromEquityMethodInvestments,,1.0,resolved,,USD,0,Q:38|FY:18|H1:14|9M:12
831259,revenue,DOMINANT,Revenues,,1.0,resolved,RevenueFromContractWithCustomerExcludingAssessedTax,USD,0,Q:38|FY:18|H1:14|9M:12
831259,shares_outstanding,SINGLE,EntityCommonStockSharesOutstanding,,1.0,resolved,,shares,0,instant:26
849395,assets,SINGLE,Assets,,1.0,resolved,,USD,0,instant:27
849395,cash,DOMINANT,CashAndCashEquivalentsAtCarryingValue,,1.0,resolved,CashCashEquivalentsRestrictedCashAndRestrictedCashEquivalentsIncludingDisposalGroupAndDiscontinuedOperations,USD,0,instant:27
849395,eps_diluted,SINGLE,EarningsPerShareDiluted,,1.0,resolved,,USD/shares,0,Q:14|FY:6|H1:6|9M:4
849395,equity,DOMINANT,StockholdersEquity,,1.0,resolved,StockholdersEquityIncludingPortionAttributableToNoncontrollingInterest,USD,0,instant:25
849395,liabilities,SINGLE,Liabilities,,1.0,resolved,,USD,0,instant:27
849395,liabilities_and_equity,SINGLE,LiabilitiesAndStockholdersEquity,,1.0,resolved,,USD,0,instant:25
849395,minority_interest,SINGLE,MinorityInterest,,1.0,resolved,,USD,0,instant:25
849395,net_income,DOMINANT,NetIncomeLoss,,1.0,resolved,ProfitLoss,USD,0,Q:14|FY:6|H1:6|9M:4
849395,net_income_to_common,SINGLE,NetIncomeLossAvailableToCommonStockholdersBasic,,1.0,resolved,,USD,0,Q:14|FY:6|H1:6|9M:4
849395,operating_cash_flow,SINGLE,NetCashProvidedByUsedInOperatingActivities,,1.0,resolved,,USD,0,FY:6|H1:6|9M:4|Q:4
849395,operating_income,SINGLE,OperatingIncomeLoss,,1.0,resolved,,USD,0,Q:14|FY:6|H1:6|9M:4
849395,pretax_income,DOMINANT,IncomeLossFromContinuingOperationsBeforeIncomeTaxesMinorityInterestAndIncomeLossFromEquityMethodInvestments,,1.0,resolved,IncomeLossFromContinuingOperationsBeforeIncomeTaxesExtraordinaryItemsNoncontrollingInterest,USD,0,Q:14|FY:6|H1:6|9M:4
849395,revenue,SINGLE,RevenueFromContractWithCustomerExcludingAssessedTax,,1.0,resolved,,USD,0,Q:14|FY:6|H1:6|9M:4
849395,shares_outstanding,SINGLE,EntityCommonStockSharesOutstanding,,1.0,resolved,,shares,0,instant:9
849399,assets,SINGLE,Assets,,0.9375,resolved,,USD,0,instant:36
849399,cash,SINGLE,CashAndCashEquivalentsAtCarryingValue,,0.9375,resolved,,USD,0,instant:42
849399,eps_diluted,SINGLE,EarningsPerShareDiluted,,0.9375,resolved,,USD/shares,0,Q:18|FY:12|9M:8|H1:4
849399,equity,SINGLE,StockholdersEquity,,0.9375,resolved,,USD,0,instant:32
849399,liabilities,SINGLE,Liabilities,,0.9375,resolved,,USD,0,instant:36
849399,liabilities_and_equity,SINGLE,LiabilitiesAndStockholdersEquity,,0.9375,resolved,,USD,0,instant:32
849399,minority_interest,ABSENT,,,0.0,UNRESOLVED,,,0,
849399,net_income,SINGLE,NetIncomeLoss,,0.9375,resolved,,USD,0,Q:24|FY:12|9M:8|H1:8
849399,net_income_to_common,ABSENT,,,0.0,UNRESOLVED,,,0,
849399,operating_cash_flow,DOMINANT,NetCashProvidedByUsedInOperatingActivities,,0.9375,resolved,NetCashProvidedByUsedInOperatingActivitiesContinuingOperations,USD,0,FY:12|9M:8|H1:6|Q:6
849399,operating_income,SINGLE,OperatingIncomeLoss,,0.9375,resolved,,USD,0,Q:24|FY:12|9M:8|H1:8
849399,pretax_income,SINGLE,IncomeLossFromContinuingOperationsBeforeIncomeTaxesExtraordinaryItemsNoncontrollingInterest,,0.9375,resolved,,USD,0,Q:24|FY:12|9M:8|H1:8
849399,revenue,PARTIAL,RevenueFromContractWithCustomerExcludingAssessedTax|RevenueFromContractWithCustomerIncludingAssessedTax,,0.625,UNRESOLVED,,USD,0,FY:6|Q:6|9M:2|H1:2
849399,shares_outstanding,SINGLE,EntityCommonStockSharesOutstanding,,0.875,resolved,,shares,0,instant:16
858877,assets,SINGLE,Assets,,1.0,resolved,,USD,0,instant:92
858877,cash,DOMINANT,CashAndCashEquivalentsAtCarryingValue,,1.0,resolved,CashCashEquivalentsRestrictedCashAndRestrictedCashEquivalents,USD,0,instant:114
858877,eps_diluted,SINGLE,EarningsPerShareDiluted,,1.0,resolved,,USD/shares,0,Q:98|FY:33|9M:22|H1:22
858877,equity,SINGLE,StockholdersEquity,,1.0,resolved,,USD,0,instant:164
858877,liabilities,SINGLE,Liabilities,,1.0,resolved,,USD,0,instant:88
858877,liabilities_and_equity,SINGLE,LiabilitiesAndStockholdersEquity,,1.0,resolved,,USD,0,instant:92
858877,minority_interest,PARTIAL,MinorityInterest,,0.25,UNRESOLVED,,USD,0,instant:22
858877,net_income,SINGLE,NetIncomeLoss,,1.0,resolved,,USD,0,Q:98|FY:33|9M:22|H1:22
858877,net_income_to_common,ABSENT,,,0.0,UNRESOLVED,,,0,
858877,operating_cash_flow,SINGLE,NetCashProvidedByUsedInOperatingActivities,,1.0,resolved,,USD,0,FY:24|9M:20|H1:20|Q:18
858877,operating_income,SINGLE,OperatingIncomeLoss,,1.0,resolved,,USD,0,Q:98|FY:33|9M:22|H1:22
858877,pretax_income,SINGLE,IncomeLossFromContinuingOperationsBeforeIncomeTaxesExtraordinaryItemsNoncontrollingInterest,,1.0,resolved,,USD,0,Q:66|FY:33|9M:22|H1:22
858877,revenue,SINGLE,RevenueFromContractWithCustomerExcludingAssessedTax,,1.0,resolved,,USD,0,Q:64|FY:21|9M:16|H1:16
858877,shares_outstanding,SINGLE,EntityCommonStockSharesOutstanding,,1.0,resolved,,shares,0,instant:44
872589,assets,SINGLE,Assets,,1.0,resolved,,USD,0,instant:90
872589,cash,DOMINANT,CashAndCashEquivalentsAtCarryingValue,,1.0,resolved,CashCashEquivalentsRestrictedCashAndRestrictedCashEquivalents,USD,0,instant:146
872589,eps_diluted,SINGLE,EarningsPerShareDiluted,,1.0,resolved,,USD/shares,0,Q:119|FY:35|H1:24|9M:23
872589,equity,SINGLE,StockholdersEquity,,1.0,resolved,,USD,0,instant:202
872589,liabilities,SINGLE,Liabilities,,1.0,resolved,,USD,0,instant:90
872589,liabilities_and_equity,SINGLE,LiabilitiesAndStockholdersEquity,,1.0,resolved,,USD,0,instant:90
872589,minority_interest,ABSENT,,,0.0,UNRESOLVED,,,0,
872589,net_income,SINGLE,NetIncomeLoss,,1.0,resolved,,USD,0,Q:163|FY:35|H1:24|9M:23
872589,net_income_to_common,ABSENT,,,0.0,UNRESOLVED,,,0,
872589,operating_cash_flow,SINGLE,NetCashProvidedByUsedInOperatingActivities,,1.0,resolved,,USD,0,FY:33|H1:24|9M:22|Q:22
872589,operating_income,SINGLE,OperatingIncomeLoss,,1.0,resolved,,USD,0,Q:71|FY:35|H1:24|9M:23
872589,pretax_income,MIGRATION,IncomeLossFromContinuingOperationsBeforeIncomeTaxesMinorityInterestAndIncomeLossFromEquityMethodInvestments|IncomeLossFromContinuingOperationsBeforeIncomeTaxesExtraordinaryItemsNoncontrollingInterest,2021Q3,1.0,resolved,,USD,0,Q:71|FY:35|H1:24|9M:23
872589,revenue,SINGLE,RevenueFromContractWithCustomerExcludingAssessedTax,,1.0,resolved,,USD,0,Q:74|FY:24|H1:18|9M:16
872589,shares_outstanding,ABSENT,,,0.0,UNRESOLVED,,,0,
875045,assets,SINGLE,Assets,,1.0,resolved,,USD,0,instant:50
875045,cash,MIGRATION,CashAndCashEquivalentsAtCarryingValue|CashCashEquivalentsRestrictedCashAndRestrictedCashEquivalents,2020Q1,1.0,resolved,,USD,0,instant:100
875045,eps_diluted,SINGLE,EarningsPerShareDiluted,,1.0,resolved,,USD/shares,0,Q:86|FY:18|H1:14|9M:12
875045,equity,DOMINANT,StockholdersEquity,,1.0,resolved,StockholdersEquityIncludingPortionAttributableToNoncontrollingInterest,USD,0,instant:68
875045,liabilities,SINGLE,Liabilities,,1.0,resolved,,USD,0,instant:50
875045,liabilities_and_equity,SINGLE,LiabilitiesAndStockholdersEquity,,1.0,resolved,,USD,0,instant:50
875045,minority_interest,SINGLE,MinorityInterest,,1.0,resolved,,USD,0,instant:88
875045,net_income,DOMINANT,NetIncomeLoss,,1.0,resolved,ProfitLoss,USD,0,Q:86|FY:18|H1:14|9M:12
875045,net_income_to_common,ABSENT,,,0.0,UNRESOLVED,,,0,
875045,operating_cash_flow,SINGLE,NetCashProvidedByUsedInOperatingActivities,,1.0,resolved,,USD,0,FY:18|H1:14|9M:12|Q:12
875045,operating_income,SINGLE,OperatingIncomeLoss,,1.0,resolved,,USD,0,Q:38|FY:18|H1:14|9M:12
875045,pretax_income,SINGLE,IncomeLossFromContinuingOperationsBeforeIncomeTaxesMinorityInterestAndIncomeLossFromEquityMethodInvestments,,1.0,resolved,,USD,0,Q:38|FY:18|H1:14|9M:12
875045,revenue,SINGLE,Revenues,,1.0,resolved,,USD,0,Q:86|FY:18|H1:14|9M:12
875045,shares_outstanding,SINGLE,EntityCommonStockSharesOutstanding,,1.0,resolved,,shares,0,instant:25
875320,assets,SINGLE,Assets,,1.0,resolved,,USD,0,instant:61
875320,cash,DOMINANT,CashAndCashEquivalentsAtCarryingValue,,1.0,resolved,CashCashEquivalentsRestrictedCashAndRestrictedCashEquivalents,USD,0,instant:116
875320,eps_diluted,SINGLE,EarningsPerShareDiluted,,1.0,resolved,,USD/shares,0,Q:60|FY:21|H1:16|9M:14
875320,equity,SINGLE,StockholdersEquity,,1.0,resolved,,USD,0,instant:116
875320,liabilities,SINGLE,Liabilities,,1.0,resolved,,USD,0,instant:58
875320,liabilities_and_equity,SINGLE,LiabilitiesAndStockholdersEquity,,1.0,resolved,,USD,0,instant:61
875320,minority_interest,ABSENT,,,0.0,UNRESOLVED,,,0,
875320,net_income,SINGLE,NetIncomeLoss,,1.0,resolved,,USD,0,Q:60|FY:21|H1:16|9M:14
875320,net_income_to_common,PARTIAL,NetIncomeLossAvailableToCommonStockholdersBasic,,0.1071,UNRESOLVED,,USD,0,FY:6|Q:4|9M:2|H1:2
875320,operating_cash_flow,SINGLE,NetCashProvidedByUsedInOperatingActivities,,1.0,resolved,,USD,0,FY:21|H1:16|9M:14|Q:14
875320,operating_income,SINGLE,OperatingIncomeLoss,,1.0,resolved,,USD,0,Q:60|FY:21|H1:16|9M:14
875320,pretax_income,SINGLE,IncomeLossFromContinuingOperationsBeforeIncomeTaxesExtraordinaryItemsNoncontrollingInterest,,1.0,resolved,,USD,0,Q:30|FY:15|9M:10|H1:10
875320,revenue,SINGLE,RevenueFromContractWithCustomerExcludingAssessedTax,,1.0,resolved,,USD,0,Q:60|FY:21|H1:16|9M:14
875320,shares_outstanding,SINGLE,EntityCommonStockSharesOutstanding,,1.0,resolved,,shares,0,instant:29
882095,assets,SINGLE,Assets,,1.0,resolved,,USD,0,instant:90
882095,cash,SINGLE,CashCashEquivalentsRestrictedCashAndRestrictedCashEquivalents,,1.0,resolved,,USD,0,instant:112
882095,eps_diluted,SINGLE,EarningsPerShareDiluted,,1.0,resolved,,USD/shares,0,Q:116|FY:33|H1:24|9M:22
882095,equity,DOMINANT,StockholdersEquity,,1.0,resolved,StockholdersEquityIncludingPortionAttributableToNoncontrollingInterest,USD,0,instant:90
882095,liabilities,ABSENT,,,0.0,UNRESOLVED,,,0,
882095,liabilities_and_equity,SINGLE,LiabilitiesAndStockholdersEquity,,1.0,resolved,,USD,0,instant:90
882095,minority_interest,SINGLE,MinorityInterest,,1.0,resolved,,USD,0,instant:90
882095,net_income,DOMINANT,NetIncomeLoss,,1.0,resolved,ProfitLoss,USD,0,Q:116|FY:33|H1:24|9M:22
882095,net_income_to_common,ABSENT,,,0.0,UNRESOLVED,,,0,
882095,operating_cash_flow,SINGLE,NetCashProvidedByUsedInOperatingActivities,,1.0,resolved,,USD,0,FY:33|H1:24|9M:22|Q:22
882095,operating_income,SINGLE,OperatingIncomeLoss,,1.0,resolved,,USD,0,Q:68|FY:33|H1:24|9M:22
882095,pretax_income,MIGRATION,IncomeLossFromContinuingOperationsBeforeIncomeTaxesMinorityInterestAndIncomeLossFromEquityMethodInvestments|IncomeLossFromContinuingOperationsBeforeIncomeTaxesExtraordinaryItemsNoncontrollingInterest,2021Q3,1.0,resolved,,USD,0,Q:68|FY:33|H1:24|9M:22
882095,revenue,SINGLE,RevenueFromContractWithCustomerExcludingAssessedTax,,0.8864,resolved,,USD,0,Q:40|FY:24|H1:14|9M:12
882095,shares_outstanding,SINGLE,EntityCommonStockSharesOutstanding,,1.0,resolved,,shares,0,instant:45
884905,assets,SINGLE,Assets,,1.0,resolved,,USD,0,instant:29
884905,cash,SINGLE,CashAndCashEquivalentsAtCarryingValue,,1.0,resolved,,USD,0,instant:56
884905,eps_diluted,SINGLE,EarningsPerShareDiluted,,1.0,resolved,,USD/shares,0,Q:46|FY:9|9M:8|H1:8
884905,equity,DOMINANT,StockholdersEquity,,1.0,resolved,StockholdersEquityIncludingPortionAttributableToNoncontrollingInterest,USD,0,instant:28
884905,liabilities,SINGLE,Liabilities,,1.0,resolved,,USD,0,instant:28
884905,liabilities_and_equity,SINGLE,LiabilitiesAndStockholdersEquity,,1.0,resolved,,USD,0,instant:28
884905,minority_interest,SINGLE,MinorityInterest,,1.0,resolved,,USD,0,instant:28
884905,net_income,DOMINANT,NetIncomeLoss,,1.0,resolved,ProfitLoss,USD,0,Q:42|FY:9|9M:8|H1:8
884905,net_income_to_common,ABSENT,,,0.0,UNRESOLVED,,,0,
884905,operating_cash_flow,SINGLE,NetCashProvidedByUsedInOperatingActivitiesContinuingOperations,,1.0,resolved,,USD,0,FY:9|9M:8|H1:8|Q:6
884905,operating_income,SINGLE,OperatingIncomeLoss,,1.0,resolved,,USD,0,Q:46|FY:9|9M:8|H1:8
884905,pretax_income,SINGLE,IncomeLossFromContinuingOperationsBeforeIncomeTaxesMinorityInterestAndIncomeLossFromEquityMethodInvestments,,1.0,resolved,,USD,0,Q:22|FY:9|9M:8|H1:8
884905,revenue,ABSENT,,,0.0,UNRESOLVED,,,0,
884905,shares_outstanding,SINGLE,EntityCommonStockSharesOutstanding,,0.7692,resolved,,shares,0,instant:14
885725,assets,SINGLE,Assets,,1.0,resolved,,USD,0,instant:74
885725,cash,DOMINANT,CashAndCashEquivalentsAtCarryingValue,,1.0,resolved,CashCashEquivalentsRestrictedCashAndRestrictedCashEquivalents|Cash,USD,0,instant:112
885725,eps_diluted,SINGLE,EarningsPerShareDiluted,,1.0,resolved,,USD/shares,0,Q:56|FY:27|H1:20|9M:18
885725,equity,SINGLE,StockholdersEquityIncludingPortionAttributableToNoncontrollingInterest,,1.0,resolved,,USD,0,instant:94
885725,liabilities,ABSENT,,,0.0,UNRESOLVED,,,0,
885725,liabilities_and_equity,SINGLE,LiabilitiesAndStockholdersEquity,,1.0,resolved,,USD,0,instant:74
885725,minority_interest,PARTIAL,MinorityInterest,,0.4167,UNRESOLVED,,USD,0,instant:28
885725,net_income,SINGLE,ProfitLoss,,1.0,resolved,,USD,0,Q:56|FY:27|H1:20|9M:18
885725,net_income_to_common,SINGLE,NetIncomeLossAvailableToCommonStockholdersBasic,,0.8333,resolved,,USD,0,Q:34|FY:18|9M:12|H1:12
885725,operating_cash_flow,SINGLE,NetCashProvidedByUsedInOperatingActivities,,1.0,resolved,,USD,0,FY:27|H1:20|9M:18|Q:18
885725,operating_income,SINGLE,OperatingIncomeLoss,,1.0,resolved,,USD,0,Q:56|FY:27|H1:20|9M:18
885725,pretax_income,SINGLE,IncomeLossFromContinuingOperationsBeforeIncomeTaxesExtraordinaryItemsNoncontrollingInterest,,1.0,resolved,,USD,0,Q:56|FY:27|H1:20|9M:18
885725,revenue,SINGLE,RevenueFromContractWithCustomerExcludingAssessedTax,,1.0,resolved,,USD,0,Q:50|FY:24|H1:18|9M:16
885725,shares_outstanding,SINGLE,EntityCommonStockSharesOutstanding,,1.0,resolved,,shares,0,instant:38
886982,assets,SINGLE,Assets,,1.0,resolved,,USD,0,instant:129
886982,cash,DOMINANT,CashAndCashEquivalentsAtCarryingValue,,1.0,resolved,CashAndDueFromBanks,USD,0,instant:150
886982,eps_diluted,SINGLE,EarningsPerShareDiluted,,1.0,resolved,,USD/shares,0,Q:68|FY:36|H1:24|9M:22
886982,equity,SINGLE,StockholdersEquity,,1.0,resolved,,USD,0,instant:128
886982,liabilities,SINGLE,Liabilities,,1.0,resolved,,USD,0,instant:105
886982,liabilities_and_equity,SINGLE,LiabilitiesAndStockholdersEquity,,1.0,resolved,,USD,0,instant:92
886982,minority_interest,ABSENT,,,0.0,UNRESOLVED,,,0,
886982,net_income,SINGLE,NetIncomeLoss,,1.0,resolved,,USD,0,Q:68|FY:36|H1:24|9M:22
886982,net_income_to_common,SINGLE,NetIncomeLossAvailableToCommonStockholdersBasic,,1.0,resolved,,USD,0,Q:68|FY:36|H1:24|9M:22
886982,operating_cash_flow,SINGLE,NetCashProvidedByUsedInOperatingActivities,,1.0,resolved,,USD,0,FY:24|H1:18|9M:16|Q:16
886982,operating_income,ABSENT,,,0.0,UNRESOLVED,,,0,
886982,pretax_income,SINGLE,IncomeLossFromContinuingOperationsBeforeIncomeTaxesExtraordinaryItemsNoncontrollingInterest,,1.0,resolved,,USD,0,Q:68|FY:36|H1:24|9M:22
886982,revenue,DOMINANT,RevenuesNetOfInterestExpense,,1.0,resolved,InterestAndDividendIncomeOperating,USD,0,Q:68|FY:36|H1:24|9M:22
886982,shares_outstanding,SINGLE,EntityCommonStockSharesOutstanding,,1.0,resolved,,shares,0,instant:47
895126,assets,SINGLE,Assets,,0.875,resolved,,USD,0,instant:16
895126,cash,DOMINANT,CashAndCashEquivalentsAtCarryingValue,,0.875,resolved,CashCashEquivalentsRestrictedCashAndRestrictedCashEquivalents,USD,0,instant:24
895126,eps_diluted,SINGLE,EarningsPerShareDiluted,,0.875,resolved,,USD/shares,0,Q:12|FY:6|9M:4|H1:4
895126,equity,SINGLE,StockholdersEquity,,0.875,resolved,,USD,0,instant:44
895126,liabilities,SINGLE,Liabilities,,0.875,resolved,,USD,0,instant:16
895126,liabilities_and_equity,SINGLE,LiabilitiesAndStockholdersEquity,,0.875,resolved,,USD,0,instant:16
895126,minority_interest,ABSENT,,,0.0,UNRESOLVED,,,0,
895126,net_income,SINGLE,NetIncomeLoss,,0.875,resolved,,USD,0,Q:24|FY:6|9M:4|H1:4
895126,net_income_to_common,SINGLE,NetIncomeLossAvailableToCommonStockholdersBasic,,0.875,resolved,,USD,0,Q:12|FY:6|9M:4|H1:4
895126,operating_cash_flow,SINGLE,NetCashProvidedByUsedInOperatingActivities,,0.875,resolved,,USD,0,FY:6|9M:4|H1:4|Q:4
895126,operating_income,SINGLE,OperatingIncomeLoss,,0.875,resolved,,USD,0,Q:12|FY:6|9M:4|H1:4
895126,pretax_income,SINGLE,IncomeLossFromContinuingOperationsBeforeIncomeTaxesExtraordinaryItemsNoncontrollingInterest,,0.875,resolved,,USD,0,Q:12|FY:6|9M:4|H1:4
895126,revenue,SINGLE,Revenues,,0.875,resolved,,USD,0,Q:12|FY:6|9M:4|H1:4
895126,shares_outstanding,SINGLE,EntityCommonStockSharesOutstanding,,1.0,resolved,,shares,0,instant:8
895421,assets,SINGLE,Assets,,1.0,resolved,,USD,0,instant:90
895421,cash,DOMINANT,CashAndCashEquivalentsAtCarryingValue,,1.0,resolved,CashAndDueFromBanks|CashCashEquivalentsRestrictedCashAndRestrictedCashEquivalents,USD,0,instant:116
895421,eps_diluted,SINGLE,EarningsPerShareDiluted,,1.0,resolved,,USD/shares,0,Q:116|FY:33|H1:24|9M:22
895421,equity,DOMINANT,StockholdersEquity,,1.0,resolved,StockholdersEquityIncludingPortionAttributableToNoncontrollingInterest,USD,0,instant:90
895421,liabilities,SINGLE,Liabilities,,1.0,resolved,,USD,0,instant:90
895421,liabilities_and_equity,SINGLE,LiabilitiesAndStockholdersEquity,,1.0,resolved,,USD,0,instant:90
895421,minority_interest,ABSENT,,,0.0,UNRESOLVED,,,0,
895421,net_income,DOMINANT,NetIncomeLoss,,1.0,resolved,ProfitLoss,USD,0,Q:116|FY:33|H1:24|9M:22
895421,net_income_to_common,SINGLE,NetIncomeLossAvailableToCommonStockholdersBasic,,1.0,resolved,,USD,0,Q:116|FY:33|H1:24|9M:22
895421,operating_cash_flow,SINGLE,NetCashProvidedByUsedInOperatingActivities,,1.0,resolved,,USD,0,FY:27|9M:18|H1:18|Q:18
895421,operating_income,ABSENT,,,0.0,UNRESOLVED,,,0,
895421,pretax_income,SINGLE,IncomeLossFromContinuingOperationsBeforeIncomeTaxesExtraordinaryItemsNoncontrollingInterest,,1.0,resolved,,USD,0,Q:116|FY:33|H1:24|9M:22
895421,revenue,DOMINANT,RevenuesNetOfInterestExpense,,1.0,resolved,InterestAndDividendIncomeOperating,USD,0,Q:114|FY:33|9M:22|H1:22
895421,shares_outstanding,SINGLE,EntityCommonStockSharesOutstanding,,1.0,resolved,,shares,0,instant:45
895728,assets,SINGLE,Assets,,1.0,resolved,,CAD,0,instant:68
895728,cash,DOMINANT,CashAndCashEquivalentsAtCarryingValue,,1.0,resolved,CashCashEquivalentsRestrictedCashAndRestrictedCashEquivalents,CAD,0,instant:68
895728,eps_diluted,SINGLE,EarningsPerShareDiluted,,1.0,resolved,,CAD/shares,0,Q:106|FY:21|H1:18|9M:16
895728,equity,DOMINANT,StockholdersEquity,,1.0,resolved,StockholdersEquityIncludingPortionAttributableToNoncontrollingInterest,CAD,0,instant:68
895728,liabilities,SINGLE,Liabilities,,1.0,resolved,,CAD,0,instant:68
895728,liabilities_and_equity,SINGLE,LiabilitiesAndStockholdersEquity,,1.0,resolved,,CAD,0,instant:68
895728,minority_interest,SINGLE,MinorityInterest,,1.0,resolved,,CAD,0,instant:68
895728,net_income,DOMINANT,NetIncomeLoss,,1.0,resolved,ProfitLoss,CAD,0,Q:122|FY:27|H1:18|9M:16
895728,net_income_to_common,SINGLE,NetIncomeLossAvailableToCommonStockholdersBasic,,1.0,resolved,,CAD,0,Q:122|FY:27|H1:18|9M:16
895728,operating_cash_flow,SINGLE,NetCashProvidedByUsedInOperatingActivities,,1.0,resolved,,CAD,0,FY:27|H1:18|9M:16|Q:16
895728,operating_income,SINGLE,OperatingIncomeLoss,,1.0,resolved,,CAD,0,Q:122|FY:27|H1:18|9M:16
895728,pretax_income,SINGLE,IncomeLossFromContinuingOperationsBeforeIncomeTaxesExtraordinaryItemsNoncontrollingInterest,,1.0,resolved,,CAD,0,Q:50|FY:27|H1:18|9M:16
895728,revenue,DOMINANT,Revenues,,1.0,resolved,RevenueFromContractWithCustomerExcludingAssessedTax,CAD,0,Q:122|FY:27|H1:18|9M:16
895728,shares_outstanding,SINGLE,EntityCommonStockSharesOutstanding,,1.0,resolved,,shares,0,instant:40
896159,assets,SINGLE,Assets,,0.9773,resolved,,USD,0,instant:88
896159,cash,SINGLE,CashCashEquivalentsRestrictedCashAndRestrictedCashEquivalents,,0.9773,resolved,,USD,0,instant:132
896159,eps_diluted,SINGLE,EarningsPerShareDiluted,,0.9773,resolved,,USD/shares,0,Q:106|FY:33|9M:22|H1:22
896159,equity,SINGLE,StockholdersEquity,,0.9773,resolved,,USD,0,instant:115
896159,liabilities,SINGLE,Liabilities,,0.9773,resolved,,USD,0,instant:88
896159,liabilities_and_equity,SINGLE,LiabilitiesAndStockholdersEquity,,0.9773,resolved,,USD,0,instant:88
896159,minority_interest,PARTIAL,MinorityInterest,,0.2727,UNRESOLVED,,USD,0,instant:22
896159,net_income,SINGLE,NetIncomeLoss,,0.9773,resolved,,USD,0,Q:106|FY:33|9M:22|H1:22
896159,net_income_to_common,ABSENT,,,0.0,UNRESOLVED,,,0,
896159,operating_cash_flow,SINGLE,NetCashProvidedByUsedInOperatingActivities,,0.9773,resolved,,USD,0,FY:24|9M:16|Q:16|H1:14
896159,operating_income,ABSENT,,,0.0,UNRESOLVED,,,0,
896159,pretax_income,SINGLE,IncomeLossFromContinuingOperationsBeforeIncomeTaxesExtraordinaryItemsNoncontrollingInterest,,0.9773,resolved,,USD,0,Q:62|FY:30|9M:20|H1:20
896159,revenue,SINGLE,Revenues,,0.9773,resolved,,USD,0,Q:106|FY:33|9M:22|H1:22
896159,shares_outstanding,SINGLE,EntityCommonStockSharesOutstanding,,1.0,resolved,,shares,0,instant:44
896878,assets,SINGLE,Assets,,1.0,resolved,,USD,0,instant:90
896878,cash,DOMINANT,CashAndCashEquivalentsAtCarryingValue,,1.0,resolved,CashCashEquivalentsRestrictedCashAndRestrictedCashEquivalents,USD,0,instant:148
896878,eps_diluted,SINGLE,EarningsPerShareDiluted,,1.0,resolved,,USD/shares,0,Q:114|FY:36|9M:22|H1:22
896878,equity,SINGLE,StockholdersEquity,,1.0,resolved,,USD,0,instant:212
896878,liabilities,SINGLE,Liabilities,,1.0,resolved,,USD,0,instant:90
896878,liabilities_and_equity,SINGLE,LiabilitiesAndStockholdersEquity,,1.0,resolved,,USD,0,instant:90
896878,minority_interest,ABSENT,,,0.0,UNRESOLVED,,,0,
896878,net_income,SINGLE,NetIncomeLoss,,1.0,resolved,,USD,0,Q:114|FY:36|9M:22|H1:22
896878,net_income_to_common,ABSENT,,,0.0,UNRESOLVED,,,0,
896878,operating_cash_flow,SINGLE,NetCashProvidedByUsedInOperatingActivities,,1.0,resolved,,USD,0,FY:36|9M:22|H1:22|Q:22
896878,operating_income,SINGLE,OperatingIncomeLoss,,1.0,resolved,,USD,0,Q:114|FY:36|9M:22|H1:22
896878,pretax_income,MIGRATION,IncomeLossFromContinuingOperationsBeforeIncomeTaxesMinorityInterestAndIncomeLossFromEquityMethodInvestments|IncomeLossFromContinuingOperationsBeforeIncomeTaxesExtraordinaryItemsNoncontrollingInterest,2021Q4,1.0,resolved,,USD,0,Q:66|FY:45|9M:22|H1:22
896878,revenue,SINGLE,RevenueFromContractWithCustomerExcludingAssessedTax,,0.9091,resolved,,USD,0,Q:48|FY:18|9M:16|H1:16
896878,shares_outstanding,SINGLE,EntityCommonStockSharesOutstanding,,1.0,resolved,,shares,0,instant:44
906107,assets,SINGLE,Assets,,1.0,resolved,,USD,0,instant:58
906107,cash,DOMINANT,CashAndCashEquivalentsAtCarryingValue,,1.0,resolved,CashCashEquivalentsRestrictedCashAndRestrictedCashEquivalentsIncludingDisposalGroupAndDiscontinuedOperations,USD,0,instant:97
906107,eps_diluted,SINGLE,EarningsPerShareDiluted,,1.0,resolved,,USD/shares,0,Q:44|FY:21|H1:16|9M:14
906107,equity,DOMINANT,StockholdersEquity,,1.0,resolved,StockholdersEquityIncludingPortionAttributableToNoncontrollingInterest,USD,0,instant:58
906107,liabilities,SINGLE,Liabilities,,1.0,resolved,,USD,0,instant:58
906107,liabilities_and_equity,SINGLE,LiabilitiesAndStockholdersEquity,,1.0,resolved,,USD,0,instant:58
906107,minority_interest,SINGLE,MinorityInterest,,1.0,resolved,,USD,0,instant:58
906107,net_income,DOMINANT,NetIncomeLoss,,1.0,resolved,ProfitLoss,USD,0,Q:44|FY:21|H1:16|9M:14
906107,net_income_to_common,SINGLE,NetIncomeLossAvailableToCommonStockholdersBasic,,1.0,resolved,,USD,0,Q:44|FY:21|H1:16|9M:14
906107,operating_cash_flow,SINGLE,NetCashProvidedByUsedInOperatingActivities,,1.0,resolved,,USD,0,FY:21|H1:16|9M:14|Q:14
906107,operating_income,SINGLE,OperatingIncomeLoss,,1.0,resolved,,USD,0,Q:44|FY:21|H1:16|9M:14
906107,pretax_income,SINGLE,IncomeLossFromContinuingOperationsBeforeIncomeTaxesMinorityInterestAndIncomeLossFromEquityMethodInvestments,,1.0,resolved,,USD,0,Q:44|FY:21|H1:16|9M:14
906107,revenue,PARTIAL,Revenues|RevenueFromContractWithCustomerIncludingAssessedTax,,0.6786,UNRESOLVED,,USD,0,Q:38|FY:21|9M:12|H1:12
906107,shares_outstanding,SINGLE,EntityCommonStockSharesOutstanding,,1.0,resolved,,shares,0,instant:29
915912,assets,SINGLE,Assets,,1.0,resolved,,USD,0,instant:42
915912,cash,DOMINANT,CashAndCashEquivalentsAtCarryingValue,,1.0,resolved,CashCashEquivalentsRestrictedCashAndRestrictedCashEquivalents,USD,0,instant:65
915912,eps_diluted,SINGLE,EarningsPerShareDiluted,,1.0,resolved,,USD/shares,0,Q:56|FY:15|H1:12|9M:10
915912,equity,SINGLE,StockholdersEquityIncludingPortionAttributableToNoncontrollingInterest,,1.0,resolved,,USD,0,instant:94
915912,liabilities,SINGLE,Liabilities,,1.0,resolved,,USD,0,instant:42
915912,liabilities_and_equity,SINGLE,LiabilitiesAndStockholdersEquity,,1.0,resolved,,USD,0,instant:42
915912,minority_interest,PARTIAL,MinorityInterest,,0.7,UNRESOLVED,,USD,0,instant:26
915912,net_income,SINGLE,ProfitLoss,,1.0,resolved,,USD,0,Q:56|FY:15|H1:12|9M:10
915912,net_income_to_common,SINGLE,NetIncomeLossAvailableToCommonStockholdersBasic,,1.0,resolved,,USD,0,Q:76|FY:15|H1:12|9M:10
915912,operating_cash_flow,SINGLE,NetCashProvidedByUsedInOperatingActivities,,1.0,resolved,,USD,0,FY:15|H1:12|9M:10|Q:10
915912,operating_income,SINGLE,OperatingIncomeLoss,,1.0,resolved,,USD,0,Q:32|FY:15|H1:12|9M:10
915912,pretax_income,SINGLE,IncomeLossFromContinuingOperationsBeforeIncomeTaxesExtraordinaryItemsNoncontrollingInterest,,1.0,resolved,,USD,0,Q:32|FY:15|H1:12|9M:10
915912,revenue,DOMINANT,Revenues,,1.0,resolved,RevenueFromContractWithCustomerExcludingAssessedTax,USD,0,Q:56|FY:15|H1:12|9M:10
915912,shares_outstanding,SINGLE,EntityCommonStockSharesOutstanding,,1.0,resolved,,shares,0,instant:21
922224,assets,SINGLE,Assets,,0.95,resolved,,USD,0,instant:40
922224,cash,DOMINANT,CashAndCashEquivalentsAtCarryingValue,,0.95,resolved,CashCashEquivalentsRestrictedCashAndRestrictedCashEquivalents,USD,0,instant:62
922224,eps_diluted,SINGLE,EarningsPerShareDiluted,,0.95,resolved,,USD/shares,0,Q:70|FY:15|9M:10|H1:10
922224,equity,SINGLE,StockholdersEquity,,0.95,resolved,,USD,0,instant:88
922224,liabilities,ABSENT,,,0.0,UNRESOLVED,,,0,
922224,liabilities_and_equity,SINGLE,LiabilitiesAndStockholdersEquity,,0.95,resolved,,USD,0,instant:40
922224,minority_interest,ABSENT,,,0.0,UNRESOLVED,,,0,
922224,net_income,SINGLE,NetIncomeLoss,,0.95,resolved,,USD,0,Q:36|9M:6|FY:6|H1:6
922224,net_income_to_common,PARTIAL,NetIncomeLossAvailableToCommonStockholdersBasic,,0.15,UNRESOLVED,,USD,0,FY:3
922224,operating_cash_flow,SINGLE,NetCashProvidedByUsedInOperatingActivities,,0.95,resolved,,USD,0,FY:15|9M:10|H1:10|Q:10
922224,operating_income,SINGLE,OperatingIncomeLoss,,0.95,resolved,,USD,0,Q:70|FY:15|9M:10|H1:10
922224,pretax_income,SINGLE,IncomeLossFromContinuingOperationsBeforeIncomeTaxesExtraordinaryItemsNoncontrollingInterest,,0.95,resolved,,USD,0,Q:20|9M:6|FY:6|H1:6
922224,revenue,SINGLE,Revenues,,0.95,resolved,,USD,0,Q:70|FY:15|9M:10|H1:10
922224,shares_outstanding,SINGLE,EntityCommonStockSharesOutstanding,,1.0,resolved,,shares,0,instant:20
927628,assets,SINGLE,Assets,,0.9773,resolved,,USD,0,instant:88
927628,cash,DOMINANT,CashAndDueFromBanks,,0.9773,resolved,CashCashEquivalentsRestrictedCashAndRestrictedCashEquivalents,USD,0,instant:88
927628,eps_diluted,SINGLE,EarningsPerShareDiluted,,0.9773,resolved,,USD/shares,0,Q:82|FY:33|9M:22|H1:22
927628,equity,SINGLE,StockholdersEquity,,0.9773,resolved,,USD,0,instant:196
927628,liabilities,SINGLE,Liabilities,,0.9773,resolved,,USD,0,instant:88
927628,liabilities_and_equity,SINGLE,LiabilitiesAndStockholdersEquity,,0.9773,resolved,,USD,0,instant:88
927628,minority_interest,ABSENT,,,0.0,UNRESOLVED,,,0,
927628,net_income,SINGLE,NetIncomeLoss,,0.9773,resolved,,USD,0,Q:82|FY:33|9M:22|H1:22
927628,net_income_to_common,SINGLE,NetIncomeLossAvailableToCommonStockholdersBasic,,0.9773,resolved,,USD,0,Q:82|FY:33|9M:22|H1:22
927628,operating_cash_flow,SINGLE,NetCashProvidedByUsedInOperatingActivities,,0.9773,resolved,,USD,0,FY:33|9M:22|H1:22|Q:22
927628,operating_income,ABSENT,,,0.0,UNRESOLVED,,,0,
927628,pretax_income,SINGLE,IncomeLossFromContinuingOperationsBeforeIncomeTaxesExtraordinaryItemsNoncontrollingInterest,,0.9773,resolved,,USD,0,Q:82|FY:33|9M:22|H1:22
927628,revenue,DOMINANT,Revenues,,0.9773,resolved,RevenueFromContractWithCustomerExcludingAssessedTax|InterestAndDividendIncomeOperating,USD,0,Q:66|FY:33|9M:22|H1:22
927628,shares_outstanding,SINGLE,EntityCommonStockSharesOutstanding,,0.7727,resolved,,shares,0,instant:44
927653,assets,SINGLE,Assets,,1.0,resolved,,USD,0,instant:90
927653,cash,DOMINANT,CashAndCashEquivalentsAtCarryingValue,,1.0,resolved,CashCashEquivalentsRestrictedCashAndRestrictedCashEquivalents,USD,0,instant:139
927653,eps_diluted,SINGLE,EarningsPerShareDiluted,,1.0,resolved,,USD/shares,0,Q:116|FY:33|9M:22|H1:22
927653,equity,DOMINANT,StockholdersEquity,,1.0,resolved,StockholdersEquityIncludingPortionAttributableToNoncontrollingInterest,USD,0,instant:90
927653,liabilities,ABSENT,,,0.0,UNRESOLVED,,,0,
927653,liabilities_and_equity,SINGLE,LiabilitiesAndStockholdersEquity,,1.0,resolved,,USD,0,instant:90
927653,minority_interest,SINGLE,MinorityInterest,,1.0,resolved,,USD,0,instant:90
927653,net_income,DOMINANT,NetIncomeLoss,,1.0,resolved,ProfitLoss,USD,0,Q:116|FY:33|9M:22|H1:22
927653,net_income_to_common,ABSENT,,,0.0,UNRESOLVED,,,0,
927653,operating_cash_flow,SINGLE,NetCashProvidedByUsedInOperatingActivities,,1.0,resolved,,USD,0,FY:33|Q:24|9M:22|H1:22
927653,operating_income,SINGLE,OperatingIncomeLoss,,1.0,resolved,,USD,0,Q:68|FY:33|9M:22|H1:22
927653,pretax_income,SINGLE,IncomeLossFromContinuingOperationsBeforeIncomeTaxesExtraordinaryItemsNoncontrollingInterest,,1.0,resolved,,USD,0,Q:68|FY:33|9M:22|H1:22
927653,revenue,SINGLE,RevenueFromContractWithCustomerExcludingAssessedTax,,0.8636,resolved,,USD,0,Q:74|FY:24|9M:16|H1:16
927653,shares_outstanding,SINGLE,EntityCommonStockSharesOutstanding,,0.7727,resolved,,shares,0,instant:45
936402,assets,SINGLE,Assets,,0.9286,resolved,,USD,0,instant:30
936402,cash,SINGLE,CashAndCashEquivalentsAtCarryingValue,,0.9286,resolved,,USD,0,instant:57
936402,eps_diluted,SINGLE,EarningsPerShareDiluted,,0.9286,resolved,,USD/shares,0,Q:54|FY:12|9M:8|H1:8
936402,equity,SINGLE,StockholdersEquity,,0.9286,resolved,,USD,0,instant:38
936402,liabilities,SINGLE,Liabilities,,0.9286,resolved,,USD,0,instant:30
936402,liabilities_and_equity,SINGLE,LiabilitiesAndStockholdersEquity,,0.9286,resolved,,USD,0,instant:30
936402,minority_interest,ABSENT,,,0.0,UNRESOLVED,,,0,
936402,net_income,SINGLE,NetIncomeLoss,,0.9286,resolved,,USD,0,Q:54|FY:14|9M:8|H1:8
936402,net_income_to_common,ABSENT,,,0.0,UNRESOLVED,,,0,
936402,operating_cash_flow,SINGLE,NetCashProvidedByUsedInOperatingActivities,,0.9286,resolved,,USD,0,FY:12|9M:8|H1:8|Q:6
936402,operating_income,SINGLE,OperatingIncomeLoss,,0.9286,resolved,,USD,0,Q:22|FY:12|9M:8|H1:8
936402,pretax_income,SINGLE,IncomeLossFromContinuingOperationsBeforeIncomeTaxesMinorityInterestAndIncomeLossFromEquityMethodInvestments,,0.9286,resolved,,USD,0,Q:22|FY:12|9M:8|H1:8
936402,revenue,SINGLE,Revenues,,0.9286,resolved,,USD,0,Q:52|FY:12|H1:8|9M:6
936402,shares_outstanding,SINGLE,EntityCommonStockSharesOutstanding,,1.0,resolved,,shares,0,instant:15
936468,assets,SINGLE,Assets,,1.0,resolved,,USD,0,instant:92
936468,cash,DOMINANT,CashAndCashEquivalentsAtCarryingValue,,1.0,resolved,CashCashEquivalentsRestrictedCashAndRestrictedCashEquivalents,USD,0,instant:124
936468,eps_diluted,SINGLE,EarningsPerShareDiluted,,1.0,resolved,,USD/shares,0,Q:124|FY:36|H1:24|9M:22
936468,equity,DOMINANT,StockholdersEquity,,1.0,resolved,StockholdersEquityIncludingPortionAttributableToNoncontrollingInterest,USD,0,instant:132
936468,liabilities,SINGLE,Liabilities,,1.0,resolved,,USD,0,instant:92
936468,liabilities_and_equity,SINGLE,LiabilitiesAndStockholdersEquity,,1.0,resolved,,USD,0,instant:92
936468,minority_interest,PARTIAL,MinorityInterest,,0.5,UNRESOLVED,,USD,0,instant:44
936468,net_income,SINGLE,NetIncomeLoss,,1.0,resolved,,USD,0,Q:124|FY:36|H1:24|9M:22
936468,net_income_to_common,ABSENT,,,0.0,UNRESOLVED,,,0,
936468,operating_cash_flow,SINGLE,NetCashProvidedByUsedInOperatingActivities,,1.0,resolved,,USD,0,FY:36|H1:24|9M:22|Q:22
936468,operating_income,SINGLE,OperatingIncomeLoss,,1.0,resolved,,USD,0,Q:124|FY:36|H1:24|9M:22
936468,pretax_income,SINGLE,IncomeLossFromContinuingOperationsBeforeIncomeTaxesExtraordinaryItemsNoncontrollingInterest,,1.0,resolved,,USD,0,Q:68|FY:36|H1:24|9M:22
936468,revenue,SINGLE,Revenues,,0.8864,resolved,,USD,0,Q:72|FY:24|9M:16|H1:16
936468,shares_outstanding,SINGLE,EntityCommonStockSharesOutstanding,,0.8864,resolved,,shares,0,instant:46
1001039,assets,SINGLE,Assets,,0.8,resolved,,USD,0,instant:32
1001039,cash,SINGLE,CashAndCashEquivalentsAtCarryingValue,,0.8,resolved,,USD,0,instant:53
1001039,eps_diluted,SINGLE,EarningsPerShareDiluted,,0.8,resolved,,USD/shares,0,Q:62|FY:15|9M:8|H1:6
1001039,equity,DOMINANT,StockholdersEquity,,0.8,resolved,StockholdersEquityIncludingPortionAttributableToNoncontrollingInterest,USD,0,instant:32
1001039,liabilities,ABSENT,,,0.0,UNRESOLVED,,,0,
1001039,liabilities_and_equity,SINGLE,LiabilitiesAndStockholdersEquity,,0.8,resolved,,USD,0,instant:32
1001039,minority_interest,SINGLE,MinorityInterest,,0.8,resolved,,USD,0,instant:32
1001039,net_income,DOMINANT,NetIncomeLoss,,0.8,resolved,ProfitLoss,USD,0,Q:62|FY:15|9M:8|H1:6
1001039,net_income_to_common,ABSENT,,,0.0,UNRESOLVED,,,0,
1001039,operating_cash_flow,SINGLE,NetCashProvidedByUsedInOperatingActivities,,0.8,resolved,,USD,0,FY:15|9M:8|Q:8|H1:6
1001039,operating_income,SINGLE,OperatingIncomeLoss,,0.8,resolved,,USD,0,Q:62|FY:15|9M:8|H1:6
1001039,pretax_income,SINGLE,IncomeLossFromContinuingOperationsBeforeIncomeTaxesExtraordinaryItemsNoncontrollingInterest,,0.8,resolved,,USD,0,Q:22|FY:15|9M:8|H1:6
1001039,revenue,PARTIAL,Revenues,,0.1333,UNRESOLVED,,USD,0,Q:2
1001039,shares_outstanding,SINGLE,EntityCommonStockSharesOutstanding,,1.0,resolved,,shares,0,instant:16
1001250,assets,SINGLE,Assets,,1.0,resolved,,USD,0,instant:36
1001250,cash,SINGLE,CashCashEquivalentsRestrictedCashAndRestrictedCashEquivalents,,1.0,resolved,,USD,0,instant:64
1001250,eps_diluted,SINGLE,EarningsPerShareDiluted,,1.0,resolved,,USD/shares,0,Q:24|FY:12|9M:8|H1:8
1001250,equity,SINGLE,StockholdersEquity,,1.0,resolved,,USD,0,instant:29
1001250,liabilities,ABSENT,,,0.0,UNRESOLVED,,,0,
1001250,liabilities_and_equity,SINGLE,LiabilitiesAndStockholdersEquity,,1.0,resolved,,USD,0,instant:32
1001250,minority_interest,PARTIAL,MinorityInterest,,0.2667,UNRESOLVED,,USD,0,instant:10
1001250,net_income,SINGLE,ProfitLoss,,1.0,resolved,,USD,0,Q:24|FY:12|9M:8|H1:8
1001250,net_income_to_common,SINGLE,NetIncomeLossAvailableToCommonStockholdersBasic,,1.0,resolved,,USD,0,Q:24|FY:12|9M:8|H1:8
1001250,operating_cash_flow,SINGLE,NetCashProvidedByUsedInOperatingActivities,,1.0,resolved,,USD,0,FY:12|9M:8|H1:8|Q:8
1001250,operating_income,SINGLE,OperatingIncomeLoss,,1.0,resolved,,USD,0,Q:25|FY:16|9M:9|H1:8
1001250,pretax_income,SINGLE,IncomeLossFromContinuingOperationsBeforeIncomeTaxesExtraordinaryItemsNoncontrollingInterest,,1.0,resolved,,USD,0,Q:24|FY:12|9M:8|H1:8
1001250,revenue,SINGLE,RevenueFromContractWithCustomerExcludingAssessedTax,,1.0,resolved,,USD,0,Q:25|FY:16|9M:9|H1:8
1001250,shares_outstanding,ABSENT,,,0.0,UNRESOLVED,,,0,
1012569,assets,SINGLE,Assets,,1.0,resolved,,USD,0,instant:25
1012569,cash,SINGLE,CashAndCashEquivalentsAtCarryingValue,,1.0,resolved,,USD,0,instant:44
1012569,eps_diluted,SINGLE,NetIncomeLossNetOfTaxPerOutstandingLimitedPartnershipUnitDiluted,,0.7778,resolved,,USD/shares,0,Q:36|FY:9|9M:4|H1:4
1012569,equity,DOMINANT,StockholdersEquityIncludingPortionAttributableToNoncontrollingInterest,,1.0,resolved,PartnersCapital,USD,0,instant:28
1012569,liabilities,ABSENT,,,0.0,UNRESOLVED,,,0,
1012569,liabilities_and_equity,SINGLE,LiabilitiesAndStockholdersEquity,,1.0,resolved,,USD,0,instant:22
1012569,minority_interest,SINGLE,MinorityInterest,,1.0,resolved,,USD,0,instant:22
1012569,net_income,DOMINANT,NetIncomeLoss,,1.0,resolved,ProfitLoss,USD,0,Q:16|FY:9|9M:6|H1:6
1012569,net_income_to_common,ABSENT,,,0.0,UNRESOLVED,,,0,
1012569,operating_cash_flow,SINGLE,NetCashProvidedByUsedInOperatingActivities,,1.0,resolved,,USD,0,FY:9|9M:6|H1:6|Q:4
1012569,operating_income,SINGLE,OperatingIncomeLoss,,1.0,resolved,,USD,0,Q:40|FY:9|9M:6|H1:6
1012569,pretax_income,SINGLE,IncomeLossFromContinuingOperationsBeforeIncomeTaxesExtraordinaryItemsNoncontrollingInterest,,1.0,resolved,,USD,0,Q:16|FY:9|9M:6|H1:6
1012569,revenue,SINGLE,Revenues,,1.0,resolved,,USD,0,Q:40|FY:9|9M:6|H1:6
1012569,shares_outstanding,SINGLE,EntityCommonStockSharesOutstanding,,1.0,resolved,,shares,0,instant:11
1018724,assets,SINGLE,Assets,,1.0,resolved,,USD,0,instant:101
1018724,cash,DOMINANT,CashAndCashEquivalentsAtCarryingValue,,1.0,resolved,CashCashEquivalentsRestrictedCashAndRestrictedCashEquivalents,USD,0,instant:132
1018724,eps_diluted,SINGLE,EarningsPerShareDiluted,,1.0,resolved,,USD/shares,0,Q:116|FY:33|H1:24|9M:22
1018724,equity,SINGLE,StockholdersEquity,,1.0,resolved,,USD,0,instant:188
1018724,liabilities,ABSENT,,,0.0,UNRESOLVED,,,0,
1018724,liabilities_and_equity,SINGLE,LiabilitiesAndStockholdersEquity,,1.0,resolved,,USD,0,instant:90
1018724,minority_interest,ABSENT,,,0.0,UNRESOLVED,,,0,
1018724,net_income,SINGLE,NetIncomeLoss,,1.0,resolved,,USD,0,Q:116|FY:101|H1:24|9M:22
1018724,net_income_to_common,ABSENT,,,0.0,UNRESOLVED,,,0,
1018724,operating_cash_flow,SINGLE,NetCashProvidedByUsedInOperatingActivities,,1.0,resolved,,USD,0,FY:101|Q:68|H1:24|9M:22
1018724,operating_income,SINGLE,OperatingIncomeLoss,,1.0,resolved,,USD,0,Q:116|FY:33|H1:24|9M:22
1018724,pretax_income,SINGLE,IncomeLossFromContinuingOperationsBeforeIncomeTaxesMinorityInterestAndIncomeLossFromEquityMethodInvestments,,1.0,resolved,,USD,0,Q:116|FY:33|H1:24|9M:22
1018724,revenue,SINGLE,RevenueFromContractWithCustomerExcludingAssessedTax,,0.8864,resolved,,USD,0,Q:72|FY:24|9M:16|H1:16
1018724,shares_outstanding,SINGLE,EntityCommonStockSharesOutstanding,,1.0,resolved,,shares,0,instant:45
1032208,assets,SINGLE,Assets,,0.9773,resolved,,USD,0,instant:95
1032208,cash,DOMINANT,CashAndCashEquivalentsAtCarryingValue,,0.9773,resolved,CashCashEquivalentsRestrictedCashAndRestrictedCashEquivalents,USD,0,instant:109
1032208,eps_diluted,SINGLE,EarningsPerShareDiluted,,0.9773,resolved,,USD/shares,0,Q:106|FY:33|9M:22|H1:22
1032208,equity,DOMINANT,StockholdersEquity,,0.9773,resolved,StockholdersEquityIncludingPortionAttributableToNoncontrollingInterest,USD,0,instant:89
1032208,liabilities,ABSENT,,,0.0,UNRESOLVED,,,0,
1032208,liabilities_and_equity,SINGLE,LiabilitiesAndStockholdersEquity,,0.9773,resolved,,USD,0,instant:89
1032208,minority_interest,PARTIAL,MinorityInterest,,0.1364,UNRESOLVED,,USD,0,instant:14
1032208,net_income,DOMINANT,NetIncomeLoss,,0.9773,resolved,ProfitLoss,USD,0,Q:82|FY:18|H1:12|9M:10
1032208,net_income_to_common,SINGLE,NetIncomeLossAvailableToCommonStockholdersBasic,,0.8636,resolved,,USD,0,Q:50|FY:24|9M:16|H1:16
1032208,operating_cash_flow,SINGLE,NetCashProvidedByUsedInOperatingActivities,,0.9773,resolved,,USD,0,FY:33|9M:22|H1:22|Q:22
1032208,operating_income,ABSENT,,,0.0,UNRESOLVED,,,0,
1032208,pretax_income,DOMINANT,IncomeLossFromContinuingOperationsBeforeIncomeTaxesMinorityInterestAndIncomeLossFromEquityMethodInvestments,,0.9773,resolved,IncomeLossFromContinuingOperationsBeforeIncomeTaxesExtraordinaryItemsNoncontrollingInterest,USD,0,Q:66|FY:33|9M:22|H1:22
1032208,revenue,DOMINANT,Revenues,,0.9773,resolved,RevenueFromContractWithCustomerExcludingAssessedTax,USD,0,Q:58|FY:33|9M:20|H1:20
1032208,shares_outstanding,SINGLE,EntityCommonStockSharesOutstanding,,1.0,resolved,,shares,0,instant:44
1034054,assets,SINGLE,Assets,,1.0,resolved,,USD,0,instant:34
1034054,cash,DOMINANT,CashAndCashEquivalentsAtCarryingValue,,1.0,resolved,CashCashEquivalentsRestrictedCashAndRestrictedCashEquivalents,USD,0,instant:38
1034054,eps_diluted,SINGLE,EarningsPerShareDiluted,,1.0,resolved,,USD/shares,0,Q:58|FY:12|H1:10|9M:8
1034054,equity,SINGLE,StockholdersEquity,,1.0,resolved,,USD,0,instant:85
1034054,liabilities,ABSENT,,,0.0,UNRESOLVED,,,0,
1034054,liabilities_and_equity,SINGLE,LiabilitiesAndStockholdersEquity,,1.0,resolved,,USD,0,instant:34
1034054,minority_interest,ABSENT,,,0.0,UNRESOLVED,,,0,
1034054,net_income,DOMINANT,NetIncomeLoss,,1.0,resolved,ProfitLoss,USD,0,Q:64|FY:12|H1:10|9M:8
1034054,net_income_to_common,ABSENT,,,0.0,UNRESOLVED,,,0,
1034054,operating_cash_flow,SINGLE,NetCashProvidedByUsedInOperatingActivities,,1.0,resolved,,USD,0,FY:12|H1:10|9M:8|Q:8
1034054,operating_income,SINGLE,OperatingIncomeLoss,,1.0,resolved,,USD,0,Q:58|FY:12|H1:10|9M:8
1034054,pretax_income,SINGLE,IncomeLossFromContinuingOperationsBeforeIncomeTaxesExtraordinaryItemsNoncontrollingInterest,,1.0,resolved,,USD,0,Q:26|FY:12|H1:10|9M:8
1034054,revenue,DOMINANT,Revenues,,1.0,resolved,RevenueFromContractWithCustomerExcludingAssessedTax,USD,0,Q:58|FY:12|H1:10|9M:8
1034054,shares_outstanding,SINGLE,EntityCommonStockSharesOutstanding,,1.0,resolved,,shares,0,instant:17
1035002,assets,SINGLE,Assets,,1.0,resolved,,USD,0,instant:90
1035002,cash,DOMINANT,CashAndCashEquivalentsAtCarryingValue,,1.0,resolved,CashCashEquivalentsRestrictedCashAndRestrictedCashEquivalents,USD,0,instant:120
1035002,eps_diluted,SINGLE,EarningsPerShareDiluted,,1.0,resolved,,USD/shares,0,Q:116|FY:33|H1:24|9M:22
1035002,equity,DOMINANT,StockholdersEquity,,1.0,resolved,StockholdersEquityIncludingPortionAttributableToNoncontrollingInterest,USD,0,instant:90
1035002,liabilities,ABSENT,,,0.0,UNRESOLVED,,,0,
1035002,liabilities_and_equity,SINGLE,LiabilitiesAndStockholdersEquity,,1.0,resolved,,USD,0,instant:90
1035002,minority_interest,SINGLE,MinorityInterest,,1.0,resolved,,USD,0,instant:90
1035002,net_income,DOMINANT,NetIncomeLoss,,1.0,resolved,ProfitLoss,USD,0,Q:116|FY:33|H1:24|9M:22
1035002,net_income_to_common,SINGLE,NetIncomeLossAvailableToCommonStockholdersBasic,,0.8182,resolved,,USD,0,Q:46|FY:24|H1:16|9M:14
1035002,operating_cash_flow,SINGLE,NetCashProvidedByUsedInOperatingActivities,,1.0,resolved,,USD,0,FY:33|9M:22|H1:22|Q:20
1035002,operating_income,SINGLE,OperatingIncomeLoss,,1.0,resolved,,USD,0,Q:116|FY:33|H1:24|9M:22
1035002,pretax_income,SINGLE,IncomeLossFromContinuingOperationsBeforeIncomeTaxesExtraordinaryItemsNoncontrollingInterest,,1.0,resolved,,USD,0,Q:68|FY:33|H1:24|9M:22
1035002,revenue,SINGLE,RevenueFromContractWithCustomerIncludingAssessedTax,,0.8864,resolved,,USD,0,Q:74|FY:24|H1:18|9M:16
1035002,shares_outstanding,SINGLE,EntityCommonStockSharesOutstanding,,1.0,resolved,,shares,0,instant:45
1035267,assets,SINGLE,Assets,,1.0,resolved,,USD,0,instant:74
1035267,cash,DOMINANT,CashAndCashEquivalentsAtCarryingValue,,1.0,resolved,CashCashEquivalentsRestrictedCashAndRestrictedCashEquivalents,USD,0,instant:80
1035267,eps_diluted,SINGLE,EarningsPerShareDiluted,,1.0,resolved,,USD/shares,0,Q:96|FY:27|H1:20|9M:18
1035267,equity,DOMINANT,StockholdersEquity,,1.0,resolved,StockholdersEquityIncludingPortionAttributableToNoncontrollingInterest,USD,0,instant:74
1035267,liabilities,SINGLE,Liabilities,,1.0,resolved,,USD,0,instant:74
1035267,liabilities_and_equity,SINGLE,LiabilitiesAndStockholdersEquity,,1.0,resolved,,USD,0,instant:74
1035267,minority_interest,SINGLE,MinorityInterest,,1.0,resolved,,USD,0,instant:72
1035267,net_income,DOMINANT,NetIncomeLoss,,1.0,resolved,ProfitLoss,USD,0,Q:96|FY:27|H1:20|9M:18
1035267,net_income_to_common,ABSENT,,,0.0,UNRESOLVED,,,0,
1035267,operating_cash_flow,SINGLE,NetCashProvidedByUsedInOperatingActivities,,1.0,resolved,,USD,0,FY:27|H1:20|9M:18|Q:18
1035267,operating_income,SINGLE,OperatingIncomeLoss,,1.0,resolved,,USD,0,Q:56|FY:27|H1:20|9M:18
1035267,pretax_income,MIGRATION,IncomeLossFromContinuingOperationsBeforeIncomeTaxesMinorityInterestAndIncomeLossFromEquityMethodInvestments|IncomeLossFromContinuingOperationsBeforeIncomeTaxesExtraordinaryItemsNoncontrollingInterest,2021Q4,1.0,resolved,,USD,0,Q:56|FY:27|H1:20|9M:18
1035267,revenue,SINGLE,RevenueFromContractWithCustomerExcludingAssessedTax,,1.0,resolved,,USD,0,Q:84|FY:24|H1:18|9M:16
1035267,shares_outstanding,SINGLE,EntityCommonStockSharesOutstanding,,1.0,resolved,,shares,0,instant:37
1038357,assets,SINGLE,Assets,,0.9722,resolved,,USD,0,instant:72
1038357,cash,SINGLE,CashAndCashEquivalentsAtCarryingValue,,0.9722,resolved,,USD,0,instant:104
1038357,eps_diluted,SINGLE,EarningsPerShareDiluted,,0.9722,resolved,,USD/shares,0,Q:32|FY:27|9M:14|H1:10
1038357,equity,SINGLE,StockholdersEquityIncludingPortionAttributableToNoncontrollingInterest,,0.9722,resolved,,USD,0,instant:152
1038357,liabilities,ABSENT,,,0.0,UNRESOLVED,,,0,
1038357,liabilities_and_equity,SINGLE,LiabilitiesAndStockholdersEquity,,0.9722,resolved,,USD,0,instant:72
1038357,minority_interest,PARTIAL,MinorityInterest,,0.3889,UNRESOLVED,,USD,0,instant:30
1038357,net_income,DOMINANT,NetIncomeLoss,,0.9722,resolved,ProfitLoss,USD,0,Q:52|FY:27|9M:18|H1:17
1038357,net_income_to_common,SINGLE,NetIncomeLossAvailableToCommonStockholdersBasic,,0.8056,resolved,,USD,0,Q:42|FY:15|9M:14|H1:14
1038357,operating_cash_flow,SINGLE,NetCashProvidedByUsedInOperatingActivities,,0.9722,resolved,,USD,0,FY:27|9M:18|H1:18|Q:18
1038357,operating_income,ABSENT,,,0.0,UNRESOLVED,,,0,
1038357,pretax_income,MIGRATION,IncomeLossFromContinuingOperationsBeforeIncomeTaxesMinorityInterestAndIncomeLossFromEquityMethodInvestments|IncomeLossFromContinuingOperationsBeforeIncomeTaxesExtraordinaryItemsNoncontrollingInterest,2021Q3,0.9722,resolved,,USD,0,Q:54|FY:27|9M:18|H1:18
1038357,revenue,SINGLE,Revenues,,0.9722,resolved,,USD,0,Q:54|FY:27|9M:18|H1:18
1038357,shares_outstanding,SINGLE,EntityCommonStockSharesOutstanding,,0.9722,resolved,,shares,0,instant:37
1039684,assets,SINGLE,Assets,,1.0,resolved,,USD,0,instant:127
1039684,cash,SINGLE,CashAndCashEquivalentsAtCarryingValue,,1.0,resolved,,USD,0,instant:144
1039684,eps_diluted,SINGLE,EarningsPerShareDiluted,,1.0,resolved,,USD/shares,0,Q:88|FY:33|H1:22|9M:20
1039684,equity,SINGLE,StockholdersEquity,,1.0,resolved,,USD,0,instant:154
1039684,liabilities,ABSENT,,,0.0,UNRESOLVED,,,0,
1039684,liabilities_and_equity,SINGLE,LiabilitiesAndStockholdersEquity,,1.0,resolved,,USD,0,instant:86
1039684,minority_interest,PARTIAL,MinorityInterest,,0.45,UNRESOLVED,,USD,0,instant:42
1039684,net_income,SINGLE,ProfitLoss,,1.0,resolved,,USD,0,Q:154|FY:33|H1:22|9M:20
1039684,net_income_to_common,SINGLE,NetIncomeLossAvailableToCommonStockholdersBasic,,1.0,resolved,,USD,0,Q:84|FY:27|H1:20|9M:18
1039684,operating_cash_flow,SINGLE,NetCashProvidedByUsedInOperatingActivities,,1.0,resolved,,USD,0,FY:33|H1:22|Q:22|9M:20
1039684,operating_income,SINGLE,OperatingIncomeLoss,,1.0,resolved,,USD,0,Q:80|FY:33|H1:22|9M:20
1039684,pretax_income,SINGLE,IncomeLossFromContinuingOperationsBeforeIncomeTaxesExtraordinaryItemsNoncontrollingInterest,,1.0,resolved,,USD,0,Q:64|FY:33|H1:22|9M:20
1039684,revenue,MIGRATION,Revenues|RevenueFromContractWithCustomerExcludingAssessedTax,2023Q3,1.0,resolved,,USD,0,Q:112|FY:33|H1:22|9M:20
1039684,shares_outstanding,SINGLE,EntityCommonStockSharesOutstanding,,1.0,resolved,,shares,0,instant:43
1045609,assets,SINGLE,Assets,,0.9773,resolved,,USD,0,instant:89
1045609,cash,SINGLE,CashAndCashEquivalentsAtCarryingValue,,0.9773,resolved,,USD,0,instant:148
1045609,eps_diluted,SINGLE,EarningsPerShareDiluted,,0.9773,resolved,,USD/shares,0,Q:154|FY:33|9M:22|H1:22
1045609,equity,DOMINANT,StockholdersEquity,,0.9773,resolved,StockholdersEquityIncludingPortionAttributableToNoncontrollingInterest,USD,0,instant:88
1045609,liabilities,SINGLE,Liabilities,,0.9773,resolved,,USD,0,instant:88
1045609,liabilities_and_equity,SINGLE,LiabilitiesAndStockholdersEquity,,0.9773,resolved,,USD,0,instant:86
1045609,minority_interest,SINGLE,MinorityInterest,,0.9773,resolved,,USD,0,instant:88
1045609,net_income,DOMINANT,NetIncomeLoss,,0.9773,resolved,ProfitLoss,USD,0,Q:66|FY:33|9M:22|H1:22
1045609,net_income_to_common,SINGLE,NetIncomeLossAvailableToCommonStockholdersBasic,,0.9773,resolved,,USD,0,Q:154|FY:33|9M:22|H1:22
1045609,operating_cash_flow,SINGLE,NetCashProvidedByUsedInOperatingActivities,,0.9773,resolved,,USD,0,FY:24|9M:16|H1:16|Q:16
1045609,operating_income,SINGLE,OperatingIncomeLoss,,0.9773,resolved,,USD,0,Q:154|FY:33|9M:22|H1:22
1045609,pretax_income,SINGLE,IncomeLossFromContinuingOperationsBeforeIncomeTaxesExtraordinaryItemsNoncontrollingInterest,,0.9773,resolved,,USD,0,Q:66|FY:33|9M:22|H1:22
1045609,revenue,SINGLE,Revenues,,0.8636,resolved,,USD,0,Q:112|FY:24|9M:16|H1:16
1045609,shares_outstanding,SINGLE,EntityCommonStockSharesOutstanding,,1.0,resolved,,shares,0,instant:44
1045810,assets,SINGLE,Assets,,1.0,resolved,,USD,0,instant:88
1045810,cash,DOMINANT,CashAndCashEquivalentsAtCarryingValue,,1.0,resolved,CashCashEquivalentsRestrictedCashAndRestrictedCashEquivalents,USD,0,instant:120
1045810,eps_diluted,SINGLE,EarningsPerShareDiluted,,1.0,resolved,,USD/shares,0,Q:107|FY:33|H1:25|9M:22
1045810,equity,SINGLE,StockholdersEquity,,1.0,resolved,,USD,0,instant:182
1045810,liabilities,SINGLE,Liabilities,,0.9545,resolved,,USD,0,instant:84
1045810,liabilities_and_equity,SINGLE,LiabilitiesAndStockholdersEquity,,1.0,resolved,,USD,0,instant:88
1045810,minority_interest,ABSENT,,,0.0,UNRESOLVED,,,0,
1045810,net_income,SINGLE,NetIncomeLoss,,1.0,resolved,,USD,0,Q:107|FY:33|H1:25|9M:22
1045810,net_income_to_common,ABSENT,,,0.0,UNRESOLVED,,,0,
1045810,operating_cash_flow,SINGLE,NetCashProvidedByUsedInOperatingActivities,,1.0,resolved,,USD,0,FY:33|Q:26|H1:24|9M:22
1045810,operating_income,SINGLE,OperatingIncomeLoss,,1.0,resolved,,USD,0,Q:66|FY:33|9M:22|H1:22
1045810,pretax_income,MIGRATION,IncomeLossFromContinuingOperationsBeforeIncomeTaxesMinorityInterestAndIncomeLossFromEquityMethodInvestments|IncomeLossFromContinuingOperationsBeforeIncomeTaxesExtraordinaryItemsNoncontrollingInterest,2021Q4,1.0,resolved,,USD,0,Q:66|FY:33|9M:22|H1:22
1045810,revenue,SINGLE,Revenues,,1.0,resolved,,USD,0,Q:89|FY:24|H1:23|9M:22
1045810,shares_outstanding,SINGLE,EntityCommonStockSharesOutstanding,,1.0,resolved,,shares,0,instant:44
1047122,assets,SINGLE,Assets,,0.7895,resolved,,USD,0,instant:38
1047122,cash,SINGLE,CashAndCashEquivalentsAtCarryingValue,,0.7895,resolved,,USD,0,instant:52
1047122,eps_diluted,SINGLE,EarningsPerShareDiluted,,0.7895,resolved,,USD/shares,0,Q:68|FY:15|9M:10|H1:10
1047122,equity,DOMINANT,StockholdersEquity,,0.7895,resolved,StockholdersEquityIncludingPortionAttributableToNoncontrollingInterest,USD,0,instant:38
1047122,liabilities,ABSENT,,,0.0,UNRESOLVED,,,0,
1047122,liabilities_and_equity,SINGLE,LiabilitiesAndStockholdersEquity,,0.7895,resolved,,USD,0,instant:38
1047122,minority_interest,SINGLE,MinorityInterest,,0.7895,resolved,,USD,0,instant:38
1047122,net_income,DOMINANT,NetIncomeLoss,,0.7895,resolved,ProfitLoss,USD,0,Q:68|FY:15|9M:10|H1:10
1047122,net_income_to_common,ABSENT,,,0.0,UNRESOLVED,,,0,
1047122,operating_cash_flow,DOMINANT,NetCashProvidedByUsedInOperatingActivities,,0.7895,resolved,NetCashProvidedByUsedInOperatingActivitiesContinuingOperations,USD,0,FY:15|9M:10|H1:10|Q:8
1047122,operating_income,SINGLE,OperatingIncomeLoss,,0.7895,resolved,,USD,0,Q:35|FY:19|9M:10|H1:10
1047122,pretax_income,SINGLE,IncomeLossFromContinuingOperationsBeforeIncomeTaxesExtraordinaryItemsNoncontrollingInterest,,0.7895,resolved,,USD,0,Q:28|FY:15|9M:10|H1:10
1047122,revenue,PARTIAL,Revenues,,0.5789,UNRESOLVED,,USD,0,Q:26|FY:6|9M:4|H1:4
1047122,shares_outstanding,SINGLE,EntityCommonStockSharesOutstanding,,1.0,resolved,,shares,0,instant:20
1047862,assets,SINGLE,Assets,,1.0,resolved,,USD,0,instant:67
1047862,cash,DOMINANT,CashAndCashEquivalentsAtCarryingValue,,1.0,resolved,CashCashEquivalentsRestrictedCashAndRestrictedCashEquivalents,USD,0,instant:90
1047862,eps_diluted,SINGLE,EarningsPerShareDiluted,,1.0,resolved,,USD/shares,0,Q:44|FY:21|H1:16|9M:14
1047862,equity,DOMINANT,StockholdersEquity,,1.0,resolved,StockholdersEquityIncludingPortionAttributableToNoncontrollingInterest,USD,0,instant:58
1047862,liabilities,ABSENT,,,0.0,UNRESOLVED,,,0,
1047862,liabilities_and_equity,SINGLE,LiabilitiesAndStockholdersEquity,,1.0,resolved,,USD,0,instant:58
1047862,minority_interest,SINGLE,MinorityInterest,,1.0,resolved,,USD,0,instant:59
1047862,net_income,SINGLE,NetIncomeLoss,,1.0,resolved,,USD,0,Q:56|FY:22|H1:16|9M:14
1047862,net_income_to_common,PARTIAL,NetIncomeLossAvailableToCommonStockholdersBasic,,0.0357,UNRESOLVED,,USD,0,Q:10|9M:2|H1:2
1047862,operating_cash_flow,SINGLE,NetCashProvidedByUsedInOperatingActivities,,1.0,resolved,,USD,0,FY:18|H1:12|Q:12|9M:10
1047862,operating_income,SINGLE,OperatingIncomeLoss,,1.0,resolved,,USD,0,Q:44|FY:21|H1:16|9M:14
1047862,pretax_income,MIGRATION,IncomeLossFromContinuingOperationsBeforeIncomeTaxesMinorityInterestAndIncomeLossFromEquityMethodInvestments|IncomeLossFromContinuingOperationsBeforeIncomeTaxesExtraordinaryItemsNoncontrollingInterest,2021Q3,1.0,resolved,,USD,0,Q:44|FY:21|H1:16|9M:14
1047862,revenue,SINGLE,Revenues,,1.0,resolved,,USD,0,Q:44|FY:22|H1:16|9M:14
1047862,shares_outstanding,SINGLE,EntityCommonStockSharesOutstanding,,1.0,resolved,,shares,0,instant:29
1051470,assets,SINGLE,Assets,,1.0,resolved,,USD,0,instant:104
1051470,cash,DOMINANT,CashAndCashEquivalentsAtCarryingValue,,1.0,resolved,CashCashEquivalentsRestrictedCashAndRestrictedCashEquivalents,USD,0,instant:103
1051470,eps_diluted,SINGLE,EarningsPerShareDiluted,,1.0,resolved,,USD/shares,0,Q:108|FY:33|H1:26|9M:24
1051470,equity,SINGLE,StockholdersEquityIncludingPortionAttributableToNoncontrollingInterest,,1.0,resolved,,USD,0,instant:198
1051470,liabilities,SINGLE,Liabilities,,1.0,resolved,,USD,0,instant:99
1051470,liabilities_and_equity,SINGLE,LiabilitiesAndStockholdersEquity,,1.0,resolved,,USD,0,instant:99
1051470,minority_interest,PARTIAL,MinorityInterest,,0.0455,UNRESOLVED,,USD,0,instant:6
1051470,net_income,SINGLE,ProfitLoss,,1.0,resolved,,USD,0,Q:75|FY:33|H1:26|9M:24
1051470,net_income_to_common,PARTIAL,NetIncomeLossAvailableToCommonStockholdersBasic,,0.7273,UNRESOLVED,,USD,0,Q:53|FY:30|9M:18|H1:18
1051470,operating_cash_flow,SINGLE,NetCashProvidedByUsedInOperatingActivities,,1.0,resolved,,USD,0,FY:33|H1:26|9M:24|Q:24
1051470,operating_income,SINGLE,OperatingIncomeLoss,,1.0,resolved,,USD,0,Q:108|FY:33|H1:26|9M:24
1051470,pretax_income,OVERLAP,IncomeLossFromContinuingOperationsBeforeIncomeTaxesMinorityInterestAndIncomeLossFromEquityMethodInvestments|IncomeLossFromContinuingOperationsBeforeIncomeTaxesExtraordinaryItemsNoncontrollingInterest,,1.0,UNRESOLVED,,USD,0,Q:68|FY:36|H1:24|9M:22
1051470,revenue,DOMINANT,Revenues,,0.8864,resolved,RevenueFromContractWithCustomerExcludingAssessedTax,USD,0,Q:64|FY:24|9M:18|H1:18
1051470,shares_outstanding,SINGLE,EntityCommonStockSharesOutstanding,,1.0,resolved,,shares,0,instant:45
1053507,assets,SINGLE,Assets,,0.9773,resolved,,USD,0,instant:127
1053507,cash,DOMINANT,CashAndCashEquivalentsAtCarryingValue,,0.9773,resolved,CashCashEquivalentsRestrictedCashAndRestrictedCashEquivalents,USD,0,instant:142
1053507,eps_diluted,SINGLE,EarningsPerShareDiluted,,0.9773,resolved,,USD/shares,0,Q:114|FY:33|9M:22|H1:22
1053507,equity,DOMINANT,StockholdersEquity,,0.9773,resolved,StockholdersEquityIncludingPortionAttributableToNoncontrollingInterest,USD,0,instant:88
1053507,liabilities,SINGLE,Liabilities,,0.9773,resolved,,USD,0,instant:88
1053507,liabilities_and_equity,SINGLE,LiabilitiesAndStockholdersEquity,,0.9773,resolved,,USD,0,instant:88
1053507,minority_interest,SINGLE,MinorityInterest,,0.9773,resolved,,USD,0,instant:88
1053507,net_income,SINGLE,ProfitLoss,,0.9773,resolved,,USD,0,Q:106|FY:33|9M:22|H1:22
1053507,net_income_to_common,SINGLE,NetIncomeLossAvailableToCommonStockholdersBasic,,0.9773,resolved,,USD,0,Q:114|FY:33|9M:22|H1:22
1053507,operating_cash_flow,SINGLE,NetCashProvidedByUsedInOperatingActivities,,0.9773,resolved,,USD,0,FY:24|Q:20|9M:16|H1:16
1053507,operating_income,SINGLE,OperatingIncomeLoss,,0.9773,resolved,,USD,0,Q:114|FY:33|9M:22|H1:22
1053507,pretax_income,MIGRATION,IncomeLossFromContinuingOperationsBeforeIncomeTaxesMinorityInterestAndIncomeLossFromEquityMethodInvestments|IncomeLossFromContinuingOperationsBeforeIncomeTaxesExtraordinaryItemsNoncontrollingInterest,2021Q1,0.9773,resolved,,USD,0,Q:66|FY:33|9M:22|H1:22
1053507,revenue,DOMINANT,Revenues,,0.8636,resolved,RevenueFromContractWithCustomerExcludingAssessedTax,USD,0,Q:70|FY:24|9M:16|H1:14
1053507,shares_outstanding,SINGLE,EntityCommonStockSharesOutstanding,,1.0,resolved,,shares,0,instant:44
1058290,assets,SINGLE,Assets,,1.0,resolved,,USD,0,instant:58
1058290,cash,SINGLE,CashAndCashEquivalentsAtCarryingValue,,1.0,resolved,,USD,0,instant:96
1058290,eps_diluted,SINGLE,EarningsPerShareDiluted,,1.0,resolved,,USD/shares,0,Q:84|FY:21|H1:16|9M:14
1058290,equity,SINGLE,StockholdersEquity,,1.0,resolved,,USD,0,instant:120
1058290,liabilities,SINGLE,Liabilities,,1.0,resolved,,USD,0,instant:58
1058290,liabilities_and_equity,SINGLE,LiabilitiesAndStockholdersEquity,,1.0,resolved,,USD,0,instant:58
1058290,minority_interest,ABSENT,,,0.0,UNRESOLVED,,,0,
1058290,net_income,SINGLE,NetIncomeLoss,,1.0,resolved,,USD,0,Q:104|FY:21|H1:16|9M:14
1058290,net_income_to_common,ABSENT,,,0.0,UNRESOLVED,,,0,
1058290,operating_cash_flow,SINGLE,NetCashProvidedByUsedInOperatingActivities,,1.0,resolved,,USD,0,FY:21|H1:16|9M:14|Q:14
1058290,operating_income,SINGLE,OperatingIncomeLoss,,1.0,resolved,,USD,0,Q:84|FY:21|H1:16|9M:14
1058290,pretax_income,SINGLE,IncomeLossFromContinuingOperationsBeforeIncomeTaxesMinorityInterestAndIncomeLossFromEquityMethodInvestments,,1.0,resolved,,USD,0,Q:44|FY:21|H1:16|9M:14
1058290,revenue,SINGLE,Revenues,,0.8214,resolved,,USD,0,Q:38|FY:12|H1:8|9M:6
1058290,shares_outstanding,SINGLE,EntityCommonStockSharesOutstanding,,1.0,resolved,,shares,0,instant:29
1060391,assets,SINGLE,Assets,,1.0,resolved,,USD,0,instant:75
1060391,cash,DOMINANT,CashAndCashEquivalentsAtCarryingValue,,1.0,resolved,CashCashEquivalentsRestrictedCashAndRestrictedCashEquivalents,USD,0,instant:94
1060391,eps_diluted,SINGLE,EarningsPerShareDiluted,,1.0,resolved,,USD/shares,0,Q:46|FY:18|H1:14|9M:12
1060391,equity,DOMINANT,StockholdersEquity,,1.0,resolved,StockholdersEquityIncludingPortionAttributableToNoncontrollingInterest,USD,0,instant:50
1060391,liabilities,ABSENT,,,0.0,UNRESOLVED,,,0,
1060391,liabilities_and_equity,SINGLE,LiabilitiesAndStockholdersEquity,,1.0,resolved,,USD,0,instant:50
1060391,minority_interest,SINGLE,MinorityInterest,,1.0,resolved,,USD,0,instant:50
1060391,net_income,DOMINANT,NetIncomeLoss,,1.0,resolved,ProfitLoss,USD,0,Q:46|FY:18|H1:14|9M:12
1060391,net_income_to_common,ABSENT,,,0.0,UNRESOLVED,,,0,
1060391,operating_cash_flow,SINGLE,NetCashProvidedByUsedInOperatingActivities,,1.0,resolved,,USD,0,FY:18|H1:14|9M:12|Q:12
1060391,operating_income,SINGLE,OperatingIncomeLoss,,1.0,resolved,,USD,0,Q:46|FY:18|H1:14|9M:12
1060391,pretax_income,SINGLE,IncomeLossFromContinuingOperationsBeforeIncomeTaxesExtraordinaryItemsNoncontrollingInterest,,1.0,resolved,,USD,0,Q:38|FY:18|H1:14|9M:12
1060391,revenue,DOMINANT,Revenues,,1.0,resolved,RevenueFromContractWithCustomerExcludingAssessedTax,USD,0,Q:38|FY:18|H1:14|9M:12
1060391,shares_outstanding,SINGLE,EntityCommonStockSharesOutstanding,,1.0,resolved,,shares,0,instant:25
1061219,assets,SINGLE,Assets,,1.0,resolved,,USD,0,instant:90
1061219,cash,DOMINANT,CashAndCashEquivalentsAtCarryingValue,,1.0,resolved,CashCashEquivalentsRestrictedCashAndRestrictedCashEquivalents,USD,0,instant:110
1061219,eps_diluted,SINGLE,NetIncomeLossNetOfTaxPerOutstandingLimitedPartnershipUnitDiluted,,1.0,resolved,,USD/shares,0,Q:108|FY:33|H1:24|9M:22
1061219,equity,DOMINANT,PartnersCapital,,1.0,resolved,PartnersCapitalIncludingPortionAttributableToNoncontrollingInterest,USD,0,instant:90
1061219,liabilities,ABSENT,,,0.0,UNRESOLVED,,,0,
1061219,liabilities_and_equity,SINGLE,LiabilitiesAndStockholdersEquity,,1.0,resolved,,USD,0,instant:90
1061219,minority_interest,PARTIAL,MinorityInterest,,0.0455,UNRESOLVED,,USD,0,instant:2
1061219,net_income,DOMINANT,NetIncomeLoss,,1.0,resolved,ProfitLoss,USD,0,Q:108|FY:33|H1:24|9M:22
1061219,net_income_to_common,PARTIAL,NetIncomeLossAvailableToCommonStockholdersBasic,,0.6591,UNRESOLVED,,USD,0,Q:36|FY:18|9M:12|H1:12
1061219,operating_cash_flow,SINGLE,NetCashProvidedByUsedInOperatingActivities,,1.0,resolved,,USD,0,FY:27|9M:18|H1:18|Q:18
1061219,operating_income,SINGLE,OperatingIncomeLoss,,1.0,resolved,,USD,0,Q:108|FY:33|H1:24|9M:22
1061219,pretax_income,SINGLE,IncomeLossFromContinuingOperationsBeforeIncomeTaxesExtraordinaryItemsNoncontrollingInterest,,1.0,resolved,,USD,0,Q:68|FY:33|H1:24|9M:22
1061219,revenue,SINGLE,Revenues,,0.9091,resolved,,USD,0,Q:72|FY:24|H1:20|9M:18
1061219,shares_outstanding,SINGLE,EntityCommonStockSharesOutstanding,,1.0,resolved,,shares,0,instant:45
1063761,assets,SINGLE,Assets,,1.0,resolved,,USD,0,instant:96
1063761,cash,DOMINANT,CashAndCashEquivalentsAtCarryingValue,,1.0,resolved,CashCashEquivalentsRestrictedCashAndRestrictedCashEquivalents,USD,0,instant:110
1063761,eps_diluted,MIGRATION,EarningsPerShareBasicAndDiluted|EarningsPerShareDiluted,2021Q3,1.0,resolved,,USD/shares,0,Q:162|FY:27|H1:26|9M:24
1063761,equity,DOMINANT,StockholdersEquity,,1.0,resolved,StockholdersEquityIncludingPortionAttributableToNoncontrollingInterest,USD,0,instant:96
1063761,liabilities,SINGLE,Liabilities,,1.0,resolved,,USD,0,instant:96
1063761,liabilities_and_equity,SINGLE,LiabilitiesAndStockholdersEquity,,1.0,resolved,,USD,0,instant:96
1063761,minority_interest,SINGLE,MinorityInterest,,1.0,resolved,,USD,0,instant:128
1063761,net_income,SINGLE,ProfitLoss,,1.0,resolved,,USD,0,Q:162|FY:33|H1:26|9M:24
1063761,net_income_to_common,SINGLE,NetIncomeLossAvailableToCommonStockholdersBasic,,1.0,resolved,,USD,0,Q:162|FY:33|H1:26|9M:24
1063761,operating_cash_flow,SINGLE,NetCashProvidedByUsedInOperatingActivities,,1.0,resolved,,USD,0,FY:33|H1:24|9M:22|Q:22
1063761,operating_income,SINGLE,OperatingIncomeLoss,,1.0,resolved,,USD,0,Q:162|FY:33|H1:26|9M:24
1063761,pretax_income,ABSENT,,,0.0,UNRESOLVED,,,0,
1063761,revenue,SINGLE,Revenues,,1.0,resolved,,USD,0,Q:162|FY:33|H1:26|9M:24
1063761,shares_outstanding,ABSENT,,,0.0,UNRESOLVED,,,0,
1065088,assets,SINGLE,Assets,,1.0,resolved,,USD,0,instant:26
1065088,cash,SINGLE,CashAndCashEquivalentsAtCarryingValue,,1.0,resolved,,USD,0,instant:34
1065088,eps_diluted,SINGLE,EarningsPerShareDiluted,,1.0,resolved,,USD/shares,0,Q:44|FY:9|H1:8|9M:6
1065088,equity,SINGLE,StockholdersEquity,,1.0,resolved,,USD,0,instant:29
1065088,liabilities,SINGLE,Liabilities,,1.0,resolved,,USD,0,instant:26
1065088,liabilities_and_equity,SINGLE,LiabilitiesAndStockholdersEquity,,1.0,resolved,,USD,0,instant:26
1065088,minority_interest,ABSENT,,,0.0,UNRESOLVED,,,0,
1065088,net_income,SINGLE,NetIncomeLoss,,1.0,resolved,,USD,0,Q:44|FY:9|H1:8|9M:6
1065088,net_income_to_common,ABSENT,,,0.0,UNRESOLVED,,,0,
1065088,operating_cash_flow,DOMINANT,NetCashProvidedByUsedInOperatingActivities,,1.0,resolved,NetCashProvidedByUsedInOperatingActivitiesContinuingOperations,USD,0,FY:9|H1:8|9M:6|Q:6
1065088,operating_income,SINGLE,OperatingIncomeLoss,,1.0,resolved,,USD,0,Q:20|FY:9|H1:8|9M:6
1065088,pretax_income,SINGLE,IncomeLossFromContinuingOperationsBeforeIncomeTaxesExtraordinaryItemsNoncontrollingInterest,,1.0,resolved,,USD,0,Q:18|FY:9|9M:6|H1:6
1065088,revenue,ABSENT,,,0.0,UNRESOLVED,,,0,
1065088,shares_outstanding,SINGLE,EntityCommonStockSharesOutstanding,,1.0,resolved,,shares,0,instant:13
1065280,assets,SINGLE,Assets,,1.0,resolved,,USD,0,instant:84
1065280,cash,DOMINANT,CashAndCashEquivalentsAtCarryingValue,,1.0,resolved,CashCashEquivalentsRestrictedCashAndRestrictedCashEquivalents,USD,0,instant:108
1065280,eps_diluted,SINGLE,EarningsPerShareDiluted,,1.0,resolved,,USD/shares,0,Q:110|FY:33|H1:22|9M:20
1065280,equity,SINGLE,StockholdersEquity,,1.0,resolved,,USD,0,instant:182
1065280,liabilities,SINGLE,Liabilities,,1.0,resolved,,USD,0,instant:84
1065280,liabilities_and_equity,SINGLE,LiabilitiesAndStockholdersEquity,,1.0,resolved,,USD,0,instant:84
1065280,minority_interest,ABSENT,,,0.0,UNRESOLVED,,,0,
1065280,net_income,SINGLE,NetIncomeLoss,,1.0,resolved,,USD,0,Q:110|FY:33|H1:22|9M:20
1065280,net_income_to_common,PARTIAL,NetIncomeLossAvailableToCommonStockholdersBasic,,0.1,UNRESOLVED,,USD,0,Q:4|9M:2|H1:2
1065280,operating_cash_flow,SINGLE,NetCashProvidedByUsedInOperatingActivities,,1.0,resolved,,USD,0,Q:62|FY:33|H1:22|9M:20
1065280,operating_income,SINGLE,OperatingIncomeLoss,,1.0,resolved,,USD,0,Q:73|FY:33|H1:22|9M:20
1065280,pretax_income,MIGRATION,IncomeLossFromContinuingOperationsBeforeIncomeTaxesMinorityInterestAndIncomeLossFromEquityMethodInvestments|IncomeLossFromContinuingOperationsBeforeIncomeTaxesExtraordinaryItemsNoncontrollingInterest,2021Q3,1.0,resolved,,USD,0,Q:62|FY:33|H1:22|9M:20
1065280,revenue,SINGLE,Revenues,,1.0,resolved,,USD,0,Q:114|FY:33|H1:22|9M:20
1065280,shares_outstanding,SINGLE,EntityCommonStockSharesOutstanding,,0.95,resolved,,shares,0,instant:42
1067983,assets,SINGLE,Assets,,1.0,resolved,,USD,0,instant:100
1067983,cash,SINGLE,CashCashEquivalentsRestrictedCashAndRestrictedCashEquivalents,,1.0,resolved,,USD,0,instant:136
1067983,eps_diluted,ABSENT,,,0.0,UNRESOLVED,,,0,
1067983,equity,DOMINANT,StockholdersEquity,,1.0,resolved,StockholdersEquityIncludingPortionAttributableToNoncontrollingInterest,USD,0,instant:91
1067983,liabilities,SINGLE,Liabilities,,0.8864,resolved,,USD,0,instant:78
1067983,liabilities_and_equity,SINGLE,LiabilitiesAndStockholdersEquity,,1.0,resolved,,USD,0,instant:90
1067983,minority_interest,SINGLE,MinorityInterest,,1.0,resolved,,USD,0,instant:90
1067983,net_income,DOMINANT,NetIncomeLoss,,1.0,resolved,ProfitLoss,USD,0,Q:116|FY:33|H1:24|9M:22
1067983,net_income_to_common,ABSENT,,,0.0,UNRESOLVED,,,0,
1067983,operating_cash_flow,SINGLE,NetCashProvidedByUsedInOperatingActivities,,1.0,resolved,,USD,0,FY:27|H1:18|Q:18|9M:16
1067983,operating_income,ABSENT,,,0.0,UNRESOLVED,,,0,
1067983,pretax_income,DOMINANT,IncomeLossFromContinuingOperationsBeforeIncomeTaxesMinorityInterestAndIncomeLossFromEquityMethodInvestments,,1.0,resolved,IncomeLossFromContinuingOperationsBeforeIncomeTaxesExtraordinaryItemsNoncontrollingInterest,USD,0,Q:58|FY:30|H1:20|9M:18
1067983,revenue,DOMINANT,Revenues,,1.0,resolved,RevenueFromContractWithCustomerExcludingAssessedTax,USD,0,Q:116|FY:33|H1:24|9M:22
1067983,shares_outstanding,ABSENT,,,0.0,UNRESOLVED,,,0,
1075531,assets,SINGLE,Assets,,1.0,resolved,,USD,0,instant:90
1075531,cash,DOMINANT,CashAndCashEquivalentsAtCarryingValue,,1.0,resolved,CashCashEquivalentsRestrictedCashAndRestrictedCashEquivalents,USD,0,instant:106
1075531,eps_diluted,SINGLE,EarningsPerShareDiluted,,1.0,resolved,,USD/shares,0,Q:108|FY:33|H1:24|9M:22
1075531,equity,SINGLE,StockholdersEquity,,1.0,resolved,,USD,0,instant:192
1075531,liabilities,SINGLE,Liabilities,,1.0,resolved,,USD,0,instant:90
1075531,liabilities_and_equity,SINGLE,LiabilitiesAndStockholdersEquity,,1.0,resolved,,USD,0,instant:90
1075531,minority_interest,ABSENT,,,0.0,UNRESOLVED,,,0,
1075531,net_income,PARTIAL,ProfitLoss,,0.0455,UNRESOLVED,,USD,0,Q:12|FY:3|9M:2|H1:2
1075531,net_income_to_common,SINGLE,NetIncomeLossAvailableToCommonStockholdersBasic,,1.0,resolved,,USD,0,Q:96|FY:33|H1:23|9M:21
1075531,operating_cash_flow,SINGLE,NetCashProvidedByUsedInOperatingActivities,,1.0,resolved,,USD,0,FY:24|H1:18|9M:16|Q:16
1075531,operating_income,SINGLE,OperatingIncomeLoss,,1.0,resolved,,USD,0,Q:68|FY:33|H1:24|9M:22
1075531,pretax_income,MIGRATION,IncomeLossFromContinuingOperationsBeforeIncomeTaxesMinorityInterestAndIncomeLossFromEquityMethodInvestments|IncomeLossFromContinuingOperationsBeforeIncomeTaxesExtraordinaryItemsNoncontrollingInterest,2021Q3,1.0,resolved,,USD,0,Q:68|FY:33|H1:24|9M:22
1075531,revenue,SINGLE,Revenues,,0.8864,resolved,,USD,0,Q:66|FY:24|H1:18|9M:16
1075531,shares_outstanding,SINGLE,EntityCommonStockSharesOutstanding,,1.0,resolved,,shares,0,instant:45
1090012,assets,SINGLE,Assets,,1.0,resolved,,USD,0,instant:109
1090012,cash,DOMINANT,CashAndCashEquivalentsAtCarryingValue,,1.0,resolved,CashCashEquivalentsRestrictedCashAndRestrictedCashEquivalents,USD,0,instant:137
1090012,eps_diluted,SINGLE,EarningsPerShareDiluted,,1.0,resolved,,USD/shares,0,Q:100|FY:33|H1:24|9M:22
1090012,equity,DOMINANT,StockholdersEquity,,1.0,resolved,StockholdersEquityIncludingPortionAttributableToNoncontrollingInterest,USD,0,instant:90
1090012,liabilities,ABSENT,,,0.0,UNRESOLVED,,,0,
1090012,liabilities_and_equity,SINGLE,LiabilitiesAndStockholdersEquity,,1.0,resolved,,USD,0,instant:90
1090012,minority_interest,SINGLE,MinorityInterest,,0.8409,resolved,,USD,0,instant:77
1090012,net_income,DOMINANT,NetIncomeLoss,,1.0,resolved,ProfitLoss,USD,0,Q:100|FY:36|H1:24|9M:22
1090012,net_income_to_common,ABSENT,,,0.0,UNRESOLVED,,,0,
1090012,operating_cash_flow,MIGRATION,NetCashProvidedByUsedInOperatingActivitiesContinuingOperations|NetCashProvidedByUsedInOperatingActivities,2023Q1,1.0,resolved,,USD,0,Q:64|FY:33|H1:24|9M:22
1090012,operating_income,PARTIAL,OperatingIncomeLoss,,0.2045,UNRESOLVED,,USD,0,Q:16|9M:6|FY:6|H1:6
1090012,pretax_income,MIGRATION,IncomeLossFromContinuingOperationsBeforeIncomeTaxesMinorityInterestAndIncomeLossFromEquityMethodInvestments|IncomeLossFromContinuingOperationsBeforeIncomeTaxesExtraordinaryItemsNoncontrollingInterest,2021Q4,1.0,resolved,,USD,0,Q:100|FY:30|H1:24|9M:22
1090012,revenue,DOMINANT,Revenues,,1.0,resolved,RevenueFromContractWithCustomerExcludingAssessedTax,USD,0,Q:100|FY:33|H1:24|9M:22
1090012,shares_outstanding,SINGLE,EntityCommonStockSharesOutstanding,,1.0,resolved,,shares,0,instant:46
1090727,assets,SINGLE,Assets,,1.0,resolved,,USD,0,instant:101
1090727,cash,DOMINANT,CashAndCashEquivalentsAtCarryingValue,,1.0,resolved,CashCashEquivalentsRestrictedCashAndRestrictedCashEquivalents,USD,0,instant:132
1090727,eps_diluted,SINGLE,EarningsPerShareDiluted,,1.0,resolved,,USD/shares,0,Q:116|FY:33|H1:24|9M:22
1090727,equity,DOMINANT,StockholdersEquity,,1.0,resolved,StockholdersEquityIncludingPortionAttributableToNoncontrollingInterest,USD,0,instant:90
1090727,liabilities,ABSENT,,,0.0,UNRESOLVED,,,0,
1090727,liabilities_and_equity,SINGLE,LiabilitiesAndStockholdersEquity,,1.0,resolved,,USD,0,instant:90
1090727,minority_interest,SINGLE,MinorityInterest,,1.0,resolved,,USD,0,instant:140
1090727,net_income,SINGLE,NetIncomeLoss,,1.0,resolved,,USD,0,Q:112|FY:33|H1:24|9M:22
1090727,net_income_to_common,ABSENT,,,0.0,UNRESOLVED,,,0,
1090727,operating_cash_flow,SINGLE,NetCashProvidedByUsedInOperatingActivities,,1.0,resolved,,USD,0,FY:33|H1:24|9M:22|Q:22
1090727,operating_income,SINGLE,OperatingIncomeLoss,,1.0,resolved,,USD,0,Q:116|FY:33|H1:24|9M:22
1090727,pretax_income,MIGRATION,IncomeLossFromContinuingOperationsBeforeIncomeTaxesMinorityInterestAndIncomeLossFromEquityMethodInvestments|IncomeLossFromContinuingOperationsBeforeIncomeTaxesExtraordinaryItemsNoncontrollingInterest,2021Q3,1.0,resolved,,USD,0,Q:68|FY:33|H1:24|9M:22
1090727,revenue,SINGLE,RevenueFromContractWithCustomerExcludingAssessedTax,,1.0,resolved,,USD,0,Q:58|FY:24|H1:12|9M:10
1090727,shares_outstanding,ABSENT,,,0.0,UNRESOLVED,,,0,
1091667,assets,SINGLE,Assets,,1.0,resolved,,USD,0,instant:74
1091667,cash,DOMINANT,CashAndCashEquivalentsAtCarryingValue,,1.0,resolved,CashCashEquivalentsRestrictedCashAndRestrictedCashEquivalents,USD,0,instant:100
1091667,eps_diluted,SINGLE,EarningsPerShareDiluted,,1.0,resolved,,USD/shares,0,Q:95|FY:24|H1:18|9M:16
1091667,equity,DOMINANT,StockholdersEquity,,1.0,resolved,StockholdersEquityIncludingPortionAttributableToNoncontrollingInterest,USD,0,instant:71
1091667,liabilities,ABSENT,,,0.0,UNRESOLVED,,,0,
1091667,liabilities_and_equity,SINGLE,LiabilitiesAndStockholdersEquity,,1.0,resolved,,USD,0,instant:74
1091667,minority_interest,SINGLE,MinorityInterest,,0.9722,resolved,,USD,0,instant:71
1091667,net_income,DOMINANT,NetIncomeLoss,,1.0,resolved,ProfitLoss,USD,0,Q:92|FY:27|H1:20|9M:18
1091667,net_income_to_common,ABSENT,,,0.0,UNRESOLVED,,,0,
1091667,operating_cash_flow,SINGLE,NetCashProvidedByUsedInOperatingActivities,,1.0,resolved,,USD,0,FY:27|H1:20|9M:18|Q:18
1091667,operating_income,SINGLE,OperatingIncomeLoss,,1.0,resolved,,USD,0,Q:104|FY:27|H1:20|9M:18
1091667,pretax_income,SINGLE,IncomeLossFromContinuingOperationsBeforeIncomeTaxesExtraordinaryItemsNoncontrollingInterest,,1.0,resolved,,USD,0,Q:56|FY:27|H1:20|9M:18
1091667,revenue,SINGLE,Revenues,,1.0,resolved,,USD,0,Q:104|FY:27|H1:20|9M:18
1091667,shares_outstanding,PARTIAL,EntityCommonStockSharesOutstanding,,0.1111,UNRESOLVED,,shares,0,instant:5
1099219,assets,SINGLE,Assets,,1.0,resolved,,USD,0,instant:62
1099219,cash,SINGLE,CashAndCashEquivalentsAtCarryingValue,,1.0,resolved,,USD,0,instant:76
1099219,eps_diluted,SINGLE,EarningsPerShareDiluted,,1.0,resolved,,USD/shares,0,Q:108|FY:27|H1:16|9M:14
1099219,equity,DOMINANT,StockholdersEquity,,1.0,resolved,StockholdersEquityIncludingPortionAttributableToNoncontrollingInterest,USD,0,instant:70
1099219,liabilities,SINGLE,Liabilities,,1.0,resolved,,USD,0,instant:62
1099219,liabilities_and_equity,SINGLE,LiabilitiesAndStockholdersEquity,,1.0,resolved,,USD,0,instant:62
1099219,minority_interest,SINGLE,MinorityInterest,,1.0,resolved,,USD,0,instant:62
1099219,net_income,DOMINANT,NetIncomeLoss,,1.0,resolved,ProfitLoss,USD,0,Q:108|FY:27|H1:16|9M:14
1099219,net_income_to_common,SINGLE,NetIncomeLossAvailableToCommonStockholdersBasic,,1.0,resolved,,USD,0,Q:108|FY:27|H1:16|9M:14
1099219,operating_cash_flow,SINGLE,NetCashProvidedByUsedInOperatingActivities,,1.0,resolved,,USD,0,FY:27|H1:16|9M:14|Q:14
1099219,operating_income,ABSENT,,,0.0,UNRESOLVED,,,0,
1099219,pretax_income,SINGLE,IncomeLossFromContinuingOperationsBeforeIncomeTaxesExtraordinaryItemsNoncontrollingInterest,,1.0,resolved,,USD,0,Q:44|FY:27|H1:16|9M:14
1099219,revenue,SINGLE,Revenues,,1.0,resolved,,USD,0,Q:108|FY:27|H1:16|9M:14
1099219,shares_outstanding,SINGLE,EntityCommonStockSharesOutstanding,,1.0,resolved,,shares,0,instant:29
1099590,assets,SINGLE,Assets,,1.0,resolved,,USD,0,instant:52
1099590,cash,DOMINANT,CashAndCashEquivalentsAtCarryingValue,,1.0,resolved,CashCashEquivalentsRestrictedCashAndRestrictedCashEquivalents,USD,0,instant:52
1099590,eps_diluted,SINGLE,EarningsPerShareDiluted,,1.0,resolved,,USD/shares,0,Q:98|FY:21|H1:14|9M:12
1099590,equity,SINGLE,StockholdersEquity,,1.0,resolved,,USD,0,instant:142
1099590,liabilities,SINGLE,Liabilities,,1.0,resolved,,USD,0,instant:52
1099590,liabilities_and_equity,SINGLE,LiabilitiesAndStockholdersEquity,,1.0,resolved,,USD,0,instant:52
1099590,minority_interest,ABSENT,,,0.0,UNRESOLVED,,,0,
1099590,net_income,SINGLE,NetIncomeLoss,,1.0,resolved,,USD,0,Q:142|FY:24|H1:15|9M:13
1099590,net_income_to_common,PARTIAL,NetIncomeLossAvailableToCommonStockholdersBasic,,0.75,UNRESOLVED,,USD,0,Q:28|FY:18|9M:10|H1:10
1099590,operating_cash_flow,SINGLE,NetCashProvidedByUsedInOperatingActivities,,1.0,resolved,,USD,0,FY:21|H1:14|9M:12|Q:12
1099590,operating_income,SINGLE,OperatingIncomeLoss,,1.0,resolved,,USD,0,Q:47|FY:24|H1:15|9M:13
1099590,pretax_income,SINGLE,IncomeLossFromContinuingOperationsBeforeIncomeTaxesExtraordinaryItemsNoncontrollingInterest,,1.0,resolved,,USD,0,Q:47|FY:24|H1:15|9M:13
1099590,revenue,DOMINANT,Revenues,,1.0,resolved,RevenueFromContractWithCustomerExcludingAssessedTax,USD,0,Q:37|FY:12|H1:7|9M:5
1099590,shares_outstanding,SINGLE,EntityCommonStockSharesOutstanding,,1.0,resolved,,shares,0,instant:26
1099800,assets,SINGLE,Assets,,1.0,resolved,,USD,0,instant:34
1099800,cash,DOMINANT,CashAndCashEquivalentsAtCarryingValue,,1.0,resolved,CashCashEquivalentsRestrictedCashAndRestrictedCashEquivalents,USD,0,instant:38
1099800,eps_diluted,SINGLE,EarningsPerShareDiluted,,1.0,resolved,,USD/shares,0,Q:34|FY:12|H1:10|9M:8
1099800,equity,DOMINANT,StockholdersEquity,,1.0,resolved,StockholdersEquityIncludingPortionAttributableToNoncontrollingInterest,USD,0,instant:74
1099800,liabilities,SINGLE,Liabilities,,0.8125,resolved,,USD,0,instant:24
1099800,liabilities_and_equity,SINGLE,LiabilitiesAndStockholdersEquity,,1.0,resolved,,USD,0,instant:34
1099800,minority_interest,PARTIAL,MinorityInterest,,0.4375,UNRESOLVED,,USD,0,instant:12
1099800,net_income,PARTIAL,ProfitLoss|NetIncomeLoss,,0.6875,UNRESOLVED,,USD,0,Q:24|H1:8|FY:6|9M:4
1099800,net_income_to_common,SINGLE,NetIncomeLossAvailableToCommonStockholdersBasic,,0.9375,resolved,,USD,0,Q:50|FY:12|9M:8|H1:8
1099800,operating_cash_flow,SINGLE,NetCashProvidedByUsedInOperatingActivities,,1.0,resolved,,USD,0,FY:12|H1:10|9M:8|Q:8
1099800,operating_income,SINGLE,OperatingIncomeLoss,,1.0,resolved,,USD,0,Q:26|FY:12|H1:10|9M:8
1099800,pretax_income,SINGLE,IncomeLossFromContinuingOperationsBeforeIncomeTaxesExtraordinaryItemsNoncontrollingInterest,,1.0,resolved,,USD,0,Q:18|FY:9|9M:6|H1:6
1099800,revenue,SINGLE,RevenueFromContractWithCustomerExcludingAssessedTax,,1.0,resolved,,USD,0,Q:34|FY:12|H1:10|9M:8
1099800,shares_outstanding,SINGLE,EntityCommonStockSharesOutstanding,,1.0,resolved,,shares,0,instant:17
1101239,assets,SINGLE,Assets,,1.0,resolved,,USD,0,instant:92
1101239,cash,DOMINANT,CashAndCashEquivalentsAtCarryingValue,,1.0,resolved,CashCashEquivalentsRestrictedCashAndRestrictedCashEquivalents,USD,0,instant:145
1101239,eps_diluted,SINGLE,EarningsPerShareDiluted,,1.0,resolved,,USD/shares,0,Q:124|FY:36|H1:24|9M:22
1101239,equity,DOMINANT,StockholdersEquity,,1.0,resolved,StockholdersEquityIncludingPortionAttributableToNoncontrollingInterest,USD,0,instant:113
1101239,liabilities,SINGLE,Liabilities,,1.0,resolved,,USD,0,instant:92
1101239,liabilities_and_equity,SINGLE,LiabilitiesAndStockholdersEquity,,1.0,resolved,,USD,0,instant:92
1101239,minority_interest,PARTIAL,MinorityInterest,,0.6591,UNRESOLVED,,USD,0,instant:56
1101239,net_income,DOMINANT,NetIncomeLoss,,1.0,resolved,ProfitLoss,USD,0,Q:125|FY:36|H1:24|9M:22
1101239,net_income_to_common,PARTIAL,NetIncomeLossAvailableToCommonStockholdersBasic,,0.2045,UNRESOLVED,,USD,0,Q:12|9M:4|H1:4
1101239,operating_cash_flow,SINGLE,NetCashProvidedByUsedInOperatingActivities,,1.0,resolved,,USD,0,FY:36|H1:22|Q:22|9M:20
1101239,operating_income,SINGLE,OperatingIncomeLoss,,1.0,resolved,,USD,0,Q:68|FY:36|H1:24|9M:22
1101239,pretax_income,SINGLE,IncomeLossFromContinuingOperationsBeforeIncomeTaxesExtraordinaryItemsNoncontrollingInterest,,1.0,resolved,,USD,0,Q:66|FY:36|H1:23|9M:21
1101239,revenue,MIGRATION,Revenues|RevenueFromContractWithCustomerExcludingAssessedTax,2021Q1,1.0,resolved,,USD,0,Q:95|FY:36|H1:24|9M:22
1101239,shares_outstanding,SINGLE,EntityCommonStockSharesOutstanding,,0.9545,resolved,,shares,0,instant:46
1103982,assets,SINGLE,Assets,,0.9773,resolved,,USD,0,instant:97
1103982,cash,PARTIAL,CashCashEquivalentsRestrictedCashAndRestrictedCashEquivalents,,0.7273,UNRESOLVED,,USD,0,instant:104
1103982,eps_diluted,SINGLE,EarningsPerShareDiluted,,0.9773,resolved,,USD/shares,0,Q:114|FY:33|9M:22|H1:22
1103982,equity,DOMINANT,StockholdersEquity,,0.9773,resolved,StockholdersEquityIncludingPortionAttributableToNoncontrollingInterest,USD,0,instant:88
1103982,liabilities,SINGLE,Liabilities,,0.9773,resolved,,USD,0,instant:88
1103982,liabilities_and_equity,SINGLE,LiabilitiesAndStockholdersEquity,,0.9773,resolved,,USD,0,instant:88
1103982,minority_interest,SINGLE,MinorityInterest,,0.9773,resolved,,USD,0,instant:104
1103982,net_income,DOMINANT,NetIncomeLoss,,0.9773,resolved,ProfitLoss,USD,0,Q:114|FY:33|9M:22|H1:22
1103982,net_income_to_common,ABSENT,,,0.0,UNRESOLVED,,,0,
1103982,operating_cash_flow,SINGLE,NetCashProvidedByUsedInOperatingActivities,,0.9773,resolved,,USD,0,FY:33|9M:22|H1:22|Q:22
1103982,operating_income,SINGLE,OperatingIncomeLoss,,0.9773,resolved,,USD,0,Q:66|FY:33|9M:22|H1:22
1103982,pretax_income,SINGLE,IncomeLossFromContinuingOperationsBeforeIncomeTaxesMinorityInterestAndIncomeLossFromEquityMethodInvestments,,0.9773,resolved,,USD,0,Q:66|FY:33|9M:22|H1:22
1103982,revenue,SINGLE,Revenues,,0.9773,resolved,,USD,0,Q:114|FY:33|9M:22|H1:22
1103982,shares_outstanding,SINGLE,EntityCommonStockSharesOutstanding,,1.0,resolved,,shares,0,instant:44
1105705,assets,SINGLE,Assets,,0.9167,resolved,,USD,0,instant:25
1105705,cash,SINGLE,CashAndCashEquivalentsAtCarryingValue,,0.9167,resolved,,USD,0,instant:48
1105705,eps_diluted,SINGLE,EarningsPerShareDiluted,,0.9167,resolved,,USD/shares,0,Q:18|FY:9|9M:6|H1:6
1105705,equity,DOMINANT,StockholdersEquity,,0.9167,resolved,StockholdersEquityIncludingPortionAttributableToNoncontrollingInterest,USD,0,instant:18
1105705,liabilities,PARTIAL,Liabilities,,0.1667,UNRESOLVED,,USD,0,instant:2
1105705,liabilities_and_equity,SINGLE,LiabilitiesAndStockholdersEquity,,0.9167,resolved,,USD,0,instant:24
1105705,minority_interest,SINGLE,MinorityInterest,,0.8333,resolved,,USD,0,instant:18
1105705,net_income,DOMINANT,NetIncomeLoss,,0.9167,resolved,ProfitLoss,USD,0,Q:14|FY:9|9M:6|H1:4
1105705,net_income_to_common,ABSENT,,,0.0,UNRESOLVED,,,0,
1105705,operating_cash_flow,DOMINANT,NetCashProvidedByUsedInOperatingActivities,,0.9167,resolved,NetCashProvidedByUsedInOperatingActivitiesContinuingOperations,USD,0,Q:6|9M:4|H1:4|FY:3
1105705,operating_income,SINGLE,OperatingIncomeLoss,,0.9167,resolved,,USD,0,Q:18|FY:9|9M:6|H1:6
1105705,pretax_income,SINGLE,IncomeLossFromContinuingOperationsBeforeIncomeTaxesExtraordinaryItemsNoncontrollingInterest,,0.9167,resolved,,USD,0,Q:18|FY:9|9M:6|H1:6
1105705,revenue,SINGLE,Revenues,,0.9167,resolved,,USD,0,Q:18|FY:9|9M:6|H1:6
1105705,shares_outstanding,SINGLE,EntityCommonStockSharesOutstanding,,1.0,resolved,,shares,0,instant:12
1108524,assets,SINGLE,Assets,,1.0,resolved,,USD,0,instant:92
1108524,cash,DOMINANT,CashAndCashEquivalentsAtCarryingValue,,1.0,resolved,CashCashEquivalentsRestrictedCashAndRestrictedCashEquivalents,USD,0,instant:140
1108524,eps_diluted,SINGLE,EarningsPerShareDiluted,,1.0,resolved,,USD/shares,0,Q:114|FY:39|9M:22|H1:22
1108524,equity,SINGLE,StockholdersEquity,,1.0,resolved,,USD,0,instant:208
1108524,liabilities,SINGLE,Liabilities,,1.0,resolved,,USD,0,instant:92
1108524,liabilities_and_equity,SINGLE,LiabilitiesAndStockholdersEquity,,1.0,resolved,,USD,0,instant:92
1108524,minority_interest,ABSENT,,,0.0,UNRESOLVED,,,0,
1108524,net_income,SINGLE,NetIncomeLoss,,1.0,resolved,,USD,0,Q:155|FY:39|9M:22|H1:22
1108524,net_income_to_common,ABSENT,,,0.0,UNRESOLVED,,,0,
1108524,operating_cash_flow,SINGLE,NetCashProvidedByUsedInOperatingActivities,,1.0,resolved,,USD,0,Q:66|FY:39|9M:22|H1:22
1108524,operating_income,SINGLE,OperatingIncomeLoss,,1.0,resolved,,USD,0,Q:114|FY:39|9M:22|H1:22
1108524,pretax_income,MIGRATION,IncomeLossFromContinuingOperationsBeforeIncomeTaxesMinorityInterestAndIncomeLossFromEquityMethodInvestments|IncomeLossFromContinuingOperationsBeforeIncomeTaxesExtraordinaryItemsNoncontrollingInterest,2021Q4,1.0,resolved,,USD,0,Q:66|FY:39|9M:22|H1:22
1108524,revenue,SINGLE,RevenueFromContractWithCustomerExcludingAssessedTax,,1.0,resolved,,USD,0,Q:66|FY:27|9M:16|H1:16
1108524,shares_outstanding,SINGLE,EntityCommonStockSharesOutstanding,,1.0,resolved,,shares,0,instant:45
1109357,assets,SINGLE,Assets,,1.0,resolved,,USD,0,instant:90
1109357,cash,DOMINANT,CashAndCashEquivalentsAtCarryingValue,,1.0,resolved,CashCashEquivalentsRestrictedCashAndRestrictedCashEquivalents,USD,0,instant:176
1109357,eps_diluted,SINGLE,EarningsPerShareDiluted,,0.8372,resolved,,USD/shares,0,Q:94|FY:21|9M:18|H1:18
1109357,equity,DOMINANT,StockholdersEquity,,1.0,resolved,StockholdersEquityIncludingPortionAttributableToNoncontrollingInterest,USD,0,instant:90
1109357,liabilities,SINGLE,Liabilities,,1.0,resolved,,USD,0,instant:90
1109357,liabilities_and_equity,SINGLE,LiabilitiesAndStockholdersEquity,,1.0,resolved,,USD,0,instant:90
1109357,minority_interest,PARTIAL,MinorityInterest,,0.6977,UNRESOLVED,,USD,0,instant:64
1109357,net_income,SINGLE,ProfitLoss,,1.0,resolved,,USD,0,Q:116|FY:36|9M:22|H1:22
1109357,net_income_to_common,SINGLE,NetIncomeLossAvailableToCommonStockholdersBasic,,1.0,resolved,,USD,0,Q:98|FY:36|9M:22|H1:22
1109357,operating_cash_flow,SINGLE,NetCashProvidedByUsedInOperatingActivities,,1.0,resolved,,USD,0,FY:36|H1:22|Q:22|9M:20
1109357,operating_income,SINGLE,OperatingIncomeLoss,,1.0,resolved,,USD,0,Q:98|FY:36|9M:22|H1:22
1109357,pretax_income,SINGLE,IncomeLossFromContinuingOperationsBeforeIncomeTaxesExtraordinaryItemsNoncontrollingInterest,,0.9767,resolved,,USD,0,Q:56|FY:36|9M:18|H1:18
1109357,revenue,SINGLE,Revenues,,1.0,resolved,,USD,0,Q:106|FY:36|9M:22|H1:22
1109357,shares_outstanding,SINGLE,EntityCommonStockSharesOutstanding,,0.7907,resolved,,shares,0,instant:44
1110803,assets,SINGLE,Assets,,0.9375,resolved,,USD,0,instant:36
1110803,cash,SINGLE,CashCashEquivalentsRestrictedCashAndRestrictedCashEquivalents,,0.9375,resolved,,USD,0,instant:52
1110803,eps_diluted,SINGLE,EarningsPerShareDiluted,,0.9375,resolved,,USD/shares,0,Q:40|FY:12|9M:8|H1:8
1110803,equity,DOMINANT,StockholdersEquity,,0.9375,resolved,StockholdersEquityIncludingPortionAttributableToNoncontrollingInterest,USD,0,instant:41
1110803,liabilities,ABSENT,,,0.0,UNRESOLVED,,,0,
1110803,liabilities_and_equity,SINGLE,LiabilitiesAndStockholdersEquity,,0.9375,resolved,,USD,0,instant:32
1110803,minority_interest,PARTIAL,MinorityInterest,,0.3125,UNRESOLVED,,USD,0,instant:10
1110803,net_income,SINGLE,NetIncomeLoss,,0.9375,resolved,,USD,0,Q:55|FY:12|9M:8|H1:8
1110803,net_income_to_common,ABSENT,,,0.0,UNRESOLVED,,,0,
1110803,operating_cash_flow,SINGLE,NetCashProvidedByUsedInOperatingActivities,,0.9375,resolved,,USD,0,FY:12|9M:8|H1:8|Q:8
1110803,operating_income,SINGLE,OperatingIncomeLoss,,0.9375,resolved,,USD,0,Q:24|FY:12|9M:8|H1:8
1110803,pretax_income,SINGLE,IncomeLossFromContinuingOperationsBeforeIncomeTaxesExtraordinaryItemsNoncontrollingInterest,,0.9375,resolved,,USD,0,Q:24|9M:8|H1:8|FY:3
1110803,revenue,SINGLE,RevenueFromContractWithCustomerExcludingAssessedTax,,0.9375,resolved,,USD,0,Q:36|FY:12|9M:6|H1:6
1110803,shares_outstanding,SINGLE,EntityCommonStockSharesOutstanding,,1.0,resolved,,shares,0,instant:16
1122304,assets,SINGLE,Assets,,1.0,resolved,,USD,0,instant:29
1122304,cash,SINGLE,CashAndCashEquivalentsAtCarryingValue,,1.0,resolved,,USD,0,instant:56
1122304,eps_diluted,SINGLE,EarningsPerShareDiluted,,1.0,resolved,,USD/shares,0,Q:46|FY:9|9M:8|H1:8
1122304,equity,DOMINANT,StockholdersEquity,,1.0,resolved,StockholdersEquityIncludingPortionAttributableToNoncontrollingInterest,USD,0,instant:28
1122304,liabilities,SINGLE,Liabilities,,1.0,resolved,,USD,0,instant:28
1122304,liabilities_and_equity,SINGLE,LiabilitiesAndStockholdersEquity,,1.0,resolved,,USD,0,instant:28
1122304,minority_interest,SINGLE,MinorityInterest,,1.0,resolved,,USD,0,instant:28
1122304,net_income,DOMINANT,NetIncomeLoss,,1.0,resolved,ProfitLoss,USD,0,Q:46|FY:9|9M:8|H1:8
1122304,net_income_to_common,ABSENT,,,0.0,UNRESOLVED,,,0,
1122304,operating_cash_flow,SINGLE,NetCashProvidedByUsedInOperatingActivities,,1.0,resolved,,USD,0,FY:9|9M:8|H1:8|Q:6
1122304,operating_income,ABSENT,,,0.0,UNRESOLVED,,,0,
1122304,pretax_income,SINGLE,IncomeLossFromContinuingOperationsBeforeIncomeTaxesMinorityInterestAndIncomeLossFromEquityMethodInvestments,,1.0,resolved,,USD,0,Q:46|FY:9|9M:8|H1:8
1122304,revenue,SINGLE,Revenues,,1.0,resolved,,USD,0,Q:46|FY:9|9M:8|H1:8
1122304,shares_outstanding,SINGLE,EntityCommonStockSharesOutstanding,,0.7692,resolved,,shares,0,instant:14
1123360,assets,SINGLE,Assets,,1.0,resolved,,USD,0,instant:34
1123360,cash,DOMINANT,CashAndCashEquivalentsAtCarryingValue,,1.0,resolved,CashCashEquivalentsRestrictedCashAndRestrictedCashEquivalents,USD,0,instant:34
1123360,eps_diluted,SINGLE,EarningsPerShareDiluted,,1.0,resolved,,USD/shares,0,Q:42|FY:12|H1:10|9M:8
1123360,equity,DOMINANT,StockholdersEquity,,1.0,resolved,StockholdersEquityIncludingPortionAttributableToNoncontrollingInterest,USD,0,instant:34
1123360,liabilities,SINGLE,Liabilities,,1.0,resolved,,USD,0,instant:34
1123360,liabilities_and_equity,SINGLE,LiabilitiesAndStockholdersEquity,,1.0,resolved,,USD,0,instant:34
1123360,minority_interest,SINGLE,MinorityInterest,,1.0,resolved,,USD,0,instant:34
1123360,net_income,DOMINANT,NetIncomeLoss,,1.0,resolved,ProfitLoss,USD,0,Q:42|FY:12|H1:10|9M:8
1123360,net_income_to_common,ABSENT,,,0.0,UNRESOLVED,,,0,
1123360,operating_cash_flow,SINGLE,NetCashProvidedByUsedInOperatingActivities,,1.0,resolved,,USD,0,FY:12|H1:10|9M:8|Q:8
1123360,operating_income,SINGLE,OperatingIncomeLoss,,1.0,resolved,,USD,0,Q:42|FY:12|H1:10|9M:8
1123360,pretax_income,SINGLE,IncomeLossFromContinuingOperationsBeforeIncomeTaxesMinorityInterestAndIncomeLossFromEquityMethodInvestments,,0.75,resolved,,USD,0,FY:12|Q:10|H1:4|9M:2
1123360,revenue,SINGLE,RevenueFromContractWithCustomerExcludingAssessedTax,,1.0,resolved,,USD,0,Q:42|FY:12|H1:10|9M:8
1123360,shares_outstanding,SINGLE,EntityCommonStockSharesOutstanding,,1.0,resolved,,shares,0,instant:17
1126975,assets,SINGLE,Assets,,1.0,resolved,,USD,0,instant:77
1126975,cash,DOMINANT,CashAndCashEquivalentsAtCarryingValue,,1.0,resolved,CashCashEquivalentsRestrictedCashAndRestrictedCashEquivalents,USD,0,instant:92
1126975,eps_diluted,SINGLE,NetIncomeLossNetOfTaxPerOutstandingLimitedPartnershipUnitDiluted,,0.9688,resolved,,USD/shares,0,Q:58|FY:27|9M:14|H1:14
1126975,equity,SINGLE,PartnersCapital,,1.0,resolved,,USD,0,instant:132
1126975,liabilities,ABSENT,,,0.0,UNRESOLVED,,,0,
1126975,liabilities_and_equity,SINGLE,LiabilitiesAndStockholdersEquity,,1.0,resolved,,USD,0,instant:68
1126975,minority_interest,ABSENT,,,0.0,UNRESOLVED,,,0,
1126975,net_income,SINGLE,ProfitLoss,,0.9688,resolved,,USD,0,Q:40|FY:21|H1:14|9M:12
1126975,net_income_to_common,ABSENT,,,0.0,UNRESOLVED,,,0,
1126975,operating_cash_flow,SINGLE,NetCashProvidedByUsedInOperatingActivities,,1.0,resolved,,USD,0,FY:27|H1:18|9M:16|Q:16
1126975,operating_income,SINGLE,OperatingIncomeLoss,,1.0,resolved,,USD,0,Q:50|FY:27|H1:18|9M:16
1126975,pretax_income,SINGLE,IncomeLossFromContinuingOperationsBeforeIncomeTaxesExtraordinaryItemsNoncontrollingInterest,,0.9688,resolved,,USD,0,Q:40|FY:21|H1:14|9M:12
1126975,revenue,SINGLE,Revenues,,1.0,resolved,,USD,0,Q:66|FY:27|H1:18|9M:16
1126975,shares_outstanding,SINGLE,EntityCommonStockSharesOutstanding,,1.0,resolved,,shares,0,instant:33
1133421,assets,SINGLE,Assets,,1.0,resolved,,USD,0,instant:86
1133421,cash,SINGLE,CashAndCashEquivalentsAtCarryingValue,,1.0,resolved,,USD,0,instant:158
1133421,eps_diluted,SINGLE,EarningsPerShareDiluted,,1.0,resolved,,USD/shares,0,Q:126|FY:36|H1:22|9M:20
1133421,equity,SINGLE,StockholdersEquity,,1.0,resolved,,USD,0,instant:129
1133421,liabilities,SINGLE,Liabilities,,1.0,resolved,,USD,0,instant:86
1133421,liabilities_and_equity,SINGLE,LiabilitiesAndStockholdersEquity,,1.0,resolved,,USD,0,instant:86
1133421,minority_interest,ABSENT,,,0.0,UNRESOLVED,,,0,
1133421,net_income,SINGLE,NetIncomeLoss,,1.0,resolved,,USD,0,Q:126|FY:36|H1:22|9M:20
1133421,net_income_to_common,ABSENT,,,0.0,UNRESOLVED,,,0,
1133421,operating_cash_flow,SINGLE,NetCashProvidedByUsedInOperatingActivities,,1.0,resolved,,USD,0,FY:36|H1:22|9M:20|Q:20
1133421,operating_income,SINGLE,OperatingIncomeLoss,,1.0,resolved,,USD,0,Q:126|FY:36|H1:22|9M:20
1133421,pretax_income,SINGLE,IncomeLossFromContinuingOperationsBeforeIncomeTaxesExtraordinaryItemsNoncontrollingInterest,,1.0,resolved,,USD,0,Q:62|FY:36|H1:22|9M:20
1133421,revenue,SINGLE,Revenues,,0.875,resolved,,USD,0,Q:74|FY:24|9M:14|H1:14
1133421,shares_outstanding,SINGLE,EntityCommonStockSharesOutstanding,,1.0,resolved,,shares,0,instant:41
1136893,assets,SINGLE,Assets,,0.95,resolved,,USD,0,instant:40
1136893,cash,DOMINANT,CashAndCashEquivalentsAtCarryingValue,,0.95,resolved,CashCashEquivalentsRestrictedCashAndRestrictedCashEquivalents,USD,0,instant:40
1136893,eps_diluted,SINGLE,EarningsPerShareDiluted,,0.95,resolved,,USD/shares,0,Q:30|FY:15|9M:10|H1:10
1136893,equity,DOMINANT,StockholdersEquity,,0.95,resolved,StockholdersEquityIncludingPortionAttributableToNoncontrollingInterest,USD,0,instant:40
1136893,liabilities,SINGLE,Liabilities,,0.95,resolved,,USD,0,instant:40
1136893,liabilities_and_equity,SINGLE,LiabilitiesAndStockholdersEquity,,0.95,resolved,,USD,0,instant:40
1136893,minority_interest,SINGLE,MinorityInterest,,0.95,resolved,,USD,0,instant:39
1136893,net_income,DOMINANT,NetIncomeLoss,,0.95,resolved,ProfitLoss,USD,0,Q:38|FY:15|9M:10|H1:10
1136893,net_income_to_common,ABSENT,,,0.0,UNRESOLVED,,,0,
1136893,operating_cash_flow,SINGLE,NetCashProvidedByUsedInOperatingActivities,,0.95,resolved,,USD,0,FY:15|9M:10|H1:10|Q:8
1136893,operating_income,SINGLE,OperatingIncomeLoss,,0.95,resolved,,USD,0,Q:38|FY:15|9M:10|H1:10
1136893,pretax_income,SINGLE,IncomeLossFromContinuingOperationsBeforeIncomeTaxesMinorityInterestAndIncomeLossFromEquityMethodInvestments,,0.95,resolved,,USD,0,Q:24|FY:15|9M:8|H1:8
1136893,revenue,SINGLE,RevenueFromContractWithCustomerExcludingAssessedTax,,0.95,resolved,,USD,0,Q:38|FY:15|9M:10|H1:10
1136893,shares_outstanding,SINGLE,EntityCommonStockSharesOutstanding,,1.0,resolved,,shares,0,instant:20
1137774,assets,SINGLE,Assets,,0.95,resolved,,USD,0,instant:40
1137774,cash,DOMINANT,CashAndCashEquivalentsAtCarryingValue,,0.95,resolved,CashCashEquivalentsRestrictedCashAndRestrictedCashEquivalents,USD,0,instant:71
1137774,eps_diluted,SINGLE,EarningsPerShareDiluted,,0.95,resolved,,USD/shares,0,Q:70|FY:15|9M:10|H1:10
1137774,equity,DOMINANT,StockholdersEquity,,0.95,resolved,StockholdersEquityIncludingPortionAttributableToNoncontrollingInterest,USD,0,instant:40
1137774,liabilities,SINGLE,Liabilities,,0.95,resolved,,USD,0,instant:40
1137774,liabilities_and_equity,SINGLE,LiabilitiesAndStockholdersEquity,,0.95,resolved,,USD,0,instant:40
1137774,minority_interest,SINGLE,MinorityInterest,,0.95,resolved,,USD,0,instant:40
1137774,net_income,DOMINANT,NetIncomeLoss,,0.95,resolved,ProfitLoss,USD,0,Q:70|FY:15|9M:10|H1:10
1137774,net_income_to_common,SINGLE,NetIncomeLossAvailableToCommonStockholdersBasic,,0.9,resolved,,USD,0,Q:20|FY:9|9M:6|H1:6
1137774,operating_cash_flow,SINGLE,NetCashProvidedByUsedInOperatingActivities,,0.95,resolved,,USD,0,FY:15|9M:10|H1:10|Q:10
1137774,operating_income,ABSENT,,,0.0,UNRESOLVED,,,0,
1137774,pretax_income,SINGLE,IncomeLossFromContinuingOperationsBeforeIncomeTaxesMinorityInterestAndIncomeLossFromEquityMethodInvestments,,0.9,resolved,,USD,0,Q:20|FY:12|9M:6|H1:6
1137774,revenue,SINGLE,Revenues,,0.95,resolved,,USD,0,Q:70|FY:15|9M:10|H1:10
1137774,shares_outstanding,SINGLE,EntityCommonStockSharesOutstanding,,1.0,resolved,,shares,0,instant:23
1137789,assets,SINGLE,Assets,,1.0,resolved,,USD,0,instant:26
1137789,cash,SINGLE,CashAndCashEquivalentsAtCarryingValue,,1.0,resolved,,USD,0,instant:52
1137789,eps_diluted,SINGLE,EarningsPerShareDiluted,,1.0,resolved,,USD/shares,0,Q:18|FY:12|9M:6|H1:6
1137789,equity,SINGLE,StockholdersEquity,,1.0,resolved,,USD,0,instant:22
1137789,liabilities,SINGLE,Liabilities,,1.0,resolved,,USD,0,instant:26
1137789,liabilities_and_equity,SINGLE,LiabilitiesAndStockholdersEquity,,1.0,resolved,,USD,0,instant:26
1137789,minority_interest,PARTIAL,MinorityInterest,,0.1667,UNRESOLVED,,USD,0,instant:4
1137789,net_income,SINGLE,NetIncomeLoss,,1.0,resolved,,USD,0,Q:18|FY:12|9M:6|H1:6
1137789,net_income_to_common,ABSENT,,,0.0,UNRESOLVED,,,0,
1137789,operating_cash_flow,SINGLE,NetCashProvidedByUsedInOperatingActivities,,1.0,resolved,,USD,0,FY:12|9M:6|H1:6|Q:6
1137789,operating_income,SINGLE,OperatingIncomeLoss,,1.0,resolved,,USD,0,Q:18|FY:12|9M:6|H1:6
1137789,pretax_income,SINGLE,IncomeLossFromContinuingOperationsBeforeIncomeTaxesExtraordinaryItemsNoncontrollingInterest,,1.0,resolved,,USD,0,Q:12|FY:6|9M:4|H1:4
1137789,revenue,PARTIAL,Revenues,,0.25,UNRESOLVED,,USD,0,FY:3
1137789,shares_outstanding,SINGLE,EntityCommonStockSharesOutstanding,,1.0,resolved,,shares,0,instant:13
1141391,assets,SINGLE,Assets,,1.0,resolved,,USD,0,instant:90
1141391,cash,DOMINANT,CashAndCashEquivalentsAtCarryingValue,,1.0,resolved,CashCashEquivalentsRestrictedCashAndRestrictedCashEquivalents,USD,0,instant:136
1141391,eps_diluted,SINGLE,EarningsPerShareDiluted,,1.0,resolved,,USD/shares,0,Q:108|FY:33|H1:24|9M:22
1141391,equity,DOMINANT,StockholdersEquity,,1.0,resolved,StockholdersEquityIncludingPortionAttributableToNoncontrollingInterest,USD,0,instant:90
1141391,liabilities,SINGLE,Liabilities,,1.0,resolved,,USD,0,instant:90
1141391,liabilities_and_equity,SINGLE,LiabilitiesAndStockholdersEquity,,1.0,resolved,,USD,0,instant:90
1141391,minority_interest,SINGLE,MinorityInterest,,1.0,resolved,,USD,0,instant:90
1141391,net_income,SINGLE,ProfitLoss,,1.0,resolved,,USD,0,Q:114|FY:33|H1:24|9M:22
1141391,net_income_to_common,ABSENT,,,0.0,UNRESOLVED,,,0,
1141391,operating_cash_flow,SINGLE,NetCashProvidedByUsedInOperatingActivities,,1.0,resolved,,USD,0,FY:33|H1:24|9M:22|Q:22
1141391,operating_income,SINGLE,OperatingIncomeLoss,,1.0,resolved,,USD,0,Q:108|FY:33|H1:24|9M:22
1141391,pretax_income,MIGRATION,IncomeLossFromContinuingOperationsBeforeIncomeTaxesMinorityInterestAndIncomeLossFromEquityMethodInvestments|IncomeLossFromContinuingOperationsBeforeIncomeTaxesExtraordinaryItemsNoncontrollingInterest,2024Q4,1.0,resolved,,USD,0,Q:68|FY:33|H1:24|9M:22
1141391,revenue,SINGLE,Revenues,,0.9091,resolved,,USD,0,Q:68|FY:24|9M:18|H1:18
1141391,shares_outstanding,ABSENT,,,0.0,UNRESOLVED,,,0,
1156039,assets,SINGLE,Assets,,1.0,resolved,,USD,0,instant:93
1156039,cash,SINGLE,CashAndCashEquivalentsAtCarryingValue,,1.0,resolved,,USD,0,instant:141
1156039,eps_diluted,SINGLE,EarningsPerShareDiluted,,1.0,resolved,,USD/shares,0,Q:118|FY:36|H1:26|9M:22
1156039,equity,SINGLE,StockholdersEquity,,1.0,resolved,,USD,0,instant:154
1156039,liabilities,SINGLE,Liabilities,,1.0,resolved,,USD,0,instant:93
1156039,liabilities_and_equity,SINGLE,LiabilitiesAndStockholdersEquity,,1.0,resolved,,USD,0,instant:93
1156039,minority_interest,PARTIAL,MinorityInterest,,0.5227,UNRESOLVED,,USD,0,instant:47
1156039,net_income,SINGLE,NetIncomeLoss,,1.0,resolved,,USD,0,Q:130|FY:36|H1:26|9M:22
1156039,net_income_to_common,ABSENT,,,0.0,UNRESOLVED,,,0,
1156039,operating_cash_flow,SINGLE,NetCashProvidedByUsedInOperatingActivities,,1.0,resolved,,USD,0,FY:36|H1:26|9M:22|Q:22
1156039,operating_income,SINGLE,OperatingIncomeLoss,,1.0,resolved,,USD,0,Q:70|FY:36|H1:26|9M:22
1156039,pretax_income,SINGLE,IncomeLossFromContinuingOperationsBeforeIncomeTaxesExtraordinaryItemsNoncontrollingInterest,,1.0,resolved,,USD,0,Q:118|FY:36|H1:26|9M:22
1156039,revenue,SINGLE,Revenues,,1.0,resolved,,USD,0,Q:118|FY:36|H1:26|9M:22
1156039,shares_outstanding,SINGLE,EntityCommonStockSharesOutstanding,,1.0,resolved,,shares,0,instant:57
1156375,assets,SINGLE,Assets,,1.0,resolved,,USD,0,instant:82
1156375,cash,DOMINANT,CashAndCashEquivalentsAtCarryingValue,,1.0,resolved,CashCashEquivalentsRestrictedCashAndRestrictedCashEquivalents,USD,0,instant:130
1156375,eps_diluted,SINGLE,EarningsPerShareDiluted,,1.0,resolved,,USD/shares,0,Q:102|FY:30|H1:22|9M:20
1156375,equity,SINGLE,StockholdersEquity,,1.0,resolved,,USD,0,instant:140
1156375,liabilities,SINGLE,Liabilities,,1.0,resolved,,USD,0,instant:82
1156375,liabilities_and_equity,SINGLE,LiabilitiesAndStockholdersEquity,,1.0,resolved,,USD,0,instant:82
1156375,minority_interest,PARTIAL,MinorityInterest,,0.35,UNRESOLVED,,USD,0,instant:26
1156375,net_income,DOMINANT,NetIncomeLoss,,1.0,resolved,ProfitLoss,USD,0,Q:68|FY:31|H1:14|9M:12
1156375,net_income_to_common,PARTIAL,NetIncomeLossAvailableToCommonStockholdersBasic,,0.6,UNRESOLVED,,USD,0,Q:28|FY:15|H1:10|9M:8
1156375,operating_cash_flow,SINGLE,NetCashProvidedByUsedInOperatingActivities,,1.0,resolved,,USD,0,FY:30|H1:22|9M:20|Q:20
1156375,operating_income,SINGLE,OperatingIncomeLoss,,1.0,resolved,,USD,0,Q:102|FY:30|H1:22|9M:20
1156375,pretax_income,SINGLE,IncomeLossFromContinuingOperationsBeforeIncomeTaxesExtraordinaryItemsNoncontrollingInterest,,1.0,resolved,,USD,0,Q:102|FY:30|H1:22|9M:20
1156375,revenue,SINGLE,Revenues,,1.0,resolved,,USD,0,Q:102|FY:30|H1:22|9M:20
1156375,shares_outstanding,ABSENT,,,0.0,UNRESOLVED,,,0,
1161154,assets,SINGLE,Assets,,1.0,resolved,,USD,0,instant:49
1161154,cash,SINGLE,CashAndCashEquivalentsAtCarryingValue,,1.0,resolved,,USD,0,instant:82
1161154,eps_diluted,PARTIAL,NetIncomeLossNetOfTaxPerOutstandingLimitedPartnershipUnitDiluted,,0.4444,UNRESOLVED,,USD/shares,0,Q:38|FY:9|H1:6|9M:4
1161154,equity,DOMINANT,StockholdersEquityIncludingPortionAttributableToNoncontrollingInterest,,1.0,resolved,PartnersCapital|PartnersCapitalIncludingPortionAttributableToNoncontrollingInterest,USD,0,instant:68
1161154,liabilities,PARTIAL,Liabilities,,0.1667,UNRESOLVED,,USD,0,instant:8
1161154,liabilities_and_equity,SINGLE,LiabilitiesAndStockholdersEquity,,1.0,resolved,,USD,0,instant:40
1161154,minority_interest,PARTIAL,MinorityInterest,,0.4444,UNRESOLVED,,USD,0,instant:19
1161154,net_income,DOMINANT,NetIncomeLoss,,1.0,resolved,ProfitLoss,USD,0,Q:36|FY:18|9M:10|H1:10
1161154,net_income_to_common,PARTIAL,NetIncomeLossAvailableToCommonStockholdersBasic,,0.1111,UNRESOLVED,,USD,0,H1:2|Q:2
1161154,operating_cash_flow,SINGLE,NetCashProvidedByUsedInOperatingActivities,,1.0,resolved,,USD,0,FY:18|9M:10|H1:10|Q:8
1161154,operating_income,SINGLE,OperatingIncomeLoss,,1.0,resolved,,USD,0,Q:78|FY:22|9M:10|H1:10
1161154,pretax_income,SINGLE,IncomeLossFromContinuingOperationsBeforeIncomeTaxesExtraordinaryItemsNoncontrollingInterest,,1.0,resolved,,USD,0,Q:30|FY:22|9M:10|H1:10
1161154,revenue,SINGLE,Revenues,,1.0,resolved,,USD,0,Q:68|FY:18|9M:10|H1:10
1161154,shares_outstanding,SINGLE,EntityCommonStockSharesOutstanding,,0.7778,resolved,,shares,0,instant:16
1163165,assets,SINGLE,Assets,,1.0,resolved,,USD,0,instant:111
1163165,cash,DOMINANT,CashAndCashEquivalentsAtCarryingValue,,1.0,resolved,CashCashEquivalentsRestrictedCashAndRestrictedCashEquivalents,USD,0,instant:119
1163165,eps_diluted,SINGLE,EarningsPerShareDiluted,,0.9773,resolved,,USD/shares,0,Q:69|H1:25|FY:24|9M:22
1163165,equity,SINGLE,StockholdersEquity,,1.0,resolved,,USD,0,instant:138
1163165,liabilities,SINGLE,Liabilities,,1.0,resolved,,USD,0,instant:94
1163165,liabilities_and_equity,SINGLE,LiabilitiesAndStockholdersEquity,,1.0,resolved,,USD,0,instant:94
1163165,minority_interest,PARTIAL,MinorityInterest,,0.5227,UNRESOLVED,,USD,0,instant:52
1163165,net_income,DOMINANT,NetIncomeLoss,,1.0,resolved,ProfitLoss,USD,0,Q:69|FY:36|H1:26|9M:22
1163165,net_income_to_common,PARTIAL,NetIncomeLossAvailableToCommonStockholdersBasic,,0.4545,UNRESOLVED,,USD,0,Q:22|FY:12|H1:8|9M:6
1163165,operating_cash_flow,SINGLE,NetCashProvidedByUsedInOperatingActivities,,1.0,resolved,,USD,0,FY:36|H1:24|9M:22|Q:20
1163165,operating_income,ABSENT,,,0.0,UNRESOLVED,,,0,
1163165,pretax_income,SINGLE,IncomeLossFromContinuingOperationsBeforeIncomeTaxesExtraordinaryItemsNoncontrollingInterest,,0.9318,resolved,,USD,0,Q:54|FY:30|H1:21|9M:17
1163165,revenue,DOMINANT,Revenues,,1.0,resolved,RevenueFromContractWithCustomerExcludingAssessedTax,USD,0,Q:69|FY:36|H1:26|9M:22
1163165,shares_outstanding,SINGLE,EntityCommonStockSharesOutstanding,,0.75,resolved,,shares,0,instant:46
1164727,assets,SINGLE,Assets,,1.0,resolved,,USD,0,instant:82
1164727,cash,DOMINANT,CashAndCashEquivalentsAtCarryingValue,,1.0,resolved,CashCashEquivalentsRestrictedCashAndRestrictedCashEquivalents,USD,0,instant:102
1164727,eps_diluted,SINGLE,EarningsPerShareDiluted,,1.0,resolved,,USD/shares,0,Q:64|FY:27|H1:18|9M:16
1164727,equity,DOMINANT,StockholdersEquity,,1.0,resolved,StockholdersEquityIncludingPortionAttributableToNoncontrollingInterest,USD,0,instant:68
1164727,liabilities,SINGLE,Liabilities,,1.0,resolved,,USD,0,instant:68
1164727,liabilities_and_equity,SINGLE,LiabilitiesAndStockholdersEquity,,1.0,resolved,,USD,0,instant:68
1164727,minority_interest,SINGLE,MinorityInterest,,1.0,resolved,,USD,0,instant:68
1164727,net_income,DOMINANT,NetIncomeLoss,,1.0,resolved,ProfitLoss,USD,0,Q:66|FY:27|H1:18|9M:16
1164727,net_income_to_common,PARTIAL,NetIncomeLossAvailableToCommonStockholdersBasic,,0.1875,UNRESOLVED,,USD,0,Q:10|FY:6|9M:4|H1:4
1164727,operating_cash_flow,DOMINANT,NetCashProvidedByUsedInOperatingActivities,,1.0,resolved,NetCashProvidedByUsedInOperatingActivitiesContinuingOperations,USD,0,FY:27|H1:18|9M:16|Q:14
1164727,operating_income,ABSENT,,,0.0,UNRESOLVED,,,0,
1164727,pretax_income,DOMINANT,IncomeLossFromContinuingOperationsBeforeIncomeTaxesMinorityInterestAndIncomeLossFromEquityMethodInvestments,,1.0,resolved,IncomeLossFromContinuingOperationsBeforeIncomeTaxesExtraordinaryItemsNoncontrollingInterest,USD,0,Q:50|FY:27|H1:18|9M:16
1164727,revenue,SINGLE,RevenueFromContractWithCustomerExcludingAssessedTax,,1.0,resolved,,USD,0,Q:66|FY:27|H1:18|9M:16
1164727,shares_outstanding,SINGLE,EntityCommonStockSharesOutstanding,,1.0,resolved,,shares,0,instant:34
1166691,assets,SINGLE,Assets,,1.0,resolved,,USD,0,instant:90
1166691,cash,DOMINANT,CashAndCashEquivalentsAtCarryingValue,,1.0,resolved,CashCashEquivalentsRestrictedCashAndRestrictedCashEquivalents,USD,0,instant:112
1166691,eps_diluted,SINGLE,EarningsPerShareDiluted,,1.0,resolved,,USD/shares,0,Q:116|FY:33|H1:24|9M:22
1166691,equity,DOMINANT,StockholdersEquity,,1.0,resolved,StockholdersEquityIncludingPortionAttributableToNoncontrollingInterest,USD,0,instant:90
1166691,liabilities,ABSENT,,,0.0,UNRESOLVED,,,0,
1166691,liabilities_and_equity,SINGLE,LiabilitiesAndStockholdersEquity,,1.0,resolved,,USD,0,instant:90
1166691,minority_interest,SINGLE,MinorityInterest,,1.0,resolved,,USD,0,instant:90
1166691,net_income,DOMINANT,NetIncomeLoss,,1.0,resolved,ProfitLoss,USD,0,Q:116|FY:33|H1:24|9M:22
1166691,net_income_to_common,ABSENT,,,0.0,UNRESOLVED,,,0,
1166691,operating_cash_flow,SINGLE,NetCashProvidedByUsedInOperatingActivities,,1.0,resolved,,USD,0,FY:33|H1:24|9M:22|Q:22
1166691,operating_income,SINGLE,OperatingIncomeLoss,,1.0,resolved,,USD,0,Q:116|FY:33|H1:24|9M:22
1166691,pretax_income,SINGLE,IncomeLossFromContinuingOperationsBeforeIncomeTaxesExtraordinaryItemsNoncontrollingInterest,,1.0,resolved,,USD,0,Q:68|FY:33|H1:24|9M:22
1166691,revenue,MIGRATION,Revenues|RevenueFromContractWithCustomerExcludingAssessedTax,2024Q1,1.0,resolved,,USD,0,Q:116|FY:33|H1:24|9M:22
1166691,shares_outstanding,ABSENT,,,0.0,UNRESOLVED,,,0,
1222333,assets,SINGLE,Assets,,0.975,resolved,,USD,0,instant:80
1222333,cash,SINGLE,CashCashEquivalentsRestrictedCashAndRestrictedCashEquivalents,,0.975,resolved,,USD,0,instant:140
1222333,eps_diluted,ABSENT,,,0.0,UNRESOLVED,,,0,
1222333,equity,ABSENT,,,0.0,UNRESOLVED,,,0,
1222333,liabilities,SINGLE,Liabilities,,0.975,resolved,,USD,0,instant:80
1222333,liabilities_and_equity,ABSENT,,,0.0,UNRESOLVED,,,0,
1222333,minority_interest,ABSENT,,,0.0,UNRESOLVED,,,0,
1222333,net_income,DOMINANT,ProfitLoss,,0.975,resolved,NetIncomeLoss,USD,0,Q:42|FY:21|9M:14|H1:14
1222333,net_income_to_common,ABSENT,,,0.0,UNRESOLVED,,,0,
1222333,operating_cash_flow,SINGLE,NetCashProvidedByUsedInOperatingActivities,,0.975,resolved,,USD,0,Q:42|FY:21|9M:14|H1:14
1222333,operating_income,PARTIAL,OperatingIncomeLoss,,0.15,UNRESOLVED,,USD,0,Q:20|FY:9|9M:4|H1:2
1222333,pretax_income,ABSENT,,,0.0,UNRESOLVED,,,0,
1222333,revenue,ABSENT,,,0.0,UNRESOLVED,,,0,
1222333,shares_outstanding,SINGLE,EntityCommonStockSharesOutstanding,,1.0,resolved,,shares,0,instant:41
1271024,assets,SINGLE,Assets,,1.0,resolved,,USD,0,instant:12
1271024,cash,SINGLE,CashAndCashEquivalentsAtCarryingValue,,1.0,resolved,,USD,0,instant:24
1271024,eps_diluted,SINGLE,EarningsPerShareDiluted,,1.0,resolved,,USD/shares,0,Q:10|9M:4|H1:4|FY:3
1271024,equity,SINGLE,StockholdersEquity,,1.0,resolved,,USD,0,instant:14
1271024,liabilities,SINGLE,Liabilities,,1.0,resolved,,USD,0,instant:12
1271024,liabilities_and_equity,SINGLE,LiabilitiesAndStockholdersEquity,,1.0,resolved,,USD,0,instant:12
1271024,minority_interest,ABSENT,,,0.0,UNRESOLVED,,,0,
1271024,net_income,DOMINANT,NetIncomeLoss,,1.0,resolved,ProfitLoss,USD,0,Q:10|9M:4|H1:4|FY:3
1271024,net_income_to_common,ABSENT,,,0.0,UNRESOLVED,,,0,
1271024,operating_cash_flow,SINGLE,NetCashProvidedByUsedInOperatingActivities,,1.0,resolved,,USD,0,9M:4|H1:4|FY:3|Q:2
1271024,operating_income,SINGLE,OperatingIncomeLoss,,1.0,resolved,,USD,0,Q:10|9M:4|H1:4|FY:3
1271024,pretax_income,SINGLE,IncomeLossFromContinuingOperationsBeforeIncomeTaxesMinorityInterestAndIncomeLossFromEquityMethodInvestments,,1.0,resolved,,USD,0,Q:10|9M:4|H1:4|FY:3
1271024,revenue,SINGLE,Revenues,,1.0,resolved,,USD,0,Q:10|9M:4|H1:4|FY:3
1271024,shares_outstanding,ABSENT,,,0.0,UNRESOLVED,,,0,
1276187,assets,SINGLE,Assets,,1.0,resolved,,USD,0,instant:112
1276187,cash,SINGLE,CashAndCashEquivalentsAtCarryingValue,,1.0,resolved,,USD,0,instant:134
1276187,eps_diluted,SINGLE,NetIncomeLossNetOfTaxPerOutstandingLimitedPartnershipUnitDiluted,,1.0,resolved,,USD/shares,0,Q:140|FY:42|H1:24|9M:22
1276187,equity,DOMINANT,StockholdersEquityIncludingPortionAttributableToNoncontrollingInterest,,1.0,resolved,PartnersCapital|PartnersCapitalIncludingPortionAttributableToNoncontrollingInterest,USD,0,instant:208
1276187,liabilities,ABSENT,,,0.0,UNRESOLVED,,,0,
1276187,liabilities_and_equity,SINGLE,LiabilitiesAndStockholdersEquity,,1.0,resolved,,USD,0,instant:96
1276187,minority_interest,PARTIAL,MinorityInterest,,0.4318,UNRESOLVED,,USD,0,instant:47
1276187,net_income,DOMINANT,NetIncomeLoss,,1.0,resolved,ProfitLoss,USD,0,Q:68|FY:42|H1:24|9M:22
1276187,net_income_to_common,ABSENT,,,0.0,UNRESOLVED,,,0,
1276187,operating_cash_flow,SINGLE,NetCashProvidedByUsedInOperatingActivities,,1.0,resolved,,USD,0,FY:36|H1:24|Q:22|9M:20
1276187,operating_income,SINGLE,OperatingIncomeLoss,,1.0,resolved,,USD,0,Q:142|FY:46|H1:24|9M:21
1276187,pretax_income,PARTIAL,IncomeLossFromContinuingOperationsBeforeIncomeTaxesExtraordinaryItemsNoncontrollingInterest,,0.6136,UNRESOLVED,,USD,0,Q:44|FY:34|9M:14|H1:14
1276187,revenue,SINGLE,Revenues,,1.0,resolved,,USD,0,Q:140|FY:42|H1:24|9M:22
1276187,shares_outstanding,SINGLE,EntityCommonStockSharesOutstanding,,1.0,resolved,,shares,0,instant:48
1283699,assets,SINGLE,Assets,,1.0,resolved,,USD,0,instant:58
1283699,cash,DOMINANT,CashAndCashEquivalentsAtCarryingValue,,1.0,resolved,CashCashEquivalentsRestrictedCashAndRestrictedCashEquivalents,USD,0,instant:58
1283699,eps_diluted,SINGLE,EarningsPerShareDiluted,,1.0,resolved,,USD/shares,0,Q:60|FY:21|H1:16|9M:14
1283699,equity,SINGLE,StockholdersEquity,,1.0,resolved,,USD,0,instant:146
1283699,liabilities,ABSENT,,,0.0,UNRESOLVED,,,0,
1283699,liabilities_and_equity,SINGLE,LiabilitiesAndStockholdersEquity,,1.0,resolved,,USD,0,instant:58
1283699,minority_interest,ABSENT,,,0.0,UNRESOLVED,,,0,
1283699,net_income,SINGLE,NetIncomeLoss,,1.0,resolved,,USD,0,Q:60|FY:21|H1:16|9M:14
1283699,net_income_to_common,PARTIAL,NetIncomeLossAvailableToCommonStockholdersBasic,,0.0714,UNRESOLVED,,USD,0,Q:8|FY:3
1283699,operating_cash_flow,SINGLE,NetCashProvidedByUsedInOperatingActivities,,1.0,resolved,,USD,0,Q:44|FY:21|H1:16|9M:14
1283699,operating_income,SINGLE,OperatingIncomeLoss,,1.0,resolved,,USD,0,Q:60|FY:21|H1:16|9M:14
1283699,pretax_income,SINGLE,IncomeLossFromContinuingOperationsBeforeIncomeTaxesExtraordinaryItemsNoncontrollingInterest,,1.0,resolved,,USD,0,Q:30|FY:15|9M:10|H1:10
1283699,revenue,SINGLE,RevenueFromContractWithCustomerExcludingAssessedTax,,1.0,resolved,,USD,0,Q:60|FY:21|H1:16|9M:14
1283699,shares_outstanding,SINGLE,EntityCommonStockSharesOutstanding,,1.0,resolved,,shares,0,instant:30
1297996,assets,SINGLE,Assets,,0.9643,resolved,,USD,0,instant:56
1297996,cash,DOMINANT,CashAndCashEquivalentsAtCarryingValue,,0.9643,resolved,CashCashEquivalentsRestrictedCashAndRestrictedCashEquivalents,USD,0,instant:62
1297996,eps_diluted,SINGLE,EarningsPerShareDiluted,,0.9643,resolved,,USD/shares,0,Q:61|FY:22|9M:16|H1:15
1297996,equity,DOMINANT,StockholdersEquity,,0.9643,resolved,StockholdersEquityIncludingPortionAttributableToNoncontrollingInterest,USD,0,instant:56
1297996,liabilities,SINGLE,Liabilities,,0.9643,resolved,,USD,0,instant:56
1297996,liabilities_and_equity,SINGLE,LiabilitiesAndStockholdersEquity,,0.9643,resolved,,USD,0,instant:56
1297996,minority_interest,SINGLE,MinorityInterest,,0.9643,resolved,,USD,0,instant:56
1297996,net_income,DOMINANT,NetIncomeLoss,,0.9643,resolved,ProfitLoss,USD,0,Q:58|FY:21|9M:14|H1:14
1297996,net_income_to_common,SINGLE,NetIncomeLossAvailableToCommonStockholdersBasic,,0.9643,resolved,,USD,0,Q:58|FY:21|9M:14|H1:14
1297996,operating_cash_flow,SINGLE,NetCashProvidedByUsedInOperatingActivities,,0.9643,resolved,,USD,0,FY:21|9M:14|H1:14|Q:14
1297996,operating_income,SINGLE,OperatingIncomeLoss,,0.9643,resolved,,USD,0,Q:42|FY:21|9M:14|H1:14
1297996,pretax_income,PARTIAL,IncomeLossFromContinuingOperationsBeforeIncomeTaxesExtraordinaryItemsNoncontrollingInterest,,0.0357,UNRESOLVED,,USD,0,FY:1
1297996,revenue,SINGLE,Revenues,,0.9643,resolved,,USD,0,Q:58|FY:21|9M:14|H1:14
1297996,shares_outstanding,SINGLE,EntityCommonStockSharesOutstanding,,1.0,resolved,,shares,0,instant:28
1318220,assets,SINGLE,Assets,,1.0,resolved,,USD,0,instant:47
1318220,cash,DOMINANT,CashAndCashEquivalentsAtCarryingValue,,1.0,resolved,CashCashEquivalentsRestrictedCashAndRestrictedCashEquivalents,USD,0,instant:37
1318220,eps_diluted,SINGLE,EarningsPerShareDiluted,,1.0,resolved,,USD/shares,0,Q:28|FY:15|H1:10|9M:8
1318220,equity,DOMINANT,StockholdersEquity,,1.0,resolved,StockholdersEquityIncludingPortionAttributableToNoncontrollingInterest,USD,0,instant:33
1318220,liabilities,SINGLE,Liabilities,,1.0,resolved,,USD,0,instant:37
1318220,liabilities_and_equity,SINGLE,LiabilitiesAndStockholdersEquity,,1.0,resolved,,USD,0,instant:37
1318220,minority_interest,SINGLE,MinorityInterest,,0.75,resolved,,USD,0,instant:30
1318220,net_income,DOMINANT,NetIncomeLoss,,1.0,resolved,ProfitLoss,USD,0,Q:24|FY:15|9M:8|H1:8
1318220,net_income_to_common,ABSENT,,,0.0,UNRESOLVED,,,0,
1318220,operating_cash_flow,SINGLE,NetCashProvidedByUsedInOperatingActivities,,1.0,resolved,,USD,0,FY:15|H1:10|Q:10|9M:8
1318220,operating_income,SINGLE,OperatingIncomeLoss,,1.0,resolved,,USD,0,Q:28|FY:15|H1:10|9M:8
1318220,pretax_income,SINGLE,IncomeLossFromContinuingOperationsBeforeIncomeTaxesExtraordinaryItemsNoncontrollingInterest,,1.0,resolved,,USD,0,Q:28|FY:15|H1:10|9M:8
1318220,revenue,DOMINANT,Revenues,,1.0,resolved,RevenueFromContractWithCustomerExcludingAssessedTax,USD,0,Q:28|FY:15|H1:10|9M:8
1318220,shares_outstanding,SINGLE,EntityCommonStockSharesOutstanding,,1.0,resolved,,shares,0,instant:17
1318605,assets,SINGLE,Assets,,1.0,resolved,,USD,0,instant:74
1318605,cash,DOMINANT,CashAndCashEquivalentsAtCarryingValue,,1.0,resolved,CashCashEquivalentsRestrictedCashAndRestrictedCashEquivalentsIncludingDisposalGroupAndDiscontinuedOperations,USD,0,instant:142
1318605,eps_diluted,SINGLE,EarningsPerShareDiluted,,1.0,resolved,,USD/shares,0,Q:57|FY:27|9M:18|H1:18
1318605,equity,DOMINANT,StockholdersEquity,,1.0,resolved,StockholdersEquityIncludingPortionAttributableToNoncontrollingInterest,USD,0,instant:74
1318605,liabilities,SINGLE,Liabilities,,1.0,resolved,,USD,0,instant:74
1318605,liabilities_and_equity,SINGLE,LiabilitiesAndStockholdersEquity,,1.0,resolved,,USD,0,instant:74
1318605,minority_interest,SINGLE,MinorityInterest,,1.0,resolved,,USD,0,instant:74
1318605,net_income,DOMINANT,NetIncomeLoss,,1.0,resolved,ProfitLoss,USD,0,Q:91|FY:27|H1:20|9M:18
1318605,net_income_to_common,SINGLE,NetIncomeLossAvailableToCommonStockholdersBasic,,0.8333,resolved,,USD,0,Q:38|FY:21|9M:14|H1:14
1318605,operating_cash_flow,SINGLE,NetCashProvidedByUsedInOperatingActivities,,1.0,resolved,,USD,0,FY:24|H1:18|9M:16|Q:16
1318605,operating_income,SINGLE,OperatingIncomeLoss,,1.0,resolved,,USD,0,Q:56|FY:27|H1:20|9M:18
1318605,pretax_income,SINGLE,IncomeLossFromContinuingOperationsBeforeIncomeTaxesExtraordinaryItemsNoncontrollingInterest,,1.0,resolved,,USD,0,Q:56|FY:27|H1:20|9M:18
1318605,revenue,SINGLE,Revenues,,1.0,resolved,,USD,0,Q:88|FY:27|H1:20|9M:18
1318605,shares_outstanding,SINGLE,EntityCommonStockSharesOutstanding,,1.0,resolved,,shares,0,instant:42
1321655,assets,SINGLE,Assets,,1.0,resolved,,USD,0,instant:18
1321655,cash,DOMINANT,CashAndCashEquivalentsAtCarryingValue,,1.0,resolved,CashCashEquivalentsRestrictedCashAndRestrictedCashEquivalents,USD,0,instant:27
1321655,eps_diluted,SINGLE,EarningsPerShareDiluted,,1.0,resolved,,USD/shares,0,Q:14|FY:6|H1:6|9M:4
1321655,equity,DOMINANT,StockholdersEquity,,1.0,resolved,StockholdersEquityIncludingPortionAttributableToNoncontrollingInterest,USD,0,instant:18
1321655,liabilities,SINGLE,Liabilities,,1.0,resolved,,USD,0,instant:18
1321655,liabilities_and_equity,SINGLE,LiabilitiesAndStockholdersEquity,,1.0,resolved,,USD,0,instant:18
1321655,minority_interest,SINGLE,MinorityInterest,,1.0,resolved,,USD,0,instant:18
1321655,net_income,DOMINANT,NetIncomeLoss,,1.0,resolved,ProfitLoss,USD,0,Q:14|FY:6|H1:6|9M:4
1321655,net_income_to_common,ABSENT,,,0.0,UNRESOLVED,,,0,
1321655,operating_cash_flow,SINGLE,NetCashProvidedByUsedInOperatingActivities,,1.0,resolved,,USD,0,FY:6|H1:6|9M:4|Q:4
1321655,operating_income,SINGLE,OperatingIncomeLoss,,1.0,resolved,,USD,0,Q:14|FY:6|H1:6|9M:4
1321655,pretax_income,SINGLE,IncomeLossFromContinuingOperationsBeforeIncomeTaxesExtraordinaryItemsNoncontrollingInterest,,1.0,resolved,,USD,0,Q:14|FY:6|H1:6|9M:4
1321655,revenue,SINGLE,RevenueFromContractWithCustomerExcludingAssessedTax,,1.0,resolved,,USD,0,Q:14|FY:6|H1:6|9M:4
1321655,shares_outstanding,ABSENT,,,0.0,UNRESOLVED,,,0,
1326801,assets,SINGLE,Assets,,1.0,resolved,,USD,0,instant:93
1326801,cash,DOMINANT,CashAndCashEquivalentsAtCarryingValue,,1.0,resolved,CashCashEquivalentsRestrictedCashAndRestrictedCashEquivalents,USD,0,instant:146
1326801,eps_diluted,SINGLE,EarningsPerShareDiluted,,1.0,resolved,,USD/shares,0,Q:71|FY:33|H1:24|9M:22
1326801,equity,SINGLE,StockholdersEquity,,1.0,resolved,,USD,0,instant:190
1326801,liabilities,SINGLE,Liabilities,,1.0,resolved,,USD,0,instant:93
1326801,liabilities_and_equity,SINGLE,LiabilitiesAndStockholdersEquity,,1.0,resolved,,USD,0,instant:90
1326801,minority_interest,ABSENT,,,0.0,UNRESOLVED,,,0,
1326801,net_income,SINGLE,NetIncomeLoss,,1.0,resolved,,USD,0,Q:71|FY:33|H1:24|9M:22
1326801,net_income_to_common,PARTIAL,NetIncomeLossAvailableToCommonStockholdersBasic,,0.4318,UNRESOLVED,,USD,0,Q:28|FY:18|9M:10|H1:10
1326801,operating_cash_flow,SINGLE,NetCashProvidedByUsedInOperatingActivities,,1.0,resolved,,USD,0,FY:33|H1:25|9M:23|Q:23
1326801,operating_income,SINGLE,OperatingIncomeLoss,,1.0,resolved,,USD,0,Q:68|FY:33|H1:24|9M:22
1326801,pretax_income,SINGLE,IncomeLossFromContinuingOperationsBeforeIncomeTaxesExtraordinaryItemsNoncontrollingInterest,,1.0,resolved,,USD,0,Q:68|FY:33|H1:24|9M:22
1326801,revenue,SINGLE,RevenueFromContractWithCustomerExcludingAssessedTax,,1.0,resolved,,USD,0,Q:52|FY:24|H1:18|9M:16
1326801,shares_outstanding,ABSENT,,,0.0,UNRESOLVED,,,0,
1327567,assets,SINGLE,Assets,,1.0,resolved,,USD,0,instant:24
1327567,cash,DOMINANT,CashAndCashEquivalentsAtCarryingValue,,1.0,resolved,CashCashEquivalentsRestrictedCashAndRestrictedCashEquivalents,USD,0,instant:36
1327567,eps_diluted,SINGLE,EarningsPerShareDiluted,,1.0,resolved,,USD/shares,0,Q:18|FY:9|9M:6|H1:6
1327567,equity,SINGLE,StockholdersEquity,,1.0,resolved,,USD,0,instant:48
1327567,liabilities,SINGLE,Liabilities,,1.0,resolved,,USD,0,instant:24
1327567,liabilities_and_equity,SINGLE,LiabilitiesAndStockholdersEquity,,1.0,resolved,,USD,0,instant:24
1327567,minority_interest,ABSENT,,,0.0,UNRESOLVED,,,0,
1327567,net_income,SINGLE,NetIncomeLoss,,1.0,resolved,,USD,0,Q:18|FY:9|9M:6|H1:6
1327567,net_income_to_common,ABSENT,,,0.0,UNRESOLVED,,,0,
1327567,operating_cash_flow,SINGLE,NetCashProvidedByUsedInOperatingActivities,,1.0,resolved,,USD,0,FY:9|9M:6|H1:6|Q:6
1327567,operating_income,SINGLE,OperatingIncomeLoss,,1.0,resolved,,USD,0,Q:18|FY:9|9M:6|H1:6
1327567,pretax_income,SINGLE,IncomeLossFromContinuingOperationsBeforeIncomeTaxesExtraordinaryItemsNoncontrollingInterest,,1.0,resolved,,USD,0,Q:18|FY:9|9M:6|H1:6
1327567,revenue,SINGLE,RevenueFromContractWithCustomerExcludingAssessedTax,,1.0,resolved,,USD,0,Q:18|FY:9|9M:6|H1:6
1327567,shares_outstanding,SINGLE,EntityCommonStockSharesOutstanding,,1.0,resolved,,shares,0,instant:12
1341439,assets,SINGLE,Assets,,1.0,resolved,,USD,0,instant:88
1341439,cash,DOMINANT,CashAndCashEquivalentsAtCarryingValue,,1.0,resolved,CashCashEquivalentsRestrictedCashAndRestrictedCashEquivalentsIncludingDisposalGroupAndDiscontinuedOperations,USD,0,instant:115
1341439,eps_diluted,SINGLE,EarningsPerShareDiluted,,1.0,resolved,,USD/shares,0,Q:66|FY:33|9M:22|H1:22
1341439,equity,DOMINANT,StockholdersEquity,,1.0,resolved,StockholdersEquityIncludingPortionAttributableToNoncontrollingInterest,USD,0,instant:88
1341439,liabilities,ABSENT,,,0.0,UNRESOLVED,,,0,
1341439,liabilities_and_equity,SINGLE,LiabilitiesAndStockholdersEquity,,1.0,resolved,,USD,0,instant:88
1341439,minority_interest,SINGLE,MinorityInterest,,1.0,resolved,,USD,0,instant:88
1341439,net_income,SINGLE,NetIncomeLoss,,1.0,resolved,,USD,0,Q:66|FY:33|9M:22|H1:22
1341439,net_income_to_common,PARTIAL,NetIncomeLossAvailableToCommonStockholdersBasic,,0.1136,UNRESOLVED,,USD,0,FY:3|9M:2|Q:2
1341439,operating_cash_flow,SINGLE,NetCashProvidedByUsedInOperatingActivities,,1.0,resolved,,USD,0,FY:27|9M:16|H1:16|Q:16
1341439,operating_income,SINGLE,OperatingIncomeLoss,,1.0,resolved,,USD,0,Q:66|FY:33|9M:22|H1:22
1341439,pretax_income,PARTIAL,IncomeLossFromContinuingOperationsBeforeIncomeTaxesExtraordinaryItemsNoncontrollingInterest,,0.2955,UNRESOLVED,,USD,0,Q:20|FY:9|9M:6|H1:6
1341439,revenue,SINGLE,RevenueFromContractWithCustomerExcludingAssessedTax,,1.0,resolved,,USD,0,Q:48|FY:24|9M:16|H1:16
1341439,shares_outstanding,SINGLE,EntityCommonStockSharesOutstanding,,1.0,resolved,,shares,0,instant:44
1358071,assets,SINGLE,Assets,,0.9444,resolved,,USD,0,instant:36
1358071,cash,SINGLE,CashAndCashEquivalentsAtCarryingValue,,0.9444,resolved,,USD,0,instant:60
1358071,eps_diluted,SINGLE,EarningsPerShareDiluted,,0.9444,resolved,,USD/shares,0,Q:28|FY:12|9M:10|H1:10
1358071,equity,SINGLE,StockholdersEquity,,0.9444,resolved,,USD,0,instant:65
1358071,liabilities,ABSENT,,,0.0,UNRESOLVED,,,0,
1358071,liabilities_and_equity,SINGLE,LiabilitiesAndStockholdersEquity,,0.9444,resolved,,USD,0,instant:36
1358071,minority_interest,ABSENT,,,0.0,UNRESOLVED,,,0,
1358071,net_income,SINGLE,NetIncomeLoss,,0.9444,resolved,,USD,0,Q:28|FY:12|9M:10|H1:10
1358071,net_income_to_common,SINGLE,NetIncomeLossAvailableToCommonStockholdersBasic,,0.9444,resolved,,USD,0,Q:28|FY:12|9M:10|H1:10
1358071,operating_cash_flow,SINGLE,NetCashProvidedByUsedInOperatingActivities,,0.9444,resolved,,USD,0,9M:8|H1:6|Q:6|FY:3
1358071,operating_income,SINGLE,OperatingIncomeLoss,,0.9444,resolved,,USD,0,Q:28|FY:12|9M:10|H1:10
1358071,pretax_income,PARTIAL,IncomeLossFromContinuingOperationsBeforeIncomeTaxesMinorityInterestAndIncomeLossFromEquityMethodInvestments|IncomeLossFromContinuingOperationsBeforeIncomeTaxesExtraordinaryItemsNoncontrollingInterest,,0.7778,UNRESOLVED,,USD,0,Q:22|FY:12|9M:8|H1:8
1358071,revenue,SINGLE,RevenueFromContractWithCustomerExcludingAssessedTax,,0.7778,resolved,,USD,0,Q:14|9M:6|FY:6|H1:4
1358071,shares_outstanding,SINGLE,EntityCommonStockSharesOutstanding,,1.0,resolved,,shares,0,instant:18
1364742,assets,SINGLE,Assets,,0.973,resolved,,USD,0,instant:74
1364742,cash,DOMINANT,CashAndCashEquivalentsAtCarryingValue,,0.973,resolved,CashCashEquivalentsRestrictedCashAndRestrictedCashEquivalents,USD,0,instant:96
1364742,eps_diluted,SINGLE,EarningsPerShareDiluted,,0.973,resolved,,USD/shares,0,Q:96|FY:27|H1:20|9M:18
1364742,equity,DOMINANT,StockholdersEquity,,0.973,resolved,StockholdersEquityIncludingPortionAttributableToNoncontrollingInterest,USD,0,instant:74
1364742,liabilities,SINGLE,Liabilities,,0.973,resolved,,USD,0,instant:74
1364742,liabilities_and_equity,SINGLE,LiabilitiesAndStockholdersEquity,,0.973,resolved,,USD,0,instant:74
1364742,minority_interest,SINGLE,MinorityInterest,,0.973,resolved,,USD,0,instant:74
1364742,net_income,DOMINANT,NetIncomeLoss,,0.973,resolved,ProfitLoss,USD,0,Q:96|FY:27|H1:20|9M:18
1364742,net_income_to_common,ABSENT,,,0.0,UNRESOLVED,,,0,
1364742,operating_cash_flow,SINGLE,NetCashProvidedByUsedInOperatingActivities,,0.973,resolved,,USD,0,FY:18|H1:14|9M:12|Q:12
1364742,operating_income,SINGLE,OperatingIncomeLoss,,0.973,resolved,,USD,0,Q:96|FY:27|H1:20|9M:18
1364742,pretax_income,SINGLE,IncomeLossFromContinuingOperationsBeforeIncomeTaxesExtraordinaryItemsNoncontrollingInterest,,0.973,resolved,,USD,0,Q:56|FY:27|H1:20|9M:18
1364742,revenue,SINGLE,RevenueFromContractWithCustomerExcludingAssessedTax,,0.8108,resolved,,USD,0,Q:38|FY:18|H1:14|9M:12
1364742,shares_outstanding,SINGLE,EntityCommonStockSharesOutstanding,,1.0,resolved,,shares,0,instant:37
1373715,assets,SINGLE,Assets,,1.0,resolved,,USD,0,instant:66
1373715,cash,DOMINANT,CashAndCashEquivalentsAtCarryingValue,,1.0,resolved,CashCashEquivalentsRestrictedCashAndRestrictedCashEquivalents,USD,0,instant:99
1373715,eps_diluted,SINGLE,EarningsPerShareDiluted,,1.0,resolved,,USD/shares,0,Q:46|FY:21|9M:16|H1:14
1373715,equity,SINGLE,StockholdersEquity,,1.0,resolved,,USD,0,instant:158
1373715,liabilities,SINGLE,Liabilities,,1.0,resolved,,USD,0,instant:66
1373715,liabilities_and_equity,SINGLE,LiabilitiesAndStockholdersEquity,,1.0,resolved,,USD,0,instant:66
1373715,minority_interest,ABSENT,,,0.0,UNRESOLVED,,,0,
1373715,net_income,SINGLE,NetIncomeLoss,,1.0,resolved,,USD,0,Q:50|FY:24|H1:18|9M:16
1373715,net_income_to_common,ABSENT,,,0.0,UNRESOLVED,,,0,
1373715,operating_cash_flow,SINGLE,NetCashProvidedByUsedInOperatingActivities,,1.0,resolved,,USD,0,FY:24|H1:18|9M:16|Q:16
1373715,operating_income,SINGLE,OperatingIncomeLoss,,1.0,resolved,,USD,0,Q:50|FY:24|H1:18|9M:16
1373715,pretax_income,SINGLE,IncomeLossFromContinuingOperationsBeforeIncomeTaxesExtraordinaryItemsNoncontrollingInterest,,1.0,resolved,,USD,0,Q:30|FY:15|9M:10|H1:10
1373715,revenue,SINGLE,RevenueFromContractWithCustomerExcludingAssessedTax,,1.0,resolved,,USD,0,Q:48|FY:24|9M:16|H1:16
1373715,shares_outstanding,SINGLE,EntityCommonStockSharesOutstanding,,0.75,resolved,,shares,0,instant:33
1373835,assets,SINGLE,Assets,,0.8571,resolved,,USD,0,instant:16
1373835,cash,SINGLE,CashAndCashEquivalentsAtCarryingValue,,0.8571,resolved,,USD,0,instant:28
1373835,eps_diluted,SINGLE,EarningsPerShareBasicAndDiluted,,0.8571,resolved,,USD/shares,0,Q:16|H1:4|FY:3|9M:2
1373835,equity,DOMINANT,StockholdersEquity,,0.8571,resolved,StockholdersEquityIncludingPortionAttributableToNoncontrollingInterest,USD,0,instant:14
1373835,liabilities,ABSENT,,,0.0,UNRESOLVED,,,0,
1373835,liabilities_and_equity,SINGLE,LiabilitiesAndStockholdersEquity,,0.8571,resolved,,USD,0,instant:14
1373835,minority_interest,SINGLE,MinorityInterest,,0.8571,resolved,,USD,0,instant:14
1373835,net_income,DOMINANT,NetIncomeLoss,,0.8571,resolved,ProfitLoss,USD,0,Q:26|FY:6|9M:4|H1:4
1373835,net_income_to_common,ABSENT,,,0.0,UNRESOLVED,,,0,
1373835,operating_cash_flow,SINGLE,NetCashProvidedByUsedInOperatingActivities,,0.8571,resolved,,USD,0,FY:6|9M:4|H1:4|Q:2
1373835,operating_income,SINGLE,OperatingIncomeLoss,,0.8571,resolved,,USD,0,Q:26|FY:6|9M:4|H1:4
1373835,pretax_income,SINGLE,IncomeLossFromContinuingOperationsBeforeIncomeTaxesExtraordinaryItemsNoncontrollingInterest,,0.8571,resolved,,USD,0,Q:10|FY:6|9M:4|H1:4
1373835,revenue,SINGLE,Revenues,,0.8571,resolved,,USD,0,Q:26|FY:6|9M:4|H1:4
1373835,shares_outstanding,PARTIAL,EntityCommonStockSharesOutstanding,,0.7143,UNRESOLVED,,shares,0,instant:7
1389170,assets,SINGLE,Assets,,1.0,resolved,,USD,0,instant:33
1389170,cash,DOMINANT,CashAndCashEquivalentsAtCarryingValue,,1.0,resolved,CashCashEquivalentsRestrictedCashAndRestrictedCashEquivalents,USD,0,instant:26
1389170,eps_diluted,SINGLE,EarningsPerShareDiluted,,1.0,resolved,,USD/shares,0,Q:20|FY:9|H1:8|9M:6
1389170,equity,DOMINANT,StockholdersEquity,,1.0,resolved,StockholdersEquityIncludingPortionAttributableToNoncontrollingInterest,USD,0,instant:26
1389170,liabilities,ABSENT,,,0.0,UNRESOLVED,,,0,
1389170,liabilities_and_equity,SINGLE,LiabilitiesAndStockholdersEquity,,1.0,resolved,,USD,0,instant:26
1389170,minority_interest,SINGLE,MinorityInterest,,1.0,resolved,,USD,0,instant:26
1389170,net_income,DOMINANT,NetIncomeLoss,,1.0,resolved,ProfitLoss,USD,0,Q:20|FY:9|H1:8|9M:6
1389170,net_income_to_common,SINGLE,NetIncomeLossAvailableToCommonStockholdersBasic,,1.0,resolved,,USD,0,Q:20|FY:9|H1:8|9M:6
1389170,operating_cash_flow,SINGLE,NetCashProvidedByUsedInOperatingActivities,,1.0,resolved,,USD,0,FY:9|H1:8|9M:6|Q:6
1389170,operating_income,SINGLE,OperatingIncomeLoss,,1.0,resolved,,USD,0,Q:20|FY:9|H1:8|9M:6
1389170,pretax_income,SINGLE,IncomeLossFromContinuingOperationsBeforeIncomeTaxesExtraordinaryItemsNoncontrollingInterest,,1.0,resolved,,USD,0,Q:20|FY:9|H1:8|9M:6
1389170,revenue,SINGLE,Revenues,,1.0,resolved,,USD,0,Q:20|FY:9|H1:8|9M:6
1389170,shares_outstanding,SINGLE,EntityCommonStockSharesOutstanding,,1.0,resolved,,shares,0,instant:13
1390777,assets,SINGLE,Assets,,1.0,resolved,,USD,0,instant:53
1390777,cash,DOMINANT,CashAndCashEquivalentsAtCarryingValue,,1.0,resolved,CashCashEquivalentsRestrictedCashAndRestrictedCashEquivalents,USD,0,instant:75
1390777,eps_diluted,SINGLE,EarningsPerShareDiluted,,1.0,resolved,,USD/shares,0,Q:57|FY:18|H1:14|9M:12
1390777,equity,DOMINANT,StockholdersEquity,,1.0,resolved,StockholdersEquityIncludingPortionAttributableToNoncontrollingInterest,USD,0,instant:50
1390777,liabilities,SINGLE,Liabilities,,1.0,resolved,,USD,0,instant:51
1390777,liabilities_and_equity,SINGLE,LiabilitiesAndStockholdersEquity,,1.0,resolved,,USD,0,instant:51
1390777,minority_interest,SINGLE,MinorityInterest,,0.875,resolved,,USD,0,instant:41
1390777,net_income,DOMINANT,NetIncomeLoss,,1.0,resolved,ProfitLoss,USD,0,Q:57|FY:18|H1:14|9M:12
1390777,net_income_to_common,SINGLE,NetIncomeLossAvailableToCommonStockholdersBasic,,1.0,resolved,,USD,0,Q:57|FY:18|H1:14|9M:12
1390777,operating_cash_flow,SINGLE,NetCashProvidedByUsedInOperatingActivities,,1.0,resolved,,USD,0,FY:18|H1:14|9M:12|Q:12
1390777,operating_income,ABSENT,,,0.0,UNRESOLVED,,,0,
1390777,pretax_income,PARTIAL,IncomeLossFromContinuingOperationsBeforeIncomeTaxesExtraordinaryItemsNoncontrollingInterest,,0.1667,UNRESOLVED,,USD,0,Q:12|H1:4|FY:3|9M:2
1390777,revenue,SINGLE,InterestAndDividendIncomeOperating,,1.0,resolved,,USD,0,Q:57|FY:18|H1:14|9M:12
1390777,shares_outstanding,SINGLE,EntityCommonStockSharesOutstanding,,0.75,resolved,,shares,0,instant:25
1393612,assets,SINGLE,Assets,,0.9375,resolved,,USD,0,instant:42
1393612,cash,DOMINANT,CashAndCashEquivalentsAtCarryingValue,,0.9375,resolved,CashCashEquivalentsRestrictedCashAndRestrictedCashEquivalents,USD,0,instant:57
1393612,eps_diluted,SINGLE,EarningsPerShareDiluted,,0.9375,resolved,,USD/shares,0,Q:38|FY:15|H1:12|9M:10
1393612,equity,SINGLE,StockholdersEquity,,0.9375,resolved,,USD,0,instant:98
1393612,liabilities,SINGLE,Liabilities,,0.9375,resolved,,USD,0,instant:42
1393612,liabilities_and_equity,SINGLE,LiabilitiesAndStockholdersEquity,,0.9375,resolved,,USD,0,instant:42
1393612,minority_interest,ABSENT,,,0.0,UNRESOLVED,,,0,
1393612,net_income,SINGLE,NetIncomeLoss,,0.9375,resolved,,USD,0,Q:37|FY:16|H1:12|9M:10
1393612,net_income_to_common,SINGLE,NetIncomeLossAvailableToCommonStockholdersBasic,,0.9375,resolved,,USD,0,Q:38|FY:15|H1:12|9M:10
1393612,operating_cash_flow,SINGLE,NetCashProvidedByUsedInOperatingActivities,,0.9375,resolved,,USD,0,FY:15|Q:13|H1:12|9M:10
1393612,operating_income,ABSENT,,,0.0,UNRESOLVED,,,0,
1393612,pretax_income,SINGLE,IncomeLossFromContinuingOperationsBeforeIncomeTaxesExtraordinaryItemsNoncontrollingInterest,,0.9375,resolved,,USD,0,Q:36|FY:15|9M:10|H1:10
1393612,revenue,SINGLE,InterestAndDividendIncomeOperating,,0.9375,resolved,,USD,0,Q:28|FY:15|H1:10|9M:8
1393612,shares_outstanding,SINGLE,EntityCommonStockSharesOutstanding,,1.0,resolved,,shares,0,instant:20
1393818,assets,SINGLE,Assets,,1.0,resolved,,USD,0,instant:36
1393818,cash,DOMINANT,CashAndCashEquivalentsAtCarryingValue,,1.0,resolved,CashCashEquivalentsRestrictedCashAndRestrictedCashEquivalents,USD,0,instant:36
1393818,eps_diluted,SINGLE,EarningsPerShareDiluted,,1.0,resolved,,USD/shares,0,Q:27|FY:15|H1:10|9M:8
1393818,equity,DOMINANT,StockholdersEquity,,1.0,resolved,StockholdersEquityIncludingPortionAttributableToNoncontrollingInterest|PartnersCapitalIncludingPortionAttributableToNoncontrollingInterest,USD,0,instant:36
1393818,liabilities,SINGLE,Liabilities,,1.0,resolved,,USD,0,instant:36
1393818,liabilities_and_equity,SINGLE,LiabilitiesAndStockholdersEquity,,1.0,resolved,,USD,0,instant:36
1393818,minority_interest,ABSENT,,,0.0,UNRESOLVED,,,0,
1393818,net_income,DOMINANT,NetIncomeLoss,,1.0,resolved,ProfitLoss,USD,0,Q:27|FY:15|H1:10|9M:8
1393818,net_income_to_common,ABSENT,,,0.0,UNRESOLVED,,,0,
1393818,operating_cash_flow,SINGLE,NetCashProvidedByUsedInOperatingActivities,,1.0,resolved,,USD,0,FY:15|H1:10|9M:8|Q:8
1393818,operating_income,ABSENT,,,0.0,UNRESOLVED,,,0,
1393818,pretax_income,SINGLE,IncomeLossFromContinuingOperationsBeforeIncomeTaxesExtraordinaryItemsNoncontrollingInterest,,1.0,resolved,,USD,0,Q:26|FY:15|H1:10|9M:8
1393818,revenue,SINGLE,Revenues,,1.0,resolved,,USD,0,Q:26|FY:15|H1:10|9M:8
1393818,shares_outstanding,SINGLE,EntityCommonStockSharesOutstanding,,1.0,resolved,,shares,0,instant:17
1403161,assets,SINGLE,Assets,,1.0,resolved,,USD,0,instant:88
1403161,cash,DOMINANT,CashAndCashEquivalentsAtCarryingValue,,1.0,resolved,CashCashEquivalentsRestrictedCashAndRestrictedCashEquivalents,USD,0,instant:124
1403161,eps_diluted,ABSENT,,,0.0,UNRESOLVED,,,0,
1403161,equity,SINGLE,StockholdersEquityIncludingPortionAttributableToNoncontrollingInterest,,1.0,resolved,,USD,0,instant:184
1403161,liabilities,SINGLE,Liabilities,,1.0,resolved,,USD,0,instant:88
1403161,liabilities_and_equity,SINGLE,LiabilitiesAndStockholdersEquity,,1.0,resolved,,USD,0,instant:88
1403161,minority_interest,ABSENT,,,0.0,UNRESOLVED,,,0,
1403161,net_income,DOMINANT,NetIncomeLoss,,1.0,resolved,ProfitLoss,USD,0,Q:66|FY:33|9M:22|H1:22
1403161,net_income_to_common,ABSENT,,,0.0,UNRESOLVED,,,0,
1403161,operating_cash_flow,SINGLE,NetCashProvidedByUsedInOperatingActivities,,1.0,resolved,,USD,0,FY:33|9M:22|H1:22|Q:22
1403161,operating_income,SINGLE,OperatingIncomeLoss,,1.0,resolved,,USD,0,Q:66|FY:33|9M:22|H1:22
1403161,pretax_income,MIGRATION,IncomeLossFromContinuingOperationsBeforeIncomeTaxesMinorityInterestAndIncomeLossFromEquityMethodInvestments|IncomeLossFromContinuingOperationsBeforeIncomeTaxesExtraordinaryItemsNoncontrollingInterest,2021Q3,1.0,resolved,,USD,0,Q:66|FY:36|9M:22|H1:22
1403161,revenue,MIGRATION,Revenues|RevenueFromContractWithCustomerExcludingAssessedTax,2020Q4,1.0,resolved,,USD,0,Q:66|FY:33|9M:22|H1:22
1403161,shares_outstanding,ABSENT,,,0.0,UNRESOLVED,,,0,
1404912,assets,SINGLE,Assets,,1.0,resolved,,USD,0,instant:32
1404912,cash,SINGLE,CashCashEquivalentsRestrictedCashAndRestrictedCashEquivalents,,1.0,resolved,,USD,0,instant:52
1404912,eps_diluted,ABSENT,,,0.0,UNRESOLVED,,,0,
1404912,equity,DOMINANT,StockholdersEquity,,1.0,resolved,StockholdersEquityIncludingPortionAttributableToNoncontrollingInterest,USD,0,instant:24
1404912,liabilities,SINGLE,Liabilities,,1.0,resolved,,USD,0,instant:24
1404912,liabilities_and_equity,SINGLE,LiabilitiesAndStockholdersEquity,,1.0,resolved,,USD,0,instant:24
1404912,minority_interest,SINGLE,MinorityInterest,,1.0,resolved,,USD,0,instant:24
1404912,net_income,DOMINANT,NetIncomeLoss,,1.0,resolved,ProfitLoss,USD,0,Q:20|FY:9|H1:8|9M:6
1404912,net_income_to_common,SINGLE,NetIncomeLossAvailableToCommonStockholdersBasic,,1.0,resolved,,USD,0,Q:20|FY:9|H1:8|9M:6
1404912,operating_cash_flow,SINGLE,NetCashProvidedByUsedInOperatingActivities,,1.0,resolved,,USD,0,FY:9|H1:8|9M:6|Q:6
1404912,operating_income,ABSENT,,,0.0,UNRESOLVED,,,0,
1404912,pretax_income,SINGLE,IncomeLossFromContinuingOperationsBeforeIncomeTaxesExtraordinaryItemsNoncontrollingInterest,,1.0,resolved,,USD,0,Q:20|FY:9|H1:8|9M:6
1404912,revenue,SINGLE,Revenues,,1.0,resolved,,USD,0,Q:20|FY:9|H1:8|9M:6
1404912,shares_outstanding,SINGLE,EntityCommonStockSharesOutstanding,,1.0,resolved,,shares,0,instant:13
1413329,assets,SINGLE,Assets,,1.0,resolved,,USD,0,instant:90
1413329,cash,DOMINANT,CashAndCashEquivalentsAtCarryingValue,,1.0,resolved,CashCashEquivalentsRestrictedCashAndRestrictedCashEquivalents,USD,0,instant:112
1413329,eps_diluted,SINGLE,EarningsPerShareDiluted,,1.0,resolved,,USD/shares,0,Q:116|FY:33|H1:24|9M:22
1413329,equity,DOMINANT,StockholdersEquity,,1.0,resolved,StockholdersEquityIncludingPortionAttributableToNoncontrollingInterest,USD,0,instant:90
1413329,liabilities,SINGLE,Liabilities,,1.0,resolved,,USD,0,instant:90
1413329,liabilities_and_equity,SINGLE,LiabilitiesAndStockholdersEquity,,1.0,resolved,,USD,0,instant:90
1413329,minority_interest,SINGLE,MinorityInterest,,1.0,resolved,,USD,0,instant:90
1413329,net_income,DOMINANT,NetIncomeLoss,,1.0,resolved,ProfitLoss,USD,0,Q:116|FY:33|H1:24|9M:22
1413329,net_income_to_common,PARTIAL,NetIncomeLossAvailableToCommonStockholdersBasic,,0.6136,UNRESOLVED,,USD,0,Q:34|FY:15|H1:12|9M:10
1413329,operating_cash_flow,SINGLE,NetCashProvidedByUsedInOperatingActivities,,1.0,resolved,,USD,0,FY:33|H1:24|9M:22|Q:22
1413329,operating_income,SINGLE,OperatingIncomeLoss,,1.0,resolved,,USD,0,Q:68|FY:33|H1:24|9M:22
1413329,pretax_income,SINGLE,IncomeLossFromContinuingOperationsBeforeIncomeTaxesMinorityInterestAndIncomeLossFromEquityMethodInvestments,,1.0,resolved,,USD,0,Q:68|FY:33|H1:24|9M:22
1413329,revenue,SINGLE,RevenueFromContractWithCustomerExcludingAssessedTax,,0.8864,resolved,,USD,0,Q:76|FY:24|H1:18|9M:16
1413329,shares_outstanding,SINGLE,EntityCommonStockSharesOutstanding,,1.0,resolved,,shares,0,instant:45
1418091,assets,SINGLE,Assets,,1.0,resolved,,USD,0,instant:34
1418091,cash,DOMINANT,CashAndCashEquivalentsAtCarryingValue,,1.0,resolved,CashCashEquivalentsRestrictedCashAndRestrictedCashEquivalents|Cash,USD,0,instant:54
1418091,eps_diluted,SINGLE,EarningsPerShareDiluted,,1.0,resolved,,USD/shares,0,Q:26|FY:12|H1:10|9M:8
1418091,equity,SINGLE,StockholdersEquity,,1.0,resolved,,USD,0,instant:46
1418091,liabilities,SINGLE,Liabilities,,1.0,resolved,,USD,0,instant:34
1418091,liabilities_and_equity,SINGLE,LiabilitiesAndStockholdersEquity,,1.0,resolved,,USD,0,instant:34
1418091,minority_interest,ABSENT,,,0.0,UNRESOLVED,,,0,
1418091,net_income,DOMINANT,NetIncomeLoss,,1.0,resolved,ProfitLoss,USD,0,Q:26|FY:12|H1:10|9M:8
1418091,net_income_to_common,PARTIAL,NetIncomeLossAvailableToCommonStockholdersBasic,,0.125,UNRESOLVED,,USD,0,H1:2|Q:2
1418091,operating_cash_flow,SINGLE,NetCashProvidedByUsedInOperatingActivities,,1.0,resolved,,USD,0,FY:9|H1:8|9M:6|Q:6
1418091,operating_income,SINGLE,OperatingIncomeLoss,,1.0,resolved,,USD,0,Q:26|FY:12|H1:10|9M:8
1418091,pretax_income,SINGLE,IncomeLossFromContinuingOperationsBeforeIncomeTaxesExtraordinaryItemsNoncontrollingInterest,,1.0,resolved,,USD,0,Q:26|FY:12|H1:10|9M:8
1418091,revenue,SINGLE,Revenues,,1.0,resolved,,USD,0,Q:26|FY:12|H1:10|9M:8
1418091,shares_outstanding,SINGLE,EntityCommonStockSharesOutstanding,,1.0,resolved,,shares,0,instant:17
1467858,assets,SINGLE,Assets,,1.0,resolved,,USD,0,instant:87
1467858,cash,DOMINANT,CashAndCashEquivalentsAtCarryingValue,,1.0,resolved,CashCashEquivalentsRestrictedCashAndRestrictedCashEquivalents,USD,0,instant:70
1467858,eps_diluted,SINGLE,EarningsPerShareDiluted,,1.0,resolved,,USD/shares,0,Q:60|FY:21|H1:16|9M:14
1467858,equity,DOMINANT,StockholdersEquity,,1.0,resolved,StockholdersEquityIncludingPortionAttributableToNoncontrollingInterest,USD,0,instant:58
1467858,liabilities,SINGLE,Liabilities,,1.0,resolved,,USD,0,instant:58
1467858,liabilities_and_equity,SINGLE,LiabilitiesAndStockholdersEquity,,1.0,resolved,,USD,0,instant:58
1467858,minority_interest,SINGLE,MinorityInterest,,1.0,resolved,,USD,0,instant:58
1467858,net_income,DOMINANT,NetIncomeLoss,,1.0,resolved,ProfitLoss,USD,0,Q:74|FY:21|9M:12|H1:12
1467858,net_income_to_common,SINGLE,NetIncomeLossAvailableToCommonStockholdersBasic,,1.0,resolved,,USD,0,Q:44|FY:21|H1:16|9M:14
1467858,operating_cash_flow,SINGLE,NetCashProvidedByUsedInOperatingActivities,,1.0,resolved,,USD,0,FY:15|H1:12|9M:10|Q:10
1467858,operating_income,SINGLE,OperatingIncomeLoss,,1.0,resolved,,USD,0,Q:44|FY:21|H1:16|9M:14
1467858,pretax_income,SINGLE,IncomeLossFromContinuingOperationsBeforeIncomeTaxesExtraordinaryItemsNoncontrollingInterest,,1.0,resolved,,USD,0,Q:44|FY:21|H1:16|9M:14
1467858,revenue,SINGLE,Revenues,,1.0,resolved,,USD,0,Q:84|FY:21|H1:16|9M:14
1467858,shares_outstanding,SINGLE,EntityCommonStockSharesOutstanding,,1.0,resolved,,shares,0,instant:29
1483096,assets,SINGLE,Assets,,0.9231,resolved,,USD,0,instant:32
1483096,cash,SINGLE,CashAndCashEquivalentsAtCarryingValue,,0.9231,resolved,,USD,0,instant:64
1483096,eps_diluted,SINGLE,NetIncomeLossNetOfTaxPerOutstandingLimitedPartnershipUnitDiluted,,0.9231,resolved,,USD/shares,0,Q:20|FY:18|H1:8|9M:6
1483096,equity,DOMINANT,PartnersCapital,,0.9231,resolved,PartnersCapitalIncludingPortionAttributableToNoncontrollingInterest,USD,0,instant:32
1483096,liabilities,ABSENT,,,0.0,UNRESOLVED,,,0,
1483096,liabilities_and_equity,SINGLE,LiabilitiesAndStockholdersEquity,,0.9231,resolved,,USD,0,instant:32
1483096,minority_interest,ABSENT,,,0.0,UNRESOLVED,,,0,
1483096,net_income,DOMINANT,NetIncomeLoss,,0.9231,resolved,ProfitLoss,USD,0,Q:20|FY:18|H1:8|9M:6
1483096,net_income_to_common,ABSENT,,,0.0,UNRESOLVED,,,0,
1483096,operating_cash_flow,SINGLE,NetCashProvidedByUsedInOperatingActivities,,0.9231,resolved,,USD,0,FY:18|H1:8|9M:6|Q:6
1483096,operating_income,SINGLE,OperatingIncomeLoss,,0.9231,resolved,,USD,0,Q:20|FY:18|H1:8|9M:6
1483096,pretax_income,SINGLE,IncomeLossFromContinuingOperationsBeforeIncomeTaxesExtraordinaryItemsNoncontrollingInterest,,0.9231,resolved,,USD,0,Q:20|FY:18|H1:8|9M:6
1483096,revenue,SINGLE,Revenues,,0.9231,resolved,,USD,0,Q:20|FY:18|H1:8|9M:6
1483096,shares_outstanding,SINGLE,EntityCommonStockSharesOutstanding,,1.0,resolved,,shares,0,instant:13
1489393,assets,SINGLE,Assets,,1.0,resolved,,USD,0,instant:50
1489393,cash,DOMINANT,CashAndCashEquivalentsAtCarryingValue,,1.0,resolved,CashCashEquivalentsRestrictedCashAndRestrictedCashEquivalents,USD,0,instant:69
1489393,eps_diluted,SINGLE,EarningsPerShareDiluted,,1.0,resolved,,USD/shares,0,Q:85|FY:18|H1:14|9M:12
1489393,equity,DOMINANT,StockholdersEquity,,1.0,resolved,StockholdersEquityIncludingPortionAttributableToNoncontrollingInterest,USD,0,instant:50
1489393,liabilities,ABSENT,,,0.0,UNRESOLVED,,,0,
1489393,liabilities_and_equity,SINGLE,LiabilitiesAndStockholdersEquity,,1.0,resolved,,USD,0,instant:50
1489393,minority_interest,SINGLE,MinorityInterest,,1.0,resolved,,USD,0,instant:50
1489393,net_income,SINGLE,ProfitLoss,,1.0,resolved,,USD,0,Q:86|FY:18|H1:14|9M:12
1489393,net_income_to_common,PARTIAL,NetIncomeLossAvailableToCommonStockholdersBasic,,0.25,UNRESOLVED,,USD,0,FY:6|Q:2
1489393,operating_cash_flow,SINGLE,NetCashProvidedByUsedInOperatingActivities,,1.0,resolved,,USD,0,FY:18|H1:14|9M:12|Q:12
1489393,operating_income,SINGLE,OperatingIncomeLoss,,1.0,resolved,,USD,0,Q:86|FY:18|H1:14|9M:12
1489393,pretax_income,DOMINANT,IncomeLossFromContinuingOperationsBeforeIncomeTaxesMinorityInterestAndIncomeLossFromEquityMethodInvestments,,1.0,resolved,IncomeLossFromContinuingOperationsBeforeIncomeTaxesExtraordinaryItemsNoncontrollingInterest,USD,0,Q:38|FY:18|H1:14|9M:12
1489393,revenue,SINGLE,Revenues,,0.7917,resolved,,USD,0,Q:42|FY:9|9M:6|H1:6
1489393,shares_outstanding,SINGLE,EntityCommonStockSharesOutstanding,,1.0,resolved,,shares,0,instant:25
1506307,assets,SINGLE,Assets,,1.0,resolved,,USD,0,instant:90
1506307,cash,DOMINANT,CashAndCashEquivalentsAtCarryingValue,,1.0,resolved,CashCashEquivalentsRestrictedCashAndRestrictedCashEquivalents,USD,0,instant:174
1506307,eps_diluted,SINGLE,EarningsPerShareDiluted,,1.0,resolved,,USD/shares,0,Q:50|FY:24|H1:18|9M:16
1506307,equity,DOMINANT,StockholdersEquity,,1.0,resolved,StockholdersEquityIncludingPortionAttributableToNoncontrollingInterest,USD,0,instant:90
1506307,liabilities,SINGLE,Liabilities,,1.0,resolved,,USD,0,instant:90
1506307,liabilities_and_equity,SINGLE,LiabilitiesAndStockholdersEquity,,1.0,resolved,,USD,0,instant:90
1506307,minority_interest,SINGLE,MinorityInterest,,1.0,resolved,,USD,0,instant:90
1506307,net_income,DOMINANT,NetIncomeLoss,,1.0,resolved,ProfitLoss,USD,0,Q:68|FY:33|H1:24|9M:22
1506307,net_income_to_common,SINGLE,NetIncomeLossAvailableToCommonStockholdersBasic,,0.9545,resolved,,USD,0,Q:56|FY:30|9M:18|H1:18
1506307,operating_cash_flow,SINGLE,NetCashProvidedByUsedInOperatingActivities,,1.0,resolved,,USD,0,FY:33|H1:24|9M:22|Q:22
1506307,operating_income,SINGLE,OperatingIncomeLoss,,1.0,resolved,,USD,0,Q:68|FY:33|H1:24|9M:22
1506307,pretax_income,SINGLE,IncomeLossFromContinuingOperationsBeforeIncomeTaxesExtraordinaryItemsNoncontrollingInterest,,1.0,resolved,,USD,0,Q:68|FY:33|H1:24|9M:22
1506307,revenue,DOMINANT,Revenues,,1.0,resolved,RevenueFromContractWithCustomerExcludingAssessedTax,USD,0,Q:68|FY:33|H1:24|9M:22
1506307,shares_outstanding,SINGLE,EntityCommonStockSharesOutstanding,,1.0,resolved,,shares,0,instant:45
1510295,assets,SINGLE,Assets,,1.0,resolved,,USD,0,instant:90
1510295,cash,DOMINANT,CashAndCashEquivalentsAtCarryingValue,,1.0,resolved,CashCashEquivalentsRestrictedCashAndRestrictedCashEquivalents,USD,0,instant:112
1510295,eps_diluted,SINGLE,EarningsPerShareDiluted,,1.0,resolved,,USD/shares,0,Q:108|FY:33|H1:24|9M:22
1510295,equity,DOMINANT,StockholdersEquity,,1.0,resolved,StockholdersEquityIncludingPortionAttributableToNoncontrollingInterest,USD,0,instant:90
1510295,liabilities,SINGLE,Liabilities,,1.0,resolved,,USD,0,instant:90
1510295,liabilities_and_equity,SINGLE,LiabilitiesAndStockholdersEquity,,1.0,resolved,,USD,0,instant:90
1510295,minority_interest,SINGLE,MinorityInterest,,1.0,resolved,,USD,0,instant:90
1510295,net_income,DOMINANT,NetIncomeLoss,,1.0,resolved,ProfitLoss,USD,0,Q:116|FY:33|H1:24|9M:22
1510295,net_income_to_common,SINGLE,NetIncomeLossAvailableToCommonStockholdersBasic,,1.0,resolved,,USD,0,Q:68|FY:33|H1:24|9M:22
1510295,operating_cash_flow,SINGLE,NetCashProvidedByUsedInOperatingActivities,,1.0,resolved,,USD,0,FY:33|H1:24|9M:22|Q:22
1510295,operating_income,SINGLE,OperatingIncomeLoss,,1.0,resolved,,USD,0,Q:116|FY:33|H1:24|9M:22
1510295,pretax_income,SINGLE,IncomeLossFromContinuingOperationsBeforeIncomeTaxesExtraordinaryItemsNoncontrollingInterest,,1.0,resolved,,USD,0,Q:68|FY:33|H1:24|9M:22
1510295,revenue,SINGLE,RevenueFromContractWithCustomerExcludingAssessedTax,,1.0,resolved,,USD,0,Q:56|FY:21|H1:17|9M:15
1510295,shares_outstanding,SINGLE,EntityCommonStockSharesOutstanding,,1.0,resolved,,shares,0,instant:45
1512673,assets,SINGLE,Assets,,1.0,resolved,,USD,0,instant:34
1512673,cash,DOMINANT,CashAndCashEquivalentsAtCarryingValue,,1.0,resolved,CashCashEquivalentsRestrictedCashAndRestrictedCashEquivalents,USD,0,instant:50
1512673,eps_diluted,SINGLE,EarningsPerShareDiluted,,1.0,resolved,,USD/shares,0,Q:26|FY:12|H1:10|9M:8
1512673,equity,DOMINANT,StockholdersEquity,,1.0,resolved,StockholdersEquityIncludingPortionAttributableToNoncontrollingInterest,USD,0,instant:48
1512673,liabilities,SINGLE,Liabilities,,1.0,resolved,,USD,0,instant:34
1512673,liabilities_and_equity,SINGLE,LiabilitiesAndStockholdersEquity,,1.0,resolved,,USD,0,instant:34
1512673,minority_interest,SINGLE,MinorityInterest,,0.875,resolved,,USD,0,instant:26
1512673,net_income,DOMINANT,NetIncomeLoss,,1.0,resolved,ProfitLoss,USD,0,Q:32|FY:12|H1:10|9M:8
1512673,net_income_to_common,SINGLE,NetIncomeLossAvailableToCommonStockholdersBasic,,1.0,resolved,,USD,0,Q:20|FY:9|H1:8|9M:6
1512673,operating_cash_flow,SINGLE,NetCashProvidedByUsedInOperatingActivities,,1.0,resolved,,USD,0,FY:12|H1:10|9M:8|Q:8
1512673,operating_income,SINGLE,OperatingIncomeLoss,,1.0,resolved,,USD,0,Q:26|FY:12|H1:10|9M:8
1512673,pretax_income,SINGLE,IncomeLossFromContinuingOperationsBeforeIncomeTaxesExtraordinaryItemsNoncontrollingInterest,,1.0,resolved,,USD,0,Q:26|FY:12|H1:10|9M:8
1512673,revenue,SINGLE,Revenues,,1.0,resolved,,USD,0,Q:26|FY:12|H1:10|9M:8
1512673,shares_outstanding,ABSENT,,,0.0,UNRESOLVED,,,0,
1532063,assets,SINGLE,Assets,,1.0,resolved,,USD,0,instant:29
1532063,cash,SINGLE,CashAndCashEquivalentsAtCarryingValue,,1.0,resolved,,USD,0,instant:58
1532063,eps_diluted,SINGLE,EarningsPerShareDiluted,,1.0,resolved,,USD/shares,0,Q:53|FY:12|9M:8|H1:8
1532063,equity,DOMINANT,StockholdersEquity,,1.0,resolved,StockholdersEquityIncludingPortionAttributableToNoncontrollingInterest,USD,0,instant:29
1532063,liabilities,SINGLE,Liabilities,,1.0,resolved,,USD,0,instant:29
1532063,liabilities_and_equity,SINGLE,LiabilitiesAndStockholdersEquity,,1.0,resolved,,USD,0,instant:29
1532063,minority_interest,SINGLE,MinorityInterest,,1.0,resolved,,USD,0,instant:29
1532063,net_income,DOMINANT,NetIncomeLoss,,1.0,resolved,ProfitLoss,USD,0,Q:53|FY:12|9M:8|H1:8
1532063,net_income_to_common,ABSENT,,,0.0,UNRESOLVED,,,0,
1532063,operating_cash_flow,SINGLE,NetCashProvidedByUsedInOperatingActivities,,1.0,resolved,,USD,0,FY:12|9M:8|H1:8|Q:6
1532063,operating_income,SINGLE,OperatingIncomeLoss,,1.0,resolved,,USD,0,Q:53|FY:12|9M:8|H1:8
1532063,pretax_income,SINGLE,IncomeLossFromContinuingOperationsBeforeIncomeTaxesExtraordinaryItemsNoncontrollingInterest,,1.0,resolved,,USD,0,Q:22|FY:12|9M:8|H1:8
1532063,revenue,SINGLE,Revenues,,1.0,resolved,,USD,0,Q:53|FY:12|9M:8|H1:8
1532063,shares_outstanding,SINGLE,EntityCommonStockSharesOutstanding,,0.75,resolved,,shares,0,instant:13
1534701,assets,SINGLE,Assets,,1.0,resolved,,USD,0,instant:101
1534701,cash,DOMINANT,CashAndCashEquivalentsAtCarryingValue,,1.0,resolved,CashCashEquivalentsRestrictedCashAndRestrictedCashEquivalents,USD,0,instant:104
1534701,eps_diluted,SINGLE,EarningsPerShareDiluted,,1.0,resolved,,USD/shares,0,Q:108|FY:33|H1:24|9M:22
1534701,equity,DOMINANT,StockholdersEquity,,1.0,resolved,StockholdersEquityIncludingPortionAttributableToNoncontrollingInterest,USD,0,instant:90
1534701,liabilities,SINGLE,Liabilities,,1.0,resolved,,USD,0,instant:90
1534701,liabilities_and_equity,SINGLE,LiabilitiesAndStockholdersEquity,,1.0,resolved,,USD,0,instant:90
1534701,minority_interest,SINGLE,MinorityInterest,,1.0,resolved,,USD,0,instant:90
1534701,net_income,DOMINANT,NetIncomeLoss,,1.0,resolved,ProfitLoss,USD,0,Q:96|FY:33|H1:20|9M:18
1534701,net_income_to_common,SINGLE,NetIncomeLossAvailableToCommonStockholdersBasic,,1.0,resolved,,USD,0,Q:68|FY:33|H1:24|9M:22
1534701,operating_cash_flow,SINGLE,NetCashProvidedByUsedInOperatingActivities,,1.0,resolved,,USD,0,FY:33|H1:22|9M:20|Q:20
1534701,operating_income,ABSENT,,,0.0,UNRESOLVED,,,0,
1534701,pretax_income,PARTIAL,IncomeLossFromContinuingOperationsBeforeIncomeTaxesExtraordinaryItemsNoncontrollingInterest,,0.5,UNRESOLVED,,USD,0,Q:58|FY:18|9M:6|H1:6
1534701,revenue,SINGLE,RevenueFromContractWithCustomerExcludingAssessedTax,,0.8864,resolved,,USD,0,Q:70|FY:21|H1:18|9M:16
1534701,shares_outstanding,SINGLE,EntityCommonStockSharesOutstanding,,0.75,resolved,,shares,0,instant:45
1535527,assets,SINGLE,Assets,,1.0,resolved,,USD,0,instant:16
1535527,cash,DOMINANT,CashAndCashEquivalentsAtCarryingValue,,1.0,resolved,CashCashEquivalentsRestrictedCashAndRestrictedCashEquivalents,USD,0,instant:24
1535527,eps_diluted,SINGLE,EarningsPerShareDiluted,,1.0,resolved,,USD/shares,0,Q:12|FY:6|9M:4|H1:4
1535527,equity,DOMINANT,StockholdersEquity,,1.0,resolved,StockholdersEquityIncludingPortionAttributableToNoncontrollingInterest,USD,0,instant:16
1535527,liabilities,SINGLE,Liabilities,,1.0,resolved,,USD,0,instant:16
1535527,liabilities_and_equity,SINGLE,LiabilitiesAndStockholdersEquity,,1.0,resolved,,USD,0,instant:16
1535527,minority_interest,SINGLE,MinorityInterest,,1.0,resolved,,USD,0,instant:16
1535527,net_income,DOMINANT,NetIncomeLoss,,1.0,resolved,ProfitLoss,USD,0,Q:12|FY:6|9M:4|H1:4
1535527,net_income_to_common,ABSENT,,,0.0,UNRESOLVED,,,0,
1535527,operating_cash_flow,SINGLE,NetCashProvidedByUsedInOperatingActivities,,1.0,resolved,,USD,0,FY:6|9M:4|H1:4|Q:4
1535527,operating_income,SINGLE,OperatingIncomeLoss,,1.0,resolved,,USD,0,Q:12|FY:6|9M:4|H1:4
1535527,pretax_income,SINGLE,IncomeLossFromContinuingOperationsBeforeIncomeTaxesExtraordinaryItemsNoncontrollingInterest,,1.0,resolved,,USD,0,Q:12|FY:6|9M:4|H1:4
1535527,revenue,SINGLE,RevenueFromContractWithCustomerIncludingAssessedTax,,1.0,resolved,,USD,0,Q:12|FY:6|9M:4|H1:4
1535527,shares_outstanding,PARTIAL,EntityCommonStockSharesOutstanding,,0.5,UNRESOLVED,,shares,0,instant:4
1539838,assets,SINGLE,Assets,,1.0,resolved,,USD,0,instant:77
1539838,cash,DOMINANT,CashAndCashEquivalentsAtCarryingValue,,1.0,resolved,CashCashEquivalentsRestrictedCashAndRestrictedCashEquivalents,USD,0,instant:83
1539838,eps_diluted,SINGLE,EarningsPerShareDiluted,,1.0,resolved,,USD/shares,0,Q:66|FY:24|H1:18|9M:16
1539838,equity,DOMINANT,StockholdersEquity,,1.0,resolved,StockholdersEquityIncludingPortionAttributableToNoncontrollingInterest,USD,0,instant:66
1539838,liabilities,SINGLE,Liabilities,,1.0,resolved,,USD,0,instant:66
1539838,liabilities_and_equity,SINGLE,LiabilitiesAndStockholdersEquity,,1.0,resolved,,USD,0,instant:66
1539838,minority_interest,SINGLE,MinorityInterest,,1.0,resolved,,USD,0,instant:66
1539838,net_income,DOMINANT,NetIncomeLoss,,1.0,resolved,ProfitLoss,USD,0,Q:66|FY:24|H1:18|9M:16
1539838,net_income_to_common,PARTIAL,NetIncomeLossAvailableToCommonStockholdersBasic,,0.6875,UNRESOLVED,,USD,0,Q:26|FY:12|H1:10|9M:8
1539838,operating_cash_flow,SINGLE,NetCashProvidedByUsedInOperatingActivities,,1.0,resolved,,USD,0,FY:21|9M:14|H1:14|Q:14
1539838,operating_income,SINGLE,OperatingIncomeLoss,,1.0,resolved,,USD,0,Q:66|FY:24|H1:18|9M:16
1539838,pretax_income,SINGLE,IncomeLossFromContinuingOperationsBeforeIncomeTaxesExtraordinaryItemsNoncontrollingInterest,,1.0,resolved,,USD,0,Q:50|FY:24|H1:18|9M:16
1539838,revenue,SINGLE,Revenues,,1.0,resolved,,USD,0,Q:52|FY:21|H1:16|9M:14
1539838,shares_outstanding,SINGLE,EntityCommonStockSharesOutstanding,,1.0,resolved,,shares,0,instant:33
1543151,assets,SINGLE,Assets,,1.0,resolved,,USD,0,instant:58
1543151,cash,DOMINANT,CashAndCashEquivalentsAtCarryingValue,,1.0,resolved,CashCashEquivalentsRestrictedCashAndRestrictedCashEquivalents,USD,0,instant:87
1543151,eps_diluted,SINGLE,EarningsPerShareDiluted,,1.0,resolved,,USD/shares,0,Q:51|FY:21|H1:16|9M:14
1543151,equity,DOMINANT,StockholdersEquity,,1.0,resolved,StockholdersEquityIncludingPortionAttributableToNoncontrollingInterest,USD,0,instant:62
1543151,liabilities,SINGLE,Liabilities,,1.0,resolved,,USD,0,instant:58
1543151,liabilities_and_equity,SINGLE,LiabilitiesAndStockholdersEquity,,1.0,resolved,,USD,0,instant:58
1543151,minority_interest,ABSENT,,,0.0,UNRESOLVED,,,0,
1543151,net_income,DOMINANT,NetIncomeLoss,,1.0,resolved,ProfitLoss,USD,0,Q:53|FY:21|H1:16|9M:14
1543151,net_income_to_common,SINGLE,NetIncomeLossAvailableToCommonStockholdersBasic,,1.0,resolved,,USD,0,Q:44|FY:21|H1:16|9M:14
1543151,operating_cash_flow,SINGLE,NetCashProvidedByUsedInOperatingActivities,,1.0,resolved,,USD,0,FY:21|H1:16|9M:14|Q:14
1543151,operating_income,SINGLE,OperatingIncomeLoss,,1.0,resolved,,USD,0,Q:55|FY:21|H1:16|9M:14
1543151,pretax_income,SINGLE,IncomeLossFromContinuingOperationsBeforeIncomeTaxesMinorityInterestAndIncomeLossFromEquityMethodInvestments,,1.0,resolved,,USD,0,Q:51|FY:21|H1:16|9M:14
1543151,revenue,SINGLE,Revenues,,1.0,resolved,,USD,0,Q:54|FY:23|H1:16|9M:14
1543151,shares_outstanding,SINGLE,EntityCommonStockSharesOutstanding,,1.0,resolved,,shares,0,instant:29
1551152,assets,SINGLE,Assets,,1.0,resolved,,USD,0,instant:90
1551152,cash,SINGLE,CashAndCashEquivalentsAtCarryingValue,,1.0,resolved,,USD,0,instant:128
1551152,eps_diluted,SINGLE,EarningsPerShareDiluted,,1.0,resolved,,USD/shares,0,Q:114|FY:33|H1:24|9M:22
1551152,equity,SINGLE,StockholdersEquity,,1.0,resolved,,USD,0,instant:111
1551152,liabilities,ABSENT,,,0.0,UNRESOLVED,,,0,
1551152,liabilities_and_equity,SINGLE,LiabilitiesAndStockholdersEquity,,1.0,resolved,,USD,0,instant:90
1551152,minority_interest,PARTIAL,MinorityInterest,,0.5909,UNRESOLVED,,USD,0,instant:50
1551152,net_income,SINGLE,NetIncomeLoss,,1.0,resolved,,USD,0,Q:98|FY:30|9M:20|H1:20
1551152,net_income_to_common,SINGLE,NetIncomeLossAvailableToCommonStockholdersBasic,,1.0,resolved,,USD,0,Q:76|FY:33|H1:24|9M:22
1551152,operating_cash_flow,SINGLE,NetCashProvidedByUsedInOperatingActivities,,1.0,resolved,,USD,0,FY:21|9M:20|H1:20|Q:20
1551152,operating_income,SINGLE,OperatingIncomeLoss,,1.0,resolved,,USD,0,Q:68|FY:33|H1:24|9M:22
1551152,pretax_income,MIGRATION,IncomeLossFromContinuingOperationsBeforeIncomeTaxesMinorityInterestAndIncomeLossFromEquityMethodInvestments|IncomeLossFromContinuingOperationsBeforeIncomeTaxesExtraordinaryItemsNoncontrollingInterest,2021Q3,1.0,resolved,,USD,0,Q:68|FY:51|H1:24|9M:22
1551152,revenue,SINGLE,Revenues,,0.9773,resolved,,USD,0,Q:90|FY:24|H1:24|9M:22
1551152,shares_outstanding,SINGLE,EntityCommonStockSharesOutstanding,,0.9545,resolved,,shares,0,instant:45
1551182,assets,SINGLE,Assets,,1.0,resolved,,USD,0,instant:29
1551182,cash,DOMINANT,CashAndCashEquivalentsAtCarryingValue,,1.0,resolved,CashCashEquivalentsRestrictedCashAndRestrictedCashEquivalents|Cash,USD,0,instant:26
1551182,eps_diluted,SINGLE,EarningsPerShareDiluted,,1.0,resolved,,USD/shares,0,Q:20|FY:9|H1:8|9M:6
1551182,equity,DOMINANT,StockholdersEquity,,1.0,resolved,StockholdersEquityIncludingPortionAttributableToNoncontrollingInterest,USD,0,instant:26
1551182,liabilities,ABSENT,,,0.0,UNRESOLVED,,,0,
1551182,liabilities_and_equity,SINGLE,LiabilitiesAndStockholdersEquity,,1.0,resolved,,USD,0,instant:26
1551182,minority_interest,SINGLE,MinorityInterest,,1.0,resolved,,USD,0,instant:26
1551182,net_income,DOMINANT,NetIncomeLoss,,1.0,resolved,ProfitLoss,USD,0,Q:20|FY:9|H1:8|9M:6
1551182,net_income_to_common,ABSENT,,,0.0,UNRESOLVED,,,0,
1551182,operating_cash_flow,SINGLE,NetCashProvidedByUsedInOperatingActivities,,1.0,resolved,,USD,0,FY:9|H1:8|9M:6|Q:6
1551182,operating_income,ABSENT,,,0.0,UNRESOLVED,,,0,
1551182,pretax_income,SINGLE,IncomeLossFromContinuingOperationsBeforeIncomeTaxesExtraordinaryItemsNoncontrollingInterest,,1.0,resolved,,USD,0,Q:20|FY:9|H1:8|9M:6
1551182,revenue,SINGLE,RevenueFromContractWithCustomerExcludingAssessedTax,,1.0,resolved,,USD,0,Q:20|FY:9|H1:8|9M:6
1551182,shares_outstanding,SINGLE,EntityCommonStockSharesOutstanding,,0.75,resolved,,shares,0,instant:13
1552000,assets,SINGLE,Assets,,1.0,resolved,,USD,0,instant:34
1552000,cash,DOMINANT,CashAndCashEquivalentsAtCarryingValue,,1.0,resolved,CashCashEquivalentsRestrictedCashAndRestrictedCashEquivalents,USD,0,instant:34
1552000,eps_diluted,PARTIAL,NetIncomeLossNetOfTaxPerOutstandingLimitedPartnershipUnitDiluted,,0.625,UNRESOLVED,,USD/shares,0,Q:8|H1:4|FY:3|9M:2
1552000,equity,DOMINANT,PartnersCapital,,1.0,resolved,PartnersCapitalIncludingPortionAttributableToNoncontrollingInterest,USD,0,instant:34
1552000,liabilities,SINGLE,Liabilities,,1.0,resolved,,USD,0,instant:34
1552000,liabilities_and_equity,SINGLE,LiabilitiesAndStockholdersEquity,,1.0,resolved,,USD,0,instant:34
1552000,minority_interest,ABSENT,,,0.0,UNRESOLVED,,,0,
1552000,net_income,DOMINANT,NetIncomeLoss,,1.0,resolved,ProfitLoss,USD,0,Q:42|FY:12|H1:10|9M:8
1552000,net_income_to_common,PARTIAL,NetIncomeLossAvailableToCommonStockholdersBasic,,0.125,UNRESOLVED,,USD,0,H1:1|Q:1
1552000,operating_cash_flow,SINGLE,NetCashProvidedByUsedInOperatingActivities,,1.0,resolved,,USD,0,FY:12|H1:10|9M:8|Q:8
1552000,operating_income,PARTIAL,OperatingIncomeLoss,,0.4375,UNRESOLVED,,USD,0,Q:4|FY:3|H1:2
1552000,pretax_income,SINGLE,IncomeLossFromContinuingOperationsBeforeIncomeTaxesExtraordinaryItemsNoncontrollingInterest,,1.0,resolved,,USD,0,Q:26|FY:12|H1:10|9M:8
1552000,revenue,SINGLE,Revenues,,1.0,resolved,,USD,0,Q:42|FY:12|H1:10|9M:8
1552000,shares_outstanding,SINGLE,EntityCommonStockSharesOutstanding,,1.0,resolved,,shares,0,instant:17
1555280,assets,SINGLE,Assets,,1.0,resolved,,USD,0,instant:66
1555280,cash,DOMINANT,CashAndCashEquivalentsAtCarryingValue,,1.0,resolved,CashCashEquivalentsRestrictedCashAndRestrictedCashEquivalents,USD,0,instant:60
1555280,eps_diluted,SINGLE,EarningsPerShareDiluted,,1.0,resolved,,USD/shares,0,Q:66|FY:24|H1:18|9M:16
1555280,equity,DOMINANT,StockholdersEquity,,1.0,resolved,StockholdersEquityIncludingPortionAttributableToNoncontrollingInterest,USD,0,instant:56
1555280,liabilities,SINGLE,Liabilities,,1.0,resolved,,USD,0,instant:66
1555280,liabilities_and_equity,SINGLE,LiabilitiesAndStockholdersEquity,,1.0,resolved,,USD,0,instant:66
1555280,minority_interest,SINGLE,MinorityInterest,,0.875,resolved,,USD,0,instant:56
1555280,net_income,DOMINANT,NetIncomeLoss,,1.0,resolved,ProfitLoss,USD,0,Q:66|FY:24|H1:18|9M:16
1555280,net_income_to_common,ABSENT,,,0.0,UNRESOLVED,,,0,
1555280,operating_cash_flow,SINGLE,NetCashProvidedByUsedInOperatingActivities,,1.0,resolved,,USD,0,FY:24|H1:18|9M:16|Q:16
1555280,operating_income,ABSENT,,,0.0,UNRESOLVED,,,0,
1555280,pretax_income,SINGLE,IncomeLossFromContinuingOperationsBeforeIncomeTaxesExtraordinaryItemsNoncontrollingInterest,,1.0,resolved,,USD,0,Q:66|FY:24|H1:18|9M:16
1555280,revenue,SINGLE,Revenues,,1.0,resolved,,USD,0,Q:66|FY:24|H1:18|9M:16
1555280,shares_outstanding,SINGLE,EntityCommonStockSharesOutstanding,,1.0,resolved,,shares,0,instant:34
1564408,assets,SINGLE,Assets,,1.0,resolved,,USD,0,instant:34
1564408,cash,DOMINANT,CashAndCashEquivalentsAtCarryingValue,,1.0,resolved,CashCashEquivalentsRestrictedCashAndRestrictedCashEquivalents,USD,0,instant:34
1564408,eps_diluted,SINGLE,EarningsPerShareDiluted,,1.0,resolved,,USD/shares,0,Q:26|FY:12|H1:10|9M:8
1564408,equity,SINGLE,StockholdersEquity,,1.0,resolved,,USD,0,instant:51
1564408,liabilities,SINGLE,Liabilities,,1.0,resolved,,USD,0,instant:34
1564408,liabilities_and_equity,SINGLE,LiabilitiesAndStockholdersEquity,,1.0,resolved,,USD,0,instant:34
1564408,minority_interest,ABSENT,,,0.0,UNRESOLVED,,,0,
1564408,net_income,DOMINANT,NetIncomeLoss,,1.0,resolved,ProfitLoss,USD,0,Q:26|FY:12|H1:10|9M:8
1564408,net_income_to_common,ABSENT,,,0.0,UNRESOLVED,,,0,
1564408,operating_cash_flow,SINGLE,NetCashProvidedByUsedInOperatingActivities,,1.0,resolved,,USD,0,Q:26|FY:12|H1:10|9M:8
1564408,operating_income,SINGLE,OperatingIncomeLoss,,1.0,resolved,,USD,0,Q:26|FY:12|H1:10|9M:8
1564408,pretax_income,SINGLE,IncomeLossFromContinuingOperationsBeforeIncomeTaxesExtraordinaryItemsNoncontrollingInterest,,1.0,resolved,,USD,0,Q:26|FY:12|H1:10|9M:8
1564408,revenue,SINGLE,RevenueFromContractWithCustomerExcludingAssessedTax,,1.0,resolved,,USD,0,Q:26|FY:12|H1:10|9M:8
1564408,shares_outstanding,ABSENT,,,0.0,UNRESOLVED,,,0,
1571949,assets,SINGLE,Assets,,1.0,resolved,,USD,0,instant:68
1571949,cash,DOMINANT,CashAndCashEquivalentsAtCarryingValue,,1.0,resolved,CashCashEquivalentsRestrictedCashAndRestrictedCashEquivalents,USD,0,instant:74
1571949,eps_diluted,SINGLE,EarningsPerShareDiluted,,1.0,resolved,,USD/shares,0,Q:76|FY:24|H1:18|9M:16
1571949,equity,DOMINANT,StockholdersEquity,,1.0,resolved,StockholdersEquityIncludingPortionAttributableToNoncontrollingInterest,USD,0,instant:68
1571949,liabilities,SINGLE,Liabilities,,1.0,resolved,,USD,0,instant:68
1571949,liabilities_and_equity,SINGLE,LiabilitiesAndStockholdersEquity,,1.0,resolved,,USD,0,instant:68
1571949,minority_interest,SINGLE,MinorityInterest,,1.0,resolved,,USD,0,instant:68
1571949,net_income,DOMINANT,NetIncomeLoss,,1.0,resolved,ProfitLoss,USD,0,Q:76|FY:24|H1:18|9M:16
1571949,net_income_to_common,ABSENT,,,0.0,UNRESOLVED,,,0,
1571949,operating_cash_flow,SINGLE,NetCashProvidedByUsedInOperatingActivities,,1.0,resolved,,USD,0,FY:24|H1:18|Q:18|9M:16
1571949,operating_income,SINGLE,OperatingIncomeLoss,,1.0,resolved,,USD,0,Q:76|FY:24|H1:18|9M:16
1571949,pretax_income,SINGLE,IncomeLossFromContinuingOperationsBeforeIncomeTaxesExtraordinaryItemsNoncontrollingInterest,,1.0,resolved,,USD,0,Q:28|FY:15|H1:10|9M:8
1571949,revenue,SINGLE,RevenueFromContractWithCustomerExcludingAssessedTax,,1.0,resolved,,USD,0,Q:52|FY:24|H1:18|9M:16
1571949,shares_outstanding,SINGLE,EntityCommonStockSharesOutstanding,,1.0,resolved,,shares,0,instant:38
1578845,assets,SINGLE,Assets,,0.95,resolved,,USD,0,instant:40
1578845,cash,SINGLE,CashAndCashEquivalentsAtCarryingValue,,0.95,resolved,,USD,0,instant:74
1578845,eps_diluted,SINGLE,EarningsPerShareDiluted,,0.95,resolved,,USD/shares,0,Q:70|FY:15|9M:10|H1:10
1578845,equity,DOMINANT,StockholdersEquity,,0.95,resolved,StockholdersEquityIncludingPortionAttributableToNoncontrollingInterest,USD,0,instant:46
1578845,liabilities,SINGLE,Liabilities,,0.95,resolved,,USD,0,instant:40
1578845,liabilities_and_equity,SINGLE,LiabilitiesAndStockholdersEquity,,0.95,resolved,,USD,0,instant:40
1578845,minority_interest,SINGLE,MinorityInterest,,0.95,resolved,,USD,0,instant:40
1578845,net_income,DOMINANT,NetIncomeLoss,,0.95,resolved,ProfitLoss,USD,0,Q:36|FY:15|9M:10|H1:10
1578845,net_income_to_common,SINGLE,NetIncomeLossAvailableToCommonStockholdersBasic,,0.95,resolved,,USD,0,Q:31|FY:15|9M:10|H1:10
1578845,operating_cash_flow,SINGLE,NetCashProvidedByUsedInOperatingActivities,,0.95,resolved,,USD,0,FY:15|Q:10|9M:8|H1:8
1578845,operating_income,SINGLE,OperatingIncomeLoss,,0.95,resolved,,USD,0,Q:30|FY:15|9M:10|H1:10
1578845,pretax_income,SINGLE,IncomeLossFromContinuingOperationsBeforeIncomeTaxesExtraordinaryItemsNoncontrollingInterest,,0.95,resolved,,USD,0,Q:30|FY:15|9M:10|H1:10
1578845,revenue,MIGRATION,Revenues|RevenueFromContractWithCustomerExcludingAssessedTax,2018Q2,0.95,resolved,,USD,0,Q:70|FY:15|9M:10|H1:10
1578845,shares_outstanding,SINGLE,EntityCommonStockSharesOutstanding,,1.0,resolved,,shares,0,instant:21
1585521,assets,SINGLE,Assets,,1.0,resolved,,USD,0,instant:40
1585521,cash,DOMINANT,CashAndCashEquivalentsAtCarryingValue,,1.0,resolved,CashCashEquivalentsRestrictedCashAndRestrictedCashEquivalents,USD,0,instant:60
1585521,eps_diluted,SINGLE,EarningsPerShareDiluted,,1.0,resolved,,USD/shares,0,Q:46|FY:15|9M:10|H1:10
1585521,equity,SINGLE,StockholdersEquity,,1.0,resolved,,USD,0,instant:100
1585521,liabilities,SINGLE,Liabilities,,1.0,resolved,,USD,0,instant:40
1585521,liabilities_and_equity,SINGLE,LiabilitiesAndStockholdersEquity,,1.0,resolved,,USD,0,instant:40
1585521,minority_interest,ABSENT,,,0.0,UNRESOLVED,,,0,
1585521,net_income,SINGLE,NetIncomeLoss,,1.0,resolved,,USD,0,Q:30|FY:15|9M:10|H1:10
1585521,net_income_to_common,SINGLE,NetIncomeLossAvailableToCommonStockholdersBasic,,0.95,resolved,,USD,0,Q:44|FY:15|9M:10|H1:10
1585521,operating_cash_flow,SINGLE,NetCashProvidedByUsedInOperatingActivities,,1.0,resolved,,USD,0,FY:15|9M:10|H1:10|Q:10
1585521,operating_income,SINGLE,OperatingIncomeLoss,,1.0,resolved,,USD,0,Q:46|FY:15|9M:10|H1:10
1585521,pretax_income,SINGLE,IncomeLossFromContinuingOperationsBeforeIncomeTaxesExtraordinaryItemsNoncontrollingInterest,,1.0,resolved,,USD,0,Q:30|FY:15|9M:10|H1:10
1585521,revenue,SINGLE,RevenueFromContractWithCustomerExcludingAssessedTax,,1.0,resolved,,USD,0,Q:46|FY:15|9M:10|H1:10
1585521,shares_outstanding,ABSENT,,,0.0,UNRESOLVED,,,0,
1596532,assets,SINGLE,Assets,,1.0,resolved,,USD,0,instant:26
1596532,cash,DOMINANT,CashAndCashEquivalentsAtCarryingValue,,1.0,resolved,CashCashEquivalentsRestrictedCashAndRestrictedCashEquivalents,USD,0,instant:26
1596532,eps_diluted,SINGLE,EarningsPerShareDiluted,,1.0,resolved,,USD/shares,0,Q:20|FY:9|H1:8|9M:6
1596532,equity,SINGLE,StockholdersEquity,,1.0,resolved,,USD,0,instant:66
1596532,liabilities,SINGLE,Liabilities,,1.0,resolved,,USD,0,instant:26
1596532,liabilities_and_equity,SINGLE,LiabilitiesAndStockholdersEquity,,1.0,resolved,,USD,0,instant:26
1596532,minority_interest,ABSENT,,,0.0,UNRESOLVED,,,0,
1596532,net_income,SINGLE,NetIncomeLoss,,1.0,resolved,,USD,0,Q:20|FY:9|H1:8|9M:6
1596532,net_income_to_common,SINGLE,NetIncomeLossAvailableToCommonStockholdersBasic,,1.0,resolved,,USD,0,Q:18|9M:6|FY:6|H1:6
1596532,operating_cash_flow,SINGLE,NetCashProvidedByUsedInOperatingActivities,,1.0,resolved,,USD,0,FY:9|H1:8|9M:6|Q:6
1596532,operating_income,SINGLE,OperatingIncomeLoss,,1.0,resolved,,USD,0,Q:20|FY:9|H1:8|9M:6
1596532,pretax_income,SINGLE,IncomeLossFromContinuingOperationsBeforeIncomeTaxesExtraordinaryItemsNoncontrollingInterest,,1.0,resolved,,USD,0,Q:20|FY:9|H1:8|9M:6
1596532,revenue,SINGLE,RevenueFromContractWithCustomerExcludingAssessedTax,,1.0,resolved,,USD,0,Q:20|FY:9|H1:8|9M:6
1596532,shares_outstanding,SINGLE,EntityCommonStockSharesOutstanding,,1.0,resolved,,shares,0,instant:13
1613103,assets,SINGLE,Assets,,1.0,resolved,,USD,0,instant:88
1613103,cash,DOMINANT,CashAndCashEquivalentsAtCarryingValue,,1.0,resolved,CashCashEquivalentsRestrictedCashAndRestrictedCashEquivalents,USD,0,instant:120
1613103,eps_diluted,SINGLE,EarningsPerShareDiluted,,1.0,resolved,,USD/shares,0,Q:106|FY:33|9M:22|H1:22
1613103,equity,DOMINANT,StockholdersEquity,,1.0,resolved,StockholdersEquityIncludingPortionAttributableToNoncontrollingInterest,USD,0,instant:90
1613103,liabilities,SINGLE,Liabilities,,1.0,resolved,,USD,0,instant:88
1613103,liabilities_and_equity,SINGLE,LiabilitiesAndStockholdersEquity,,1.0,resolved,,USD,0,instant:88
1613103,minority_interest,SINGLE,MinorityInterest,,0.9318,resolved,,USD,0,instant:80
1613103,net_income,DOMINANT,NetIncomeLoss,,1.0,resolved,ProfitLoss,USD,0,Q:106|FY:33|9M:22|H1:22
1613103,net_income_to_common,PARTIAL,NetIncomeLossAvailableToCommonStockholdersBasic,,0.4318,UNRESOLVED,,USD,0,Q:36|9M:12|H1:12|FY:3
1613103,operating_cash_flow,SINGLE,NetCashProvidedByUsedInOperatingActivities,,1.0,resolved,,USD,0,FY:33|9M:22|H1:22|Q:20
1613103,operating_income,SINGLE,OperatingIncomeLoss,,1.0,resolved,,USD,0,Q:66|FY:33|9M:22|H1:22
1613103,pretax_income,MIGRATION,IncomeLossFromContinuingOperationsBeforeIncomeTaxesMinorityInterestAndIncomeLossFromEquityMethodInvestments|IncomeLossFromContinuingOperationsBeforeIncomeTaxesExtraordinaryItemsNoncontrollingInterest,2021Q4,1.0,resolved,,USD,0,Q:66|FY:33|9M:22|H1:22
1613103,revenue,SINGLE,RevenueFromContractWithCustomerExcludingAssessedTax,,0.8409,resolved,,USD,0,Q:64|FY:24|9M:16|H1:16
1613103,shares_outstanding,SINGLE,EntityCommonStockSharesOutstanding,,1.0,resolved,,shares,0,instant:44
1618921,assets,SINGLE,Assets,,1.0,resolved,,USD,0,instant:34
1618921,cash,SINGLE,CashAndCashEquivalentsAtCarryingValue,,1.0,resolved,,USD,0,instant:62
1618921,eps_diluted,PARTIAL,EarningsPerShareDiluted,,0.8125,UNRESOLVED,,USD/shares,0,Q:35|FY:11|9M:2
1618921,equity,DOMINANT,StockholdersEquity,,1.0,resolved,StockholdersEquityIncludingPortionAttributableToNoncontrollingInterest,USD,0,instant:34
1618921,liabilities,ABSENT,,,0.0,UNRESOLVED,,,0,
1618921,liabilities_and_equity,SINGLE,LiabilitiesAndStockholdersEquity,,1.0,resolved,,USD,0,instant:34
1618921,minority_interest,SINGLE,MinorityInterest,,1.0,resolved,,USD,0,instant:34
1618921,net_income,DOMINANT,NetIncomeLoss,,1.0,resolved,ProfitLoss,USD,0,Q:58|FY:12|9M:10|H1:8
1618921,net_income_to_common,ABSENT,,,0.0,UNRESOLVED,,,0,
1618921,operating_cash_flow,MIGRATION,NetCashProvidedByUsedInOperatingActivitiesContinuingOperations|NetCashProvidedByUsedInOperatingActivities,2018Q2,1.0,resolved,,USD,0,FY:12|9M:10|H1:8|Q:8
1618921,operating_income,SINGLE,OperatingIncomeLoss,,1.0,resolved,,USD,0,Q:26|FY:12|9M:10|H1:8
1618921,pretax_income,DOMINANT,IncomeLossFromContinuingOperationsBeforeIncomeTaxesMinorityInterestAndIncomeLossFromEquityMethodInvestments,,1.0,resolved,IncomeLossFromContinuingOperationsBeforeIncomeTaxesExtraordinaryItemsNoncontrollingInterest,USD,0,Q:26|FY:12|9M:10|H1:8
1618921,revenue,MIGRATION,Revenues|RevenueFromContractWithCustomerExcludingAssessedTax,2018Q4,1.0,resolved,,USD,0,Q:24|FY:9|9M:6|H1:4
1618921,shares_outstanding,SINGLE,EntityCommonStockSharesOutstanding,,1.0,resolved,,shares,0,instant:17
1633917,assets,SINGLE,Assets,,0.9773,resolved,,USD,0,instant:90
1633917,cash,DOMINANT,CashAndCashEquivalentsAtCarryingValue,,0.9773,resolved,CashCashEquivalentsRestrictedCashAndRestrictedCashEquivalents,USD,0,instant:146
1633917,eps_diluted,SINGLE,EarningsPerShareDiluted,,0.9773,resolved,,USD/shares,0,Q:122|FY:36|9M:22|H1:22
1633917,equity,SINGLE,StockholdersEquity,,0.9773,resolved,,USD,0,instant:148
1633917,liabilities,SINGLE,Liabilities,,0.9773,resolved,,USD,0,instant:90
1633917,liabilities_and_equity,SINGLE,LiabilitiesAndStockholdersEquity,,0.9773,resolved,,USD,0,instant:90
1633917,minority_interest,PARTIAL,MinorityInterest,,0.2273,UNRESOLVED,,USD,0,instant:18
1633917,net_income,SINGLE,NetIncomeLoss,,0.9773,resolved,,USD,0,Q:164|FY:36|9M:22|H1:22
1633917,net_income_to_common,PARTIAL,NetIncomeLossAvailableToCommonStockholdersBasic,,0.5682,UNRESOLVED,,USD,0,Q:30|FY:15|9M:10|H1:10
1633917,operating_cash_flow,SINGLE,NetCashProvidedByUsedInOperatingActivities,,0.9773,resolved,,USD,0,FY:36|9M:22|H1:22|Q:22
1633917,operating_income,SINGLE,OperatingIncomeLoss,,0.9773,resolved,,USD,0,Q:66|FY:36|9M:22|H1:22
1633917,pretax_income,PARTIAL,IncomeLossFromContinuingOperationsBeforeIncomeTaxesExtraordinaryItemsNoncontrollingInterest,,0.4545,UNRESOLVED,,USD,0,FY:27|Q:26|H1:10|9M:8
1633917,revenue,MIGRATION,RevenueFromContractWithCustomerExcludingAssessedTax|Revenues,2020Q2,0.8636,resolved,,USD,0,Q:82|FY:27|9M:16|H1:16
1633917,shares_outstanding,SINGLE,EntityCommonStockSharesOutstanding,,1.0,resolved,,shares,0,instant:44
1637459,assets,SINGLE,Assets,,0.9,resolved,,USD,0,instant:57
1637459,cash,DOMINANT,CashAndCashEquivalentsAtCarryingValue,,0.9,resolved,CashCashEquivalentsRestrictedCashAndRestrictedCashEquivalents,USD,0,instant:71
1637459,eps_diluted,SINGLE,EarningsPerShareDiluted,,0.9,resolved,,USD/shares,0,Q:82|FY:15|H1:14|9M:12
1637459,equity,DOMINANT,StockholdersEquity,,0.9,resolved,StockholdersEquityIncludingPortionAttributableToNoncontrollingInterest,USD,0,instant:57
1637459,liabilities,SINGLE,Liabilities,,0.9,resolved,,USD,0,instant:55
1637459,liabilities_and_equity,SINGLE,LiabilitiesAndStockholdersEquity,,0.9,resolved,,USD,0,instant:57
1637459,minority_interest,SINGLE,MinorityInterest,,0.9,resolved,,USD,0,instant:55
1637459,net_income,DOMINANT,NetIncomeLoss,,0.9,resolved,ProfitLoss,USD,0,Q:68|H1:16|FY:15|9M:12
1637459,net_income_to_common,SINGLE,NetIncomeLossAvailableToCommonStockholdersBasic,,0.9,resolved,,USD,0,Q:76|H1:16|FY:15|9M:12
1637459,operating_cash_flow,SINGLE,NetCashProvidedByUsedInOperatingActivities,,0.9,resolved,,USD,0,H1:16|FY:15|Q:14|9M:12
1637459,operating_income,SINGLE,OperatingIncomeLoss,,0.9,resolved,,USD,0,Q:44|H1:16|FY:15|9M:12
1637459,pretax_income,SINGLE,IncomeLossFromContinuingOperationsBeforeIncomeTaxesExtraordinaryItemsNoncontrollingInterest,,0.9,resolved,,USD,0,Q:42|FY:15|H1:14|9M:12
1637459,revenue,PARTIAL,RevenueFromContractWithCustomerIncludingAssessedTax,,0.7,UNRESOLVED,,USD,0,Q:28|9M:6|FY:6|H1:6
1637459,shares_outstanding,SINGLE,EntityCommonStockSharesOutstanding,,0.95,resolved,,shares,0,instant:23
1640147,assets,SINGLE,Assets,,1.0,resolved,,USD,0,instant:32
1640147,cash,DOMINANT,CashAndCashEquivalentsAtCarryingValue,,1.0,resolved,CashCashEquivalentsRestrictedCashAndRestrictedCashEquivalents,USD,0,instant:48
1640147,eps_diluted,SINGLE,EarningsPerShareDiluted,,1.0,resolved,,USD/shares,0,Q:24|FY:12|9M:8|H1:8
1640147,equity,DOMINANT,StockholdersEquity,,1.0,resolved,StockholdersEquityIncludingPortionAttributableToNoncontrollingInterest,USD,0,instant:34
1640147,liabilities,SINGLE,Liabilities,,1.0,resolved,,USD,0,instant:32
1640147,liabilities_and_equity,SINGLE,LiabilitiesAndStockholdersEquity,,1.0,resolved,,USD,0,instant:32
1640147,minority_interest,SINGLE,MinorityInterest,,0.875,resolved,,USD,0,instant:28
1640147,net_income,DOMINANT,NetIncomeLoss,,1.0,resolved,ProfitLoss,USD,0,Q:24|FY:12|9M:8|H1:8
1640147,net_income_to_common,ABSENT,,,0.0,UNRESOLVED,,,0,
1640147,operating_cash_flow,SINGLE,NetCashProvidedByUsedInOperatingActivities,,1.0,resolved,,USD,0,FY:12|9M:8|H1:8|Q:8
1640147,operating_income,SINGLE,OperatingIncomeLoss,,1.0,resolved,,USD,0,Q:24|FY:12|9M:8|H1:8
1640147,pretax_income,SINGLE,IncomeLossFromContinuingOperationsBeforeIncomeTaxesExtraordinaryItemsNoncontrollingInterest,,1.0,resolved,,USD,0,Q:24|FY:12|9M:8|H1:8
1640147,revenue,SINGLE,RevenueFromContractWithCustomerExcludingAssessedTax,,1.0,resolved,,USD,0,Q:24|FY:12|9M:8|H1:8
1640147,shares_outstanding,SINGLE,EntityCommonStockSharesOutstanding,,1.0,resolved,,shares,0,instant:16
1645590,assets,SINGLE,Assets,,1.0,resolved,,USD,0,instant:35
1645590,cash,DOMINANT,CashAndCashEquivalentsAtCarryingValue,,1.0,resolved,CashCashEquivalentsRestrictedCashAndRestrictedCashEquivalents,USD,0,instant:52
1645590,eps_diluted,SINGLE,EarningsPerShareDiluted,,1.0,resolved,,USD/shares,0,Q:36|FY:12|9M:8|H1:8
1645590,equity,DOMINANT,StockholdersEquity,,1.0,resolved,StockholdersEquityIncludingPortionAttributableToNoncontrollingInterest,USD,0,instant:35
1645590,liabilities,PARTIAL,Liabilities,,0.0625,UNRESOLVED,,USD,0,instant:3
1645590,liabilities_and_equity,SINGLE,LiabilitiesAndStockholdersEquity,,1.0,resolved,,USD,0,instant:35
1645590,minority_interest,PARTIAL,MinorityInterest,,0.5,UNRESOLVED,,USD,0,instant:12
1645590,net_income,SINGLE,NetIncomeLoss,,1.0,resolved,,USD,0,Q:24|FY:12|9M:8|H1:8
1645590,net_income_to_common,ABSENT,,,0.0,UNRESOLVED,,,0,
1645590,operating_cash_flow,SINGLE,NetCashProvidedByUsedInOperatingActivities,,1.0,resolved,,USD,0,FY:12|9M:8|H1:8|Q:8
1645590,operating_income,SINGLE,OperatingIncomeLoss,,1.0,resolved,,USD,0,Q:40|FY:12|9M:8|H1:8
1645590,pretax_income,SINGLE,IncomeLossFromContinuingOperationsBeforeIncomeTaxesExtraordinaryItemsNoncontrollingInterest,,1.0,resolved,,USD,0,Q:32|FY:12|9M:8|H1:8
1645590,revenue,SINGLE,Revenues,,1.0,resolved,,USD,0,Q:40|FY:12|9M:8|H1:8
1645590,shares_outstanding,SINGLE,EntityCommonStockSharesOutstanding,,1.0,resolved,,shares,0,instant:16
1652044,assets,SINGLE,Assets,,1.0,resolved,,USD,0,instant:82
1652044,cash,DOMINANT,CashAndCashEquivalentsAtCarryingValue,,1.0,resolved,CashCashEquivalentsRestrictedCashAndRestrictedCashEquivalents,USD,0,instant:106
1652044,eps_diluted,SINGLE,EarningsPerShareDiluted,,1.0,resolved,,USD/shares,0,Q:58|FY:24|H1:20|9M:18
1652044,equity,SINGLE,StockholdersEquity,,1.0,resolved,,USD,0,instant:178
1652044,liabilities,SINGLE,Liabilities,,1.0,resolved,,USD,0,instant:82
1652044,liabilities_and_equity,SINGLE,LiabilitiesAndStockholdersEquity,,1.0,resolved,,USD,0,instant:82
1652044,minority_interest,ABSENT,,,0.0,UNRESOLVED,,,0,
1652044,net_income,SINGLE,NetIncomeLoss,,1.0,resolved,,USD,0,Q:62|FY:30|H1:22|9M:20
1652044,net_income_to_common,PARTIAL,NetIncomeLossAvailableToCommonStockholdersBasic,,0.425,UNRESOLVED,,USD,0,Q:18|FY:12|H1:8|9M:6
1652044,operating_cash_flow,SINGLE,NetCashProvidedByUsedInOperatingActivities,,1.0,resolved,,USD,0,FY:30|H1:22|9M:20|Q:20
1652044,operating_income,SINGLE,OperatingIncomeLoss,,1.0,resolved,,USD,0,Q:62|FY:30|H1:22|9M:20
1652044,pretax_income,MIGRATION,IncomeLossFromContinuingOperationsBeforeIncomeTaxesMinorityInterestAndIncomeLossFromEquityMethodInvestments|IncomeLossFromContinuingOperationsBeforeIncomeTaxesExtraordinaryItemsNoncontrollingInterest,2021Q3,1.0,resolved,,USD,0,Q:62|FY:36|H1:22|9M:20
1652044,revenue,MIGRATION,RevenueFromContractWithCustomerExcludingAssessedTax|Revenues,2025Q2,1.0,resolved,,USD,0,Q:74|FY:30|H1:26|9M:22
1652044,shares_outstanding,ABSENT,,,0.0,UNRESOLVED,,,0,
1666700,assets,SINGLE,Assets,,1.0,resolved,,USD,0,instant:53
1666700,cash,DOMINANT,CashAndCashEquivalentsAtCarryingValue,,1.0,resolved,CashCashEquivalentsRestrictedCashAndRestrictedCashEquivalents|CashCashEquivalentsRestrictedCashAndRestrictedCashEquivalentsIncludingDisposalGroupAndDiscontinuedOperations,USD,0,instant:48
1666700,eps_diluted,SINGLE,EarningsPerShareDiluted,,1.0,resolved,,USD/shares,0,Q:32|FY:18|H1:12|9M:10
1666700,equity,DOMINANT,StockholdersEquity,,1.0,resolved,StockholdersEquityIncludingPortionAttributableToNoncontrollingInterest,USD,0,instant:47
1666700,liabilities,SINGLE,Liabilities,,0.9,resolved,,USD,0,instant:36
1666700,liabilities_and_equity,SINGLE,LiabilitiesAndStockholdersEquity,,1.0,resolved,,USD,0,instant:47
1666700,minority_interest,SINGLE,MinorityInterest,,1.0,resolved,,USD,0,instant:90
1666700,net_income,DOMINANT,NetIncomeLoss,,1.0,resolved,ProfitLoss,USD,0,Q:58|FY:18|H1:12|9M:10
1666700,net_income_to_common,SINGLE,NetIncomeLossAvailableToCommonStockholdersBasic,,1.0,resolved,,USD,0,Q:32|FY:18|H1:12|9M:10
1666700,operating_cash_flow,SINGLE,NetCashProvidedByUsedInOperatingActivities,,0.8,resolved,,USD,0,FY:9|9M:6|Q:6|H1:4
1666700,operating_income,ABSENT,,,0.0,UNRESOLVED,,,0,
1666700,pretax_income,SINGLE,IncomeLossFromContinuingOperationsBeforeIncomeTaxesExtraordinaryItemsNoncontrollingInterest,,1.0,resolved,,USD,0,Q:32|FY:18|H1:12|9M:10
1666700,revenue,SINGLE,RevenueFromContractWithCustomerExcludingAssessedTax,,1.0,resolved,,USD,0,Q:16|FY:6|H1:6|9M:4
1666700,shares_outstanding,SINGLE,EntityCommonStockSharesOutstanding,,1.0,resolved,,shares,0,instant:21
1682852,assets,SINGLE,Assets,,1.0,resolved,,USD,0,instant:34
1682852,cash,DOMINANT,CashAndCashEquivalentsAtCarryingValue,,1.0,resolved,CashCashEquivalentsRestrictedCashAndRestrictedCashEquivalents,USD,0,instant:50
1682852,eps_diluted,SINGLE,EarningsPerShareDiluted,,1.0,resolved,,USD/shares,0,Q:22|FY:9|H1:8|9M:6
1682852,equity,SINGLE,StockholdersEquity,,1.0,resolved,,USD,0,instant:86
1682852,liabilities,SINGLE,Liabilities,,1.0,resolved,,USD,0,instant:34
1682852,liabilities_and_equity,SINGLE,LiabilitiesAndStockholdersEquity,,1.0,resolved,,USD,0,instant:34
1682852,minority_interest,ABSENT,,,0.0,UNRESOLVED,,,0,
1682852,net_income,SINGLE,NetIncomeLoss,,1.0,resolved,,USD,0,Q:26|FY:12|H1:10|9M:8
1682852,net_income_to_common,PARTIAL,NetIncomeLossAvailableToCommonStockholdersBasic,,0.0625,UNRESOLVED,,USD,0,FY:3
1682852,operating_cash_flow,SINGLE,NetCashProvidedByUsedInOperatingActivities,,1.0,resolved,,USD,0,FY:12|H1:10|9M:8|Q:8
1682852,operating_income,SINGLE,OperatingIncomeLoss,,1.0,resolved,,USD,0,Q:26|FY:12|H1:10|9M:8
1682852,pretax_income,SINGLE,IncomeLossFromContinuingOperationsBeforeIncomeTaxesExtraordinaryItemsNoncontrollingInterest,,1.0,resolved,,USD,0,Q:18|FY:9|9M:6|H1:6
1682852,revenue,MIGRATION,Revenues|RevenueFromContractWithCustomerExcludingAssessedTax,2023Q3,1.0,resolved,,USD,0,Q:26|FY:12|H1:10|9M:8
1682852,shares_outstanding,SINGLE,EntityCommonStockSharesOutstanding,,1.0,resolved,,shares,0,instant:17
1692819,assets,SINGLE,Assets,,1.0,resolved,,USD,0,instant:18
1692819,cash,DOMINANT,CashAndCashEquivalentsAtCarryingValue,,1.0,resolved,CashCashEquivalentsRestrictedCashAndRestrictedCashEquivalents,USD,0,instant:18
1692819,eps_diluted,SINGLE,EarningsPerShareDiluted,,1.0,resolved,,USD/shares,0,Q:14|FY:6|H1:6|9M:4
1692819,equity,DOMINANT,StockholdersEquity,,1.0,resolved,StockholdersEquityIncludingPortionAttributableToNoncontrollingInterest,USD,0,instant:18
1692819,liabilities,SINGLE,Liabilities,,1.0,resolved,,USD,0,instant:18
1692819,liabilities_and_equity,SINGLE,LiabilitiesAndStockholdersEquity,,1.0,resolved,,USD,0,instant:18
1692819,minority_interest,SINGLE,MinorityInterest,,1.0,resolved,,USD,0,instant:18
1692819,net_income,DOMINANT,NetIncomeLoss,,1.0,resolved,ProfitLoss,USD,0,Q:14|FY:6|H1:6|9M:4
1692819,net_income_to_common,SINGLE,NetIncomeLossAvailableToCommonStockholdersBasic,,1.0,resolved,,USD,0,Q:14|FY:6|H1:6|9M:4
1692819,operating_cash_flow,SINGLE,NetCashProvidedByUsedInOperatingActivities,,1.0,resolved,,USD,0,FY:6|H1:6|9M:4|Q:4
1692819,operating_income,SINGLE,OperatingIncomeLoss,,1.0,resolved,,USD,0,Q:14|FY:6|H1:6|9M:4
1692819,pretax_income,SINGLE,IncomeLossFromContinuingOperationsBeforeIncomeTaxesExtraordinaryItemsNoncontrollingInterest,,1.0,resolved,,USD,0,Q:14|FY:6|H1:6|9M:4
1692819,revenue,DOMINANT,Revenues,,1.0,resolved,RevenueFromContractWithCustomerExcludingAssessedTax,USD,0,Q:14|FY:6|H1:6|9M:4
1692819,shares_outstanding,SINGLE,EntityCommonStockSharesOutstanding,,1.0,resolved,,shares,0,instant:9
1707925,assets,SINGLE,Assets,,1.0,resolved,,USD,0,instant:58
1707925,cash,DOMINANT,CashAndCashEquivalentsAtCarryingValue,,1.0,resolved,CashCashEquivalentsRestrictedCashAndRestrictedCashEquivalents,USD,0,instant:58
1707925,eps_diluted,SINGLE,EarningsPerShareDiluted,,1.0,resolved,,USD/shares,0,Q:44|FY:21|H1:16|9M:14
1707925,equity,DOMINANT,StockholdersEquity,,1.0,resolved,StockholdersEquityIncludingPortionAttributableToNoncontrollingInterest,USD,0,instant:58
1707925,liabilities,SINGLE,Liabilities,,1.0,resolved,,USD,0,instant:58
1707925,liabilities_and_equity,SINGLE,LiabilitiesAndStockholdersEquity,,1.0,resolved,,USD,0,instant:58
1707925,minority_interest,SINGLE,MinorityInterest,,1.0,resolved,,USD,0,instant:58
1707925,net_income,DOMINANT,NetIncomeLoss,,1.0,resolved,ProfitLoss,USD,0,Q:52|FY:21|H1:16|9M:14
1707925,net_income_to_common,ABSENT,,,0.0,UNRESOLVED,,,0,
1707925,operating_cash_flow,SINGLE,NetCashProvidedByUsedInOperatingActivities,,1.0,resolved,,USD,0,FY:12|H1:12|Q:12|9M:10
1707925,operating_income,SINGLE,OperatingIncomeLoss,,1.0,resolved,,USD,0,Q:52|FY:21|H1:16|9M:14
1707925,pretax_income,SINGLE,IncomeLossFromContinuingOperationsBeforeIncomeTaxesMinorityInterestAndIncomeLossFromEquityMethodInvestments,,1.0,resolved,,USD,0,Q:44|FY:21|H1:16|9M:14
1707925,revenue,SINGLE,RevenueFromContractWithCustomerExcludingAssessedTax,,1.0,resolved,,USD,0,Q:52|FY:21|H1:16|9M:14
1707925,shares_outstanding,SINGLE,EntityCommonStockSharesOutstanding,,0.7857,resolved,,shares,0,instant:29
1730168,assets,SINGLE,Assets,,1.0,resolved,,USD,0,instant:66
1730168,cash,SINGLE,CashAndCashEquivalentsAtCarryingValue,,1.0,resolved,,USD,0,instant:102
1730168,eps_diluted,SINGLE,EarningsPerShareDiluted,,1.0,resolved,,USD/shares,0,Q:80|FY:27|9M:16|H1:16
1730168,equity,SINGLE,StockholdersEquityIncludingPortionAttributableToNoncontrollingInterest,,1.0,resolved,,USD,0,instant:174
1730168,liabilities,SINGLE,Liabilities,,1.0,resolved,,USD,0,instant:66
1730168,liabilities_and_equity,SINGLE,LiabilitiesAndStockholdersEquity,,1.0,resolved,,USD,0,instant:66
1730168,minority_interest,PARTIAL,MinorityInterest,,0.0625,UNRESOLVED,,USD,0,instant:4
1730168,net_income,SINGLE,ProfitLoss,,1.0,resolved,,USD,0,Q:124|FY:27|9M:16|H1:16
1730168,net_income_to_common,PARTIAL,NetIncomeLossAvailableToCommonStockholdersBasic,,0.75,UNRESOLVED,,USD,0,Q:50|FY:21|9M:8|H1:8
1730168,operating_cash_flow,SINGLE,NetCashProvidedByUsedInOperatingActivities,,1.0,resolved,,USD,0,FY:27|9M:16|H1:16|Q:16
1730168,operating_income,SINGLE,OperatingIncomeLoss,,1.0,resolved,,USD,0,Q:80|FY:27|9M:16|H1:16
1730168,pretax_income,SINGLE,IncomeLossFromContinuingOperationsBeforeIncomeTaxesExtraordinaryItemsNoncontrollingInterest,,1.0,resolved,,USD,0,Q:48|FY:27|9M:16|H1:16
1730168,revenue,SINGLE,RevenueFromContractWithCustomerExcludingAssessedTax,,1.0,resolved,,USD,0,Q:70|FY:24|H1:16|9M:14
1730168,shares_outstanding,SINGLE,EntityCommonStockSharesOutstanding,,1.0,resolved,,shares,0,instant:32
1739940,assets,SINGLE,Assets,,1.0,resolved,,USD,0,instant:58
1739940,cash,DOMINANT,CashAndCashEquivalentsAtCarryingValue,,1.0,resolved,CashCashEquivalentsRestrictedCashAndRestrictedCashEquivalents|CashCashEquivalentsRestrictedCashAndRestrictedCashEquivalentsIncludingDisposalGroupAndDiscontinuedOperations,USD,0,instant:66
1739940,eps_diluted,SINGLE,EarningsPerShareDiluted,,1.0,resolved,,USD/shares,0,Q:52|FY:21|H1:16|9M:14
1739940,equity,DOMINANT,StockholdersEquity,,1.0,resolved,StockholdersEquityIncludingPortionAttributableToNoncontrollingInterest,USD,0,instant:58
1739940,liabilities,SINGLE,Liabilities,,1.0,resolved,,USD,0,instant:58
1739940,liabilities_and_equity,SINGLE,LiabilitiesAndStockholdersEquity,,1.0,resolved,,USD,0,instant:58
1739940,minority_interest,SINGLE,MinorityInterest,,1.0,resolved,,USD,0,instant:58
1739940,net_income,SINGLE,ProfitLoss,,1.0,resolved,,USD,0,Q:44|FY:21|H1:16|9M:14
1739940,net_income_to_common,PARTIAL,NetIncomeLossAvailableToCommonStockholdersBasic,,0.8929,UNRESOLVED,,USD,0,Q:48|FY:18|9M:14|H1:14
1739940,operating_cash_flow,SINGLE,NetCashProvidedByUsedInOperatingActivities,,1.0,resolved,,USD,0,FY:21|H1:16|9M:14|Q:14
1739940,operating_income,SINGLE,OperatingIncomeLoss,,1.0,resolved,,USD,0,Q:44|FY:21|H1:16|9M:14
1739940,pretax_income,SINGLE,IncomeLossFromContinuingOperationsBeforeIncomeTaxesExtraordinaryItemsNoncontrollingInterest,,1.0,resolved,,USD,0,Q:52|FY:21|H1:16|9M:14
1739940,revenue,SINGLE,Revenues,,1.0,resolved,,USD,0,Q:52|FY:21|H1:16|9M:14
1739940,shares_outstanding,SINGLE,EntityCommonStockSharesOutstanding,,0.9643,resolved,,shares,0,instant:29
1744489,assets,SINGLE,Assets,,0.9286,resolved,,USD,0,instant:63
1744489,cash,DOMINANT,CashAndCashEquivalentsAtCarryingValue,,0.9286,resolved,CashCashEquivalentsRestrictedCashAndRestrictedCashEquivalents,USD,0,instant:72
1744489,eps_diluted,SINGLE,EarningsPerShareDiluted,,0.9286,resolved,,USD/shares,0,Q:77|FY:27|9M:16|H1:14
1744489,equity,DOMINANT,StockholdersEquity,,0.9286,resolved,StockholdersEquityIncludingPortionAttributableToNoncontrollingInterest,USD,0,instant:63
1744489,liabilities,ABSENT,,,0.0,UNRESOLVED,,,0,
1744489,liabilities_and_equity,SINGLE,LiabilitiesAndStockholdersEquity,,0.9286,resolved,,USD,0,instant:63
1744489,minority_interest,SINGLE,MinorityInterest,,0.9286,resolved,,USD,0,instant:63
1744489,net_income,DOMINANT,NetIncomeLoss,,0.9286,resolved,ProfitLoss,USD,0,Q:77|FY:30|9M:16|H1:14
1744489,net_income_to_common,ABSENT,,,0.0,UNRESOLVED,,,0,
1744489,operating_cash_flow,MIGRATION,NetCashProvidedByUsedInOperatingActivitiesContinuingOperations|NetCashProvidedByUsedInOperatingActivities,2024Q4,0.9286,resolved,,USD,0,FY:30|Q:18|9M:16|H1:14
1744489,operating_income,SINGLE,OperatingIncomeLoss,,0.9286,resolved,,USD,0,Q:77|FY:27|9M:16|H1:14
1744489,pretax_income,SINGLE,IncomeLossFromContinuingOperationsBeforeIncomeTaxesExtraordinaryItemsNoncontrollingInterest,,0.9286,resolved,,USD,0,Q:66|FY:27|9M:16|H1:14
1744489,revenue,SINGLE,Revenues,,0.9286,resolved,,USD,0,Q:77|FY:27|9M:16|H1:14
1744489,shares_outstanding,SINGLE,EntityCommonStockSharesOutstanding,,1.0,resolved,,shares,0,instant:31
1751788,assets,SINGLE,Assets,,1.0,resolved,,USD,0,instant:54
1751788,cash,DOMINANT,CashAndCashEquivalentsAtCarryingValue,,1.0,resolved,CashCashEquivalentsRestrictedCashAndRestrictedCashEquivalents,USD,0,instant:78
1751788,eps_diluted,SINGLE,EarningsPerShareDiluted,,1.0,resolved,,USD/shares,0,Q:38|FY:21|H1:14|9M:12
1751788,equity,DOMINANT,StockholdersEquity,,1.0,resolved,StockholdersEquityIncludingPortionAttributableToNoncontrollingInterest,USD,0,instant:78
1751788,liabilities,ABSENT,,,0.0,UNRESOLVED,,,0,
1751788,liabilities_and_equity,SINGLE,LiabilitiesAndStockholdersEquity,,1.0,resolved,,USD,0,instant:52
1751788,minority_interest,SINGLE,MinorityInterest,,1.0,resolved,,USD,0,instant:78
1751788,net_income,DOMINANT,NetIncomeLoss,,1.0,resolved,ProfitLoss,USD,0,Q:38|H1:14|9M:12|FY:3
1751788,net_income_to_common,SINGLE,NetIncomeLossAvailableToCommonStockholdersBasic,,1.0,resolved,,USD,0,Q:52|FY:21|H1:10|9M:8
1751788,operating_cash_flow,DOMINANT,NetCashProvidedByUsedInOperatingActivities,,1.0,resolved,NetCashProvidedByUsedInOperatingActivitiesContinuingOperations,USD,0,FY:21|H1:14|9M:12|Q:12
1751788,operating_income,ABSENT,,,0.0,UNRESOLVED,,,0,
1751788,pretax_income,SINGLE,IncomeLossFromContinuingOperationsBeforeIncomeTaxesExtraordinaryItemsNoncontrollingInterest,,1.0,resolved,,USD,0,Q:38|FY:21|H1:14|9M:12
1751788,revenue,DOMINANT,Revenues,,1.0,resolved,RevenueFromContractWithCustomerIncludingAssessedTax,USD,0,Q:38|FY:15|H1:14|9M:12
1751788,shares_outstanding,SINGLE,EntityCommonStockSharesOutstanding,,0.8333,resolved,,shares,0,instant:25
1782754,assets,SINGLE,Assets,,1.0,resolved,,USD,0,instant:38
1782754,cash,DOMINANT,CashAndCashEquivalentsAtCarryingValue,,1.0,resolved,CashCashEquivalentsRestrictedCashAndRestrictedCashEquivalentsIncludingDisposalGroupAndDiscontinuedOperations,USD,0,instant:34
1782754,eps_diluted,SINGLE,EarningsPerShareDiluted,,1.0,resolved,,USD/shares,0,Q:36|FY:12|9M:8|H1:8
1782754,equity,SINGLE,StockholdersEquity,,1.0,resolved,,USD,0,instant:74
1782754,liabilities,SINGLE,Liabilities,,1.0,resolved,,USD,0,instant:34
1782754,liabilities_and_equity,SINGLE,LiabilitiesAndStockholdersEquity,,1.0,resolved,,USD,0,instant:34
1782754,minority_interest,ABSENT,,,0.0,UNRESOLVED,,,0,
1782754,net_income,SINGLE,NetIncomeLoss,,1.0,resolved,,USD,0,Q:36|FY:12|9M:8|H1:8
1782754,net_income_to_common,SINGLE,NetIncomeLossAvailableToCommonStockholdersBasic,,1.0,resolved,,USD,0,Q:18|FY:12|H1:6|9M:4
1782754,operating_cash_flow,SINGLE,NetCashProvidedByUsedInOperatingActivities,,1.0,resolved,,USD,0,FY:12|Q:10|9M:8|H1:8
1782754,operating_income,SINGLE,OperatingIncomeLoss,,1.0,resolved,,USD,0,Q:26|FY:12|9M:8|H1:8
1782754,pretax_income,SINGLE,IncomeLossFromContinuingOperationsBeforeIncomeTaxesExtraordinaryItemsNoncontrollingInterest,,1.0,resolved,,USD,0,Q:26|FY:12|9M:8|H1:8
1782754,revenue,SINGLE,Revenues,,1.0,resolved,,USD,0,Q:36|FY:12|9M:8|H1:8
1782754,shares_outstanding,ABSENT,,,0.0,UNRESOLVED,,,0,
1868275,assets,SINGLE,Assets,,1.0,resolved,,USD,0,instant:26
1868275,cash,DOMINANT,CashAndCashEquivalentsAtCarryingValue,,1.0,resolved,CashCashEquivalentsRestrictedCashAndRestrictedCashEquivalents,USD,0,instant:40
1868275,eps_diluted,SINGLE,EarningsPerShareDiluted,,1.0,resolved,,USD/shares,0,Q:20|FY:9|H1:8|9M:6
1868275,equity,DOMINANT,StockholdersEquity,,1.0,resolved,StockholdersEquityIncludingPortionAttributableToNoncontrollingInterest,USD,0,instant:26
1868275,liabilities,SINGLE,Liabilities,,1.0,resolved,,USD,0,instant:26
1868275,liabilities_and_equity,SINGLE,LiabilitiesAndStockholdersEquity,,1.0,resolved,,USD,0,instant:26
1868275,minority_interest,SINGLE,MinorityInterest,,1.0,resolved,,USD,0,instant:26
1868275,net_income,DOMINANT,NetIncomeLoss,,1.0,resolved,ProfitLoss,USD,0,Q:20|FY:9|H1:8|9M:6
1868275,net_income_to_common,ABSENT,,,0.0,UNRESOLVED,,,0,
1868275,operating_cash_flow,SINGLE,NetCashProvidedByUsedInOperatingActivities,,1.0,resolved,,USD,0,FY:9|H1:8|9M:6|Q:6
1868275,operating_income,SINGLE,OperatingIncomeLoss,,1.0,resolved,,USD,0,Q:20|FY:9|H1:8|9M:6
1868275,pretax_income,SINGLE,IncomeLossFromContinuingOperationsBeforeIncomeTaxesMinorityInterestAndIncomeLossFromEquityMethodInvestments,,1.0,resolved,,USD,0,Q:18|FY:9|H1:8|9M:6
1868275,revenue,DOMINANT,Revenues,,1.0,resolved,RevenueFromContractWithCustomerExcludingAssessedTax,USD,0,Q:20|FY:9|H1:8|9M:6
1868275,shares_outstanding,SINGLE,EntityCommonStockSharesOutstanding,,1.0,resolved,,shares,0,instant:13
1996810,assets,SINGLE,Assets,,1.0,resolved,,USD,0,instant:18
1996810,cash,SINGLE,CashCashEquivalentsRestrictedCashAndRestrictedCashEquivalents,,1.0,resolved,,USD,0,instant:40
1996810,eps_diluted,SINGLE,EarningsPerShareDiluted,,1.0,resolved,,USD/shares,0,Q:14|FY:6|H1:6|9M:4
1996810,equity,DOMINANT,StockholdersEquity,,1.0,resolved,StockholdersEquityIncludingPortionAttributableToNoncontrollingInterest,USD,0,instant:18
1996810,liabilities,SINGLE,Liabilities,,1.0,resolved,,USD,0,instant:18
1996810,liabilities_and_equity,SINGLE,LiabilitiesAndStockholdersEquity,,1.0,resolved,,USD,0,instant:18
1996810,minority_interest,SINGLE,MinorityInterest,,1.0,resolved,,USD,0,instant:18
1996810,net_income,DOMINANT,NetIncomeLoss,,1.0,resolved,ProfitLoss,USD,0,Q:14|FY:6|H1:6|9M:4
1996810,net_income_to_common,ABSENT,,,0.0,UNRESOLVED,,,0,
1996810,operating_cash_flow,SINGLE,NetCashProvidedByUsedInOperatingActivities,,1.0,resolved,,USD,0,FY:6|H1:6|9M:4|Q:4
1996810,operating_income,SINGLE,OperatingIncomeLoss,,1.0,resolved,,USD,0,Q:14|FY:6|H1:6|9M:4
1996810,pretax_income,SINGLE,IncomeLossFromContinuingOperationsBeforeIncomeTaxesExtraordinaryItemsNoncontrollingInterest,,1.0,resolved,,USD,0,Q:14|FY:6|H1:6|9M:4
1996810,revenue,SINGLE,RevenueFromContractWithCustomerExcludingAssessedTax,,1.0,resolved,,USD,0,Q:14|FY:6|H1:6|9M:4
1996810,shares_outstanding,SINGLE,EntityCommonStockSharesOutstanding,,1.0,resolved,,shares,0,instant:9
