
=== Ticker resolution (CIK-verified, F2_SPEC §6.1) ===
244 members -> 213 fetchable (211 resolved + 2 override), 31 censored (27 core / 4 extension)
Pinned expectation: 213 fetchable (211 + 2), 31 censored (27 core / 4 extension)

-- Overrides on file (printed whether or not they fire) --
  CIK 4904 -> AEP [APPLIED] (upstream_ticker_wobble, added 2026-08-24)
  CIK 34088 -> XOM [APPLIED] (successor_cik_reorganization, added 2026-08-24)
  CIK 29915: DELIBERATELY CENSORED, never overridden -- Dow Chemical Co /DE/ is deliberately censored, never mapped to DOW: today's DOW is Dow Inc (CIK 1751788), a 2019 spin-off whose price history does not contain Dow Chemical's pre-2019 series. MEASURED 2026-08-24: CIK 29915's submissions carry an empty tickers[]; the bulk map resolves DOW to CIK 1751788 'DOW INC.'

-- Censored members (31), named, never silent --
       4447 [core     ] HESS CORP -- submissions.json carries no ticker at all
       6769 [core     ] APACHE CORP -- submissions.json carries no ticker at all
      29915 [extension] DOW CHEMICAL CO /DE/ -- Dow Chemical Co /DE/ is deliberately censored, never mapped to DOW: today's DOW is Dow Inc (CIK 1751788), a 2019 spin-off whose price history does not contain Dow Chemical's pre-2019 series. MEASURED 2026-08-24: CIK 29915's submissions carry an empty tickers[]; the bulk map resolves DOW to CIK 1751788 'DOW INC.'
      30554 [extension] EIDP, Inc. -- no common-share ticker in submissions (non-common only: CTA-PB, CTA-PA)
     701221 [core     ] Cigna Holding Co -- submissions.json carries no ticker at all
     718877 [core     ] Activision Blizzard, Inc. -- submissions.json carries no ticker at all
     773910 [core     ] ANADARKO PETROLEUM CORP -- submissions.json carries no ticker at all
     790070 [core     ] EMC CORP -- submissions.json carries no ticker at all
     804753 [core     ] CERNER Corp -- submissions.json carries no ticker at all
     816284 [core     ] CELGENE CORP /DE/ -- submissions.json carries no ticker at all
     884905 [extension] LINDE INC -- submissions.json carries no ticker at all
     936402 [core     ] Shire plc -- submissions.json carries no ticker at all
    1001039 [core     ] TWDC Enterprises 18 Corp. -- submissions.json carries no ticker at all
    1012569 [core     ] Energy Transfer, LP -- submissions.json carries no ticker at all
    1038357 [core     ] PIONEER NATURAL RESOURCES CO -- submissions.json carries no ticker at all
    1047122 [extension] RAYTHEON CO/ -- submissions.json carries no ticker at all
    1105705 [core     ] WARNER MEDIA, LLC -- submissions.json carries no ticker at all
    1122304 [core     ] AETNA INC /PA/ -- submissions.json carries no ticker at all
    1126975 [core     ] Magellan Midstream Partners, L.P. -- submissions.json carries no ticker at all
    1161154 [core     ] Energy Transfer Operating, L.P. -- submissions.json carries no ticker at all
    1271024 [core     ] LINKEDIN CORP -- submissions.json carries no ticker at all
    1358071 [core     ] CONCHO RESOURCES INC -- submissions.json carries no ticker at all
    1364742 [core     ] BlackRock Finance, Inc. -- submissions.json carries no ticker at all
    1373835 [core     ] Spectra Energy Corp. -- submissions.json carries no ticker at all
    1393612 [core     ] Discover Financial Services -- submissions.json carries no ticker at all
    1418091 [core     ] TWITTER, INC. -- submissions.json carries no ticker at all
    1483096 [core     ] WILLIAMS PARTNERS L.P. -- submissions.json carries no ticker at all
    1532063 [core     ] Express Scripts Holding Co. -- submissions.json carries no ticker at all
    1578845 [core     ] Allergan plc -- submissions.json carries no ticker at all
    1618921 [core     ] Walgreens Boots Alliance, Inc. -- submissions.json carries no ticker at all
    1782754 [core     ] AZEK Co Inc. -- submissions.json carries no ticker at all

-- Reconciliation vs F1's price_censoring_census.parquet (§6.3) --
  F1 no-current-ticker members (in universe): 31; E2 censored: 31
  pre-registered: -[34088] (overridden), +[30554] (non-common only)
  census rows outside the 244-member universe (expected, F1's manual exclusions): [1616314, 1690881, 1853513]
  delta matches the pre-registration exactly.

NOTE (EXPANSION_PLAN §2c): the universe-average benchmark is NOT built here (that is F5 / gate G3). When it is, it must be computed over membership-dated, price-resolved members only, and the censored pair (27 core / 4 extension) accompanies every E2 result.

Wrote 244 rows to /Users/vihanpatil/personal/projects/FinScreen/data/f2/price_ticker_map.csv

Fetching 213 tickers from Yahoo
[price GET] https://query1.finance.yahoo.com/v8/finance/chart/ABT
[price GET] https://query1.finance.yahoo.com/v8/finance/chart/AMD
[price GET] https://query1.finance.yahoo.com/v8/finance/chart/APD
[price GET] https://query1.finance.yahoo.com/v8/finance/chart/LNG
[price GET] https://query1.finance.yahoo.com/v8/finance/chart/HWM
[price GET] https://query1.finance.yahoo.com/v8/finance/chart/AEP
[price GET] https://query1.finance.yahoo.com/v8/finance/chart/AIG
[price GET] https://query1.finance.yahoo.com/v8/finance/chart/AMAT
[price GET] https://query1.finance.yahoo.com/v8/finance/chart/ADP
[price GET] https://query1.finance.yahoo.com/v8/finance/chart/BDX
[price GET] https://query1.finance.yahoo.com/v8/finance/chart/BA
[price GET] https://query1.finance.yahoo.com/v8/finance/chart/BMY
[price GET] https://query1.finance.yahoo.com/v8/finance/chart/CAT
[price GET] https://query1.finance.yahoo.com/v8/finance/chart/JPM
[price GET] https://query1.finance.yahoo.com/v8/finance/chart/KO
[price GET] https://query1.finance.yahoo.com/v8/finance/chart/CL
[price GET] https://query1.finance.yahoo.com/v8/finance/chart/GLW
[price GET] https://query1.finance.yahoo.com/v8/finance/chart/TGT
[price GET] https://query1.finance.yahoo.com/v8/finance/chart/ECL
[price GET] https://query1.finance.yahoo.com/v8/finance/chart/EMR
[price GET] https://query1.finance.yahoo.com/v8/finance/chart/EQT
[price GET] https://query1.finance.yahoo.com/v8/finance/chart/XOM
[price GET] https://query1.finance.yahoo.com/v8/finance/chart/USB
[price GET] https://query1.finance.yahoo.com/v8/finance/chart/F
[price GET] https://query1.finance.yahoo.com/v8/finance/chart/GD
[price GET] https://query1.finance.yahoo.com/v8/finance/chart/HAL
[price GET] https://query1.finance.yahoo.com/v8/finance/chart/HPQ
[price GET] https://query1.finance.yahoo.com/v8/finance/chart/HUM
[price GET] https://query1.finance.yahoo.com/v8/finance/chart/ITW
[price GET] https://query1.finance.yahoo.com/v8/finance/chart/INTC
[price GET] https://query1.finance.yahoo.com/v8/finance/chart/IBM
[price GET] https://query1.finance.yahoo.com/v8/finance/chart/KMB
[price GET] https://query1.finance.yahoo.com/v8/finance/chart/LLY
[price GET] https://query1.finance.yahoo.com/v8/finance/chart/LOW
[price GET] https://query1.finance.yahoo.com/v8/finance/chart/MRSH
[price GET] https://query1.finance.yahoo.com/v8/finance/chart/MCD
[price GET] https://query1.finance.yahoo.com/v8/finance/chart/SPGI
[price GET] https://query1.finance.yahoo.com/v8/finance/chart/CVS
[price GET] https://query1.finance.yahoo.com/v8/finance/chart/MMM
[price GET] https://query1.finance.yahoo.com/v8/finance/chart/BAC
[price GET] https://query1.finance.yahoo.com/v8/finance/chart/ES
[price GET] https://query1.finance.yahoo.com/v8/finance/chart/XEL
[price GET] https://query1.finance.yahoo.com/v8/finance/chart/WFC
[price GET] https://query1.finance.yahoo.com/v8/finance/chart/NUE
[price GET] https://query1.finance.yahoo.com/v8/finance/chart/PEP
[price GET] https://query1.finance.yahoo.com/v8/finance/chart/PFE
[price GET] https://query1.finance.yahoo.com/v8/finance/chart/PPG
[price GET] https://query1.finance.yahoo.com/v8/finance/chart/PG
[price GET] https://query1.finance.yahoo.com/v8/finance/chart/PGR
[price GET] https://query1.finance.yahoo.com/v8/finance/chart/TRV
[price GET] https://query1.finance.yahoo.com/v8/finance/chart/SLB
[price GET] https://query1.finance.yahoo.com/v8/finance/chart/SHW
[price GET] https://query1.finance.yahoo.com/v8/finance/chart/SO
[price GET] https://query1.finance.yahoo.com/v8/finance/chart/TFC
[price GET] https://query1.finance.yahoo.com/v8/finance/chart/CVX
[price GET] https://query1.finance.yahoo.com/v8/finance/chart/TXN
[price GET] https://query1.finance.yahoo.com/v8/finance/chart/TMO
[price GET] https://query1.finance.yahoo.com/v8/finance/chart/UNP
[price GET] https://query1.finance.yahoo.com/v8/finance/chart/RTX
[price GET] https://query1.finance.yahoo.com/v8/finance/chart/WMT
[price GET] https://query1.finance.yahoo.com/v8/finance/chart/WDC
[price GET] https://query1.finance.yahoo.com/v8/finance/chart/WY
[price GET] https://query1.finance.yahoo.com/v8/finance/chart/WMB
[price GET] https://query1.finance.yahoo.com/v8/finance/chart/TJX
[price GET] https://query1.finance.yahoo.com/v8/finance/chart/JNJ
[price GET] https://query1.finance.yahoo.com/v8/finance/chart/MRK
[price GET] https://query1.finance.yahoo.com/v8/finance/chart/SYK
[price GET] https://query1.finance.yahoo.com/v8/finance/chart/DHR
[price GET] https://query1.finance.yahoo.com/v8/finance/chart/DE
[price GET] https://query1.finance.yahoo.com/v8/finance/chart/AON
[price GET] https://query1.finance.yahoo.com/v8/finance/chart/SCHW
[price GET] https://query1.finance.yahoo.com/v8/finance/chart/AMGN
[price GET] https://query1.finance.yahoo.com/v8/finance/chart/NKE
[price GET] https://query1.finance.yahoo.com/v8/finance/chart/AAPL
[price GET] https://query1.finance.yahoo.com/v8/finance/chart/HD
[price GET] https://query1.finance.yahoo.com/v8/finance/chart/LRCX
[price GET] https://query1.finance.yahoo.com/v8/finance/chart/EA
[price GET] https://query1.finance.yahoo.com/v8/finance/chart/PNC
[price GET] https://query1.finance.yahoo.com/v8/finance/chart/D
[price GET] https://query1.finance.yahoo.com/v8/finance/chart/MU
[price GET] https://query1.finance.yahoo.com/v8/finance/chart/O
[price GET] https://query1.finance.yahoo.com/v8/finance/chart/UNH
[price GET] https://query1.finance.yahoo.com/v8/finance/chart/VZ
[price GET] https://query1.finance.yahoo.com/v8/finance/chart/T
[price GET] https://query1.finance.yahoo.com/v8/finance/chart/NEE
[price GET] https://query1.finance.yahoo.com/v8/finance/chart/MO
[price GET] https://query1.finance.yahoo.com/v8/finance/chart/WELL
[price GET] https://query1.finance.yahoo.com/v8/finance/chart/ADSK
[price GET] https://query1.finance.yahoo.com/v8/finance/chart/HON
[price GET] https://query1.finance.yahoo.com/v8/finance/chart/PEG
[price GET] https://query1.finance.yahoo.com/v8/finance/chart/MSFT
[price GET] https://query1.finance.yahoo.com/v8/finance/chart/OXY
[price GET] https://query1.finance.yahoo.com/v8/finance/chart/FISV
[price GET] https://query1.finance.yahoo.com/v8/finance/chart/QCOM
[price GET] https://query1.finance.yahoo.com/v8/finance/chart/CDNS
[price GET] https://query1.finance.yahoo.com/v8/finance/chart/EOG
[price GET] https://query1.finance.yahoo.com/v8/finance/chart/WM
[price GET] https://query1.finance.yahoo.com/v8/finance/chart/EIX
[price GET] https://query1.finance.yahoo.com/v8/finance/chart/SBUX
[price GET] https://query1.finance.yahoo.com/v8/finance/chart/C
[price GET] https://query1.finance.yahoo.com/v8/finance/chart/FCX
[price GET] https://query1.finance.yahoo.com/v8/finance/chart/CRH
[price GET] https://query1.finance.yahoo.com/v8/finance/chart/GEN
[price GET] https://query1.finance.yahoo.com/v8/finance/chart/CSCO
[price GET] https://query1.finance.yahoo.com/v8/finance/chart/REGN
[price GET] https://query1.finance.yahoo.com/v8/finance/chart/BIIB
[price GET] https://query1.finance.yahoo.com/v8/finance/chart/VRTX
[price GET] https://query1.finance.yahoo.com/v8/finance/chart/GILD
[price GET] https://query1.finance.yahoo.com/v8/finance/chart/BSX
[price GET] https://query1.finance.yahoo.com/v8/finance/chart/GS
[price GET] https://query1.finance.yahoo.com/v8/finance/chart/EXE
[price GET] https://query1.finance.yahoo.com/v8/finance/chart/MS
[price GET] https://query1.finance.yahoo.com/v8/finance/chart/ENB
[price GET] https://query1.finance.yahoo.com/v8/finance/chart/CB
[price GET] https://query1.finance.yahoo.com/v8/finance/chart/INTU
[price GET] https://query1.finance.yahoo.com/v8/finance/chart/VMRK
[price GET] https://query1.finance.yahoo.com/v8/finance/chart/AVB
[price GET] https://query1.finance.yahoo.com/v8/finance/chart/PPL
[price GET] https://query1.finance.yahoo.com/v8/finance/chart/COF
[price GET] https://query1.finance.yahoo.com/v8/finance/chart/MCK
[price GET] https://query1.finance.yahoo.com/v8/finance/chart/LMT
[price GET] https://query1.finance.yahoo.com/v8/finance/chart/EL
[price GET] https://query1.finance.yahoo.com/v8/finance/chart/AMZN
[price GET] https://query1.finance.yahoo.com/v8/finance/chart/SRE
[price GET] https://query1.finance.yahoo.com/v8/finance/chart/SBAC
[price GET] https://query1.finance.yahoo.com/v8/finance/chart/VLO
[price GET] https://query1.finance.yahoo.com/v8/finance/chart/ISRG
[price GET] https://query1.finance.yahoo.com/v8/finance/chart/OKE
[price GET] https://query1.finance.yahoo.com/v8/finance/chart/PLD
[price GET] https://query1.finance.yahoo.com/v8/finance/chart/NVDA
[price GET] https://query1.finance.yahoo.com/v8/finance/chart/ED
[price GET] https://query1.finance.yahoo.com/v8/finance/chart/CCI
[price GET] https://query1.finance.yahoo.com/v8/finance/chart/AMT
[price GET] https://query1.finance.yahoo.com/v8/finance/chart/CTSH
[price GET] https://query1.finance.yahoo.com/v8/finance/chart/RSG
[price GET] https://query1.finance.yahoo.com/v8/finance/chart/EPD
[price GET] https://query1.finance.yahoo.com/v8/finance/chart/SPG
[price GET] https://query1.finance.yahoo.com/v8/finance/chart/EBAY
[price GET] https://query1.finance.yahoo.com/v8/finance/chart/NFLX
[price GET] https://query1.finance.yahoo.com/v8/finance/chart/BRK-B
[price GET] https://query1.finance.yahoo.com/v8/finance/chart/BKNG
[price GET] https://query1.finance.yahoo.com/v8/finance/chart/DVN
[price GET] https://query1.finance.yahoo.com/v8/finance/chart/UPS
[price GET] https://query1.finance.yahoo.com/v8/finance/chart/CHTR
[price GET] https://query1.finance.yahoo.com/v8/finance/chart/MET
[price GET] https://query1.finance.yahoo.com/v8/finance/chart/MELI
[price GET] https://query1.finance.yahoo.com/v8/finance/chart/EW
[price GET] https://query1.finance.yahoo.com/v8/finance/chart/EQIX
[price GET] https://query1.finance.yahoo.com/v8/finance/chart/MDLZ
[price GET] https://query1.finance.yahoo.com/v8/finance/chart/CRM
[price GET] https://query1.finance.yahoo.com/v8/finance/chart/EXC
[price GET] https://query1.finance.yahoo.com/v8/finance/chart/ILMN
[price GET] https://query1.finance.yahoo.com/v8/finance/chart/GPN
[price GET] https://query1.finance.yahoo.com/v8/finance/chart/NOC
[price GET] https://query1.finance.yahoo.com/v8/finance/chart/FIS
[price GET] https://query1.finance.yahoo.com/v8/finance/chart/PRU
[price GET] https://query1.finance.yahoo.com/v8/finance/chart/STX
[price GET] https://query1.finance.yahoo.com/v8/finance/chart/MA
[price GET] https://query1.finance.yahoo.com/v8/finance/chart/ELV
[price GET] https://query1.finance.yahoo.com/v8/finance/chart/CME
[price GET] https://query1.finance.yahoo.com/v8/finance/chart/COP
[price GET] https://query1.finance.yahoo.com/v8/finance/chart/NEM
[price GET] https://query1.finance.yahoo.com/v8/finance/chart/CMCSA
[price GET] https://query1.finance.yahoo.com/v8/finance/chart/GLD
[price GET] https://query1.finance.yahoo.com/v8/finance/chart/ET
[price GET] https://query1.finance.yahoo.com/v8/finance/chart/TMUS
[price GET] https://query1.finance.yahoo.com/v8/finance/chart/DLR
[price GET] https://query1.finance.yahoo.com/v8/finance/chart/WCN
[price GET] https://query1.finance.yahoo.com/v8/finance/chart/TSLA
[price GET] https://query1.finance.yahoo.com/v8/finance/chart/PLTR
[price GET] https://query1.finance.yahoo.com/v8/finance/chart/META
[price GET] https://query1.finance.yahoo.com/v8/finance/chart/PANW
[price GET] https://query1.finance.yahoo.com/v8/finance/chart/ORCL
[price GET] https://query1.finance.yahoo.com/v8/finance/chart/NOW
[price GET] https://query1.finance.yahoo.com/v8/finance/chart/TRGP
[price GET] https://query1.finance.yahoo.com/v8/finance/chart/BNY
[price GET] https://query1.finance.yahoo.com/v8/finance/chart/BX
[price GET] https://query1.finance.yahoo.com/v8/finance/chart/V
[price GET] https://query1.finance.yahoo.com/v8/finance/chart/KKR
[price GET] https://query1.finance.yahoo.com/v8/finance/chart/PM
[price GET] https://query1.finance.yahoo.com/v8/finance/chart/GM
[price GET] https://query1.finance.yahoo.com/v8/finance/chart/LYB
[price GET] https://query1.finance.yahoo.com/v8/finance/chart/KMI
[price GET] https://query1.finance.yahoo.com/v8/finance/chart/MPC
[price GET] https://query1.finance.yahoo.com/v8/finance/chart/XYZ
[price GET] https://query1.finance.yahoo.com/v8/finance/chart/PSX
[price GET] https://query1.finance.yahoo.com/v8/finance/chart/CRWD
[price GET] https://query1.finance.yahoo.com/v8/finance/chart/FANG
[price GET] https://query1.finance.yahoo.com/v8/finance/chart/UBER
[price GET] https://query1.finance.yahoo.com/v8/finance/chart/ABBV
[price GET] https://query1.finance.yahoo.com/v8/finance/chart/ETN
[price GET] https://query1.finance.yahoo.com/v8/finance/chart/MPLX
[price GET] https://query1.finance.yahoo.com/v8/finance/chart/ZTS
[price GET] https://query1.finance.yahoo.com/v8/finance/chart/SNAP
[price GET] https://query1.finance.yahoo.com/v8/finance/chart/ICE
[price GET] https://query1.finance.yahoo.com/v8/finance/chart/ZM
[price GET] https://query1.finance.yahoo.com/v8/finance/chart/ANET
[price GET] https://query1.finance.yahoo.com/v8/finance/chart/MDT
[price GET] https://query1.finance.yahoo.com/v8/finance/chart/PYPL
[price GET] https://query1.finance.yahoo.com/v8/finance/chart/KHC
[price GET] https://query1.finance.yahoo.com/v8/finance/chart/SNOW
[price GET] https://query1.finance.yahoo.com/v8/finance/chart/HPE
[price GET] https://query1.finance.yahoo.com/v8/finance/chart/GOOGL
[price GET] https://query1.finance.yahoo.com/v8/finance/chart/DD
[price GET] https://query1.finance.yahoo.com/v8/finance/chart/MRNA
[price GET] https://query1.finance.yahoo.com/v8/finance/chart/VST
[price GET] https://query1.finance.yahoo.com/v8/finance/chart/LIN
[price GET] https://query1.finance.yahoo.com/v8/finance/chart/AVGO
[price GET] https://query1.finance.yahoo.com/v8/finance/chart/CI
[price GET] https://query1.finance.yahoo.com/v8/finance/chart/DIS
[price GET] https://query1.finance.yahoo.com/v8/finance/chart/DOW
[price GET] https://query1.finance.yahoo.com/v8/finance/chart/CEG
[price GET] https://query1.finance.yahoo.com/v8/finance/chart/GEV

Wrote 1960738 rows to /Users/vihanpatil/personal/projects/FinScreen/data/prices_e2.parquet

=== Per-member coverage summary ===
      cik ticker   source                    rows first_date   last_date   
     1800 ABT      yahoo_finance_chart      11704 1980-03-17   2026-08-24  
     2488 AMD      yahoo_finance_chart      11704 1980-03-17   2026-08-24  
     2969 APD      yahoo_finance_chart      11704 1980-03-17   2026-08-24  
     3570 LNG      yahoo_finance_chart       8152 1994-04-04   2026-08-24  
     4281 HWM      yahoo_finance_chart       2465 2016-11-01   2026-08-24  
     4904 AEP      yahoo_finance_chart      14282 1970-01-02   2026-08-24  
     5272 AIG      yahoo_finance_chart      13524 1973-01-02   2026-08-24  
     6951 AMAT     yahoo_finance_chart      11704 1980-03-17   2026-08-24  
     8670 ADP      yahoo_finance_chart      11704 1980-03-17   2026-08-24  
    10795 BDX      yahoo_finance_chart      13490 1973-02-21   2026-08-24  
    12927 BA       yahoo_finance_chart      14282 1970-01-02   2026-08-24  
    14272 BMY      yahoo_finance_chart      13670 1972-06-01   2026-08-24  
    18230 CAT      yahoo_finance_chart      14282 1970-01-02   2026-08-24  
    19617 JPM      yahoo_finance_chart      11704 1980-03-17   2026-08-24  
    21344 KO       yahoo_finance_chart      14282 1970-01-02   2026-08-24  
    21665 CL       yahoo_finance_chart      13441 1973-05-02   2026-08-24  
    24741 GLW      yahoo_finance_chart      11251 1981-12-31   2026-08-24  
    27419 TGT      yahoo_finance_chart      13490 1973-02-21   2026-08-24  
    31462 ECL      yahoo_finance_chart      13490 1973-02-21   2026-08-24  
    32604 EMR      yahoo_finance_chart      13670 1972-06-01   2026-08-24  
    33213 EQT      yahoo_finance_chart      11704 1980-03-17   2026-08-24  
    34088 XOM      yahoo_finance_chart      14282 1970-01-02   2026-08-24  
    36104 USB      yahoo_finance_chart      13440 1973-05-03   2026-08-24  
    37996 F        yahoo_finance_chart      13670 1972-06-01   2026-08-24  
    40533 GD       yahoo_finance_chart      14282 1970-01-02   2026-08-24  
    45012 HAL      yahoo_finance_chart      13670 1972-06-01   2026-08-24  
    47217 HPQ      yahoo_finance_chart      14282 1970-01-02   2026-08-24  
    49071 HUM      yahoo_finance_chart      11251 1981-12-31   2026-08-24  
    49826 ITW      yahoo_finance_chart      13476 1973-03-13   2026-08-24  
    50863 INTC     yahoo_finance_chart      11704 1980-03-17   2026-08-24  
    51143 IBM      yahoo_finance_chart      14282 1970-01-02   2026-08-24  
    55785 KMB      yahoo_finance_chart      11704 1980-03-17   2026-08-24  
    59478 LLY      yahoo_finance_chart      13670 1972-06-01   2026-08-24  
    60667 LOW      yahoo_finance_chart      11704 1980-03-17   2026-08-24  
    62709 MRSH     yahoo_finance_chart      13490 1973-02-21   2026-08-24  
    63908 MCD      yahoo_finance_chart      14282 1970-01-02   2026-08-24  
    64040 SPGI     yahoo_finance_chart      13490 1973-02-21   2026-08-24  
    64803 CVS      yahoo_finance_chart      13490 1973-02-21   2026-08-24  
    66740 MMM      yahoo_finance_chart      14282 1970-01-02   2026-08-24  
    70858 BAC      yahoo_finance_chart      13490 1973-02-21   2026-08-24  
    72741 ES       yahoo_finance_chart      13490 1973-02-21   2026-08-24  
    72903 XEL      yahoo_finance_chart      13490 1973-02-21   2026-08-24  
    72971 WFC      yahoo_finance_chart      13670 1972-06-01   2026-08-24  
    73309 NUE      yahoo_finance_chart      11704 1980-03-17   2026-08-24  
    77476 PEP      yahoo_finance_chart      13670 1972-06-01   2026-08-24  
    78003 PFE      yahoo_finance_chart      13670 1972-06-01   2026-08-24  
    79879 PPG      yahoo_finance_chart      11704 1980-03-17   2026-08-24  
    80424 PG       yahoo_finance_chart      14282 1970-01-02   2026-08-24  
    80661 PGR      yahoo_finance_chart      11704 1980-03-17   2026-08-24  
    86312 TRV      yahoo_finance_chart      12797 1975-11-17   2026-08-24  
    87347 SLB      yahoo_finance_chart      11251 1981-12-31   2026-08-24  
    89800 SHW      yahoo_finance_chart      11704 1980-03-17   2026-08-24  
    92122 SO       yahoo_finance_chart      11251 1981-12-31   2026-08-24  
    92230 TFC      yahoo_finance_chart      11703 1980-03-18   2026-08-24  
    93410 CVX      yahoo_finance_chart      14282 1970-01-02   2026-08-24  
    97476 TXN      yahoo_finance_chart      13670 1972-06-01   2026-08-24  
    97745 TMO      yahoo_finance_chart      11704 1980-03-17   2026-08-24  
   100885 UNP      yahoo_finance_chart      11756 1980-01-02   2026-08-24  
   101829 RTX      yahoo_finance_chart      14282 1970-01-02   2026-08-24  
   104169 WMT      yahoo_finance_chart      13610 1972-08-25   2026-08-24  
   106040 WDC      yahoo_finance_chart      12051 1978-10-31   2026-08-24  
   106535 WY       yahoo_finance_chart      13440 1973-05-03   2026-08-24  
   107263 WMB      yahoo_finance_chart      11251 1981-12-31   2026-08-24  
   109198 TJX      yahoo_finance_chart       9864 1987-06-26   2026-08-24  
   200406 JNJ      yahoo_finance_chart      14282 1970-01-02   2026-08-24  
   310158 MRK      yahoo_finance_chart      14282 1970-01-02   2026-08-24  
   310764 SYK      yahoo_finance_chart      11704 1980-03-17   2026-08-24  
   313616 DHR      yahoo_finance_chart      12010 1978-12-29   2026-08-24  
   315189 DE       yahoo_finance_chart      13670 1972-06-01   2026-08-24  
   315293 AON      yahoo_finance_chart      11651 1980-06-02   2026-08-24  
   316709 SCHW     yahoo_finance_chart       9804 1987-09-22   2026-08-24  
   318154 AMGN     yahoo_finance_chart      10881 1983-06-17   2026-08-24  
   320187 NKE      yahoo_finance_chart      11524 1980-12-02   2026-08-24  
   320193 AAPL     yahoo_finance_chart      11516 1980-12-12   2026-08-24  
   354950 HD       yahoo_finance_chart      11321 1981-09-22   2026-08-24  
   707549 LRCX     yahoo_finance_chart      10658 1984-05-04   2026-08-24  
   712515 EA       yahoo_finance_chart          6 2026-07-17   2026-08-10  
   713676 PNC      yahoo_finance_chart      12797 1975-11-17   2026-08-24  
   715957 D        yahoo_finance_chart      11704 1980-03-17   2026-08-24  
   723125 MU       yahoo_finance_chart      10639 1984-06-01   2026-08-24  
   726728 O        yahoo_finance_chart       8015 1994-10-18   2026-08-24  
   731766 UNH      yahoo_finance_chart      10543 1984-10-17   2026-08-24  
   732712 VZ       yahoo_finance_chart      10772 1983-11-21   2026-08-24  
   732717 T        yahoo_finance_chart      10772 1983-11-21   2026-08-24  
   753308 NEE      yahoo_finance_chart      13490 1973-02-21   2026-08-24  
   764180 MO       yahoo_finance_chart      14282 1970-01-02   2026-08-24  
   766704 WELL     yahoo_finance_chart      11702 1980-03-19   2026-08-24  
   769397 ADSK     yahoo_finance_chart      10367 1985-06-28   2026-08-24  
   773840 HON      yahoo_finance_chart      14282 1970-01-02   2026-08-24  
   788784 PEG      yahoo_finance_chart      11756 1980-01-02   2026-08-24  
   789019 MSFT     yahoo_finance_chart      10190 1986-03-13   2026-08-24  
   797468 OXY      yahoo_finance_chart      11251 1981-12-31   2026-08-24  
   798354 FISV     yahoo_finance_chart      10053 1986-09-25   2026-08-24  
   804328 QCOM     yahoo_finance_chart       8734 1991-12-13   2026-08-24  
   813672 CDNS     yahoo_finance_chart       9876 1987-06-10   2026-08-24  
   821189 EOG      yahoo_finance_chart       9289 1989-10-04   2026-08-24  
   823768 WM       yahoo_finance_chart       9614 1988-06-22   2026-08-24  
   827052 EIX      yahoo_finance_chart      13440 1973-05-03   2026-08-24  
   829224 SBUX     yahoo_finance_chart       8599 1992-06-26   2026-08-24  
   831001 C        yahoo_finance_chart      12513 1977-01-03   2026-08-24  
   831259 FCX      yahoo_finance_chart       7833 1995-07-10   2026-08-24  
   849395 CRH      yahoo_finance_chart       9347 1989-07-13   2026-08-24  
   849399 GEN      yahoo_finance_chart       9360 1989-06-23   2026-08-24  
   858877 CSCO     yahoo_finance_chart       9195 1990-02-16   2026-08-24  
   872589 REGN     yahoo_finance_chart       8913 1991-04-02   2026-08-24  
   875045 BIIB     yahoo_finance_chart       8796 1991-09-17   2026-08-24  
   875320 VRTX     yahoo_finance_chart       8834 1991-07-24   2026-08-24  
   882095 GILD     yahoo_finance_chart       8708 1992-01-22   2026-08-24  
   885725 BSX      yahoo_finance_chart       8626 1992-05-19   2026-08-24  
   886982 GS       yahoo_finance_chart       6869 1999-05-04   2026-08-24  
   895126 EXE      yahoo_finance_chart       1390 2021-02-10   2026-08-24  
   895421 MS       yahoo_finance_chart       8433 1993-02-23   2026-08-24  
   895728 ENB      yahoo_finance_chart      10693 1984-03-15   2026-08-24  
   896159 CB       yahoo_finance_chart       8411 1993-03-25   2026-08-24  
   896878 INTU     yahoo_finance_chart       8420 1993-03-12   2026-08-24  
   906107 VMRK     yahoo_finance_chart       8314 1993-08-12   2026-08-24  
   915912 AVB      yahoo_finance_chart       8166 1994-03-11   2026-08-21  
   922224 PPL      yahoo_finance_chart      11704 1980-03-17   2026-08-24  
   927628 COF      yahoo_finance_chart       7994 1994-11-16   2026-08-24  
   927653 MCK      yahoo_finance_chart       7998 1994-11-10   2026-08-24  
   936468 LMT      yahoo_finance_chart      14281 1970-01-02   2026-08-24  
  1001250 EL       yahoo_finance_chart       7740 1995-11-17   2026-08-24  
  1018724 AMZN     yahoo_finance_chart       7364 1997-05-15   2026-08-24  
  1032208 SRE      yahoo_finance_chart       7082 1998-06-29   2026-08-24  
  1034054 SBAC     yahoo_finance_chart       6839 1999-06-16   2026-08-24  
  1035002 VLO      yahoo_finance_chart      11250 1982-01-04   2026-08-24  
  1035267 ISRG     yahoo_finance_chart       6585 2000-06-16   2026-08-24  
  1039684 OKE      yahoo_finance_chart      11566 1980-10-01   2026-08-24  
  1045609 PLD      yahoo_finance_chart       7231 1997-11-21   2026-08-24  
  1045810 NVDA     yahoo_finance_chart       6939 1999-01-22   2026-08-24  
  1047862 ED       yahoo_finance_chart      14282 1970-01-02   2026-08-24  
  1051470 CCI      yahoo_finance_chart       7047 1998-08-18   2026-08-24  
  1053507 AMT      yahoo_finance_chart       7166 1998-02-27   2026-08-24  
  1058290 CTSH     yahoo_finance_chart       7088 1998-06-19   2026-08-24  
  1060391 RSG      yahoo_finance_chart       7080 1998-07-01   2026-08-24  
  1061219 EPD      yahoo_finance_chart       7062 1998-07-28   2026-08-24  
  1063761 SPG      yahoo_finance_chart       8228 1993-12-14   2026-08-24  
  1065088 EBAY     yahoo_finance_chart       7021 1998-09-24   2026-08-24  
  1065280 NFLX     yahoo_finance_chart       6102 2002-05-23   2026-08-24  
  1067983 BRK-B    yahoo_finance_chart       7621 1996-05-09   2026-08-24  
  1075531 BKNG     yahoo_finance_chart       6892 1999-03-31   2026-08-24  
  1090012 DVN      yahoo_finance_chart      10352 1985-07-22   2026-08-24  
  1090727 UPS      yahoo_finance_chart       6736 1999-11-10   2026-08-24  
  1091667 CHTR     yahoo_finance_chart       4184 2010-01-05   2026-08-24  
  1099219 MET      yahoo_finance_chart       6635 2000-04-05   2026-08-24  
  1099590 MELI     yahoo_finance_chart       4789 2007-08-10   2026-08-24  
  1099800 EW       yahoo_finance_chart       6642 2000-03-27   2026-08-24  
  1101239 EQIX     yahoo_finance_chart       6546 2000-08-11   2026-08-24  
  1103982 MDLZ     yahoo_finance_chart       6336 2001-06-13   2026-08-24  
  1108524 CRM      yahoo_finance_chart       5578 2004-06-23   2026-08-24  
  1109357 EXC      yahoo_finance_chart      13441 1973-05-02   2026-08-24  
  1110803 ILMN     yahoo_finance_chart       6556 2000-07-28   2026-08-24  
  1123360 GPN      yahoo_finance_chart       6439 2001-01-16   2026-08-24  
  1133421 NOC      yahoo_finance_chart      11251 1981-12-31   2026-08-24  
  1136893 FIS      yahoo_finance_chart       6331 2001-06-20   2026-08-24  
  1137774 PRU      yahoo_finance_chart       6212 2001-12-13   2026-08-24  
  1137789 STX      yahoo_finance_chart       5962 2002-12-11   2026-08-24  
  1141391 MA       yahoo_finance_chart       5093 2006-05-25   2026-08-24  
  1156039 ELV      yahoo_finance_chart       6243 2001-10-30   2026-08-24  
  1156375 CME      yahoo_finance_chart       5965 2002-12-06   2026-08-24  
  1163165 COP      yahoo_finance_chart      11251 1981-12-31   2026-08-24  
  1164727 NEM      yahoo_finance_chart      11704 1980-03-17   2026-08-24  
  1166691 CMCSA    yahoo_finance_chart      11704 1980-03-17   2026-08-24  
  1222333 GLD      yahoo_finance_chart       5474 2004-11-18   2026-08-24  
  1276187 ET       yahoo_finance_chart       5170 2006-02-03   2026-08-24  
  1283699 TMUS     yahoo_finance_chart       4868 2007-04-19   2026-08-24  
  1297996 DLR      yahoo_finance_chart       5488 2004-10-29   2026-08-24  
  1318220 WCN      yahoo_finance_chart       7107 1998-05-22   2026-08-24  
  1318605 TSLA     yahoo_finance_chart       4063 2010-06-29   2026-08-24  
  1321655 PLTR     yahoo_finance_chart       1481 2020-09-30   2026-08-24  
  1326801 META     yahoo_finance_chart       3586 2012-05-18   2026-08-24  
  1327567 PANW     yahoo_finance_chart       3543 2012-07-20   2026-08-24  
  1341439 ORCL     yahoo_finance_chart      10191 1986-03-12   2026-08-24  
  1373715 NOW      yahoo_finance_chart       3557 2012-06-29   2026-08-24  
  1389170 TRGP     yahoo_finance_chart       3951 2010-12-07   2026-08-24  
  1390777 BNY      yahoo_finance_chart      13440 1973-05-03   2026-08-24  
  1393818 BX       yahoo_finance_chart       4823 2007-06-22   2026-08-24  
  1403161 V        yahoo_finance_chart       4637 2008-03-19   2026-08-24  
  1404912 KKR      yahoo_finance_chart       4052 2010-07-15   2026-08-24  
  1413329 PM       yahoo_finance_chart       4639 2008-03-17   2026-08-24  
  1467858 GM       yahoo_finance_chart       3963 2010-11-18   2026-08-24  
  1489393 LYB      yahoo_finance_chart       4106 2010-04-28   2026-08-24  
  1506307 KMI      yahoo_finance_chart       3905 2011-02-11   2026-08-24  
  1510295 MPC      yahoo_finance_chart       3813 2011-06-24   2026-08-24  
  1512673 XYZ      yahoo_finance_chart       2704 2015-11-19   2026-08-24  
  1534701 PSX      yahoo_finance_chart       3612 2012-04-12   2026-08-24  
  1535527 CRWD     yahoo_finance_chart       1810 2019-06-12   2026-08-24  
  1539838 FANG     yahoo_finance_chart       3484 2012-10-12   2026-08-24  
  1543151 UBER     yahoo_finance_chart       1832 2019-05-10   2026-08-24  
  1551152 ABBV     yahoo_finance_chart       3431 2013-01-02   2026-08-24  
  1551182 ETN      yahoo_finance_chart      13670 1972-06-01   2026-08-24  
  1552000 MPLX     yahoo_finance_chart       3474 2012-10-26   2026-08-24  
  1555280 ZTS      yahoo_finance_chart       3410 2013-02-01   2026-08-24  
  1564408 SNAP     yahoo_finance_chart       2383 2017-03-02   2026-08-24  
  1571949 ICE      yahoo_finance_chart       5223 2005-11-16   2026-08-24  
  1585521 ZM       yahoo_finance_chart       1847 2019-04-18   2026-08-24  
  1596532 ANET     yahoo_finance_chart       3072 2014-06-06   2026-08-24  
  1613103 MDT      yahoo_finance_chart      13441 1973-05-02   2026-08-24  
  1633917 PYPL     yahoo_finance_chart       2801 2015-07-06   2026-08-24  
  1637459 KHC      yahoo_finance_chart       2801 2015-07-06   2026-08-24  
  1640147 SNOW     yahoo_finance_chart       1491 2020-09-16   2026-08-24  
  1645590 HPE      yahoo_finance_chart       2727 2015-10-19   2026-08-24  
  1652044 GOOGL    yahoo_finance_chart       5538 2004-08-19   2026-08-24  
  1666700 DD       yahoo_finance_chart      13670 1972-06-01   2026-08-24  
  1682852 MRNA     yahoo_finance_chart       1937 2018-12-07   2026-08-24  
  1692819 VST      yahoo_finance_chart       2484 2016-10-05   2026-08-24  
  1707925 LIN      yahoo_finance_chart       8606 1992-06-17   2026-08-24  
  1730168 AVGO     yahoo_finance_chart       4288 2009-08-06   2026-08-24  
  1739940 CI       yahoo_finance_chart      11189 1982-03-31   2026-08-24  
  1744489 DIS      yahoo_finance_chart      14282 1970-01-02   2026-08-24  
  1751788 DOW      yahoo_finance_chart       1868 2019-03-20   2026-08-24  
  1868275 CEG      yahoo_finance_chart       1153 2022-01-19   2026-08-24  
  1996810 GEV      yahoo_finance_chart        604 2024-03-27   2026-08-24  

=== Validation report ===
Return-outlier sanity bound (calibrated from data): 15.0%
[WARN]  CIK 4904: submissions_ticker_missing_but_bulk_has -- AMERICAN ELECTRIC POWER CO INC: submissions.json carries no admissible ticker (tickers[]=empty) but bulk map offers admissible symbol(s) AEP for this CIK -- an upstream wobble between two SEC files, not a resolution; covered by the evidenced override -> AEP
[WARN]  CIK 30554: submissions_ticker_missing_but_bulk_has -- EIDP, Inc.: submissions.json carries no admissible ticker (tickers[]=CTA-PB,CTA-PA) but bulk map offers only non-common symbol(s) CTA-PA, CTA-PB for this CIK, so censoring is correct; NOT covered by an override -- this member is censored
[WARN]  CIK 1222333 GLD: meta_instrument_type -- meta.instrumentType='ETF', expected 'EQUITY'
[WARN]  CIK 712515 EA: missing_in_window -- has 6 rows total but none in its coverage window [2015-07-02, 2022-08-05]
[WARN]  CIK 1800 ABT: return_outlier -- 2002-06-11: 20.50 -> 17.19 (-16.1%), bound=15.0%
[WARN]  CIK 2488 AMD: return_outlier -- 1987-10-19: 9.00 -> 5.75 (-36.1%), bound=15.0%
[WARN]  CIK 2488 AMD: return_outlier -- 1990-07-20: 4.50 -> 3.62 (-19.4%), bound=15.0%
[WARN]  CIK 2488 AMD: return_outlier -- 1990-11-12: 1.94 -> 2.31 (+19.4%), bound=15.0%
[WARN]  CIK 2488 AMD: return_outlier -- 1991-03-04: 4.00 -> 4.62 (+15.6%), bound=15.0%
[WARN]  CIK 2488 AMD: return_outlier -- 1992-06-18: 7.25 -> 4.50 (-37.9%), bound=15.0%
[WARN]  CIK 2488 AMD: return_outlier -- 1993-04-19: 12.06 -> 14.00 (+16.1%), bound=15.0%
[WARN]  CIK 2488 AMD: return_outlier -- 1993-06-07: 14.00 -> 11.88 (-15.2%), bound=15.0%
[WARN]  CIK 2488 AMD: return_outlier -- 1993-10-05: 13.38 -> 11.00 (-17.8%), bound=15.0%
[WARN]  CIK 2488 AMD: return_outlier -- 1994-03-10: 11.38 -> 14.44 (+26.9%), bound=15.0%
[WARN]  CIK 2488 AMD: return_outlier -- 1996-07-26: 5.25 -> 6.19 (+17.9%), bound=15.0%
[WARN]  CIK 2488 AMD: return_outlier -- 1997-10-01: 16.28 -> 13.50 (-17.1%), bound=15.0%
[WARN]  CIK 2488 AMD: return_outlier -- 1997-10-27: 13.09 -> 10.50 (-19.8%), bound=15.0%
[WARN]  CIK 2488 AMD: return_outlier -- 1997-10-28: 10.50 -> 12.50 (+19.0%), bound=15.0%
[WARN]  CIK 2488 AMD: return_outlier -- 1998-01-13: 8.88 -> 10.44 (+17.6%), bound=15.0%
[WARN]  CIK 2488 AMD: return_outlier -- 1998-02-26: 10.88 -> 12.56 (+15.5%), bound=15.0%
[WARN]  CIK 2488 AMD: return_outlier -- 1998-10-07: 9.94 -> 7.88 (-20.8%), bound=15.0%
[WARN]  CIK 2488 AMD: return_outlier -- 1999-01-14: 13.88 -> 11.25 (-18.9%), bound=15.0%
[WARN]  CIK 2488 AMD: return_outlier -- 1999-11-11: 11.50 -> 14.12 (+22.8%), bound=15.0%
[WARN]  CIK 2488 AMD: return_outlier -- 2000-01-25: 17.25 -> 20.00 (+15.9%), bound=15.0%
[WARN]  CIK 2488 AMD: return_outlier -- 2000-03-07: 23.75 -> 27.50 (+15.8%), bound=15.0%
[WARN]  CIK 2488 AMD: return_outlier -- 2000-05-30: 37.00 -> 43.00 (+16.2%), bound=15.0%
[WARN]  CIK 2488 AMD: return_outlier -- 2000-09-21: 29.69 -> 23.94 (-19.4%), bound=15.0%
[WARN]  CIK 2488 AMD: return_outlier -- 2000-10-19: 18.12 -> 21.81 (+20.3%), bound=15.0%
[WARN]  CIK 2488 AMD: return_outlier -- 2001-01-18: 18.50 -> 22.69 (+22.6%), bound=15.0%
[WARN]  CIK 2488 AMD: return_outlier -- 2001-04-18: 23.00 -> 27.85 (+21.1%), bound=15.0%
[WARN]  CIK 2488 AMD: return_outlier -- 2001-07-06: 28.64 -> 20.80 (-27.4%), bound=15.0%
[WARN]  CIK 2488 AMD: return_outlier -- 2001-11-01: 9.84 -> 11.50 (+16.9%), bound=15.0%
[WARN]  CIK 2488 AMD: return_outlier -- 2002-01-03: 16.39 -> 19.37 (+18.2%), bound=15.0%
[WARN]  CIK 2488 AMD: return_outlier -- 2002-06-19: 10.30 -> 8.70 (-15.5%), bound=15.0%
[WARN]  CIK 2488 AMD: return_outlier -- 2002-10-03: 5.37 -> 3.63 (-32.4%), bound=15.0%
[WARN]  CIK 2488 AMD: return_outlier -- 2002-10-16: 4.20 -> 3.49 (-16.9%), bound=15.0%
[WARN]  CIK 2488 AMD: return_outlier -- 2002-10-17: 3.49 -> 4.33 (+24.1%), bound=15.0%
[WARN]  CIK 2488 AMD: return_outlier -- 2002-10-21: 4.40 -> 5.55 (+26.1%), bound=15.0%
[WARN]  CIK 2488 AMD: return_outlier -- 2002-11-25: 6.86 -> 7.95 (+15.9%), bound=15.0%
[WARN]  CIK 2488 AMD: return_outlier -- 2003-01-17: 7.20 -> 6.03 (-16.2%), bound=15.0%
[WARN]  CIK 2488 AMD: return_outlier -- 2005-01-11: 20.13 -> 14.86 (-26.2%), bound=15.0%
[WARN]  CIK 2488 AMD: return_outlier -- 2006-07-21: 21.65 -> 18.26 (-15.7%), bound=15.0%
[WARN]  CIK 2488 AMD: return_outlier -- 2008-09-29: 5.16 -> 4.29 (-16.9%), bound=15.0%
[WARN]  CIK 2488 AMD: return_outlier -- 2008-09-30: 4.29 -> 5.25 (+22.4%), bound=15.0%
[WARN]  CIK 2488 AMD: return_outlier -- 2008-10-30: 2.98 -> 3.56 (+19.5%), bound=15.0%
[WARN]  CIK 2488 AMD: return_outlier -- 2008-11-19: 2.50 -> 2.12 (-15.2%), bound=15.0%
[WARN]  CIK 2488 AMD: return_outlier -- 2008-11-26: 1.80 -> 2.13 (+18.3%), bound=15.0%
[WARN]  CIK 2488 AMD: return_outlier -- 2008-12-01: 2.36 -> 2.00 (-15.3%), bound=15.0%
[WARN]  CIK 2488 AMD: return_outlier -- 2009-11-12: 5.32 -> 6.48 (+21.8%), bound=15.0%
[WARN]  CIK 2488 AMD: return_outlier -- 2011-07-22: 6.50 -> 7.75 (+19.2%), bound=15.0%
[WARN]  CIK 2488 AMD: return_outlier -- 2012-10-19: 2.62 -> 2.18 (-16.8%), bound=15.0%
[WARN]  CIK 2488 AMD: return_outlier -- 2014-07-18: 4.57 -> 3.83 (-16.2%), bound=15.0%
[WARN]  CIK 2488 AMD: return_outlier -- 2015-02-05: 2.85 -> 3.31 (+16.1%), bound=15.0%
[WARN]  CIK 2488 AMD: return_outlier -- 2015-07-07: 2.47 -> 2.09 (-15.4%), bound=15.0%
[WARN]  CIK 2488 AMD: return_outlier -- 2016-01-21: 1.80 -> 2.09 (+16.1%), bound=15.0%
[WARN]  CIK 2488 AMD: return_outlier -- 2016-04-22: 2.62 -> 3.99 (+52.3%), bound=15.0%
[WARN]  CIK 2488 AMD: return_outlier -- 2017-02-01: 10.37 -> 12.06 (+16.3%), bound=15.0%
[WARN]  CIK 2488 AMD: return_outlier -- 2017-05-02: 13.62 -> 10.32 (-24.2%), bound=15.0%
[WARN]  CIK 2488 AMD: return_outlier -- 2018-10-25: 22.79 -> 19.27 (-15.4%), bound=15.0%
[WARN]  CIK 2488 AMD: return_outlier -- 2019-01-30: 19.25 -> 23.09 (+19.9%), bound=15.0%
[WARN]  CIK 2488 AMD: return_outlier -- 2019-08-08: 29.19 -> 33.92 (+16.2%), bound=15.0%
[WARN]  CIK 2488 AMD: return_outlier -- 2020-07-24: 59.57 -> 69.40 (+16.5%), bound=15.0%
[WARN]  CIK 2488 AMD: return_outlier -- 2025-04-09: 78.21 -> 96.84 (+23.8%), bound=15.0%
[WARN]  CIK 2488 AMD: return_outlier -- 2025-10-06: 164.67 -> 203.71 (+23.7%), bound=15.0%
[WARN]  CIK 2488 AMD: return_outlier -- 2026-02-04: 242.11 -> 200.19 (-17.3%), bound=15.0%
[WARN]  CIK 2488 AMD: return_outlier -- 2026-05-06: 355.26 -> 421.39 (+18.6%), bound=15.0%
[WARN]  CIK 2969 APD: return_outlier -- 1987-10-19: 10.38 -> 8.15 (-21.4%), bound=15.0%
[WARN]  CIK 2969 APD: return_outlier -- 2024-02-05: 258.17 -> 218.02 (-15.6%), bound=15.0%
[WARN]  CIK 3570 LNG: return_outlier -- 1994-04-05: 24.00 -> 36.00 (+50.0%), bound=15.0%
[WARN]  CIK 3570 LNG: return_outlier -- 1994-04-26: 36.00 -> 24.00 (-33.3%), bound=15.0%
[WARN]  CIK 3570 LNG: return_outlier -- 1994-04-28: 24.00 -> 18.00 (-25.0%), bound=15.0%
[WARN]  CIK 3570 LNG: return_outlier -- 1994-05-05: 18.00 -> 27.00 (+50.0%), bound=15.0%
[WARN]  CIK 3570 LNG: return_outlier -- 1994-05-09: 27.00 -> 15.00 (-44.4%), bound=15.0%
[WARN]  CIK 3570 LNG: return_outlier -- 1994-05-18: 15.00 -> 9.00 (-40.0%), bound=15.0%
[WARN]  CIK 3570 LNG: return_outlier -- 1994-05-25: 9.00 -> 18.00 (+100.0%), bound=15.0%
[WARN]  CIK 3570 LNG: return_outlier -- 1994-05-26: 18.00 -> 21.00 (+16.7%), bound=15.0%
[WARN]  CIK 3570 LNG: return_outlier -- 1994-06-01: 21.00 -> 12.00 (-42.9%), bound=15.0%
[WARN]  CIK 3570 LNG: return_outlier -- 1994-08-12: 12.00 -> 10.00 (-16.7%), bound=15.0%
[WARN]  CIK 3570 LNG: return_outlier -- 1994-09-09: 10.00 -> 8.00 (-20.0%), bound=15.0%
[WARN]  CIK 3570 LNG: return_outlier -- 1994-09-22: 8.00 -> 6.00 (-25.0%), bound=15.0%
[WARN]  CIK 3570 LNG: return_outlier -- 1994-10-26: 6.00 -> 7.00 (+16.7%), bound=15.0%
[WARN]  CIK 3570 LNG: return_outlier -- 1994-12-21: 7.00 -> 10.00 (+42.9%), bound=15.0%
[WARN]  CIK 3570 LNG: return_outlier -- 1995-01-09: 10.00 -> 8.50 (-15.0%), bound=15.0%
[WARN]  CIK 3570 LNG: return_outlier -- 1995-03-30: 9.00 -> 11.00 (+22.2%), bound=15.0%
[WARN]  CIK 3570 LNG: return_outlier -- 1995-08-10: 12.00 -> 14.00 (+16.7%), bound=15.0%
[WARN]  CIK 3570 LNG: return_outlier -- 1995-10-20: 15.50 -> 13.00 (-16.1%), bound=15.0%
[WARN]  CIK 3570 LNG: return_outlier -- 1995-11-10: 12.76 -> 16.00 (+25.4%), bound=15.0%
[WARN]  CIK 3570 LNG: return_outlier -- 1995-12-11: 12.00 -> 15.00 (+25.0%), bound=15.0%
[WARN]  CIK 3570 LNG: return_outlier -- 1996-01-10: 15.00 -> 12.00 (-20.0%), bound=15.0%
[WARN]  CIK 3570 LNG: return_outlier -- 1996-01-22: 12.00 -> 15.00 (+25.0%), bound=15.0%
[WARN]  CIK 3570 LNG: return_outlier -- 1996-01-29: 15.00 -> 12.26 (-18.3%), bound=15.0%
[WARN]  CIK 3570 LNG: return_outlier -- 1996-01-31: 12.00 -> 10.00 (-16.7%), bound=15.0%
[WARN]  CIK 3570 LNG: return_outlier -- 1996-02-26: 12.00 -> 15.50 (+29.2%), bound=15.0%
[WARN]  CIK 3570 LNG: return_outlier -- 1996-03-05: 15.50 -> 10.50 (-32.3%), bound=15.0%
[WARN]  CIK 3570 LNG: return_outlier -- 1996-04-01: 10.50 -> 8.00 (-23.8%), bound=15.0%
[WARN]  CIK 3570 LNG: return_outlier -- 1996-04-09: 8.00 -> 4.76 (-40.5%), bound=15.0%
[WARN]  CIK 3570 LNG: return_outlier -- 1996-05-02: 4.76 -> 2.50 (-47.5%), bound=15.0%
[WARN]  CIK 3570 LNG: return_outlier -- 1996-05-09: 2.50 -> 2.00 (-20.0%), bound=15.0%
[WARN]  CIK 3570 LNG: return_outlier -- 1996-08-07: 2.12 -> 7.76 (+266.0%), bound=15.0%
[WARN]  CIK 3570 LNG: return_outlier -- 1996-08-12: 7.76 -> 6.00 (-22.7%), bound=15.0%
[WARN]  CIK 3570 LNG: return_outlier -- 1996-08-14: 6.00 -> 7.00 (+16.7%), bound=15.0%
[WARN]  CIK 3570 LNG: return_outlier -- 1996-10-29: 5.00 -> 5.76 (+15.2%), bound=15.0%
[WARN]  CIK 3570 LNG: return_outlier -- 1996-11-01: 6.00 -> 5.00 (-16.7%), bound=15.0%
[WARN]  CIK 3570 LNG: return_outlier -- 1996-12-10: 6.76 -> 8.00 (+18.3%), bound=15.0%
[WARN]  CIK 3570 LNG: return_outlier -- 1997-01-22: 9.12 -> 11.26 (+23.5%), bound=15.0%
[WARN]  CIK 3570 LNG: return_outlier -- 1997-02-13: 10.88 -> 9.00 (-17.3%), bound=15.0%
[WARN]  CIK 3570 LNG: return_outlier -- 1997-03-13: 8.88 -> 10.44 (+17.6%), bound=15.0%
[WARN]  CIK 3570 LNG: return_outlier -- 1997-10-01: 6.26 -> 5.26 (-16.0%), bound=15.0%
[WARN]  CIK 3570 LNG: return_outlier -- 1997-11-05: 5.26 -> 6.12 (+16.3%), bound=15.0%
[WARN]  CIK 3570 LNG: return_outlier -- 1997-11-19: 6.26 -> 5.26 (-16.0%), bound=15.0%
[WARN]  CIK 3570 LNG: return_outlier -- 1997-12-17: 5.00 -> 4.12 (-17.6%), bound=15.0%
[WARN]  CIK 3570 LNG: return_outlier -- 1998-07-06: 3.88 -> 2.76 (-28.9%), bound=15.0%
[WARN]  CIK 3570 LNG: return_outlier -- 1998-07-10: 3.26 -> 3.76 (+15.3%), bound=15.0%
[WARN]  CIK 3570 LNG: return_outlier -- 1998-07-17: 4.06 -> 4.76 (+17.2%), bound=15.0%
[WARN]  CIK 3570 LNG: return_outlier -- 1998-07-27: 5.88 -> 4.50 (-23.5%), bound=15.0%
[WARN]  CIK 3570 LNG: return_outlier -- 1998-08-19: 4.00 -> 3.12 (-22.0%), bound=15.0%
[WARN]  CIK 3570 LNG: return_outlier -- 1998-08-31: 2.76 -> 2.00 (-27.5%), bound=15.0%
[WARN]  CIK 3570 LNG: return_outlier -- 1998-09-10: 2.00 -> 1.62 (-19.0%), bound=15.0%
[WARN]  CIK 3570 LNG: return_outlier -- 1998-09-11: 1.62 -> 1.94 (+19.8%), bound=15.0%
[WARN]  CIK 3570 LNG: return_outlier -- 1998-10-01: 1.76 -> 1.12 (-36.4%), bound=15.0%
[WARN]  CIK 3570 LNG: return_outlier -- 1998-10-16: 1.10 -> 1.50 (+36.4%), bound=15.0%
[WARN]  CIK 3570 LNG: return_outlier -- 1998-10-19: 1.50 -> 1.10 (-26.7%), bound=15.0%
[WARN]  CIK 3570 LNG: return_outlier -- 1998-10-22: 1.26 -> 1.50 (+19.0%), bound=15.0%
[WARN]  CIK 3570 LNG: return_outlier -- 1998-10-27: 1.50 -> 1.76 (+17.3%), bound=15.0%
[WARN]  CIK 3570 LNG: return_outlier -- 1998-11-02: 1.94 -> 2.44 (+25.8%), bound=15.0%
[WARN]  CIK 3570 LNG: return_outlier -- 1998-11-23: 1.56 -> 1.88 (+20.5%), bound=15.0%
[WARN]  CIK 3570 LNG: return_outlier -- 1998-12-01: 1.50 -> 1.88 (+25.3%), bound=15.0%
[WARN]  CIK 3570 LNG: return_outlier -- 1998-12-11: 2.12 -> 2.88 (+35.8%), bound=15.0%
[WARN]  CIK 3570 LNG: return_outlier -- 1998-12-14: 2.88 -> 2.38 (-17.4%), bound=15.0%
[WARN]  CIK 3570 LNG: return_outlier -- 1998-12-15: 2.38 -> 2.76 (+16.0%), bound=15.0%
[WARN]  CIK 3570 LNG: return_outlier -- 1998-12-22: 2.62 -> 2.18 (-16.8%), bound=15.0%
[WARN]  CIK 3570 LNG: return_outlier -- 1999-01-07: 2.12 -> 2.50 (+17.9%), bound=15.0%
[WARN]  CIK 3570 LNG: return_outlier -- 1999-01-11: 2.62 -> 3.50 (+33.6%), bound=15.0%
[WARN]  CIK 3570 LNG: return_outlier -- 1999-01-15: 3.00 -> 3.50 (+16.7%), bound=15.0%
[WARN]  CIK 3570 LNG: return_outlier -- 1999-01-21: 4.00 -> 3.26 (-18.5%), bound=15.0%
[WARN]  CIK 3570 LNG: return_outlier -- 1999-03-05: 2.56 -> 2.06 (-19.5%), bound=15.0%
[WARN]  CIK 3570 LNG: return_outlier -- 1999-03-08: 2.06 -> 2.38 (+15.5%), bound=15.0%
[WARN]  CIK 3570 LNG: return_outlier -- 1999-03-15: 2.62 -> 3.26 (+24.4%), bound=15.0%
[WARN]  CIK 3570 LNG: return_outlier -- 1999-03-17: 3.00 -> 2.46 (-18.0%), bound=15.0%
[WARN]  CIK 3570 LNG: return_outlier -- 1999-04-13: 2.06 -> 3.26 (+58.3%), bound=15.0%
[WARN]  CIK 3570 LNG: return_outlier -- 1999-04-23: 2.88 -> 3.38 (+17.4%), bound=15.0%
[WARN]  CIK 3570 LNG: return_outlier -- 1999-04-29: 2.26 -> 3.00 (+32.7%), bound=15.0%
[WARN]  CIK 3570 LNG: return_outlier -- 1999-05-12: 2.62 -> 3.26 (+24.4%), bound=15.0%
[WARN]  CIK 3570 LNG: return_outlier -- 1999-06-01: 3.06 -> 2.26 (-26.1%), bound=15.0%
[WARN]  CIK 3570 LNG: return_outlier -- 1999-06-02: 2.26 -> 2.68 (+18.6%), bound=15.0%
[WARN]  CIK 3570 LNG: return_outlier -- 1999-06-04: 2.56 -> 3.06 (+19.5%), bound=15.0%
[WARN]  CIK 3570 LNG: return_outlier -- 1999-07-15: 2.94 -> 3.56 (+21.1%), bound=15.0%
[WARN]  CIK 3570 LNG: return_outlier -- 1999-10-13: 2.12 -> 2.44 (+15.1%), bound=15.0%
[WARN]  CIK 3570 LNG: return_outlier -- 1999-10-27: 2.62 -> 2.00 (-23.7%), bound=15.0%
[WARN]  CIK 3570 LNG: return_outlier -- 1999-11-01: 2.38 -> 1.82 (-23.5%), bound=15.0%
[WARN]  CIK 3570 LNG: return_outlier -- 1999-11-16: 1.38 -> 1.06 (-23.2%), bound=15.0%
[WARN]  CIK 3570 LNG: return_outlier -- 1999-11-17: 1.06 -> 1.26 (+18.9%), bound=15.0%
[WARN]  CIK 3570 LNG: return_outlier -- 1999-11-23: 1.38 -> 1.12 (-18.8%), bound=15.0%
[WARN]  CIK 3570 LNG: return_outlier -- 1999-12-10: 1.00 -> 1.26 (+26.0%), bound=15.0%
[WARN]  CIK 3570 LNG: return_outlier -- 1999-12-13: 1.26 -> 1.00 (-20.6%), bound=15.0%
[WARN]  CIK 3570 LNG: return_outlier -- 1999-12-31: 1.00 -> 1.44 (+44.0%), bound=15.0%
[WARN]  CIK 3570 LNG: return_outlier -- 2000-01-05: 1.18 -> 1.38 (+16.9%), bound=15.0%
[WARN]  CIK 3570 LNG: return_outlier -- 2000-01-21: 1.32 -> 1.68 (+27.3%), bound=15.0%
[WARN]  CIK 3570 LNG: return_outlier -- 2000-01-27: 2.00 -> 2.62 (+31.0%), bound=15.0%
[WARN]  CIK 3570 LNG: return_outlier -- 2000-02-02: 2.50 -> 2.12 (-15.2%), bound=15.0%
[WARN]  CIK 3570 LNG: return_outlier -- 2000-02-08: 2.12 -> 2.82 (+33.0%), bound=15.0%
[WARN]  CIK 3570 LNG: return_outlier -- 2000-02-09: 2.82 -> 2.38 (-15.6%), bound=15.0%
[WARN]  CIK 3570 LNG: return_outlier -- 2000-03-29: 2.00 -> 1.68 (-16.0%), bound=15.0%
[WARN]  CIK 3570 LNG: return_outlier -- 2000-05-05: 1.34 -> 1.72 (+28.4%), bound=15.0%
[WARN]  CIK 3570 LNG: return_outlier -- 2000-07-27: 1.50 -> 1.82 (+21.3%), bound=15.0%
[WARN]  CIK 3570 LNG: return_outlier -- 2000-07-31: 1.76 -> 2.06 (+17.0%), bound=15.0%
[WARN]  CIK 3570 LNG: return_outlier -- 2000-08-01: 2.06 -> 1.44 (-30.1%), bound=15.0%
[WARN]  CIK 3570 LNG: return_outlier -- 2000-08-02: 1.44 -> 1.68 (+16.7%), bound=15.0%
[WARN]  CIK 3570 LNG: return_outlier -- 2000-08-29: 1.50 -> 1.76 (+17.3%), bound=15.0%
[WARN]  CIK 3570 LNG: return_outlier -- 2000-09-14: 1.44 -> 1.76 (+22.2%), bound=15.0%
[WARN]  CIK 3570 LNG: return_outlier -- 2000-09-15: 1.76 -> 2.06 (+17.0%), bound=15.0%
[WARN]  CIK 3570 LNG: return_outlier -- 2000-09-18: 2.06 -> 1.56 (-24.3%), bound=15.0%
[WARN]  CIK 3570 LNG: return_outlier -- 2000-10-05: 1.32 -> 1.12 (-15.2%), bound=15.0%
[WARN]  CIK 3570 LNG: return_outlier -- 2000-10-19: 1.07 -> 0.85 (-20.7%), bound=15.0%
[WARN]  CIK 3570 LNG: return_outlier -- 2000-10-23: 0.81 -> 1.00 (+22.7%), bound=15.0%
[WARN]  CIK 3570 LNG: return_outlier -- 2000-10-24: 1.00 -> 1.35 (+34.5%), bound=15.0%
[WARN]  CIK 3570 LNG: return_outlier -- 2000-11-01: 1.35 -> 1.10 (-18.6%), bound=15.0%
[WARN]  CIK 3570 LNG: return_outlier -- 2000-11-24: 1.00 -> 0.85 (-15.5%), bound=15.0%
[WARN]  CIK 3570 LNG: return_outlier -- 2000-11-27: 0.85 -> 1.00 (+18.3%), bound=15.0%
[WARN]  CIK 3570 LNG: return_outlier -- 2000-12-08: 1.03 -> 1.22 (+18.4%), bound=15.0%
[WARN]  CIK 3570 LNG: return_outlier -- 2000-12-29: 1.03 -> 1.21 (+17.0%), bound=15.0%
[WARN]  CIK 3570 LNG: return_outlier -- 2001-02-08: 1.38 -> 1.69 (+22.9%), bound=15.0%
[WARN]  CIK 3570 LNG: return_outlier -- 2001-08-23: 0.75 -> 0.88 (+15.9%), bound=15.0%
[WARN]  CIK 3570 LNG: return_outlier -- 2001-09-06: 0.85 -> 0.65 (-23.5%), bound=15.0%
[WARN]  CIK 3570 LNG: return_outlier -- 2001-09-07: 0.65 -> 0.82 (+26.9%), bound=15.0%
[WARN]  CIK 3570 LNG: return_outlier -- 2001-09-20: 0.65 -> 0.52 (-19.2%), bound=15.0%
[WARN]  CIK 3570 LNG: return_outlier -- 2001-09-21: 0.52 -> 0.62 (+19.0%), bound=15.0%
[WARN]  CIK 3570 LNG: return_outlier -- 2001-09-26: 0.57 -> 0.45 (-21.7%), bound=15.0%
[WARN]  CIK 3570 LNG: return_outlier -- 2001-12-05: 0.40 -> 0.50 (+23.7%), bound=15.0%
[WARN]  CIK 3570 LNG: return_outlier -- 2002-04-02: 0.64 -> 0.52 (-18.6%), bound=15.0%
[WARN]  CIK 3570 LNG: return_outlier -- 2002-06-07: 0.55 -> 0.65 (+18.2%), bound=15.0%
[WARN]  CIK 3570 LNG: return_outlier -- 2002-06-13: 0.60 -> 0.73 (+21.8%), bound=15.0%
[WARN]  CIK 3570 LNG: return_outlier -- 2002-08-16: 0.50 -> 0.60 (+20.0%), bound=15.0%
[WARN]  CIK 3570 LNG: return_outlier -- 2003-02-20: 0.60 -> 0.70 (+16.7%), bound=15.0%
[WARN]  CIK 3570 LNG: return_outlier -- 2003-03-19: 0.68 -> 0.80 (+18.5%), bound=15.0%
[WARN]  CIK 3570 LNG: return_outlier -- 2003-04-15: 0.75 -> 0.88 (+16.7%), bound=15.0%
[WARN]  CIK 3570 LNG: return_outlier -- 2003-06-11: 2.02 -> 2.55 (+26.6%), bound=15.0%
[WARN]  CIK 3570 LNG: return_outlier -- 2003-10-20: 3.50 -> 2.84 (-18.9%), bound=15.0%
[WARN]  CIK 3570 LNG: return_outlier -- 2003-12-22: 3.48 -> 4.99 (+43.5%), bound=15.0%
[WARN]  CIK 3570 LNG: return_outlier -- 2004-01-26: 7.74 -> 9.54 (+23.2%), bound=15.0%
[WARN]  CIK 3570 LNG: return_outlier -- 2004-09-03: 8.99 -> 10.42 (+15.8%), bound=15.0%
[WARN]  CIK 3570 LNG: return_outlier -- 2004-11-09: 13.10 -> 18.99 (+44.9%), bound=15.0%
[WARN]  CIK 3570 LNG: return_outlier -- 2004-12-14: 26.67 -> 30.90 (+15.8%), bound=15.0%
[WARN]  CIK 3570 LNG: return_outlier -- 2008-04-11: 18.55 -> 15.66 (-15.6%), bound=15.0%
[WARN]  CIK 3570 LNG: return_outlier -- 2008-04-17: 12.89 -> 10.86 (-15.7%), bound=15.0%
[WARN]  CIK 3570 LNG: return_outlier -- 2008-04-21: 11.17 -> 7.11 (-36.3%), bound=15.0%
[WARN]  CIK 3570 LNG: return_outlier -- 2008-04-22: 7.11 -> 9.23 (+29.8%), bound=15.0%
[WARN]  CIK 3570 LNG: return_outlier -- 2008-05-05: 8.82 -> 7.49 (-15.1%), bound=15.0%
[WARN]  CIK 3570 LNG: return_outlier -- 2008-05-09: 7.91 -> 5.34 (-32.5%), bound=15.0%
[WARN]  CIK 3570 LNG: return_outlier -- 2008-05-19: 4.85 -> 6.10 (+25.8%), bound=15.0%
[WARN]  CIK 3570 LNG: return_outlier -- 2008-05-20: 6.10 -> 7.32 (+20.0%), bound=15.0%
[WARN]  CIK 3570 LNG: return_outlier -- 2008-05-21: 7.32 -> 5.91 (-19.3%), bound=15.0%
[WARN]  CIK 3570 LNG: return_outlier -- 2008-07-11: 2.68 -> 3.40 (+26.9%), bound=15.0%
[WARN]  CIK 3570 LNG: return_outlier -- 2008-08-11: 2.90 -> 4.40 (+51.7%), bound=15.0%
[WARN]  CIK 3570 LNG: return_outlier -- 2008-08-13: 3.79 -> 4.49 (+18.5%), bound=15.0%
[WARN]  CIK 3570 LNG: return_outlier -- 2008-09-29: 2.51 -> 2.13 (-15.1%), bound=15.0%
[WARN]  CIK 3570 LNG: return_outlier -- 2008-10-06: 1.84 -> 1.49 (-19.0%), bound=15.0%
[WARN]  CIK 3570 LNG: return_outlier -- 2008-10-10: 1.10 -> 1.40 (+27.3%), bound=15.0%
[WARN]  CIK 3570 LNG: return_outlier -- 2008-10-14: 1.60 -> 1.28 (-20.0%), bound=15.0%
[WARN]  CIK 3570 LNG: return_outlier -- 2008-10-15: 1.28 -> 0.95 (-25.8%), bound=15.0%
[WARN]  CIK 3570 LNG: return_outlier -- 2008-10-27: 1.17 -> 1.70 (+45.3%), bound=15.0%
[WARN]  CIK 3570 LNG: return_outlier -- 2008-10-29: 1.69 -> 1.99 (+17.8%), bound=15.0%
[WARN]  CIK 3570 LNG: return_outlier -- 2008-10-30: 1.99 -> 2.68 (+34.7%), bound=15.0%
[WARN]  CIK 3570 LNG: return_outlier -- 2008-10-31: 2.68 -> 3.74 (+39.6%), bound=15.0%
[WARN]  CIK 3570 LNG: return_outlier -- 2008-11-03: 3.74 -> 4.47 (+19.5%), bound=15.0%
[WARN]  CIK 3570 LNG: return_outlier -- 2008-11-05: 3.98 -> 3.25 (-18.3%), bound=15.0%
[WARN]  CIK 3570 LNG: return_outlier -- 2008-11-13: 2.56 -> 3.72 (+45.3%), bound=15.0%
[WARN]  CIK 3570 LNG: return_outlier -- 2008-11-14: 3.72 -> 2.88 (-22.6%), bound=15.0%
[WARN]  CIK 3570 LNG: return_outlier -- 2008-11-26: 2.70 -> 3.12 (+15.6%), bound=15.0%
[WARN]  CIK 3570 LNG: return_outlier -- 2009-03-05: 4.31 -> 3.60 (-16.5%), bound=15.0%
[WARN]  CIK 3570 LNG: return_outlier -- 2009-03-12: 3.96 -> 4.70 (+18.7%), bound=15.0%
[WARN]  CIK 3570 LNG: return_outlier -- 2010-04-06: 4.04 -> 4.66 (+15.3%), bound=15.0%
[WARN]  CIK 3570 LNG: return_outlier -- 2010-10-26: 3.04 -> 3.56 (+17.1%), bound=15.0%
[WARN]  CIK 3570 LNG: return_outlier -- 2010-11-11: 3.59 -> 4.54 (+26.5%), bound=15.0%
[WARN]  CIK 3570 LNG: return_outlier -- 2010-11-19: 4.85 -> 6.16 (+27.0%), bound=15.0%
[WARN]  CIK 3570 LNG: return_outlier -- 2011-01-03: 5.52 -> 6.42 (+16.3%), bound=15.0%
[WARN]  CIK 3570 LNG: return_outlier -- 2011-01-31: 6.34 -> 7.31 (+15.3%), bound=15.0%
[WARN]  CIK 3570 LNG: return_outlier -- 2011-03-08: 9.73 -> 6.25 (-35.8%), bound=15.0%
[WARN]  CIK 3570 LNG: return_outlier -- 2011-03-09: 6.25 -> 7.42 (+18.7%), bound=15.0%
[WARN]  CIK 3570 LNG: return_outlier -- 2011-05-20: 7.69 -> 10.04 (+30.6%), bound=15.0%
[WARN]  CIK 3570 LNG: return_outlier -- 2011-05-23: 10.04 -> 11.76 (+17.1%), bound=15.0%
[WARN]  CIK 3570 LNG: return_outlier -- 2011-08-04: 9.76 -> 8.23 (-15.7%), bound=15.0%
[WARN]  CIK 3570 LNG: return_outlier -- 2011-08-08: 7.83 -> 6.30 (-19.5%), bound=15.0%
[WARN]  CIK 3570 LNG: return_outlier -- 2011-10-03: 5.15 -> 4.00 (-22.3%), bound=15.0%
[WARN]  CIK 3570 LNG: return_outlier -- 2011-10-26: 6.12 -> 10.32 (+68.6%), bound=15.0%
[WARN]  CIK 3570 LNG: return_outlier -- 2012-02-09: 12.40 -> 14.27 (+15.1%), bound=15.0%
[WARN]  CIK 3570 LNG: return_outlier -- 2020-03-09: 45.52 -> 37.28 (-18.1%), bound=15.0%
[WARN]  CIK 4281 HWM: return_outlier -- 2018-04-30: 17.21 -> 13.66 (-20.6%), bound=15.0%
[WARN]  CIK 4281 HWM: return_outlier -- 2019-01-22: 15.60 -> 13.11 (-16.0%), bound=15.0%
[WARN]  CIK 4281 HWM: return_outlier -- 2020-03-16: 15.74 -> 13.37 (-15.0%), bound=15.0%
[WARN]  CIK 4281 HWM: return_outlier -- 2020-03-20: 12.15 -> 10.16 (-16.4%), bound=15.0%
[WARN]  CIK 4281 HWM: return_outlier -- 2020-03-24: 9.19 -> 11.62 (+26.4%), bound=15.0%
[WARN]  CIK 4281 HWM: return_outlier -- 2020-04-29: 11.99 -> 13.89 (+15.8%), bound=15.0%
[WARN]  CIK 4281 HWM: return_outlier -- 2020-11-09: 18.85 -> 22.43 (+19.0%), bound=15.0%
[WARN]  CIK 4281 HWM: return_outlier -- 2024-05-02: 66.78 -> 77.10 (+15.5%), bound=15.0%
[WARN]  CIK 4904 AEP: return_outlier -- 2002-10-09: 22.91 -> 17.69 (-22.8%), bound=15.0%
[WARN]  CIK 4904 AEP: return_outlier -- 2002-10-10: 17.69 -> 21.20 (+19.8%), bound=15.0%
[WARN]  CIK 5272 AIG: return_outlier -- 1974-10-21: 11.69 -> 13.75 (+17.7%), bound=15.0%
[WARN]  CIK 5272 AIG: return_outlier -- 1987-10-19: 128.32 -> 108.09 (-15.8%), bound=15.0%
[WARN]  CIK 5272 AIG: return_outlier -- 2008-08-07: 581.80 -> 476.80 (-18.0%), bound=15.0%
[WARN]  CIK 5272 AIG: return_outlier -- 2008-09-09: 455.20 -> 367.40 (-19.3%), bound=15.0%
[WARN]  CIK 5272 AIG: return_outlier -- 2008-09-12: 351.00 -> 242.80 (-30.8%), bound=15.0%
[WARN]  CIK 5272 AIG: return_outlier -- 2008-09-15: 242.80 -> 95.20 (-60.8%), bound=15.0%
[WARN]  CIK 5272 AIG: return_outlier -- 2008-09-16: 95.20 -> 75.00 (-21.2%), bound=15.0%
[WARN]  CIK 5272 AIG: return_outlier -- 2008-09-17: 75.00 -> 41.00 (-45.3%), bound=15.0%
[WARN]  CIK 5272 AIG: return_outlier -- 2008-09-18: 41.00 -> 53.80 (+31.2%), bound=15.0%
[WARN]  CIK 5272 AIG: return_outlier -- 2008-09-19: 53.80 -> 77.00 (+43.1%), bound=15.0%
[WARN]  CIK 5272 AIG: return_outlier -- 2008-09-22: 77.00 -> 94.40 (+22.6%), bound=15.0%
[WARN]  CIK 5272 AIG: return_outlier -- 2008-09-24: 100.00 -> 66.20 (-33.8%), bound=15.0%
[WARN]  CIK 5272 AIG: return_outlier -- 2008-09-29: 63.00 -> 50.00 (-20.6%), bound=15.0%
[WARN]  CIK 5272 AIG: return_outlier -- 2008-09-30: 50.00 -> 66.60 (+33.2%), bound=15.0%
[WARN]  CIK 5272 AIG: return_outlier -- 2008-10-01: 66.60 -> 79.00 (+18.6%), bound=15.0%
[WARN]  CIK 5272 AIG: return_outlier -- 2008-10-09: 63.80 -> 47.80 (-25.1%), bound=15.0%
[WARN]  CIK 5272 AIG: return_outlier -- 2008-10-24: 42.00 -> 34.00 (-19.0%), bound=15.0%
[WARN]  CIK 5272 AIG: return_outlier -- 2008-10-27: 34.00 -> 27.00 (-20.6%), bound=15.0%
[WARN]  CIK 5272 AIG: return_outlier -- 2008-10-28: 27.00 -> 36.60 (+35.6%), bound=15.0%
[WARN]  CIK 5272 AIG: return_outlier -- 2008-10-29: 36.60 -> 31.00 (-15.3%), bound=15.0%
[WARN]  CIK 5272 AIG: return_outlier -- 2008-10-31: 32.60 -> 38.20 (+17.2%), bound=15.0%
[WARN]  CIK 5272 AIG: return_outlier -- 2008-11-19: 39.00 -> 31.20 (-20.0%), bound=15.0%
[WARN]  CIK 5272 AIG: return_outlier -- 2008-12-01: 40.20 -> 33.00 (-17.9%), bound=15.0%
[WARN]  CIK 5272 AIG: return_outlier -- 2009-02-19: 14.60 -> 11.80 (-19.2%), bound=15.0%
[WARN]  CIK 5272 AIG: return_outlier -- 2009-02-24: 10.60 -> 8.20 (-22.6%), bound=15.0%
[WARN]  CIK 5272 AIG: return_outlier -- 2009-02-27: 10.40 -> 8.40 (-19.2%), bound=15.0%
[WARN]  CIK 5272 AIG: return_outlier -- 2009-03-05: 8.60 -> 7.00 (-18.6%), bound=15.0%
[WARN]  CIK 5272 AIG: return_outlier -- 2009-03-10: 7.00 -> 8.40 (+20.0%), bound=15.0%
[WARN]  CIK 5272 AIG: return_outlier -- 2009-03-13: 8.20 -> 10.00 (+22.0%), bound=15.0%
[WARN]  CIK 5272 AIG: return_outlier -- 2009-03-16: 10.00 -> 16.60 (+66.0%), bound=15.0%
[WARN]  CIK 5272 AIG: return_outlier -- 2009-03-17: 16.60 -> 19.20 (+15.7%), bound=15.0%
[WARN]  CIK 5272 AIG: return_outlier -- 2009-03-18: 19.20 -> 27.60 (+43.7%), bound=15.0%
[WARN]  CIK 5272 AIG: return_outlier -- 2009-03-19: 27.60 -> 32.40 (+17.4%), bound=15.0%
[WARN]  CIK 5272 AIG: return_outlier -- 2009-03-20: 32.40 -> 25.20 (-22.2%), bound=15.0%
[WARN]  CIK 5272 AIG: return_outlier -- 2009-03-23: 25.20 -> 29.60 (+17.5%), bound=15.0%
[WARN]  CIK 5272 AIG: return_outlier -- 2009-04-13: 23.20 -> 28.40 (+22.4%), bound=15.0%
[WARN]  CIK 5272 AIG: return_outlier -- 2009-04-20: 32.40 -> 25.80 (-20.4%), bound=15.0%
[WARN]  CIK 5272 AIG: return_outlier -- 2009-05-05: 29.20 -> 34.60 (+18.5%), bound=15.0%
[WARN]  CIK 5272 AIG: return_outlier -- 2009-07-01: 23.20 -> 18.08 (-22.1%), bound=15.0%
[WARN]  CIK 5272 AIG: return_outlier -- 2009-07-07: 16.19 -> 13.75 (-15.1%), bound=15.0%
[WARN]  CIK 5272 AIG: return_outlier -- 2009-07-09: 13.10 -> 9.48 (-27.6%), bound=15.0%
[WARN]  CIK 5272 AIG: return_outlier -- 2009-07-10: 9.48 -> 11.74 (+23.8%), bound=15.0%
[WARN]  CIK 5272 AIG: return_outlier -- 2009-07-13: 11.74 -> 14.57 (+24.1%), bound=15.0%
[WARN]  CIK 5272 AIG: return_outlier -- 2009-08-05: 13.52 -> 22.00 (+62.7%), bound=15.0%
[WARN]  CIK 5272 AIG: return_outlier -- 2009-08-07: 22.53 -> 27.14 (+20.5%), bound=15.0%
[WARN]  CIK 5272 AIG: return_outlier -- 2009-08-20: 26.64 -> 32.30 (+21.2%), bound=15.0%
[WARN]  CIK 5272 AIG: return_outlier -- 2009-08-27: 37.69 -> 47.84 (+26.9%), bound=15.0%
[WARN]  CIK 5272 AIG: return_outlier -- 2009-09-01: 45.33 -> 36.00 (-20.6%), bound=15.0%
[WARN]  CIK 5272 AIG: return_outlier -- 2009-09-21: 39.91 -> 48.40 (+21.3%), bound=15.0%
[WARN]  CIK 5272 AIG: return_outlier -- 2010-02-10: 23.14 -> 26.92 (+16.3%), bound=15.0%
[WARN]  CIK 5272 AIG: return_outlier -- 2010-04-27: 44.51 -> 37.37 (-16.0%), bound=15.0%
[WARN]  CIK 5272 AIG: return_outlier -- 2011-01-20: 51.02 -> 43.18 (-15.4%), bound=15.0%
[WARN]  CIK 5272 AIG: return_outlier -- 2020-03-12: 32.43 -> 25.67 (-20.8%), bound=15.0%
[WARN]  CIK 5272 AIG: return_outlier -- 2020-03-16: 28.50 -> 23.25 (-18.4%), bound=15.0%
[WARN]  CIK 5272 AIG: return_outlier -- 2020-03-18: 22.25 -> 18.78 (-15.6%), bound=15.0%
[WARN]  CIK 5272 AIG: return_outlier -- 2020-03-24: 19.30 -> 22.93 (+18.8%), bound=15.0%
[WARN]  CIK 6951 AMAT: return_outlier -- 1987-10-20: 0.37 -> 0.30 (-20.0%), bound=15.0%
[WARN]  CIK 6951 AMAT: return_outlier -- 1987-10-23: 0.29 -> 0.24 (-15.1%), bound=15.0%
[WARN]  CIK 6951 AMAT: return_outlier -- 1987-10-26: 0.24 -> 0.19 (-21.8%), bound=15.0%
[WARN]  CIK 6951 AMAT: return_outlier -- 1987-10-29: 0.18 -> 0.23 (+23.4%), bound=15.0%
[WARN]  CIK 6951 AMAT: return_outlier -- 1990-10-19: 0.36 -> 0.30 (-16.8%), bound=15.0%
[WARN]  CIK 6951 AMAT: return_outlier -- 1991-11-22: 0.36 -> 0.42 (+17.4%), bound=15.0%
[WARN]  CIK 6951 AMAT: return_outlier -- 1992-02-12: 0.61 -> 0.71 (+17.4%), bound=15.0%
[WARN]  CIK 6951 AMAT: return_outlier -- 1995-05-17: 4.30 -> 5.02 (+16.8%), bound=15.0%
[WARN]  CIK 6951 AMAT: return_outlier -- 1996-11-22: 4.00 -> 4.83 (+20.7%), bound=15.0%
[WARN]  CIK 6951 AMAT: return_outlier -- 1997-02-12: 5.64 -> 6.52 (+15.5%), bound=15.0%
[WARN]  CIK 6951 AMAT: return_outlier -- 2000-04-17: 40.16 -> 48.31 (+20.3%), bound=15.0%
[WARN]  CIK 6951 AMAT: return_outlier -- 2000-10-19: 21.03 -> 25.25 (+20.1%), bound=15.0%
[WARN]  CIK 6951 AMAT: return_outlier -- 2000-12-11: 22.09 -> 25.47 (+15.3%), bound=15.0%
[WARN]  CIK 6951 AMAT: return_outlier -- 2001-01-03: 19.75 -> 24.81 (+25.6%), bound=15.0%
[WARN]  CIK 6951 AMAT: return_outlier -- 2020-03-16: 50.89 -> 40.53 (-20.4%), bound=15.0%
[WARN]  CIK 6951 AMAT: return_outlier -- 2025-04-09: 128.96 -> 149.73 (+16.1%), bound=15.0%
[WARN]  CIK 8670 ADP: return_outlier -- 1987-10-19: 4.23 -> 3.20 (-24.3%), bound=15.0%
[WARN]  CIK 8670 ADP: return_outlier -- 1987-10-20: 3.20 -> 3.77 (+17.8%), bound=15.0%
[WARN]  CIK 8670 ADP: return_outlier -- 2002-07-18: 32.79 -> 25.06 (-23.6%), bound=15.0%
[WARN]  CIK 8670 ADP: return_outlier -- 2020-03-16: 144.50 -> 122.46 (-15.3%), bound=15.0%
[WARN]  CIK 10795 BDX: return_outlier -- 1978-01-23: 1.58 -> 1.84 (+16.7%), bound=15.0%
[WARN]  CIK 10795 BDX: return_outlier -- 1998-09-01: 25.55 -> 29.82 (+16.7%), bound=15.0%
[WARN]  CIK 10795 BDX: return_outlier -- 1999-06-14: 29.96 -> 23.25 (-22.4%), bound=15.0%
[WARN]  CIK 10795 BDX: return_outlier -- 2000-02-18: 20.18 -> 23.44 (+16.2%), bound=15.0%
[WARN]  CIK 10795 BDX: return_outlier -- 2000-09-27: 17.16 -> 20.23 (+17.9%), bound=15.0%
[WARN]  CIK 10795 BDX: return_outlier -- 2025-05-01: 162.81 -> 133.29 (-18.1%), bound=15.0%
[WARN]  CIK 12927 BA: return_outlier -- 1970-07-08: 0.40 -> 0.49 (+23.7%), bound=15.0%
[WARN]  CIK 12927 BA: return_outlier -- 1987-07-28: 10.36 -> 11.94 (+15.3%), bound=15.0%
[WARN]  CIK 12927 BA: return_outlier -- 1998-12-02: 40.38 -> 33.69 (-16.6%), bound=15.0%
[WARN]  CIK 12927 BA: return_outlier -- 2001-09-17: 43.46 -> 35.80 (-17.6%), bound=15.0%
[WARN]  CIK 12927 BA: return_outlier -- 2008-10-28: 42.36 -> 48.91 (+15.5%), bound=15.0%
[WARN]  CIK 12927 BA: return_outlier -- 2020-03-11: 231.01 -> 189.08 (-18.2%), bound=15.0%
[WARN]  CIK 12927 BA: return_outlier -- 2020-03-12: 189.08 -> 154.84 (-18.1%), bound=15.0%
[WARN]  CIK 12927 BA: return_outlier -- 2020-03-16: 170.20 -> 129.61 (-23.8%), bound=15.0%
[WARN]  CIK 12927 BA: return_outlier -- 2020-03-18: 124.14 -> 101.89 (-17.9%), bound=15.0%
[WARN]  CIK 12927 BA: return_outlier -- 2020-03-24: 105.62 -> 127.68 (+20.9%), bound=15.0%
[WARN]  CIK 12927 BA: return_outlier -- 2020-03-25: 127.68 -> 158.73 (+24.3%), bound=15.0%
[WARN]  CIK 12927 BA: return_outlier -- 2020-04-06: 124.52 -> 148.77 (+19.5%), bound=15.0%
[WARN]  CIK 12927 BA: return_outlier -- 2020-06-11: 203.41 -> 170.00 (-16.4%), bound=15.0%
[WARN]  CIK 12927 BA: return_outlier -- 2025-04-09: 139.39 -> 160.82 (+15.4%), bound=15.0%
[WARN]  CIK 14272 BMY: return_outlier -- 1987-10-21: 8.80 -> 10.20 (+15.9%), bound=15.0%
[WARN]  CIK 14272 BMY: return_outlier -- 2000-04-19: 61.98 -> 48.48 (-21.8%), bound=15.0%
[WARN]  CIK 14272 BMY: return_outlier -- 2002-03-20: 48.65 -> 41.08 (-15.6%), bound=15.0%
[WARN]  CIK 14272 BMY: return_outlier -- 2016-08-05: 75.32 -> 63.28 (-16.0%), bound=15.0%
[WARN]  CIK 18230 CAT: return_outlier -- 1987-10-19: 8.09 -> 6.34 (-21.6%), bound=15.0%
[WARN]  CIK 19617 JPM: return_outlier -- 1987-10-19: 11.88 -> 8.58 (-27.7%), bound=15.0%
[WARN]  CIK 19617 JPM: return_outlier -- 2001-01-03: 44.00 -> 50.62 (+15.1%), bound=15.0%
[WARN]  CIK 19617 JPM: return_outlier -- 2002-07-23: 24.52 -> 20.08 (-18.1%), bound=15.0%
[WARN]  CIK 19617 JPM: return_outlier -- 2002-07-24: 20.08 -> 23.30 (+16.0%), bound=15.0%
[WARN]  CIK 19617 JPM: return_outlier -- 2008-07-16: 31.02 -> 35.94 (+15.9%), bound=15.0%
[WARN]  CIK 19617 JPM: return_outlier -- 2008-09-19: 40.30 -> 47.05 (+16.7%), bound=15.0%
[WARN]  CIK 19617 JPM: return_outlier -- 2008-09-29: 48.24 -> 41.00 (-15.0%), bound=15.0%
[WARN]  CIK 19617 JPM: return_outlier -- 2008-11-20: 28.47 -> 23.38 (-17.9%), bound=15.0%
[WARN]  CIK 19617 JPM: return_outlier -- 2008-11-24: 22.72 -> 27.58 (+21.4%), bound=15.0%
[WARN]  CIK 19617 JPM: return_outlier -- 2008-12-01: 31.66 -> 26.12 (-17.5%), bound=15.0%
[WARN]  CIK 19617 JPM: return_outlier -- 2009-01-20: 22.82 -> 18.09 (-20.7%), bound=15.0%
[WARN]  CIK 19617 JPM: return_outlier -- 2009-01-21: 18.09 -> 22.63 (+25.1%), bound=15.0%
[WARN]  CIK 19617 JPM: return_outlier -- 2009-03-10: 15.90 -> 19.50 (+22.6%), bound=15.0%
[WARN]  CIK 19617 JPM: return_outlier -- 2009-03-23: 23.15 -> 28.86 (+24.7%), bound=15.0%
[WARN]  CIK 19617 JPM: return_outlier -- 2009-04-09: 27.43 -> 32.75 (+19.4%), bound=15.0%
[WARN]  CIK 19617 JPM: return_outlier -- 2020-03-13: 88.05 -> 103.91 (+18.0%), bound=15.0%
[WARN]  CIK 21344 KO: return_outlier -- 1987-10-19: 2.53 -> 1.91 (-24.7%), bound=15.0%
[WARN]  CIK 21344 KO: return_outlier -- 1987-10-20: 1.91 -> 2.28 (+19.7%), bound=15.0%
[WARN]  CIK 21665 CL: return_outlier -- 1987-10-19: 2.75 -> 2.22 (-19.3%), bound=15.0%
[WARN]  CIK 21665 CL: return_outlier -- 1987-10-21: 2.25 -> 2.59 (+15.3%), bound=15.0%
[WARN]  CIK 21665 CL: return_outlier -- 2000-03-15: 21.59 -> 25.91 (+20.0%), bound=15.0%
[WARN]  CIK 21665 CL: return_outlier -- 2000-09-14: 28.09 -> 23.72 (-15.6%), bound=15.0%
[WARN]  CIK 24741 GLW: return_outlier -- 1987-10-19: 5.04 -> 3.50 (-30.6%), bound=15.0%
[WARN]  CIK 24741 GLW: return_outlier -- 1993-10-07: 11.21 -> 9.12 (-18.6%), bound=15.0%
[WARN]  CIK 24741 GLW: return_outlier -- 1998-10-20: 10.46 -> 12.17 (+16.3%), bound=15.0%
[WARN]  CIK 24741 GLW: return_outlier -- 2000-01-20: 44.56 -> 51.92 (+16.5%), bound=15.0%
[WARN]  CIK 24741 GLW: return_outlier -- 2000-04-25: 50.33 -> 59.00 (+17.2%), bound=15.0%
[WARN]  CIK 24741 GLW: return_outlier -- 2000-10-25: 93.50 -> 76.88 (-17.8%), bound=15.0%
[WARN]  CIK 24741 GLW: return_outlier -- 2001-01-03: 47.38 -> 55.44 (+17.0%), bound=15.0%
[WARN]  CIK 24741 GLW: return_outlier -- 2001-01-25: 70.12 -> 56.25 (-19.8%), bound=15.0%
[WARN]  CIK 24741 GLW: return_outlier -- 2001-02-16: 42.01 -> 33.00 (-21.4%), bound=15.0%
[WARN]  CIK 24741 GLW: return_outlier -- 2001-08-30: 14.60 -> 12.05 (-17.5%), bound=15.0%
[WARN]  CIK 24741 GLW: return_outlier -- 2001-10-11: 7.54 -> 8.92 (+18.3%), bound=15.0%
[WARN]  CIK 24741 GLW: return_outlier -- 2002-02-08: 6.44 -> 7.52 (+16.8%), bound=15.0%
[WARN]  CIK 24741 GLW: return_outlier -- 2002-07-30: 3.15 -> 2.47 (-21.6%), bound=15.0%
[WARN]  CIK 24741 GLW: return_outlier -- 2002-07-31: 2.47 -> 1.60 (-35.2%), bound=15.0%
[WARN]  CIK 24741 GLW: return_outlier -- 2002-10-08: 1.33 -> 1.10 (-17.3%), bound=15.0%
[WARN]  CIK 24741 GLW: return_outlier -- 2002-10-24: 1.71 -> 2.00 (+17.0%), bound=15.0%
[WARN]  CIK 24741 GLW: return_outlier -- 2002-11-06: 2.31 -> 2.81 (+21.6%), bound=15.0%
[WARN]  CIK 24741 GLW: return_outlier -- 2002-11-12: 2.16 -> 2.59 (+19.9%), bound=15.0%
[WARN]  CIK 24741 GLW: return_outlier -- 2003-02-10: 4.57 -> 5.40 (+18.2%), bound=15.0%
[WARN]  CIK 24741 GLW: return_outlier -- 2004-04-23: 10.25 -> 12.13 (+18.3%), bound=15.0%
[WARN]  CIK 24741 GLW: return_outlier -- 2020-03-16: 22.80 -> 19.06 (-16.4%), bound=15.0%
[WARN]  CIK 24741 GLW: return_outlier -- 2026-01-27: 94.95 -> 109.74 (+15.6%), bound=15.0%
[WARN]  CIK 24741 GLW: return_outlier -- 2026-06-29: 221.05 -> 255.69 (+15.7%), bound=15.0%
[WARN]  CIK 27419 TGT: return_outlier -- 1987-10-19: 3.73 -> 2.50 (-33.0%), bound=15.0%
[WARN]  CIK 27419 TGT: return_outlier -- 1998-08-31: 21.97 -> 18.38 (-16.4%), bound=15.0%
[WARN]  CIK 27419 TGT: return_outlier -- 2008-10-28: 32.69 -> 38.51 (+17.8%), bound=15.0%
[WARN]  CIK 27419 TGT: return_outlier -- 2019-08-21: 85.53 -> 103.00 (+20.4%), bound=15.0%
[WARN]  CIK 27419 TGT: return_outlier -- 2022-05-18: 215.28 -> 161.61 (-24.9%), bound=15.0%
[WARN]  CIK 27419 TGT: return_outlier -- 2023-11-15: 110.79 -> 130.46 (+17.8%), bound=15.0%
[WARN]  CIK 27419 TGT: return_outlier -- 2024-11-20: 156.00 -> 121.72 (-22.0%), bound=15.0%
[WARN]  CIK 31462 ECL: return_outlier -- 1974-10-10: 1.22 -> 1.41 (+16.0%), bound=15.0%
[WARN]  CIK 31462 ECL: return_outlier -- 1992-03-02: 3.36 -> 4.25 (+26.5%), bound=15.0%
[WARN]  CIK 31462 ECL: return_outlier -- 2020-03-24: 125.22 -> 152.97 (+22.2%), bound=15.0%
[WARN]  CIK 32604 EMR: return_outlier -- 1987-10-19: 8.44 -> 7.09 (-15.9%), bound=15.0%
[WARN]  CIK 32604 EMR: return_outlier -- 2008-10-13: 33.38 -> 38.52 (+15.4%), bound=15.0%
[WARN]  CIK 32604 EMR: return_outlier -- 2008-12-01: 35.89 -> 30.50 (-15.0%), bound=15.0%
[WARN]  CIK 32604 EMR: return_outlier -- 2020-03-09: 62.14 -> 50.36 (-19.0%), bound=15.0%
[WARN]  CIK 32604 EMR: return_outlier -- 2020-03-24: 38.08 -> 44.30 (+16.3%), bound=15.0%
[WARN]  CIK 33213 EQT: return_outlier -- 1983-06-28: 1.13 -> 1.37 (+20.9%), bound=15.0%
[WARN]  CIK 33213 EQT: return_outlier -- 2008-10-13: 12.51 -> 15.49 (+23.7%), bound=15.0%
[WARN]  CIK 33213 EQT: return_outlier -- 2008-10-15: 14.70 -> 12.49 (-15.1%), bound=15.0%
[WARN]  CIK 33213 EQT: return_outlier -- 2020-03-13: 6.94 -> 9.53 (+37.3%), bound=15.0%
[WARN]  CIK 33213 EQT: return_outlier -- 2020-03-23: 7.45 -> 6.06 (-18.7%), bound=15.0%
[WARN]  CIK 33213 EQT: return_outlier -- 2020-03-24: 6.06 -> 7.25 (+19.6%), bound=15.0%
[WARN]  CIK 33213 EQT: return_outlier -- 2020-04-20: 13.37 -> 15.56 (+16.4%), bound=15.0%
[WARN]  CIK 34088 XOM: return_outlier -- 1987-10-19: 10.94 -> 8.38 (-23.4%), bound=15.0%
[WARN]  CIK 34088 XOM: return_outlier -- 1987-10-20: 8.38 -> 9.88 (+17.9%), bound=15.0%
[WARN]  CIK 34088 XOM: return_outlier -- 2008-10-13: 62.36 -> 73.08 (+17.2%), bound=15.0%
[WARN]  CIK 36104 USB: return_outlier -- 1992-04-20: 3.17 -> 4.10 (+29.4%), bound=15.0%
[WARN]  CIK 36104 USB: return_outlier -- 2000-03-16: 19.88 -> 22.88 (+15.1%), bound=15.0%
[WARN]  CIK 36104 USB: return_outlier -- 2001-10-05: 21.95 -> 18.44 (-16.0%), bound=15.0%
[WARN]  CIK 36104 USB: return_outlier -- 2008-07-16: 22.70 -> 26.74 (+17.8%), bound=15.0%
[WARN]  CIK 36104 USB: return_outlier -- 2009-01-20: 18.32 -> 15.34 (-16.3%), bound=15.0%
[WARN]  CIK 36104 USB: return_outlier -- 2009-02-26: 12.76 -> 14.91 (+16.8%), bound=15.0%
[WARN]  CIK 36104 USB: return_outlier -- 2009-03-05: 11.01 -> 9.01 (-18.2%), bound=15.0%
[WARN]  CIK 36104 USB: return_outlier -- 2009-03-09: 8.82 -> 10.19 (+15.5%), bound=15.0%
[WARN]  CIK 36104 USB: return_outlier -- 2009-03-23: 13.42 -> 15.99 (+19.2%), bound=15.0%
[WARN]  CIK 36104 USB: return_outlier -- 2009-04-09: 14.36 -> 17.64 (+22.8%), bound=15.0%
[WARN]  CIK 36104 USB: return_outlier -- 2009-04-21: 15.94 -> 19.27 (+20.9%), bound=15.0%
[WARN]  CIK 36104 USB: return_outlier -- 2020-03-13: 31.61 -> 37.10 (+17.4%), bound=15.0%
[WARN]  CIK 37996 F: return_outlier -- 1987-10-19: 7.69 -> 6.30 (-18.1%), bound=15.0%
[WARN]  CIK 37996 F: return_outlier -- 2002-10-21: 8.26 -> 9.55 (+15.6%), bound=15.0%
[WARN]  CIK 37996 F: return_outlier -- 2002-11-21: 8.93 -> 10.32 (+15.6%), bound=15.0%
[WARN]  CIK 37996 F: return_outlier -- 2008-07-16: 4.65 -> 5.49 (+18.1%), bound=15.0%
[WARN]  CIK 37996 F: return_outlier -- 2008-07-24: 6.03 -> 5.11 (-15.3%), bound=15.0%
[WARN]  CIK 37996 F: return_outlier -- 2008-09-30: 4.17 -> 5.20 (+24.7%), bound=15.0%
[WARN]  CIK 37996 F: return_outlier -- 2008-10-07: 3.69 -> 2.92 (-20.9%), bound=15.0%
[WARN]  CIK 37996 F: return_outlier -- 2008-10-09: 2.66 -> 2.08 (-21.8%), bound=15.0%
[WARN]  CIK 37996 F: return_outlier -- 2008-10-13: 1.99 -> 2.39 (+20.1%), bound=15.0%
[WARN]  CIK 37996 F: return_outlier -- 2008-11-19: 1.68 -> 1.26 (-25.0%), bound=15.0%
[WARN]  CIK 37996 F: return_outlier -- 2008-11-26: 1.66 -> 2.15 (+29.5%), bound=15.0%
[WARN]  CIK 37996 F: return_outlier -- 2008-11-28: 2.15 -> 2.69 (+25.1%), bound=15.0%
[WARN]  CIK 37996 F: return_outlier -- 2008-12-08: 2.72 -> 3.38 (+24.3%), bound=15.0%
[WARN]  CIK 37996 F: return_outlier -- 2008-12-23: 2.59 -> 2.19 (-15.4%), bound=15.0%
[WARN]  CIK 37996 F: return_outlier -- 2009-02-24: 1.73 -> 2.00 (+15.6%), bound=15.0%
[WARN]  CIK 37996 F: return_outlier -- 2009-04-06: 3.25 -> 3.77 (+16.0%), bound=15.0%
[WARN]  CIK 37996 F: return_outlier -- 2009-05-12: 6.08 -> 5.01 (-17.6%), bound=15.0%
[WARN]  CIK 37996 F: return_outlier -- 2020-03-24: 4.01 -> 4.95 (+23.4%), bound=15.0%
[WARN]  CIK 37996 F: return_outlier -- 2024-07-25: 13.67 -> 11.16 (-18.4%), bound=15.0%
[WARN]  CIK 40533 GD: return_outlier -- 1991-01-21: 3.16 -> 3.66 (+15.8%), bound=15.0%
[WARN]  CIK 40533 GD: return_outlier -- 1991-03-13: 2.97 -> 3.56 (+20.0%), bound=15.0%
[WARN]  CIK 40533 GD: return_outlier -- 1993-03-30: 14.47 -> 12.28 (-15.1%), bound=15.0%
[WARN]  CIK 40533 GD: return_outlier -- 1993-06-15: 12.27 -> 10.11 (-17.6%), bound=15.0%
[WARN]  CIK 45012 HAL: return_outlier -- 1987-10-19: 7.71 -> 5.99 (-22.4%), bound=15.0%
[WARN]  CIK 45012 HAL: return_outlier -- 2001-12-07: 10.43 -> 6.00 (-42.4%), bound=15.0%
[WARN]  CIK 45012 HAL: return_outlier -- 2001-12-10: 6.00 -> 7.00 (+16.7%), bound=15.0%
[WARN]  CIK 45012 HAL: return_outlier -- 2002-01-24: 5.40 -> 6.72 (+24.4%), bound=15.0%
[WARN]  CIK 45012 HAL: return_outlier -- 2002-07-24: 4.55 -> 5.60 (+23.1%), bound=15.0%
[WARN]  CIK 45012 HAL: return_outlier -- 2008-10-13: 17.41 -> 21.51 (+23.5%), bound=15.0%
[WARN]  CIK 45012 HAL: return_outlier -- 2008-10-15: 21.34 -> 17.69 (-17.1%), bound=15.0%
[WARN]  CIK 45012 HAL: return_outlier -- 2008-11-20: 16.18 -> 13.46 (-16.8%), bound=15.0%
[WARN]  CIK 45012 HAL: return_outlier -- 2020-03-09: 13.07 -> 8.15 (-37.6%), bound=15.0%
[WARN]  CIK 45012 HAL: return_outlier -- 2020-03-12: 7.83 -> 6.42 (-18.0%), bound=15.0%
[WARN]  CIK 45012 HAL: return_outlier -- 2020-03-16: 7.15 -> 5.94 (-16.9%), bound=15.0%
[WARN]  CIK 45012 HAL: return_outlier -- 2020-03-18: 6.14 -> 4.61 (-24.9%), bound=15.0%
[WARN]  CIK 45012 HAL: return_outlier -- 2020-03-24: 5.24 -> 6.63 (+26.5%), bound=15.0%
[WARN]  CIK 45012 HAL: return_outlier -- 2020-04-29: 9.52 -> 11.02 (+15.8%), bound=15.0%
[WARN]  CIK 45012 HAL: return_outlier -- 2020-05-18: 9.82 -> 11.51 (+17.2%), bound=15.0%
[WARN]  CIK 45012 HAL: return_outlier -- 2020-06-11: 14.51 -> 12.28 (-15.4%), bound=15.0%
[WARN]  CIK 45012 HAL: return_outlier -- 2020-11-09: 12.28 -> 14.38 (+17.1%), bound=15.0%
[WARN]  CIK 47217 HPQ: return_outlier -- 1987-10-19: 3.39 -> 2.70 (-20.3%), bound=15.0%
[WARN]  CIK 47217 HPQ: return_outlier -- 1992-08-07: 4.06 -> 3.34 (-17.7%), bound=15.0%
[WARN]  CIK 47217 HPQ: return_outlier -- 1999-11-18: 18.39 -> 21.42 (+16.4%), bound=15.0%
[WARN]  CIK 47217 HPQ: return_outlier -- 2000-06-05: 32.27 -> 27.32 (-15.3%), bound=15.0%
[WARN]  CIK 47217 HPQ: return_outlier -- 2001-05-17: 12.14 -> 14.03 (+15.6%), bound=15.0%
[WARN]  CIK 47217 HPQ: return_outlier -- 2001-09-04: 10.54 -> 8.63 (-18.1%), bound=15.0%
[WARN]  CIK 47217 HPQ: return_outlier -- 2001-11-06: 7.67 -> 9.00 (+17.3%), bound=15.0%
[WARN]  CIK 47217 HPQ: return_outlier -- 2003-02-26: 8.26 -> 6.98 (-15.5%), bound=15.0%
[WARN]  CIK 47217 HPQ: return_outlier -- 2011-08-19: 13.40 -> 10.72 (-20.0%), bound=15.0%
[WARN]  CIK 47217 HPQ: return_outlier -- 2013-05-23: 9.64 -> 11.29 (+17.1%), bound=15.0%
[WARN]  CIK 47217 HPQ: return_outlier -- 2019-02-28: 23.85 -> 19.73 (-17.3%), bound=15.0%
[WARN]  CIK 47217 HPQ: return_outlier -- 2020-03-16: 17.18 -> 14.46 (-15.8%), bound=15.0%
[WARN]  CIK 47217 HPQ: return_outlier -- 2020-03-26: 15.38 -> 17.94 (+16.6%), bound=15.0%
[WARN]  CIK 47217 HPQ: return_outlier -- 2024-05-30: 32.80 -> 38.36 (+17.0%), bound=15.0%
[WARN]  CIK 47217 HPQ: return_outlier -- 2026-05-22: 21.90 -> 25.24 (+15.3%), bound=15.0%
[WARN]  CIK 49071 HUM: return_outlier -- 1992-11-13: 23.88 -> 19.88 (-16.8%), bound=15.0%
[WARN]  CIK 49071 HUM: return_outlier -- 1993-03-08: 20.00 -> 6.88 (-65.6%), bound=15.0%
[WARN]  CIK 49071 HUM: return_outlier -- 1996-06-07: 23.12 -> 19.00 (-17.8%), bound=15.0%
[WARN]  CIK 49071 HUM: return_outlier -- 1998-08-06: 25.75 -> 19.12 (-25.7%), bound=15.0%
[WARN]  CIK 49071 HUM: return_outlier -- 1999-04-08: 16.19 -> 12.19 (-24.7%), bound=15.0%
[WARN]  CIK 49071 HUM: return_outlier -- 2000-05-03: 8.00 -> 6.69 (-16.4%), bound=15.0%
[WARN]  CIK 49071 HUM: return_outlier -- 2000-07-12: 5.94 -> 6.88 (+15.8%), bound=15.0%
[WARN]  CIK 49071 HUM: return_outlier -- 2000-08-14: 7.44 -> 8.56 (+15.1%), bound=15.0%
[WARN]  CIK 49071 HUM: return_outlier -- 2000-11-20: 14.56 -> 11.94 (-18.0%), bound=15.0%
[WARN]  CIK 49071 HUM: return_outlier -- 2008-03-11: 62.70 -> 47.38 (-24.4%), bound=15.0%
[WARN]  CIK 49071 HUM: return_outlier -- 2008-10-27: 36.27 -> 30.80 (-15.1%), bound=15.0%
[WARN]  CIK 49071 HUM: return_outlier -- 2009-02-23: 40.54 -> 30.83 (-24.0%), bound=15.0%
[WARN]  CIK 49071 HUM: return_outlier -- 2009-02-26: 29.36 -> 23.64 (-19.5%), bound=15.0%
[WARN]  CIK 49071 HUM: return_outlier -- 2009-03-02: 23.67 -> 20.00 (-15.5%), bound=15.0%
[WARN]  CIK 49071 HUM: return_outlier -- 2015-05-29: 178.41 -> 214.65 (+20.3%), bound=15.0%
[WARN]  CIK 49071 HUM: return_outlier -- 2022-01-06: 455.83 -> 367.53 (-19.4%), bound=15.0%
[WARN]  CIK 49071 HUM: return_outlier -- 2026-01-27: 263.63 -> 207.93 (-21.1%), bound=15.0%
[WARN]  CIK 49826 ITW: return_outlier -- 1987-10-19: 4.94 -> 3.31 (-32.9%), bound=15.0%
[WARN]  CIK 49826 ITW: return_outlier -- 1987-10-21: 3.22 -> 4.09 (+27.2%), bound=15.0%
[WARN]  CIK 49826 ITW: return_outlier -- 1987-10-30: 3.56 -> 4.31 (+21.1%), bound=15.0%
[WARN]  CIK 49826 ITW: return_outlier -- 2020-03-24: 118.09 -> 137.70 (+16.6%), bound=15.0%
[WARN]  CIK 50863 INTC: return_outlier -- 1987-10-19: 1.08 -> 0.88 (-19.2%), bound=15.0%
[WARN]  CIK 50863 INTC: return_outlier -- 1987-10-26: 0.69 -> 0.56 (-18.8%), bound=15.0%
[WARN]  CIK 50863 INTC: return_outlier -- 1987-10-29: 0.66 -> 0.84 (+26.4%), bound=15.0%
[WARN]  CIK 50863 INTC: return_outlier -- 2000-09-22: 61.48 -> 47.94 (-22.0%), bound=15.0%
[WARN]  CIK 50863 INTC: return_outlier -- 2001-04-18: 26.04 -> 31.28 (+20.1%), bound=15.0%
[WARN]  CIK 50863 INTC: return_outlier -- 2002-06-07: 27.00 -> 22.00 (-18.5%), bound=15.0%
[WARN]  CIK 50863 INTC: return_outlier -- 2002-10-16: 16.52 -> 13.54 (-18.0%), bound=15.0%
[WARN]  CIK 50863 INTC: return_outlier -- 2020-03-13: 45.54 -> 54.43 (+19.5%), bound=15.0%
[WARN]  CIK 50863 INTC: return_outlier -- 2020-03-16: 54.43 -> 44.61 (-18.0%), bound=15.0%
[WARN]  CIK 50863 INTC: return_outlier -- 2020-07-24: 60.40 -> 50.59 (-16.2%), bound=15.0%
[WARN]  CIK 50863 INTC: return_outlier -- 2024-08-02: 29.05 -> 21.48 (-26.1%), bound=15.0%
[WARN]  CIK 50863 INTC: return_outlier -- 2025-02-18: 23.60 -> 27.39 (+16.1%), bound=15.0%
[WARN]  CIK 50863 INTC: return_outlier -- 2025-04-09: 18.13 -> 21.53 (+18.8%), bound=15.0%
[WARN]  CIK 50863 INTC: return_outlier -- 2025-09-18: 24.90 -> 30.57 (+22.8%), bound=15.0%
[WARN]  CIK 50863 INTC: return_outlier -- 2026-01-23: 54.32 -> 45.07 (-17.0%), bound=15.0%
[WARN]  CIK 50863 INTC: return_outlier -- 2026-04-24: 66.78 -> 82.54 (+23.6%), bound=15.0%
[WARN]  CIK 51143 IBM: return_outlier -- 1987-10-19: 32.27 -> 24.68 (-23.5%), bound=15.0%
[WARN]  CIK 51143 IBM: return_outlier -- 2000-10-18: 108.03 -> 91.24 (-15.5%), bound=15.0%
[WARN]  CIK 51143 IBM: return_outlier -- 2026-07-14: 290.23 -> 217.07 (-25.2%), bound=15.0%
[WARN]  CIK 55785 KMB: return_outlier -- 1987-10-19: 12.85 -> 9.59 (-25.4%), bound=15.0%
[WARN]  CIK 59478 LLY: return_outlier -- 1987-10-19: 10.17 -> 7.75 (-23.8%), bound=15.0%
[WARN]  CIK 59478 LLY: return_outlier -- 2000-06-29: 87.20 -> 101.62 (+16.5%), bound=15.0%
[WARN]  CIK 59478 LLY: return_outlier -- 2000-08-09: 108.55 -> 76.88 (-29.2%), bound=15.0%
[WARN]  CIK 59478 LLY: return_outlier -- 2020-06-16: 141.52 -> 163.71 (+15.7%), bound=15.0%
[WARN]  CIK 60667 LOW: return_outlier -- 1981-11-02: 0.62 -> 0.42 (-32.1%), bound=15.0%
[WARN]  CIK 60667 LOW: return_outlier -- 1983-04-29: 1.26 -> 0.74 (-41.3%), bound=15.0%
[WARN]  CIK 60667 LOW: return_outlier -- 1991-10-15: 0.91 -> 0.75 (-17.6%), bound=15.0%
[WARN]  CIK 60667 LOW: return_outlier -- 1992-08-14: 1.44 -> 1.16 (-19.0%), bound=15.0%
[WARN]  CIK 60667 LOW: return_outlier -- 2001-01-03: 11.19 -> 13.25 (+18.4%), bound=15.0%
[WARN]  CIK 60667 LOW: return_outlier -- 2008-10-28: 16.85 -> 19.63 (+16.5%), bound=15.0%
[WARN]  CIK 60667 LOW: return_outlier -- 2020-03-16: 96.49 -> 72.59 (-24.8%), bound=15.0%
[WARN]  CIK 62709 MRSH: return_outlier -- 1980-11-12: 5.17 -> 2.50 (-51.6%), bound=15.0%
[WARN]  CIK 62709 MRSH: return_outlier -- 2004-10-14: 46.13 -> 34.85 (-24.5%), bound=15.0%
[WARN]  CIK 62709 MRSH: return_outlier -- 2004-10-15: 34.85 -> 29.20 (-16.2%), bound=15.0%
[WARN]  CIK 63908 MCD: return_outlier -- 1970-05-27: 0.23 -> 0.27 (+16.2%), bound=15.0%
[WARN]  CIK 63908 MCD: return_outlier -- 1973-12-06: 1.16 -> 1.35 (+15.9%), bound=15.0%
[WARN]  CIK 63908 MCD: return_outlier -- 1974-07-08: 1.18 -> 0.95 (-19.4%), bound=15.0%
[WARN]  CIK 63908 MCD: return_outlier -- 1987-10-19: 5.45 -> 4.55 (-16.6%), bound=15.0%
[WARN]  CIK 63908 MCD: return_outlier -- 2020-03-16: 177.13 -> 149.01 (-15.9%), bound=15.0%
[WARN]  CIK 63908 MCD: return_outlier -- 2020-03-24: 137.10 -> 161.95 (+18.1%), bound=15.0%
[WARN]  CIK 64040 SPGI: return_outlier -- 1979-01-10: 1.54 -> 1.83 (+18.8%), bound=15.0%
[WARN]  CIK 64040 SPGI: return_outlier -- 1987-10-19: 7.88 -> 6.39 (-18.9%), bound=15.0%
[WARN]  CIK 64040 SPGI: return_outlier -- 2008-10-13: 20.63 -> 25.55 (+23.8%), bound=15.0%
[WARN]  CIK 64040 SPGI: return_outlier -- 2020-03-18: 215.38 -> 182.67 (-15.2%), bound=15.0%
[WARN]  CIK 64803 CVS: return_outlier -- 1987-10-19: 7.88 -> 6.66 (-15.5%), bound=15.0%
[WARN]  CIK 64803 CVS: return_outlier -- 1998-08-31: 21.62 -> 18.19 (-15.9%), bound=15.0%
[WARN]  CIK 64803 CVS: return_outlier -- 1999-10-06: 18.53 -> 21.91 (+18.2%), bound=15.0%
[WARN]  CIK 64803 CVS: return_outlier -- 2001-06-27: 22.05 -> 18.25 (-17.2%), bound=15.0%
[WARN]  CIK 64803 CVS: return_outlier -- 2001-10-30: 15.81 -> 12.18 (-23.0%), bound=15.0%
[WARN]  CIK 64803 CVS: return_outlier -- 2009-11-05: 36.15 -> 28.87 (-20.1%), bound=15.0%
[WARN]  CIK 64803 CVS: return_outlier -- 2024-05-01: 67.71 -> 56.31 (-16.8%), bound=15.0%
[WARN]  CIK 66740 MMM: return_outlier -- 1987-10-19: 14.68 -> 11.71 (-20.3%), bound=15.0%
[WARN]  CIK 66740 MMM: return_outlier -- 2024-07-26: 103.39 -> 127.16 (+23.0%), bound=15.0%
[WARN]  CIK 70858 BAC: return_outlier -- 1974-10-11: 1.12 -> 1.30 (+15.3%), bound=15.0%
[WARN]  CIK 70858 BAC: return_outlier -- 1987-10-19: 5.41 -> 4.41 (-18.5%), bound=15.0%
[WARN]  CIK 70858 BAC: return_outlier -- 2008-07-16: 18.52 -> 22.67 (+22.4%), bound=15.0%
[WARN]  CIK 70858 BAC: return_outlier -- 2008-07-17: 22.67 -> 26.50 (+16.9%), bound=15.0%
[WARN]  CIK 70858 BAC: return_outlier -- 2008-09-15: 33.74 -> 26.55 (-21.3%), bound=15.0%
[WARN]  CIK 70858 BAC: return_outlier -- 2008-09-19: 30.58 -> 37.48 (+22.6%), bound=15.0%
[WARN]  CIK 70858 BAC: return_outlier -- 2008-09-29: 36.70 -> 30.25 (-17.6%), bound=15.0%
[WARN]  CIK 70858 BAC: return_outlier -- 2008-09-30: 30.25 -> 35.00 (+15.7%), bound=15.0%
[WARN]  CIK 70858 BAC: return_outlier -- 2008-10-07: 32.22 -> 23.77 (-26.2%), bound=15.0%
[WARN]  CIK 70858 BAC: return_outlier -- 2008-10-14: 22.79 -> 26.53 (+16.4%), bound=15.0%
[WARN]  CIK 70858 BAC: return_outlier -- 2008-11-24: 11.47 -> 14.59 (+27.2%), bound=15.0%
[WARN]  CIK 70858 BAC: return_outlier -- 2008-12-01: 16.25 -> 12.85 (-20.9%), bound=15.0%
[WARN]  CIK 70858 BAC: return_outlier -- 2008-12-08: 15.24 -> 17.84 (+17.1%), bound=15.0%
[WARN]  CIK 70858 BAC: return_outlier -- 2009-01-15: 10.20 -> 8.32 (-18.4%), bound=15.0%
[WARN]  CIK 70858 BAC: return_outlier -- 2009-01-20: 7.18 -> 5.10 (-29.0%), bound=15.0%
[WARN]  CIK 70858 BAC: return_outlier -- 2009-01-21: 5.10 -> 6.68 (+31.0%), bound=15.0%
[WARN]  CIK 70858 BAC: return_outlier -- 2009-02-06: 4.84 -> 6.13 (+26.7%), bound=15.0%
[WARN]  CIK 70858 BAC: return_outlier -- 2009-02-10: 6.89 -> 5.56 (-19.3%), bound=15.0%
[WARN]  CIK 70858 BAC: return_outlier -- 2009-02-24: 3.91 -> 4.73 (+21.0%), bound=15.0%
[WARN]  CIK 70858 BAC: return_outlier -- 2009-02-27: 5.32 -> 3.95 (-25.8%), bound=15.0%
[WARN]  CIK 70858 BAC: return_outlier -- 2009-03-09: 3.14 -> 3.75 (+19.4%), bound=15.0%
[WARN]  CIK 70858 BAC: return_outlier -- 2009-03-10: 3.75 -> 4.79 (+27.7%), bound=15.0%
[WARN]  CIK 70858 BAC: return_outlier -- 2009-03-12: 4.93 -> 5.85 (+18.7%), bound=15.0%
[WARN]  CIK 70858 BAC: return_outlier -- 2009-03-18: 6.27 -> 7.67 (+22.3%), bound=15.0%
[WARN]  CIK 70858 BAC: return_outlier -- 2009-03-23: 6.19 -> 7.80 (+26.0%), bound=15.0%
[WARN]  CIK 70858 BAC: return_outlier -- 2009-03-30: 7.34 -> 6.03 (-17.8%), bound=15.0%
[WARN]  CIK 70858 BAC: return_outlier -- 2009-04-09: 7.06 -> 9.55 (+35.3%), bound=15.0%
[WARN]  CIK 70858 BAC: return_outlier -- 2009-04-13: 9.55 -> 11.02 (+15.4%), bound=15.0%
[WARN]  CIK 70858 BAC: return_outlier -- 2009-04-20: 10.60 -> 8.02 (-24.3%), bound=15.0%
[WARN]  CIK 70858 BAC: return_outlier -- 2009-05-04: 8.70 -> 10.38 (+19.3%), bound=15.0%
[WARN]  CIK 70858 BAC: return_outlier -- 2009-05-06: 10.84 -> 12.69 (+17.1%), bound=15.0%
[WARN]  CIK 70858 BAC: return_outlier -- 2011-08-08: 8.17 -> 6.51 (-20.3%), bound=15.0%
[WARN]  CIK 70858 BAC: return_outlier -- 2011-08-09: 6.51 -> 7.60 (+16.7%), bound=15.0%
[WARN]  CIK 70858 BAC: return_outlier -- 2020-03-13: 20.51 -> 24.16 (+17.8%), bound=15.0%
[WARN]  CIK 70858 BAC: return_outlier -- 2020-03-16: 24.16 -> 20.44 (-15.4%), bound=15.0%
[WARN]  CIK 70858 BAC: return_outlier -- 2020-03-24: 18.08 -> 21.03 (+16.3%), bound=15.0%
[WARN]  CIK 72903 XEL: return_outlier -- 2002-07-23: 13.95 -> 10.75 (-22.9%), bound=15.0%
[WARN]  CIK 72903 XEL: return_outlier -- 2002-07-26: 11.94 -> 7.55 (-36.8%), bound=15.0%
[WARN]  CIK 72903 XEL: return_outlier -- 2002-07-29: 7.55 -> 5.66 (-25.0%), bound=15.0%
[WARN]  CIK 72903 XEL: return_outlier -- 2002-08-06: 6.52 -> 8.05 (+23.5%), bound=15.0%
[WARN]  CIK 72903 XEL: return_outlier -- 2002-08-12: 9.03 -> 10.60 (+17.4%), bound=15.0%
[WARN]  CIK 72903 XEL: return_outlier -- 2002-10-21: 9.02 -> 11.01 (+22.1%), bound=15.0%
[WARN]  CIK 72971 WFC: return_outlier -- 1987-10-21: 1.43 -> 1.65 (+15.3%), bound=15.0%
[WARN]  CIK 72971 WFC: return_outlier -- 2008-07-16: 20.51 -> 27.23 (+32.8%), bound=15.0%
[WARN]  CIK 72971 WFC: return_outlier -- 2008-11-24: 21.76 -> 26.02 (+19.6%), bound=15.0%
[WARN]  CIK 72971 WFC: return_outlier -- 2008-12-01: 28.89 -> 23.41 (-19.0%), bound=15.0%
[WARN]  CIK 72971 WFC: return_outlier -- 2009-01-20: 18.68 -> 14.23 (-23.8%), bound=15.0%
[WARN]  CIK 72971 WFC: return_outlier -- 2009-01-21: 14.23 -> 16.65 (+17.0%), bound=15.0%
[WARN]  CIK 72971 WFC: return_outlier -- 2009-01-28: 16.19 -> 21.19 (+30.9%), bound=15.0%
[WARN]  CIK 72971 WFC: return_outlier -- 2009-02-06: 16.27 -> 19.14 (+17.6%), bound=15.0%
[WARN]  CIK 72971 WFC: return_outlier -- 2009-02-24: 11.03 -> 13.05 (+18.3%), bound=15.0%
[WARN]  CIK 72971 WFC: return_outlier -- 2009-02-27: 14.40 -> 12.10 (-16.0%), bound=15.0%
[WARN]  CIK 72971 WFC: return_outlier -- 2009-03-05: 9.66 -> 8.12 (-15.9%), bound=15.0%
[WARN]  CIK 72971 WFC: return_outlier -- 2009-03-09: 8.61 -> 9.97 (+15.8%), bound=15.0%
[WARN]  CIK 72971 WFC: return_outlier -- 2009-03-10: 9.97 -> 11.81 (+18.5%), bound=15.0%
[WARN]  CIK 72971 WFC: return_outlier -- 2009-03-12: 11.88 -> 13.95 (+17.4%), bound=15.0%
[WARN]  CIK 72971 WFC: return_outlier -- 2009-03-18: 14.66 -> 17.22 (+17.5%), bound=15.0%
[WARN]  CIK 72971 WFC: return_outlier -- 2009-03-23: 13.99 -> 17.33 (+23.9%), bound=15.0%
[WARN]  CIK 72971 WFC: return_outlier -- 2009-04-09: 14.89 -> 19.61 (+31.7%), bound=15.0%
[WARN]  CIK 72971 WFC: return_outlier -- 2009-04-20: 20.26 -> 17.00 (-16.1%), bound=15.0%
[WARN]  CIK 72971 WFC: return_outlier -- 2009-05-04: 19.61 -> 24.25 (+23.7%), bound=15.0%
[WARN]  CIK 72971 WFC: return_outlier -- 2009-05-06: 23.27 -> 26.84 (+15.3%), bound=15.0%
[WARN]  CIK 72971 WFC: return_outlier -- 2020-03-12: 32.33 -> 27.20 (-15.9%), bound=15.0%
[WARN]  CIK 73309 NUE: return_outlier -- 1982-06-04: 0.92 -> 0.77 (-16.6%), bound=15.0%
[WARN]  CIK 73309 NUE: return_outlier -- 1987-10-19: 2.58 -> 2.15 (-16.7%), bound=15.0%
[WARN]  CIK 73309 NUE: return_outlier -- 2002-09-23: 12.24 -> 9.89 (-19.2%), bound=15.0%
[WARN]  CIK 73309 NUE: return_outlier -- 2008-09-29: 44.36 -> 36.98 (-16.6%), bound=15.0%
[WARN]  CIK 73309 NUE: return_outlier -- 2008-10-13: 30.75 -> 39.29 (+27.8%), bound=15.0%
[WARN]  CIK 73309 NUE: return_outlier -- 2008-10-15: 34.20 -> 27.42 (-19.8%), bound=15.0%
[WARN]  CIK 73309 NUE: return_outlier -- 2008-10-16: 27.42 -> 31.79 (+15.9%), bound=15.0%
[WARN]  CIK 73309 NUE: return_outlier -- 2009-03-10: 31.58 -> 36.57 (+15.8%), bound=15.0%
[WARN]  CIK 73309 NUE: return_outlier -- 2024-11-06: 144.61 -> 167.74 (+16.0%), bound=15.0%
[WARN]  CIK 77476 PEP: return_outlier -- 1998-09-01: 27.88 -> 32.38 (+16.1%), bound=15.0%
[WARN]  CIK 78003 PFE: return_outlier -- 1987-10-19: 2.34 -> 1.94 (-17.3%), bound=15.0%
[WARN]  CIK 79879 PPG: return_outlier -- 1987-10-19: 10.00 -> 7.94 (-20.6%), bound=15.0%
[WARN]  CIK 80424 PG: return_outlier -- 1987-10-19: 5.31 -> 3.84 (-27.8%), bound=15.0%
[WARN]  CIK 80424 PG: return_outlier -- 1987-10-20: 3.84 -> 4.69 (+22.2%), bound=15.0%
[WARN]  CIK 80424 PG: return_outlier -- 2000-03-07: 43.72 -> 30.50 (-30.2%), bound=15.0%
[WARN]  CIK 80661 PGR: return_outlier -- 1982-10-27: 0.22 -> 0.19 (-17.7%), bound=15.0%
[WARN]  CIK 80661 PGR: return_outlier -- 1998-10-16: 9.05 -> 10.65 (+17.7%), bound=15.0%
[WARN]  CIK 80661 PGR: return_outlier -- 1999-01-26: 12.80 -> 10.38 (-18.9%), bound=15.0%
[WARN]  CIK 80661 PGR: return_outlier -- 2000-07-21: 6.50 -> 5.25 (-19.2%), bound=15.0%
[WARN]  CIK 80661 PGR: return_outlier -- 2000-10-19: 5.92 -> 7.16 (+21.0%), bound=15.0%
[WARN]  CIK 80661 PGR: return_outlier -- 2001-04-19: 8.24 -> 9.50 (+15.2%), bound=15.0%
[WARN]  CIK 80661 PGR: return_outlier -- 2008-11-13: 12.18 -> 15.10 (+24.0%), bound=15.0%
[WARN]  CIK 86312 TRV: return_outlier -- 1986-06-09: 22.56 -> 10.81 (-52.1%), bound=15.0%
[WARN]  CIK 86312 TRV: return_outlier -- 1987-10-19: 14.06 -> 11.62 (-17.3%), bound=15.0%
[WARN]  CIK 86312 TRV: return_outlier -- 2008-09-29: 44.00 -> 36.00 (-18.2%), bound=15.0%
[WARN]  CIK 86312 TRV: return_outlier -- 2008-09-30: 36.00 -> 45.20 (+25.6%), bound=15.0%
[WARN]  CIK 86312 TRV: return_outlier -- 2008-10-13: 30.50 -> 35.90 (+17.7%), bound=15.0%
[WARN]  CIK 86312 TRV: return_outlier -- 2008-12-01: 43.65 -> 37.01 (-15.2%), bound=15.0%
[WARN]  CIK 86312 TRV: return_outlier -- 2020-03-16: 107.45 -> 85.10 (-20.8%), bound=15.0%
[WARN]  CIK 86312 TRV: return_outlier -- 2020-03-18: 96.41 -> 81.69 (-15.3%), bound=15.0%
[WARN]  CIK 87347 SLB: return_outlier -- 1987-10-19: 10.00 -> 7.75 (-22.5%), bound=15.0%
[WARN]  CIK 87347 SLB: return_outlier -- 2008-10-15: 66.67 -> 54.40 (-18.4%), bound=15.0%
[WARN]  CIK 87347 SLB: return_outlier -- 2008-11-20: 47.30 -> 39.60 (-16.3%), bound=15.0%
[WARN]  CIK 87347 SLB: return_outlier -- 2008-12-01: 50.74 -> 42.08 (-17.1%), bound=15.0%
[WARN]  CIK 87347 SLB: return_outlier -- 2020-03-09: 23.85 -> 17.31 (-27.4%), bound=15.0%
[WARN]  CIK 87347 SLB: return_outlier -- 2020-03-12: 17.38 -> 14.42 (-17.0%), bound=15.0%
[WARN]  CIK 87347 SLB: return_outlier -- 2020-03-19: 12.05 -> 13.87 (+15.1%), bound=15.0%
[WARN]  CIK 87347 SLB: return_outlier -- 2020-11-09: 15.22 -> 18.25 (+19.9%), bound=15.0%
[WARN]  CIK 89800 SHW: return_outlier -- 1987-10-19: 2.61 -> 2.08 (-20.3%), bound=15.0%
[WARN]  CIK 89800 SHW: return_outlier -- 2001-04-03: 8.55 -> 6.77 (-20.8%), bound=15.0%
[WARN]  CIK 89800 SHW: return_outlier -- 2006-02-22: 17.52 -> 14.40 (-17.8%), bound=15.0%
[WARN]  CIK 89800 SHW: return_outlier -- 2008-10-16: 16.47 -> 18.99 (+15.3%), bound=15.0%
[WARN]  CIK 89800 SHW: return_outlier -- 2020-03-16: 166.44 -> 135.36 (-18.7%), bound=15.0%
[WARN]  CIK 92122 SO: return_outlier -- 1987-10-19: 6.72 -> 5.50 (-18.2%), bound=15.0%
[WARN]  CIK 92122 SO: return_outlier -- 2020-03-17: 47.62 -> 56.56 (+18.8%), bound=15.0%
[WARN]  CIK 92230 TFC: return_outlier -- 1997-12-03: 28.03 -> 32.50 (+15.9%), bound=15.0%
[WARN]  CIK 92230 TFC: return_outlier -- 2008-07-16: 19.82 -> 24.50 (+23.6%), bound=15.0%
[WARN]  CIK 92230 TFC: return_outlier -- 2008-09-29: 40.45 -> 31.00 (-23.4%), bound=15.0%
[WARN]  CIK 92230 TFC: return_outlier -- 2008-09-30: 31.00 -> 37.80 (+21.9%), bound=15.0%
[WARN]  CIK 92230 TFC: return_outlier -- 2008-12-01: 29.97 -> 25.03 (-16.5%), bound=15.0%
[WARN]  CIK 92230 TFC: return_outlier -- 2009-03-10: 14.30 -> 16.74 (+17.1%), bound=15.0%
[WARN]  CIK 92230 TFC: return_outlier -- 2009-04-09: 16.70 -> 20.31 (+21.6%), bound=15.0%
[WARN]  CIK 92230 TFC: return_outlier -- 2009-04-20: 23.42 -> 19.79 (-15.5%), bound=15.0%
[WARN]  CIK 92230 TFC: return_outlier -- 2020-03-09: 40.67 -> 34.51 (-15.1%), bound=15.0%
[WARN]  CIK 92230 TFC: return_outlier -- 2020-03-16: 33.83 -> 27.37 (-19.1%), bound=15.0%
[WARN]  CIK 92230 TFC: return_outlier -- 2020-03-24: 25.69 -> 30.12 (+17.2%), bound=15.0%
[WARN]  CIK 92230 TFC: return_outlier -- 2023-03-13: 38.84 -> 32.24 (-17.0%), bound=15.0%
[WARN]  CIK 93410 CVX: return_outlier -- 1987-10-19: 12.38 -> 10.31 (-16.7%), bound=15.0%
[WARN]  CIK 93410 CVX: return_outlier -- 2008-10-13: 57.83 -> 69.89 (+20.9%), bound=15.0%
[WARN]  CIK 93410 CVX: return_outlier -- 2020-03-09: 95.32 -> 80.67 (-15.4%), bound=15.0%
[WARN]  CIK 93410 CVX: return_outlier -- 2020-03-16: 83.42 -> 69.70 (-16.4%), bound=15.0%
[WARN]  CIK 93410 CVX: return_outlier -- 2020-03-18: 70.69 -> 55.05 (-22.1%), bound=15.0%
[WARN]  CIK 93410 CVX: return_outlier -- 2020-03-24: 54.22 -> 66.55 (+22.7%), bound=15.0%
[WARN]  CIK 97476 TXN: return_outlier -- 1983-06-13: 3.29 -> 2.46 (-25.0%), bound=15.0%
[WARN]  CIK 97476 TXN: return_outlier -- 1983-10-31: 2.12 -> 2.59 (+22.4%), bound=15.0%
[WARN]  CIK 97476 TXN: return_outlier -- 1987-10-19: 4.20 -> 3.06 (-27.1%), bound=15.0%
[WARN]  CIK 97476 TXN: return_outlier -- 2000-10-19: 36.88 -> 45.75 (+24.1%), bound=15.0%
[WARN]  CIK 97476 TXN: return_outlier -- 2000-12-05: 39.62 -> 45.69 (+15.3%), bound=15.0%
[WARN]  CIK 97476 TXN: return_outlier -- 2000-12-08: 42.88 -> 49.50 (+15.5%), bound=15.0%
[WARN]  CIK 97476 TXN: return_outlier -- 2002-10-22: 17.12 -> 14.00 (-18.2%), bound=15.0%
[WARN]  CIK 97476 TXN: return_outlier -- 2025-04-09: 146.01 -> 169.50 (+16.1%), bound=15.0%
[WARN]  CIK 97476 TXN: return_outlier -- 2026-04-23: 236.31 -> 282.23 (+19.4%), bound=15.0%
[WARN]  CIK 97745 TMO: return_outlier -- 1987-10-26: 4.37 -> 3.56 (-18.6%), bound=15.0%
[WARN]  CIK 97745 TMO: return_outlier -- 1987-10-30: 3.56 -> 4.19 (+17.7%), bound=15.0%
[WARN]  CIK 97745 TMO: return_outlier -- 1998-07-21: 28.00 -> 23.38 (-16.5%), bound=15.0%
[WARN]  CIK 97745 TMO: return_outlier -- 2000-03-02: 17.25 -> 20.12 (+16.7%), bound=15.0%
[WARN]  CIK 97745 TMO: return_outlier -- 2008-10-13: 41.01 -> 47.94 (+16.9%), bound=15.0%
[WARN]  CIK 100885 UNP: return_outlier -- 1987-10-19: 5.40 -> 4.24 (-21.4%), bound=15.0%
[WARN]  CIK 101829 RTX: return_outlier -- 1987-10-19: 3.83 -> 3.23 (-15.7%), bound=15.0%
[WARN]  CIK 101829 RTX: return_outlier -- 2001-09-17: 20.83 -> 15.39 (-26.1%), bound=15.0%
[WARN]  CIK 101829 RTX: return_outlier -- 2020-03-24: 47.17 -> 54.60 (+15.8%), bound=15.0%
[WARN]  CIK 101829 RTX: return_outlier -- 2020-04-06: 49.93 -> 57.56 (+15.3%), bound=15.0%
[WARN]  CIK 104169 WMT: return_outlier -- 1973-03-22: 0.02 -> 0.01 (-16.8%), bound=15.0%
[WARN]  CIK 104169 WMT: return_outlier -- 1974-01-03: 0.01 -> 0.01 (+15.6%), bound=15.0%
[WARN]  CIK 106040 WDC: return_outlier -- 1978-11-06: 0.99 -> 1.18 (+19.0%), bound=15.0%
[WARN]  CIK 106040 WDC: return_outlier -- 1978-11-20: 0.85 -> 0.99 (+16.7%), bound=15.0%
[WARN]  CIK 106040 WDC: return_outlier -- 1978-12-22: 0.61 -> 0.76 (+23.1%), bound=15.0%
[WARN]  CIK 106040 WDC: return_outlier -- 1979-01-12: 0.71 -> 0.85 (+20.0%), bound=15.0%
[WARN]  CIK 106040 WDC: return_outlier -- 1979-03-02: 0.80 -> 0.94 (+17.6%), bound=15.0%
[WARN]  CIK 106040 WDC: return_outlier -- 1980-01-08: 1.18 -> 1.42 (+20.0%), bound=15.0%
[WARN]  CIK 106040 WDC: return_outlier -- 1980-01-17: 1.61 -> 1.94 (+20.6%), bound=15.0%
[WARN]  CIK 106040 WDC: return_outlier -- 1980-08-18: 2.98 -> 3.45 (+15.9%), bound=15.0%
[WARN]  CIK 106040 WDC: return_outlier -- 1982-03-24: 3.17 -> 2.65 (-16.4%), bound=15.0%
[WARN]  CIK 106040 WDC: return_outlier -- 1982-08-03: 1.42 -> 1.65 (+16.7%), bound=15.0%
[WARN]  CIK 106040 WDC: return_outlier -- 1982-08-26: 1.56 -> 1.80 (+15.2%), bound=15.0%
[WARN]  CIK 106040 WDC: return_outlier -- 1982-10-18: 1.56 -> 1.80 (+15.2%), bound=15.0%
[WARN]  CIK 106040 WDC: return_outlier -- 1987-10-19: 8.41 -> 6.09 (-27.5%), bound=15.0%
[WARN]  CIK 106040 WDC: return_outlier -- 1987-10-26: 5.91 -> 4.91 (-16.8%), bound=15.0%
[WARN]  CIK 106040 WDC: return_outlier -- 1989-11-22: 2.50 -> 2.88 (+15.1%), bound=15.0%
[WARN]  CIK 106040 WDC: return_outlier -- 1991-02-08: 2.41 -> 1.70 (-29.4%), bound=15.0%
[WARN]  CIK 106040 WDC: return_outlier -- 1991-03-06: 1.65 -> 1.94 (+17.1%), bound=15.0%
[WARN]  CIK 106040 WDC: return_outlier -- 1991-12-26: 0.85 -> 0.99 (+16.7%), bound=15.0%
[WARN]  CIK 106040 WDC: return_outlier -- 1993-03-17: 3.07 -> 2.50 (-18.5%), bound=15.0%
[WARN]  CIK 106040 WDC: return_outlier -- 1994-01-07: 3.78 -> 4.39 (+16.3%), bound=15.0%
[WARN]  CIK 106040 WDC: return_outlier -- 1997-09-29: 36.66 -> 30.99 (-15.5%), bound=15.0%
[WARN]  CIK 106040 WDC: return_outlier -- 1997-11-07: 22.86 -> 17.86 (-21.9%), bound=15.0%
[WARN]  CIK 106040 WDC: return_outlier -- 1998-06-10: 11.72 -> 8.46 (-27.8%), bound=15.0%
[WARN]  CIK 106040 WDC: return_outlier -- 1998-08-06: 7.98 -> 9.26 (+16.0%), bound=15.0%
[WARN]  CIK 106040 WDC: return_outlier -- 1998-11-03: 7.94 -> 9.54 (+20.2%), bound=15.0%
[WARN]  CIK 106040 WDC: return_outlier -- 1998-12-01: 9.87 -> 13.51 (+36.8%), bound=15.0%
[WARN]  CIK 106040 WDC: return_outlier -- 1999-04-27: 5.53 -> 6.71 (+21.4%), bound=15.0%
[WARN]  CIK 106040 WDC: return_outlier -- 1999-07-14: 4.39 -> 5.24 (+19.4%), bound=15.0%
[WARN]  CIK 106040 WDC: return_outlier -- 1999-08-16: 2.83 -> 3.31 (+16.7%), bound=15.0%
[WARN]  CIK 106040 WDC: return_outlier -- 1999-08-18: 3.54 -> 4.30 (+21.3%), bound=15.0%
[WARN]  CIK 106040 WDC: return_outlier -- 1999-08-19: 4.30 -> 5.20 (+20.9%), bound=15.0%
[WARN]  CIK 106040 WDC: return_outlier -- 1999-11-10: 2.46 -> 3.21 (+30.8%), bound=15.0%
[WARN]  CIK 106040 WDC: return_outlier -- 2000-01-04: 2.98 -> 3.54 (+19.0%), bound=15.0%
[WARN]  CIK 106040 WDC: return_outlier -- 2000-01-07: 3.45 -> 4.25 (+23.3%), bound=15.0%
[WARN]  CIK 106040 WDC: return_outlier -- 2000-01-19: 3.87 -> 5.05 (+30.5%), bound=15.0%
[WARN]  CIK 106040 WDC: return_outlier -- 2000-01-20: 5.05 -> 4.20 (-16.8%), bound=15.0%
[WARN]  CIK 106040 WDC: return_outlier -- 2000-01-25: 3.59 -> 4.16 (+15.8%), bound=15.0%
[WARN]  CIK 106040 WDC: return_outlier -- 2000-01-27: 4.35 -> 3.50 (-19.6%), bound=15.0%
[WARN]  CIK 106040 WDC: return_outlier -- 2000-03-09: 3.45 -> 4.54 (+31.5%), bound=15.0%
[WARN]  CIK 106040 WDC: return_outlier -- 2000-03-13: 3.92 -> 5.48 (+39.8%), bound=15.0%
[WARN]  CIK 106040 WDC: return_outlier -- 2000-03-16: 4.91 -> 5.76 (+17.3%), bound=15.0%
[WARN]  CIK 106040 WDC: return_outlier -- 2000-04-05: 4.87 -> 5.81 (+19.4%), bound=15.0%
[WARN]  CIK 106040 WDC: return_outlier -- 2000-04-25: 4.58 -> 5.29 (+15.5%), bound=15.0%
[WARN]  CIK 106040 WDC: return_outlier -- 2000-05-10: 4.44 -> 5.20 (+17.0%), bound=15.0%
[WARN]  CIK 106040 WDC: return_outlier -- 2000-06-19: 3.12 -> 3.59 (+15.2%), bound=15.0%
[WARN]  CIK 106040 WDC: return_outlier -- 2000-08-18: 3.31 -> 4.25 (+28.6%), bound=15.0%
[WARN]  CIK 106040 WDC: return_outlier -- 2000-11-28: 3.83 -> 3.21 (-16.0%), bound=15.0%
[WARN]  CIK 106040 WDC: return_outlier -- 2000-11-29: 3.21 -> 2.65 (-17.6%), bound=15.0%
[WARN]  CIK 106040 WDC: return_outlier -- 2000-12-04: 2.50 -> 1.70 (-32.1%), bound=15.0%
[WARN]  CIK 106040 WDC: return_outlier -- 2000-12-11: 1.94 -> 2.46 (+26.8%), bound=15.0%
[WARN]  CIK 106040 WDC: return_outlier -- 2001-01-03: 1.75 -> 2.13 (+21.6%), bound=15.0%
[WARN]  CIK 106040 WDC: return_outlier -- 2001-01-04: 2.13 -> 2.46 (+15.6%), bound=15.0%
[WARN]  CIK 106040 WDC: return_outlier -- 2001-01-22: 2.79 -> 3.31 (+18.6%), bound=15.0%
[WARN]  CIK 106040 WDC: return_outlier -- 2001-02-12: 3.17 -> 3.67 (+15.7%), bound=15.0%
[WARN]  CIK 106040 WDC: return_outlier -- 2001-04-10: 3.05 -> 3.53 (+15.6%), bound=15.0%
[WARN]  CIK 106040 WDC: return_outlier -- 2001-09-05: 2.31 -> 2.70 (+16.7%), bound=15.0%
[WARN]  CIK 106040 WDC: return_outlier -- 2001-10-03: 1.80 -> 2.12 (+17.6%), bound=15.0%
[WARN]  CIK 106040 WDC: return_outlier -- 2001-11-02: 2.57 -> 3.02 (+17.4%), bound=15.0%
[WARN]  CIK 106040 WDC: return_outlier -- 2002-02-20: 4.04 -> 4.72 (+16.8%), bound=15.0%
[WARN]  CIK 106040 WDC: return_outlier -- 2002-05-07: 3.85 -> 3.16 (-18.0%), bound=15.0%
[WARN]  CIK 106040 WDC: return_outlier -- 2002-05-08: 3.16 -> 3.68 (+16.5%), bound=15.0%
[WARN]  CIK 106040 WDC: return_outlier -- 2002-07-05: 2.65 -> 3.08 (+16.3%), bound=15.0%
[WARN]  CIK 106040 WDC: return_outlier -- 2002-07-22: 2.96 -> 2.34 (-20.9%), bound=15.0%
[WARN]  CIK 106040 WDC: return_outlier -- 2002-07-26: 2.34 -> 2.75 (+17.8%), bound=15.0%
[WARN]  CIK 106040 WDC: return_outlier -- 2002-07-29: 2.75 -> 3.51 (+27.7%), bound=15.0%
[WARN]  CIK 106040 WDC: return_outlier -- 2002-10-17: 3.74 -> 4.31 (+15.2%), bound=15.0%
[WARN]  CIK 106040 WDC: return_outlier -- 2003-07-01: 7.79 -> 8.99 (+15.4%), bound=15.0%
[WARN]  CIK 106040 WDC: return_outlier -- 2003-07-25: 8.84 -> 7.51 (-15.0%), bound=15.0%
[WARN]  CIK 106040 WDC: return_outlier -- 2003-08-28: 7.18 -> 8.68 (+20.8%), bound=15.0%
[WARN]  CIK 106040 WDC: return_outlier -- 2005-12-21: 11.76 -> 13.95 (+18.6%), bound=15.0%
[WARN]  CIK 106040 WDC: return_outlier -- 2009-01-06: 9.09 -> 10.82 (+19.1%), bound=15.0%
[WARN]  CIK 106040 WDC: return_outlier -- 2011-03-07: 22.68 -> 26.21 (+15.6%), bound=15.0%
[WARN]  CIK 106040 WDC: return_outlier -- 2012-07-26: 24.54 -> 29.68 (+20.9%), bound=15.0%
[WARN]  CIK 106040 WDC: return_outlier -- 2018-10-26: 40.82 -> 33.40 (-18.2%), bound=15.0%
[WARN]  CIK 106040 WDC: return_outlier -- 2019-10-31: 46.98 -> 39.04 (-16.9%), bound=15.0%
[WARN]  CIK 106040 WDC: return_outlier -- 2020-03-16: 31.61 -> 25.15 (-20.4%), bound=15.0%
[WARN]  CIK 106040 WDC: return_outlier -- 2020-03-24: 25.98 -> 30.59 (+17.7%), bound=15.0%
[WARN]  CIK 106040 WDC: return_outlier -- 2020-08-06: 33.61 -> 28.19 (-16.1%), bound=15.0%
[WARN]  CIK 106040 WDC: return_outlier -- 2025-04-03: 41.78 -> 34.15 (-18.3%), bound=15.0%
[WARN]  CIK 106040 WDC: return_outlier -- 2025-04-09: 31.55 -> 36.30 (+15.1%), bound=15.0%
[WARN]  CIK 106040 WDC: return_outlier -- 2026-01-06: 187.88 -> 219.38 (+16.8%), bound=15.0%
[WARN]  CIK 106040 WDC: return_outlier -- 2026-06-15: 562.93 -> 653.53 (+16.1%), bound=15.0%
[WARN]  CIK 106040 WDC: return_outlier -- 2026-07-30: 462.04 -> 533.04 (+15.4%), bound=15.0%
[WARN]  CIK 106535 WY: return_outlier -- 1987-10-19: 30.83 -> 22.58 (-26.8%), bound=15.0%
[WARN]  CIK 106535 WY: return_outlier -- 2008-10-15: 46.56 -> 38.57 (-17.2%), bound=15.0%
[WARN]  CIK 106535 WY: return_outlier -- 2010-07-20: 41.83 -> 15.94 (-61.9%), bound=15.0%
[WARN]  CIK 106535 WY: return_outlier -- 2020-03-12: 22.46 -> 18.66 (-16.9%), bound=15.0%
[WARN]  CIK 106535 WY: return_outlier -- 2020-03-13: 18.66 -> 21.92 (+17.5%), bound=15.0%
[WARN]  CIK 106535 WY: return_outlier -- 2020-03-16: 21.92 -> 16.95 (-22.7%), bound=15.0%
[WARN]  CIK 106535 WY: return_outlier -- 2020-03-24: 13.47 -> 16.88 (+25.3%), bound=15.0%
[WARN]  CIK 106535 WY: return_outlier -- 2020-05-01: 21.87 -> 17.97 (-17.8%), bound=15.0%
[WARN]  CIK 107263 WMB: return_outlier -- 1986-11-06: 2.29 -> 2.81 (+22.4%), bound=15.0%
[WARN]  CIK 107263 WMB: return_outlier -- 2002-01-29: 19.68 -> 15.31 (-22.2%), bound=15.0%
[WARN]  CIK 107263 WMB: return_outlier -- 2002-06-03: 11.58 -> 8.93 (-22.9%), bound=15.0%
[WARN]  CIK 107263 WMB: return_outlier -- 2002-06-05: 9.14 -> 7.43 (-18.6%), bound=15.0%
[WARN]  CIK 107263 WMB: return_outlier -- 2002-07-19: 5.15 -> 4.21 (-18.4%), bound=15.0%
[WARN]  CIK 107263 WMB: return_outlier -- 2002-07-22: 4.21 -> 1.64 (-61.0%), bound=15.0%
[WARN]  CIK 107263 WMB: return_outlier -- 2002-07-23: 1.64 -> 0.97 (-40.8%), bound=15.0%
[WARN]  CIK 107263 WMB: return_outlier -- 2002-07-25: 1.02 -> 0.72 (-29.6%), bound=15.0%
[WARN]  CIK 107263 WMB: return_outlier -- 2002-07-29: 0.81 -> 1.62 (+101.0%), bound=15.0%
[WARN]  CIK 107263 WMB: return_outlier -- 2002-07-30: 1.62 -> 1.96 (+21.1%), bound=15.0%
[WARN]  CIK 107263 WMB: return_outlier -- 2002-07-31: 1.96 -> 2.40 (+22.4%), bound=15.0%
[WARN]  CIK 107263 WMB: return_outlier -- 2002-08-01: 2.40 -> 3.38 (+40.7%), bound=15.0%
[WARN]  CIK 107263 WMB: return_outlier -- 2002-08-02: 3.38 -> 2.77 (-18.1%), bound=15.0%
[WARN]  CIK 107263 WMB: return_outlier -- 2002-08-05: 2.77 -> 1.88 (-32.1%), bound=15.0%
[WARN]  CIK 107263 WMB: return_outlier -- 2002-08-21: 2.30 -> 2.94 (+28.0%), bound=15.0%
[WARN]  CIK 107263 WMB: return_outlier -- 2002-09-25: 1.43 -> 1.69 (+17.6%), bound=15.0%
[WARN]  CIK 107263 WMB: return_outlier -- 2002-10-29: 1.10 -> 1.27 (+15.6%), bound=15.0%
[WARN]  CIK 107263 WMB: return_outlier -- 2002-10-31: 1.23 -> 1.53 (+24.5%), bound=15.0%
[WARN]  CIK 107263 WMB: return_outlier -- 2002-11-06: 1.94 -> 2.24 (+15.5%), bound=15.0%
[WARN]  CIK 107263 WMB: return_outlier -- 2002-12-13: 1.91 -> 2.30 (+20.5%), bound=15.0%
[WARN]  CIK 107263 WMB: return_outlier -- 2002-12-31: 1.85 -> 2.20 (+18.9%), bound=15.0%
[WARN]  CIK 107263 WMB: return_outlier -- 2003-02-20: 2.36 -> 2.99 (+26.6%), bound=15.0%
[WARN]  CIK 107263 WMB: return_outlier -- 2003-04-17: 4.16 -> 4.81 (+15.7%), bound=15.0%
[WARN]  CIK 107263 WMB: return_outlier -- 2008-10-13: 11.74 -> 14.83 (+26.3%), bound=15.0%
[WARN]  CIK 107263 WMB: return_outlier -- 2008-11-20: 11.84 -> 9.89 (-16.5%), bound=15.0%
[WARN]  CIK 107263 WMB: return_outlier -- 2008-11-21: 9.89 -> 11.48 (+16.1%), bound=15.0%
[WARN]  CIK 107263 WMB: return_outlier -- 2014-06-16: 47.18 -> 56.02 (+18.7%), bound=15.0%
[WARN]  CIK 107263 WMB: return_outlier -- 2015-06-22: 48.34 -> 60.86 (+25.9%), bound=15.0%
[WARN]  CIK 107263 WMB: return_outlier -- 2016-01-13: 16.54 -> 13.61 (-17.7%), bound=15.0%
[WARN]  CIK 107263 WMB: return_outlier -- 2016-01-14: 13.61 -> 18.29 (+34.4%), bound=15.0%
[WARN]  CIK 107263 WMB: return_outlier -- 2016-01-22: 16.04 -> 19.74 (+23.1%), bound=15.0%
[WARN]  CIK 107263 WMB: return_outlier -- 2016-02-08: 17.12 -> 11.16 (-34.8%), bound=15.0%
[WARN]  CIK 107263 WMB: return_outlier -- 2020-03-12: 16.02 -> 13.29 (-17.0%), bound=15.0%
[WARN]  CIK 107263 WMB: return_outlier -- 2020-03-13: 13.29 -> 15.81 (+19.0%), bound=15.0%
[WARN]  CIK 107263 WMB: return_outlier -- 2020-03-18: 12.13 -> 9.25 (-23.7%), bound=15.0%
[WARN]  CIK 107263 WMB: return_outlier -- 2020-03-19: 9.25 -> 10.82 (+17.0%), bound=15.0%
[WARN]  CIK 107263 WMB: return_outlier -- 2020-03-24: 11.15 -> 12.92 (+15.9%), bound=15.0%
[WARN]  CIK 109198 TJX: return_outlier -- 1987-10-19: 0.54 -> 0.43 (-19.0%), bound=15.0%
[WARN]  CIK 109198 TJX: return_outlier -- 1987-10-21: 0.40 -> 0.49 (+23.5%), bound=15.0%
[WARN]  CIK 109198 TJX: return_outlier -- 1987-10-26: 0.46 -> 0.36 (-22.0%), bound=15.0%
[WARN]  CIK 109198 TJX: return_outlier -- 1987-10-30: 0.38 -> 0.45 (+20.8%), bound=15.0%
[WARN]  CIK 109198 TJX: return_outlier -- 1989-06-14: 0.79 -> 0.93 (+16.7%), bound=15.0%
[WARN]  CIK 109198 TJX: return_outlier -- 1989-06-15: 0.93 -> 0.54 (-41.4%), bound=15.0%
[WARN]  CIK 109198 TJX: return_outlier -- 1998-09-22: 2.70 -> 2.27 (-15.7%), bound=15.0%
[WARN]  CIK 109198 TJX: return_outlier -- 1998-10-02: 1.97 -> 2.31 (+17.5%), bound=15.0%
[WARN]  CIK 109198 TJX: return_outlier -- 2000-03-16: 2.12 -> 2.50 (+17.6%), bound=15.0%
[WARN]  CIK 109198 TJX: return_outlier -- 2020-03-16: 51.57 -> 41.05 (-20.4%), bound=15.0%
[WARN]  CIK 200406 JNJ: return_outlier -- 1987-10-19: 4.94 -> 4.03 (-18.4%), bound=15.0%
[WARN]  CIK 200406 JNJ: return_outlier -- 2002-07-19: 49.73 -> 41.85 (-15.8%), bound=15.0%
[WARN]  CIK 310158 MRK: return_outlier -- 2004-09-30: 43.01 -> 31.49 (-26.8%), bound=15.0%
[WARN]  CIK 310764 SYK: return_outlier -- 1999-04-21: 12.14 -> 15.44 (+27.2%), bound=15.0%
[WARN]  CIK 310764 SYK: return_outlier -- 2000-01-28: 19.09 -> 15.75 (-17.5%), bound=15.0%
[WARN]  CIK 310764 SYK: return_outlier -- 2000-10-18: 19.31 -> 23.22 (+20.2%), bound=15.0%
[WARN]  CIK 310764 SYK: return_outlier -- 2004-07-16: 54.80 -> 46.04 (-16.0%), bound=15.0%
[WARN]  CIK 313616 DHR: return_outlier -- 1979-04-03: 0.10 -> 0.12 (+15.4%), bound=15.0%
[WARN]  CIK 313616 DHR: return_outlier -- 1979-05-25: 0.10 -> 0.12 (+18.9%), bound=15.0%
[WARN]  CIK 313616 DHR: return_outlier -- 1980-01-23: 0.10 -> 0.11 (+16.2%), bound=15.0%
[WARN]  CIK 313616 DHR: return_outlier -- 1982-11-30: 0.05 -> 0.06 (+15.0%), bound=15.0%
[WARN]  CIK 313616 DHR: return_outlier -- 1983-04-05: 0.06 -> 0.07 (+18.2%), bound=15.0%
[WARN]  CIK 313616 DHR: return_outlier -- 1986-03-14: 0.16 -> 0.19 (+16.1%), bound=15.0%
[WARN]  CIK 313616 DHR: return_outlier -- 1986-03-26: 0.19 -> 0.23 (+20.3%), bound=15.0%
[WARN]  CIK 313616 DHR: return_outlier -- 1987-10-19: 0.52 -> 0.39 (-25.3%), bound=15.0%
[WARN]  CIK 315189 DE: return_outlier -- 1987-10-19: 6.50 -> 5.50 (-15.4%), bound=15.0%
[WARN]  CIK 315189 DE: return_outlier -- 1987-10-26: 5.15 -> 4.29 (-16.6%), bound=15.0%
[WARN]  CIK 315189 DE: return_outlier -- 2000-03-08: 15.19 -> 17.62 (+16.0%), bound=15.0%
[WARN]  CIK 315189 DE: return_outlier -- 2008-12-08: 31.99 -> 37.01 (+15.7%), bound=15.0%
[WARN]  CIK 315293 AON: return_outlier -- 2000-01-10: 42.75 -> 30.12 (-29.5%), bound=15.0%
[WARN]  CIK 315293 AON: return_outlier -- 2000-11-02: 40.62 -> 33.19 (-18.3%), bound=15.0%
[WARN]  CIK 315293 AON: return_outlier -- 2002-08-07: 21.20 -> 14.77 (-30.3%), bound=15.0%
[WARN]  CIK 315293 AON: return_outlier -- 2002-08-14: 15.89 -> 19.40 (+22.1%), bound=15.0%
[WARN]  CIK 315293 AON: return_outlier -- 2004-10-14: 27.66 -> 23.18 (-16.2%), bound=15.0%
[WARN]  CIK 315293 AON: return_outlier -- 2005-08-03: 25.56 -> 29.88 (+16.9%), bound=15.0%
[WARN]  CIK 315293 AON: return_outlier -- 2020-03-09: 214.81 -> 178.93 (-16.7%), bound=15.0%
[WARN]  CIK 316709 SCHW: return_outlier -- 1987-10-30: 0.14 -> 0.17 (+21.2%), bound=15.0%
[WARN]  CIK 316709 SCHW: return_outlier -- 1998-12-21: 14.79 -> 17.23 (+16.5%), bound=15.0%
[WARN]  CIK 316709 SCHW: return_outlier -- 1999-11-12: 24.62 -> 28.58 (+16.1%), bound=15.0%
[WARN]  CIK 316709 SCHW: return_outlier -- 1999-12-29: 22.88 -> 28.00 (+22.4%), bound=15.0%
[WARN]  CIK 316709 SCHW: return_outlier -- 2000-03-10: 30.33 -> 35.33 (+16.5%), bound=15.0%
[WARN]  CIK 316709 SCHW: return_outlier -- 2000-04-14: 32.67 -> 27.00 (-17.3%), bound=15.0%
[WARN]  CIK 316709 SCHW: return_outlier -- 2000-06-02: 28.50 -> 33.50 (+17.5%), bound=15.0%
[WARN]  CIK 316709 SCHW: return_outlier -- 2000-09-22: 30.00 -> 35.00 (+16.7%), bound=15.0%
[WARN]  CIK 316709 SCHW: return_outlier -- 2000-10-13: 27.12 -> 31.38 (+15.7%), bound=15.0%
[WARN]  CIK 316709 SCHW: return_outlier -- 2001-01-03: 26.06 -> 32.88 (+26.1%), bound=15.0%
[WARN]  CIK 316709 SCHW: return_outlier -- 2001-04-05: 13.51 -> 15.54 (+15.0%), bound=15.0%
[WARN]  CIK 316709 SCHW: return_outlier -- 2001-04-18: 18.13 -> 21.00 (+15.8%), bound=15.0%
[WARN]  CIK 316709 SCHW: return_outlier -- 2008-09-30: 21.73 -> 26.00 (+19.7%), bound=15.0%
[WARN]  CIK 316709 SCHW: return_outlier -- 2008-10-13: 20.20 -> 23.33 (+15.5%), bound=15.0%
[WARN]  CIK 316709 SCHW: return_outlier -- 2008-12-01: 18.33 -> 15.55 (-15.2%), bound=15.0%
[WARN]  CIK 316709 SCHW: return_outlier -- 2020-03-13: 28.43 -> 33.87 (+19.1%), bound=15.0%
[WARN]  CIK 318154 AMGN: return_outlier -- 1985-01-25: 0.12 -> 0.14 (+15.6%), bound=15.0%
[WARN]  CIK 318154 AMGN: return_outlier -- 1985-12-04: 0.23 -> 0.28 (+21.1%), bound=15.0%
[WARN]  CIK 318154 AMGN: return_outlier -- 1986-04-10: 0.41 -> 0.49 (+20.5%), bound=15.0%
[WARN]  CIK 318154 AMGN: return_outlier -- 1987-07-01: 0.79 -> 0.66 (-16.7%), bound=15.0%
[WARN]  CIK 318154 AMGN: return_outlier -- 1987-10-19: 0.60 -> 0.49 (-18.3%), bound=15.0%
[WARN]  CIK 318154 AMGN: return_outlier -- 1987-10-26: 0.42 -> 0.34 (-18.7%), bound=15.0%
[WARN]  CIK 318154 AMGN: return_outlier -- 1987-10-28: 0.36 -> 0.45 (+25.4%), bound=15.0%
[WARN]  CIK 318154 AMGN: return_outlier -- 1987-10-30: 0.47 -> 0.55 (+17.0%), bound=15.0%
[WARN]  CIK 318154 AMGN: return_outlier -- 1993-02-25: 5.78 -> 4.62 (-20.0%), bound=15.0%
[WARN]  CIK 318154 AMGN: return_outlier -- 2005-07-20: 70.52 -> 81.17 (+15.1%), bound=15.0%
[WARN]  CIK 320187 NKE: return_outlier -- 1983-02-24: 0.36 -> 0.30 (-16.4%), bound=15.0%
[WARN]  CIK 320187 NKE: return_outlier -- 1987-10-21: 0.23 -> 0.27 (+16.7%), bound=15.0%
[WARN]  CIK 320187 NKE: return_outlier -- 2000-02-08: 5.66 -> 4.62 (-18.2%), bound=15.0%
[WARN]  CIK 320187 NKE: return_outlier -- 2001-02-27: 6.14 -> 4.92 (-19.8%), bound=15.0%
[WARN]  CIK 320187 NKE: return_outlier -- 2020-03-24: 62.80 -> 72.33 (+15.2%), bound=15.0%
[WARN]  CIK 320187 NKE: return_outlier -- 2021-06-25: 133.60 -> 154.35 (+15.5%), bound=15.0%
[WARN]  CIK 320187 NKE: return_outlier -- 2024-06-28: 94.19 -> 75.37 (-20.0%), bound=15.0%
[WARN]  CIK 320187 NKE: return_outlier -- 2025-06-27: 62.54 -> 72.04 (+15.2%), bound=15.0%
[WARN]  CIK 320187 NKE: return_outlier -- 2026-04-01: 52.82 -> 44.63 (-15.5%), bound=15.0%
[WARN]  CIK 320193 AAPL: return_outlier -- 1983-09-23: 0.15 -> 0.11 (-25.4%), bound=15.0%
[WARN]  CIK 320193 AAPL: return_outlier -- 1987-10-19: 0.43 -> 0.33 (-24.4%), bound=15.0%
[WARN]  CIK 320193 AAPL: return_outlier -- 1987-10-21: 0.31 -> 0.36 (+17.4%), bound=15.0%
[WARN]  CIK 320193 AAPL: return_outlier -- 1987-10-26: 0.32 -> 0.25 (-21.1%), bound=15.0%
[WARN]  CIK 320193 AAPL: return_outlier -- 1987-10-29: 0.30 -> 0.35 (+17.9%), bound=15.0%
[WARN]  CIK 320193 AAPL: return_outlier -- 1993-07-16: 0.32 -> 0.25 (-23.1%), bound=15.0%
[WARN]  CIK 320193 AAPL: return_outlier -- 1993-10-15: 0.21 -> 0.25 (+18.9%), bound=15.0%
[WARN]  CIK 320193 AAPL: return_outlier -- 1996-07-18: 0.15 -> 0.19 (+23.7%), bound=15.0%
[WARN]  CIK 320193 AAPL: return_outlier -- 1997-01-06: 0.19 -> 0.16 (-17.8%), bound=15.0%
[WARN]  CIK 320193 AAPL: return_outlier -- 1997-08-06: 0.18 -> 0.23 (+33.2%), bound=15.0%
[WARN]  CIK 320193 AAPL: return_outlier -- 1998-01-02: 0.12 -> 0.15 (+23.8%), bound=15.0%
[WARN]  CIK 320193 AAPL: return_outlier -- 1998-01-06: 0.14 -> 0.17 (+19.3%), bound=15.0%
[WARN]  CIK 320193 AAPL: return_outlier -- 2000-09-29: 0.96 -> 0.46 (-51.9%), bound=15.0%
[WARN]  CIK 320193 AAPL: return_outlier -- 2000-12-06: 0.30 -> 0.26 (-15.8%), bound=15.0%
[WARN]  CIK 320193 AAPL: return_outlier -- 2001-07-18: 0.45 -> 0.37 (-17.2%), bound=15.0%
[WARN]  CIK 320193 AAPL: return_outlier -- 2002-06-19: 0.36 -> 0.31 (-15.0%), bound=15.0%
[WARN]  CIK 320193 AAPL: return_outlier -- 2008-09-29: 4.58 -> 3.76 (-17.9%), bound=15.0%
[WARN]  CIK 320193 AAPL: return_outlier -- 2025-04-09: 172.42 -> 198.85 (+15.3%), bound=15.0%
[WARN]  CIK 354950 HD: return_outlier -- 1981-10-20: 0.03 -> 0.04 (+32.9%), bound=15.0%
[WARN]  CIK 354950 HD: return_outlier -- 1981-11-02: 0.04 -> 0.05 (+25.7%), bound=15.0%
[WARN]  CIK 354950 HD: return_outlier -- 1981-11-09: 0.05 -> 0.04 (-20.4%), bound=15.0%
[WARN]  CIK 354950 HD: return_outlier -- 1981-11-17: 0.04 -> 0.05 (+25.7%), bound=15.0%
[WARN]  CIK 354950 HD: return_outlier -- 1981-12-07: 0.05 -> 0.06 (+19.7%), bound=15.0%
[WARN]  CIK 354950 HD: return_outlier -- 1981-12-14: 0.06 -> 0.05 (-16.5%), bound=15.0%
[WARN]  CIK 354950 HD: return_outlier -- 1982-01-08: 0.05 -> 0.06 (+19.7%), bound=15.0%
[WARN]  CIK 354950 HD: return_outlier -- 1982-02-17: 0.06 -> 0.05 (-16.5%), bound=15.0%
[WARN]  CIK 354950 HD: return_outlier -- 1982-02-19: 0.05 -> 0.06 (+19.8%), bound=15.0%
[WARN]  CIK 354950 HD: return_outlier -- 1982-02-23: 0.06 -> 0.05 (-16.5%), bound=15.0%
[WARN]  CIK 354950 HD: return_outlier -- 1982-02-25: 0.05 -> 0.06 (+19.8%), bound=15.0%
[WARN]  CIK 354950 HD: return_outlier -- 1982-03-19: 0.06 -> 0.07 (+17.4%), bound=15.0%
[WARN]  CIK 354950 HD: return_outlier -- 1982-05-03: 0.08 -> 0.06 (-25.3%), bound=15.0%
[WARN]  CIK 354950 HD: return_outlier -- 1982-05-06: 0.06 -> 0.07 (+17.4%), bound=15.0%
[WARN]  CIK 354950 HD: return_outlier -- 1984-08-17: 0.49 -> 0.35 (-28.5%), bound=15.0%
[WARN]  CIK 354950 HD: return_outlier -- 1985-05-21: 0.44 -> 0.36 (-16.9%), bound=15.0%
[WARN]  CIK 354950 HD: return_outlier -- 1986-05-20: 0.38 -> 0.46 (+22.6%), bound=15.0%
[WARN]  CIK 354950 HD: return_outlier -- 1987-10-19: 0.66 -> 0.51 (-22.5%), bound=15.0%
[WARN]  CIK 354950 HD: return_outlier -- 2000-10-12: 48.94 -> 34.88 (-28.7%), bound=15.0%
[WARN]  CIK 354950 HD: return_outlier -- 2020-03-16: 205.67 -> 164.96 (-19.8%), bound=15.0%
[WARN]  CIK 707549 LRCX: return_outlier -- 1986-09-11: 0.14 -> 0.12 (-17.3%), bound=15.0%
[WARN]  CIK 707549 LRCX: return_outlier -- 1986-09-24: 0.11 -> 0.09 (-15.8%), bound=15.0%
[WARN]  CIK 707549 LRCX: return_outlier -- 1986-09-25: 0.09 -> 0.10 (+15.6%), bound=15.0%
[WARN]  CIK 707549 LRCX: return_outlier -- 1987-01-07: 0.10 -> 0.13 (+24.3%), bound=15.0%
[WARN]  CIK 707549 LRCX: return_outlier -- 1987-08-07: 0.21 -> 0.25 (+19.7%), bound=15.0%
[WARN]  CIK 707549 LRCX: return_outlier -- 1987-10-20: 0.19 -> 0.15 (-19.1%), bound=15.0%
[WARN]  CIK 707549 LRCX: return_outlier -- 1987-10-23: 0.14 -> 0.12 (-19.2%), bound=15.0%
[WARN]  CIK 707549 LRCX: return_outlier -- 1987-10-26: 0.12 -> 0.09 (-23.8%), bound=15.0%
[WARN]  CIK 707549 LRCX: return_outlier -- 1987-10-29: 0.09 -> 0.13 (+38.2%), bound=15.0%
[WARN]  CIK 707549 LRCX: return_outlier -- 1987-12-15: 0.13 -> 0.15 (+15.2%), bound=15.0%
[WARN]  CIK 707549 LRCX: return_outlier -- 1988-10-05: 0.15 -> 0.12 (-18.9%), bound=15.0%
[WARN]  CIK 707549 LRCX: return_outlier -- 1990-08-27: 0.07 -> 0.08 (+15.4%), bound=15.0%
[WARN]  CIK 707549 LRCX: return_outlier -- 1990-11-05: 0.08 -> 0.09 (+17.9%), bound=15.0%
[WARN]  CIK 707549 LRCX: return_outlier -- 1991-01-17: 0.10 -> 0.12 (+16.7%), bound=15.0%
[WARN]  CIK 707549 LRCX: return_outlier -- 1991-01-30: 0.11 -> 0.14 (+22.0%), bound=15.0%
[WARN]  CIK 707549 LRCX: return_outlier -- 1994-04-21: 0.82 -> 0.96 (+17.3%), bound=15.0%
[WARN]  CIK 707549 LRCX: return_outlier -- 1996-01-09: 1.42 -> 1.16 (-18.2%), bound=15.0%
[WARN]  CIK 707549 LRCX: return_outlier -- 1996-07-15: 0.86 -> 0.73 (-15.5%), bound=15.0%
[WARN]  CIK 707549 LRCX: return_outlier -- 1996-08-07: 0.77 -> 0.89 (+15.7%), bound=15.0%
[WARN]  CIK 707549 LRCX: return_outlier -- 1996-11-22: 0.98 -> 1.14 (+15.5%), bound=15.0%
[WARN]  CIK 707549 LRCX: return_outlier -- 1997-04-15: 1.12 -> 0.90 (-19.8%), bound=15.0%
[WARN]  CIK 707549 LRCX: return_outlier -- 1997-05-02: 1.04 -> 1.20 (+16.1%), bound=15.0%
[WARN]  CIK 707549 LRCX: return_outlier -- 1997-07-15: 1.65 -> 1.93 (+16.9%), bound=15.0%
[WARN]  CIK 707549 LRCX: return_outlier -- 1997-12-11: 1.04 -> 0.87 (-16.5%), bound=15.0%
[WARN]  CIK 707549 LRCX: return_outlier -- 1998-08-31: 0.44 -> 0.36 (-17.1%), bound=15.0%
[WARN]  CIK 707549 LRCX: return_outlier -- 1998-10-12: 0.33 -> 0.40 (+19.7%), bound=15.0%
[WARN]  CIK 707549 LRCX: return_outlier -- 1998-10-21: 0.34 -> 0.42 (+22.0%), bound=15.0%
[WARN]  CIK 707549 LRCX: return_outlier -- 1999-01-05: 0.63 -> 0.84 (+32.9%), bound=15.0%
[WARN]  CIK 707549 LRCX: return_outlier -- 1999-01-29: 1.08 -> 1.28 (+18.8%), bound=15.0%
[WARN]  CIK 707549 LRCX: return_outlier -- 1999-04-01: 0.97 -> 1.13 (+16.6%), bound=15.0%
[WARN]  CIK 707549 LRCX: return_outlier -- 1999-07-30: 1.55 -> 1.85 (+19.4%), bound=15.0%
[WARN]  CIK 707549 LRCX: return_outlier -- 1999-12-20: 2.99 -> 3.55 (+18.9%), bound=15.0%
[WARN]  CIK 707549 LRCX: return_outlier -- 2000-04-17: 3.65 -> 4.29 (+17.5%), bound=15.0%
[WARN]  CIK 707549 LRCX: return_outlier -- 2000-05-30: 2.79 -> 3.21 (+15.0%), bound=15.0%
[WARN]  CIK 707549 LRCX: return_outlier -- 2000-07-05: 3.92 -> 3.24 (-17.4%), bound=15.0%
[WARN]  CIK 707549 LRCX: return_outlier -- 2000-08-03: 2.76 -> 2.30 (-16.7%), bound=15.0%
[WARN]  CIK 707549 LRCX: return_outlier -- 2000-10-17: 1.88 -> 1.59 (-15.3%), bound=15.0%
[WARN]  CIK 707549 LRCX: return_outlier -- 2000-12-08: 1.62 -> 1.91 (+18.1%), bound=15.0%
[WARN]  CIK 707549 LRCX: return_outlier -- 2001-01-03: 1.44 -> 1.73 (+20.0%), bound=15.0%
[WARN]  CIK 707549 LRCX: return_outlier -- 2001-04-05: 1.96 -> 2.34 (+19.1%), bound=15.0%
[WARN]  CIK 707549 LRCX: return_outlier -- 2002-10-18: 0.97 -> 1.11 (+15.1%), bound=15.0%
[WARN]  CIK 707549 LRCX: return_outlier -- 2002-10-30: 1.13 -> 1.30 (+15.6%), bound=15.0%
[WARN]  CIK 707549 LRCX: return_outlier -- 2004-07-22: 1.98 -> 2.37 (+19.8%), bound=15.0%
[WARN]  CIK 707549 LRCX: return_outlier -- 2008-11-21: 1.55 -> 1.78 (+15.2%), bound=15.0%
[WARN]  CIK 707549 LRCX: return_outlier -- 2019-01-24: 13.93 -> 16.12 (+15.7%), bound=15.0%
[WARN]  CIK 707549 LRCX: return_outlier -- 2020-03-16: 26.18 -> 21.35 (-18.4%), bound=15.0%
[WARN]  CIK 707549 LRCX: return_outlier -- 2020-03-18: 22.93 -> 19.41 (-15.3%), bound=15.0%
[WARN]  CIK 707549 LRCX: return_outlier -- 2020-03-24: 19.28 -> 23.06 (+19.6%), bound=15.0%
[WARN]  CIK 707549 LRCX: return_outlier -- 2025-04-09: 60.25 -> 71.11 (+18.0%), bound=15.0%
[WARN]  CIK 707549 LRCX: return_outlier -- 2026-07-30: 252.35 -> 297.72 (+18.0%), bound=15.0%
[WARN]  CIK 713676 PNC: return_outlier -- 1982-11-02: 6.84 -> 8.38 (+22.4%), bound=15.0%
[WARN]  CIK 713676 PNC: return_outlier -- 2008-07-16: 49.87 -> 57.91 (+16.1%), bound=15.0%
[WARN]  CIK 713676 PNC: return_outlier -- 2008-12-01: 52.77 -> 44.27 (-16.1%), bound=15.0%
[WARN]  CIK 713676 PNC: return_outlier -- 2009-01-20: 37.54 -> 22.00 (-41.4%), bound=15.0%
[WARN]  CIK 713676 PNC: return_outlier -- 2009-01-21: 22.00 -> 30.16 (+37.1%), bound=15.0%
[WARN]  CIK 713676 PNC: return_outlier -- 2009-01-28: 32.15 -> 37.34 (+16.1%), bound=15.0%
[WARN]  CIK 713676 PNC: return_outlier -- 2009-02-24: 24.61 -> 28.50 (+15.8%), bound=15.0%
[WARN]  CIK 713676 PNC: return_outlier -- 2009-03-10: 19.72 -> 24.71 (+25.3%), bound=15.0%
[WARN]  CIK 713676 PNC: return_outlier -- 2009-03-12: 24.80 -> 28.55 (+15.1%), bound=15.0%
[WARN]  CIK 713676 PNC: return_outlier -- 2009-03-23: 26.92 -> 32.73 (+21.6%), bound=15.0%
[WARN]  CIK 713676 PNC: return_outlier -- 2009-04-09: 31.98 -> 38.48 (+20.3%), bound=15.0%
[WARN]  CIK 713676 PNC: return_outlier -- 2009-05-08: 44.47 -> 53.08 (+19.4%), bound=15.0%
[WARN]  CIK 713676 PNC: return_outlier -- 2020-03-16: 106.98 -> 89.97 (-15.9%), bound=15.0%
[WARN]  CIK 715957 D: return_outlier -- 1983-05-23: 5.00 -> 7.33 (+46.7%), bound=15.0%
[WARN]  CIK 715957 D: return_outlier -- 2020-03-17: 68.65 -> 80.48 (+17.2%), bound=15.0%
[WARN]  CIK 723125 MU: return_outlier -- 1984-09-26: 3.56 -> 2.79 (-21.8%), bound=15.0%
[WARN]  CIK 723125 MU: return_outlier -- 1985-02-14: 2.16 -> 1.67 (-22.5%), bound=15.0%
[WARN]  CIK 723125 MU: return_outlier -- 1985-02-25: 1.52 -> 1.24 (-18.9%), bound=15.0%
[WARN]  CIK 723125 MU: return_outlier -- 1985-03-18: 1.09 -> 1.31 (+20.7%), bound=15.0%
[WARN]  CIK 723125 MU: return_outlier -- 1985-06-07: 0.75 -> 0.60 (-20.0%), bound=15.0%
[WARN]  CIK 723125 MU: return_outlier -- 1985-11-07: 0.49 -> 0.56 (+15.4%), bound=15.0%
[WARN]  CIK 723125 MU: return_outlier -- 1985-11-19: 0.61 -> 0.73 (+18.4%), bound=15.0%
[WARN]  CIK 723125 MU: return_outlier -- 1986-08-08: 0.71 -> 0.84 (+17.5%), bound=15.0%
[WARN]  CIK 723125 MU: return_outlier -- 1986-11-12: 0.68 -> 0.55 (-18.5%), bound=15.0%
[WARN]  CIK 723125 MU: return_outlier -- 1986-11-14: 0.49 -> 0.41 (-15.4%), bound=15.0%
[WARN]  CIK 723125 MU: return_outlier -- 1986-11-17: 0.41 -> 0.47 (+15.2%), bound=15.0%
[WARN]  CIK 723125 MU: return_outlier -- 1987-04-01: 0.77 -> 0.91 (+17.7%), bound=15.0%
[WARN]  CIK 723125 MU: return_outlier -- 1987-10-19: 1.29 -> 0.96 (-25.2%), bound=15.0%
[WARN]  CIK 723125 MU: return_outlier -- 1987-10-20: 0.96 -> 0.74 (-23.4%), bound=15.0%
[WARN]  CIK 723125 MU: return_outlier -- 1987-10-21: 0.74 -> 0.91 (+23.7%), bound=15.0%
[WARN]  CIK 723125 MU: return_outlier -- 1987-10-26: 0.73 -> 0.59 (-19.0%), bound=15.0%
[WARN]  CIK 723125 MU: return_outlier -- 1987-10-28: 0.61 -> 0.73 (+18.4%), bound=15.0%
[WARN]  CIK 723125 MU: return_outlier -- 1987-12-11: 1.00 -> 1.16 (+16.3%), bound=15.0%
[WARN]  CIK 723125 MU: return_outlier -- 1990-11-13: 0.75 -> 0.86 (+15.0%), bound=15.0%
[WARN]  CIK 723125 MU: return_outlier -- 1996-01-24: 16.00 -> 18.50 (+15.6%), bound=15.0%
[WARN]  CIK 723125 MU: return_outlier -- 1996-07-11: 12.31 -> 10.25 (-16.8%), bound=15.0%
[WARN]  CIK 723125 MU: return_outlier -- 1996-08-02: 9.62 -> 11.44 (+18.8%), bound=15.0%
[WARN]  CIK 723125 MU: return_outlier -- 1996-08-07: 11.12 -> 12.94 (+16.3%), bound=15.0%
[WARN]  CIK 723125 MU: return_outlier -- 2000-02-29: 39.03 -> 48.00 (+23.0%), bound=15.0%
[WARN]  CIK 723125 MU: return_outlier -- 2000-03-22: 59.62 -> 70.50 (+18.2%), bound=15.0%
[WARN]  CIK 723125 MU: return_outlier -- 2000-04-17: 48.03 -> 57.00 (+18.7%), bound=15.0%
[WARN]  CIK 723125 MU: return_outlier -- 2000-09-21: 66.44 -> 55.12 (-17.0%), bound=15.0%
[WARN]  CIK 723125 MU: return_outlier -- 2000-10-19: 28.56 -> 34.69 (+21.4%), bound=15.0%
[WARN]  CIK 723125 MU: return_outlier -- 2001-01-03: 35.38 -> 42.00 (+18.7%), bound=15.0%
[WARN]  CIK 723125 MU: return_outlier -- 2001-09-26: 21.24 -> 17.25 (-18.8%), bound=15.0%
[WARN]  CIK 723125 MU: return_outlier -- 2002-12-18: 13.28 -> 10.22 (-23.0%), bound=15.0%
[WARN]  CIK 723125 MU: return_outlier -- 2008-09-15: 5.13 -> 4.34 (-15.4%), bound=15.0%
[WARN]  CIK 723125 MU: return_outlier -- 2008-10-13: 3.55 -> 4.21 (+18.6%), bound=15.0%
[WARN]  CIK 723125 MU: return_outlier -- 2008-11-12: 3.73 -> 3.10 (-16.9%), bound=15.0%
[WARN]  CIK 723125 MU: return_outlier -- 2008-11-19: 2.46 -> 2.07 (-15.9%), bound=15.0%
[WARN]  CIK 723125 MU: return_outlier -- 2008-11-20: 2.07 -> 1.69 (-18.4%), bound=15.0%
[WARN]  CIK 723125 MU: return_outlier -- 2008-12-01: 2.74 -> 2.24 (-18.2%), bound=15.0%
[WARN]  CIK 723125 MU: return_outlier -- 2008-12-18: 2.17 -> 2.61 (+20.3%), bound=15.0%
[WARN]  CIK 723125 MU: return_outlier -- 2009-01-05: 2.84 -> 3.32 (+16.9%), bound=15.0%
[WARN]  CIK 723125 MU: return_outlier -- 2011-11-16: 5.46 -> 6.74 (+23.4%), bound=15.0%
[WARN]  CIK 723125 MU: return_outlier -- 2011-12-22: 5.54 -> 6.41 (+15.7%), bound=15.0%
[WARN]  CIK 723125 MU: return_outlier -- 2015-06-26: 24.02 -> 19.66 (-18.2%), bound=15.0%
[WARN]  CIK 723125 MU: return_outlier -- 2020-03-16: 42.99 -> 34.47 (-19.8%), bound=15.0%
[WARN]  CIK 723125 MU: return_outlier -- 2024-12-19: 103.90 -> 87.09 (-16.2%), bound=15.0%
[WARN]  CIK 723125 MU: return_outlier -- 2025-04-03: 88.60 -> 74.34 (-16.1%), bound=15.0%
[WARN]  CIK 723125 MU: return_outlier -- 2025-04-09: 65.54 -> 77.87 (+18.8%), bound=15.0%
[WARN]  CIK 723125 MU: return_outlier -- 2026-05-08: 646.63 -> 746.81 (+15.5%), bound=15.0%
[WARN]  CIK 723125 MU: return_outlier -- 2026-05-26: 751.00 -> 895.88 (+19.3%), bound=15.0%
[WARN]  CIK 723125 MU: return_outlier -- 2026-06-25: 1048.51 -> 1213.56 (+15.7%), bound=15.0%
[WARN]  CIK 723125 MU: return_outlier -- 2026-07-30: 739.00 -> 874.66 (+18.4%), bound=15.0%
[WARN]  CIK 726728 O: return_outlier -- 2008-09-18: 25.07 -> 29.38 (+17.2%), bound=15.0%
[WARN]  CIK 726728 O: return_outlier -- 2008-10-10: 19.78 -> 23.74 (+20.0%), bound=15.0%
[WARN]  CIK 726728 O: return_outlier -- 2008-10-28: 18.55 -> 22.55 (+21.6%), bound=15.0%
[WARN]  CIK 726728 O: return_outlier -- 2008-11-24: 16.76 -> 19.64 (+17.2%), bound=15.0%
[WARN]  CIK 726728 O: return_outlier -- 2008-12-01: 19.56 -> 15.70 (-19.8%), bound=15.0%
[WARN]  CIK 726728 O: return_outlier -- 2008-12-11: 21.77 -> 18.47 (-15.2%), bound=15.0%
[WARN]  CIK 726728 O: return_outlier -- 2009-03-23: 15.56 -> 17.98 (+15.6%), bound=15.0%
[WARN]  CIK 726728 O: return_outlier -- 2020-03-16: 69.69 -> 52.32 (-24.9%), bound=15.0%
[WARN]  CIK 726728 O: return_outlier -- 2020-03-18: 53.41 -> 41.18 (-22.9%), bound=15.0%
[WARN]  CIK 726728 O: return_outlier -- 2020-03-24: 42.00 -> 49.10 (+16.9%), bound=15.0%
[WARN]  CIK 731766 UNH: return_outlier -- 1987-05-04: 0.16 -> 0.20 (+27.5%), bound=15.0%
[WARN]  CIK 731766 UNH: return_outlier -- 1987-10-20: 0.15 -> 0.10 (-34.2%), bound=15.0%
[WARN]  CIK 731766 UNH: return_outlier -- 1987-10-21: 0.10 -> 0.12 (+28.0%), bound=15.0%
[WARN]  CIK 731766 UNH: return_outlier -- 1987-11-03: 0.12 -> 0.10 (-18.7%), bound=15.0%
[WARN]  CIK 731766 UNH: return_outlier -- 1987-12-15: 0.10 -> 0.12 (+20.0%), bound=15.0%
[WARN]  CIK 731766 UNH: return_outlier -- 1996-07-11: 5.53 -> 3.88 (-29.9%), bound=15.0%
[WARN]  CIK 731766 UNH: return_outlier -- 1997-10-27: 6.45 -> 5.38 (-16.6%), bound=15.0%
[WARN]  CIK 731766 UNH: return_outlier -- 1998-08-06: 6.61 -> 4.73 (-28.4%), bound=15.0%
[WARN]  CIK 731766 UNH: return_outlier -- 1999-09-30: 7.56 -> 6.09 (-19.5%), bound=15.0%
[WARN]  CIK 731766 UNH: return_outlier -- 2008-03-11: 45.07 -> 38.24 (-15.2%), bound=15.0%
[WARN]  CIK 731766 UNH: return_outlier -- 2008-09-29: 25.81 -> 21.00 (-18.6%), bound=15.0%
[WARN]  CIK 731766 UNH: return_outlier -- 2008-09-30: 21.00 -> 25.39 (+20.9%), bound=15.0%
[WARN]  CIK 731766 UNH: return_outlier -- 2008-10-13: 17.35 -> 23.38 (+34.8%), bound=15.0%
[WARN]  CIK 731766 UNH: return_outlier -- 2020-03-16: 272.04 -> 225.04 (-17.3%), bound=15.0%
[WARN]  CIK 731766 UNH: return_outlier -- 2025-04-17: 585.04 -> 454.11 (-22.4%), bound=15.0%
[WARN]  CIK 731766 UNH: return_outlier -- 2025-05-13: 378.75 -> 311.38 (-17.8%), bound=15.0%
[WARN]  CIK 731766 UNH: return_outlier -- 2026-01-27: 351.64 -> 282.70 (-19.6%), bound=15.0%
[WARN]  CIK 732712 VZ: return_outlier -- 1987-10-19: 16.50 -> 13.60 (-17.5%), bound=15.0%
[WARN]  CIK 732717 T: return_outlier -- 2008-10-13: 16.93 -> 19.69 (+16.3%), bound=15.0%
[WARN]  CIK 753308 NEE: return_outlier -- 1987-10-19: 3.97 -> 3.30 (-16.9%), bound=15.0%
[WARN]  CIK 764180 MO: return_outlier -- 1993-04-02: 21.38 -> 16.46 (-23.0%), bound=15.0%
[WARN]  CIK 764180 MO: return_outlier -- 2000-06-26: 23.44 -> 27.19 (+16.0%), bound=15.0%
[WARN]  CIK 764180 MO: return_outlier -- 2007-04-02: 87.81 -> 68.22 (-22.3%), bound=15.0%
[WARN]  CIK 764180 MO: return_outlier -- 2008-03-31: 73.83 -> 22.20 (-69.9%), bound=15.0%
[WARN]  CIK 764180 MO: return_outlier -- 2008-10-13: 17.16 -> 19.97 (+16.4%), bound=15.0%
[WARN]  CIK 766704 WELL: return_outlier -- 1988-10-21: 15.00 -> 12.75 (-15.0%), bound=15.0%
[WARN]  CIK 766704 WELL: return_outlier -- 2009-03-23: 30.22 -> 34.82 (+15.2%), bound=15.0%
[WARN]  CIK 766704 WELL: return_outlier -- 2020-03-12: 56.49 -> 45.95 (-18.7%), bound=15.0%
[WARN]  CIK 766704 WELL: return_outlier -- 2020-03-16: 51.28 -> 38.77 (-24.4%), bound=15.0%
[WARN]  CIK 766704 WELL: return_outlier -- 2020-03-19: 33.22 -> 40.92 (+23.2%), bound=15.0%
[WARN]  CIK 766704 WELL: return_outlier -- 2020-04-08: 44.40 -> 51.59 (+16.2%), bound=15.0%
[WARN]  CIK 766704 WELL: return_outlier -- 2020-11-09: 55.50 -> 66.66 (+20.1%), bound=15.0%
[WARN]  CIK 769397 ADSK: return_outlier -- 1987-10-19: 3.44 -> 2.84 (-17.3%), bound=15.0%
[WARN]  CIK 769397 ADSK: return_outlier -- 1987-10-26: 2.19 -> 1.72 (-21.4%), bound=15.0%
[WARN]  CIK 769397 ADSK: return_outlier -- 1987-10-29: 1.62 -> 2.28 (+40.4%), bound=15.0%
[WARN]  CIK 769397 ADSK: return_outlier -- 1991-01-25: 6.50 -> 5.03 (-22.6%), bound=15.0%
[WARN]  CIK 769397 ADSK: return_outlier -- 1992-01-31: 4.31 -> 3.53 (-18.1%), bound=15.0%
[WARN]  CIK 769397 ADSK: return_outlier -- 1994-08-19: 6.22 -> 7.28 (+17.1%), bound=15.0%
[WARN]  CIK 769397 ADSK: return_outlier -- 1996-07-18: 5.31 -> 6.19 (+16.5%), bound=15.0%
[WARN]  CIK 769397 ADSK: return_outlier -- 1997-10-27: 10.38 -> 8.19 (-21.1%), bound=15.0%
[WARN]  CIK 769397 ADSK: return_outlier -- 1998-08-21: 8.16 -> 6.86 (-15.9%), bound=15.0%
[WARN]  CIK 769397 ADSK: return_outlier -- 1999-05-05: 7.12 -> 5.89 (-17.3%), bound=15.0%
[WARN]  CIK 769397 ADSK: return_outlier -- 2000-02-25: 10.27 -> 12.00 (+16.9%), bound=15.0%
[WARN]  CIK 769397 ADSK: return_outlier -- 2000-07-11: 7.91 -> 6.25 (-20.9%), bound=15.0%
[WARN]  CIK 769397 ADSK: return_outlier -- 2001-01-09: 7.20 -> 8.30 (+15.2%), bound=15.0%
[WARN]  CIK 769397 ADSK: return_outlier -- 2002-05-06: 8.65 -> 7.03 (-18.7%), bound=15.0%
[WARN]  CIK 769397 ADSK: return_outlier -- 2003-11-21: 9.70 -> 11.27 (+16.1%), bound=15.0%
[WARN]  CIK 769397 ADSK: return_outlier -- 2005-11-18: 47.10 -> 38.74 (-17.7%), bound=15.0%
[WARN]  CIK 769397 ADSK: return_outlier -- 2008-02-27: 39.10 -> 32.99 (-15.6%), bound=15.0%
[WARN]  CIK 769397 ADSK: return_outlier -- 2012-08-24: 35.71 -> 30.13 (-15.6%), bound=15.0%
[WARN]  CIK 769397 ADSK: return_outlier -- 2017-11-29: 129.95 -> 109.34 (-15.9%), bound=15.0%
[WARN]  CIK 769397 ADSK: return_outlier -- 2018-08-24: 136.31 -> 157.20 (+15.3%), bound=15.0%
[WARN]  CIK 769397 ADSK: return_outlier -- 2020-03-13: 136.00 -> 158.03 (+16.2%), bound=15.0%
[WARN]  CIK 769397 ADSK: return_outlier -- 2021-11-24: 304.00 -> 256.90 (-15.5%), bound=15.0%
[WARN]  CIK 773840 HON: return_outlier -- 1987-10-19: 9.22 -> 6.51 (-29.4%), bound=15.0%
[WARN]  CIK 773840 HON: return_outlier -- 1987-10-20: 6.51 -> 8.54 (+31.2%), bound=15.0%
[WARN]  CIK 773840 HON: return_outlier -- 2000-06-19: 45.71 -> 37.93 (-17.0%), bound=15.0%
[WARN]  CIK 773840 HON: return_outlier -- 2000-10-20: 33.81 -> 43.35 (+28.2%), bound=15.0%
[WARN]  CIK 773840 HON: return_outlier -- 2001-09-17: 33.64 -> 27.80 (-17.4%), bound=15.0%
[WARN]  CIK 773840 HON: return_outlier -- 2002-09-13: 26.71 -> 22.20 (-16.9%), bound=15.0%
[WARN]  CIK 773840 HON: return_outlier -- 2020-03-24: 102.66 -> 118.13 (+15.1%), bound=15.0%
[WARN]  CIK 788784 PEG: return_outlier -- 1987-10-19: 12.06 -> 10.19 (-15.5%), bound=15.0%
[WARN]  CIK 788784 PEG: return_outlier -- 2008-10-13: 24.99 -> 29.27 (+17.1%), bound=15.0%
[WARN]  CIK 789019 MSFT: return_outlier -- 1987-10-19: 0.45 -> 0.31 (-30.1%), bound=15.0%
[WARN]  CIK 789019 MSFT: return_outlier -- 1987-10-21: 0.33 -> 0.39 (+18.0%), bound=15.0%
[WARN]  CIK 789019 MSFT: return_outlier -- 1987-10-26: 0.34 -> 0.27 (-18.7%), bound=15.0%
[WARN]  CIK 789019 MSFT: return_outlier -- 1987-10-29: 0.29 -> 0.33 (+15.8%), bound=15.0%
[WARN]  CIK 789019 MSFT: return_outlier -- 2000-04-24: 39.47 -> 33.31 (-15.6%), bound=15.0%
[WARN]  CIK 789019 MSFT: return_outlier -- 2000-10-19: 25.88 -> 30.94 (+19.6%), bound=15.0%
[WARN]  CIK 789019 MSFT: return_outlier -- 2008-10-13: 21.50 -> 25.50 (+18.6%), bound=15.0%
[WARN]  CIK 789019 MSFT: return_outlier -- 2026-07-30: 390.54 -> 451.10 (+15.5%), bound=15.0%
[WARN]  CIK 797468 OXY: return_outlier -- 1987-10-19: 14.61 -> 11.44 (-21.7%), bound=15.0%
[WARN]  CIK 797468 OXY: return_outlier -- 2008-09-29: 74.09 -> 62.27 (-15.9%), bound=15.0%
[WARN]  CIK 797468 OXY: return_outlier -- 2008-10-13: 42.06 -> 49.12 (+16.8%), bound=15.0%
[WARN]  CIK 797468 OXY: return_outlier -- 2008-10-15: 50.36 -> 41.04 (-18.5%), bound=15.0%
[WARN]  CIK 797468 OXY: return_outlier -- 2008-10-20: 44.55 -> 51.29 (+15.1%), bound=15.0%
[WARN]  CIK 797468 OXY: return_outlier -- 2008-10-28: 40.32 -> 47.62 (+18.1%), bound=15.0%
[WARN]  CIK 797468 OXY: return_outlier -- 2008-11-21: 39.01 -> 45.04 (+15.4%), bound=15.0%
[WARN]  CIK 797468 OXY: return_outlier -- 2008-12-01: 51.87 -> 43.97 (-15.2%), bound=15.0%
[WARN]  CIK 797468 OXY: return_outlier -- 2020-03-09: 26.86 -> 12.51 (-53.4%), bound=15.0%
[WARN]  CIK 797468 OXY: return_outlier -- 2020-03-11: 14.34 -> 11.80 (-17.7%), bound=15.0%
[WARN]  CIK 797468 OXY: return_outlier -- 2020-03-13: 11.89 -> 14.26 (+19.9%), bound=15.0%
[WARN]  CIK 797468 OXY: return_outlier -- 2020-03-16: 14.26 -> 12.02 (-15.7%), bound=15.0%
[WARN]  CIK 797468 OXY: return_outlier -- 2020-04-02: 10.74 -> 12.77 (+18.9%), bound=15.0%
[WARN]  CIK 797468 OXY: return_outlier -- 2020-06-05: 15.55 -> 20.79 (+33.7%), bound=15.0%
[WARN]  CIK 797468 OXY: return_outlier -- 2020-06-08: 20.79 -> 24.40 (+17.4%), bound=15.0%
[WARN]  CIK 797468 OXY: return_outlier -- 2020-06-11: 20.76 -> 17.41 (-16.1%), bound=15.0%
[WARN]  CIK 797468 OXY: return_outlier -- 2020-11-09: 10.01 -> 12.23 (+22.2%), bound=15.0%
[WARN]  CIK 797468 OXY: return_outlier -- 2020-11-23: 13.49 -> 15.76 (+16.8%), bound=15.0%
[WARN]  CIK 797468 OXY: return_outlier -- 2022-03-04: 47.75 -> 56.15 (+17.6%), bound=15.0%
[WARN]  CIK 798354 FISV: return_outlier -- 1987-03-02: 0.40 -> 0.47 (+18.1%), bound=15.0%
[WARN]  CIK 798354 FISV: return_outlier -- 1990-06-29: 0.64 -> 0.54 (-16.2%), bound=15.0%
[WARN]  CIK 798354 FISV: return_outlier -- 1999-10-19: 4.12 -> 4.79 (+16.2%), bound=15.0%
[WARN]  CIK 798354 FISV: return_outlier -- 2000-10-24: 9.64 -> 7.76 (-19.5%), bound=15.0%
[WARN]  CIK 798354 FISV: return_outlier -- 2004-04-22: 8.77 -> 10.21 (+16.5%), bound=15.0%
[WARN]  CIK 798354 FISV: return_outlier -- 2008-10-28: 7.24 -> 8.38 (+15.8%), bound=15.0%
[WARN]  CIK 798354 FISV: return_outlier -- 2020-03-16: 103.42 -> 86.18 (-16.7%), bound=15.0%
[WARN]  CIK 798354 FISV: return_outlier -- 2025-04-24: 217.10 -> 176.90 (-18.5%), bound=15.0%
[WARN]  CIK 798354 FISV: return_outlier -- 2025-05-15: 189.86 -> 159.13 (-16.2%), bound=15.0%
[WARN]  CIK 798354 FISV: return_outlier -- 2025-10-29: 126.17 -> 70.60 (-44.0%), bound=15.0%
[WARN]  CIK 804328 QCOM: return_outlier -- 1992-09-30: 0.43 -> 0.56 (+30.9%), bound=15.0%
[WARN]  CIK 804328 QCOM: return_outlier -- 1993-01-13: 0.78 -> 0.91 (+16.0%), bound=15.0%
[WARN]  CIK 804328 QCOM: return_outlier -- 1994-07-14: 1.03 -> 1.22 (+18.2%), bound=15.0%
[WARN]  CIK 804328 QCOM: return_outlier -- 1995-06-06: 1.84 -> 2.17 (+17.8%), bound=15.0%
[WARN]  CIK 804328 QCOM: return_outlier -- 1995-07-21: 2.23 -> 2.61 (+17.2%), bound=15.0%
[WARN]  CIK 804328 QCOM: return_outlier -- 1996-04-16: 2.45 -> 2.06 (-15.9%), bound=15.0%
[WARN]  CIK 804328 QCOM: return_outlier -- 1998-02-06: 3.52 -> 2.98 (-15.1%), bound=15.0%
[WARN]  CIK 804328 QCOM: return_outlier -- 1998-07-22: 3.60 -> 4.20 (+16.6%), bound=15.0%
[WARN]  CIK 804328 QCOM: return_outlier -- 1998-09-08: 2.66 -> 3.06 (+15.1%), bound=15.0%
[WARN]  CIK 804328 QCOM: return_outlier -- 1999-04-21: 8.79 -> 12.19 (+38.7%), bound=15.0%
[WARN]  CIK 804328 QCOM: return_outlier -- 1999-11-03: 28.10 -> 32.56 (+15.9%), bound=15.0%
[WARN]  CIK 804328 QCOM: return_outlier -- 1999-12-29: 62.88 -> 82.38 (+31.0%), bound=15.0%
[WARN]  CIK 804328 QCOM: return_outlier -- 2000-01-26: 74.50 -> 62.31 (-16.4%), bound=15.0%
[WARN]  CIK 804328 QCOM: return_outlier -- 2000-04-14: 63.25 -> 52.59 (-16.8%), bound=15.0%
[WARN]  CIK 804328 QCOM: return_outlier -- 2000-05-30: 33.03 -> 38.19 (+15.6%), bound=15.0%
[WARN]  CIK 804328 QCOM: return_outlier -- 2000-07-12: 26.50 -> 30.50 (+15.1%), bound=15.0%
[WARN]  CIK 804328 QCOM: return_outlier -- 2001-01-03: 35.44 -> 42.03 (+18.6%), bound=15.0%
[WARN]  CIK 804328 QCOM: return_outlier -- 2001-03-19: 25.16 -> 29.09 (+15.7%), bound=15.0%
[WARN]  CIK 804328 QCOM: return_outlier -- 2001-04-18: 25.38 -> 29.38 (+15.7%), bound=15.0%
[WARN]  CIK 804328 QCOM: return_outlier -- 2002-05-08: 12.40 -> 14.72 (+18.7%), bound=15.0%
[WARN]  CIK 804328 QCOM: return_outlier -- 2008-07-24: 44.82 -> 52.43 (+17.0%), bound=15.0%
[WARN]  CIK 804328 QCOM: return_outlier -- 2015-11-05: 60.26 -> 51.07 (-15.3%), bound=15.0%
[WARN]  CIK 804328 QCOM: return_outlier -- 2019-04-16: 57.18 -> 70.45 (+23.2%), bound=15.0%
[WARN]  CIK 804328 QCOM: return_outlier -- 2020-07-30: 93.03 -> 107.19 (+15.2%), bound=15.0%
[WARN]  CIK 804328 QCOM: return_outlier -- 2025-04-09: 124.66 -> 143.59 (+15.2%), bound=15.0%
[WARN]  CIK 804328 QCOM: return_outlier -- 2026-04-30: 156.00 -> 179.58 (+15.1%), bound=15.0%
[WARN]  CIK 813672 CDNS: return_outlier -- 1987-10-01: 2.06 -> 2.39 (+16.2%), bound=15.0%
[WARN]  CIK 813672 CDNS: return_outlier -- 1987-10-26: 1.53 -> 1.28 (-16.4%), bound=15.0%
[WARN]  CIK 813672 CDNS: return_outlier -- 1987-12-23: 1.11 -> 1.31 (+17.5%), bound=15.0%
[WARN]  CIK 813672 CDNS: return_outlier -- 1991-04-04: 7.08 -> 5.89 (-16.9%), bound=15.0%
[WARN]  CIK 813672 CDNS: return_outlier -- 1991-07-10: 4.14 -> 3.33 (-19.5%), bound=15.0%
[WARN]  CIK 813672 CDNS: return_outlier -- 1993-03-22: 3.67 -> 2.33 (-36.4%), bound=15.0%
[WARN]  CIK 813672 CDNS: return_outlier -- 1994-07-20: 3.86 -> 3.00 (-22.3%), bound=15.0%
[WARN]  CIK 813672 CDNS: return_outlier -- 1995-10-18: 9.72 -> 11.19 (+15.1%), bound=15.0%
[WARN]  CIK 813672 CDNS: return_outlier -- 1998-11-04: 20.00 -> 25.31 (+26.6%), bound=15.0%
[WARN]  CIK 813672 CDNS: return_outlier -- 1998-11-12: 24.19 -> 28.25 (+16.8%), bound=15.0%
[WARN]  CIK 813672 CDNS: return_outlier -- 1999-04-21: 20.81 -> 12.50 (-39.9%), bound=15.0%
[WARN]  CIK 813672 CDNS: return_outlier -- 1999-07-15: 13.62 -> 16.00 (+17.4%), bound=15.0%
[WARN]  CIK 813672 CDNS: return_outlier -- 1999-07-21: 14.88 -> 11.69 (-21.4%), bound=15.0%
[WARN]  CIK 813672 CDNS: return_outlier -- 2001-03-12: 24.00 -> 19.91 (-17.0%), bound=15.0%
[WARN]  CIK 813672 CDNS: return_outlier -- 2001-04-18: 16.99 -> 19.55 (+15.1%), bound=15.0%
[WARN]  CIK 813672 CDNS: return_outlier -- 2002-07-24: 13.45 -> 11.00 (-18.2%), bound=15.0%
[WARN]  CIK 813672 CDNS: return_outlier -- 2003-01-03: 11.66 -> 9.24 (-20.8%), bound=15.0%
[WARN]  CIK 813672 CDNS: return_outlier -- 2008-01-31: 15.16 -> 10.15 (-33.0%), bound=15.0%
[WARN]  CIK 813672 CDNS: return_outlier -- 2008-07-24: 10.27 -> 7.11 (-30.8%), bound=15.0%
[WARN]  CIK 813672 CDNS: return_outlier -- 2008-10-15: 5.30 -> 4.50 (-15.1%), bound=15.0%
[WARN]  CIK 813672 CDNS: return_outlier -- 2008-10-23: 4.32 -> 3.22 (-25.5%), bound=15.0%
[WARN]  CIK 813672 CDNS: return_outlier -- 2008-10-30: 3.31 -> 4.06 (+22.7%), bound=15.0%
[WARN]  CIK 813672 CDNS: return_outlier -- 2008-11-24: 3.12 -> 3.84 (+23.1%), bound=15.0%
[WARN]  CIK 813672 CDNS: return_outlier -- 2008-12-11: 3.93 -> 3.04 (-22.6%), bound=15.0%
[WARN]  CIK 813672 CDNS: return_outlier -- 2008-12-16: 2.61 -> 3.11 (+19.2%), bound=15.0%
[WARN]  CIK 813672 CDNS: return_outlier -- 2009-02-05: 3.65 -> 4.20 (+15.1%), bound=15.0%
[WARN]  CIK 813672 CDNS: return_outlier -- 2009-04-30: 4.81 -> 5.58 (+16.0%), bound=15.0%
[WARN]  CIK 813672 CDNS: return_outlier -- 2018-10-23: 40.61 -> 46.85 (+15.4%), bound=15.0%
[WARN]  CIK 821189 EOG: return_outlier -- 1998-12-15: 3.22 -> 3.88 (+20.4%), bound=15.0%
[WARN]  CIK 821189 EOG: return_outlier -- 2008-02-28: 52.84 -> 62.37 (+18.0%), bound=15.0%
[WARN]  CIK 821189 EOG: return_outlier -- 2008-10-13: 29.80 -> 35.88 (+20.4%), bound=15.0%
[WARN]  CIK 821189 EOG: return_outlier -- 2008-11-20: 38.64 -> 32.49 (-15.9%), bound=15.0%
[WARN]  CIK 821189 EOG: return_outlier -- 2020-03-09: 55.30 -> 37.60 (-32.0%), bound=15.0%
[WARN]  CIK 821189 EOG: return_outlier -- 2020-03-12: 38.86 -> 32.50 (-16.4%), bound=15.0%
[WARN]  CIK 821189 EOG: return_outlier -- 2020-03-24: 34.54 -> 39.80 (+15.2%), bound=15.0%
[WARN]  CIK 821189 EOG: return_outlier -- 2020-11-09: 34.58 -> 40.31 (+16.6%), bound=15.0%
[WARN]  CIK 823768 WM: return_outlier -- 1988-09-08: 2.38 -> 2.88 (+21.1%), bound=15.0%
[WARN]  CIK 823768 WM: return_outlier -- 1989-03-23: 2.62 -> 3.12 (+19.0%), bound=15.0%
[WARN]  CIK 823768 WM: return_outlier -- 1989-09-29: 1.62 -> 2.00 (+23.1%), bound=15.0%
[WARN]  CIK 823768 WM: return_outlier -- 1989-10-02: 2.00 -> 2.38 (+18.8%), bound=15.0%
[WARN]  CIK 823768 WM: return_outlier -- 1990-06-06: 2.38 -> 3.00 (+26.3%), bound=15.0%
[WARN]  CIK 823768 WM: return_outlier -- 1990-07-13: 4.00 -> 5.38 (+34.4%), bound=15.0%
[WARN]  CIK 823768 WM: return_outlier -- 1990-07-24: 4.62 -> 5.38 (+16.2%), bound=15.0%
[WARN]  CIK 823768 WM: return_outlier -- 1991-03-13: 7.50 -> 8.88 (+18.3%), bound=15.0%
[WARN]  CIK 823768 WM: return_outlier -- 1998-10-07: 47.19 -> 39.00 (-17.4%), bound=15.0%
[WARN]  CIK 823768 WM: return_outlier -- 1999-07-07: 53.56 -> 33.94 (-36.6%), bound=15.0%
[WARN]  CIK 823768 WM: return_outlier -- 1999-07-29: 31.44 -> 25.94 (-17.5%), bound=15.0%
[WARN]  CIK 823768 WM: return_outlier -- 2000-05-11: 15.00 -> 18.94 (+26.2%), bound=15.0%
[WARN]  CIK 823768 WM: return_outlier -- 2008-10-13: 25.76 -> 30.39 (+18.0%), bound=15.0%
[WARN]  CIK 827052 EIX: return_outlier -- 2000-03-06: 25.62 -> 17.94 (-30.0%), bound=15.0%
[WARN]  CIK 827052 EIX: return_outlier -- 2000-12-21: 17.88 -> 14.94 (-16.4%), bound=15.0%
[WARN]  CIK 827052 EIX: return_outlier -- 2001-01-03: 15.00 -> 12.25 (-18.3%), bound=15.0%
[WARN]  CIK 827052 EIX: return_outlier -- 2001-01-08: 10.31 -> 12.00 (+16.4%), bound=15.0%
[WARN]  CIK 827052 EIX: return_outlier -- 2001-01-25: 9.38 -> 12.69 (+35.3%), bound=15.0%
[WARN]  CIK 827052 EIX: return_outlier -- 2001-03-26: 11.20 -> 14.55 (+29.9%), bound=15.0%
[WARN]  CIK 827052 EIX: return_outlier -- 2001-04-06: 12.64 -> 8.25 (-34.7%), bound=15.0%
[WARN]  CIK 827052 EIX: return_outlier -- 2001-04-10: 8.92 -> 11.38 (+27.6%), bound=15.0%
[WARN]  CIK 827052 EIX: return_outlier -- 2018-11-16: 47.19 -> 54.45 (+15.4%), bound=15.0%
[WARN]  CIK 829224 SBUX: return_outlier -- 1999-07-01: 4.70 -> 3.37 (-28.3%), bound=15.0%
[WARN]  CIK 829224 SBUX: return_outlier -- 2000-04-28: 4.63 -> 3.78 (-18.4%), bound=15.0%
[WARN]  CIK 829224 SBUX: return_outlier -- 2009-07-22: 7.34 -> 8.69 (+18.4%), bound=15.0%
[WARN]  CIK 829224 SBUX: return_outlier -- 2020-03-16: 69.92 -> 58.59 (-16.2%), bound=15.0%
[WARN]  CIK 829224 SBUX: return_outlier -- 2024-05-01: 88.49 -> 74.44 (-15.9%), bound=15.0%
[WARN]  CIK 829224 SBUX: return_outlier -- 2024-08-13: 77.03 -> 95.90 (+24.5%), bound=15.0%
[WARN]  CIK 831001 C: return_outlier -- 1987-10-19: 36.83 -> 28.32 (-23.1%), bound=15.0%
[WARN]  CIK 831001 C: return_outlier -- 1988-12-16: 23.24 -> 18.16 (-21.9%), bound=15.0%
[WARN]  CIK 831001 C: return_outlier -- 1998-04-06: 308.44 -> 365.00 (+18.3%), bound=15.0%
[WARN]  CIK 831001 C: return_outlier -- 2002-07-23: 320.40 -> 270.00 (-15.7%), bound=15.0%
[WARN]  CIK 831001 C: return_outlier -- 2008-09-15: 179.60 -> 152.40 (-15.1%), bound=15.0%
[WARN]  CIK 831001 C: return_outlier -- 2008-09-18: 140.30 -> 166.50 (+18.7%), bound=15.0%
[WARN]  CIK 831001 C: return_outlier -- 2008-09-19: 166.50 -> 206.50 (+24.0%), bound=15.0%
[WARN]  CIK 831001 C: return_outlier -- 2008-09-30: 177.50 -> 205.10 (+15.5%), bound=15.0%
[WARN]  CIK 831001 C: return_outlier -- 2008-10-03: 225.00 -> 183.50 (-18.4%), bound=15.0%
[WARN]  CIK 831001 C: return_outlier -- 2008-10-14: 157.50 -> 186.20 (+18.2%), bound=15.0%
[WARN]  CIK 831001 C: return_outlier -- 2008-11-19: 83.60 -> 64.00 (-23.4%), bound=15.0%
[WARN]  CIK 831001 C: return_outlier -- 2008-11-20: 64.00 -> 47.10 (-26.4%), bound=15.0%
[WARN]  CIK 831001 C: return_outlier -- 2008-11-21: 47.10 -> 37.70 (-20.0%), bound=15.0%
[WARN]  CIK 831001 C: return_outlier -- 2008-11-24: 37.70 -> 59.50 (+57.8%), bound=15.0%
[WARN]  CIK 831001 C: return_outlier -- 2008-11-26: 60.80 -> 70.50 (+16.0%), bound=15.0%
[WARN]  CIK 831001 C: return_outlier -- 2008-11-28: 70.50 -> 82.90 (+17.6%), bound=15.0%
[WARN]  CIK 831001 C: return_outlier -- 2008-12-01: 82.90 -> 64.50 (-22.2%), bound=15.0%
[WARN]  CIK 831001 C: return_outlier -- 2009-01-12: 67.50 -> 56.00 (-17.0%), bound=15.0%
[WARN]  CIK 831001 C: return_outlier -- 2009-01-14: 59.00 -> 45.30 (-23.2%), bound=15.0%
[WARN]  CIK 831001 C: return_outlier -- 2009-01-15: 45.30 -> 38.30 (-15.5%), bound=15.0%
[WARN]  CIK 831001 C: return_outlier -- 2009-01-20: 35.00 -> 28.00 (-20.0%), bound=15.0%
[WARN]  CIK 831001 C: return_outlier -- 2009-01-21: 28.00 -> 36.70 (+31.1%), bound=15.0%
[WARN]  CIK 831001 C: return_outlier -- 2009-01-22: 36.70 -> 31.10 (-15.3%), bound=15.0%
[WARN]  CIK 831001 C: return_outlier -- 2009-01-28: 35.50 -> 42.10 (+18.6%), bound=15.0%
[WARN]  CIK 831001 C: return_outlier -- 2009-02-10: 39.50 -> 33.50 (-15.2%), bound=15.0%
[WARN]  CIK 831001 C: return_outlier -- 2009-02-20: 25.10 -> 19.50 (-22.3%), bound=15.0%
[WARN]  CIK 831001 C: return_outlier -- 2009-02-24: 21.40 -> 26.00 (+21.5%), bound=15.0%
[WARN]  CIK 831001 C: return_outlier -- 2009-02-27: 24.60 -> 15.00 (-39.0%), bound=15.0%
[WARN]  CIK 831001 C: return_outlier -- 2009-03-02: 15.00 -> 12.00 (-20.0%), bound=15.0%
[WARN]  CIK 831001 C: return_outlier -- 2009-03-10: 10.50 -> 14.50 (+38.1%), bound=15.0%
[WARN]  CIK 831001 C: return_outlier -- 2009-03-16: 17.80 -> 23.30 (+30.9%), bound=15.0%
[WARN]  CIK 831001 C: return_outlier -- 2009-03-18: 25.10 -> 30.80 (+22.7%), bound=15.0%
[WARN]  CIK 831001 C: return_outlier -- 2009-03-19: 30.80 -> 26.00 (-15.6%), bound=15.0%
[WARN]  CIK 831001 C: return_outlier -- 2009-03-23: 26.20 -> 31.30 (+19.5%), bound=15.0%
[WARN]  CIK 831001 C: return_outlier -- 2009-04-13: 30.40 -> 38.00 (+25.0%), bound=15.0%
[WARN]  CIK 831001 C: return_outlier -- 2009-04-20: 36.50 -> 29.40 (-19.5%), bound=15.0%
[WARN]  CIK 831001 C: return_outlier -- 2009-05-06: 33.10 -> 38.60 (+16.6%), bound=15.0%
[WARN]  CIK 831001 C: return_outlier -- 2011-08-08: 33.44 -> 27.95 (-16.4%), bound=15.0%
[WARN]  CIK 831001 C: return_outlier -- 2020-03-09: 61.28 -> 51.37 (-16.2%), bound=15.0%
[WARN]  CIK 831001 C: return_outlier -- 2020-03-13: 43.26 -> 51.04 (+18.0%), bound=15.0%
[WARN]  CIK 831001 C: return_outlier -- 2020-03-16: 51.04 -> 41.19 (-19.3%), bound=15.0%
[WARN]  CIK 831259 FCX: return_outlier -- 1999-04-15: 5.78 -> 6.72 (+16.2%), bound=15.0%
[WARN]  CIK 831259 FCX: return_outlier -- 2000-05-04: 5.22 -> 6.19 (+18.6%), bound=15.0%
[WARN]  CIK 831259 FCX: return_outlier -- 2001-01-18: 4.53 -> 5.31 (+17.2%), bound=15.0%
[WARN]  CIK 831259 FCX: return_outlier -- 2008-09-29: 31.91 -> 26.61 (-16.6%), bound=15.0%
[WARN]  CIK 831259 FCX: return_outlier -- 2008-10-13: 18.17 -> 22.68 (+24.8%), bound=15.0%
[WARN]  CIK 831259 FCX: return_outlier -- 2008-10-15: 20.47 -> 16.56 (-19.1%), bound=15.0%
[WARN]  CIK 831259 FCX: return_outlier -- 2008-10-22: 16.37 -> 13.46 (-17.8%), bound=15.0%
[WARN]  CIK 831259 FCX: return_outlier -- 2008-11-13: 11.15 -> 13.01 (+16.7%), bound=15.0%
[WARN]  CIK 831259 FCX: return_outlier -- 2008-12-03: 10.91 -> 9.02 (-17.3%), bound=15.0%
[WARN]  CIK 831259 FCX: return_outlier -- 2008-12-08: 8.40 -> 10.01 (+19.1%), bound=15.0%
[WARN]  CIK 831259 FCX: return_outlier -- 2008-12-10: 9.87 -> 11.44 (+16.0%), bound=15.0%
[WARN]  CIK 831259 FCX: return_outlier -- 2012-12-05: 38.28 -> 32.16 (-16.0%), bound=15.0%
[WARN]  CIK 831259 FCX: return_outlier -- 2015-08-27: 7.92 -> 10.19 (+28.7%), bound=15.0%
[WARN]  CIK 831259 FCX: return_outlier -- 2015-12-23: 6.42 -> 7.45 (+16.0%), bound=15.0%
[WARN]  CIK 831259 FCX: return_outlier -- 2016-01-11: 5.41 -> 4.31 (-20.3%), bound=15.0%
[WARN]  CIK 831259 FCX: return_outlier -- 2016-02-04: 4.85 -> 5.72 (+17.9%), bound=15.0%
[WARN]  CIK 831259 FCX: return_outlier -- 2016-02-16: 5.53 -> 6.37 (+15.2%), bound=15.0%
[WARN]  CIK 831259 FCX: return_outlier -- 2016-03-02: 7.76 -> 8.97 (+15.6%), bound=15.0%
[WARN]  CIK 831259 FCX: return_outlier -- 2020-03-16: 7.53 -> 6.24 (-17.1%), bound=15.0%
[WARN]  CIK 831259 FCX: return_outlier -- 2020-03-18: 6.48 -> 5.31 (-18.1%), bound=15.0%
[WARN]  CIK 831259 FCX: return_outlier -- 2020-03-24: 5.39 -> 6.99 (+29.7%), bound=15.0%
[WARN]  CIK 831259 FCX: return_outlier -- 2025-04-09: 29.21 -> 33.74 (+15.5%), bound=15.0%
[WARN]  CIK 831259 FCX: return_outlier -- 2025-09-24: 45.36 -> 37.67 (-17.0%), bound=15.0%
[WARN]  CIK 849395 CRH: return_outlier -- 1990-01-11: 3.95 -> 4.55 (+15.2%), bound=15.0%
[WARN]  CIK 849395 CRH: return_outlier -- 1990-09-18: 4.72 -> 3.90 (-17.5%), bound=15.0%
[WARN]  CIK 849395 CRH: return_outlier -- 1991-06-06: 4.80 -> 4.00 (-16.7%), bound=15.0%
[WARN]  CIK 849395 CRH: return_outlier -- 1992-10-19: 4.18 -> 3.20 (-23.4%), bound=15.0%
[WARN]  CIK 849395 CRH: return_outlier -- 1994-03-07: 4.55 -> 5.68 (+24.7%), bound=15.0%
[WARN]  CIK 849395 CRH: return_outlier -- 1994-07-27: 5.12 -> 6.05 (+18.0%), bound=15.0%
[WARN]  CIK 849395 CRH: return_outlier -- 2000-03-17: 17.62 -> 20.38 (+15.6%), bound=15.0%
[WARN]  CIK 849395 CRH: return_outlier -- 2008-07-02: 27.02 -> 22.93 (-15.1%), bound=15.0%
[WARN]  CIK 849395 CRH: return_outlier -- 2009-03-04: 18.95 -> 22.70 (+19.8%), bound=15.0%
[WARN]  CIK 849395 CRH: return_outlier -- 2010-08-24: 18.03 -> 15.25 (-15.4%), bound=15.0%
[WARN]  CIK 849395 CRH: return_outlier -- 2020-03-16: 27.51 -> 22.57 (-18.0%), bound=15.0%
[WARN]  CIK 849395 CRH: return_outlier -- 2020-03-18: 22.47 -> 18.64 (-17.0%), bound=15.0%
[WARN]  CIK 849399 GEN: return_outlier -- 1992-07-22: 3.47 -> 2.59 (-25.2%), bound=15.0%
[WARN]  CIK 849399 GEN: return_outlier -- 1992-09-14: 1.94 -> 1.39 (-28.2%), bound=15.0%
[WARN]  CIK 849399 GEN: return_outlier -- 1992-10-05: 1.31 -> 0.91 (-31.0%), bound=15.0%
[WARN]  CIK 849399 GEN: return_outlier -- 1992-10-22: 1.17 -> 1.39 (+18.7%), bound=15.0%
[WARN]  CIK 849399 GEN: return_outlier -- 1992-12-02: 1.50 -> 1.80 (+19.8%), bound=15.0%
[WARN]  CIK 849399 GEN: return_outlier -- 1993-02-02: 1.33 -> 1.56 (+17.6%), bound=15.0%
[WARN]  CIK 849399 GEN: return_outlier -- 1993-07-23: 1.41 -> 1.70 (+21.1%), bound=15.0%
[WARN]  CIK 849399 GEN: return_outlier -- 1995-01-17: 2.20 -> 2.58 (+17.4%), bound=15.0%
[WARN]  CIK 849399 GEN: return_outlier -- 1995-10-18: 3.12 -> 3.64 (+16.5%), bound=15.0%
[WARN]  CIK 849399 GEN: return_outlier -- 1996-01-09: 1.92 -> 1.30 (-32.5%), bound=15.0%
[WARN]  CIK 849399 GEN: return_outlier -- 1998-09-01: 2.05 -> 2.42 (+18.3%), bound=15.0%
[WARN]  CIK 849399 GEN: return_outlier -- 1998-10-02: 1.51 -> 1.27 (-16.1%), bound=15.0%
[WARN]  CIK 849399 GEN: return_outlier -- 1998-10-16: 1.13 -> 1.38 (+22.1%), bound=15.0%
[WARN]  CIK 849399 GEN: return_outlier -- 1999-04-15: 1.77 -> 2.13 (+20.8%), bound=15.0%
[WARN]  CIK 849399 GEN: return_outlier -- 1999-12-08: 6.80 -> 7.96 (+17.1%), bound=15.0%
[WARN]  CIK 849399 GEN: return_outlier -- 2000-04-03: 9.39 -> 7.71 (-17.9%), bound=15.0%
[WARN]  CIK 849399 GEN: return_outlier -- 2000-07-20: 5.91 -> 7.55 (+27.8%), bound=15.0%
[WARN]  CIK 849399 GEN: return_outlier -- 2000-07-27: 7.96 -> 6.28 (-21.1%), bound=15.0%
[WARN]  CIK 849399 GEN: return_outlier -- 2001-01-03: 4.20 -> 4.91 (+17.1%), bound=15.0%
[WARN]  CIK 849399 GEN: return_outlier -- 2001-06-22: 7.66 -> 4.86 (-36.6%), bound=15.0%
[WARN]  CIK 849399 GEN: return_outlier -- 2001-07-19: 4.68 -> 5.52 (+17.9%), bound=15.0%
[WARN]  CIK 849399 GEN: return_outlier -- 2004-12-14: 32.86 -> 27.45 (-16.5%), bound=15.0%
[WARN]  CIK 849399 GEN: return_outlier -- 2005-11-02: 24.00 -> 19.37 (-19.3%), bound=15.0%
[WARN]  CIK 849399 GEN: return_outlier -- 2008-10-30: 14.82 -> 12.20 (-17.7%), bound=15.0%
[WARN]  CIK 849399 GEN: return_outlier -- 2016-03-04: 20.52 -> 16.62 (-19.0%), bound=15.0%
[WARN]  CIK 849399 GEN: return_outlier -- 2018-05-11: 29.18 -> 19.52 (-33.1%), bound=15.0%
[WARN]  CIK 849399 GEN: return_outlier -- 2020-02-03: 28.42 -> 17.15 (-39.7%), bound=15.0%
[WARN]  CIK 849399 GEN: return_outlier -- 2024-05-10: 20.34 -> 23.46 (+15.3%), bound=15.0%
[WARN]  CIK 858877 CSCO: return_outlier -- 1991-04-02: 0.15 -> 0.18 (+16.9%), bound=15.0%
[WARN]  CIK 858877 CSCO: return_outlier -- 1994-05-13: 1.61 -> 1.29 (-19.8%), bound=15.0%
[WARN]  CIK 858877 CSCO: return_outlier -- 1994-07-14: 1.33 -> 1.10 (-17.7%), bound=15.0%
[WARN]  CIK 858877 CSCO: return_outlier -- 2000-04-17: 57.00 -> 66.50 (+16.7%), bound=15.0%
[WARN]  CIK 858877 CSCO: return_outlier -- 2001-01-03: 33.31 -> 41.31 (+24.0%), bound=15.0%
[WARN]  CIK 858877 CSCO: return_outlier -- 2001-10-03: 11.48 -> 13.95 (+21.5%), bound=15.0%
[WARN]  CIK 858877 CSCO: return_outlier -- 2002-05-08: 13.08 -> 16.27 (+24.4%), bound=15.0%
[WARN]  CIK 858877 CSCO: return_outlier -- 2010-11-11: 24.49 -> 20.52 (-16.2%), bound=15.0%
[WARN]  CIK 858877 CSCO: return_outlier -- 2011-08-11: 13.73 -> 15.92 (+16.0%), bound=15.0%
[WARN]  CIK 872589 REGN: return_outlier -- 1991-09-19: 12.62 -> 16.00 (+26.7%), bound=15.0%
[WARN]  CIK 872589 REGN: return_outlier -- 1991-11-15: 18.50 -> 14.75 (-20.3%), bound=15.0%
[WARN]  CIK 872589 REGN: return_outlier -- 1992-08-25: 10.50 -> 8.75 (-16.7%), bound=15.0%
[WARN]  CIK 872589 REGN: return_outlier -- 1993-01-05: 12.00 -> 14.75 (+22.9%), bound=15.0%
[WARN]  CIK 872589 REGN: return_outlier -- 1993-02-22: 13.25 -> 11.00 (-17.0%), bound=15.0%
[WARN]  CIK 872589 REGN: return_outlier -- 1993-03-02: 12.25 -> 15.25 (+24.5%), bound=15.0%
[WARN]  CIK 872589 REGN: return_outlier -- 1994-03-15: 13.12 -> 8.75 (-33.3%), bound=15.0%
[WARN]  CIK 872589 REGN: return_outlier -- 1994-04-07: 6.50 -> 7.88 (+21.2%), bound=15.0%
[WARN]  CIK 872589 REGN: return_outlier -- 1994-06-23: 5.25 -> 4.38 (-16.7%), bound=15.0%
[WARN]  CIK 872589 REGN: return_outlier -- 1995-01-09: 3.50 -> 4.69 (+33.9%), bound=15.0%
[WARN]  CIK 872589 REGN: return_outlier -- 1995-01-10: 4.69 -> 6.38 (+36.0%), bound=15.0%
[WARN]  CIK 872589 REGN: return_outlier -- 1995-06-07: 5.75 -> 6.88 (+19.6%), bound=15.0%
[WARN]  CIK 872589 REGN: return_outlier -- 1995-07-26: 9.12 -> 11.25 (+23.3%), bound=15.0%
[WARN]  CIK 872589 REGN: return_outlier -- 1996-05-24: 16.38 -> 18.88 (+15.3%), bound=15.0%
[WARN]  CIK 872589 REGN: return_outlier -- 1997-01-10: 19.12 -> 10.88 (-43.1%), bound=15.0%
[WARN]  CIK 872589 REGN: return_outlier -- 1997-01-20: 9.62 -> 11.12 (+15.6%), bound=15.0%
[WARN]  CIK 872589 REGN: return_outlier -- 1997-04-04: 7.12 -> 8.62 (+21.1%), bound=15.0%
[WARN]  CIK 872589 REGN: return_outlier -- 1997-05-13: 7.88 -> 11.89 (+51.0%), bound=15.0%
[WARN]  CIK 872589 REGN: return_outlier -- 1997-07-24: 9.12 -> 10.50 (+15.1%), bound=15.0%
[WARN]  CIK 872589 REGN: return_outlier -- 1998-02-11: 7.50 -> 9.50 (+26.7%), bound=15.0%
[WARN]  CIK 872589 REGN: return_outlier -- 1998-10-19: 6.50 -> 7.50 (+15.4%), bound=15.0%
[WARN]  CIK 872589 REGN: return_outlier -- 1999-02-02: 7.56 -> 9.88 (+30.6%), bound=15.0%
[WARN]  CIK 872589 REGN: return_outlier -- 1999-09-02: 9.56 -> 7.44 (-22.2%), bound=15.0%
[WARN]  CIK 872589 REGN: return_outlier -- 1999-12-09: 8.50 -> 10.00 (+17.6%), bound=15.0%
[WARN]  CIK 872589 REGN: return_outlier -- 1999-12-29: 10.28 -> 12.25 (+19.1%), bound=15.0%
[WARN]  CIK 872589 REGN: return_outlier -- 2000-01-18: 14.50 -> 17.00 (+17.2%), bound=15.0%
[WARN]  CIK 872589 REGN: return_outlier -- 2000-02-17: 15.25 -> 18.12 (+18.9%), bound=15.0%
[WARN]  CIK 872589 REGN: return_outlier -- 2000-02-18: 18.12 -> 21.75 (+20.0%), bound=15.0%
[WARN]  CIK 872589 REGN: return_outlier -- 2000-02-23: 20.88 -> 36.62 (+75.4%), bound=15.0%
[WARN]  CIK 872589 REGN: return_outlier -- 2000-02-25: 36.75 -> 45.88 (+24.8%), bound=15.0%
[WARN]  CIK 872589 REGN: return_outlier -- 2000-02-29: 45.12 -> 56.50 (+25.2%), bound=15.0%
[WARN]  CIK 872589 REGN: return_outlier -- 2000-03-14: 36.84 -> 29.56 (-19.8%), bound=15.0%
[WARN]  CIK 872589 REGN: return_outlier -- 2000-03-22: 24.44 -> 31.50 (+28.9%), bound=15.0%
[WARN]  CIK 872589 REGN: return_outlier -- 2000-03-23: 31.50 -> 37.00 (+17.5%), bound=15.0%
[WARN]  CIK 872589 REGN: return_outlier -- 2000-04-04: 28.50 -> 22.25 (-21.9%), bound=15.0%
[WARN]  CIK 872589 REGN: return_outlier -- 2000-04-06: 21.56 -> 26.38 (+22.3%), bound=15.0%
[WARN]  CIK 872589 REGN: return_outlier -- 2000-04-10: 27.69 -> 23.50 (-15.1%), bound=15.0%
[WARN]  CIK 872589 REGN: return_outlier -- 2000-04-18: 17.69 -> 24.88 (+40.6%), bound=15.0%
[WARN]  CIK 872589 REGN: return_outlier -- 2000-06-01: 20.38 -> 24.88 (+22.1%), bound=15.0%
[WARN]  CIK 872589 REGN: return_outlier -- 2000-06-09: 23.06 -> 27.12 (+17.6%), bound=15.0%
[WARN]  CIK 872589 REGN: return_outlier -- 2000-06-28: 24.75 -> 29.00 (+17.2%), bound=15.0%
[WARN]  CIK 872589 REGN: return_outlier -- 2000-09-15: 30.94 -> 36.00 (+16.4%), bound=15.0%
[WARN]  CIK 872589 REGN: return_outlier -- 2000-10-31: 21.38 -> 26.75 (+25.1%), bound=15.0%
[WARN]  CIK 872589 REGN: return_outlier -- 2000-11-20: 24.94 -> 20.75 (-16.8%), bound=15.0%
[WARN]  CIK 872589 REGN: return_outlier -- 2001-09-17: 27.17 -> 23.00 (-15.3%), bound=15.0%
[WARN]  CIK 872589 REGN: return_outlier -- 2002-11-21: 17.61 -> 20.71 (+17.6%), bound=15.0%
[WARN]  CIK 872589 REGN: return_outlier -- 2003-03-31: 17.31 -> 7.52 (-56.6%), bound=15.0%
[WARN]  CIK 872589 REGN: return_outlier -- 2003-05-19: 7.06 -> 9.99 (+41.5%), bound=15.0%
[WARN]  CIK 872589 REGN: return_outlier -- 2003-05-27: 11.22 -> 13.62 (+21.4%), bound=15.0%
[WARN]  CIK 872589 REGN: return_outlier -- 2003-09-08: 16.88 -> 22.31 (+32.2%), bound=15.0%
[WARN]  CIK 872589 REGN: return_outlier -- 2003-10-07: 18.40 -> 14.59 (-20.7%), bound=15.0%
[WARN]  CIK 872589 REGN: return_outlier -- 2005-10-24: 9.00 -> 11.21 (+24.6%), bound=15.0%
[WARN]  CIK 872589 REGN: return_outlier -- 2005-12-27: 13.76 -> 16.59 (+20.6%), bound=15.0%
[WARN]  CIK 872589 REGN: return_outlier -- 2007-11-29: 17.15 -> 21.11 (+23.1%), bound=15.0%
[WARN]  CIK 872589 REGN: return_outlier -- 2008-06-05: 19.08 -> 15.35 (-19.5%), bound=15.0%
[WARN]  CIK 872589 REGN: return_outlier -- 2009-11-11: 15.80 -> 18.95 (+19.9%), bound=15.0%
[WARN]  CIK 872589 REGN: return_outlier -- 2010-11-22: 24.67 -> 29.53 (+19.7%), bound=15.0%
[WARN]  CIK 872589 REGN: return_outlier -- 2011-04-27: 52.14 -> 67.05 (+28.6%), bound=15.0%
[WARN]  CIK 872589 REGN: return_outlier -- 2011-04-29: 64.61 -> 51.04 (-21.0%), bound=15.0%
[WARN]  CIK 872589 REGN: return_outlier -- 2022-09-08: 596.44 -> 708.85 (+18.8%), bound=15.0%
[WARN]  CIK 872589 REGN: return_outlier -- 2025-05-30: 605.39 -> 490.28 (-19.0%), bound=15.0%
[WARN]  CIK 875045 BIIB: return_outlier -- 1991-11-15: 2.98 -> 2.38 (-20.3%), bound=15.0%
[WARN]  CIK 875045 BIIB: return_outlier -- 1992-01-08: 2.75 -> 3.25 (+18.2%), bound=15.0%
[WARN]  CIK 875045 BIIB: return_outlier -- 1992-04-06: 1.88 -> 1.58 (-15.6%), bound=15.0%
[WARN]  CIK 875045 BIIB: return_outlier -- 1992-04-07: 1.58 -> 1.27 (-19.7%), bound=15.0%
[WARN]  CIK 875045 BIIB: return_outlier -- 1992-04-20: 1.33 -> 1.12 (-15.6%), bound=15.0%
[WARN]  CIK 875045 BIIB: return_outlier -- 1992-04-21: 1.12 -> 1.33 (+18.5%), bound=15.0%
[WARN]  CIK 875045 BIIB: return_outlier -- 1992-05-27: 1.04 -> 1.21 (+16.0%), bound=15.0%
[WARN]  CIK 875045 BIIB: return_outlier -- 1992-07-06: 1.15 -> 1.33 (+16.4%), bound=15.0%
[WARN]  CIK 875045 BIIB: return_outlier -- 1992-07-09: 1.29 -> 1.50 (+16.1%), bound=15.0%
[WARN]  CIK 875045 BIIB: return_outlier -- 1993-05-03: 0.79 -> 0.92 (+15.8%), bound=15.0%
[WARN]  CIK 875045 BIIB: return_outlier -- 1993-05-10: 0.88 -> 1.04 (+19.0%), bound=15.0%
[WARN]  CIK 875045 BIIB: return_outlier -- 1993-07-07: 0.79 -> 0.92 (+15.8%), bound=15.0%
[WARN]  CIK 875045 BIIB: return_outlier -- 1993-07-26: 0.67 -> 0.79 (+18.7%), bound=15.0%
[WARN]  CIK 875045 BIIB: return_outlier -- 1993-08-03: 0.62 -> 0.79 (+26.7%), bound=15.0%
[WARN]  CIK 875045 BIIB: return_outlier -- 1993-08-04: 0.79 -> 0.96 (+21.1%), bound=15.0%
[WARN]  CIK 875045 BIIB: return_outlier -- 1993-09-28: 0.71 -> 0.83 (+17.6%), bound=15.0%
[WARN]  CIK 875045 BIIB: return_outlier -- 1994-07-28: 0.48 -> 0.40 (-17.4%), bound=15.0%
[WARN]  CIK 875045 BIIB: return_outlier -- 1994-07-29: 0.40 -> 0.46 (+15.8%), bound=15.0%
[WARN]  CIK 875045 BIIB: return_outlier -- 1995-03-16: 0.60 -> 0.75 (+24.1%), bound=15.0%
[WARN]  CIK 875045 BIIB: return_outlier -- 1995-08-10: 1.02 -> 1.29 (+26.5%), bound=15.0%
[WARN]  CIK 875045 BIIB: return_outlier -- 1995-11-01: 1.98 -> 2.42 (+22.1%), bound=15.0%
[WARN]  CIK 875045 BIIB: return_outlier -- 1995-12-22: 2.90 -> 3.44 (+18.7%), bound=15.0%
[WARN]  CIK 875045 BIIB: return_outlier -- 1996-03-13: 2.78 -> 3.52 (+26.6%), bound=15.0%
[WARN]  CIK 875045 BIIB: return_outlier -- 1996-07-05: 3.56 -> 3.02 (-15.2%), bound=15.0%
[WARN]  CIK 875045 BIIB: return_outlier -- 1998-07-14: 3.83 -> 4.44 (+15.8%), bound=15.0%
[WARN]  CIK 875045 BIIB: return_outlier -- 1998-08-31: 3.53 -> 3.00 (-15.0%), bound=15.0%
[WARN]  CIK 875045 BIIB: return_outlier -- 1999-04-20: 7.12 -> 9.08 (+27.5%), bound=15.0%
[WARN]  CIK 875045 BIIB: return_outlier -- 1999-12-22: 24.06 -> 28.69 (+19.2%), bound=15.0%
[WARN]  CIK 875045 BIIB: return_outlier -- 2000-01-21: 40.90 -> 49.25 (+20.4%), bound=15.0%
[WARN]  CIK 875045 BIIB: return_outlier -- 2000-02-02: 44.31 -> 35.33 (-20.3%), bound=15.0%
[WARN]  CIK 875045 BIIB: return_outlier -- 2000-04-20: 25.79 -> 21.04 (-18.4%), bound=15.0%
[WARN]  CIK 875045 BIIB: return_outlier -- 2000-06-01: 21.27 -> 25.04 (+17.7%), bound=15.0%
[WARN]  CIK 875045 BIIB: return_outlier -- 2000-06-02: 25.04 -> 28.81 (+15.1%), bound=15.0%
[WARN]  CIK 875045 BIIB: return_outlier -- 2000-06-19: 34.85 -> 40.08 (+15.0%), bound=15.0%
[WARN]  CIK 875045 BIIB: return_outlier -- 2000-11-13: 66.56 -> 56.50 (-15.1%), bound=15.0%
[WARN]  CIK 875045 BIIB: return_outlier -- 2001-04-05: 35.75 -> 42.12 (+17.8%), bound=15.0%
[WARN]  CIK 875045 BIIB: return_outlier -- 2001-05-04: 45.10 -> 51.94 (+15.2%), bound=15.0%
[WARN]  CIK 875045 BIIB: return_outlier -- 2001-07-12: 61.48 -> 52.16 (-15.2%), bound=15.0%
[WARN]  CIK 875045 BIIB: return_outlier -- 2002-06-11: 38.37 -> 32.03 (-16.5%), bound=15.0%
[WARN]  CIK 875045 BIIB: return_outlier -- 2004-02-18: 44.26 -> 53.23 (+20.3%), bound=15.0%
[WARN]  CIK 875045 BIIB: return_outlier -- 2005-02-28: 67.28 -> 38.65 (-42.6%), bound=15.0%
[WARN]  CIK 875045 BIIB: return_outlier -- 2007-10-15: 69.43 -> 82.51 (+18.8%), bound=15.0%
[WARN]  CIK 875045 BIIB: return_outlier -- 2007-12-13: 75.88 -> 57.91 (-23.7%), bound=15.0%
[WARN]  CIK 875045 BIIB: return_outlier -- 2008-08-01: 69.76 -> 50.01 (-28.3%), bound=15.0%
[WARN]  CIK 875045 BIIB: return_outlier -- 2011-04-21: 86.57 -> 99.70 (+15.2%), bound=15.0%
[WARN]  CIK 875045 BIIB: return_outlier -- 2015-07-24: 385.05 -> 300.03 (-22.1%), bound=15.0%
[WARN]  CIK 875045 BIIB: return_outlier -- 2018-07-06: 298.81 -> 357.48 (+19.6%), bound=15.0%
[WARN]  CIK 875045 BIIB: return_outlier -- 2019-03-21: 320.59 -> 226.88 (-29.2%), bound=15.0%
[WARN]  CIK 875045 BIIB: return_outlier -- 2019-10-22: 223.51 -> 281.87 (+26.1%), bound=15.0%
[WARN]  CIK 875045 BIIB: return_outlier -- 2020-02-05: 283.29 -> 332.87 (+17.5%), bound=15.0%
[WARN]  CIK 875045 BIIB: return_outlier -- 2020-11-04: 247.01 -> 355.63 (+44.0%), bound=15.0%
[WARN]  CIK 875045 BIIB: return_outlier -- 2020-11-09: 328.90 -> 236.26 (-28.2%), bound=15.0%
[WARN]  CIK 875045 BIIB: return_outlier -- 2021-06-07: 286.14 -> 395.85 (+38.3%), bound=15.0%
[WARN]  CIK 875045 BIIB: return_outlier -- 2022-09-28: 197.79 -> 276.61 (+39.9%), bound=15.0%
[WARN]  CIK 875320 VRTX: return_outlier -- 1992-07-23: 3.75 -> 4.38 (+16.7%), bound=15.0%
[WARN]  CIK 875320 VRTX: return_outlier -- 1992-11-09: 4.88 -> 5.62 (+15.4%), bound=15.0%
[WARN]  CIK 875320 VRTX: return_outlier -- 1993-09-29: 5.62 -> 6.50 (+15.6%), bound=15.0%
[WARN]  CIK 875320 VRTX: return_outlier -- 1993-10-14: 7.69 -> 9.38 (+22.0%), bound=15.0%
[WARN]  CIK 875320 VRTX: return_outlier -- 1998-06-30: 13.81 -> 11.25 (-18.6%), bound=15.0%
[WARN]  CIK 875320 VRTX: return_outlier -- 1998-09-22: 11.88 -> 13.88 (+16.8%), bound=15.0%
[WARN]  CIK 875320 VRTX: return_outlier -- 1999-08-23: 13.41 -> 16.47 (+22.8%), bound=15.0%
[WARN]  CIK 875320 VRTX: return_outlier -- 1999-12-23: 13.94 -> 16.50 (+18.4%), bound=15.0%
[WARN]  CIK 875320 VRTX: return_outlier -- 2000-02-17: 27.00 -> 33.00 (+22.2%), bound=15.0%
[WARN]  CIK 875320 VRTX: return_outlier -- 2000-02-29: 31.00 -> 36.31 (+17.1%), bound=15.0%
[WARN]  CIK 875320 VRTX: return_outlier -- 2000-03-16: 24.12 -> 28.38 (+17.6%), bound=15.0%
[WARN]  CIK 875320 VRTX: return_outlier -- 2000-04-18: 21.75 -> 25.25 (+16.1%), bound=15.0%
[WARN]  CIK 875320 VRTX: return_outlier -- 2000-06-19: 45.00 -> 54.97 (+22.2%), bound=15.0%
[WARN]  CIK 875320 VRTX: return_outlier -- 2000-10-23: 79.75 -> 92.94 (+16.5%), bound=15.0%
[WARN]  CIK 875320 VRTX: return_outlier -- 2000-11-13: 88.81 -> 71.19 (-19.8%), bound=15.0%
[WARN]  CIK 875320 VRTX: return_outlier -- 2000-11-24: 55.00 -> 64.94 (+18.1%), bound=15.0%
[WARN]  CIK 875320 VRTX: return_outlier -- 2000-12-01: 55.88 -> 65.69 (+17.6%), bound=15.0%
[WARN]  CIK 875320 VRTX: return_outlier -- 2001-09-24: 23.47 -> 17.74 (-24.4%), bound=15.0%
[WARN]  CIK 875320 VRTX: return_outlier -- 2002-04-24: 28.76 -> 23.41 (-18.6%), bound=15.0%
[WARN]  CIK 875320 VRTX: return_outlier -- 2003-11-11: 12.65 -> 8.00 (-36.8%), bound=15.0%
[WARN]  CIK 875320 VRTX: return_outlier -- 2005-05-10: 11.19 -> 13.40 (+19.7%), bound=15.0%
[WARN]  CIK 875320 VRTX: return_outlier -- 2006-10-27: 34.57 -> 40.66 (+17.6%), bound=15.0%
[WARN]  CIK 875320 VRTX: return_outlier -- 2007-11-05: 28.90 -> 24.08 (-16.7%), bound=15.0%
[WARN]  CIK 875320 VRTX: return_outlier -- 2008-03-31: 18.66 -> 23.89 (+28.0%), bound=15.0%
[WARN]  CIK 875320 VRTX: return_outlier -- 2008-09-24: 27.30 -> 31.66 (+16.0%), bound=15.0%
[WARN]  CIK 875320 VRTX: return_outlier -- 2011-02-23: 38.22 -> 43.97 (+15.0%), bound=15.0%
[WARN]  CIK 875320 VRTX: return_outlier -- 2012-05-07: 37.41 -> 58.12 (+55.4%), bound=15.0%
[WARN]  CIK 875320 VRTX: return_outlier -- 2012-06-28: 61.11 -> 51.18 (-16.2%), bound=15.0%
[WARN]  CIK 875320 VRTX: return_outlier -- 2013-04-19: 52.87 -> 85.60 (+61.9%), bound=15.0%
[WARN]  CIK 875320 VRTX: return_outlier -- 2014-06-24: 66.61 -> 93.53 (+40.4%), bound=15.0%
[WARN]  CIK 875320 VRTX: return_outlier -- 2017-03-29: 89.67 -> 108.01 (+20.5%), bound=15.0%
[WARN]  CIK 875320 VRTX: return_outlier -- 2017-07-19: 132.16 -> 159.69 (+20.8%), bound=15.0%
[WARN]  CIK 875320 VRTX: return_outlier -- 2018-06-29: 147.59 -> 169.96 (+15.2%), bound=15.0%
[WARN]  CIK 875320 VRTX: return_outlier -- 2020-10-15: 271.46 -> 215.28 (-20.7%), bound=15.0%
[WARN]  CIK 875320 VRTX: return_outlier -- 2025-08-05: 472.27 -> 374.98 (-20.6%), bound=15.0%
[WARN]  CIK 882095 GILD: return_outlier -- 1992-04-07: 0.48 -> 0.41 (-16.1%), bound=15.0%
[WARN]  CIK 882095 GILD: return_outlier -- 1992-06-30: 0.32 -> 0.38 (+19.5%), bound=15.0%
[WARN]  CIK 882095 GILD: return_outlier -- 1992-12-17: 0.44 -> 0.52 (+17.9%), bound=15.0%
[WARN]  CIK 882095 GILD: return_outlier -- 1995-11-16: 0.67 -> 0.78 (+17.0%), bound=15.0%
[WARN]  CIK 882095 GILD: return_outlier -- 1996-03-15: 1.09 -> 0.84 (-23.0%), bound=15.0%
[WARN]  CIK 882095 GILD: return_outlier -- 1996-05-20: 1.03 -> 1.22 (+18.2%), bound=15.0%
[WARN]  CIK 882095 GILD: return_outlier -- 1996-06-17: 0.88 -> 0.74 (-15.2%), bound=15.0%
[WARN]  CIK 882095 GILD: return_outlier -- 1996-06-19: 0.68 -> 0.79 (+16.7%), bound=15.0%
[WARN]  CIK 882095 GILD: return_outlier -- 1996-07-15: 0.64 -> 0.54 (-15.3%), bound=15.0%
[WARN]  CIK 882095 GILD: return_outlier -- 1998-04-06: 1.13 -> 1.35 (+19.7%), bound=15.0%
[WARN]  CIK 882095 GILD: return_outlier -- 1998-07-02: 0.95 -> 0.79 (-16.5%), bound=15.0%
[WARN]  CIK 882095 GILD: return_outlier -- 1998-09-11: 0.63 -> 0.73 (+15.4%), bound=15.0%
[WARN]  CIK 882095 GILD: return_outlier -- 1998-12-16: 0.99 -> 1.14 (+15.1%), bound=15.0%
[WARN]  CIK 882095 GILD: return_outlier -- 1999-01-26: 1.12 -> 1.29 (+15.4%), bound=15.0%
[WARN]  CIK 882095 GILD: return_outlier -- 1999-03-04: 1.31 -> 1.51 (+15.1%), bound=15.0%
[WARN]  CIK 882095 GILD: return_outlier -- 1999-03-22: 1.77 -> 1.50 (-15.2%), bound=15.0%
[WARN]  CIK 882095 GILD: return_outlier -- 1999-04-20: 1.13 -> 1.30 (+15.1%), bound=15.0%
[WARN]  CIK 882095 GILD: return_outlier -- 1999-11-02: 1.97 -> 1.53 (-22.5%), bound=15.0%
[WARN]  CIK 882095 GILD: return_outlier -- 2000-01-07: 1.78 -> 2.05 (+15.3%), bound=15.0%
[WARN]  CIK 882095 GILD: return_outlier -- 2000-02-07: 1.46 -> 1.70 (+16.2%), bound=15.0%
[WARN]  CIK 882095 GILD: return_outlier -- 2000-02-17: 2.00 -> 2.33 (+16.4%), bound=15.0%
[WARN]  CIK 882095 GILD: return_outlier -- 2000-04-28: 1.36 -> 1.69 (+24.7%), bound=15.0%
[WARN]  CIK 882095 GILD: return_outlier -- 2000-05-04: 1.68 -> 1.97 (+17.8%), bound=15.0%
[WARN]  CIK 882095 GILD: return_outlier -- 2000-08-01: 2.32 -> 2.72 (+17.3%), bound=15.0%
[WARN]  CIK 885725 BSX: return_outlier -- 1993-04-01: 4.00 -> 3.38 (-15.6%), bound=15.0%
[WARN]  CIK 885725 BSX: return_outlier -- 1993-09-15: 3.34 -> 2.81 (-15.9%), bound=15.0%
[WARN]  CIK 885725 BSX: return_outlier -- 1993-10-13: 2.62 -> 3.06 (+16.7%), bound=15.0%
[WARN]  CIK 885725 BSX: return_outlier -- 1997-04-11: 15.12 -> 11.53 (-23.8%), bound=15.0%
[WARN]  CIK 885725 BSX: return_outlier -- 1997-09-05: 18.97 -> 15.66 (-17.5%), bound=15.0%
[WARN]  CIK 885725 BSX: return_outlier -- 1999-08-06: 18.25 -> 15.00 (-17.8%), bound=15.0%
[WARN]  CIK 885725 BSX: return_outlier -- 1999-09-15: 17.66 -> 13.50 (-23.5%), bound=15.0%
[WARN]  CIK 885725 BSX: return_outlier -- 2000-03-16: 10.66 -> 12.38 (+16.1%), bound=15.0%
[WARN]  CIK 885725 BSX: return_outlier -- 2000-07-19: 12.88 -> 9.44 (-26.7%), bound=15.0%
[WARN]  CIK 885725 BSX: return_outlier -- 2002-07-24: 11.65 -> 13.55 (+16.3%), bound=15.0%
[WARN]  CIK 885725 BSX: return_outlier -- 2008-10-13: 7.31 -> 9.22 (+26.1%), bound=15.0%
[WARN]  CIK 885725 BSX: return_outlier -- 2008-11-20: 6.55 -> 5.48 (-16.3%), bound=15.0%
[WARN]  CIK 885725 BSX: return_outlier -- 2008-12-05: 6.57 -> 7.61 (+15.8%), bound=15.0%
[WARN]  CIK 885725 BSX: return_outlier -- 2009-10-20: 10.16 -> 8.57 (-15.6%), bound=15.0%
[WARN]  CIK 885725 BSX: return_outlier -- 2026-02-04: 91.62 -> 75.50 (-17.6%), bound=15.0%
[WARN]  CIK 886982 GS: return_outlier -- 2001-01-03: 100.25 -> 115.50 (+15.2%), bound=15.0%
[WARN]  CIK 886982 GS: return_outlier -- 2008-03-18: 151.02 -> 175.59 (+16.3%), bound=15.0%
[WARN]  CIK 886982 GS: return_outlier -- 2008-09-19: 108.00 -> 129.80 (+20.2%), bound=15.0%
[WARN]  CIK 886982 GS: return_outlier -- 2008-10-13: 88.80 -> 111.00 (+25.0%), bound=15.0%
[WARN]  CIK 886982 GS: return_outlier -- 2008-11-24: 53.31 -> 67.42 (+26.5%), bound=15.0%
[WARN]  CIK 886982 GS: return_outlier -- 2008-12-01: 78.99 -> 65.76 (-16.7%), bound=15.0%
[WARN]  CIK 886982 GS: return_outlier -- 2009-01-20: 73.05 -> 59.20 (-19.0%), bound=15.0%
[WARN]  CIK 886982 GS: return_outlier -- 2009-01-21: 59.20 -> 69.90 (+18.1%), bound=15.0%
[WARN]  CIK 886982 GS: return_outlier -- 2009-02-24: 80.07 -> 92.98 (+16.1%), bound=15.0%
[WARN]  CIK 886982 GS: return_outlier -- 2009-03-10: 73.95 -> 85.28 (+15.3%), bound=15.0%
[WARN]  CIK 886982 GS: return_outlier -- 2009-03-23: 97.32 -> 111.93 (+15.0%), bound=15.0%
[WARN]  CIK 886982 GS: return_outlier -- 2020-03-13: 150.68 -> 177.17 (+17.6%), bound=15.0%
[WARN]  CIK 895421 MS: return_outlier -- 2001-01-03: 72.12 -> 83.69 (+16.0%), bound=15.0%
[WARN]  CIK 895421 MS: return_outlier -- 2001-04-05: 45.26 -> 52.40 (+15.8%), bound=15.0%
[WARN]  CIK 895421 MS: return_outlier -- 2008-03-18: 36.38 -> 42.86 (+17.8%), bound=15.0%
[WARN]  CIK 895421 MS: return_outlier -- 2008-09-17: 28.70 -> 21.75 (-24.2%), bound=15.0%
[WARN]  CIK 895421 MS: return_outlier -- 2008-09-19: 22.55 -> 27.21 (+20.7%), bound=15.0%
[WARN]  CIK 895421 MS: return_outlier -- 2008-09-29: 24.75 -> 20.99 (-15.2%), bound=15.0%
[WARN]  CIK 895421 MS: return_outlier -- 2008-10-07: 23.50 -> 17.65 (-24.9%), bound=15.0%
[WARN]  CIK 895421 MS: return_outlier -- 2008-10-09: 16.80 -> 12.45 (-25.9%), bound=15.0%
[WARN]  CIK 895421 MS: return_outlier -- 2008-10-10: 12.45 -> 9.68 (-22.2%), bound=15.0%
[WARN]  CIK 895421 MS: return_outlier -- 2008-10-13: 9.68 -> 18.10 (+87.0%), bound=15.0%
[WARN]  CIK 895421 MS: return_outlier -- 2008-10-14: 18.10 -> 21.94 (+21.2%), bound=15.0%
[WARN]  CIK 895421 MS: return_outlier -- 2008-10-15: 21.94 -> 18.13 (-17.4%), bound=15.0%
[WARN]  CIK 895421 MS: return_outlier -- 2008-10-27: 16.52 -> 13.73 (-16.9%), bound=15.0%
[WARN]  CIK 895421 MS: return_outlier -- 2008-11-12: 14.08 -> 11.94 (-15.2%), bound=15.0%
[WARN]  CIK 895421 MS: return_outlier -- 2008-11-24: 10.05 -> 13.38 (+33.1%), bound=15.0%
[WARN]  CIK 895421 MS: return_outlier -- 2008-12-01: 14.75 -> 11.35 (-23.1%), bound=15.0%
[WARN]  CIK 895421 MS: return_outlier -- 2008-12-03: 12.04 -> 13.85 (+15.0%), bound=15.0%
[WARN]  CIK 895421 MS: return_outlier -- 2008-12-16: 13.64 -> 16.13 (+18.3%), bound=15.0%
[WARN]  CIK 895421 MS: return_outlier -- 2009-01-20: 15.59 -> 13.10 (-16.0%), bound=15.0%
[WARN]  CIK 895421 MS: return_outlier -- 2009-01-21: 13.10 -> 16.86 (+28.7%), bound=15.0%
[WARN]  CIK 895421 MS: return_outlier -- 2009-01-28: 19.79 -> 23.00 (+16.2%), bound=15.0%
[WARN]  CIK 895421 MS: return_outlier -- 2009-02-24: 18.82 -> 22.07 (+17.3%), bound=15.0%
[WARN]  CIK 895421 MS: return_outlier -- 2009-03-10: 16.48 -> 20.84 (+26.5%), bound=15.0%
[WARN]  CIK 895421 MS: return_outlier -- 2009-03-23: 20.24 -> 24.43 (+20.7%), bound=15.0%
[WARN]  CIK 895421 MS: return_outlier -- 2011-10-27: 16.64 -> 19.41 (+16.6%), bound=15.0%
[WARN]  CIK 895421 MS: return_outlier -- 2020-03-12: 36.87 -> 31.31 (-15.1%), bound=15.0%
[WARN]  CIK 895421 MS: return_outlier -- 2020-03-13: 31.31 -> 37.50 (+19.8%), bound=15.0%
[WARN]  CIK 895421 MS: return_outlier -- 2020-03-16: 37.50 -> 31.65 (-15.6%), bound=15.0%
[WARN]  CIK 895421 MS: return_outlier -- 2020-03-24: 27.81 -> 33.22 (+19.5%), bound=15.0%
[WARN]  CIK 895728 ENB: return_outlier -- 1992-01-09: 3.59 -> 2.98 (-17.0%), bound=15.0%
[WARN]  CIK 895728 ENB: return_outlier -- 2020-03-09: 38.02 -> 31.24 (-17.8%), bound=15.0%
[WARN]  CIK 895728 ENB: return_outlier -- 2020-03-12: 31.19 -> 25.96 (-16.8%), bound=15.0%
[WARN]  CIK 895728 ENB: return_outlier -- 2020-03-13: 25.96 -> 30.93 (+19.1%), bound=15.0%
[WARN]  CIK 896159 CB: return_outlier -- 2000-02-16: 15.19 -> 18.12 (+19.3%), bound=15.0%
[WARN]  CIK 896159 CB: return_outlier -- 2001-09-24: 20.50 -> 23.76 (+15.9%), bound=15.0%
[WARN]  CIK 896159 CB: return_outlier -- 2001-10-03: 28.90 -> 34.31 (+18.7%), bound=15.0%
[WARN]  CIK 896159 CB: return_outlier -- 2008-10-09: 45.50 -> 38.25 (-15.9%), bound=15.0%
[WARN]  CIK 896159 CB: return_outlier -- 2008-11-19: 50.41 -> 40.45 (-19.8%), bound=15.0%
[WARN]  CIK 896159 CB: return_outlier -- 2008-11-21: 37.97 -> 45.85 (+20.8%), bound=15.0%
[WARN]  CIK 896159 CB: return_outlier -- 2008-12-01: 52.25 -> 44.25 (-15.3%), bound=15.0%
[WARN]  CIK 896159 CB: return_outlier -- 2020-03-16: 121.86 -> 101.42 (-16.8%), bound=15.0%
[WARN]  CIK 896878 INTU: return_outlier -- 1993-11-09: 3.15 -> 3.62 (+15.2%), bound=15.0%
[WARN]  CIK 896878 INTU: return_outlier -- 1994-10-14: 4.19 -> 5.61 (+34.1%), bound=15.0%
[WARN]  CIK 896878 INTU: return_outlier -- 1995-05-22: 6.21 -> 5.17 (-16.8%), bound=15.0%
[WARN]  CIK 896878 INTU: return_outlier -- 1996-03-01: 11.12 -> 8.42 (-24.3%), bound=15.0%
[WARN]  CIK 896878 INTU: return_outlier -- 1996-11-06: 4.92 -> 6.08 (+23.7%), bound=15.0%
[WARN]  CIK 896878 INTU: return_outlier -- 1997-08-28: 4.01 -> 4.67 (+16.4%), bound=15.0%
[WARN]  CIK 896878 INTU: return_outlier -- 1997-09-22: 4.46 -> 5.23 (+17.3%), bound=15.0%
[WARN]  CIK 896878 INTU: return_outlier -- 1998-08-31: 7.19 -> 5.70 (-20.7%), bound=15.0%
[WARN]  CIK 896878 INTU: return_outlier -- 1998-09-01: 5.70 -> 6.71 (+17.7%), bound=15.0%
[WARN]  CIK 896878 INTU: return_outlier -- 1998-09-23: 6.60 -> 7.69 (+16.4%), bound=15.0%
[WARN]  CIK 896878 INTU: return_outlier -- 1999-01-19: 14.20 -> 16.39 (+15.4%), bound=15.0%
[WARN]  CIK 896878 INTU: return_outlier -- 1999-04-19: 15.93 -> 13.16 (-17.4%), bound=15.0%
[WARN]  CIK 896878 INTU: return_outlier -- 1999-11-26: 25.19 -> 29.44 (+16.9%), bound=15.0%
[WARN]  CIK 896878 INTU: return_outlier -- 2000-01-05: 30.44 -> 39.22 (+28.9%), bound=15.0%
[WARN]  CIK 896878 INTU: return_outlier -- 2000-01-10: 36.78 -> 42.56 (+15.7%), bound=15.0%
[WARN]  CIK 896878 INTU: return_outlier -- 2000-02-25: 36.16 -> 29.28 (-19.0%), bound=15.0%
[WARN]  CIK 896878 INTU: return_outlier -- 2000-04-10: 25.16 -> 20.50 (-18.5%), bound=15.0%
[WARN]  CIK 896878 INTU: return_outlier -- 2000-05-24: 13.53 -> 17.53 (+29.6%), bound=15.0%
[WARN]  CIK 896878 INTU: return_outlier -- 2000-08-23: 23.03 -> 27.31 (+18.6%), bound=15.0%
[WARN]  CIK 896878 INTU: return_outlier -- 2001-02-21: 16.34 -> 19.00 (+16.3%), bound=15.0%
[WARN]  CIK 896878 INTU: return_outlier -- 2001-03-15: 21.12 -> 14.91 (-29.4%), bound=15.0%
[WARN]  CIK 896878 INTU: return_outlier -- 2001-04-05: 12.44 -> 14.80 (+19.0%), bound=15.0%
[WARN]  CIK 896878 INTU: return_outlier -- 2001-08-22: 14.73 -> 18.02 (+22.4%), bound=15.0%
[WARN]  CIK 896878 INTU: return_outlier -- 2003-03-21: 25.44 -> 19.36 (-23.9%), bound=15.0%
[WARN]  CIK 896878 INTU: return_outlier -- 2010-08-20: 38.77 -> 44.60 (+15.0%), bound=15.0%
[WARN]  CIK 896878 INTU: return_outlier -- 2020-03-24: 194.72 -> 233.82 (+20.1%), bound=15.0%
[WARN]  CIK 896878 INTU: return_outlier -- 2026-05-21: 383.93 -> 307.07 (-20.0%), bound=15.0%
[WARN]  CIK 906107 VMRK: return_outlier -- 2008-09-18: 39.66 -> 49.00 (+23.6%), bound=15.0%
[WARN]  CIK 906107 VMRK: return_outlier -- 2008-10-10: 33.38 -> 41.00 (+22.8%), bound=15.0%
[WARN]  CIK 906107 VMRK: return_outlier -- 2008-10-15: 35.91 -> 30.28 (-15.7%), bound=15.0%
[WARN]  CIK 906107 VMRK: return_outlier -- 2008-11-24: 25.35 -> 29.94 (+18.1%), bound=15.0%
[WARN]  CIK 906107 VMRK: return_outlier -- 2008-12-01: 30.43 -> 23.85 (-21.6%), bound=15.0%
[WARN]  CIK 906107 VMRK: return_outlier -- 2008-12-02: 23.85 -> 28.67 (+20.2%), bound=15.0%
[WARN]  CIK 906107 VMRK: return_outlier -- 2008-12-11: 34.48 -> 27.43 (-20.4%), bound=15.0%
[WARN]  CIK 906107 VMRK: return_outlier -- 2008-12-12: 27.43 -> 31.65 (+15.4%), bound=15.0%
[WARN]  CIK 906107 VMRK: return_outlier -- 2009-03-23: 16.99 -> 20.56 (+21.0%), bound=15.0%
[WARN]  CIK 906107 VMRK: return_outlier -- 2009-04-09: 19.40 -> 22.74 (+17.2%), bound=15.0%
[WARN]  CIK 906107 VMRK: return_outlier -- 2009-04-21: 19.70 -> 22.90 (+16.2%), bound=15.0%
[WARN]  CIK 906107 VMRK: return_outlier -- 2020-03-16: 73.61 -> 61.16 (-16.9%), bound=15.0%
[WARN]  CIK 906107 VMRK: return_outlier -- 2020-11-09: 51.52 -> 59.28 (+15.1%), bound=15.0%
[WARN]  CIK 915912 AVB: return_outlier -- 2008-11-24: 17.11 -> 20.21 (+18.1%), bound=15.0%
[WARN]  CIK 915912 AVB: return_outlier -- 2008-12-01: 21.72 -> 18.00 (-17.1%), bound=15.0%
[WARN]  CIK 915912 AVB: return_outlier -- 2009-03-23: 15.98 -> 18.44 (+15.4%), bound=15.0%
[WARN]  CIK 915912 AVB: return_outlier -- 2009-04-09: 17.24 -> 19.87 (+15.3%), bound=15.0%
[WARN]  CIK 915912 AVB: return_outlier -- 2020-03-16: 69.16 -> 58.53 (-15.4%), bound=15.0%
[WARN]  CIK 915912 AVB: return_outlier -- 2020-03-18: 65.02 -> 55.09 (-15.3%), bound=15.0%
[WARN]  CIK 927628 COF: return_outlier -- 1998-08-31: 34.81 -> 29.17 (-16.2%), bound=15.0%
[WARN]  CIK 927628 COF: return_outlier -- 1998-10-07: 28.33 -> 22.33 (-21.2%), bound=15.0%
[WARN]  CIK 927628 COF: return_outlier -- 2002-07-17: 50.60 -> 30.48 (-39.8%), bound=15.0%
[WARN]  CIK 927628 COF: return_outlier -- 2002-10-16: 34.64 -> 27.85 (-19.6%), bound=15.0%
[WARN]  CIK 927628 COF: return_outlier -- 2007-11-07: 59.47 -> 50.21 (-15.6%), bound=15.0%
[WARN]  CIK 927628 COF: return_outlier -- 2008-09-18: 46.34 -> 54.00 (+16.5%), bound=15.0%
[WARN]  CIK 927628 COF: return_outlier -- 2008-09-29: 54.55 -> 44.00 (-19.3%), bound=15.0%
[WARN]  CIK 927628 COF: return_outlier -- 2008-09-30: 44.00 -> 51.00 (+15.9%), bound=15.0%
[WARN]  CIK 927628 COF: return_outlier -- 2008-10-15: 44.47 -> 37.76 (-15.1%), bound=15.0%
[WARN]  CIK 927628 COF: return_outlier -- 2008-10-28: 34.40 -> 39.90 (+16.0%), bound=15.0%
[WARN]  CIK 927628 COF: return_outlier -- 2008-11-24: 26.83 -> 31.75 (+18.3%), bound=15.0%
[WARN]  CIK 927628 COF: return_outlier -- 2008-12-01: 34.41 -> 27.13 (-21.2%), bound=15.0%
[WARN]  CIK 927628 COF: return_outlier -- 2009-01-29: 20.30 -> 16.87 (-16.9%), bound=15.0%
[WARN]  CIK 927628 COF: return_outlier -- 2009-02-17: 12.11 -> 10.13 (-16.4%), bound=15.0%
[WARN]  CIK 927628 COF: return_outlier -- 2009-02-19: 10.95 -> 9.04 (-17.4%), bound=15.0%
[WARN]  CIK 927628 COF: return_outlier -- 2009-02-24: 9.13 -> 11.31 (+23.9%), bound=15.0%
[WARN]  CIK 927628 COF: return_outlier -- 2009-03-02: 12.05 -> 10.10 (-16.2%), bound=15.0%
[WARN]  CIK 927628 COF: return_outlier -- 2009-03-10: 8.73 -> 10.05 (+15.1%), bound=15.0%
[WARN]  CIK 927628 COF: return_outlier -- 2009-03-12: 10.82 -> 13.31 (+23.0%), bound=15.0%
[WARN]  CIK 927628 COF: return_outlier -- 2009-03-23: 11.34 -> 13.62 (+20.1%), bound=15.0%
[WARN]  CIK 927628 COF: return_outlier -- 2009-03-30: 14.23 -> 11.35 (-20.2%), bound=15.0%
[WARN]  CIK 927628 COF: return_outlier -- 2009-04-09: 13.81 -> 17.46 (+26.4%), bound=15.0%
[WARN]  CIK 927628 COF: return_outlier -- 2009-04-20: 17.85 -> 13.38 (-25.0%), bound=15.0%
[WARN]  CIK 927628 COF: return_outlier -- 2009-04-23: 14.38 -> 16.93 (+17.7%), bound=15.0%
[WARN]  CIK 927628 COF: return_outlier -- 2009-05-04: 17.34 -> 20.31 (+17.1%), bound=15.0%
[WARN]  CIK 927628 COF: return_outlier -- 2009-05-07: 22.39 -> 26.45 (+18.1%), bound=15.0%
[WARN]  CIK 927628 COF: return_outlier -- 2009-05-08: 26.45 -> 31.34 (+18.5%), bound=15.0%
[WARN]  CIK 927628 COF: return_outlier -- 2020-03-16: 72.84 -> 55.45 (-23.9%), bound=15.0%
[WARN]  CIK 927628 COF: return_outlier -- 2020-03-18: 53.92 -> 44.30 (-17.8%), bound=15.0%
[WARN]  CIK 927628 COF: return_outlier -- 2020-03-24: 42.87 -> 50.91 (+18.8%), bound=15.0%
[WARN]  CIK 927628 COF: return_outlier -- 2020-04-06: 42.27 -> 49.42 (+16.9%), bound=15.0%
[WARN]  CIK 927628 COF: return_outlier -- 2024-11-06: 166.05 -> 190.97 (+15.0%), bound=15.0%
[WARN]  CIK 927653 MCK: return_outlier -- 1999-04-28: 65.75 -> 34.50 (-47.5%), bound=15.0%
[WARN]  CIK 927653 MCK: return_outlier -- 2004-09-08: 31.83 -> 26.98 (-15.2%), bound=15.0%
[WARN]  CIK 927653 MCK: return_outlier -- 2008-10-13: 39.04 -> 45.30 (+16.0%), bound=15.0%
[WARN]  CIK 927653 MCK: return_outlier -- 2009-03-11: 41.92 -> 34.77 (-17.1%), bound=15.0%
[WARN]  CIK 927653 MCK: return_outlier -- 2016-10-28: 160.50 -> 124.11 (-22.7%), bound=15.0%
[WARN]  CIK 927653 MCK: return_outlier -- 2026-02-05: 822.00 -> 957.80 (+16.5%), bound=15.0%
[WARN]  CIK 936468 LMT: return_outlier -- 1970-06-01: 0.92 -> 1.07 (+16.7%), bound=15.0%
[WARN]  CIK 936468 LMT: return_outlier -- 1970-09-11: 1.12 -> 1.32 (+17.0%), bound=15.0%
[WARN]  CIK 936468 LMT: return_outlier -- 1971-02-04: 1.42 -> 1.19 (-16.2%), bound=15.0%
[WARN]  CIK 936468 LMT: return_outlier -- 1973-12-04: 0.43 -> 0.35 (-20.6%), bound=15.0%
[WARN]  CIK 936468 LMT: return_outlier -- 1973-12-06: 0.35 -> 0.42 (+22.2%), bound=15.0%
[WARN]  CIK 936468 LMT: return_outlier -- 1973-12-07: 0.42 -> 0.49 (+15.2%), bound=15.0%
[WARN]  CIK 936468 LMT: return_outlier -- 1974-01-24: 0.43 -> 0.54 (+23.5%), bound=15.0%
[WARN]  CIK 936468 LMT: return_outlier -- 1975-03-12: 0.60 -> 0.72 (+19.1%), bound=15.0%
[WARN]  CIK 936468 LMT: return_outlier -- 1975-05-23: 0.91 -> 1.15 (+26.8%), bound=15.0%
[WARN]  CIK 936468 LMT: return_outlier -- 1976-03-08: 1.05 -> 1.21 (+15.9%), bound=15.0%
[WARN]  CIK 936468 LMT: return_outlier -- 1976-03-09: 1.21 -> 1.01 (-16.8%), bound=15.0%
[WARN]  CIK 936468 LMT: return_outlier -- 1977-06-07: 1.21 -> 1.41 (+15.8%), bound=15.0%
[WARN]  CIK 936468 LMT: return_outlier -- 1978-10-30: 1.78 -> 2.08 (+17.3%), bound=15.0%
[WARN]  CIK 936468 LMT: return_outlier -- 1981-12-08: 4.23 -> 5.04 (+19.0%), bound=15.0%
[WARN]  CIK 936468 LMT: return_outlier -- 1986-11-14: 14.49 -> 16.95 (+16.9%), bound=15.0%
[WARN]  CIK 936468 LMT: return_outlier -- 1987-10-19: 14.61 -> 10.97 (-24.9%), bound=15.0%
[WARN]  CIK 936468 LMT: return_outlier -- 1987-10-21: 11.16 -> 12.92 (+15.8%), bound=15.0%
[WARN]  CIK 936468 LMT: return_outlier -- 1994-08-30: 20.25 -> 23.54 (+16.3%), bound=15.0%
[WARN]  CIK 1001250 EL: return_outlier -- 2009-05-04: 15.56 -> 18.44 (+18.5%), bound=15.0%
[WARN]  CIK 1001250 EL: return_outlier -- 2011-11-03: 50.42 -> 59.46 (+17.9%), bound=15.0%
[WARN]  CIK 1001250 EL: return_outlier -- 2023-05-03: 245.22 -> 202.70 (-17.3%), bound=15.0%
[WARN]  CIK 1001250 EL: return_outlier -- 2023-11-01: 128.87 -> 104.51 (-18.9%), bound=15.0%
[WARN]  CIK 1001250 EL: return_outlier -- 2024-10-31: 87.15 -> 68.94 (-20.9%), bound=15.0%
[WARN]  CIK 1001250 EL: return_outlier -- 2025-02-04: 82.77 -> 69.47 (-16.1%), bound=15.0%
[WARN]  CIK 1001250 EL: return_outlier -- 2025-04-03: 68.76 -> 58.19 (-15.4%), bound=15.0%
[WARN]  CIK 1001250 EL: return_outlier -- 2026-02-05: 119.61 -> 96.66 (-19.2%), bound=15.0%
[WARN]  CIK 1001250 EL: return_outlier -- 2026-08-19: 84.27 -> 98.01 (+16.3%), bound=15.0%
[WARN]  CIK 1018724 AMZN: return_outlier -- 1997-07-03: 0.08 -> 0.10 (+20.3%), bound=15.0%
[WARN]  CIK 1018724 AMZN: return_outlier -- 1997-07-08: 0.10 -> 0.12 (+15.1%), bound=15.0%
[WARN]  CIK 1018724 AMZN: return_outlier -- 1997-09-08: 0.12 -> 0.15 (+20.0%), bound=15.0%
[WARN]  CIK 1018724 AMZN: return_outlier -- 1997-09-12: 0.16 -> 0.18 (+16.8%), bound=15.0%
[WARN]  CIK 1018724 AMZN: return_outlier -- 1997-09-15: 0.18 -> 0.15 (-16.1%), bound=15.0%
[WARN]  CIK 1018724 AMZN: return_outlier -- 1997-09-19: 0.16 -> 0.20 (+19.9%), bound=15.0%
[WARN]  CIK 1018724 AMZN: return_outlier -- 1997-10-21: 0.19 -> 0.22 (+15.8%), bound=15.0%
[WARN]  CIK 1018724 AMZN: return_outlier -- 1997-10-27: 0.25 -> 0.21 (-15.0%), bound=15.0%
[WARN]  CIK 1018724 AMZN: return_outlier -- 1997-10-28: 0.21 -> 0.25 (+15.9%), bound=15.0%
[WARN]  CIK 1018724 AMZN: return_outlier -- 1998-04-28: 0.34 -> 0.40 (+15.6%), bound=15.0%
[WARN]  CIK 1018724 AMZN: return_outlier -- 1998-06-11: 0.45 -> 0.52 (+15.5%), bound=15.0%
[WARN]  CIK 1018724 AMZN: return_outlier -- 1998-08-31: 0.88 -> 0.70 (-20.9%), bound=15.0%
[WARN]  CIK 1018724 AMZN: return_outlier -- 1998-09-16: 0.61 -> 0.70 (+15.8%), bound=15.0%
[WARN]  CIK 1018724 AMZN: return_outlier -- 1998-09-23: 0.73 -> 0.88 (+19.2%), bound=15.0%
[WARN]  CIK 1018724 AMZN: return_outlier -- 1998-11-17: 1.05 -> 1.24 (+17.6%), bound=15.0%
[WARN]  CIK 1018724 AMZN: return_outlier -- 1998-11-20: 1.28 -> 1.51 (+17.9%), bound=15.0%
[WARN]  CIK 1018724 AMZN: return_outlier -- 1998-11-23: 1.51 -> 1.82 (+20.7%), bound=15.0%
[WARN]  CIK 1018724 AMZN: return_outlier -- 1998-12-16: 2.02 -> 2.41 (+19.1%), bound=15.0%
[WARN]  CIK 1018724 AMZN: return_outlier -- 1999-01-07: 3.45 -> 3.97 (+15.1%), bound=15.0%
[WARN]  CIK 1018724 AMZN: return_outlier -- 1999-01-11: 4.01 -> 4.62 (+15.2%), bound=15.0%
[WARN]  CIK 1018724 AMZN: return_outlier -- 1999-01-20: 3.50 -> 2.83 (-19.2%), bound=15.0%
[WARN]  CIK 1018724 AMZN: return_outlier -- 1999-01-22: 2.65 -> 3.08 (+16.0%), bound=15.0%
[WARN]  CIK 1018724 AMZN: return_outlier -- 1999-04-19: 4.75 -> 3.97 (-16.3%), bound=15.0%
[WARN]  CIK 1018724 AMZN: return_outlier -- 1999-06-16: 2.41 -> 2.79 (+15.7%), bound=15.0%
[WARN]  CIK 1018724 AMZN: return_outlier -- 1999-09-29: 3.29 -> 4.04 (+22.6%), bound=15.0%
[WARN]  CIK 1018724 AMZN: return_outlier -- 1999-11-08: 3.25 -> 3.90 (+20.1%), bound=15.0%
[WARN]  CIK 1018724 AMZN: return_outlier -- 1999-12-09: 4.43 -> 5.18 (+17.0%), bound=15.0%
[WARN]  CIK 1018724 AMZN: return_outlier -- 2000-01-03: 3.81 -> 4.47 (+17.4%), bound=15.0%
[WARN]  CIK 1018724 AMZN: return_outlier -- 2000-02-03: 3.47 -> 4.21 (+21.2%), bound=15.0%
[WARN]  CIK 1018724 AMZN: return_outlier -- 2000-04-18: 2.35 -> 2.75 (+16.7%), bound=15.0%
[WARN]  CIK 1018724 AMZN: return_outlier -- 2000-06-02: 2.51 -> 2.89 (+15.3%), bound=15.0%
[WARN]  CIK 1018724 AMZN: return_outlier -- 2000-06-23: 2.10 -> 1.69 (-19.3%), bound=15.0%
[WARN]  CIK 1018724 AMZN: return_outlier -- 2000-07-14: 1.75 -> 2.13 (+21.8%), bound=15.0%
[WARN]  CIK 1018724 AMZN: return_outlier -- 2000-10-26: 1.59 -> 1.84 (+15.7%), bound=15.0%
[WARN]  CIK 1018724 AMZN: return_outlier -- 2001-01-03: 0.69 -> 0.88 (+26.6%), bound=15.0%
[WARN]  CIK 1018724 AMZN: return_outlier -- 2001-01-24: 0.95 -> 1.09 (+15.4%), bound=15.0%
[WARN]  CIK 1018724 AMZN: return_outlier -- 2001-03-05: 0.50 -> 0.63 (+26.3%), bound=15.0%
[WARN]  CIK 1018724 AMZN: return_outlier -- 2001-04-09: 0.42 -> 0.56 (+33.6%), bound=15.0%
[WARN]  CIK 1018724 AMZN: return_outlier -- 2001-07-24: 0.80 -> 0.60 (-24.8%), bound=15.0%
[WARN]  CIK 1018724 AMZN: return_outlier -- 2001-10-24: 0.48 -> 0.38 (-20.0%), bound=15.0%
[WARN]  CIK 1018724 AMZN: return_outlier -- 2001-11-14: 0.36 -> 0.47 (+30.2%), bound=15.0%
[WARN]  CIK 1018724 AMZN: return_outlier -- 2001-11-26: 0.45 -> 0.61 (+34.5%), bound=15.0%
[WARN]  CIK 1018724 AMZN: return_outlier -- 2002-01-22: 0.51 -> 0.63 (+24.0%), bound=15.0%
[WARN]  CIK 1018724 AMZN: return_outlier -- 2002-04-24: 0.70 -> 0.84 (+19.4%), bound=15.0%
[WARN]  CIK 1018724 AMZN: return_outlier -- 2002-07-01: 0.81 -> 0.68 (-16.6%), bound=15.0%
[WARN]  CIK 1018724 AMZN: return_outlier -- 2003-04-25: 1.26 -> 1.45 (+15.3%), bound=15.0%
[WARN]  CIK 1018724 AMZN: return_outlier -- 2003-07-23: 1.74 -> 2.01 (+15.0%), bound=15.0%
[WARN]  CIK 1018724 AMZN: return_outlier -- 2005-07-27: 1.89 -> 2.18 (+15.7%), bound=15.0%
[WARN]  CIK 1018724 AMZN: return_outlier -- 2006-07-26: 1.68 -> 1.31 (-21.8%), bound=15.0%
[WARN]  CIK 1018724 AMZN: return_outlier -- 2007-04-25: 2.24 -> 2.84 (+26.9%), bound=15.0%
[WARN]  CIK 1018724 AMZN: return_outlier -- 2007-07-25: 3.46 -> 4.31 (+24.4%), bound=15.0%
[WARN]  CIK 1018724 AMZN: return_outlier -- 2009-01-30: 2.50 -> 2.94 (+17.6%), bound=15.0%
[WARN]  CIK 1018724 AMZN: return_outlier -- 2009-10-23: 4.67 -> 5.92 (+26.8%), bound=15.0%
[WARN]  CIK 1018724 AMZN: return_outlier -- 2012-04-27: 9.80 -> 11.34 (+15.7%), bound=15.0%
[WARN]  CIK 1018724 AMZN: return_outlier -- 2026-07-31: 235.50 -> 271.58 (+15.3%), bound=15.0%
[WARN]  CIK 1032208 SRE: return_outlier -- 2008-10-07: 22.77 -> 19.08 (-16.2%), bound=15.0%
[WARN]  CIK 1032208 SRE: return_outlier -- 2008-10-28: 18.50 -> 21.27 (+15.0%), bound=15.0%
[WARN]  CIK 1032208 SRE: return_outlier -- 2018-06-11: 50.72 -> 58.60 (+15.5%), bound=15.0%
[WARN]  CIK 1032208 SRE: return_outlier -- 2020-03-12: 61.47 -> 52.13 (-15.2%), bound=15.0%
[WARN]  CIK 1032208 SRE: return_outlier -- 2020-03-16: 53.46 -> 44.31 (-17.1%), bound=15.0%
[WARN]  CIK 1032208 SRE: return_outlier -- 2025-02-25: 87.18 -> 70.64 (-19.0%), bound=15.0%
[WARN]  CIK 1034054 SBAC: return_outlier -- 1999-11-12: 14.88 -> 12.25 (-17.6%), bound=15.0%
[WARN]  CIK 1034054 SBAC: return_outlier -- 2000-01-10: 18.38 -> 22.00 (+19.7%), bound=15.0%
[WARN]  CIK 1034054 SBAC: return_outlier -- 2000-01-11: 22.00 -> 25.88 (+17.6%), bound=15.0%
[WARN]  CIK 1034054 SBAC: return_outlier -- 2000-04-18: 34.25 -> 40.12 (+17.2%), bound=15.0%
[WARN]  CIK 1034054 SBAC: return_outlier -- 2000-12-22: 36.38 -> 42.12 (+15.8%), bound=15.0%
[WARN]  CIK 1034054 SBAC: return_outlier -- 2001-03-22: 18.75 -> 15.81 (-15.7%), bound=15.0%
[WARN]  CIK 1034054 SBAC: return_outlier -- 2001-03-23: 15.81 -> 18.75 (+18.6%), bound=15.0%
[WARN]  CIK 1034054 SBAC: return_outlier -- 2001-04-11: 14.45 -> 16.68 (+15.4%), bound=15.0%
[WARN]  CIK 1034054 SBAC: return_outlier -- 2001-04-12: 16.68 -> 20.00 (+19.9%), bound=15.0%
[WARN]  CIK 1034054 SBAC: return_outlier -- 2001-04-18: 21.49 -> 27.24 (+26.8%), bound=15.0%
[WARN]  CIK 1034054 SBAC: return_outlier -- 2001-06-20: 17.55 -> 20.24 (+15.3%), bound=15.0%
[WARN]  CIK 1034054 SBAC: return_outlier -- 2001-06-29: 21.18 -> 24.75 (+16.9%), bound=15.0%
[WARN]  CIK 1034054 SBAC: return_outlier -- 2001-10-02: 13.19 -> 15.50 (+17.5%), bound=15.0%
[WARN]  CIK 1034054 SBAC: return_outlier -- 2001-10-25: 8.50 -> 10.00 (+17.6%), bound=15.0%
[WARN]  CIK 1034054 SBAC: return_outlier -- 2001-11-06: 9.21 -> 7.80 (-15.3%), bound=15.0%
[WARN]  CIK 1034054 SBAC: return_outlier -- 2001-11-07: 7.80 -> 6.25 (-19.9%), bound=15.0%
[WARN]  CIK 1034054 SBAC: return_outlier -- 2002-02-25: 3.06 -> 1.98 (-35.3%), bound=15.0%
[WARN]  CIK 1034054 SBAC: return_outlier -- 2002-03-06: 2.62 -> 3.36 (+28.2%), bound=15.0%
[WARN]  CIK 1034054 SBAC: return_outlier -- 2002-03-07: 3.36 -> 4.89 (+45.5%), bound=15.0%
[WARN]  CIK 1034054 SBAC: return_outlier -- 2002-04-05: 2.56 -> 2.97 (+16.0%), bound=15.0%
[WARN]  CIK 1034054 SBAC: return_outlier -- 2002-04-16: 2.44 -> 2.97 (+21.7%), bound=15.0%
[WARN]  CIK 1034054 SBAC: return_outlier -- 2002-06-17: 1.18 -> 1.56 (+32.2%), bound=15.0%
[WARN]  CIK 1034054 SBAC: return_outlier -- 2002-07-16: 1.16 -> 1.46 (+25.9%), bound=15.0%
[WARN]  CIK 1034054 SBAC: return_outlier -- 2002-07-17: 1.46 -> 1.75 (+19.9%), bound=15.0%
[WARN]  CIK 1034054 SBAC: return_outlier -- 2002-08-13: 1.30 -> 1.50 (+15.4%), bound=15.0%
[WARN]  CIK 1034054 SBAC: return_outlier -- 2002-08-16: 1.45 -> 1.85 (+27.6%), bound=15.0%
[WARN]  CIK 1034054 SBAC: return_outlier -- 2002-10-01: 1.09 -> 0.92 (-15.6%), bound=15.0%
[WARN]  CIK 1034054 SBAC: return_outlier -- 2002-10-02: 0.92 -> 0.77 (-16.3%), bound=15.0%
[WARN]  CIK 1034054 SBAC: return_outlier -- 2002-10-04: 0.80 -> 0.41 (-48.8%), bound=15.0%
[WARN]  CIK 1034054 SBAC: return_outlier -- 2002-10-07: 0.41 -> 0.32 (-22.0%), bound=15.0%
[WARN]  CIK 1034054 SBAC: return_outlier -- 2002-10-08: 0.32 -> 0.27 (-15.6%), bound=15.0%
[WARN]  CIK 1034054 SBAC: return_outlier -- 2002-10-10: 0.23 -> 0.29 (+26.1%), bound=15.0%
[WARN]  CIK 1034054 SBAC: return_outlier -- 2002-10-11: 0.29 -> 0.22 (-24.1%), bound=15.0%
[WARN]  CIK 1034054 SBAC: return_outlier -- 2002-10-15: 0.20 -> 0.23 (+15.0%), bound=15.0%
[WARN]  CIK 1034054 SBAC: return_outlier -- 2002-10-24: 0.23 -> 0.27 (+17.4%), bound=15.0%
[WARN]  CIK 1034054 SBAC: return_outlier -- 2002-10-25: 0.27 -> 0.33 (+22.2%), bound=15.0%
[WARN]  CIK 1034054 SBAC: return_outlier -- 2002-10-29: 0.37 -> 0.31 (-16.2%), bound=15.0%
[WARN]  CIK 1034054 SBAC: return_outlier -- 2002-10-30: 0.31 -> 0.40 (+29.0%), bound=15.0%
[WARN]  CIK 1034054 SBAC: return_outlier -- 2002-11-04: 0.38 -> 0.51 (+34.2%), bound=15.0%
[WARN]  CIK 1034054 SBAC: return_outlier -- 2002-11-06: 0.50 -> 0.61 (+22.0%), bound=15.0%
[WARN]  CIK 1034054 SBAC: return_outlier -- 2002-11-07: 0.61 -> 0.50 (-18.0%), bound=15.0%
[WARN]  CIK 1034054 SBAC: return_outlier -- 2002-11-11: 0.47 -> 0.39 (-17.0%), bound=15.0%
[WARN]  CIK 1034054 SBAC: return_outlier -- 2002-11-13: 0.35 -> 0.44 (+25.7%), bound=15.0%
[WARN]  CIK 1034054 SBAC: return_outlier -- 2002-11-19: 0.44 -> 0.60 (+36.4%), bound=15.0%
[WARN]  CIK 1034054 SBAC: return_outlier -- 2002-11-25: 0.62 -> 0.83 (+33.9%), bound=15.0%
[WARN]  CIK 1034054 SBAC: return_outlier -- 2002-12-11: 0.49 -> 0.58 (+18.4%), bound=15.0%
[WARN]  CIK 1034054 SBAC: return_outlier -- 2002-12-26: 0.35 -> 0.43 (+22.9%), bound=15.0%
[WARN]  CIK 1034054 SBAC: return_outlier -- 2003-01-07: 0.48 -> 0.57 (+18.8%), bound=15.0%
[WARN]  CIK 1034054 SBAC: return_outlier -- 2003-01-21: 0.60 -> 0.51 (-15.0%), bound=15.0%
[WARN]  CIK 1034054 SBAC: return_outlier -- 2003-02-07: 0.60 -> 0.70 (+16.7%), bound=15.0%
[WARN]  CIK 1034054 SBAC: return_outlier -- 2003-03-17: 0.63 -> 0.74 (+17.5%), bound=15.0%
[WARN]  CIK 1034054 SBAC: return_outlier -- 2003-03-19: 0.80 -> 0.94 (+17.5%), bound=15.0%
[WARN]  CIK 1034054 SBAC: return_outlier -- 2003-03-20: 0.94 -> 1.11 (+18.1%), bound=15.0%
[WARN]  CIK 1034054 SBAC: return_outlier -- 2003-03-21: 1.11 -> 1.31 (+18.0%), bound=15.0%
[WARN]  CIK 1034054 SBAC: return_outlier -- 2003-04-24: 1.43 -> 1.67 (+16.8%), bound=15.0%
[WARN]  CIK 1034054 SBAC: return_outlier -- 2003-05-09: 1.82 -> 2.24 (+23.1%), bound=15.0%
[WARN]  CIK 1034054 SBAC: return_outlier -- 2003-05-27: 2.50 -> 2.94 (+17.6%), bound=15.0%
[WARN]  CIK 1034054 SBAC: return_outlier -- 2003-08-12: 4.00 -> 3.32 (-17.0%), bound=15.0%
[WARN]  CIK 1034054 SBAC: return_outlier -- 2008-10-09: 16.09 -> 13.34 (-17.1%), bound=15.0%
[WARN]  CIK 1034054 SBAC: return_outlier -- 2008-10-13: 14.41 -> 18.10 (+25.6%), bound=15.0%
[WARN]  CIK 1034054 SBAC: return_outlier -- 2008-11-24: 10.80 -> 12.60 (+16.7%), bound=15.0%
[WARN]  CIK 1034054 SBAC: return_outlier -- 2009-03-10: 19.83 -> 23.00 (+16.0%), bound=15.0%
[WARN]  CIK 1034054 SBAC: return_outlier -- 2026-04-02: 171.56 -> 204.04 (+18.9%), bound=15.0%
[WARN]  CIK 1035002 VLO: return_outlier -- 1984-08-27: 1.89 -> 2.20 (+16.7%), bound=15.0%
[WARN]  CIK 1035002 VLO: return_outlier -- 1985-02-01: 1.69 -> 1.94 (+15.3%), bound=15.0%
[WARN]  CIK 1035002 VLO: return_outlier -- 1987-03-06: 2.11 -> 2.54 (+20.3%), bound=15.0%
[WARN]  CIK 1035002 VLO: return_outlier -- 1987-10-20: 1.63 -> 1.37 (-15.8%), bound=15.0%
[WARN]  CIK 1035002 VLO: return_outlier -- 1987-10-26: 1.46 -> 1.23 (-15.7%), bound=15.0%
[WARN]  CIK 1035002 VLO: return_outlier -- 1987-10-30: 1.06 -> 1.26 (+18.9%), bound=15.0%
[WARN]  CIK 1035002 VLO: return_outlier -- 1997-08-01: 9.83 -> 6.58 (-33.0%), bound=15.0%
[WARN]  CIK 1035002 VLO: return_outlier -- 2008-10-09: 20.51 -> 17.42 (-15.1%), bound=15.0%
[WARN]  CIK 1035002 VLO: return_outlier -- 2008-10-13: 16.73 -> 19.73 (+18.0%), bound=15.0%
[WARN]  CIK 1035002 VLO: return_outlier -- 2008-10-15: 20.02 -> 16.01 (-20.0%), bound=15.0%
[WARN]  CIK 1035002 VLO: return_outlier -- 2008-11-21: 12.84 -> 14.95 (+16.4%), bound=15.0%
[WARN]  CIK 1035002 VLO: return_outlier -- 2009-06-03: 20.46 -> 16.82 (-17.8%), bound=15.0%
[WARN]  CIK 1035002 VLO: return_outlier -- 2011-10-26: 19.96 -> 22.99 (+15.2%), bound=15.0%
[WARN]  CIK 1035002 VLO: return_outlier -- 2020-03-12: 54.42 -> 43.96 (-19.2%), bound=15.0%
[WARN]  CIK 1035002 VLO: return_outlier -- 2020-03-16: 49.90 -> 41.63 (-16.6%), bound=15.0%
[WARN]  CIK 1035002 VLO: return_outlier -- 2020-03-23: 38.66 -> 32.62 (-15.6%), bound=15.0%
[WARN]  CIK 1035002 VLO: return_outlier -- 2020-03-26: 39.63 -> 45.60 (+15.1%), bound=15.0%
[WARN]  CIK 1035002 VLO: return_outlier -- 2020-04-17: 45.00 -> 51.76 (+15.0%), bound=15.0%
[WARN]  CIK 1035002 VLO: return_outlier -- 2020-11-09: 38.17 -> 50.08 (+31.2%), bound=15.0%
[WARN]  CIK 1035267 ISRG: return_outlier -- 2000-06-21: 2.08 -> 2.44 (+17.3%), bound=15.0%
[WARN]  CIK 1035267 ISRG: return_outlier -- 2000-07-10: 2.28 -> 2.79 (+22.6%), bound=15.0%
[WARN]  CIK 1035267 ISRG: return_outlier -- 2000-07-12: 2.83 -> 3.33 (+17.6%), bound=15.0%
[WARN]  CIK 1035267 ISRG: return_outlier -- 2000-07-31: 3.61 -> 4.19 (+16.2%), bound=15.0%
[WARN]  CIK 1035267 ISRG: return_outlier -- 2000-08-25: 2.86 -> 3.36 (+17.5%), bound=15.0%
[WARN]  CIK 1035267 ISRG: return_outlier -- 2000-11-27: 2.28 -> 2.65 (+16.5%), bound=15.0%
[WARN]  CIK 1035267 ISRG: return_outlier -- 2000-12-19: 1.57 -> 1.33 (-15.0%), bound=15.0%
[WARN]  CIK 1035267 ISRG: return_outlier -- 2000-12-29: 1.64 -> 1.89 (+15.3%), bound=15.0%
[WARN]  CIK 1035267 ISRG: return_outlier -- 2001-01-11: 1.50 -> 1.81 (+20.4%), bound=15.0%
[WARN]  CIK 1035267 ISRG: return_outlier -- 2001-02-09: 2.01 -> 1.64 (-18.6%), bound=15.0%
[WARN]  CIK 1035267 ISRG: return_outlier -- 2001-04-02: 1.08 -> 0.90 (-16.7%), bound=15.0%
[WARN]  CIK 1035267 ISRG: return_outlier -- 2001-04-24: 1.31 -> 1.54 (+17.5%), bound=15.0%
[WARN]  CIK 1035267 ISRG: return_outlier -- 2001-05-09: 1.38 -> 1.14 (-16.9%), bound=15.0%
[WARN]  CIK 1035267 ISRG: return_outlier -- 2001-06-04: 1.56 -> 1.82 (+17.3%), bound=15.0%
[WARN]  CIK 1035267 ISRG: return_outlier -- 2001-06-11: 1.96 -> 2.40 (+22.7%), bound=15.0%
[WARN]  CIK 1035267 ISRG: return_outlier -- 2001-06-27: 2.50 -> 2.92 (+16.6%), bound=15.0%
[WARN]  CIK 1035267 ISRG: return_outlier -- 2001-07-27: 2.45 -> 2.01 (-18.0%), bound=15.0%
[WARN]  CIK 1035267 ISRG: return_outlier -- 2001-10-04: 1.48 -> 1.78 (+19.8%), bound=15.0%
[WARN]  CIK 1035267 ISRG: return_outlier -- 2002-10-11: 1.35 -> 1.66 (+22.5%), bound=15.0%
[WARN]  CIK 1035267 ISRG: return_outlier -- 2003-03-03: 0.84 -> 0.98 (+17.0%), bound=15.0%
[WARN]  CIK 1035267 ISRG: return_outlier -- 2003-03-28: 1.28 -> 1.50 (+16.8%), bound=15.0%
[WARN]  CIK 1035267 ISRG: return_outlier -- 2003-05-22: 1.58 -> 1.83 (+15.9%), bound=15.0%
[WARN]  CIK 1035267 ISRG: return_outlier -- 2004-07-27: 2.03 -> 2.56 (+26.0%), bound=15.0%
[WARN]  CIK 1035267 ISRG: return_outlier -- 2004-10-27: 2.76 -> 3.25 (+17.9%), bound=15.0%
[WARN]  CIK 1035267 ISRG: return_outlier -- 2005-02-09: 4.57 -> 5.27 (+15.3%), bound=15.0%
[WARN]  CIK 1035267 ISRG: return_outlier -- 2005-04-22: 5.77 -> 4.58 (-20.6%), bound=15.0%
[WARN]  CIK 1035267 ISRG: return_outlier -- 2005-07-27: 5.70 -> 7.20 (+26.4%), bound=15.0%
[WARN]  CIK 1035267 ISRG: return_outlier -- 2005-10-26: 8.00 -> 10.02 (+25.3%), bound=15.0%
[WARN]  CIK 1035267 ISRG: return_outlier -- 2006-04-28: 11.46 -> 14.11 (+23.1%), bound=15.0%
[WARN]  CIK 1035267 ISRG: return_outlier -- 2007-02-02: 11.04 -> 12.97 (+17.6%), bound=15.0%
[WARN]  CIK 1035267 ISRG: return_outlier -- 2007-07-20: 16.68 -> 22.07 (+32.3%), bound=15.0%
[WARN]  CIK 1035267 ISRG: return_outlier -- 2008-02-01: 28.22 -> 33.96 (+20.3%), bound=15.0%
[WARN]  CIK 1035267 ISRG: return_outlier -- 2008-04-18: 38.72 -> 32.06 (-17.2%), bound=15.0%
[WARN]  CIK 1035267 ISRG: return_outlier -- 2008-07-23: 31.14 -> 36.79 (+18.2%), bound=15.0%
[WARN]  CIK 1035267 ISRG: return_outlier -- 2008-10-13: 19.45 -> 23.59 (+21.3%), bound=15.0%
[WARN]  CIK 1035267 ISRG: return_outlier -- 2008-10-15: 24.92 -> 21.12 (-15.2%), bound=15.0%
[WARN]  CIK 1035267 ISRG: return_outlier -- 2008-11-17: 16.49 -> 13.70 (-16.9%), bound=15.0%
[WARN]  CIK 1035267 ISRG: return_outlier -- 2009-07-23: 18.87 -> 23.93 (+26.8%), bound=15.0%
[WARN]  CIK 1035267 ISRG: return_outlier -- 2013-07-09: 55.56 -> 46.59 (-16.2%), bound=15.0%
[WARN]  CIK 1035267 ISRG: return_outlier -- 2014-07-23: 43.57 -> 51.29 (+17.7%), bound=15.0%
[WARN]  CIK 1035267 ISRG: return_outlier -- 2020-03-24: 122.58 -> 143.97 (+17.4%), bound=15.0%
[WARN]  CIK 1039684 OKE: return_outlier -- 1987-10-19: 3.28 -> 2.74 (-16.7%), bound=15.0%
[WARN]  CIK 1039684 OKE: return_outlier -- 1987-10-29: 2.79 -> 2.19 (-21.6%), bound=15.0%
[WARN]  CIK 1039684 OKE: return_outlier -- 1987-10-30: 2.19 -> 2.56 (+16.9%), bound=15.0%
[WARN]  CIK 1039684 OKE: return_outlier -- 1987-12-09: 2.53 -> 1.93 (-23.8%), bound=15.0%
[WARN]  CIK 1039684 OKE: return_outlier -- 1988-03-04: 1.94 -> 1.46 (-24.6%), bound=15.0%
[WARN]  CIK 1039684 OKE: return_outlier -- 1988-05-27: 1.40 -> 1.15 (-17.6%), bound=15.0%
[WARN]  CIK 1039684 OKE: return_outlier -- 1988-06-21: 1.40 -> 1.66 (+18.6%), bound=15.0%
[WARN]  CIK 1039684 OKE: return_outlier -- 2008-10-13: 10.14 -> 13.19 (+30.0%), bound=15.0%
[WARN]  CIK 1039684 OKE: return_outlier -- 2008-10-28: 11.29 -> 12.99 (+15.0%), bound=15.0%
[WARN]  CIK 1039684 OKE: return_outlier -- 2013-07-25: 37.50 -> 47.08 (+25.5%), bound=15.0%
[WARN]  CIK 1039684 OKE: return_outlier -- 2015-12-21: 18.93 -> 21.85 (+15.4%), bound=15.0%
[WARN]  CIK 1039684 OKE: return_outlier -- 2020-03-09: 61.21 -> 38.10 (-37.8%), bound=15.0%
[WARN]  CIK 1039684 OKE: return_outlier -- 2020-03-12: 35.94 -> 28.46 (-20.8%), bound=15.0%
[WARN]  CIK 1039684 OKE: return_outlier -- 2020-03-16: 30.72 -> 25.01 (-18.6%), bound=15.0%
[WARN]  CIK 1039684 OKE: return_outlier -- 2020-03-18: 21.49 -> 15.37 (-28.5%), bound=15.0%
[WARN]  CIK 1039684 OKE: return_outlier -- 2020-03-19: 15.37 -> 20.49 (+33.3%), bound=15.0%
[WARN]  CIK 1039684 OKE: return_outlier -- 2020-06-11: 41.98 -> 35.33 (-15.8%), bound=15.0%
[WARN]  CIK 1039684 OKE: return_outlier -- 2020-11-09: 26.89 -> 31.35 (+16.6%), bound=15.0%
[WARN]  CIK 1045609 PLD: return_outlier -- 2008-10-10: 29.20 -> 34.25 (+17.3%), bound=15.0%
[WARN]  CIK 1045609 PLD: return_outlier -- 2008-10-28: 15.32 -> 18.45 (+20.4%), bound=15.0%
[WARN]  CIK 1045609 PLD: return_outlier -- 2008-10-31: 20.80 -> 24.03 (+15.5%), bound=15.0%
[WARN]  CIK 1045609 PLD: return_outlier -- 2008-11-10: 22.53 -> 18.37 (-18.5%), bound=15.0%
[WARN]  CIK 1045609 PLD: return_outlier -- 2008-11-12: 18.95 -> 13.25 (-30.1%), bound=15.0%
[WARN]  CIK 1045609 PLD: return_outlier -- 2008-11-13: 13.25 -> 16.74 (+26.3%), bound=15.0%
[WARN]  CIK 1045609 PLD: return_outlier -- 2008-11-19: 14.26 -> 11.26 (-21.0%), bound=15.0%
[WARN]  CIK 1045609 PLD: return_outlier -- 2008-11-24: 11.23 -> 14.01 (+24.8%), bound=15.0%
[WARN]  CIK 1045609 PLD: return_outlier -- 2008-11-26: 15.44 -> 17.79 (+15.2%), bound=15.0%
[WARN]  CIK 1045609 PLD: return_outlier -- 2008-12-01: 17.22 -> 13.15 (-23.6%), bound=15.0%
[WARN]  CIK 1045609 PLD: return_outlier -- 2008-12-02: 13.15 -> 15.73 (+19.6%), bound=15.0%
[WARN]  CIK 1045609 PLD: return_outlier -- 2008-12-03: 15.73 -> 18.53 (+17.8%), bound=15.0%
[WARN]  CIK 1045609 PLD: return_outlier -- 2008-12-08: 19.08 -> 22.45 (+17.7%), bound=15.0%
[WARN]  CIK 1045609 PLD: return_outlier -- 2008-12-11: 21.31 -> 16.24 (-23.8%), bound=15.0%
[WARN]  CIK 1045609 PLD: return_outlier -- 2008-12-16: 17.98 -> 22.48 (+25.0%), bound=15.0%
[WARN]  CIK 1045609 PLD: return_outlier -- 2009-01-20: 19.58 -> 15.82 (-19.2%), bound=15.0%
[WARN]  CIK 1045609 PLD: return_outlier -- 2009-01-21: 15.82 -> 18.32 (+15.8%), bound=15.0%
[WARN]  CIK 1045609 PLD: return_outlier -- 2009-01-29: 20.91 -> 17.46 (-16.5%), bound=15.0%
[WARN]  CIK 1045609 PLD: return_outlier -- 2009-03-10: 10.29 -> 12.34 (+19.9%), bound=15.0%
[WARN]  CIK 1045609 PLD: return_outlier -- 2009-03-23: 12.05 -> 14.72 (+22.2%), bound=15.0%
[WARN]  CIK 1045609 PLD: return_outlier -- 2009-03-24: 14.72 -> 12.31 (-16.4%), bound=15.0%
[WARN]  CIK 1045609 PLD: return_outlier -- 2009-04-09: 15.80 -> 18.55 (+17.4%), bound=15.0%
[WARN]  CIK 1045609 PLD: return_outlier -- 2020-03-16: 77.82 -> 64.38 (-17.3%), bound=15.0%
[WARN]  CIK 1045810 NVDA: return_outlier -- 1999-08-19: 0.05 -> 0.06 (+21.2%), bound=15.0%
[WARN]  CIK 1045810 NVDA: return_outlier -- 1999-11-19: 0.07 -> 0.09 (+19.7%), bound=15.0%
[WARN]  CIK 1045810 NVDA: return_outlier -- 2000-02-10: 0.09 -> 0.10 (+20.5%), bound=15.0%
[WARN]  CIK 1045810 NVDA: return_outlier -- 2000-02-14: 0.10 -> 0.12 (+16.0%), bound=15.0%
[WARN]  CIK 1045810 NVDA: return_outlier -- 2000-03-07: 0.12 -> 0.17 (+42.4%), bound=15.0%
[WARN]  CIK 1045810 NVDA: return_outlier -- 2000-03-09: 0.17 -> 0.21 (+19.4%), bound=15.0%
[WARN]  CIK 1045810 NVDA: return_outlier -- 2000-03-10: 0.21 -> 0.25 (+17.7%), bound=15.0%
[WARN]  CIK 1045810 NVDA: return_outlier -- 2000-03-13: 0.25 -> 0.31 (+26.5%), bound=15.0%
[WARN]  CIK 1045810 NVDA: return_outlier -- 2000-03-14: 0.31 -> 0.23 (-26.2%), bound=15.0%
[WARN]  CIK 1045810 NVDA: return_outlier -- 2000-04-05: 0.16 -> 0.19 (+22.3%), bound=15.0%
[WARN]  CIK 1045810 NVDA: return_outlier -- 2000-04-18: 0.15 -> 0.18 (+17.7%), bound=15.0%
[WARN]  CIK 1045810 NVDA: return_outlier -- 2000-05-17: 0.20 -> 0.23 (+17.6%), bound=15.0%
[WARN]  CIK 1045810 NVDA: return_outlier -- 2000-06-16: 0.27 -> 0.31 (+15.1%), bound=15.0%
[WARN]  CIK 1045810 NVDA: return_outlier -- 2000-11-14: 0.25 -> 0.29 (+18.3%), bound=15.0%
[WARN]  CIK 1045810 NVDA: return_outlier -- 2000-11-30: 0.20 -> 0.17 (-16.1%), bound=15.0%
[WARN]  CIK 1045810 NVDA: return_outlier -- 2000-12-08: 0.17 -> 0.21 (+22.8%), bound=15.0%
[WARN]  CIK 1045810 NVDA: return_outlier -- 2000-12-22: 0.12 -> 0.15 (+25.8%), bound=15.0%
[WARN]  CIK 1045810 NVDA: return_outlier -- 2001-01-03: 0.12 -> 0.16 (+30.7%), bound=15.0%
[WARN]  CIK 1045810 NVDA: return_outlier -- 2001-01-18: 0.19 -> 0.22 (+19.2%), bound=15.0%
[WARN]  CIK 1045810 NVDA: return_outlier -- 2001-02-15: 0.20 -> 0.24 (+18.3%), bound=15.0%
[WARN]  CIK 1045810 NVDA: return_outlier -- 2001-10-03: 0.20 -> 0.24 (+19.7%), bound=15.0%
[WARN]  CIK 1045810 NVDA: return_outlier -- 2002-04-29: 0.25 -> 0.30 (+16.7%), bound=15.0%
[WARN]  CIK 1045810 NVDA: return_outlier -- 2002-06-19: 0.24 -> 0.20 (-15.7%), bound=15.0%
[WARN]  CIK 1045810 NVDA: return_outlier -- 2002-07-31: 0.14 -> 0.09 (-31.8%), bound=15.0%
[WARN]  CIK 1045810 NVDA: return_outlier -- 2002-08-19: 0.09 -> 0.11 (+18.3%), bound=15.0%
[WARN]  CIK 1045810 NVDA: return_outlier -- 2002-11-01: 0.10 -> 0.12 (+18.5%), bound=15.0%
[WARN]  CIK 1045810 NVDA: return_outlier -- 2002-11-08: 0.12 -> 0.09 (-21.9%), bound=15.0%
[WARN]  CIK 1045810 NVDA: return_outlier -- 2003-02-14: 0.08 -> 0.10 (+22.0%), bound=15.0%
[WARN]  CIK 1045810 NVDA: return_outlier -- 2003-05-09: 0.13 -> 0.18 (+33.1%), bound=15.0%
[WARN]  CIK 1045810 NVDA: return_outlier -- 2003-08-08: 0.16 -> 0.13 (-19.7%), bound=15.0%
[WARN]  CIK 1045810 NVDA: return_outlier -- 2003-11-07: 0.15 -> 0.18 (+19.7%), bound=15.0%
[WARN]  CIK 1045810 NVDA: return_outlier -- 2004-08-06: 0.12 -> 0.08 (-35.2%), bound=15.0%
[WARN]  CIK 1045810 NVDA: return_outlier -- 2008-02-14: 0.68 -> 0.57 (-16.3%), bound=15.0%
[WARN]  CIK 1045810 NVDA: return_outlier -- 2008-07-03: 0.45 -> 0.31 (-30.7%), bound=15.0%
[WARN]  CIK 1045810 NVDA: return_outlier -- 2008-10-13: 0.17 -> 0.20 (+18.2%), bound=15.0%
[WARN]  CIK 1045810 NVDA: return_outlier -- 2008-10-28: 0.17 -> 0.20 (+15.1%), bound=15.0%
[WARN]  CIK 1045810 NVDA: return_outlier -- 2016-05-13: 0.89 -> 1.02 (+15.2%), bound=15.0%
[WARN]  CIK 1045810 NVDA: return_outlier -- 2016-11-11: 1.69 -> 2.20 (+29.8%), bound=15.0%
[WARN]  CIK 1045810 NVDA: return_outlier -- 2017-05-10: 2.57 -> 3.03 (+17.8%), bound=15.0%
[WARN]  CIK 1045810 NVDA: return_outlier -- 2018-11-16: 5.06 -> 4.11 (-18.8%), bound=15.0%
[WARN]  CIK 1045810 NVDA: return_outlier -- 2020-03-16: 6.02 -> 4.91 (-18.5%), bound=15.0%
[WARN]  CIK 1045810 NVDA: return_outlier -- 2020-03-24: 5.32 -> 6.23 (+17.2%), bound=15.0%
[WARN]  CIK 1045810 NVDA: return_outlier -- 2023-05-25: 30.54 -> 37.98 (+24.4%), bound=15.0%
[WARN]  CIK 1045810 NVDA: return_outlier -- 2024-02-22: 67.47 -> 78.54 (+16.4%), bound=15.0%
[WARN]  CIK 1045810 NVDA: return_outlier -- 2025-01-27: 142.62 -> 118.42 (-17.0%), bound=15.0%
[WARN]  CIK 1045810 NVDA: return_outlier -- 2025-04-09: 96.30 -> 114.33 (+18.7%), bound=15.0%
[WARN]  CIK 1047862 ED: return_outlier -- 1974-04-23: 4.50 -> 3.06 (-31.9%), bound=15.0%
[WARN]  CIK 1047862 ED: return_outlier -- 1974-04-29: 3.09 -> 2.62 (-15.2%), bound=15.0%
[WARN]  CIK 1047862 ED: return_outlier -- 1974-05-10: 2.38 -> 1.91 (-19.7%), bound=15.0%
[WARN]  CIK 1047862 ED: return_outlier -- 1987-10-19: 22.44 -> 18.75 (-16.4%), bound=15.0%
[WARN]  CIK 1047862 ED: return_outlier -- 2020-03-17: 79.55 -> 93.88 (+18.0%), bound=15.0%
[WARN]  CIK 1051470 CCI: return_outlier -- 1998-08-31: 9.70 -> 7.88 (-18.7%), bound=15.0%
[WARN]  CIK 1051470 CCI: return_outlier -- 1998-09-08: 8.12 -> 9.58 (+17.9%), bound=15.0%
[WARN]  CIK 1051470 CCI: return_outlier -- 1998-09-21: 8.00 -> 6.79 (-15.2%), bound=15.0%
[WARN]  CIK 1051470 CCI: return_outlier -- 1998-10-08: 7.58 -> 6.12 (-19.2%), bound=15.0%
[WARN]  CIK 1051470 CCI: return_outlier -- 1998-12-04: 13.22 -> 15.88 (+20.2%), bound=15.0%
[WARN]  CIK 1051470 CCI: return_outlier -- 1998-12-09: 14.73 -> 17.10 (+16.0%), bound=15.0%
[WARN]  CIK 1051470 CCI: return_outlier -- 1999-11-08: 19.58 -> 22.67 (+15.8%), bound=15.0%
[WARN]  CIK 1051470 CCI: return_outlier -- 2000-02-10: 32.80 -> 38.74 (+18.1%), bound=15.0%
[WARN]  CIK 1051470 CCI: return_outlier -- 2000-03-02: 32.37 -> 38.80 (+19.9%), bound=15.0%
[WARN]  CIK 1051470 CCI: return_outlier -- 2000-06-05: 29.83 -> 34.55 (+15.9%), bound=15.0%
[WARN]  CIK 1051470 CCI: return_outlier -- 2000-12-08: 21.76 -> 27.82 (+27.9%), bound=15.0%
[WARN]  CIK 1051470 CCI: return_outlier -- 2000-12-22: 22.01 -> 26.07 (+18.5%), bound=15.0%
[WARN]  CIK 1051470 CCI: return_outlier -- 2001-04-03: 13.70 -> 11.58 (-15.5%), bound=15.0%
[WARN]  CIK 1051470 CCI: return_outlier -- 2001-04-05: 11.94 -> 14.12 (+18.3%), bound=15.0%
[WARN]  CIK 1051470 CCI: return_outlier -- 2001-04-10: 14.56 -> 17.60 (+20.9%), bound=15.0%
[WARN]  CIK 1051470 CCI: return_outlier -- 2001-07-19: 12.34 -> 10.23 (-17.1%), bound=15.0%
[WARN]  CIK 1051470 CCI: return_outlier -- 2002-01-23: 6.24 -> 7.21 (+15.6%), bound=15.0%
[WARN]  CIK 1051470 CCI: return_outlier -- 2002-03-01: 6.02 -> 7.66 (+27.2%), bound=15.0%
[WARN]  CIK 1051470 CCI: return_outlier -- 2002-05-09: 5.63 -> 4.71 (-16.2%), bound=15.0%
[WARN]  CIK 1051470 CCI: return_outlier -- 2002-07-26: 2.35 -> 2.80 (+19.1%), bound=15.0%
[WARN]  CIK 1051470 CCI: return_outlier -- 2002-08-09: 1.88 -> 1.15 (-38.8%), bound=15.0%
[WARN]  CIK 1051470 CCI: return_outlier -- 2002-08-13: 1.02 -> 1.20 (+17.6%), bound=15.0%
[WARN]  CIK 1051470 CCI: return_outlier -- 2002-08-19: 1.47 -> 1.74 (+18.4%), bound=15.0%
[WARN]  CIK 1051470 CCI: return_outlier -- 2002-08-21: 1.64 -> 1.97 (+20.1%), bound=15.0%
[WARN]  CIK 1051470 CCI: return_outlier -- 2002-10-24: 2.05 -> 2.69 (+31.2%), bound=15.0%
[WARN]  CIK 1051470 CCI: return_outlier -- 2002-10-30: 2.85 -> 3.40 (+19.3%), bound=15.0%
[WARN]  CIK 1051470 CCI: return_outlier -- 2008-10-13: 18.50 -> 21.65 (+17.0%), bound=15.0%
[WARN]  CIK 1051470 CCI: return_outlier -- 2008-11-06: 20.75 -> 17.53 (-15.5%), bound=15.0%
[WARN]  CIK 1051470 CCI: return_outlier -- 2008-11-12: 16.12 -> 13.32 (-17.4%), bound=15.0%
[WARN]  CIK 1051470 CCI: return_outlier -- 2008-11-24: 10.19 -> 12.03 (+18.1%), bound=15.0%
[WARN]  CIK 1053507 AMT: return_outlier -- 1998-10-12: 13.50 -> 16.38 (+21.3%), bound=15.0%
[WARN]  CIK 1053507 AMT: return_outlier -- 1998-11-16: 19.00 -> 22.50 (+18.4%), bound=15.0%
[WARN]  CIK 1053507 AMT: return_outlier -- 2000-10-27: 32.00 -> 37.38 (+16.8%), bound=15.0%
[WARN]  CIK 1053507 AMT: return_outlier -- 2001-04-03: 18.41 -> 14.45 (-21.5%), bound=15.0%
[WARN]  CIK 1053507 AMT: return_outlier -- 2001-04-05: 14.51 -> 16.99 (+17.1%), bound=15.0%
[WARN]  CIK 1053507 AMT: return_outlier -- 2001-11-06: 10.84 -> 7.00 (-35.4%), bound=15.0%
[WARN]  CIK 1053507 AMT: return_outlier -- 2002-02-26: 3.70 -> 4.27 (+15.4%), bound=15.0%
[WARN]  CIK 1053507 AMT: return_outlier -- 2002-03-06: 6.05 -> 7.00 (+15.7%), bound=15.0%
[WARN]  CIK 1053507 AMT: return_outlier -- 2002-06-27: 2.90 -> 3.50 (+20.7%), bound=15.0%
[WARN]  CIK 1053507 AMT: return_outlier -- 2002-07-02: 3.08 -> 2.61 (-15.3%), bound=15.0%
[WARN]  CIK 1053507 AMT: return_outlier -- 2002-07-11: 2.58 -> 2.19 (-15.1%), bound=15.0%
[WARN]  CIK 1053507 AMT: return_outlier -- 2002-07-16: 2.20 -> 2.75 (+25.0%), bound=15.0%
[WARN]  CIK 1053507 AMT: return_outlier -- 2002-07-23: 2.69 -> 2.19 (-18.6%), bound=15.0%
[WARN]  CIK 1053507 AMT: return_outlier -- 2002-07-24: 2.19 -> 2.60 (+18.7%), bound=15.0%
[WARN]  CIK 1053507 AMT: return_outlier -- 2002-08-07: 2.24 -> 1.60 (-28.6%), bound=15.0%
[WARN]  CIK 1053507 AMT: return_outlier -- 2002-08-12: 1.50 -> 1.25 (-16.7%), bound=15.0%
[WARN]  CIK 1053507 AMT: return_outlier -- 2002-08-19: 1.59 -> 1.90 (+19.5%), bound=15.0%
[WARN]  CIK 1053507 AMT: return_outlier -- 2002-10-04: 1.28 -> 1.07 (-16.4%), bound=15.0%
[WARN]  CIK 1053507 AMT: return_outlier -- 2002-10-08: 0.95 -> 0.75 (-21.1%), bound=15.0%
[WARN]  CIK 1053507 AMT: return_outlier -- 2002-10-23: 0.73 -> 0.93 (+27.4%), bound=15.0%
[WARN]  CIK 1053507 AMT: return_outlier -- 2002-10-24: 0.93 -> 1.15 (+23.7%), bound=15.0%
[WARN]  CIK 1053507 AMT: return_outlier -- 2002-11-04: 1.51 -> 1.75 (+15.9%), bound=15.0%
[WARN]  CIK 1053507 AMT: return_outlier -- 2002-11-14: 1.27 -> 1.55 (+22.0%), bound=15.0%
[WARN]  CIK 1053507 AMT: return_outlier -- 2002-11-18: 1.50 -> 2.02 (+34.7%), bound=15.0%
[WARN]  CIK 1053507 AMT: return_outlier -- 2002-11-21: 2.32 -> 2.90 (+25.0%), bound=15.0%
[WARN]  CIK 1053507 AMT: return_outlier -- 2002-11-22: 2.90 -> 3.55 (+22.4%), bound=15.0%
[WARN]  CIK 1053507 AMT: return_outlier -- 2008-11-24: 20.92 -> 25.15 (+20.2%), bound=15.0%
[WARN]  CIK 1053507 AMT: return_outlier -- 2020-03-16: 238.99 -> 202.75 (-15.2%), bound=15.0%
[WARN]  CIK 1058290 CTSH: return_outlier -- 1998-07-09: 0.25 -> 0.29 (+16.5%), bound=15.0%
[WARN]  CIK 1058290 CTSH: return_outlier -- 1998-08-31: 0.32 -> 0.25 (-22.6%), bound=15.0%
[WARN]  CIK 1058290 CTSH: return_outlier -- 1998-09-01: 0.25 -> 0.31 (+25.0%), bound=15.0%
[WARN]  CIK 1058290 CTSH: return_outlier -- 1998-10-06: 0.32 -> 0.27 (-16.1%), bound=15.0%
[WARN]  CIK 1058290 CTSH: return_outlier -- 1998-10-08: 0.26 -> 0.19 (-24.5%), bound=15.0%
[WARN]  CIK 1058290 CTSH: return_outlier -- 1998-10-09: 0.19 -> 0.23 (+18.9%), bound=15.0%
[WARN]  CIK 1058290 CTSH: return_outlier -- 1998-10-13: 0.23 -> 0.26 (+15.5%), bound=15.0%
[WARN]  CIK 1058290 CTSH: return_outlier -- 1998-12-21: 0.48 -> 0.56 (+16.8%), bound=15.0%
[WARN]  CIK 1058290 CTSH: return_outlier -- 1999-07-15: 0.48 -> 0.58 (+21.0%), bound=15.0%
[WARN]  CIK 1058290 CTSH: return_outlier -- 1999-10-18: 0.57 -> 0.68 (+18.7%), bound=15.0%
[WARN]  CIK 1058290 CTSH: return_outlier -- 1999-10-19: 0.68 -> 0.82 (+20.4%), bound=15.0%
[WARN]  CIK 1058290 CTSH: return_outlier -- 1999-10-20: 0.82 -> 0.97 (+18.5%), bound=15.0%
[WARN]  CIK 1058290 CTSH: return_outlier -- 1999-12-21: 1.46 -> 1.89 (+29.4%), bound=15.0%
[WARN]  CIK 1058290 CTSH: return_outlier -- 1999-12-22: 1.89 -> 2.44 (+28.9%), bound=15.0%
[WARN]  CIK 1058290 CTSH: return_outlier -- 2000-01-31: 1.87 -> 1.57 (-16.0%), bound=15.0%
[WARN]  CIK 1058290 CTSH: return_outlier -- 2000-02-01: 1.57 -> 1.83 (+16.9%), bound=15.0%
[WARN]  CIK 1058290 CTSH: return_outlier -- 2000-04-14: 1.78 -> 1.45 (-18.5%), bound=15.0%
[WARN]  CIK 1058290 CTSH: return_outlier -- 2000-05-01: 1.91 -> 2.21 (+15.6%), bound=15.0%
[WARN]  CIK 1058290 CTSH: return_outlier -- 2000-07-14: 1.56 -> 1.85 (+18.7%), bound=15.0%
[WARN]  CIK 1058290 CTSH: return_outlier -- 2000-09-06: 1.57 -> 1.31 (-16.1%), bound=15.0%
[WARN]  CIK 1058290 CTSH: return_outlier -- 2001-01-03: 1.38 -> 1.64 (+18.5%), bound=15.0%
[WARN]  CIK 1058290 CTSH: return_outlier -- 2001-04-17: 1.31 -> 1.58 (+20.2%), bound=15.0%
[WARN]  CIK 1058290 CTSH: return_outlier -- 2001-04-18: 1.58 -> 1.84 (+16.4%), bound=15.0%
[WARN]  CIK 1058290 CTSH: return_outlier -- 2001-09-20: 1.25 -> 0.95 (-24.0%), bound=15.0%
[WARN]  CIK 1058290 CTSH: return_outlier -- 2001-10-11: 0.88 -> 1.04 (+18.7%), bound=15.0%
[WARN]  CIK 1058290 CTSH: return_outlier -- 2002-04-16: 1.59 -> 1.85 (+16.4%), bound=15.0%
[WARN]  CIK 1058290 CTSH: return_outlier -- 2002-06-03: 2.03 -> 1.69 (-16.8%), bound=15.0%
[WARN]  CIK 1058290 CTSH: return_outlier -- 2005-02-10: 9.18 -> 10.77 (+17.4%), bound=15.0%
[WARN]  CIK 1058290 CTSH: return_outlier -- 2007-11-06: 19.81 -> 16.00 (-19.2%), bound=15.0%
[WARN]  CIK 1058290 CTSH: return_outlier -- 2008-02-08: 13.64 -> 15.92 (+16.7%), bound=15.0%
[WARN]  CIK 1058290 CTSH: return_outlier -- 2008-10-13: 8.68 -> 10.31 (+18.8%), bound=15.0%
[WARN]  CIK 1058290 CTSH: return_outlier -- 2008-12-04: 9.39 -> 7.95 (-15.3%), bound=15.0%
[WARN]  CIK 1058290 CTSH: return_outlier -- 2012-05-07: 34.83 -> 28.15 (-19.2%), bound=15.0%
[WARN]  CIK 1058290 CTSH: return_outlier -- 2020-03-16: 52.62 -> 43.58 (-17.2%), bound=15.0%
[WARN]  CIK 1060391 RSG: return_outlier -- 1998-09-23: 11.50 -> 13.29 (+15.6%), bound=15.0%
[WARN]  CIK 1060391 RSG: return_outlier -- 1998-10-07: 12.62 -> 10.17 (-19.5%), bound=15.0%
[WARN]  CIK 1060391 RSG: return_outlier -- 1998-10-30: 12.58 -> 14.58 (+15.9%), bound=15.0%
[WARN]  CIK 1060391 RSG: return_outlier -- 1999-08-30: 11.00 -> 7.42 (-32.6%), bound=15.0%
[WARN]  CIK 1060391 RSG: return_outlier -- 1999-10-28: 6.38 -> 7.92 (+24.2%), bound=15.0%
[WARN]  CIK 1060391 RSG: return_outlier -- 2000-05-11: 9.33 -> 10.83 (+16.1%), bound=15.0%
[WARN]  CIK 1060391 RSG: return_outlier -- 2008-10-30: 20.29 -> 23.67 (+16.7%), bound=15.0%
[WARN]  CIK 1061219 EPD: return_outlier -- 2008-10-13: 9.19 -> 11.44 (+24.5%), bound=15.0%
[WARN]  CIK 1061219 EPD: return_outlier -- 2020-03-09: 22.42 -> 18.25 (-18.6%), bound=15.0%
[WARN]  CIK 1061219 EPD: return_outlier -- 2020-03-12: 17.21 -> 14.26 (-17.1%), bound=15.0%
[WARN]  CIK 1061219 EPD: return_outlier -- 2020-03-19: 12.27 -> 14.52 (+18.3%), bound=15.0%
[WARN]  CIK 1063761 SPG: return_outlier -- 2008-09-15: 91.00 -> 77.05 (-15.3%), bound=15.0%
[WARN]  CIK 1063761 SPG: return_outlier -- 2008-09-16: 77.05 -> 89.86 (+16.6%), bound=15.0%
[WARN]  CIK 1063761 SPG: return_outlier -- 2008-10-10: 62.52 -> 72.87 (+16.6%), bound=15.0%
[WARN]  CIK 1063761 SPG: return_outlier -- 2008-10-15: 66.89 -> 56.34 (-15.8%), bound=15.0%
[WARN]  CIK 1063761 SPG: return_outlier -- 2008-10-28: 48.09 -> 59.35 (+23.4%), bound=15.0%
[WARN]  CIK 1063761 SPG: return_outlier -- 2008-11-24: 35.62 -> 44.65 (+25.4%), bound=15.0%
[WARN]  CIK 1063761 SPG: return_outlier -- 2008-12-01: 44.09 -> 35.27 (-20.0%), bound=15.0%
[WARN]  CIK 1063761 SPG: return_outlier -- 2008-12-02: 35.27 -> 41.46 (+17.6%), bound=15.0%
[WARN]  CIK 1063761 SPG: return_outlier -- 2008-12-11: 51.66 -> 43.64 (-15.5%), bound=15.0%
[WARN]  CIK 1063761 SPG: return_outlier -- 2009-03-10: 26.64 -> 31.14 (+16.9%), bound=15.0%
[WARN]  CIK 1063761 SPG: return_outlier -- 2009-03-23: 30.44 -> 36.29 (+19.2%), bound=15.0%
[WARN]  CIK 1063761 SPG: return_outlier -- 2009-04-09: 34.28 -> 39.90 (+16.4%), bound=15.0%
[WARN]  CIK 1063761 SPG: return_outlier -- 2020-03-12: 101.50 -> 83.49 (-17.7%), bound=15.0%
[WARN]  CIK 1063761 SPG: return_outlier -- 2020-03-16: 89.77 -> 65.79 (-26.7%), bound=15.0%
[WARN]  CIK 1063761 SPG: return_outlier -- 2020-03-18: 58.86 -> 44.92 (-23.7%), bound=15.0%
[WARN]  CIK 1063761 SPG: return_outlier -- 2020-03-19: 44.92 -> 55.74 (+24.1%), bound=15.0%
[WARN]  CIK 1063761 SPG: return_outlier -- 2020-04-06: 46.72 -> 54.06 (+15.7%), bound=15.0%
[WARN]  CIK 1063761 SPG: return_outlier -- 2020-06-05: 76.73 -> 88.60 (+15.5%), bound=15.0%
[WARN]  CIK 1063761 SPG: return_outlier -- 2020-11-09: 61.86 -> 79.10 (+27.9%), bound=15.0%
[WARN]  CIK 1065088 EBAY: return_outlier -- 1998-10-07: 0.64 -> 0.54 (-15.4%), bound=15.0%
[WARN]  CIK 1065088 EBAY: return_outlier -- 1998-10-19: 0.63 -> 0.80 (+26.0%), bound=15.0%
[WARN]  CIK 1065088 EBAY: return_outlier -- 1998-10-26: 0.88 -> 1.29 (+46.4%), bound=15.0%
[WARN]  CIK 1065088 EBAY: return_outlier -- 1998-11-09: 1.47 -> 1.81 (+22.6%), bound=15.0%
[WARN]  CIK 1065088 EBAY: return_outlier -- 1998-11-10: 1.81 -> 2.30 (+27.1%), bound=15.0%
[WARN]  CIK 1065088 EBAY: return_outlier -- 1998-11-23: 2.58 -> 3.38 (+31.3%), bound=15.0%
[WARN]  CIK 1065088 EBAY: return_outlier -- 1998-12-16: 3.40 -> 3.92 (+15.2%), bound=15.0%
[WARN]  CIK 1065088 EBAY: return_outlier -- 1998-12-21: 4.42 -> 5.20 (+17.5%), bound=15.0%
[WARN]  CIK 1065088 EBAY: return_outlier -- 1999-01-06: 3.93 -> 4.96 (+26.3%), bound=15.0%
[WARN]  CIK 1065088 EBAY: return_outlier -- 1999-01-12: 5.11 -> 4.22 (-17.5%), bound=15.0%
[WARN]  CIK 1065088 EBAY: return_outlier -- 1999-01-27: 3.87 -> 5.32 (+37.4%), bound=15.0%
[WARN]  CIK 1065088 EBAY: return_outlier -- 1999-02-22: 4.20 -> 4.89 (+16.4%), bound=15.0%
[WARN]  CIK 1065088 EBAY: return_outlier -- 1999-04-23: 9.05 -> 10.53 (+16.4%), bound=15.0%
[WARN]  CIK 1065088 EBAY: return_outlier -- 1999-06-14: 8.73 -> 7.15 (-18.0%), bound=15.0%
[WARN]  CIK 1065088 EBAY: return_outlier -- 1999-08-05: 3.99 -> 4.89 (+22.6%), bound=15.0%
[WARN]  CIK 1065088 EBAY: return_outlier -- 2000-02-23: 7.08 -> 8.15 (+15.2%), bound=15.0%
[WARN]  CIK 1065088 EBAY: return_outlier -- 2000-03-16: 9.97 -> 11.55 (+15.8%), bound=15.0%
[WARN]  CIK 1065088 EBAY: return_outlier -- 2000-03-31: 10.90 -> 9.26 (-15.0%), bound=15.0%
[WARN]  CIK 1065088 EBAY: return_outlier -- 2000-04-03: 9.26 -> 7.54 (-18.6%), bound=15.0%
[WARN]  CIK 1065088 EBAY: return_outlier -- 2000-04-04: 7.54 -> 8.79 (+16.6%), bound=15.0%
[WARN]  CIK 1065088 EBAY: return_outlier -- 2000-05-22: 6.22 -> 7.16 (+15.2%), bound=15.0%
[WARN]  CIK 1065088 EBAY: return_outlier -- 2000-07-12: 4.62 -> 5.54 (+19.8%), bound=15.0%
[WARN]  CIK 1065088 EBAY: return_outlier -- 2000-09-20: 6.91 -> 8.06 (+16.6%), bound=15.0%
[WARN]  CIK 1065088 EBAY: return_outlier -- 2000-11-20: 4.57 -> 3.63 (-20.6%), bound=15.0%
[WARN]  CIK 1065088 EBAY: return_outlier -- 2000-12-05: 3.40 -> 4.16 (+22.2%), bound=15.0%
[WARN]  CIK 1065088 EBAY: return_outlier -- 2000-12-19: 4.03 -> 3.40 (-15.7%), bound=15.0%
[WARN]  CIK 1065088 EBAY: return_outlier -- 2000-12-22: 2.99 -> 3.68 (+23.1%), bound=15.0%
[WARN]  CIK 1065088 EBAY: return_outlier -- 2001-01-03: 3.18 -> 4.14 (+30.4%), bound=15.0%
[WARN]  CIK 1065088 EBAY: return_outlier -- 2001-01-10: 3.51 -> 4.14 (+17.8%), bound=15.0%
[WARN]  CIK 1065088 EBAY: return_outlier -- 2005-01-20: 21.69 -> 17.54 (-19.1%), bound=15.0%
[WARN]  CIK 1065088 EBAY: return_outlier -- 2005-07-21: 14.68 -> 17.72 (+20.7%), bound=15.0%
[WARN]  CIK 1065088 EBAY: return_outlier -- 2025-07-31: 77.56 -> 91.75 (+18.3%), bound=15.0%
[WARN]  CIK 1065088 EBAY: return_outlier -- 2025-10-30: 99.54 -> 83.73 (-15.9%), bound=15.0%
[WARN]  CIK 1065280 NFLX: return_outlier -- 2002-07-26: 0.10 -> 0.09 (-15.9%), bound=15.0%
[WARN]  CIK 1065280 NFLX: return_outlier -- 2002-10-10: 0.04 -> 0.05 (+35.8%), bound=15.0%
[WARN]  CIK 1065280 NFLX: return_outlier -- 2002-10-16: 0.05 -> 0.05 (-16.5%), bound=15.0%
[WARN]  CIK 1065280 NFLX: return_outlier -- 2002-10-17: 0.05 -> 0.05 (+19.8%), bound=15.0%
[WARN]  CIK 1065280 NFLX: return_outlier -- 2002-10-18: 0.05 -> 0.07 (+24.2%), bound=15.0%
[WARN]  CIK 1065280 NFLX: return_outlier -- 2002-11-18: 0.06 -> 0.08 (+19.8%), bound=15.0%
[WARN]  CIK 1065280 NFLX: return_outlier -- 2003-10-02: 0.25 -> 0.29 (+18.7%), bound=15.0%
[WARN]  CIK 1065280 NFLX: return_outlier -- 2003-10-16: 0.32 -> 0.37 (+16.0%), bound=15.0%
[WARN]  CIK 1065280 NFLX: return_outlier -- 2004-01-22: 0.47 -> 0.55 (+18.0%), bound=15.0%
[WARN]  CIK 1065280 NFLX: return_outlier -- 2004-03-29: 0.41 -> 0.48 (+15.3%), bound=15.0%
[WARN]  CIK 1065280 NFLX: return_outlier -- 2004-04-16: 0.53 -> 0.44 (-16.9%), bound=15.0%
[WARN]  CIK 1065280 NFLX: return_outlier -- 2004-07-16: 0.46 -> 0.33 (-28.1%), bound=15.0%
[WARN]  CIK 1065280 NFLX: return_outlier -- 2004-10-15: 0.25 -> 0.15 (-40.9%), bound=15.0%
[WARN]  CIK 1065280 NFLX: return_outlier -- 2006-01-25: 0.35 -> 0.41 (+15.6%), bound=15.0%
[WARN]  CIK 1065280 NFLX: return_outlier -- 2006-07-25: 0.34 -> 0.27 (-21.0%), bound=15.0%
[WARN]  CIK 1065280 NFLX: return_outlier -- 2006-10-24: 0.33 -> 0.39 (+18.6%), bound=15.0%
[WARN]  CIK 1065280 NFLX: return_outlier -- 2008-04-22: 0.56 -> 0.43 (-23.7%), bound=15.0%
[WARN]  CIK 1065280 NFLX: return_outlier -- 2008-10-07: 0.38 -> 0.32 (-15.8%), bound=15.0%
[WARN]  CIK 1065280 NFLX: return_outlier -- 2008-11-13: 0.30 -> 0.35 (+17.7%), bound=15.0%
[WARN]  CIK 1065280 NFLX: return_outlier -- 2009-01-27: 0.43 -> 0.50 (+15.5%), bound=15.0%
[WARN]  CIK 1065280 NFLX: return_outlier -- 2010-01-28: 0.73 -> 0.90 (+23.7%), bound=15.0%
[WARN]  CIK 1065280 NFLX: return_outlier -- 2010-04-22: 1.24 -> 1.43 (+15.3%), bound=15.0%
[WARN]  CIK 1065280 NFLX: return_outlier -- 2011-01-27: 2.61 -> 3.01 (+15.2%), bound=15.0%
[WARN]  CIK 1065280 NFLX: return_outlier -- 2011-09-15: 2.98 -> 2.42 (-18.9%), bound=15.0%
[WARN]  CIK 1065280 NFLX: return_outlier -- 2011-10-25: 1.70 -> 1.11 (-34.9%), bound=15.0%
[WARN]  CIK 1065280 NFLX: return_outlier -- 2012-01-26: 1.36 -> 1.66 (+22.1%), bound=15.0%
[WARN]  CIK 1065280 NFLX: return_outlier -- 2012-07-25: 1.15 -> 0.86 (-25.0%), bound=15.0%
[WARN]  CIK 1065280 NFLX: return_outlier -- 2013-01-24: 1.48 -> 2.10 (+42.2%), bound=15.0%
[WARN]  CIK 1065280 NFLX: return_outlier -- 2013-01-25: 2.10 -> 2.42 (+15.5%), bound=15.0%
[WARN]  CIK 1065280 NFLX: return_outlier -- 2013-04-23: 2.49 -> 3.10 (+24.4%), bound=15.0%
[WARN]  CIK 1065280 NFLX: return_outlier -- 2014-01-23: 4.77 -> 5.55 (+16.5%), bound=15.0%
[WARN]  CIK 1065280 NFLX: return_outlier -- 2014-10-16: 6.41 -> 5.17 (-19.4%), bound=15.0%
[WARN]  CIK 1065280 NFLX: return_outlier -- 2015-01-21: 4.98 -> 5.85 (+17.3%), bound=15.0%
[WARN]  CIK 1065280 NFLX: return_outlier -- 2015-04-16: 6.79 -> 8.03 (+18.2%), bound=15.0%
[WARN]  CIK 1065280 NFLX: return_outlier -- 2015-07-16: 9.81 -> 11.58 (+18.0%), bound=15.0%
[WARN]  CIK 1065280 NFLX: return_outlier -- 2016-10-18: 9.98 -> 11.88 (+19.0%), bound=15.0%
[WARN]  CIK 1065280 NFLX: return_outlier -- 2021-01-20: 50.18 -> 58.63 (+16.9%), bound=15.0%
[WARN]  CIK 1065280 NFLX: return_outlier -- 2022-01-21: 50.83 -> 39.75 (-21.8%), bound=15.0%
[WARN]  CIK 1065280 NFLX: return_outlier -- 2022-04-20: 34.86 -> 22.62 (-35.1%), bound=15.0%
[WARN]  CIK 1065280 NFLX: return_outlier -- 2023-10-19: 34.62 -> 40.18 (+16.1%), bound=15.0%
[WARN]  CIK 1067983 BRK-B: return_outlier -- 2009-03-10: 46.20 -> 55.10 (+19.3%), bound=15.0%
[WARN]  CIK 1075531 BKNG: return_outlier -- 1999-04-19: 19.53 -> 14.37 (-26.4%), bound=15.0%
[WARN]  CIK 1075531 BKNG: return_outlier -- 1999-04-23: 18.33 -> 21.12 (+15.2%), bound=15.0%
[WARN]  CIK 1075531 BKNG: return_outlier -- 1999-04-26: 21.12 -> 28.98 (+37.2%), bound=15.0%
[WARN]  CIK 1075531 BKNG: return_outlier -- 1999-04-30: 33.08 -> 38.97 (+17.8%), bound=15.0%
[WARN]  CIK 1075531 BKNG: return_outlier -- 1999-05-25: 30.08 -> 24.96 (-17.0%), bound=15.0%
[WARN]  CIK 1075531 BKNG: return_outlier -- 1999-06-14: 22.97 -> 18.45 (-19.7%), bound=15.0%
[WARN]  CIK 1075531 BKNG: return_outlier -- 1999-07-28: 17.68 -> 20.40 (+15.4%), bound=15.0%
[WARN]  CIK 1075531 BKNG: return_outlier -- 1999-08-05: 15.90 -> 18.75 (+17.9%), bound=15.0%
[WARN]  CIK 1075531 BKNG: return_outlier -- 1999-11-08: 12.63 -> 14.82 (+17.3%), bound=15.0%
[WARN]  CIK 1075531 BKNG: return_outlier -- 2000-03-01: 13.43 -> 15.45 (+15.1%), bound=15.0%
[WARN]  CIK 1075531 BKNG: return_outlier -- 2000-03-06: 18.00 -> 21.65 (+20.3%), bound=15.0%
[WARN]  CIK 1075531 BKNG: return_outlier -- 2000-04-03: 19.20 -> 15.69 (-18.3%), bound=15.0%
[WARN]  CIK 1075531 BKNG: return_outlier -- 2000-04-04: 15.69 -> 18.06 (+15.1%), bound=15.0%
[WARN]  CIK 1075531 BKNG: return_outlier -- 2000-04-18: 12.49 -> 15.36 (+22.9%), bound=15.0%
[WARN]  CIK 1075531 BKNG: return_outlier -- 2000-07-24: 9.61 -> 7.47 (-22.3%), bound=15.0%
[WARN]  CIK 1075531 BKNG: return_outlier -- 2000-09-27: 4.47 -> 2.58 (-42.3%), bound=15.0%
[WARN]  CIK 1075531 BKNG: return_outlier -- 2000-10-05: 2.25 -> 1.39 (-38.0%), bound=15.0%
[WARN]  CIK 1075531 BKNG: return_outlier -- 2000-10-09: 1.34 -> 1.56 (+16.9%), bound=15.0%
[WARN]  CIK 1075531 BKNG: return_outlier -- 2000-10-11: 1.63 -> 1.30 (-19.8%), bound=15.0%
[WARN]  CIK 1075531 BKNG: return_outlier -- 2000-10-13: 1.25 -> 1.51 (+21.7%), bound=15.0%
[WARN]  CIK 1075531 BKNG: return_outlier -- 2000-11-03: 1.64 -> 1.13 (-31.1%), bound=15.0%
[WARN]  CIK 1075531 BKNG: return_outlier -- 2000-11-08: 1.03 -> 0.78 (-24.1%), bound=15.0%
[WARN]  CIK 1075531 BKNG: return_outlier -- 2000-12-08: 0.45 -> 0.58 (+30.0%), bound=15.0%
[WARN]  CIK 1075531 BKNG: return_outlier -- 2000-12-20: 0.37 -> 0.30 (-18.4%), bound=15.0%
[WARN]  CIK 1075531 BKNG: return_outlier -- 2000-12-27: 0.27 -> 0.34 (+25.0%), bound=15.0%
[WARN]  CIK 1075531 BKNG: return_outlier -- 2001-01-03: 0.34 -> 0.44 (+28.9%), bound=15.0%
[WARN]  CIK 1075531 BKNG: return_outlier -- 2001-01-09: 0.38 -> 0.44 (+16.0%), bound=15.0%
[WARN]  CIK 1075531 BKNG: return_outlier -- 2001-01-11: 0.50 -> 0.62 (+25.8%), bound=15.0%
[WARN]  CIK 1075531 BKNG: return_outlier -- 2001-01-16: 0.71 -> 0.84 (+17.9%), bound=15.0%
[WARN]  CIK 1075531 BKNG: return_outlier -- 2001-02-15: 0.62 -> 0.72 (+17.1%), bound=15.0%
[WARN]  CIK 1075531 BKNG: return_outlier -- 2001-02-22: 0.58 -> 0.49 (-15.6%), bound=15.0%
[WARN]  CIK 1075531 BKNG: return_outlier -- 2001-02-23: 0.49 -> 0.62 (+26.2%), bound=15.0%
[WARN]  CIK 1075531 BKNG: return_outlier -- 2001-04-02: 0.61 -> 0.74 (+21.0%), bound=15.0%
[WARN]  CIK 1075531 BKNG: return_outlier -- 2001-04-03: 0.74 -> 0.61 (-17.3%), bound=15.0%
[WARN]  CIK 1075531 BKNG: return_outlier -- 2001-04-30: 1.01 -> 1.16 (+15.5%), bound=15.0%
[WARN]  CIK 1075531 BKNG: return_outlier -- 2001-05-01: 1.16 -> 1.58 (+35.9%), bound=15.0%
[WARN]  CIK 1075531 BKNG: return_outlier -- 2001-05-03: 1.67 -> 1.39 (-16.5%), bound=15.0%
[WARN]  CIK 1075531 BKNG: return_outlier -- 2001-05-21: 1.19 -> 1.39 (+17.6%), bound=15.0%
[WARN]  CIK 1075531 BKNG: return_outlier -- 2001-06-06: 1.31 -> 1.69 (+29.5%), bound=15.0%
[WARN]  CIK 1075531 BKNG: return_outlier -- 2001-09-17: 1.20 -> 0.72 (-39.8%), bound=15.0%
[WARN]  CIK 1075531 BKNG: return_outlier -- 2001-09-18: 0.72 -> 0.56 (-21.9%), bound=15.0%
[WARN]  CIK 1075531 BKNG: return_outlier -- 2001-09-26: 0.63 -> 0.73 (+16.0%), bound=15.0%
[WARN]  CIK 1075531 BKNG: return_outlier -- 2001-12-11: 1.14 -> 1.34 (+17.3%), bound=15.0%
[WARN]  CIK 1075531 BKNG: return_outlier -- 2002-02-04: 1.52 -> 1.16 (-23.6%), bound=15.0%
[WARN]  CIK 1075531 BKNG: return_outlier -- 2002-02-05: 1.16 -> 0.98 (-15.5%), bound=15.0%
[WARN]  CIK 1075531 BKNG: return_outlier -- 2002-05-02: 1.26 -> 0.98 (-22.1%), bound=15.0%
[WARN]  CIK 1075531 BKNG: return_outlier -- 2002-05-08: 0.84 -> 0.98 (+17.1%), bound=15.0%
[WARN]  CIK 1075531 BKNG: return_outlier -- 2002-06-10: 0.92 -> 1.06 (+15.7%), bound=15.0%
[WARN]  CIK 1075531 BKNG: return_outlier -- 2002-06-26: 0.91 -> 0.68 (-25.5%), bound=15.0%
[WARN]  CIK 1075531 BKNG: return_outlier -- 2002-11-06: 0.55 -> 0.41 (-26.8%), bound=15.0%
[WARN]  CIK 1075531 BKNG: return_outlier -- 2003-03-19: 0.35 -> 0.46 (+31.3%), bound=15.0%
[WARN]  CIK 1075531 BKNG: return_outlier -- 2003-05-02: 0.57 -> 0.75 (+32.5%), bound=15.0%
[WARN]  CIK 1075531 BKNG: return_outlier -- 2003-05-22: 0.75 -> 0.90 (+19.4%), bound=15.0%
[WARN]  CIK 1075531 BKNG: return_outlier -- 2003-07-25: 1.01 -> 1.27 (+26.2%), bound=15.0%
[WARN]  CIK 1075531 BKNG: return_outlier -- 2003-09-22: 1.51 -> 1.27 (-15.6%), bound=15.0%
[WARN]  CIK 1075531 BKNG: return_outlier -- 2003-11-05: 1.17 -> 0.87 (-25.9%), bound=15.0%
[WARN]  CIK 1075531 BKNG: return_outlier -- 2004-02-11: 0.86 -> 0.99 (+16.2%), bound=15.0%
[WARN]  CIK 1075531 BKNG: return_outlier -- 2005-11-03: 0.78 -> 0.98 (+26.2%), bound=15.0%
[WARN]  CIK 1075531 BKNG: return_outlier -- 2006-05-04: 1.01 -> 1.17 (+15.5%), bound=15.0%
[WARN]  CIK 1075531 BKNG: return_outlier -- 2006-08-08: 1.06 -> 1.23 (+16.8%), bound=15.0%
[WARN]  CIK 1075531 BKNG: return_outlier -- 2007-08-08: 2.60 -> 3.18 (+22.2%), bound=15.0%
[WARN]  CIK 1075531 BKNG: return_outlier -- 2007-11-09: 3.37 -> 4.15 (+23.0%), bound=15.0%
[WARN]  CIK 1075531 BKNG: return_outlier -- 2008-02-15: 4.09 -> 4.95 (+21.2%), bound=15.0%
[WARN]  CIK 1075531 BKNG: return_outlier -- 2008-08-06: 4.69 -> 3.89 (-17.1%), bound=15.0%
[WARN]  CIK 1075531 BKNG: return_outlier -- 2008-11-07: 1.88 -> 2.18 (+15.9%), bound=15.0%
[WARN]  CIK 1075531 BKNG: return_outlier -- 2009-02-19: 2.75 -> 3.21 (+16.6%), bound=15.0%
[WARN]  CIK 1075531 BKNG: return_outlier -- 2009-11-10: 6.95 -> 8.17 (+17.6%), bound=15.0%
[WARN]  CIK 1075531 BKNG: return_outlier -- 2010-08-04: 9.23 -> 11.25 (+21.9%), bound=15.0%
[WARN]  CIK 1075531 BKNG: return_outlier -- 2012-08-08: 27.19 -> 22.49 (-17.3%), bound=15.0%
[WARN]  CIK 1075531 BKNG: return_outlier -- 2020-11-09: 71.35 -> 84.73 (+18.8%), bound=15.0%
[WARN]  CIK 1090012 DVN: return_outlier -- 1987-10-21: 2.19 -> 1.56 (-28.6%), bound=15.0%
[WARN]  CIK 1090012 DVN: return_outlier -- 1987-10-22: 1.56 -> 2.06 (+32.0%), bound=15.0%
[WARN]  CIK 1090012 DVN: return_outlier -- 1988-08-19: 1.06 -> 1.25 (+17.6%), bound=15.0%
[WARN]  CIK 1090012 DVN: return_outlier -- 1988-10-03: 1.47 -> 2.75 (+87.2%), bound=15.0%
[WARN]  CIK 1090012 DVN: return_outlier -- 1989-02-06: 2.44 -> 2.94 (+20.5%), bound=15.0%
[WARN]  CIK 1090012 DVN: return_outlier -- 1989-02-07: 2.94 -> 3.50 (+19.1%), bound=15.0%
[WARN]  CIK 1090012 DVN: return_outlier -- 1992-05-19: 4.81 -> 5.56 (+15.6%), bound=15.0%
[WARN]  CIK 1090012 DVN: return_outlier -- 2008-10-13: 60.00 -> 72.88 (+21.5%), bound=15.0%
[WARN]  CIK 1090012 DVN: return_outlier -- 2008-10-15: 75.20 -> 62.65 (-16.7%), bound=15.0%
[WARN]  CIK 1090012 DVN: return_outlier -- 2008-11-21: 59.50 -> 68.96 (+15.9%), bound=15.0%
[WARN]  CIK 1090012 DVN: return_outlier -- 2020-03-06: 15.95 -> 13.37 (-16.2%), bound=15.0%
[WARN]  CIK 1090012 DVN: return_outlier -- 2020-03-09: 13.37 -> 8.37 (-37.4%), bound=15.0%
[WARN]  CIK 1090012 DVN: return_outlier -- 2020-03-13: 7.27 -> 8.70 (+19.7%), bound=15.0%
[WARN]  CIK 1090012 DVN: return_outlier -- 2020-03-18: 6.46 -> 5.41 (-16.3%), bound=15.0%
[WARN]  CIK 1090012 DVN: return_outlier -- 2020-03-19: 5.41 -> 6.55 (+21.1%), bound=15.0%
[WARN]  CIK 1090012 DVN: return_outlier -- 2020-03-24: 6.18 -> 7.41 (+19.9%), bound=15.0%
[WARN]  CIK 1090012 DVN: return_outlier -- 2020-04-29: 10.97 -> 12.63 (+15.1%), bound=15.0%
[WARN]  CIK 1090012 DVN: return_outlier -- 2020-11-09: 9.77 -> 11.33 (+16.0%), bound=15.0%
[WARN]  CIK 1090012 DVN: return_outlier -- 2025-04-09: 26.80 -> 31.07 (+15.9%), bound=15.0%
[WARN]  CIK 1091667 CHTR: return_outlier -- 2022-12-14: 392.68 -> 328.34 (-16.4%), bound=15.0%
[WARN]  CIK 1091667 CHTR: return_outlier -- 2024-02-02: 382.34 -> 319.21 (-16.5%), bound=15.0%
[WARN]  CIK 1091667 CHTR: return_outlier -- 2024-07-26: 315.23 -> 367.62 (+16.6%), bound=15.0%
[WARN]  CIK 1091667 CHTR: return_outlier -- 2025-07-25: 380.00 -> 309.75 (-18.5%), bound=15.0%
[WARN]  CIK 1091667 CHTR: return_outlier -- 2026-04-24: 241.78 -> 180.13 (-25.5%), bound=15.0%
[WARN]  CIK 1099219 MET: return_outlier -- 2008-09-18: 46.42 -> 56.15 (+21.0%), bound=15.0%
[WARN]  CIK 1099219 MET: return_outlier -- 2008-09-29: 47.96 -> 38.99 (-18.7%), bound=15.0%
[WARN]  CIK 1099219 MET: return_outlier -- 2008-09-30: 38.99 -> 49.91 (+28.0%), bound=15.0%
[WARN]  CIK 1099219 MET: return_outlier -- 2008-10-07: 39.50 -> 32.86 (-16.8%), bound=15.0%
[WARN]  CIK 1099219 MET: return_outlier -- 2008-10-08: 32.86 -> 24.06 (-26.8%), bound=15.0%
[WARN]  CIK 1099219 MET: return_outlier -- 2008-10-13: 26.96 -> 33.95 (+25.9%), bound=15.0%
[WARN]  CIK 1099219 MET: return_outlier -- 2008-10-28: 23.33 -> 26.94 (+15.5%), bound=15.0%
[WARN]  CIK 1099219 MET: return_outlier -- 2008-11-17: 25.08 -> 19.81 (-21.0%), bound=15.0%
[WARN]  CIK 1099219 MET: return_outlier -- 2008-11-24: 16.47 -> 20.50 (+24.5%), bound=15.0%
[WARN]  CIK 1099219 MET: return_outlier -- 2008-12-05: 22.39 -> 27.42 (+22.5%), bound=15.0%
[WARN]  CIK 1099219 MET: return_outlier -- 2008-12-16: 26.19 -> 30.69 (+17.1%), bound=15.0%
[WARN]  CIK 1099219 MET: return_outlier -- 2009-01-20: 25.35 -> 21.23 (-16.2%), bound=15.0%
[WARN]  CIK 1099219 MET: return_outlier -- 2009-01-21: 21.23 -> 25.18 (+18.6%), bound=15.0%
[WARN]  CIK 1099219 MET: return_outlier -- 2009-01-28: 24.67 -> 29.65 (+20.2%), bound=15.0%
[WARN]  CIK 1099219 MET: return_outlier -- 2009-02-27: 21.38 -> 16.45 (-23.1%), bound=15.0%
[WARN]  CIK 1099219 MET: return_outlier -- 2009-03-03: 14.71 -> 12.23 (-16.9%), bound=15.0%
[WARN]  CIK 1099219 MET: return_outlier -- 2009-03-05: 13.12 -> 10.78 (-17.8%), bound=15.0%
[WARN]  CIK 1099219 MET: return_outlier -- 2009-03-10: 11.12 -> 13.61 (+22.4%), bound=15.0%
[WARN]  CIK 1099219 MET: return_outlier -- 2009-03-18: 18.89 -> 22.78 (+20.6%), bound=15.0%
[WARN]  CIK 1099219 MET: return_outlier -- 2009-03-23: 18.52 -> 21.84 (+17.9%), bound=15.0%
[WARN]  CIK 1099219 MET: return_outlier -- 2009-05-06: 24.70 -> 28.83 (+16.7%), bound=15.0%
[WARN]  CIK 1099219 MET: return_outlier -- 2020-03-09: 39.18 -> 32.66 (-16.6%), bound=15.0%
[WARN]  CIK 1099219 MET: return_outlier -- 2020-03-12: 33.30 -> 28.30 (-15.0%), bound=15.0%
[WARN]  CIK 1099219 MET: return_outlier -- 2020-03-16: 31.93 -> 26.80 (-16.1%), bound=15.0%
[WARN]  CIK 1099219 MET: return_outlier -- 2020-03-24: 23.53 -> 27.61 (+17.3%), bound=15.0%
[WARN]  CIK 1099590 MELI: return_outlier -- 2007-08-17: 28.10 -> 32.85 (+16.9%), bound=15.0%
[WARN]  CIK 1099590 MELI: return_outlier -- 2007-09-19: 28.00 -> 33.28 (+18.9%), bound=15.0%
[WARN]  CIK 1099590 MELI: return_outlier -- 2007-11-13: 35.18 -> 41.06 (+16.7%), bound=15.0%
[WARN]  CIK 1099590 MELI: return_outlier -- 2007-12-26: 60.40 -> 72.85 (+20.6%), bound=15.0%
[WARN]  CIK 1099590 MELI: return_outlier -- 2008-01-17: 54.23 -> 45.41 (-16.3%), bound=15.0%
[WARN]  CIK 1099590 MELI: return_outlier -- 2008-01-28: 54.06 -> 42.60 (-21.2%), bound=15.0%
[WARN]  CIK 1099590 MELI: return_outlier -- 2008-07-09: 26.79 -> 31.23 (+16.6%), bound=15.0%
[WARN]  CIK 1099590 MELI: return_outlier -- 2008-09-18: 23.85 -> 28.40 (+19.1%), bound=15.0%
[WARN]  CIK 1099590 MELI: return_outlier -- 2008-10-13: 17.20 -> 21.14 (+22.9%), bound=15.0%
[WARN]  CIK 1099590 MELI: return_outlier -- 2008-10-15: 21.58 -> 18.20 (-15.7%), bound=15.0%
[WARN]  CIK 1099590 MELI: return_outlier -- 2008-11-24: 8.88 -> 10.37 (+16.8%), bound=15.0%
[WARN]  CIK 1099590 MELI: return_outlier -- 2008-12-01: 12.32 -> 10.25 (-16.8%), bound=15.0%
[WARN]  CIK 1099590 MELI: return_outlier -- 2008-12-08: 11.75 -> 15.98 (+36.0%), bound=15.0%
[WARN]  CIK 1099590 MELI: return_outlier -- 2009-01-20: 15.43 -> 12.47 (-19.2%), bound=15.0%
[WARN]  CIK 1099590 MELI: return_outlier -- 2009-05-07: 28.94 -> 23.58 (-18.5%), bound=15.0%
[WARN]  CIK 1099590 MELI: return_outlier -- 2011-11-03: 63.42 -> 83.04 (+30.9%), bound=15.0%
[WARN]  CIK 1099590 MELI: return_outlier -- 2012-08-03: 66.52 -> 82.68 (+24.3%), bound=15.0%
[WARN]  CIK 1099590 MELI: return_outlier -- 2013-05-07: 103.95 -> 122.54 (+17.9%), bound=15.0%
[WARN]  CIK 1099590 MELI: return_outlier -- 2014-10-31: 115.20 -> 136.15 (+18.2%), bound=15.0%
[WARN]  CIK 1099590 MELI: return_outlier -- 2017-05-05: 236.51 -> 275.16 (+16.3%), bound=15.0%
[WARN]  CIK 1099590 MELI: return_outlier -- 2019-02-27: 369.49 -> 446.68 (+20.9%), bound=15.0%
[WARN]  CIK 1099590 MELI: return_outlier -- 2019-05-03: 482.35 -> 578.94 (+20.0%), bound=15.0%
[WARN]  CIK 1099590 MELI: return_outlier -- 2020-05-06: 620.94 -> 742.88 (+19.6%), bound=15.0%
[WARN]  CIK 1099590 MELI: return_outlier -- 2022-05-09: 927.55 -> 770.99 (-16.9%), bound=15.0%
[WARN]  CIK 1099590 MELI: return_outlier -- 2022-08-04: 890.87 -> 1034.83 (+16.2%), bound=15.0%
[WARN]  CIK 1099590 MELI: return_outlier -- 2024-11-07: 2117.30 -> 1774.05 (-16.2%), bound=15.0%
[WARN]  CIK 1099800 EW: return_outlier -- 2000-10-31: 1.91 -> 1.12 (-41.4%), bound=15.0%
[WARN]  CIK 1099800 EW: return_outlier -- 2002-07-24: 1.55 -> 1.83 (+17.9%), bound=15.0%
[WARN]  CIK 1099800 EW: return_outlier -- 2012-10-09: 17.90 -> 14.10 (-21.2%), bound=15.0%
[WARN]  CIK 1099800 EW: return_outlier -- 2013-04-24: 13.80 -> 10.77 (-22.0%), bound=15.0%
[WARN]  CIK 1099800 EW: return_outlier -- 2016-04-04: 29.97 -> 35.03 (+16.9%), bound=15.0%
[WARN]  CIK 1099800 EW: return_outlier -- 2016-10-26: 37.89 -> 31.42 (-17.1%), bound=15.0%
[WARN]  CIK 1099800 EW: return_outlier -- 2020-03-24: 52.41 -> 61.63 (+17.6%), bound=15.0%
[WARN]  CIK 1099800 EW: return_outlier -- 2022-10-28: 86.30 -> 70.87 (-17.9%), bound=15.0%
[WARN]  CIK 1099800 EW: return_outlier -- 2024-07-25: 86.95 -> 59.70 (-31.3%), bound=15.0%
[WARN]  CIK 1101239 EQIX: return_outlier -- 2000-08-18: 384.00 -> 458.00 (+19.3%), bound=15.0%
[WARN]  CIK 1101239 EQIX: return_outlier -- 2000-10-11: 182.00 -> 132.00 (-27.5%), bound=15.0%
[WARN]  CIK 1101239 EQIX: return_outlier -- 2000-10-12: 132.00 -> 166.00 (+25.8%), bound=15.0%
[WARN]  CIK 1101239 EQIX: return_outlier -- 2000-10-13: 166.00 -> 242.00 (+45.8%), bound=15.0%
[WARN]  CIK 1101239 EQIX: return_outlier -- 2000-12-08: 144.00 -> 176.00 (+22.2%), bound=15.0%
[WARN]  CIK 1101239 EQIX: return_outlier -- 2000-12-12: 176.00 -> 212.00 (+20.5%), bound=15.0%
[WARN]  CIK 1101239 EQIX: return_outlier -- 2000-12-21: 156.00 -> 130.00 (-16.7%), bound=15.0%
[WARN]  CIK 1101239 EQIX: return_outlier -- 2000-12-29: 112.00 -> 140.00 (+25.0%), bound=15.0%
[WARN]  CIK 1101239 EQIX: return_outlier -- 2001-01-02: 140.00 -> 114.00 (-18.6%), bound=15.0%
[WARN]  CIK 1101239 EQIX: return_outlier -- 2001-01-12: 124.00 -> 148.00 (+19.4%), bound=15.0%
[WARN]  CIK 1101239 EQIX: return_outlier -- 2001-02-07: 169.00 -> 196.00 (+16.0%), bound=15.0%
[WARN]  CIK 1101239 EQIX: return_outlier -- 2001-03-01: 120.00 -> 101.00 (-15.8%), bound=15.0%
[WARN]  CIK 1101239 EQIX: return_outlier -- 2001-03-27: 64.00 -> 52.00 (-18.8%), bound=15.0%
[WARN]  CIK 1101239 EQIX: return_outlier -- 2001-04-06: 33.00 -> 19.00 (-42.4%), bound=15.0%
[WARN]  CIK 1101239 EQIX: return_outlier -- 2001-04-09: 19.00 -> 29.44 (+54.9%), bound=15.0%
[WARN]  CIK 1101239 EQIX: return_outlier -- 2001-04-10: 29.44 -> 35.52 (+20.7%), bound=15.0%
[WARN]  CIK 1101239 EQIX: return_outlier -- 2001-04-11: 35.52 -> 43.20 (+21.6%), bound=15.0%
[WARN]  CIK 1101239 EQIX: return_outlier -- 2001-04-23: 48.00 -> 39.36 (-18.0%), bound=15.0%
[WARN]  CIK 1101239 EQIX: return_outlier -- 2001-05-02: 42.24 -> 55.36 (+31.1%), bound=15.0%
[WARN]  CIK 1101239 EQIX: return_outlier -- 2001-05-14: 44.48 -> 37.12 (-16.5%), bound=15.0%
[WARN]  CIK 1101239 EQIX: return_outlier -- 2001-05-21: 38.40 -> 44.48 (+15.8%), bound=15.0%
[WARN]  CIK 1101239 EQIX: return_outlier -- 2001-07-16: 32.96 -> 43.52 (+32.0%), bound=15.0%
[WARN]  CIK 1101239 EQIX: return_outlier -- 2001-09-25: 16.00 -> 12.80 (-20.0%), bound=15.0%
[WARN]  CIK 1101239 EQIX: return_outlier -- 2001-09-27: 12.16 -> 14.08 (+15.8%), bound=15.0%
[WARN]  CIK 1101239 EQIX: return_outlier -- 2001-10-12: 14.40 -> 16.96 (+17.8%), bound=15.0%
[WARN]  CIK 1101239 EQIX: return_outlier -- 2001-10-15: 16.96 -> 20.80 (+22.6%), bound=15.0%
[WARN]  CIK 1101239 EQIX: return_outlier -- 2001-10-25: 18.56 -> 13.12 (-29.3%), bound=15.0%
[WARN]  CIK 1101239 EQIX: return_outlier -- 2001-11-13: 24.00 -> 28.48 (+18.7%), bound=15.0%
[WARN]  CIK 1101239 EQIX: return_outlier -- 2001-11-19: 35.20 -> 41.28 (+17.3%), bound=15.0%
[WARN]  CIK 1101239 EQIX: return_outlier -- 2001-11-27: 41.92 -> 51.20 (+22.1%), bound=15.0%
[WARN]  CIK 1101239 EQIX: return_outlier -- 2001-11-28: 51.20 -> 62.08 (+21.3%), bound=15.0%
[WARN]  CIK 1101239 EQIX: return_outlier -- 2001-12-13: 49.60 -> 63.04 (+27.1%), bound=15.0%
[WARN]  CIK 1101239 EQIX: return_outlier -- 2001-12-24: 62.40 -> 72.64 (+16.4%), bound=15.0%
[WARN]  CIK 1101239 EQIX: return_outlier -- 2001-12-26: 72.64 -> 94.40 (+30.0%), bound=15.0%
[WARN]  CIK 1101239 EQIX: return_outlier -- 2002-02-08: 46.72 -> 58.24 (+24.7%), bound=15.0%
[WARN]  CIK 1101239 EQIX: return_outlier -- 2002-02-11: 58.24 -> 71.04 (+22.0%), bound=15.0%
[WARN]  CIK 1101239 EQIX: return_outlier -- 2002-02-19: 60.48 -> 51.20 (-15.3%), bound=15.0%
[WARN]  CIK 1101239 EQIX: return_outlier -- 2002-03-04: 41.60 -> 34.56 (-16.9%), bound=15.0%
[WARN]  CIK 1101239 EQIX: return_outlier -- 2002-03-07: 33.92 -> 40.32 (+18.9%), bound=15.0%
[WARN]  CIK 1101239 EQIX: return_outlier -- 2002-04-18: 21.76 -> 26.24 (+20.6%), bound=15.0%
[WARN]  CIK 1101239 EQIX: return_outlier -- 2002-04-29: 20.48 -> 16.00 (-21.9%), bound=15.0%
[WARN]  CIK 1101239 EQIX: return_outlier -- 2002-07-17: 12.80 -> 15.68 (+22.5%), bound=15.0%
[WARN]  CIK 1101239 EQIX: return_outlier -- 2002-07-18: 15.68 -> 18.56 (+18.4%), bound=15.0%
[WARN]  CIK 1101239 EQIX: return_outlier -- 2002-07-19: 18.56 -> 15.68 (-15.5%), bound=15.0%
[WARN]  CIK 1101239 EQIX: return_outlier -- 2002-08-09: 16.64 -> 11.84 (-28.8%), bound=15.0%
[WARN]  CIK 1101239 EQIX: return_outlier -- 2002-08-13: 11.84 -> 14.72 (+24.3%), bound=15.0%
[WARN]  CIK 1101239 EQIX: return_outlier -- 2002-09-04: 8.64 -> 10.56 (+22.2%), bound=15.0%
[WARN]  CIK 1101239 EQIX: return_outlier -- 2002-09-12: 8.32 -> 7.04 (-15.4%), bound=15.0%
[WARN]  CIK 1101239 EQIX: return_outlier -- 2002-09-18: 6.72 -> 8.64 (+28.6%), bound=15.0%
[WARN]  CIK 1101239 EQIX: return_outlier -- 2002-09-27: 8.00 -> 10.56 (+32.0%), bound=15.0%
[WARN]  CIK 1101239 EQIX: return_outlier -- 2002-10-03: 11.52 -> 9.60 (-16.7%), bound=15.0%
[WARN]  CIK 1101239 EQIX: return_outlier -- 2002-10-29: 8.32 -> 9.60 (+15.4%), bound=15.0%
[WARN]  CIK 1101239 EQIX: return_outlier -- 2002-11-04: 8.32 -> 9.92 (+19.2%), bound=15.0%
[WARN]  CIK 1101239 EQIX: return_outlier -- 2002-11-25: 8.96 -> 10.88 (+21.4%), bound=15.0%
[WARN]  CIK 1101239 EQIX: return_outlier -- 2002-12-31: 6.72 -> 5.70 (-15.2%), bound=15.0%
[WARN]  CIK 1101239 EQIX: return_outlier -- 2003-01-07: 5.64 -> 7.70 (+36.5%), bound=15.0%
[WARN]  CIK 1101239 EQIX: return_outlier -- 2003-01-27: 3.88 -> 3.16 (-18.6%), bound=15.0%
[WARN]  CIK 1101239 EQIX: return_outlier -- 2003-01-28: 3.16 -> 3.68 (+16.5%), bound=15.0%
[WARN]  CIK 1101239 EQIX: return_outlier -- 2003-02-05: 3.35 -> 4.14 (+23.6%), bound=15.0%
[WARN]  CIK 1101239 EQIX: return_outlier -- 2003-03-04: 3.41 -> 3.96 (+16.1%), bound=15.0%
[WARN]  CIK 1101239 EQIX: return_outlier -- 2003-05-02: 3.39 -> 4.05 (+19.5%), bound=15.0%
[WARN]  CIK 1101239 EQIX: return_outlier -- 2003-05-05: 4.05 -> 5.38 (+32.8%), bound=15.0%
[WARN]  CIK 1101239 EQIX: return_outlier -- 2003-05-27: 6.20 -> 7.58 (+22.3%), bound=15.0%
[WARN]  CIK 1101239 EQIX: return_outlier -- 2003-07-16: 10.53 -> 12.81 (+21.7%), bound=15.0%
[WARN]  CIK 1101239 EQIX: return_outlier -- 2003-07-23: 13.58 -> 17.51 (+28.9%), bound=15.0%
[WARN]  CIK 1101239 EQIX: return_outlier -- 2003-08-01: 19.05 -> 14.61 (-23.3%), bound=15.0%
[WARN]  CIK 1101239 EQIX: return_outlier -- 2003-08-04: 14.61 -> 16.89 (+15.6%), bound=15.0%
[WARN]  CIK 1101239 EQIX: return_outlier -- 2004-01-09: 30.94 -> 36.87 (+19.2%), bound=15.0%
[WARN]  CIK 1101239 EQIX: return_outlier -- 2005-06-16: 37.19 -> 43.58 (+17.2%), bound=15.0%
[WARN]  CIK 1101239 EQIX: return_outlier -- 2006-08-15: 50.33 -> 58.00 (+15.2%), bound=15.0%
[WARN]  CIK 1101239 EQIX: return_outlier -- 2007-10-31: 99.62 -> 116.66 (+17.1%), bound=15.0%
[WARN]  CIK 1101239 EQIX: return_outlier -- 2008-11-24: 35.14 -> 40.69 (+15.8%), bound=15.0%
[WARN]  CIK 1101239 EQIX: return_outlier -- 2010-10-06: 105.09 -> 70.34 (-33.1%), bound=15.0%
[WARN]  CIK 1103982 MDLZ: return_outlier -- 2012-10-02: 42.52 -> 28.01 (-34.1%), bound=15.0%
[WARN]  CIK 1108524 CRM: return_outlier -- 2004-07-21: 4.01 -> 2.92 (-27.1%), bound=15.0%
[WARN]  CIK 1108524 CRM: return_outlier -- 2006-08-17: 7.08 -> 8.43 (+19.0%), bound=15.0%
[WARN]  CIK 1108524 CRM: return_outlier -- 2008-02-28: 13.15 -> 15.41 (+17.2%), bound=15.0%
[WARN]  CIK 1108524 CRM: return_outlier -- 2008-08-21: 16.33 -> 13.31 (-18.5%), bound=15.0%
[WARN]  CIK 1108524 CRM: return_outlier -- 2008-10-13: 8.14 -> 9.43 (+15.9%), bound=15.0%
[WARN]  CIK 1108524 CRM: return_outlier -- 2008-11-24: 5.58 -> 6.65 (+19.1%), bound=15.0%
[WARN]  CIK 1108524 CRM: return_outlier -- 2009-08-21: 11.55 -> 13.42 (+16.2%), bound=15.0%
[WARN]  CIK 1108524 CRM: return_outlier -- 2010-08-20: 24.10 -> 28.19 (+16.9%), bound=15.0%
[WARN]  CIK 1108524 CRM: return_outlier -- 2010-11-19: 28.94 -> 34.19 (+18.1%), bound=15.0%
[WARN]  CIK 1108524 CRM: return_outlier -- 2020-03-16: 147.78 -> 124.30 (-15.9%), bound=15.0%
[WARN]  CIK 1108524 CRM: return_outlier -- 2020-08-26: 216.05 -> 272.32 (+26.0%), bound=15.0%
[WARN]  CIK 1108524 CRM: return_outlier -- 2024-05-30: 271.62 -> 218.01 (-19.7%), bound=15.0%
[WARN]  CIK 1109357 EXC: return_outlier -- 2008-10-13: 33.79 -> 39.61 (+17.2%), bound=15.0%
[WARN]  CIK 1109357 EXC: return_outlier -- 2008-10-28: 33.62 -> 38.94 (+15.8%), bound=15.0%
[WARN]  CIK 1109357 EXC: return_outlier -- 2020-03-16: 25.93 -> 21.76 (-16.1%), bound=15.0%
[WARN]  CIK 1109357 EXC: return_outlier -- 2020-03-17: 21.76 -> 25.68 (+18.0%), bound=15.0%
[WARN]  CIK 1109357 EXC: return_outlier -- 2020-03-24: 21.38 -> 24.61 (+15.1%), bound=15.0%
[WARN]  CIK 1110803 ILMN: return_outlier -- 2000-08-03: 18.54 -> 21.52 (+16.1%), bound=15.0%
[WARN]  CIK 1110803 ILMN: return_outlier -- 2000-10-06: 17.33 -> 14.62 (-15.6%), bound=15.0%
[WARN]  CIK 1110803 ILMN: return_outlier -- 2000-11-16: 15.44 -> 12.34 (-20.1%), bound=15.0%
[WARN]  CIK 1110803 ILMN: return_outlier -- 2000-11-22: 10.37 -> 7.78 (-24.9%), bound=15.0%
[WARN]  CIK 1110803 ILMN: return_outlier -- 2000-11-24: 7.78 -> 9.48 (+21.9%), bound=15.0%
[WARN]  CIK 1110803 ILMN: return_outlier -- 2000-12-05: 9.55 -> 11.73 (+22.9%), bound=15.0%
[WARN]  CIK 1110803 ILMN: return_outlier -- 2000-12-20: 10.58 -> 8.69 (-17.8%), bound=15.0%
[WARN]  CIK 1110803 ILMN: return_outlier -- 2001-01-05: 6.87 -> 5.81 (-15.5%), bound=15.0%
[WARN]  CIK 1110803 ILMN: return_outlier -- 2001-01-08: 5.81 -> 4.32 (-25.7%), bound=15.0%
[WARN]  CIK 1110803 ILMN: return_outlier -- 2001-01-10: 4.20 -> 5.11 (+21.7%), bound=15.0%
[WARN]  CIK 1110803 ILMN: return_outlier -- 2001-01-11: 5.11 -> 6.51 (+27.4%), bound=15.0%
[WARN]  CIK 1110803 ILMN: return_outlier -- 2001-01-23: 7.02 -> 8.39 (+19.5%), bound=15.0%
[WARN]  CIK 1110803 ILMN: return_outlier -- 2001-03-12: 4.86 -> 3.95 (-18.7%), bound=15.0%
[WARN]  CIK 1110803 ILMN: return_outlier -- 2001-04-19: 3.89 -> 4.59 (+17.9%), bound=15.0%
[WARN]  CIK 1110803 ILMN: return_outlier -- 2001-06-29: 4.33 -> 5.73 (+32.4%), bound=15.0%
[WARN]  CIK 1110803 ILMN: return_outlier -- 2002-03-11: 3.74 -> 4.36 (+16.5%), bound=15.0%
[WARN]  CIK 1110803 ILMN: return_outlier -- 2002-04-01: 4.60 -> 3.65 (-20.7%), bound=15.0%
[WARN]  CIK 1110803 ILMN: return_outlier -- 2002-05-07: 4.00 -> 3.25 (-18.8%), bound=15.0%
[WARN]  CIK 1110803 ILMN: return_outlier -- 2002-06-14: 2.11 -> 2.44 (+15.4%), bound=15.0%
[WARN]  CIK 1110803 ILMN: return_outlier -- 2002-07-09: 2.75 -> 2.27 (-17.5%), bound=15.0%
[WARN]  CIK 1110803 ILMN: return_outlier -- 2002-08-20: 1.94 -> 1.61 (-17.0%), bound=15.0%
[WARN]  CIK 1110803 ILMN: return_outlier -- 2002-08-21: 1.61 -> 1.95 (+20.8%), bound=15.0%
[WARN]  CIK 1110803 ILMN: return_outlier -- 2003-03-14: 0.88 -> 1.03 (+17.2%), bound=15.0%
[WARN]  CIK 1110803 ILMN: return_outlier -- 2003-03-17: 1.03 -> 1.35 (+31.8%), bound=15.0%
[WARN]  CIK 1110803 ILMN: return_outlier -- 2003-03-24: 1.40 -> 1.16 (-16.7%), bound=15.0%
[WARN]  CIK 1110803 ILMN: return_outlier -- 2003-05-28: 1.00 -> 1.25 (+25.4%), bound=15.0%
[WARN]  CIK 1110803 ILMN: return_outlier -- 2003-05-29: 1.25 -> 1.56 (+24.5%), bound=15.0%
[WARN]  CIK 1110803 ILMN: return_outlier -- 2003-06-02: 1.68 -> 1.96 (+17.1%), bound=15.0%
[WARN]  CIK 1110803 ILMN: return_outlier -- 2003-07-09: 1.44 -> 1.67 (+15.5%), bound=15.0%
[WARN]  CIK 1110803 ILMN: return_outlier -- 2003-07-30: 1.74 -> 1.44 (-16.8%), bound=15.0%
[WARN]  CIK 1110803 ILMN: return_outlier -- 2003-09-17: 2.02 -> 2.47 (+21.9%), bound=15.0%
[WARN]  CIK 1110803 ILMN: return_outlier -- 2003-10-16: 2.67 -> 3.11 (+16.6%), bound=15.0%
[WARN]  CIK 1110803 ILMN: return_outlier -- 2004-08-10: 2.10 -> 2.43 (+15.8%), bound=15.0%
[WARN]  CIK 1110803 ILMN: return_outlier -- 2006-04-07: 10.74 -> 12.62 (+17.5%), bound=15.0%
[WARN]  CIK 1110803 ILMN: return_outlier -- 2006-04-19: 12.52 -> 14.47 (+15.6%), bound=15.0%
[WARN]  CIK 1110803 ILMN: return_outlier -- 2006-07-19: 14.04 -> 18.04 (+28.6%), bound=15.0%
[WARN]  CIK 1110803 ILMN: return_outlier -- 2006-10-18: 17.82 -> 21.29 (+19.5%), bound=15.0%
[WARN]  CIK 1110803 ILMN: return_outlier -- 2008-01-10: 29.40 -> 34.06 (+15.8%), bound=15.0%
[WARN]  CIK 1110803 ILMN: return_outlier -- 2008-10-22: 31.44 -> 24.46 (-22.2%), bound=15.0%
[WARN]  CIK 1110803 ILMN: return_outlier -- 2009-02-04: 27.23 -> 32.99 (+21.2%), bound=15.0%
[WARN]  CIK 1110803 ILMN: return_outlier -- 2009-10-28: 40.53 -> 32.46 (-19.9%), bound=15.0%
[WARN]  CIK 1110803 ILMN: return_outlier -- 2010-01-12: 32.90 -> 38.10 (+15.8%), bound=15.0%
[WARN]  CIK 1110803 ILMN: return_outlier -- 2011-07-27: 67.75 -> 55.77 (-17.7%), bound=15.0%
[WARN]  CIK 1110803 ILMN: return_outlier -- 2011-10-07: 38.84 -> 26.44 (-31.9%), bound=15.0%
[WARN]  CIK 1110803 ILMN: return_outlier -- 2012-01-25: 36.66 -> 53.65 (+46.3%), bound=15.0%
[WARN]  CIK 1110803 ILMN: return_outlier -- 2016-04-19: 173.28 -> 133.15 (-23.2%), bound=15.0%
[WARN]  CIK 1110803 ILMN: return_outlier -- 2016-10-11: 179.82 -> 135.20 (-24.8%), bound=15.0%
[WARN]  CIK 1110803 ILMN: return_outlier -- 2017-01-10: 137.68 -> 160.54 (+16.6%), bound=15.0%
[WARN]  CIK 1110803 ILMN: return_outlier -- 2019-07-12: 353.75 -> 296.74 (-16.1%), bound=15.0%
[WARN]  CIK 1110803 ILMN: return_outlier -- 2022-01-11: 352.41 -> 412.26 (+17.0%), bound=15.0%
[WARN]  CIK 1110803 ILMN: return_outlier -- 2023-03-13: 188.73 -> 220.76 (+17.0%), bound=15.0%
[WARN]  CIK 1110803 ILMN: return_outlier -- 2025-10-31: 99.01 -> 123.54 (+24.8%), bound=15.0%
[WARN]  CIK 1123360 GPN: return_outlier -- 2007-01-05: 24.52 -> 20.55 (-16.2%), bound=15.0%
[WARN]  CIK 1123360 GPN: return_outlier -- 2008-01-04: 22.60 -> 19.08 (-15.6%), bound=15.0%
[WARN]  CIK 1123360 GPN: return_outlier -- 2008-10-03: 20.53 -> 24.47 (+19.2%), bound=15.0%
[WARN]  CIK 1123360 GPN: return_outlier -- 2020-03-16: 172.99 -> 139.83 (-19.2%), bound=15.0%
[WARN]  CIK 1123360 GPN: return_outlier -- 2020-03-24: 116.07 -> 141.23 (+21.7%), bound=15.0%
[WARN]  CIK 1123360 GPN: return_outlier -- 2025-04-17: 84.12 -> 69.46 (-17.4%), bound=15.0%
[WARN]  CIK 1123360 GPN: return_outlier -- 2026-02-18: 69.77 -> 81.26 (+16.5%), bound=15.0%
[WARN]  CIK 1133421 NOC: return_outlier -- 1997-07-03: 40.15 -> 49.69 (+23.8%), bound=15.0%
[WARN]  CIK 1133421 NOC: return_outlier -- 2001-09-17: 37.02 -> 42.83 (+15.7%), bound=15.0%
[WARN]  CIK 1136893 FIS: return_outlier -- 2002-09-20: 28.40 -> 19.10 (-32.7%), bound=15.0%
[WARN]  CIK 1136893 FIS: return_outlier -- 2005-09-15: 33.60 -> 38.80 (+15.5%), bound=15.0%
[WARN]  CIK 1136893 FIS: return_outlier -- 2008-07-03: 37.25 -> 20.14 (-45.9%), bound=15.0%
[WARN]  CIK 1136893 FIS: return_outlier -- 2008-08-06: 18.97 -> 22.50 (+18.6%), bound=15.0%
[WARN]  CIK 1136893 FIS: return_outlier -- 2008-10-28: 12.47 -> 15.87 (+27.3%), bound=15.0%
[WARN]  CIK 1136893 FIS: return_outlier -- 2020-03-16: 129.90 -> 108.35 (-16.6%), bound=15.0%
[WARN]  CIK 1136893 FIS: return_outlier -- 2020-03-24: 102.45 -> 119.16 (+16.3%), bound=15.0%
[WARN]  CIK 1136893 FIS: return_outlier -- 2022-11-03: 79.47 -> 57.18 (-28.0%), bound=15.0%
[WARN]  CIK 1137774 PRU: return_outlier -- 2008-10-09: 43.29 -> 33.27 (-23.1%), bound=15.0%
[WARN]  CIK 1137774 PRU: return_outlier -- 2008-10-13: 36.13 -> 49.95 (+38.3%), bound=15.0%
[WARN]  CIK 1137774 PRU: return_outlier -- 2008-10-30: 35.25 -> 28.87 (-18.1%), bound=15.0%
[WARN]  CIK 1137774 PRU: return_outlier -- 2008-11-04: 34.50 -> 41.03 (+18.9%), bound=15.0%
[WARN]  CIK 1137774 PRU: return_outlier -- 2008-11-06: 39.01 -> 32.53 (-16.6%), bound=15.0%
[WARN]  CIK 1137774 PRU: return_outlier -- 2008-11-17: 25.24 -> 20.89 (-17.2%), bound=15.0%
[WARN]  CIK 1137774 PRU: return_outlier -- 2008-11-20: 17.01 -> 13.73 (-19.3%), bound=15.0%
[WARN]  CIK 1137774 PRU: return_outlier -- 2008-11-21: 13.73 -> 16.30 (+18.7%), bound=15.0%
[WARN]  CIK 1137774 PRU: return_outlier -- 2008-11-24: 16.30 -> 18.95 (+16.3%), bound=15.0%
[WARN]  CIK 1137774 PRU: return_outlier -- 2008-12-01: 21.70 -> 17.15 (-21.0%), bound=15.0%
[WARN]  CIK 1137774 PRU: return_outlier -- 2008-12-05: 21.17 -> 28.52 (+34.7%), bound=15.0%
[WARN]  CIK 1137774 PRU: return_outlier -- 2008-12-16: 24.61 -> 29.80 (+21.1%), bound=15.0%
[WARN]  CIK 1137774 PRU: return_outlier -- 2009-01-20: 26.66 -> 21.92 (-17.8%), bound=15.0%
[WARN]  CIK 1137774 PRU: return_outlier -- 2009-01-21: 21.92 -> 25.56 (+16.6%), bound=15.0%
[WARN]  CIK 1137774 PRU: return_outlier -- 2009-01-28: 27.13 -> 33.74 (+24.4%), bound=15.0%
[WARN]  CIK 1137774 PRU: return_outlier -- 2009-01-29: 33.74 -> 28.62 (-15.2%), bound=15.0%
[WARN]  CIK 1137774 PRU: return_outlier -- 2009-02-10: 30.30 -> 25.30 (-16.5%), bound=15.0%
[WARN]  CIK 1137774 PRU: return_outlier -- 2009-02-17: 26.66 -> 22.59 (-15.3%), bound=15.0%
[WARN]  CIK 1137774 PRU: return_outlier -- 2009-02-19: 22.61 -> 19.02 (-15.9%), bound=15.0%
[WARN]  CIK 1137774 PRU: return_outlier -- 2009-02-24: 17.17 -> 20.40 (+18.8%), bound=15.0%
[WARN]  CIK 1137774 PRU: return_outlier -- 2009-03-05: 13.82 -> 11.29 (-18.3%), bound=15.0%
[WARN]  CIK 1137774 PRU: return_outlier -- 2009-03-10: 11.61 -> 14.00 (+20.6%), bound=15.0%
[WARN]  CIK 1137774 PRU: return_outlier -- 2009-03-12: 14.16 -> 17.95 (+26.8%), bound=15.0%
[WARN]  CIK 1137774 PRU: return_outlier -- 2009-03-18: 20.94 -> 24.92 (+19.0%), bound=15.0%
[WARN]  CIK 1137774 PRU: return_outlier -- 2009-03-19: 24.92 -> 18.76 (-24.7%), bound=15.0%
[WARN]  CIK 1137774 PRU: return_outlier -- 2009-03-23: 16.69 -> 21.11 (+26.5%), bound=15.0%
[WARN]  CIK 1137774 PRU: return_outlier -- 2009-03-30: 22.18 -> 18.00 (-18.8%), bound=15.0%
[WARN]  CIK 1137774 PRU: return_outlier -- 2009-04-09: 23.81 -> 27.50 (+15.5%), bound=15.0%
[WARN]  CIK 1137774 PRU: return_outlier -- 2009-04-20: 27.52 -> 23.38 (-15.0%), bound=15.0%
[WARN]  CIK 1137774 PRU: return_outlier -- 2009-05-07: 35.57 -> 42.87 (+20.5%), bound=15.0%
[WARN]  CIK 1137774 PRU: return_outlier -- 2020-03-09: 69.81 -> 58.24 (-16.6%), bound=15.0%
[WARN]  CIK 1137774 PRU: return_outlier -- 2020-03-12: 57.97 -> 46.31 (-20.1%), bound=15.0%
[WARN]  CIK 1137774 PRU: return_outlier -- 2020-03-16: 52.92 -> 43.35 (-18.1%), bound=15.0%
[WARN]  CIK 1137774 PRU: return_outlier -- 2020-03-24: 39.22 -> 47.47 (+21.0%), bound=15.0%
[WARN]  CIK 1137774 PRU: return_outlier -- 2020-11-09: 63.55 -> 73.45 (+15.6%), bound=15.0%
[WARN]  CIK 1137789 STX: return_outlier -- 2003-10-22: 29.50 -> 22.28 (-24.5%), bound=15.0%
[WARN]  CIK 1137789 STX: return_outlier -- 2004-01-21: 20.32 -> 16.10 (-20.8%), bound=15.0%
[WARN]  CIK 1137789 STX: return_outlier -- 2004-07-21: 14.30 -> 11.91 (-16.7%), bound=15.0%
[WARN]  CIK 1137789 STX: return_outlier -- 2008-07-16: 17.30 -> 14.62 (-15.5%), bound=15.0%
[WARN]  CIK 1137789 STX: return_outlier -- 2009-01-12: 5.64 -> 4.76 (-15.6%), bound=15.0%
[WARN]  CIK 1137789 STX: return_outlier -- 2009-01-22: 4.25 -> 3.23 (-24.0%), bound=15.0%
[WARN]  CIK 1137789 STX: return_outlier -- 2010-10-15: 12.69 -> 15.51 (+22.2%), bound=15.0%
[WARN]  CIK 1137789 STX: return_outlier -- 2011-07-21: 16.99 -> 14.13 (-16.8%), bound=15.0%
[WARN]  CIK 1137789 STX: return_outlier -- 2011-10-21: 12.06 -> 15.42 (+27.9%), bound=15.0%
[WARN]  CIK 1137789 STX: return_outlier -- 2012-02-01: 21.14 -> 25.53 (+20.8%), bound=15.0%
[WARN]  CIK 1137789 STX: return_outlier -- 2016-04-14: 33.93 -> 27.11 (-20.1%), bound=15.0%
[WARN]  CIK 1137789 STX: return_outlier -- 2016-04-29: 26.90 -> 21.77 (-19.1%), bound=15.0%
[WARN]  CIK 1137789 STX: return_outlier -- 2016-07-12: 24.09 -> 29.35 (+21.8%), bound=15.0%
[WARN]  CIK 1137789 STX: return_outlier -- 2017-04-26: 50.51 -> 42.01 (-16.8%), bound=15.0%
[WARN]  CIK 1137789 STX: return_outlier -- 2017-07-25: 39.76 -> 33.20 (-16.5%), bound=15.0%
[WARN]  CIK 1137789 STX: return_outlier -- 2020-03-16: 48.93 -> 40.97 (-16.3%), bound=15.0%
[WARN]  CIK 1137789 STX: return_outlier -- 2025-04-03: 85.52 -> 71.53 (-16.4%), bound=15.0%
[WARN]  CIK 1137789 STX: return_outlier -- 2025-10-29: 223.00 -> 265.62 (+19.1%), bound=15.0%
[WARN]  CIK 1137789 STX: return_outlier -- 2026-01-28: 371.76 -> 442.93 (+19.1%), bound=15.0%
[WARN]  CIK 1141391 MA: return_outlier -- 2007-10-31: 15.72 -> 18.99 (+20.8%), bound=15.0%
[WARN]  CIK 1141391 MA: return_outlier -- 2008-11-04: 14.39 -> 17.02 (+18.3%), bound=15.0%
[WARN]  CIK 1141391 MA: return_outlier -- 2020-03-24: 203.30 -> 237.07 (+16.6%), bound=15.0%
[WARN]  CIK 1156039 ELV: return_outlier -- 2008-03-11: 65.92 -> 47.26 (-28.3%), bound=15.0%
[WARN]  CIK 1156039 ELV: return_outlier -- 2008-10-13: 35.30 -> 41.80 (+18.4%), bound=15.0%
[WARN]  CIK 1156039 ELV: return_outlier -- 2020-03-04: 256.38 -> 296.42 (+15.6%), bound=15.0%
[WARN]  CIK 1156039 ELV: return_outlier -- 2020-03-16: 270.34 -> 224.04 (-17.1%), bound=15.0%
[WARN]  CIK 1156375 CME: return_outlier -- 2008-02-06: 117.76 -> 97.05 (-17.6%), bound=15.0%
[WARN]  CIK 1156375 CME: return_outlier -- 2008-09-29: 79.80 -> 64.00 (-19.8%), bound=15.0%
[WARN]  CIK 1156375 CME: return_outlier -- 2008-09-30: 64.00 -> 74.30 (+16.1%), bound=15.0%
[WARN]  CIK 1156375 CME: return_outlier -- 2008-12-01: 42.39 -> 34.53 (-18.5%), bound=15.0%
[WARN]  CIK 1156375 CME: return_outlier -- 2009-03-23: 45.72 -> 52.89 (+15.7%), bound=15.0%
[WARN]  CIK 1156375 CME: return_outlier -- 2020-03-16: 182.01 -> 148.54 (-18.4%), bound=15.0%
[WARN]  CIK 1163165 COP: return_outlier -- 1984-12-24: 6.97 -> 5.75 (-17.5%), bound=15.0%
[WARN]  CIK 1163165 COP: return_outlier -- 1987-10-19: 5.62 -> 4.48 (-20.3%), bound=15.0%
[WARN]  CIK 1163165 COP: return_outlier -- 1987-12-23: 4.19 -> 4.91 (+17.0%), bound=15.0%
[WARN]  CIK 1163165 COP: return_outlier -- 2008-10-13: 36.77 -> 42.87 (+16.6%), bound=15.0%
[WARN]  CIK 1163165 COP: return_outlier -- 2020-03-09: 45.33 -> 34.07 (-24.8%), bound=15.0%
[WARN]  CIK 1163165 COP: return_outlier -- 2020-03-16: 31.38 -> 26.08 (-16.9%), bound=15.0%
[WARN]  CIK 1163165 COP: return_outlier -- 2020-03-24: 24.55 -> 30.74 (+25.2%), bound=15.0%
[WARN]  CIK 1164727 NEM: return_outlier -- 1987-10-16: 46.90 -> 36.50 (-22.2%), bound=15.0%
[WARN]  CIK 1164727 NEM: return_outlier -- 1987-10-19: 36.50 -> 28.80 (-21.1%), bound=15.0%
[WARN]  CIK 1164727 NEM: return_outlier -- 1987-10-20: 28.80 -> 22.20 (-22.9%), bound=15.0%
[WARN]  CIK 1164727 NEM: return_outlier -- 1987-10-21: 22.20 -> 26.20 (+18.0%), bound=15.0%
[WARN]  CIK 1164727 NEM: return_outlier -- 1989-06-22: 27.90 -> 32.10 (+15.1%), bound=15.0%
[WARN]  CIK 1164727 NEM: return_outlier -- 1997-10-27: 41.56 -> 34.62 (-16.7%), bound=15.0%
[WARN]  CIK 1164727 NEM: return_outlier -- 1998-09-03: 14.50 -> 17.25 (+19.0%), bound=15.0%
[WARN]  CIK 1164727 NEM: return_outlier -- 1998-09-04: 17.25 -> 20.00 (+15.9%), bound=15.0%
[WARN]  CIK 1164727 NEM: return_outlier -- 1998-09-10: 18.00 -> 20.94 (+16.3%), bound=15.0%
[WARN]  CIK 1164727 NEM: return_outlier -- 1999-09-27: 22.94 -> 27.81 (+21.3%), bound=15.0%
[WARN]  CIK 1164727 NEM: return_outlier -- 2008-10-28: 21.54 -> 26.47 (+22.9%), bound=15.0%
[WARN]  CIK 1164727 NEM: return_outlier -- 2008-11-21: 23.00 -> 28.79 (+25.2%), bound=15.0%
[WARN]  CIK 1166691 CMCSA: return_outlier -- 1980-03-27: 0.10 -> 0.08 (-19.1%), bound=15.0%
[WARN]  CIK 1166691 CMCSA: return_outlier -- 1987-10-20: 0.96 -> 0.82 (-15.1%), bound=15.0%
[WARN]  CIK 1166691 CMCSA: return_outlier -- 1987-10-21: 0.82 -> 0.95 (+17.0%), bound=15.0%
[WARN]  CIK 1166691 CMCSA: return_outlier -- 1993-10-13: 3.46 -> 4.13 (+19.2%), bound=15.0%
[WARN]  CIK 1166691 CMCSA: return_outlier -- 1997-06-09: 2.85 -> 3.35 (+17.5%), bound=15.0%
[WARN]  CIK 1166691 CMCSA: return_outlier -- 2002-08-21: 6.80 -> 7.84 (+15.3%), bound=15.0%
[WARN]  CIK 1166691 CMCSA: return_outlier -- 2008-10-28: 6.38 -> 7.95 (+24.5%), bound=15.0%
[WARN]  CIK 1276187 ET: return_outlier -- 2008-10-13: 3.42 -> 4.38 (+28.0%), bound=15.0%
[WARN]  CIK 1276187 ET: return_outlier -- 2015-12-07: 15.29 -> 12.99 (-15.0%), bound=15.0%
[WARN]  CIK 1276187 ET: return_outlier -- 2015-12-23: 11.86 -> 13.97 (+17.8%), bound=15.0%
[WARN]  CIK 1276187 ET: return_outlier -- 2016-01-14: 8.09 -> 9.96 (+23.1%), bound=15.0%
[WARN]  CIK 1276187 ET: return_outlier -- 2016-01-22: 7.19 -> 9.63 (+33.9%), bound=15.0%
[WARN]  CIK 1276187 ET: return_outlier -- 2016-02-08: 6.98 -> 4.05 (-42.0%), bound=15.0%
[WARN]  CIK 1276187 ET: return_outlier -- 2016-06-21: 12.20 -> 14.32 (+17.4%), bound=15.0%
[WARN]  CIK 1276187 ET: return_outlier -- 2016-11-09: 14.00 -> 16.35 (+16.8%), bound=15.0%
[WARN]  CIK 1276187 ET: return_outlier -- 2020-03-09: 10.21 -> 7.37 (-27.8%), bound=15.0%
[WARN]  CIK 1276187 ET: return_outlier -- 2020-03-19: 4.56 -> 5.45 (+19.5%), bound=15.0%
[WARN]  CIK 1283699 TMUS: return_outlier -- 2007-08-03: 78.04 -> 62.32 (-20.1%), bound=15.0%
[WARN]  CIK 1283699 TMUS: return_outlier -- 2007-11-09: 41.60 -> 32.20 (-22.6%), bound=15.0%
[WARN]  CIK 1283699 TMUS: return_outlier -- 2008-11-26: 24.24 -> 27.94 (+15.3%), bound=15.0%
[WARN]  CIK 1283699 TMUS: return_outlier -- 2009-08-06: 25.38 -> 17.98 (-29.2%), bound=15.0%
[WARN]  CIK 1283699 TMUS: return_outlier -- 2011-08-02: 32.36 -> 20.52 (-36.6%), bound=15.0%
[WARN]  CIK 1283699 TMUS: return_outlier -- 2012-07-26: 12.56 -> 17.18 (+36.8%), bound=15.0%
[WARN]  CIK 1283699 TMUS: return_outlier -- 2012-10-02: 23.04 -> 27.14 (+17.8%), bound=15.0%
[WARN]  CIK 1283699 TMUS: return_outlier -- 2013-05-01: 23.68 -> 16.52 (-30.2%), bound=15.0%
[WARN]  CIK 1297996 DLR: return_outlier -- 2008-10-10: 37.00 -> 44.50 (+20.3%), bound=15.0%
[WARN]  CIK 1297996 DLR: return_outlier -- 2008-10-15: 39.95 -> 33.39 (-16.4%), bound=15.0%
[WARN]  CIK 1297996 DLR: return_outlier -- 2008-11-24: 21.30 -> 25.37 (+19.1%), bound=15.0%
[WARN]  CIK 1297996 DLR: return_outlier -- 2013-10-30: 58.03 -> 49.17 (-15.3%), bound=15.0%
[WARN]  CIK 1318220 WCN: return_outlier -- 2000-02-23: 1.88 -> 2.27 (+21.1%), bound=15.0%
[WARN]  CIK 1318220 WCN: return_outlier -- 2000-04-14: 2.42 -> 2.02 (-16.3%), bound=15.0%
[WARN]  CIK 1318220 WCN: return_outlier -- 2000-04-17: 2.02 -> 2.36 (+16.5%), bound=15.0%
[WARN]  CIK 1318220 WCN: return_outlier -- 2000-05-11: 2.52 -> 2.99 (+18.6%), bound=15.0%
[WARN]  CIK 1318220 WCN: return_outlier -- 2001-03-23: 5.35 -> 6.26 (+17.1%), bound=15.0%
[WARN]  CIK 1318220 WCN: return_outlier -- 2001-09-17: 6.09 -> 5.11 (-16.1%), bound=15.0%
[WARN]  CIK 1318605 TSLA: return_outlier -- 2010-07-06: 1.28 -> 1.07 (-16.1%), bound=15.0%
[WARN]  CIK 1318605 TSLA: return_outlier -- 2010-11-10: 1.64 -> 1.96 (+19.2%), bound=15.0%
[WARN]  CIK 1318605 TSLA: return_outlier -- 2010-12-27: 2.01 -> 1.70 (-15.1%), bound=15.0%
[WARN]  CIK 1318605 TSLA: return_outlier -- 2011-03-31: 1.58 -> 1.85 (+17.0%), bound=15.0%
[WARN]  CIK 1318605 TSLA: return_outlier -- 2012-01-13: 1.88 -> 1.52 (-19.3%), bound=15.0%
[WARN]  CIK 1318605 TSLA: return_outlier -- 2012-01-17: 1.52 -> 1.77 (+16.7%), bound=15.0%
[WARN]  CIK 1318605 TSLA: return_outlier -- 2013-04-01: 2.53 -> 2.93 (+15.9%), bound=15.0%
[WARN]  CIK 1318605 TSLA: return_outlier -- 2013-05-09: 3.72 -> 4.63 (+24.4%), bound=15.0%
[WARN]  CIK 1318605 TSLA: return_outlier -- 2013-12-03: 8.28 -> 9.65 (+16.5%), bound=15.0%
[WARN]  CIK 1318605 TSLA: return_outlier -- 2014-01-14: 9.29 -> 10.75 (+15.7%), bound=15.0%
[WARN]  CIK 1318605 TSLA: return_outlier -- 2018-08-02: 20.06 -> 23.30 (+16.2%), bound=15.0%
[WARN]  CIK 1318605 TSLA: return_outlier -- 2018-10-01: 17.65 -> 20.71 (+17.3%), bound=15.0%
[WARN]  CIK 1318605 TSLA: return_outlier -- 2019-10-24: 16.98 -> 19.98 (+17.7%), bound=15.0%
[WARN]  CIK 1318605 TSLA: return_outlier -- 2020-02-03: 43.37 -> 52.00 (+19.9%), bound=15.0%
[WARN]  CIK 1318605 TSLA: return_outlier -- 2020-02-05: 59.14 -> 48.98 (-17.2%), bound=15.0%
[WARN]  CIK 1318605 TSLA: return_outlier -- 2020-03-16: 36.44 -> 29.67 (-18.6%), bound=15.0%
[WARN]  CIK 1318605 TSLA: return_outlier -- 2020-03-18: 28.68 -> 24.08 (-16.0%), bound=15.0%
[WARN]  CIK 1318605 TSLA: return_outlier -- 2020-03-19: 24.08 -> 28.51 (+18.4%), bound=15.0%
[WARN]  CIK 1318605 TSLA: return_outlier -- 2020-03-24: 28.95 -> 33.67 (+16.3%), bound=15.0%
[WARN]  CIK 1318605 TSLA: return_outlier -- 2020-09-08: 139.44 -> 110.07 (-21.1%), bound=15.0%
[WARN]  CIK 1318605 TSLA: return_outlier -- 2021-03-09: 187.67 -> 224.53 (+19.6%), bound=15.0%
[WARN]  CIK 1318605 TSLA: return_outlier -- 2024-04-29: 168.29 -> 194.05 (+15.3%), bound=15.0%
[WARN]  CIK 1318605 TSLA: return_outlier -- 2024-10-24: 213.65 -> 260.48 (+21.9%), bound=15.0%
[WARN]  CIK 1318605 TSLA: return_outlier -- 2025-03-10: 262.67 -> 222.15 (-15.4%), bound=15.0%
[WARN]  CIK 1318605 TSLA: return_outlier -- 2025-04-09: 221.86 -> 272.20 (+22.7%), bound=15.0%
[WARN]  CIK 1321655 PLTR: return_outlier -- 2020-11-06: 11.88 -> 13.83 (+16.4%), bound=15.0%
[WARN]  CIK 1321655 PLTR: return_outlier -- 2020-11-23: 18.15 -> 21.04 (+15.9%), bound=15.0%
[WARN]  CIK 1321655 PLTR: return_outlier -- 2020-11-25: 23.82 -> 29.05 (+22.0%), bound=15.0%
[WARN]  CIK 1321655 PLTR: return_outlier -- 2020-12-07: 23.85 -> 28.94 (+21.3%), bound=15.0%
[WARN]  CIK 1321655 PLTR: return_outlier -- 2021-01-22: 25.98 -> 32.58 (+25.4%), bound=15.0%
[WARN]  CIK 1321655 PLTR: return_outlier -- 2021-02-19: 25.17 -> 29.00 (+15.2%), bound=15.0%
[WARN]  CIK 1321655 PLTR: return_outlier -- 2022-02-17: 13.97 -> 11.77 (-15.7%), bound=15.0%
[WARN]  CIK 1321655 PLTR: return_outlier -- 2022-05-09: 9.48 -> 7.46 (-21.3%), bound=15.0%
[WARN]  CIK 1321655 PLTR: return_outlier -- 2023-02-14: 7.61 -> 9.22 (+21.2%), bound=15.0%
[WARN]  CIK 1321655 PLTR: return_outlier -- 2023-05-09: 7.74 -> 9.55 (+23.4%), bound=15.0%
[WARN]  CIK 1321655 PLTR: return_outlier -- 2023-11-02: 14.92 -> 17.97 (+20.4%), bound=15.0%
[WARN]  CIK 1321655 PLTR: return_outlier -- 2024-02-06: 16.72 -> 21.87 (+30.8%), bound=15.0%
[WARN]  CIK 1321655 PLTR: return_outlier -- 2024-05-07: 25.21 -> 21.40 (-15.1%), bound=15.0%
[WARN]  CIK 1321655 PLTR: return_outlier -- 2024-11-05: 41.41 -> 51.13 (+23.5%), bound=15.0%
[WARN]  CIK 1321655 PLTR: return_outlier -- 2025-02-04: 83.74 -> 103.83 (+24.0%), bound=15.0%
[WARN]  CIK 1321655 PLTR: return_outlier -- 2025-04-09: 77.32 -> 92.01 (+19.0%), bound=15.0%
[WARN]  CIK 1321655 PLTR: return_outlier -- 2026-08-04: 125.65 -> 162.66 (+29.5%), bound=15.0%
[WARN]  CIK 1326801 META: return_outlier -- 2012-10-24: 19.50 -> 23.23 (+19.1%), bound=15.0%
[WARN]  CIK 1326801 META: return_outlier -- 2013-07-25: 26.51 -> 34.36 (+29.6%), bound=15.0%
[WARN]  CIK 1326801 META: return_outlier -- 2016-01-28: 94.45 -> 109.11 (+15.5%), bound=15.0%
[WARN]  CIK 1326801 META: return_outlier -- 2018-07-26: 217.50 -> 176.26 (-19.0%), bound=15.0%
[WARN]  CIK 1326801 META: return_outlier -- 2022-02-03: 323.00 -> 237.76 (-26.4%), bound=15.0%
[WARN]  CIK 1326801 META: return_outlier -- 2022-04-28: 174.95 -> 205.73 (+17.6%), bound=15.0%
[WARN]  CIK 1326801 META: return_outlier -- 2022-10-27: 129.82 -> 97.94 (-24.6%), bound=15.0%
[WARN]  CIK 1326801 META: return_outlier -- 2023-02-02: 153.12 -> 188.77 (+23.3%), bound=15.0%
[WARN]  CIK 1326801 META: return_outlier -- 2024-02-02: 394.78 -> 474.99 (+20.3%), bound=15.0%
[WARN]  CIK 1327567 PANW: return_outlier -- 2017-03-01: 25.32 -> 19.20 (-24.2%), bound=15.0%
[WARN]  CIK 1327567 PANW: return_outlier -- 2017-06-01: 19.76 -> 23.17 (+17.2%), bound=15.0%
[WARN]  CIK 1327567 PANW: return_outlier -- 2020-02-25: 39.56 -> 32.83 (-17.0%), bound=15.0%
[WARN]  CIK 1327567 PANW: return_outlier -- 2021-08-24: 62.10 -> 73.64 (+18.6%), bound=15.0%
[WARN]  CIK 1327567 PANW: return_outlier -- 2024-02-21: 183.04 -> 130.99 (-28.4%), bound=15.0%
[WARN]  CIK 1341439 ORCL: return_outlier -- 1986-07-16: 0.07 -> 0.05 (-17.4%), bound=15.0%
[WARN]  CIK 1341439 ORCL: return_outlier -- 1986-10-08: 0.05 -> 0.05 (+15.0%), bound=15.0%
[WARN]  CIK 1341439 ORCL: return_outlier -- 1987-10-26: 0.13 -> 0.10 (-21.2%), bound=15.0%
[WARN]  CIK 1341439 ORCL: return_outlier -- 1987-10-29: 0.12 -> 0.15 (+25.0%), bound=15.0%
[WARN]  CIK 1341439 ORCL: return_outlier -- 1990-03-28: 0.63 -> 0.43 (-31.0%), bound=15.0%
[WARN]  CIK 1341439 ORCL: return_outlier -- 1990-09-07: 0.24 -> 0.20 (-17.7%), bound=15.0%
[WARN]  CIK 1341439 ORCL: return_outlier -- 1990-09-26: 0.18 -> 0.15 (-15.3%), bound=15.0%
[WARN]  CIK 1341439 ORCL: return_outlier -- 1990-09-28: 0.14 -> 0.16 (+15.6%), bound=15.0%
[WARN]  CIK 1341439 ORCL: return_outlier -- 1991-09-25: 0.28 -> 0.34 (+18.5%), bound=15.0%
[WARN]  CIK 1341439 ORCL: return_outlier -- 1992-12-23: 0.48 -> 0.69 (+43.9%), bound=15.0%
[WARN]  CIK 1341439 ORCL: return_outlier -- 1995-09-15: 3.32 -> 2.79 (-16.2%), bound=15.0%
[WARN]  CIK 1341439 ORCL: return_outlier -- 1997-12-09: 5.40 -> 3.82 (-29.2%), bound=15.0%
[WARN]  CIK 1341439 ORCL: return_outlier -- 1998-09-11: 3.69 -> 4.25 (+15.3%), bound=15.0%
[WARN]  CIK 1341439 ORCL: return_outlier -- 1999-03-12: 9.22 -> 7.14 (-22.5%), bound=15.0%
[WARN]  CIK 1341439 ORCL: return_outlier -- 1999-06-16: 6.28 -> 8.23 (+31.1%), bound=15.0%
[WARN]  CIK 1341439 ORCL: return_outlier -- 1999-12-15: 19.23 -> 22.59 (+17.5%), bound=15.0%
[WARN]  CIK 1341439 ORCL: return_outlier -- 2000-04-17: 31.25 -> 37.41 (+19.7%), bound=15.0%
[WARN]  CIK 1341439 ORCL: return_outlier -- 2000-11-30: 22.88 -> 26.50 (+15.8%), bound=15.0%
[WARN]  CIK 1341439 ORCL: return_outlier -- 2001-01-03: 26.38 -> 32.00 (+21.3%), bound=15.0%
[WARN]  CIK 1341439 ORCL: return_outlier -- 2001-03-02: 21.38 -> 16.88 (-21.1%), bound=15.0%
[WARN]  CIK 1341439 ORCL: return_outlier -- 2001-09-24: 10.76 -> 12.52 (+16.4%), bound=15.0%
[WARN]  CIK 1341439 ORCL: return_outlier -- 2020-03-13: 39.80 -> 47.93 (+20.4%), bound=15.0%
[WARN]  CIK 1341439 ORCL: return_outlier -- 2021-12-10: 88.77 -> 102.63 (+15.6%), bound=15.0%
[WARN]  CIK 1341439 ORCL: return_outlier -- 2025-09-10: 241.51 -> 328.33 (+35.9%), bound=15.0%
[WARN]  CIK 1373715 NOW: return_outlier -- 2013-04-25: 7.52 -> 8.68 (+15.3%), bound=15.0%
[WARN]  CIK 1373715 NOW: return_outlier -- 2016-01-28: 15.07 -> 12.71 (-15.7%), bound=15.0%
[WARN]  CIK 1373715 NOW: return_outlier -- 2025-04-24: 162.54 -> 187.71 (+15.5%), bound=15.0%
[WARN]  CIK 1373715 NOW: return_outlier -- 2026-04-23: 103.07 -> 84.78 (-17.7%), bound=15.0%
[WARN]  CIK 1389170 TRGP: return_outlier -- 2014-06-19: 125.05 -> 150.62 (+20.4%), bound=15.0%
[WARN]  CIK 1389170 TRGP: return_outlier -- 2015-12-04: 36.02 -> 30.23 (-16.1%), bound=15.0%
[WARN]  CIK 1389170 TRGP: return_outlier -- 2016-01-13: 22.02 -> 17.28 (-21.5%), bound=15.0%
[WARN]  CIK 1389170 TRGP: return_outlier -- 2016-01-21: 16.23 -> 18.74 (+15.5%), bound=15.0%
[WARN]  CIK 1389170 TRGP: return_outlier -- 2016-02-11: 18.16 -> 15.43 (-15.0%), bound=15.0%
[WARN]  CIK 1389170 TRGP: return_outlier -- 2016-02-17: 17.25 -> 20.59 (+19.4%), bound=15.0%
[WARN]  CIK 1389170 TRGP: return_outlier -- 2020-03-09: 27.86 -> 13.12 (-52.9%), bound=15.0%
[WARN]  CIK 1389170 TRGP: return_outlier -- 2020-03-12: 14.45 -> 11.12 (-23.0%), bound=15.0%
[WARN]  CIK 1389170 TRGP: return_outlier -- 2020-03-16: 12.48 -> 9.83 (-21.2%), bound=15.0%
[WARN]  CIK 1389170 TRGP: return_outlier -- 2020-03-17: 9.83 -> 7.21 (-26.7%), bound=15.0%
[WARN]  CIK 1389170 TRGP: return_outlier -- 2020-03-18: 7.21 -> 4.73 (-34.4%), bound=15.0%
[WARN]  CIK 1389170 TRGP: return_outlier -- 2020-03-19: 4.73 -> 6.39 (+35.1%), bound=15.0%
[WARN]  CIK 1389170 TRGP: return_outlier -- 2020-04-29: 10.57 -> 12.22 (+15.6%), bound=15.0%
[WARN]  CIK 1389170 TRGP: return_outlier -- 2020-05-07: 11.66 -> 13.42 (+15.1%), bound=15.0%
[WARN]  CIK 1389170 TRGP: return_outlier -- 2020-05-18: 15.03 -> 17.44 (+16.0%), bound=15.0%
[WARN]  CIK 1389170 TRGP: return_outlier -- 2020-11-09: 16.95 -> 19.57 (+15.5%), bound=15.0%
[WARN]  CIK 1390777 BNY: return_outlier -- 1987-10-19: 5.00 -> 4.21 (-15.9%), bound=15.0%
[WARN]  CIK 1390777 BNY: return_outlier -- 1990-11-02: 1.95 -> 2.29 (+16.9%), bound=15.0%
[WARN]  CIK 1390777 BNY: return_outlier -- 2000-03-16: 37.30 -> 43.33 (+16.2%), bound=15.0%
[WARN]  CIK 1390777 BNY: return_outlier -- 2002-12-18: 28.09 -> 23.73 (-15.5%), bound=15.0%
[WARN]  CIK 1390777 BNY: return_outlier -- 2008-09-29: 36.38 -> 26.50 (-27.2%), bound=15.0%
[WARN]  CIK 1390777 BNY: return_outlier -- 2008-09-30: 26.50 -> 32.58 (+22.9%), bound=15.0%
[WARN]  CIK 1390777 BNY: return_outlier -- 2008-10-07: 26.90 -> 22.66 (-15.8%), bound=15.0%
[WARN]  CIK 1390777 BNY: return_outlier -- 2008-10-13: 26.50 -> 30.68 (+15.8%), bound=15.0%
[WARN]  CIK 1390777 BNY: return_outlier -- 2008-10-15: 34.76 -> 29.25 (-15.9%), bound=15.0%
[WARN]  CIK 1390777 BNY: return_outlier -- 2008-10-28: 26.50 -> 31.80 (+20.0%), bound=15.0%
[WARN]  CIK 1390777 BNY: return_outlier -- 2008-11-24: 25.84 -> 32.25 (+24.8%), bound=15.0%
[WARN]  CIK 1390777 BNY: return_outlier -- 2009-01-20: 22.96 -> 19.00 (-17.2%), bound=15.0%
[WARN]  CIK 1390777 BNY: return_outlier -- 2009-01-21: 19.00 -> 23.00 (+21.1%), bound=15.0%
[WARN]  CIK 1390777 BNY: return_outlier -- 2009-03-23: 23.80 -> 27.73 (+16.5%), bound=15.0%
[WARN]  CIK 1390777 BNY: return_outlier -- 2020-03-13: 29.52 -> 34.13 (+15.6%), bound=15.0%
[WARN]  CIK 1393818 BX: return_outlier -- 2008-10-09: 12.46 -> 8.55 (-31.4%), bound=15.0%
[WARN]  CIK 1393818 BX: return_outlier -- 2008-10-13: 7.84 -> 9.49 (+21.0%), bound=15.0%
[WARN]  CIK 1393818 BX: return_outlier -- 2008-10-15: 10.67 -> 9.03 (-15.4%), bound=15.0%
[WARN]  CIK 1393818 BX: return_outlier -- 2008-10-17: 9.19 -> 10.68 (+16.2%), bound=15.0%
[WARN]  CIK 1393818 BX: return_outlier -- 2008-10-29: 7.31 -> 8.91 (+21.9%), bound=15.0%
[WARN]  CIK 1393818 BX: return_outlier -- 2008-11-24: 4.56 -> 6.31 (+38.3%), bound=15.0%
[WARN]  CIK 1393818 BX: return_outlier -- 2009-02-27: 3.80 -> 4.78 (+25.8%), bound=15.0%
[WARN]  CIK 1393818 BX: return_outlier -- 2009-03-03: 4.68 -> 5.58 (+19.3%), bound=15.0%
[WARN]  CIK 1393818 BX: return_outlier -- 2009-03-23: 6.18 -> 7.66 (+24.0%), bound=15.0%
[WARN]  CIK 1393818 BX: return_outlier -- 2009-05-01: 9.61 -> 11.07 (+15.2%), bound=15.0%
[WARN]  CIK 1393818 BX: return_outlier -- 2009-08-03: 11.05 -> 13.39 (+21.1%), bound=15.0%
[WARN]  CIK 1393818 BX: return_outlier -- 2009-08-05: 12.69 -> 14.68 (+15.7%), bound=15.0%
[WARN]  CIK 1393818 BX: return_outlier -- 2020-03-12: 47.35 -> 40.06 (-15.4%), bound=15.0%
[WARN]  CIK 1393818 BX: return_outlier -- 2020-03-13: 40.06 -> 46.72 (+16.6%), bound=15.0%
[WARN]  CIK 1393818 BX: return_outlier -- 2022-11-10: 89.99 -> 103.52 (+15.0%), bound=15.0%
[WARN]  CIK 1404912 KKR: return_outlier -- 2020-03-13: 22.02 -> 25.35 (+15.1%), bound=15.0%
[WARN]  CIK 1404912 KKR: return_outlier -- 2020-03-24: 18.50 -> 21.84 (+18.1%), bound=15.0%
[WARN]  CIK 1404912 KKR: return_outlier -- 2025-04-03: 120.90 -> 102.55 (-15.2%), bound=15.0%
[WARN]  CIK 1404912 KKR: return_outlier -- 2025-04-09: 94.51 -> 110.46 (+16.9%), bound=15.0%
[WARN]  CIK 1413329 PM: return_outlier -- 2018-04-19: 101.44 -> 85.64 (-15.6%), bound=15.0%
[WARN]  CIK 1467858 GM: return_outlier -- 2020-03-16: 24.71 -> 21.00 (-15.0%), bound=15.0%
[WARN]  CIK 1467858 GM: return_outlier -- 2020-03-18: 20.32 -> 16.80 (-17.3%), bound=15.0%
[WARN]  CIK 1467858 GM: return_outlier -- 2020-03-24: 17.60 -> 21.11 (+19.9%), bound=15.0%
[WARN]  CIK 1489393 LYB: return_outlier -- 2020-03-09: 71.99 -> 59.61 (-17.2%), bound=15.0%
[WARN]  CIK 1489393 LYB: return_outlier -- 2020-03-16: 46.84 -> 34.90 (-25.5%), bound=15.0%
[WARN]  CIK 1489393 LYB: return_outlier -- 2020-03-17: 34.90 -> 41.72 (+19.5%), bound=15.0%
[WARN]  CIK 1489393 LYB: return_outlier -- 2020-03-25: 45.29 -> 52.10 (+15.0%), bound=15.0%
[WARN]  CIK 1506307 KMI: return_outlier -- 2016-01-21: 12.01 -> 13.88 (+15.6%), bound=15.0%
[WARN]  CIK 1506307 KMI: return_outlier -- 2020-03-09: 19.33 -> 16.10 (-16.7%), bound=15.0%
[WARN]  CIK 1506307 KMI: return_outlier -- 2020-03-18: 12.64 -> 9.98 (-21.0%), bound=15.0%
[WARN]  CIK 1506307 KMI: return_outlier -- 2020-03-24: 11.03 -> 12.88 (+16.8%), bound=15.0%
[WARN]  CIK 1510295 MPC: return_outlier -- 2020-03-12: 31.36 -> 22.89 (-27.0%), bound=15.0%
[WARN]  CIK 1510295 MPC: return_outlier -- 2020-03-16: 24.92 -> 20.29 (-18.6%), bound=15.0%
[WARN]  CIK 1510295 MPC: return_outlier -- 2020-03-18: 20.30 -> 16.75 (-17.5%), bound=15.0%
[WARN]  CIK 1510295 MPC: return_outlier -- 2020-03-25: 17.50 -> 21.11 (+20.6%), bound=15.0%
[WARN]  CIK 1510295 MPC: return_outlier -- 2020-04-06: 20.06 -> 23.09 (+15.1%), bound=15.0%
[WARN]  CIK 1510295 MPC: return_outlier -- 2020-04-17: 21.95 -> 25.45 (+15.9%), bound=15.0%
[WARN]  CIK 1510295 MPC: return_outlier -- 2020-04-29: 28.43 -> 33.04 (+16.2%), bound=15.0%
[WARN]  CIK 1510295 MPC: return_outlier -- 2020-05-18: 30.30 -> 34.95 (+15.3%), bound=15.0%
[WARN]  CIK 1510295 MPC: return_outlier -- 2020-11-09: 31.58 -> 36.47 (+15.5%), bound=15.0%
[WARN]  CIK 1512673 XYZ: return_outlier -- 2016-05-06: 13.05 -> 10.22 (-21.7%), bound=15.0%
[WARN]  CIK 1512673 XYZ: return_outlier -- 2017-11-27: 48.86 -> 41.02 (-16.0%), bound=15.0%
[WARN]  CIK 1512673 XYZ: return_outlier -- 2020-03-16: 57.77 -> 41.27 (-28.6%), bound=15.0%
[WARN]  CIK 1512673 XYZ: return_outlier -- 2020-03-24: 40.01 -> 46.31 (+15.7%), bound=15.0%
[WARN]  CIK 1512673 XYZ: return_outlier -- 2020-04-06: 43.72 -> 50.42 (+15.3%), bound=15.0%
[WARN]  CIK 1512673 XYZ: return_outlier -- 2022-02-25: 94.99 -> 119.82 (+26.1%), bound=15.0%
[WARN]  CIK 1512673 XYZ: return_outlier -- 2022-05-11: 84.39 -> 71.22 (-15.6%), bound=15.0%
[WARN]  CIK 1512673 XYZ: return_outlier -- 2022-11-10: 57.21 -> 67.40 (+17.8%), bound=15.0%
[WARN]  CIK 1512673 XYZ: return_outlier -- 2024-02-23: 67.96 -> 78.92 (+16.1%), bound=15.0%
[WARN]  CIK 1512673 XYZ: return_outlier -- 2025-02-21: 83.04 -> 68.35 (-17.7%), bound=15.0%
[WARN]  CIK 1512673 XYZ: return_outlier -- 2025-05-02: 58.48 -> 46.53 (-20.4%), bound=15.0%
[WARN]  CIK 1512673 XYZ: return_outlier -- 2026-02-27: 54.53 -> 63.70 (+16.8%), bound=15.0%
[WARN]  CIK 1534701 PSX: return_outlier -- 2020-03-12: 55.15 -> 46.40 (-15.9%), bound=15.0%
[WARN]  CIK 1534701 PSX: return_outlier -- 2020-03-13: 46.40 -> 54.36 (+17.2%), bound=15.0%
[WARN]  CIK 1534701 PSX: return_outlier -- 2020-11-09: 46.68 -> 57.03 (+22.2%), bound=15.0%
[WARN]  CIK 1535527 CRWD: return_outlier -- 2019-06-13: 14.50 -> 16.89 (+16.5%), bound=15.0%
[WARN]  CIK 1535527 CRWD: return_outlier -- 2020-03-16: 9.89 -> 8.25 (-16.5%), bound=15.0%
[WARN]  CIK 1535527 CRWD: return_outlier -- 2020-03-17: 8.25 -> 9.50 (+15.1%), bound=15.0%
[WARN]  CIK 1535527 CRWD: return_outlier -- 2020-03-20: 10.44 -> 12.25 (+17.4%), bound=15.0%
[WARN]  CIK 1535527 CRWD: return_outlier -- 2025-04-09: 81.26 -> 94.50 (+16.3%), bound=15.0%
[WARN]  CIK 1539838 FANG: return_outlier -- 2020-03-06: 58.21 -> 48.56 (-16.6%), bound=15.0%
[WARN]  CIK 1539838 FANG: return_outlier -- 2020-03-09: 48.56 -> 26.88 (-44.6%), bound=15.0%
[WARN]  CIK 1539838 FANG: return_outlier -- 2020-03-18: 20.23 -> 15.56 (-23.1%), bound=15.0%
[WARN]  CIK 1539838 FANG: return_outlier -- 2020-03-19: 15.56 -> 18.69 (+20.1%), bound=15.0%
[WARN]  CIK 1539838 FANG: return_outlier -- 2020-03-24: 20.37 -> 24.12 (+18.4%), bound=15.0%
[WARN]  CIK 1539838 FANG: return_outlier -- 2020-04-02: 25.07 -> 29.05 (+15.9%), bound=15.0%
[WARN]  CIK 1539838 FANG: return_outlier -- 2020-04-29: 38.00 -> 44.19 (+16.3%), bound=15.0%
[WARN]  CIK 1539838 FANG: return_outlier -- 2020-11-09: 24.74 -> 32.40 (+31.0%), bound=15.0%
[WARN]  CIK 1543151 UBER: return_outlier -- 2020-03-18: 18.91 -> 14.82 (-21.6%), bound=15.0%
[WARN]  CIK 1543151 UBER: return_outlier -- 2020-03-19: 14.82 -> 20.49 (+38.3%), bound=15.0%
[WARN]  CIK 1543151 UBER: return_outlier -- 2020-03-24: 22.40 -> 26.39 (+17.8%), bound=15.0%
[WARN]  CIK 1543151 UBER: return_outlier -- 2022-08-02: 24.60 -> 29.25 (+18.9%), bound=15.0%
[WARN]  CIK 1551152 ABBV: return_outlier -- 2019-06-25: 78.45 -> 65.70 (-16.3%), bound=15.0%
[WARN]  CIK 1551182 ETN: return_outlier -- 1987-10-19: 6.04 -> 4.48 (-25.7%), bound=15.0%
[WARN]  CIK 1551182 ETN: return_outlier -- 1987-10-21: 4.05 -> 4.83 (+19.2%), bound=15.0%
[WARN]  CIK 1551182 ETN: return_outlier -- 1999-10-19: 17.91 -> 15.18 (-15.2%), bound=15.0%
[WARN]  CIK 1551182 ETN: return_outlier -- 2000-02-24: 14.22 -> 16.92 (+19.0%), bound=15.0%
[WARN]  CIK 1551182 ETN: return_outlier -- 2020-03-24: 57.77 -> 71.21 (+23.3%), bound=15.0%
[WARN]  CIK 1551182 ETN: return_outlier -- 2025-01-27: 368.98 -> 311.55 (-15.6%), bound=15.0%
[WARN]  CIK 1552000 MPLX: return_outlier -- 2016-02-03: 29.12 -> 21.86 (-24.9%), bound=15.0%
[WARN]  CIK 1552000 MPLX: return_outlier -- 2020-03-09: 18.29 -> 15.07 (-17.6%), bound=15.0%
[WARN]  CIK 1552000 MPLX: return_outlier -- 2020-03-17: 11.25 -> 9.47 (-15.8%), bound=15.0%
[WARN]  CIK 1552000 MPLX: return_outlier -- 2020-03-19: 8.38 -> 11.38 (+35.8%), bound=15.0%
[WARN]  CIK 1552000 MPLX: return_outlier -- 2020-03-31: 10.06 -> 11.62 (+15.5%), bound=15.0%
[WARN]  CIK 1555280 ZTS: return_outlier -- 2026-05-07: 111.22 -> 87.31 (-21.5%), bound=15.0%
[WARN]  CIK 1564408 SNAP: return_outlier -- 2017-05-11: 22.98 -> 18.05 (-21.5%), bound=15.0%
[WARN]  CIK 1564408 SNAP: return_outlier -- 2018-02-07: 14.06 -> 20.75 (+47.6%), bound=15.0%
[WARN]  CIK 1564408 SNAP: return_outlier -- 2018-05-02: 14.13 -> 11.03 (-21.9%), bound=15.0%
[WARN]  CIK 1564408 SNAP: return_outlier -- 2019-02-06: 7.04 -> 8.59 (+22.0%), bound=15.0%
[WARN]  CIK 1564408 SNAP: return_outlier -- 2019-07-24: 14.83 -> 17.61 (+18.7%), bound=15.0%
[WARN]  CIK 1564408 SNAP: return_outlier -- 2020-03-16: 11.35 -> 9.06 (-20.2%), bound=15.0%
[WARN]  CIK 1564408 SNAP: return_outlier -- 2020-04-22: 12.44 -> 17.01 (+36.7%), bound=15.0%
[WARN]  CIK 1564408 SNAP: return_outlier -- 2020-10-21: 28.45 -> 36.50 (+28.3%), bound=15.0%
[WARN]  CIK 1564408 SNAP: return_outlier -- 2021-07-23: 62.97 -> 77.97 (+23.8%), bound=15.0%
[WARN]  CIK 1564408 SNAP: return_outlier -- 2021-10-22: 75.11 -> 55.14 (-26.6%), bound=15.0%
[WARN]  CIK 1564408 SNAP: return_outlier -- 2022-02-03: 32.07 -> 24.50 (-23.6%), bound=15.0%
[WARN]  CIK 1564408 SNAP: return_outlier -- 2022-02-04: 24.50 -> 38.91 (+58.8%), bound=15.0%
[WARN]  CIK 1564408 SNAP: return_outlier -- 2022-05-24: 22.47 -> 12.79 (-43.1%), bound=15.0%
[WARN]  CIK 1564408 SNAP: return_outlier -- 2022-07-22: 16.35 -> 9.96 (-39.1%), bound=15.0%
[WARN]  CIK 1564408 SNAP: return_outlier -- 2022-10-21: 10.79 -> 7.76 (-28.1%), bound=15.0%
[WARN]  CIK 1564408 SNAP: return_outlier -- 2022-10-25: 8.31 -> 9.60 (+15.5%), bound=15.0%
[WARN]  CIK 1564408 SNAP: return_outlier -- 2023-04-28: 10.50 -> 8.71 (-17.0%), bound=15.0%
[WARN]  CIK 1564408 SNAP: return_outlier -- 2024-02-07: 17.45 -> 11.41 (-34.6%), bound=15.0%
[WARN]  CIK 1564408 SNAP: return_outlier -- 2024-04-26: 11.40 -> 14.55 (+27.6%), bound=15.0%
[WARN]  CIK 1564408 SNAP: return_outlier -- 2024-08-02: 12.81 -> 9.36 (-26.9%), bound=15.0%
[WARN]  CIK 1564408 SNAP: return_outlier -- 2024-10-30: 10.89 -> 12.62 (+15.9%), bound=15.0%
[WARN]  CIK 1564408 SNAP: return_outlier -- 2025-04-09: 7.23 -> 8.82 (+22.0%), bound=15.0%
[WARN]  CIK 1564408 SNAP: return_outlier -- 2025-08-06: 9.39 -> 7.78 (-17.1%), bound=15.0%
[WARN]  CIK 1571949 ICE: return_outlier -- 2006-09-15: 12.93 -> 14.87 (+15.0%), bound=15.0%
[WARN]  CIK 1571949 ICE: return_outlier -- 2008-09-19: 15.05 -> 17.32 (+15.1%), bound=15.0%
[WARN]  CIK 1571949 ICE: return_outlier -- 2008-09-29: 15.77 -> 12.98 (-17.7%), bound=15.0%
[WARN]  CIK 1571949 ICE: return_outlier -- 2008-09-30: 12.98 -> 16.14 (+24.4%), bound=15.0%
[WARN]  CIK 1571949 ICE: return_outlier -- 2008-10-09: 16.53 -> 13.75 (-16.8%), bound=15.0%
[WARN]  CIK 1571949 ICE: return_outlier -- 2008-10-13: 14.80 -> 17.22 (+16.4%), bound=15.0%
[WARN]  CIK 1571949 ICE: return_outlier -- 2008-10-15: 16.88 -> 14.23 (-15.7%), bound=15.0%
[WARN]  CIK 1571949 ICE: return_outlier -- 2008-10-28: 10.86 -> 12.86 (+18.5%), bound=15.0%
[WARN]  CIK 1571949 ICE: return_outlier -- 2008-10-30: 12.36 -> 17.40 (+40.8%), bound=15.0%
[WARN]  CIK 1571949 ICE: return_outlier -- 2008-11-21: 10.14 -> 11.70 (+15.4%), bound=15.0%
[WARN]  CIK 1571949 ICE: return_outlier -- 2008-12-01: 14.72 -> 12.13 (-17.6%), bound=15.0%
[WARN]  CIK 1585521 ZM: return_outlier -- 2019-06-07: 79.43 -> 94.05 (+18.4%), bound=15.0%
[WARN]  CIK 1585521 ZM: return_outlier -- 2020-03-23: 130.55 -> 159.56 (+22.2%), bound=15.0%
[WARN]  CIK 1585521 ZM: return_outlier -- 2020-03-24: 159.56 -> 135.18 (-15.3%), bound=15.0%
[WARN]  CIK 1585521 ZM: return_outlier -- 2020-09-01: 325.10 -> 457.69 (+40.8%), bound=15.0%
[WARN]  CIK 1585521 ZM: return_outlier -- 2020-11-09: 500.11 -> 413.24 (-17.4%), bound=15.0%
[WARN]  CIK 1585521 ZM: return_outlier -- 2020-12-01: 478.36 -> 406.31 (-15.1%), bound=15.0%
[WARN]  CIK 1585521 ZM: return_outlier -- 2021-08-31: 347.50 -> 289.50 (-16.7%), bound=15.0%
[WARN]  CIK 1585521 ZM: return_outlier -- 2022-08-23: 97.44 -> 81.32 (-16.5%), bound=15.0%
[WARN]  CIK 1596532 ANET: return_outlier -- 2014-07-01: 3.90 -> 4.75 (+21.8%), bound=15.0%
[WARN]  CIK 1596532 ANET: return_outlier -- 2017-02-17: 6.26 -> 7.44 (+18.9%), bound=15.0%
[WARN]  CIK 1596532 ANET: return_outlier -- 2017-08-04: 9.00 -> 10.75 (+19.4%), bound=15.0%
[WARN]  CIK 1596532 ANET: return_outlier -- 2018-02-16: 19.25 -> 15.59 (-19.0%), bound=15.0%
[WARN]  CIK 1596532 ANET: return_outlier -- 2019-11-01: 15.29 -> 11.58 (-24.2%), bound=15.0%
[WARN]  CIK 1596532 ANET: return_outlier -- 2020-03-24: 10.12 -> 11.66 (+15.2%), bound=15.0%
[WARN]  CIK 1596532 ANET: return_outlier -- 2020-11-03: 13.51 -> 15.59 (+15.4%), bound=15.0%
[WARN]  CIK 1596532 ANET: return_outlier -- 2021-11-02: 25.54 -> 30.74 (+20.4%), bound=15.0%
[WARN]  CIK 1596532 ANET: return_outlier -- 2023-05-02: 40.04 -> 33.74 (-15.7%), bound=15.0%
[WARN]  CIK 1596532 ANET: return_outlier -- 2023-08-01: 38.77 -> 46.40 (+19.7%), bound=15.0%
[WARN]  CIK 1596532 ANET: return_outlier -- 2025-01-27: 129.17 -> 100.30 (-22.4%), bound=15.0%
[WARN]  CIK 1596532 ANET: return_outlier -- 2025-08-06: 118.12 -> 138.78 (+17.5%), bound=15.0%
[WARN]  CIK 1613103 MDT: return_outlier -- 1974-06-21: 0.34 -> 0.23 (-31.4%), bound=15.0%
[WARN]  CIK 1613103 MDT: return_outlier -- 1974-07-11: 0.15 -> 0.18 (+19.2%), bound=15.0%
[WARN]  CIK 1613103 MDT: return_outlier -- 1976-08-03: 0.22 -> 0.18 (-16.2%), bound=15.0%
[WARN]  CIK 1613103 MDT: return_outlier -- 1977-10-27: 0.16 -> 0.13 (-18.1%), bound=15.0%
[WARN]  CIK 1613103 MDT: return_outlier -- 1984-02-13: 0.61 -> 0.51 (-16.0%), bound=15.0%
[WARN]  CIK 1633917 PYPL: return_outlier -- 2020-03-16: 110.15 -> 92.72 (-15.8%), bound=15.0%
[WARN]  CIK 1633917 PYPL: return_outlier -- 2022-02-02: 175.80 -> 132.57 (-24.6%), bound=15.0%
[WARN]  CIK 1633917 PYPL: return_outlier -- 2026-02-03: 52.33 -> 41.70 (-20.3%), bound=15.0%
[WARN]  CIK 1633917 PYPL: return_outlier -- 2026-07-15: 47.37 -> 55.52 (+17.2%), bound=15.0%
[WARN]  CIK 1637459 KHC: return_outlier -- 2019-02-22: 48.18 -> 34.95 (-27.5%), bound=15.0%
[WARN]  CIK 1637459 KHC: return_outlier -- 2020-03-12: 23.66 -> 20.06 (-15.2%), bound=15.0%
[WARN]  CIK 1637459 KHC: return_outlier -- 2020-03-13: 20.06 -> 23.97 (+19.5%), bound=15.0%
[WARN]  CIK 1640147 SNOW: return_outlier -- 2020-12-03: 292.69 -> 339.89 (+16.1%), bound=15.0%
[WARN]  CIK 1640147 SNOW: return_outlier -- 2021-12-02: 311.00 -> 360.28 (+15.8%), bound=15.0%
[WARN]  CIK 1640147 SNOW: return_outlier -- 2022-03-03: 264.69 -> 224.02 (-15.4%), bound=15.0%
[WARN]  CIK 1640147 SNOW: return_outlier -- 2022-03-16: 170.78 -> 197.84 (+15.8%), bound=15.0%
[WARN]  CIK 1640147 SNOW: return_outlier -- 2022-08-25: 159.49 -> 196.28 (+23.1%), bound=15.0%
[WARN]  CIK 1640147 SNOW: return_outlier -- 2022-11-10: 126.26 -> 145.38 (+15.1%), bound=15.0%
[WARN]  CIK 1640147 SNOW: return_outlier -- 2023-05-25: 177.14 -> 147.91 (-16.5%), bound=15.0%
[WARN]  CIK 1640147 SNOW: return_outlier -- 2024-02-29: 230.00 -> 188.28 (-18.1%), bound=15.0%
[WARN]  CIK 1640147 SNOW: return_outlier -- 2024-11-21: 129.12 -> 171.35 (+32.7%), bound=15.0%
[WARN]  CIK 1640147 SNOW: return_outlier -- 2025-08-28: 200.39 -> 241.00 (+20.3%), bound=15.0%
[WARN]  CIK 1640147 SNOW: return_outlier -- 2026-05-28: 175.26 -> 239.20 (+36.5%), bound=15.0%
[WARN]  CIK 1645590 HPE: return_outlier -- 2020-03-16: 9.86 -> 8.35 (-15.3%), bound=15.0%
[WARN]  CIK 1645590 HPE: return_outlier -- 2025-04-03: 16.12 -> 13.68 (-15.1%), bound=15.0%
[WARN]  CIK 1645590 HPE: return_outlier -- 2025-04-09: 12.51 -> 14.50 (+15.9%), bound=15.0%
[WARN]  CIK 1645590 HPE: return_outlier -- 2026-06-02: 47.00 -> 56.15 (+19.5%), bound=15.0%
[WARN]  CIK 1652044 GOOGL: return_outlier -- 2004-10-22: 3.74 -> 4.32 (+15.4%), bound=15.0%
[WARN]  CIK 1652044 GOOGL: return_outlier -- 2008-04-18: 11.25 -> 13.50 (+20.0%), bound=15.0%
[WARN]  CIK 1652044 GOOGL: return_outlier -- 2015-07-17: 30.09 -> 34.98 (+16.3%), bound=15.0%
[WARN]  CIK 1666700 DD: return_outlier -- 1980-02-08: 13.35 -> 15.38 (+15.2%), bound=15.0%
[WARN]  CIK 1666700 DD: return_outlier -- 1987-10-19: 34.94 -> 28.19 (-19.3%), bound=15.0%
[WARN]  CIK 1666700 DD: return_outlier -- 1987-10-26: 28.14 -> 23.72 (-15.7%), bound=15.0%
[WARN]  CIK 1666700 DD: return_outlier -- 2008-12-29: 34.55 -> 27.37 (-20.8%), bound=15.0%
[WARN]  CIK 1666700 DD: return_outlier -- 2009-04-30: 24.14 -> 28.58 (+18.4%), bound=15.0%
[WARN]  CIK 1666700 DD: return_outlier -- 2019-06-03: 81.08 -> 95.52 (+17.8%), bound=15.0%
[WARN]  CIK 1682852 MRNA: return_outlier -- 2020-02-07: 19.88 -> 23.24 (+16.9%), bound=15.0%
[WARN]  CIK 1682852 MRNA: return_outlier -- 2020-02-25: 18.59 -> 23.76 (+27.8%), bound=15.0%
[WARN]  CIK 1682852 MRNA: return_outlier -- 2020-02-26: 23.76 -> 29.16 (+22.7%), bound=15.0%
[WARN]  CIK 1682852 MRNA: return_outlier -- 2020-03-02: 25.93 -> 29.88 (+15.2%), bound=15.0%
[WARN]  CIK 1682852 MRNA: return_outlier -- 2020-03-09: 29.61 -> 24.29 (-18.0%), bound=15.0%
[WARN]  CIK 1682852 MRNA: return_outlier -- 2020-03-16: 21.30 -> 26.49 (+24.4%), bound=15.0%
[WARN]  CIK 1682852 MRNA: return_outlier -- 2020-04-17: 40.60 -> 46.85 (+15.4%), bound=15.0%
[WARN]  CIK 1682852 MRNA: return_outlier -- 2020-05-18: 66.69 -> 80.00 (+20.0%), bound=15.0%
[WARN]  CIK 1682852 MRNA: return_outlier -- 2020-05-26: 69.00 -> 57.71 (-16.4%), bound=15.0%
[WARN]  CIK 1682852 MRNA: return_outlier -- 2020-07-17: 81.81 -> 94.85 (+15.9%), bound=15.0%
[WARN]  CIK 1682852 MRNA: return_outlier -- 2020-11-27: 109.18 -> 127.03 (+16.3%), bound=15.0%
[WARN]  CIK 1682852 MRNA: return_outlier -- 2020-11-30: 127.03 -> 152.74 (+20.2%), bound=15.0%
[WARN]  CIK 1682852 MRNA: return_outlier -- 2021-08-09: 413.72 -> 484.47 (+17.1%), bound=15.0%
[WARN]  CIK 1682852 MRNA: return_outlier -- 2021-08-11: 456.76 -> 385.33 (-15.6%), bound=15.0%
[WARN]  CIK 1682852 MRNA: return_outlier -- 2021-11-04: 345.92 -> 284.02 (-17.9%), bound=15.0%
[WARN]  CIK 1682852 MRNA: return_outlier -- 2021-11-05: 284.02 -> 236.99 (-16.6%), bound=15.0%
[WARN]  CIK 1682852 MRNA: return_outlier -- 2021-11-26: 273.39 -> 329.63 (+20.6%), bound=15.0%
[WARN]  CIK 1682852 MRNA: return_outlier -- 2022-02-24: 135.73 -> 156.23 (+15.1%), bound=15.0%
[WARN]  CIK 1682852 MRNA: return_outlier -- 2022-08-03: 160.81 -> 186.49 (+16.0%), bound=15.0%
[WARN]  CIK 1682852 MRNA: return_outlier -- 2022-12-13: 165.13 -> 197.54 (+19.6%), bound=15.0%
[WARN]  CIK 1682852 MRNA: return_outlier -- 2024-08-01: 119.22 -> 94.17 (-21.0%), bound=15.0%
[WARN]  CIK 1682852 MRNA: return_outlier -- 2025-01-13: 42.25 -> 35.15 (-16.8%), bound=15.0%
[WARN]  CIK 1682852 MRNA: return_outlier -- 2025-03-05: 30.37 -> 35.21 (+15.9%), bound=15.0%
[WARN]  CIK 1682852 MRNA: return_outlier -- 2026-01-13: 33.84 -> 39.60 (+17.0%), bound=15.0%
[WARN]  CIK 1682852 MRNA: return_outlier -- 2026-01-21: 43.00 -> 49.81 (+15.8%), bound=15.0%
[WARN]  CIK 1682852 MRNA: return_outlier -- 2026-03-04: 49.83 -> 57.80 (+16.0%), bound=15.0%
[WARN]  CIK 1682852 MRNA: return_outlier -- 2026-08-19: 62.96 -> 174.38 (+177.0%), bound=15.0%
[WARN]  CIK 1682852 MRNA: return_outlier -- 2026-08-20: 174.38 -> 133.32 (-23.5%), bound=15.0%
[WARN]  CIK 1692819 VST: return_outlier -- 2020-03-12: 17.79 -> 14.55 (-18.2%), bound=15.0%
[WARN]  CIK 1692819 VST: return_outlier -- 2021-02-26: 22.76 -> 17.25 (-24.2%), bound=15.0%
[WARN]  CIK 1692819 VST: return_outlier -- 2024-09-20: 92.74 -> 107.88 (+16.3%), bound=15.0%
[WARN]  CIK 1692819 VST: return_outlier -- 2025-01-27: 191.11 -> 137.08 (-28.3%), bound=15.0%
[WARN]  CIK 1692819 VST: return_outlier -- 2025-04-09: 102.19 -> 118.02 (+15.5%), bound=15.0%
[WARN]  CIK 1730168 AVGO: return_outlier -- 2020-03-16: 23.42 -> 18.76 (-19.9%), bound=15.0%
[WARN]  CIK 1730168 AVGO: return_outlier -- 2020-03-18: 19.95 -> 16.79 (-15.9%), bound=15.0%
[WARN]  CIK 1730168 AVGO: return_outlier -- 2020-03-19: 16.79 -> 19.44 (+15.8%), bound=15.0%
[WARN]  CIK 1730168 AVGO: return_outlier -- 2024-12-13: 180.66 -> 224.80 (+24.4%), bound=15.0%
[WARN]  CIK 1730168 AVGO: return_outlier -- 2025-01-27: 244.70 -> 202.13 (-17.4%), bound=15.0%
[WARN]  CIK 1730168 AVGO: return_outlier -- 2025-04-09: 156.03 -> 185.15 (+18.7%), bound=15.0%
[WARN]  CIK 1739940 CI: return_outlier -- 1987-10-19: 7.11 -> 5.78 (-18.7%), bound=15.0%
[WARN]  CIK 1739940 CI: return_outlier -- 2002-10-25: 21.20 -> 12.33 (-41.8%), bound=15.0%
[WARN]  CIK 1739940 CI: return_outlier -- 2003-10-31: 15.99 -> 19.02 (+18.9%), bound=15.0%
[WARN]  CIK 1739940 CI: return_outlier -- 2008-10-13: 22.26 -> 27.50 (+23.5%), bound=15.0%
[WARN]  CIK 1739940 CI: return_outlier -- 2008-10-30: 19.85 -> 15.58 (-21.5%), bound=15.0%
[WARN]  CIK 1739940 CI: return_outlier -- 2008-11-03: 16.30 -> 19.18 (+17.7%), bound=15.0%
[WARN]  CIK 1739940 CI: return_outlier -- 2008-11-20: 10.88 -> 8.88 (-18.4%), bound=15.0%
[WARN]  CIK 1739940 CI: return_outlier -- 2008-11-24: 8.82 -> 10.42 (+18.1%), bound=15.0%
[WARN]  CIK 1739940 CI: return_outlier -- 2009-02-05: 18.02 -> 21.39 (+18.7%), bound=15.0%
[WARN]  CIK 1739940 CI: return_outlier -- 2020-03-16: 179.87 -> 150.69 (-16.2%), bound=15.0%
[WARN]  CIK 1739940 CI: return_outlier -- 2023-12-11: 258.80 -> 301.97 (+16.7%), bound=15.0%
[WARN]  CIK 1739940 CI: return_outlier -- 2025-10-30: 299.12 -> 247.10 (-17.4%), bound=15.0%
[WARN]  CIK 1744489 DIS: return_outlier -- 1983-11-10: 1.21 -> 0.97 (-19.6%), bound=15.0%
[WARN]  CIK 1744489 DIS: return_outlier -- 1984-06-11: 1.32 -> 1.11 (-15.2%), bound=15.0%
[WARN]  CIK 1744489 DIS: return_outlier -- 1987-10-19: 5.33 -> 3.78 (-29.1%), bound=15.0%
[WARN]  CIK 1744489 DIS: return_outlier -- 1987-10-21: 4.09 -> 4.87 (+19.1%), bound=15.0%
[WARN]  CIK 1744489 DIS: return_outlier -- 2000-01-10: 30.70 -> 35.39 (+15.3%), bound=15.0%
[WARN]  CIK 1744489 DIS: return_outlier -- 2000-11-09: 36.38 -> 30.70 (-15.6%), bound=15.0%
[WARN]  CIK 1744489 DIS: return_outlier -- 2001-09-17: 23.26 -> 18.99 (-18.4%), bound=15.0%
[WARN]  CIK 1744489 DIS: return_outlier -- 2008-10-13: 23.04 -> 26.72 (+16.0%), bound=15.0%
[WARN]  CIK 1751788 DOW: return_outlier -- 2020-03-09: 38.97 -> 30.53 (-21.7%), bound=15.0%
[WARN]  CIK 1751788 DOW: return_outlier -- 2020-03-12: 27.99 -> 23.67 (-15.4%), bound=15.0%
[WARN]  CIK 1751788 DOW: return_outlier -- 2020-03-17: 22.00 -> 26.60 (+20.9%), bound=15.0%
[WARN]  CIK 1751788 DOW: return_outlier -- 2025-04-09: 25.81 -> 29.86 (+15.7%), bound=15.0%
[WARN]  CIK 1751788 DOW: return_outlier -- 2025-07-24: 30.37 -> 25.07 (-17.5%), bound=15.0%
[WARN]  CIK 1868275 CEG: return_outlier -- 2022-07-28: 55.53 -> 64.59 (+16.3%), bound=15.0%
[WARN]  CIK 1868275 CEG: return_outlier -- 2024-02-27: 133.22 -> 155.76 (+16.9%), bound=15.0%
[WARN]  CIK 1868275 CEG: return_outlier -- 2024-09-20: 208.50 -> 254.98 (+22.3%), bound=15.0%
[WARN]  CIK 1868275 CEG: return_outlier -- 2025-01-10: 243.84 -> 305.19 (+25.2%), bound=15.0%
[WARN]  CIK 1868275 CEG: return_outlier -- 2025-01-27: 347.44 -> 275.00 (-20.8%), bound=15.0%
[WARN]  CIK 1868275 CEG: return_outlier -- 2025-04-09: 184.94 -> 215.45 (+16.5%), bound=15.0%
[WARN]  CIK 1996810 GEV: return_outlier -- 2025-01-27: 420.49 -> 330.00 (-21.5%), bound=15.0%
[WARN]  CIK 1996810 GEV: return_outlier -- 2025-12-10: 625.30 -> 723.00 (+15.6%), bound=15.0%

0 FATAL, 3003 WARN, 0 INFO
