Pulling companyfacts for 244 companies (27 tags across 14 families each)...
[EDGAR GET] https://data.sec.gov/api/xbrl/companyfacts/CIK0000001800.json
  1800 (CIK 1800): 2633 fact rows
[EDGAR GET] https://data.sec.gov/api/xbrl/companyfacts/CIK0000002488.json
  2488 (CIK 2488): 2367 fact rows
[EDGAR GET] https://data.sec.gov/api/xbrl/companyfacts/CIK0000002969.json
  2969 (CIK 2969): 3211 fact rows
[EDGAR GET] https://data.sec.gov/api/xbrl/companyfacts/CIK0000003570.json
  3570 (CIK 3570): 3028 fact rows
[EDGAR GET] https://data.sec.gov/api/xbrl/companyfacts/CIK0000004281.json
  4281 (CIK 4281): 2990 fact rows
[EDGAR GET] https://data.sec.gov/api/xbrl/companyfacts/CIK0000004447.json
  4447 (CIK 4447): 2615 fact rows
[EDGAR GET] https://data.sec.gov/api/xbrl/companyfacts/CIK0000004904.json
  4904 (CIK 4904): 3576 fact rows
[EDGAR GET] https://data.sec.gov/api/xbrl/companyfacts/CIK0000005272.json
  5272 (CIK 5272): 3424 fact rows
[EDGAR GET] https://data.sec.gov/api/xbrl/companyfacts/CIK0000006769.json
  6769 (CIK 6769): 2811 fact rows
[EDGAR GET] https://data.sec.gov/api/xbrl/companyfacts/CIK0000006951.json
  6951 (CIK 6951): 2626 fact rows
[EDGAR GET] https://data.sec.gov/api/xbrl/companyfacts/CIK0000008670.json
  8670 (CIK 8670): 2315 fact rows
[EDGAR GET] https://data.sec.gov/api/xbrl/companyfacts/CIK0000010795.json
  10795 (CIK 10795): 2268 fact rows
[EDGAR GET] https://data.sec.gov/api/xbrl/companyfacts/CIK0000012927.json
  12927 (CIK 12927): 3213 fact rows
[EDGAR GET] https://data.sec.gov/api/xbrl/companyfacts/CIK0000014272.json
  14272 (CIK 14272): 2913 fact rows
[EDGAR GET] https://data.sec.gov/api/xbrl/companyfacts/CIK0000018230.json
  18230 (CIK 18230): 3077 fact rows
[EDGAR GET] https://data.sec.gov/api/xbrl/companyfacts/CIK0000019617.json
  19617 (CIK 19617): 2704 fact rows
[EDGAR GET] https://data.sec.gov/api/xbrl/companyfacts/CIK0000021344.json
  21344 (CIK 21344): 2713 fact rows
[EDGAR GET] https://data.sec.gov/api/xbrl/companyfacts/CIK0000021665.json
  21665 (CIK 21665): 3196 fact rows
[EDGAR GET] https://data.sec.gov/api/xbrl/companyfacts/CIK0000024741.json
  24741 (CIK 24741): 2744 fact rows
[EDGAR GET] https://data.sec.gov/api/xbrl/companyfacts/CIK0000027419.json
  27419 (CIK 27419): 2597 fact rows
[EDGAR GET] https://data.sec.gov/api/xbrl/companyfacts/CIK0000029915.json
  29915 (CIK 29915): 1463 fact rows
[EDGAR GET] https://data.sec.gov/api/xbrl/companyfacts/CIK0000030554.json
  30554 (CIK 30554): 1453 fact rows
[EDGAR GET] https://data.sec.gov/api/xbrl/companyfacts/CIK0000031462.json
  31462 (CIK 31462): 3492 fact rows
[EDGAR GET] https://data.sec.gov/api/xbrl/companyfacts/CIK0000032604.json
  32604 (CIK 32604): 2657 fact rows
[EDGAR GET] https://data.sec.gov/api/xbrl/companyfacts/CIK0000033213.json
  33213 (CIK 33213): 3033 fact rows
[EDGAR GET] https://data.sec.gov/api/xbrl/companyfacts/CIK0000034088.json
  34088 (CIK 34088): 2603 fact rows
[EDGAR GET] https://data.sec.gov/api/xbrl/companyfacts/CIK0000036104.json
  36104 (CIK 36104): 2974 fact rows
[EDGAR GET] https://data.sec.gov/api/xbrl/companyfacts/CIK0000037996.json
  37996 (CIK 37996): 3336 fact rows
[EDGAR GET] https://data.sec.gov/api/xbrl/companyfacts/CIK0000040533.json
  40533 (CIK 40533): 2175 fact rows
[EDGAR GET] https://data.sec.gov/api/xbrl/companyfacts/CIK0000045012.json
  45012 (CIK 45012): 2791 fact rows
[EDGAR GET] https://data.sec.gov/api/xbrl/companyfacts/CIK0000047217.json
  47217 (CIK 47217): 2437 fact rows
[EDGAR GET] https://data.sec.gov/api/xbrl/companyfacts/CIK0000049071.json
  49071 (CIK 49071): 3102 fact rows
[EDGAR GET] https://data.sec.gov/api/xbrl/companyfacts/CIK0000049826.json
  49826 (CIK 49826): 2429 fact rows
[EDGAR GET] https://data.sec.gov/api/xbrl/companyfacts/CIK0000050863.json
  50863 (CIK 50863): 2188 fact rows
[EDGAR GET] https://data.sec.gov/api/xbrl/companyfacts/CIK0000051143.json
  51143 (CIK 51143): 2712 fact rows
[EDGAR GET] https://data.sec.gov/api/xbrl/companyfacts/CIK0000055785.json
  55785 (CIK 55785): 2695 fact rows
[EDGAR GET] https://data.sec.gov/api/xbrl/companyfacts/CIK0000059478.json
  59478 (CIK 59478): 2401 fact rows
[EDGAR GET] https://data.sec.gov/api/xbrl/companyfacts/CIK0000060667.json
  60667 (CIK 60667): 2538 fact rows
[EDGAR GET] https://data.sec.gov/api/xbrl/companyfacts/CIK0000062709.json
  62709 (CIK 62709): 2789 fact rows
[EDGAR GET] https://data.sec.gov/api/xbrl/companyfacts/CIK0000063908.json
  63908 (CIK 63908): 2443 fact rows
[EDGAR GET] https://data.sec.gov/api/xbrl/companyfacts/CIK0000064040.json
  64040 (CIK 64040): 3478 fact rows
[EDGAR GET] https://data.sec.gov/api/xbrl/companyfacts/CIK0000064803.json
  64803 (CIK 64803): 3339 fact rows
[EDGAR GET] https://data.sec.gov/api/xbrl/companyfacts/CIK0000066740.json
  66740 (CIK 66740): 3613 fact rows
[EDGAR GET] https://data.sec.gov/api/xbrl/companyfacts/CIK0000070858.json
  70858 (CIK 70858): 2886 fact rows
[EDGAR GET] https://data.sec.gov/api/xbrl/companyfacts/CIK0000072741.json
  72741 (CIK 72741): 2569 fact rows
[EDGAR GET] https://data.sec.gov/api/xbrl/companyfacts/CIK0000072903.json
  72903 (CIK 72903): 2776 fact rows
[EDGAR GET] https://data.sec.gov/api/xbrl/companyfacts/CIK0000072971.json
  72971 (CIK 72971): 2910 fact rows
[EDGAR GET] https://data.sec.gov/api/xbrl/companyfacts/CIK0000073309.json
  73309 (CIK 73309): 3247 fact rows
[EDGAR GET] https://data.sec.gov/api/xbrl/companyfacts/CIK0000077476.json
  77476 (CIK 77476): 3033 fact rows
[EDGAR GET] https://data.sec.gov/api/xbrl/companyfacts/CIK0000078003.json
  78003 (CIK 78003): 2765 fact rows
[EDGAR GET] https://data.sec.gov/api/xbrl/companyfacts/CIK0000079879.json
  79879 (CIK 79879): 3255 fact rows
[EDGAR GET] https://data.sec.gov/api/xbrl/companyfacts/CIK0000080424.json
  80424 (CIK 80424): 3033 fact rows
[EDGAR GET] https://data.sec.gov/api/xbrl/companyfacts/CIK0000080661.json
  80661 (CIK 80661): 2722 fact rows
[EDGAR GET] https://data.sec.gov/api/xbrl/companyfacts/CIK0000086312.json
  86312 (CIK 86312): 2869 fact rows
[EDGAR GET] https://data.sec.gov/api/xbrl/companyfacts/CIK0000087347.json
  87347 (CIK 87347): 2982 fact rows
[EDGAR GET] https://data.sec.gov/api/xbrl/companyfacts/CIK0000089800.json
  89800 (CIK 89800): 2720 fact rows
[EDGAR GET] https://data.sec.gov/api/xbrl/companyfacts/CIK0000092122.json
  92122 (CIK 92122): 2978 fact rows
[EDGAR GET] https://data.sec.gov/api/xbrl/companyfacts/CIK0000092230.json
  92230 (CIK 92230): 2695 fact rows
[EDGAR GET] https://data.sec.gov/api/xbrl/companyfacts/CIK0000093410.json
  93410 (CIK 93410): 2881 fact rows
[EDGAR GET] https://data.sec.gov/api/xbrl/companyfacts/CIK0000097476.json
  97476 (CIK 97476): 2561 fact rows
[EDGAR GET] https://data.sec.gov/api/xbrl/companyfacts/CIK0000097745.json
  97745 (CIK 97745): 3016 fact rows
[EDGAR GET] https://data.sec.gov/api/xbrl/companyfacts/CIK0000100885.json
  100885 (CIK 100885): 2958 fact rows
[EDGAR GET] https://data.sec.gov/api/xbrl/companyfacts/CIK0000101829.json
  101829 (CIK 101829): 3133 fact rows
[EDGAR GET] https://data.sec.gov/api/xbrl/companyfacts/CIK0000104169.json
  104169 (CIK 104169): 3464 fact rows
[EDGAR GET] https://data.sec.gov/api/xbrl/companyfacts/CIK0000106040.json
  106040 (CIK 106040): 2642 fact rows
[EDGAR GET] https://data.sec.gov/api/xbrl/companyfacts/CIK0000106535.json
  106535 (CIK 106535): 2738 fact rows
[EDGAR GET] https://data.sec.gov/api/xbrl/companyfacts/CIK0000107263.json
  107263 (CIK 107263): 3241 fact rows
[EDGAR GET] https://data.sec.gov/api/xbrl/companyfacts/CIK0000109198.json
  109198 (CIK 109198): 2442 fact rows
[EDGAR GET] https://data.sec.gov/api/xbrl/companyfacts/CIK0000200406.json
  200406 (CIK 200406): 2440 fact rows
[EDGAR GET] https://data.sec.gov/api/xbrl/companyfacts/CIK0000310158.json
  310158 (CIK 310158): 2512 fact rows
[EDGAR GET] https://data.sec.gov/api/xbrl/companyfacts/CIK0000310764.json
  310764 (CIK 310764): 2563 fact rows
[EDGAR GET] https://data.sec.gov/api/xbrl/companyfacts/CIK0000313616.json
  313616 (CIK 313616): 2900 fact rows
[EDGAR GET] https://data.sec.gov/api/xbrl/companyfacts/CIK0000315189.json
  315189 (CIK 315189): 3642 fact rows
[EDGAR GET] https://data.sec.gov/api/xbrl/companyfacts/CIK0000315293.json
  315293 (CIK 315293): 3339 fact rows
[EDGAR GET] https://data.sec.gov/api/xbrl/companyfacts/CIK0000316709.json
  316709 (CIK 316709): 2767 fact rows
[EDGAR GET] https://data.sec.gov/api/xbrl/companyfacts/CIK0000318154.json
  318154 (CIK 318154): 2618 fact rows
[EDGAR GET] https://data.sec.gov/api/xbrl/companyfacts/CIK0000320187.json
  320187 (CIK 320187): 1825 fact rows
[EDGAR GET] https://data.sec.gov/api/xbrl/companyfacts/CIK0000320193.json
  320193 (CIK 320193): 2556 fact rows
[EDGAR GET] https://data.sec.gov/api/xbrl/companyfacts/CIK0000354950.json
  354950 (CIK 354950): 2337 fact rows
[EDGAR GET] https://data.sec.gov/api/xbrl/companyfacts/CIK0000701221.json
  701221 (CIK 701221): 1654 fact rows
[EDGAR GET] https://data.sec.gov/api/xbrl/companyfacts/CIK0000707549.json
  707549 (CIK 707549): 2155 fact rows
[EDGAR GET] https://data.sec.gov/api/xbrl/companyfacts/CIK0000712515.json
  712515 (CIK 712515): 2477 fact rows
[EDGAR GET] https://data.sec.gov/api/xbrl/companyfacts/CIK0000713676.json
  713676 (CIK 713676): 3017 fact rows
[EDGAR GET] https://data.sec.gov/api/xbrl/companyfacts/CIK0000715957.json
  715957 (CIK 715957): 3785 fact rows
[EDGAR GET] https://data.sec.gov/api/xbrl/companyfacts/CIK0000718877.json
  718877 (CIK 718877): 2476 fact rows
[EDGAR GET] https://data.sec.gov/api/xbrl/companyfacts/CIK0000723125.json
  723125 (CIK 723125): 2958 fact rows
[EDGAR GET] https://data.sec.gov/api/xbrl/companyfacts/CIK0000726728.json
  726728 (CIK 726728): 2363 fact rows
[EDGAR GET] https://data.sec.gov/api/xbrl/companyfacts/CIK0000731766.json
  731766 (CIK 731766): 2849 fact rows
[EDGAR GET] https://data.sec.gov/api/xbrl/companyfacts/CIK0000732712.json
  732712 (CIK 732712): 3201 fact rows
[EDGAR GET] https://data.sec.gov/api/xbrl/companyfacts/CIK0000732717.json
  732717 (CIK 732717): 3354 fact rows
[EDGAR GET] https://data.sec.gov/api/xbrl/companyfacts/CIK0000753308.json
  753308 (CIK 753308): 2804 fact rows
[EDGAR GET] https://data.sec.gov/api/xbrl/companyfacts/CIK0000764180.json
  764180 (CIK 764180): 3123 fact rows
[EDGAR GET] https://data.sec.gov/api/xbrl/companyfacts/CIK0000766704.json
  766704 (CIK 766704): 3214 fact rows
[EDGAR GET] https://data.sec.gov/api/xbrl/companyfacts/CIK0000769397.json
  769397 (CIK 769397): 2489 fact rows
[EDGAR GET] https://data.sec.gov/api/xbrl/companyfacts/CIK0000773840.json
  773840 (CIK 773840): 2659 fact rows
[EDGAR GET] https://data.sec.gov/api/xbrl/companyfacts/CIK0000773910.json
  773910 (CIK 773910): 1727 fact rows
[EDGAR GET] https://data.sec.gov/api/xbrl/companyfacts/CIK0000788784.json
  788784 (CIK 788784): 2683 fact rows
[EDGAR GET] https://data.sec.gov/api/xbrl/companyfacts/CIK0000789019.json
  789019 (CIK 789019): 2694 fact rows
[EDGAR GET] https://data.sec.gov/api/xbrl/companyfacts/CIK0000790070.json
  790070 (CIK 790070): 1326 fact rows
[EDGAR GET] https://data.sec.gov/api/xbrl/companyfacts/CIK0000797468.json
  797468 (CIK 797468): 2725 fact rows
[EDGAR GET] https://data.sec.gov/api/xbrl/companyfacts/CIK0000798354.json
  798354 (CIK 798354): 2736 fact rows
[EDGAR GET] https://data.sec.gov/api/xbrl/companyfacts/CIK0000804328.json
  804328 (CIK 804328): 3081 fact rows
[EDGAR GET] https://data.sec.gov/api/xbrl/companyfacts/CIK0000804753.json
  804753 (CIK 804753): 1838 fact rows
[EDGAR GET] https://data.sec.gov/api/xbrl/companyfacts/CIK0000813672.json
  813672 (CIK 813672): 1952 fact rows
[EDGAR GET] https://data.sec.gov/api/xbrl/companyfacts/CIK0000816284.json
  816284 (CIK 816284): 1659 fact rows
[EDGAR GET] https://data.sec.gov/api/xbrl/companyfacts/CIK0000821189.json
  821189 (CIK 821189): 2468 fact rows
[EDGAR GET] https://data.sec.gov/api/xbrl/companyfacts/CIK0000823768.json
  823768 (CIK 823768): 3277 fact rows
[EDGAR GET] https://data.sec.gov/api/xbrl/companyfacts/CIK0000827052.json
  827052 (CIK 827052): 3166 fact rows
[EDGAR GET] https://data.sec.gov/api/xbrl/companyfacts/CIK0000829224.json
  829224 (CIK 829224): 3046 fact rows
[EDGAR GET] https://data.sec.gov/api/xbrl/companyfacts/CIK0000831001.json
  831001 (CIK 831001): 3854 fact rows
[EDGAR GET] https://data.sec.gov/api/xbrl/companyfacts/CIK0000831259.json
  831259 (CIK 831259): 3411 fact rows
[EDGAR GET] https://data.sec.gov/api/xbrl/companyfacts/CIK0000849395.json
  849395 (CIK 849395): 608 fact rows
[EDGAR GET] https://data.sec.gov/api/xbrl/companyfacts/CIK0000849399.json
  849399 (CIK 849399): 2441 fact rows
[EDGAR GET] https://data.sec.gov/api/xbrl/companyfacts/CIK0000858877.json
  858877 (CIK 858877): 2588 fact rows
[EDGAR GET] https://data.sec.gov/api/xbrl/companyfacts/CIK0000872589.json
  872589 (CIK 872589): 2563 fact rows
[EDGAR GET] https://data.sec.gov/api/xbrl/companyfacts/CIK0000875045.json
  875045 (CIK 875045): 3146 fact rows
[EDGAR GET] https://data.sec.gov/api/xbrl/companyfacts/CIK0000875320.json
  875320 (CIK 875320): 3211 fact rows
[EDGAR GET] https://data.sec.gov/api/xbrl/companyfacts/CIK0000882095.json
  882095 (CIK 882095): 2965 fact rows
[EDGAR GET] https://data.sec.gov/api/xbrl/companyfacts/CIK0000884905.json
  884905 (CIK 884905): 1673 fact rows
[EDGAR GET] https://data.sec.gov/api/xbrl/companyfacts/CIK0000885725.json
  885725 (CIK 885725): 2441 fact rows
[EDGAR GET] https://data.sec.gov/api/xbrl/companyfacts/CIK0000886982.json
  886982 (CIK 886982): 2573 fact rows
[EDGAR GET] https://data.sec.gov/api/xbrl/companyfacts/CIK0000895126.json
  895126 (CIK 895126): 3284 fact rows
[EDGAR GET] https://data.sec.gov/api/xbrl/companyfacts/CIK0000895421.json
  895421 (CIK 895421): 3703 fact rows
[EDGAR GET] https://data.sec.gov/api/xbrl/companyfacts/CIK0000895728.json
  895728 (CIK 895728): 2674 fact rows
[EDGAR GET] https://data.sec.gov/api/xbrl/companyfacts/CIK0000896159.json
  896159 (CIK 896159): 2285 fact rows
[EDGAR GET] https://data.sec.gov/api/xbrl/companyfacts/CIK0000896878.json
  896878 (CIK 896878): 2656 fact rows
[EDGAR GET] https://data.sec.gov/api/xbrl/companyfacts/CIK0000906107.json
  906107 (CIK 906107): 3352 fact rows
[EDGAR GET] https://data.sec.gov/api/xbrl/companyfacts/CIK0000915912.json
  915912 (CIK 915912): 3147 fact rows
[EDGAR GET] https://data.sec.gov/api/xbrl/companyfacts/CIK0000922224.json
  922224 (CIK 922224): 2990 fact rows
[EDGAR GET] https://data.sec.gov/api/xbrl/companyfacts/CIK0000927628.json
  927628 (CIK 927628): 2670 fact rows
[EDGAR GET] https://data.sec.gov/api/xbrl/companyfacts/CIK0000927653.json
  927653 (CIK 927653): 2760 fact rows
[EDGAR GET] https://data.sec.gov/api/xbrl/companyfacts/CIK0000936402.json
  936402 (CIK 936402): 1558 fact rows
[EDGAR GET] https://data.sec.gov/api/xbrl/companyfacts/CIK0000936468.json
  936468 (CIK 936468): 2707 fact rows
[EDGAR GET] https://data.sec.gov/api/xbrl/companyfacts/CIK0001001039.json
  1001039 (CIK 1001039): 1703 fact rows
[EDGAR GET] https://data.sec.gov/api/xbrl/companyfacts/CIK0001001250.json
  1001250 (CIK 1001250): 2465 fact rows
[EDGAR GET] https://data.sec.gov/api/xbrl/companyfacts/CIK0001012569.json
  1012569 (CIK 1012569): 1142 fact rows
[EDGAR GET] https://data.sec.gov/api/xbrl/companyfacts/CIK0001018724.json
  1018724 (CIK 1018724): 2868 fact rows
[EDGAR GET] https://data.sec.gov/api/xbrl/companyfacts/CIK0001032208.json
  1032208 (CIK 1032208): 2664 fact rows
[EDGAR GET] https://data.sec.gov/api/xbrl/companyfacts/CIK0001034054.json
  1034054 (CIK 1034054): 2867 fact rows
[EDGAR GET] https://data.sec.gov/api/xbrl/companyfacts/CIK0001035002.json
  1035002 (CIK 1035002): 3033 fact rows
[EDGAR GET] https://data.sec.gov/api/xbrl/companyfacts/CIK0001035267.json
  1035267 (CIK 1035267): 2738 fact rows
[EDGAR GET] https://data.sec.gov/api/xbrl/companyfacts/CIK0001038357.json
  1038357 (CIK 1038357): 2186 fact rows
[EDGAR GET] https://data.sec.gov/api/xbrl/companyfacts/CIK0001039684.json
  1039684 (CIK 1039684): 3313 fact rows
[EDGAR GET] https://data.sec.gov/api/xbrl/companyfacts/CIK0001045609.json
  1045609 (CIK 1045609): 3043 fact rows
[EDGAR GET] https://data.sec.gov/api/xbrl/companyfacts/CIK0001045810.json
  1045810 (CIK 1045810): 2506 fact rows
[EDGAR GET] https://data.sec.gov/api/xbrl/companyfacts/CIK0001047122.json
  1047122 (CIK 1047122): 1848 fact rows
[EDGAR GET] https://data.sec.gov/api/xbrl/companyfacts/CIK0001047862.json
  1047862 (CIK 1047862): 2600 fact rows
[EDGAR GET] https://data.sec.gov/api/xbrl/companyfacts/CIK0001051470.json
  1051470 (CIK 1051470): 3129 fact rows
[EDGAR GET] https://data.sec.gov/api/xbrl/companyfacts/CIK0001053507.json
  1053507 (CIK 1053507): 3436 fact rows
[EDGAR GET] https://data.sec.gov/api/xbrl/companyfacts/CIK0001058290.json
  1058290 (CIK 1058290): 2604 fact rows
[EDGAR GET] https://data.sec.gov/api/xbrl/companyfacts/CIK0001060391.json
  1060391 (CIK 1060391): 3388 fact rows
[EDGAR GET] https://data.sec.gov/api/xbrl/companyfacts/CIK0001061219.json
  1061219 (CIK 1061219): 2448 fact rows
[EDGAR GET] https://data.sec.gov/api/xbrl/companyfacts/CIK0001063761.json
  1063761 (CIK 1063761): 3321 fact rows
[EDGAR GET] https://data.sec.gov/api/xbrl/companyfacts/CIK0001065088.json
  1065088 (CIK 1065088): 2636 fact rows
[EDGAR GET] https://data.sec.gov/api/xbrl/companyfacts/CIK0001065280.json
  1065280 (CIK 1065280): 2874 fact rows
[EDGAR GET] https://data.sec.gov/api/xbrl/companyfacts/CIK0001067983.json
  1067983 (CIK 1067983): 2764 fact rows
[EDGAR GET] https://data.sec.gov/api/xbrl/companyfacts/CIK0001075531.json
  1075531 (CIK 1075531): 2475 fact rows
[EDGAR GET] https://data.sec.gov/api/xbrl/companyfacts/CIK0001090012.json
  1090012 (CIK 1090012): 3101 fact rows
[EDGAR GET] https://data.sec.gov/api/xbrl/companyfacts/CIK0001090727.json
  1090727 (CIK 1090727): 2791 fact rows
[EDGAR GET] https://data.sec.gov/api/xbrl/companyfacts/CIK0001091667.json
  1091667 (CIK 1091667): 2718 fact rows
[EDGAR GET] https://data.sec.gov/api/xbrl/companyfacts/CIK0001099219.json
  1099219 (CIK 1099219): 3882 fact rows
[EDGAR GET] https://data.sec.gov/api/xbrl/companyfacts/CIK0001099590.json
  1099590 (CIK 1099590): 2990 fact rows
[EDGAR GET] https://data.sec.gov/api/xbrl/companyfacts/CIK0001099800.json
  1099800 (CIK 1099800): 2331 fact rows
[EDGAR GET] https://data.sec.gov/api/xbrl/companyfacts/CIK0001101239.json
  1101239 (CIK 1101239): 2895 fact rows
[EDGAR GET] https://data.sec.gov/api/xbrl/companyfacts/CIK0001103982.json
  1103982 (CIK 1103982): 3086 fact rows
[EDGAR GET] https://data.sec.gov/api/xbrl/companyfacts/CIK0001105705.json
  1105705 (CIK 1105705): 1410 fact rows
[EDGAR GET] https://data.sec.gov/api/xbrl/companyfacts/CIK0001108524.json
  1108524 (CIK 1108524): 2964 fact rows
[EDGAR GET] https://data.sec.gov/api/xbrl/companyfacts/CIK0001109357.json
  1109357 (CIK 1109357): 3020 fact rows
[EDGAR GET] https://data.sec.gov/api/xbrl/companyfacts/CIK0001110803.json
  1110803 (CIK 1110803): 2392 fact rows
[EDGAR GET] https://data.sec.gov/api/xbrl/companyfacts/CIK0001122304.json
  1122304 (CIK 1122304): 1511 fact rows
[EDGAR GET] https://data.sec.gov/api/xbrl/companyfacts/CIK0001123360.json
  1123360 (CIK 1123360): 3381 fact rows
[EDGAR GET] https://data.sec.gov/api/xbrl/companyfacts/CIK0001126975.json
  1126975 (CIK 1126975): 1426 fact rows
[EDGAR GET] https://data.sec.gov/api/xbrl/companyfacts/CIK0001133421.json
  1133421 (CIK 1133421): 2646 fact rows
[EDGAR GET] https://data.sec.gov/api/xbrl/companyfacts/CIK0001136893.json
  1136893 (CIK 1136893): 3063 fact rows
[EDGAR GET] https://data.sec.gov/api/xbrl/companyfacts/CIK0001137774.json
  1137774 (CIK 1137774): 3117 fact rows
[EDGAR GET] https://data.sec.gov/api/xbrl/companyfacts/CIK0001137789.json
  1137789 (CIK 1137789): 2304 fact rows
[EDGAR GET] https://data.sec.gov/api/xbrl/companyfacts/CIK0001141391.json
  1141391 (CIK 1141391): 3021 fact rows
[EDGAR GET] https://data.sec.gov/api/xbrl/companyfacts/CIK0001156039.json
  1156039 (CIK 1156039): 3121 fact rows
[EDGAR GET] https://data.sec.gov/api/xbrl/companyfacts/CIK0001156375.json
  1156375 (CIK 1156375): 3091 fact rows
[EDGAR GET] https://data.sec.gov/api/xbrl/companyfacts/CIK0001161154.json
  1161154 (CIK 1161154): 1390 fact rows
[EDGAR GET] https://data.sec.gov/api/xbrl/companyfacts/CIK0001163165.json
  1163165 (CIK 1163165): 2831 fact rows
[EDGAR GET] https://data.sec.gov/api/xbrl/companyfacts/CIK0001164727.json
  1164727 (CIK 1164727): 3360 fact rows
[EDGAR GET] https://data.sec.gov/api/xbrl/companyfacts/CIK0001166691.json
  1166691 (CIK 1166691): 3042 fact rows
[EDGAR GET] https://data.sec.gov/api/xbrl/companyfacts/CIK0001222333.json
  1222333 (CIK 1222333): 1408 fact rows
[EDGAR GET] https://data.sec.gov/api/xbrl/companyfacts/CIK0001271024.json
  1271024 (CIK 1271024): 739 fact rows
[EDGAR GET] https://data.sec.gov/api/xbrl/companyfacts/CIK0001276187.json
  1276187 (CIK 1276187): 2615 fact rows
[EDGAR GET] https://data.sec.gov/api/xbrl/companyfacts/CIK0001283699.json
  1283699 (CIK 1283699): 2750 fact rows
[EDGAR GET] https://data.sec.gov/api/xbrl/companyfacts/CIK0001297996.json
  1297996 (CIK 1297996): 2997 fact rows
[EDGAR GET] https://data.sec.gov/api/xbrl/companyfacts/CIK0001318220.json
  1318220 (CIK 1318220): 2324 fact rows
[EDGAR GET] https://data.sec.gov/api/xbrl/companyfacts/CIK0001318605.json
  1318605 (CIK 1318605): 2740 fact rows
[EDGAR GET] https://data.sec.gov/api/xbrl/companyfacts/CIK0001321655.json
  1321655 (CIK 1321655): 1012 fact rows
[EDGAR GET] https://data.sec.gov/api/xbrl/companyfacts/CIK0001326801.json
  1326801 (CIK 1326801): 2101 fact rows
[EDGAR GET] https://data.sec.gov/api/xbrl/companyfacts/CIK0001327567.json
  1327567 (CIK 1327567): 2167 fact rows
[EDGAR GET] https://data.sec.gov/api/xbrl/companyfacts/CIK0001341439.json
  1341439 (CIK 1341439): 2329 fact rows
[EDGAR GET] https://data.sec.gov/api/xbrl/companyfacts/CIK0001358071.json
  1358071 (CIK 1358071): 1332 fact rows
[EDGAR GET] https://data.sec.gov/api/xbrl/companyfacts/CIK0001364742.json
  1364742 (CIK 1364742): 2726 fact rows
[EDGAR GET] https://data.sec.gov/api/xbrl/companyfacts/CIK0001373715.json
  1373715 (CIK 1373715): 2081 fact rows
[EDGAR GET] https://data.sec.gov/api/xbrl/companyfacts/CIK0001373835.json
  1373835 (CIK 1373835): 1444 fact rows
[EDGAR GET] https://data.sec.gov/api/xbrl/companyfacts/CIK0001389170.json
  1389170 (CIK 1389170): 2986 fact rows
[EDGAR GET] https://data.sec.gov/api/xbrl/companyfacts/CIK0001390777.json
  1390777 (CIK 1390777): 3073 fact rows
[EDGAR GET] https://data.sec.gov/api/xbrl/companyfacts/CIK0001393612.json
  1393612 (CIK 1393612): 2845 fact rows
[EDGAR GET] https://data.sec.gov/api/xbrl/companyfacts/CIK0001393818.json
  1393818 (CIK 1393818): 2495 fact rows
[EDGAR GET] https://data.sec.gov/api/xbrl/companyfacts/CIK0001403161.json
  1403161 (CIK 1403161): 2232 fact rows
[EDGAR GET] https://data.sec.gov/api/xbrl/companyfacts/CIK0001404912.json
  1404912 (CIK 1404912): 2145 fact rows
[EDGAR GET] https://data.sec.gov/api/xbrl/companyfacts/CIK0001413329.json
  1413329 (CIK 1413329): 3116 fact rows
[EDGAR GET] https://data.sec.gov/api/xbrl/companyfacts/CIK0001418091.json
  1418091 (CIK 1418091): 1251 fact rows
[EDGAR GET] https://data.sec.gov/api/xbrl/companyfacts/CIK0001467858.json
  1467858 (CIK 1467858): 3272 fact rows
[EDGAR GET] https://data.sec.gov/api/xbrl/companyfacts/CIK0001483096.json
  1483096 (CIK 1483096): 1083 fact rows
[EDGAR GET] https://data.sec.gov/api/xbrl/companyfacts/CIK0001489393.json
  1489393 (CIK 1489393): 2668 fact rows
[EDGAR GET] https://data.sec.gov/api/xbrl/companyfacts/CIK0001506307.json
  1506307 (CIK 1506307): 2864 fact rows
[EDGAR GET] https://data.sec.gov/api/xbrl/companyfacts/CIK0001510295.json
  1510295 (CIK 1510295): 3094 fact rows
[EDGAR GET] https://data.sec.gov/api/xbrl/companyfacts/CIK0001512673.json
  1512673 (CIK 1512673): 1734 fact rows
[EDGAR GET] https://data.sec.gov/api/xbrl/companyfacts/CIK0001532063.json
  1532063 (CIK 1532063): 1432 fact rows
[EDGAR GET] https://data.sec.gov/api/xbrl/companyfacts/CIK0001534701.json
  1534701 (CIK 1534701): 2442 fact rows
[EDGAR GET] https://data.sec.gov/api/xbrl/companyfacts/CIK0001535527.json
  1535527 (CIK 1535527): 1233 fact rows
[EDGAR GET] https://data.sec.gov/api/xbrl/companyfacts/CIK0001539838.json
  1539838 (CIK 1539838): 2778 fact rows
[EDGAR GET] https://data.sec.gov/api/xbrl/companyfacts/CIK0001543151.json
  1543151 (CIK 1543151): 1458 fact rows
[EDGAR GET] https://data.sec.gov/api/xbrl/companyfacts/CIK0001551152.json
  1551152 (CIK 1551152): 2218 fact rows
[EDGAR GET] https://data.sec.gov/api/xbrl/companyfacts/CIK0001551182.json
  1551182 (CIK 1551182): 2234 fact rows
[EDGAR GET] https://data.sec.gov/api/xbrl/companyfacts/CIK0001552000.json
  1552000 (CIK 1552000): 1872 fact rows
[EDGAR GET] https://data.sec.gov/api/xbrl/companyfacts/CIK0001555280.json
  1555280 (CIK 1555280): 2250 fact rows
[EDGAR GET] https://data.sec.gov/api/xbrl/companyfacts/CIK0001564408.json
  1564408 (CIK 1564408): 1417 fact rows
[EDGAR GET] https://data.sec.gov/api/xbrl/companyfacts/CIK0001571949.json
  1571949 (CIK 1571949): 2434 fact rows
[EDGAR GET] https://data.sec.gov/api/xbrl/companyfacts/CIK0001578845.json
  1578845 (CIK 1578845): 1382 fact rows
[EDGAR GET] https://data.sec.gov/api/xbrl/companyfacts/CIK0001585521.json
  1585521 (CIK 1585521): 1188 fact rows
[EDGAR GET] https://data.sec.gov/api/xbrl/companyfacts/CIK0001596532.json
  1596532 (CIK 1596532): 2055 fact rows
[EDGAR GET] https://data.sec.gov/api/xbrl/companyfacts/CIK0001613103.json
  1613103 (CIK 1613103): 2108 fact rows
[EDGAR GET] https://data.sec.gov/api/xbrl/companyfacts/CIK0001618921.json
  1618921 (CIK 1618921): 1977 fact rows
[EDGAR GET] https://data.sec.gov/api/xbrl/companyfacts/CIK0001633917.json
  1633917 (CIK 1633917): 1884 fact rows
[EDGAR GET] https://data.sec.gov/api/xbrl/companyfacts/CIK0001637459.json
  1637459 (CIK 1637459): 2516 fact rows
[EDGAR GET] https://data.sec.gov/api/xbrl/companyfacts/CIK0001640147.json
  1640147 (CIK 1640147): 966 fact rows
[EDGAR GET] https://data.sec.gov/api/xbrl/companyfacts/CIK0001645590.json
  1645590 (CIK 1645590): 1615 fact rows
[EDGAR GET] https://data.sec.gov/api/xbrl/companyfacts/CIK0001652044.json
  1652044 (CIK 1652044): 1608 fact rows
[EDGAR GET] https://data.sec.gov/api/xbrl/companyfacts/CIK0001666700.json
  1666700 (CIK 1666700): 1906 fact rows
[EDGAR GET] https://data.sec.gov/api/xbrl/companyfacts/CIK0001682852.json
  1682852 (CIK 1682852): 1228 fact rows
[EDGAR GET] https://data.sec.gov/api/xbrl/companyfacts/CIK0001692819.json
  1692819 (CIK 1692819): 1754 fact rows
[EDGAR GET] https://data.sec.gov/api/xbrl/companyfacts/CIK0001707925.json
  1707925 (CIK 1707925): 1492 fact rows
[EDGAR GET] https://data.sec.gov/api/xbrl/companyfacts/CIK0001730168.json
  1730168 (CIK 1730168): 1538 fact rows
[EDGAR GET] https://data.sec.gov/api/xbrl/companyfacts/CIK0001739940.json
  1739940 (CIK 1739940): 1460 fact rows
[EDGAR GET] https://data.sec.gov/api/xbrl/companyfacts/CIK0001744489.json
  1744489 (CIK 1744489): 1441 fact rows
[EDGAR GET] https://data.sec.gov/api/xbrl/companyfacts/CIK0001751788.json
  1751788 (CIK 1751788): 1460 fact rows
[EDGAR GET] https://data.sec.gov/api/xbrl/companyfacts/CIK0001782754.json
  1782754 (CIK 1782754): 978 fact rows
[EDGAR GET] https://data.sec.gov/api/xbrl/companyfacts/CIK0001868275.json
  1868275 (CIK 1868275): 906 fact rows
[EDGAR GET] https://data.sec.gov/api/xbrl/companyfacts/CIK0001996810.json
  1996810 (CIK 1996810): 416 fact rows

Total EDGAR network GETs this run: 244
Total fundamentals rows: 619597

==============================================================================
18 SECTOR-CONCENTRATION BLOCKER(S) (> 20% of a sector's members UNRESOLVED for one family)
==============================================================================
sector           family                   unresolved  share  states
energy           liabilities               18/32        56%  ABSENT:17 PARTIAL:1
industrials      liabilities               10/19        53%  ABSENT:9 PARTIAL:1
utilities        liabilities               11/21        52%  ABSENT:9 PARTIAL:2
consumer         liabilities               16/33        48%  ABSENT:14 PARTIAL:2
energy           operating_income          15/32        47%  PARTIAL:8 ABSENT:7
healthcare       liabilities               14/32        44%  ABSENT:10 PARTIAL:4
healthcare       operating_income          11/32        34%  ABSENT:8 PARTIAL:3
materials_realestate operating_income           9/28        32%  ABSENT:7 PARTIAL:2
energy           eps_diluted               10/32        31%  ABSENT:7 PARTIAL:3
industrials      operating_income           5/19        26%  PARTIAL:3 ABSENT:2
energy           equity                     8/32        25%  ABSENT:4 PARTIAL:4
materials_realestate liabilities                7/28        25%  ABSENT:5 PARTIAL:2
energy           pretax_income              7/32        22%  PARTIAL:7
energy           shares_outstanding         7/32        22%  PARTIAL:7
materials_realestate pretax_income              6/28        21%  PARTIAL:4 ABSENT:1 OVERLAP:1
tech             liabilities                9/42        21%  ABSENT:6 PARTIAL:3
tech             shares_outstanding         9/42        21%  ABSENT:7 PARTIAL:2
consumer         shares_outstanding         7/33        21%  ABSENT:4 PARTIAL:3
==============================================================================

BLOCKER exemptions (3 in BLOCKER_EXEMPT_CELLS; they suppress table rows only -- every per-company UNRESOLVED row is still emitted as FATAL):
  [suppressed 8] (*, minority_interest): tech 35/42, energy 17/32, healthcare 17/32, financials 19/37, utilities 9/21, consumer 13/33, industrials 7/19, materials_realestate 7/28
      reason: MinorityInterest exists only for a filer with non-wholly-owned subsidiaries; its absence is the company's structure, not a gap.
  [suppressed 8] (*, net_income_to_common): industrials 17/19, tech 36/42, healthcare 26/32, consumer 23/33, utilities 13/21, energy 19/32, financials 17/37, materials_realestate 12/28
      reason: NetIncomeLossAvailableToCommonStockholdersBasic differs from net income only when preferred dividends exist; most filers have none.
  [suppressed 1] (financials, operating_income): financials 23/37
      reason: Banks have no GAAP operating-income line (net interest income + noninterest income - noninterest expense does not map onto OperatingIncomeLoss) -- the E1-documented HANDOFF §2a trap (a) fact.

Concept-family resolution (companies per state):
family                     SINGLE  MIGRATION   DOMINANT    OVERLAP    PARTIAL     ABSENT
revenue                       159         16         35          3         25          6
net_income                    108          0        116          0         20          0
net_income_to_common           81          0          0          0         50        113
operating_income              170          0          0          0         25         49
pretax_income                 168         38          7          1         26          4
assets                        228          0          0          0         16          0
liabilities                   158          0          0          0         15         71
liabilities_and_equity        227          0          0          0         16          1
equity                         94          1        128          1         15          5
minority_interest             120          0          0          0         49         75
cash                           57          5        163          2         17          0
operating_cash_flow           207         12          7          1         17          0
eps_diluted                   212          3          0          0         18         11
shares_outstanding            203          0          0          0         23         18

693 UNRESOLVED (cik, family) pair(s) of 3416; resolution written to /Users/vihanpatil/personal/projects/FinScreen/data/f2/concept_resolution.csv

validate_universe(): 711 problem(s) found (711 FATAL / 0 WARN / 0 INFO):
subject            severity check                        message
--------------------------------------------------------------------------------------------------------------
*                  FATAL    fundamentals_sector_concentration BLOCKER: liabilities is UNRESOLVED for 18/32 (56%) of sector 'energy' [ABSENT:17 PARTIAL:1] -- above the 20% concentration threshold. Either the concept does not exist in this sector (ABSENT-only) or its taxonomy does not fit these filers; either way it would bias a sector-stratified E2 result and must be read, not averaged over. CIKs: 6769, 107263, 773910, 797468, 821189, 1012569, 1035002, 1038357, 1039684, 1061219, 1090012, 1126975, 1161154, 1276187, 1358071, 1373835, 1389170, 1483096
*                  FATAL    fundamentals_sector_concentration BLOCKER: liabilities is UNRESOLVED for 10/19 (53%) of sector 'industrials' [ABSENT:9 PARTIAL:1] -- above the 20% concentration threshold. Either the concept does not exist in this sector (ABSENT-only) or its taxonomy does not fit these filers; either way it would bias a sector-stratified E2 result and must be read, not averaged over. CIKs: 12927, 32604, 40533, 49826, 97745, 313616, 773840, 1047122, 1090727, 1551182
*                  FATAL    fundamentals_sector_concentration BLOCKER: liabilities is UNRESOLVED for 11/21 (52%) of sector 'utilities' [ABSENT:9 PARTIAL:2] -- above the 20% concentration threshold. Either the concept does not exist in this sector (ABSENT-only) or its taxonomy does not fit these filers; either way it would bias a sector-stratified E2 result and must be read, not averaged over. CIKs: 72741, 72903, 732712, 732717, 753308, 788784, 922224, 1032208, 1047862, 1060391, 1283699
*                  FATAL    fundamentals_sector_concentration BLOCKER: liabilities is UNRESOLVED for 16/33 (48%) of sector 'consumer' [ABSENT:14 PARTIAL:2] -- above the 20% concentration threshold. Either the concept does not exist in this sector (ABSENT-only) or its taxonomy does not fit these filers; either way it would bias a sector-stratified E2 result and must be read, not averaged over. CIKs: 21344, 27419, 63908, 89800, 104169, 109198, 320187, 1001039, 1001250, 1018724, 1091667, 1105705, 1166691, 1618921, 1744489, 1782754
*                  FATAL    fundamentals_sector_concentration BLOCKER: operating_income is UNRESOLVED for 15/32 (47%) of sector 'energy' [PARTIAL:8 ABSENT:7] -- above the 20% concentration threshold. Either the concept does not exist in this sector (ABSENT-only) or its taxonomy does not fit these filers; either way it would bias a sector-stratified E2 result and must be read, not averaged over. CIKs: 4447, 34088, 87347, 93410, 773910, 797468, 1012569, 1038357, 1090012, 1163165, 1358071, 1373835, 1483096, 1534701, 1552000
*                  FATAL    fundamentals_sector_concentration BLOCKER: liabilities is UNRESOLVED for 14/32 (44%) of sector 'healthcare' [ABSENT:10 PARTIAL:4] -- above the 20% concentration threshold. Either the concept does not exist in this sector (ABSENT-only) or its taxonomy does not fit these filers; either way it would bias a sector-stratified E2 result and must be read, not averaged over. CIKs: 1800, 10795, 59478, 310158, 318154, 816284, 882095, 885725, 927653, 936402, 1110803, 1122304, 1551152, 1578845
*                  FATAL    fundamentals_sector_concentration BLOCKER: operating_income is UNRESOLVED for 11/32 (34%) of sector 'healthcare' [ABSENT:8 PARTIAL:3] -- above the 20% concentration threshold. Either the concept does not exist in this sector (ABSENT-only) or its taxonomy does not fit these filers; either way it would bias a sector-stratified E2 result and must be read, not averaged over. CIKs: 14272, 59478, 78003, 200406, 310158, 701221, 816284, 936402, 1122304, 1555280, 1578845
*                  FATAL    fundamentals_sector_concentration BLOCKER: operating_income is UNRESOLVED for 9/28 (32%) of sector 'materials_realestate' [ABSENT:7 PARTIAL:2] -- above the 20% concentration threshold. Either the concept does not exist in this sector (ABSENT-only) or its taxonomy does not fit these filers; either way it would bias a sector-stratified E2 result and must be read, not averaged over. CIKs: 29915, 30554, 73309, 726728, 766704, 884905, 1164727, 1666700, 1751788
*                  FATAL    fundamentals_sector_concentration BLOCKER: eps_diluted is UNRESOLVED for 10/32 (31%) of sector 'energy' [ABSENT:7 PARTIAL:3] -- above the 20% concentration threshold. Either the concept does not exist in this sector (ABSENT-only) or its taxonomy does not fit these filers; either way it would bias a sector-stratified E2 result and must be read, not averaged over. CIKs: 773910, 1012569, 1061219, 1126975, 1161154, 1276187, 1358071, 1373835, 1483096, 1552000
*                  FATAL    fundamentals_sector_concentration BLOCKER: operating_income is UNRESOLVED for 5/19 (26%) of sector 'industrials' [PARTIAL:3 ABSENT:2] -- above the 20% concentration threshold. Either the concept does not exist in this sector (ABSENT-only) or its taxonomy does not fit these filers; either way it would bias a sector-stratified E2 result and must be read, not averaged over. CIKs: 32604, 315189, 773840, 1047122, 1551182
*                  FATAL    fundamentals_sector_concentration BLOCKER: equity is UNRESOLVED for 8/32 (25%) of sector 'energy' [ABSENT:4 PARTIAL:4] -- above the 20% concentration threshold. Either the concept does not exist in this sector (ABSENT-only) or its taxonomy does not fit these filers; either way it would bias a sector-stratified E2 result and must be read, not averaged over. CIKs: 773910, 1012569, 1061219, 1126975, 1358071, 1373835, 1483096, 1552000
*                  FATAL    fundamentals_sector_concentration BLOCKER: liabilities is UNRESOLVED for 7/28 (25%) of sector 'materials_realestate' [ABSENT:5 PARTIAL:2] -- above the 20% concentration threshold. Either the concept does not exist in this sector (ABSENT-only) or its taxonomy does not fit these filers; either way it would bias a sector-stratified E2 result and must be read, not averaged over. CIKs: 29915, 30554, 55785, 884905, 1034054, 1489393, 1751788
*                  FATAL    fundamentals_sector_concentration BLOCKER: pretax_income is UNRESOLVED for 7/32 (22%) of sector 'energy' [PARTIAL:7] -- above the 20% concentration threshold. Either the concept does not exist in this sector (ABSENT-only) or its taxonomy does not fit these filers; either way it would bias a sector-stratified E2 result and must be read, not averaged over. CIKs: 773910, 1012569, 1276187, 1358071, 1373835, 1483096, 1534701
*                  FATAL    fundamentals_sector_concentration BLOCKER: shares_outstanding is UNRESOLVED for 7/32 (22%) of sector 'energy' [PARTIAL:7] -- above the 20% concentration threshold. Either the concept does not exist in this sector (ABSENT-only) or its taxonomy does not fit these filers; either way it would bias a sector-stratified E2 result and must be read, not averaged over. CIKs: 4447, 34088, 773910, 1012569, 1161154, 1373835, 1483096
*                  FATAL    fundamentals_sector_concentration BLOCKER: pretax_income is UNRESOLVED for 6/28 (21%) of sector 'materials_realestate' [PARTIAL:4 ABSENT:1 OVERLAP:1] -- above the 20% concentration threshold. Either the concept does not exist in this sector (ABSENT-only) or its taxonomy does not fit these filers; either way it would bias a sector-stratified E2 result and must be read, not averaged over. CIKs: 30554, 55785, 884905, 1051470, 1063761, 1297996
*                  FATAL    fundamentals_sector_concentration BLOCKER: liabilities is UNRESOLVED for 9/42 (21%) of sector 'tech' [ABSENT:6 PARTIAL:3] -- above the 20% concentration threshold. Either the concept does not exist in this sector (ABSENT-only) or its taxonomy does not fit these filers; either way it would bias a sector-stratified E2 result and must be read, not averaged over. CIKs: 2488, 47217, 50863, 769397, 790070, 813672, 1271024, 1341439, 1645590
*                  FATAL    fundamentals_sector_concentration BLOCKER: shares_outstanding is UNRESOLVED for 9/42 (21%) of sector 'tech' [ABSENT:7 PARTIAL:2] -- above the 20% concentration threshold. Either the concept does not exist in this sector (ABSENT-only) or its taxonomy does not fit these filers; either way it would bias a sector-stratified E2 result and must be read, not averaged over. CIKs: 790070, 1271024, 1321655, 1326801, 1512673, 1535527, 1564408, 1585521, 1652044
*                  FATAL    fundamentals_sector_concentration BLOCKER: shares_outstanding is UNRESOLVED for 7/33 (21%) of sector 'consumer' [ABSENT:4 PARTIAL:3] -- above the 20% concentration threshold. Either the concept does not exist in this sector (ABSENT-only) or its taxonomy does not fit these filers; either way it would bias a sector-stratified E2 result and must be read, not averaged over. CIKs: 37996, 320187, 1001250, 1091667, 1105705, 1166691, 1782754
1800/1800          FATAL    fundamentals_alias_unresolved liabilities: ABSENT over 44 reportable quarters -- (no tag has an in-window operating-form row); union 0%. no tag in this family has a single in-window row from an operating form (10-K/10-Q/8-K + /A). Non-operating forms -- DEF 14A proxy compensation tables above all -- are excluded by design and never count as coverage.
1800/1800          FATAL    fundamentals_alias_unresolved shares_outstanding: PARTIAL over 44 reportable quarters -- EntityCommonStockSharesOutstanding 32/44 (73%, last 2026Q1); union 73%. the tags' union does not reach the 75% coverage bar, so any series built from them would be silently gapped.
2488/2488          FATAL    fundamentals_alias_unresolved net_income_to_common: ABSENT over 28 reportable quarters -- (no tag has an in-window operating-form row); union 0%. no tag in this family has a single in-window row from an operating form (10-K/10-Q/8-K + /A). Non-operating forms -- DEF 14A proxy compensation tables above all -- are excluded by design and never count as coverage.
2488/2488          FATAL    fundamentals_alias_unresolved liabilities: ABSENT over 28 reportable quarters -- (no tag has an in-window operating-form row); union 0%. no tag in this family has a single in-window row from an operating form (10-K/10-Q/8-K + /A). Non-operating forms -- DEF 14A proxy compensation tables above all -- are excluded by design and never count as coverage.
2488/2488          FATAL    fundamentals_alias_unresolved minority_interest: ABSENT over 28 reportable quarters -- (no tag has an in-window operating-form row); union 0%. no tag in this family has a single in-window row from an operating form (10-K/10-Q/8-K + /A). Non-operating forms -- DEF 14A proxy compensation tables above all -- are excluded by design and never count as coverage.
2969/2969          FATAL    fundamentals_alias_unresolved net_income_to_common: ABSENT over 44 reportable quarters -- (no tag has an in-window operating-form row); union 0%. no tag in this family has a single in-window row from an operating form (10-K/10-Q/8-K + /A). Non-operating forms -- DEF 14A proxy compensation tables above all -- are excluded by design and never count as coverage.
4281/4281          FATAL    fundamentals_alias_unresolved minority_interest: ABSENT over 8 reportable quarters -- (no tag has an in-window operating-form row); union 0%. no tag in this family has a single in-window row from an operating form (10-K/10-Q/8-K + /A). Non-operating forms -- DEF 14A proxy compensation tables above all -- are excluded by design and never count as coverage.
4447/4447          FATAL    fundamentals_alias_unresolved net_income_to_common: PARTIAL over 44 reportable quarters -- NetIncomeLossAvailableToCommonStockholdersBasic 26/44 (59%, last 2024Q4); union 59%. the tags' union does not reach the 75% coverage bar, so any series built from them would be silently gapped.
4447/4447          FATAL    fundamentals_alias_unresolved operating_income: ABSENT over 44 reportable quarters -- (no tag has an in-window operating-form row); union 0%. no tag in this family has a single in-window row from an operating form (10-K/10-Q/8-K + /A). Non-operating forms -- DEF 14A proxy compensation tables above all -- are excluded by design and never count as coverage.
4447/4447          FATAL    fundamentals_alias_unresolved shares_outstanding: PARTIAL over 44 reportable quarters -- EntityCommonStockSharesOutstanding 31/44 (70%, last 2025Q1); union 70%. the tags' union does not reach the 75% coverage bar, so any series built from them would be silently gapped.
5272/5272          FATAL    fundamentals_alias_unresolved operating_income: ABSENT over 28 reportable quarters -- (no tag has an in-window operating-form row); union 0%. no tag in this family has a single in-window row from an operating form (10-K/10-Q/8-K + /A). Non-operating forms -- DEF 14A proxy compensation tables above all -- are excluded by design and never count as coverage.
6769/6769          FATAL    fundamentals_alias_unresolved revenue: OVERLAP over 24 reportable quarters -- Revenues 17/24 (71%, last 2020Q4), RevenueFromContractWithCustomerIncludingAssessedTax 15/24 (62%, last 2021Q2), RevenueFromContractWithCustomerExcludingAssessedTax 8/24 (33%, last 2019Q4) [STALE]; union 79%. two or more tags share quarters and NONE of them clears the 75% coverage bar, so there is no dominant tag to prefer and no migration pattern to follow -- genuine ambiguity. The classifier will not pick one, and there is no per-ticker override. F5 must refuse to build this series.
6769/6769          FATAL    fundamentals_alias_unresolved liabilities: ABSENT over 24 reportable quarters -- (no tag has an in-window operating-form row); union 0%. no tag in this family has a single in-window row from an operating form (10-K/10-Q/8-K + /A). Non-operating forms -- DEF 14A proxy compensation tables above all -- are excluded by design and never count as coverage.
6769/6769          FATAL    fundamentals_alias_unresolved minority_interest: PARTIAL over 24 reportable quarters -- MinorityInterest 13/24 (54%, last 2018Q3); union 54%. the tags' union does not reach the 75% coverage bar, so any series built from them would be silently gapped.
6951/6951          FATAL    fundamentals_alias_unresolved net_income_to_common: ABSENT over 44 reportable quarters -- (no tag has an in-window operating-form row); union 0%. no tag in this family has a single in-window row from an operating form (10-K/10-Q/8-K + /A). Non-operating forms -- DEF 14A proxy compensation tables above all -- are excluded by design and never count as coverage.
6951/6951          FATAL    fundamentals_alias_unresolved minority_interest: ABSENT over 44 reportable quarters -- (no tag has an in-window operating-form row); union 0%. no tag in this family has a single in-window row from an operating form (10-K/10-Q/8-K + /A). Non-operating forms -- DEF 14A proxy compensation tables above all -- are excluded by design and never count as coverage.
8670/8670          FATAL    fundamentals_alias_unresolved net_income_to_common: ABSENT over 44 reportable quarters -- (no tag has an in-window operating-form row); union 0%. no tag in this family has a single in-window row from an operating form (10-K/10-Q/8-K + /A). Non-operating forms -- DEF 14A proxy compensation tables above all -- are excluded by design and never count as coverage.
8670/8670          FATAL    fundamentals_alias_unresolved operating_income: ABSENT over 44 reportable quarters -- (no tag has an in-window operating-form row); union 0%. no tag in this family has a single in-window row from an operating form (10-K/10-Q/8-K + /A). Non-operating forms -- DEF 14A proxy compensation tables above all -- are excluded by design and never count as coverage.
8670/8670          FATAL    fundamentals_alias_unresolved minority_interest: ABSENT over 44 reportable quarters -- (no tag has an in-window operating-form row); union 0%. no tag in this family has a single in-window row from an operating form (10-K/10-Q/8-K + /A). Non-operating forms -- DEF 14A proxy compensation tables above all -- are excluded by design and never count as coverage.
10795/10795        FATAL    fundamentals_alias_unresolved net_income_to_common: PARTIAL over 36 reportable quarters -- NetIncomeLossAvailableToCommonStockholdersBasic 30/36 (83%, last 2025Q3) [STALE]; union 83%. every tag that cleared the 75% coverage bar is STALE -- its coverage stops more than 2 quarter(s) before 2026Q2, this company's own last quarter with fundamentals data. A tag can clear a bar computed over an 11-year window and still have died years ago; resolving to it is exactly how E1 froze JNJ's operating income at 2015. Stale: NetIncomeLossAvailableToCommonStockholdersBasic.
10795/10795        FATAL    fundamentals_alias_unresolved liabilities: ABSENT over 36 reportable quarters -- (no tag has an in-window operating-form row); union 0%. no tag in this family has a single in-window row from an operating form (10-K/10-Q/8-K + /A). Non-operating forms -- DEF 14A proxy compensation tables above all -- are excluded by design and never count as coverage.
10795/10795        FATAL    fundamentals_alias_unresolved minority_interest: ABSENT over 36 reportable quarters -- (no tag has an in-window operating-form row); union 0%. no tag in this family has a single in-window row from an operating form (10-K/10-Q/8-K + /A). Non-operating forms -- DEF 14A proxy compensation tables above all -- are excluded by design and never count as coverage.
10795/10795        FATAL    fundamentals_alias_unresolved operating_cash_flow: OVERLAP over 36 reportable quarters -- NetCashProvidedByUsedInOperatingActivities 21/36 (58%, last 2025Q4), NetCashProvidedByUsedInOperatingActivitiesContinuingOperations 21/36 (58%, last 2026Q2); union 100%. two or more tags share quarters and NONE of them clears the 75% coverage bar, so there is no dominant tag to prefer and no migration pattern to follow -- genuine ambiguity. The classifier will not pick one, and there is no per-ticker override. F5 must refuse to build this series.
12927/12927        FATAL    fundamentals_alias_unresolved net_income_to_common: PARTIAL over 44 reportable quarters -- NetIncomeLossAvailableToCommonStockholdersBasic 13/44 (30%, last 2026Q2); union 30%. the tags' union does not reach the 75% coverage bar, so any series built from them would be silently gapped. It is below the 40% floor where F2_SPEC §5.3's PARTIAL band starts, and is reported as PARTIAL rather than ABSENT because the family does have in-window operating-form rows.
12927/12927        FATAL    fundamentals_alias_unresolved liabilities: PARTIAL over 44 reportable quarters -- Liabilities 27/44 (61%, last 2026Q2); union 61%. the tags' union does not reach the 75% coverage bar, so any series built from them would be silently gapped.
14272/14272        FATAL    fundamentals_alias_unresolved net_income_to_common: ABSENT over 44 reportable quarters -- (no tag has an in-window operating-form row); union 0%. no tag in this family has a single in-window row from an operating form (10-K/10-Q/8-K + /A). Non-operating forms -- DEF 14A proxy compensation tables above all -- are excluded by design and never count as coverage.
14272/14272        FATAL    fundamentals_alias_unresolved operating_income: ABSENT over 44 reportable quarters -- (no tag has an in-window operating-form row); union 0%. no tag in this family has a single in-window row from an operating form (10-K/10-Q/8-K + /A). Non-operating forms -- DEF 14A proxy compensation tables above all -- are excluded by design and never count as coverage.
19617/19617        FATAL    fundamentals_alias_unresolved operating_income: ABSENT over 44 reportable quarters -- (no tag has an in-window operating-form row); union 0%. no tag in this family has a single in-window row from an operating form (10-K/10-Q/8-K + /A). Non-operating forms -- DEF 14A proxy compensation tables above all -- are excluded by design and never count as coverage.
19617/19617        FATAL    fundamentals_alias_unresolved minority_interest: ABSENT over 44 reportable quarters -- (no tag has an in-window operating-form row); union 0%. no tag in this family has a single in-window row from an operating form (10-K/10-Q/8-K + /A). Non-operating forms -- DEF 14A proxy compensation tables above all -- are excluded by design and never count as coverage.
21344/21344        FATAL    fundamentals_alias_unresolved net_income_to_common: ABSENT over 44 reportable quarters -- (no tag has an in-window operating-form row); union 0%. no tag in this family has a single in-window row from an operating form (10-K/10-Q/8-K + /A). Non-operating forms -- DEF 14A proxy compensation tables above all -- are excluded by design and never count as coverage.
21344/21344        FATAL    fundamentals_alias_unresolved liabilities: ABSENT over 44 reportable quarters -- (no tag has an in-window operating-form row); union 0%. no tag in this family has a single in-window row from an operating form (10-K/10-Q/8-K + /A). Non-operating forms -- DEF 14A proxy compensation tables above all -- are excluded by design and never count as coverage.
27419/27419        FATAL    fundamentals_alias_unresolved net_income_to_common: PARTIAL over 28 reportable quarters -- NetIncomeLossAvailableToCommonStockholdersBasic 9/28 (32%, last 2022Q1); union 32%. the tags' union does not reach the 75% coverage bar, so any series built from them would be silently gapped. It is below the 40% floor where F2_SPEC §5.3's PARTIAL band starts, and is reported as PARTIAL rather than ABSENT because the family does have in-window operating-form rows.
27419/27419        FATAL    fundamentals_alias_unresolved liabilities: ABSENT over 28 reportable quarters -- (no tag has an in-window operating-form row); union 0%. no tag in this family has a single in-window row from an operating form (10-K/10-Q/8-K + /A). Non-operating forms -- DEF 14A proxy compensation tables above all -- are excluded by design and never count as coverage.
27419/27419        FATAL    fundamentals_alias_unresolved minority_interest: ABSENT over 28 reportable quarters -- (no tag has an in-window operating-form row); union 0%. no tag in this family has a single in-window row from an operating form (10-K/10-Q/8-K + /A). Non-operating forms -- DEF 14A proxy compensation tables above all -- are excluded by design and never count as coverage.
29915/29915        FATAL    fundamentals_alias_unresolved revenue: PARTIAL over 16 reportable quarters -- RevenueFromContractWithCustomerIncludingAssessedTax 9/16 (56%, last 2018Q4), Revenues 3/16 (19%, last 2018Q3); union 62%. the tags' union does not reach the 75% coverage bar, so any series built from them would be silently gapped.
29915/29915        FATAL    fundamentals_alias_unresolved operating_income: ABSENT over 16 reportable quarters -- (no tag has an in-window operating-form row); union 0%. no tag in this family has a single in-window row from an operating form (10-K/10-Q/8-K + /A). Non-operating forms -- DEF 14A proxy compensation tables above all -- are excluded by design and never count as coverage.
29915/29915        FATAL    fundamentals_alias_unresolved liabilities: ABSENT over 16 reportable quarters -- (no tag has an in-window operating-form row); union 0%. no tag in this family has a single in-window row from an operating form (10-K/10-Q/8-K + /A). Non-operating forms -- DEF 14A proxy compensation tables above all -- are excluded by design and never count as coverage.
29915/29915        FATAL    fundamentals_alias_unresolved eps_diluted: PARTIAL over 16 reportable quarters -- EarningsPerShareDiluted 8/16 (50%, last 2017Q2); union 50%. the tags' union does not reach the 75% coverage bar, so any series built from them would be silently gapped.
29915/29915        FATAL    fundamentals_alias_unresolved shares_outstanding: PARTIAL over 16 reportable quarters -- EntityCommonStockSharesOutstanding 11/16 (69%, last 2019Q1); union 69%. the tags' union does not reach the 75% coverage bar, so any series built from them would be silently gapped.
30554/30554        FATAL    fundamentals_alias_unresolved revenue: PARTIAL over 16 reportable quarters -- Revenues 2/16 (12%, last 2019Q1); union 12%. the tags' union does not reach the 75% coverage bar, so any series built from them would be silently gapped. It is below the 40% floor where F2_SPEC §5.3's PARTIAL band starts, and is reported as PARTIAL rather than ABSENT because the family does have in-window operating-form rows.
30554/30554        FATAL    fundamentals_alias_unresolved net_income: PARTIAL over 16 reportable quarters -- NetIncomeLoss 10/16 (62%, last 2019Q1), ProfitLoss 10/16 (62%, last 2019Q1); union 62%. the tags' union does not reach the 75% coverage bar, so any series built from them would be silently gapped.
30554/30554        FATAL    fundamentals_alias_unresolved net_income_to_common: PARTIAL over 16 reportable quarters -- NetIncomeLossAvailableToCommonStockholdersBasic 8/16 (50%, last 2017Q2); union 50%. the tags' union does not reach the 75% coverage bar, so any series built from them would be silently gapped.
30554/30554        FATAL    fundamentals_alias_unresolved operating_income: PARTIAL over 16 reportable quarters -- OperatingIncomeLoss 1/16 (6%, last 2015Q3); union 6%. the tags' union does not reach the 75% coverage bar, so any series built from them would be silently gapped. It is below the 40% floor where F2_SPEC §5.3's PARTIAL band starts, and is reported as PARTIAL rather than ABSENT because the family does have in-window operating-form rows.
30554/30554        FATAL    fundamentals_alias_unresolved pretax_income: PARTIAL over 16 reportable quarters -- IncomeLossFromContinuingOperationsBeforeIncomeTaxesExtraordinaryItemsNoncontrollingInterest 10/16 (62%, last 2019Q1); union 62%. the tags' union does not reach the 75% coverage bar, so any series built from them would be silently gapped.
30554/30554        FATAL    fundamentals_alias_unresolved liabilities: PARTIAL over 16 reportable quarters -- Liabilities 8/16 (50%, last 2017Q2); union 50%. the tags' union does not reach the 75% coverage bar, so any series built from them would be silently gapped.
30554/30554        FATAL    fundamentals_alias_unresolved operating_cash_flow: PARTIAL over 16 reportable quarters -- NetCashProvidedByUsedInOperatingActivities 10/16 (62%, last 2019Q1); union 62%. the tags' union does not reach the 75% coverage bar, so any series built from them would be silently gapped.
30554/30554        FATAL    fundamentals_alias_unresolved eps_diluted: PARTIAL over 16 reportable quarters -- EarningsPerShareDiluted 8/16 (50%, last 2017Q2); union 50%. the tags' union does not reach the 75% coverage bar, so any series built from them would be silently gapped.
31462/31462        FATAL    fundamentals_alias_unresolved net_income_to_common: PARTIAL over 32 reportable quarters -- NetIncomeLossAvailableToCommonStockholdersBasic 16/32 (50%, last 2023Q4); union 50%. the tags' union does not reach the 75% coverage bar, so any series built from them would be silently gapped.
32604/32604        FATAL    fundamentals_alias_unresolved revenue: ABSENT over 12 reportable quarters -- (no tag has an in-window operating-form row); union 0%. no tag in this family has a single in-window row from an operating form (10-K/10-Q/8-K + /A). Non-operating forms -- DEF 14A proxy compensation tables above all -- are excluded by design and never count as coverage.
32604/32604        FATAL    fundamentals_alias_unresolved net_income_to_common: ABSENT over 12 reportable quarters -- (no tag has an in-window operating-form row); union 0%. no tag in this family has a single in-window row from an operating form (10-K/10-Q/8-K + /A). Non-operating forms -- DEF 14A proxy compensation tables above all -- are excluded by design and never count as coverage.
32604/32604        FATAL    fundamentals_alias_unresolved operating_income: ABSENT over 12 reportable quarters -- (no tag has an in-window operating-form row); union 0%. no tag in this family has a single in-window row from an operating form (10-K/10-Q/8-K + /A). Non-operating forms -- DEF 14A proxy compensation tables above all -- are excluded by design and never count as coverage.
32604/32604        FATAL    fundamentals_alias_unresolved liabilities: ABSENT over 12 reportable quarters -- (no tag has an in-window operating-form row); union 0%. no tag in this family has a single in-window row from an operating form (10-K/10-Q/8-K + /A). Non-operating forms -- DEF 14A proxy compensation tables above all -- are excluded by design and never count as coverage.
34088/34088        FATAL    fundamentals_alias_unresolved net_income_to_common: ABSENT over 44 reportable quarters -- (no tag has an in-window operating-form row); union 0%. no tag in this family has a single in-window row from an operating form (10-K/10-Q/8-K + /A). Non-operating forms -- DEF 14A proxy compensation tables above all -- are excluded by design and never count as coverage.
34088/34088        FATAL    fundamentals_alias_unresolved operating_income: ABSENT over 44 reportable quarters -- (no tag has an in-window operating-form row); union 0%. no tag in this family has a single in-window row from an operating form (10-K/10-Q/8-K + /A). Non-operating forms -- DEF 14A proxy compensation tables above all -- are excluded by design and never count as coverage.
34088/34088        FATAL    fundamentals_alias_unresolved shares_outstanding: PARTIAL over 44 reportable quarters -- EntityCommonStockSharesOutstanding 32/44 (73%, last 2026Q1); union 73%. the tags' union does not reach the 75% coverage bar, so any series built from them would be silently gapped.
36104/36104        FATAL    fundamentals_alias_unresolved operating_income: ABSENT over 40 reportable quarters -- (no tag has an in-window operating-form row); union 0%. no tag in this family has a single in-window row from an operating form (10-K/10-Q/8-K + /A). Non-operating forms -- DEF 14A proxy compensation tables above all -- are excluded by design and never count as coverage.
37996/37996        FATAL    fundamentals_alias_unresolved operating_income: PARTIAL over 24 reportable quarters -- OperatingIncomeLoss 13/24 (54%, last 2021Q2); union 54%. the tags' union does not reach the 75% coverage bar, so any series built from them would be silently gapped.
37996/37996        FATAL    fundamentals_alias_unresolved shares_outstanding: ABSENT over 24 reportable quarters -- (no tag has an in-window operating-form row); union 0%. no tag in this family has a single in-window row from an operating form (10-K/10-Q/8-K + /A). Non-operating forms -- DEF 14A proxy compensation tables above all -- are excluded by design and never count as coverage.
40533/40533        FATAL    fundamentals_alias_unresolved revenue: OVERLAP over 20 reportable quarters -- RevenueFromContractWithCustomerExcludingAssessedTax 12/20 (60%, last 2020Q2), Revenues 12/20 (60%, last 2019Q4); union 85%. two or more tags share quarters and NONE of them clears the 75% coverage bar, so there is no dominant tag to prefer and no migration pattern to follow -- genuine ambiguity. The classifier will not pick one, and there is no per-ticker override. F5 must refuse to build this series.
40533/40533        FATAL    fundamentals_alias_unresolved net_income_to_common: ABSENT over 20 reportable quarters -- (no tag has an in-window operating-form row); union 0%. no tag in this family has a single in-window row from an operating form (10-K/10-Q/8-K + /A). Non-operating forms -- DEF 14A proxy compensation tables above all -- are excluded by design and never count as coverage.
40533/40533        FATAL    fundamentals_alias_unresolved liabilities: ABSENT over 20 reportable quarters -- (no tag has an in-window operating-form row); union 0%. no tag in this family has a single in-window row from an operating form (10-K/10-Q/8-K + /A). Non-operating forms -- DEF 14A proxy compensation tables above all -- are excluded by design and never count as coverage.
40533/40533        FATAL    fundamentals_alias_unresolved minority_interest: ABSENT over 20 reportable quarters -- (no tag has an in-window operating-form row); union 0%. no tag in this family has a single in-window row from an operating form (10-K/10-Q/8-K + /A). Non-operating forms -- DEF 14A proxy compensation tables above all -- are excluded by design and never count as coverage.
40533/40533        FATAL    fundamentals_alias_unresolved eps_diluted: PARTIAL over 20 reportable quarters -- EarningsPerShareDiluted 12/20 (60%, last 2019Q4); union 60%. the tags' union does not reach the 75% coverage bar, so any series built from them would be silently gapped.
45012/45012        FATAL    fundamentals_alias_unresolved net_income_to_common: ABSENT over 44 reportable quarters -- (no tag has an in-window operating-form row); union 0%. no tag in this family has a single in-window row from an operating form (10-K/10-Q/8-K + /A). Non-operating forms -- DEF 14A proxy compensation tables above all -- are excluded by design and never count as coverage.
45012/45012        FATAL    fundamentals_alias_unresolved cash: OVERLAP over 44 reportable quarters -- CashCashEquivalentsRestrictedCashAndRestrictedCashEquivalents 32/44 (73%, last 2025Q2) [STALE], CashAndCashEquivalentsAtCarryingValue 21/44 (48%, last 2026Q2), CashCashEquivalentsRestrictedCashAndRestrictedCashEquivalentsIncludingDisposalGroupAndDiscontinuedOperations 10/44 (23%, last 2026Q2); union 100%. two or more tags share quarters and NONE of them clears the 75% coverage bar, so there is no dominant tag to prefer and no migration pattern to follow -- genuine ambiguity. The classifier will not pick one, and there is no per-ticker override. F5 must refuse to build this series.
47217/47217        FATAL    fundamentals_alias_unresolved net_income_to_common: PARTIAL over 24 reportable quarters -- NetIncomeLossAvailableToCommonStockholdersBasic 2/24 (8%, last 2015Q4); union 8%. the tags' union does not reach the 75% coverage bar, so any series built from them would be silently gapped. It is below the 40% floor where F2_SPEC §5.3's PARTIAL band starts, and is reported as PARTIAL rather than ABSENT because the family does have in-window operating-form rows.
47217/47217        FATAL    fundamentals_alias_unresolved liabilities: ABSENT over 24 reportable quarters -- (no tag has an in-window operating-form row); union 0%. no tag in this family has a single in-window row from an operating form (10-K/10-Q/8-K + /A). Non-operating forms -- DEF 14A proxy compensation tables above all -- are excluded by design and never count as coverage.
47217/47217        FATAL    fundamentals_alias_unresolved minority_interest: PARTIAL over 24 reportable quarters -- MinorityInterest 3/24 (12%, last 2016Q3); union 12%. the tags' union does not reach the 75% coverage bar, so any series built from them would be silently gapped. It is below the 40% floor where F2_SPEC §5.3's PARTIAL band starts, and is reported as PARTIAL rather than ABSENT because the family does have in-window operating-form rows.
49071/49071        FATAL    fundamentals_alias_unresolved net_income_to_common: ABSENT over 16 reportable quarters -- (no tag has an in-window operating-form row); union 0%. no tag in this family has a single in-window row from an operating form (10-K/10-Q/8-K + /A). Non-operating forms -- DEF 14A proxy compensation tables above all -- are excluded by design and never count as coverage.
49826/49826        FATAL    fundamentals_alias_unresolved net_income_to_common: ABSENT over 16 reportable quarters -- (no tag has an in-window operating-form row); union 0%. no tag in this family has a single in-window row from an operating form (10-K/10-Q/8-K + /A). Non-operating forms -- DEF 14A proxy compensation tables above all -- are excluded by design and never count as coverage.
49826/49826        FATAL    fundamentals_alias_unresolved liabilities: ABSENT over 16 reportable quarters -- (no tag has an in-window operating-form row); union 0%. no tag in this family has a single in-window row from an operating form (10-K/10-Q/8-K + /A). Non-operating forms -- DEF 14A proxy compensation tables above all -- are excluded by design and never count as coverage.
50863/50863        FATAL    fundamentals_alias_unresolved net_income_to_common: ABSENT over 44 reportable quarters -- (no tag has an in-window operating-form row); union 0%. no tag in this family has a single in-window row from an operating form (10-K/10-Q/8-K + /A). Non-operating forms -- DEF 14A proxy compensation tables above all -- are excluded by design and never count as coverage.
50863/50863        FATAL    fundamentals_alias_unresolved liabilities: ABSENT over 44 reportable quarters -- (no tag has an in-window operating-form row); union 0%. no tag in this family has a single in-window row from an operating form (10-K/10-Q/8-K + /A). Non-operating forms -- DEF 14A proxy compensation tables above all -- are excluded by design and never count as coverage.
50863/50863        FATAL    fundamentals_alias_unresolved minority_interest: PARTIAL over 44 reportable quarters -- MinorityInterest 15/44 (34%, last 2026Q2); union 34%. the tags' union does not reach the 75% coverage bar, so any series built from them would be silently gapped. It is below the 40% floor where F2_SPEC §5.3's PARTIAL band starts, and is reported as PARTIAL rather than ABSENT because the family does have in-window operating-form rows.
50863/50863        FATAL    fundamentals_alias_unresolved cash: OVERLAP over 44 reportable quarters -- CashAndCashEquivalentsAtCarryingValue 29/44 (66%, last 2026Q2), CashCashEquivalentsRestrictedCashAndRestrictedCashEquivalents 21/44 (48%, last 2025Q4), CashCashEquivalentsRestrictedCashAndRestrictedCashEquivalentsIncludingDisposalGroupAndDiscontinuedOperations 10/44 (23%, last 2026Q2), Cash 5/44 (11%, last 2016Q4) [STALE]; union 91%. two or more tags share quarters and NONE of them clears the 75% coverage bar, so there is no dominant tag to prefer and no migration pattern to follow -- genuine ambiguity. The classifier will not pick one, and there is no per-ticker override. F5 must refuse to build this series.
51143/51143        FATAL    fundamentals_alias_unresolved operating_income: ABSENT over 44 reportable quarters -- (no tag has an in-window operating-form row); union 0%. no tag in this family has a single in-window row from an operating form (10-K/10-Q/8-K + /A). Non-operating forms -- DEF 14A proxy compensation tables above all -- are excluded by design and never count as coverage.
55785/55785        FATAL    fundamentals_alias_unresolved net_income_to_common: ABSENT over 44 reportable quarters -- (no tag has an in-window operating-form row); union 0%. no tag in this family has a single in-window row from an operating form (10-K/10-Q/8-K + /A). Non-operating forms -- DEF 14A proxy compensation tables above all -- are excluded by design and never count as coverage.
55785/55785        FATAL    fundamentals_alias_unresolved pretax_income: PARTIAL over 44 reportable quarters -- IncomeLossFromContinuingOperationsBeforeIncomeTaxesMinorityInterestAndIncomeLossFromEquityMethodInvestments 25/44 (57%, last 2026Q2), IncomeLossFromContinuingOperationsBeforeIncomeTaxesExtraordinaryItemsNoncontrollingInterest 3/44 (7%, last 2024Q4); union 57%. the tags' union does not reach the 75% coverage bar, so any series built from them would be silently gapped.
55785/55785        FATAL    fundamentals_alias_unresolved liabilities: ABSENT over 44 reportable quarters -- (no tag has an in-window operating-form row); union 0%. no tag in this family has a single in-window row from an operating form (10-K/10-Q/8-K + /A). Non-operating forms -- DEF 14A proxy compensation tables above all -- are excluded by design and never count as coverage.
59478/59478        FATAL    fundamentals_alias_unresolved net_income_to_common: ABSENT over 44 reportable quarters -- (no tag has an in-window operating-form row); union 0%. no tag in this family has a single in-window row from an operating form (10-K/10-Q/8-K + /A). Non-operating forms -- DEF 14A proxy compensation tables above all -- are excluded by design and never count as coverage.
59478/59478        FATAL    fundamentals_alias_unresolved operating_income: ABSENT over 44 reportable quarters -- (no tag has an in-window operating-form row); union 0%. no tag in this family has a single in-window row from an operating form (10-K/10-Q/8-K + /A). Non-operating forms -- DEF 14A proxy compensation tables above all -- are excluded by design and never count as coverage.
59478/59478        FATAL    fundamentals_alias_unresolved liabilities: ABSENT over 44 reportable quarters -- (no tag has an in-window operating-form row); union 0%. no tag in this family has a single in-window row from an operating form (10-K/10-Q/8-K + /A). Non-operating forms -- DEF 14A proxy compensation tables above all -- are excluded by design and never count as coverage.
59478/59478        FATAL    fundamentals_alias_unresolved minority_interest: PARTIAL over 44 reportable quarters -- MinorityInterest 41/44 (93%, last 2025Q3) [STALE]; union 93%. every tag that cleared the 75% coverage bar is STALE -- its coverage stops more than 2 quarter(s) before 2026Q2, this company's own last quarter with fundamentals data. A tag can clear a bar computed over an 11-year window and still have died years ago; resolving to it is exactly how E1 froze JNJ's operating income at 2015. Stale: MinorityInterest.
60667/60667        FATAL    fundamentals_alias_unresolved minority_interest: PARTIAL over 44 reportable quarters -- MinorityInterest 8/44 (18%, last 2017Q4); union 18%. the tags' union does not reach the 75% coverage bar, so any series built from them would be silently gapped. It is below the 40% floor where F2_SPEC §5.3's PARTIAL band starts, and is reported as PARTIAL rather than ABSENT because the family does have in-window operating-form rows.
62709/62709        FATAL    fundamentals_alias_unresolved net_income_to_common: ABSENT over 44 reportable quarters -- (no tag has an in-window operating-form row); union 0%. no tag in this family has a single in-window row from an operating form (10-K/10-Q/8-K + /A). Non-operating forms -- DEF 14A proxy compensation tables above all -- are excluded by design and never count as coverage.
62709/62709        FATAL    fundamentals_alias_unresolved liabilities: ABSENT over 44 reportable quarters -- (no tag has an in-window operating-form row); union 0%. no tag in this family has a single in-window row from an operating form (10-K/10-Q/8-K + /A). Non-operating forms -- DEF 14A proxy compensation tables above all -- are excluded by design and never count as coverage.
63908/63908        FATAL    fundamentals_alias_unresolved net_income_to_common: ABSENT over 44 reportable quarters -- (no tag has an in-window operating-form row); union 0%. no tag in this family has a single in-window row from an operating form (10-K/10-Q/8-K + /A). Non-operating forms -- DEF 14A proxy compensation tables above all -- are excluded by design and never count as coverage.
63908/63908        FATAL    fundamentals_alias_unresolved pretax_income: ABSENT over 44 reportable quarters -- (no tag has an in-window operating-form row); union 0%. no tag in this family has a single in-window row from an operating form (10-K/10-Q/8-K + /A). Non-operating forms -- DEF 14A proxy compensation tables above all -- are excluded by design and never count as coverage.
63908/63908        FATAL    fundamentals_alias_unresolved liabilities: ABSENT over 44 reportable quarters -- (no tag has an in-window operating-form row); union 0%. no tag in this family has a single in-window row from an operating form (10-K/10-Q/8-K + /A). Non-operating forms -- DEF 14A proxy compensation tables above all -- are excluded by design and never count as coverage.
63908/63908        FATAL    fundamentals_alias_unresolved minority_interest: ABSENT over 44 reportable quarters -- (no tag has an in-window operating-form row); union 0%. no tag in this family has a single in-window row from an operating form (10-K/10-Q/8-K + /A). Non-operating forms -- DEF 14A proxy compensation tables above all -- are excluded by design and never count as coverage.
64040/64040        FATAL    fundamentals_alias_unresolved net_income_to_common: ABSENT over 32 reportable quarters -- (no tag has an in-window operating-form row); union 0%. no tag in this family has a single in-window row from an operating form (10-K/10-Q/8-K + /A). Non-operating forms -- DEF 14A proxy compensation tables above all -- are excluded by design and never count as coverage.
66740/66740        FATAL    fundamentals_alias_unresolved net_income_to_common: ABSENT over 44 reportable quarters -- (no tag has an in-window operating-form row); union 0%. no tag in this family has a single in-window row from an operating form (10-K/10-Q/8-K + /A). Non-operating forms -- DEF 14A proxy compensation tables above all -- are excluded by design and never count as coverage.
70858/70858        FATAL    fundamentals_alias_unresolved operating_income: ABSENT over 44 reportable quarters -- (no tag has an in-window operating-form row); union 0%. no tag in this family has a single in-window row from an operating form (10-K/10-Q/8-K + /A). Non-operating forms -- DEF 14A proxy compensation tables above all -- are excluded by design and never count as coverage.
70858/70858        FATAL    fundamentals_alias_unresolved minority_interest: ABSENT over 44 reportable quarters -- (no tag has an in-window operating-form row); union 0%. no tag in this family has a single in-window row from an operating form (10-K/10-Q/8-K + /A). Non-operating forms -- DEF 14A proxy compensation tables above all -- are excluded by design and never count as coverage.
72741/72741        FATAL    fundamentals_alias_unresolved pretax_income: ABSENT over 16 reportable quarters -- (no tag has an in-window operating-form row); union 0%. no tag in this family has a single in-window row from an operating form (10-K/10-Q/8-K + /A). Non-operating forms -- DEF 14A proxy compensation tables above all -- are excluded by design and never count as coverage.
72741/72741        FATAL    fundamentals_alias_unresolved liabilities: ABSENT over 16 reportable quarters -- (no tag has an in-window operating-form row); union 0%. no tag in this family has a single in-window row from an operating form (10-K/10-Q/8-K + /A). Non-operating forms -- DEF 14A proxy compensation tables above all -- are excluded by design and never count as coverage.
72741/72741        FATAL    fundamentals_alias_unresolved minority_interest: ABSENT over 16 reportable quarters -- (no tag has an in-window operating-form row); union 0%. no tag in this family has a single in-window row from an operating form (10-K/10-Q/8-K + /A). Non-operating forms -- DEF 14A proxy compensation tables above all -- are excluded by design and never count as coverage.
72903/72903        FATAL    fundamentals_alias_unresolved revenue: PARTIAL over 32 reportable quarters -- Revenues 9/32 (28%, last 2019Q3), RevenueFromContractWithCustomerExcludingAssessedTax 5/32 (16%, last 2019Q1); union 28%. the tags' union does not reach the 75% coverage bar, so any series built from them would be silently gapped. It is below the 40% floor where F2_SPEC §5.3's PARTIAL band starts, and is reported as PARTIAL rather than ABSENT because the family does have in-window operating-form rows.
72903/72903        FATAL    fundamentals_alias_unresolved net_income_to_common: PARTIAL over 32 reportable quarters -- NetIncomeLossAvailableToCommonStockholdersBasic 5/32 (16%, last 2018Q3); union 16%. the tags' union does not reach the 75% coverage bar, so any series built from them would be silently gapped. It is below the 40% floor where F2_SPEC §5.3's PARTIAL band starts, and is reported as PARTIAL rather than ABSENT because the family does have in-window operating-form rows.
72903/72903        FATAL    fundamentals_alias_unresolved liabilities: ABSENT over 32 reportable quarters -- (no tag has an in-window operating-form row); union 0%. no tag in this family has a single in-window row from an operating form (10-K/10-Q/8-K + /A). Non-operating forms -- DEF 14A proxy compensation tables above all -- are excluded by design and never count as coverage.
72903/72903        FATAL    fundamentals_alias_unresolved minority_interest: ABSENT over 32 reportable quarters -- (no tag has an in-window operating-form row); union 0%. no tag in this family has a single in-window row from an operating form (10-K/10-Q/8-K + /A). Non-operating forms -- DEF 14A proxy compensation tables above all -- are excluded by design and never count as coverage.
72971/72971        FATAL    fundamentals_alias_unresolved operating_income: ABSENT over 44 reportable quarters -- (no tag has an in-window operating-form row); union 0%. no tag in this family has a single in-window row from an operating form (10-K/10-Q/8-K + /A). Non-operating forms -- DEF 14A proxy compensation tables above all -- are excluded by design and never count as coverage.
73309/73309        FATAL    fundamentals_alias_unresolved operating_income: ABSENT over 16 reportable quarters -- (no tag has an in-window operating-form row); union 0%. no tag in this family has a single in-window row from an operating form (10-K/10-Q/8-K + /A). Non-operating forms -- DEF 14A proxy compensation tables above all -- are excluded by design and never count as coverage.
78003/78003        FATAL    fundamentals_alias_unresolved operating_income: ABSENT over 44 reportable quarters -- (no tag has an in-window operating-form row); union 0%. no tag in this family has a single in-window row from an operating form (10-K/10-Q/8-K + /A). Non-operating forms -- DEF 14A proxy compensation tables above all -- are excluded by design and never count as coverage.
79879/79879        FATAL    fundamentals_alias_unresolved net_income_to_common: ABSENT over 24 reportable quarters -- (no tag has an in-window operating-form row); union 0%. no tag in this family has a single in-window row from an operating form (10-K/10-Q/8-K + /A). Non-operating forms -- DEF 14A proxy compensation tables above all -- are excluded by design and never count as coverage.
80424/80424        FATAL    fundamentals_alias_unresolved pretax_income: PARTIAL over 44 reportable quarters -- IncomeLossFromContinuingOperationsBeforeIncomeTaxesExtraordinaryItemsNoncontrollingInterest 5/44 (11%, last 2026Q2); union 11%. the tags' union does not reach the 75% coverage bar, so any series built from them would be silently gapped. It is below the 40% floor where F2_SPEC §5.3's PARTIAL band starts, and is reported as PARTIAL rather than ABSENT because the family does have in-window operating-form rows.
80661/80661        FATAL    fundamentals_alias_unresolved operating_income: ABSENT over 20 reportable quarters -- (no tag has an in-window operating-form row); union 0%. no tag in this family has a single in-window row from an operating form (10-K/10-Q/8-K + /A). Non-operating forms -- DEF 14A proxy compensation tables above all -- are excluded by design and never count as coverage.
80661/80661        FATAL    fundamentals_alias_unresolved minority_interest: ABSENT over 20 reportable quarters -- (no tag has an in-window operating-form row); union 0%. no tag in this family has a single in-window row from an operating form (10-K/10-Q/8-K + /A). Non-operating forms -- DEF 14A proxy compensation tables above all -- are excluded by design and never count as coverage.
86312/86312        FATAL    fundamentals_alias_unresolved operating_income: PARTIAL over 16 reportable quarters -- OperatingIncomeLoss 1/16 (6%, last 2015Q3); union 6%. the tags' union does not reach the 75% coverage bar, so any series built from them would be silently gapped. It is below the 40% floor where F2_SPEC §5.3's PARTIAL band starts, and is reported as PARTIAL rather than ABSENT because the family does have in-window operating-form rows.
86312/86312        FATAL    fundamentals_alias_unresolved minority_interest: ABSENT over 16 reportable quarters -- (no tag has an in-window operating-form row); union 0%. no tag in this family has a single in-window row from an operating form (10-K/10-Q/8-K + /A). Non-operating forms -- DEF 14A proxy compensation tables above all -- are excluded by design and never count as coverage.
87347/87347        FATAL    fundamentals_alias_unresolved operating_income: PARTIAL over 44 reportable quarters -- OperatingIncomeLoss 35/44 (80%, last 2024Q1) [STALE]; union 80%. every tag that cleared the 75% coverage bar is STALE -- its coverage stops more than 2 quarter(s) before 2026Q2, this company's own last quarter with fundamentals data. A tag can clear a bar computed over an 11-year window and still have died years ago; resolving to it is exactly how E1 froze JNJ's operating income at 2015. Stale: OperatingIncomeLoss.
89800/89800        FATAL    fundamentals_alias_unresolved net_income_to_common: ABSENT over 32 reportable quarters -- (no tag has an in-window operating-form row); union 0%. no tag in this family has a single in-window row from an operating form (10-K/10-Q/8-K + /A). Non-operating forms -- DEF 14A proxy compensation tables above all -- are excluded by design and never count as coverage.
89800/89800        FATAL    fundamentals_alias_unresolved operating_income: PARTIAL over 32 reportable quarters -- OperatingIncomeLoss 25/32 (78%, last 2024Q3) [STALE]; union 78%. every tag that cleared the 75% coverage bar is STALE -- its coverage stops more than 2 quarter(s) before 2026Q2, this company's own last quarter with fundamentals data. A tag can clear a bar computed over an 11-year window and still have died years ago; resolving to it is exactly how E1 froze JNJ's operating income at 2015. Stale: OperatingIncomeLoss.
89800/89800        FATAL    fundamentals_alias_unresolved liabilities: ABSENT over 32 reportable quarters -- (no tag has an in-window operating-form row); union 0%. no tag in this family has a single in-window row from an operating form (10-K/10-Q/8-K + /A). Non-operating forms -- DEF 14A proxy compensation tables above all -- are excluded by design and never count as coverage.
89800/89800        FATAL    fundamentals_alias_unresolved minority_interest: ABSENT over 32 reportable quarters -- (no tag has an in-window operating-form row); union 0%. no tag in this family has a single in-window row from an operating form (10-K/10-Q/8-K + /A). Non-operating forms -- DEF 14A proxy compensation tables above all -- are excluded by design and never count as coverage.
92122/92122        FATAL    fundamentals_alias_unresolved net_income_to_common: PARTIAL over 44 reportable quarters -- NetIncomeLossAvailableToCommonStockholdersBasic 39/44 (89%, last 2025Q1) [STALE]; union 89%. every tag that cleared the 75% coverage bar is STALE -- its coverage stops more than 2 quarter(s) before 2026Q1, this company's own last quarter with fundamentals data. A tag can clear a bar computed over an 11-year window and still have died years ago; resolving to it is exactly how E1 froze JNJ's operating income at 2015. Stale: NetIncomeLossAvailableToCommonStockholdersBasic.
92122/92122        FATAL    fundamentals_alias_unresolved minority_interest: PARTIAL over 44 reportable quarters -- MinorityInterest 12/44 (27%, last 2025Q4); union 27%. the tags' union does not reach the 75% coverage bar, so any series built from them would be silently gapped. It is below the 40% floor where F2_SPEC §5.3's PARTIAL band starts, and is reported as PARTIAL rather than ABSENT because the family does have in-window operating-form rows.
92122/92122        FATAL    fundamentals_alias_unresolved shares_outstanding: PARTIAL over 44 reportable quarters -- EntityCommonStockSharesOutstanding 32/44 (73%, last 2026Q1); union 73%. the tags' union does not reach the 75% coverage bar, so any series built from them would be silently gapped.
92230/92230        FATAL    fundamentals_alias_unresolved operating_income: ABSENT over 20 reportable quarters -- (no tag has an in-window operating-form row); union 0%. no tag in this family has a single in-window row from an operating form (10-K/10-Q/8-K + /A). Non-operating forms -- DEF 14A proxy compensation tables above all -- are excluded by design and never count as coverage.
92230/92230        FATAL    fundamentals_alias_unresolved shares_outstanding: PARTIAL over 20 reportable quarters -- EntityCommonStockSharesOutstanding 14/20 (70%, last 2024Q1); union 70%. the tags' union does not reach the 75% coverage bar, so any series built from them would be silently gapped.
93410/93410        FATAL    fundamentals_alias_unresolved net_income_to_common: ABSENT over 44 reportable quarters -- (no tag has an in-window operating-form row); union 0%. no tag in this family has a single in-window row from an operating form (10-K/10-Q/8-K + /A). Non-operating forms -- DEF 14A proxy compensation tables above all -- are excluded by design and never count as coverage.
93410/93410        FATAL    fundamentals_alias_unresolved operating_income: ABSENT over 44 reportable quarters -- (no tag has an in-window operating-form row); union 0%. no tag in this family has a single in-window row from an operating form (10-K/10-Q/8-K + /A). Non-operating forms -- DEF 14A proxy compensation tables above all -- are excluded by design and never count as coverage.
97476/97476        FATAL    fundamentals_alias_unresolved minority_interest: ABSENT over 44 reportable quarters -- (no tag has an in-window operating-form row); union 0%. no tag in this family has a single in-window row from an operating form (10-K/10-Q/8-K + /A). Non-operating forms -- DEF 14A proxy compensation tables above all -- are excluded by design and never count as coverage.
97745/97745        FATAL    fundamentals_alias_unresolved net_income: PARTIAL over 44 reportable quarters -- ProfitLoss 21/44 (48%, last 2026Q2), NetIncomeLoss 10/44 (23%, last 2026Q2); union 48%. the tags' union does not reach the 75% coverage bar, so any series built from them would be silently gapped.
97745/97745        FATAL    fundamentals_alias_unresolved net_income_to_common: PARTIAL over 44 reportable quarters -- NetIncomeLossAvailableToCommonStockholdersBasic 34/44 (77%, last 2025Q1) [STALE]; union 77%. every tag that cleared the 75% coverage bar is STALE -- its coverage stops more than 2 quarter(s) before 2026Q2, this company's own last quarter with fundamentals data. A tag can clear a bar computed over an 11-year window and still have died years ago; resolving to it is exactly how E1 froze JNJ's operating income at 2015. Stale: NetIncomeLossAvailableToCommonStockholdersBasic.
97745/97745        FATAL    fundamentals_alias_unresolved liabilities: ABSENT over 44 reportable quarters -- (no tag has an in-window operating-form row); union 0%. no tag in this family has a single in-window row from an operating form (10-K/10-Q/8-K + /A). Non-operating forms -- DEF 14A proxy compensation tables above all -- are excluded by design and never count as coverage.
97745/97745        FATAL    fundamentals_alias_unresolved minority_interest: PARTIAL over 44 reportable quarters -- MinorityInterest 18/44 (41%, last 2026Q2); union 41%. the tags' union does not reach the 75% coverage bar, so any series built from them would be silently gapped.
100885/100885      FATAL    fundamentals_alias_unresolved net_income_to_common: ABSENT over 44 reportable quarters -- (no tag has an in-window operating-form row); union 0%. no tag in this family has a single in-window row from an operating form (10-K/10-Q/8-K + /A). Non-operating forms -- DEF 14A proxy compensation tables above all -- are excluded by design and never count as coverage.
100885/100885      FATAL    fundamentals_alias_unresolved minority_interest: ABSENT over 44 reportable quarters -- (no tag has an in-window operating-form row); union 0%. no tag in this family has a single in-window row from an operating form (10-K/10-Q/8-K + /A). Non-operating forms -- DEF 14A proxy compensation tables above all -- are excluded by design and never count as coverage.
101829/101829      FATAL    fundamentals_alias_unresolved net_income_to_common: ABSENT over 44 reportable quarters -- (no tag has an in-window operating-form row); union 0%. no tag in this family has a single in-window row from an operating form (10-K/10-Q/8-K + /A). Non-operating forms -- DEF 14A proxy compensation tables above all -- are excluded by design and never count as coverage.
104169/104169      FATAL    fundamentals_alias_unresolved net_income_to_common: ABSENT over 44 reportable quarters -- (no tag has an in-window operating-form row); union 0%. no tag in this family has a single in-window row from an operating form (10-K/10-Q/8-K + /A). Non-operating forms -- DEF 14A proxy compensation tables above all -- are excluded by design and never count as coverage.
104169/104169      FATAL    fundamentals_alias_unresolved liabilities: ABSENT over 44 reportable quarters -- (no tag has an in-window operating-form row); union 0%. no tag in this family has a single in-window row from an operating form (10-K/10-Q/8-K + /A). Non-operating forms -- DEF 14A proxy compensation tables above all -- are excluded by design and never count as coverage.
106040/106040      FATAL    fundamentals_alias_unresolved revenue: ABSENT over 12 reportable quarters -- (no tag has an in-window operating-form row); union 0%. no tag in this family has a single in-window row from an operating form (10-K/10-Q/8-K + /A). Non-operating forms -- DEF 14A proxy compensation tables above all -- are excluded by design and never count as coverage.
106040/106040      FATAL    fundamentals_alias_unresolved net_income_to_common: ABSENT over 12 reportable quarters -- (no tag has an in-window operating-form row); union 0%. no tag in this family has a single in-window row from an operating form (10-K/10-Q/8-K + /A). Non-operating forms -- DEF 14A proxy compensation tables above all -- are excluded by design and never count as coverage.
106040/106040      FATAL    fundamentals_alias_unresolved minority_interest: ABSENT over 12 reportable quarters -- (no tag has an in-window operating-form row); union 0%. no tag in this family has a single in-window row from an operating form (10-K/10-Q/8-K + /A). Non-operating forms -- DEF 14A proxy compensation tables above all -- are excluded by design and never count as coverage.
106535/106535      FATAL    fundamentals_alias_unresolved net_income_to_common: PARTIAL over 16 reportable quarters -- NetIncomeLossAvailableToCommonStockholdersBasic 3/16 (19%, last 2018Q4); union 19%. the tags' union does not reach the 75% coverage bar, so any series built from them would be silently gapped. It is below the 40% floor where F2_SPEC §5.3's PARTIAL band starts, and is reported as PARTIAL rather than ABSENT because the family does have in-window operating-form rows.
106535/106535      FATAL    fundamentals_alias_unresolved equity: OVERLAP over 16 reportable quarters -- StockholdersEquity 11/16 (69%, last 2021Q2), StockholdersEquityIncludingPortionAttributableToNoncontrollingInterest 11/16 (69%, last 2020Q4); union 100%. two or more tags share quarters and NONE of them clears the 75% coverage bar, so there is no dominant tag to prefer and no migration pattern to follow -- genuine ambiguity. The classifier will not pick one, and there is no per-ticker override. F5 must refuse to build this series.
106535/106535      FATAL    fundamentals_alias_unresolved minority_interest: ABSENT over 16 reportable quarters -- (no tag has an in-window operating-form row); union 0%. no tag in this family has a single in-window row from an operating form (10-K/10-Q/8-K + /A). Non-operating forms -- DEF 14A proxy compensation tables above all -- are excluded by design and never count as coverage.
107263/107263      FATAL    fundamentals_alias_unresolved liabilities: ABSENT over 44 reportable quarters -- (no tag has an in-window operating-form row); union 0%. no tag in this family has a single in-window row from an operating form (10-K/10-Q/8-K + /A). Non-operating forms -- DEF 14A proxy compensation tables above all -- are excluded by design and never count as coverage.
109198/109198      FATAL    fundamentals_alias_unresolved revenue: PARTIAL over 16 reportable quarters -- RevenueFromContractWithCustomerIncludingAssessedTax 10/16 (62%, last 2019Q2), Revenues 1/16 (6%, last 2015Q3); union 69%. the tags' union does not reach the 75% coverage bar, so any series built from them would be silently gapped.
109198/109198      FATAL    fundamentals_alias_unresolved net_income_to_common: ABSENT over 16 reportable quarters -- (no tag has an in-window operating-form row); union 0%. no tag in this family has a single in-window row from an operating form (10-K/10-Q/8-K + /A). Non-operating forms -- DEF 14A proxy compensation tables above all -- are excluded by design and never count as coverage.
109198/109198      FATAL    fundamentals_alias_unresolved liabilities: ABSENT over 16 reportable quarters -- (no tag has an in-window operating-form row); union 0%. no tag in this family has a single in-window row from an operating form (10-K/10-Q/8-K + /A). Non-operating forms -- DEF 14A proxy compensation tables above all -- are excluded by design and never count as coverage.
109198/109198      FATAL    fundamentals_alias_unresolved minority_interest: ABSENT over 16 reportable quarters -- (no tag has an in-window operating-form row); union 0%. no tag in this family has a single in-window row from an operating form (10-K/10-Q/8-K + /A). Non-operating forms -- DEF 14A proxy compensation tables above all -- are excluded by design and never count as coverage.
200406/200406      FATAL    fundamentals_alias_unresolved net_income_to_common: ABSENT over 44 reportable quarters -- (no tag has an in-window operating-form row); union 0%. no tag in this family has a single in-window row from an operating form (10-K/10-Q/8-K + /A). Non-operating forms -- DEF 14A proxy compensation tables above all -- are excluded by design and never count as coverage.
200406/200406      FATAL    fundamentals_alias_unresolved operating_income: ABSENT over 44 reportable quarters -- (no tag has an in-window operating-form row); union 0%. no tag in this family has a single in-window row from an operating form (10-K/10-Q/8-K + /A). Non-operating forms -- DEF 14A proxy compensation tables above all -- are excluded by design and never count as coverage.
200406/200406      FATAL    fundamentals_alias_unresolved minority_interest: PARTIAL over 44 reportable quarters -- MinorityInterest 2/44 (5%, last 2023Q3); union 5%. the tags' union does not reach the 75% coverage bar, so any series built from them would be silently gapped. It is below the 40% floor where F2_SPEC §5.3's PARTIAL band starts, and is reported as PARTIAL rather than ABSENT because the family does have in-window operating-form rows.
310158/310158      FATAL    fundamentals_alias_unresolved net_income_to_common: PARTIAL over 44 reportable quarters -- NetIncomeLossAvailableToCommonStockholdersBasic 25/44 (57%, last 2026Q2); union 57%. the tags' union does not reach the 75% coverage bar, so any series built from them would be silently gapped.
310158/310158      FATAL    fundamentals_alias_unresolved operating_income: ABSENT over 44 reportable quarters -- (no tag has an in-window operating-form row); union 0%. no tag in this family has a single in-window row from an operating form (10-K/10-Q/8-K + /A). Non-operating forms -- DEF 14A proxy compensation tables above all -- are excluded by design and never count as coverage.
310158/310158      FATAL    fundamentals_alias_unresolved liabilities: ABSENT over 44 reportable quarters -- (no tag has an in-window operating-form row); union 0%. no tag in this family has a single in-window row from an operating form (10-K/10-Q/8-K + /A). Non-operating forms -- DEF 14A proxy compensation tables above all -- are excluded by design and never count as coverage.
310764/310764      FATAL    fundamentals_alias_unresolved net_income_to_common: ABSENT over 44 reportable quarters -- (no tag has an in-window operating-form row); union 0%. no tag in this family has a single in-window row from an operating form (10-K/10-Q/8-K + /A). Non-operating forms -- DEF 14A proxy compensation tables above all -- are excluded by design and never count as coverage.
310764/310764      FATAL    fundamentals_alias_unresolved minority_interest: PARTIAL over 44 reportable quarters -- MinorityInterest 3/44 (7%, last 2018Q1); union 7%. the tags' union does not reach the 75% coverage bar, so any series built from them would be silently gapped. It is below the 40% floor where F2_SPEC §5.3's PARTIAL band starts, and is reported as PARTIAL rather than ABSENT because the family does have in-window operating-form rows.
313616/313616      FATAL    fundamentals_alias_unresolved net_income_to_common: PARTIAL over 44 reportable quarters -- NetIncomeLossAvailableToCommonStockholdersBasic 27/44 (61%, last 2025Q4); union 61%. the tags' union does not reach the 75% coverage bar, so any series built from them would be silently gapped.
313616/313616      FATAL    fundamentals_alias_unresolved liabilities: ABSENT over 44 reportable quarters -- (no tag has an in-window operating-form row); union 0%. no tag in this family has a single in-window row from an operating form (10-K/10-Q/8-K + /A). Non-operating forms -- DEF 14A proxy compensation tables above all -- are excluded by design and never count as coverage.
315189/315189      FATAL    fundamentals_alias_unresolved net_income_to_common: ABSENT over 24 reportable quarters -- (no tag has an in-window operating-form row); union 0%. no tag in this family has a single in-window row from an operating form (10-K/10-Q/8-K + /A). Non-operating forms -- DEF 14A proxy compensation tables above all -- are excluded by design and never count as coverage.
315189/315189      FATAL    fundamentals_alias_unresolved operating_income: PARTIAL over 24 reportable quarters -- OperatingIncomeLoss 15/24 (62%, last 2024Q4); union 62%. the tags' union does not reach the 75% coverage bar, so any series built from them would be silently gapped.
315293/315293      FATAL    fundamentals_alias_unresolved net_income_to_common: ABSENT over 16 reportable quarters -- (no tag has an in-window operating-form row); union 0%. no tag in this family has a single in-window row from an operating form (10-K/10-Q/8-K + /A). Non-operating forms -- DEF 14A proxy compensation tables above all -- are excluded by design and never count as coverage.
315293/315293      FATAL    fundamentals_alias_unresolved minority_interest: PARTIAL over 16 reportable quarters -- MinorityInterest 7/16 (44%, last 2024Q1); union 44%. the tags' union does not reach the 75% coverage bar, so any series built from them would be silently gapped.
316709/316709      FATAL    fundamentals_alias_unresolved operating_income: ABSENT over 44 reportable quarters -- (no tag has an in-window operating-form row); union 0%. no tag in this family has a single in-window row from an operating form (10-K/10-Q/8-K + /A). Non-operating forms -- DEF 14A proxy compensation tables above all -- are excluded by design and never count as coverage.
316709/316709      FATAL    fundamentals_alias_unresolved minority_interest: ABSENT over 44 reportable quarters -- (no tag has an in-window operating-form row); union 0%. no tag in this family has a single in-window row from an operating form (10-K/10-Q/8-K + /A). Non-operating forms -- DEF 14A proxy compensation tables above all -- are excluded by design and never count as coverage.
316709/316709      FATAL    fundamentals_alias_unresolved shares_outstanding: PARTIAL over 44 reportable quarters -- EntityCommonStockSharesOutstanding 27/44 (61%, last 2026Q2); union 61%. the tags' union does not reach the 75% coverage bar, so any series built from them would be silently gapped.
318154/318154      FATAL    fundamentals_alias_unresolved net_income_to_common: ABSENT over 44 reportable quarters -- (no tag has an in-window operating-form row); union 0%. no tag in this family has a single in-window row from an operating form (10-K/10-Q/8-K + /A). Non-operating forms -- DEF 14A proxy compensation tables above all -- are excluded by design and never count as coverage.
318154/318154      FATAL    fundamentals_alias_unresolved liabilities: ABSENT over 44 reportable quarters -- (no tag has an in-window operating-form row); union 0%. no tag in this family has a single in-window row from an operating form (10-K/10-Q/8-K + /A). Non-operating forms -- DEF 14A proxy compensation tables above all -- are excluded by design and never count as coverage.
318154/318154      FATAL    fundamentals_alias_unresolved minority_interest: ABSENT over 44 reportable quarters -- (no tag has an in-window operating-form row); union 0%. no tag in this family has a single in-window row from an operating form (10-K/10-Q/8-K + /A). Non-operating forms -- DEF 14A proxy compensation tables above all -- are excluded by design and never count as coverage.
320187/320187      FATAL    fundamentals_alias_unresolved net_income_to_common: ABSENT over 44 reportable quarters -- (no tag has an in-window operating-form row); union 0%. no tag in this family has a single in-window row from an operating form (10-K/10-Q/8-K + /A). Non-operating forms -- DEF 14A proxy compensation tables above all -- are excluded by design and never count as coverage.
320187/320187      FATAL    fundamentals_alias_unresolved operating_income: ABSENT over 44 reportable quarters -- (no tag has an in-window operating-form row); union 0%. no tag in this family has a single in-window row from an operating form (10-K/10-Q/8-K + /A). Non-operating forms -- DEF 14A proxy compensation tables above all -- are excluded by design and never count as coverage.
320187/320187      FATAL    fundamentals_alias_unresolved liabilities: ABSENT over 44 reportable quarters -- (no tag has an in-window operating-form row); union 0%. no tag in this family has a single in-window row from an operating form (10-K/10-Q/8-K + /A). Non-operating forms -- DEF 14A proxy compensation tables above all -- are excluded by design and never count as coverage.
320187/320187      FATAL    fundamentals_alias_unresolved minority_interest: ABSENT over 44 reportable quarters -- (no tag has an in-window operating-form row); union 0%. no tag in this family has a single in-window row from an operating form (10-K/10-Q/8-K + /A). Non-operating forms -- DEF 14A proxy compensation tables above all -- are excluded by design and never count as coverage.
320187/320187      FATAL    fundamentals_alias_unresolved shares_outstanding: PARTIAL over 44 reportable quarters -- EntityCommonStockSharesOutstanding 1/44 (2%, last 2015Q3); union 2%. the tags' union does not reach the 75% coverage bar, so any series built from them would be silently gapped. It is below the 40% floor where F2_SPEC §5.3's PARTIAL band starts, and is reported as PARTIAL rather than ABSENT because the family does have in-window operating-form rows.
320193/320193      FATAL    fundamentals_alias_unresolved net_income_to_common: ABSENT over 44 reportable quarters -- (no tag has an in-window operating-form row); union 0%. no tag in this family has a single in-window row from an operating form (10-K/10-Q/8-K + /A). Non-operating forms -- DEF 14A proxy compensation tables above all -- are excluded by design and never count as coverage.
320193/320193      FATAL    fundamentals_alias_unresolved minority_interest: ABSENT over 44 reportable quarters -- (no tag has an in-window operating-form row); union 0%. no tag in this family has a single in-window row from an operating form (10-K/10-Q/8-K + /A). Non-operating forms -- DEF 14A proxy compensation tables above all -- are excluded by design and never count as coverage.
354950/354950      FATAL    fundamentals_alias_unresolved net_income_to_common: ABSENT over 44 reportable quarters -- (no tag has an in-window operating-form row); union 0%. no tag in this family has a single in-window row from an operating form (10-K/10-Q/8-K + /A). Non-operating forms -- DEF 14A proxy compensation tables above all -- are excluded by design and never count as coverage.
354950/354950      FATAL    fundamentals_alias_unresolved minority_interest: ABSENT over 44 reportable quarters -- (no tag has an in-window operating-form row); union 0%. no tag in this family has a single in-window row from an operating form (10-K/10-Q/8-K + /A). Non-operating forms -- DEF 14A proxy compensation tables above all -- are excluded by design and never count as coverage.
701221/701221      FATAL    fundamentals_alias_unresolved operating_income: ABSENT over 12 reportable quarters -- (no tag has an in-window operating-form row); union 0%. no tag in this family has a single in-window row from an operating form (10-K/10-Q/8-K + /A). Non-operating forms -- DEF 14A proxy compensation tables above all -- are excluded by design and never count as coverage.
707549/707549      FATAL    fundamentals_alias_unresolved net_income_to_common: ABSENT over 16 reportable quarters -- (no tag has an in-window operating-form row); union 0%. no tag in this family has a single in-window row from an operating form (10-K/10-Q/8-K + /A). Non-operating forms -- DEF 14A proxy compensation tables above all -- are excluded by design and never count as coverage.
707549/707549      FATAL    fundamentals_alias_unresolved minority_interest: ABSENT over 16 reportable quarters -- (no tag has an in-window operating-form row); union 0%. no tag in this family has a single in-window row from an operating form (10-K/10-Q/8-K + /A). Non-operating forms -- DEF 14A proxy compensation tables above all -- are excluded by design and never count as coverage.
712515/712515      FATAL    fundamentals_alias_unresolved net_income_to_common: ABSENT over 28 reportable quarters -- (no tag has an in-window operating-form row); union 0%. no tag in this family has a single in-window row from an operating form (10-K/10-Q/8-K + /A). Non-operating forms -- DEF 14A proxy compensation tables above all -- are excluded by design and never count as coverage.
712515/712515      FATAL    fundamentals_alias_unresolved minority_interest: ABSENT over 28 reportable quarters -- (no tag has an in-window operating-form row); union 0%. no tag in this family has a single in-window row from an operating form (10-K/10-Q/8-K + /A). Non-operating forms -- DEF 14A proxy compensation tables above all -- are excluded by design and never count as coverage.
713676/713676      FATAL    fundamentals_alias_unresolved operating_income: ABSENT over 40 reportable quarters -- (no tag has an in-window operating-form row); union 0%. no tag in this family has a single in-window row from an operating form (10-K/10-Q/8-K + /A). Non-operating forms -- DEF 14A proxy compensation tables above all -- are excluded by design and never count as coverage.
718877/718877      FATAL    fundamentals_alias_unresolved net_income_to_common: PARTIAL over 40 reportable quarters -- NetIncomeLossAvailableToCommonStockholdersBasic 11/40 (28%, last 2018Q4); union 28%. the tags' union does not reach the 75% coverage bar, so any series built from them would be silently gapped. It is below the 40% floor where F2_SPEC §5.3's PARTIAL band starts, and is reported as PARTIAL rather than ABSENT because the family does have in-window operating-form rows.
718877/718877      FATAL    fundamentals_alias_unresolved minority_interest: ABSENT over 40 reportable quarters -- (no tag has an in-window operating-form row); union 0%. no tag in this family has a single in-window row from an operating form (10-K/10-Q/8-K + /A). Non-operating forms -- DEF 14A proxy compensation tables above all -- are excluded by design and never count as coverage.
723125/723125      FATAL    fundamentals_alias_unresolved revenue: ABSENT over 12 reportable quarters -- (no tag has an in-window operating-form row); union 0%. no tag in this family has a single in-window row from an operating form (10-K/10-Q/8-K + /A). Non-operating forms -- DEF 14A proxy compensation tables above all -- are excluded by design and never count as coverage.
723125/723125      FATAL    fundamentals_alias_unresolved net_income_to_common: ABSENT over 12 reportable quarters -- (no tag has an in-window operating-form row); union 0%. no tag in this family has a single in-window row from an operating form (10-K/10-Q/8-K + /A). Non-operating forms -- DEF 14A proxy compensation tables above all -- are excluded by design and never count as coverage.
726728/726728      FATAL    fundamentals_alias_unresolved operating_income: ABSENT over 20 reportable quarters -- (no tag has an in-window operating-form row); union 0%. no tag in this family has a single in-window row from an operating form (10-K/10-Q/8-K + /A). Non-operating forms -- DEF 14A proxy compensation tables above all -- are excluded by design and never count as coverage.
731766/731766      FATAL    fundamentals_alias_unresolved net_income_to_common: ABSENT over 44 reportable quarters -- (no tag has an in-window operating-form row); union 0%. no tag in this family has a single in-window row from an operating form (10-K/10-Q/8-K + /A). Non-operating forms -- DEF 14A proxy compensation tables above all -- are excluded by design and never count as coverage.
732712/732712      FATAL    fundamentals_alias_unresolved net_income_to_common: ABSENT over 44 reportable quarters -- (no tag has an in-window operating-form row); union 0%. no tag in this family has a single in-window row from an operating form (10-K/10-Q/8-K + /A). Non-operating forms -- DEF 14A proxy compensation tables above all -- are excluded by design and never count as coverage.
732712/732712      FATAL    fundamentals_alias_unresolved liabilities: ABSENT over 44 reportable quarters -- (no tag has an in-window operating-form row); union 0%. no tag in this family has a single in-window row from an operating form (10-K/10-Q/8-K + /A). Non-operating forms -- DEF 14A proxy compensation tables above all -- are excluded by design and never count as coverage.
732717/732717      FATAL    fundamentals_alias_unresolved net_income_to_common: PARTIAL over 44 reportable quarters -- NetIncomeLossAvailableToCommonStockholdersBasic 32/44 (73%, last 2026Q2); union 73%. the tags' union does not reach the 75% coverage bar, so any series built from them would be silently gapped.
732717/732717      FATAL    fundamentals_alias_unresolved liabilities: PARTIAL over 44 reportable quarters -- Liabilities 1/44 (2%, last 2015Q4); union 2%. the tags' union does not reach the 75% coverage bar, so any series built from them would be silently gapped. It is below the 40% floor where F2_SPEC §5.3's PARTIAL band starts, and is reported as PARTIAL rather than ABSENT because the family does have in-window operating-form rows.
753308/753308      FATAL    fundamentals_alias_unresolved net_income_to_common: ABSENT over 44 reportable quarters -- (no tag has an in-window operating-form row); union 0%. no tag in this family has a single in-window row from an operating form (10-K/10-Q/8-K + /A). Non-operating forms -- DEF 14A proxy compensation tables above all -- are excluded by design and never count as coverage.
753308/753308      FATAL    fundamentals_alias_unresolved liabilities: PARTIAL over 44 reportable quarters -- Liabilities 23/44 (52%, last 2026Q1); union 52%. the tags' union does not reach the 75% coverage bar, so any series built from them would be silently gapped.
753308/753308      FATAL    fundamentals_alias_unresolved shares_outstanding: PARTIAL over 44 reportable quarters -- EntityCommonStockSharesOutstanding 32/44 (73%, last 2026Q1); union 73%. the tags' union does not reach the 75% coverage bar, so any series built from them would be silently gapped.
764180/764180      FATAL    fundamentals_alias_unresolved net_income_to_common: PARTIAL over 44 reportable quarters -- NetIncomeLossAvailableToCommonStockholdersBasic 27/44 (61%, last 2026Q2); union 61%. the tags' union does not reach the 75% coverage bar, so any series built from them would be silently gapped.
766704/766704      FATAL    fundamentals_alias_unresolved operating_income: ABSENT over 44 reportable quarters -- (no tag has an in-window operating-form row); union 0%. no tag in this family has a single in-window row from an operating form (10-K/10-Q/8-K + /A). Non-operating forms -- DEF 14A proxy compensation tables above all -- are excluded by design and never count as coverage.
769397/769397      FATAL    fundamentals_alias_unresolved net_income_to_common: ABSENT over 16 reportable quarters -- (no tag has an in-window operating-form row); union 0%. no tag in this family has a single in-window row from an operating form (10-K/10-Q/8-K + /A). Non-operating forms -- DEF 14A proxy compensation tables above all -- are excluded by design and never count as coverage.
769397/769397      FATAL    fundamentals_alias_unresolved liabilities: ABSENT over 16 reportable quarters -- (no tag has an in-window operating-form row); union 0%. no tag in this family has a single in-window row from an operating form (10-K/10-Q/8-K + /A). Non-operating forms -- DEF 14A proxy compensation tables above all -- are excluded by design and never count as coverage.
769397/769397      FATAL    fundamentals_alias_unresolved minority_interest: ABSENT over 16 reportable quarters -- (no tag has an in-window operating-form row); union 0%. no tag in this family has a single in-window row from an operating form (10-K/10-Q/8-K + /A). Non-operating forms -- DEF 14A proxy compensation tables above all -- are excluded by design and never count as coverage.
773840/773840      FATAL    fundamentals_alias_unresolved net_income_to_common: ABSENT over 44 reportable quarters -- (no tag has an in-window operating-form row); union 0%. no tag in this family has a single in-window row from an operating form (10-K/10-Q/8-K + /A). Non-operating forms -- DEF 14A proxy compensation tables above all -- are excluded by design and never count as coverage.
773840/773840      FATAL    fundamentals_alias_unresolved operating_income: PARTIAL over 44 reportable quarters -- OperatingIncomeLoss 21/44 (48%, last 2026Q2); union 48%. the tags' union does not reach the 75% coverage bar, so any series built from them would be silently gapped.
773840/773840      FATAL    fundamentals_alias_unresolved liabilities: ABSENT over 44 reportable quarters -- (no tag has an in-window operating-form row); union 0%. no tag in this family has a single in-window row from an operating form (10-K/10-Q/8-K + /A). Non-operating forms -- DEF 14A proxy compensation tables above all -- are excluded by design and never count as coverage.
773910/773910      FATAL    fundamentals_alias_unresolved revenue: PARTIAL over 24 reportable quarters -- Revenues 16/24 (67%, last 2019Q2), RevenueFromContractWithCustomerExcludingAssessedTax 7/24 (29%, last 2019Q2); union 67%. the tags' union does not reach the 75% coverage bar, so any series built from them would be silently gapped.
773910/773910      FATAL    fundamentals_alias_unresolved net_income: PARTIAL over 24 reportable quarters -- NetIncomeLoss 16/24 (67%, last 2019Q2), ProfitLoss 16/24 (67%, last 2019Q2); union 67%. the tags' union does not reach the 75% coverage bar, so any series built from them would be silently gapped.
773910/773910      FATAL    fundamentals_alias_unresolved net_income_to_common: PARTIAL over 24 reportable quarters -- NetIncomeLossAvailableToCommonStockholdersBasic 16/24 (67%, last 2019Q2); union 67%. the tags' union does not reach the 75% coverage bar, so any series built from them would be silently gapped.
773910/773910      FATAL    fundamentals_alias_unresolved operating_income: PARTIAL over 24 reportable quarters -- OperatingIncomeLoss 16/24 (67%, last 2019Q2); union 67%. the tags' union does not reach the 75% coverage bar, so any series built from them would be silently gapped.
773910/773910      FATAL    fundamentals_alias_unresolved pretax_income: PARTIAL over 24 reportable quarters -- IncomeLossFromContinuingOperationsBeforeIncomeTaxesExtraordinaryItemsNoncontrollingInterest 16/24 (67%, last 2019Q2); union 67%. the tags' union does not reach the 75% coverage bar, so any series built from them would be silently gapped.
773910/773910      FATAL    fundamentals_alias_unresolved assets: PARTIAL over 24 reportable quarters -- Assets 16/24 (67%, last 2019Q2); union 67%. the tags' union does not reach the 75% coverage bar, so any series built from them would be silently gapped.
773910/773910      FATAL    fundamentals_alias_unresolved liabilities: ABSENT over 24 reportable quarters -- (no tag has an in-window operating-form row); union 0%. no tag in this family has a single in-window row from an operating form (10-K/10-Q/8-K + /A). Non-operating forms -- DEF 14A proxy compensation tables above all -- are excluded by design and never count as coverage.
773910/773910      FATAL    fundamentals_alias_unresolved liabilities_and_equity: PARTIAL over 24 reportable quarters -- LiabilitiesAndStockholdersEquity 16/24 (67%, last 2019Q2); union 67%. the tags' union does not reach the 75% coverage bar, so any series built from them would be silently gapped.
773910/773910      FATAL    fundamentals_alias_unresolved equity: PARTIAL over 24 reportable quarters -- StockholdersEquity 16/24 (67%, last 2019Q2), StockholdersEquityIncludingPortionAttributableToNoncontrollingInterest 16/24 (67%, last 2019Q2); union 67%. the tags' union does not reach the 75% coverage bar, so any series built from them would be silently gapped.
773910/773910      FATAL    fundamentals_alias_unresolved minority_interest: PARTIAL over 24 reportable quarters -- MinorityInterest 16/24 (67%, last 2019Q2); union 67%. the tags' union does not reach the 75% coverage bar, so any series built from them would be silently gapped.
773910/773910      FATAL    fundamentals_alias_unresolved cash: PARTIAL over 24 reportable quarters -- CashAndCashEquivalentsAtCarryingValue 16/24 (67%, last 2019Q2), CashCashEquivalentsRestrictedCashAndRestrictedCashEquivalents 12/24 (50%, last 2019Q2); union 67%. the tags' union does not reach the 75% coverage bar, so any series built from them would be silently gapped.
773910/773910      FATAL    fundamentals_alias_unresolved operating_cash_flow: PARTIAL over 24 reportable quarters -- NetCashProvidedByUsedInOperatingActivities 16/24 (67%, last 2019Q2); union 67%. the tags' union does not reach the 75% coverage bar, so any series built from them would be silently gapped.
773910/773910      FATAL    fundamentals_alias_unresolved eps_diluted: PARTIAL over 24 reportable quarters -- EarningsPerShareDiluted 16/24 (67%, last 2019Q2); union 67%. the tags' union does not reach the 75% coverage bar, so any series built from them would be silently gapped.
773910/773910      FATAL    fundamentals_alias_unresolved shares_outstanding: PARTIAL over 24 reportable quarters -- EntityCommonStockSharesOutstanding 16/24 (67%, last 2019Q3); union 67%. the tags' union does not reach the 75% coverage bar, so any series built from them would be silently gapped.
788784/788784      FATAL    fundamentals_alias_unresolved net_income_to_common: PARTIAL over 28 reportable quarters -- NetIncomeLossAvailableToCommonStockholdersBasic 18/28 (64%, last 2019Q4); union 64%. the tags' union does not reach the 75% coverage bar, so any series built from them would be silently gapped.
788784/788784      FATAL    fundamentals_alias_unresolved liabilities: ABSENT over 28 reportable quarters -- (no tag has an in-window operating-form row); union 0%. no tag in this family has a single in-window row from an operating form (10-K/10-Q/8-K + /A). Non-operating forms -- DEF 14A proxy compensation tables above all -- are excluded by design and never count as coverage.
788784/788784      FATAL    fundamentals_alias_unresolved minority_interest: PARTIAL over 28 reportable quarters -- MinorityInterest 6/28 (21%, last 2016Q4); union 21%. the tags' union does not reach the 75% coverage bar, so any series built from them would be silently gapped. It is below the 40% floor where F2_SPEC §5.3's PARTIAL band starts, and is reported as PARTIAL rather than ABSENT because the family does have in-window operating-form rows.
789019/789019      FATAL    fundamentals_alias_unresolved net_income_to_common: ABSENT over 44 reportable quarters -- (no tag has an in-window operating-form row); union 0%. no tag in this family has a single in-window row from an operating form (10-K/10-Q/8-K + /A). Non-operating forms -- DEF 14A proxy compensation tables above all -- are excluded by design and never count as coverage.
789019/789019      FATAL    fundamentals_alias_unresolved minority_interest: ABSENT over 44 reportable quarters -- (no tag has an in-window operating-form row); union 0%. no tag in this family has a single in-window row from an operating form (10-K/10-Q/8-K + /A). Non-operating forms -- DEF 14A proxy compensation tables above all -- are excluded by design and never count as coverage.
790070/790070      FATAL    fundamentals_alias_unresolved revenue: PARTIAL over 12 reportable quarters -- Revenues 4/12 (33%, last 2016Q2); union 33%. the tags' union does not reach the 75% coverage bar, so any series built from them would be silently gapped. It is below the 40% floor where F2_SPEC §5.3's PARTIAL band starts, and is reported as PARTIAL rather than ABSENT because the family does have in-window operating-form rows.
790070/790070      FATAL    fundamentals_alias_unresolved net_income: PARTIAL over 12 reportable quarters -- NetIncomeLoss 4/12 (33%, last 2016Q2), ProfitLoss 4/12 (33%, last 2016Q2); union 33%. the tags' union does not reach the 75% coverage bar, so any series built from them would be silently gapped. It is below the 40% floor where F2_SPEC §5.3's PARTIAL band starts, and is reported as PARTIAL rather than ABSENT because the family does have in-window operating-form rows.
790070/790070      FATAL    fundamentals_alias_unresolved net_income_to_common: ABSENT over 12 reportable quarters -- (no tag has an in-window operating-form row); union 0%. no tag in this family has a single in-window row from an operating form (10-K/10-Q/8-K + /A). Non-operating forms -- DEF 14A proxy compensation tables above all -- are excluded by design and never count as coverage.
790070/790070      FATAL    fundamentals_alias_unresolved operating_income: PARTIAL over 12 reportable quarters -- OperatingIncomeLoss 4/12 (33%, last 2016Q2); union 33%. the tags' union does not reach the 75% coverage bar, so any series built from them would be silently gapped. It is below the 40% floor where F2_SPEC §5.3's PARTIAL band starts, and is reported as PARTIAL rather than ABSENT because the family does have in-window operating-form rows.
790070/790070      FATAL    fundamentals_alias_unresolved pretax_income: PARTIAL over 12 reportable quarters -- IncomeLossFromContinuingOperationsBeforeIncomeTaxesMinorityInterestAndIncomeLossFromEquityMethodInvestments 4/12 (33%, last 2016Q2); union 33%. the tags' union does not reach the 75% coverage bar, so any series built from them would be silently gapped. It is below the 40% floor where F2_SPEC §5.3's PARTIAL band starts, and is reported as PARTIAL rather than ABSENT because the family does have in-window operating-form rows.
790070/790070      FATAL    fundamentals_alias_unresolved assets: PARTIAL over 12 reportable quarters -- Assets 4/12 (33%, last 2016Q2); union 33%. the tags' union does not reach the 75% coverage bar, so any series built from them would be silently gapped. It is below the 40% floor where F2_SPEC §5.3's PARTIAL band starts, and is reported as PARTIAL rather than ABSENT because the family does have in-window operating-form rows.
790070/790070      FATAL    fundamentals_alias_unresolved liabilities: PARTIAL over 12 reportable quarters -- Liabilities 4/12 (33%, last 2016Q2); union 33%. the tags' union does not reach the 75% coverage bar, so any series built from them would be silently gapped. It is below the 40% floor where F2_SPEC §5.3's PARTIAL band starts, and is reported as PARTIAL rather than ABSENT because the family does have in-window operating-form rows.
790070/790070      FATAL    fundamentals_alias_unresolved liabilities_and_equity: PARTIAL over 12 reportable quarters -- LiabilitiesAndStockholdersEquity 4/12 (33%, last 2016Q2); union 33%. the tags' union does not reach the 75% coverage bar, so any series built from them would be silently gapped. It is below the 40% floor where F2_SPEC §5.3's PARTIAL band starts, and is reported as PARTIAL rather than ABSENT because the family does have in-window operating-form rows.
790070/790070      FATAL    fundamentals_alias_unresolved equity: PARTIAL over 12 reportable quarters -- StockholdersEquity 4/12 (33%, last 2016Q2), StockholdersEquityIncludingPortionAttributableToNoncontrollingInterest 4/12 (33%, last 2016Q2); union 33%. the tags' union does not reach the 75% coverage bar, so any series built from them would be silently gapped. It is below the 40% floor where F2_SPEC §5.3's PARTIAL band starts, and is reported as PARTIAL rather than ABSENT because the family does have in-window operating-form rows.
790070/790070      FATAL    fundamentals_alias_unresolved minority_interest: PARTIAL over 12 reportable quarters -- MinorityInterest 4/12 (33%, last 2016Q2); union 33%. the tags' union does not reach the 75% coverage bar, so any series built from them would be silently gapped. It is below the 40% floor where F2_SPEC §5.3's PARTIAL band starts, and is reported as PARTIAL rather than ABSENT because the family does have in-window operating-form rows.
790070/790070      FATAL    fundamentals_alias_unresolved cash: PARTIAL over 12 reportable quarters -- CashAndCashEquivalentsAtCarryingValue 4/12 (33%, last 2016Q2); union 33%. the tags' union does not reach the 75% coverage bar, so any series built from them would be silently gapped. It is below the 40% floor where F2_SPEC §5.3's PARTIAL band starts, and is reported as PARTIAL rather than ABSENT because the family does have in-window operating-form rows.
790070/790070      FATAL    fundamentals_alias_unresolved operating_cash_flow: PARTIAL over 12 reportable quarters -- NetCashProvidedByUsedInOperatingActivities 4/12 (33%, last 2016Q2); union 33%. the tags' union does not reach the 75% coverage bar, so any series built from them would be silently gapped. It is below the 40% floor where F2_SPEC §5.3's PARTIAL band starts, and is reported as PARTIAL rather than ABSENT because the family does have in-window operating-form rows.
790070/790070      FATAL    fundamentals_alias_unresolved eps_diluted: PARTIAL over 12 reportable quarters -- EarningsPerShareDiluted 4/12 (33%, last 2016Q2); union 33%. the tags' union does not reach the 75% coverage bar, so any series built from them would be silently gapped. It is below the 40% floor where F2_SPEC §5.3's PARTIAL band starts, and is reported as PARTIAL rather than ABSENT because the family does have in-window operating-form rows.
790070/790070      FATAL    fundamentals_alias_unresolved shares_outstanding: PARTIAL over 12 reportable quarters -- EntityCommonStockSharesOutstanding 3/12 (25%, last 2016Q2); union 25%. the tags' union does not reach the 75% coverage bar, so any series built from them would be silently gapped. It is below the 40% floor where F2_SPEC §5.3's PARTIAL band starts, and is reported as PARTIAL rather than ABSENT because the family does have in-window operating-form rows.
797468/797468      FATAL    fundamentals_alias_unresolved operating_income: ABSENT over 44 reportable quarters -- (no tag has an in-window operating-form row); union 0%. no tag in this family has a single in-window row from an operating form (10-K/10-Q/8-K + /A). Non-operating forms -- DEF 14A proxy compensation tables above all -- are excluded by design and never count as coverage.
797468/797468      FATAL    fundamentals_alias_unresolved liabilities: ABSENT over 44 reportable quarters -- (no tag has an in-window operating-form row); union 0%. no tag in this family has a single in-window row from an operating form (10-K/10-Q/8-K + /A). Non-operating forms -- DEF 14A proxy compensation tables above all -- are excluded by design and never count as coverage.
797468/797468      FATAL    fundamentals_alias_unresolved minority_interest: PARTIAL over 44 reportable quarters -- MinorityInterest 16/44 (36%, last 2026Q2); union 36%. the tags' union does not reach the 75% coverage bar, so any series built from them would be silently gapped. It is below the 40% floor where F2_SPEC §5.3's PARTIAL band starts, and is reported as PARTIAL rather than ABSENT because the family does have in-window operating-form rows.
798354/798354      FATAL    fundamentals_alias_unresolved revenue: OVERLAP over 28 reportable quarters -- Revenues 18/28 (64%, last 2025Q4), RevenueFromContractWithCustomerExcludingAssessedTax 17/28 (61%, last 2026Q2); union 100%. two or more tags share quarters and NONE of them clears the 75% coverage bar, so there is no dominant tag to prefer and no migration pattern to follow -- genuine ambiguity. The classifier will not pick one, and there is no per-ticker override. F5 must refuse to build this series.
798354/798354      FATAL    fundamentals_alias_unresolved net_income_to_common: ABSENT over 28 reportable quarters -- (no tag has an in-window operating-form row); union 0%. no tag in this family has a single in-window row from an operating form (10-K/10-Q/8-K + /A). Non-operating forms -- DEF 14A proxy compensation tables above all -- are excluded by design and never count as coverage.
804328/804328      FATAL    fundamentals_alias_unresolved net_income_to_common: ABSENT over 44 reportable quarters -- (no tag has an in-window operating-form row); union 0%. no tag in this family has a single in-window row from an operating form (10-K/10-Q/8-K + /A). Non-operating forms -- DEF 14A proxy compensation tables above all -- are excluded by design and never count as coverage.
804328/804328      FATAL    fundamentals_alias_unresolved minority_interest: PARTIAL over 44 reportable quarters -- MinorityInterest 9/44 (20%, last 2017Q3); union 20%. the tags' union does not reach the 75% coverage bar, so any series built from them would be silently gapped. It is below the 40% floor where F2_SPEC §5.3's PARTIAL band starts, and is reported as PARTIAL rather than ABSENT because the family does have in-window operating-form rows.
804753/804753      FATAL    fundamentals_alias_unresolved revenue: PARTIAL over 16 reportable quarters -- Revenues 2/16 (12%, last 2019Q2); union 12%. the tags' union does not reach the 75% coverage bar, so any series built from them would be silently gapped. It is below the 40% floor where F2_SPEC §5.3's PARTIAL band starts, and is reported as PARTIAL rather than ABSENT because the family does have in-window operating-form rows.
804753/804753      FATAL    fundamentals_alias_unresolved minority_interest: ABSENT over 16 reportable quarters -- (no tag has an in-window operating-form row); union 0%. no tag in this family has a single in-window row from an operating form (10-K/10-Q/8-K + /A). Non-operating forms -- DEF 14A proxy compensation tables above all -- are excluded by design and never count as coverage.
813672/813672      FATAL    fundamentals_alias_unresolved net_income_to_common: ABSENT over 16 reportable quarters -- (no tag has an in-window operating-form row); union 0%. no tag in this family has a single in-window row from an operating form (10-K/10-Q/8-K + /A). Non-operating forms -- DEF 14A proxy compensation tables above all -- are excluded by design and never count as coverage.
813672/813672      FATAL    fundamentals_alias_unresolved liabilities: ABSENT over 16 reportable quarters -- (no tag has an in-window operating-form row); union 0%. no tag in this family has a single in-window row from an operating form (10-K/10-Q/8-K + /A). Non-operating forms -- DEF 14A proxy compensation tables above all -- are excluded by design and never count as coverage.
813672/813672      FATAL    fundamentals_alias_unresolved minority_interest: ABSENT over 16 reportable quarters -- (no tag has an in-window operating-form row); union 0%. no tag in this family has a single in-window row from an operating form (10-K/10-Q/8-K + /A). Non-operating forms -- DEF 14A proxy compensation tables above all -- are excluded by design and never count as coverage.
816284/816284      FATAL    fundamentals_alias_unresolved revenue: PARTIAL over 24 reportable quarters -- RevenueFromContractWithCustomerExcludingAssessedTax 12/24 (50%, last 2019Q3), Revenues 11/24 (46%, last 2018Q1); union 71%. the tags' union does not reach the 75% coverage bar, so any series built from them would be silently gapped.
816284/816284      FATAL    fundamentals_alias_unresolved net_income: PARTIAL over 24 reportable quarters -- NetIncomeLoss 14/24 (58%, last 2018Q4), ProfitLoss 13/24 (54%, last 2019Q3); union 71%. the tags' union does not reach the 75% coverage bar, so any series built from them would be silently gapped.
816284/816284      FATAL    fundamentals_alias_unresolved net_income_to_common: ABSENT over 24 reportable quarters -- (no tag has an in-window operating-form row); union 0%. no tag in this family has a single in-window row from an operating form (10-K/10-Q/8-K + /A). Non-operating forms -- DEF 14A proxy compensation tables above all -- are excluded by design and never count as coverage.
816284/816284      FATAL    fundamentals_alias_unresolved operating_income: PARTIAL over 24 reportable quarters -- OperatingIncomeLoss 17/24 (71%, last 2019Q3); union 71%. the tags' union does not reach the 75% coverage bar, so any series built from them would be silently gapped.
816284/816284      FATAL    fundamentals_alias_unresolved pretax_income: PARTIAL over 24 reportable quarters -- IncomeLossFromContinuingOperationsBeforeIncomeTaxesExtraordinaryItemsNoncontrollingInterest 17/24 (71%, last 2019Q3); union 71%. the tags' union does not reach the 75% coverage bar, so any series built from them would be silently gapped.
816284/816284      FATAL    fundamentals_alias_unresolved assets: PARTIAL over 24 reportable quarters -- Assets 17/24 (71%, last 2019Q3); union 71%. the tags' union does not reach the 75% coverage bar, so any series built from them would be silently gapped.
816284/816284      FATAL    fundamentals_alias_unresolved liabilities: PARTIAL over 24 reportable quarters -- Liabilities 17/24 (71%, last 2019Q3); union 71%. the tags' union does not reach the 75% coverage bar, so any series built from them would be silently gapped.
816284/816284      FATAL    fundamentals_alias_unresolved liabilities_and_equity: PARTIAL over 24 reportable quarters -- LiabilitiesAndStockholdersEquity 17/24 (71%, last 2019Q3); union 71%. the tags' union does not reach the 75% coverage bar, so any series built from them would be silently gapped.
816284/816284      FATAL    fundamentals_alias_unresolved equity: PARTIAL over 24 reportable quarters -- StockholdersEquity 17/24 (71%, last 2019Q3), StockholdersEquityIncludingPortionAttributableToNoncontrollingInterest 16/24 (67%, last 2019Q3); union 71%. the tags' union does not reach the 75% coverage bar, so any series built from them would be silently gapped.
816284/816284      FATAL    fundamentals_alias_unresolved minority_interest: ABSENT over 24 reportable quarters -- (no tag has an in-window operating-form row); union 0%. no tag in this family has a single in-window row from an operating form (10-K/10-Q/8-K + /A). Non-operating forms -- DEF 14A proxy compensation tables above all -- are excluded by design and never count as coverage.
816284/816284      FATAL    fundamentals_alias_unresolved cash: PARTIAL over 24 reportable quarters -- CashAndCashEquivalentsAtCarryingValue 17/24 (71%, last 2019Q3); union 71%. the tags' union does not reach the 75% coverage bar, so any series built from them would be silently gapped.
816284/816284      FATAL    fundamentals_alias_unresolved operating_cash_flow: PARTIAL over 24 reportable quarters -- NetCashProvidedByUsedInOperatingActivities 17/24 (71%, last 2019Q3), NetCashProvidedByUsedInOperatingActivitiesContinuingOperations 1/24 (4%, last 2015Q3); union 71%. the tags' union does not reach the 75% coverage bar, so any series built from them would be silently gapped.
816284/816284      FATAL    fundamentals_alias_unresolved eps_diluted: PARTIAL over 24 reportable quarters -- EarningsPerShareDiluted 17/24 (71%, last 2019Q3); union 71%. the tags' union does not reach the 75% coverage bar, so any series built from them would be silently gapped.
821189/821189      FATAL    fundamentals_alias_unresolved net_income_to_common: PARTIAL over 44 reportable quarters -- NetIncomeLossAvailableToCommonStockholdersBasic 21/44 (48%, last 2026Q2); union 48%. the tags' union does not reach the 75% coverage bar, so any series built from them would be silently gapped.
821189/821189      FATAL    fundamentals_alias_unresolved liabilities: ABSENT over 44 reportable quarters -- (no tag has an in-window operating-form row); union 0%. no tag in this family has a single in-window row from an operating form (10-K/10-Q/8-K + /A). Non-operating forms -- DEF 14A proxy compensation tables above all -- are excluded by design and never count as coverage.
821189/821189      FATAL    fundamentals_alias_unresolved minority_interest: ABSENT over 44 reportable quarters -- (no tag has an in-window operating-form row); union 0%. no tag in this family has a single in-window row from an operating form (10-K/10-Q/8-K + /A). Non-operating forms -- DEF 14A proxy compensation tables above all -- are excluded by design and never count as coverage.
823768/823768      FATAL    fundamentals_alias_unresolved net_income_to_common: PARTIAL over 44 reportable quarters -- NetIncomeLossAvailableToCommonStockholdersBasic 3/44 (7%, last 2016Q1); union 7%. the tags' union does not reach the 75% coverage bar, so any series built from them would be silently gapped. It is below the 40% floor where F2_SPEC §5.3's PARTIAL band starts, and is reported as PARTIAL rather than ABSENT because the family does have in-window operating-form rows.
827052/827052      FATAL    fundamentals_alias_unresolved pretax_income: PARTIAL over 20 reportable quarters -- IncomeLossFromContinuingOperationsBeforeIncomeTaxesExtraordinaryItemsNoncontrollingInterest 9/20 (45%, last 2020Q2); union 45%. the tags' union does not reach the 75% coverage bar, so any series built from them would be silently gapped.
827052/827052      FATAL    fundamentals_alias_unresolved minority_interest: PARTIAL over 20 reportable quarters -- MinorityInterest 6/20 (30%, last 2018Q4); union 30%. the tags' union does not reach the 75% coverage bar, so any series built from them would be silently gapped. It is below the 40% floor where F2_SPEC §5.3's PARTIAL band starts, and is reported as PARTIAL rather than ABSENT because the family does have in-window operating-form rows.
829224/829224      FATAL    fundamentals_alias_unresolved net_income_to_common: ABSENT over 44 reportable quarters -- (no tag has an in-window operating-form row); union 0%. no tag in this family has a single in-window row from an operating form (10-K/10-Q/8-K + /A). Non-operating forms -- DEF 14A proxy compensation tables above all -- are excluded by design and never count as coverage.
831001/831001      FATAL    fundamentals_alias_unresolved operating_income: ABSENT over 44 reportable quarters -- (no tag has an in-window operating-form row); union 0%. no tag in this family has a single in-window row from an operating form (10-K/10-Q/8-K + /A). Non-operating forms -- DEF 14A proxy compensation tables above all -- are excluded by design and never count as coverage.
831001/831001      FATAL    fundamentals_alias_unresolved shares_outstanding: PARTIAL over 44 reportable quarters -- EntityCommonStockSharesOutstanding 32/44 (73%, last 2026Q1); union 73%. the tags' union does not reach the 75% coverage bar, so any series built from them would be silently gapped.
849399/849399      FATAL    fundamentals_alias_unresolved revenue: PARTIAL over 16 reportable quarters -- RevenueFromContractWithCustomerExcludingAssessedTax 9/16 (56%, last 2019Q1), RevenueFromContractWithCustomerIncludingAssessedTax 3/16 (19%, last 2018Q1); union 62%. the tags' union does not reach the 75% coverage bar, so any series built from them would be silently gapped.
849399/849399      FATAL    fundamentals_alias_unresolved net_income_to_common: ABSENT over 16 reportable quarters -- (no tag has an in-window operating-form row); union 0%. no tag in this family has a single in-window row from an operating form (10-K/10-Q/8-K + /A). Non-operating forms -- DEF 14A proxy compensation tables above all -- are excluded by design and never count as coverage.
849399/849399      FATAL    fundamentals_alias_unresolved minority_interest: ABSENT over 16 reportable quarters -- (no tag has an in-window operating-form row); union 0%. no tag in this family has a single in-window row from an operating form (10-K/10-Q/8-K + /A). Non-operating forms -- DEF 14A proxy compensation tables above all -- are excluded by design and never count as coverage.
858877/858877      FATAL    fundamentals_alias_unresolved net_income_to_common: ABSENT over 44 reportable quarters -- (no tag has an in-window operating-form row); union 0%. no tag in this family has a single in-window row from an operating form (10-K/10-Q/8-K + /A). Non-operating forms -- DEF 14A proxy compensation tables above all -- are excluded by design and never count as coverage.
858877/858877      FATAL    fundamentals_alias_unresolved minority_interest: PARTIAL over 44 reportable quarters -- MinorityInterest 11/44 (25%, last 2019Q3); union 25%. the tags' union does not reach the 75% coverage bar, so any series built from them would be silently gapped. It is below the 40% floor where F2_SPEC §5.3's PARTIAL band starts, and is reported as PARTIAL rather than ABSENT because the family does have in-window operating-form rows.
872589/872589      FATAL    fundamentals_alias_unresolved net_income_to_common: ABSENT over 44 reportable quarters -- (no tag has an in-window operating-form row); union 0%. no tag in this family has a single in-window row from an operating form (10-K/10-Q/8-K + /A). Non-operating forms -- DEF 14A proxy compensation tables above all -- are excluded by design and never count as coverage.
872589/872589      FATAL    fundamentals_alias_unresolved minority_interest: ABSENT over 44 reportable quarters -- (no tag has an in-window operating-form row); union 0%. no tag in this family has a single in-window row from an operating form (10-K/10-Q/8-K + /A). Non-operating forms -- DEF 14A proxy compensation tables above all -- are excluded by design and never count as coverage.
872589/872589      FATAL    fundamentals_alias_unresolved shares_outstanding: ABSENT over 44 reportable quarters -- (no tag has an in-window operating-form row); union 0%. no tag in this family has a single in-window row from an operating form (10-K/10-Q/8-K + /A). Non-operating forms -- DEF 14A proxy compensation tables above all -- are excluded by design and never count as coverage.
875045/875045      FATAL    fundamentals_alias_unresolved net_income_to_common: ABSENT over 24 reportable quarters -- (no tag has an in-window operating-form row); union 0%. no tag in this family has a single in-window row from an operating form (10-K/10-Q/8-K + /A). Non-operating forms -- DEF 14A proxy compensation tables above all -- are excluded by design and never count as coverage.
875320/875320      FATAL    fundamentals_alias_unresolved net_income_to_common: PARTIAL over 28 reportable quarters -- NetIncomeLossAvailableToCommonStockholdersBasic 3/28 (11%, last 2020Q4); union 11%. the tags' union does not reach the 75% coverage bar, so any series built from them would be silently gapped. It is below the 40% floor where F2_SPEC §5.3's PARTIAL band starts, and is reported as PARTIAL rather than ABSENT because the family does have in-window operating-form rows.
875320/875320      FATAL    fundamentals_alias_unresolved minority_interest: ABSENT over 28 reportable quarters -- (no tag has an in-window operating-form row); union 0%. no tag in this family has a single in-window row from an operating form (10-K/10-Q/8-K + /A). Non-operating forms -- DEF 14A proxy compensation tables above all -- are excluded by design and never count as coverage.
882095/882095      FATAL    fundamentals_alias_unresolved net_income_to_common: ABSENT over 44 reportable quarters -- (no tag has an in-window operating-form row); union 0%. no tag in this family has a single in-window row from an operating form (10-K/10-Q/8-K + /A). Non-operating forms -- DEF 14A proxy compensation tables above all -- are excluded by design and never count as coverage.
882095/882095      FATAL    fundamentals_alias_unresolved liabilities: ABSENT over 44 reportable quarters -- (no tag has an in-window operating-form row); union 0%. no tag in this family has a single in-window row from an operating form (10-K/10-Q/8-K + /A). Non-operating forms -- DEF 14A proxy compensation tables above all -- are excluded by design and never count as coverage.
884905/884905      FATAL    fundamentals_alias_unresolved revenue: ABSENT over 20 reportable quarters -- (no tag has an in-window operating-form row); union 0%. no tag in this family has a single in-window row from an operating form (10-K/10-Q/8-K + /A). Non-operating forms -- DEF 14A proxy compensation tables above all -- are excluded by design and never count as coverage.
884905/884905      FATAL    fundamentals_alias_unresolved net_income: PARTIAL over 20 reportable quarters -- NetIncomeLoss 13/20 (65%, last 2018Q3), ProfitLoss 13/20 (65%, last 2018Q3); union 65%. the tags' union does not reach the 75% coverage bar, so any series built from them would be silently gapped.
884905/884905      FATAL    fundamentals_alias_unresolved net_income_to_common: ABSENT over 20 reportable quarters -- (no tag has an in-window operating-form row); union 0%. no tag in this family has a single in-window row from an operating form (10-K/10-Q/8-K + /A). Non-operating forms -- DEF 14A proxy compensation tables above all -- are excluded by design and never count as coverage.
884905/884905      FATAL    fundamentals_alias_unresolved operating_income: PARTIAL over 20 reportable quarters -- OperatingIncomeLoss 13/20 (65%, last 2018Q3); union 65%. the tags' union does not reach the 75% coverage bar, so any series built from them would be silently gapped.
884905/884905      FATAL    fundamentals_alias_unresolved pretax_income: PARTIAL over 20 reportable quarters -- IncomeLossFromContinuingOperationsBeforeIncomeTaxesMinorityInterestAndIncomeLossFromEquityMethodInvestments 13/20 (65%, last 2018Q3); union 65%. the tags' union does not reach the 75% coverage bar, so any series built from them would be silently gapped.
884905/884905      FATAL    fundamentals_alias_unresolved assets: PARTIAL over 20 reportable quarters -- Assets 13/20 (65%, last 2018Q3); union 65%. the tags' union does not reach the 75% coverage bar, so any series built from them would be silently gapped.
884905/884905      FATAL    fundamentals_alias_unresolved liabilities: PARTIAL over 20 reportable quarters -- Liabilities 13/20 (65%, last 2018Q3); union 65%. the tags' union does not reach the 75% coverage bar, so any series built from them would be silently gapped.
884905/884905      FATAL    fundamentals_alias_unresolved liabilities_and_equity: PARTIAL over 20 reportable quarters -- LiabilitiesAndStockholdersEquity 13/20 (65%, last 2018Q3); union 65%. the tags' union does not reach the 75% coverage bar, so any series built from them would be silently gapped.
884905/884905      FATAL    fundamentals_alias_unresolved equity: PARTIAL over 20 reportable quarters -- StockholdersEquity 13/20 (65%, last 2018Q3), StockholdersEquityIncludingPortionAttributableToNoncontrollingInterest 13/20 (65%, last 2018Q3); union 65%. the tags' union does not reach the 75% coverage bar, so any series built from them would be silently gapped.
884905/884905      FATAL    fundamentals_alias_unresolved minority_interest: PARTIAL over 20 reportable quarters -- MinorityInterest 13/20 (65%, last 2018Q3); union 65%. the tags' union does not reach the 75% coverage bar, so any series built from them would be silently gapped.
884905/884905      FATAL    fundamentals_alias_unresolved cash: PARTIAL over 20 reportable quarters -- CashAndCashEquivalentsAtCarryingValue 13/20 (65%, last 2018Q3); union 65%. the tags' union does not reach the 75% coverage bar, so any series built from them would be silently gapped.
884905/884905      FATAL    fundamentals_alias_unresolved operating_cash_flow: PARTIAL over 20 reportable quarters -- NetCashProvidedByUsedInOperatingActivitiesContinuingOperations 13/20 (65%, last 2018Q3); union 65%. the tags' union does not reach the 75% coverage bar, so any series built from them would be silently gapped.
884905/884905      FATAL    fundamentals_alias_unresolved eps_diluted: PARTIAL over 20 reportable quarters -- EarningsPerShareDiluted 13/20 (65%, last 2018Q3); union 65%. the tags' union does not reach the 75% coverage bar, so any series built from them would be silently gapped.
884905/884905      FATAL    fundamentals_alias_unresolved shares_outstanding: PARTIAL over 20 reportable quarters -- EntityCommonStockSharesOutstanding 10/20 (50%, last 2018Q3); union 50%. the tags' union does not reach the 75% coverage bar, so any series built from them would be silently gapped.
885725/885725      FATAL    fundamentals_alias_unresolved liabilities: ABSENT over 36 reportable quarters -- (no tag has an in-window operating-form row); union 0%. no tag in this family has a single in-window row from an operating form (10-K/10-Q/8-K + /A). Non-operating forms -- DEF 14A proxy compensation tables above all -- are excluded by design and never count as coverage.
885725/885725      FATAL    fundamentals_alias_unresolved minority_interest: PARTIAL over 36 reportable quarters -- MinorityInterest 15/36 (42%, last 2026Q2); union 42%. the tags' union does not reach the 75% coverage bar, so any series built from them would be silently gapped.
886982/886982      FATAL    fundamentals_alias_unresolved operating_income: ABSENT over 44 reportable quarters -- (no tag has an in-window operating-form row); union 0%. no tag in this family has a single in-window row from an operating form (10-K/10-Q/8-K + /A). Non-operating forms -- DEF 14A proxy compensation tables above all -- are excluded by design and never count as coverage.
886982/886982      FATAL    fundamentals_alias_unresolved minority_interest: ABSENT over 44 reportable quarters -- (no tag has an in-window operating-form row); union 0%. no tag in this family has a single in-window row from an operating form (10-K/10-Q/8-K + /A). Non-operating forms -- DEF 14A proxy compensation tables above all -- are excluded by design and never count as coverage.
895126/895126      FATAL    fundamentals_alias_unresolved minority_interest: ABSENT over 8 reportable quarters -- (no tag has an in-window operating-form row); union 0%. no tag in this family has a single in-window row from an operating form (10-K/10-Q/8-K + /A). Non-operating forms -- DEF 14A proxy compensation tables above all -- are excluded by design and never count as coverage.
895421/895421      FATAL    fundamentals_alias_unresolved operating_income: ABSENT over 44 reportable quarters -- (no tag has an in-window operating-form row); union 0%. no tag in this family has a single in-window row from an operating form (10-K/10-Q/8-K + /A). Non-operating forms -- DEF 14A proxy compensation tables above all -- are excluded by design and never count as coverage.
895421/895421      FATAL    fundamentals_alias_unresolved minority_interest: ABSENT over 44 reportable quarters -- (no tag has an in-window operating-form row); union 0%. no tag in this family has a single in-window row from an operating form (10-K/10-Q/8-K + /A). Non-operating forms -- DEF 14A proxy compensation tables above all -- are excluded by design and never count as coverage.
896159/896159      FATAL    fundamentals_alias_unresolved net_income_to_common: ABSENT over 44 reportable quarters -- (no tag has an in-window operating-form row); union 0%. no tag in this family has a single in-window row from an operating form (10-K/10-Q/8-K + /A). Non-operating forms -- DEF 14A proxy compensation tables above all -- are excluded by design and never count as coverage.
896159/896159      FATAL    fundamentals_alias_unresolved operating_income: ABSENT over 44 reportable quarters -- (no tag has an in-window operating-form row); union 0%. no tag in this family has a single in-window row from an operating form (10-K/10-Q/8-K + /A). Non-operating forms -- DEF 14A proxy compensation tables above all -- are excluded by design and never count as coverage.
896159/896159      FATAL    fundamentals_alias_unresolved minority_interest: PARTIAL over 44 reportable quarters -- MinorityInterest 12/44 (27%, last 2026Q1); union 27%. the tags' union does not reach the 75% coverage bar, so any series built from them would be silently gapped. It is below the 40% floor where F2_SPEC §5.3's PARTIAL band starts, and is reported as PARTIAL rather than ABSENT because the family does have in-window operating-form rows.
896878/896878      FATAL    fundamentals_alias_unresolved net_income_to_common: ABSENT over 44 reportable quarters -- (no tag has an in-window operating-form row); union 0%. no tag in this family has a single in-window row from an operating form (10-K/10-Q/8-K + /A). Non-operating forms -- DEF 14A proxy compensation tables above all -- are excluded by design and never count as coverage.
896878/896878      FATAL    fundamentals_alias_unresolved minority_interest: ABSENT over 44 reportable quarters -- (no tag has an in-window operating-form row); union 0%. no tag in this family has a single in-window row from an operating form (10-K/10-Q/8-K + /A). Non-operating forms -- DEF 14A proxy compensation tables above all -- are excluded by design and never count as coverage.
906107/906107      FATAL    fundamentals_alias_unresolved revenue: PARTIAL over 28 reportable quarters -- Revenues 19/28 (68%, last 2020Q1), RevenueFromContractWithCustomerIncludingAssessedTax 11/28 (39%, last 2020Q1); union 68%. the tags' union does not reach the 75% coverage bar, so any series built from them would be silently gapped.
915912/915912      FATAL    fundamentals_alias_unresolved minority_interest: PARTIAL over 20 reportable quarters -- MinorityInterest 14/20 (70%, last 2022Q2); union 70%. the tags' union does not reach the 75% coverage bar, so any series built from them would be silently gapped.
922224/922224      FATAL    fundamentals_alias_unresolved net_income_to_common: PARTIAL over 20 reportable quarters -- NetIncomeLossAvailableToCommonStockholdersBasic 3/20 (15%, last 2017Q4); union 15%. the tags' union does not reach the 75% coverage bar, so any series built from them would be silently gapped. It is below the 40% floor where F2_SPEC §5.3's PARTIAL band starts, and is reported as PARTIAL rather than ABSENT because the family does have in-window operating-form rows.
922224/922224      FATAL    fundamentals_alias_unresolved liabilities: ABSENT over 20 reportable quarters -- (no tag has an in-window operating-form row); union 0%. no tag in this family has a single in-window row from an operating form (10-K/10-Q/8-K + /A). Non-operating forms -- DEF 14A proxy compensation tables above all -- are excluded by design and never count as coverage.
922224/922224      FATAL    fundamentals_alias_unresolved minority_interest: ABSENT over 20 reportable quarters -- (no tag has an in-window operating-form row); union 0%. no tag in this family has a single in-window row from an operating form (10-K/10-Q/8-K + /A). Non-operating forms -- DEF 14A proxy compensation tables above all -- are excluded by design and never count as coverage.
927628/927628      FATAL    fundamentals_alias_unresolved operating_income: ABSENT over 44 reportable quarters -- (no tag has an in-window operating-form row); union 0%. no tag in this family has a single in-window row from an operating form (10-K/10-Q/8-K + /A). Non-operating forms -- DEF 14A proxy compensation tables above all -- are excluded by design and never count as coverage.
927628/927628      FATAL    fundamentals_alias_unresolved minority_interest: ABSENT over 44 reportable quarters -- (no tag has an in-window operating-form row); union 0%. no tag in this family has a single in-window row from an operating form (10-K/10-Q/8-K + /A). Non-operating forms -- DEF 14A proxy compensation tables above all -- are excluded by design and never count as coverage.
927653/927653      FATAL    fundamentals_alias_unresolved net_income_to_common: ABSENT over 44 reportable quarters -- (no tag has an in-window operating-form row); union 0%. no tag in this family has a single in-window row from an operating form (10-K/10-Q/8-K + /A). Non-operating forms -- DEF 14A proxy compensation tables above all -- are excluded by design and never count as coverage.
927653/927653      FATAL    fundamentals_alias_unresolved liabilities: ABSENT over 44 reportable quarters -- (no tag has an in-window operating-form row); union 0%. no tag in this family has a single in-window row from an operating form (10-K/10-Q/8-K + /A). Non-operating forms -- DEF 14A proxy compensation tables above all -- are excluded by design and never count as coverage.
936402/936402      FATAL    fundamentals_alias_unresolved revenue: PARTIAL over 20 reportable quarters -- Revenues 12/20 (60%, last 2018Q2), RevenueFromContractWithCustomerExcludingAssessedTax 2/20 (10%, last 2018Q3); union 65%. the tags' union does not reach the 75% coverage bar, so any series built from them would be silently gapped.
936402/936402      FATAL    fundamentals_alias_unresolved net_income: PARTIAL over 20 reportable quarters -- NetIncomeLoss 13/20 (65%, last 2018Q3); union 65%. the tags' union does not reach the 75% coverage bar, so any series built from them would be silently gapped.
936402/936402      FATAL    fundamentals_alias_unresolved net_income_to_common: ABSENT over 20 reportable quarters -- (no tag has an in-window operating-form row); union 0%. no tag in this family has a single in-window row from an operating form (10-K/10-Q/8-K + /A). Non-operating forms -- DEF 14A proxy compensation tables above all -- are excluded by design and never count as coverage.
936402/936402      FATAL    fundamentals_alias_unresolved operating_income: PARTIAL over 20 reportable quarters -- OperatingIncomeLoss 13/20 (65%, last 2018Q3); union 65%. the tags' union does not reach the 75% coverage bar, so any series built from them would be silently gapped.
936402/936402      FATAL    fundamentals_alias_unresolved pretax_income: PARTIAL over 20 reportable quarters -- IncomeLossFromContinuingOperationsBeforeIncomeTaxesMinorityInterestAndIncomeLossFromEquityMethodInvestments 13/20 (65%, last 2018Q3); union 65%. the tags' union does not reach the 75% coverage bar, so any series built from them would be silently gapped.
936402/936402      FATAL    fundamentals_alias_unresolved assets: PARTIAL over 20 reportable quarters -- Assets 13/20 (65%, last 2018Q3); union 65%. the tags' union does not reach the 75% coverage bar, so any series built from them would be silently gapped.
936402/936402      FATAL    fundamentals_alias_unresolved liabilities: PARTIAL over 20 reportable quarters -- Liabilities 13/20 (65%, last 2018Q3); union 65%. the tags' union does not reach the 75% coverage bar, so any series built from them would be silently gapped.
936402/936402      FATAL    fundamentals_alias_unresolved liabilities_and_equity: PARTIAL over 20 reportable quarters -- LiabilitiesAndStockholdersEquity 13/20 (65%, last 2018Q3); union 65%. the tags' union does not reach the 75% coverage bar, so any series built from them would be silently gapped.
936402/936402      FATAL    fundamentals_alias_unresolved equity: PARTIAL over 20 reportable quarters -- StockholdersEquity 13/20 (65%, last 2018Q3); union 65%. the tags' union does not reach the 75% coverage bar, so any series built from them would be silently gapped.
936402/936402      FATAL    fundamentals_alias_unresolved minority_interest: ABSENT over 20 reportable quarters -- (no tag has an in-window operating-form row); union 0%. no tag in this family has a single in-window row from an operating form (10-K/10-Q/8-K + /A). Non-operating forms -- DEF 14A proxy compensation tables above all -- are excluded by design and never count as coverage.
936402/936402      FATAL    fundamentals_alias_unresolved cash: PARTIAL over 20 reportable quarters -- CashAndCashEquivalentsAtCarryingValue 13/20 (65%, last 2018Q3), CashCashEquivalentsRestrictedCashAndRestrictedCashEquivalents 8/20 (40%, last 2018Q3); union 65%. the tags' union does not reach the 75% coverage bar, so any series built from them would be silently gapped.
936402/936402      FATAL    fundamentals_alias_unresolved operating_cash_flow: PARTIAL over 20 reportable quarters -- NetCashProvidedByUsedInOperatingActivities 13/20 (65%, last 2018Q3); union 65%. the tags' union does not reach the 75% coverage bar, so any series built from them would be silently gapped.
936402/936402      FATAL    fundamentals_alias_unresolved eps_diluted: PARTIAL over 20 reportable quarters -- EarningsPerShareDiluted 13/20 (65%, last 2018Q3); union 65%. the tags' union does not reach the 75% coverage bar, so any series built from them would be silently gapped.
936402/936402      FATAL    fundamentals_alias_unresolved shares_outstanding: PARTIAL over 20 reportable quarters -- EntityCommonStockSharesOutstanding 14/20 (70%, last 2018Q4); union 70%. the tags' union does not reach the 75% coverage bar, so any series built from them would be silently gapped.
936468/936468      FATAL    fundamentals_alias_unresolved net_income_to_common: ABSENT over 44 reportable quarters -- (no tag has an in-window operating-form row); union 0%. no tag in this family has a single in-window row from an operating form (10-K/10-Q/8-K + /A). Non-operating forms -- DEF 14A proxy compensation tables above all -- are excluded by design and never count as coverage.
936468/936468      FATAL    fundamentals_alias_unresolved minority_interest: PARTIAL over 44 reportable quarters -- MinorityInterest 22/44 (50%, last 2021Q4); union 50%. the tags' union does not reach the 75% coverage bar, so any series built from them would be silently gapped.
1001039/1001039    FATAL    fundamentals_alias_unresolved revenue: PARTIAL over 20 reportable quarters -- Revenues 2/20 (10%, last 2018Q4); union 10%. the tags' union does not reach the 75% coverage bar, so any series built from them would be silently gapped. It is below the 40% floor where F2_SPEC §5.3's PARTIAL band starts, and is reported as PARTIAL rather than ABSENT because the family does have in-window operating-form rows.
1001039/1001039    FATAL    fundamentals_alias_unresolved net_income: PARTIAL over 20 reportable quarters -- NetIncomeLoss 12/20 (60%, last 2018Q4), ProfitLoss 12/20 (60%, last 2018Q4); union 60%. the tags' union does not reach the 75% coverage bar, so any series built from them would be silently gapped.
1001039/1001039    FATAL    fundamentals_alias_unresolved net_income_to_common: ABSENT over 20 reportable quarters -- (no tag has an in-window operating-form row); union 0%. no tag in this family has a single in-window row from an operating form (10-K/10-Q/8-K + /A). Non-operating forms -- DEF 14A proxy compensation tables above all -- are excluded by design and never count as coverage.
1001039/1001039    FATAL    fundamentals_alias_unresolved operating_income: PARTIAL over 20 reportable quarters -- OperatingIncomeLoss 12/20 (60%, last 2018Q4); union 60%. the tags' union does not reach the 75% coverage bar, so any series built from them would be silently gapped.
1001039/1001039    FATAL    fundamentals_alias_unresolved pretax_income: PARTIAL over 20 reportable quarters -- IncomeLossFromContinuingOperationsBeforeIncomeTaxesExtraordinaryItemsNoncontrollingInterest 12/20 (60%, last 2018Q4); union 60%. the tags' union does not reach the 75% coverage bar, so any series built from them would be silently gapped.
1001039/1001039    FATAL    fundamentals_alias_unresolved assets: PARTIAL over 20 reportable quarters -- Assets 12/20 (60%, last 2018Q4); union 60%. the tags' union does not reach the 75% coverage bar, so any series built from them would be silently gapped.
1001039/1001039    FATAL    fundamentals_alias_unresolved liabilities: ABSENT over 20 reportable quarters -- (no tag has an in-window operating-form row); union 0%. no tag in this family has a single in-window row from an operating form (10-K/10-Q/8-K + /A). Non-operating forms -- DEF 14A proxy compensation tables above all -- are excluded by design and never count as coverage.
1001039/1001039    FATAL    fundamentals_alias_unresolved liabilities_and_equity: PARTIAL over 20 reportable quarters -- LiabilitiesAndStockholdersEquity 12/20 (60%, last 2018Q4); union 60%. the tags' union does not reach the 75% coverage bar, so any series built from them would be silently gapped.
1001039/1001039    FATAL    fundamentals_alias_unresolved equity: PARTIAL over 20 reportable quarters -- StockholdersEquity 12/20 (60%, last 2018Q4), StockholdersEquityIncludingPortionAttributableToNoncontrollingInterest 12/20 (60%, last 2018Q4); union 60%. the tags' union does not reach the 75% coverage bar, so any series built from them would be silently gapped.
1001039/1001039    FATAL    fundamentals_alias_unresolved minority_interest: PARTIAL over 20 reportable quarters -- MinorityInterest 12/20 (60%, last 2018Q4); union 60%. the tags' union does not reach the 75% coverage bar, so any series built from them would be silently gapped.
1001039/1001039    FATAL    fundamentals_alias_unresolved cash: PARTIAL over 20 reportable quarters -- CashAndCashEquivalentsAtCarryingValue 12/20 (60%, last 2018Q4), CashCashEquivalentsRestrictedCashAndRestrictedCashEquivalents 9/20 (45%, last 2018Q4); union 60%. the tags' union does not reach the 75% coverage bar, so any series built from them would be silently gapped.
1001039/1001039    FATAL    fundamentals_alias_unresolved operating_cash_flow: PARTIAL over 20 reportable quarters -- NetCashProvidedByUsedInOperatingActivities 12/20 (60%, last 2018Q4); union 60%. the tags' union does not reach the 75% coverage bar, so any series built from them would be silently gapped.
1001039/1001039    FATAL    fundamentals_alias_unresolved eps_diluted: PARTIAL over 20 reportable quarters -- EarningsPerShareDiluted 12/20 (60%, last 2018Q4); union 60%. the tags' union does not reach the 75% coverage bar, so any series built from them would be silently gapped.
1001250/1001250    FATAL    fundamentals_alias_unresolved liabilities: ABSENT over 16 reportable quarters -- (no tag has an in-window operating-form row); union 0%. no tag in this family has a single in-window row from an operating form (10-K/10-Q/8-K + /A). Non-operating forms -- DEF 14A proxy compensation tables above all -- are excluded by design and never count as coverage.
1001250/1001250    FATAL    fundamentals_alias_unresolved minority_interest: PARTIAL over 16 reportable quarters -- MinorityInterest 4/16 (25%, last 2022Q2); union 25%. the tags' union does not reach the 75% coverage bar, so any series built from them would be silently gapped. It is below the 40% floor where F2_SPEC §5.3's PARTIAL band starts, and is reported as PARTIAL rather than ABSENT because the family does have in-window operating-form rows.
1001250/1001250    FATAL    fundamentals_alias_unresolved shares_outstanding: ABSENT over 16 reportable quarters -- (no tag has an in-window operating-form row); union 0%. no tag in this family has a single in-window row from an operating form (10-K/10-Q/8-K + /A). Non-operating forms -- DEF 14A proxy compensation tables above all -- are excluded by design and never count as coverage.
1012569/1012569    FATAL    fundamentals_alias_unresolved revenue: PARTIAL over 16 reportable quarters -- Revenues 9/16 (56%, last 2017Q3); union 56%. the tags' union does not reach the 75% coverage bar, so any series built from them would be silently gapped.
1012569/1012569    FATAL    fundamentals_alias_unresolved net_income: PARTIAL over 16 reportable quarters -- NetIncomeLoss 9/16 (56%, last 2017Q3), ProfitLoss 9/16 (56%, last 2017Q3); union 56%. the tags' union does not reach the 75% coverage bar, so any series built from them would be silently gapped.
1012569/1012569    FATAL    fundamentals_alias_unresolved net_income_to_common: ABSENT over 16 reportable quarters -- (no tag has an in-window operating-form row); union 0%. no tag in this family has a single in-window row from an operating form (10-K/10-Q/8-K + /A). Non-operating forms -- DEF 14A proxy compensation tables above all -- are excluded by design and never count as coverage.
1012569/1012569    FATAL    fundamentals_alias_unresolved operating_income: PARTIAL over 16 reportable quarters -- OperatingIncomeLoss 9/16 (56%, last 2017Q3); union 56%. the tags' union does not reach the 75% coverage bar, so any series built from them would be silently gapped.
1012569/1012569    FATAL    fundamentals_alias_unresolved pretax_income: PARTIAL over 16 reportable quarters -- IncomeLossFromContinuingOperationsBeforeIncomeTaxesExtraordinaryItemsNoncontrollingInterest 9/16 (56%, last 2017Q3); union 56%. the tags' union does not reach the 75% coverage bar, so any series built from them would be silently gapped.
1012569/1012569    FATAL    fundamentals_alias_unresolved assets: PARTIAL over 16 reportable quarters -- Assets 9/16 (56%, last 2017Q3); union 56%. the tags' union does not reach the 75% coverage bar, so any series built from them would be silently gapped.
1012569/1012569    FATAL    fundamentals_alias_unresolved liabilities: ABSENT over 16 reportable quarters -- (no tag has an in-window operating-form row); union 0%. no tag in this family has a single in-window row from an operating form (10-K/10-Q/8-K + /A). Non-operating forms -- DEF 14A proxy compensation tables above all -- are excluded by design and never count as coverage.
1012569/1012569    FATAL    fundamentals_alias_unresolved liabilities_and_equity: PARTIAL over 16 reportable quarters -- LiabilitiesAndStockholdersEquity 9/16 (56%, last 2017Q3); union 56%. the tags' union does not reach the 75% coverage bar, so any series built from them would be silently gapped.
1012569/1012569    FATAL    fundamentals_alias_unresolved equity: PARTIAL over 16 reportable quarters -- StockholdersEquityIncludingPortionAttributableToNoncontrollingInterest 9/16 (56%, last 2017Q3); union 56%. the tags' union does not reach the 75% coverage bar, so any series built from them would be silently gapped.
1012569/1012569    FATAL    fundamentals_alias_unresolved minority_interest: PARTIAL over 16 reportable quarters -- MinorityInterest 9/16 (56%, last 2017Q3); union 56%. the tags' union does not reach the 75% coverage bar, so any series built from them would be silently gapped.
1012569/1012569    FATAL    fundamentals_alias_unresolved cash: PARTIAL over 16 reportable quarters -- CashAndCashEquivalentsAtCarryingValue 9/16 (56%, last 2017Q3); union 56%. the tags' union does not reach the 75% coverage bar, so any series built from them would be silently gapped.
1012569/1012569    FATAL    fundamentals_alias_unresolved operating_cash_flow: PARTIAL over 16 reportable quarters -- NetCashProvidedByUsedInOperatingActivities 9/16 (56%, last 2017Q3); union 56%. the tags' union does not reach the 75% coverage bar, so any series built from them would be silently gapped.
1012569/1012569    FATAL    fundamentals_alias_unresolved eps_diluted: ABSENT over 16 reportable quarters -- (no tag has an in-window operating-form row); union 0%. no tag in this family has a single in-window row from an operating form (10-K/10-Q/8-K + /A). Non-operating forms -- DEF 14A proxy compensation tables above all -- are excluded by design and never count as coverage.
1012569/1012569    FATAL    fundamentals_alias_unresolved shares_outstanding: PARTIAL over 16 reportable quarters -- EntityCommonStockSharesOutstanding 9/16 (56%, last 2017Q3); union 56%. the tags' union does not reach the 75% coverage bar, so any series built from them would be silently gapped.
1018724/1018724    FATAL    fundamentals_alias_unresolved net_income_to_common: ABSENT over 44 reportable quarters -- (no tag has an in-window operating-form row); union 0%. no tag in this family has a single in-window row from an operating form (10-K/10-Q/8-K + /A). Non-operating forms -- DEF 14A proxy compensation tables above all -- are excluded by design and never count as coverage.
1018724/1018724    FATAL    fundamentals_alias_unresolved liabilities: ABSENT over 44 reportable quarters -- (no tag has an in-window operating-form row); union 0%. no tag in this family has a single in-window row from an operating form (10-K/10-Q/8-K + /A). Non-operating forms -- DEF 14A proxy compensation tables above all -- are excluded by design and never count as coverage.
1018724/1018724    FATAL    fundamentals_alias_unresolved minority_interest: ABSENT over 44 reportable quarters -- (no tag has an in-window operating-form row); union 0%. no tag in this family has a single in-window row from an operating form (10-K/10-Q/8-K + /A). Non-operating forms -- DEF 14A proxy compensation tables above all -- are excluded by design and never count as coverage.
1032208/1032208    FATAL    fundamentals_alias_unresolved operating_income: ABSENT over 44 reportable quarters -- (no tag has an in-window operating-form row); union 0%. no tag in this family has a single in-window row from an operating form (10-K/10-Q/8-K + /A). Non-operating forms -- DEF 14A proxy compensation tables above all -- are excluded by design and never count as coverage.
1032208/1032208    FATAL    fundamentals_alias_unresolved liabilities: ABSENT over 44 reportable quarters -- (no tag has an in-window operating-form row); union 0%. no tag in this family has a single in-window row from an operating form (10-K/10-Q/8-K + /A). Non-operating forms -- DEF 14A proxy compensation tables above all -- are excluded by design and never count as coverage.
1032208/1032208    FATAL    fundamentals_alias_unresolved minority_interest: PARTIAL over 44 reportable quarters -- MinorityInterest 6/44 (14%, last 2017Q4); union 14%. the tags' union does not reach the 75% coverage bar, so any series built from them would be silently gapped. It is below the 40% floor where F2_SPEC §5.3's PARTIAL band starts, and is reported as PARTIAL rather than ABSENT because the family does have in-window operating-form rows.
1034054/1034054    FATAL    fundamentals_alias_unresolved net_income_to_common: ABSENT over 16 reportable quarters -- (no tag has an in-window operating-form row); union 0%. no tag in this family has a single in-window row from an operating form (10-K/10-Q/8-K + /A). Non-operating forms -- DEF 14A proxy compensation tables above all -- are excluded by design and never count as coverage.
1034054/1034054    FATAL    fundamentals_alias_unresolved liabilities: ABSENT over 16 reportable quarters -- (no tag has an in-window operating-form row); union 0%. no tag in this family has a single in-window row from an operating form (10-K/10-Q/8-K + /A). Non-operating forms -- DEF 14A proxy compensation tables above all -- are excluded by design and never count as coverage.
1034054/1034054    FATAL    fundamentals_alias_unresolved minority_interest: ABSENT over 16 reportable quarters -- (no tag has an in-window operating-form row); union 0%. no tag in this family has a single in-window row from an operating form (10-K/10-Q/8-K + /A). Non-operating forms -- DEF 14A proxy compensation tables above all -- are excluded by design and never count as coverage.
1035002/1035002    FATAL    fundamentals_alias_unresolved liabilities: ABSENT over 44 reportable quarters -- (no tag has an in-window operating-form row); union 0%. no tag in this family has a single in-window row from an operating form (10-K/10-Q/8-K + /A). Non-operating forms -- DEF 14A proxy compensation tables above all -- are excluded by design and never count as coverage.
1035267/1035267    FATAL    fundamentals_alias_unresolved net_income_to_common: ABSENT over 36 reportable quarters -- (no tag has an in-window operating-form row); union 0%. no tag in this family has a single in-window row from an operating form (10-K/10-Q/8-K + /A). Non-operating forms -- DEF 14A proxy compensation tables above all -- are excluded by design and never count as coverage.
1038357/1038357    FATAL    fundamentals_alias_unresolved net_income_to_common: PARTIAL over 44 reportable quarters -- NetIncomeLossAvailableToCommonStockholdersBasic 29/44 (66%, last 2024Q1); union 66%. the tags' union does not reach the 75% coverage bar, so any series built from them would be silently gapped.
1038357/1038357    FATAL    fundamentals_alias_unresolved operating_income: ABSENT over 44 reportable quarters -- (no tag has an in-window operating-form row); union 0%. no tag in this family has a single in-window row from an operating form (10-K/10-Q/8-K + /A). Non-operating forms -- DEF 14A proxy compensation tables above all -- are excluded by design and never count as coverage.
1038357/1038357    FATAL    fundamentals_alias_unresolved liabilities: ABSENT over 44 reportable quarters -- (no tag has an in-window operating-form row); union 0%. no tag in this family has a single in-window row from an operating form (10-K/10-Q/8-K + /A). Non-operating forms -- DEF 14A proxy compensation tables above all -- are excluded by design and never count as coverage.
1038357/1038357    FATAL    fundamentals_alias_unresolved minority_interest: PARTIAL over 44 reportable quarters -- MinorityInterest 14/44 (32%, last 2018Q4); union 32%. the tags' union does not reach the 75% coverage bar, so any series built from them would be silently gapped. It is below the 40% floor where F2_SPEC §5.3's PARTIAL band starts, and is reported as PARTIAL rather than ABSENT because the family does have in-window operating-form rows.
1039684/1039684    FATAL    fundamentals_alias_unresolved liabilities: ABSENT over 40 reportable quarters -- (no tag has an in-window operating-form row); union 0%. no tag in this family has a single in-window row from an operating form (10-K/10-Q/8-K + /A). Non-operating forms -- DEF 14A proxy compensation tables above all -- are excluded by design and never count as coverage.
1039684/1039684    FATAL    fundamentals_alias_unresolved minority_interest: PARTIAL over 40 reportable quarters -- MinorityInterest 18/40 (45%, last 2026Q2); union 45%. the tags' union does not reach the 75% coverage bar, so any series built from them would be silently gapped.
1045810/1045810    FATAL    fundamentals_alias_unresolved net_income_to_common: ABSENT over 44 reportable quarters -- (no tag has an in-window operating-form row); union 0%. no tag in this family has a single in-window row from an operating form (10-K/10-Q/8-K + /A). Non-operating forms -- DEF 14A proxy compensation tables above all -- are excluded by design and never count as coverage.
1045810/1045810    FATAL    fundamentals_alias_unresolved minority_interest: ABSENT over 44 reportable quarters -- (no tag has an in-window operating-form row); union 0%. no tag in this family has a single in-window row from an operating form (10-K/10-Q/8-K + /A). Non-operating forms -- DEF 14A proxy compensation tables above all -- are excluded by design and never count as coverage.
1047122/1047122    FATAL    fundamentals_alias_unresolved revenue: PARTIAL over 24 reportable quarters -- Revenues 11/24 (46%, last 2019Q4); union 46%. the tags' union does not reach the 75% coverage bar, so any series built from them would be silently gapped.
1047122/1047122    FATAL    fundamentals_alias_unresolved net_income: PARTIAL over 24 reportable quarters -- NetIncomeLoss 15/24 (62%, last 2019Q4), ProfitLoss 15/24 (62%, last 2019Q4); union 62%. the tags' union does not reach the 75% coverage bar, so any series built from them would be silently gapped.
1047122/1047122    FATAL    fundamentals_alias_unresolved net_income_to_common: ABSENT over 24 reportable quarters -- (no tag has an in-window operating-form row); union 0%. no tag in this family has a single in-window row from an operating form (10-K/10-Q/8-K + /A). Non-operating forms -- DEF 14A proxy compensation tables above all -- are excluded by design and never count as coverage.
1047122/1047122    FATAL    fundamentals_alias_unresolved operating_income: PARTIAL over 24 reportable quarters -- OperatingIncomeLoss 15/24 (62%, last 2019Q4); union 62%. the tags' union does not reach the 75% coverage bar, so any series built from them would be silently gapped.
1047122/1047122    FATAL    fundamentals_alias_unresolved pretax_income: PARTIAL over 24 reportable quarters -- IncomeLossFromContinuingOperationsBeforeIncomeTaxesExtraordinaryItemsNoncontrollingInterest 15/24 (62%, last 2019Q4); union 62%. the tags' union does not reach the 75% coverage bar, so any series built from them would be silently gapped.
1047122/1047122    FATAL    fundamentals_alias_unresolved assets: PARTIAL over 24 reportable quarters -- Assets 15/24 (62%, last 2019Q4); union 62%. the tags' union does not reach the 75% coverage bar, so any series built from them would be silently gapped.
1047122/1047122    FATAL    fundamentals_alias_unresolved liabilities: ABSENT over 24 reportable quarters -- (no tag has an in-window operating-form row); union 0%. no tag in this family has a single in-window row from an operating form (10-K/10-Q/8-K + /A). Non-operating forms -- DEF 14A proxy compensation tables above all -- are excluded by design and never count as coverage.
1047122/1047122    FATAL    fundamentals_alias_unresolved liabilities_and_equity: PARTIAL over 24 reportable quarters -- LiabilitiesAndStockholdersEquity 15/24 (62%, last 2019Q4); union 62%. the tags' union does not reach the 75% coverage bar, so any series built from them would be silently gapped.
1047122/1047122    FATAL    fundamentals_alias_unresolved equity: PARTIAL over 24 reportable quarters -- StockholdersEquity 15/24 (62%, last 2019Q4), StockholdersEquityIncludingPortionAttributableToNoncontrollingInterest 15/24 (62%, last 2019Q4); union 62%. the tags' union does not reach the 75% coverage bar, so any series built from them would be silently gapped.
1047122/1047122    FATAL    fundamentals_alias_unresolved minority_interest: PARTIAL over 24 reportable quarters -- MinorityInterest 15/24 (62%, last 2019Q4); union 62%. the tags' union does not reach the 75% coverage bar, so any series built from them would be silently gapped.
1047122/1047122    FATAL    fundamentals_alias_unresolved cash: PARTIAL over 24 reportable quarters -- CashAndCashEquivalentsAtCarryingValue 15/24 (62%, last 2019Q4), CashCashEquivalentsRestrictedCashAndRestrictedCashEquivalents 13/24 (54%, last 2019Q4); union 62%. the tags' union does not reach the 75% coverage bar, so any series built from them would be silently gapped.
1047122/1047122    FATAL    fundamentals_alias_unresolved operating_cash_flow: PARTIAL over 24 reportable quarters -- NetCashProvidedByUsedInOperatingActivities 15/24 (62%, last 2019Q4), NetCashProvidedByUsedInOperatingActivitiesContinuingOperations 15/24 (62%, last 2019Q4); union 62%. the tags' union does not reach the 75% coverage bar, so any series built from them would be silently gapped.
1047122/1047122    FATAL    fundamentals_alias_unresolved eps_diluted: PARTIAL over 24 reportable quarters -- EarningsPerShareDiluted 15/24 (62%, last 2019Q4); union 62%. the tags' union does not reach the 75% coverage bar, so any series built from them would be silently gapped.
1047862/1047862    FATAL    fundamentals_alias_unresolved net_income_to_common: PARTIAL over 28 reportable quarters -- NetIncomeLossAvailableToCommonStockholdersBasic 1/28 (4%, last 2015Q3); union 4%. the tags' union does not reach the 75% coverage bar, so any series built from them would be silently gapped. It is below the 40% floor where F2_SPEC §5.3's PARTIAL band starts, and is reported as PARTIAL rather than ABSENT because the family does have in-window operating-form rows.
1047862/1047862    FATAL    fundamentals_alias_unresolved liabilities: ABSENT over 28 reportable quarters -- (no tag has an in-window operating-form row); union 0%. no tag in this family has a single in-window row from an operating form (10-K/10-Q/8-K + /A). Non-operating forms -- DEF 14A proxy compensation tables above all -- are excluded by design and never count as coverage.
1051470/1051470    FATAL    fundamentals_alias_unresolved net_income_to_common: PARTIAL over 44 reportable quarters -- NetIncomeLossAvailableToCommonStockholdersBasic 32/44 (73%, last 2024Q4); union 73%. the tags' union does not reach the 75% coverage bar, so any series built from them would be silently gapped.
1051470/1051470    FATAL    fundamentals_alias_unresolved pretax_income: OVERLAP over 44 reportable quarters -- IncomeLossFromContinuingOperationsBeforeIncomeTaxesMinorityInterestAndIncomeLossFromEquityMethodInvestments 29/44 (66%, last 2025Q4), IncomeLossFromContinuingOperationsBeforeIncomeTaxesExtraordinaryItemsNoncontrollingInterest 21/44 (48%, last 2026Q2); union 100%. two or more tags share quarters and NONE of them clears the 75% coverage bar, so there is no dominant tag to prefer and no migration pattern to follow -- genuine ambiguity. The classifier will not pick one, and there is no per-ticker override. F5 must refuse to build this series.
1051470/1051470    FATAL    fundamentals_alias_unresolved minority_interest: PARTIAL over 44 reportable quarters -- MinorityInterest 2/44 (5%, last 2015Q4); union 5%. the tags' union does not reach the 75% coverage bar, so any series built from them would be silently gapped. It is below the 40% floor where F2_SPEC §5.3's PARTIAL band starts, and is reported as PARTIAL rather than ABSENT because the family does have in-window operating-form rows.
1058290/1058290    FATAL    fundamentals_alias_unresolved net_income_to_common: ABSENT over 28 reportable quarters -- (no tag has an in-window operating-form row); union 0%. no tag in this family has a single in-window row from an operating form (10-K/10-Q/8-K + /A). Non-operating forms -- DEF 14A proxy compensation tables above all -- are excluded by design and never count as coverage.
1058290/1058290    FATAL    fundamentals_alias_unresolved minority_interest: ABSENT over 28 reportable quarters -- (no tag has an in-window operating-form row); union 0%. no tag in this family has a single in-window row from an operating form (10-K/10-Q/8-K + /A). Non-operating forms -- DEF 14A proxy compensation tables above all -- are excluded by design and never count as coverage.
1060391/1060391    FATAL    fundamentals_alias_unresolved net_income_to_common: ABSENT over 24 reportable quarters -- (no tag has an in-window operating-form row); union 0%. no tag in this family has a single in-window row from an operating form (10-K/10-Q/8-K + /A). Non-operating forms -- DEF 14A proxy compensation tables above all -- are excluded by design and never count as coverage.
1060391/1060391    FATAL    fundamentals_alias_unresolved liabilities: ABSENT over 24 reportable quarters -- (no tag has an in-window operating-form row); union 0%. no tag in this family has a single in-window row from an operating form (10-K/10-Q/8-K + /A). Non-operating forms -- DEF 14A proxy compensation tables above all -- are excluded by design and never count as coverage.
1061219/1061219    FATAL    fundamentals_alias_unresolved net_income_to_common: PARTIAL over 44 reportable quarters -- NetIncomeLossAvailableToCommonStockholdersBasic 29/44 (66%, last 2026Q2); union 66%. the tags' union does not reach the 75% coverage bar, so any series built from them would be silently gapped.
1061219/1061219    FATAL    fundamentals_alias_unresolved liabilities: ABSENT over 44 reportable quarters -- (no tag has an in-window operating-form row); union 0%. no tag in this family has a single in-window row from an operating form (10-K/10-Q/8-K + /A). Non-operating forms -- DEF 14A proxy compensation tables above all -- are excluded by design and never count as coverage.
1061219/1061219    FATAL    fundamentals_alias_unresolved equity: ABSENT over 44 reportable quarters -- (no tag has an in-window operating-form row); union 0%. no tag in this family has a single in-window row from an operating form (10-K/10-Q/8-K + /A). Non-operating forms -- DEF 14A proxy compensation tables above all -- are excluded by design and never count as coverage.
1061219/1061219    FATAL    fundamentals_alias_unresolved minority_interest: PARTIAL over 44 reportable quarters -- MinorityInterest 2/44 (5%, last 2019Q3); union 5%. the tags' union does not reach the 75% coverage bar, so any series built from them would be silently gapped. It is below the 40% floor where F2_SPEC §5.3's PARTIAL band starts, and is reported as PARTIAL rather than ABSENT because the family does have in-window operating-form rows.
1061219/1061219    FATAL    fundamentals_alias_unresolved eps_diluted: ABSENT over 44 reportable quarters -- (no tag has an in-window operating-form row); union 0%. no tag in this family has a single in-window row from an operating form (10-K/10-Q/8-K + /A). Non-operating forms -- DEF 14A proxy compensation tables above all -- are excluded by design and never count as coverage.
1063761/1063761    FATAL    fundamentals_alias_unresolved pretax_income: ABSENT over 44 reportable quarters -- (no tag has an in-window operating-form row); union 0%. no tag in this family has a single in-window row from an operating form (10-K/10-Q/8-K + /A). Non-operating forms -- DEF 14A proxy compensation tables above all -- are excluded by design and never count as coverage.
1063761/1063761    FATAL    fundamentals_alias_unresolved shares_outstanding: ABSENT over 44 reportable quarters -- (no tag has an in-window operating-form row); union 0%. no tag in this family has a single in-window row from an operating form (10-K/10-Q/8-K + /A). Non-operating forms -- DEF 14A proxy compensation tables above all -- are excluded by design and never count as coverage.
1065088/1065088    FATAL    fundamentals_alias_unresolved revenue: ABSENT over 12 reportable quarters -- (no tag has an in-window operating-form row); union 0%. no tag in this family has a single in-window row from an operating form (10-K/10-Q/8-K + /A). Non-operating forms -- DEF 14A proxy compensation tables above all -- are excluded by design and never count as coverage.
1065088/1065088    FATAL    fundamentals_alias_unresolved net_income_to_common: ABSENT over 12 reportable quarters -- (no tag has an in-window operating-form row); union 0%. no tag in this family has a single in-window row from an operating form (10-K/10-Q/8-K + /A). Non-operating forms -- DEF 14A proxy compensation tables above all -- are excluded by design and never count as coverage.
1065088/1065088    FATAL    fundamentals_alias_unresolved minority_interest: ABSENT over 12 reportable quarters -- (no tag has an in-window operating-form row); union 0%. no tag in this family has a single in-window row from an operating form (10-K/10-Q/8-K + /A). Non-operating forms -- DEF 14A proxy compensation tables above all -- are excluded by design and never count as coverage.
1065280/1065280    FATAL    fundamentals_alias_unresolved net_income_to_common: PARTIAL over 40 reportable quarters -- NetIncomeLossAvailableToCommonStockholdersBasic 4/40 (10%, last 2022Q3); union 10%. the tags' union does not reach the 75% coverage bar, so any series built from them would be silently gapped. It is below the 40% floor where F2_SPEC §5.3's PARTIAL band starts, and is reported as PARTIAL rather than ABSENT because the family does have in-window operating-form rows.
1065280/1065280    FATAL    fundamentals_alias_unresolved minority_interest: ABSENT over 40 reportable quarters -- (no tag has an in-window operating-form row); union 0%. no tag in this family has a single in-window row from an operating form (10-K/10-Q/8-K + /A). Non-operating forms -- DEF 14A proxy compensation tables above all -- are excluded by design and never count as coverage.
1067983/1067983    FATAL    fundamentals_alias_unresolved net_income_to_common: ABSENT over 44 reportable quarters -- (no tag has an in-window operating-form row); union 0%. no tag in this family has a single in-window row from an operating form (10-K/10-Q/8-K + /A). Non-operating forms -- DEF 14A proxy compensation tables above all -- are excluded by design and never count as coverage.
1067983/1067983    FATAL    fundamentals_alias_unresolved operating_income: ABSENT over 44 reportable quarters -- (no tag has an in-window operating-form row); union 0%. no tag in this family has a single in-window row from an operating form (10-K/10-Q/8-K + /A). Non-operating forms -- DEF 14A proxy compensation tables above all -- are excluded by design and never count as coverage.
1067983/1067983    FATAL    fundamentals_alias_unresolved eps_diluted: ABSENT over 44 reportable quarters -- (no tag has an in-window operating-form row); union 0%. no tag in this family has a single in-window row from an operating form (10-K/10-Q/8-K + /A). Non-operating forms -- DEF 14A proxy compensation tables above all -- are excluded by design and never count as coverage.
1067983/1067983    FATAL    fundamentals_alias_unresolved shares_outstanding: ABSENT over 44 reportable quarters -- (no tag has an in-window operating-form row); union 0%. no tag in this family has a single in-window row from an operating form (10-K/10-Q/8-K + /A). Non-operating forms -- DEF 14A proxy compensation tables above all -- are excluded by design and never count as coverage.
1075531/1075531    FATAL    fundamentals_alias_unresolved net_income: PARTIAL over 44 reportable quarters -- ProfitLoss 2/44 (5%, last 2015Q4); union 5%. the tags' union does not reach the 75% coverage bar, so any series built from them would be silently gapped. It is below the 40% floor where F2_SPEC §5.3's PARTIAL band starts, and is reported as PARTIAL rather than ABSENT because the family does have in-window operating-form rows.
1075531/1075531    FATAL    fundamentals_alias_unresolved minority_interest: ABSENT over 44 reportable quarters -- (no tag has an in-window operating-form row); union 0%. no tag in this family has a single in-window row from an operating form (10-K/10-Q/8-K + /A). Non-operating forms -- DEF 14A proxy compensation tables above all -- are excluded by design and never count as coverage.
1090012/1090012    FATAL    fundamentals_alias_unresolved net_income_to_common: ABSENT over 44 reportable quarters -- (no tag has an in-window operating-form row); union 0%. no tag in this family has a single in-window row from an operating form (10-K/10-Q/8-K + /A). Non-operating forms -- DEF 14A proxy compensation tables above all -- are excluded by design and never count as coverage.
1090012/1090012    FATAL    fundamentals_alias_unresolved operating_income: PARTIAL over 44 reportable quarters -- OperatingIncomeLoss 9/44 (20%, last 2017Q3); union 20%. the tags' union does not reach the 75% coverage bar, so any series built from them would be silently gapped. It is below the 40% floor where F2_SPEC §5.3's PARTIAL band starts, and is reported as PARTIAL rather than ABSENT because the family does have in-window operating-form rows.
1090012/1090012    FATAL    fundamentals_alias_unresolved liabilities: ABSENT over 44 reportable quarters -- (no tag has an in-window operating-form row); union 0%. no tag in this family has a single in-window row from an operating form (10-K/10-Q/8-K + /A). Non-operating forms -- DEF 14A proxy compensation tables above all -- are excluded by design and never count as coverage.
1090727/1090727    FATAL    fundamentals_alias_unresolved net_income_to_common: ABSENT over 44 reportable quarters -- (no tag has an in-window operating-form row); union 0%. no tag in this family has a single in-window row from an operating form (10-K/10-Q/8-K + /A). Non-operating forms -- DEF 14A proxy compensation tables above all -- are excluded by design and never count as coverage.
1090727/1090727    FATAL    fundamentals_alias_unresolved liabilities: ABSENT over 44 reportable quarters -- (no tag has an in-window operating-form row); union 0%. no tag in this family has a single in-window row from an operating form (10-K/10-Q/8-K + /A). Non-operating forms -- DEF 14A proxy compensation tables above all -- are excluded by design and never count as coverage.
1090727/1090727    FATAL    fundamentals_alias_unresolved shares_outstanding: ABSENT over 44 reportable quarters -- (no tag has an in-window operating-form row); union 0%. no tag in this family has a single in-window row from an operating form (10-K/10-Q/8-K + /A). Non-operating forms -- DEF 14A proxy compensation tables above all -- are excluded by design and never count as coverage.
1091667/1091667    FATAL    fundamentals_alias_unresolved net_income_to_common: ABSENT over 36 reportable quarters -- (no tag has an in-window operating-form row); union 0%. no tag in this family has a single in-window row from an operating form (10-K/10-Q/8-K + /A). Non-operating forms -- DEF 14A proxy compensation tables above all -- are excluded by design and never count as coverage.
1091667/1091667    FATAL    fundamentals_alias_unresolved liabilities: ABSENT over 36 reportable quarters -- (no tag has an in-window operating-form row); union 0%. no tag in this family has a single in-window row from an operating form (10-K/10-Q/8-K + /A). Non-operating forms -- DEF 14A proxy compensation tables above all -- are excluded by design and never count as coverage.
1091667/1091667    FATAL    fundamentals_alias_unresolved shares_outstanding: PARTIAL over 36 reportable quarters -- EntityCommonStockSharesOutstanding 4/36 (11%, last 2016Q2); union 11%. the tags' union does not reach the 75% coverage bar, so any series built from them would be silently gapped. It is below the 40% floor where F2_SPEC §5.3's PARTIAL band starts, and is reported as PARTIAL rather than ABSENT because the family does have in-window operating-form rows.
1099219/1099219    FATAL    fundamentals_alias_unresolved operating_income: ABSENT over 28 reportable quarters -- (no tag has an in-window operating-form row); union 0%. no tag in this family has a single in-window row from an operating form (10-K/10-Q/8-K + /A). Non-operating forms -- DEF 14A proxy compensation tables above all -- are excluded by design and never count as coverage.
1099590/1099590    FATAL    fundamentals_alias_unresolved net_income_to_common: PARTIAL over 24 reportable quarters -- NetIncomeLossAvailableToCommonStockholdersBasic 18/24 (75%, last 2024Q4) [STALE]; union 75%. every tag that cleared the 75% coverage bar is STALE -- its coverage stops more than 2 quarter(s) before 2026Q2, this company's own last quarter with fundamentals data. A tag can clear a bar computed over an 11-year window and still have died years ago; resolving to it is exactly how E1 froze JNJ's operating income at 2015. Stale: NetIncomeLossAvailableToCommonStockholdersBasic.
1099590/1099590    FATAL    fundamentals_alias_unresolved minority_interest: ABSENT over 24 reportable quarters -- (no tag has an in-window operating-form row); union 0%. no tag in this family has a single in-window row from an operating form (10-K/10-Q/8-K + /A). Non-operating forms -- DEF 14A proxy compensation tables above all -- are excluded by design and never count as coverage.
1099800/1099800    FATAL    fundamentals_alias_unresolved net_income: PARTIAL over 16 reportable quarters -- ProfitLoss 11/16 (69%, last 2024Q2), NetIncomeLoss 10/16 (62%, last 2024Q2); union 69%. the tags' union does not reach the 75% coverage bar, so any series built from them would be silently gapped.
1099800/1099800    FATAL    fundamentals_alias_unresolved minority_interest: PARTIAL over 16 reportable quarters -- MinorityInterest 7/16 (44%, last 2024Q2); union 44%. the tags' union does not reach the 75% coverage bar, so any series built from them would be silently gapped.
1101239/1101239    FATAL    fundamentals_alias_unresolved net_income_to_common: PARTIAL over 44 reportable quarters -- NetIncomeLossAvailableToCommonStockholdersBasic 9/44 (20%, last 2026Q2); union 20%. the tags' union does not reach the 75% coverage bar, so any series built from them would be silently gapped. It is below the 40% floor where F2_SPEC §5.3's PARTIAL band starts, and is reported as PARTIAL rather than ABSENT because the family does have in-window operating-form rows.
1101239/1101239    FATAL    fundamentals_alias_unresolved minority_interest: PARTIAL over 44 reportable quarters -- MinorityInterest 29/44 (66%, last 2026Q2); union 66%. the tags' union does not reach the 75% coverage bar, so any series built from them would be silently gapped.
1103982/1103982    FATAL    fundamentals_alias_unresolved net_income_to_common: ABSENT over 44 reportable quarters -- (no tag has an in-window operating-form row); union 0%. no tag in this family has a single in-window row from an operating form (10-K/10-Q/8-K + /A). Non-operating forms -- DEF 14A proxy compensation tables above all -- are excluded by design and never count as coverage.
1103982/1103982    FATAL    fundamentals_alias_unresolved cash: PARTIAL over 44 reportable quarters -- CashCashEquivalentsRestrictedCashAndRestrictedCashEquivalents 32/44 (73%, last 2026Q1); union 73%. the tags' union does not reach the 75% coverage bar, so any series built from them would be silently gapped.
1105705/1105705    FATAL    fundamentals_alias_unresolved revenue: PARTIAL over 20 reportable quarters -- Revenues 11/20 (55%, last 2018Q1), RevenueFromContractWithCustomerExcludingAssessedTax 1/20 (5%, last 2018Q1); union 55%. the tags' union does not reach the 75% coverage bar, so any series built from them would be silently gapped.
1105705/1105705    FATAL    fundamentals_alias_unresolved net_income: PARTIAL over 20 reportable quarters -- NetIncomeLoss 11/20 (55%, last 2018Q1), ProfitLoss 11/20 (55%, last 2018Q1); union 55%. the tags' union does not reach the 75% coverage bar, so any series built from them would be silently gapped.
1105705/1105705    FATAL    fundamentals_alias_unresolved net_income_to_common: ABSENT over 20 reportable quarters -- (no tag has an in-window operating-form row); union 0%. no tag in this family has a single in-window row from an operating form (10-K/10-Q/8-K + /A). Non-operating forms -- DEF 14A proxy compensation tables above all -- are excluded by design and never count as coverage.
1105705/1105705    FATAL    fundamentals_alias_unresolved operating_income: PARTIAL over 20 reportable quarters -- OperatingIncomeLoss 11/20 (55%, last 2018Q1); union 55%. the tags' union does not reach the 75% coverage bar, so any series built from them would be silently gapped.
1105705/1105705    FATAL    fundamentals_alias_unresolved pretax_income: PARTIAL over 20 reportable quarters -- IncomeLossFromContinuingOperationsBeforeIncomeTaxesExtraordinaryItemsNoncontrollingInterest 11/20 (55%, last 2018Q1); union 55%. the tags' union does not reach the 75% coverage bar, so any series built from them would be silently gapped.
1105705/1105705    FATAL    fundamentals_alias_unresolved assets: PARTIAL over 20 reportable quarters -- Assets 11/20 (55%, last 2018Q1); union 55%. the tags' union does not reach the 75% coverage bar, so any series built from them would be silently gapped.
1105705/1105705    FATAL    fundamentals_alias_unresolved liabilities: PARTIAL over 20 reportable quarters -- Liabilities 2/20 (10%, last 2018Q1); union 10%. the tags' union does not reach the 75% coverage bar, so any series built from them would be silently gapped. It is below the 40% floor where F2_SPEC §5.3's PARTIAL band starts, and is reported as PARTIAL rather than ABSENT because the family does have in-window operating-form rows.
1105705/1105705    FATAL    fundamentals_alias_unresolved liabilities_and_equity: PARTIAL over 20 reportable quarters -- LiabilitiesAndStockholdersEquity 11/20 (55%, last 2018Q1); union 55%. the tags' union does not reach the 75% coverage bar, so any series built from them would be silently gapped.
1105705/1105705    FATAL    fundamentals_alias_unresolved equity: PARTIAL over 20 reportable quarters -- StockholdersEquityIncludingPortionAttributableToNoncontrollingInterest 11/20 (55%, last 2018Q1), StockholdersEquity 10/20 (50%, last 2018Q1); union 55%. the tags' union does not reach the 75% coverage bar, so any series built from them would be silently gapped.
1105705/1105705    FATAL    fundamentals_alias_unresolved minority_interest: PARTIAL over 20 reportable quarters -- MinorityInterest 10/20 (50%, last 2018Q1); union 50%. the tags' union does not reach the 75% coverage bar, so any series built from them would be silently gapped.
1105705/1105705    FATAL    fundamentals_alias_unresolved cash: PARTIAL over 20 reportable quarters -- CashAndCashEquivalentsAtCarryingValue 11/20 (55%, last 2018Q1); union 55%. the tags' union does not reach the 75% coverage bar, so any series built from them would be silently gapped.
1105705/1105705    FATAL    fundamentals_alias_unresolved operating_cash_flow: PARTIAL over 20 reportable quarters -- NetCashProvidedByUsedInOperatingActivities 11/20 (55%, last 2018Q1), NetCashProvidedByUsedInOperatingActivitiesContinuingOperations 11/20 (55%, last 2018Q1); union 55%. the tags' union does not reach the 75% coverage bar, so any series built from them would be silently gapped.
1105705/1105705    FATAL    fundamentals_alias_unresolved eps_diluted: PARTIAL over 20 reportable quarters -- EarningsPerShareDiluted 11/20 (55%, last 2018Q1); union 55%. the tags' union does not reach the 75% coverage bar, so any series built from them would be silently gapped.
1105705/1105705    FATAL    fundamentals_alias_unresolved shares_outstanding: PARTIAL over 20 reportable quarters -- EntityCommonStockSharesOutstanding 12/20 (60%, last 2018Q2); union 60%. the tags' union does not reach the 75% coverage bar, so any series built from them would be silently gapped.
1108524/1108524    FATAL    fundamentals_alias_unresolved net_income_to_common: ABSENT over 44 reportable quarters -- (no tag has an in-window operating-form row); union 0%. no tag in this family has a single in-window row from an operating form (10-K/10-Q/8-K + /A). Non-operating forms -- DEF 14A proxy compensation tables above all -- are excluded by design and never count as coverage.
1108524/1108524    FATAL    fundamentals_alias_unresolved minority_interest: ABSENT over 44 reportable quarters -- (no tag has an in-window operating-form row); union 0%. no tag in this family has a single in-window row from an operating form (10-K/10-Q/8-K + /A). Non-operating forms -- DEF 14A proxy compensation tables above all -- are excluded by design and never count as coverage.
1109357/1109357    FATAL    fundamentals_alias_unresolved minority_interest: PARTIAL over 44 reportable quarters -- MinorityInterest 30/44 (68%, last 2022Q4); union 68%. the tags' union does not reach the 75% coverage bar, so any series built from them would be silently gapped.
1110803/1110803    FATAL    fundamentals_alias_unresolved net_income_to_common: ABSENT over 16 reportable quarters -- (no tag has an in-window operating-form row); union 0%. no tag in this family has a single in-window row from an operating form (10-K/10-Q/8-K + /A). Non-operating forms -- DEF 14A proxy compensation tables above all -- are excluded by design and never count as coverage.
1110803/1110803    FATAL    fundamentals_alias_unresolved liabilities: ABSENT over 16 reportable quarters -- (no tag has an in-window operating-form row); union 0%. no tag in this family has a single in-window row from an operating form (10-K/10-Q/8-K + /A). Non-operating forms -- DEF 14A proxy compensation tables above all -- are excluded by design and never count as coverage.
1110803/1110803    FATAL    fundamentals_alias_unresolved minority_interest: PARTIAL over 16 reportable quarters -- MinorityInterest 5/16 (31%, last 2019Q4); union 31%. the tags' union does not reach the 75% coverage bar, so any series built from them would be silently gapped. It is below the 40% floor where F2_SPEC §5.3's PARTIAL band starts, and is reported as PARTIAL rather than ABSENT because the family does have in-window operating-form rows.
1122304/1122304    FATAL    fundamentals_alias_unresolved revenue: PARTIAL over 20 reportable quarters -- Revenues 13/20 (65%, last 2018Q3); union 65%. the tags' union does not reach the 75% coverage bar, so any series built from them would be silently gapped.
1122304/1122304    FATAL    fundamentals_alias_unresolved net_income: PARTIAL over 20 reportable quarters -- NetIncomeLoss 13/20 (65%, last 2018Q3), ProfitLoss 13/20 (65%, last 2018Q3); union 65%. the tags' union does not reach the 75% coverage bar, so any series built from them would be silently gapped.
1122304/1122304    FATAL    fundamentals_alias_unresolved net_income_to_common: ABSENT over 20 reportable quarters -- (no tag has an in-window operating-form row); union 0%. no tag in this family has a single in-window row from an operating form (10-K/10-Q/8-K + /A). Non-operating forms -- DEF 14A proxy compensation tables above all -- are excluded by design and never count as coverage.
1122304/1122304    FATAL    fundamentals_alias_unresolved operating_income: ABSENT over 20 reportable quarters -- (no tag has an in-window operating-form row); union 0%. no tag in this family has a single in-window row from an operating form (10-K/10-Q/8-K + /A). Non-operating forms -- DEF 14A proxy compensation tables above all -- are excluded by design and never count as coverage.
1122304/1122304    FATAL    fundamentals_alias_unresolved pretax_income: PARTIAL over 20 reportable quarters -- IncomeLossFromContinuingOperationsBeforeIncomeTaxesMinorityInterestAndIncomeLossFromEquityMethodInvestments 13/20 (65%, last 2018Q3); union 65%. the tags' union does not reach the 75% coverage bar, so any series built from them would be silently gapped.
1122304/1122304    FATAL    fundamentals_alias_unresolved assets: PARTIAL over 20 reportable quarters -- Assets 13/20 (65%, last 2018Q3); union 65%. the tags' union does not reach the 75% coverage bar, so any series built from them would be silently gapped.
1122304/1122304    FATAL    fundamentals_alias_unresolved liabilities: PARTIAL over 20 reportable quarters -- Liabilities 13/20 (65%, last 2018Q3); union 65%. the tags' union does not reach the 75% coverage bar, so any series built from them would be silently gapped.
1122304/1122304    FATAL    fundamentals_alias_unresolved liabilities_and_equity: PARTIAL over 20 reportable quarters -- LiabilitiesAndStockholdersEquity 13/20 (65%, last 2018Q3); union 65%. the tags' union does not reach the 75% coverage bar, so any series built from them would be silently gapped.
1122304/1122304    FATAL    fundamentals_alias_unresolved equity: PARTIAL over 20 reportable quarters -- StockholdersEquity 13/20 (65%, last 2018Q3), StockholdersEquityIncludingPortionAttributableToNoncontrollingInterest 13/20 (65%, last 2018Q3); union 65%. the tags' union does not reach the 75% coverage bar, so any series built from them would be silently gapped.
1122304/1122304    FATAL    fundamentals_alias_unresolved minority_interest: PARTIAL over 20 reportable quarters -- MinorityInterest 13/20 (65%, last 2018Q3); union 65%. the tags' union does not reach the 75% coverage bar, so any series built from them would be silently gapped.
1122304/1122304    FATAL    fundamentals_alias_unresolved cash: PARTIAL over 20 reportable quarters -- CashAndCashEquivalentsAtCarryingValue 13/20 (65%, last 2018Q3); union 65%. the tags' union does not reach the 75% coverage bar, so any series built from them would be silently gapped.
1122304/1122304    FATAL    fundamentals_alias_unresolved operating_cash_flow: PARTIAL over 20 reportable quarters -- NetCashProvidedByUsedInOperatingActivities 13/20 (65%, last 2018Q3); union 65%. the tags' union does not reach the 75% coverage bar, so any series built from them would be silently gapped.
1122304/1122304    FATAL    fundamentals_alias_unresolved eps_diluted: PARTIAL over 20 reportable quarters -- EarningsPerShareDiluted 13/20 (65%, last 2018Q3); union 65%. the tags' union does not reach the 75% coverage bar, so any series built from them would be silently gapped.
1122304/1122304    FATAL    fundamentals_alias_unresolved shares_outstanding: PARTIAL over 20 reportable quarters -- EntityCommonStockSharesOutstanding 10/20 (50%, last 2018Q3); union 50%. the tags' union does not reach the 75% coverage bar, so any series built from them would be silently gapped.
1123360/1123360    FATAL    fundamentals_alias_unresolved net_income_to_common: ABSENT over 16 reportable quarters -- (no tag has an in-window operating-form row); union 0%. no tag in this family has a single in-window row from an operating form (10-K/10-Q/8-K + /A). Non-operating forms -- DEF 14A proxy compensation tables above all -- are excluded by design and never count as coverage.
1126975/1126975    FATAL    fundamentals_alias_unresolved net_income_to_common: ABSENT over 32 reportable quarters -- (no tag has an in-window operating-form row); union 0%. no tag in this family has a single in-window row from an operating form (10-K/10-Q/8-K + /A). Non-operating forms -- DEF 14A proxy compensation tables above all -- are excluded by design and never count as coverage.
1126975/1126975    FATAL    fundamentals_alias_unresolved liabilities: ABSENT over 32 reportable quarters -- (no tag has an in-window operating-form row); union 0%. no tag in this family has a single in-window row from an operating form (10-K/10-Q/8-K + /A). Non-operating forms -- DEF 14A proxy compensation tables above all -- are excluded by design and never count as coverage.
1126975/1126975    FATAL    fundamentals_alias_unresolved equity: ABSENT over 32 reportable quarters -- (no tag has an in-window operating-form row); union 0%. no tag in this family has a single in-window row from an operating form (10-K/10-Q/8-K + /A). Non-operating forms -- DEF 14A proxy compensation tables above all -- are excluded by design and never count as coverage.
1126975/1126975    FATAL    fundamentals_alias_unresolved minority_interest: ABSENT over 32 reportable quarters -- (no tag has an in-window operating-form row); union 0%. no tag in this family has a single in-window row from an operating form (10-K/10-Q/8-K + /A). Non-operating forms -- DEF 14A proxy compensation tables above all -- are excluded by design and never count as coverage.
1126975/1126975    FATAL    fundamentals_alias_unresolved eps_diluted: ABSENT over 32 reportable quarters -- (no tag has an in-window operating-form row); union 0%. no tag in this family has a single in-window row from an operating form (10-K/10-Q/8-K + /A). Non-operating forms -- DEF 14A proxy compensation tables above all -- are excluded by design and never count as coverage.
1133421/1133421    FATAL    fundamentals_alias_unresolved net_income_to_common: ABSENT over 40 reportable quarters -- (no tag has an in-window operating-form row); union 0%. no tag in this family has a single in-window row from an operating form (10-K/10-Q/8-K + /A). Non-operating forms -- DEF 14A proxy compensation tables above all -- are excluded by design and never count as coverage.
1133421/1133421    FATAL    fundamentals_alias_unresolved minority_interest: ABSENT over 40 reportable quarters -- (no tag has an in-window operating-form row); union 0%. no tag in this family has a single in-window row from an operating form (10-K/10-Q/8-K + /A). Non-operating forms -- DEF 14A proxy compensation tables above all -- are excluded by design and never count as coverage.
1136893/1136893    FATAL    fundamentals_alias_unresolved net_income_to_common: ABSENT over 20 reportable quarters -- (no tag has an in-window operating-form row); union 0%. no tag in this family has a single in-window row from an operating form (10-K/10-Q/8-K + /A). Non-operating forms -- DEF 14A proxy compensation tables above all -- are excluded by design and never count as coverage.
1137774/1137774    FATAL    fundamentals_alias_unresolved operating_income: ABSENT over 20 reportable quarters -- (no tag has an in-window operating-form row); union 0%. no tag in this family has a single in-window row from an operating form (10-K/10-Q/8-K + /A). Non-operating forms -- DEF 14A proxy compensation tables above all -- are excluded by design and never count as coverage.
1137789/1137789    FATAL    fundamentals_alias_unresolved revenue: PARTIAL over 12 reportable quarters -- Revenues 3/12 (25%, last 2018Q2); union 25%. the tags' union does not reach the 75% coverage bar, so any series built from them would be silently gapped. It is below the 40% floor where F2_SPEC §5.3's PARTIAL band starts, and is reported as PARTIAL rather than ABSENT because the family does have in-window operating-form rows.
1137789/1137789    FATAL    fundamentals_alias_unresolved net_income_to_common: ABSENT over 12 reportable quarters -- (no tag has an in-window operating-form row); union 0%. no tag in this family has a single in-window row from an operating form (10-K/10-Q/8-K + /A). Non-operating forms -- DEF 14A proxy compensation tables above all -- are excluded by design and never count as coverage.
1137789/1137789    FATAL    fundamentals_alias_unresolved minority_interest: PARTIAL over 12 reportable quarters -- MinorityInterest 2/12 (17%, last 2016Q3); union 17%. the tags' union does not reach the 75% coverage bar, so any series built from them would be silently gapped. It is below the 40% floor where F2_SPEC §5.3's PARTIAL band starts, and is reported as PARTIAL rather than ABSENT because the family does have in-window operating-form rows.
1141391/1141391    FATAL    fundamentals_alias_unresolved net_income_to_common: ABSENT over 44 reportable quarters -- (no tag has an in-window operating-form row); union 0%. no tag in this family has a single in-window row from an operating form (10-K/10-Q/8-K + /A). Non-operating forms -- DEF 14A proxy compensation tables above all -- are excluded by design and never count as coverage.
1141391/1141391    FATAL    fundamentals_alias_unresolved shares_outstanding: ABSENT over 44 reportable quarters -- (no tag has an in-window operating-form row); union 0%. no tag in this family has a single in-window row from an operating form (10-K/10-Q/8-K + /A). Non-operating forms -- DEF 14A proxy compensation tables above all -- are excluded by design and never count as coverage.
1156039/1156039    FATAL    fundamentals_alias_unresolved net_income_to_common: ABSENT over 44 reportable quarters -- (no tag has an in-window operating-form row); union 0%. no tag in this family has a single in-window row from an operating form (10-K/10-Q/8-K + /A). Non-operating forms -- DEF 14A proxy compensation tables above all -- are excluded by design and never count as coverage.
1156039/1156039    FATAL    fundamentals_alias_unresolved minority_interest: PARTIAL over 44 reportable quarters -- MinorityInterest 23/44 (52%, last 2026Q2); union 52%. the tags' union does not reach the 75% coverage bar, so any series built from them would be silently gapped.
1156375/1156375    FATAL    fundamentals_alias_unresolved net_income_to_common: PARTIAL over 40 reportable quarters -- NetIncomeLossAvailableToCommonStockholdersBasic 24/40 (60%, last 2026Q2); union 60%. the tags' union does not reach the 75% coverage bar, so any series built from them would be silently gapped.
1156375/1156375    FATAL    fundamentals_alias_unresolved minority_interest: PARTIAL over 40 reportable quarters -- MinorityInterest 14/40 (35%, last 2021Q4); union 35%. the tags' union does not reach the 75% coverage bar, so any series built from them would be silently gapped. It is below the 40% floor where F2_SPEC §5.3's PARTIAL band starts, and is reported as PARTIAL rather than ABSENT because the family does have in-window operating-form rows.
1156375/1156375    FATAL    fundamentals_alias_unresolved shares_outstanding: ABSENT over 40 reportable quarters -- (no tag has an in-window operating-form row); union 0%. no tag in this family has a single in-window row from an operating form (10-K/10-Q/8-K + /A). Non-operating forms -- DEF 14A proxy compensation tables above all -- are excluded by design and never count as coverage.
1161154/1161154    FATAL    fundamentals_alias_unresolved net_income_to_common: PARTIAL over 20 reportable quarters -- NetIncomeLossAvailableToCommonStockholdersBasic 2/20 (10%, last 2018Q2); union 10%. the tags' union does not reach the 75% coverage bar, so any series built from them would be silently gapped. It is below the 40% floor where F2_SPEC §5.3's PARTIAL band starts, and is reported as PARTIAL rather than ABSENT because the family does have in-window operating-form rows.
1161154/1161154    FATAL    fundamentals_alias_unresolved liabilities: PARTIAL over 20 reportable quarters -- Liabilities 3/20 (15%, last 2017Q1); union 15%. the tags' union does not reach the 75% coverage bar, so any series built from them would be silently gapped. It is below the 40% floor where F2_SPEC §5.3's PARTIAL band starts, and is reported as PARTIAL rather than ABSENT because the family does have in-window operating-form rows.
1161154/1161154    FATAL    fundamentals_alias_unresolved minority_interest: PARTIAL over 20 reportable quarters -- MinorityInterest 8/20 (40%, last 2020Q4); union 40%. the tags' union does not reach the 75% coverage bar, so any series built from them would be silently gapped.
1161154/1161154    FATAL    fundamentals_alias_unresolved eps_diluted: ABSENT over 20 reportable quarters -- (no tag has an in-window operating-form row); union 0%. no tag in this family has a single in-window row from an operating form (10-K/10-Q/8-K + /A). Non-operating forms -- DEF 14A proxy compensation tables above all -- are excluded by design and never count as coverage.
1161154/1161154    FATAL    fundamentals_alias_unresolved shares_outstanding: PARTIAL over 20 reportable quarters -- EntityCommonStockSharesOutstanding 14/20 (70%, last 2020Q4); union 70%. the tags' union does not reach the 75% coverage bar, so any series built from them would be silently gapped.
1163165/1163165    FATAL    fundamentals_alias_unresolved net_income_to_common: PARTIAL over 44 reportable quarters -- NetIncomeLossAvailableToCommonStockholdersBasic 20/44 (45%, last 2026Q2); union 45%. the tags' union does not reach the 75% coverage bar, so any series built from them would be silently gapped.
1163165/1163165    FATAL    fundamentals_alias_unresolved operating_income: ABSENT over 44 reportable quarters -- (no tag has an in-window operating-form row); union 0%. no tag in this family has a single in-window row from an operating form (10-K/10-Q/8-K + /A). Non-operating forms -- DEF 14A proxy compensation tables above all -- are excluded by design and never count as coverage.
1163165/1163165    FATAL    fundamentals_alias_unresolved minority_interest: PARTIAL over 44 reportable quarters -- MinorityInterest 23/44 (52%, last 2021Q1); union 52%. the tags' union does not reach the 75% coverage bar, so any series built from them would be silently gapped.
1164727/1164727    FATAL    fundamentals_alias_unresolved net_income_to_common: PARTIAL over 32 reportable quarters -- NetIncomeLossAvailableToCommonStockholdersBasic 6/32 (19%, last 2019Q4); union 19%. the tags' union does not reach the 75% coverage bar, so any series built from them would be silently gapped. It is below the 40% floor where F2_SPEC §5.3's PARTIAL band starts, and is reported as PARTIAL rather than ABSENT because the family does have in-window operating-form rows.
1164727/1164727    FATAL    fundamentals_alias_unresolved operating_income: ABSENT over 32 reportable quarters -- (no tag has an in-window operating-form row); union 0%. no tag in this family has a single in-window row from an operating form (10-K/10-Q/8-K + /A). Non-operating forms -- DEF 14A proxy compensation tables above all -- are excluded by design and never count as coverage.
1166691/1166691    FATAL    fundamentals_alias_unresolved net_income_to_common: ABSENT over 44 reportable quarters -- (no tag has an in-window operating-form row); union 0%. no tag in this family has a single in-window row from an operating form (10-K/10-Q/8-K + /A). Non-operating forms -- DEF 14A proxy compensation tables above all -- are excluded by design and never count as coverage.
1166691/1166691    FATAL    fundamentals_alias_unresolved liabilities: ABSENT over 44 reportable quarters -- (no tag has an in-window operating-form row); union 0%. no tag in this family has a single in-window row from an operating form (10-K/10-Q/8-K + /A). Non-operating forms -- DEF 14A proxy compensation tables above all -- are excluded by design and never count as coverage.
1166691/1166691    FATAL    fundamentals_alias_unresolved shares_outstanding: ABSENT over 44 reportable quarters -- (no tag has an in-window operating-form row); union 0%. no tag in this family has a single in-window row from an operating form (10-K/10-Q/8-K + /A). Non-operating forms -- DEF 14A proxy compensation tables above all -- are excluded by design and never count as coverage.
1222333/1222333    FATAL    fundamentals_alias_unresolved revenue: ABSENT over 40 reportable quarters -- (no tag has an in-window operating-form row); union 0%. no tag in this family has a single in-window row from an operating form (10-K/10-Q/8-K + /A). Non-operating forms -- DEF 14A proxy compensation tables above all -- are excluded by design and never count as coverage.
1222333/1222333    FATAL    fundamentals_alias_unresolved net_income_to_common: ABSENT over 40 reportable quarters -- (no tag has an in-window operating-form row); union 0%. no tag in this family has a single in-window row from an operating form (10-K/10-Q/8-K + /A). Non-operating forms -- DEF 14A proxy compensation tables above all -- are excluded by design and never count as coverage.
1222333/1222333    FATAL    fundamentals_alias_unresolved operating_income: PARTIAL over 40 reportable quarters -- OperatingIncomeLoss 6/40 (15%, last 2017Q3); union 15%. the tags' union does not reach the 75% coverage bar, so any series built from them would be silently gapped. It is below the 40% floor where F2_SPEC §5.3's PARTIAL band starts, and is reported as PARTIAL rather than ABSENT because the family does have in-window operating-form rows.
1222333/1222333    FATAL    fundamentals_alias_unresolved pretax_income: ABSENT over 40 reportable quarters -- (no tag has an in-window operating-form row); union 0%. no tag in this family has a single in-window row from an operating form (10-K/10-Q/8-K + /A). Non-operating forms -- DEF 14A proxy compensation tables above all -- are excluded by design and never count as coverage.
1222333/1222333    FATAL    fundamentals_alias_unresolved liabilities_and_equity: ABSENT over 40 reportable quarters -- (no tag has an in-window operating-form row); union 0%. no tag in this family has a single in-window row from an operating form (10-K/10-Q/8-K + /A). Non-operating forms -- DEF 14A proxy compensation tables above all -- are excluded by design and never count as coverage.
1222333/1222333    FATAL    fundamentals_alias_unresolved equity: ABSENT over 40 reportable quarters -- (no tag has an in-window operating-form row); union 0%. no tag in this family has a single in-window row from an operating form (10-K/10-Q/8-K + /A). Non-operating forms -- DEF 14A proxy compensation tables above all -- are excluded by design and never count as coverage.
1222333/1222333    FATAL    fundamentals_alias_unresolved minority_interest: ABSENT over 40 reportable quarters -- (no tag has an in-window operating-form row); union 0%. no tag in this family has a single in-window row from an operating form (10-K/10-Q/8-K + /A). Non-operating forms -- DEF 14A proxy compensation tables above all -- are excluded by design and never count as coverage.
1222333/1222333    FATAL    fundamentals_alias_unresolved eps_diluted: ABSENT over 40 reportable quarters -- (no tag has an in-window operating-form row); union 0%. no tag in this family has a single in-window row from an operating form (10-K/10-Q/8-K + /A). Non-operating forms -- DEF 14A proxy compensation tables above all -- are excluded by design and never count as coverage.
1271024/1271024    FATAL    fundamentals_alias_unresolved revenue: PARTIAL over 12 reportable quarters -- Revenues 5/12 (42%, last 2016Q3); union 42%. the tags' union does not reach the 75% coverage bar, so any series built from them would be silently gapped.
1271024/1271024    FATAL    fundamentals_alias_unresolved net_income: PARTIAL over 12 reportable quarters -- NetIncomeLoss 5/12 (42%, last 2016Q3), ProfitLoss 5/12 (42%, last 2016Q3); union 42%. the tags' union does not reach the 75% coverage bar, so any series built from them would be silently gapped.
1271024/1271024    FATAL    fundamentals_alias_unresolved net_income_to_common: ABSENT over 12 reportable quarters -- (no tag has an in-window operating-form row); union 0%. no tag in this family has a single in-window row from an operating form (10-K/10-Q/8-K + /A). Non-operating forms -- DEF 14A proxy compensation tables above all -- are excluded by design and never count as coverage.
1271024/1271024    FATAL    fundamentals_alias_unresolved operating_income: PARTIAL over 12 reportable quarters -- OperatingIncomeLoss 5/12 (42%, last 2016Q3); union 42%. the tags' union does not reach the 75% coverage bar, so any series built from them would be silently gapped.
1271024/1271024    FATAL    fundamentals_alias_unresolved pretax_income: PARTIAL over 12 reportable quarters -- IncomeLossFromContinuingOperationsBeforeIncomeTaxesMinorityInterestAndIncomeLossFromEquityMethodInvestments 5/12 (42%, last 2016Q3); union 42%. the tags' union does not reach the 75% coverage bar, so any series built from them would be silently gapped.
1271024/1271024    FATAL    fundamentals_alias_unresolved assets: PARTIAL over 12 reportable quarters -- Assets 5/12 (42%, last 2016Q3); union 42%. the tags' union does not reach the 75% coverage bar, so any series built from them would be silently gapped.
1271024/1271024    FATAL    fundamentals_alias_unresolved liabilities: PARTIAL over 12 reportable quarters -- Liabilities 5/12 (42%, last 2016Q3); union 42%. the tags' union does not reach the 75% coverage bar, so any series built from them would be silently gapped.
1271024/1271024    FATAL    fundamentals_alias_unresolved liabilities_and_equity: PARTIAL over 12 reportable quarters -- LiabilitiesAndStockholdersEquity 5/12 (42%, last 2016Q3); union 42%. the tags' union does not reach the 75% coverage bar, so any series built from them would be silently gapped.
1271024/1271024    FATAL    fundamentals_alias_unresolved equity: PARTIAL over 12 reportable quarters -- StockholdersEquity 5/12 (42%, last 2016Q3); union 42%. the tags' union does not reach the 75% coverage bar, so any series built from them would be silently gapped.
1271024/1271024    FATAL    fundamentals_alias_unresolved minority_interest: ABSENT over 12 reportable quarters -- (no tag has an in-window operating-form row); union 0%. no tag in this family has a single in-window row from an operating form (10-K/10-Q/8-K + /A). Non-operating forms -- DEF 14A proxy compensation tables above all -- are excluded by design and never count as coverage.
1271024/1271024    FATAL    fundamentals_alias_unresolved cash: PARTIAL over 12 reportable quarters -- CashAndCashEquivalentsAtCarryingValue 5/12 (42%, last 2016Q3); union 42%. the tags' union does not reach the 75% coverage bar, so any series built from them would be silently gapped.
1271024/1271024    FATAL    fundamentals_alias_unresolved operating_cash_flow: PARTIAL over 12 reportable quarters -- NetCashProvidedByUsedInOperatingActivities 5/12 (42%, last 2016Q3); union 42%. the tags' union does not reach the 75% coverage bar, so any series built from them would be silently gapped.
1271024/1271024    FATAL    fundamentals_alias_unresolved eps_diluted: PARTIAL over 12 reportable quarters -- EarningsPerShareDiluted 5/12 (42%, last 2016Q3); union 42%. the tags' union does not reach the 75% coverage bar, so any series built from them would be silently gapped.
1271024/1271024    FATAL    fundamentals_alias_unresolved shares_outstanding: ABSENT over 12 reportable quarters -- (no tag has an in-window operating-form row); union 0%. no tag in this family has a single in-window row from an operating form (10-K/10-Q/8-K + /A). Non-operating forms -- DEF 14A proxy compensation tables above all -- are excluded by design and never count as coverage.
1276187/1276187    FATAL    fundamentals_alias_unresolved net_income_to_common: ABSENT over 44 reportable quarters -- (no tag has an in-window operating-form row); union 0%. no tag in this family has a single in-window row from an operating form (10-K/10-Q/8-K + /A). Non-operating forms -- DEF 14A proxy compensation tables above all -- are excluded by design and never count as coverage.
1276187/1276187    FATAL    fundamentals_alias_unresolved pretax_income: PARTIAL over 44 reportable quarters -- IncomeLossFromContinuingOperationsBeforeIncomeTaxesExtraordinaryItemsNoncontrollingInterest 27/44 (61%, last 2022Q1); union 61%. the tags' union does not reach the 75% coverage bar, so any series built from them would be silently gapped.
1276187/1276187    FATAL    fundamentals_alias_unresolved liabilities: ABSENT over 44 reportable quarters -- (no tag has an in-window operating-form row); union 0%. no tag in this family has a single in-window row from an operating form (10-K/10-Q/8-K + /A). Non-operating forms -- DEF 14A proxy compensation tables above all -- are excluded by design and never count as coverage.
1276187/1276187    FATAL    fundamentals_alias_unresolved minority_interest: PARTIAL over 44 reportable quarters -- MinorityInterest 19/44 (43%, last 2025Q4); union 43%. the tags' union does not reach the 75% coverage bar, so any series built from them would be silently gapped.
1276187/1276187    FATAL    fundamentals_alias_unresolved eps_diluted: ABSENT over 44 reportable quarters -- (no tag has an in-window operating-form row); union 0%. no tag in this family has a single in-window row from an operating form (10-K/10-Q/8-K + /A). Non-operating forms -- DEF 14A proxy compensation tables above all -- are excluded by design and never count as coverage.
1283699/1283699    FATAL    fundamentals_alias_unresolved net_income_to_common: PARTIAL over 28 reportable quarters -- NetIncomeLossAvailableToCommonStockholdersBasic 2/28 (7%, last 2019Q4); union 7%. the tags' union does not reach the 75% coverage bar, so any series built from them would be silently gapped. It is below the 40% floor where F2_SPEC §5.3's PARTIAL band starts, and is reported as PARTIAL rather than ABSENT because the family does have in-window operating-form rows.
1283699/1283699    FATAL    fundamentals_alias_unresolved liabilities: ABSENT over 28 reportable quarters -- (no tag has an in-window operating-form row); union 0%. no tag in this family has a single in-window row from an operating form (10-K/10-Q/8-K + /A). Non-operating forms -- DEF 14A proxy compensation tables above all -- are excluded by design and never count as coverage.
1283699/1283699    FATAL    fundamentals_alias_unresolved minority_interest: ABSENT over 28 reportable quarters -- (no tag has an in-window operating-form row); union 0%. no tag in this family has a single in-window row from an operating form (10-K/10-Q/8-K + /A). Non-operating forms -- DEF 14A proxy compensation tables above all -- are excluded by design and never count as coverage.
1297996/1297996    FATAL    fundamentals_alias_unresolved pretax_income: PARTIAL over 28 reportable quarters -- IncomeLossFromContinuingOperationsBeforeIncomeTaxesExtraordinaryItemsNoncontrollingInterest 1/28 (4%, last 2025Q4); union 4%. the tags' union does not reach the 75% coverage bar, so any series built from them would be silently gapped. It is below the 40% floor where F2_SPEC §5.3's PARTIAL band starts, and is reported as PARTIAL rather than ABSENT because the family does have in-window operating-form rows.
1318220/1318220    FATAL    fundamentals_alias_unresolved net_income_to_common: ABSENT over 16 reportable quarters -- (no tag has an in-window operating-form row); union 0%. no tag in this family has a single in-window row from an operating form (10-K/10-Q/8-K + /A). Non-operating forms -- DEF 14A proxy compensation tables above all -- are excluded by design and never count as coverage.
1321655/1321655    FATAL    fundamentals_alias_unresolved net_income_to_common: ABSENT over 8 reportable quarters -- (no tag has an in-window operating-form row); union 0%. no tag in this family has a single in-window row from an operating form (10-K/10-Q/8-K + /A). Non-operating forms -- DEF 14A proxy compensation tables above all -- are excluded by design and never count as coverage.
1321655/1321655    FATAL    fundamentals_alias_unresolved shares_outstanding: ABSENT over 8 reportable quarters -- (no tag has an in-window operating-form row); union 0%. no tag in this family has a single in-window row from an operating form (10-K/10-Q/8-K + /A). Non-operating forms -- DEF 14A proxy compensation tables above all -- are excluded by design and never count as coverage.
1326801/1326801    FATAL    fundamentals_alias_unresolved net_income_to_common: PARTIAL over 44 reportable quarters -- NetIncomeLossAvailableToCommonStockholdersBasic 19/44 (43%, last 2020Q4); union 43%. the tags' union does not reach the 75% coverage bar, so any series built from them would be silently gapped.
1326801/1326801    FATAL    fundamentals_alias_unresolved minority_interest: ABSENT over 44 reportable quarters -- (no tag has an in-window operating-form row); union 0%. no tag in this family has a single in-window row from an operating form (10-K/10-Q/8-K + /A). Non-operating forms -- DEF 14A proxy compensation tables above all -- are excluded by design and never count as coverage.
1326801/1326801    FATAL    fundamentals_alias_unresolved shares_outstanding: ABSENT over 44 reportable quarters -- (no tag has an in-window operating-form row); union 0%. no tag in this family has a single in-window row from an operating form (10-K/10-Q/8-K + /A). Non-operating forms -- DEF 14A proxy compensation tables above all -- are excluded by design and never count as coverage.
1327567/1327567    FATAL    fundamentals_alias_unresolved net_income_to_common: ABSENT over 12 reportable quarters -- (no tag has an in-window operating-form row); union 0%. no tag in this family has a single in-window row from an operating form (10-K/10-Q/8-K + /A). Non-operating forms -- DEF 14A proxy compensation tables above all -- are excluded by design and never count as coverage.
1327567/1327567    FATAL    fundamentals_alias_unresolved minority_interest: ABSENT over 12 reportable quarters -- (no tag has an in-window operating-form row); union 0%. no tag in this family has a single in-window row from an operating form (10-K/10-Q/8-K + /A). Non-operating forms -- DEF 14A proxy compensation tables above all -- are excluded by design and never count as coverage.
1341439/1341439    FATAL    fundamentals_alias_unresolved net_income_to_common: PARTIAL over 44 reportable quarters -- NetIncomeLossAvailableToCommonStockholdersBasic 5/44 (11%, last 2026Q2); union 11%. the tags' union does not reach the 75% coverage bar, so any series built from them would be silently gapped. It is below the 40% floor where F2_SPEC §5.3's PARTIAL band starts, and is reported as PARTIAL rather than ABSENT because the family does have in-window operating-form rows.
1341439/1341439    FATAL    fundamentals_alias_unresolved pretax_income: PARTIAL over 44 reportable quarters -- IncomeLossFromContinuingOperationsBeforeIncomeTaxesExtraordinaryItemsNoncontrollingInterest 13/44 (30%, last 2018Q3); union 30%. the tags' union does not reach the 75% coverage bar, so any series built from them would be silently gapped. It is below the 40% floor where F2_SPEC §5.3's PARTIAL band starts, and is reported as PARTIAL rather than ABSENT because the family does have in-window operating-form rows.
1341439/1341439    FATAL    fundamentals_alias_unresolved liabilities: ABSENT over 44 reportable quarters -- (no tag has an in-window operating-form row); union 0%. no tag in this family has a single in-window row from an operating form (10-K/10-Q/8-K + /A). Non-operating forms -- DEF 14A proxy compensation tables above all -- are excluded by design and never count as coverage.
1358071/1358071    FATAL    fundamentals_alias_unresolved revenue: PARTIAL over 24 reportable quarters -- RevenueFromContractWithCustomerExcludingAssessedTax 14/24 (58%, last 2020Q3); union 58%. the tags' union does not reach the 75% coverage bar, so any series built from them would be silently gapped.
1358071/1358071    FATAL    fundamentals_alias_unresolved net_income: PARTIAL over 24 reportable quarters -- NetIncomeLoss 17/24 (71%, last 2020Q3); union 71%. the tags' union does not reach the 75% coverage bar, so any series built from them would be silently gapped.
1358071/1358071    FATAL    fundamentals_alias_unresolved net_income_to_common: PARTIAL over 24 reportable quarters -- NetIncomeLossAvailableToCommonStockholdersBasic 17/24 (71%, last 2020Q3); union 71%. the tags' union does not reach the 75% coverage bar, so any series built from them would be silently gapped.
1358071/1358071    FATAL    fundamentals_alias_unresolved operating_income: PARTIAL over 24 reportable quarters -- OperatingIncomeLoss 17/24 (71%, last 2020Q3); union 71%. the tags' union does not reach the 75% coverage bar, so any series built from them would be silently gapped.
1358071/1358071    FATAL    fundamentals_alias_unresolved pretax_income: PARTIAL over 24 reportable quarters -- IncomeLossFromContinuingOperationsBeforeIncomeTaxesMinorityInterestAndIncomeLossFromEquityMethodInvestments 14/24 (58%, last 2019Q4), IncomeLossFromContinuingOperationsBeforeIncomeTaxesExtraordinaryItemsNoncontrollingInterest 2/24 (8%, last 2018Q3); union 58%. the tags' union does not reach the 75% coverage bar, so any series built from them would be silently gapped.
1358071/1358071    FATAL    fundamentals_alias_unresolved assets: PARTIAL over 24 reportable quarters -- Assets 17/24 (71%, last 2020Q3); union 71%. the tags' union does not reach the 75% coverage bar, so any series built from them would be silently gapped.
1358071/1358071    FATAL    fundamentals_alias_unresolved liabilities: ABSENT over 24 reportable quarters -- (no tag has an in-window operating-form row); union 0%. no tag in this family has a single in-window row from an operating form (10-K/10-Q/8-K + /A). Non-operating forms -- DEF 14A proxy compensation tables above all -- are excluded by design and never count as coverage.
1358071/1358071    FATAL    fundamentals_alias_unresolved liabilities_and_equity: PARTIAL over 24 reportable quarters -- LiabilitiesAndStockholdersEquity 17/24 (71%, last 2020Q3); union 71%. the tags' union does not reach the 75% coverage bar, so any series built from them would be silently gapped.
1358071/1358071    FATAL    fundamentals_alias_unresolved equity: PARTIAL over 24 reportable quarters -- StockholdersEquity 17/24 (71%, last 2020Q3); union 71%. the tags' union does not reach the 75% coverage bar, so any series built from them would be silently gapped.
1358071/1358071    FATAL    fundamentals_alias_unresolved minority_interest: ABSENT over 24 reportable quarters -- (no tag has an in-window operating-form row); union 0%. no tag in this family has a single in-window row from an operating form (10-K/10-Q/8-K + /A). Non-operating forms -- DEF 14A proxy compensation tables above all -- are excluded by design and never count as coverage.
1358071/1358071    FATAL    fundamentals_alias_unresolved cash: PARTIAL over 24 reportable quarters -- CashAndCashEquivalentsAtCarryingValue 17/24 (71%, last 2020Q3), CashCashEquivalentsRestrictedCashAndRestrictedCashEquivalents 12/24 (50%, last 2020Q3); union 71%. the tags' union does not reach the 75% coverage bar, so any series built from them would be silently gapped.
1358071/1358071    FATAL    fundamentals_alias_unresolved operating_cash_flow: PARTIAL over 24 reportable quarters -- NetCashProvidedByUsedInOperatingActivities 16/24 (67%, last 2020Q3), NetCashProvidedByUsedInOperatingActivitiesContinuingOperations 6/24 (25%, last 2018Q4); union 71%. the tags' union does not reach the 75% coverage bar, so any series built from them would be silently gapped.
1358071/1358071    FATAL    fundamentals_alias_unresolved eps_diluted: PARTIAL over 24 reportable quarters -- EarningsPerShareDiluted 17/24 (71%, last 2020Q3); union 71%. the tags' union does not reach the 75% coverage bar, so any series built from them would be silently gapped.
1364742/1364742    FATAL    fundamentals_alias_unresolved revenue: PARTIAL over 44 reportable quarters -- RevenueFromContractWithCustomerExcludingAssessedTax 30/44 (68%, last 2024Q2), Revenues 3/44 (7%, last 2023Q4); union 68%. the tags' union does not reach the 75% coverage bar, so any series built from them would be silently gapped.
1364742/1364742    FATAL    fundamentals_alias_unresolved net_income_to_common: ABSENT over 44 reportable quarters -- (no tag has an in-window operating-form row); union 0%. no tag in this family has a single in-window row from an operating form (10-K/10-Q/8-K + /A). Non-operating forms -- DEF 14A proxy compensation tables above all -- are excluded by design and never count as coverage.
1373715/1373715    FATAL    fundamentals_alias_unresolved net_income_to_common: ABSENT over 32 reportable quarters -- (no tag has an in-window operating-form row); union 0%. no tag in this family has a single in-window row from an operating form (10-K/10-Q/8-K + /A). Non-operating forms -- DEF 14A proxy compensation tables above all -- are excluded by design and never count as coverage.
1373715/1373715    FATAL    fundamentals_alias_unresolved minority_interest: ABSENT over 32 reportable quarters -- (no tag has an in-window operating-form row); union 0%. no tag in this family has a single in-window row from an operating form (10-K/10-Q/8-K + /A). Non-operating forms -- DEF 14A proxy compensation tables above all -- are excluded by design and never count as coverage.
1373835/1373835    FATAL    fundamentals_alias_unresolved revenue: PARTIAL over 12 reportable quarters -- Revenues 6/12 (50%, last 2016Q4); union 50%. the tags' union does not reach the 75% coverage bar, so any series built from them would be silently gapped.
1373835/1373835    FATAL    fundamentals_alias_unresolved net_income: PARTIAL over 12 reportable quarters -- NetIncomeLoss 6/12 (50%, last 2016Q4), ProfitLoss 6/12 (50%, last 2016Q4); union 50%. the tags' union does not reach the 75% coverage bar, so any series built from them would be silently gapped.
1373835/1373835    FATAL    fundamentals_alias_unresolved net_income_to_common: ABSENT over 12 reportable quarters -- (no tag has an in-window operating-form row); union 0%. no tag in this family has a single in-window row from an operating form (10-K/10-Q/8-K + /A). Non-operating forms -- DEF 14A proxy compensation tables above all -- are excluded by design and never count as coverage.
1373835/1373835    FATAL    fundamentals_alias_unresolved operating_income: PARTIAL over 12 reportable quarters -- OperatingIncomeLoss 6/12 (50%, last 2016Q4); union 50%. the tags' union does not reach the 75% coverage bar, so any series built from them would be silently gapped.
1373835/1373835    FATAL    fundamentals_alias_unresolved pretax_income: PARTIAL over 12 reportable quarters -- IncomeLossFromContinuingOperationsBeforeIncomeTaxesExtraordinaryItemsNoncontrollingInterest 6/12 (50%, last 2016Q4); union 50%. the tags' union does not reach the 75% coverage bar, so any series built from them would be silently gapped.
1373835/1373835    FATAL    fundamentals_alias_unresolved assets: PARTIAL over 12 reportable quarters -- Assets 6/12 (50%, last 2016Q4); union 50%. the tags' union does not reach the 75% coverage bar, so any series built from them would be silently gapped.
1373835/1373835    FATAL    fundamentals_alias_unresolved liabilities: ABSENT over 12 reportable quarters -- (no tag has an in-window operating-form row); union 0%. no tag in this family has a single in-window row from an operating form (10-K/10-Q/8-K + /A). Non-operating forms -- DEF 14A proxy compensation tables above all -- are excluded by design and never count as coverage.
1373835/1373835    FATAL    fundamentals_alias_unresolved liabilities_and_equity: PARTIAL over 12 reportable quarters -- LiabilitiesAndStockholdersEquity 6/12 (50%, last 2016Q4); union 50%. the tags' union does not reach the 75% coverage bar, so any series built from them would be silently gapped.
1373835/1373835    FATAL    fundamentals_alias_unresolved equity: PARTIAL over 12 reportable quarters -- StockholdersEquity 6/12 (50%, last 2016Q4), StockholdersEquityIncludingPortionAttributableToNoncontrollingInterest 6/12 (50%, last 2016Q4); union 50%. the tags' union does not reach the 75% coverage bar, so any series built from them would be silently gapped.
1373835/1373835    FATAL    fundamentals_alias_unresolved minority_interest: PARTIAL over 12 reportable quarters -- MinorityInterest 6/12 (50%, last 2016Q4); union 50%. the tags' union does not reach the 75% coverage bar, so any series built from them would be silently gapped.
1373835/1373835    FATAL    fundamentals_alias_unresolved cash: PARTIAL over 12 reportable quarters -- CashAndCashEquivalentsAtCarryingValue 6/12 (50%, last 2016Q4); union 50%. the tags' union does not reach the 75% coverage bar, so any series built from them would be silently gapped.
1373835/1373835    FATAL    fundamentals_alias_unresolved operating_cash_flow: PARTIAL over 12 reportable quarters -- NetCashProvidedByUsedInOperatingActivities 6/12 (50%, last 2016Q4); union 50%. the tags' union does not reach the 75% coverage bar, so any series built from them would be silently gapped.
1373835/1373835    FATAL    fundamentals_alias_unresolved eps_diluted: PARTIAL over 12 reportable quarters -- EarningsPerShareBasicAndDiluted 6/12 (50%, last 2016Q4), EarningsPerShareDiluted 3/12 (25%, last 2016Q3); union 50%. the tags' union does not reach the 75% coverage bar, so any series built from them would be silently gapped.
1373835/1373835    FATAL    fundamentals_alias_unresolved shares_outstanding: PARTIAL over 12 reportable quarters -- EntityCommonStockSharesOutstanding 5/12 (42%, last 2017Q1); union 42%. the tags' union does not reach the 75% coverage bar, so any series built from them would be silently gapped.
1389170/1389170    FATAL    fundamentals_alias_unresolved liabilities: ABSENT over 12 reportable quarters -- (no tag has an in-window operating-form row); union 0%. no tag in this family has a single in-window row from an operating form (10-K/10-Q/8-K + /A). Non-operating forms -- DEF 14A proxy compensation tables above all -- are excluded by design and never count as coverage.
1390777/1390777    FATAL    fundamentals_alias_unresolved operating_income: ABSENT over 24 reportable quarters -- (no tag has an in-window operating-form row); union 0%. no tag in this family has a single in-window row from an operating form (10-K/10-Q/8-K + /A). Non-operating forms -- DEF 14A proxy compensation tables above all -- are excluded by design and never count as coverage.
1390777/1390777    FATAL    fundamentals_alias_unresolved pretax_income: PARTIAL over 24 reportable quarters -- IncomeLossFromContinuingOperationsBeforeIncomeTaxesExtraordinaryItemsNoncontrollingInterest 4/24 (17%, last 2016Q2); union 17%. the tags' union does not reach the 75% coverage bar, so any series built from them would be silently gapped. It is below the 40% floor where F2_SPEC §5.3's PARTIAL band starts, and is reported as PARTIAL rather than ABSENT because the family does have in-window operating-form rows.
1393612/1393612    FATAL    fundamentals_alias_unresolved operating_income: ABSENT over 16 reportable quarters -- (no tag has an in-window operating-form row); union 0%. no tag in this family has a single in-window row from an operating form (10-K/10-Q/8-K + /A). Non-operating forms -- DEF 14A proxy compensation tables above all -- are excluded by design and never count as coverage.
1393612/1393612    FATAL    fundamentals_alias_unresolved minority_interest: ABSENT over 16 reportable quarters -- (no tag has an in-window operating-form row); union 0%. no tag in this family has a single in-window row from an operating form (10-K/10-Q/8-K + /A). Non-operating forms -- DEF 14A proxy compensation tables above all -- are excluded by design and never count as coverage.
1393818/1393818    FATAL    fundamentals_alias_unresolved net_income_to_common: ABSENT over 16 reportable quarters -- (no tag has an in-window operating-form row); union 0%. no tag in this family has a single in-window row from an operating form (10-K/10-Q/8-K + /A). Non-operating forms -- DEF 14A proxy compensation tables above all -- are excluded by design and never count as coverage.
1393818/1393818    FATAL    fundamentals_alias_unresolved operating_income: ABSENT over 16 reportable quarters -- (no tag has an in-window operating-form row); union 0%. no tag in this family has a single in-window row from an operating form (10-K/10-Q/8-K + /A). Non-operating forms -- DEF 14A proxy compensation tables above all -- are excluded by design and never count as coverage.
1393818/1393818    FATAL    fundamentals_alias_unresolved minority_interest: ABSENT over 16 reportable quarters -- (no tag has an in-window operating-form row); union 0%. no tag in this family has a single in-window row from an operating form (10-K/10-Q/8-K + /A). Non-operating forms -- DEF 14A proxy compensation tables above all -- are excluded by design and never count as coverage.
1403161/1403161    FATAL    fundamentals_alias_unresolved net_income_to_common: ABSENT over 44 reportable quarters -- (no tag has an in-window operating-form row); union 0%. no tag in this family has a single in-window row from an operating form (10-K/10-Q/8-K + /A). Non-operating forms -- DEF 14A proxy compensation tables above all -- are excluded by design and never count as coverage.
1403161/1403161    FATAL    fundamentals_alias_unresolved minority_interest: ABSENT over 44 reportable quarters -- (no tag has an in-window operating-form row); union 0%. no tag in this family has a single in-window row from an operating form (10-K/10-Q/8-K + /A). Non-operating forms -- DEF 14A proxy compensation tables above all -- are excluded by design and never count as coverage.
1403161/1403161    FATAL    fundamentals_alias_unresolved eps_diluted: ABSENT over 44 reportable quarters -- (no tag has an in-window operating-form row); union 0%. no tag in this family has a single in-window row from an operating form (10-K/10-Q/8-K + /A). Non-operating forms -- DEF 14A proxy compensation tables above all -- are excluded by design and never count as coverage.
1403161/1403161    FATAL    fundamentals_alias_unresolved shares_outstanding: ABSENT over 44 reportable quarters -- (no tag has an in-window operating-form row); union 0%. no tag in this family has a single in-window row from an operating form (10-K/10-Q/8-K + /A). Non-operating forms -- DEF 14A proxy compensation tables above all -- are excluded by design and never count as coverage.
1404912/1404912    FATAL    fundamentals_alias_unresolved operating_income: ABSENT over 12 reportable quarters -- (no tag has an in-window operating-form row); union 0%. no tag in this family has a single in-window row from an operating form (10-K/10-Q/8-K + /A). Non-operating forms -- DEF 14A proxy compensation tables above all -- are excluded by design and never count as coverage.
1404912/1404912    FATAL    fundamentals_alias_unresolved eps_diluted: ABSENT over 12 reportable quarters -- (no tag has an in-window operating-form row); union 0%. no tag in this family has a single in-window row from an operating form (10-K/10-Q/8-K + /A). Non-operating forms -- DEF 14A proxy compensation tables above all -- are excluded by design and never count as coverage.
1413329/1413329    FATAL    fundamentals_alias_unresolved net_income_to_common: PARTIAL over 44 reportable quarters -- NetIncomeLossAvailableToCommonStockholdersBasic 27/44 (61%, last 2026Q2); union 61%. the tags' union does not reach the 75% coverage bar, so any series built from them would be silently gapped.
1418091/1418091    FATAL    fundamentals_alias_unresolved net_income_to_common: PARTIAL over 16 reportable quarters -- NetIncomeLossAvailableToCommonStockholdersBasic 2/16 (12%, last 2021Q2); union 12%. the tags' union does not reach the 75% coverage bar, so any series built from them would be silently gapped. It is below the 40% floor where F2_SPEC §5.3's PARTIAL band starts, and is reported as PARTIAL rather than ABSENT because the family does have in-window operating-form rows.
1418091/1418091    FATAL    fundamentals_alias_unresolved minority_interest: ABSENT over 16 reportable quarters -- (no tag has an in-window operating-form row); union 0%. no tag in this family has a single in-window row from an operating form (10-K/10-Q/8-K + /A). Non-operating forms -- DEF 14A proxy compensation tables above all -- are excluded by design and never count as coverage.
1483096/1483096    FATAL    fundamentals_alias_unresolved revenue: PARTIAL over 20 reportable quarters -- Revenues 12/20 (60%, last 2018Q2), RevenueFromContractWithCustomerExcludingAssessedTax 2/20 (10%, last 2018Q2); union 60%. the tags' union does not reach the 75% coverage bar, so any series built from them would be silently gapped.
1483096/1483096    FATAL    fundamentals_alias_unresolved net_income: PARTIAL over 20 reportable quarters -- NetIncomeLoss 12/20 (60%, last 2018Q2), ProfitLoss 12/20 (60%, last 2018Q2); union 60%. the tags' union does not reach the 75% coverage bar, so any series built from them would be silently gapped.
1483096/1483096    FATAL    fundamentals_alias_unresolved net_income_to_common: ABSENT over 20 reportable quarters -- (no tag has an in-window operating-form row); union 0%. no tag in this family has a single in-window row from an operating form (10-K/10-Q/8-K + /A). Non-operating forms -- DEF 14A proxy compensation tables above all -- are excluded by design and never count as coverage.
1483096/1483096    FATAL    fundamentals_alias_unresolved operating_income: PARTIAL over 20 reportable quarters -- OperatingIncomeLoss 12/20 (60%, last 2018Q2); union 60%. the tags' union does not reach the 75% coverage bar, so any series built from them would be silently gapped.
1483096/1483096    FATAL    fundamentals_alias_unresolved pretax_income: PARTIAL over 20 reportable quarters -- IncomeLossFromContinuingOperationsBeforeIncomeTaxesExtraordinaryItemsNoncontrollingInterest 12/20 (60%, last 2018Q2); union 60%. the tags' union does not reach the 75% coverage bar, so any series built from them would be silently gapped.
1483096/1483096    FATAL    fundamentals_alias_unresolved assets: PARTIAL over 20 reportable quarters -- Assets 12/20 (60%, last 2018Q2); union 60%. the tags' union does not reach the 75% coverage bar, so any series built from them would be silently gapped.
1483096/1483096    FATAL    fundamentals_alias_unresolved liabilities: ABSENT over 20 reportable quarters -- (no tag has an in-window operating-form row); union 0%. no tag in this family has a single in-window row from an operating form (10-K/10-Q/8-K + /A). Non-operating forms -- DEF 14A proxy compensation tables above all -- are excluded by design and never count as coverage.
1483096/1483096    FATAL    fundamentals_alias_unresolved liabilities_and_equity: PARTIAL over 20 reportable quarters -- LiabilitiesAndStockholdersEquity 12/20 (60%, last 2018Q2); union 60%. the tags' union does not reach the 75% coverage bar, so any series built from them would be silently gapped.
1483096/1483096    FATAL    fundamentals_alias_unresolved equity: ABSENT over 20 reportable quarters -- (no tag has an in-window operating-form row); union 0%. no tag in this family has a single in-window row from an operating form (10-K/10-Q/8-K + /A). Non-operating forms -- DEF 14A proxy compensation tables above all -- are excluded by design and never count as coverage.
1483096/1483096    FATAL    fundamentals_alias_unresolved minority_interest: ABSENT over 20 reportable quarters -- (no tag has an in-window operating-form row); union 0%. no tag in this family has a single in-window row from an operating form (10-K/10-Q/8-K + /A). Non-operating forms -- DEF 14A proxy compensation tables above all -- are excluded by design and never count as coverage.
1483096/1483096    FATAL    fundamentals_alias_unresolved cash: PARTIAL over 20 reportable quarters -- CashAndCashEquivalentsAtCarryingValue 12/20 (60%, last 2018Q2); union 60%. the tags' union does not reach the 75% coverage bar, so any series built from them would be silently gapped.
1483096/1483096    FATAL    fundamentals_alias_unresolved operating_cash_flow: PARTIAL over 20 reportable quarters -- NetCashProvidedByUsedInOperatingActivities 12/20 (60%, last 2018Q2); union 60%. the tags' union does not reach the 75% coverage bar, so any series built from them would be silently gapped.
1483096/1483096    FATAL    fundamentals_alias_unresolved eps_diluted: ABSENT over 20 reportable quarters -- (no tag has an in-window operating-form row); union 0%. no tag in this family has a single in-window row from an operating form (10-K/10-Q/8-K + /A). Non-operating forms -- DEF 14A proxy compensation tables above all -- are excluded by design and never count as coverage.
1483096/1483096    FATAL    fundamentals_alias_unresolved shares_outstanding: PARTIAL over 20 reportable quarters -- EntityCommonStockSharesOutstanding 13/20 (65%, last 2018Q3); union 65%. the tags' union does not reach the 75% coverage bar, so any series built from them would be silently gapped.
1489393/1489393    FATAL    fundamentals_alias_unresolved net_income_to_common: PARTIAL over 24 reportable quarters -- NetIncomeLossAvailableToCommonStockholdersBasic 6/24 (25%, last 2019Q4); union 25%. the tags' union does not reach the 75% coverage bar, so any series built from them would be silently gapped. It is below the 40% floor where F2_SPEC §5.3's PARTIAL band starts, and is reported as PARTIAL rather than ABSENT because the family does have in-window operating-form rows.
1489393/1489393    FATAL    fundamentals_alias_unresolved liabilities: ABSENT over 24 reportable quarters -- (no tag has an in-window operating-form row); union 0%. no tag in this family has a single in-window row from an operating form (10-K/10-Q/8-K + /A). Non-operating forms -- DEF 14A proxy compensation tables above all -- are excluded by design and never count as coverage.
1512673/1512673    FATAL    fundamentals_alias_unresolved shares_outstanding: ABSENT over 16 reportable quarters -- (no tag has an in-window operating-form row); union 0%. no tag in this family has a single in-window row from an operating form (10-K/10-Q/8-K + /A). Non-operating forms -- DEF 14A proxy compensation tables above all -- are excluded by design and never count as coverage.
1532063/1532063    FATAL    fundamentals_alias_unresolved net_income_to_common: ABSENT over 12 reportable quarters -- (no tag has an in-window operating-form row); union 0%. no tag in this family has a single in-window row from an operating form (10-K/10-Q/8-K + /A). Non-operating forms -- DEF 14A proxy compensation tables above all -- are excluded by design and never count as coverage.
1534701/1534701    FATAL    fundamentals_alias_unresolved operating_income: ABSENT over 44 reportable quarters -- (no tag has an in-window operating-form row); union 0%. no tag in this family has a single in-window row from an operating form (10-K/10-Q/8-K + /A). Non-operating forms -- DEF 14A proxy compensation tables above all -- are excluded by design and never count as coverage.
1534701/1534701    FATAL    fundamentals_alias_unresolved pretax_income: PARTIAL over 44 reportable quarters -- IncomeLossFromContinuingOperationsBeforeIncomeTaxesExtraordinaryItemsNoncontrollingInterest 22/44 (50%, last 2020Q4); union 50%. the tags' union does not reach the 75% coverage bar, so any series built from them would be silently gapped.
1535527/1535527    FATAL    fundamentals_alias_unresolved net_income_to_common: ABSENT over 8 reportable quarters -- (no tag has an in-window operating-form row); union 0%. no tag in this family has a single in-window row from an operating form (10-K/10-Q/8-K + /A). Non-operating forms -- DEF 14A proxy compensation tables above all -- are excluded by design and never count as coverage.
1535527/1535527    FATAL    fundamentals_alias_unresolved shares_outstanding: PARTIAL over 8 reportable quarters -- EntityCommonStockSharesOutstanding 4/8 (50%, last 2026Q2); union 50%. the tags' union does not reach the 75% coverage bar, so any series built from them would be silently gapped.
1539838/1539838    FATAL    fundamentals_alias_unresolved net_income_to_common: PARTIAL over 32 reportable quarters -- NetIncomeLossAvailableToCommonStockholdersBasic 22/32 (69%, last 2026Q2); union 69%. the tags' union does not reach the 75% coverage bar, so any series built from them would be silently gapped.
1543151/1543151    FATAL    fundamentals_alias_unresolved minority_interest: ABSENT over 28 reportable quarters -- (no tag has an in-window operating-form row); union 0%. no tag in this family has a single in-window row from an operating form (10-K/10-Q/8-K + /A). Non-operating forms -- DEF 14A proxy compensation tables above all -- are excluded by design and never count as coverage.
1551152/1551152    FATAL    fundamentals_alias_unresolved liabilities: ABSENT over 44 reportable quarters -- (no tag has an in-window operating-form row); union 0%. no tag in this family has a single in-window row from an operating form (10-K/10-Q/8-K + /A). Non-operating forms -- DEF 14A proxy compensation tables above all -- are excluded by design and never count as coverage.
1551152/1551152    FATAL    fundamentals_alias_unresolved minority_interest: PARTIAL over 44 reportable quarters -- MinorityInterest 26/44 (59%, last 2026Q2); union 59%. the tags' union does not reach the 75% coverage bar, so any series built from them would be silently gapped.
1551182/1551182    FATAL    fundamentals_alias_unresolved net_income_to_common: ABSENT over 12 reportable quarters -- (no tag has an in-window operating-form row); union 0%. no tag in this family has a single in-window row from an operating form (10-K/10-Q/8-K + /A). Non-operating forms -- DEF 14A proxy compensation tables above all -- are excluded by design and never count as coverage.
1551182/1551182    FATAL    fundamentals_alias_unresolved operating_income: ABSENT over 12 reportable quarters -- (no tag has an in-window operating-form row); union 0%. no tag in this family has a single in-window row from an operating form (10-K/10-Q/8-K + /A). Non-operating forms -- DEF 14A proxy compensation tables above all -- are excluded by design and never count as coverage.
1551182/1551182    FATAL    fundamentals_alias_unresolved liabilities: ABSENT over 12 reportable quarters -- (no tag has an in-window operating-form row); union 0%. no tag in this family has a single in-window row from an operating form (10-K/10-Q/8-K + /A). Non-operating forms -- DEF 14A proxy compensation tables above all -- are excluded by design and never count as coverage.
1552000/1552000    FATAL    fundamentals_alias_unresolved net_income_to_common: PARTIAL over 16 reportable quarters -- NetIncomeLossAvailableToCommonStockholdersBasic 2/16 (12%, last 2023Q2); union 12%. the tags' union does not reach the 75% coverage bar, so any series built from them would be silently gapped. It is below the 40% floor where F2_SPEC §5.3's PARTIAL band starts, and is reported as PARTIAL rather than ABSENT because the family does have in-window operating-form rows.
1552000/1552000    FATAL    fundamentals_alias_unresolved operating_income: PARTIAL over 16 reportable quarters -- OperatingIncomeLoss 7/16 (44%, last 2023Q2); union 44%. the tags' union does not reach the 75% coverage bar, so any series built from them would be silently gapped.
1552000/1552000    FATAL    fundamentals_alias_unresolved equity: ABSENT over 16 reportable quarters -- (no tag has an in-window operating-form row); union 0%. no tag in this family has a single in-window row from an operating form (10-K/10-Q/8-K + /A). Non-operating forms -- DEF 14A proxy compensation tables above all -- are excluded by design and never count as coverage.
1552000/1552000    FATAL    fundamentals_alias_unresolved minority_interest: ABSENT over 16 reportable quarters -- (no tag has an in-window operating-form row); union 0%. no tag in this family has a single in-window row from an operating form (10-K/10-Q/8-K + /A). Non-operating forms -- DEF 14A proxy compensation tables above all -- are excluded by design and never count as coverage.
1552000/1552000    FATAL    fundamentals_alias_unresolved eps_diluted: ABSENT over 16 reportable quarters -- (no tag has an in-window operating-form row); union 0%. no tag in this family has a single in-window row from an operating form (10-K/10-Q/8-K + /A). Non-operating forms -- DEF 14A proxy compensation tables above all -- are excluded by design and never count as coverage.
1555280/1555280    FATAL    fundamentals_alias_unresolved net_income_to_common: ABSENT over 32 reportable quarters -- (no tag has an in-window operating-form row); union 0%. no tag in this family has a single in-window row from an operating form (10-K/10-Q/8-K + /A). Non-operating forms -- DEF 14A proxy compensation tables above all -- are excluded by design and never count as coverage.
1555280/1555280    FATAL    fundamentals_alias_unresolved operating_income: ABSENT over 32 reportable quarters -- (no tag has an in-window operating-form row); union 0%. no tag in this family has a single in-window row from an operating form (10-K/10-Q/8-K + /A). Non-operating forms -- DEF 14A proxy compensation tables above all -- are excluded by design and never count as coverage.
1564408/1564408    FATAL    fundamentals_alias_unresolved net_income_to_common: ABSENT over 16 reportable quarters -- (no tag has an in-window operating-form row); union 0%. no tag in this family has a single in-window row from an operating form (10-K/10-Q/8-K + /A). Non-operating forms -- DEF 14A proxy compensation tables above all -- are excluded by design and never count as coverage.
1564408/1564408    FATAL    fundamentals_alias_unresolved minority_interest: ABSENT over 16 reportable quarters -- (no tag has an in-window operating-form row); union 0%. no tag in this family has a single in-window row from an operating form (10-K/10-Q/8-K + /A). Non-operating forms -- DEF 14A proxy compensation tables above all -- are excluded by design and never count as coverage.
1564408/1564408    FATAL    fundamentals_alias_unresolved shares_outstanding: ABSENT over 16 reportable quarters -- (no tag has an in-window operating-form row); union 0%. no tag in this family has a single in-window row from an operating form (10-K/10-Q/8-K + /A). Non-operating forms -- DEF 14A proxy compensation tables above all -- are excluded by design and never count as coverage.
1571949/1571949    FATAL    fundamentals_alias_unresolved net_income_to_common: ABSENT over 32 reportable quarters -- (no tag has an in-window operating-form row); union 0%. no tag in this family has a single in-window row from an operating form (10-K/10-Q/8-K + /A). Non-operating forms -- DEF 14A proxy compensation tables above all -- are excluded by design and never count as coverage.
1578845/1578845    FATAL    fundamentals_alias_unresolved revenue: PARTIAL over 28 reportable quarters -- RevenueFromContractWithCustomerExcludingAssessedTax 14/28 (50%, last 2020Q1), Revenues 11/28 (39%, last 2018Q1); union 68%. the tags' union does not reach the 75% coverage bar, so any series built from them would be silently gapped.
1578845/1578845    FATAL    fundamentals_alias_unresolved net_income: PARTIAL over 28 reportable quarters -- NetIncomeLoss 19/28 (68%, last 2020Q1), ProfitLoss 19/28 (68%, last 2020Q1); union 68%. the tags' union does not reach the 75% coverage bar, so any series built from them would be silently gapped.
1578845/1578845    FATAL    fundamentals_alias_unresolved net_income_to_common: PARTIAL over 28 reportable quarters -- NetIncomeLossAvailableToCommonStockholdersBasic 19/28 (68%, last 2020Q1); union 68%. the tags' union does not reach the 75% coverage bar, so any series built from them would be silently gapped.
1578845/1578845    FATAL    fundamentals_alias_unresolved operating_income: PARTIAL over 28 reportable quarters -- OperatingIncomeLoss 19/28 (68%, last 2020Q1); union 68%. the tags' union does not reach the 75% coverage bar, so any series built from them would be silently gapped.
1578845/1578845    FATAL    fundamentals_alias_unresolved pretax_income: PARTIAL over 28 reportable quarters -- IncomeLossFromContinuingOperationsBeforeIncomeTaxesExtraordinaryItemsNoncontrollingInterest 19/28 (68%, last 2020Q1); union 68%. the tags' union does not reach the 75% coverage bar, so any series built from them would be silently gapped.
1578845/1578845    FATAL    fundamentals_alias_unresolved assets: PARTIAL over 28 reportable quarters -- Assets 19/28 (68%, last 2020Q1); union 68%. the tags' union does not reach the 75% coverage bar, so any series built from them would be silently gapped.
1578845/1578845    FATAL    fundamentals_alias_unresolved liabilities: PARTIAL over 28 reportable quarters -- Liabilities 19/28 (68%, last 2020Q1); union 68%. the tags' union does not reach the 75% coverage bar, so any series built from them would be silently gapped.
1578845/1578845    FATAL    fundamentals_alias_unresolved liabilities_and_equity: PARTIAL over 28 reportable quarters -- LiabilitiesAndStockholdersEquity 19/28 (68%, last 2020Q1); union 68%. the tags' union does not reach the 75% coverage bar, so any series built from them would be silently gapped.
1578845/1578845    FATAL    fundamentals_alias_unresolved equity: PARTIAL over 28 reportable quarters -- StockholdersEquity 19/28 (68%, last 2020Q1), StockholdersEquityIncludingPortionAttributableToNoncontrollingInterest 19/28 (68%, last 2020Q1); union 68%. the tags' union does not reach the 75% coverage bar, so any series built from them would be silently gapped.
1578845/1578845    FATAL    fundamentals_alias_unresolved minority_interest: PARTIAL over 28 reportable quarters -- MinorityInterest 19/28 (68%, last 2020Q1); union 68%. the tags' union does not reach the 75% coverage bar, so any series built from them would be silently gapped.
1578845/1578845    FATAL    fundamentals_alias_unresolved cash: PARTIAL over 28 reportable quarters -- CashAndCashEquivalentsAtCarryingValue 19/28 (68%, last 2020Q1), CashCashEquivalentsRestrictedCashAndRestrictedCashEquivalents 8/28 (29%, last 2020Q1); union 68%. the tags' union does not reach the 75% coverage bar, so any series built from them would be silently gapped.
1578845/1578845    FATAL    fundamentals_alias_unresolved operating_cash_flow: PARTIAL over 28 reportable quarters -- NetCashProvidedByUsedInOperatingActivities 19/28 (68%, last 2020Q1), NetCashProvidedByUsedInOperatingActivitiesContinuingOperations 1/28 (4%, last 2015Q3); union 68%. the tags' union does not reach the 75% coverage bar, so any series built from them would be silently gapped.
1578845/1578845    FATAL    fundamentals_alias_unresolved eps_diluted: PARTIAL over 28 reportable quarters -- EarningsPerShareDiluted 19/28 (68%, last 2020Q1); union 68%. the tags' union does not reach the 75% coverage bar, so any series built from them would be silently gapped.
1578845/1578845    FATAL    fundamentals_alias_unresolved shares_outstanding: PARTIAL over 28 reportable quarters -- EntityCommonStockSharesOutstanding 20/28 (71%, last 2020Q2); union 71%. the tags' union does not reach the 75% coverage bar, so any series built from them would be silently gapped.
1585521/1585521    FATAL    fundamentals_alias_unresolved minority_interest: ABSENT over 20 reportable quarters -- (no tag has an in-window operating-form row); union 0%. no tag in this family has a single in-window row from an operating form (10-K/10-Q/8-K + /A). Non-operating forms -- DEF 14A proxy compensation tables above all -- are excluded by design and never count as coverage.
1585521/1585521    FATAL    fundamentals_alias_unresolved shares_outstanding: ABSENT over 20 reportable quarters -- (no tag has an in-window operating-form row); union 0%. no tag in this family has a single in-window row from an operating form (10-K/10-Q/8-K + /A). Non-operating forms -- DEF 14A proxy compensation tables above all -- are excluded by design and never count as coverage.
1596532/1596532    FATAL    fundamentals_alias_unresolved minority_interest: ABSENT over 12 reportable quarters -- (no tag has an in-window operating-form row); union 0%. no tag in this family has a single in-window row from an operating form (10-K/10-Q/8-K + /A). Non-operating forms -- DEF 14A proxy compensation tables above all -- are excluded by design and never count as coverage.
1613103/1613103    FATAL    fundamentals_alias_unresolved net_income_to_common: PARTIAL over 44 reportable quarters -- NetIncomeLossAvailableToCommonStockholdersBasic 19/44 (43%, last 2021Q1); union 43%. the tags' union does not reach the 75% coverage bar, so any series built from them would be silently gapped.
1618921/1618921    FATAL    fundamentals_alias_unresolved net_income_to_common: ABSENT over 16 reportable quarters -- (no tag has an in-window operating-form row); union 0%. no tag in this family has a single in-window row from an operating form (10-K/10-Q/8-K + /A). Non-operating forms -- DEF 14A proxy compensation tables above all -- are excluded by design and never count as coverage.
1618921/1618921    FATAL    fundamentals_alias_unresolved liabilities: ABSENT over 16 reportable quarters -- (no tag has an in-window operating-form row); union 0%. no tag in this family has a single in-window row from an operating form (10-K/10-Q/8-K + /A). Non-operating forms -- DEF 14A proxy compensation tables above all -- are excluded by design and never count as coverage.
1618921/1618921    FATAL    fundamentals_alias_unresolved eps_diluted: PARTIAL over 16 reportable quarters -- EarningsPerShareDiluted 13/16 (81%, last 2018Q3) [STALE]; union 81%. every tag that cleared the 75% coverage bar is STALE -- its coverage stops more than 2 quarter(s) before 2019Q2, this company's own last quarter with fundamentals data. A tag can clear a bar computed over an 11-year window and still have died years ago; resolving to it is exactly how E1 froze JNJ's operating income at 2015. Stale: EarningsPerShareDiluted.
1633917/1633917    FATAL    fundamentals_alias_unresolved net_income_to_common: PARTIAL over 44 reportable quarters -- NetIncomeLossAvailableToCommonStockholdersBasic 25/44 (57%, last 2026Q1); union 57%. the tags' union does not reach the 75% coverage bar, so any series built from them would be silently gapped.
1633917/1633917    FATAL    fundamentals_alias_unresolved pretax_income: PARTIAL over 44 reportable quarters -- IncomeLossFromContinuingOperationsBeforeIncomeTaxesExtraordinaryItemsNoncontrollingInterest 20/44 (45%, last 2022Q4); union 45%. the tags' union does not reach the 75% coverage bar, so any series built from them would be silently gapped.
1633917/1633917    FATAL    fundamentals_alias_unresolved minority_interest: PARTIAL over 44 reportable quarters -- MinorityInterest 10/44 (23%, last 2021Q4); union 23%. the tags' union does not reach the 75% coverage bar, so any series built from them would be silently gapped. It is below the 40% floor where F2_SPEC §5.3's PARTIAL band starts, and is reported as PARTIAL rather than ABSENT because the family does have in-window operating-form rows.
1637459/1637459    FATAL    fundamentals_alias_unresolved revenue: PARTIAL over 20 reportable quarters -- RevenueFromContractWithCustomerIncludingAssessedTax 14/20 (70%, last 2020Q2); union 70%. the tags' union does not reach the 75% coverage bar, so any series built from them would be silently gapped.
1640147/1640147    FATAL    fundamentals_alias_unresolved net_income_to_common: ABSENT over 16 reportable quarters -- (no tag has an in-window operating-form row); union 0%. no tag in this family has a single in-window row from an operating form (10-K/10-Q/8-K + /A). Non-operating forms -- DEF 14A proxy compensation tables above all -- are excluded by design and never count as coverage.
1645590/1645590    FATAL    fundamentals_alias_unresolved net_income_to_common: ABSENT over 16 reportable quarters -- (no tag has an in-window operating-form row); union 0%. no tag in this family has a single in-window row from an operating form (10-K/10-Q/8-K + /A). Non-operating forms -- DEF 14A proxy compensation tables above all -- are excluded by design and never count as coverage.
1645590/1645590    FATAL    fundamentals_alias_unresolved liabilities: PARTIAL over 16 reportable quarters -- Liabilities 1/16 (6%, last 2018Q4); union 6%. the tags' union does not reach the 75% coverage bar, so any series built from them would be silently gapped. It is below the 40% floor where F2_SPEC §5.3's PARTIAL band starts, and is reported as PARTIAL rather than ABSENT because the family does have in-window operating-form rows.
1645590/1645590    FATAL    fundamentals_alias_unresolved minority_interest: PARTIAL over 16 reportable quarters -- MinorityInterest 8/16 (50%, last 2020Q2); union 50%. the tags' union does not reach the 75% coverage bar, so any series built from them would be silently gapped.
1652044/1652044    FATAL    fundamentals_alias_unresolved net_income_to_common: PARTIAL over 40 reportable quarters -- NetIncomeLossAvailableToCommonStockholdersBasic 17/40 (42%, last 2026Q2); union 42%. the tags' union does not reach the 75% coverage bar, so any series built from them would be silently gapped.
1652044/1652044    FATAL    fundamentals_alias_unresolved minority_interest: ABSENT over 40 reportable quarters -- (no tag has an in-window operating-form row); union 0%. no tag in this family has a single in-window row from an operating form (10-K/10-Q/8-K + /A). Non-operating forms -- DEF 14A proxy compensation tables above all -- are excluded by design and never count as coverage.
1652044/1652044    FATAL    fundamentals_alias_unresolved shares_outstanding: ABSENT over 40 reportable quarters -- (no tag has an in-window operating-form row); union 0%. no tag in this family has a single in-window row from an operating form (10-K/10-Q/8-K + /A). Non-operating forms -- DEF 14A proxy compensation tables above all -- are excluded by design and never count as coverage.
1666700/1666700    FATAL    fundamentals_alias_unresolved operating_income: ABSENT over 20 reportable quarters -- (no tag has an in-window operating-form row); union 0%. no tag in this family has a single in-window row from an operating form (10-K/10-Q/8-K + /A). Non-operating forms -- DEF 14A proxy compensation tables above all -- are excluded by design and never count as coverage.
1682852/1682852    FATAL    fundamentals_alias_unresolved net_income_to_common: PARTIAL over 16 reportable quarters -- NetIncomeLossAvailableToCommonStockholdersBasic 1/16 (6%, last 2020Q4); union 6%. the tags' union does not reach the 75% coverage bar, so any series built from them would be silently gapped. It is below the 40% floor where F2_SPEC §5.3's PARTIAL band starts, and is reported as PARTIAL rather than ABSENT because the family does have in-window operating-form rows.
1682852/1682852    FATAL    fundamentals_alias_unresolved minority_interest: ABSENT over 16 reportable quarters -- (no tag has an in-window operating-form row); union 0%. no tag in this family has a single in-window row from an operating form (10-K/10-Q/8-K + /A). Non-operating forms -- DEF 14A proxy compensation tables above all -- are excluded by design and never count as coverage.
1707925/1707925    FATAL    fundamentals_alias_unresolved net_income_to_common: ABSENT over 28 reportable quarters -- (no tag has an in-window operating-form row); union 0%. no tag in this family has a single in-window row from an operating form (10-K/10-Q/8-K + /A). Non-operating forms -- DEF 14A proxy compensation tables above all -- are excluded by design and never count as coverage.
1730168/1730168    FATAL    fundamentals_alias_unresolved net_income_to_common: PARTIAL over 32 reportable quarters -- NetIncomeLossAvailableToCommonStockholdersBasic 24/32 (75%, last 2024Q4) [STALE]; union 75%. every tag that cleared the 75% coverage bar is STALE -- its coverage stops more than 2 quarter(s) before 2026Q2, this company's own last quarter with fundamentals data. A tag can clear a bar computed over an 11-year window and still have died years ago; resolving to it is exactly how E1 froze JNJ's operating income at 2015. Stale: NetIncomeLossAvailableToCommonStockholdersBasic.
1730168/1730168    FATAL    fundamentals_alias_unresolved minority_interest: PARTIAL over 32 reportable quarters -- MinorityInterest 2/32 (6%, last 2018Q4); union 6%. the tags' union does not reach the 75% coverage bar, so any series built from them would be silently gapped. It is below the 40% floor where F2_SPEC §5.3's PARTIAL band starts, and is reported as PARTIAL rather than ABSENT because the family does have in-window operating-form rows.
1739940/1739940    FATAL    fundamentals_alias_unresolved net_income_to_common: PARTIAL over 28 reportable quarters -- NetIncomeLossAvailableToCommonStockholdersBasic 25/28 (89%, last 2025Q3) [STALE]; union 89%. every tag that cleared the 75% coverage bar is STALE -- its coverage stops more than 2 quarter(s) before 2026Q2, this company's own last quarter with fundamentals data. A tag can clear a bar computed over an 11-year window and still have died years ago; resolving to it is exactly how E1 froze JNJ's operating income at 2015. Stale: NetIncomeLossAvailableToCommonStockholdersBasic.
1744489/1744489    FATAL    fundamentals_alias_unresolved net_income_to_common: ABSENT over 28 reportable quarters -- (no tag has an in-window operating-form row); union 0%. no tag in this family has a single in-window row from an operating form (10-K/10-Q/8-K + /A). Non-operating forms -- DEF 14A proxy compensation tables above all -- are excluded by design and never count as coverage.
1744489/1744489    FATAL    fundamentals_alias_unresolved liabilities: ABSENT over 28 reportable quarters -- (no tag has an in-window operating-form row); union 0%. no tag in this family has a single in-window row from an operating form (10-K/10-Q/8-K + /A). Non-operating forms -- DEF 14A proxy compensation tables above all -- are excluded by design and never count as coverage.
1751788/1751788    FATAL    fundamentals_alias_unresolved operating_income: ABSENT over 24 reportable quarters -- (no tag has an in-window operating-form row); union 0%. no tag in this family has a single in-window row from an operating form (10-K/10-Q/8-K + /A). Non-operating forms -- DEF 14A proxy compensation tables above all -- are excluded by design and never count as coverage.
1751788/1751788    FATAL    fundamentals_alias_unresolved liabilities: ABSENT over 24 reportable quarters -- (no tag has an in-window operating-form row); union 0%. no tag in this family has a single in-window row from an operating form (10-K/10-Q/8-K + /A). Non-operating forms -- DEF 14A proxy compensation tables above all -- are excluded by design and never count as coverage.
1782754/1782754    FATAL    fundamentals_alias_unresolved revenue: PARTIAL over 16 reportable quarters -- Revenues 11/16 (69%, last 2025Q1); union 69%. the tags' union does not reach the 75% coverage bar, so any series built from them would be silently gapped.
1782754/1782754    FATAL    fundamentals_alias_unresolved net_income: PARTIAL over 16 reportable quarters -- NetIncomeLoss 11/16 (69%, last 2025Q1); union 69%. the tags' union does not reach the 75% coverage bar, so any series built from them would be silently gapped.
1782754/1782754    FATAL    fundamentals_alias_unresolved net_income_to_common: PARTIAL over 16 reportable quarters -- NetIncomeLossAvailableToCommonStockholdersBasic 11/16 (69%, last 2025Q1); union 69%. the tags' union does not reach the 75% coverage bar, so any series built from them would be silently gapped.
1782754/1782754    FATAL    fundamentals_alias_unresolved operating_income: PARTIAL over 16 reportable quarters -- OperatingIncomeLoss 11/16 (69%, last 2025Q1); union 69%. the tags' union does not reach the 75% coverage bar, so any series built from them would be silently gapped.
1782754/1782754    FATAL    fundamentals_alias_unresolved pretax_income: PARTIAL over 16 reportable quarters -- IncomeLossFromContinuingOperationsBeforeIncomeTaxesExtraordinaryItemsNoncontrollingInterest 11/16 (69%, last 2025Q1); union 69%. the tags' union does not reach the 75% coverage bar, so any series built from them would be silently gapped.
1782754/1782754    FATAL    fundamentals_alias_unresolved assets: PARTIAL over 16 reportable quarters -- Assets 11/16 (69%, last 2025Q1); union 69%. the tags' union does not reach the 75% coverage bar, so any series built from them would be silently gapped.
1782754/1782754    FATAL    fundamentals_alias_unresolved liabilities: PARTIAL over 16 reportable quarters -- Liabilities 11/16 (69%, last 2025Q1); union 69%. the tags' union does not reach the 75% coverage bar, so any series built from them would be silently gapped.
1782754/1782754    FATAL    fundamentals_alias_unresolved liabilities_and_equity: PARTIAL over 16 reportable quarters -- LiabilitiesAndStockholdersEquity 11/16 (69%, last 2025Q1); union 69%. the tags' union does not reach the 75% coverage bar, so any series built from them would be silently gapped.
1782754/1782754    FATAL    fundamentals_alias_unresolved equity: PARTIAL over 16 reportable quarters -- StockholdersEquity 11/16 (69%, last 2025Q1); union 69%. the tags' union does not reach the 75% coverage bar, so any series built from them would be silently gapped.
1782754/1782754    FATAL    fundamentals_alias_unresolved minority_interest: ABSENT over 16 reportable quarters -- (no tag has an in-window operating-form row); union 0%. no tag in this family has a single in-window row from an operating form (10-K/10-Q/8-K + /A). Non-operating forms -- DEF 14A proxy compensation tables above all -- are excluded by design and never count as coverage.
1782754/1782754    FATAL    fundamentals_alias_unresolved cash: PARTIAL over 16 reportable quarters -- CashAndCashEquivalentsAtCarryingValue 11/16 (69%, last 2025Q1), CashCashEquivalentsRestrictedCashAndRestrictedCashEquivalentsIncludingDisposalGroupAndDiscontinuedOperations 11/16 (69%, last 2025Q1); union 69%. the tags' union does not reach the 75% coverage bar, so any series built from them would be silently gapped.
1782754/1782754    FATAL    fundamentals_alias_unresolved operating_cash_flow: PARTIAL over 16 reportable quarters -- NetCashProvidedByUsedInOperatingActivities 11/16 (69%, last 2025Q1); union 69%. the tags' union does not reach the 75% coverage bar, so any series built from them would be silently gapped.
1782754/1782754    FATAL    fundamentals_alias_unresolved eps_diluted: PARTIAL over 16 reportable quarters -- EarningsPerShareDiluted 11/16 (69%, last 2025Q1); union 69%. the tags' union does not reach the 75% coverage bar, so any series built from them would be silently gapped.
1782754/1782754    FATAL    fundamentals_alias_unresolved shares_outstanding: ABSENT over 16 reportable quarters -- (no tag has an in-window operating-form row); union 0%. no tag in this family has a single in-window row from an operating form (10-K/10-Q/8-K + /A). Non-operating forms -- DEF 14A proxy compensation tables above all -- are excluded by design and never count as coverage.
1868275/1868275    FATAL    fundamentals_alias_unresolved net_income_to_common: ABSENT over 12 reportable quarters -- (no tag has an in-window operating-form row); union 0%. no tag in this family has a single in-window row from an operating form (10-K/10-Q/8-K + /A). Non-operating forms -- DEF 14A proxy compensation tables above all -- are excluded by design and never count as coverage.
1996810/1996810    FATAL    fundamentals_alias_unresolved net_income_to_common: ABSENT over 8 reportable quarters -- (no tag has an in-window operating-form row); union 0%. no tag in this family has a single in-window row from an operating form (10-K/10-Q/8-K + /A). Non-operating forms -- DEF 14A proxy compensation tables above all -- are excluded by design and never count as coverage.

711 FATAL finding(s). Writing /Users/vihanpatil/personal/projects/FinScreen/data/fundamentals_e2.parquet anyway (fundamentals sourcing is not gated the way ingest_metadata.py's universe validation is -- these are reported for the record and for F5 to consume via concept_resolution.csv, not a hard stop on an otherwise-successful companyfacts pull). An UNRESOLVED (cik, family) pair must NOT be used to build a series.

Wrote 619597 rows to /Users/vihanpatil/personal/projects/FinScreen/data/fundamentals_e2.parquet
