Pulling companyfacts for 244 companies (30 tags across 14 families each)...
  1800 (CIK 1800): 2633 fact rows
  2488 (CIK 2488): 2367 fact rows
  2969 (CIK 2969): 3211 fact rows
  3570 (CIK 3570): 3028 fact rows
  4281 (CIK 4281): 2990 fact rows
  4447 (CIK 4447): 2615 fact rows
  4904 (CIK 4904): 3576 fact rows
  5272 (CIK 5272): 3424 fact rows
  6769 (CIK 6769): 2811 fact rows
  6951 (CIK 6951): 2626 fact rows
  8670 (CIK 8670): 2315 fact rows
  10795 (CIK 10795): 2268 fact rows
  12927 (CIK 12927): 3213 fact rows
  14272 (CIK 14272): 2913 fact rows
  18230 (CIK 18230): 3077 fact rows
  19617 (CIK 19617): 2704 fact rows
  21344 (CIK 21344): 2713 fact rows
  21665 (CIK 21665): 3196 fact rows
  24741 (CIK 24741): 2744 fact rows
  27419 (CIK 27419): 2597 fact rows
  29915 (CIK 29915): 1463 fact rows
  30554 (CIK 30554): 1453 fact rows
  31462 (CIK 31462): 3492 fact rows
  32604 (CIK 32604): 2657 fact rows
  33213 (CIK 33213): 3033 fact rows
  34088 (CIK 34088): 2603 fact rows
  36104 (CIK 36104): 2974 fact rows
  37996 (CIK 37996): 3336 fact rows
  40533 (CIK 40533): 2175 fact rows
  45012 (CIK 45012): 2791 fact rows
  47217 (CIK 47217): 2437 fact rows
  49071 (CIK 49071): 3102 fact rows
  49826 (CIK 49826): 2429 fact rows
  50863 (CIK 50863): 2188 fact rows
  51143 (CIK 51143): 2712 fact rows
  55785 (CIK 55785): 2695 fact rows
  59478 (CIK 59478): 2401 fact rows
  60667 (CIK 60667): 2538 fact rows
  62709 (CIK 62709): 2789 fact rows
  63908 (CIK 63908): 2443 fact rows
  64040 (CIK 64040): 3478 fact rows
  64803 (CIK 64803): 3339 fact rows
  66740 (CIK 66740): 3613 fact rows
  70858 (CIK 70858): 2886 fact rows
  72741 (CIK 72741): 2569 fact rows
  72903 (CIK 72903): 2776 fact rows
  72971 (CIK 72971): 2910 fact rows
  73309 (CIK 73309): 3247 fact rows
  77476 (CIK 77476): 3033 fact rows
  78003 (CIK 78003): 2765 fact rows
  79879 (CIK 79879): 3255 fact rows
  80424 (CIK 80424): 3033 fact rows
  80661 (CIK 80661): 2722 fact rows
  86312 (CIK 86312): 2869 fact rows
  87347 (CIK 87347): 2982 fact rows
  89800 (CIK 89800): 2720 fact rows
  92122 (CIK 92122): 2978 fact rows
  92230 (CIK 92230): 2695 fact rows
  93410 (CIK 93410): 2881 fact rows
  97476 (CIK 97476): 2561 fact rows
  97745 (CIK 97745): 3016 fact rows
  100885 (CIK 100885): 2958 fact rows
  101829 (CIK 101829): 3133 fact rows
  104169 (CIK 104169): 3464 fact rows
  106040 (CIK 106040): 2642 fact rows
  106535 (CIK 106535): 2738 fact rows
  107263 (CIK 107263): 3241 fact rows
  109198 (CIK 109198): 2442 fact rows
  200406 (CIK 200406): 2440 fact rows
  310158 (CIK 310158): 2512 fact rows
  310764 (CIK 310764): 2563 fact rows
  313616 (CIK 313616): 2900 fact rows
  315189 (CIK 315189): 3642 fact rows
  315293 (CIK 315293): 3339 fact rows
  316709 (CIK 316709): 2767 fact rows
  318154 (CIK 318154): 2618 fact rows
  320187 (CIK 320187): 1825 fact rows
  320193 (CIK 320193): 2556 fact rows
  354950 (CIK 354950): 2337 fact rows
  701221 (CIK 701221): 1654 fact rows
  707549 (CIK 707549): 2155 fact rows
  712515 (CIK 712515): 2477 fact rows
  713676 (CIK 713676): 3017 fact rows
  715957 (CIK 715957): 3785 fact rows
  718877 (CIK 718877): 2476 fact rows
  723125 (CIK 723125): 2958 fact rows
  726728 (CIK 726728): 2363 fact rows
  731766 (CIK 731766): 2849 fact rows
  732712 (CIK 732712): 3201 fact rows
  732717 (CIK 732717): 3354 fact rows
  753308 (CIK 753308): 2804 fact rows
  764180 (CIK 764180): 3123 fact rows
  766704 (CIK 766704): 3214 fact rows
  769397 (CIK 769397): 2489 fact rows
  773840 (CIK 773840): 2659 fact rows
  773910 (CIK 773910): 1727 fact rows
  788784 (CIK 788784): 2683 fact rows
  789019 (CIK 789019): 2694 fact rows
  790070 (CIK 790070): 1326 fact rows
  797468 (CIK 797468): 2725 fact rows
  798354 (CIK 798354): 2736 fact rows
  804328 (CIK 804328): 3081 fact rows
  804753 (CIK 804753): 1838 fact rows
  813672 (CIK 813672): 1952 fact rows
  816284 (CIK 816284): 1659 fact rows
  821189 (CIK 821189): 2468 fact rows
  823768 (CIK 823768): 3277 fact rows
  827052 (CIK 827052): 3166 fact rows
  829224 (CIK 829224): 3046 fact rows
  831001 (CIK 831001): 3854 fact rows
  831259 (CIK 831259): 3411 fact rows
  849395 (CIK 849395): 608 fact rows
  849399 (CIK 849399): 2441 fact rows
  858877 (CIK 858877): 2588 fact rows
  872589 (CIK 872589): 2563 fact rows
  875045 (CIK 875045): 3146 fact rows
  875320 (CIK 875320): 3211 fact rows
  882095 (CIK 882095): 2965 fact rows
  884905 (CIK 884905): 1673 fact rows
  885725 (CIK 885725): 2441 fact rows
  886982 (CIK 886982): 2573 fact rows
  895126 (CIK 895126): 3284 fact rows
  895421 (CIK 895421): 3703 fact rows
  895728 (CIK 895728): 2674 fact rows
  896159 (CIK 896159): 2285 fact rows
  896878 (CIK 896878): 2656 fact rows
  906107 (CIK 906107): 3352 fact rows
  915912 (CIK 915912): 3147 fact rows
  922224 (CIK 922224): 2990 fact rows
  927628 (CIK 927628): 2670 fact rows
  927653 (CIK 927653): 2760 fact rows
  936402 (CIK 936402): 1558 fact rows
  936468 (CIK 936468): 2707 fact rows
  1001039 (CIK 1001039): 1703 fact rows
  1001250 (CIK 1001250): 2465 fact rows
  1012569 (CIK 1012569): 1293 fact rows
  1018724 (CIK 1018724): 2868 fact rows
  1032208 (CIK 1032208): 2664 fact rows
  1034054 (CIK 1034054): 2867 fact rows
  1035002 (CIK 1035002): 3041 fact rows
  1035267 (CIK 1035267): 2738 fact rows
  1038357 (CIK 1038357): 2186 fact rows
  1039684 (CIK 1039684): 3313 fact rows
  1045609 (CIK 1045609): 3051 fact rows
  1045810 (CIK 1045810): 2506 fact rows
  1047122 (CIK 1047122): 1848 fact rows
  1047862 (CIK 1047862): 2600 fact rows
  1051470 (CIK 1051470): 3129 fact rows
  1053507 (CIK 1053507): 3436 fact rows
  1058290 (CIK 1058290): 2604 fact rows
  1060391 (CIK 1060391): 3388 fact rows
  1061219 (CIK 1061219): 3098 fact rows
  1063761 (CIK 1063761): 3321 fact rows
  1065088 (CIK 1065088): 2636 fact rows
  1065280 (CIK 1065280): 2874 fact rows
  1067983 (CIK 1067983): 2764 fact rows
  1075531 (CIK 1075531): 2475 fact rows
  1090012 (CIK 1090012): 3101 fact rows
  1090727 (CIK 1090727): 2791 fact rows
  1091667 (CIK 1091667): 2718 fact rows
  1099219 (CIK 1099219): 3882 fact rows
  1099590 (CIK 1099590): 2990 fact rows
  1099800 (CIK 1099800): 2331 fact rows
  1101239 (CIK 1101239): 2895 fact rows
  1103982 (CIK 1103982): 3086 fact rows
  1105705 (CIK 1105705): 1410 fact rows
  1108524 (CIK 1108524): 2964 fact rows
  1109357 (CIK 1109357): 3020 fact rows
  1110803 (CIK 1110803): 2392 fact rows
  1122304 (CIK 1122304): 1511 fact rows
  1123360 (CIK 1123360): 3381 fact rows
  1126975 (CIK 1126975): 1743 fact rows
  1133421 (CIK 1133421): 2646 fact rows
  1136893 (CIK 1136893): 3063 fact rows
  1137774 (CIK 1137774): 3117 fact rows
  1137789 (CIK 1137789): 2304 fact rows
  1141391 (CIK 1141391): 3021 fact rows
  1156039 (CIK 1156039): 3121 fact rows
  1156375 (CIK 1156375): 3091 fact rows
  1161154 (CIK 1161154): 1618 fact rows
  1163165 (CIK 1163165): 2831 fact rows
  1164727 (CIK 1164727): 3360 fact rows
  1166691 (CIK 1166691): 3042 fact rows
  1222333 (CIK 1222333): 1408 fact rows
  1271024 (CIK 1271024): 739 fact rows
  1276187 (CIK 1276187): 3088 fact rows
  1283699 (CIK 1283699): 2750 fact rows
  1297996 (CIK 1297996): 2997 fact rows
  1318220 (CIK 1318220): 2324 fact rows
  1318605 (CIK 1318605): 2740 fact rows
  1321655 (CIK 1321655): 1012 fact rows
  1326801 (CIK 1326801): 2101 fact rows
  1327567 (CIK 1327567): 2167 fact rows
  1341439 (CIK 1341439): 2329 fact rows
  1358071 (CIK 1358071): 1332 fact rows
  1364742 (CIK 1364742): 2726 fact rows
  1373715 (CIK 1373715): 2081 fact rows
  1373835 (CIK 1373835): 1444 fact rows
  1389170 (CIK 1389170): 2986 fact rows
  1390777 (CIK 1390777): 3073 fact rows
  1393612 (CIK 1393612): 2845 fact rows
  1393818 (CIK 1393818): 2770 fact rows
  1403161 (CIK 1403161): 2232 fact rows
  1404912 (CIK 1404912): 2449 fact rows
  1413329 (CIK 1413329): 3116 fact rows
  1418091 (CIK 1418091): 1251 fact rows
  1467858 (CIK 1467858): 3272 fact rows
  1483096 (CIK 1483096): 1301 fact rows
  1489393 (CIK 1489393): 2668 fact rows
  1506307 (CIK 1506307): 2864 fact rows
  1510295 (CIK 1510295): 3094 fact rows
  1512673 (CIK 1512673): 1734 fact rows
  1532063 (CIK 1532063): 1432 fact rows
  1534701 (CIK 1534701): 2442 fact rows
  1535527 (CIK 1535527): 1233 fact rows
  1539838 (CIK 1539838): 2784 fact rows
  1543151 (CIK 1543151): 1458 fact rows
  1551152 (CIK 1551152): 2218 fact rows
  1551182 (CIK 1551182): 2234 fact rows
  1552000 (CIK 1552000): 2298 fact rows
  1555280 (CIK 1555280): 2250 fact rows
  1564408 (CIK 1564408): 1417 fact rows
  1571949 (CIK 1571949): 2434 fact rows
  1578845 (CIK 1578845): 1382 fact rows
  1585521 (CIK 1585521): 1188 fact rows
  1596532 (CIK 1596532): 2055 fact rows
  1613103 (CIK 1613103): 2108 fact rows
  1618921 (CIK 1618921): 1977 fact rows
  1633917 (CIK 1633917): 1884 fact rows
  1637459 (CIK 1637459): 2516 fact rows
  1640147 (CIK 1640147): 966 fact rows
  1645590 (CIK 1645590): 1615 fact rows
  1652044 (CIK 1652044): 1608 fact rows
  1666700 (CIK 1666700): 1906 fact rows
  1682852 (CIK 1682852): 1228 fact rows
  1692819 (CIK 1692819): 1754 fact rows
  1707925 (CIK 1707925): 1492 fact rows
  1730168 (CIK 1730168): 1538 fact rows
  1739940 (CIK 1739940): 1460 fact rows
  1744489 (CIK 1744489): 1441 fact rows
  1751788 (CIK 1751788): 1460 fact rows
  1782754 (CIK 1782754): 978 fact rows
  1868275 (CIK 1868275): 906 fact rows
  1996810 (CIK 1996810): 416 fact rows

Total EDGAR network GETs this run: 0
Total fundamentals rows: 622661

==============================================================================
SECTOR CONCENTRATION: no BLOCKER -- no (sector, family) cell is above 20% UNRESOLVED.
==============================================================================

BLOCKER exemptions (4 in BLOCKER_EXEMPT_CELLS; they suppress table rows only -- every per-company UNRESOLVED row is still emitted as FATAL):
  [suppressed 6] (*, liabilities): energy 18/32, industrials 10/19, utilities 11/21, consumer 15/33, healthcare 10/32, materials_realestate 6/28
      reason: Total liabilities is ABSENT-dominated for 21-56% of members in 7 of 8 sectors -- a filer-taxonomy choice, not a gap. F5 NOTE: the quantity is derivable as liabilities_and_equity - equity, both of which resolve far more widely; that derivation is F5's call to make in the open, which is why the tags stay in separate families.
  [suppressed 8] (*, minority_interest): tech 34/42, financials 19/37, healthcare 15/32, energy 14/32, utilities 9/21, consumer 11/33, industrials 6/19, materials_realestate 6/28
      reason: MinorityInterest exists only for a filer with non-wholly-owned subsidiaries; its absence is the company's structure, not a gap.
  [suppressed 8] (*, net_income_to_common): industrials 17/19, tech 36/42, healthcare 25/32, consumer 22/33, utilities 13/21, energy 16/32, financials 17/37, materials_realestate 12/28
      reason: NetIncomeLossAvailableToCommonStockholdersBasic differs from net income only when preferred dividends exist; most filers have none.
  [suppressed 5] (*, operating_income): financials 23/37, energy 10/32, materials_realestate 8/28, healthcare 8/32, industrials 4/19
      reason: E1's HANDOFF §2a trap (a) generalises well past banks: MEASURED at 244 scale, operating_income is UNRESOLVED for 31% of energy, 25% of healthcare, 29% of materials_realestate and 21% of industrials members. Presenting a GAAP operating-income line is a sector-correlated reporting style, not a data quality signal, so F5 must treat operating_income as a NON-UNIVERSAL feature; pretax_income is the resolving fallback family.

Concept-family resolution (companies per state):
family                     SINGLE  MIGRATION   DOMINANT    OVERLAP    PARTIAL     ABSENT
revenue                       172         17         35          3         11          6
net_income                    111          1        128          0          4          0
net_income_to_common           86          0          0          0         45        113
operating_income              185          0          0          0         10         49
pretax_income                 183         38          7          1         11          4
assets                        244          0          0          0          0          0
liabilities                   166          0          0          0          7         71
liabilities_and_equity        243          0          0          0          0          1
equity                         97          1        144          1          0          1
minority_interest             130          0          0          0         39         75
cash                           70          5        166          2          1          0
operating_cash_flow           222         11          9          1          1          0
eps_diluted                   232          2          0          0          6          4
shares_outstanding            214          0          0          0         12         18

497 UNRESOLVED (cik, family) pair(s) of 3416; resolution written to /Users/vihanpatil/personal/projects/FinScreen/data/f2/concept_resolution.csv
Reporting currency: 1 member(s) with a resolved non-USD family (CIK 895728) -- F2 does NOT convert; see the fundamentals_non_usd_reporting WARNs
companyfacts tail lag: 1 member(s) >= 2 periodic filings behind (WARN), 21 exactly one behind (INFO, the ordinary propagation lag)

validate_universe(): 532 problem(s) found (497 FATAL / 14 WARN / 21 INFO):
subject            severity check                        message
--------------------------------------------------------------------------------------------------------------
1800/1800          FATAL    fundamentals_alias_unresolved liabilities: ABSENT over 43 reportable quarters -- (no tag has an in-window operating-form row); union 0%. no tag in this family has a single in-window row from an operating form (10-K/10-Q/8-K + /A). Non-operating forms -- DEF 14A proxy compensation tables above all -- are excluded by design and never count as coverage.
1800/1800          FATAL    fundamentals_alias_unresolved shares_outstanding: PARTIAL over 43 reportable quarters -- EntityCommonStockSharesOutstanding 32/43 (74%, last 2026Q1); union 74%. the tags' union does not reach the 75% coverage bar, so any series built from them would be silently gapped.
2488/2488          FATAL    fundamentals_alias_unresolved net_income_to_common: ABSENT over 28 reportable quarters -- (no tag has an in-window operating-form row); union 0%. no tag in this family has a single in-window row from an operating form (10-K/10-Q/8-K + /A). Non-operating forms -- DEF 14A proxy compensation tables above all -- are excluded by design and never count as coverage.
2488/2488          FATAL    fundamentals_alias_unresolved liabilities: ABSENT over 28 reportable quarters -- (no tag has an in-window operating-form row); union 0%. no tag in this family has a single in-window row from an operating form (10-K/10-Q/8-K + /A). Non-operating forms -- DEF 14A proxy compensation tables above all -- are excluded by design and never count as coverage.
2488/2488          FATAL    fundamentals_alias_unresolved minority_interest: ABSENT over 28 reportable quarters -- (no tag has an in-window operating-form row); union 0%. no tag in this family has a single in-window row from an operating form (10-K/10-Q/8-K + /A). Non-operating forms -- DEF 14A proxy compensation tables above all -- are excluded by design and never count as coverage.
2969/2969          FATAL    fundamentals_alias_unresolved net_income_to_common: ABSENT over 44 reportable quarters -- (no tag has an in-window operating-form row); union 0%. no tag in this family has a single in-window row from an operating form (10-K/10-Q/8-K + /A). Non-operating forms -- DEF 14A proxy compensation tables above all -- are excluded by design and never count as coverage.
4281/4281          FATAL    fundamentals_alias_unresolved minority_interest: ABSENT over 8 reportable quarters -- (no tag has an in-window operating-form row); union 0%. no tag in this family has a single in-window row from an operating form (10-K/10-Q/8-K + /A). Non-operating forms -- DEF 14A proxy compensation tables above all -- are excluded by design and never count as coverage.
4447/4447          FATAL    fundamentals_alias_unresolved net_income_to_common: PARTIAL over 39 reportable quarters -- NetIncomeLossAvailableToCommonStockholdersBasic 26/39 (67%, last 2024Q4); union 67%. the tags' union does not reach the 75% coverage bar, so any series built from them would be silently gapped.
4447/4447          FATAL    fundamentals_alias_unresolved operating_income: ABSENT over 39 reportable quarters -- (no tag has an in-window operating-form row); union 0%. no tag in this family has a single in-window row from an operating form (10-K/10-Q/8-K + /A). Non-operating forms -- DEF 14A proxy compensation tables above all -- are excluded by design and never count as coverage.
5272/5272          FATAL    fundamentals_alias_unresolved operating_income: ABSENT over 28 reportable quarters -- (no tag has an in-window operating-form row); union 0%. no tag in this family has a single in-window row from an operating form (10-K/10-Q/8-K + /A). Non-operating forms -- DEF 14A proxy compensation tables above all -- are excluded by design and never count as coverage.
6769/6769          FATAL    fundamentals_alias_unresolved revenue: OVERLAP over 24 reportable quarters -- Revenues 17/24 (71%, last 2020Q4), RevenueFromContractWithCustomerIncludingAssessedTax 15/24 (62%, last 2021Q2), RevenueFromContractWithCustomerExcludingAssessedTax 8/24 (33%, last 2019Q4) [STALE]; union 79%. two or more tags share quarters and NONE of them clears the 75% coverage bar, so there is no dominant tag to prefer and no migration pattern to follow -- genuine ambiguity. The classifier will not pick one, and there is no per-ticker override. F5 must refuse to build this series.
6769/6769          FATAL    fundamentals_alias_unresolved liabilities: ABSENT over 24 reportable quarters -- (no tag has an in-window operating-form row); union 0%. no tag in this family has a single in-window row from an operating form (10-K/10-Q/8-K + /A). Non-operating forms -- DEF 14A proxy compensation tables above all -- are excluded by design and never count as coverage.
6769/6769          FATAL    fundamentals_alias_unresolved minority_interest: PARTIAL over 24 reportable quarters -- MinorityInterest 13/24 (54%, last 2018Q3); union 54%. the tags' union does not reach the 75% coverage bar, so any series built from them would be silently gapped.
6951/6951          FATAL    fundamentals_alias_unresolved net_income_to_common: ABSENT over 44 reportable quarters -- (no tag has an in-window operating-form row); union 0%. no tag in this family has a single in-window row from an operating form (10-K/10-Q/8-K + /A). Non-operating forms -- DEF 14A proxy compensation tables above all -- are excluded by design and never count as coverage.
6951/6951          FATAL    fundamentals_alias_unresolved minority_interest: ABSENT over 44 reportable quarters -- (no tag has an in-window operating-form row); union 0%. no tag in this family has a single in-window row from an operating form (10-K/10-Q/8-K + /A). Non-operating forms -- DEF 14A proxy compensation tables above all -- are excluded by design and never count as coverage.
8670/8670          FATAL    fundamentals_alias_unresolved net_income_to_common: ABSENT over 44 reportable quarters -- (no tag has an in-window operating-form row); union 0%. no tag in this family has a single in-window row from an operating form (10-K/10-Q/8-K + /A). Non-operating forms -- DEF 14A proxy compensation tables above all -- are excluded by design and never count as coverage.
8670/8670          FATAL    fundamentals_alias_unresolved operating_income: ABSENT over 44 reportable quarters -- (no tag has an in-window operating-form row); union 0%. no tag in this family has a single in-window row from an operating form (10-K/10-Q/8-K + /A). Non-operating forms -- DEF 14A proxy compensation tables above all -- are excluded by design and never count as coverage.
8670/8670          FATAL    fundamentals_alias_unresolved minority_interest: ABSENT over 44 reportable quarters -- (no tag has an in-window operating-form row); union 0%. no tag in this family has a single in-window row from an operating form (10-K/10-Q/8-K + /A). Non-operating forms -- DEF 14A proxy compensation tables above all -- are excluded by design and never count as coverage.
10795/10795        FATAL    fundamentals_alias_unresolved net_income_to_common: PARTIAL over 36 reportable quarters -- NetIncomeLossAvailableToCommonStockholdersBasic 30/36 (83%, last 2025Q3) [STALE]; union 83%. every tag that cleared the 75% coverage bar is STALE -- its coverage stops more than 2 quarter(s) before 2026Q2, this company's own last quarter with fundamentals data. A tag can clear a bar computed over an 11-year window and still have died years ago; resolving to it is exactly how E1 froze JNJ's operating income at 2015. Stale: NetIncomeLossAvailableToCommonStockholdersBasic.
10795/10795        FATAL    fundamentals_alias_unresolved liabilities: ABSENT over 36 reportable quarters -- (no tag has an in-window operating-form row); union 0%. no tag in this family has a single in-window row from an operating form (10-K/10-Q/8-K + /A). Non-operating forms -- DEF 14A proxy compensation tables above all -- are excluded by design and never count as coverage.
10795/10795        FATAL    fundamentals_alias_unresolved minority_interest: ABSENT over 36 reportable quarters -- (no tag has an in-window operating-form row); union 0%. no tag in this family has a single in-window row from an operating form (10-K/10-Q/8-K + /A). Non-operating forms -- DEF 14A proxy compensation tables above all -- are excluded by design and never count as coverage.
10795/10795        FATAL    fundamentals_alias_unresolved operating_cash_flow: OVERLAP over 36 reportable quarters -- NetCashProvidedByUsedInOperatingActivities 21/36 (58%, last 2025Q4), NetCashProvidedByUsedInOperatingActivitiesContinuingOperations 21/36 (58%, last 2026Q2); union 100%. two or more tags share quarters and NONE of them clears the 75% coverage bar, so there is no dominant tag to prefer and no migration pattern to follow -- genuine ambiguity. The classifier will not pick one, and there is no per-ticker override. F5 must refuse to build this series.
12927/12927        FATAL    fundamentals_alias_unresolved net_income_to_common: PARTIAL over 44 reportable quarters -- NetIncomeLossAvailableToCommonStockholdersBasic 13/44 (30%, last 2026Q2); union 30%. the tags' union does not reach the 75% coverage bar, so any series built from them would be silently gapped. It is below the 40% floor where F2_SPEC §5.3's PARTIAL band starts, and is reported as PARTIAL rather than ABSENT because the family does have in-window operating-form rows.
12927/12927        FATAL    fundamentals_alias_unresolved liabilities: PARTIAL over 44 reportable quarters -- Liabilities 27/44 (61%, last 2026Q2); union 61%. the tags' union does not reach the 75% coverage bar, so any series built from them would be silently gapped.
14272/14272        FATAL    fundamentals_alias_unresolved net_income_to_common: ABSENT over 44 reportable quarters -- (no tag has an in-window operating-form row); union 0%. no tag in this family has a single in-window row from an operating form (10-K/10-Q/8-K + /A). Non-operating forms -- DEF 14A proxy compensation tables above all -- are excluded by design and never count as coverage.
14272/14272        FATAL    fundamentals_alias_unresolved operating_income: ABSENT over 44 reportable quarters -- (no tag has an in-window operating-form row); union 0%. no tag in this family has a single in-window row from an operating form (10-K/10-Q/8-K + /A). Non-operating forms -- DEF 14A proxy compensation tables above all -- are excluded by design and never count as coverage.
19617/19617        FATAL    fundamentals_alias_unresolved operating_income: ABSENT over 44 reportable quarters -- (no tag has an in-window operating-form row); union 0%. no tag in this family has a single in-window row from an operating form (10-K/10-Q/8-K + /A). Non-operating forms -- DEF 14A proxy compensation tables above all -- are excluded by design and never count as coverage.
19617/19617        FATAL    fundamentals_alias_unresolved minority_interest: ABSENT over 44 reportable quarters -- (no tag has an in-window operating-form row); union 0%. no tag in this family has a single in-window row from an operating form (10-K/10-Q/8-K + /A). Non-operating forms -- DEF 14A proxy compensation tables above all -- are excluded by design and never count as coverage.
21344/21344        FATAL    fundamentals_alias_unresolved net_income_to_common: ABSENT over 44 reportable quarters -- (no tag has an in-window operating-form row); union 0%. no tag in this family has a single in-window row from an operating form (10-K/10-Q/8-K + /A). Non-operating forms -- DEF 14A proxy compensation tables above all -- are excluded by design and never count as coverage.
21344/21344        FATAL    fundamentals_alias_unresolved liabilities: ABSENT over 44 reportable quarters -- (no tag has an in-window operating-form row); union 0%. no tag in this family has a single in-window row from an operating form (10-K/10-Q/8-K + /A). Non-operating forms -- DEF 14A proxy compensation tables above all -- are excluded by design and never count as coverage.
27419/27419        FATAL    fundamentals_alias_unresolved net_income_to_common: PARTIAL over 28 reportable quarters -- NetIncomeLossAvailableToCommonStockholdersBasic 9/28 (32%, last 2022Q1); union 32%. the tags' union does not reach the 75% coverage bar, so any series built from them would be silently gapped. It is below the 40% floor where F2_SPEC §5.3's PARTIAL band starts, and is reported as PARTIAL rather than ABSENT because the family does have in-window operating-form rows.
27419/27419        FATAL    fundamentals_alias_unresolved liabilities: ABSENT over 28 reportable quarters -- (no tag has an in-window operating-form row); union 0%. no tag in this family has a single in-window row from an operating form (10-K/10-Q/8-K + /A). Non-operating forms -- DEF 14A proxy compensation tables above all -- are excluded by design and never count as coverage.
27419/27419        FATAL    fundamentals_alias_unresolved minority_interest: ABSENT over 28 reportable quarters -- (no tag has an in-window operating-form row); union 0%. no tag in this family has a single in-window row from an operating form (10-K/10-Q/8-K + /A). Non-operating forms -- DEF 14A proxy compensation tables above all -- are excluded by design and never count as coverage.
29915/29915        FATAL    fundamentals_alias_unresolved revenue: PARTIAL over 15 reportable quarters -- RevenueFromContractWithCustomerIncludingAssessedTax 9/15 (60%, last 2018Q4), Revenues 3/15 (20%, last 2018Q3); union 67%. the tags' union does not reach the 75% coverage bar, so any series built from them would be silently gapped.
29915/29915        FATAL    fundamentals_alias_unresolved operating_income: ABSENT over 15 reportable quarters -- (no tag has an in-window operating-form row); union 0%. no tag in this family has a single in-window row from an operating form (10-K/10-Q/8-K + /A). Non-operating forms -- DEF 14A proxy compensation tables above all -- are excluded by design and never count as coverage.
29915/29915        FATAL    fundamentals_alias_unresolved liabilities: ABSENT over 15 reportable quarters -- (no tag has an in-window operating-form row); union 0%. no tag in this family has a single in-window row from an operating form (10-K/10-Q/8-K + /A). Non-operating forms -- DEF 14A proxy compensation tables above all -- are excluded by design and never count as coverage.
29915/29915        FATAL    fundamentals_alias_unresolved eps_diluted: PARTIAL over 15 reportable quarters -- EarningsPerShareDiluted 8/15 (53%, last 2017Q2); union 53%. the tags' union does not reach the 75% coverage bar, so any series built from them would be silently gapped.
29915/29915        FATAL    fundamentals_alias_unresolved shares_outstanding: PARTIAL over 15 reportable quarters -- EntityCommonStockSharesOutstanding 11/15 (73%, last 2019Q1); union 73%. the tags' union does not reach the 75% coverage bar, so any series built from them would be silently gapped.
30554/30554        FATAL    fundamentals_alias_unresolved revenue: PARTIAL over 15 reportable quarters -- Revenues 2/15 (13%, last 2019Q1); union 13%. the tags' union does not reach the 75% coverage bar, so any series built from them would be silently gapped. It is below the 40% floor where F2_SPEC §5.3's PARTIAL band starts, and is reported as PARTIAL rather than ABSENT because the family does have in-window operating-form rows.
30554/30554        FATAL    fundamentals_alias_unresolved net_income: PARTIAL over 15 reportable quarters -- NetIncomeLoss 10/15 (67%, last 2019Q1), ProfitLoss 10/15 (67%, last 2019Q1); union 67%. the tags' union does not reach the 75% coverage bar, so any series built from them would be silently gapped.
30554/30554        FATAL    fundamentals_alias_unresolved net_income_to_common: PARTIAL over 15 reportable quarters -- NetIncomeLossAvailableToCommonStockholdersBasic 8/15 (53%, last 2017Q2); union 53%. the tags' union does not reach the 75% coverage bar, so any series built from them would be silently gapped.
30554/30554        FATAL    fundamentals_alias_unresolved operating_income: PARTIAL over 15 reportable quarters -- OperatingIncomeLoss 1/15 (7%, last 2015Q3); union 7%. the tags' union does not reach the 75% coverage bar, so any series built from them would be silently gapped. It is below the 40% floor where F2_SPEC §5.3's PARTIAL band starts, and is reported as PARTIAL rather than ABSENT because the family does have in-window operating-form rows.
30554/30554        FATAL    fundamentals_alias_unresolved pretax_income: PARTIAL over 15 reportable quarters -- IncomeLossFromContinuingOperationsBeforeIncomeTaxesExtraordinaryItemsNoncontrollingInterest 10/15 (67%, last 2019Q1); union 67%. the tags' union does not reach the 75% coverage bar, so any series built from them would be silently gapped.
30554/30554        FATAL    fundamentals_alias_unresolved liabilities: PARTIAL over 15 reportable quarters -- Liabilities 8/15 (53%, last 2017Q2); union 53%. the tags' union does not reach the 75% coverage bar, so any series built from them would be silently gapped.
30554/30554        FATAL    fundamentals_alias_unresolved operating_cash_flow: PARTIAL over 15 reportable quarters -- NetCashProvidedByUsedInOperatingActivities 10/15 (67%, last 2019Q1); union 67%. the tags' union does not reach the 75% coverage bar, so any series built from them would be silently gapped.
30554/30554        FATAL    fundamentals_alias_unresolved eps_diluted: PARTIAL over 15 reportable quarters -- EarningsPerShareDiluted 8/15 (53%, last 2017Q2); union 53%. the tags' union does not reach the 75% coverage bar, so any series built from them would be silently gapped.
31462/31462        FATAL    fundamentals_alias_unresolved net_income_to_common: PARTIAL over 32 reportable quarters -- NetIncomeLossAvailableToCommonStockholdersBasic 16/32 (50%, last 2023Q4); union 50%. the tags' union does not reach the 75% coverage bar, so any series built from them would be silently gapped.
32604/32604        FATAL    fundamentals_alias_unresolved revenue: ABSENT over 12 reportable quarters -- (no tag has an in-window operating-form row); union 0%. no tag in this family has a single in-window row from an operating form (10-K/10-Q/8-K + /A). Non-operating forms -- DEF 14A proxy compensation tables above all -- are excluded by design and never count as coverage.
32604/32604        FATAL    fundamentals_alias_unresolved net_income_to_common: ABSENT over 12 reportable quarters -- (no tag has an in-window operating-form row); union 0%. no tag in this family has a single in-window row from an operating form (10-K/10-Q/8-K + /A). Non-operating forms -- DEF 14A proxy compensation tables above all -- are excluded by design and never count as coverage.
32604/32604        FATAL    fundamentals_alias_unresolved operating_income: ABSENT over 12 reportable quarters -- (no tag has an in-window operating-form row); union 0%. no tag in this family has a single in-window row from an operating form (10-K/10-Q/8-K + /A). Non-operating forms -- DEF 14A proxy compensation tables above all -- are excluded by design and never count as coverage.
32604/32604        FATAL    fundamentals_alias_unresolved liabilities: ABSENT over 12 reportable quarters -- (no tag has an in-window operating-form row); union 0%. no tag in this family has a single in-window row from an operating form (10-K/10-Q/8-K + /A). Non-operating forms -- DEF 14A proxy compensation tables above all -- are excluded by design and never count as coverage.
34088/34088        FATAL    fundamentals_alias_unresolved net_income_to_common: ABSENT over 43 reportable quarters -- (no tag has an in-window operating-form row); union 0%. no tag in this family has a single in-window row from an operating form (10-K/10-Q/8-K + /A). Non-operating forms -- DEF 14A proxy compensation tables above all -- are excluded by design and never count as coverage.
34088/34088        FATAL    fundamentals_alias_unresolved operating_income: ABSENT over 43 reportable quarters -- (no tag has an in-window operating-form row); union 0%. no tag in this family has a single in-window row from an operating form (10-K/10-Q/8-K + /A). Non-operating forms -- DEF 14A proxy compensation tables above all -- are excluded by design and never count as coverage.
34088/34088        FATAL    fundamentals_alias_unresolved shares_outstanding: PARTIAL over 43 reportable quarters -- EntityCommonStockSharesOutstanding 32/43 (74%, last 2026Q1); union 74%. the tags' union does not reach the 75% coverage bar, so any series built from them would be silently gapped.
36104/36104        FATAL    fundamentals_alias_unresolved operating_income: ABSENT over 40 reportable quarters -- (no tag has an in-window operating-form row); union 0%. no tag in this family has a single in-window row from an operating form (10-K/10-Q/8-K + /A). Non-operating forms -- DEF 14A proxy compensation tables above all -- are excluded by design and never count as coverage.
37996/37996        FATAL    fundamentals_alias_unresolved operating_income: PARTIAL over 24 reportable quarters -- OperatingIncomeLoss 13/24 (54%, last 2021Q2); union 54%. the tags' union does not reach the 75% coverage bar, so any series built from them would be silently gapped.
37996/37996        FATAL    fundamentals_alias_unresolved shares_outstanding: ABSENT over 24 reportable quarters -- (no tag has an in-window operating-form row); union 0%. no tag in this family has a single in-window row from an operating form (10-K/10-Q/8-K + /A). Non-operating forms -- DEF 14A proxy compensation tables above all -- are excluded by design and never count as coverage.
40533/40533        FATAL    fundamentals_alias_unresolved revenue: OVERLAP over 20 reportable quarters -- RevenueFromContractWithCustomerExcludingAssessedTax 12/20 (60%, last 2020Q2), Revenues 12/20 (60%, last 2019Q4); union 85%. two or more tags share quarters and NONE of them clears the 75% coverage bar, so there is no dominant tag to prefer and no migration pattern to follow -- genuine ambiguity. The classifier will not pick one, and there is no per-ticker override. F5 must refuse to build this series.
40533/40533        FATAL    fundamentals_alias_unresolved net_income_to_common: ABSENT over 20 reportable quarters -- (no tag has an in-window operating-form row); union 0%. no tag in this family has a single in-window row from an operating form (10-K/10-Q/8-K + /A). Non-operating forms -- DEF 14A proxy compensation tables above all -- are excluded by design and never count as coverage.
40533/40533        FATAL    fundamentals_alias_unresolved liabilities: ABSENT over 20 reportable quarters -- (no tag has an in-window operating-form row); union 0%. no tag in this family has a single in-window row from an operating form (10-K/10-Q/8-K + /A). Non-operating forms -- DEF 14A proxy compensation tables above all -- are excluded by design and never count as coverage.
40533/40533        FATAL    fundamentals_alias_unresolved minority_interest: ABSENT over 20 reportable quarters -- (no tag has an in-window operating-form row); union 0%. no tag in this family has a single in-window row from an operating form (10-K/10-Q/8-K + /A). Non-operating forms -- DEF 14A proxy compensation tables above all -- are excluded by design and never count as coverage.
40533/40533        FATAL    fundamentals_alias_unresolved eps_diluted: PARTIAL over 20 reportable quarters -- EarningsPerShareDiluted 12/20 (60%, last 2019Q4); union 60%. the tags' union does not reach the 75% coverage bar, so any series built from them would be silently gapped.
45012/45012        FATAL    fundamentals_alias_unresolved net_income_to_common: ABSENT over 44 reportable quarters -- (no tag has an in-window operating-form row); union 0%. no tag in this family has a single in-window row from an operating form (10-K/10-Q/8-K + /A). Non-operating forms -- DEF 14A proxy compensation tables above all -- are excluded by design and never count as coverage.
45012/45012        FATAL    fundamentals_alias_unresolved cash: OVERLAP over 44 reportable quarters -- CashCashEquivalentsRestrictedCashAndRestrictedCashEquivalents 32/44 (73%, last 2025Q2) [STALE], CashAndCashEquivalentsAtCarryingValue 21/44 (48%, last 2026Q2), CashCashEquivalentsRestrictedCashAndRestrictedCashEquivalentsIncludingDisposalGroupAndDiscontinuedOperations 10/44 (23%, last 2026Q2); union 100%. two or more tags share quarters and NONE of them clears the 75% coverage bar, so there is no dominant tag to prefer and no migration pattern to follow -- genuine ambiguity. The classifier will not pick one, and there is no per-ticker override. F5 must refuse to build this series.
47217/47217        FATAL    fundamentals_alias_unresolved net_income_to_common: PARTIAL over 24 reportable quarters -- NetIncomeLossAvailableToCommonStockholdersBasic 2/24 (8%, last 2015Q4); union 8%. the tags' union does not reach the 75% coverage bar, so any series built from them would be silently gapped. It is below the 40% floor where F2_SPEC §5.3's PARTIAL band starts, and is reported as PARTIAL rather than ABSENT because the family does have in-window operating-form rows.
47217/47217        FATAL    fundamentals_alias_unresolved liabilities: ABSENT over 24 reportable quarters -- (no tag has an in-window operating-form row); union 0%. no tag in this family has a single in-window row from an operating form (10-K/10-Q/8-K + /A). Non-operating forms -- DEF 14A proxy compensation tables above all -- are excluded by design and never count as coverage.
47217/47217        FATAL    fundamentals_alias_unresolved minority_interest: PARTIAL over 24 reportable quarters -- MinorityInterest 3/24 (12%, last 2016Q3); union 12%. the tags' union does not reach the 75% coverage bar, so any series built from them would be silently gapped. It is below the 40% floor where F2_SPEC §5.3's PARTIAL band starts, and is reported as PARTIAL rather than ABSENT because the family does have in-window operating-form rows.
49071/49071        FATAL    fundamentals_alias_unresolved net_income_to_common: ABSENT over 16 reportable quarters -- (no tag has an in-window operating-form row); union 0%. no tag in this family has a single in-window row from an operating form (10-K/10-Q/8-K + /A). Non-operating forms -- DEF 14A proxy compensation tables above all -- are excluded by design and never count as coverage.
49826/49826        FATAL    fundamentals_alias_unresolved net_income_to_common: ABSENT over 16 reportable quarters -- (no tag has an in-window operating-form row); union 0%. no tag in this family has a single in-window row from an operating form (10-K/10-Q/8-K + /A). Non-operating forms -- DEF 14A proxy compensation tables above all -- are excluded by design and never count as coverage.
49826/49826        FATAL    fundamentals_alias_unresolved liabilities: ABSENT over 16 reportable quarters -- (no tag has an in-window operating-form row); union 0%. no tag in this family has a single in-window row from an operating form (10-K/10-Q/8-K + /A). Non-operating forms -- DEF 14A proxy compensation tables above all -- are excluded by design and never count as coverage.
50863/50863        FATAL    fundamentals_alias_unresolved net_income_to_common: ABSENT over 44 reportable quarters -- (no tag has an in-window operating-form row); union 0%. no tag in this family has a single in-window row from an operating form (10-K/10-Q/8-K + /A). Non-operating forms -- DEF 14A proxy compensation tables above all -- are excluded by design and never count as coverage.
50863/50863        FATAL    fundamentals_alias_unresolved liabilities: ABSENT over 44 reportable quarters -- (no tag has an in-window operating-form row); union 0%. no tag in this family has a single in-window row from an operating form (10-K/10-Q/8-K + /A). Non-operating forms -- DEF 14A proxy compensation tables above all -- are excluded by design and never count as coverage.
50863/50863        FATAL    fundamentals_alias_unresolved minority_interest: PARTIAL over 44 reportable quarters -- MinorityInterest 15/44 (34%, last 2026Q2); union 34%. the tags' union does not reach the 75% coverage bar, so any series built from them would be silently gapped. It is below the 40% floor where F2_SPEC §5.3's PARTIAL band starts, and is reported as PARTIAL rather than ABSENT because the family does have in-window operating-form rows.
50863/50863        FATAL    fundamentals_alias_unresolved cash: OVERLAP over 44 reportable quarters -- CashAndCashEquivalentsAtCarryingValue 29/44 (66%, last 2026Q2), CashCashEquivalentsRestrictedCashAndRestrictedCashEquivalents 21/44 (48%, last 2025Q4), CashCashEquivalentsRestrictedCashAndRestrictedCashEquivalentsIncludingDisposalGroupAndDiscontinuedOperations 10/44 (23%, last 2026Q2), Cash 5/44 (11%, last 2016Q4) [STALE]; union 91%. two or more tags share quarters and NONE of them clears the 75% coverage bar, so there is no dominant tag to prefer and no migration pattern to follow -- genuine ambiguity. The classifier will not pick one, and there is no per-ticker override. F5 must refuse to build this series.
51143/51143        FATAL    fundamentals_alias_unresolved operating_income: ABSENT over 44 reportable quarters -- (no tag has an in-window operating-form row); union 0%. no tag in this family has a single in-window row from an operating form (10-K/10-Q/8-K + /A). Non-operating forms -- DEF 14A proxy compensation tables above all -- are excluded by design and never count as coverage.
55785/55785        FATAL    fundamentals_alias_unresolved net_income_to_common: ABSENT over 44 reportable quarters -- (no tag has an in-window operating-form row); union 0%. no tag in this family has a single in-window row from an operating form (10-K/10-Q/8-K + /A). Non-operating forms -- DEF 14A proxy compensation tables above all -- are excluded by design and never count as coverage.
55785/55785        FATAL    fundamentals_alias_unresolved pretax_income: PARTIAL over 44 reportable quarters -- IncomeLossFromContinuingOperationsBeforeIncomeTaxesMinorityInterestAndIncomeLossFromEquityMethodInvestments 25/44 (57%, last 2026Q2), IncomeLossFromContinuingOperationsBeforeIncomeTaxesExtraordinaryItemsNoncontrollingInterest 3/44 (7%, last 2024Q4); union 57%. the tags' union does not reach the 75% coverage bar, so any series built from them would be silently gapped.
55785/55785        FATAL    fundamentals_alias_unresolved liabilities: ABSENT over 44 reportable quarters -- (no tag has an in-window operating-form row); union 0%. no tag in this family has a single in-window row from an operating form (10-K/10-Q/8-K + /A). Non-operating forms -- DEF 14A proxy compensation tables above all -- are excluded by design and never count as coverage.
59478/59478        FATAL    fundamentals_alias_unresolved net_income_to_common: ABSENT over 44 reportable quarters -- (no tag has an in-window operating-form row); union 0%. no tag in this family has a single in-window row from an operating form (10-K/10-Q/8-K + /A). Non-operating forms -- DEF 14A proxy compensation tables above all -- are excluded by design and never count as coverage.
59478/59478        FATAL    fundamentals_alias_unresolved operating_income: ABSENT over 44 reportable quarters -- (no tag has an in-window operating-form row); union 0%. no tag in this family has a single in-window row from an operating form (10-K/10-Q/8-K + /A). Non-operating forms -- DEF 14A proxy compensation tables above all -- are excluded by design and never count as coverage.
59478/59478        FATAL    fundamentals_alias_unresolved liabilities: ABSENT over 44 reportable quarters -- (no tag has an in-window operating-form row); union 0%. no tag in this family has a single in-window row from an operating form (10-K/10-Q/8-K + /A). Non-operating forms -- DEF 14A proxy compensation tables above all -- are excluded by design and never count as coverage.
59478/59478        FATAL    fundamentals_alias_unresolved minority_interest: PARTIAL over 44 reportable quarters -- MinorityInterest 41/44 (93%, last 2025Q3) [STALE]; union 93%. every tag that cleared the 75% coverage bar is STALE -- its coverage stops more than 2 quarter(s) before 2026Q2, this company's own last quarter with fundamentals data. A tag can clear a bar computed over an 11-year window and still have died years ago; resolving to it is exactly how E1 froze JNJ's operating income at 2015. Stale: MinorityInterest.
60667/60667        FATAL    fundamentals_alias_unresolved minority_interest: PARTIAL over 44 reportable quarters -- MinorityInterest 8/44 (18%, last 2017Q4); union 18%. the tags' union does not reach the 75% coverage bar, so any series built from them would be silently gapped. It is below the 40% floor where F2_SPEC §5.3's PARTIAL band starts, and is reported as PARTIAL rather than ABSENT because the family does have in-window operating-form rows.
62709/62709        FATAL    fundamentals_alias_unresolved net_income_to_common: ABSENT over 44 reportable quarters -- (no tag has an in-window operating-form row); union 0%. no tag in this family has a single in-window row from an operating form (10-K/10-Q/8-K + /A). Non-operating forms -- DEF 14A proxy compensation tables above all -- are excluded by design and never count as coverage.
62709/62709        FATAL    fundamentals_alias_unresolved liabilities: ABSENT over 44 reportable quarters -- (no tag has an in-window operating-form row); union 0%. no tag in this family has a single in-window row from an operating form (10-K/10-Q/8-K + /A). Non-operating forms -- DEF 14A proxy compensation tables above all -- are excluded by design and never count as coverage.
63908/63908        FATAL    fundamentals_alias_unresolved net_income_to_common: ABSENT over 44 reportable quarters -- (no tag has an in-window operating-form row); union 0%. no tag in this family has a single in-window row from an operating form (10-K/10-Q/8-K + /A). Non-operating forms -- DEF 14A proxy compensation tables above all -- are excluded by design and never count as coverage.
63908/63908        FATAL    fundamentals_alias_unresolved pretax_income: ABSENT over 44 reportable quarters -- (no tag has an in-window operating-form row); union 0%. no tag in this family has a single in-window row from an operating form (10-K/10-Q/8-K + /A). Non-operating forms -- DEF 14A proxy compensation tables above all -- are excluded by design and never count as coverage.
63908/63908        FATAL    fundamentals_alias_unresolved liabilities: ABSENT over 44 reportable quarters -- (no tag has an in-window operating-form row); union 0%. no tag in this family has a single in-window row from an operating form (10-K/10-Q/8-K + /A). Non-operating forms -- DEF 14A proxy compensation tables above all -- are excluded by design and never count as coverage.
63908/63908        FATAL    fundamentals_alias_unresolved minority_interest: ABSENT over 44 reportable quarters -- (no tag has an in-window operating-form row); union 0%. no tag in this family has a single in-window row from an operating form (10-K/10-Q/8-K + /A). Non-operating forms -- DEF 14A proxy compensation tables above all -- are excluded by design and never count as coverage.
64040/64040        FATAL    fundamentals_alias_unresolved net_income_to_common: ABSENT over 32 reportable quarters -- (no tag has an in-window operating-form row); union 0%. no tag in this family has a single in-window row from an operating form (10-K/10-Q/8-K + /A). Non-operating forms -- DEF 14A proxy compensation tables above all -- are excluded by design and never count as coverage.
66740/66740        FATAL    fundamentals_alias_unresolved net_income_to_common: ABSENT over 44 reportable quarters -- (no tag has an in-window operating-form row); union 0%. no tag in this family has a single in-window row from an operating form (10-K/10-Q/8-K + /A). Non-operating forms -- DEF 14A proxy compensation tables above all -- are excluded by design and never count as coverage.
70858/70858        FATAL    fundamentals_alias_unresolved operating_income: ABSENT over 44 reportable quarters -- (no tag has an in-window operating-form row); union 0%. no tag in this family has a single in-window row from an operating form (10-K/10-Q/8-K + /A). Non-operating forms -- DEF 14A proxy compensation tables above all -- are excluded by design and never count as coverage.
70858/70858        FATAL    fundamentals_alias_unresolved minority_interest: ABSENT over 44 reportable quarters -- (no tag has an in-window operating-form row); union 0%. no tag in this family has a single in-window row from an operating form (10-K/10-Q/8-K + /A). Non-operating forms -- DEF 14A proxy compensation tables above all -- are excluded by design and never count as coverage.
72741/72741        FATAL    fundamentals_alias_unresolved pretax_income: ABSENT over 16 reportable quarters -- (no tag has an in-window operating-form row); union 0%. no tag in this family has a single in-window row from an operating form (10-K/10-Q/8-K + /A). Non-operating forms -- DEF 14A proxy compensation tables above all -- are excluded by design and never count as coverage.
72741/72741        FATAL    fundamentals_alias_unresolved liabilities: ABSENT over 16 reportable quarters -- (no tag has an in-window operating-form row); union 0%. no tag in this family has a single in-window row from an operating form (10-K/10-Q/8-K + /A). Non-operating forms -- DEF 14A proxy compensation tables above all -- are excluded by design and never count as coverage.
72741/72741        FATAL    fundamentals_alias_unresolved minority_interest: ABSENT over 16 reportable quarters -- (no tag has an in-window operating-form row); union 0%. no tag in this family has a single in-window row from an operating form (10-K/10-Q/8-K + /A). Non-operating forms -- DEF 14A proxy compensation tables above all -- are excluded by design and never count as coverage.
72903/72903        FATAL    fundamentals_alias_unresolved revenue: PARTIAL over 32 reportable quarters -- Revenues 9/32 (28%, last 2019Q3), RevenueFromContractWithCustomerExcludingAssessedTax 5/32 (16%, last 2019Q1); union 28%. the tags' union does not reach the 75% coverage bar, so any series built from them would be silently gapped. It is below the 40% floor where F2_SPEC §5.3's PARTIAL band starts, and is reported as PARTIAL rather than ABSENT because the family does have in-window operating-form rows.
72903/72903        FATAL    fundamentals_alias_unresolved net_income_to_common: PARTIAL over 32 reportable quarters -- NetIncomeLossAvailableToCommonStockholdersBasic 5/32 (16%, last 2018Q3); union 16%. the tags' union does not reach the 75% coverage bar, so any series built from them would be silently gapped. It is below the 40% floor where F2_SPEC §5.3's PARTIAL band starts, and is reported as PARTIAL rather than ABSENT because the family does have in-window operating-form rows.
72903/72903        FATAL    fundamentals_alias_unresolved liabilities: ABSENT over 32 reportable quarters -- (no tag has an in-window operating-form row); union 0%. no tag in this family has a single in-window row from an operating form (10-K/10-Q/8-K + /A). Non-operating forms -- DEF 14A proxy compensation tables above all -- are excluded by design and never count as coverage.
72903/72903        FATAL    fundamentals_alias_unresolved minority_interest: ABSENT over 32 reportable quarters -- (no tag has an in-window operating-form row); union 0%. no tag in this family has a single in-window row from an operating form (10-K/10-Q/8-K + /A). Non-operating forms -- DEF 14A proxy compensation tables above all -- are excluded by design and never count as coverage.
72971/72971        FATAL    fundamentals_alias_unresolved operating_income: ABSENT over 44 reportable quarters -- (no tag has an in-window operating-form row); union 0%. no tag in this family has a single in-window row from an operating form (10-K/10-Q/8-K + /A). Non-operating forms -- DEF 14A proxy compensation tables above all -- are excluded by design and never count as coverage.
73309/73309        FATAL    fundamentals_alias_unresolved operating_income: ABSENT over 16 reportable quarters -- (no tag has an in-window operating-form row); union 0%. no tag in this family has a single in-window row from an operating form (10-K/10-Q/8-K + /A). Non-operating forms -- DEF 14A proxy compensation tables above all -- are excluded by design and never count as coverage.
78003/78003        FATAL    fundamentals_alias_unresolved operating_income: ABSENT over 44 reportable quarters -- (no tag has an in-window operating-form row); union 0%. no tag in this family has a single in-window row from an operating form (10-K/10-Q/8-K + /A). Non-operating forms -- DEF 14A proxy compensation tables above all -- are excluded by design and never count as coverage.
79879/79879        FATAL    fundamentals_alias_unresolved net_income_to_common: ABSENT over 24 reportable quarters -- (no tag has an in-window operating-form row); union 0%. no tag in this family has a single in-window row from an operating form (10-K/10-Q/8-K + /A). Non-operating forms -- DEF 14A proxy compensation tables above all -- are excluded by design and never count as coverage.
80424/80424        FATAL    fundamentals_alias_unresolved pretax_income: PARTIAL over 44 reportable quarters -- IncomeLossFromContinuingOperationsBeforeIncomeTaxesExtraordinaryItemsNoncontrollingInterest 5/44 (11%, last 2026Q2); union 11%. the tags' union does not reach the 75% coverage bar, so any series built from them would be silently gapped. It is below the 40% floor where F2_SPEC §5.3's PARTIAL band starts, and is reported as PARTIAL rather than ABSENT because the family does have in-window operating-form rows.
80661/80661        FATAL    fundamentals_alias_unresolved operating_income: ABSENT over 20 reportable quarters -- (no tag has an in-window operating-form row); union 0%. no tag in this family has a single in-window row from an operating form (10-K/10-Q/8-K + /A). Non-operating forms -- DEF 14A proxy compensation tables above all -- are excluded by design and never count as coverage.
80661/80661        FATAL    fundamentals_alias_unresolved minority_interest: ABSENT over 20 reportable quarters -- (no tag has an in-window operating-form row); union 0%. no tag in this family has a single in-window row from an operating form (10-K/10-Q/8-K + /A). Non-operating forms -- DEF 14A proxy compensation tables above all -- are excluded by design and never count as coverage.
86312/86312        FATAL    fundamentals_alias_unresolved operating_income: PARTIAL over 16 reportable quarters -- OperatingIncomeLoss 1/16 (6%, last 2015Q3); union 6%. the tags' union does not reach the 75% coverage bar, so any series built from them would be silently gapped. It is below the 40% floor where F2_SPEC §5.3's PARTIAL band starts, and is reported as PARTIAL rather than ABSENT because the family does have in-window operating-form rows.
86312/86312        FATAL    fundamentals_alias_unresolved minority_interest: ABSENT over 16 reportable quarters -- (no tag has an in-window operating-form row); union 0%. no tag in this family has a single in-window row from an operating form (10-K/10-Q/8-K + /A). Non-operating forms -- DEF 14A proxy compensation tables above all -- are excluded by design and never count as coverage.
87347/87347        FATAL    fundamentals_alias_unresolved operating_income: PARTIAL over 44 reportable quarters -- OperatingIncomeLoss 35/44 (80%, last 2024Q1) [STALE]; union 80%. every tag that cleared the 75% coverage bar is STALE -- its coverage stops more than 2 quarter(s) before 2026Q2, this company's own last quarter with fundamentals data. A tag can clear a bar computed over an 11-year window and still have died years ago; resolving to it is exactly how E1 froze JNJ's operating income at 2015. Stale: OperatingIncomeLoss.
89800/89800        FATAL    fundamentals_alias_unresolved net_income_to_common: ABSENT over 32 reportable quarters -- (no tag has an in-window operating-form row); union 0%. no tag in this family has a single in-window row from an operating form (10-K/10-Q/8-K + /A). Non-operating forms -- DEF 14A proxy compensation tables above all -- are excluded by design and never count as coverage.
89800/89800        FATAL    fundamentals_alias_unresolved operating_income: PARTIAL over 32 reportable quarters -- OperatingIncomeLoss 25/32 (78%, last 2024Q3) [STALE]; union 78%. every tag that cleared the 75% coverage bar is STALE -- its coverage stops more than 2 quarter(s) before 2026Q2, this company's own last quarter with fundamentals data. A tag can clear a bar computed over an 11-year window and still have died years ago; resolving to it is exactly how E1 froze JNJ's operating income at 2015. Stale: OperatingIncomeLoss.
89800/89800        FATAL    fundamentals_alias_unresolved liabilities: ABSENT over 32 reportable quarters -- (no tag has an in-window operating-form row); union 0%. no tag in this family has a single in-window row from an operating form (10-K/10-Q/8-K + /A). Non-operating forms -- DEF 14A proxy compensation tables above all -- are excluded by design and never count as coverage.
89800/89800        FATAL    fundamentals_alias_unresolved minority_interest: ABSENT over 32 reportable quarters -- (no tag has an in-window operating-form row); union 0%. no tag in this family has a single in-window row from an operating form (10-K/10-Q/8-K + /A). Non-operating forms -- DEF 14A proxy compensation tables above all -- are excluded by design and never count as coverage.
92122/92122        FATAL    fundamentals_alias_unresolved net_income_to_common: PARTIAL over 43 reportable quarters -- NetIncomeLossAvailableToCommonStockholdersBasic 39/43 (91%, last 2025Q1) [STALE]; union 91%. every tag that cleared the 75% coverage bar is STALE -- its coverage stops more than 2 quarter(s) before 2026Q1, this company's own last quarter with fundamentals data. A tag can clear a bar computed over an 11-year window and still have died years ago; resolving to it is exactly how E1 froze JNJ's operating income at 2015. Stale: NetIncomeLossAvailableToCommonStockholdersBasic.
92122/92122        FATAL    fundamentals_alias_unresolved minority_interest: PARTIAL over 43 reportable quarters -- MinorityInterest 12/43 (28%, last 2025Q4); union 28%. the tags' union does not reach the 75% coverage bar, so any series built from them would be silently gapped. It is below the 40% floor where F2_SPEC §5.3's PARTIAL band starts, and is reported as PARTIAL rather than ABSENT because the family does have in-window operating-form rows.
92122/92122        FATAL    fundamentals_alias_unresolved shares_outstanding: PARTIAL over 43 reportable quarters -- EntityCommonStockSharesOutstanding 32/43 (74%, last 2026Q1); union 74%. the tags' union does not reach the 75% coverage bar, so any series built from them would be silently gapped.
92230/92230        FATAL    fundamentals_alias_unresolved operating_income: ABSENT over 19 reportable quarters -- (no tag has an in-window operating-form row); union 0%. no tag in this family has a single in-window row from an operating form (10-K/10-Q/8-K + /A). Non-operating forms -- DEF 14A proxy compensation tables above all -- are excluded by design and never count as coverage.
92230/92230        FATAL    fundamentals_alias_unresolved shares_outstanding: PARTIAL over 19 reportable quarters -- EntityCommonStockSharesOutstanding 14/19 (74%, last 2024Q1); union 74%. the tags' union does not reach the 75% coverage bar, so any series built from them would be silently gapped.
93410/93410        FATAL    fundamentals_alias_unresolved net_income_to_common: ABSENT over 44 reportable quarters -- (no tag has an in-window operating-form row); union 0%. no tag in this family has a single in-window row from an operating form (10-K/10-Q/8-K + /A). Non-operating forms -- DEF 14A proxy compensation tables above all -- are excluded by design and never count as coverage.
93410/93410        FATAL    fundamentals_alias_unresolved operating_income: ABSENT over 44 reportable quarters -- (no tag has an in-window operating-form row); union 0%. no tag in this family has a single in-window row from an operating form (10-K/10-Q/8-K + /A). Non-operating forms -- DEF 14A proxy compensation tables above all -- are excluded by design and never count as coverage.
97476/97476        FATAL    fundamentals_alias_unresolved minority_interest: ABSENT over 44 reportable quarters -- (no tag has an in-window operating-form row); union 0%. no tag in this family has a single in-window row from an operating form (10-K/10-Q/8-K + /A). Non-operating forms -- DEF 14A proxy compensation tables above all -- are excluded by design and never count as coverage.
97745/97745        FATAL    fundamentals_alias_unresolved net_income: PARTIAL over 44 reportable quarters -- ProfitLoss 21/44 (48%, last 2026Q2), NetIncomeLoss 10/44 (23%, last 2026Q2); union 48%. the tags' union does not reach the 75% coverage bar, so any series built from them would be silently gapped.
97745/97745        FATAL    fundamentals_alias_unresolved net_income_to_common: PARTIAL over 44 reportable quarters -- NetIncomeLossAvailableToCommonStockholdersBasic 34/44 (77%, last 2025Q1) [STALE]; union 77%. every tag that cleared the 75% coverage bar is STALE -- its coverage stops more than 2 quarter(s) before 2026Q2, this company's own last quarter with fundamentals data. A tag can clear a bar computed over an 11-year window and still have died years ago; resolving to it is exactly how E1 froze JNJ's operating income at 2015. Stale: NetIncomeLossAvailableToCommonStockholdersBasic.
97745/97745        FATAL    fundamentals_alias_unresolved liabilities: ABSENT over 44 reportable quarters -- (no tag has an in-window operating-form row); union 0%. no tag in this family has a single in-window row from an operating form (10-K/10-Q/8-K + /A). Non-operating forms -- DEF 14A proxy compensation tables above all -- are excluded by design and never count as coverage.
97745/97745        FATAL    fundamentals_alias_unresolved minority_interest: PARTIAL over 44 reportable quarters -- MinorityInterest 18/44 (41%, last 2026Q2); union 41%. the tags' union does not reach the 75% coverage bar, so any series built from them would be silently gapped.
100885/100885      FATAL    fundamentals_alias_unresolved net_income_to_common: ABSENT over 44 reportable quarters -- (no tag has an in-window operating-form row); union 0%. no tag in this family has a single in-window row from an operating form (10-K/10-Q/8-K + /A). Non-operating forms -- DEF 14A proxy compensation tables above all -- are excluded by design and never count as coverage.
100885/100885      FATAL    fundamentals_alias_unresolved minority_interest: ABSENT over 44 reportable quarters -- (no tag has an in-window operating-form row); union 0%. no tag in this family has a single in-window row from an operating form (10-K/10-Q/8-K + /A). Non-operating forms -- DEF 14A proxy compensation tables above all -- are excluded by design and never count as coverage.
101829/101829      FATAL    fundamentals_alias_unresolved net_income_to_common: ABSENT over 44 reportable quarters -- (no tag has an in-window operating-form row); union 0%. no tag in this family has a single in-window row from an operating form (10-K/10-Q/8-K + /A). Non-operating forms -- DEF 14A proxy compensation tables above all -- are excluded by design and never count as coverage.
104169/104169      FATAL    fundamentals_alias_unresolved net_income_to_common: ABSENT over 44 reportable quarters -- (no tag has an in-window operating-form row); union 0%. no tag in this family has a single in-window row from an operating form (10-K/10-Q/8-K + /A). Non-operating forms -- DEF 14A proxy compensation tables above all -- are excluded by design and never count as coverage.
104169/104169      FATAL    fundamentals_alias_unresolved liabilities: ABSENT over 44 reportable quarters -- (no tag has an in-window operating-form row); union 0%. no tag in this family has a single in-window row from an operating form (10-K/10-Q/8-K + /A). Non-operating forms -- DEF 14A proxy compensation tables above all -- are excluded by design and never count as coverage.
106040/106040      FATAL    fundamentals_alias_unresolved revenue: ABSENT over 12 reportable quarters -- (no tag has an in-window operating-form row); union 0%. no tag in this family has a single in-window row from an operating form (10-K/10-Q/8-K + /A). Non-operating forms -- DEF 14A proxy compensation tables above all -- are excluded by design and never count as coverage.
106040/106040      FATAL    fundamentals_alias_unresolved net_income_to_common: ABSENT over 12 reportable quarters -- (no tag has an in-window operating-form row); union 0%. no tag in this family has a single in-window row from an operating form (10-K/10-Q/8-K + /A). Non-operating forms -- DEF 14A proxy compensation tables above all -- are excluded by design and never count as coverage.
106040/106040      FATAL    fundamentals_alias_unresolved minority_interest: ABSENT over 12 reportable quarters -- (no tag has an in-window operating-form row); union 0%. no tag in this family has a single in-window row from an operating form (10-K/10-Q/8-K + /A). Non-operating forms -- DEF 14A proxy compensation tables above all -- are excluded by design and never count as coverage.
106535/106535      FATAL    fundamentals_alias_unresolved net_income_to_common: PARTIAL over 16 reportable quarters -- NetIncomeLossAvailableToCommonStockholdersBasic 3/16 (19%, last 2018Q4); union 19%. the tags' union does not reach the 75% coverage bar, so any series built from them would be silently gapped. It is below the 40% floor where F2_SPEC §5.3's PARTIAL band starts, and is reported as PARTIAL rather than ABSENT because the family does have in-window operating-form rows.
106535/106535      FATAL    fundamentals_alias_unresolved equity: OVERLAP over 16 reportable quarters -- StockholdersEquity 11/16 (69%, last 2021Q2), StockholdersEquityIncludingPortionAttributableToNoncontrollingInterest 11/16 (69%, last 2020Q4); union 100%. two or more tags share quarters and NONE of them clears the 75% coverage bar, so there is no dominant tag to prefer and no migration pattern to follow -- genuine ambiguity. The classifier will not pick one, and there is no per-ticker override. F5 must refuse to build this series.
106535/106535      FATAL    fundamentals_alias_unresolved minority_interest: ABSENT over 16 reportable quarters -- (no tag has an in-window operating-form row); union 0%. no tag in this family has a single in-window row from an operating form (10-K/10-Q/8-K + /A). Non-operating forms -- DEF 14A proxy compensation tables above all -- are excluded by design and never count as coverage.
107263/107263      FATAL    fundamentals_alias_unresolved liabilities: ABSENT over 44 reportable quarters -- (no tag has an in-window operating-form row); union 0%. no tag in this family has a single in-window row from an operating form (10-K/10-Q/8-K + /A). Non-operating forms -- DEF 14A proxy compensation tables above all -- are excluded by design and never count as coverage.
109198/109198      FATAL    fundamentals_alias_unresolved revenue: PARTIAL over 16 reportable quarters -- RevenueFromContractWithCustomerIncludingAssessedTax 10/16 (62%, last 2019Q2), Revenues 1/16 (6%, last 2015Q3); union 69%. the tags' union does not reach the 75% coverage bar, so any series built from them would be silently gapped.
109198/109198      FATAL    fundamentals_alias_unresolved net_income_to_common: ABSENT over 16 reportable quarters -- (no tag has an in-window operating-form row); union 0%. no tag in this family has a single in-window row from an operating form (10-K/10-Q/8-K + /A). Non-operating forms -- DEF 14A proxy compensation tables above all -- are excluded by design and never count as coverage.
109198/109198      FATAL    fundamentals_alias_unresolved liabilities: ABSENT over 16 reportable quarters -- (no tag has an in-window operating-form row); union 0%. no tag in this family has a single in-window row from an operating form (10-K/10-Q/8-K + /A). Non-operating forms -- DEF 14A proxy compensation tables above all -- are excluded by design and never count as coverage.
109198/109198      FATAL    fundamentals_alias_unresolved minority_interest: ABSENT over 16 reportable quarters -- (no tag has an in-window operating-form row); union 0%. no tag in this family has a single in-window row from an operating form (10-K/10-Q/8-K + /A). Non-operating forms -- DEF 14A proxy compensation tables above all -- are excluded by design and never count as coverage.
200406/200406      FATAL    fundamentals_alias_unresolved net_income_to_common: ABSENT over 44 reportable quarters -- (no tag has an in-window operating-form row); union 0%. no tag in this family has a single in-window row from an operating form (10-K/10-Q/8-K + /A). Non-operating forms -- DEF 14A proxy compensation tables above all -- are excluded by design and never count as coverage.
200406/200406      FATAL    fundamentals_alias_unresolved operating_income: ABSENT over 44 reportable quarters -- (no tag has an in-window operating-form row); union 0%. no tag in this family has a single in-window row from an operating form (10-K/10-Q/8-K + /A). Non-operating forms -- DEF 14A proxy compensation tables above all -- are excluded by design and never count as coverage.
200406/200406      FATAL    fundamentals_alias_unresolved minority_interest: PARTIAL over 44 reportable quarters -- MinorityInterest 2/44 (5%, last 2023Q3); union 5%. the tags' union does not reach the 75% coverage bar, so any series built from them would be silently gapped. It is below the 40% floor where F2_SPEC §5.3's PARTIAL band starts, and is reported as PARTIAL rather than ABSENT because the family does have in-window operating-form rows.
310158/310158      FATAL    fundamentals_alias_unresolved net_income_to_common: PARTIAL over 44 reportable quarters -- NetIncomeLossAvailableToCommonStockholdersBasic 25/44 (57%, last 2026Q2); union 57%. the tags' union does not reach the 75% coverage bar, so any series built from them would be silently gapped.
310158/310158      FATAL    fundamentals_alias_unresolved operating_income: ABSENT over 44 reportable quarters -- (no tag has an in-window operating-form row); union 0%. no tag in this family has a single in-window row from an operating form (10-K/10-Q/8-K + /A). Non-operating forms -- DEF 14A proxy compensation tables above all -- are excluded by design and never count as coverage.
310158/310158      FATAL    fundamentals_alias_unresolved liabilities: ABSENT over 44 reportable quarters -- (no tag has an in-window operating-form row); union 0%. no tag in this family has a single in-window row from an operating form (10-K/10-Q/8-K + /A). Non-operating forms -- DEF 14A proxy compensation tables above all -- are excluded by design and never count as coverage.
310764/310764      FATAL    fundamentals_alias_unresolved net_income_to_common: ABSENT over 44 reportable quarters -- (no tag has an in-window operating-form row); union 0%. no tag in this family has a single in-window row from an operating form (10-K/10-Q/8-K + /A). Non-operating forms -- DEF 14A proxy compensation tables above all -- are excluded by design and never count as coverage.
310764/310764      FATAL    fundamentals_alias_unresolved minority_interest: PARTIAL over 44 reportable quarters -- MinorityInterest 3/44 (7%, last 2018Q1); union 7%. the tags' union does not reach the 75% coverage bar, so any series built from them would be silently gapped. It is below the 40% floor where F2_SPEC §5.3's PARTIAL band starts, and is reported as PARTIAL rather than ABSENT because the family does have in-window operating-form rows.
313616/313616      FATAL    fundamentals_alias_unresolved net_income_to_common: PARTIAL over 44 reportable quarters -- NetIncomeLossAvailableToCommonStockholdersBasic 27/44 (61%, last 2025Q4); union 61%. the tags' union does not reach the 75% coverage bar, so any series built from them would be silently gapped.
313616/313616      FATAL    fundamentals_alias_unresolved liabilities: ABSENT over 44 reportable quarters -- (no tag has an in-window operating-form row); union 0%. no tag in this family has a single in-window row from an operating form (10-K/10-Q/8-K + /A). Non-operating forms -- DEF 14A proxy compensation tables above all -- are excluded by design and never count as coverage.
315189/315189      FATAL    fundamentals_alias_unresolved net_income_to_common: ABSENT over 24 reportable quarters -- (no tag has an in-window operating-form row); union 0%. no tag in this family has a single in-window row from an operating form (10-K/10-Q/8-K + /A). Non-operating forms -- DEF 14A proxy compensation tables above all -- are excluded by design and never count as coverage.
315189/315189      FATAL    fundamentals_alias_unresolved operating_income: PARTIAL over 24 reportable quarters -- OperatingIncomeLoss 15/24 (62%, last 2024Q4); union 62%. the tags' union does not reach the 75% coverage bar, so any series built from them would be silently gapped.
315293/315293      FATAL    fundamentals_alias_unresolved net_income_to_common: ABSENT over 16 reportable quarters -- (no tag has an in-window operating-form row); union 0%. no tag in this family has a single in-window row from an operating form (10-K/10-Q/8-K + /A). Non-operating forms -- DEF 14A proxy compensation tables above all -- are excluded by design and never count as coverage.
315293/315293      FATAL    fundamentals_alias_unresolved minority_interest: PARTIAL over 16 reportable quarters -- MinorityInterest 7/16 (44%, last 2024Q1); union 44%. the tags' union does not reach the 75% coverage bar, so any series built from them would be silently gapped.
316709/316709      FATAL    fundamentals_alias_unresolved operating_income: ABSENT over 44 reportable quarters -- (no tag has an in-window operating-form row); union 0%. no tag in this family has a single in-window row from an operating form (10-K/10-Q/8-K + /A). Non-operating forms -- DEF 14A proxy compensation tables above all -- are excluded by design and never count as coverage.
316709/316709      FATAL    fundamentals_alias_unresolved minority_interest: ABSENT over 44 reportable quarters -- (no tag has an in-window operating-form row); union 0%. no tag in this family has a single in-window row from an operating form (10-K/10-Q/8-K + /A). Non-operating forms -- DEF 14A proxy compensation tables above all -- are excluded by design and never count as coverage.
316709/316709      FATAL    fundamentals_alias_unresolved shares_outstanding: PARTIAL over 44 reportable quarters -- EntityCommonStockSharesOutstanding 27/44 (61%, last 2026Q2); union 61%. the tags' union does not reach the 75% coverage bar, so any series built from them would be silently gapped.
318154/318154      FATAL    fundamentals_alias_unresolved net_income_to_common: ABSENT over 44 reportable quarters -- (no tag has an in-window operating-form row); union 0%. no tag in this family has a single in-window row from an operating form (10-K/10-Q/8-K + /A). Non-operating forms -- DEF 14A proxy compensation tables above all -- are excluded by design and never count as coverage.
318154/318154      FATAL    fundamentals_alias_unresolved liabilities: ABSENT over 44 reportable quarters -- (no tag has an in-window operating-form row); union 0%. no tag in this family has a single in-window row from an operating form (10-K/10-Q/8-K + /A). Non-operating forms -- DEF 14A proxy compensation tables above all -- are excluded by design and never count as coverage.
318154/318154      FATAL    fundamentals_alias_unresolved minority_interest: ABSENT over 44 reportable quarters -- (no tag has an in-window operating-form row); union 0%. no tag in this family has a single in-window row from an operating form (10-K/10-Q/8-K + /A). Non-operating forms -- DEF 14A proxy compensation tables above all -- are excluded by design and never count as coverage.
320187/320187      FATAL    fundamentals_alias_unresolved net_income_to_common: ABSENT over 44 reportable quarters -- (no tag has an in-window operating-form row); union 0%. no tag in this family has a single in-window row from an operating form (10-K/10-Q/8-K + /A). Non-operating forms -- DEF 14A proxy compensation tables above all -- are excluded by design and never count as coverage.
320187/320187      FATAL    fundamentals_alias_unresolved operating_income: ABSENT over 44 reportable quarters -- (no tag has an in-window operating-form row); union 0%. no tag in this family has a single in-window row from an operating form (10-K/10-Q/8-K + /A). Non-operating forms -- DEF 14A proxy compensation tables above all -- are excluded by design and never count as coverage.
320187/320187      FATAL    fundamentals_alias_unresolved liabilities: ABSENT over 44 reportable quarters -- (no tag has an in-window operating-form row); union 0%. no tag in this family has a single in-window row from an operating form (10-K/10-Q/8-K + /A). Non-operating forms -- DEF 14A proxy compensation tables above all -- are excluded by design and never count as coverage.
320187/320187      FATAL    fundamentals_alias_unresolved minority_interest: ABSENT over 44 reportable quarters -- (no tag has an in-window operating-form row); union 0%. no tag in this family has a single in-window row from an operating form (10-K/10-Q/8-K + /A). Non-operating forms -- DEF 14A proxy compensation tables above all -- are excluded by design and never count as coverage.
320187/320187      FATAL    fundamentals_alias_unresolved shares_outstanding: PARTIAL over 44 reportable quarters -- EntityCommonStockSharesOutstanding 1/44 (2%, last 2015Q3); union 2%. the tags' union does not reach the 75% coverage bar, so any series built from them would be silently gapped. It is below the 40% floor where F2_SPEC §5.3's PARTIAL band starts, and is reported as PARTIAL rather than ABSENT because the family does have in-window operating-form rows.
320193/320193      FATAL    fundamentals_alias_unresolved net_income_to_common: ABSENT over 44 reportable quarters -- (no tag has an in-window operating-form row); union 0%. no tag in this family has a single in-window row from an operating form (10-K/10-Q/8-K + /A). Non-operating forms -- DEF 14A proxy compensation tables above all -- are excluded by design and never count as coverage.
320193/320193      FATAL    fundamentals_alias_unresolved minority_interest: ABSENT over 44 reportable quarters -- (no tag has an in-window operating-form row); union 0%. no tag in this family has a single in-window row from an operating form (10-K/10-Q/8-K + /A). Non-operating forms -- DEF 14A proxy compensation tables above all -- are excluded by design and never count as coverage.
354950/354950      FATAL    fundamentals_alias_unresolved net_income_to_common: ABSENT over 44 reportable quarters -- (no tag has an in-window operating-form row); union 0%. no tag in this family has a single in-window row from an operating form (10-K/10-Q/8-K + /A). Non-operating forms -- DEF 14A proxy compensation tables above all -- are excluded by design and never count as coverage.
354950/354950      FATAL    fundamentals_alias_unresolved minority_interest: ABSENT over 44 reportable quarters -- (no tag has an in-window operating-form row); union 0%. no tag in this family has a single in-window row from an operating form (10-K/10-Q/8-K + /A). Non-operating forms -- DEF 14A proxy compensation tables above all -- are excluded by design and never count as coverage.
701221/701221      FATAL    fundamentals_alias_unresolved operating_income: ABSENT over 12 reportable quarters -- (no tag has an in-window operating-form row); union 0%. no tag in this family has a single in-window row from an operating form (10-K/10-Q/8-K + /A). Non-operating forms -- DEF 14A proxy compensation tables above all -- are excluded by design and never count as coverage.
707549/707549      FATAL    fundamentals_alias_unresolved net_income_to_common: ABSENT over 16 reportable quarters -- (no tag has an in-window operating-form row); union 0%. no tag in this family has a single in-window row from an operating form (10-K/10-Q/8-K + /A). Non-operating forms -- DEF 14A proxy compensation tables above all -- are excluded by design and never count as coverage.
707549/707549      FATAL    fundamentals_alias_unresolved minority_interest: ABSENT over 16 reportable quarters -- (no tag has an in-window operating-form row); union 0%. no tag in this family has a single in-window row from an operating form (10-K/10-Q/8-K + /A). Non-operating forms -- DEF 14A proxy compensation tables above all -- are excluded by design and never count as coverage.
712515/712515      FATAL    fundamentals_alias_unresolved net_income_to_common: ABSENT over 28 reportable quarters -- (no tag has an in-window operating-form row); union 0%. no tag in this family has a single in-window row from an operating form (10-K/10-Q/8-K + /A). Non-operating forms -- DEF 14A proxy compensation tables above all -- are excluded by design and never count as coverage.
712515/712515      FATAL    fundamentals_alias_unresolved minority_interest: ABSENT over 28 reportable quarters -- (no tag has an in-window operating-form row); union 0%. no tag in this family has a single in-window row from an operating form (10-K/10-Q/8-K + /A). Non-operating forms -- DEF 14A proxy compensation tables above all -- are excluded by design and never count as coverage.
713676/713676      FATAL    fundamentals_alias_unresolved operating_income: ABSENT over 40 reportable quarters -- (no tag has an in-window operating-form row); union 0%. no tag in this family has a single in-window row from an operating form (10-K/10-Q/8-K + /A). Non-operating forms -- DEF 14A proxy compensation tables above all -- are excluded by design and never count as coverage.
718877/718877      FATAL    fundamentals_alias_unresolved net_income_to_common: PARTIAL over 33 reportable quarters -- NetIncomeLossAvailableToCommonStockholdersBasic 11/33 (33%, last 2018Q4); union 33%. the tags' union does not reach the 75% coverage bar, so any series built from them would be silently gapped. It is below the 40% floor where F2_SPEC §5.3's PARTIAL band starts, and is reported as PARTIAL rather than ABSENT because the family does have in-window operating-form rows.
718877/718877      FATAL    fundamentals_alias_unresolved minority_interest: ABSENT over 33 reportable quarters -- (no tag has an in-window operating-form row); union 0%. no tag in this family has a single in-window row from an operating form (10-K/10-Q/8-K + /A). Non-operating forms -- DEF 14A proxy compensation tables above all -- are excluded by design and never count as coverage.
723125/723125      FATAL    fundamentals_alias_unresolved revenue: ABSENT over 12 reportable quarters -- (no tag has an in-window operating-form row); union 0%. no tag in this family has a single in-window row from an operating form (10-K/10-Q/8-K + /A). Non-operating forms -- DEF 14A proxy compensation tables above all -- are excluded by design and never count as coverage.
723125/723125      FATAL    fundamentals_alias_unresolved net_income_to_common: ABSENT over 12 reportable quarters -- (no tag has an in-window operating-form row); union 0%. no tag in this family has a single in-window row from an operating form (10-K/10-Q/8-K + /A). Non-operating forms -- DEF 14A proxy compensation tables above all -- are excluded by design and never count as coverage.
726728/726728      FATAL    fundamentals_alias_unresolved operating_income: ABSENT over 20 reportable quarters -- (no tag has an in-window operating-form row); union 0%. no tag in this family has a single in-window row from an operating form (10-K/10-Q/8-K + /A). Non-operating forms -- DEF 14A proxy compensation tables above all -- are excluded by design and never count as coverage.
731766/731766      FATAL    fundamentals_alias_unresolved net_income_to_common: ABSENT over 44 reportable quarters -- (no tag has an in-window operating-form row); union 0%. no tag in this family has a single in-window row from an operating form (10-K/10-Q/8-K + /A). Non-operating forms -- DEF 14A proxy compensation tables above all -- are excluded by design and never count as coverage.
732712/732712      FATAL    fundamentals_alias_unresolved net_income_to_common: ABSENT over 44 reportable quarters -- (no tag has an in-window operating-form row); union 0%. no tag in this family has a single in-window row from an operating form (10-K/10-Q/8-K + /A). Non-operating forms -- DEF 14A proxy compensation tables above all -- are excluded by design and never count as coverage.
732712/732712      FATAL    fundamentals_alias_unresolved liabilities: ABSENT over 44 reportable quarters -- (no tag has an in-window operating-form row); union 0%. no tag in this family has a single in-window row from an operating form (10-K/10-Q/8-K + /A). Non-operating forms -- DEF 14A proxy compensation tables above all -- are excluded by design and never count as coverage.
732717/732717      FATAL    fundamentals_alias_unresolved net_income_to_common: PARTIAL over 44 reportable quarters -- NetIncomeLossAvailableToCommonStockholdersBasic 32/44 (73%, last 2026Q2); union 73%. the tags' union does not reach the 75% coverage bar, so any series built from them would be silently gapped.
732717/732717      FATAL    fundamentals_alias_unresolved liabilities: PARTIAL over 44 reportable quarters -- Liabilities 1/44 (2%, last 2015Q4); union 2%. the tags' union does not reach the 75% coverage bar, so any series built from them would be silently gapped. It is below the 40% floor where F2_SPEC §5.3's PARTIAL band starts, and is reported as PARTIAL rather than ABSENT because the family does have in-window operating-form rows.
753308/753308      FATAL    fundamentals_alias_unresolved net_income_to_common: ABSENT over 43 reportable quarters -- (no tag has an in-window operating-form row); union 0%. no tag in this family has a single in-window row from an operating form (10-K/10-Q/8-K + /A). Non-operating forms -- DEF 14A proxy compensation tables above all -- are excluded by design and never count as coverage.
753308/753308      FATAL    fundamentals_alias_unresolved liabilities: PARTIAL over 43 reportable quarters -- Liabilities 23/43 (53%, last 2026Q1); union 53%. the tags' union does not reach the 75% coverage bar, so any series built from them would be silently gapped.
753308/753308      FATAL    fundamentals_alias_unresolved shares_outstanding: PARTIAL over 43 reportable quarters -- EntityCommonStockSharesOutstanding 32/43 (74%, last 2026Q1); union 74%. the tags' union does not reach the 75% coverage bar, so any series built from them would be silently gapped.
764180/764180      FATAL    fundamentals_alias_unresolved net_income_to_common: PARTIAL over 44 reportable quarters -- NetIncomeLossAvailableToCommonStockholdersBasic 27/44 (61%, last 2026Q2); union 61%. the tags' union does not reach the 75% coverage bar, so any series built from them would be silently gapped.
766704/766704      FATAL    fundamentals_alias_unresolved operating_income: ABSENT over 44 reportable quarters -- (no tag has an in-window operating-form row); union 0%. no tag in this family has a single in-window row from an operating form (10-K/10-Q/8-K + /A). Non-operating forms -- DEF 14A proxy compensation tables above all -- are excluded by design and never count as coverage.
769397/769397      FATAL    fundamentals_alias_unresolved net_income_to_common: ABSENT over 16 reportable quarters -- (no tag has an in-window operating-form row); union 0%. no tag in this family has a single in-window row from an operating form (10-K/10-Q/8-K + /A). Non-operating forms -- DEF 14A proxy compensation tables above all -- are excluded by design and never count as coverage.
769397/769397      FATAL    fundamentals_alias_unresolved liabilities: ABSENT over 16 reportable quarters -- (no tag has an in-window operating-form row); union 0%. no tag in this family has a single in-window row from an operating form (10-K/10-Q/8-K + /A). Non-operating forms -- DEF 14A proxy compensation tables above all -- are excluded by design and never count as coverage.
769397/769397      FATAL    fundamentals_alias_unresolved minority_interest: ABSENT over 16 reportable quarters -- (no tag has an in-window operating-form row); union 0%. no tag in this family has a single in-window row from an operating form (10-K/10-Q/8-K + /A). Non-operating forms -- DEF 14A proxy compensation tables above all -- are excluded by design and never count as coverage.
773840/773840      FATAL    fundamentals_alias_unresolved net_income_to_common: ABSENT over 44 reportable quarters -- (no tag has an in-window operating-form row); union 0%. no tag in this family has a single in-window row from an operating form (10-K/10-Q/8-K + /A). Non-operating forms -- DEF 14A proxy compensation tables above all -- are excluded by design and never count as coverage.
773840/773840      FATAL    fundamentals_alias_unresolved operating_income: PARTIAL over 44 reportable quarters -- OperatingIncomeLoss 21/44 (48%, last 2026Q2); union 48%. the tags' union does not reach the 75% coverage bar, so any series built from them would be silently gapped.
773840/773840      FATAL    fundamentals_alias_unresolved liabilities: ABSENT over 44 reportable quarters -- (no tag has an in-window operating-form row); union 0%. no tag in this family has a single in-window row from an operating form (10-K/10-Q/8-K + /A). Non-operating forms -- DEF 14A proxy compensation tables above all -- are excluded by design and never count as coverage.
773910/773910      FATAL    fundamentals_alias_unresolved liabilities: ABSENT over 17 reportable quarters -- (no tag has an in-window operating-form row); union 0%. no tag in this family has a single in-window row from an operating form (10-K/10-Q/8-K + /A). Non-operating forms -- DEF 14A proxy compensation tables above all -- are excluded by design and never count as coverage.
788784/788784      FATAL    fundamentals_alias_unresolved net_income_to_common: PARTIAL over 28 reportable quarters -- NetIncomeLossAvailableToCommonStockholdersBasic 18/28 (64%, last 2019Q4); union 64%. the tags' union does not reach the 75% coverage bar, so any series built from them would be silently gapped.
788784/788784      FATAL    fundamentals_alias_unresolved liabilities: ABSENT over 28 reportable quarters -- (no tag has an in-window operating-form row); union 0%. no tag in this family has a single in-window row from an operating form (10-K/10-Q/8-K + /A). Non-operating forms -- DEF 14A proxy compensation tables above all -- are excluded by design and never count as coverage.
788784/788784      FATAL    fundamentals_alias_unresolved minority_interest: PARTIAL over 28 reportable quarters -- MinorityInterest 6/28 (21%, last 2016Q4); union 21%. the tags' union does not reach the 75% coverage bar, so any series built from them would be silently gapped. It is below the 40% floor where F2_SPEC §5.3's PARTIAL band starts, and is reported as PARTIAL rather than ABSENT because the family does have in-window operating-form rows.
789019/789019      FATAL    fundamentals_alias_unresolved net_income_to_common: ABSENT over 44 reportable quarters -- (no tag has an in-window operating-form row); union 0%. no tag in this family has a single in-window row from an operating form (10-K/10-Q/8-K + /A). Non-operating forms -- DEF 14A proxy compensation tables above all -- are excluded by design and never count as coverage.
789019/789019      FATAL    fundamentals_alias_unresolved minority_interest: ABSENT over 44 reportable quarters -- (no tag has an in-window operating-form row); union 0%. no tag in this family has a single in-window row from an operating form (10-K/10-Q/8-K + /A). Non-operating forms -- DEF 14A proxy compensation tables above all -- are excluded by design and never count as coverage.
790070/790070      FATAL    fundamentals_alias_unresolved net_income_to_common: ABSENT over 4 reportable quarters -- (no tag has an in-window operating-form row); union 0%. no tag in this family has a single in-window row from an operating form (10-K/10-Q/8-K + /A). Non-operating forms -- DEF 14A proxy compensation tables above all -- are excluded by design and never count as coverage.
797468/797468      FATAL    fundamentals_alias_unresolved operating_income: ABSENT over 44 reportable quarters -- (no tag has an in-window operating-form row); union 0%. no tag in this family has a single in-window row from an operating form (10-K/10-Q/8-K + /A). Non-operating forms -- DEF 14A proxy compensation tables above all -- are excluded by design and never count as coverage.
797468/797468      FATAL    fundamentals_alias_unresolved liabilities: ABSENT over 44 reportable quarters -- (no tag has an in-window operating-form row); union 0%. no tag in this family has a single in-window row from an operating form (10-K/10-Q/8-K + /A). Non-operating forms -- DEF 14A proxy compensation tables above all -- are excluded by design and never count as coverage.
797468/797468      FATAL    fundamentals_alias_unresolved minority_interest: PARTIAL over 44 reportable quarters -- MinorityInterest 16/44 (36%, last 2026Q2); union 36%. the tags' union does not reach the 75% coverage bar, so any series built from them would be silently gapped. It is below the 40% floor where F2_SPEC §5.3's PARTIAL band starts, and is reported as PARTIAL rather than ABSENT because the family does have in-window operating-form rows.
798354/798354      FATAL    fundamentals_alias_unresolved revenue: OVERLAP over 28 reportable quarters -- Revenues 18/28 (64%, last 2025Q4), RevenueFromContractWithCustomerExcludingAssessedTax 17/28 (61%, last 2026Q2); union 100%. two or more tags share quarters and NONE of them clears the 75% coverage bar, so there is no dominant tag to prefer and no migration pattern to follow -- genuine ambiguity. The classifier will not pick one, and there is no per-ticker override. F5 must refuse to build this series.
798354/798354      FATAL    fundamentals_alias_unresolved net_income_to_common: ABSENT over 28 reportable quarters -- (no tag has an in-window operating-form row); union 0%. no tag in this family has a single in-window row from an operating form (10-K/10-Q/8-K + /A). Non-operating forms -- DEF 14A proxy compensation tables above all -- are excluded by design and never count as coverage.
804328/804328      FATAL    fundamentals_alias_unresolved net_income_to_common: ABSENT over 44 reportable quarters -- (no tag has an in-window operating-form row); union 0%. no tag in this family has a single in-window row from an operating form (10-K/10-Q/8-K + /A). Non-operating forms -- DEF 14A proxy compensation tables above all -- are excluded by design and never count as coverage.
804328/804328      FATAL    fundamentals_alias_unresolved minority_interest: PARTIAL over 44 reportable quarters -- MinorityInterest 9/44 (20%, last 2017Q3); union 20%. the tags' union does not reach the 75% coverage bar, so any series built from them would be silently gapped. It is below the 40% floor where F2_SPEC §5.3's PARTIAL band starts, and is reported as PARTIAL rather than ABSENT because the family does have in-window operating-form rows.
804753/804753      FATAL    fundamentals_alias_unresolved revenue: PARTIAL over 16 reportable quarters -- Revenues 2/16 (12%, last 2019Q2); union 12%. the tags' union does not reach the 75% coverage bar, so any series built from them would be silently gapped. It is below the 40% floor where F2_SPEC §5.3's PARTIAL band starts, and is reported as PARTIAL rather than ABSENT because the family does have in-window operating-form rows.
804753/804753      FATAL    fundamentals_alias_unresolved minority_interest: ABSENT over 16 reportable quarters -- (no tag has an in-window operating-form row); union 0%. no tag in this family has a single in-window row from an operating form (10-K/10-Q/8-K + /A). Non-operating forms -- DEF 14A proxy compensation tables above all -- are excluded by design and never count as coverage.
813672/813672      FATAL    fundamentals_alias_unresolved net_income_to_common: ABSENT over 15 reportable quarters -- (no tag has an in-window operating-form row); union 0%. no tag in this family has a single in-window row from an operating form (10-K/10-Q/8-K + /A). Non-operating forms -- DEF 14A proxy compensation tables above all -- are excluded by design and never count as coverage.
813672/813672      FATAL    fundamentals_alias_unresolved liabilities: ABSENT over 15 reportable quarters -- (no tag has an in-window operating-form row); union 0%. no tag in this family has a single in-window row from an operating form (10-K/10-Q/8-K + /A). Non-operating forms -- DEF 14A proxy compensation tables above all -- are excluded by design and never count as coverage.
813672/813672      FATAL    fundamentals_alias_unresolved minority_interest: ABSENT over 15 reportable quarters -- (no tag has an in-window operating-form row); union 0%. no tag in this family has a single in-window row from an operating form (10-K/10-Q/8-K + /A). Non-operating forms -- DEF 14A proxy compensation tables above all -- are excluded by design and never count as coverage.
816284/816284      FATAL    fundamentals_alias_unresolved net_income_to_common: ABSENT over 18 reportable quarters -- (no tag has an in-window operating-form row); union 0%. no tag in this family has a single in-window row from an operating form (10-K/10-Q/8-K + /A). Non-operating forms -- DEF 14A proxy compensation tables above all -- are excluded by design and never count as coverage.
816284/816284      FATAL    fundamentals_alias_unresolved minority_interest: ABSENT over 18 reportable quarters -- (no tag has an in-window operating-form row); union 0%. no tag in this family has a single in-window row from an operating form (10-K/10-Q/8-K + /A). Non-operating forms -- DEF 14A proxy compensation tables above all -- are excluded by design and never count as coverage.
821189/821189      FATAL    fundamentals_alias_unresolved net_income_to_common: PARTIAL over 44 reportable quarters -- NetIncomeLossAvailableToCommonStockholdersBasic 21/44 (48%, last 2026Q2); union 48%. the tags' union does not reach the 75% coverage bar, so any series built from them would be silently gapped.
821189/821189      FATAL    fundamentals_alias_unresolved liabilities: ABSENT over 44 reportable quarters -- (no tag has an in-window operating-form row); union 0%. no tag in this family has a single in-window row from an operating form (10-K/10-Q/8-K + /A). Non-operating forms -- DEF 14A proxy compensation tables above all -- are excluded by design and never count as coverage.
821189/821189      FATAL    fundamentals_alias_unresolved minority_interest: ABSENT over 44 reportable quarters -- (no tag has an in-window operating-form row); union 0%. no tag in this family has a single in-window row from an operating form (10-K/10-Q/8-K + /A). Non-operating forms -- DEF 14A proxy compensation tables above all -- are excluded by design and never count as coverage.
823768/823768      FATAL    fundamentals_alias_unresolved net_income_to_common: PARTIAL over 44 reportable quarters -- NetIncomeLossAvailableToCommonStockholdersBasic 3/44 (7%, last 2016Q1); union 7%. the tags' union does not reach the 75% coverage bar, so any series built from them would be silently gapped. It is below the 40% floor where F2_SPEC §5.3's PARTIAL band starts, and is reported as PARTIAL rather than ABSENT because the family does have in-window operating-form rows.
827052/827052      FATAL    fundamentals_alias_unresolved pretax_income: PARTIAL over 20 reportable quarters -- IncomeLossFromContinuingOperationsBeforeIncomeTaxesExtraordinaryItemsNoncontrollingInterest 9/20 (45%, last 2020Q2); union 45%. the tags' union does not reach the 75% coverage bar, so any series built from them would be silently gapped.
827052/827052      FATAL    fundamentals_alias_unresolved minority_interest: PARTIAL over 20 reportable quarters -- MinorityInterest 6/20 (30%, last 2018Q4); union 30%. the tags' union does not reach the 75% coverage bar, so any series built from them would be silently gapped. It is below the 40% floor where F2_SPEC §5.3's PARTIAL band starts, and is reported as PARTIAL rather than ABSENT because the family does have in-window operating-form rows.
829224/829224      FATAL    fundamentals_alias_unresolved net_income_to_common: ABSENT over 44 reportable quarters -- (no tag has an in-window operating-form row); union 0%. no tag in this family has a single in-window row from an operating form (10-K/10-Q/8-K + /A). Non-operating forms -- DEF 14A proxy compensation tables above all -- are excluded by design and never count as coverage.
831001/831001      FATAL    fundamentals_alias_unresolved operating_income: ABSENT over 43 reportable quarters -- (no tag has an in-window operating-form row); union 0%. no tag in this family has a single in-window row from an operating form (10-K/10-Q/8-K + /A). Non-operating forms -- DEF 14A proxy compensation tables above all -- are excluded by design and never count as coverage.
831001/831001      FATAL    fundamentals_alias_unresolved shares_outstanding: PARTIAL over 43 reportable quarters -- EntityCommonStockSharesOutstanding 32/43 (74%, last 2026Q1); union 74%. the tags' union does not reach the 75% coverage bar, so any series built from them would be silently gapped.
849399/849399      FATAL    fundamentals_alias_unresolved revenue: PARTIAL over 16 reportable quarters -- RevenueFromContractWithCustomerExcludingAssessedTax 9/16 (56%, last 2019Q1), RevenueFromContractWithCustomerIncludingAssessedTax 3/16 (19%, last 2018Q1); union 62%. the tags' union does not reach the 75% coverage bar, so any series built from them would be silently gapped.
849399/849399      FATAL    fundamentals_alias_unresolved net_income_to_common: ABSENT over 16 reportable quarters -- (no tag has an in-window operating-form row); union 0%. no tag in this family has a single in-window row from an operating form (10-K/10-Q/8-K + /A). Non-operating forms -- DEF 14A proxy compensation tables above all -- are excluded by design and never count as coverage.
849399/849399      FATAL    fundamentals_alias_unresolved minority_interest: ABSENT over 16 reportable quarters -- (no tag has an in-window operating-form row); union 0%. no tag in this family has a single in-window row from an operating form (10-K/10-Q/8-K + /A). Non-operating forms -- DEF 14A proxy compensation tables above all -- are excluded by design and never count as coverage.
858877/858877      FATAL    fundamentals_alias_unresolved net_income_to_common: ABSENT over 44 reportable quarters -- (no tag has an in-window operating-form row); union 0%. no tag in this family has a single in-window row from an operating form (10-K/10-Q/8-K + /A). Non-operating forms -- DEF 14A proxy compensation tables above all -- are excluded by design and never count as coverage.
858877/858877      FATAL    fundamentals_alias_unresolved minority_interest: PARTIAL over 44 reportable quarters -- MinorityInterest 11/44 (25%, last 2019Q3); union 25%. the tags' union does not reach the 75% coverage bar, so any series built from them would be silently gapped. It is below the 40% floor where F2_SPEC §5.3's PARTIAL band starts, and is reported as PARTIAL rather than ABSENT because the family does have in-window operating-form rows.
872589/872589      FATAL    fundamentals_alias_unresolved net_income_to_common: ABSENT over 44 reportable quarters -- (no tag has an in-window operating-form row); union 0%. no tag in this family has a single in-window row from an operating form (10-K/10-Q/8-K + /A). Non-operating forms -- DEF 14A proxy compensation tables above all -- are excluded by design and never count as coverage.
872589/872589      FATAL    fundamentals_alias_unresolved minority_interest: ABSENT over 44 reportable quarters -- (no tag has an in-window operating-form row); union 0%. no tag in this family has a single in-window row from an operating form (10-K/10-Q/8-K + /A). Non-operating forms -- DEF 14A proxy compensation tables above all -- are excluded by design and never count as coverage.
872589/872589      FATAL    fundamentals_alias_unresolved shares_outstanding: ABSENT over 44 reportable quarters -- (no tag has an in-window operating-form row); union 0%. no tag in this family has a single in-window row from an operating form (10-K/10-Q/8-K + /A). Non-operating forms -- DEF 14A proxy compensation tables above all -- are excluded by design and never count as coverage.
875045/875045      FATAL    fundamentals_alias_unresolved net_income_to_common: ABSENT over 24 reportable quarters -- (no tag has an in-window operating-form row); union 0%. no tag in this family has a single in-window row from an operating form (10-K/10-Q/8-K + /A). Non-operating forms -- DEF 14A proxy compensation tables above all -- are excluded by design and never count as coverage.
875320/875320      FATAL    fundamentals_alias_unresolved net_income_to_common: PARTIAL over 28 reportable quarters -- NetIncomeLossAvailableToCommonStockholdersBasic 3/28 (11%, last 2020Q4); union 11%. the tags' union does not reach the 75% coverage bar, so any series built from them would be silently gapped. It is below the 40% floor where F2_SPEC §5.3's PARTIAL band starts, and is reported as PARTIAL rather than ABSENT because the family does have in-window operating-form rows.
875320/875320      FATAL    fundamentals_alias_unresolved minority_interest: ABSENT over 28 reportable quarters -- (no tag has an in-window operating-form row); union 0%. no tag in this family has a single in-window row from an operating form (10-K/10-Q/8-K + /A). Non-operating forms -- DEF 14A proxy compensation tables above all -- are excluded by design and never count as coverage.
882095/882095      FATAL    fundamentals_alias_unresolved net_income_to_common: ABSENT over 44 reportable quarters -- (no tag has an in-window operating-form row); union 0%. no tag in this family has a single in-window row from an operating form (10-K/10-Q/8-K + /A). Non-operating forms -- DEF 14A proxy compensation tables above all -- are excluded by design and never count as coverage.
882095/882095      FATAL    fundamentals_alias_unresolved liabilities: ABSENT over 44 reportable quarters -- (no tag has an in-window operating-form row); union 0%. no tag in this family has a single in-window row from an operating form (10-K/10-Q/8-K + /A). Non-operating forms -- DEF 14A proxy compensation tables above all -- are excluded by design and never count as coverage.
884905/884905      FATAL    fundamentals_alias_unresolved revenue: ABSENT over 13 reportable quarters -- (no tag has an in-window operating-form row); union 0%. no tag in this family has a single in-window row from an operating form (10-K/10-Q/8-K + /A). Non-operating forms -- DEF 14A proxy compensation tables above all -- are excluded by design and never count as coverage.
884905/884905      FATAL    fundamentals_alias_unresolved net_income_to_common: ABSENT over 13 reportable quarters -- (no tag has an in-window operating-form row); union 0%. no tag in this family has a single in-window row from an operating form (10-K/10-Q/8-K + /A). Non-operating forms -- DEF 14A proxy compensation tables above all -- are excluded by design and never count as coverage.
885725/885725      FATAL    fundamentals_alias_unresolved liabilities: ABSENT over 36 reportable quarters -- (no tag has an in-window operating-form row); union 0%. no tag in this family has a single in-window row from an operating form (10-K/10-Q/8-K + /A). Non-operating forms -- DEF 14A proxy compensation tables above all -- are excluded by design and never count as coverage.
885725/885725      FATAL    fundamentals_alias_unresolved minority_interest: PARTIAL over 36 reportable quarters -- MinorityInterest 15/36 (42%, last 2026Q2); union 42%. the tags' union does not reach the 75% coverage bar, so any series built from them would be silently gapped.
886982/886982      FATAL    fundamentals_alias_unresolved operating_income: ABSENT over 44 reportable quarters -- (no tag has an in-window operating-form row); union 0%. no tag in this family has a single in-window row from an operating form (10-K/10-Q/8-K + /A). Non-operating forms -- DEF 14A proxy compensation tables above all -- are excluded by design and never count as coverage.
886982/886982      FATAL    fundamentals_alias_unresolved minority_interest: ABSENT over 44 reportable quarters -- (no tag has an in-window operating-form row); union 0%. no tag in this family has a single in-window row from an operating form (10-K/10-Q/8-K + /A). Non-operating forms -- DEF 14A proxy compensation tables above all -- are excluded by design and never count as coverage.
895126/895126      FATAL    fundamentals_alias_unresolved minority_interest: ABSENT over 8 reportable quarters -- (no tag has an in-window operating-form row); union 0%. no tag in this family has a single in-window row from an operating form (10-K/10-Q/8-K + /A). Non-operating forms -- DEF 14A proxy compensation tables above all -- are excluded by design and never count as coverage.
895421/895421      FATAL    fundamentals_alias_unresolved operating_income: ABSENT over 44 reportable quarters -- (no tag has an in-window operating-form row); union 0%. no tag in this family has a single in-window row from an operating form (10-K/10-Q/8-K + /A). Non-operating forms -- DEF 14A proxy compensation tables above all -- are excluded by design and never count as coverage.
895421/895421      FATAL    fundamentals_alias_unresolved minority_interest: ABSENT over 44 reportable quarters -- (no tag has an in-window operating-form row); union 0%. no tag in this family has a single in-window row from an operating form (10-K/10-Q/8-K + /A). Non-operating forms -- DEF 14A proxy compensation tables above all -- are excluded by design and never count as coverage.
896159/896159      FATAL    fundamentals_alias_unresolved net_income_to_common: ABSENT over 44 reportable quarters -- (no tag has an in-window operating-form row); union 0%. no tag in this family has a single in-window row from an operating form (10-K/10-Q/8-K + /A). Non-operating forms -- DEF 14A proxy compensation tables above all -- are excluded by design and never count as coverage.
896159/896159      FATAL    fundamentals_alias_unresolved operating_income: ABSENT over 44 reportable quarters -- (no tag has an in-window operating-form row); union 0%. no tag in this family has a single in-window row from an operating form (10-K/10-Q/8-K + /A). Non-operating forms -- DEF 14A proxy compensation tables above all -- are excluded by design and never count as coverage.
896159/896159      FATAL    fundamentals_alias_unresolved minority_interest: PARTIAL over 44 reportable quarters -- MinorityInterest 12/44 (27%, last 2026Q1); union 27%. the tags' union does not reach the 75% coverage bar, so any series built from them would be silently gapped. It is below the 40% floor where F2_SPEC §5.3's PARTIAL band starts, and is reported as PARTIAL rather than ABSENT because the family does have in-window operating-form rows.
896878/896878      FATAL    fundamentals_alias_unresolved net_income_to_common: ABSENT over 44 reportable quarters -- (no tag has an in-window operating-form row); union 0%. no tag in this family has a single in-window row from an operating form (10-K/10-Q/8-K + /A). Non-operating forms -- DEF 14A proxy compensation tables above all -- are excluded by design and never count as coverage.
896878/896878      FATAL    fundamentals_alias_unresolved minority_interest: ABSENT over 44 reportable quarters -- (no tag has an in-window operating-form row); union 0%. no tag in this family has a single in-window row from an operating form (10-K/10-Q/8-K + /A). Non-operating forms -- DEF 14A proxy compensation tables above all -- are excluded by design and never count as coverage.
906107/906107      FATAL    fundamentals_alias_unresolved revenue: PARTIAL over 28 reportable quarters -- Revenues 19/28 (68%, last 2020Q1), RevenueFromContractWithCustomerIncludingAssessedTax 11/28 (39%, last 2020Q1); union 68%. the tags' union does not reach the 75% coverage bar, so any series built from them would be silently gapped.
915912/915912      FATAL    fundamentals_alias_unresolved minority_interest: PARTIAL over 20 reportable quarters -- MinorityInterest 14/20 (70%, last 2022Q2); union 70%. the tags' union does not reach the 75% coverage bar, so any series built from them would be silently gapped.
922224/922224      FATAL    fundamentals_alias_unresolved net_income_to_common: PARTIAL over 20 reportable quarters -- NetIncomeLossAvailableToCommonStockholdersBasic 3/20 (15%, last 2017Q4); union 15%. the tags' union does not reach the 75% coverage bar, so any series built from them would be silently gapped. It is below the 40% floor where F2_SPEC §5.3's PARTIAL band starts, and is reported as PARTIAL rather than ABSENT because the family does have in-window operating-form rows.
922224/922224      FATAL    fundamentals_alias_unresolved liabilities: ABSENT over 20 reportable quarters -- (no tag has an in-window operating-form row); union 0%. no tag in this family has a single in-window row from an operating form (10-K/10-Q/8-K + /A). Non-operating forms -- DEF 14A proxy compensation tables above all -- are excluded by design and never count as coverage.
922224/922224      FATAL    fundamentals_alias_unresolved minority_interest: ABSENT over 20 reportable quarters -- (no tag has an in-window operating-form row); union 0%. no tag in this family has a single in-window row from an operating form (10-K/10-Q/8-K + /A). Non-operating forms -- DEF 14A proxy compensation tables above all -- are excluded by design and never count as coverage.
927628/927628      FATAL    fundamentals_alias_unresolved operating_income: ABSENT over 44 reportable quarters -- (no tag has an in-window operating-form row); union 0%. no tag in this family has a single in-window row from an operating form (10-K/10-Q/8-K + /A). Non-operating forms -- DEF 14A proxy compensation tables above all -- are excluded by design and never count as coverage.
927628/927628      FATAL    fundamentals_alias_unresolved minority_interest: ABSENT over 44 reportable quarters -- (no tag has an in-window operating-form row); union 0%. no tag in this family has a single in-window row from an operating form (10-K/10-Q/8-K + /A). Non-operating forms -- DEF 14A proxy compensation tables above all -- are excluded by design and never count as coverage.
927653/927653      FATAL    fundamentals_alias_unresolved net_income_to_common: ABSENT over 44 reportable quarters -- (no tag has an in-window operating-form row); union 0%. no tag in this family has a single in-window row from an operating form (10-K/10-Q/8-K + /A). Non-operating forms -- DEF 14A proxy compensation tables above all -- are excluded by design and never count as coverage.
927653/927653      FATAL    fundamentals_alias_unresolved liabilities: ABSENT over 44 reportable quarters -- (no tag has an in-window operating-form row); union 0%. no tag in this family has a single in-window row from an operating form (10-K/10-Q/8-K + /A). Non-operating forms -- DEF 14A proxy compensation tables above all -- are excluded by design and never count as coverage.
936402/936402      FATAL    fundamentals_alias_unresolved net_income_to_common: ABSENT over 14 reportable quarters -- (no tag has an in-window operating-form row); union 0%. no tag in this family has a single in-window row from an operating form (10-K/10-Q/8-K + /A). Non-operating forms -- DEF 14A proxy compensation tables above all -- are excluded by design and never count as coverage.
936402/936402      FATAL    fundamentals_alias_unresolved minority_interest: ABSENT over 14 reportable quarters -- (no tag has an in-window operating-form row); union 0%. no tag in this family has a single in-window row from an operating form (10-K/10-Q/8-K + /A). Non-operating forms -- DEF 14A proxy compensation tables above all -- are excluded by design and never count as coverage.
936468/936468      FATAL    fundamentals_alias_unresolved net_income_to_common: ABSENT over 44 reportable quarters -- (no tag has an in-window operating-form row); union 0%. no tag in this family has a single in-window row from an operating form (10-K/10-Q/8-K + /A). Non-operating forms -- DEF 14A proxy compensation tables above all -- are excluded by design and never count as coverage.
936468/936468      FATAL    fundamentals_alias_unresolved minority_interest: PARTIAL over 44 reportable quarters -- MinorityInterest 22/44 (50%, last 2021Q4); union 50%. the tags' union does not reach the 75% coverage bar, so any series built from them would be silently gapped.
1001039/1001039    FATAL    fundamentals_alias_unresolved revenue: PARTIAL over 15 reportable quarters -- Revenues 2/15 (13%, last 2018Q4); union 13%. the tags' union does not reach the 75% coverage bar, so any series built from them would be silently gapped. It is below the 40% floor where F2_SPEC §5.3's PARTIAL band starts, and is reported as PARTIAL rather than ABSENT because the family does have in-window operating-form rows.
1001039/1001039    FATAL    fundamentals_alias_unresolved net_income_to_common: ABSENT over 15 reportable quarters -- (no tag has an in-window operating-form row); union 0%. no tag in this family has a single in-window row from an operating form (10-K/10-Q/8-K + /A). Non-operating forms -- DEF 14A proxy compensation tables above all -- are excluded by design and never count as coverage.
1001039/1001039    FATAL    fundamentals_alias_unresolved liabilities: ABSENT over 15 reportable quarters -- (no tag has an in-window operating-form row); union 0%. no tag in this family has a single in-window row from an operating form (10-K/10-Q/8-K + /A). Non-operating forms -- DEF 14A proxy compensation tables above all -- are excluded by design and never count as coverage.
1001250/1001250    FATAL    fundamentals_alias_unresolved liabilities: ABSENT over 15 reportable quarters -- (no tag has an in-window operating-form row); union 0%. no tag in this family has a single in-window row from an operating form (10-K/10-Q/8-K + /A). Non-operating forms -- DEF 14A proxy compensation tables above all -- are excluded by design and never count as coverage.
1001250/1001250    FATAL    fundamentals_alias_unresolved minority_interest: PARTIAL over 15 reportable quarters -- MinorityInterest 4/15 (27%, last 2022Q2); union 27%. the tags' union does not reach the 75% coverage bar, so any series built from them would be silently gapped. It is below the 40% floor where F2_SPEC §5.3's PARTIAL band starts, and is reported as PARTIAL rather than ABSENT because the family does have in-window operating-form rows.
1001250/1001250    FATAL    fundamentals_alias_unresolved shares_outstanding: ABSENT over 15 reportable quarters -- (no tag has an in-window operating-form row); union 0%. no tag in this family has a single in-window row from an operating form (10-K/10-Q/8-K + /A). Non-operating forms -- DEF 14A proxy compensation tables above all -- are excluded by design and never count as coverage.
1012569/1012569    FATAL    fundamentals_alias_unresolved net_income_to_common: ABSENT over 9 reportable quarters -- (no tag has an in-window operating-form row); union 0%. no tag in this family has a single in-window row from an operating form (10-K/10-Q/8-K + /A). Non-operating forms -- DEF 14A proxy compensation tables above all -- are excluded by design and never count as coverage.
1012569/1012569    FATAL    fundamentals_alias_unresolved liabilities: ABSENT over 9 reportable quarters -- (no tag has an in-window operating-form row); union 0%. no tag in this family has a single in-window row from an operating form (10-K/10-Q/8-K + /A). Non-operating forms -- DEF 14A proxy compensation tables above all -- are excluded by design and never count as coverage.
1018724/1018724    FATAL    fundamentals_alias_unresolved net_income_to_common: ABSENT over 44 reportable quarters -- (no tag has an in-window operating-form row); union 0%. no tag in this family has a single in-window row from an operating form (10-K/10-Q/8-K + /A). Non-operating forms -- DEF 14A proxy compensation tables above all -- are excluded by design and never count as coverage.
1018724/1018724    FATAL    fundamentals_alias_unresolved liabilities: ABSENT over 44 reportable quarters -- (no tag has an in-window operating-form row); union 0%. no tag in this family has a single in-window row from an operating form (10-K/10-Q/8-K + /A). Non-operating forms -- DEF 14A proxy compensation tables above all -- are excluded by design and never count as coverage.
1018724/1018724    FATAL    fundamentals_alias_unresolved minority_interest: ABSENT over 44 reportable quarters -- (no tag has an in-window operating-form row); union 0%. no tag in this family has a single in-window row from an operating form (10-K/10-Q/8-K + /A). Non-operating forms -- DEF 14A proxy compensation tables above all -- are excluded by design and never count as coverage.
1032208/1032208    FATAL    fundamentals_alias_unresolved operating_income: ABSENT over 44 reportable quarters -- (no tag has an in-window operating-form row); union 0%. no tag in this family has a single in-window row from an operating form (10-K/10-Q/8-K + /A). Non-operating forms -- DEF 14A proxy compensation tables above all -- are excluded by design and never count as coverage.
1032208/1032208    FATAL    fundamentals_alias_unresolved liabilities: ABSENT over 44 reportable quarters -- (no tag has an in-window operating-form row); union 0%. no tag in this family has a single in-window row from an operating form (10-K/10-Q/8-K + /A). Non-operating forms -- DEF 14A proxy compensation tables above all -- are excluded by design and never count as coverage.
1032208/1032208    FATAL    fundamentals_alias_unresolved minority_interest: PARTIAL over 44 reportable quarters -- MinorityInterest 6/44 (14%, last 2017Q4); union 14%. the tags' union does not reach the 75% coverage bar, so any series built from them would be silently gapped. It is below the 40% floor where F2_SPEC §5.3's PARTIAL band starts, and is reported as PARTIAL rather than ABSENT because the family does have in-window operating-form rows.
1034054/1034054    FATAL    fundamentals_alias_unresolved net_income_to_common: ABSENT over 16 reportable quarters -- (no tag has an in-window operating-form row); union 0%. no tag in this family has a single in-window row from an operating form (10-K/10-Q/8-K + /A). Non-operating forms -- DEF 14A proxy compensation tables above all -- are excluded by design and never count as coverage.
1034054/1034054    FATAL    fundamentals_alias_unresolved liabilities: ABSENT over 16 reportable quarters -- (no tag has an in-window operating-form row); union 0%. no tag in this family has a single in-window row from an operating form (10-K/10-Q/8-K + /A). Non-operating forms -- DEF 14A proxy compensation tables above all -- are excluded by design and never count as coverage.
1034054/1034054    FATAL    fundamentals_alias_unresolved minority_interest: ABSENT over 16 reportable quarters -- (no tag has an in-window operating-form row); union 0%. no tag in this family has a single in-window row from an operating form (10-K/10-Q/8-K + /A). Non-operating forms -- DEF 14A proxy compensation tables above all -- are excluded by design and never count as coverage.
1035002/1035002    FATAL    fundamentals_alias_unresolved liabilities: ABSENT over 44 reportable quarters -- (no tag has an in-window operating-form row); union 0%. no tag in this family has a single in-window row from an operating form (10-K/10-Q/8-K + /A). Non-operating forms -- DEF 14A proxy compensation tables above all -- are excluded by design and never count as coverage.
1035267/1035267    FATAL    fundamentals_alias_unresolved net_income_to_common: ABSENT over 36 reportable quarters -- (no tag has an in-window operating-form row); union 0%. no tag in this family has a single in-window row from an operating form (10-K/10-Q/8-K + /A). Non-operating forms -- DEF 14A proxy compensation tables above all -- are excluded by design and never count as coverage.
1038357/1038357    FATAL    fundamentals_alias_unresolved operating_income: ABSENT over 36 reportable quarters -- (no tag has an in-window operating-form row); union 0%. no tag in this family has a single in-window row from an operating form (10-K/10-Q/8-K + /A). Non-operating forms -- DEF 14A proxy compensation tables above all -- are excluded by design and never count as coverage.
1038357/1038357    FATAL    fundamentals_alias_unresolved liabilities: ABSENT over 36 reportable quarters -- (no tag has an in-window operating-form row); union 0%. no tag in this family has a single in-window row from an operating form (10-K/10-Q/8-K + /A). Non-operating forms -- DEF 14A proxy compensation tables above all -- are excluded by design and never count as coverage.
1038357/1038357    FATAL    fundamentals_alias_unresolved minority_interest: PARTIAL over 36 reportable quarters -- MinorityInterest 14/36 (39%, last 2018Q4); union 39%. the tags' union does not reach the 75% coverage bar, so any series built from them would be silently gapped. It is below the 40% floor where F2_SPEC §5.3's PARTIAL band starts, and is reported as PARTIAL rather than ABSENT because the family does have in-window operating-form rows.
1039684/1039684    FATAL    fundamentals_alias_unresolved liabilities: ABSENT over 40 reportable quarters -- (no tag has an in-window operating-form row); union 0%. no tag in this family has a single in-window row from an operating form (10-K/10-Q/8-K + /A). Non-operating forms -- DEF 14A proxy compensation tables above all -- are excluded by design and never count as coverage.
1039684/1039684    FATAL    fundamentals_alias_unresolved minority_interest: PARTIAL over 40 reportable quarters -- MinorityInterest 18/40 (45%, last 2026Q2); union 45%. the tags' union does not reach the 75% coverage bar, so any series built from them would be silently gapped.
1045810/1045810    FATAL    fundamentals_alias_unresolved net_income_to_common: ABSENT over 44 reportable quarters -- (no tag has an in-window operating-form row); union 0%. no tag in this family has a single in-window row from an operating form (10-K/10-Q/8-K + /A). Non-operating forms -- DEF 14A proxy compensation tables above all -- are excluded by design and never count as coverage.
1045810/1045810    FATAL    fundamentals_alias_unresolved minority_interest: ABSENT over 44 reportable quarters -- (no tag has an in-window operating-form row); union 0%. no tag in this family has a single in-window row from an operating form (10-K/10-Q/8-K + /A). Non-operating forms -- DEF 14A proxy compensation tables above all -- are excluded by design and never count as coverage.
1047122/1047122    FATAL    fundamentals_alias_unresolved revenue: PARTIAL over 19 reportable quarters -- Revenues 11/19 (58%, last 2019Q4); union 58%. the tags' union does not reach the 75% coverage bar, so any series built from them would be silently gapped.
1047122/1047122    FATAL    fundamentals_alias_unresolved net_income_to_common: ABSENT over 19 reportable quarters -- (no tag has an in-window operating-form row); union 0%. no tag in this family has a single in-window row from an operating form (10-K/10-Q/8-K + /A). Non-operating forms -- DEF 14A proxy compensation tables above all -- are excluded by design and never count as coverage.
1047122/1047122    FATAL    fundamentals_alias_unresolved liabilities: ABSENT over 19 reportable quarters -- (no tag has an in-window operating-form row); union 0%. no tag in this family has a single in-window row from an operating form (10-K/10-Q/8-K + /A). Non-operating forms -- DEF 14A proxy compensation tables above all -- are excluded by design and never count as coverage.
1047862/1047862    FATAL    fundamentals_alias_unresolved net_income_to_common: PARTIAL over 28 reportable quarters -- NetIncomeLossAvailableToCommonStockholdersBasic 1/28 (4%, last 2015Q3); union 4%. the tags' union does not reach the 75% coverage bar, so any series built from them would be silently gapped. It is below the 40% floor where F2_SPEC §5.3's PARTIAL band starts, and is reported as PARTIAL rather than ABSENT because the family does have in-window operating-form rows.
1047862/1047862    FATAL    fundamentals_alias_unresolved liabilities: ABSENT over 28 reportable quarters -- (no tag has an in-window operating-form row); union 0%. no tag in this family has a single in-window row from an operating form (10-K/10-Q/8-K + /A). Non-operating forms -- DEF 14A proxy compensation tables above all -- are excluded by design and never count as coverage.
1051470/1051470    FATAL    fundamentals_alias_unresolved net_income_to_common: PARTIAL over 44 reportable quarters -- NetIncomeLossAvailableToCommonStockholdersBasic 32/44 (73%, last 2024Q4); union 73%. the tags' union does not reach the 75% coverage bar, so any series built from them would be silently gapped.
1051470/1051470    FATAL    fundamentals_alias_unresolved pretax_income: OVERLAP over 44 reportable quarters -- IncomeLossFromContinuingOperationsBeforeIncomeTaxesMinorityInterestAndIncomeLossFromEquityMethodInvestments 29/44 (66%, last 2025Q4), IncomeLossFromContinuingOperationsBeforeIncomeTaxesExtraordinaryItemsNoncontrollingInterest 21/44 (48%, last 2026Q2); union 100%. two or more tags share quarters and NONE of them clears the 75% coverage bar, so there is no dominant tag to prefer and no migration pattern to follow -- genuine ambiguity. The classifier will not pick one, and there is no per-ticker override. F5 must refuse to build this series.
1051470/1051470    FATAL    fundamentals_alias_unresolved minority_interest: PARTIAL over 44 reportable quarters -- MinorityInterest 2/44 (5%, last 2015Q4); union 5%. the tags' union does not reach the 75% coverage bar, so any series built from them would be silently gapped. It is below the 40% floor where F2_SPEC §5.3's PARTIAL band starts, and is reported as PARTIAL rather than ABSENT because the family does have in-window operating-form rows.
1058290/1058290    FATAL    fundamentals_alias_unresolved net_income_to_common: ABSENT over 28 reportable quarters -- (no tag has an in-window operating-form row); union 0%. no tag in this family has a single in-window row from an operating form (10-K/10-Q/8-K + /A). Non-operating forms -- DEF 14A proxy compensation tables above all -- are excluded by design and never count as coverage.
1058290/1058290    FATAL    fundamentals_alias_unresolved minority_interest: ABSENT over 28 reportable quarters -- (no tag has an in-window operating-form row); union 0%. no tag in this family has a single in-window row from an operating form (10-K/10-Q/8-K + /A). Non-operating forms -- DEF 14A proxy compensation tables above all -- are excluded by design and never count as coverage.
1060391/1060391    FATAL    fundamentals_alias_unresolved net_income_to_common: ABSENT over 24 reportable quarters -- (no tag has an in-window operating-form row); union 0%. no tag in this family has a single in-window row from an operating form (10-K/10-Q/8-K + /A). Non-operating forms -- DEF 14A proxy compensation tables above all -- are excluded by design and never count as coverage.
1060391/1060391    FATAL    fundamentals_alias_unresolved liabilities: ABSENT over 24 reportable quarters -- (no tag has an in-window operating-form row); union 0%. no tag in this family has a single in-window row from an operating form (10-K/10-Q/8-K + /A). Non-operating forms -- DEF 14A proxy compensation tables above all -- are excluded by design and never count as coverage.
1061219/1061219    FATAL    fundamentals_alias_unresolved net_income_to_common: PARTIAL over 44 reportable quarters -- NetIncomeLossAvailableToCommonStockholdersBasic 29/44 (66%, last 2026Q2); union 66%. the tags' union does not reach the 75% coverage bar, so any series built from them would be silently gapped.
1061219/1061219    FATAL    fundamentals_alias_unresolved liabilities: ABSENT over 44 reportable quarters -- (no tag has an in-window operating-form row); union 0%. no tag in this family has a single in-window row from an operating form (10-K/10-Q/8-K + /A). Non-operating forms -- DEF 14A proxy compensation tables above all -- are excluded by design and never count as coverage.
1061219/1061219    FATAL    fundamentals_alias_unresolved minority_interest: PARTIAL over 44 reportable quarters -- MinorityInterest 2/44 (5%, last 2019Q3); union 5%. the tags' union does not reach the 75% coverage bar, so any series built from them would be silently gapped. It is below the 40% floor where F2_SPEC §5.3's PARTIAL band starts, and is reported as PARTIAL rather than ABSENT because the family does have in-window operating-form rows.
1063761/1063761    FATAL    fundamentals_alias_unresolved pretax_income: ABSENT over 44 reportable quarters -- (no tag has an in-window operating-form row); union 0%. no tag in this family has a single in-window row from an operating form (10-K/10-Q/8-K + /A). Non-operating forms -- DEF 14A proxy compensation tables above all -- are excluded by design and never count as coverage.
1063761/1063761    FATAL    fundamentals_alias_unresolved shares_outstanding: ABSENT over 44 reportable quarters -- (no tag has an in-window operating-form row); union 0%. no tag in this family has a single in-window row from an operating form (10-K/10-Q/8-K + /A). Non-operating forms -- DEF 14A proxy compensation tables above all -- are excluded by design and never count as coverage.
1065088/1065088    FATAL    fundamentals_alias_unresolved revenue: ABSENT over 12 reportable quarters -- (no tag has an in-window operating-form row); union 0%. no tag in this family has a single in-window row from an operating form (10-K/10-Q/8-K + /A). Non-operating forms -- DEF 14A proxy compensation tables above all -- are excluded by design and never count as coverage.
1065088/1065088    FATAL    fundamentals_alias_unresolved net_income_to_common: ABSENT over 12 reportable quarters -- (no tag has an in-window operating-form row); union 0%. no tag in this family has a single in-window row from an operating form (10-K/10-Q/8-K + /A). Non-operating forms -- DEF 14A proxy compensation tables above all -- are excluded by design and never count as coverage.
1065088/1065088    FATAL    fundamentals_alias_unresolved minority_interest: ABSENT over 12 reportable quarters -- (no tag has an in-window operating-form row); union 0%. no tag in this family has a single in-window row from an operating form (10-K/10-Q/8-K + /A). Non-operating forms -- DEF 14A proxy compensation tables above all -- are excluded by design and never count as coverage.
1065280/1065280    FATAL    fundamentals_alias_unresolved net_income_to_common: PARTIAL over 40 reportable quarters -- NetIncomeLossAvailableToCommonStockholdersBasic 4/40 (10%, last 2022Q3); union 10%. the tags' union does not reach the 75% coverage bar, so any series built from them would be silently gapped. It is below the 40% floor where F2_SPEC §5.3's PARTIAL band starts, and is reported as PARTIAL rather than ABSENT because the family does have in-window operating-form rows.
1065280/1065280    FATAL    fundamentals_alias_unresolved minority_interest: ABSENT over 40 reportable quarters -- (no tag has an in-window operating-form row); union 0%. no tag in this family has a single in-window row from an operating form (10-K/10-Q/8-K + /A). Non-operating forms -- DEF 14A proxy compensation tables above all -- are excluded by design and never count as coverage.
1067983/1067983    FATAL    fundamentals_alias_unresolved net_income_to_common: ABSENT over 44 reportable quarters -- (no tag has an in-window operating-form row); union 0%. no tag in this family has a single in-window row from an operating form (10-K/10-Q/8-K + /A). Non-operating forms -- DEF 14A proxy compensation tables above all -- are excluded by design and never count as coverage.
1067983/1067983    FATAL    fundamentals_alias_unresolved operating_income: ABSENT over 44 reportable quarters -- (no tag has an in-window operating-form row); union 0%. no tag in this family has a single in-window row from an operating form (10-K/10-Q/8-K + /A). Non-operating forms -- DEF 14A proxy compensation tables above all -- are excluded by design and never count as coverage.
1067983/1067983    FATAL    fundamentals_alias_unresolved eps_diluted: ABSENT over 44 reportable quarters -- (no tag has an in-window operating-form row); union 0%. no tag in this family has a single in-window row from an operating form (10-K/10-Q/8-K + /A). Non-operating forms -- DEF 14A proxy compensation tables above all -- are excluded by design and never count as coverage.
1067983/1067983    FATAL    fundamentals_alias_unresolved shares_outstanding: ABSENT over 44 reportable quarters -- (no tag has an in-window operating-form row); union 0%. no tag in this family has a single in-window row from an operating form (10-K/10-Q/8-K + /A). Non-operating forms -- DEF 14A proxy compensation tables above all -- are excluded by design and never count as coverage.
1075531/1075531    FATAL    fundamentals_alias_unresolved net_income: PARTIAL over 44 reportable quarters -- ProfitLoss 2/44 (5%, last 2015Q4); union 5%. the tags' union does not reach the 75% coverage bar, so any series built from them would be silently gapped. It is below the 40% floor where F2_SPEC §5.3's PARTIAL band starts, and is reported as PARTIAL rather than ABSENT because the family does have in-window operating-form rows.
1075531/1075531    FATAL    fundamentals_alias_unresolved minority_interest: ABSENT over 44 reportable quarters -- (no tag has an in-window operating-form row); union 0%. no tag in this family has a single in-window row from an operating form (10-K/10-Q/8-K + /A). Non-operating forms -- DEF 14A proxy compensation tables above all -- are excluded by design and never count as coverage.
1090012/1090012    FATAL    fundamentals_alias_unresolved net_income_to_common: ABSENT over 44 reportable quarters -- (no tag has an in-window operating-form row); union 0%. no tag in this family has a single in-window row from an operating form (10-K/10-Q/8-K + /A). Non-operating forms -- DEF 14A proxy compensation tables above all -- are excluded by design and never count as coverage.
1090012/1090012    FATAL    fundamentals_alias_unresolved operating_income: PARTIAL over 44 reportable quarters -- OperatingIncomeLoss 9/44 (20%, last 2017Q3); union 20%. the tags' union does not reach the 75% coverage bar, so any series built from them would be silently gapped. It is below the 40% floor where F2_SPEC §5.3's PARTIAL band starts, and is reported as PARTIAL rather than ABSENT because the family does have in-window operating-form rows.
1090012/1090012    FATAL    fundamentals_alias_unresolved liabilities: ABSENT over 44 reportable quarters -- (no tag has an in-window operating-form row); union 0%. no tag in this family has a single in-window row from an operating form (10-K/10-Q/8-K + /A). Non-operating forms -- DEF 14A proxy compensation tables above all -- are excluded by design and never count as coverage.
1090727/1090727    FATAL    fundamentals_alias_unresolved net_income_to_common: ABSENT over 44 reportable quarters -- (no tag has an in-window operating-form row); union 0%. no tag in this family has a single in-window row from an operating form (10-K/10-Q/8-K + /A). Non-operating forms -- DEF 14A proxy compensation tables above all -- are excluded by design and never count as coverage.
1090727/1090727    FATAL    fundamentals_alias_unresolved liabilities: ABSENT over 44 reportable quarters -- (no tag has an in-window operating-form row); union 0%. no tag in this family has a single in-window row from an operating form (10-K/10-Q/8-K + /A). Non-operating forms -- DEF 14A proxy compensation tables above all -- are excluded by design and never count as coverage.
1090727/1090727    FATAL    fundamentals_alias_unresolved shares_outstanding: ABSENT over 44 reportable quarters -- (no tag has an in-window operating-form row); union 0%. no tag in this family has a single in-window row from an operating form (10-K/10-Q/8-K + /A). Non-operating forms -- DEF 14A proxy compensation tables above all -- are excluded by design and never count as coverage.
1091667/1091667    FATAL    fundamentals_alias_unresolved net_income_to_common: ABSENT over 36 reportable quarters -- (no tag has an in-window operating-form row); union 0%. no tag in this family has a single in-window row from an operating form (10-K/10-Q/8-K + /A). Non-operating forms -- DEF 14A proxy compensation tables above all -- are excluded by design and never count as coverage.
1091667/1091667    FATAL    fundamentals_alias_unresolved liabilities: ABSENT over 36 reportable quarters -- (no tag has an in-window operating-form row); union 0%. no tag in this family has a single in-window row from an operating form (10-K/10-Q/8-K + /A). Non-operating forms -- DEF 14A proxy compensation tables above all -- are excluded by design and never count as coverage.
1091667/1091667    FATAL    fundamentals_alias_unresolved shares_outstanding: PARTIAL over 36 reportable quarters -- EntityCommonStockSharesOutstanding 4/36 (11%, last 2016Q2); union 11%. the tags' union does not reach the 75% coverage bar, so any series built from them would be silently gapped. It is below the 40% floor where F2_SPEC §5.3's PARTIAL band starts, and is reported as PARTIAL rather than ABSENT because the family does have in-window operating-form rows.
1099219/1099219    FATAL    fundamentals_alias_unresolved operating_income: ABSENT over 28 reportable quarters -- (no tag has an in-window operating-form row); union 0%. no tag in this family has a single in-window row from an operating form (10-K/10-Q/8-K + /A). Non-operating forms -- DEF 14A proxy compensation tables above all -- are excluded by design and never count as coverage.
1099590/1099590    FATAL    fundamentals_alias_unresolved net_income_to_common: PARTIAL over 24 reportable quarters -- NetIncomeLossAvailableToCommonStockholdersBasic 18/24 (75%, last 2024Q4) [STALE]; union 75%. every tag that cleared the 75% coverage bar is STALE -- its coverage stops more than 2 quarter(s) before 2026Q2, this company's own last quarter with fundamentals data. A tag can clear a bar computed over an 11-year window and still have died years ago; resolving to it is exactly how E1 froze JNJ's operating income at 2015. Stale: NetIncomeLossAvailableToCommonStockholdersBasic.
1099590/1099590    FATAL    fundamentals_alias_unresolved minority_interest: ABSENT over 24 reportable quarters -- (no tag has an in-window operating-form row); union 0%. no tag in this family has a single in-window row from an operating form (10-K/10-Q/8-K + /A). Non-operating forms -- DEF 14A proxy compensation tables above all -- are excluded by design and never count as coverage.
1099800/1099800    FATAL    fundamentals_alias_unresolved net_income: PARTIAL over 16 reportable quarters -- ProfitLoss 11/16 (69%, last 2024Q2), NetIncomeLoss 10/16 (62%, last 2024Q2); union 69%. the tags' union does not reach the 75% coverage bar, so any series built from them would be silently gapped.
1099800/1099800    FATAL    fundamentals_alias_unresolved minority_interest: PARTIAL over 16 reportable quarters -- MinorityInterest 7/16 (44%, last 2024Q2); union 44%. the tags' union does not reach the 75% coverage bar, so any series built from them would be silently gapped.
1101239/1101239    FATAL    fundamentals_alias_unresolved net_income_to_common: PARTIAL over 44 reportable quarters -- NetIncomeLossAvailableToCommonStockholdersBasic 9/44 (20%, last 2026Q2); union 20%. the tags' union does not reach the 75% coverage bar, so any series built from them would be silently gapped. It is below the 40% floor where F2_SPEC §5.3's PARTIAL band starts, and is reported as PARTIAL rather than ABSENT because the family does have in-window operating-form rows.
1101239/1101239    FATAL    fundamentals_alias_unresolved minority_interest: PARTIAL over 44 reportable quarters -- MinorityInterest 29/44 (66%, last 2026Q2); union 66%. the tags' union does not reach the 75% coverage bar, so any series built from them would be silently gapped.
1103982/1103982    FATAL    fundamentals_alias_unresolved net_income_to_common: ABSENT over 44 reportable quarters -- (no tag has an in-window operating-form row); union 0%. no tag in this family has a single in-window row from an operating form (10-K/10-Q/8-K + /A). Non-operating forms -- DEF 14A proxy compensation tables above all -- are excluded by design and never count as coverage.
1103982/1103982    FATAL    fundamentals_alias_unresolved cash: PARTIAL over 44 reportable quarters -- CashCashEquivalentsRestrictedCashAndRestrictedCashEquivalents 32/44 (73%, last 2026Q1); union 73%. the tags' union does not reach the 75% coverage bar, so any series built from them would be silently gapped.
1105705/1105705    FATAL    fundamentals_alias_unresolved net_income_to_common: ABSENT over 12 reportable quarters -- (no tag has an in-window operating-form row); union 0%. no tag in this family has a single in-window row from an operating form (10-K/10-Q/8-K + /A). Non-operating forms -- DEF 14A proxy compensation tables above all -- are excluded by design and never count as coverage.
1105705/1105705    FATAL    fundamentals_alias_unresolved liabilities: PARTIAL over 12 reportable quarters -- Liabilities 2/12 (17%, last 2018Q1); union 17%. the tags' union does not reach the 75% coverage bar, so any series built from them would be silently gapped. It is below the 40% floor where F2_SPEC §5.3's PARTIAL band starts, and is reported as PARTIAL rather than ABSENT because the family does have in-window operating-form rows.
1108524/1108524    FATAL    fundamentals_alias_unresolved net_income_to_common: ABSENT over 44 reportable quarters -- (no tag has an in-window operating-form row); union 0%. no tag in this family has a single in-window row from an operating form (10-K/10-Q/8-K + /A). Non-operating forms -- DEF 14A proxy compensation tables above all -- are excluded by design and never count as coverage.
1108524/1108524    FATAL    fundamentals_alias_unresolved minority_interest: ABSENT over 44 reportable quarters -- (no tag has an in-window operating-form row); union 0%. no tag in this family has a single in-window row from an operating form (10-K/10-Q/8-K + /A). Non-operating forms -- DEF 14A proxy compensation tables above all -- are excluded by design and never count as coverage.
1109357/1109357    FATAL    fundamentals_alias_unresolved minority_interest: PARTIAL over 43 reportable quarters -- MinorityInterest 30/43 (70%, last 2022Q4); union 70%. the tags' union does not reach the 75% coverage bar, so any series built from them would be silently gapped.
1110803/1110803    FATAL    fundamentals_alias_unresolved net_income_to_common: ABSENT over 16 reportable quarters -- (no tag has an in-window operating-form row); union 0%. no tag in this family has a single in-window row from an operating form (10-K/10-Q/8-K + /A). Non-operating forms -- DEF 14A proxy compensation tables above all -- are excluded by design and never count as coverage.
1110803/1110803    FATAL    fundamentals_alias_unresolved liabilities: ABSENT over 16 reportable quarters -- (no tag has an in-window operating-form row); union 0%. no tag in this family has a single in-window row from an operating form (10-K/10-Q/8-K + /A). Non-operating forms -- DEF 14A proxy compensation tables above all -- are excluded by design and never count as coverage.
1110803/1110803    FATAL    fundamentals_alias_unresolved minority_interest: PARTIAL over 16 reportable quarters -- MinorityInterest 5/16 (31%, last 2019Q4); union 31%. the tags' union does not reach the 75% coverage bar, so any series built from them would be silently gapped. It is below the 40% floor where F2_SPEC §5.3's PARTIAL band starts, and is reported as PARTIAL rather than ABSENT because the family does have in-window operating-form rows.
1122304/1122304    FATAL    fundamentals_alias_unresolved net_income_to_common: ABSENT over 13 reportable quarters -- (no tag has an in-window operating-form row); union 0%. no tag in this family has a single in-window row from an operating form (10-K/10-Q/8-K + /A). Non-operating forms -- DEF 14A proxy compensation tables above all -- are excluded by design and never count as coverage.
1122304/1122304    FATAL    fundamentals_alias_unresolved operating_income: ABSENT over 13 reportable quarters -- (no tag has an in-window operating-form row); union 0%. no tag in this family has a single in-window row from an operating form (10-K/10-Q/8-K + /A). Non-operating forms -- DEF 14A proxy compensation tables above all -- are excluded by design and never count as coverage.
1123360/1123360    FATAL    fundamentals_alias_unresolved net_income_to_common: ABSENT over 16 reportable quarters -- (no tag has an in-window operating-form row); union 0%. no tag in this family has a single in-window row from an operating form (10-K/10-Q/8-K + /A). Non-operating forms -- DEF 14A proxy compensation tables above all -- are excluded by design and never count as coverage.
1126975/1126975    FATAL    fundamentals_alias_unresolved net_income_to_common: ABSENT over 32 reportable quarters -- (no tag has an in-window operating-form row); union 0%. no tag in this family has a single in-window row from an operating form (10-K/10-Q/8-K + /A). Non-operating forms -- DEF 14A proxy compensation tables above all -- are excluded by design and never count as coverage.
1126975/1126975    FATAL    fundamentals_alias_unresolved liabilities: ABSENT over 32 reportable quarters -- (no tag has an in-window operating-form row); union 0%. no tag in this family has a single in-window row from an operating form (10-K/10-Q/8-K + /A). Non-operating forms -- DEF 14A proxy compensation tables above all -- are excluded by design and never count as coverage.
1126975/1126975    FATAL    fundamentals_alias_unresolved minority_interest: ABSENT over 32 reportable quarters -- (no tag has an in-window operating-form row); union 0%. no tag in this family has a single in-window row from an operating form (10-K/10-Q/8-K + /A). Non-operating forms -- DEF 14A proxy compensation tables above all -- are excluded by design and never count as coverage.
1133421/1133421    FATAL    fundamentals_alias_unresolved net_income_to_common: ABSENT over 40 reportable quarters -- (no tag has an in-window operating-form row); union 0%. no tag in this family has a single in-window row from an operating form (10-K/10-Q/8-K + /A). Non-operating forms -- DEF 14A proxy compensation tables above all -- are excluded by design and never count as coverage.
1133421/1133421    FATAL    fundamentals_alias_unresolved minority_interest: ABSENT over 40 reportable quarters -- (no tag has an in-window operating-form row); union 0%. no tag in this family has a single in-window row from an operating form (10-K/10-Q/8-K + /A). Non-operating forms -- DEF 14A proxy compensation tables above all -- are excluded by design and never count as coverage.
1136893/1136893    FATAL    fundamentals_alias_unresolved net_income_to_common: ABSENT over 20 reportable quarters -- (no tag has an in-window operating-form row); union 0%. no tag in this family has a single in-window row from an operating form (10-K/10-Q/8-K + /A). Non-operating forms -- DEF 14A proxy compensation tables above all -- are excluded by design and never count as coverage.
1137774/1137774    FATAL    fundamentals_alias_unresolved operating_income: ABSENT over 20 reportable quarters -- (no tag has an in-window operating-form row); union 0%. no tag in this family has a single in-window row from an operating form (10-K/10-Q/8-K + /A). Non-operating forms -- DEF 14A proxy compensation tables above all -- are excluded by design and never count as coverage.
1137789/1137789    FATAL    fundamentals_alias_unresolved revenue: PARTIAL over 12 reportable quarters -- Revenues 3/12 (25%, last 2018Q2); union 25%. the tags' union does not reach the 75% coverage bar, so any series built from them would be silently gapped. It is below the 40% floor where F2_SPEC §5.3's PARTIAL band starts, and is reported as PARTIAL rather than ABSENT because the family does have in-window operating-form rows.
1137789/1137789    FATAL    fundamentals_alias_unresolved net_income_to_common: ABSENT over 12 reportable quarters -- (no tag has an in-window operating-form row); union 0%. no tag in this family has a single in-window row from an operating form (10-K/10-Q/8-K + /A). Non-operating forms -- DEF 14A proxy compensation tables above all -- are excluded by design and never count as coverage.
1137789/1137789    FATAL    fundamentals_alias_unresolved minority_interest: PARTIAL over 12 reportable quarters -- MinorityInterest 2/12 (17%, last 2016Q3); union 17%. the tags' union does not reach the 75% coverage bar, so any series built from them would be silently gapped. It is below the 40% floor where F2_SPEC §5.3's PARTIAL band starts, and is reported as PARTIAL rather than ABSENT because the family does have in-window operating-form rows.
1141391/1141391    FATAL    fundamentals_alias_unresolved net_income_to_common: ABSENT over 44 reportable quarters -- (no tag has an in-window operating-form row); union 0%. no tag in this family has a single in-window row from an operating form (10-K/10-Q/8-K + /A). Non-operating forms -- DEF 14A proxy compensation tables above all -- are excluded by design and never count as coverage.
1141391/1141391    FATAL    fundamentals_alias_unresolved shares_outstanding: ABSENT over 44 reportable quarters -- (no tag has an in-window operating-form row); union 0%. no tag in this family has a single in-window row from an operating form (10-K/10-Q/8-K + /A). Non-operating forms -- DEF 14A proxy compensation tables above all -- are excluded by design and never count as coverage.
1156039/1156039    FATAL    fundamentals_alias_unresolved net_income_to_common: ABSENT over 44 reportable quarters -- (no tag has an in-window operating-form row); union 0%. no tag in this family has a single in-window row from an operating form (10-K/10-Q/8-K + /A). Non-operating forms -- DEF 14A proxy compensation tables above all -- are excluded by design and never count as coverage.
1156039/1156039    FATAL    fundamentals_alias_unresolved minority_interest: PARTIAL over 44 reportable quarters -- MinorityInterest 23/44 (52%, last 2026Q2); union 52%. the tags' union does not reach the 75% coverage bar, so any series built from them would be silently gapped.
1156375/1156375    FATAL    fundamentals_alias_unresolved net_income_to_common: PARTIAL over 40 reportable quarters -- NetIncomeLossAvailableToCommonStockholdersBasic 24/40 (60%, last 2026Q2); union 60%. the tags' union does not reach the 75% coverage bar, so any series built from them would be silently gapped.
1156375/1156375    FATAL    fundamentals_alias_unresolved minority_interest: PARTIAL over 40 reportable quarters -- MinorityInterest 14/40 (35%, last 2021Q4); union 35%. the tags' union does not reach the 75% coverage bar, so any series built from them would be silently gapped. It is below the 40% floor where F2_SPEC §5.3's PARTIAL band starts, and is reported as PARTIAL rather than ABSENT because the family does have in-window operating-form rows.
1156375/1156375    FATAL    fundamentals_alias_unresolved shares_outstanding: ABSENT over 40 reportable quarters -- (no tag has an in-window operating-form row); union 0%. no tag in this family has a single in-window row from an operating form (10-K/10-Q/8-K + /A). Non-operating forms -- DEF 14A proxy compensation tables above all -- are excluded by design and never count as coverage.
1161154/1161154    FATAL    fundamentals_alias_unresolved net_income_to_common: PARTIAL over 18 reportable quarters -- NetIncomeLossAvailableToCommonStockholdersBasic 2/18 (11%, last 2018Q2); union 11%. the tags' union does not reach the 75% coverage bar, so any series built from them would be silently gapped. It is below the 40% floor where F2_SPEC §5.3's PARTIAL band starts, and is reported as PARTIAL rather than ABSENT because the family does have in-window operating-form rows.
1161154/1161154    FATAL    fundamentals_alias_unresolved liabilities: PARTIAL over 18 reportable quarters -- Liabilities 3/18 (17%, last 2017Q1); union 17%. the tags' union does not reach the 75% coverage bar, so any series built from them would be silently gapped. It is below the 40% floor where F2_SPEC §5.3's PARTIAL band starts, and is reported as PARTIAL rather than ABSENT because the family does have in-window operating-form rows.
1161154/1161154    FATAL    fundamentals_alias_unresolved minority_interest: PARTIAL over 18 reportable quarters -- MinorityInterest 8/18 (44%, last 2020Q4); union 44%. the tags' union does not reach the 75% coverage bar, so any series built from them would be silently gapped.
1161154/1161154    FATAL    fundamentals_alias_unresolved eps_diluted: PARTIAL over 18 reportable quarters -- NetIncomeLossNetOfTaxPerOutstandingLimitedPartnershipUnitDiluted 8/18 (44%, last 2018Q2); union 44%. the tags' union does not reach the 75% coverage bar, so any series built from them would be silently gapped.
1163165/1163165    FATAL    fundamentals_alias_unresolved net_income_to_common: PARTIAL over 44 reportable quarters -- NetIncomeLossAvailableToCommonStockholdersBasic 20/44 (45%, last 2026Q2); union 45%. the tags' union does not reach the 75% coverage bar, so any series built from them would be silently gapped.
1163165/1163165    FATAL    fundamentals_alias_unresolved operating_income: ABSENT over 44 reportable quarters -- (no tag has an in-window operating-form row); union 0%. no tag in this family has a single in-window row from an operating form (10-K/10-Q/8-K + /A). Non-operating forms -- DEF 14A proxy compensation tables above all -- are excluded by design and never count as coverage.
1163165/1163165    FATAL    fundamentals_alias_unresolved minority_interest: PARTIAL over 44 reportable quarters -- MinorityInterest 23/44 (52%, last 2021Q1); union 52%. the tags' union does not reach the 75% coverage bar, so any series built from them would be silently gapped.
1164727/1164727    FATAL    fundamentals_alias_unresolved net_income_to_common: PARTIAL over 32 reportable quarters -- NetIncomeLossAvailableToCommonStockholdersBasic 6/32 (19%, last 2019Q4); union 19%. the tags' union does not reach the 75% coverage bar, so any series built from them would be silently gapped. It is below the 40% floor where F2_SPEC §5.3's PARTIAL band starts, and is reported as PARTIAL rather than ABSENT because the family does have in-window operating-form rows.
1164727/1164727    FATAL    fundamentals_alias_unresolved operating_income: ABSENT over 32 reportable quarters -- (no tag has an in-window operating-form row); union 0%. no tag in this family has a single in-window row from an operating form (10-K/10-Q/8-K + /A). Non-operating forms -- DEF 14A proxy compensation tables above all -- are excluded by design and never count as coverage.
1166691/1166691    FATAL    fundamentals_alias_unresolved net_income_to_common: ABSENT over 44 reportable quarters -- (no tag has an in-window operating-form row); union 0%. no tag in this family has a single in-window row from an operating form (10-K/10-Q/8-K + /A). Non-operating forms -- DEF 14A proxy compensation tables above all -- are excluded by design and never count as coverage.
1166691/1166691    FATAL    fundamentals_alias_unresolved liabilities: ABSENT over 44 reportable quarters -- (no tag has an in-window operating-form row); union 0%. no tag in this family has a single in-window row from an operating form (10-K/10-Q/8-K + /A). Non-operating forms -- DEF 14A proxy compensation tables above all -- are excluded by design and never count as coverage.
1166691/1166691    FATAL    fundamentals_alias_unresolved shares_outstanding: ABSENT over 44 reportable quarters -- (no tag has an in-window operating-form row); union 0%. no tag in this family has a single in-window row from an operating form (10-K/10-Q/8-K + /A). Non-operating forms -- DEF 14A proxy compensation tables above all -- are excluded by design and never count as coverage.
1222333/1222333    FATAL    fundamentals_alias_unresolved revenue: ABSENT over 40 reportable quarters -- (no tag has an in-window operating-form row); union 0%. no tag in this family has a single in-window row from an operating form (10-K/10-Q/8-K + /A). Non-operating forms -- DEF 14A proxy compensation tables above all -- are excluded by design and never count as coverage.
1222333/1222333    FATAL    fundamentals_alias_unresolved net_income_to_common: ABSENT over 40 reportable quarters -- (no tag has an in-window operating-form row); union 0%. no tag in this family has a single in-window row from an operating form (10-K/10-Q/8-K + /A). Non-operating forms -- DEF 14A proxy compensation tables above all -- are excluded by design and never count as coverage.
1222333/1222333    FATAL    fundamentals_alias_unresolved operating_income: PARTIAL over 40 reportable quarters -- OperatingIncomeLoss 6/40 (15%, last 2017Q3); union 15%. the tags' union does not reach the 75% coverage bar, so any series built from them would be silently gapped. It is below the 40% floor where F2_SPEC §5.3's PARTIAL band starts, and is reported as PARTIAL rather than ABSENT because the family does have in-window operating-form rows.
1222333/1222333    FATAL    fundamentals_alias_unresolved pretax_income: ABSENT over 40 reportable quarters -- (no tag has an in-window operating-form row); union 0%. no tag in this family has a single in-window row from an operating form (10-K/10-Q/8-K + /A). Non-operating forms -- DEF 14A proxy compensation tables above all -- are excluded by design and never count as coverage.
1222333/1222333    FATAL    fundamentals_alias_unresolved liabilities_and_equity: ABSENT over 40 reportable quarters -- (no tag has an in-window operating-form row); union 0%. no tag in this family has a single in-window row from an operating form (10-K/10-Q/8-K + /A). Non-operating forms -- DEF 14A proxy compensation tables above all -- are excluded by design and never count as coverage.
1222333/1222333    FATAL    fundamentals_alias_unresolved equity: ABSENT over 40 reportable quarters -- (no tag has an in-window operating-form row); union 0%. no tag in this family has a single in-window row from an operating form (10-K/10-Q/8-K + /A). Non-operating forms -- DEF 14A proxy compensation tables above all -- are excluded by design and never count as coverage.
1222333/1222333    FATAL    fundamentals_alias_unresolved minority_interest: ABSENT over 40 reportable quarters -- (no tag has an in-window operating-form row); union 0%. no tag in this family has a single in-window row from an operating form (10-K/10-Q/8-K + /A). Non-operating forms -- DEF 14A proxy compensation tables above all -- are excluded by design and never count as coverage.
1222333/1222333    FATAL    fundamentals_alias_unresolved eps_diluted: ABSENT over 40 reportable quarters -- (no tag has an in-window operating-form row); union 0%. no tag in this family has a single in-window row from an operating form (10-K/10-Q/8-K + /A). Non-operating forms -- DEF 14A proxy compensation tables above all -- are excluded by design and never count as coverage.
1271024/1271024    FATAL    fundamentals_alias_unresolved net_income_to_common: ABSENT over 5 reportable quarters -- (no tag has an in-window operating-form row); union 0%. no tag in this family has a single in-window row from an operating form (10-K/10-Q/8-K + /A). Non-operating forms -- DEF 14A proxy compensation tables above all -- are excluded by design and never count as coverage.
1271024/1271024    FATAL    fundamentals_alias_unresolved minority_interest: ABSENT over 5 reportable quarters -- (no tag has an in-window operating-form row); union 0%. no tag in this family has a single in-window row from an operating form (10-K/10-Q/8-K + /A). Non-operating forms -- DEF 14A proxy compensation tables above all -- are excluded by design and never count as coverage.
1271024/1271024    FATAL    fundamentals_alias_unresolved shares_outstanding: ABSENT over 5 reportable quarters -- (no tag has an in-window operating-form row); union 0%. no tag in this family has a single in-window row from an operating form (10-K/10-Q/8-K + /A). Non-operating forms -- DEF 14A proxy compensation tables above all -- are excluded by design and never count as coverage.
1276187/1276187    FATAL    fundamentals_alias_unresolved net_income_to_common: ABSENT over 44 reportable quarters -- (no tag has an in-window operating-form row); union 0%. no tag in this family has a single in-window row from an operating form (10-K/10-Q/8-K + /A). Non-operating forms -- DEF 14A proxy compensation tables above all -- are excluded by design and never count as coverage.
1276187/1276187    FATAL    fundamentals_alias_unresolved pretax_income: PARTIAL over 44 reportable quarters -- IncomeLossFromContinuingOperationsBeforeIncomeTaxesExtraordinaryItemsNoncontrollingInterest 27/44 (61%, last 2022Q1); union 61%. the tags' union does not reach the 75% coverage bar, so any series built from them would be silently gapped.
1276187/1276187    FATAL    fundamentals_alias_unresolved liabilities: ABSENT over 44 reportable quarters -- (no tag has an in-window operating-form row); union 0%. no tag in this family has a single in-window row from an operating form (10-K/10-Q/8-K + /A). Non-operating forms -- DEF 14A proxy compensation tables above all -- are excluded by design and never count as coverage.
1276187/1276187    FATAL    fundamentals_alias_unresolved minority_interest: PARTIAL over 44 reportable quarters -- MinorityInterest 19/44 (43%, last 2025Q4); union 43%. the tags' union does not reach the 75% coverage bar, so any series built from them would be silently gapped.
1283699/1283699    FATAL    fundamentals_alias_unresolved net_income_to_common: PARTIAL over 28 reportable quarters -- NetIncomeLossAvailableToCommonStockholdersBasic 2/28 (7%, last 2019Q4); union 7%. the tags' union does not reach the 75% coverage bar, so any series built from them would be silently gapped. It is below the 40% floor where F2_SPEC §5.3's PARTIAL band starts, and is reported as PARTIAL rather than ABSENT because the family does have in-window operating-form rows.
1283699/1283699    FATAL    fundamentals_alias_unresolved liabilities: ABSENT over 28 reportable quarters -- (no tag has an in-window operating-form row); union 0%. no tag in this family has a single in-window row from an operating form (10-K/10-Q/8-K + /A). Non-operating forms -- DEF 14A proxy compensation tables above all -- are excluded by design and never count as coverage.
1283699/1283699    FATAL    fundamentals_alias_unresolved minority_interest: ABSENT over 28 reportable quarters -- (no tag has an in-window operating-form row); union 0%. no tag in this family has a single in-window row from an operating form (10-K/10-Q/8-K + /A). Non-operating forms -- DEF 14A proxy compensation tables above all -- are excluded by design and never count as coverage.
1297996/1297996    FATAL    fundamentals_alias_unresolved pretax_income: PARTIAL over 28 reportable quarters -- IncomeLossFromContinuingOperationsBeforeIncomeTaxesExtraordinaryItemsNoncontrollingInterest 1/28 (4%, last 2025Q4); union 4%. the tags' union does not reach the 75% coverage bar, so any series built from them would be silently gapped. It is below the 40% floor where F2_SPEC §5.3's PARTIAL band starts, and is reported as PARTIAL rather than ABSENT because the family does have in-window operating-form rows.
1318220/1318220    FATAL    fundamentals_alias_unresolved net_income_to_common: ABSENT over 16 reportable quarters -- (no tag has an in-window operating-form row); union 0%. no tag in this family has a single in-window row from an operating form (10-K/10-Q/8-K + /A). Non-operating forms -- DEF 14A proxy compensation tables above all -- are excluded by design and never count as coverage.
1321655/1321655    FATAL    fundamentals_alias_unresolved net_income_to_common: ABSENT over 8 reportable quarters -- (no tag has an in-window operating-form row); union 0%. no tag in this family has a single in-window row from an operating form (10-K/10-Q/8-K + /A). Non-operating forms -- DEF 14A proxy compensation tables above all -- are excluded by design and never count as coverage.
1321655/1321655    FATAL    fundamentals_alias_unresolved shares_outstanding: ABSENT over 8 reportable quarters -- (no tag has an in-window operating-form row); union 0%. no tag in this family has a single in-window row from an operating form (10-K/10-Q/8-K + /A). Non-operating forms -- DEF 14A proxy compensation tables above all -- are excluded by design and never count as coverage.
1326801/1326801    FATAL    fundamentals_alias_unresolved net_income_to_common: PARTIAL over 44 reportable quarters -- NetIncomeLossAvailableToCommonStockholdersBasic 19/44 (43%, last 2020Q4); union 43%. the tags' union does not reach the 75% coverage bar, so any series built from them would be silently gapped.
1326801/1326801    FATAL    fundamentals_alias_unresolved minority_interest: ABSENT over 44 reportable quarters -- (no tag has an in-window operating-form row); union 0%. no tag in this family has a single in-window row from an operating form (10-K/10-Q/8-K + /A). Non-operating forms -- DEF 14A proxy compensation tables above all -- are excluded by design and never count as coverage.
1326801/1326801    FATAL    fundamentals_alias_unresolved shares_outstanding: ABSENT over 44 reportable quarters -- (no tag has an in-window operating-form row); union 0%. no tag in this family has a single in-window row from an operating form (10-K/10-Q/8-K + /A). Non-operating forms -- DEF 14A proxy compensation tables above all -- are excluded by design and never count as coverage.
1327567/1327567    FATAL    fundamentals_alias_unresolved net_income_to_common: ABSENT over 12 reportable quarters -- (no tag has an in-window operating-form row); union 0%. no tag in this family has a single in-window row from an operating form (10-K/10-Q/8-K + /A). Non-operating forms -- DEF 14A proxy compensation tables above all -- are excluded by design and never count as coverage.
1327567/1327567    FATAL    fundamentals_alias_unresolved minority_interest: ABSENT over 12 reportable quarters -- (no tag has an in-window operating-form row); union 0%. no tag in this family has a single in-window row from an operating form (10-K/10-Q/8-K + /A). Non-operating forms -- DEF 14A proxy compensation tables above all -- are excluded by design and never count as coverage.
1341439/1341439    FATAL    fundamentals_alias_unresolved net_income_to_common: PARTIAL over 44 reportable quarters -- NetIncomeLossAvailableToCommonStockholdersBasic 5/44 (11%, last 2026Q2); union 11%. the tags' union does not reach the 75% coverage bar, so any series built from them would be silently gapped. It is below the 40% floor where F2_SPEC §5.3's PARTIAL band starts, and is reported as PARTIAL rather than ABSENT because the family does have in-window operating-form rows.
1341439/1341439    FATAL    fundamentals_alias_unresolved pretax_income: PARTIAL over 44 reportable quarters -- IncomeLossFromContinuingOperationsBeforeIncomeTaxesExtraordinaryItemsNoncontrollingInterest 13/44 (30%, last 2018Q3); union 30%. the tags' union does not reach the 75% coverage bar, so any series built from them would be silently gapped. It is below the 40% floor where F2_SPEC §5.3's PARTIAL band starts, and is reported as PARTIAL rather than ABSENT because the family does have in-window operating-form rows.
1341439/1341439    FATAL    fundamentals_alias_unresolved liabilities: ABSENT over 44 reportable quarters -- (no tag has an in-window operating-form row); union 0%. no tag in this family has a single in-window row from an operating form (10-K/10-Q/8-K + /A). Non-operating forms -- DEF 14A proxy compensation tables above all -- are excluded by design and never count as coverage.
1358071/1358071    FATAL    fundamentals_alias_unresolved pretax_income: PARTIAL over 18 reportable quarters -- IncomeLossFromContinuingOperationsBeforeIncomeTaxesMinorityInterestAndIncomeLossFromEquityMethodInvestments 14/18 (78%, last 2019Q4) [STALE], IncomeLossFromContinuingOperationsBeforeIncomeTaxesExtraordinaryItemsNoncontrollingInterest 2/18 (11%, last 2018Q3) [STALE]; union 78%. every tag that cleared the 75% coverage bar is STALE -- its coverage stops more than 2 quarter(s) before 2020Q4, this company's own last quarter with fundamentals data. A tag can clear a bar computed over an 11-year window and still have died years ago; resolving to it is exactly how E1 froze JNJ's operating income at 2015. Stale: IncomeLossFromContinuingOperationsBeforeIncomeTaxesMinorityInterestAndIncomeLossFromEquityMethodInvestments, IncomeLossFromContinuingOperationsBeforeIncomeTaxesExtraordinaryItemsNoncontrollingInterest.
1358071/1358071    FATAL    fundamentals_alias_unresolved liabilities: ABSENT over 18 reportable quarters -- (no tag has an in-window operating-form row); union 0%. no tag in this family has a single in-window row from an operating form (10-K/10-Q/8-K + /A). Non-operating forms -- DEF 14A proxy compensation tables above all -- are excluded by design and never count as coverage.
1358071/1358071    FATAL    fundamentals_alias_unresolved minority_interest: ABSENT over 18 reportable quarters -- (no tag has an in-window operating-form row); union 0%. no tag in this family has a single in-window row from an operating form (10-K/10-Q/8-K + /A). Non-operating forms -- DEF 14A proxy compensation tables above all -- are excluded by design and never count as coverage.
1364742/1364742    FATAL    fundamentals_alias_unresolved net_income_to_common: ABSENT over 37 reportable quarters -- (no tag has an in-window operating-form row); union 0%. no tag in this family has a single in-window row from an operating form (10-K/10-Q/8-K + /A). Non-operating forms -- DEF 14A proxy compensation tables above all -- are excluded by design and never count as coverage.
1373715/1373715    FATAL    fundamentals_alias_unresolved net_income_to_common: ABSENT over 32 reportable quarters -- (no tag has an in-window operating-form row); union 0%. no tag in this family has a single in-window row from an operating form (10-K/10-Q/8-K + /A). Non-operating forms -- DEF 14A proxy compensation tables above all -- are excluded by design and never count as coverage.
1373715/1373715    FATAL    fundamentals_alias_unresolved minority_interest: ABSENT over 32 reportable quarters -- (no tag has an in-window operating-form row); union 0%. no tag in this family has a single in-window row from an operating form (10-K/10-Q/8-K + /A). Non-operating forms -- DEF 14A proxy compensation tables above all -- are excluded by design and never count as coverage.
1373835/1373835    FATAL    fundamentals_alias_unresolved net_income_to_common: ABSENT over 7 reportable quarters -- (no tag has an in-window operating-form row); union 0%. no tag in this family has a single in-window row from an operating form (10-K/10-Q/8-K + /A). Non-operating forms -- DEF 14A proxy compensation tables above all -- are excluded by design and never count as coverage.
1373835/1373835    FATAL    fundamentals_alias_unresolved liabilities: ABSENT over 7 reportable quarters -- (no tag has an in-window operating-form row); union 0%. no tag in this family has a single in-window row from an operating form (10-K/10-Q/8-K + /A). Non-operating forms -- DEF 14A proxy compensation tables above all -- are excluded by design and never count as coverage.
1373835/1373835    FATAL    fundamentals_alias_unresolved shares_outstanding: PARTIAL over 7 reportable quarters -- EntityCommonStockSharesOutstanding 5/7 (71%, last 2017Q1); union 71%. the tags' union does not reach the 75% coverage bar, so any series built from them would be silently gapped.
1389170/1389170    FATAL    fundamentals_alias_unresolved liabilities: ABSENT over 12 reportable quarters -- (no tag has an in-window operating-form row); union 0%. no tag in this family has a single in-window row from an operating form (10-K/10-Q/8-K + /A). Non-operating forms -- DEF 14A proxy compensation tables above all -- are excluded by design and never count as coverage.
1390777/1390777    FATAL    fundamentals_alias_unresolved operating_income: ABSENT over 24 reportable quarters -- (no tag has an in-window operating-form row); union 0%. no tag in this family has a single in-window row from an operating form (10-K/10-Q/8-K + /A). Non-operating forms -- DEF 14A proxy compensation tables above all -- are excluded by design and never count as coverage.
1390777/1390777    FATAL    fundamentals_alias_unresolved pretax_income: PARTIAL over 24 reportable quarters -- IncomeLossFromContinuingOperationsBeforeIncomeTaxesExtraordinaryItemsNoncontrollingInterest 4/24 (17%, last 2016Q2); union 17%. the tags' union does not reach the 75% coverage bar, so any series built from them would be silently gapped. It is below the 40% floor where F2_SPEC §5.3's PARTIAL band starts, and is reported as PARTIAL rather than ABSENT because the family does have in-window operating-form rows.
1393612/1393612    FATAL    fundamentals_alias_unresolved operating_income: ABSENT over 16 reportable quarters -- (no tag has an in-window operating-form row); union 0%. no tag in this family has a single in-window row from an operating form (10-K/10-Q/8-K + /A). Non-operating forms -- DEF 14A proxy compensation tables above all -- are excluded by design and never count as coverage.
1393612/1393612    FATAL    fundamentals_alias_unresolved minority_interest: ABSENT over 16 reportable quarters -- (no tag has an in-window operating-form row); union 0%. no tag in this family has a single in-window row from an operating form (10-K/10-Q/8-K + /A). Non-operating forms -- DEF 14A proxy compensation tables above all -- are excluded by design and never count as coverage.
1393818/1393818    FATAL    fundamentals_alias_unresolved net_income_to_common: ABSENT over 16 reportable quarters -- (no tag has an in-window operating-form row); union 0%. no tag in this family has a single in-window row from an operating form (10-K/10-Q/8-K + /A). Non-operating forms -- DEF 14A proxy compensation tables above all -- are excluded by design and never count as coverage.
1393818/1393818    FATAL    fundamentals_alias_unresolved operating_income: ABSENT over 16 reportable quarters -- (no tag has an in-window operating-form row); union 0%. no tag in this family has a single in-window row from an operating form (10-K/10-Q/8-K + /A). Non-operating forms -- DEF 14A proxy compensation tables above all -- are excluded by design and never count as coverage.
1393818/1393818    FATAL    fundamentals_alias_unresolved minority_interest: ABSENT over 16 reportable quarters -- (no tag has an in-window operating-form row); union 0%. no tag in this family has a single in-window row from an operating form (10-K/10-Q/8-K + /A). Non-operating forms -- DEF 14A proxy compensation tables above all -- are excluded by design and never count as coverage.
1403161/1403161    FATAL    fundamentals_alias_unresolved net_income_to_common: ABSENT over 43 reportable quarters -- (no tag has an in-window operating-form row); union 0%. no tag in this family has a single in-window row from an operating form (10-K/10-Q/8-K + /A). Non-operating forms -- DEF 14A proxy compensation tables above all -- are excluded by design and never count as coverage.
1403161/1403161    FATAL    fundamentals_alias_unresolved minority_interest: ABSENT over 43 reportable quarters -- (no tag has an in-window operating-form row); union 0%. no tag in this family has a single in-window row from an operating form (10-K/10-Q/8-K + /A). Non-operating forms -- DEF 14A proxy compensation tables above all -- are excluded by design and never count as coverage.
1403161/1403161    FATAL    fundamentals_alias_unresolved eps_diluted: ABSENT over 43 reportable quarters -- (no tag has an in-window operating-form row); union 0%. no tag in this family has a single in-window row from an operating form (10-K/10-Q/8-K + /A). Non-operating forms -- DEF 14A proxy compensation tables above all -- are excluded by design and never count as coverage.
1403161/1403161    FATAL    fundamentals_alias_unresolved shares_outstanding: ABSENT over 43 reportable quarters -- (no tag has an in-window operating-form row); union 0%. no tag in this family has a single in-window row from an operating form (10-K/10-Q/8-K + /A). Non-operating forms -- DEF 14A proxy compensation tables above all -- are excluded by design and never count as coverage.
1404912/1404912    FATAL    fundamentals_alias_unresolved operating_income: ABSENT over 12 reportable quarters -- (no tag has an in-window operating-form row); union 0%. no tag in this family has a single in-window row from an operating form (10-K/10-Q/8-K + /A). Non-operating forms -- DEF 14A proxy compensation tables above all -- are excluded by design and never count as coverage.
1404912/1404912    FATAL    fundamentals_alias_unresolved eps_diluted: ABSENT over 12 reportable quarters -- (no tag has an in-window operating-form row); union 0%. no tag in this family has a single in-window row from an operating form (10-K/10-Q/8-K + /A). Non-operating forms -- DEF 14A proxy compensation tables above all -- are excluded by design and never count as coverage.
1413329/1413329    FATAL    fundamentals_alias_unresolved net_income_to_common: PARTIAL over 44 reportable quarters -- NetIncomeLossAvailableToCommonStockholdersBasic 27/44 (61%, last 2026Q2); union 61%. the tags' union does not reach the 75% coverage bar, so any series built from them would be silently gapped.
1418091/1418091    FATAL    fundamentals_alias_unresolved net_income_to_common: PARTIAL over 16 reportable quarters -- NetIncomeLossAvailableToCommonStockholdersBasic 2/16 (12%, last 2021Q2); union 12%. the tags' union does not reach the 75% coverage bar, so any series built from them would be silently gapped. It is below the 40% floor where F2_SPEC §5.3's PARTIAL band starts, and is reported as PARTIAL rather than ABSENT because the family does have in-window operating-form rows.
1418091/1418091    FATAL    fundamentals_alias_unresolved minority_interest: ABSENT over 16 reportable quarters -- (no tag has an in-window operating-form row); union 0%. no tag in this family has a single in-window row from an operating form (10-K/10-Q/8-K + /A). Non-operating forms -- DEF 14A proxy compensation tables above all -- are excluded by design and never count as coverage.
1483096/1483096    FATAL    fundamentals_alias_unresolved net_income_to_common: ABSENT over 13 reportable quarters -- (no tag has an in-window operating-form row); union 0%. no tag in this family has a single in-window row from an operating form (10-K/10-Q/8-K + /A). Non-operating forms -- DEF 14A proxy compensation tables above all -- are excluded by design and never count as coverage.
1483096/1483096    FATAL    fundamentals_alias_unresolved liabilities: ABSENT over 13 reportable quarters -- (no tag has an in-window operating-form row); union 0%. no tag in this family has a single in-window row from an operating form (10-K/10-Q/8-K + /A). Non-operating forms -- DEF 14A proxy compensation tables above all -- are excluded by design and never count as coverage.
1483096/1483096    FATAL    fundamentals_alias_unresolved minority_interest: ABSENT over 13 reportable quarters -- (no tag has an in-window operating-form row); union 0%. no tag in this family has a single in-window row from an operating form (10-K/10-Q/8-K + /A). Non-operating forms -- DEF 14A proxy compensation tables above all -- are excluded by design and never count as coverage.
1489393/1489393    FATAL    fundamentals_alias_unresolved net_income_to_common: PARTIAL over 24 reportable quarters -- NetIncomeLossAvailableToCommonStockholdersBasic 6/24 (25%, last 2019Q4); union 25%. the tags' union does not reach the 75% coverage bar, so any series built from them would be silently gapped. It is below the 40% floor where F2_SPEC §5.3's PARTIAL band starts, and is reported as PARTIAL rather than ABSENT because the family does have in-window operating-form rows.
1489393/1489393    FATAL    fundamentals_alias_unresolved liabilities: ABSENT over 24 reportable quarters -- (no tag has an in-window operating-form row); union 0%. no tag in this family has a single in-window row from an operating form (10-K/10-Q/8-K + /A). Non-operating forms -- DEF 14A proxy compensation tables above all -- are excluded by design and never count as coverage.
1512673/1512673    FATAL    fundamentals_alias_unresolved shares_outstanding: ABSENT over 16 reportable quarters -- (no tag has an in-window operating-form row); union 0%. no tag in this family has a single in-window row from an operating form (10-K/10-Q/8-K + /A). Non-operating forms -- DEF 14A proxy compensation tables above all -- are excluded by design and never count as coverage.
1532063/1532063    FATAL    fundamentals_alias_unresolved net_income_to_common: ABSENT over 12 reportable quarters -- (no tag has an in-window operating-form row); union 0%. no tag in this family has a single in-window row from an operating form (10-K/10-Q/8-K + /A). Non-operating forms -- DEF 14A proxy compensation tables above all -- are excluded by design and never count as coverage.
1534701/1534701    FATAL    fundamentals_alias_unresolved operating_income: ABSENT over 44 reportable quarters -- (no tag has an in-window operating-form row); union 0%. no tag in this family has a single in-window row from an operating form (10-K/10-Q/8-K + /A). Non-operating forms -- DEF 14A proxy compensation tables above all -- are excluded by design and never count as coverage.
1534701/1534701    FATAL    fundamentals_alias_unresolved pretax_income: PARTIAL over 44 reportable quarters -- IncomeLossFromContinuingOperationsBeforeIncomeTaxesExtraordinaryItemsNoncontrollingInterest 22/44 (50%, last 2020Q4); union 50%. the tags' union does not reach the 75% coverage bar, so any series built from them would be silently gapped.
1535527/1535527    FATAL    fundamentals_alias_unresolved net_income_to_common: ABSENT over 8 reportable quarters -- (no tag has an in-window operating-form row); union 0%. no tag in this family has a single in-window row from an operating form (10-K/10-Q/8-K + /A). Non-operating forms -- DEF 14A proxy compensation tables above all -- are excluded by design and never count as coverage.
1535527/1535527    FATAL    fundamentals_alias_unresolved shares_outstanding: PARTIAL over 8 reportable quarters -- EntityCommonStockSharesOutstanding 4/8 (50%, last 2026Q2); union 50%. the tags' union does not reach the 75% coverage bar, so any series built from them would be silently gapped.
1539838/1539838    FATAL    fundamentals_alias_unresolved net_income_to_common: PARTIAL over 32 reportable quarters -- NetIncomeLossAvailableToCommonStockholdersBasic 22/32 (69%, last 2026Q2); union 69%. the tags' union does not reach the 75% coverage bar, so any series built from them would be silently gapped.
1543151/1543151    FATAL    fundamentals_alias_unresolved minority_interest: ABSENT over 28 reportable quarters -- (no tag has an in-window operating-form row); union 0%. no tag in this family has a single in-window row from an operating form (10-K/10-Q/8-K + /A). Non-operating forms -- DEF 14A proxy compensation tables above all -- are excluded by design and never count as coverage.
1551152/1551152    FATAL    fundamentals_alias_unresolved liabilities: ABSENT over 44 reportable quarters -- (no tag has an in-window operating-form row); union 0%. no tag in this family has a single in-window row from an operating form (10-K/10-Q/8-K + /A). Non-operating forms -- DEF 14A proxy compensation tables above all -- are excluded by design and never count as coverage.
1551152/1551152    FATAL    fundamentals_alias_unresolved minority_interest: PARTIAL over 44 reportable quarters -- MinorityInterest 26/44 (59%, last 2026Q2); union 59%. the tags' union does not reach the 75% coverage bar, so any series built from them would be silently gapped.
1551182/1551182    FATAL    fundamentals_alias_unresolved net_income_to_common: ABSENT over 12 reportable quarters -- (no tag has an in-window operating-form row); union 0%. no tag in this family has a single in-window row from an operating form (10-K/10-Q/8-K + /A). Non-operating forms -- DEF 14A proxy compensation tables above all -- are excluded by design and never count as coverage.
1551182/1551182    FATAL    fundamentals_alias_unresolved operating_income: ABSENT over 12 reportable quarters -- (no tag has an in-window operating-form row); union 0%. no tag in this family has a single in-window row from an operating form (10-K/10-Q/8-K + /A). Non-operating forms -- DEF 14A proxy compensation tables above all -- are excluded by design and never count as coverage.
1551182/1551182    FATAL    fundamentals_alias_unresolved liabilities: ABSENT over 12 reportable quarters -- (no tag has an in-window operating-form row); union 0%. no tag in this family has a single in-window row from an operating form (10-K/10-Q/8-K + /A). Non-operating forms -- DEF 14A proxy compensation tables above all -- are excluded by design and never count as coverage.
1552000/1552000    FATAL    fundamentals_alias_unresolved net_income_to_common: PARTIAL over 16 reportable quarters -- NetIncomeLossAvailableToCommonStockholdersBasic 2/16 (12%, last 2023Q2); union 12%. the tags' union does not reach the 75% coverage bar, so any series built from them would be silently gapped. It is below the 40% floor where F2_SPEC §5.3's PARTIAL band starts, and is reported as PARTIAL rather than ABSENT because the family does have in-window operating-form rows.
1552000/1552000    FATAL    fundamentals_alias_unresolved operating_income: PARTIAL over 16 reportable quarters -- OperatingIncomeLoss 7/16 (44%, last 2023Q2); union 44%. the tags' union does not reach the 75% coverage bar, so any series built from them would be silently gapped.
1552000/1552000    FATAL    fundamentals_alias_unresolved minority_interest: ABSENT over 16 reportable quarters -- (no tag has an in-window operating-form row); union 0%. no tag in this family has a single in-window row from an operating form (10-K/10-Q/8-K + /A). Non-operating forms -- DEF 14A proxy compensation tables above all -- are excluded by design and never count as coverage.
1552000/1552000    FATAL    fundamentals_alias_unresolved eps_diluted: PARTIAL over 16 reportable quarters -- NetIncomeLossNetOfTaxPerOutstandingLimitedPartnershipUnitDiluted 10/16 (62%, last 2023Q2); union 62%. the tags' union does not reach the 75% coverage bar, so any series built from them would be silently gapped.
1555280/1555280    FATAL    fundamentals_alias_unresolved net_income_to_common: ABSENT over 32 reportable quarters -- (no tag has an in-window operating-form row); union 0%. no tag in this family has a single in-window row from an operating form (10-K/10-Q/8-K + /A). Non-operating forms -- DEF 14A proxy compensation tables above all -- are excluded by design and never count as coverage.
1555280/1555280    FATAL    fundamentals_alias_unresolved operating_income: ABSENT over 32 reportable quarters -- (no tag has an in-window operating-form row); union 0%. no tag in this family has a single in-window row from an operating form (10-K/10-Q/8-K + /A). Non-operating forms -- DEF 14A proxy compensation tables above all -- are excluded by design and never count as coverage.
1564408/1564408    FATAL    fundamentals_alias_unresolved net_income_to_common: ABSENT over 16 reportable quarters -- (no tag has an in-window operating-form row); union 0%. no tag in this family has a single in-window row from an operating form (10-K/10-Q/8-K + /A). Non-operating forms -- DEF 14A proxy compensation tables above all -- are excluded by design and never count as coverage.
1564408/1564408    FATAL    fundamentals_alias_unresolved minority_interest: ABSENT over 16 reportable quarters -- (no tag has an in-window operating-form row); union 0%. no tag in this family has a single in-window row from an operating form (10-K/10-Q/8-K + /A). Non-operating forms -- DEF 14A proxy compensation tables above all -- are excluded by design and never count as coverage.
1564408/1564408    FATAL    fundamentals_alias_unresolved shares_outstanding: ABSENT over 16 reportable quarters -- (no tag has an in-window operating-form row); union 0%. no tag in this family has a single in-window row from an operating form (10-K/10-Q/8-K + /A). Non-operating forms -- DEF 14A proxy compensation tables above all -- are excluded by design and never count as coverage.
1571949/1571949    FATAL    fundamentals_alias_unresolved net_income_to_common: ABSENT over 32 reportable quarters -- (no tag has an in-window operating-form row); union 0%. no tag in this family has a single in-window row from an operating form (10-K/10-Q/8-K + /A). Non-operating forms -- DEF 14A proxy compensation tables above all -- are excluded by design and never count as coverage.
1585521/1585521    FATAL    fundamentals_alias_unresolved minority_interest: ABSENT over 20 reportable quarters -- (no tag has an in-window operating-form row); union 0%. no tag in this family has a single in-window row from an operating form (10-K/10-Q/8-K + /A). Non-operating forms -- DEF 14A proxy compensation tables above all -- are excluded by design and never count as coverage.
1585521/1585521    FATAL    fundamentals_alias_unresolved shares_outstanding: ABSENT over 20 reportable quarters -- (no tag has an in-window operating-form row); union 0%. no tag in this family has a single in-window row from an operating form (10-K/10-Q/8-K + /A). Non-operating forms -- DEF 14A proxy compensation tables above all -- are excluded by design and never count as coverage.
1596532/1596532    FATAL    fundamentals_alias_unresolved minority_interest: ABSENT over 12 reportable quarters -- (no tag has an in-window operating-form row); union 0%. no tag in this family has a single in-window row from an operating form (10-K/10-Q/8-K + /A). Non-operating forms -- DEF 14A proxy compensation tables above all -- are excluded by design and never count as coverage.
1613103/1613103    FATAL    fundamentals_alias_unresolved net_income_to_common: PARTIAL over 44 reportable quarters -- NetIncomeLossAvailableToCommonStockholdersBasic 19/44 (43%, last 2021Q1); union 43%. the tags' union does not reach the 75% coverage bar, so any series built from them would be silently gapped.
1618921/1618921    FATAL    fundamentals_alias_unresolved net_income_to_common: ABSENT over 16 reportable quarters -- (no tag has an in-window operating-form row); union 0%. no tag in this family has a single in-window row from an operating form (10-K/10-Q/8-K + /A). Non-operating forms -- DEF 14A proxy compensation tables above all -- are excluded by design and never count as coverage.
1618921/1618921    FATAL    fundamentals_alias_unresolved liabilities: ABSENT over 16 reportable quarters -- (no tag has an in-window operating-form row); union 0%. no tag in this family has a single in-window row from an operating form (10-K/10-Q/8-K + /A). Non-operating forms -- DEF 14A proxy compensation tables above all -- are excluded by design and never count as coverage.
1618921/1618921    FATAL    fundamentals_alias_unresolved eps_diluted: PARTIAL over 16 reportable quarters -- EarningsPerShareDiluted 13/16 (81%, last 2018Q3) [STALE]; union 81%. every tag that cleared the 75% coverage bar is STALE -- its coverage stops more than 2 quarter(s) before 2019Q2, this company's own last quarter with fundamentals data. A tag can clear a bar computed over an 11-year window and still have died years ago; resolving to it is exactly how E1 froze JNJ's operating income at 2015. Stale: EarningsPerShareDiluted.
1633917/1633917    FATAL    fundamentals_alias_unresolved net_income_to_common: PARTIAL over 44 reportable quarters -- NetIncomeLossAvailableToCommonStockholdersBasic 25/44 (57%, last 2026Q1); union 57%. the tags' union does not reach the 75% coverage bar, so any series built from them would be silently gapped.
1633917/1633917    FATAL    fundamentals_alias_unresolved pretax_income: PARTIAL over 44 reportable quarters -- IncomeLossFromContinuingOperationsBeforeIncomeTaxesExtraordinaryItemsNoncontrollingInterest 20/44 (45%, last 2022Q4); union 45%. the tags' union does not reach the 75% coverage bar, so any series built from them would be silently gapped.
1633917/1633917    FATAL    fundamentals_alias_unresolved minority_interest: PARTIAL over 44 reportable quarters -- MinorityInterest 10/44 (23%, last 2021Q4); union 23%. the tags' union does not reach the 75% coverage bar, so any series built from them would be silently gapped. It is below the 40% floor where F2_SPEC §5.3's PARTIAL band starts, and is reported as PARTIAL rather than ABSENT because the family does have in-window operating-form rows.
1637459/1637459    FATAL    fundamentals_alias_unresolved revenue: PARTIAL over 20 reportable quarters -- RevenueFromContractWithCustomerIncludingAssessedTax 14/20 (70%, last 2020Q2); union 70%. the tags' union does not reach the 75% coverage bar, so any series built from them would be silently gapped.
1640147/1640147    FATAL    fundamentals_alias_unresolved net_income_to_common: ABSENT over 16 reportable quarters -- (no tag has an in-window operating-form row); union 0%. no tag in this family has a single in-window row from an operating form (10-K/10-Q/8-K + /A). Non-operating forms -- DEF 14A proxy compensation tables above all -- are excluded by design and never count as coverage.
1645590/1645590    FATAL    fundamentals_alias_unresolved net_income_to_common: ABSENT over 16 reportable quarters -- (no tag has an in-window operating-form row); union 0%. no tag in this family has a single in-window row from an operating form (10-K/10-Q/8-K + /A). Non-operating forms -- DEF 14A proxy compensation tables above all -- are excluded by design and never count as coverage.
1645590/1645590    FATAL    fundamentals_alias_unresolved liabilities: PARTIAL over 16 reportable quarters -- Liabilities 1/16 (6%, last 2018Q4); union 6%. the tags' union does not reach the 75% coverage bar, so any series built from them would be silently gapped. It is below the 40% floor where F2_SPEC §5.3's PARTIAL band starts, and is reported as PARTIAL rather than ABSENT because the family does have in-window operating-form rows.
1645590/1645590    FATAL    fundamentals_alias_unresolved minority_interest: PARTIAL over 16 reportable quarters -- MinorityInterest 8/16 (50%, last 2020Q2); union 50%. the tags' union does not reach the 75% coverage bar, so any series built from them would be silently gapped.
1652044/1652044    FATAL    fundamentals_alias_unresolved net_income_to_common: PARTIAL over 40 reportable quarters -- NetIncomeLossAvailableToCommonStockholdersBasic 17/40 (42%, last 2026Q2); union 42%. the tags' union does not reach the 75% coverage bar, so any series built from them would be silently gapped.
1652044/1652044    FATAL    fundamentals_alias_unresolved minority_interest: ABSENT over 40 reportable quarters -- (no tag has an in-window operating-form row); union 0%. no tag in this family has a single in-window row from an operating form (10-K/10-Q/8-K + /A). Non-operating forms -- DEF 14A proxy compensation tables above all -- are excluded by design and never count as coverage.
1652044/1652044    FATAL    fundamentals_alias_unresolved shares_outstanding: ABSENT over 40 reportable quarters -- (no tag has an in-window operating-form row); union 0%. no tag in this family has a single in-window row from an operating form (10-K/10-Q/8-K + /A). Non-operating forms -- DEF 14A proxy compensation tables above all -- are excluded by design and never count as coverage.
1666700/1666700    FATAL    fundamentals_alias_unresolved operating_income: ABSENT over 20 reportable quarters -- (no tag has an in-window operating-form row); union 0%. no tag in this family has a single in-window row from an operating form (10-K/10-Q/8-K + /A). Non-operating forms -- DEF 14A proxy compensation tables above all -- are excluded by design and never count as coverage.
1682852/1682852    FATAL    fundamentals_alias_unresolved net_income_to_common: PARTIAL over 16 reportable quarters -- NetIncomeLossAvailableToCommonStockholdersBasic 1/16 (6%, last 2020Q4); union 6%. the tags' union does not reach the 75% coverage bar, so any series built from them would be silently gapped. It is below the 40% floor where F2_SPEC §5.3's PARTIAL band starts, and is reported as PARTIAL rather than ABSENT because the family does have in-window operating-form rows.
1682852/1682852    FATAL    fundamentals_alias_unresolved minority_interest: ABSENT over 16 reportable quarters -- (no tag has an in-window operating-form row); union 0%. no tag in this family has a single in-window row from an operating form (10-K/10-Q/8-K + /A). Non-operating forms -- DEF 14A proxy compensation tables above all -- are excluded by design and never count as coverage.
1707925/1707925    FATAL    fundamentals_alias_unresolved net_income_to_common: ABSENT over 28 reportable quarters -- (no tag has an in-window operating-form row); union 0%. no tag in this family has a single in-window row from an operating form (10-K/10-Q/8-K + /A). Non-operating forms -- DEF 14A proxy compensation tables above all -- are excluded by design and never count as coverage.
1730168/1730168    FATAL    fundamentals_alias_unresolved net_income_to_common: PARTIAL over 32 reportable quarters -- NetIncomeLossAvailableToCommonStockholdersBasic 24/32 (75%, last 2024Q4) [STALE]; union 75%. every tag that cleared the 75% coverage bar is STALE -- its coverage stops more than 2 quarter(s) before 2026Q2, this company's own last quarter with fundamentals data. A tag can clear a bar computed over an 11-year window and still have died years ago; resolving to it is exactly how E1 froze JNJ's operating income at 2015. Stale: NetIncomeLossAvailableToCommonStockholdersBasic.
1730168/1730168    FATAL    fundamentals_alias_unresolved minority_interest: PARTIAL over 32 reportable quarters -- MinorityInterest 2/32 (6%, last 2018Q4); union 6%. the tags' union does not reach the 75% coverage bar, so any series built from them would be silently gapped. It is below the 40% floor where F2_SPEC §5.3's PARTIAL band starts, and is reported as PARTIAL rather than ABSENT because the family does have in-window operating-form rows.
1739940/1739940    FATAL    fundamentals_alias_unresolved net_income_to_common: PARTIAL over 28 reportable quarters -- NetIncomeLossAvailableToCommonStockholdersBasic 25/28 (89%, last 2025Q3) [STALE]; union 89%. every tag that cleared the 75% coverage bar is STALE -- its coverage stops more than 2 quarter(s) before 2026Q2, this company's own last quarter with fundamentals data. A tag can clear a bar computed over an 11-year window and still have died years ago; resolving to it is exactly how E1 froze JNJ's operating income at 2015. Stale: NetIncomeLossAvailableToCommonStockholdersBasic.
1744489/1744489    FATAL    fundamentals_alias_unresolved net_income_to_common: ABSENT over 28 reportable quarters -- (no tag has an in-window operating-form row); union 0%. no tag in this family has a single in-window row from an operating form (10-K/10-Q/8-K + /A). Non-operating forms -- DEF 14A proxy compensation tables above all -- are excluded by design and never count as coverage.
1744489/1744489    FATAL    fundamentals_alias_unresolved liabilities: ABSENT over 28 reportable quarters -- (no tag has an in-window operating-form row); union 0%. no tag in this family has a single in-window row from an operating form (10-K/10-Q/8-K + /A). Non-operating forms -- DEF 14A proxy compensation tables above all -- are excluded by design and never count as coverage.
1751788/1751788    FATAL    fundamentals_alias_unresolved operating_income: ABSENT over 24 reportable quarters -- (no tag has an in-window operating-form row); union 0%. no tag in this family has a single in-window row from an operating form (10-K/10-Q/8-K + /A). Non-operating forms -- DEF 14A proxy compensation tables above all -- are excluded by design and never count as coverage.
1751788/1751788    FATAL    fundamentals_alias_unresolved liabilities: ABSENT over 24 reportable quarters -- (no tag has an in-window operating-form row); union 0%. no tag in this family has a single in-window row from an operating form (10-K/10-Q/8-K + /A). Non-operating forms -- DEF 14A proxy compensation tables above all -- are excluded by design and never count as coverage.
1782754/1782754    FATAL    fundamentals_alias_unresolved minority_interest: ABSENT over 11 reportable quarters -- (no tag has an in-window operating-form row); union 0%. no tag in this family has a single in-window row from an operating form (10-K/10-Q/8-K + /A). Non-operating forms -- DEF 14A proxy compensation tables above all -- are excluded by design and never count as coverage.
1782754/1782754    FATAL    fundamentals_alias_unresolved shares_outstanding: ABSENT over 11 reportable quarters -- (no tag has an in-window operating-form row); union 0%. no tag in this family has a single in-window row from an operating form (10-K/10-Q/8-K + /A). Non-operating forms -- DEF 14A proxy compensation tables above all -- are excluded by design and never count as coverage.
1868275/1868275    FATAL    fundamentals_alias_unresolved net_income_to_common: ABSENT over 12 reportable quarters -- (no tag has an in-window operating-form row); union 0%. no tag in this family has a single in-window row from an operating form (10-K/10-Q/8-K + /A). Non-operating forms -- DEF 14A proxy compensation tables above all -- are excluded by design and never count as coverage.
1996810/1996810    FATAL    fundamentals_alias_unresolved net_income_to_common: ABSENT over 8 reportable quarters -- (no tag has an in-window operating-form row); union 0%. no tag in this family has a single in-window row from an operating form (10-K/10-Q/8-K + /A). Non-operating forms -- DEF 14A proxy compensation tables above all -- are excluded by design and never count as coverage.
831001/831001      WARN     companyfacts_tail_lag        companyfacts stops at 2026-02-20 but 2 in-window periodic filing(s) were filed after it (latest 2026-08-06, 167 days later): 2026-05-07, 2026-08-06. Those filings' facts are absent from the companyfacts document, so this member's coverage and staleness scores -- both anchored on its own data -- cannot see the gap. Re-fetch companyfacts before trusting its latest quarters.
895728/895728      WARN     fundamentals_non_usd_reporting revenue: resolved series is reported in CAD, not USD (dominant unit 'CAD'). Prices for this member are USD, so ANY fundamentals-to-price ratio (P/E, P/B, market-cap-to-book, earnings yield) is wrong by the exchange rate unless F5 converts. No conversion happens in F2.
895728/895728      WARN     fundamentals_non_usd_reporting net_income: resolved series is reported in CAD, not USD (dominant unit 'CAD'). Prices for this member are USD, so ANY fundamentals-to-price ratio (P/E, P/B, market-cap-to-book, earnings yield) is wrong by the exchange rate unless F5 converts. No conversion happens in F2.
895728/895728      WARN     fundamentals_non_usd_reporting net_income_to_common: resolved series is reported in CAD, not USD (dominant unit 'CAD'). Prices for this member are USD, so ANY fundamentals-to-price ratio (P/E, P/B, market-cap-to-book, earnings yield) is wrong by the exchange rate unless F5 converts. No conversion happens in F2.
895728/895728      WARN     fundamentals_non_usd_reporting operating_income: resolved series is reported in CAD, not USD (dominant unit 'CAD'). Prices for this member are USD, so ANY fundamentals-to-price ratio (P/E, P/B, market-cap-to-book, earnings yield) is wrong by the exchange rate unless F5 converts. No conversion happens in F2.
895728/895728      WARN     fundamentals_non_usd_reporting pretax_income: resolved series is reported in CAD, not USD (dominant unit 'CAD'). Prices for this member are USD, so ANY fundamentals-to-price ratio (P/E, P/B, market-cap-to-book, earnings yield) is wrong by the exchange rate unless F5 converts. No conversion happens in F2.
895728/895728      WARN     fundamentals_non_usd_reporting assets: resolved series is reported in CAD, not USD (dominant unit 'CAD'). Prices for this member are USD, so ANY fundamentals-to-price ratio (P/E, P/B, market-cap-to-book, earnings yield) is wrong by the exchange rate unless F5 converts. No conversion happens in F2.
895728/895728      WARN     fundamentals_non_usd_reporting liabilities: resolved series is reported in CAD, not USD (dominant unit 'CAD'). Prices for this member are USD, so ANY fundamentals-to-price ratio (P/E, P/B, market-cap-to-book, earnings yield) is wrong by the exchange rate unless F5 converts. No conversion happens in F2.
895728/895728      WARN     fundamentals_non_usd_reporting liabilities_and_equity: resolved series is reported in CAD, not USD (dominant unit 'CAD'). Prices for this member are USD, so ANY fundamentals-to-price ratio (P/E, P/B, market-cap-to-book, earnings yield) is wrong by the exchange rate unless F5 converts. No conversion happens in F2.
895728/895728      WARN     fundamentals_non_usd_reporting equity: resolved series is reported in CAD, not USD (dominant unit 'CAD'). Prices for this member are USD, so ANY fundamentals-to-price ratio (P/E, P/B, market-cap-to-book, earnings yield) is wrong by the exchange rate unless F5 converts. No conversion happens in F2.
895728/895728      WARN     fundamentals_non_usd_reporting minority_interest: resolved series is reported in CAD, not USD (dominant unit 'CAD'). Prices for this member are USD, so ANY fundamentals-to-price ratio (P/E, P/B, market-cap-to-book, earnings yield) is wrong by the exchange rate unless F5 converts. No conversion happens in F2.
895728/895728      WARN     fundamentals_non_usd_reporting cash: resolved series is reported in CAD, not USD (dominant unit 'CAD'). Prices for this member are USD, so ANY fundamentals-to-price ratio (P/E, P/B, market-cap-to-book, earnings yield) is wrong by the exchange rate unless F5 converts. No conversion happens in F2.
895728/895728      WARN     fundamentals_non_usd_reporting operating_cash_flow: resolved series is reported in CAD, not USD (dominant unit 'CAD'). Prices for this member are USD, so ANY fundamentals-to-price ratio (P/E, P/B, market-cap-to-book, earnings yield) is wrong by the exchange rate unless F5 converts. No conversion happens in F2.
895728/895728      WARN     fundamentals_non_usd_reporting eps_diluted: resolved series is reported in CAD, not USD (dominant unit 'CAD/shares'). Prices for this member are USD, so ANY fundamentals-to-price ratio (P/E, P/B, market-cap-to-book, earnings yield) is wrong by the exchange rate unless F5 converts. No conversion happens in F2.
1800/1800          INFO     companyfacts_tail_lag        companyfacts stops at 2026-04-29 but 1 in-window periodic filing(s) were filed after it (latest 2026-07-28, 90 days later): 2026-07-28. Those filings' facts are absent from the companyfacts document, so this member's coverage and staleness scores -- both anchored on its own data -- cannot see the gap. Re-fetch companyfacts before trusting its latest quarters. One filing behind is the ordinary propagation lag of the most recent quarter; reported, not escalated.
4904/4904          INFO     companyfacts_tail_lag        companyfacts stops at 2026-05-05 but 1 in-window periodic filing(s) were filed after it (latest 2026-07-30, 86 days later): 2026-07-30. Those filings' facts are absent from the companyfacts document, so this member's coverage and staleness scores -- both anchored on its own data -- cannot see the gap. Re-fetch companyfacts before trusting its latest quarters. One filing behind is the ordinary propagation lag of the most recent quarter; reported, not escalated.
21344/21344        INFO     companyfacts_tail_lag        companyfacts stops at 2026-04-30 but 1 in-window periodic filing(s) were filed after it (latest 2026-07-29, 90 days later): 2026-07-29. Those filings' facts are absent from the companyfacts document, so this member's coverage and staleness scores -- both anchored on its own data -- cannot see the gap. Re-fetch companyfacts before trusting its latest quarters. One filing behind is the ordinary propagation lag of the most recent quarter; reported, not escalated.
34088/34088        INFO     companyfacts_tail_lag        companyfacts stops at 2026-05-04 but 1 in-window periodic filing(s) were filed after it (latest 2026-08-03, 91 days later): 2026-08-03. Those filings' facts are absent from the companyfacts document, so this member's coverage and staleness scores -- both anchored on its own data -- cannot see the gap. Re-fetch companyfacts before trusting its latest quarters. One filing behind is the ordinary propagation lag of the most recent quarter; reported, not escalated.
64040/64040        INFO     companyfacts_tail_lag        companyfacts stops at 2026-04-28 but 1 in-window periodic filing(s) were filed after it (latest 2026-07-28, 91 days later): 2026-07-28. Those filings' facts are absent from the companyfacts document, so this member's coverage and staleness scores -- both anchored on its own data -- cannot see the gap. Re-fetch companyfacts before trusting its latest quarters. One filing behind is the ordinary propagation lag of the most recent quarter; reported, not escalated.
92122/92122        INFO     companyfacts_tail_lag        companyfacts stops at 2026-04-30 but 1 in-window periodic filing(s) were filed after it (latest 2026-07-30, 91 days later): 2026-07-30. Those filings' facts are absent from the companyfacts document, so this member's coverage and staleness scores -- both anchored on its own data -- cannot see the gap. Re-fetch companyfacts before trusting its latest quarters. One filing behind is the ordinary propagation lag of the most recent quarter; reported, not escalated.
715957/715957      INFO     companyfacts_tail_lag        companyfacts stops at 2026-05-01 but 1 in-window periodic filing(s) were filed after it (latest 2026-07-31, 91 days later): 2026-07-31. Those filings' facts are absent from the companyfacts document, so this member's coverage and staleness scores -- both anchored on its own data -- cannot see the gap. Re-fetch companyfacts before trusting its latest quarters. One filing behind is the ordinary propagation lag of the most recent quarter; reported, not escalated.
753308/753308      INFO     companyfacts_tail_lag        companyfacts stops at 2026-04-23 but 1 in-window periodic filing(s) were filed after it (latest 2026-07-24, 92 days later): 2026-07-24. Those filings' facts are absent from the companyfacts document, so this member's coverage and staleness scores -- both anchored on its own data -- cannot see the gap. Re-fetch companyfacts before trusting its latest quarters. One filing behind is the ordinary propagation lag of the most recent quarter; reported, not escalated.
766704/766704      INFO     companyfacts_tail_lag        companyfacts stops at 2026-04-29 but 1 in-window periodic filing(s) were filed after it (latest 2026-07-28, 90 days later): 2026-07-28. Those filings' facts are absent from the companyfacts document, so this member's coverage and staleness scores -- both anchored on its own data -- cannot see the gap. Re-fetch companyfacts before trusting its latest quarters. One filing behind is the ordinary propagation lag of the most recent quarter; reported, not escalated.
813672/813672      INFO     companyfacts_tail_lag        companyfacts stops at 2026-05-01 but 1 in-window periodic filing(s) were filed after it (latest 2026-07-29, 89 days later): 2026-07-29. Those filings' facts are absent from the companyfacts document, so this member's coverage and staleness scores -- both anchored on its own data -- cannot see the gap. Re-fetch companyfacts before trusting its latest quarters. One filing behind is the ordinary propagation lag of the most recent quarter; reported, not escalated.
895126/895126      INFO     companyfacts_tail_lag        companyfacts stops at 2026-04-28 but 1 in-window periodic filing(s) were filed after it (latest 2026-07-28, 91 days later): 2026-07-28. Those filings' facts are absent from the companyfacts document, so this member's coverage and staleness scores -- both anchored on its own data -- cannot see the gap. Re-fetch companyfacts before trusting its latest quarters. One filing behind is the ordinary propagation lag of the most recent quarter; reported, not escalated.
896159/896159      INFO     companyfacts_tail_lag        companyfacts stops at 2026-04-28 but 1 in-window periodic filing(s) were filed after it (latest 2026-07-28, 91 days later): 2026-07-28. Those filings' facts are absent from the companyfacts document, so this member's coverage and staleness scores -- both anchored on its own data -- cannot see the gap. Re-fetch companyfacts before trusting its latest quarters. One filing behind is the ordinary propagation lag of the most recent quarter; reported, not escalated.
927628/927628      INFO     companyfacts_tail_lag        companyfacts stops at 2026-05-07 but 1 in-window periodic filing(s) were filed after it (latest 2026-07-28, 82 days later): 2026-07-28. Those filings' facts are absent from the companyfacts document, so this member's coverage and staleness scores -- both anchored on its own data -- cannot see the gap. Re-fetch companyfacts before trusting its latest quarters. One filing behind is the ordinary propagation lag of the most recent quarter; reported, not escalated.
1032208/1032208    INFO     companyfacts_tail_lag        companyfacts stops at 2026-05-07 but 1 in-window periodic filing(s) were filed after it (latest 2026-08-06, 91 days later): 2026-08-06. Those filings' facts are absent from the companyfacts document, so this member's coverage and staleness scores -- both anchored on its own data -- cannot see the gap. Re-fetch companyfacts before trusting its latest quarters. One filing behind is the ordinary propagation lag of the most recent quarter; reported, not escalated.
1045609/1045609    INFO     companyfacts_tail_lag        companyfacts stops at 2026-04-30 but 1 in-window periodic filing(s) were filed after it (latest 2026-07-29, 90 days later): 2026-07-29. Those filings' facts are absent from the companyfacts document, so this member's coverage and staleness scores -- both anchored on its own data -- cannot see the gap. Re-fetch companyfacts before trusting its latest quarters. One filing behind is the ordinary propagation lag of the most recent quarter; reported, not escalated.
1053507/1053507    INFO     companyfacts_tail_lag        companyfacts stops at 2026-04-28 but 1 in-window periodic filing(s) were filed after it (latest 2026-07-28, 91 days later): 2026-07-28. Those filings' facts are absent from the companyfacts document, so this member's coverage and staleness scores -- both anchored on its own data -- cannot see the gap. Re-fetch companyfacts before trusting its latest quarters. One filing behind is the ordinary propagation lag of the most recent quarter; reported, not escalated.
1103982/1103982    INFO     companyfacts_tail_lag        companyfacts stops at 2026-04-28 but 1 in-window periodic filing(s) were filed after it (latest 2026-07-28, 91 days later): 2026-07-28. Those filings' facts are absent from the companyfacts document, so this member's coverage and staleness scores -- both anchored on its own data -- cannot see the gap. Re-fetch companyfacts before trusting its latest quarters. One filing behind is the ordinary propagation lag of the most recent quarter; reported, not escalated.
1109357/1109357    INFO     companyfacts_tail_lag        companyfacts stops at 2026-05-06 but 1 in-window periodic filing(s) were filed after it (latest 2026-07-30, 85 days later): 2026-07-30. Those filings' facts are absent from the companyfacts document, so this member's coverage and staleness scores -- both anchored on its own data -- cannot see the gap. Re-fetch companyfacts before trusting its latest quarters. One filing behind is the ordinary propagation lag of the most recent quarter; reported, not escalated.
1297996/1297996    INFO     companyfacts_tail_lag        companyfacts stops at 2026-05-01 but 1 in-window periodic filing(s) were filed after it (latest 2026-07-31, 91 days later): 2026-07-31. Those filings' facts are absent from the companyfacts document, so this member's coverage and staleness scores -- both anchored on its own data -- cannot see the gap. Re-fetch companyfacts before trusting its latest quarters. One filing behind is the ordinary propagation lag of the most recent quarter; reported, not escalated.
1403161/1403161    INFO     companyfacts_tail_lag        companyfacts stops at 2026-04-29 but 1 in-window periodic filing(s) were filed after it (latest 2026-07-29, 91 days later): 2026-07-29. Those filings' facts are absent from the companyfacts document, so this member's coverage and staleness scores -- both anchored on its own data -- cannot see the gap. Re-fetch companyfacts before trusting its latest quarters. One filing behind is the ordinary propagation lag of the most recent quarter; reported, not escalated.
1633917/1633917    INFO     companyfacts_tail_lag        companyfacts stops at 2026-05-05 but 1 in-window periodic filing(s) were filed after it (latest 2026-07-28, 84 days later): 2026-07-28. Those filings' facts are absent from the companyfacts document, so this member's coverage and staleness scores -- both anchored on its own data -- cannot see the gap. Re-fetch companyfacts before trusting its latest quarters. One filing behind is the ordinary propagation lag of the most recent quarter; reported, not escalated.

497 FATAL finding(s). Writing /Users/vihanpatil/personal/projects/FinScreen/data/fundamentals_e2.parquet anyway (fundamentals sourcing is not gated the way ingest_metadata.py's universe validation is -- these are reported for the record and for F5 to consume via concept_resolution.csv, not a hard stop on an otherwise-successful companyfacts pull). An UNRESOLVED (cik, family) pair must NOT be used to build a series.

Wrote 622661 rows to /Users/vihanpatil/personal/projects/FinScreen/data/fundamentals_e2.parquet
