accession_number,cik,company_name,sector,stratum,form,filing_date,section_type,source_document,verdict,n_toc_entries,n_matching,n_resolvable,shipped_span_is_none,best_source,best_words,best_end_ran_to_eof,rec_words,rec_guarded_words,rec_end_at_eof,end_guard_shortened_span,fb_words,fb_end_at_eof,doc_words,head_char_offset,head_opens_on_item1a,clears_word_floor_15,clears_char_gate_30,guarded_span_still_ends_at_eof,band_p4_0.5-2x_median,band_bimodal_recalibrated,defensible_span,best_head
0001104659-15-055905,1800,ABBOTT LABORATORIES,healthcare,core,10-Q,2015-08-04,RISK_FACTORS,a15-11917_110q.htm,R1_genuinely_absent_from_toc,6,0,0,True,none,,,,,,,,,14072,,False,False,,,,,False,
0001104659-15-076189,1800,ABBOTT LABORATORIES,healthcare,core,10-Q,2015-11-05,RISK_FACTORS,a15-17845_110q.htm,R1_genuinely_absent_from_toc,6,0,0,True,none,,,,,,,,,14662,,False,False,,,,,False,
0001104659-16-117710,1800,ABBOTT LABORATORIES,healthcare,core,10-Q,2016-05-04,RISK_FACTORS,a16-6519_110q.htm,R1_genuinely_absent_from_toc,7,0,0,True,none,,,,,,,,,13319,,False,False,,,,,False,
0001104659-16-154583,1800,ABBOTT LABORATORIES,healthcare,core,10-Q,2016-11-03,RISK_FACTORS,a16-17215_110q.htm,R1_genuinely_absent_from_toc,6,0,0,True,none,,,,,,,,,15599,,False,False,,,,,False,
0001104659-17-029430,1800,ABBOTT LABORATORIES,healthcare,core,10-Q,2017-05-03,RISK_FACTORS,a17-8899_110q.htm,R1_genuinely_absent_from_toc,6,0,0,True,none,,,,,,,,,14673,,False,False,,,,,False,
0001104659-17-048855,1800,ABBOTT LABORATORIES,healthcare,core,10-Q,2017-08-02,RISK_FACTORS,a17-13353_110q.htm,R1_genuinely_absent_from_toc,12,0,0,True,none,,,,,,,,,17402,,False,False,,,,,False,
0001104659-17-065654,1800,ABBOTT LABORATORIES,healthcare,core,10-Q,2017-11-02,RISK_FACTORS,a17-20634_110q.htm,R1_genuinely_absent_from_toc,6,0,0,True,none,,,,,,,,,17632,,False,False,,,,,False,
0001104659-18-029831,1800,ABBOTT LABORATORIES,healthcare,core,10-Q,2018-05-02,RISK_FACTORS,a18-8658_110q.htm,R1_genuinely_absent_from_toc,5,0,0,True,none,,,,,,,,,15289,,False,False,,,,,False,
0001104659-18-048736,1800,ABBOTT LABORATORIES,healthcare,core,10-Q,2018-08-01,RISK_FACTORS,a18-14086_110q.htm,R1_genuinely_absent_from_toc,5,0,0,True,none,,,,,,,,,16782,,False,False,,,,,False,
0001104659-18-065076,1800,ABBOTT LABORATORIES,healthcare,core,10-Q,2018-10-31,RISK_FACTORS,a18-19028_110q.htm,R1_genuinely_absent_from_toc,5,0,0,True,none,,,,,,,,,17523,,False,False,,,,,False,
0001104659-19-026018,1800,ABBOTT LABORATORIES,healthcare,core,10-Q,2019-05-01,RISK_FACTORS,a19-7736_110q.htm,R1_genuinely_absent_from_toc,5,0,0,True,none,,,,,,,,,11210,,False,False,,,,,False,
0001410578-19-000606,1800,ABBOTT LABORATORIES,healthcare,core,10-Q,2019-07-31,RISK_FACTORS,abt-20190630x10q.htm,R1_genuinely_absent_from_toc,5,0,0,True,none,,,,,,,,,12958,,False,False,,,,,False,
0001104659-19-058323,1800,ABBOTT LABORATORIES,healthcare,core,10-Q,2019-10-31,RISK_FACTORS,abt-20190930x10q93748c.htm,R1_genuinely_absent_from_toc,5,0,0,True,none,,,,,,,,,13236,,False,False,,,,,False,
0001104659-20-087850,1800,ABBOTT LABORATORIES,healthcare,core,10-Q,2020-07-29,RISK_FACTORS,abt-20200630x10q.htm,R1_genuinely_absent_from_toc,5,0,0,True,none,,,,,,,,,13163,,False,False,,,,,False,
0001104659-20-121336,1800,ABBOTT LABORATORIES,healthcare,core,10-Q,2020-11-04,RISK_FACTORS,abt-20200930x10q.htm,R1_genuinely_absent_from_toc,5,0,0,True,none,,,,,,,,,13426,,False,False,,,,,False,
0001104659-21-061693,1800,ABBOTT LABORATORIES,healthcare,core,10-Q,2021-05-05,RISK_FACTORS,abt-20210331x10q.htm,R1_genuinely_absent_from_toc,5,0,0,True,none,,,,,,,,,10180,,False,False,,,,,False,
0001104659-21-100055,1800,ABBOTT LABORATORIES,healthcare,core,10-Q,2021-08-04,RISK_FACTORS,abt-20210630x10q.htm,R1_genuinely_absent_from_toc,6,0,0,True,none,,,,,,,,,12819,,False,False,,,,,False,
0001104659-21-133629,1800,ABBOTT LABORATORIES,healthcare,core,10-Q,2021-11-03,RISK_FACTORS,abt-20210930x10q.htm,R1_genuinely_absent_from_toc,6,0,0,True,none,,,,,,,,,13106,,False,False,,,,,False,
0001104659-22-055285,1800,ABBOTT LABORATORIES,healthcare,core,10-Q,2022-05-03,RISK_FACTORS,abt-20220331x10q.htm,R1_genuinely_absent_from_toc,5,0,0,True,none,,,,,,,,,10298,,False,False,,,,,False,
0001628280-22-020209,1800,ABBOTT LABORATORIES,healthcare,core,10-Q,2022-08-02,RISK_FACTORS,abt-20220630.htm,R1_genuinely_absent_from_toc,11,0,0,True,none,,,,,,,,,12039,,False,False,,,,,False,
0001628280-22-027550,1800,ABBOTT LABORATORIES,healthcare,core,10-Q,2022-11-01,RISK_FACTORS,abt-20220930.htm,R1_genuinely_absent_from_toc,11,0,0,True,none,,,,,,,,,12354,,False,False,,,,,False,
0001628280-23-015699,1800,ABBOTT LABORATORIES,healthcare,core,10-Q,2023-05-04,RISK_FACTORS,abt-20230331.htm,R1_genuinely_absent_from_toc,11,0,0,True,none,,,,,,,,,10063,,False,False,,,,,False,
0001628280-23-027203,1800,ABBOTT LABORATORIES,healthcare,core,10-Q,2023-08-03,RISK_FACTORS,abt-20230630.htm,R1_genuinely_absent_from_toc,12,0,0,True,none,,,,,,,,,12292,,False,False,,,,,False,
0001628280-23-035957,1800,ABBOTT LABORATORIES,healthcare,core,10-Q,2023-11-01,RISK_FACTORS,abt-20230930.htm,R1_genuinely_absent_from_toc,11,0,0,True,none,,,,,,,,,13176,,False,False,,,,,False,
0001628280-24-020011,1800,ABBOTT LABORATORIES,healthcare,core,10-Q,2024-05-02,RISK_FACTORS,abt-20240331.htm,R1_genuinely_absent_from_toc,11,0,0,True,none,,,,,,,,,11448,,False,False,,,,,False,
0001628280-24-033740,1800,ABBOTT LABORATORIES,healthcare,core,10-Q,2024-07-31,RISK_FACTORS,abt-20240630.htm,R1_genuinely_absent_from_toc,12,0,0,True,none,,,,,,,,,14316,,False,False,,,,,False,
0001628280-24-044602,1800,ABBOTT LABORATORIES,healthcare,core,10-Q,2024-10-31,RISK_FACTORS,abt-20240930.htm,R1_genuinely_absent_from_toc,11,0,0,True,none,,,,,,,,,14668,,False,False,,,,,False,
0001628280-25-021090,1800,ABBOTT LABORATORIES,healthcare,core,10-Q,2025-04-30,RISK_FACTORS,abt-20250331.htm,R1_genuinely_absent_from_toc,11,0,0,True,none,,,,,,,,,11490,,False,False,,,,,False,
0001628280-25-036720,1800,ABBOTT LABORATORIES,healthcare,core,10-Q,2025-07-30,RISK_FACTORS,abt-20250630.htm,R1_genuinely_absent_from_toc,11,0,0,True,none,,,,,,,,,13490,,False,False,,,,,False,
0001628280-25-047131,1800,ABBOTT LABORATORIES,healthcare,core,10-Q,2025-10-29,RISK_FACTORS,abt-20250930.htm,R1_genuinely_absent_from_toc,10,0,0,True,none,,,,,,,,,13627,,False,False,,,,,False,
0001628280-26-028357,1800,ABBOTT LABORATORIES,healthcare,core,10-Q,2026-04-29,RISK_FACTORS,abt-20260331.htm,R1_genuinely_absent_from_toc,10,0,0,True,none,,,,,,,,,14184,,False,False,,,,,False,
0001628280-26-050134,1800,ABBOTT LABORATORIES,healthcare,core,10-Q,2026-07-28,RISK_FACTORS,abt-20260630.htm,R1_genuinely_absent_from_toc,10,0,0,True,none,,,,,,,,,14826,,False,False,,,,,False,
0001104659-15-057641,1551152,AbbVie Inc.,healthcare,core,10-Q,2015-08-07,RISK_FACTORS,a15-11918_110q.htm,R1_genuinely_absent_from_toc,14,0,0,True,none,,,,,,,396.0,0.0,22537,,False,False,,,,,False,
0001104659-15-076607,1551152,AbbVie Inc.,healthcare,core,10-Q,2015-11-06,RISK_FACTORS,a15-17846_110q.htm,R1_genuinely_absent_from_toc,14,0,0,True,none,,,,,,,,,23594,,False,False,,,,,False,
0001104659-16-118639,1551152,AbbVie Inc.,healthcare,core,10-Q,2016-05-06,RISK_FACTORS,a16-6520_110q.htm,R1_genuinely_absent_from_toc,14,0,0,True,none,,,,,,,,,18878,,False,False,,,,,False,
0001104659-16-137453,1551152,AbbVie Inc.,healthcare,core,10-Q,2016-08-05,RISK_FACTORS,a16-11616_110q.htm,R1_genuinely_absent_from_toc,14,0,0,True,none,,,,,,,,,25191,,False,False,,,,,False,
0001551152-16-000005,1551152,AbbVie Inc.,healthcare,core,10-Q,2016-11-07,RISK_FACTORS,abbv-20160930x10q.htm,R1_genuinely_absent_from_toc,14,0,0,True,none,,,,,,,,,23997,,False,False,,,,,False,
0001551152-17-000016,1551152,AbbVie Inc.,healthcare,core,10-Q,2017-05-05,RISK_FACTORS,abbv-20170331x10q.htm,R1_genuinely_absent_from_toc,14,0,0,True,none,,,,,,,,,16925,,False,False,,,,,False,
0001551152-17-000025,1551152,AbbVie Inc.,healthcare,core,10-Q,2017-08-07,RISK_FACTORS,abbv-20170630x10q.htm,R1_genuinely_absent_from_toc,14,0,0,True,none,,,,,,,,,18377,,False,False,,,,,False,
0001551152-17-000035,1551152,AbbVie Inc.,healthcare,core,10-Q,2017-11-07,RISK_FACTORS,abbv-20170930x10q.htm,R1_genuinely_absent_from_toc,14,0,0,True,none,,,,,,,,,19225,,False,False,,,,,False,
0001551152-18-000025,1551152,AbbVie Inc.,healthcare,core,10-Q,2018-05-04,RISK_FACTORS,abbv-20180331x10q.htm,R1_genuinely_absent_from_toc,14,0,0,True,none,,,,,,,,,16722,,False,False,,,,,False,
0001551152-18-000032,1551152,AbbVie Inc.,healthcare,core,10-Q,2018-08-07,RISK_FACTORS,abbv-20180630x10q.htm,R1_genuinely_absent_from_toc,14,0,0,True,none,,,,,,,,,18761,,False,False,,,,,False,
0001551152-18-000042,1551152,AbbVie Inc.,healthcare,core,10-Q,2018-11-07,RISK_FACTORS,abbv-20180930x10q.htm,R1_genuinely_absent_from_toc,14,0,0,True,none,,,,,,,,,19975,,False,False,,,,,False,
0001551152-19-000016,1551152,AbbVie Inc.,healthcare,core,10-Q,2019-05-03,RISK_FACTORS,abbv-20190331x10q.htm,R1_genuinely_absent_from_toc,14,0,0,True,none,,,,,,,,,15631,,False,False,,,,,False,
0001551152-21-000016,1551152,AbbVie Inc.,healthcare,core,10-Q,2021-05-07,RISK_FACTORS,abbv-20210331.htm,R1_genuinely_absent_from_toc,21,0,0,True,none,,,,,,,,,17100,,False,False,,,,,False,
0001551152-21-000025,1551152,AbbVie Inc.,healthcare,core,10-Q,2021-08-02,RISK_FACTORS,abbv-20210630.htm,R1_genuinely_absent_from_toc,21,0,0,True,none,,,,,,,,,20535,,False,False,,,,,False,
0001551152-21-000031,1551152,AbbVie Inc.,healthcare,core,10-Q,2021-11-02,RISK_FACTORS,abbv-20210930.htm,R1_genuinely_absent_from_toc,21,0,0,True,none,,,,,,,,,21750,,False,False,,,,,False,
0001551152-22-000017,1551152,AbbVie Inc.,healthcare,core,10-Q,2022-05-06,RISK_FACTORS,abbv-20220331.htm,R1_genuinely_absent_from_toc,21,0,0,True,none,,,,,,,,,16894,,False,False,,,,,False,
0001551152-22-000030,1551152,AbbVie Inc.,healthcare,core,10-Q,2022-08-04,RISK_FACTORS,abbv-20220630.htm,R1_genuinely_absent_from_toc,21,0,0,True,none,,,,,,,,,19560,,False,False,,,,,False,
0001551152-22-000045,1551152,AbbVie Inc.,healthcare,core,10-Q,2022-11-04,RISK_FACTORS,abbv-20220930.htm,R1_genuinely_absent_from_toc,21,0,0,True,none,,,,,,,,,20883,,False,False,,,,,False,
0001551152-23-000023,1551152,AbbVie Inc.,healthcare,core,10-Q,2023-05-05,RISK_FACTORS,abbv-20230331.htm,R1_genuinely_absent_from_toc,21,0,0,True,none,,,,,,,,,16131,,False,False,,,,,False,
0001551152-23-000033,1551152,AbbVie Inc.,healthcare,core,10-Q,2023-08-07,RISK_FACTORS,abbv-20230630.htm,R1_genuinely_absent_from_toc,24,0,0,True,none,,,,,,,,,19098,,False,False,,,,,False,
0001551152-23-000045,1551152,AbbVie Inc.,healthcare,core,10-Q,2023-11-06,RISK_FACTORS,abbv-20230930.htm,R1_genuinely_absent_from_toc,24,0,0,True,none,,,,,,,,,20156,,False,False,,,,,False,
0001551152-24-000020,1551152,AbbVie Inc.,healthcare,core,10-Q,2024-05-03,RISK_FACTORS,abbv-20240331.htm,R1_genuinely_absent_from_toc,25,0,0,True,none,,,,,,,,,18603,,False,False,,,,,False,
0001551152-24-000031,1551152,AbbVie Inc.,healthcare,core,10-Q,2024-08-07,RISK_FACTORS,abbv-20240630.htm,R1_genuinely_absent_from_toc,24,0,0,True,none,,,,,,,,,21432,,False,False,,,,,False,
0001551152-24-000040,1551152,AbbVie Inc.,healthcare,core,10-Q,2024-11-04,RISK_FACTORS,abbv-20240930.htm,R1_genuinely_absent_from_toc,24,0,0,True,none,,,,,,,,,23712,,False,False,,,,,False,
0001551152-25-000029,1551152,AbbVie Inc.,healthcare,core,10-Q,2025-05-09,RISK_FACTORS,abbv-20250331.htm,R1_genuinely_absent_from_toc,24,0,0,True,none,,,,,,,,,16760,,False,False,,,,,False,
0001551152-25-000040,1551152,AbbVie Inc.,healthcare,core,10-Q,2025-08-04,RISK_FACTORS,abbv-20250630.htm,R1_genuinely_absent_from_toc,24,0,0,True,none,,,,,,,,,20385,,False,False,,,,,False,
0001551152-25-000049,1551152,AbbVie Inc.,healthcare,core,10-Q,2025-11-04,RISK_FACTORS,abbv-20250930.htm,R1_genuinely_absent_from_toc,24,0,0,True,none,,,,,,,,,21244,,False,False,,,,,False,
0001551152-26-000017,1551152,AbbVie Inc.,healthcare,core,10-Q,2026-05-08,RISK_FACTORS,abbv-20260331.htm,R1_genuinely_absent_from_toc,24,0,0,True,none,,,,,,,,,15168,,False,False,,,,,False,
0001551152-26-000026,1551152,AbbVie Inc.,healthcare,core,10-Q,2026-08-03,RISK_FACTORS,abbv-20260630.htm,R1_genuinely_absent_from_toc,24,0,0,True,none,,,,,,,,,17858,,False,False,,,,,False,
0001193125-15-270231,2969,"Air Products & Chemicals, Inc.",materials_realestate,extension,10-Q,2015-07-30,RISK_FACTORS,d57211d10q.htm,R1_genuinely_absent_from_toc,7,0,0,True,none,,,,,,,,,23993,,False,False,,,,,False,
0001193125-16-443263,2969,"Air Products & Chemicals, Inc.",materials_realestate,extension,10-Q,2016-01-29,RISK_FACTORS,d122930d10q.htm,R1_genuinely_absent_from_toc,6,0,0,True,none,,,,,,,,,17662,,False,False,,,,,False,
0001193125-16-562956,2969,"Air Products & Chemicals, Inc.",materials_realestate,extension,10-Q,2016-04-28,RISK_FACTORS,d127790d10q.htm,R1_genuinely_absent_from_toc,7,0,0,True,none,,,,,,,,,24071,,False,False,,,,,False,
0001193125-16-662727,2969,"Air Products & Chemicals, Inc.",materials_realestate,extension,10-Q,2016-07-29,RISK_FACTORS,d220379d10q.htm,R1_genuinely_absent_from_toc,8,0,0,True,none,,,,,,,,,25569,,False,False,,,,,False,
0000002969-17-000010,2969,"Air Products & Chemicals, Inc.",materials_realestate,extension,10-Q,2017-01-27,RISK_FACTORS,apd-10qx31dec2016.htm,R1_genuinely_absent_from_toc,21,0,0,True,none,,,,,,,,,19741,,False,False,,,,,False,
0000002969-17-000019,2969,"Air Products & Chemicals, Inc.",materials_realestate,extension,10-Q,2017-04-27,RISK_FACTORS,apd-10qx31mar2017.htm,R1_genuinely_absent_from_toc,21,0,0,True,none,,,,,,,,,27054,,False,False,,,,,False,
0000002969-17-000031,2969,"Air Products & Chemicals, Inc.",materials_realestate,extension,10-Q,2017-08-01,RISK_FACTORS,apd-10qx30jun2017.htm,R1_genuinely_absent_from_toc,21,0,0,True,none,,,,,,,,,31123,,False,False,,,,,False,
0000002969-18-000014,2969,"Air Products & Chemicals, Inc.",materials_realestate,extension,10-Q,2018-01-26,RISK_FACTORS,apd-10qx31dec2017.htm,R1_genuinely_absent_from_toc,15,0,0,True,none,,,,,,,,,19900,,False,False,,,,,False,
0000002969-18-000026,2969,"Air Products & Chemicals, Inc.",materials_realestate,extension,10-Q,2018-04-26,RISK_FACTORS,apd-10qx31mar2018.htm,R1_genuinely_absent_from_toc,15,0,0,True,none,,,,,,,,,25154,,False,False,,,,,False,
0000002969-18-000034,2969,"Air Products & Chemicals, Inc.",materials_realestate,extension,10-Q,2018-07-26,RISK_FACTORS,apd-10qx30jun2018.htm,R1_genuinely_absent_from_toc,15,0,0,True,none,,,,,,,,,28298,,False,False,,,,,False,
0000002969-19-000014,2969,"Air Products & Chemicals, Inc.",materials_realestate,extension,10-Q,2019-01-25,RISK_FACTORS,apd-10qx31dec2018.htm,R1_genuinely_absent_from_toc,47,0,0,True,none,,,,,,,,,21180,,False,False,,,,,False,
0000002969-19-000029,2969,"Air Products & Chemicals, Inc.",materials_realestate,extension,10-Q,2019-04-24,RISK_FACTORS,apd-10qx31mar2019.htm,R1_genuinely_absent_from_toc,47,0,0,True,none,,,,,,,,,25873,,False,False,,,,,False,
0000002969-19-000042,2969,"Air Products & Chemicals, Inc.",materials_realestate,extension,10-Q,2019-07-25,RISK_FACTORS,apd-10qx30jun2019.htm,R1_genuinely_absent_from_toc,51,0,0,True,none,,,,,,,,,27998,,False,False,,,,,False,
0000002969-20-000010,2969,"Air Products & Chemicals, Inc.",materials_realestate,extension,10-Q,2020-01-24,RISK_FACTORS,apd-10qx31dec19.htm,R1_genuinely_absent_from_toc,49,0,0,True,none,,,,,,,,,20565,,False,False,,,,,False,
0000002969-21-000012,2969,"Air Products & Chemicals, Inc.",materials_realestate,extension,10-Q,2021-02-04,RISK_FACTORS,apd-20201231.htm,R1_genuinely_absent_from_toc,45,0,0,True,none,,,,,,,,,18243,,False,False,,,,,False,
0000002969-21-000025,2969,"Air Products & Chemicals, Inc.",materials_realestate,extension,10-Q,2021-05-10,RISK_FACTORS,apd-20210331.htm,R1_genuinely_absent_from_toc,49,0,0,True,none,,,,,,,,,26830,,False,False,,,,,False,
0000002969-21-000043,2969,"Air Products & Chemicals, Inc.",materials_realestate,extension,10-Q,2021-08-09,RISK_FACTORS,apd-20210630.htm,R1_genuinely_absent_from_toc,49,0,0,True,none,,,,,,,,,27073,,False,False,,,,,False,
0000002969-22-000010,2969,"Air Products & Chemicals, Inc.",materials_realestate,extension,10-Q,2022-02-04,RISK_FACTORS,apd-20211231.htm,R1_genuinely_absent_from_toc,47,0,0,True,none,,,,,,,,,19130,,False,False,,,,,False,
0000002969-22-000026,2969,"Air Products & Chemicals, Inc.",materials_realestate,extension,10-Q,2022-05-05,RISK_FACTORS,apd-20220331.htm,R1_genuinely_absent_from_toc,51,0,0,True,none,,,,,,,,,25865,,False,False,,,,,False,
0000002969-22-000038,2969,"Air Products & Chemicals, Inc.",materials_realestate,extension,10-Q,2022-08-04,RISK_FACTORS,apd-20220630.htm,R1_genuinely_absent_from_toc,51,0,0,True,none,,,,,,,,,27121,,False,False,,,,,False,
0000002969-23-000014,2969,"Air Products & Chemicals, Inc.",materials_realestate,extension,10-Q,2023-02-02,RISK_FACTORS,apd-20221231.htm,R1_genuinely_absent_from_toc,52,0,0,True,none,,,,,,,,,20072,,False,False,,,,,False,
0000002969-23-000023,2969,"Air Products & Chemicals, Inc.",materials_realestate,extension,10-Q,2023-05-09,RISK_FACTORS,apd-20230331.htm,R1_genuinely_absent_from_toc,51,0,0,True,none,,,,,,,,,26855,,False,False,,,,,False,
0000002969-23-000037,2969,"Air Products & Chemicals, Inc.",materials_realestate,extension,10-Q,2023-08-03,RISK_FACTORS,apd-20230630.htm,R1_genuinely_absent_from_toc,55,0,0,True,none,,,,,,,,,27842,,False,False,,,,,False,
0000002969-24-000010,2969,"Air Products & Chemicals, Inc.",materials_realestate,extension,10-Q,2024-02-05,RISK_FACTORS,apd-20231231.htm,R1_genuinely_absent_from_toc,45,0,0,True,none,,,,,,,,,20503,,False,False,,,,,False,
0000002969-24-000026,2969,"Air Products & Chemicals, Inc.",materials_realestate,extension,10-Q,2024-04-30,RISK_FACTORS,apd-20240331.htm,R1_genuinely_absent_from_toc,51,0,0,True,none,,,,,,,,,26496,,False,False,,,,,False,
0000002969-24-000043,2969,"Air Products & Chemicals, Inc.",materials_realestate,extension,10-Q,2024-08-01,RISK_FACTORS,apd-20240630.htm,R1_genuinely_absent_from_toc,53,0,0,True,none,,,,,,,,,27466,,False,False,,,,,False,
0000002969-25-000013,2969,"Air Products & Chemicals, Inc.",materials_realestate,extension,10-Q,2025-02-06,RISK_FACTORS,apd-20241231.htm,R1_genuinely_absent_from_toc,45,0,0,True,none,,,,,,,,,21453,,False,False,,,,,False,
0000002969-25-000027,2969,"Air Products & Chemicals, Inc.",materials_realestate,extension,10-Q,2025-05-01,RISK_FACTORS,apd-20250331.htm,R1_genuinely_absent_from_toc,51,0,0,True,none,,,,,,,,,32714,,False,False,,,,,False,
0000002969-25-000044,2969,"Air Products & Chemicals, Inc.",materials_realestate,extension,10-Q,2025-07-31,RISK_FACTORS,apd-20250630.htm,R1_genuinely_absent_from_toc,55,0,0,True,none,,,,,,,,,34644,,False,False,,,,,False,
0000002969-26-000020,2969,"Air Products & Chemicals, Inc.",materials_realestate,extension,10-Q,2026-04-30,RISK_FACTORS,apd-20260331.htm,R1_genuinely_absent_from_toc,51,0,0,True,none,,,,,,,,,30814,,False,False,,,,,False,
0000002969-26-000036,2969,"Air Products & Chemicals, Inc.",materials_realestate,extension,10-Q,2026-07-30,RISK_FACTORS,apd-20260630.htm,R1_genuinely_absent_from_toc,51,0,0,True,none,,,,,,,,,32584,,False,False,,,,,False,
0001390777-15-000107,1390777,Bank of New York Mellon Corp,financials,core,10-Q,2015-08-07,RISK_FACTORS,bkq2201510-q.htm,R1_genuinely_absent_from_toc,12,0,0,True,none,,,,,,,,,72940,,False,False,,,,,False,
0001390777-15-000132,1390777,Bank of New York Mellon Corp,financials,core,10-Q,2015-11-06,RISK_FACTORS,bk3q201510-q.htm,R1_genuinely_absent_from_toc,12,0,0,True,none,,,,,,,,,69243,,False,False,,,,,False,
0001390777-16-000226,1390777,Bank of New York Mellon Corp,financials,core,10-Q,2016-05-10,RISK_FACTORS,bk1q201610-q.htm,R1_genuinely_absent_from_toc,12,0,0,True,none,,,,,,,,,60122,,False,False,,,,,False,
0001390777-18-000083,1390777,Bank of New York Mellon Corp,financials,core,10-Q,2018-05-08,RISK_FACTORS,form10-q_1q18.htm,R1_genuinely_absent_from_toc,12,0,0,True,none,,,,,,,,,51819,,False,False,,,,,False,
0001390777-18-000113,1390777,Bank of New York Mellon Corp,financials,core,10-Q,2018-08-03,RISK_FACTORS,form10-q_2q18.htm,R1_genuinely_absent_from_toc,12,0,0,True,none,,,,,,,,,56413,,False,False,,,,,False,
0001390777-18-000129,1390777,Bank of New York Mellon Corp,financials,core,10-Q,2018-11-06,RISK_FACTORS,form10-q_3q18.htm,R1_genuinely_absent_from_toc,12,0,0,True,none,,,,,,,,,56181,,False,False,,,,,False,
0001390777-19-000063,1390777,Bank of New York Mellon Corp,financials,core,10-Q,2019-05-08,RISK_FACTORS,form10-q1q19.htm,R1_genuinely_absent_from_toc,12,0,0,True,none,,,,,,,,,51639,,False,False,,,,,False,
0001390777-19-000080,1390777,Bank of New York Mellon Corp,financials,core,10-Q,2019-08-07,RISK_FACTORS,form10-q2q19.htm,R1_genuinely_absent_from_toc,12,0,0,True,none,,,,,,,,,57529,,False,False,,,,,False,
0001390777-19-000104,1390777,Bank of New York Mellon Corp,financials,core,10-Q,2019-11-07,RISK_FACTORS,form10-q3q19.htm,R1_genuinely_absent_from_toc,12,0,0,True,none,,,,,,,,,57397,,False,False,,,,,False,
0001390777-21-000046,1390777,Bank of New York Mellon Corp,financials,core,10-Q,2021-05-06,RISK_FACTORS,bk-20210331.htm,R1_genuinely_absent_from_toc,6,0,0,True,none,,,,,,,,,54193,,False,False,,,,,False,
0001390777-21-000070,1390777,Bank of New York Mellon Corp,financials,core,10-Q,2021-08-05,RISK_FACTORS,bk-20210630.htm,R1_genuinely_absent_from_toc,6,0,0,True,none,,,,,,,,,59603,,False,False,,,,,False,
0001390777-21-000095,1390777,Bank of New York Mellon Corp,financials,core,10-Q,2021-11-05,RISK_FACTORS,bk-20210930.htm,R1_genuinely_absent_from_toc,6,0,0,True,none,,,,,,,,,58871,,False,False,,,,,False,
0001390777-22-000049,1390777,Bank of New York Mellon Corp,financials,core,10-Q,2022-05-06,RISK_FACTORS,bk-20220331.htm,R1_genuinely_absent_from_toc,6,0,0,True,none,,,,,,,,,52859,,False,False,,,,,False,
0001390777-22-000075,1390777,Bank of New York Mellon Corp,financials,core,10-Q,2022-08-05,RISK_FACTORS,bk-20220630.htm,R1_genuinely_absent_from_toc,6,0,0,True,none,,,,,,,,,58307,,False,False,,,,,False,
0001390777-22-000101,1390777,Bank of New York Mellon Corp,financials,core,10-Q,2022-11-07,RISK_FACTORS,bk-20220930.htm,R1_genuinely_absent_from_toc,6,0,0,True,none,,,,,,,,,60700,,False,False,,,,,False,
0001390777-23-000046,1390777,Bank of New York Mellon Corp,financials,core,10-Q,2023-05-05,RISK_FACTORS,bk-20230331.htm,R1_genuinely_absent_from_toc,10,0,0,True,none,,,,,,,,,52858,,False,False,,,,,False,
0001390777-23-000081,1390777,Bank of New York Mellon Corp,financials,core,10-Q,2023-08-04,RISK_FACTORS,bk-20230630.htm,R1_genuinely_absent_from_toc,12,0,0,True,none,,,,,,,,,58655,,False,False,,,,,False,
0001390777-23-000103,1390777,Bank of New York Mellon Corp,financials,core,10-Q,2023-11-03,RISK_FACTORS,bk-20230930.htm,R1_genuinely_absent_from_toc,12,0,0,True,none,,,,,,,,,59702,,False,False,,,,,False,
0001390777-24-000075,1390777,Bank of New York Mellon Corp,financials,core,10-Q,2024-05-03,RISK_FACTORS,bk-20240331.htm,R1_genuinely_absent_from_toc,14,0,0,True,none,,,,,,,,,55305,,False,False,,,,,False,
0001390777-24-000105,1390777,Bank of New York Mellon Corp,financials,core,10-Q,2024-08-02,RISK_FACTORS,bk-20240630.htm,R1_genuinely_absent_from_toc,14,0,0,True,none,,,,,,,,,60584,,False,False,,,,,False,
0001390777-24-000133,1390777,Bank of New York Mellon Corp,financials,core,10-Q,2024-11-01,RISK_FACTORS,bk-20240930.htm,R1_genuinely_absent_from_toc,14,0,0,True,none,,,,,,,,,60385,,False,False,,,,,False,
0001390777-25-000084,1390777,Bank of New York Mellon Corp,financials,core,10-Q,2025-05-02,RISK_FACTORS,bk-20250331.htm,R1_genuinely_absent_from_toc,14,0,0,True,none,,,,,,,,,53291,,False,False,,,,,False,
0001390777-25-000118,1390777,Bank of New York Mellon Corp,financials,core,10-Q,2025-08-01,RISK_FACTORS,bk-20250630.htm,R1_genuinely_absent_from_toc,14,0,0,True,none,,,,,,,,,58241,,False,False,,,,,False,
0001390777-25-000159,1390777,Bank of New York Mellon Corp,financials,core,10-Q,2025-10-31,RISK_FACTORS,bk-20250930.htm,R1_genuinely_absent_from_toc,14,0,0,True,none,,,,,,,,,58210,,False,False,,,,,False,
0001390777-26-000060,1390777,Bank of New York Mellon Corp,financials,core,10-Q,2026-05-01,RISK_FACTORS,bk-20260331.htm,R1_genuinely_absent_from_toc,14,0,0,True,none,,,,,,,,,50019,,False,False,,,,,False,
0001390777-26-000086,1390777,Bank of New York Mellon Corp,financials,core,10-Q,2026-07-31,RISK_FACTORS,bk-20260630.htm,R1_genuinely_absent_from_toc,14,0,0,True,none,,,,,,,,,54494,,False,False,,,,,False,
0001193125-15-283171,1364742,"BlackRock Finance, Inc.",financials,core,10-Q,2015-08-07,RISK_FACTORS,d14172d10q.htm,R1_genuinely_absent_from_toc,7,0,0,True,none,,,,,,,,,32804,,False,False,,,,,False,
0001564590-15-009883,1364742,"BlackRock Finance, Inc.",financials,core,10-Q,2015-11-06,RISK_FACTORS,blk-10q_20150930.htm,R1_genuinely_absent_from_toc,7,0,0,True,none,,,,,,,,,33495,,False,False,,,,,False,
0001564590-16-018688,1364742,"BlackRock Finance, Inc.",financials,core,10-Q,2016-05-10,RISK_FACTORS,blk-10q_20160331.htm,R1_genuinely_absent_from_toc,7,0,0,True,none,,,,,,,,,27623,,False,False,,,,,False,
0001564590-16-023209,1364742,"BlackRock Finance, Inc.",financials,core,10-Q,2016-08-08,RISK_FACTORS,blk-10q_20160630.htm,R1_genuinely_absent_from_toc,7,0,0,True,none,,,,,,,,,31857,,False,False,,,,,False,
0001564590-16-028171,1364742,"BlackRock Finance, Inc.",financials,core,10-Q,2016-11-08,RISK_FACTORS,blk-10q_20160930.htm,R1_genuinely_absent_from_toc,7,0,0,True,none,,,,,,,,,32577,,False,False,,,,,False,
0001564590-17-009686,1364742,"BlackRock Finance, Inc.",financials,core,10-Q,2017-05-09,RISK_FACTORS,blk-10q_20170331.htm,R1_genuinely_absent_from_toc,7,0,0,True,none,,,,,,,,,28509,,False,False,,,,,False,
0001564590-17-016394,1364742,"BlackRock Finance, Inc.",financials,core,10-Q,2017-08-08,RISK_FACTORS,blk-10q_20170630.htm,R1_genuinely_absent_from_toc,7,0,0,True,none,,,,,,,,,32523,,False,False,,,,,False,
0001564590-17-022570,1364742,"BlackRock Finance, Inc.",financials,core,10-Q,2017-11-08,RISK_FACTORS,blk-10q_20170930.htm,R1_genuinely_absent_from_toc,7,0,0,True,none,,,,,,,,,32678,,False,False,,,,,False,
0001564590-18-012320,1364742,"BlackRock Finance, Inc.",financials,core,10-Q,2018-05-09,RISK_FACTORS,blk-10q_20180331.htm,R1_genuinely_absent_from_toc,7,0,0,True,none,,,,,,,,,31855,,False,False,,,,,False,
0001564590-18-020313,1364742,"BlackRock Finance, Inc.",financials,core,10-Q,2018-08-08,RISK_FACTORS,blk-10q_20180630.htm,R1_genuinely_absent_from_toc,7,0,0,True,none,,,,,,,,,34772,,False,False,,,,,False,
0001564590-18-028881,1364742,"BlackRock Finance, Inc.",financials,core,10-Q,2018-11-09,RISK_FACTORS,blk-10q_20180930.htm,R1_genuinely_absent_from_toc,7,0,0,True,none,,,,,,,,,36718,,False,False,,,,,False,
0001564590-19-017793,1364742,"BlackRock Finance, Inc.",financials,core,10-Q,2019-05-09,RISK_FACTORS,blk-10q_20190331.htm,R1_genuinely_absent_from_toc,7,0,0,True,none,,,,,,,,,30015,,False,False,,,,,False,
0001564590-19-030654,1364742,"BlackRock Finance, Inc.",financials,core,10-Q,2019-08-08,RISK_FACTORS,blk-10q_20190630.htm,R1_genuinely_absent_from_toc,8,0,0,True,none,,,,,,,,,35357,,False,False,,,,,False,
0001564590-19-042157,1364742,"BlackRock Finance, Inc.",financials,core,10-Q,2019-11-08,RISK_FACTORS,blk-10q_20190930.htm,R1_genuinely_absent_from_toc,7,0,0,True,none,,,,,,,,,35261,,False,False,,,,,False,
0000018230-15-000266,18230,CATERPILLAR INC,industrials,extension,10-Q,2015-07-31,RISK_FACTORS,cat_10qx6302015.htm,R1_genuinely_absent_from_toc,21,0,0,True,none,,,,,,,268.0,0.0,45898,,False,False,,,,,False,
0000018230-15-000324,18230,CATERPILLAR INC,industrials,extension,10-Q,2015-10-30,RISK_FACTORS,cat_10qx9302015.htm,R1_genuinely_absent_from_toc,21,0,0,True,none,,,,,,,268.0,0.0,43664,,False,False,,,,,False,
0000018230-16-000512,18230,CATERPILLAR INC,industrials,extension,10-Q,2016-05-02,RISK_FACTORS,cat_10qx3312016.htm,R1_genuinely_absent_from_toc,21,0,0,True,none,,,,,,,268.0,0.0,36158,,False,False,,,,,False,
0000018230-16-000630,18230,CATERPILLAR INC,industrials,extension,10-Q,2016-08-03,RISK_FACTORS,cat_10qx6302016.htm,R1_genuinely_absent_from_toc,21,0,0,True,none,,,,,,,268.0,0.0,44370,,False,False,,,,,False,
0000018230-16-000715,18230,CATERPILLAR INC,industrials,extension,10-Q,2016-11-02,RISK_FACTORS,cat_10qx9302016.htm,R1_genuinely_absent_from_toc,21,0,0,True,none,,,,,,,268.0,0.0,46335,,False,False,,,,,False,
0000018230-17-000145,18230,CATERPILLAR INC,industrials,extension,10-Q,2017-05-03,RISK_FACTORS,cat_10qx3312017.htm,R1_genuinely_absent_from_toc,21,0,0,True,none,,,,,,,,,34946,,False,False,,,,,False,
0000018230-17-000245,18230,CATERPILLAR INC,industrials,extension,10-Q,2017-08-02,RISK_FACTORS,cat_10qx6302017.htm,R1_genuinely_absent_from_toc,21,0,0,True,none,,,,,,,,,42644,,False,False,,,,,False,
0000018230-17-000305,18230,CATERPILLAR INC,industrials,extension,10-Q,2017-11-01,RISK_FACTORS,cat_10qx9302017.htm,R1_genuinely_absent_from_toc,21,0,0,True,none,,,,,,,,,43965,,False,False,,,,,False,
0000018230-18-000136,18230,CATERPILLAR INC,industrials,extension,10-Q,2018-05-02,RISK_FACTORS,cat_10qx3312018.htm,R1_genuinely_absent_from_toc,21,0,0,True,none,,,,,,,,,36099,,False,False,,,,,False,
0000018230-18-000229,18230,CATERPILLAR INC,industrials,extension,10-Q,2018-08-07,RISK_FACTORS,cat_10qx6302018.htm,R1_genuinely_absent_from_toc,21,0,0,True,none,,,,,,,,,43675,,False,False,,,,,False,
0000018230-18-000293,18230,CATERPILLAR INC,industrials,extension,10-Q,2018-10-31,RISK_FACTORS,cat_10qx9302018.htm,R1_genuinely_absent_from_toc,21,0,0,True,none,,,,,,,,,45523,,False,False,,,,,False,
0000018230-19-000153,18230,CATERPILLAR INC,industrials,extension,10-Q,2019-05-06,RISK_FACTORS,cat_10qx3312019.htm,R1_genuinely_absent_from_toc,21,0,0,True,none,,,,,,,,,33475,,False,False,,,,,False,
0000018230-19-000224,18230,CATERPILLAR INC,industrials,extension,10-Q,2019-08-01,RISK_FACTORS,cat10q6302019.htm,R1_genuinely_absent_from_toc,21,0,0,True,none,,,,,,,,,40882,,False,False,,,,,False,
0000018230-19-000281,18230,CATERPILLAR INC,industrials,extension,10-Q,2019-10-31,RISK_FACTORS,cat10q9302019.htm,R1_genuinely_absent_from_toc,21,0,0,True,none,,,,,,,,,42163,,False,False,,,,,False,
0000804753-15-000036,804753,CERNER Corp,tech,core,10-Q,2015-08-05,RISK_FACTORS,q2201510-q.htm,R1_genuinely_absent_from_toc,10,0,0,True,none,,,,,,,,,15543,,False,False,,,,,False,
0000804753-15-000050,804753,CERNER Corp,tech,core,10-Q,2015-11-04,RISK_FACTORS,q3201510-q.htm,R1_genuinely_absent_from_toc,10,0,0,True,none,,,,,,,,,16125,,False,False,,,,,False,
0000804753-16-000074,804753,CERNER Corp,tech,core,10-Q,2016-05-06,RISK_FACTORS,q1201610-q.htm,R1_genuinely_absent_from_toc,10,0,0,True,none,,,,,,,,,11959,,False,False,,,,,False,
0000804753-16-000086,804753,CERNER Corp,tech,core,10-Q,2016-08-03,RISK_FACTORS,q2201610-q.htm,R1_genuinely_absent_from_toc,10,0,0,True,none,,,,,,,,,13621,,False,False,,,,,False,
0000804753-16-000092,804753,CERNER Corp,tech,core,10-Q,2016-11-02,RISK_FACTORS,q3201610-q.htm,R1_genuinely_absent_from_toc,10,0,0,True,none,,,,,,,,,14101,,False,False,,,,,False,
0000804753-17-000016,804753,CERNER Corp,tech,core,10-Q,2017-04-28,RISK_FACTORS,q1201710-q.htm,R1_genuinely_absent_from_toc,10,0,0,True,none,,,,,,,,,12579,,False,False,,,,,False,
0000804753-17-000029,804753,CERNER Corp,tech,core,10-Q,2017-07-28,RISK_FACTORS,q2201710-q.htm,R1_genuinely_absent_from_toc,10,0,0,True,none,,,,,,,,,14549,,False,False,,,,,False,
0000804753-17-000039,804753,CERNER Corp,tech,core,10-Q,2017-10-27,RISK_FACTORS,q3201710-q.htm,R1_genuinely_absent_from_toc,10,0,0,True,none,,,,,,,,,15523,,False,False,,,,,False,
0000804753-18-000018,804753,CERNER Corp,tech,core,10-Q,2018-05-03,RISK_FACTORS,q1201810-q.htm,R1_genuinely_absent_from_toc,10,0,0,True,none,,,,,,,,,13106,,False,False,,,,,False,
0000804753-18-000033,804753,CERNER Corp,tech,core,10-Q,2018-08-03,RISK_FACTORS,q2201810-q.htm,R1_genuinely_absent_from_toc,10,0,0,True,none,,,,,,,,,15216,,False,False,,,,,False,
0000804753-18-000039,804753,CERNER Corp,tech,core,10-Q,2018-10-26,RISK_FACTORS,q3201810-q.htm,R1_genuinely_absent_from_toc,10,0,0,True,none,,,,,,,,,16246,,False,False,,,,,False,
0000804753-21-000026,804753,CERNER Corp,tech,core,10-Q,2021-05-05,RISK_FACTORS,cern-20210331.htm,R1_genuinely_absent_from_toc,12,0,0,True,none,,,,,,,,,14990,,False,False,,,,,False,
0000804753-21-000043,804753,CERNER Corp,tech,core,10-Q,2021-07-30,RISK_FACTORS,cern-20210630.htm,R1_genuinely_absent_from_toc,12,0,0,True,none,,,,,,,,,18978,,False,False,,,,,False,
0000804753-21-000052,804753,CERNER Corp,tech,core,10-Q,2021-10-29,RISK_FACTORS,cern-20210930.htm,R1_genuinely_absent_from_toc,12,0,0,True,none,,,,,,,,,19271,,False,False,,,,,False,
0000804753-22-000024,804753,CERNER Corp,tech,core,10-Q,2022-05-03,RISK_FACTORS,cern-20220331.htm,R1_genuinely_absent_from_toc,10,0,0,True,none,,,,,,,,,12904,,False,False,,,,,False,
0000064803-15-000054,64803,CVS HEALTH Corp,consumer,core,10-Q,2015-08-04,RISK_FACTORS,cvs20150630-10q.htm,R1_genuinely_absent_from_toc,18,0,0,True,none,,,,,,,559.0,0.0,20363,,False,False,,,,,False,
0000064803-15-000064,64803,CVS HEALTH Corp,consumer,core,10-Q,2015-10-30,RISK_FACTORS,cvs20150930-10q.htm,R1_genuinely_absent_from_toc,18,0,0,True,none,,,,,,,,,23709,,False,False,,,,,False,
0000064803-16-000080,64803,CVS HEALTH Corp,consumer,core,10-Q,2016-05-03,RISK_FACTORS,cvs20160331-10q.htm,R1_genuinely_absent_from_toc,18,0,0,True,none,,,,,,,,,19063,,False,False,,,,,False,
0000064803-16-000090,64803,CVS HEALTH Corp,consumer,core,10-Q,2016-08-02,RISK_FACTORS,cvs20160630-10q.htm,R1_genuinely_absent_from_toc,18,0,0,True,none,,,,,,,,,22076,,False,False,,,,,False,
0000064803-16-000097,64803,CVS HEALTH Corp,consumer,core,10-Q,2016-11-08,RISK_FACTORS,cvs20160930-10q.htm,R1_genuinely_absent_from_toc,18,0,0,True,none,,,,,,,,,23569,,False,False,,,,,False,
0001558370-17-003258,64803,CVS HEALTH Corp,consumer,core,10-Q,2017-05-02,RISK_FACTORS,cvs-20170331x10q.htm,R1_genuinely_absent_from_toc,14,0,0,True,none,,,,,,,,,19885,,False,False,,,,,False,
0001558370-17-006198,64803,CVS HEALTH Corp,consumer,core,10-Q,2017-08-08,RISK_FACTORS,cvs-20170630x10q.htm,R1_genuinely_absent_from_toc,14,0,0,True,none,,,,,,,,,22837,,False,False,,,,,False,
0001558370-17-008250,64803,CVS HEALTH Corp,consumer,core,10-Q,2017-11-06,RISK_FACTORS,cvs-20170930x10q.htm,R1_genuinely_absent_from_toc,14,0,0,True,none,,,,,,,,,23882,,False,False,,,,,False,
0001558370-18-003777,64803,CVS HEALTH Corp,consumer,core,10-Q,2018-05-02,RISK_FACTORS,cvs-20180331x10q.htm,R1_genuinely_absent_from_toc,14,0,0,True,none,,,,,,,,,25311,,False,False,,,,,False,
0001558370-18-006683,64803,CVS HEALTH Corp,consumer,core,10-Q,2018-08-08,RISK_FACTORS,cvs-20180630x10q.htm,R1_genuinely_absent_from_toc,14,0,0,True,none,,,,,,,,,27569,,False,False,,,,,False,
0001558370-18-008642,64803,CVS HEALTH Corp,consumer,core,10-Q,2018-11-06,RISK_FACTORS,cvs-20180930x10q.htm,R1_genuinely_absent_from_toc,14,0,0,True,none,,,,,,,,,27822,,False,False,,,,,False,
0001104659-19-026396,1739940,Cigna Group,healthcare,core,10-Q,2019-05-02,RISK_FACTORS,a19-9011_110q.htm,R1_genuinely_absent_from_toc,54,0,0,True,none,,,,,,,25.0,0.0,31252,,False,False,,,,,False,
0001739940-20-000012,1739940,Cigna Group,healthcare,core,10-Q,2020-05-07,RISK_FACTORS,ci-20200331.htm,R1_genuinely_absent_from_toc,81,0,0,True,none,,,,,,,876.0,0.0,33483,,False,False,,,,,False,
0001739940-20-000017,1739940,Cigna Group,healthcare,core,10-Q,2020-08-06,RISK_FACTORS,ci-20200630.htm,R1_genuinely_absent_from_toc,76,0,0,True,none,,,,,,,85.0,0.0,35667,,False,False,,,,,False,
0001739940-20-000021,1739940,Cigna Group,healthcare,core,10-Q,2020-11-05,RISK_FACTORS,ci-20200930.htm,R1_genuinely_absent_from_toc,77,0,0,True,none,,,,,,,84.0,0.0,36390,,False,False,,,,,False,
0001739940-21-000011,1739940,Cigna Group,healthcare,core,10-Q,2021-05-07,RISK_FACTORS,ci-20210331.htm,R1_genuinely_absent_from_toc,71,0,0,True,none,,,,,,,46.0,0.0,27872,,False,False,,,,,False,
0001739940-21-000017,1739940,Cigna Group,healthcare,core,10-Q,2021-08-05,RISK_FACTORS,ci-20210630.htm,R1_genuinely_absent_from_toc,71,0,0,True,none,,,,,,,47.0,0.0,28982,,False,False,,,,,False,
0001739940-21-000024,1739940,Cigna Group,healthcare,core,10-Q,2021-11-04,RISK_FACTORS,ci-20210930.htm,R1_genuinely_absent_from_toc,73,0,0,True,none,,,,,,,46.0,0.0,31148,,False,False,,,,,False,
0001739940-22-000012,1739940,Cigna Group,healthcare,core,10-Q,2022-05-06,RISK_FACTORS,ci-20220331.htm,R1_genuinely_absent_from_toc,85,0,0,True,none,,,,,,,47.0,0.0,25478,,False,False,,,,,False,
0001104659-15-054796,701221,Cigna Holding Co,healthcare,core,10-Q,2015-07-30,RISK_FACTORS,a15-12152_110q.htm,R1_genuinely_absent_from_toc,20,0,0,True,none,,,,,,,424.0,0.0,32665,,False,False,,,,,False,
0001104659-15-076424,701221,Cigna Holding Co,healthcare,core,10-Q,2015-11-06,RISK_FACTORS,a15-18040_110q.htm,R1_genuinely_absent_from_toc,20,0,0,True,none,,,,,,,424.0,0.0,34201,,False,False,,,,,False,
0001104659-16-118534,701221,Cigna Holding Co,healthcare,core,10-Q,2016-05-06,RISK_FACTORS,a16-6644_110q.htm,R1_genuinely_absent_from_toc,20,0,0,True,none,,,,,,,29.0,0.0,30640,,False,False,,,,,False,
0001104659-16-135285,701221,Cigna Holding Co,healthcare,core,10-Q,2016-07-29,RISK_FACTORS,a16-11559_110q.htm,R1_genuinely_absent_from_toc,20,0,0,True,none,,,,,,,29.0,0.0,34590,,False,False,,,,,False,
0001104659-16-154504,701221,Cigna Holding Co,healthcare,core,10-Q,2016-11-03,RISK_FACTORS,a16-17168_110q.htm,R1_genuinely_absent_from_toc,20,0,0,True,none,,,,,,,29.0,0.0,36733,,False,False,,,,,False,
0001104659-17-030101,701221,Cigna Holding Co,healthcare,core,10-Q,2017-05-05,RISK_FACTORS,a17-8864_110q.htm,R1_genuinely_absent_from_toc,54,0,0,True,none,,,,,,,29.0,0.0,33002,,False,False,,,,,False,
0001104659-17-049513,701221,Cigna Holding Co,healthcare,core,10-Q,2017-08-04,RISK_FACTORS,a17-13325_110q.htm,R1_genuinely_absent_from_toc,54,0,0,True,none,,,,,,,29.0,0.0,34480,,False,False,,,,,False,
0001104659-17-065484,701221,Cigna Holding Co,healthcare,core,10-Q,2017-11-02,RISK_FACTORS,a17-20609_110q.htm,R1_genuinely_absent_from_toc,54,0,0,True,none,,,,,,,29.0,0.0,34736,,False,False,,,,,False,
0001104659-18-030187,701221,Cigna Holding Co,healthcare,core,10-Q,2018-05-03,RISK_FACTORS,a18-8638_110q.htm,R1_genuinely_absent_from_toc,52,0,0,True,none,,,,,,,3080.0,0.0,35262,,False,False,,,,,False,
0001104659-18-049062,701221,Cigna Holding Co,healthcare,core,10-Q,2018-08-02,RISK_FACTORS,a18-14066_110q.htm,R1_genuinely_absent_from_toc,52,0,0,True,none,,,,,,,3080.0,0.0,37916,,False,False,,,,,False,
0001104659-18-065339,701221,Cigna Holding Co,healthcare,core,10-Q,2018-11-01,RISK_FACTORS,a18-19010_110q.htm,R1_genuinely_absent_from_toc,52,0,0,True,none,,,,,,,3070.0,0.0,38737,,False,False,,,,,False,
0000821189-15-000033,821189,EOG RESOURCES INC,energy,core,10-Q,2015-08-06,RISK_FACTORS,a2015063010-q.htm,R1_genuinely_absent_from_toc,14,0,0,True,none,,,,,,,,,15819,,False,False,,,,,False,
0000821189-15-000046,821189,EOG RESOURCES INC,energy,core,10-Q,2015-11-05,RISK_FACTORS,a2015093010-q.htm,R1_genuinely_absent_from_toc,14,0,0,True,none,,,,,,,,,17168,,False,False,,,,,False,
0000821189-16-000067,821189,EOG RESOURCES INC,energy,core,10-Q,2016-05-05,RISK_FACTORS,a2016033110-q.htm,R1_genuinely_absent_from_toc,14,0,0,True,none,,,,,,,,,13195,,False,False,,,,,False,
0000821189-16-000077,821189,EOG RESOURCES INC,energy,core,10-Q,2016-08-04,RISK_FACTORS,a2016063010-q.htm,R1_genuinely_absent_from_toc,14,0,0,True,none,,,,,,,,,15348,,False,False,,,,,False,
0000821189-16-000089,821189,EOG RESOURCES INC,energy,core,10-Q,2016-11-03,RISK_FACTORS,a2016093010-q.htm,R1_genuinely_absent_from_toc,14,0,0,True,none,,,,,,,,,17611,,False,False,,,,,False,
0000821189-17-000029,821189,EOG RESOURCES INC,energy,core,10-Q,2017-05-08,RISK_FACTORS,a2017033110-q.htm,R1_genuinely_absent_from_toc,14,0,0,True,none,,,,,,,,,15046,,False,False,,,,,False,
0000821189-17-000038,821189,EOG RESOURCES INC,energy,core,10-Q,2017-08-01,RISK_FACTORS,a2017063010-q.htm,R1_genuinely_absent_from_toc,14,0,0,True,none,,,,,,,,,18078,,False,False,,,,,False,
0000821189-17-000054,821189,EOG RESOURCES INC,energy,core,10-Q,2017-11-02,RISK_FACTORS,a2017093010-q.htm,R1_genuinely_absent_from_toc,14,0,0,True,none,,,,,,,,,18612,,False,False,,,,,False,
0000821189-18-000025,821189,EOG RESOURCES INC,energy,core,10-Q,2018-05-03,RISK_FACTORS,a2018033110-q.htm,R1_genuinely_absent_from_toc,14,0,0,True,none,,,,,,,,,14873,,False,False,,,,,False,
0000821189-18-000034,821189,EOG RESOURCES INC,energy,core,10-Q,2018-08-02,RISK_FACTORS,a2018063010-q.htm,R1_genuinely_absent_from_toc,14,0,0,True,none,,,,,,,,,17834,,False,False,,,,,False,
0000821189-18-000044,821189,EOG RESOURCES INC,energy,core,10-Q,2018-11-01,RISK_FACTORS,a2018093010-q.htm,R1_genuinely_absent_from_toc,14,0,0,True,none,,,,,,,,,18225,,False,False,,,,,False,
0000821189-19-000020,821189,EOG RESOURCES INC,energy,core,10-Q,2019-05-02,RISK_FACTORS,a2019033110-q.htm,R1_genuinely_absent_from_toc,16,0,0,True,none,,,,,,,,,15245,,False,False,,,,,False,
0000821189-19-000030,821189,EOG RESOURCES INC,energy,core,10-Q,2019-08-01,RISK_FACTORS,a2019063010-q.htm,R1_genuinely_absent_from_toc,14,0,0,True,none,,,,,,,,,17590,,False,False,,,,,False,
0000821189-19-000039,821189,EOG RESOURCES INC,energy,core,10-Q,2019-11-06,RISK_FACTORS,a2019093010-q.htm,R1_genuinely_absent_from_toc,14,0,0,True,none,,,,,,,,,18498,,False,False,,,,,False,
0000821189-21-000047,821189,EOG RESOURCES INC,energy,core,10-Q,2021-05-06,RISK_FACTORS,eog-20210331.htm,R1_genuinely_absent_from_toc,14,0,0,True,none,,,,,,,,,16154,,False,False,,,,,False,
0000821189-21-000075,821189,EOG RESOURCES INC,energy,core,10-Q,2021-08-04,RISK_FACTORS,eog-20210630.htm,R1_genuinely_absent_from_toc,14,0,0,True,none,,,,,,,,,19189,,False,False,,,,,False,
0000821189-21-000089,821189,EOG RESOURCES INC,energy,core,10-Q,2021-11-04,RISK_FACTORS,eog-20210930.htm,R1_genuinely_absent_from_toc,14,0,0,True,none,,,,,,,,,20245,,False,False,,,,,False,
0000821189-22-000028,821189,EOG RESOURCES INC,energy,core,10-Q,2022-05-05,RISK_FACTORS,eog-20220331.htm,R1_genuinely_absent_from_toc,14,0,0,True,none,,,,,,,,,16419,,False,False,,,,,False,
0000821189-22-000041,821189,EOG RESOURCES INC,energy,core,10-Q,2022-08-04,RISK_FACTORS,eog-20220630.htm,R1_genuinely_absent_from_toc,14,0,0,True,none,,,,,,,,,19530,,False,False,,,,,False,
0000821189-22-000056,821189,EOG RESOURCES INC,energy,core,10-Q,2022-11-03,RISK_FACTORS,eog-20220930.htm,R1_genuinely_absent_from_toc,16,0,0,True,none,,,,,,,,,21287,,False,False,,,,,False,
0000821189-23-000024,821189,EOG RESOURCES INC,energy,core,10-Q,2023-05-04,RISK_FACTORS,eog-20230331.htm,R1_genuinely_absent_from_toc,12,0,0,True,none,,,,,,,1071.0,0.0,17350,,False,False,,,,,False,
0000821189-23-000040,821189,EOG RESOURCES INC,energy,core,10-Q,2023-08-03,RISK_FACTORS,eog-20230630.htm,R1_genuinely_absent_from_toc,14,0,0,True,none,,,,,,,9246.0,0.0,20129,,False,False,,,,,False,
0000821189-23-000051,821189,EOG RESOURCES INC,energy,core,10-Q,2023-11-02,RISK_FACTORS,eog-20230930.htm,R1_genuinely_absent_from_toc,14,0,0,True,none,,,,,,,49.0,0.0,20517,,False,False,,,,,False,
0000821189-24-000021,821189,EOG RESOURCES INC,energy,core,10-Q,2024-05-02,RISK_FACTORS,eog-20240331.htm,R1_genuinely_absent_from_toc,14,0,0,True,none,,,,,,,7019.0,0.0,16673,,False,False,,,,,False,
0000821189-24-000031,821189,EOG RESOURCES INC,energy,core,10-Q,2024-08-01,RISK_FACTORS,eog-20240630.htm,R1_genuinely_absent_from_toc,14,0,0,True,none,,,,,,,8711.0,0.0,19181,,False,False,,,,,False,
0000821189-24-000049,821189,EOG RESOURCES INC,energy,core,10-Q,2024-11-07,RISK_FACTORS,eog-20240930.htm,R1_genuinely_absent_from_toc,13,0,0,True,none,,,,,,,,,19867,,False,False,,,,,False,
0000821189-25-000022,821189,EOG RESOURCES INC,energy,core,10-Q,2025-05-01,RISK_FACTORS,eog-20250331.htm,R1_genuinely_absent_from_toc,13,0,0,True,none,,,,,,,,,15888,,False,False,,,,,False,
0000821189-25-000070,821189,EOG RESOURCES INC,energy,core,10-Q,2025-08-07,RISK_FACTORS,eog-20250630.htm,R1_genuinely_absent_from_toc,13,0,0,True,none,,,,,,,,,20539,,False,False,,,,,False,
0000821189-25-000131,821189,EOG RESOURCES INC,energy,core,10-Q,2025-11-06,RISK_FACTORS,eog-20250930.htm,R1_genuinely_absent_from_toc,13,0,0,True,none,,,,,,,,,21740,,False,False,,,,,False,
0000821189-26-000104,821189,EOG RESOURCES INC,energy,core,10-Q,2026-05-05,RISK_FACTORS,eog-20260331.htm,R1_genuinely_absent_from_toc,13,0,0,True,none,,,,,,,,,16726,,False,False,,,,,False,
0000821189-26-000149,821189,EOG RESOURCES INC,energy,core,10-Q,2026-08-04,RISK_FACTORS,eog-20260630.htm,R1_genuinely_absent_from_toc,13,0,0,True,none,,,,,,,,,20082,,False,False,,,,,False,
0001104659-15-074840,1001250,ESTEE LAUDER COMPANIES INC,consumer,core,10-Q,2015-11-02,RISK_FACTORS,a15-19200_110q.htm,R1_genuinely_absent_from_toc,7,0,0,True,none,,,,,,,,,20306,,False,False,,,,,False,
0001104659-16-094265,1001250,ESTEE LAUDER COMPANIES INC,consumer,core,10-Q,2016-02-05,RISK_FACTORS,a15-23972_110q.htm,R1_genuinely_absent_from_toc,8,0,0,True,none,,,,,,,,,24814,,False,False,,,,,False,
0001104659-16-117119,1001250,ESTEE LAUDER COMPANIES INC,consumer,core,10-Q,2016-05-03,RISK_FACTORS,a16-5365_110q.htm,R1_genuinely_absent_from_toc,7,0,0,True,none,,,,,,,,,26691,,False,False,,,,,False,
0001104659-16-154197,1001250,ESTEE LAUDER COMPANIES INC,consumer,core,10-Q,2016-11-02,RISK_FACTORS,a16-17860_110q.htm,R1_genuinely_absent_from_toc,8,0,0,True,none,,,,,,,,,21489,,False,False,,,,,False,
0001104659-17-006054,1001250,ESTEE LAUDER COMPANIES INC,consumer,core,10-Q,2017-02-02,RISK_FACTORS,a16-22889_110q.htm,R1_genuinely_absent_from_toc,7,0,0,True,none,,,,,,,,,26625,,False,False,,,,,False,
0001104659-17-029271,1001250,ESTEE LAUDER COMPANIES INC,consumer,core,10-Q,2017-05-03,RISK_FACTORS,a17-7355_110q.htm,R1_genuinely_absent_from_toc,7,0,0,True,none,,,,,,,,,26480,,False,False,,,,,False,
0001104659-17-065144,1001250,ESTEE LAUDER COMPANIES INC,consumer,core,10-Q,2017-11-01,RISK_FACTORS,a17-21413_110q.htm,R1_genuinely_absent_from_toc,7,0,0,True,none,,,,,,,,,21540,,False,False,,,,,False,
0001104659-18-006059,1001250,ESTEE LAUDER COMPANIES INC,consumer,core,10-Q,2018-02-02,RISK_FACTORS,a17-27582_110q.htm,R1_genuinely_absent_from_toc,7,0,0,True,none,,,,,,,,,25559,,False,False,,,,,False,
0001104659-18-029710,1001250,ESTEE LAUDER COMPANIES INC,consumer,core,10-Q,2018-05-02,RISK_FACTORS,a18-8697_110q.htm,R1_genuinely_absent_from_toc,7,0,0,True,none,,,,,,,,,26612,,False,False,,,,,False,
0001104659-18-065017,1001250,ESTEE LAUDER COMPANIES INC,consumer,core,10-Q,2018-10-31,RISK_FACTORS,a18-30065_110q.htm,R1_genuinely_absent_from_toc,7,0,0,True,none,,,,,,,,,24888,,False,False,,,,,False,
0001104659-19-005765,1001250,ESTEE LAUDER COMPANIES INC,consumer,core,10-Q,2019-02-05,RISK_FACTORS,a18-41566_110q.htm,R1_genuinely_absent_from_toc,7,0,0,True,none,,,,,,,,,29178,,False,False,,,,,False,
0001104659-19-025836,1001250,ESTEE LAUDER COMPANIES INC,consumer,core,10-Q,2019-05-01,RISK_FACTORS,a19-7309_110q.htm,R1_genuinely_absent_from_toc,7,0,0,True,none,,,,,,,,,30941,,False,False,,,,,False,
0001104659-19-058209,1001250,ESTEE LAUDER COMPANIES INC,consumer,core,10-Q,2019-10-31,RISK_FACTORS,el-20190930x10q815441.htm,R1_genuinely_absent_from_toc,7,0,0,True,none,,,,,,,,,21589,,False,False,,,,,False,
0001104659-20-011857,1001250,ESTEE LAUDER COMPANIES INC,consumer,core,10-Q,2020-02-06,RISK_FACTORS,el-20191231x10qd9aa32.htm,R1_genuinely_absent_from_toc,7,0,0,True,none,,,,,,,,,29355,,False,False,,,,,False,
0001001250-20-000033,1001250,ESTEE LAUDER COMPANIES INC,consumer,core,10-Q,2020-05-01,RISK_FACTORS,el-20200331.htm,R1_genuinely_absent_from_toc,13,0,0,True,none,,,,,,,,,33880,,False,False,,,,,False,
0001001250-20-000107,1001250,ESTEE LAUDER COMPANIES INC,consumer,core,10-Q,2020-11-02,RISK_FACTORS,el-20200930.htm,R1_genuinely_absent_from_toc,13,0,0,True,none,,,,,,,,,23129,,False,False,,,,,False,
0001001250-21-000010,1001250,ESTEE LAUDER COMPANIES INC,consumer,core,10-Q,2021-02-05,RISK_FACTORS,el-20201231.htm,R1_genuinely_absent_from_toc,13,0,0,True,none,,,,,,,,,29431,,False,False,,,,,False,
0001001250-21-000062,1001250,ESTEE LAUDER COMPANIES INC,consumer,core,10-Q,2021-05-03,RISK_FACTORS,el-20210331.htm,R1_genuinely_absent_from_toc,13,0,0,True,none,,,,,,,,,33545,,False,False,,,,,False,
0001001250-21-000174,1001250,ESTEE LAUDER COMPANIES INC,consumer,core,10-Q,2021-11-02,RISK_FACTORS,el-20210930.htm,R1_genuinely_absent_from_toc,13,0,0,True,none,,,,,,,,,24647,,False,False,,,,,False,
0001001250-22-000006,1001250,ESTEE LAUDER COMPANIES INC,consumer,core,10-Q,2022-02-03,RISK_FACTORS,el-20211231.htm,R1_genuinely_absent_from_toc,13,0,0,True,none,,,,,,,,,30152,,False,False,,,,,False,
0001001250-22-000055,1001250,ESTEE LAUDER COMPANIES INC,consumer,core,10-Q,2022-05-03,RISK_FACTORS,el-20220331.htm,R1_genuinely_absent_from_toc,13,0,0,True,none,,,,,,,,,32917,,False,False,,,,,False,
0001001250-22-000182,1001250,ESTEE LAUDER COMPANIES INC,consumer,core,10-Q,2022-11-02,RISK_FACTORS,el-20220930.htm,R1_genuinely_absent_from_toc,13,0,0,True,none,,,,,,,,,23770,,False,False,,,,,False,
0001001250-23-000010,1001250,ESTEE LAUDER COMPANIES INC,consumer,core,10-Q,2023-02-02,RISK_FACTORS,el-20221231.htm,R1_genuinely_absent_from_toc,13,0,0,True,none,,,,,,,,,30238,,False,False,,,,,False,
0001001250-23-000054,1001250,ESTEE LAUDER COMPANIES INC,consumer,core,10-Q,2023-05-03,RISK_FACTORS,el-20230331.htm,R1_genuinely_absent_from_toc,13,0,0,True,none,,,,,,,,,33577,,False,False,,,,,False,
0001001250-23-000177,1001250,ESTEE LAUDER COMPANIES INC,consumer,core,10-Q,2023-11-01,RISK_FACTORS,el-20230930.htm,R1_genuinely_absent_from_toc,13,0,0,True,none,,,,,,,,,22909,,False,False,,,,,False,
0001001250-24-000007,1001250,ESTEE LAUDER COMPANIES INC,consumer,core,10-Q,2024-02-05,RISK_FACTORS,el-20231231.htm,R1_genuinely_absent_from_toc,13,0,0,True,none,,,,,,,,,31725,,False,False,,,,,False,
0001001250-24-000049,1001250,ESTEE LAUDER COMPANIES INC,consumer,core,10-Q,2024-05-01,RISK_FACTORS,el-20240331.htm,R1_genuinely_absent_from_toc,15,0,0,True,none,,,,,,,,,34220,,False,False,,,,,False,
0001001250-24-000177,1001250,ESTEE LAUDER COMPANIES INC,consumer,core,10-Q,2024-10-31,RISK_FACTORS,el-20240930.htm,R1_genuinely_absent_from_toc,15,0,0,True,none,,,,,,,,,26658,,False,False,,,,,False,
0001001250-25-000011,1001250,ESTEE LAUDER COMPANIES INC,consumer,core,10-Q,2025-02-04,RISK_FACTORS,el-20241231.htm,R1_genuinely_absent_from_toc,15,0,0,True,none,,,,,,,,,33266,,False,False,,,,,False,
0001001250-25-000060,1001250,ESTEE LAUDER COMPANIES INC,consumer,core,10-Q,2025-05-01,RISK_FACTORS,el-20250331.htm,R1_genuinely_absent_from_toc,15,0,0,True,none,,,,,,,,,34396,,False,False,,,,,False,
0001001250-25-000109,1001250,ESTEE LAUDER COMPANIES INC,consumer,core,10-Q,2025-10-30,RISK_FACTORS,el-20250930.htm,R1_genuinely_absent_from_toc,15,0,0,True,none,,,,,,,,,25543,,False,False,,,,,False,
0001001250-26-000006,1001250,ESTEE LAUDER COMPANIES INC,consumer,core,10-Q,2026-02-05,RISK_FACTORS,el-20251231.htm,R1_genuinely_absent_from_toc,15,0,0,True,none,,,,,,,,,31822,,False,False,,,,,False,
0001001250-26-000019,1001250,ESTEE LAUDER COMPANIES INC,consumer,core,10-Q,2026-05-01,RISK_FACTORS,el-20260331.htm,R1_genuinely_absent_from_toc,15,0,0,True,none,,,,,,,,,32122,,False,False,,,,,False,
0000034088-23-000030,34088,EXXON MOBIL CORP,energy,core,10-Q,2023-05-02,RISK_FACTORS,xom-20230331.htm,R1_genuinely_absent_from_toc,6,0,0,True,none,,,,,,,552.0,0.0,9435,,False,False,,,,,False,
0000034088-23-000048,34088,EXXON MOBIL CORP,energy,core,10-Q,2023-08-01,RISK_FACTORS,xom-20230630.htm,R1_genuinely_absent_from_toc,7,0,0,True,none,,,,,,,362.0,0.0,12000,,False,False,,,,,False,
0000034088-23-000056,34088,EXXON MOBIL CORP,energy,core,10-Q,2023-10-31,RISK_FACTORS,xom-20230930.htm,R1_genuinely_absent_from_toc,7,0,0,True,none,,,,,,,723.0,0.0,13554,,False,False,,,,,False,
0000034088-24-000029,34088,EXXON MOBIL CORP,energy,core,10-Q,2024-04-29,RISK_FACTORS,xom-20240331.htm,R1_genuinely_absent_from_toc,7,0,0,True,none,,,,,,,990.0,0.0,10858,,False,False,,,,,False,
0000034088-24-000050,34088,EXXON MOBIL CORP,energy,core,10-Q,2024-08-05,RISK_FACTORS,xom-20240630.htm,R1_genuinely_absent_from_toc,7,0,0,True,none,,,,,,,1018.0,0.0,13632,,False,False,,,,,False,
0000034088-24-000068,34088,EXXON MOBIL CORP,energy,core,10-Q,2024-11-04,RISK_FACTORS,xom-20240930.htm,R1_genuinely_absent_from_toc,7,0,0,True,none,,,,,,,953.0,0.0,13715,,False,False,,,,,False,
0000034088-25-000024,34088,EXXON MOBIL CORP,energy,core,10-Q,2025-05-05,RISK_FACTORS,xom-20250331.htm,R1_genuinely_absent_from_toc,7,0,0,True,none,,,,,,,749.0,0.0,12127,,False,False,,,,,False,
0000034088-25-000042,34088,EXXON MOBIL CORP,energy,core,10-Q,2025-08-04,RISK_FACTORS,xom-20250630.htm,R1_genuinely_absent_from_toc,7,0,0,True,none,,,,,,,689.0,0.0,14973,,False,False,,,,,False,
0000034088-25-000061,34088,EXXON MOBIL CORP,energy,core,10-Q,2025-11-03,RISK_FACTORS,xom-20250930.htm,R1_genuinely_absent_from_toc,7,0,0,True,none,,,,,,,587.0,0.0,15037,,False,False,,,,,False,
0000034088-26-000067,34088,EXXON MOBIL CORP,energy,core,10-Q,2026-05-04,RISK_FACTORS,xom-20260331.htm,R1_genuinely_absent_from_toc,16,0,0,True,none,,,,,,,4169.0,0.0,11026,,False,False,,,,,False,
0000034088-26-000093,34088,EXXON MOBIL CORP,energy,core,10-Q,2026-08-03,RISK_FACTORS,xom-20260630.htm,R1_genuinely_absent_from_toc,19,0,0,True,none,,,,,,,5151.0,0.0,14157,,False,False,,,,,False,
0001532063-15-000010,1532063,Express Scripts Holding Co.,consumer,core,10-Q,2015-07-28,RISK_FACTORS,esrx-06302015x10q.htm,R1_genuinely_absent_from_toc,28,0,0,True,none,,,,,,,,,18147,,False,False,,,,,False,
0001532063-15-000013,1532063,Express Scripts Holding Co.,consumer,core,10-Q,2015-10-27,RISK_FACTORS,esrx-09302015x10q.htm,R1_genuinely_absent_from_toc,28,0,0,True,none,,,,,,,,,17683,,False,False,,,,,False,
0001532063-16-000020,1532063,Express Scripts Holding Co.,consumer,core,10-Q,2016-04-25,RISK_FACTORS,esrx-03312016x10q.htm,R1_genuinely_absent_from_toc,28,0,0,True,none,,,,,,,,,17327,,False,False,,,,,False,
0001532063-16-000023,1532063,Express Scripts Holding Co.,consumer,core,10-Q,2016-07-25,RISK_FACTORS,esrx-06302016x10q.htm,R1_genuinely_absent_from_toc,28,0,0,True,none,,,,,,,,,23190,,False,False,,,,,False,
0001532063-16-000026,1532063,Express Scripts Holding Co.,consumer,core,10-Q,2016-10-25,RISK_FACTORS,esrx-09302016x10q.htm,R1_genuinely_absent_from_toc,28,0,0,True,none,,,,,,,,,22788,,False,False,,,,,False,
0001193125-15-270747,798354,FISERV INC,financials,core,10-Q,2015-07-30,RISK_FACTORS,d940903d10q.htm,R1_genuinely_absent_from_toc,8,0,0,True,none,,,,,,,,,9924,,False,False,,,,,False,
0001628280-15-007937,798354,FISERV INC,financials,core,10-Q,2015-10-28,RISK_FACTORS,fisv0930201510-q.htm,R1_genuinely_absent_from_toc,15,0,0,True,none,,,,,,,,,10365,,False,False,,,,,False,
0000798354-16-000008,798354,FISERV INC,financials,core,10-Q,2016-05-06,RISK_FACTORS,fisv0331201610-q.htm,R1_genuinely_absent_from_toc,15,0,0,True,none,,,,,,,,,8873,,False,False,,,,,False,
0000798354-16-000017,798354,FISERV INC,financials,core,10-Q,2016-08-03,RISK_FACTORS,fisv0630201610-q.htm,R1_genuinely_absent_from_toc,15,0,0,True,none,,,,,,,,,9970,,False,False,,,,,False,
0000798354-16-000022,798354,FISERV INC,financials,core,10-Q,2016-10-27,RISK_FACTORS,fisv0930201610-q.htm,R1_genuinely_absent_from_toc,15,0,0,True,none,,,,,,,,,10382,,False,False,,,,,False,
0000798354-17-000011,798354,FISERV INC,financials,core,10-Q,2017-04-27,RISK_FACTORS,fisv0331201710-q.htm,R1_genuinely_absent_from_toc,15,0,0,True,none,,,,,,,,,9835,,False,False,,,,,False,
0000798354-17-000019,798354,FISERV INC,financials,core,10-Q,2017-08-02,RISK_FACTORS,fisv0630201710-q.htm,R1_genuinely_absent_from_toc,15,0,0,True,none,,,,,,,,,11686,,False,False,,,,,False,
0000798354-17-000023,798354,FISERV INC,financials,core,10-Q,2017-11-01,RISK_FACTORS,fisv0930201710-q.htm,R1_genuinely_absent_from_toc,15,0,0,True,none,,,,,,,,,12305,,False,False,,,,,False,
0000798354-18-000009,798354,FISERV INC,financials,core,10-Q,2018-05-02,RISK_FACTORS,fisv0331201810-q.htm,R1_genuinely_absent_from_toc,15,0,0,True,none,,,,,,,,,15496,,False,False,,,,,False,
0000798354-18-000017,798354,FISERV INC,financials,core,10-Q,2018-08-01,RISK_FACTORS,fisv0630201810-q.htm,R1_genuinely_absent_from_toc,15,0,0,True,none,,,,,,,,,17812,,False,False,,,,,False,
0000798354-18-000021,798354,FISERV INC,financials,core,10-Q,2018-11-01,RISK_FACTORS,fisv0930201810-q.htm,R1_genuinely_absent_from_toc,15,0,0,True,none,,,,,,,,,19657,,False,False,,,,,False,
0000798354-19-000009,798354,FISERV INC,financials,core,10-Q,2019-05-01,RISK_FACTORS,fisv0331201910-q.htm,R1_genuinely_absent_from_toc,15,0,0,True,none,,,,,,,,,15598,,False,False,,,,,False,
0000798354-19-000019,798354,FISERV INC,financials,core,10-Q,2019-07-26,RISK_FACTORS,fisv0630201910-q.htm,R1_genuinely_absent_from_toc,15,0,0,True,none,,,,,,,,,18818,,False,False,,,,,False,
0000798354-21-000008,798354,FISERV INC,financials,core,10-Q,2021-04-28,RISK_FACTORS,fisv-20210331.htm,R1_genuinely_absent_from_toc,15,0,0,True,none,,,,,,,,,21830,,False,False,,,,,False,
0000798354-21-000014,798354,FISERV INC,financials,core,10-Q,2021-07-28,RISK_FACTORS,fisv-20210630.htm,R1_genuinely_absent_from_toc,15,0,0,True,none,,,,,,,,,25670,,False,False,,,,,False,
0000798354-21-000018,798354,FISERV INC,financials,core,10-Q,2021-10-28,RISK_FACTORS,fisv-20210930.htm,R1_genuinely_absent_from_toc,15,0,0,True,none,,,,,,,,,26488,,False,False,,,,,False,
0000798354-22-000009,798354,FISERV INC,financials,core,10-Q,2022-04-28,RISK_FACTORS,fisv-20220331.htm,R1_genuinely_absent_from_toc,15,0,0,True,none,,,,,,,,,20180,,False,False,,,,,False,
0000798354-22-000015,798354,FISERV INC,financials,core,10-Q,2022-07-27,RISK_FACTORS,fisv-20220630.htm,R1_genuinely_absent_from_toc,15,0,0,True,none,,,,,,,,,24477,,False,False,,,,,False,
0000798354-22-000019,798354,FISERV INC,financials,core,10-Q,2022-10-28,RISK_FACTORS,fisv-20220930.htm,R1_genuinely_absent_from_toc,15,0,0,True,none,,,,,,,,,25440,,False,False,,,,,False,
0000798354-23-000008,798354,FISERV INC,financials,core,10-Q,2023-04-26,RISK_FACTORS,fisv-20230331.htm,R1_genuinely_absent_from_toc,15,0,0,True,none,,,,,,,,,20865,,False,False,,,,,False,
0000798354-23-000014,798354,FISERV INC,financials,core,10-Q,2023-07-27,RISK_FACTORS,fisv-20230630.htm,R1_genuinely_absent_from_toc,17,0,0,True,none,,,,,,,,,24265,,False,False,,,,,False,
0000798354-23-000018,798354,FISERV INC,financials,core,10-Q,2023-10-25,RISK_FACTORS,fisv-20230930.htm,R1_genuinely_absent_from_toc,19,0,0,True,none,,,,,,,,,25789,,False,False,,,,,False,
0000798354-24-000100,798354,FISERV INC,financials,core,10-Q,2024-04-24,RISK_FACTORS,fisv-20240331.htm,R1_genuinely_absent_from_toc,17,0,0,True,none,,,,,,,,,20892,,False,False,,,,,False,
0000798354-24-000156,798354,FISERV INC,financials,core,10-Q,2024-07-25,RISK_FACTORS,fisv-20240630.htm,R1_genuinely_absent_from_toc,17,0,0,True,none,,,,,,,,,23030,,False,False,,,,,False,
0000798354-24-000190,798354,FISERV INC,financials,core,10-Q,2024-10-23,RISK_FACTORS,fisv-20240930.htm,R1_genuinely_absent_from_toc,17,0,0,True,none,,,,,,,,,24576,,False,False,,,,,False,
0000798354-25-000104,798354,FISERV INC,financials,core,10-Q,2025-04-25,RISK_FACTORS,fisv-20250331.htm,R1_genuinely_absent_from_toc,17,0,0,True,none,,,,,,,,,21452,,False,False,,,,,False,
0000798354-25-000163,798354,FISERV INC,financials,core,10-Q,2025-07-24,RISK_FACTORS,fisv-20250630.htm,R1_genuinely_absent_from_toc,17,0,0,True,none,,,,,,,,,25605,,False,False,,,,,False,
0000798354-25-000171,798354,FISERV INC,financials,core,10-Q,2025-10-30,RISK_FACTORS,fisv-20250930.htm,R1_genuinely_absent_from_toc,17,0,0,True,none,,,,,,,,,27421,,False,False,,,,,False,
0000798354-26-000018,798354,FISERV INC,financials,core,10-Q,2026-05-06,RISK_FACTORS,fisv-20260331.htm,R1_genuinely_absent_from_toc,17,0,0,True,none,,,,,,,,,24921,,False,False,,,,,False,
0000798354-26-000031,798354,FISERV INC,financials,core,10-Q,2026-08-07,RISK_FACTORS,fisv-20260630.htm,R1_genuinely_absent_from_toc,17,0,0,True,none,,,,,,,,,29320,,False,False,,,,,False,
0000037996-15-000064,37996,FORD MOTOR CO,consumer,core,10-Q,2015-10-27,RISK_FACTORS,f0930201510-q.htm,R1_genuinely_absent_from_toc,11,0,0,True,none,,,,,,,783.0,0.0,22643,,False,False,,,,,False,
0000037996-16-000107,37996,FORD MOTOR CO,consumer,core,10-Q,2016-04-28,RISK_FACTORS,f0331201610-q.htm,R1_genuinely_absent_from_toc,10,0,0,True,none,,,,,,,963.0,0.0,19230,,False,False,,,,,False,
0000037996-16-000158,37996,FORD MOTOR CO,consumer,core,10-Q,2016-10-27,RISK_FACTORS,f0930201610-q.htm,R1_genuinely_absent_from_toc,9,0,0,True,none,,,,,,,1018.0,0.0,21177,,False,False,,,,,False,
0000037996-17-000036,37996,FORD MOTOR CO,consumer,core,10-Q,2017-04-27,RISK_FACTORS,f0331201710-q.htm,R1_genuinely_absent_from_toc,8,0,0,True,none,,,,,,,908.0,0.0,22590,,False,False,,,,,False,
0000037996-17-000068,37996,FORD MOTOR CO,consumer,core,10-Q,2017-07-26,RISK_FACTORS,f0630201710-q.htm,R1_genuinely_absent_from_toc,10,0,0,True,none,,,,,,,921.0,0.0,24405,,False,False,,,,,False,
0000037996-17-000092,37996,FORD MOTOR CO,consumer,core,10-Q,2017-10-26,RISK_FACTORS,f0930201710-q.htm,R1_genuinely_absent_from_toc,9,0,0,True,none,,,,,,,1027.0,0.0,24591,,False,False,,,,,False,
0000037996-18-000036,37996,FORD MOTOR CO,consumer,core,10-Q,2018-04-26,RISK_FACTORS,f0331201810-q.htm,R1_genuinely_absent_from_toc,9,0,0,True,none,,,,,,,836.0,0.0,21944,,False,False,,,,,False,
0000037996-18-000084,37996,FORD MOTOR CO,consumer,core,10-Q,2018-10-25,RISK_FACTORS,f0930201810-q.htm,R1_genuinely_absent_from_toc,10,0,0,True,none,,,,,,,926.0,0.0,22505,,False,False,,,,,False,
0000037996-19-000026,37996,FORD MOTOR CO,consumer,core,10-Q,2019-04-26,RISK_FACTORS,f0331201910-q.htm,R1_genuinely_absent_from_toc,9,0,0,True,none,,,,,,,1212.0,0.0,22912,,False,False,,,,,False,
0000037996-19-000067,37996,FORD MOTOR CO,consumer,core,10-Q,2019-07-25,RISK_FACTORS,f0630201910-q.htm,R1_genuinely_absent_from_toc,9,0,0,True,none,,,,,,,1359.0,0.0,24808,,False,False,,,,,False,
0000037996-21-000026,37996,FORD MOTOR CO,consumer,core,10-Q,2021-04-29,RISK_FACTORS,f-20210331.htm,R1_genuinely_absent_from_toc,10,0,0,True,none,,,,,,,4135.0,0.0,29502,,False,False,,,,,False,
0000037996-21-000058,37996,FORD MOTOR CO,consumer,core,10-Q,2021-07-29,RISK_FACTORS,f-20210630.htm,R1_genuinely_absent_from_toc,10,0,0,True,none,,,,,,,4625.0,0.0,31799,,False,False,,,,,False,
0000037996-21-000086,37996,FORD MOTOR CO,consumer,core,10-Q,2021-10-28,RISK_FACTORS,f-20210930.htm,R1_genuinely_absent_from_toc,10,0,0,True,none,,,,,,,4518.0,0.0,32423,,False,False,,,,,False,
0000037996-22-000024,37996,FORD MOTOR CO,consumer,core,10-Q,2022-04-28,RISK_FACTORS,f-20220331.htm,R1_genuinely_absent_from_toc,10,0,0,True,none,,,,,,,3559.0,0.0,27998,,False,False,,,,,False,
0000037996-22-000048,37996,FORD MOTOR CO,consumer,core,10-Q,2022-07-28,RISK_FACTORS,f-20220630.htm,R1_genuinely_absent_from_toc,9,0,0,True,none,,,,,,,3734.0,0.0,30902,,False,False,,,,,False,
0000037996-22-000073,37996,FORD MOTOR CO,consumer,core,10-Q,2022-10-27,RISK_FACTORS,f-20220930.htm,R1_genuinely_absent_from_toc,9,0,0,True,none,,,,,,,4208.0,0.0,32549,,False,False,,,,,False,
0000037996-23-000029,37996,FORD MOTOR CO,consumer,core,10-Q,2023-05-03,RISK_FACTORS,f-20230331.htm,R1_genuinely_absent_from_toc,9,0,0,True,none,,,,,,,3659.0,0.0,27945,,False,False,,,,,False,
0000037996-23-000050,37996,FORD MOTOR CO,consumer,core,10-Q,2023-07-28,RISK_FACTORS,f-20230630.htm,R1_genuinely_absent_from_toc,10,0,0,True,none,,,,,,,3915.0,0.0,30612,,False,False,,,,,False,
0000037996-23-000068,37996,FORD MOTOR CO,consumer,core,10-Q,2023-10-27,RISK_FACTORS,f-20230930.htm,R1_genuinely_absent_from_toc,10,0,0,True,none,,,,,,,4083.0,0.0,31720,,False,False,,,,,False,
0000037996-24-000075,37996,FORD MOTOR CO,consumer,core,10-Q,2024-04-25,RISK_FACTORS,f-20240331.htm,R1_genuinely_absent_from_toc,10,0,0,True,none,,,,,,,3708.0,0.0,27188,,False,False,,,,,False,
0000037996-24-000144,37996,FORD MOTOR CO,consumer,core,10-Q,2024-07-25,RISK_FACTORS,f-20240630.htm,R1_genuinely_absent_from_toc,11,0,0,True,none,,,,,,,3767.0,0.0,29563,,False,False,,,,,False,
0000037996-24-000185,37996,FORD MOTOR CO,consumer,core,10-Q,2024-10-29,RISK_FACTORS,f-20240930.htm,R1_genuinely_absent_from_toc,11,0,0,True,none,,,,,,,3790.0,0.0,30010,,False,False,,,,,False,
0000037996-25-000147,37996,FORD MOTOR CO,consumer,core,10-Q,2025-07-31,RISK_FACTORS,f-20250630.htm,R1_genuinely_absent_from_toc,10,0,0,True,none,,,,,,,3812.0,0.0,30775,,False,False,,,,,False,
0000037996-25-000186,37996,FORD MOTOR CO,consumer,core,10-Q,2025-10-24,RISK_FACTORS,f-20250930.htm,R1_genuinely_absent_from_toc,10,0,0,True,none,,,,,,,4228.0,0.0,32024,,False,False,,,,,False,
0000037996-26-000086,37996,FORD MOTOR CO,consumer,core,10-Q,2026-04-30,RISK_FACTORS,f-20260331.htm,R1_genuinely_absent_from_toc,11,0,0,True,none,,,,,,,3394.0,0.0,27807,,False,False,,,,,False,
0000037996-26-000156,37996,FORD MOTOR CO,consumer,core,10-Q,2026-07-29,RISK_FACTORS,f-20260630.htm,R1_genuinely_absent_from_toc,10,0,0,True,none,,,,,,,3924.0,0.0,30673,,False,False,,,,,False,
0001996810-24-000008,1996810,GE Vernova Inc.,industrials,extension,10-Q,2024-04-30,RISK_FACTORS,gev-20240331.htm,R1_genuinely_absent_from_toc,9,0,0,True,none,,,,,,,,,23524,,False,False,,,,,False,
0001996810-24-000067,1996810,GE Vernova Inc.,industrials,extension,10-Q,2024-07-24,RISK_FACTORS,gev-20240630.htm,R1_genuinely_absent_from_toc,9,0,0,True,none,,,,,,,,,28291,,False,False,,,,,False,
0001996810-24-000083,1996810,GE Vernova Inc.,industrials,extension,10-Q,2024-10-23,RISK_FACTORS,gev-20240930.htm,R1_genuinely_absent_from_toc,9,0,0,True,none,,,,,,,,,28519,,False,False,,,,,False,
0001123360-15-000037,1123360,GLOBAL PAYMENTS INC,financials,core,10-Q,2015-10-07,RISK_FACTORS,gpn20150831-10q.htm,R1_genuinely_absent_from_toc,18,0,0,True,none,,,,,,,,,14796,,False,False,,,,,False,
0001123360-19-000016,1123360,GLOBAL PAYMENTS INC,financials,core,10-Q,2019-05-02,RISK_FACTORS,gpn20190331-10q.htm,R1_genuinely_absent_from_toc,18,0,0,True,none,,,,,,,,,14038,,False,False,,,,,False,
0001123360-21-000018,1123360,GLOBAL PAYMENTS INC,financials,core,10-Q,2021-05-04,RISK_FACTORS,gpn-20210331.htm,R1_genuinely_absent_from_toc,18,0,0,True,none,,,,,,,,,13977,,False,False,,,,,False,
0001123360-21-000026,1123360,GLOBAL PAYMENTS INC,financials,core,10-Q,2021-08-02,RISK_FACTORS,gpn-20210630.htm,R1_genuinely_absent_from_toc,18,0,0,True,none,,,,,,,,,16686,,False,False,,,,,False,
0001123360-21-000032,1123360,GLOBAL PAYMENTS INC,financials,core,10-Q,2021-11-02,RISK_FACTORS,gpn-20210930.htm,R1_genuinely_absent_from_toc,18,0,0,True,none,,,,,,,,,17535,,False,False,,,,,False,
0001193125-15-273233,886982,GOLDMAN SACHS GROUP INC,financials,core,10-Q,2015-08-03,RISK_FACTORS,d934020d10q.htm,R1_genuinely_absent_from_toc,14,0,0,True,none,,,,,,,,,105203,,False,False,,,,,False,
0001193125-15-362853,886982,GOLDMAN SACHS GROUP INC,financials,core,10-Q,2015-11-03,RISK_FACTORS,d22013d10q.htm,R1_genuinely_absent_from_toc,14,0,0,True,none,,,,,,,,,105283,,False,False,,,,,False,
0001193125-16-580382,886982,GOLDMAN SACHS GROUP INC,financials,core,10-Q,2016-05-06,RISK_FACTORS,d137661d10q.htm,R1_genuinely_absent_from_toc,14,0,0,True,none,,,,,,,,,96666,,False,False,,,,,False,
0001193125-16-670394,886982,GOLDMAN SACHS GROUP INC,financials,core,10-Q,2016-08-04,RISK_FACTORS,d220861d10q.htm,R1_genuinely_absent_from_toc,14,0,0,True,none,,,,,,,,,105191,,False,False,,,,,False,
0001193125-16-757421,886982,GOLDMAN SACHS GROUP INC,financials,core,10-Q,2016-11-03,RISK_FACTORS,d249880d10q.htm,R1_genuinely_absent_from_toc,14,0,0,True,none,,,,,,,,,105461,,False,False,,,,,False,
0001193125-17-156659,886982,GOLDMAN SACHS GROUP INC,financials,core,10-Q,2017-05-04,RISK_FACTORS,d369549d10q.htm,R1_genuinely_absent_from_toc,7,0,0,True,none,,,,,,,,,95880,,False,False,,,,,False,
0001193125-17-247803,886982,GOLDMAN SACHS GROUP INC,financials,core,10-Q,2017-08-04,RISK_FACTORS,d416122d10q.htm,R1_genuinely_absent_from_toc,7,0,0,True,none,,,,,,,,,102833,,False,False,,,,,False,
0001193125-17-331475,886982,GOLDMAN SACHS GROUP INC,financials,core,10-Q,2017-11-03,RISK_FACTORS,d464365d10q.htm,R1_genuinely_absent_from_toc,7,0,0,True,none,,,,,,,,,103196,,False,False,,,,,False,
0001193125-18-151188,886982,GOLDMAN SACHS GROUP INC,financials,core,10-Q,2018-05-04,RISK_FACTORS,d535211d10q.htm,R1_genuinely_absent_from_toc,7,0,0,True,none,,,,,,,,,94079,,False,False,,,,,False,
0001193125-18-236920,886982,GOLDMAN SACHS GROUP INC,financials,core,10-Q,2018-08-03,RISK_FACTORS,d352886d10q.htm,R1_genuinely_absent_from_toc,7,0,0,True,none,,,,,,,,,100722,,False,False,,,,,False,
0001193125-18-317325,886982,GOLDMAN SACHS GROUP INC,financials,core,10-Q,2018-11-02,RISK_FACTORS,d631824d10q.htm,R1_genuinely_absent_from_toc,7,0,0,True,none,,,,,,,,,100917,,False,False,,,,,False,
0001193125-19-137184,886982,GOLDMAN SACHS GROUP INC,financials,core,10-Q,2019-05-06,RISK_FACTORS,d729034d10q.htm,R1_genuinely_absent_from_toc,7,0,0,True,none,,,,,,,,,94174,,False,False,,,,,False,
0001193125-19-212578,886982,GOLDMAN SACHS GROUP INC,financials,core,10-Q,2019-08-05,RISK_FACTORS,d105283d10q.htm,R1_genuinely_absent_from_toc,7,0,0,True,none,,,,,,,,,102057,,False,False,,,,,False,
0001193125-19-280752,886982,GOLDMAN SACHS GROUP INC,financials,core,10-Q,2019-11-01,RISK_FACTORS,d790566d10q.htm,R1_genuinely_absent_from_toc,8,0,0,True,none,,,,,,,,,102957,,False,False,,,,,False,
0001193125-21-148444,886982,GOLDMAN SACHS GROUP INC,financials,core,10-Q,2021-05-04,RISK_FACTORS,d114194d10q.htm,R1_genuinely_absent_from_toc,7,0,0,True,none,,,,,,,,,108062,,False,False,,,,,False,
0001193125-21-235309,886982,GOLDMAN SACHS GROUP INC,financials,core,10-Q,2021-08-04,RISK_FACTORS,d188698d10q.htm,R1_genuinely_absent_from_toc,7,0,0,True,none,,,,,,,,,117526,,False,False,,,,,False,
0001193125-21-313689,886982,GOLDMAN SACHS GROUP INC,financials,core,10-Q,2021-11-01,RISK_FACTORS,d227439d10q.htm,R1_genuinely_absent_from_toc,8,0,0,True,none,,,,,,,,,118842,,False,False,,,,,False,
0001193125-22-134459,886982,GOLDMAN SACHS GROUP INC,financials,core,10-Q,2022-05-02,RISK_FACTORS,d475438d10q.htm,R1_genuinely_absent_from_toc,7,0,0,True,none,,,,,,,,,110322,,False,False,,,,,False,
0001193125-22-211433,886982,GOLDMAN SACHS GROUP INC,financials,core,10-Q,2022-08-04,RISK_FACTORS,d347183d10q.htm,R1_genuinely_absent_from_toc,7,0,0,True,none,,,,,,,,,120081,,False,False,,,,,False,
0000886982-22-000002,886982,GOLDMAN SACHS GROUP INC,financials,core,10-Q,2022-11-03,RISK_FACTORS,gs-20220930.htm,R1_genuinely_absent_from_toc,13,0,0,True,none,,,,,,,,,121865,,False,False,,,,,False,
0000886982-23-000005,886982,GOLDMAN SACHS GROUP INC,financials,core,10-Q,2023-05-04,RISK_FACTORS,gs-20230331.htm,R1_genuinely_absent_from_toc,13,0,0,True,none,,,,,,,,,113218,,False,False,,,,,False,
0000886982-23-000008,886982,GOLDMAN SACHS GROUP INC,financials,core,10-Q,2023-08-03,RISK_FACTORS,gs-20230630.htm,R1_genuinely_absent_from_toc,14,0,0,True,none,,,,,,,,,123128,,False,False,,,,,False,
0000886982-23-000011,886982,GOLDMAN SACHS GROUP INC,financials,core,10-Q,2023-11-03,RISK_FACTORS,gs-20230930.htm,R1_genuinely_absent_from_toc,16,0,0,True,none,,,,,,,,,124478,,False,False,,,,,False,
0000886982-24-000016,886982,GOLDMAN SACHS GROUP INC,financials,core,10-Q,2024-05-03,RISK_FACTORS,gs-20240331.htm,R1_genuinely_absent_from_toc,15,0,0,True,none,,,,,,,,,113821,,False,False,,,,,False,
0000886982-24-000022,886982,GOLDMAN SACHS GROUP INC,financials,core,10-Q,2024-08-02,RISK_FACTORS,gs-20240630.htm,R1_genuinely_absent_from_toc,15,0,0,True,none,,,,,,,,,124038,,False,False,,,,,False,
0000886982-24-000025,886982,GOLDMAN SACHS GROUP INC,financials,core,10-Q,2024-11-04,RISK_FACTORS,gs-20240930.htm,R1_genuinely_absent_from_toc,15,0,0,True,none,,,,,,,,,126189,,False,False,,,,,False,
0000886982-25-000009,886982,GOLDMAN SACHS GROUP INC,financials,core,10-Q,2025-05-02,RISK_FACTORS,gs-20250331.htm,R1_genuinely_absent_from_toc,15,0,0,True,none,,,,,,,,,113883,,False,False,,,,,False,
0000886982-25-000022,886982,GOLDMAN SACHS GROUP INC,financials,core,10-Q,2025-08-01,RISK_FACTORS,gs-20250630.htm,R1_genuinely_absent_from_toc,15,0,0,True,none,,,,,,,,,122745,,False,False,,,,,False,
0000886982-25-001411,886982,GOLDMAN SACHS GROUP INC,financials,core,10-Q,2025-10-31,RISK_FACTORS,gs-20250930.htm,R1_genuinely_absent_from_toc,15,0,0,True,none,,,,,,,,,123521,,False,False,,,,,False,
0000886982-26-000118,886982,GOLDMAN SACHS GROUP INC,financials,core,10-Q,2026-05-01,RISK_FACTORS,gs-20260331.htm,R1_genuinely_absent_from_toc,16,0,0,True,none,,,,,,,,,110276,,False,False,,,,,False,
0000886982-26-000297,886982,GOLDMAN SACHS GROUP INC,financials,core,10-Q,2026-08-03,RISK_FACTORS,gs-20260630.htm,R1_genuinely_absent_from_toc,16,0,0,True,none,,,,,,,,,119509,,False,False,,,,,False,
0001564590-15-006685,4447,HESS CORP,energy,core,10-Q,2015-08-07,RISK_FACTORS,hes-10q_20150630.htm,R1_genuinely_absent_from_toc,8,0,0,True,none,,,,,,,3170.0,0.0,17045,,False,False,,,,,False,
0001564590-15-009662,4447,HESS CORP,energy,core,10-Q,2015-11-05,RISK_FACTORS,hes-10q_20150930.htm,R1_genuinely_absent_from_toc,7,0,0,True,none,,,,,,,3803.0,1.0,17717,,False,False,,,,,False,
0001564590-16-018033,4447,HESS CORP,energy,core,10-Q,2016-05-05,RISK_FACTORS,hes-10q_20160331.htm,R1_genuinely_absent_from_toc,7,0,0,True,none,,,,,,,810.0,1.0,12904,,False,False,,,,,False,
0001564590-16-023003,4447,HESS CORP,energy,core,10-Q,2016-08-05,RISK_FACTORS,hes-10q_20160630.htm,R1_genuinely_absent_from_toc,6,0,0,True,none,,,,,,,524.0,1.0,14949,,False,False,,,,,False,
0001564590-16-027023,4447,HESS CORP,energy,core,10-Q,2016-11-02,RISK_FACTORS,hes-10q_20160930.htm,R1_genuinely_absent_from_toc,7,0,0,True,none,,,,,,,692.0,1.0,16431,,False,False,,,,,False,
0001564590-17-008749,4447,HESS CORP,energy,core,10-Q,2017-05-04,RISK_FACTORS,hes-10q_20170331.htm,R1_genuinely_absent_from_toc,7,0,0,True,none,,,,,,,685.0,1.0,13616,,False,False,,,,,False,
0001564590-17-015349,4447,HESS CORP,energy,core,10-Q,2017-08-03,RISK_FACTORS,hes-10q_20170630.htm,R1_genuinely_absent_from_toc,6,0,0,True,none,,,,,,,513.0,1.0,15821,,False,False,,,,,False,
0001564590-17-021928,4447,HESS CORP,energy,core,10-Q,2017-11-07,RISK_FACTORS,hes-10q_20170930.htm,R1_genuinely_absent_from_toc,6,0,0,True,none,,,,,,,398.0,1.0,16732,,False,False,,,,,False,
0001564590-18-010026,4447,HESS CORP,energy,core,10-Q,2018-05-01,RISK_FACTORS,hes-10q_20180331.htm,R1_genuinely_absent_from_toc,7,0,0,True,none,,,,,,,665.0,1.0,16376,,False,False,,,,,False,
0001564590-18-018485,4447,HESS CORP,energy,core,10-Q,2018-08-01,RISK_FACTORS,hes-10q_20180630.htm,R1_genuinely_absent_from_toc,7,0,0,True,none,,,,,,,660.0,1.0,18650,,False,False,,,,,False,
0001564590-18-028852,4447,HESS CORP,energy,core,10-Q,2018-11-09,RISK_FACTORS,hes-10q_20180930.htm,R1_genuinely_absent_from_toc,7,0,0,True,none,,,,,,,684.0,1.0,20418,,False,False,,,,,False,
0001564590-19-014806,4447,HESS CORP,energy,core,10-Q,2019-05-01,RISK_FACTORS,hes-10q_20190331.htm,R1_genuinely_absent_from_toc,7,0,0,True,none,,,,,,,743.0,1.0,16422,,False,False,,,,,False,
0001564590-19-029357,4447,HESS CORP,energy,core,10-Q,2019-08-06,RISK_FACTORS,hes-10q_20190630.htm,R1_genuinely_absent_from_toc,6,0,0,True,none,,,,,,,202.0,0.0,18330,,False,False,,,,,False,
0001564590-19-041724,4447,HESS CORP,energy,core,10-Q,2019-11-07,RISK_FACTORS,hes-10q_20190930.htm,R1_genuinely_absent_from_toc,6,0,0,True,none,,,,,,,202.0,0.0,19938,,False,False,,,,,False,
0001628280-21-009296,4447,HESS CORP,energy,core,10-Q,2021-05-06,RISK_FACTORS,hes-20210331.htm,R1_genuinely_absent_from_toc,17,0,0,True,none,,,,,,,317.0,0.0,15984,,False,False,,,,,False,
0001628280-21-015850,4447,HESS CORP,energy,core,10-Q,2021-08-05,RISK_FACTORS,hes-20210630.htm,R1_genuinely_absent_from_toc,17,0,0,True,none,,,,,,,3174.0,0.0,18523,,False,False,,,,,False,
0001628280-21-021768,4447,HESS CORP,energy,core,10-Q,2021-11-04,RISK_FACTORS,hes-20210930.htm,R1_genuinely_absent_from_toc,17,0,0,True,none,,,,,,,3356.0,0.0,19396,,False,False,,,,,False,
0001628280-22-012659,4447,HESS CORP,energy,core,10-Q,2022-05-05,RISK_FACTORS,hes-20220331.htm,R1_genuinely_absent_from_toc,17,0,0,True,none,,,,,,,2838.0,0.0,15112,,False,False,,,,,False,
0001628280-22-021084,4447,HESS CORP,energy,core,10-Q,2022-08-04,RISK_FACTORS,hes-20220630.htm,R1_genuinely_absent_from_toc,19,0,0,True,none,,,,,,,3213.0,0.0,18483,,False,False,,,,,False,
0001628280-22-028196,4447,HESS CORP,energy,core,10-Q,2022-11-03,RISK_FACTORS,hes-20220930.htm,R1_genuinely_absent_from_toc,19,0,0,True,none,,,,,,,3200.0,0.0,19155,,False,False,,,,,False,
0001628280-23-015437,4447,HESS CORP,energy,core,10-Q,2023-05-04,RISK_FACTORS,hes-20230331.htm,R1_genuinely_absent_from_toc,20,0,0,True,none,,,,,,,2931.0,0.0,14228,,False,False,,,,,False,
0001628280-23-027253,4447,HESS CORP,energy,core,10-Q,2023-08-03,RISK_FACTORS,hes-20230630.htm,R1_genuinely_absent_from_toc,24,0,0,True,none,,,,,,,2987.0,0.0,17469,,False,False,,,,,False,
0000930413-15-003083,773840,HONEYWELL INTERNATIONAL INC,industrials,extension,10-Q,2015-07-17,RISK_FACTORS,c81857_10q.htm,R1_genuinely_absent_from_toc,21,0,0,True,none,,,,,,,,,11993,,False,False,,,,,False,
0000930413-15-004011,773840,HONEYWELL INTERNATIONAL INC,industrials,extension,10-Q,2015-10-16,RISK_FACTORS,c82747_10q.htm,R1_genuinely_absent_from_toc,14,0,0,True,none,,,,,,,,,12631,,False,False,,,,,False,
0000930413-16-006542,773840,HONEYWELL INTERNATIONAL INC,industrials,extension,10-Q,2016-04-22,RISK_FACTORS,c84644_10q.htm,R1_genuinely_absent_from_toc,14,0,0,True,none,,,,,,,,,11300,,False,False,,,,,False,
0000930413-16-007670,773840,HONEYWELL INTERNATIONAL INC,industrials,extension,10-Q,2016-07-22,RISK_FACTORS,c85530_10q.htm,R1_genuinely_absent_from_toc,16,0,0,True,none,,,,,,,,,14885,,False,False,,,,,False,
0000930413-16-008530,773840,HONEYWELL INTERNATIONAL INC,industrials,extension,10-Q,2016-10-21,RISK_FACTORS,c86383_10q.htm,R1_genuinely_absent_from_toc,16,0,0,True,none,,,,,,,,,15466,,False,False,,,,,False,
0000930413-17-001646,773840,HONEYWELL INTERNATIONAL INC,industrials,extension,10-Q,2017-04-21,RISK_FACTORS,c88130_10q.htm,R1_genuinely_absent_from_toc,32,0,0,True,none,,,,,,,,,11811,,False,False,,,,,False,
0000930413-17-002534,773840,HONEYWELL INTERNATIONAL INC,industrials,extension,10-Q,2017-07-21,RISK_FACTORS,c88930_10q.htm,R1_genuinely_absent_from_toc,16,0,0,True,none,,,,,,,,,13897,,False,False,,,,,False,
0000930413-18-001371,773840,HONEYWELL INTERNATIONAL INC,industrials,extension,10-Q,2018-04-20,RISK_FACTORS,c90468_10q.htm,R1_genuinely_absent_from_toc,16,0,0,True,none,,,,,,,,,15265,,False,False,,,,,False,
0000051143-15-000005,51143,INTERNATIONAL BUSINESS MACHINES CORP,tech,core,10-Q,2015-07-28,RISK_FACTORS,ibm15q2_10q.htm,R1_genuinely_absent_from_toc,6,0,0,True,none,,,,,,,,,44229,,False,False,,,,,False,
0000051143-15-000009,51143,INTERNATIONAL BUSINESS MACHINES CORP,tech,core,10-Q,2015-10-27,RISK_FACTORS,ibm15q3_10q.htm,R1_genuinely_absent_from_toc,6,0,0,True,none,,,,,,,,,44735,,False,False,,,,,False,
0000051143-16-000013,51143,INTERNATIONAL BUSINESS MACHINES CORP,tech,core,10-Q,2016-04-26,RISK_FACTORS,ibm16q1_10q.htm,R1_genuinely_absent_from_toc,6,0,0,True,none,,,,,,,,,36792,,False,False,,,,,False,
0001104659-16-134367,51143,INTERNATIONAL BUSINESS MACHINES CORP,tech,core,10-Q,2016-07-26,RISK_FACTORS,a16-12780_110q.htm,R1_genuinely_absent_from_toc,6,0,0,True,none,,,,,,,,,45499,,False,False,,,,,False,
0001104659-16-151931,51143,INTERNATIONAL BUSINESS MACHINES CORP,tech,core,10-Q,2016-10-25,RISK_FACTORS,a16-17246_110q.htm,R1_genuinely_absent_from_toc,6,0,0,True,none,,,,,,,,,45187,,False,False,,,,,False,
0001104659-17-025881,51143,INTERNATIONAL BUSINESS MACHINES CORP,tech,core,10-Q,2017-04-25,RISK_FACTORS,a17-8917_110q.htm,R1_genuinely_absent_from_toc,6,0,0,True,none,,,,,,,,,35766,,False,False,,,,,False,
0001104659-17-046808,51143,INTERNATIONAL BUSINESS MACHINES CORP,tech,core,10-Q,2017-07-25,RISK_FACTORS,a17-13367_110q.htm,R1_genuinely_absent_from_toc,7,0,0,True,none,,,,,,,,,42796,,False,False,,,,,False,
0001104659-17-064968,51143,INTERNATIONAL BUSINESS MACHINES CORP,tech,core,10-Q,2017-10-31,RISK_FACTORS,a17-21131_110q.htm,R1_genuinely_absent_from_toc,6,0,0,True,none,,,,,,,,,43554,,False,False,,,,,False,
0001104659-18-026178,51143,INTERNATIONAL BUSINESS MACHINES CORP,tech,core,10-Q,2018-04-24,RISK_FACTORS,a18-8695_110q.htm,R1_genuinely_absent_from_toc,7,0,0,True,none,,,,,,,,,39270,,False,False,,,,,False,
0001104659-18-048404,51143,INTERNATIONAL BUSINESS MACHINES CORP,tech,core,10-Q,2018-07-31,RISK_FACTORS,a18-14112_110q.htm,R1_genuinely_absent_from_toc,7,0,0,True,none,,,,,,,,,47934,,False,False,,,,,False,
0001104659-18-064673,51143,INTERNATIONAL BUSINESS MACHINES CORP,tech,core,10-Q,2018-10-30,RISK_FACTORS,a18-19046_110q.htm,R1_genuinely_absent_from_toc,6,0,0,True,none,,,,,,,,,48326,,False,False,,,,,False,
0001104659-19-025328,51143,INTERNATIONAL BUSINESS MACHINES CORP,tech,core,10-Q,2019-04-30,RISK_FACTORS,a19-6867_110q.htm,R1_genuinely_absent_from_toc,7,0,0,True,none,,,,,,,,,37653,,False,False,,,,,False,
0001558370-19-006560,51143,INTERNATIONAL BUSINESS MACHINES CORP,tech,core,10-Q,2019-07-30,RISK_FACTORS,ibm-20190630x10q.htm,R1_genuinely_absent_from_toc,6,0,0,True,none,,,,,,,,,47815,,False,False,,,,,False,
0001558370-19-009324,51143,INTERNATIONAL BUSINESS MACHINES CORP,tech,core,10-Q,2019-10-29,RISK_FACTORS,ibm-20190930x10q.htm,R1_genuinely_absent_from_toc,7,0,0,True,none,,,,,,,,,49809,,False,False,,,,,False,
0001558370-20-004491,51143,INTERNATIONAL BUSINESS MACHINES CORP,tech,core,10-Q,2020-04-28,RISK_FACTORS,ibm-20200331x10q.htm,R1_genuinely_absent_from_toc,6,0,0,True,none,,,,,,,,,35096,,False,False,,,,,False,
0001558370-20-008516,51143,INTERNATIONAL BUSINESS MACHINES CORP,tech,core,10-Q,2020-07-28,RISK_FACTORS,ibm-20200630x10q.htm,R1_genuinely_absent_from_toc,6,0,0,True,none,,,,,,,,,43633,,False,False,,,,,False,
0001558370-20-011799,51143,INTERNATIONAL BUSINESS MACHINES CORP,tech,core,10-Q,2020-10-27,RISK_FACTORS,ibm-20200930x10q.htm,R1_genuinely_absent_from_toc,6,0,0,True,none,,,,,,,,,44655,,False,False,,,,,False,
0001558370-21-004922,51143,INTERNATIONAL BUSINESS MACHINES CORP,tech,core,10-Q,2021-04-27,RISK_FACTORS,ibm-20210331x10q.htm,R1_genuinely_absent_from_toc,6,0,0,True,none,,,,,,,,,32979,,False,False,,,,,False,
0001558370-21-009351,51143,INTERNATIONAL BUSINESS MACHINES CORP,tech,core,10-Q,2021-07-27,RISK_FACTORS,ibm-20210630x10q.htm,R1_genuinely_absent_from_toc,7,0,0,True,none,,,,,,,,,41927,,False,False,,,,,False,
0001558370-21-014734,51143,INTERNATIONAL BUSINESS MACHINES CORP,tech,core,10-Q,2021-11-05,RISK_FACTORS,ibm-20210930x10q.htm,R1_genuinely_absent_from_toc,7,0,0,True,none,,,,,,,,,43213,,False,False,,,,,False,
0001558370-22-005983,51143,INTERNATIONAL BUSINESS MACHINES CORP,tech,core,10-Q,2022-04-26,RISK_FACTORS,ibm-20220331x10q.htm,R1_genuinely_absent_from_toc,7,0,0,True,none,,,,,,,,,33915,,False,False,,,,,False,
0001558370-22-010985,51143,INTERNATIONAL BUSINESS MACHINES CORP,tech,core,10-Q,2022-07-25,RISK_FACTORS,ibm-20220630x10q.htm,R1_genuinely_absent_from_toc,6,0,0,True,none,,,,,,,,,42213,,False,False,,,,,False,
0001558370-22-015322,51143,INTERNATIONAL BUSINESS MACHINES CORP,tech,core,10-Q,2022-10-25,RISK_FACTORS,ibm-20220930x10q.htm,R1_genuinely_absent_from_toc,6,0,0,True,none,,,,,,,,,46086,,False,False,,,,,False,
0001558370-23-006656,51143,INTERNATIONAL BUSINESS MACHINES CORP,tech,core,10-Q,2023-04-25,RISK_FACTORS,ibm-20230331x10q.htm,R1_genuinely_absent_from_toc,6,0,0,True,none,,,,,,,,,30669,,False,False,,,,,False,
0000051143-23-000021,51143,INTERNATIONAL BUSINESS MACHINES CORP,tech,core,10-Q,2023-07-25,RISK_FACTORS,ibm-20230630.htm,R1_genuinely_absent_from_toc,12,0,0,True,none,,,,,,,,,38458,,False,False,,,,,False,
0000051143-23-000032,51143,INTERNATIONAL BUSINESS MACHINES CORP,tech,core,10-Q,2023-10-31,RISK_FACTORS,ibm-20230930.htm,R1_genuinely_absent_from_toc,14,0,0,True,none,,,,,,,,,40473,,False,False,,,,,False,
0000051143-24-000025,51143,INTERNATIONAL BUSINESS MACHINES CORP,tech,core,10-Q,2024-04-30,RISK_FACTORS,ibm-20240331.htm,R1_genuinely_absent_from_toc,14,0,0,True,none,,,,,,,,,31041,,False,False,,,,,False,
0000051143-24-000039,51143,INTERNATIONAL BUSINESS MACHINES CORP,tech,core,10-Q,2024-07-30,RISK_FACTORS,ibm-20240630.htm,R1_genuinely_absent_from_toc,12,0,0,True,none,,,,,,,,,38803,,False,False,,,,,False,
0000051143-24-000049,51143,INTERNATIONAL BUSINESS MACHINES CORP,tech,core,10-Q,2024-10-30,RISK_FACTORS,ibm-20240930.htm,R1_genuinely_absent_from_toc,12,0,0,True,none,,,,,,,,,41951,,False,False,,,,,False,
0000051143-25-000032,51143,INTERNATIONAL BUSINESS MACHINES CORP,tech,core,10-Q,2025-04-24,RISK_FACTORS,ibm-20250331.htm,R1_genuinely_absent_from_toc,14,0,0,True,none,,,,,,,,,29425,,False,False,,,,,False,
0000051143-25-000052,51143,INTERNATIONAL BUSINESS MACHINES CORP,tech,core,10-Q,2025-07-24,RISK_FACTORS,ibm-20250630.htm,R1_genuinely_absent_from_toc,14,0,0,True,none,,,,,,,,,36513,,False,False,,,,,False,
0000051143-25-000064,51143,INTERNATIONAL BUSINESS MACHINES CORP,tech,core,10-Q,2025-10-23,RISK_FACTORS,ibm-20250930.htm,R1_genuinely_absent_from_toc,14,0,0,True,none,,,,,,,,,37825,,False,False,,,,,False,
0000051143-26-000038,51143,INTERNATIONAL BUSINESS MACHINES CORP,tech,core,10-Q,2026-04-23,RISK_FACTORS,ibm-20260331.htm,R1_genuinely_absent_from_toc,14,0,0,True,none,,,,,,,,,26114,,False,False,,,,,False,
0000051143-26-000078,51143,INTERNATIONAL BUSINESS MACHINES CORP,tech,core,10-Q,2026-07-23,RISK_FACTORS,ibm-20260630.htm,R1_genuinely_absent_from_toc,14,0,0,True,none,,,,,,,,,32962,,False,False,,,,,False,
0000200406-15-000044,200406,JOHNSON & JOHNSON,healthcare,core,10-Q,2015-07-31,RISK_FACTORS,a2q10q6-28x15.htm,R1_genuinely_absent_from_toc,14,0,0,True,none,,,,,,,,,24699,,False,False,,,,,False,
0000200406-15-000060,200406,JOHNSON & JOHNSON,healthcare,core,10-Q,2015-10-30,RISK_FACTORS,a3q10q9-27x15.htm,R1_genuinely_absent_from_toc,14,0,0,True,none,,,,,,,,,26471,,False,False,,,,,False,
0000200406-16-000084,200406,JOHNSON & JOHNSON,healthcare,core,10-Q,2016-05-10,RISK_FACTORS,a1q10q4-03x16.htm,R1_genuinely_absent_from_toc,14,0,0,True,none,,,,,,,,,23228,,False,False,,,,,False,
0000200406-16-000105,200406,JOHNSON & JOHNSON,healthcare,core,10-Q,2016-08-04,RISK_FACTORS,a2q10q7-03x16.htm,R1_genuinely_absent_from_toc,14,0,0,True,none,,,,,,,,,27617,,False,False,,,,,False,
0000200406-16-000112,200406,JOHNSON & JOHNSON,healthcare,core,10-Q,2016-11-04,RISK_FACTORS,a3q10q10-02x16.htm,R1_genuinely_absent_from_toc,14,0,0,True,none,,,,,,,,,28039,,False,False,,,,,False,
0000200406-17-000024,200406,JOHNSON & JOHNSON,healthcare,core,10-Q,2017-05-08,RISK_FACTORS,a1q10q04-02x17.htm,R1_genuinely_absent_from_toc,14,0,0,True,none,,,,,,,,,24060,,False,False,,,,,False,
0000200406-17-000042,200406,JOHNSON & JOHNSON,healthcare,core,10-Q,2017-08-03,RISK_FACTORS,a2q10q07-02x17.htm,R1_genuinely_absent_from_toc,14,0,0,True,none,,,,,,,,,28674,,False,False,,,,,False,
0000200406-17-000052,200406,JOHNSON & JOHNSON,healthcare,core,10-Q,2017-11-02,RISK_FACTORS,a3q10q10-01x17.htm,R1_genuinely_absent_from_toc,14,0,0,True,none,,,,,,,,,29351,,False,False,,,,,False,
0000200406-18-000019,200406,JOHNSON & JOHNSON,healthcare,core,10-Q,2018-05-01,RISK_FACTORS,a1q10q04-01x18.htm,R1_genuinely_absent_from_toc,14,0,0,True,none,,,,,,,,,28454,,False,False,,,,,False,
0000200406-18-000041,200406,JOHNSON & JOHNSON,healthcare,core,10-Q,2018-08-02,RISK_FACTORS,a2q10q07-01x18.htm,R1_genuinely_absent_from_toc,14,0,0,True,none,,,,,,,,,33587,,False,False,,,,,False,
0000200406-18-000055,200406,JOHNSON & JOHNSON,healthcare,core,10-Q,2018-10-31,RISK_FACTORS,a3q10q09-30x18.htm,R1_genuinely_absent_from_toc,14,0,0,True,none,,,,,,,,,35362,,False,False,,,,,False,
0000200406-19-000033,200406,JOHNSON & JOHNSON,healthcare,core,10-Q,2019-05-01,RISK_FACTORS,a1q10q03-31x19.htm,R1_genuinely_absent_from_toc,14,0,0,True,none,,,,,,,,,29187,,False,False,,,,,False,
0000200406-19-000053,200406,JOHNSON & JOHNSON,healthcare,core,10-Q,2019-07-29,RISK_FACTORS,a2q10q06-30x19.htm,R1_genuinely_absent_from_toc,14,0,0,True,none,,,,,,,,,35498,,False,False,,,,,False,
0000200406-19-000066,200406,JOHNSON & JOHNSON,healthcare,core,10-Q,2019-10-28,RISK_FACTORS,a3q10q09-29x19.htm,R1_genuinely_absent_from_toc,14,0,0,True,none,,,,,,,,,37462,,False,False,,,,,False,
0000200406-21-000036,200406,JOHNSON & JOHNSON,healthcare,core,10-Q,2021-04-30,RISK_FACTORS,jnj-20210404.htm,R1_genuinely_absent_from_toc,14,0,0,True,none,,,,,,,,,30451,,False,False,,,,,False,
0000200406-21-000057,200406,JOHNSON & JOHNSON,healthcare,core,10-Q,2021-07-29,RISK_FACTORS,jnj-20210704.htm,R1_genuinely_absent_from_toc,14,0,0,True,none,,,,,,,,,35628,,False,False,,,,,False,
0000200406-21-000070,200406,JOHNSON & JOHNSON,healthcare,core,10-Q,2021-10-29,RISK_FACTORS,jnj-20211003.htm,R1_genuinely_absent_from_toc,14,0,0,True,none,,,,,,,,,36774,,False,False,,,,,False,
0000200406-22-000048,200406,JOHNSON & JOHNSON,healthcare,core,10-Q,2022-04-29,RISK_FACTORS,jnj-20220403.htm,R1_genuinely_absent_from_toc,14,0,0,True,none,,,,,,,,,31520,,False,False,,,,,False,
0000200406-22-000071,200406,JOHNSON & JOHNSON,healthcare,core,10-Q,2022-07-29,RISK_FACTORS,jnj-20220703.htm,R1_genuinely_absent_from_toc,14,0,0,True,none,,,,,,,,,37314,,False,False,,,,,False,
0000200406-22-000086,200406,JOHNSON & JOHNSON,healthcare,core,10-Q,2022-10-27,RISK_FACTORS,jnj-20221002.htm,R1_genuinely_absent_from_toc,14,0,0,True,none,,,,,,,,,38366,,False,False,,,,,False,
0000200406-23-000056,200406,JOHNSON & JOHNSON,healthcare,core,10-Q,2023-04-28,RISK_FACTORS,jnj-20230402.htm,R1_genuinely_absent_from_toc,14,0,0,True,none,,,,,,,,,29410,,False,False,,,,,False,
0000200406-23-000082,200406,JOHNSON & JOHNSON,healthcare,core,10-Q,2023-07-31,RISK_FACTORS,jnj-20230702.htm,R1_genuinely_absent_from_toc,14,0,0,True,none,,,,,,,,,34075,,False,False,,,,,False,
0000200406-23-000102,200406,JOHNSON & JOHNSON,healthcare,core,10-Q,2023-10-27,RISK_FACTORS,jnj-20231001.htm,R1_genuinely_absent_from_toc,16,0,0,True,none,,,,,,,,,32544,,False,False,,,,,False,
0000200406-24-000049,200406,JOHNSON & JOHNSON,healthcare,core,10-Q,2024-05-01,RISK_FACTORS,jnj-20240331.htm,R1_genuinely_absent_from_toc,29,0,0,True,none,,,,,,,,,26185,,False,False,,,,,False,
0000200406-24-000075,200406,JOHNSON & JOHNSON,healthcare,core,10-Q,2024-07-25,RISK_FACTORS,jnj-20240630.htm,R1_genuinely_absent_from_toc,32,0,0,True,none,,,,,,,,,31020,,False,False,,,,,False,
0000200406-24-000096,200406,JOHNSON & JOHNSON,healthcare,core,10-Q,2024-10-23,RISK_FACTORS,jnj-20240929.htm,R1_genuinely_absent_from_toc,32,0,0,True,none,,,,,,,,,32046,,False,False,,,,,False,
0000200406-25-000119,200406,JOHNSON & JOHNSON,healthcare,core,10-Q,2025-04-23,RISK_FACTORS,jnj-20250330.htm,R1_genuinely_absent_from_toc,37,0,0,True,none,,,,,,,,,26046,,False,False,,,,,False,
0000200406-25-000178,200406,JOHNSON & JOHNSON,healthcare,core,10-Q,2025-07-24,RISK_FACTORS,jnj-20250629.htm,R1_genuinely_absent_from_toc,28,0,0,True,none,,,,,,,,,29813,,False,False,,,,,False,
0000200406-25-000209,200406,JOHNSON & JOHNSON,healthcare,core,10-Q,2025-10-22,RISK_FACTORS,jnj-20250928.htm,R1_genuinely_absent_from_toc,32,0,0,True,none,,,,,,,,,30299,,False,False,,,,,False,
0000200406-26-000087,200406,JOHNSON & JOHNSON,healthcare,core,10-Q,2026-04-22,RISK_FACTORS,jnj-20260329.htm,R1_genuinely_absent_from_toc,37,0,0,True,none,,,,,,,,,21807,,False,False,,,,,False,
0000200406-26-000153,200406,JOHNSON & JOHNSON,healthcare,core,10-Q,2026-07-23,RISK_FACTORS,jnj-20260628.htm,R1_genuinely_absent_from_toc,32,0,0,True,none,,,,,,,,,26454,,False,False,,,,,False,
0000055785-15-000094,55785,KIMBERLY CLARK CORP,materials_realestate,extension,10-Q,2015-07-23,RISK_FACTORS,kmb_10qx2015xq2.htm,R1_genuinely_absent_from_toc,10,0,0,True,none,,,,,,,,,11260,,False,False,,,,,False,
0000055785-15-000118,55785,KIMBERLY CLARK CORP,materials_realestate,extension,10-Q,2015-10-21,RISK_FACTORS,kmb_10qx2015xq3.htm,R1_genuinely_absent_from_toc,10,0,0,True,none,,,,,,,,,11624,,False,False,,,,,False,
0000055785-16-000152,55785,KIMBERLY CLARK CORP,materials_realestate,extension,10-Q,2016-04-22,RISK_FACTORS,kmb_10qx2016xq1.htm,R1_genuinely_absent_from_toc,10,0,0,True,none,,,,,,,,,10765,,False,False,,,,,False,
0000055785-16-000181,55785,KIMBERLY CLARK CORP,materials_realestate,extension,10-Q,2016-07-25,RISK_FACTORS,kmb_10qx2016xq2.htm,R1_genuinely_absent_from_toc,10,0,0,True,none,,,,,,,,,11263,,False,False,,,,,False,
0000055785-16-000194,55785,KIMBERLY CLARK CORP,materials_realestate,extension,10-Q,2016-10-24,RISK_FACTORS,kmb_10qx2016xq3.htm,R1_genuinely_absent_from_toc,10,0,0,True,none,,,,,,,,,11245,,False,False,,,,,False,
0000055785-17-000033,55785,KIMBERLY CLARK CORP,materials_realestate,extension,10-Q,2017-04-24,RISK_FACTORS,kmb_10qx2017xq1.htm,R1_genuinely_absent_from_toc,10,0,0,True,none,,,,,,,,,9406,,False,False,,,,,False,
0000055785-17-000057,55785,KIMBERLY CLARK CORP,materials_realestate,extension,10-Q,2017-07-25,RISK_FACTORS,kmb_10qx2017xq2.htm,R1_genuinely_absent_from_toc,10,0,0,True,none,,,,,,,,,9975,,False,False,,,,,False,
0000055785-17-000067,55785,KIMBERLY CLARK CORP,materials_realestate,extension,10-Q,2017-10-23,RISK_FACTORS,kmb_10qx2017xq3.htm,R1_genuinely_absent_from_toc,10,0,0,True,none,,,,,,,,,10041,,False,False,,,,,False,
0000055785-18-000028,55785,KIMBERLY CLARK CORP,materials_realestate,extension,10-Q,2018-04-23,RISK_FACTORS,kmb_10qx2018xq1.htm,R1_genuinely_absent_from_toc,10,0,0,True,none,,,,,,,,,10702,,False,False,,,,,False,
0000055785-18-000051,55785,KIMBERLY CLARK CORP,materials_realestate,extension,10-Q,2018-07-24,RISK_FACTORS,kmb_10qx2018xq2.htm,R1_genuinely_absent_from_toc,10,0,0,True,none,,,,,,,,,11573,,False,False,,,,,False,
0000055785-18-000069,55785,KIMBERLY CLARK CORP,materials_realestate,extension,10-Q,2018-10-22,RISK_FACTORS,kmb_10qx2018xq3.htm,R1_genuinely_absent_from_toc,12,0,0,True,none,,,,,,,,,12631,,False,False,,,,,False,
0000055785-19-000032,55785,KIMBERLY CLARK CORP,materials_realestate,extension,10-Q,2019-04-22,RISK_FACTORS,kmb10q2019q1.htm,R1_genuinely_absent_from_toc,10,0,0,True,none,,,,,,,,,11393,,False,False,,,,,False,
0000055785-19-000064,55785,KIMBERLY CLARK CORP,materials_realestate,extension,10-Q,2019-07-23,RISK_FACTORS,kmb10q2019q2.htm,R1_genuinely_absent_from_toc,10,0,0,True,none,,,,,,,,,13293,,False,False,,,,,False,
0000055785-19-000084,55785,KIMBERLY CLARK CORP,materials_realestate,extension,10-Q,2019-10-22,RISK_FACTORS,kmb10q2019q3.htm,R1_genuinely_absent_from_toc,10,0,0,True,none,,,,,,,,,13754,,False,False,,,,,False,
0000055785-20-000053,55785,KIMBERLY CLARK CORP,materials_realestate,extension,10-Q,2020-07-23,RISK_FACTORS,kmb-20200630.htm,R1_genuinely_absent_from_toc,10,0,0,True,none,,,,,,,,,11941,,False,False,,,,,False,
0000055785-20-000074,55785,KIMBERLY CLARK CORP,materials_realestate,extension,10-Q,2020-10-22,RISK_FACTORS,kmb-20200930.htm,R1_genuinely_absent_from_toc,12,0,0,True,none,,,,,,,,,12858,,False,False,,,,,False,
0000055785-21-000037,55785,KIMBERLY CLARK CORP,materials_realestate,extension,10-Q,2021-04-23,RISK_FACTORS,kmb-20210331.htm,R1_genuinely_absent_from_toc,10,0,0,True,none,,,,,,,,,10456,,False,False,,,,,False,
0000055785-21-000073,55785,KIMBERLY CLARK CORP,materials_realestate,extension,10-Q,2021-07-23,RISK_FACTORS,kmb-20210630.htm,R1_genuinely_absent_from_toc,10,0,0,True,none,,,,,,,,,11916,,False,False,,,,,False,
0000055785-21-000091,55785,KIMBERLY CLARK CORP,materials_realestate,extension,10-Q,2021-10-25,RISK_FACTORS,kmb-20210930.htm,R1_genuinely_absent_from_toc,10,0,0,True,none,,,,,,,,,11911,,False,False,,,,,False,
0000055785-22-000035,55785,KIMBERLY CLARK CORP,materials_realestate,extension,10-Q,2022-04-22,RISK_FACTORS,kmb-20220331.htm,R1_genuinely_absent_from_toc,10,0,0,True,none,,,,,,,,,10134,,False,False,,,,,False,
0000055785-22-000055,55785,KIMBERLY CLARK CORP,materials_realestate,extension,10-Q,2022-07-26,RISK_FACTORS,kmb-20220630.htm,R1_genuinely_absent_from_toc,10,0,0,True,none,,,,,,,,,11501,,False,False,,,,,False,
0000055785-22-000074,55785,KIMBERLY CLARK CORP,materials_realestate,extension,10-Q,2022-10-25,RISK_FACTORS,kmb-20220930.htm,R1_genuinely_absent_from_toc,10,0,0,True,none,,,,,,,,,11679,,False,False,,,,,False,
0000055785-23-000029,55785,KIMBERLY CLARK CORP,materials_realestate,extension,10-Q,2023-04-25,RISK_FACTORS,kmb-20230331.htm,R1_genuinely_absent_from_toc,10,0,0,True,none,,,,,,,,,10476,,False,False,,,,,False,
0000055785-23-000054,55785,KIMBERLY CLARK CORP,materials_realestate,extension,10-Q,2023-07-25,RISK_FACTORS,kmb-20230630.htm,R1_genuinely_absent_from_toc,12,0,0,True,none,,,,,,,,,13532,,False,False,,,,,False,
0000055785-23-000064,55785,KIMBERLY CLARK CORP,materials_realestate,extension,10-Q,2023-10-24,RISK_FACTORS,kmb-20230930.htm,R1_genuinely_absent_from_toc,14,0,0,True,none,,,,,,,,,13369,,False,False,,,,,False,
0000055785-24-000054,55785,KIMBERLY CLARK CORP,materials_realestate,extension,10-Q,2024-04-23,RISK_FACTORS,kmb-20240331.htm,R1_genuinely_absent_from_toc,12,0,0,True,none,,,,,,,,,11476,,False,False,,,,,False,
0000055785-24-000085,55785,KIMBERLY CLARK CORP,materials_realestate,extension,10-Q,2024-07-23,RISK_FACTORS,kmb-20240630.htm,R1_genuinely_absent_from_toc,13,0,0,True,none,,,,,,,,,14550,,False,False,,,,,False,
0000055785-24-000094,55785,KIMBERLY CLARK CORP,materials_realestate,extension,10-Q,2024-10-22,RISK_FACTORS,kmb-20240930.htm,R1_genuinely_absent_from_toc,12,0,0,True,none,,,,,,,,,14908,,False,False,,,,,False,
0000055785-25-000039,55785,KIMBERLY CLARK CORP,materials_realestate,extension,10-Q,2025-04-22,RISK_FACTORS,kmb-20250331.htm,R1_genuinely_absent_from_toc,46,0,0,True,none,,,,,,,,,11421,,False,False,,,,,False,
0000055785-25-000080,55785,KIMBERLY CLARK CORP,materials_realestate,extension,10-Q,2025-08-01,RISK_FACTORS,kmb-20250630.htm,R1_genuinely_absent_from_toc,22,0,0,True,none,,,,,,,,,15632,,False,False,,,,,False,
0001628280-25-047387,55785,KIMBERLY CLARK CORP,materials_realestate,extension,10-Q,2025-10-30,RISK_FACTORS,kmb-20250930.htm,R1_genuinely_absent_from_toc,20,0,0,True,none,,,,,,,,,16607,,False,False,,,,,False,
0001628280-26-027800,55785,KIMBERLY CLARK CORP,materials_realestate,extension,10-Q,2026-04-28,RISK_FACTORS,kmb-20260331.htm,R1_genuinely_absent_from_toc,23,0,0,True,none,,,,,,,,,13880,,False,False,,,,,False,
0001628280-26-052348,55785,KIMBERLY CLARK CORP,materials_realestate,extension,10-Q,2026-08-04,RISK_FACTORS,kmb-20260630.htm,R1_genuinely_absent_from_toc,21,0,0,True,none,,,,,,,,,17065,,False,False,,,,,False,
0001562762-16-000383,1099590,MERCADOLIBRE INC,financials,core,10-Q,2016-05-06,RISK_FACTORS,meli-20160331x10q.htm,R1_genuinely_absent_from_toc,1,0,0,True,none,,,,,,,905.0,1.0,34107,,False,False,,,,,False,
0001562762-16-000414,1099590,MERCADOLIBRE INC,financials,core,10-Q,2016-08-05,RISK_FACTORS,meli-20160630x10q.htm,R1_genuinely_absent_from_toc,1,0,0,True,none,,,,,,,,,42614,,False,False,,,,,False,
0001562762-16-000445,1099590,MERCADOLIBRE INC,financials,core,10-Q,2016-11-04,RISK_FACTORS,meli-20160930x10q.htm,R1_genuinely_absent_from_toc,1,0,0,True,none,,,,,,,,,41208,,False,False,,,,,False,
0001562762-17-000054,1099590,MERCADOLIBRE INC,financials,core,10-Q,2017-05-05,RISK_FACTORS,meli-20170331x10q.htm,R1_genuinely_absent_from_toc,1,0,0,True,none,,,,,,,,,28404,,False,False,,,,,False,
0001562762-17-000120,1099590,MERCADOLIBRE INC,financials,core,10-Q,2017-08-04,RISK_FACTORS,meli-20170630x10q.htm,R1_genuinely_absent_from_toc,1,0,0,True,none,,,,,,,,,34075,,False,False,,,,,False,
0001562762-17-000173,1099590,MERCADOLIBRE INC,financials,core,10-Q,2017-11-03,RISK_FACTORS,meli-20170930x10q.htm,R1_genuinely_absent_from_toc,1,0,0,True,none,,,,,,,,,34076,,False,False,,,,,False,
0001562762-18-000158,1099590,MERCADOLIBRE INC,financials,core,10-Q,2018-05-10,RISK_FACTORS,meli-20180331x10q.htm,R1_genuinely_absent_from_toc,1,0,0,True,none,,,,,,,,,30028,,False,False,,,,,False,
0001562762-18-000229,1099590,MERCADOLIBRE INC,financials,core,10-Q,2018-08-09,RISK_FACTORS,meli-20180630x10q.htm,R1_genuinely_absent_from_toc,1,0,0,True,none,,,,,,,1216.0,1.0,37259,,False,False,,,,,False,
0001562762-18-000323,1099590,MERCADOLIBRE INC,financials,core,10-Q,2018-11-02,RISK_FACTORS,meli-20180930x10q.htm,R1_genuinely_absent_from_toc,1,0,0,True,none,,,,,,,551.0,1.0,37292,,False,False,,,,,False,
0001562762-19-000123,1099590,MERCADOLIBRE INC,financials,core,10-Q,2019-05-03,RISK_FACTORS,meli-20190331x10q.htm,R1_genuinely_absent_from_toc,1,0,0,True,none,,,,,,,,,27442,,False,False,,,,,False,
0001193125-15-276529,895421,MORGAN STANLEY,financials,core,10-Q,2015-08-04,RISK_FACTORS,d52951d10q.htm,R1_genuinely_absent_from_toc,31,0,0,True,none,,,,,,,,,72002,,False,False,,,,,False,
0001193125-15-364313,895421,MORGAN STANLEY,financials,core,10-Q,2015-11-03,RISK_FACTORS,d97616d10q.htm,R1_genuinely_absent_from_toc,32,0,0,True,none,,,,,,,,,73950,,False,False,,,,,False,
0001193125-16-577875,895421,MORGAN STANLEY,financials,core,10-Q,2016-05-04,RISK_FACTORS,d137631d10q.htm,R1_genuinely_absent_from_toc,31,0,0,True,none,,,,,,,,,56988,,False,False,,,,,False,
0001193125-16-670066,895421,MORGAN STANLEY,financials,core,10-Q,2016-08-03,RISK_FACTORS,d212576d10q.htm,R1_genuinely_absent_from_toc,31,0,0,True,none,,,,,,,,,60514,,False,False,,,,,False,
0001193125-16-757027,895421,MORGAN STANLEY,financials,core,10-Q,2016-11-02,RISK_FACTORS,d272293d10q.htm,R1_genuinely_absent_from_toc,29,0,0,True,none,,,,,,,,,62242,,False,False,,,,,False,
0001193125-17-158668,895421,MORGAN STANLEY,financials,core,10-Q,2017-05-04,RISK_FACTORS,d372076d10q.htm,R1_genuinely_absent_from_toc,20,0,0,True,none,,,,,,,,,53473,,False,False,,,,,False,
0001193125-17-247402,895421,MORGAN STANLEY,financials,core,10-Q,2017-08-03,RISK_FACTORS,d421308d10q.htm,R1_genuinely_absent_from_toc,19,0,0,True,none,,,,,,,,,59785,,False,False,,,,,False,
0001193125-17-331902,895421,MORGAN STANLEY,financials,core,10-Q,2017-11-03,RISK_FACTORS,d437627d10q.htm,R1_genuinely_absent_from_toc,21,0,0,True,none,,,,,,,,,58512,,False,False,,,,,False,
0001193125-18-152899,895421,MORGAN STANLEY,financials,core,10-Q,2018-05-04,RISK_FACTORS,d556270d10q.htm,R1_genuinely_absent_from_toc,19,0,0,True,none,,,,,,,,,50804,,False,False,,,,,False,
0001193125-18-238269,895421,MORGAN STANLEY,financials,core,10-Q,2018-08-03,RISK_FACTORS,d576100d10q.htm,R1_genuinely_absent_from_toc,6,0,0,True,none,,,,,,,,,55922,,False,False,,,,,False,
0001193125-18-318377,895421,MORGAN STANLEY,financials,core,10-Q,2018-11-05,RISK_FACTORS,d645593d10q.htm,R1_genuinely_absent_from_toc,14,0,0,True,none,,,,,,,,,56280,,False,False,,,,,False,
0001193125-19-136929,895421,MORGAN STANLEY,financials,core,10-Q,2019-05-03,RISK_FACTORS,d673523d10q.htm,R1_genuinely_absent_from_toc,35,0,0,True,none,,,,,,,,,46107,,False,False,,,,,False,
0001628280-19-009973,895421,MORGAN STANLEY,financials,core,10-Q,2019-08-05,RISK_FACTORS,msq20630201910-q.htm,R1_genuinely_absent_from_toc,59,0,0,True,none,,,,,,,,,52779,,False,False,,,,,False,
0001628280-19-013331,895421,MORGAN STANLEY,financials,core,10-Q,2019-11-05,RISK_FACTORS,msq30930201910-q.htm,R1_genuinely_absent_from_toc,56,0,0,True,none,,,,,,,,,53063,,False,False,,,,,False,
0000895421-20-000323,895421,MORGAN STANLEY,financials,core,10-Q,2020-05-05,RISK_FACTORS,msq1202010q.htm,R1_genuinely_absent_from_toc,59,0,0,True,none,,,,,,,,,52481,,False,False,,,,,False,
0000895421-20-000429,895421,MORGAN STANLEY,financials,core,10-Q,2020-08-04,RISK_FACTORS,msq2202010q.htm,R1_genuinely_absent_from_toc,59,0,0,True,none,,,,,,,,,57505,,False,False,,,,,False,
0000895421-20-000527,895421,MORGAN STANLEY,financials,core,10-Q,2020-11-03,RISK_FACTORS,msq3202010q.htm,R1_genuinely_absent_from_toc,62,0,0,True,none,,,,,,,,,58558,,False,False,,,,,False,
0000895421-21-000334,895421,MORGAN STANLEY,financials,core,10-Q,2021-05-03,RISK_FACTORS,ms-20210331.htm,R1_genuinely_absent_from_toc,62,0,0,True,none,,,,,,,,,48811,,False,False,,,,,False,
0000895421-21-000425,895421,MORGAN STANLEY,financials,core,10-Q,2021-08-02,RISK_FACTORS,ms-20210630.htm,R1_genuinely_absent_from_toc,62,0,0,True,none,,,,,,,,,53514,,False,False,,,,,False,
0000895421-21-000532,895421,MORGAN STANLEY,financials,core,10-Q,2021-11-03,RISK_FACTORS,ms-20210930.htm,R1_genuinely_absent_from_toc,62,0,0,True,none,,,,,,,,,54128,,False,False,,,,,False,
0000895421-22-000442,895421,MORGAN STANLEY,financials,core,10-Q,2022-05-04,RISK_FACTORS,ms-20220331.htm,R1_genuinely_absent_from_toc,59,0,0,True,none,,,,,,,,,44607,,False,False,,,,,False,
0000895421-22-000515,895421,MORGAN STANLEY,financials,core,10-Q,2022-08-05,RISK_FACTORS,ms-20220630.htm,R1_genuinely_absent_from_toc,59,0,0,True,none,,,,,,,,,50895,,False,False,,,,,False,
0000895421-22-000587,895421,MORGAN STANLEY,financials,core,10-Q,2022-11-03,RISK_FACTORS,ms-20220930.htm,R1_genuinely_absent_from_toc,59,0,0,True,none,,,,,,,,,51077,,False,False,,,,,False,
0000895421-23-000315,895421,MORGAN STANLEY,financials,core,10-Q,2023-05-02,RISK_FACTORS,ms-20230331.htm,R1_genuinely_absent_from_toc,59,0,0,True,none,,,,,,,,,47145,,False,False,,,,,False,
0000895421-23-000374,895421,MORGAN STANLEY,financials,core,10-Q,2023-08-03,RISK_FACTORS,ms-20230630.htm,R1_genuinely_absent_from_toc,59,0,0,True,none,,,,,,,,,53693,,False,False,,,,,False,
0000895421-23-000441,895421,MORGAN STANLEY,financials,core,10-Q,2023-11-03,RISK_FACTORS,ms-20230930.htm,R1_genuinely_absent_from_toc,59,0,0,True,none,,,,,,,,,53979,,False,False,,,,,False,
0000895421-24-000322,895421,MORGAN STANLEY,financials,core,10-Q,2024-05-03,RISK_FACTORS,ms-20240331.htm,R1_genuinely_absent_from_toc,59,0,0,True,none,,,,,,,,,49423,,False,False,,,,,False,
0000895421-24-000403,895421,MORGAN STANLEY,financials,core,10-Q,2024-08-05,RISK_FACTORS,ms-20240630.htm,R1_genuinely_absent_from_toc,59,0,0,True,none,,,,,,,,,56234,,False,False,,,,,False,
0000895421-24-000491,895421,MORGAN STANLEY,financials,core,10-Q,2024-11-04,RISK_FACTORS,ms-20240930.htm,R1_genuinely_absent_from_toc,59,0,0,True,none,,,,,,,,,57444,,False,False,,,,,False,
0000895421-25-000343,895421,MORGAN STANLEY,financials,core,10-Q,2025-05-05,RISK_FACTORS,ms-20250331.htm,R1_genuinely_absent_from_toc,59,0,0,True,none,,,,,,,,,48686,,False,False,,,,,False,
0000895421-25-000440,895421,MORGAN STANLEY,financials,core,10-Q,2025-08-04,RISK_FACTORS,ms-20250630.htm,R1_genuinely_absent_from_toc,59,0,0,True,none,,,,,,,,,54284,,False,False,,,,,False,
0000895421-25-000539,895421,MORGAN STANLEY,financials,core,10-Q,2025-11-03,RISK_FACTORS,ms-20250930.htm,R1_genuinely_absent_from_toc,59,0,0,True,none,,,,,,,,,54563,,False,False,,,,,False,
0000895421-26-000121,895421,MORGAN STANLEY,financials,core,10-Q,2026-05-05,RISK_FACTORS,ms-20260331.htm,R1_genuinely_absent_from_toc,59,0,0,True,none,,,,,,,,,50561,,False,False,,,,,False,
0000895421-26-000212,895421,MORGAN STANLEY,financials,core,10-Q,2026-08-04,RISK_FACTORS,ms-20260630.htm,R1_genuinely_absent_from_toc,59,0,0,True,none,,,,,,,,,55392,,False,False,,,,,False,
0001613103-15-000038,1613103,Medtronic plc,healthcare,core,10-Q,2015-09-09,RISK_FACTORS,mdt-2016q1x10q.htm,R1_genuinely_absent_from_toc,17,0,0,True,none,,,,,,,,,34405,,False,False,,,,,False,
0001613103-15-000053,1613103,Medtronic plc,healthcare,core,10-Q,2015-12-09,RISK_FACTORS,mdt-2016q2x10q.htm,R1_genuinely_absent_from_toc,17,0,0,True,none,,,,,,,,,39491,,False,False,,,,,False,
0001613103-16-000071,1613103,Medtronic plc,healthcare,core,10-Q,2016-03-09,RISK_FACTORS,mdt-2016q3x10q.htm,R1_genuinely_absent_from_toc,17,0,0,True,none,,,,,,,,,39041,,False,False,,,,,False,
0001613103-16-000100,1613103,Medtronic plc,healthcare,core,10-Q,2016-09-07,RISK_FACTORS,mdt-2017q1x10q.htm,R1_genuinely_absent_from_toc,17,0,0,True,none,,,,,,,,,32616,,False,False,,,,,False,
0001613103-16-000123,1613103,Medtronic plc,healthcare,core,10-Q,2016-12-05,RISK_FACTORS,mdt-2017q2x10q.htm,R1_genuinely_absent_from_toc,17,0,0,True,none,,,,,,,,,37511,,False,False,,,,,False,
0001613103-17-000008,1613103,Medtronic plc,healthcare,core,10-Q,2017-03-03,RISK_FACTORS,mdt-2017q3x10q.htm,R1_genuinely_absent_from_toc,17,0,0,True,none,,,,,,,,,37892,,False,False,,,,,False,
0001613103-17-000027,1613103,Medtronic plc,healthcare,core,10-Q,2017-09-01,RISK_FACTORS,mdt-2018q1x10q.htm,R1_genuinely_absent_from_toc,17,0,0,True,none,,,,,,,,,35114,,False,False,,,,,False,
0001613103-17-000047,1613103,Medtronic plc,healthcare,core,10-Q,2017-12-04,RISK_FACTORS,mdt-2018q2x10q.htm,R1_genuinely_absent_from_toc,17,0,0,True,none,,,,,,,,,40906,,False,False,,,,,False,
0001613103-18-000009,1613103,Medtronic plc,healthcare,core,10-Q,2018-03-02,RISK_FACTORS,mdt-2018q3x10q.htm,R1_genuinely_absent_from_toc,17,0,0,True,none,,,,,,,,,44085,,False,False,,,,,False,
0001613103-18-000032,1613103,Medtronic plc,healthcare,core,10-Q,2018-08-31,RISK_FACTORS,mdt-2019q1x10q.htm,R1_genuinely_absent_from_toc,17,0,0,True,none,,,,,,,1047.0,0.0,34926,,False,False,,,,,False,
0001613103-18-000044,1613103,Medtronic plc,healthcare,core,10-Q,2018-11-29,RISK_FACTORS,mdt-2019q2x10q.htm,R1_genuinely_absent_from_toc,17,0,0,True,none,,,,,,,1083.0,0.0,40070,,False,False,,,,,False,
0001613103-19-000012,1613103,Medtronic plc,healthcare,core,10-Q,2019-03-01,RISK_FACTORS,mdt-2019q3x10q.htm,R1_genuinely_absent_from_toc,17,0,0,True,none,,,,,,,1085.0,0.0,41771,,False,False,,,,,False,
0001613103-19-000038,1613103,Medtronic plc,healthcare,core,10-Q,2019-08-30,RISK_FACTORS,mdt-2020q1x10q.htm,R1_genuinely_absent_from_toc,17,0,0,True,none,,,,,,,1071.0,0.0,35277,,False,False,,,,,False,
0001613103-19-000056,1613103,Medtronic plc,healthcare,core,10-Q,2019-12-03,RISK_FACTORS,mdt-20191025.htm,R1_genuinely_absent_from_toc,17,0,0,True,none,,,,,,,1059.0,0.0,39355,,False,False,,,,,False,
0001613103-20-000007,1613103,Medtronic plc,healthcare,core,10-Q,2020-02-28,RISK_FACTORS,mdt-20200124.htm,R1_genuinely_absent_from_toc,17,0,0,True,none,,,,,,,1046.0,0.0,41219,,False,False,,,,,False,
0001613103-20-000033,1613103,Medtronic plc,healthcare,core,10-Q,2020-09-03,RISK_FACTORS,mdt-20200731.htm,R1_genuinely_absent_from_toc,17,0,0,True,none,,,,,,,1089.0,0.0,31161,,False,False,,,,,False,
0001613103-20-000051,1613103,Medtronic plc,healthcare,core,10-Q,2020-12-03,RISK_FACTORS,mdt-20201030.htm,R1_genuinely_absent_from_toc,17,0,0,True,none,,,,,,,1150.0,0.0,35989,,False,False,,,,,False,
0001613103-21-000009,1613103,Medtronic plc,healthcare,core,10-Q,2021-03-05,RISK_FACTORS,mdt-20210129.htm,R1_genuinely_absent_from_toc,17,0,0,True,none,,,,,,,1150.0,0.0,36463,,False,False,,,,,False,
0001613103-21-000042,1613103,Medtronic plc,healthcare,core,10-Q,2021-09-02,RISK_FACTORS,mdt-20210730.htm,R1_genuinely_absent_from_toc,19,0,0,True,none,,,,,,,1134.0,0.0,27432,,False,False,,,,,False,
0001613103-21-000062,1613103,Medtronic plc,healthcare,core,10-Q,2021-12-02,RISK_FACTORS,mdt-20211029.htm,R1_genuinely_absent_from_toc,19,0,0,True,none,,,,,,,1053.0,0.0,29243,,False,False,,,,,False,
0001613103-22-000011,1613103,Medtronic plc,healthcare,core,10-Q,2022-03-03,RISK_FACTORS,mdt-20220128.htm,R1_genuinely_absent_from_toc,19,0,0,True,none,,,,,,,1053.0,0.0,30226,,False,False,,,,,False,
0001613103-22-000046,1613103,Medtronic plc,healthcare,core,10-Q,2022-09-01,RISK_FACTORS,mdt-20220729.htm,R1_genuinely_absent_from_toc,19,0,0,True,none,,,,,,,955.0,0.0,26563,,False,False,,,,,False,
0001613103-22-000063,1613103,Medtronic plc,healthcare,core,10-Q,2022-12-01,RISK_FACTORS,mdt-20221028.htm,R1_genuinely_absent_from_toc,19,0,0,True,none,,,,,,,955.0,0.0,29903,,False,False,,,,,False,
0001613103-23-000008,1613103,Medtronic plc,healthcare,core,10-Q,2023-03-01,RISK_FACTORS,mdt-20230127.htm,R1_genuinely_absent_from_toc,19,0,0,True,none,,,,,,,955.0,0.0,29786,,False,False,,,,,False,
0001613103-23-000128,1613103,Medtronic plc,healthcare,core,10-Q,2023-08-31,RISK_FACTORS,mdt-20230728.htm,R1_genuinely_absent_from_toc,19,0,0,True,none,,,,,,,890.0,0.0,25237,,False,False,,,,,False,
0001613103-23-000149,1613103,Medtronic plc,healthcare,core,10-Q,2023-11-30,RISK_FACTORS,mdt-20231027.htm,R1_genuinely_absent_from_toc,19,0,0,True,none,,,,,,,890.0,0.0,27994,,False,False,,,,,False,
0001613103-24-000011,1613103,Medtronic plc,healthcare,core,10-Q,2024-02-27,RISK_FACTORS,mdt-20240126.htm,R1_genuinely_absent_from_toc,19,0,0,True,none,,,,,,,889.0,0.0,28262,,False,False,,,,,False,
0001613103-24-000147,1613103,Medtronic plc,healthcare,core,10-Q,2024-08-27,RISK_FACTORS,mdt-20240726.htm,R1_genuinely_absent_from_toc,19,0,0,True,none,,,,,,,902.0,0.0,23729,,False,False,,,,,False,
0001613103-24-000165,1613103,Medtronic plc,healthcare,core,10-Q,2024-11-26,RISK_FACTORS,mdt-20241025.htm,R1_genuinely_absent_from_toc,19,0,0,True,none,,,,,,,902.0,0.0,25881,,False,False,,,,,False,
0001613103-25-000022,1613103,Medtronic plc,healthcare,core,10-Q,2025-02-25,RISK_FACTORS,mdt-20250124.htm,R1_genuinely_absent_from_toc,19,0,0,True,none,,,,,,,906.0,0.0,27279,,False,False,,,,,False,
0001613103-25-000161,1613103,Medtronic plc,healthcare,core,10-Q,2025-08-26,RISK_FACTORS,mdt-20250725.htm,R1_genuinely_absent_from_toc,19,0,0,True,none,,,,,,,929.0,0.0,24648,,False,False,,,,,False,
0001628280-25-053988,1613103,Medtronic plc,healthcare,core,10-Q,2025-11-25,RISK_FACTORS,mdt-20251024.htm,R1_genuinely_absent_from_toc,19,0,0,True,none,,,,,,,906.0,0.0,27648,,False,False,,,,,False,
0001628280-26-011107,1613103,Medtronic plc,healthcare,core,10-Q,2026-02-24,RISK_FACTORS,mdt-20260123.htm,R1_genuinely_absent_from_toc,19,0,0,True,none,,,,,,,904.0,0.0,30671,,False,False,,,,,False,
0000310158-19-000042,310158,"Merck & Co., Inc.",healthcare,core,10-Q,2019-11-05,RISK_FACTORS,mrk0930201910q.htm,R1_genuinely_absent_from_toc,14,0,0,True,none,,,,,,,,,32250,,False,False,,,,,False,
0001628280-23-015990,310158,"Merck & Co., Inc.",healthcare,core,10-Q,2023-05-05,RISK_FACTORS,mrk-20230331.htm,R1_genuinely_absent_from_toc,16,0,0,True,none,,,,,,,,,26742,,False,False,,,,,False,
0001628280-23-027770,310158,"Merck & Co., Inc.",healthcare,core,10-Q,2023-08-07,RISK_FACTORS,mrk-20230630.htm,R1_genuinely_absent_from_toc,18,0,0,True,none,,,,,,,,,30007,,False,False,,,,,False,
0001628280-23-036717,310158,"Merck & Co., Inc.",healthcare,core,10-Q,2023-11-03,RISK_FACTORS,mrk-20230930.htm,R1_genuinely_absent_from_toc,20,0,0,True,none,,,,,,,,,33441,,False,False,,,,,False,
0001628280-24-020283,310158,"Merck & Co., Inc.",healthcare,core,10-Q,2024-05-03,RISK_FACTORS,mrk-20240331.htm,R1_genuinely_absent_from_toc,18,0,0,True,none,,,,,,,,,26903,,False,False,,,,,False,
0001628280-24-034715,310158,"Merck & Co., Inc.",healthcare,core,10-Q,2024-08-05,RISK_FACTORS,mrk-20240630.htm,R1_genuinely_absent_from_toc,18,0,0,True,none,,,,,,,,,32189,,False,False,,,,,False,
0001628280-24-045689,310158,"Merck & Co., Inc.",healthcare,core,10-Q,2024-11-06,RISK_FACTORS,mrk-20240930.htm,R1_genuinely_absent_from_toc,18,0,0,True,none,,,,,,,,,34289,,False,False,,,,,False,
0001628280-25-021834,310158,"Merck & Co., Inc.",healthcare,core,10-Q,2025-05-02,RISK_FACTORS,mrk-20250331.htm,R1_genuinely_absent_from_toc,18,0,0,True,none,,,,,,,,,27678,,False,False,,,,,False,
0000310158-25-000014,310158,"Merck & Co., Inc.",healthcare,core,10-Q,2025-08-05,RISK_FACTORS,mrk-20250630.htm,R1_genuinely_absent_from_toc,18,0,0,True,none,,,,,,,,,33110,,False,False,,,,,False,
0000310158-25-000059,310158,"Merck & Co., Inc.",healthcare,core,10-Q,2025-11-05,RISK_FACTORS,mrk-20250930.htm,R1_genuinely_absent_from_toc,18,0,0,True,none,,,,,,,,,37996,,False,False,,,,,False,
0001628280-26-029802,310158,"Merck & Co., Inc.",healthcare,core,10-Q,2026-05-04,RISK_FACTORS,mrk-20260331.htm,R1_genuinely_absent_from_toc,18,0,0,True,none,,,,,,,,,30782,,False,False,,,,,False,
0000310158-26-000212,310158,"Merck & Co., Inc.",healthcare,core,10-Q,2026-08-07,RISK_FACTORS,mrk-20260630.htm,R1_genuinely_absent_from_toc,18,0,0,True,none,,,,,,,,,35363,,False,False,,,,,False,
0000797468-15-000012,797468,OCCIDENTAL PETROLEUM CORP /DE/,energy,core,10-Q,2015-08-04,RISK_FACTORS,oxyform10q63015.htm,R1_genuinely_absent_from_toc,14,0,0,True,none,,,,,,,,,13214,,False,False,,,,,False,
0000797468-15-000014,797468,OCCIDENTAL PETROLEUM CORP /DE/,energy,core,10-Q,2015-10-30,RISK_FACTORS,oxyform10q93015.htm,R1_genuinely_absent_from_toc,16,0,0,True,none,,,,,,,,,13803,,False,False,,,,,False,
0000797468-16-000023,797468,OCCIDENTAL PETROLEUM CORP /DE/,energy,core,10-Q,2016-05-05,RISK_FACTORS,oxyform10q33116.htm,R1_genuinely_absent_from_toc,16,0,0,True,none,,,,,,,,,12669,,False,False,,,,,False,
0000797468-16-000036,797468,OCCIDENTAL PETROLEUM CORP /DE/,energy,core,10-Q,2016-08-03,RISK_FACTORS,oxyform10q63016.htm,R1_genuinely_absent_from_toc,16,0,0,True,none,,,,,,,,,13583,,False,False,,,,,False,
0000797468-16-000039,797468,OCCIDENTAL PETROLEUM CORP /DE/,energy,core,10-Q,2016-11-01,RISK_FACTORS,oxyform10q93016.htm,R1_genuinely_absent_from_toc,14,0,0,True,none,,,,,,,,,14712,,False,False,,,,,False,
0000797468-17-000007,797468,OCCIDENTAL PETROLEUM CORP /DE/,energy,core,10-Q,2017-05-04,RISK_FACTORS,oxyform10q33117.htm,R1_genuinely_absent_from_toc,12,0,0,True,none,,,,,,,,,10390,,False,False,,,,,False,
0000797468-17-000019,797468,OCCIDENTAL PETROLEUM CORP /DE/,energy,core,10-Q,2017-08-02,RISK_FACTORS,oxyform10q63017.htm,R1_genuinely_absent_from_toc,14,0,0,True,none,,,,,,,,,12930,,False,False,,,,,False,
0000797468-17-000025,797468,OCCIDENTAL PETROLEUM CORP /DE/,energy,core,10-Q,2017-11-01,RISK_FACTORS,oxyform10q93017.htm,R1_genuinely_absent_from_toc,14,0,0,True,none,,,,,,,,,12992,,False,False,,,,,False,
0000797468-18-000008,797468,OCCIDENTAL PETROLEUM CORP /DE/,energy,core,10-Q,2018-05-08,RISK_FACTORS,oxyform10q33118.htm,R1_genuinely_absent_from_toc,12,0,0,True,none,,,,,,,,,11068,,False,False,,,,,False,
0000797468-18-000014,797468,OCCIDENTAL PETROLEUM CORP /DE/,energy,core,10-Q,2018-08-08,RISK_FACTORS,oxyform10q63018.htm,R1_genuinely_absent_from_toc,14,0,0,True,none,,,,,,,,,13059,,False,False,,,,,False,
0000797468-18-000017,797468,OCCIDENTAL PETROLEUM CORP /DE/,energy,core,10-Q,2018-11-05,RISK_FACTORS,oxyform10q93018.htm,R1_genuinely_absent_from_toc,14,0,0,True,none,,,,,,,,,13617,,False,False,,,,,False,
0001104659-15-054841,726728,REALTY INCOME CORP,materials_realestate,extension,10-Q,2015-07-30,RISK_FACTORS,a15-11930_110q.htm,R1_genuinely_absent_from_toc,12,0,0,True,none,,,,,,,,,29340,,False,False,,,,,False,
0001104659-15-074070,726728,REALTY INCOME CORP,materials_realestate,extension,10-Q,2015-10-29,RISK_FACTORS,a15-17857_110q.htm,R1_genuinely_absent_from_toc,12,0,0,True,none,,,,,,,,,30451,,False,False,,,,,False,
0001104659-16-114676,726728,REALTY INCOME CORP,materials_realestate,extension,10-Q,2016-04-27,RISK_FACTORS,a16-6525_110q.htm,R1_genuinely_absent_from_toc,12,0,0,True,none,,,,,,,,,26659,,False,False,,,,,False,
0001104659-16-134971,726728,REALTY INCOME CORP,materials_realestate,extension,10-Q,2016-07-28,RISK_FACTORS,a16-11620_110q.htm,R1_genuinely_absent_from_toc,12,0,0,True,none,,,,,,,,,29030,,False,False,,,,,False,
0001104659-16-152187,726728,REALTY INCOME CORP,materials_realestate,extension,10-Q,2016-10-26,RISK_FACTORS,a16-17219_110q.htm,R1_genuinely_absent_from_toc,12,0,0,True,none,,,,,,,,,29242,,False,False,,,,,False,
0001104659-17-026354,726728,REALTY INCOME CORP,materials_realestate,extension,10-Q,2017-04-26,RISK_FACTORS,a17-8901_110q.htm,R1_genuinely_absent_from_toc,17,0,0,True,none,,,,,,,,,28120,,False,False,,,,,False,
0001104659-17-047373,726728,REALTY INCOME CORP,materials_realestate,extension,10-Q,2017-07-27,RISK_FACTORS,a17-13355_110q.htm,R1_genuinely_absent_from_toc,12,0,0,True,none,,,,,,,,,29274,,False,False,,,,,False,
0001104659-17-064025,726728,REALTY INCOME CORP,materials_realestate,extension,10-Q,2017-10-26,RISK_FACTORS,a17-20636_110q.htm,R1_genuinely_absent_from_toc,12,0,0,True,none,,,,,,,,,29411,,False,False,,,,,False,
0001104659-18-031721,726728,REALTY INCOME CORP,materials_realestate,extension,10-Q,2018-05-09,RISK_FACTORS,a18-8660_110q.htm,R1_genuinely_absent_from_toc,12,0,0,True,none,,,,,,,,,26930,,False,False,,,,,False,
0000726728-18-000087,726728,REALTY INCOME CORP,materials_realestate,extension,10-Q,2018-08-02,RISK_FACTORS,o-06302018x10q.htm,R1_genuinely_absent_from_toc,16,0,0,True,none,,,,,,,,,29528,,False,False,,,,,False,
0000726728-18-000108,726728,REALTY INCOME CORP,materials_realestate,extension,10-Q,2018-11-01,RISK_FACTORS,o-20180930.htm,R1_genuinely_absent_from_toc,13,0,0,True,none,,,,,,,,,30099,,False,False,,,,,False,
0000726728-19-000049,726728,REALTY INCOME CORP,materials_realestate,extension,10-Q,2019-05-02,RISK_FACTORS,o-03311910qdocument.htm,R1_genuinely_absent_from_toc,16,0,0,True,none,,,,,,,,,28044,,False,False,,,,,False,
0000726728-19-000079,726728,REALTY INCOME CORP,materials_realestate,extension,10-Q,2019-08-06,RISK_FACTORS,o-06301910qdocument.htm,R1_genuinely_absent_from_toc,16,0,0,True,none,,,,,,,,,32672,,False,False,,,,,False,
0000726728-19-000094,726728,REALTY INCOME CORP,materials_realestate,extension,10-Q,2019-11-05,RISK_FACTORS,o-09301910qdocument1.htm,R1_genuinely_absent_from_toc,16,0,0,True,none,,,,,,,,,32513,,False,False,,,,,False,
0001034054-15-000012,1034054,SBA COMMUNICATIONS CORP,materials_realestate,extension,10-Q,2015-08-06,RISK_FACTORS,sbac-20150630x10q.htm,R1_genuinely_absent_from_toc,1,0,0,True,none,,,,,,,,,20895,,False,False,,,,,False,
0001034054-15-000015,1034054,SBA COMMUNICATIONS CORP,materials_realestate,extension,10-Q,2015-11-09,RISK_FACTORS,sbac-20150930x10q.htm,R1_genuinely_absent_from_toc,2,0,0,True,none,,,,,,,,,21426,,False,False,,,,,False,
0001034054-16-000020,1034054,SBA COMMUNICATIONS CORP,materials_realestate,extension,10-Q,2016-05-10,RISK_FACTORS,sbac-20160331x10q.htm,R1_genuinely_absent_from_toc,2,0,0,True,none,,,,,,,,,17792,,False,False,,,,,False,
0001034054-16-000022,1034054,SBA COMMUNICATIONS CORP,materials_realestate,extension,10-Q,2016-08-09,RISK_FACTORS,sbac-20160630x10q.htm,R1_genuinely_absent_from_toc,7,0,0,True,none,,,,,,,12855.0,0.0,23227,,False,False,,,,,False,
0001034054-16-000025,1034054,SBA COMMUNICATIONS CORP,materials_realestate,extension,10-Q,2016-11-09,RISK_FACTORS,sbac-20160930x10q.htm,R1_genuinely_absent_from_toc,7,0,0,True,none,,,,,,,4156.0,0.0,29150,,False,False,,,,,False,
0001034054-17-000006,1034054,SBA COMMUNICATIONS CORP,materials_realestate,extension,10-Q,2017-05-08,RISK_FACTORS,sbac-20170331x10q.htm,R1_genuinely_absent_from_toc,6,0,0,True,none,,,,,,,,,21301,,False,False,,,,,False,
0001034054-17-000008,1034054,SBA COMMUNICATIONS CORP,materials_realestate,extension,10-Q,2017-08-04,RISK_FACTORS,sbac-20170630x10q.htm,R1_genuinely_absent_from_toc,6,0,0,True,none,,,,,,,,,24397,,False,False,,,,,False,
0001034054-17-000010,1034054,SBA COMMUNICATIONS CORP,materials_realestate,extension,10-Q,2017-11-07,RISK_FACTORS,sbac-20170930x10q.htm,R1_genuinely_absent_from_toc,7,0,0,True,none,,,,,,,,,25703,,False,False,,,,,False,
0001034054-18-000007,1034054,SBA COMMUNICATIONS CORP,materials_realestate,extension,10-Q,2018-05-07,RISK_FACTORS,sbac-20180331x10q.htm,R1_genuinely_absent_from_toc,7,0,0,True,none,,,,,,,,,24513,,False,False,,,,,False,
0001034054-18-000016,1034054,SBA COMMUNICATIONS CORP,materials_realestate,extension,10-Q,2018-08-06,RISK_FACTORS,sbac-20180630x10q.htm,R1_genuinely_absent_from_toc,7,0,0,True,none,,,,,,,,,26995,,False,False,,,,,False,
0001034054-18-000018,1034054,SBA COMMUNICATIONS CORP,materials_realestate,extension,10-Q,2018-11-08,RISK_FACTORS,sbac-20180930x10q.htm,R1_genuinely_absent_from_toc,8,0,0,True,none,,,,,,,,,27028,,False,False,,,,,False,
0001034054-19-000004,1034054,SBA COMMUNICATIONS CORP,materials_realestate,extension,10-Q,2019-05-09,RISK_FACTORS,sbac-20190331x10q.htm,R1_genuinely_absent_from_toc,6,0,0,True,none,,,,,,,,,22919,,False,False,,,,,False,
0001034054-19-000008,1034054,SBA COMMUNICATIONS CORP,materials_realestate,extension,10-Q,2019-08-06,RISK_FACTORS,sbac-20190630x10q.htm,R1_genuinely_absent_from_toc,7,0,0,True,none,,,,,,,,,27065,,False,False,,,,,False,
0001034054-19-000011,1034054,SBA COMMUNICATIONS CORP,materials_realestate,extension,10-Q,2019-11-07,RISK_FACTORS,sbac-20190930x10q.htm,R1_genuinely_absent_from_toc,7,0,0,True,none,,,,,,,,,27682,,False,False,,,,,False,
0001034054-21-000005,1034054,SBA COMMUNICATIONS CORP,materials_realestate,extension,10-Q,2021-05-06,RISK_FACTORS,sbac-20210331x10q.htm,R1_genuinely_absent_from_toc,7,0,0,True,none,,,,,,,,,19972,,False,False,,,,,False,
0001034054-21-000007,1034054,SBA COMMUNICATIONS CORP,materials_realestate,extension,10-Q,2021-08-05,RISK_FACTORS,sbac-20210630x10q.htm,R1_genuinely_absent_from_toc,6,0,0,True,none,,,,,,,,,24120,,False,False,,,,,False,
0001034054-21-000011,1034054,SBA COMMUNICATIONS CORP,materials_realestate,extension,10-Q,2021-11-05,RISK_FACTORS,sbac-20210930x10q.htm,R1_genuinely_absent_from_toc,7,0,0,True,none,,,,,,,,,25613,,False,False,,,,,False,
0001034054-22-000004,1034054,SBA COMMUNICATIONS CORP,materials_realestate,extension,10-Q,2022-04-29,RISK_FACTORS,sbac-20220331x10q.htm,R1_genuinely_absent_from_toc,7,0,0,True,none,,,,,,,,,19201,,False,False,,,,,False,
0001034054-22-000006,1034054,SBA COMMUNICATIONS CORP,materials_realestate,extension,10-Q,2022-08-04,RISK_FACTORS,sbac-20220630x10q.htm,R1_genuinely_absent_from_toc,6,0,0,True,none,,,,,,,,,22177,,False,False,,,,,False,
0001034054-22-000008,1034054,SBA COMMUNICATIONS CORP,materials_realestate,extension,10-Q,2022-11-03,RISK_FACTORS,sbac-20220930x10q.htm,R1_genuinely_absent_from_toc,6,0,0,True,none,,,,,,,,,22290,,False,False,,,,,False,
0001034054-23-000004,1034054,SBA COMMUNICATIONS CORP,materials_realestate,extension,10-Q,2023-05-09,RISK_FACTORS,sbac-20230331x10q.htm,R1_genuinely_absent_from_toc,6,0,0,True,none,,,,,,,,,18953,,False,False,,,,,False,
0001034054-23-000006,1034054,SBA COMMUNICATIONS CORP,materials_realestate,extension,10-Q,2023-08-03,RISK_FACTORS,sbac-20230630x10q.htm,R1_genuinely_absent_from_toc,7,0,0,True,none,,,,,,,,,23946,,False,False,,,,,False,
0001034054-23-000008,1034054,SBA COMMUNICATIONS CORP,materials_realestate,extension,10-Q,2023-11-07,RISK_FACTORS,sbac-20230930x10q.htm,R1_genuinely_absent_from_toc,8,0,0,True,none,,,,,,,,,24977,,False,False,,,,,False,
0001034054-24-000005,1034054,SBA COMMUNICATIONS CORP,materials_realestate,extension,10-Q,2024-05-06,RISK_FACTORS,sbac-20240331x10q.htm,R1_genuinely_absent_from_toc,8,0,0,True,none,,,,,,,,,20775,,False,False,,,,,False,
0001034054-24-000009,1034054,SBA COMMUNICATIONS CORP,materials_realestate,extension,10-Q,2024-08-02,RISK_FACTORS,sbac-20240630x10q.htm,R1_genuinely_absent_from_toc,8,0,0,True,none,,,,,,,,,24172,,False,False,,,,,False,
0001034054-24-000012,1034054,SBA COMMUNICATIONS CORP,materials_realestate,extension,10-Q,2024-11-01,RISK_FACTORS,sbac-20240930x10q.htm,R1_genuinely_absent_from_toc,7,0,0,True,none,,,,,,,,,26133,,False,False,,,,,False,
0001034054-25-000004,1034054,SBA COMMUNICATIONS CORP,materials_realestate,extension,10-Q,2025-05-01,RISK_FACTORS,sbac-20250331x10q.htm,R1_genuinely_absent_from_toc,7,0,0,True,none,,,,,,,,,19447,,False,False,,,,,False,
0001034054-25-000008,1034054,SBA COMMUNICATIONS CORP,materials_realestate,extension,10-Q,2025-08-07,RISK_FACTORS,sbac-20250630x10q.htm,R1_genuinely_absent_from_toc,8,0,0,True,none,,,,,,,,,22898,,False,False,,,,,False,
0001034054-25-000010,1034054,SBA COMMUNICATIONS CORP,materials_realestate,extension,10-Q,2025-11-06,RISK_FACTORS,sbac-20250930x10q.htm,R1_genuinely_absent_from_toc,8,0,0,True,none,,,,,,,,,23569,,False,False,,,,,False,
0001034054-26-000009,1034054,SBA COMMUNICATIONS CORP,materials_realestate,extension,10-Q,2026-05-05,RISK_FACTORS,sbac-20260331x10q.htm,R1_genuinely_absent_from_toc,8,0,0,True,none,,,,,,,,,19162,,False,False,,,,,False,
0001034054-26-000011,1034054,SBA COMMUNICATIONS CORP,materials_realestate,extension,10-Q,2026-08-06,RISK_FACTORS,sbac-20260630x10q.htm,R1_genuinely_absent_from_toc,7,0,0,True,none,,,,,,,,,23873,,False,False,,,,,False,
0000089800-15-000015,89800,SHERWIN WILLIAMS CO,consumer,core,10-Q,2015-07-22,RISK_FACTORS,shw-2015630x10q.htm,R1_genuinely_absent_from_toc,16,0,0,True,none,,,,,,,,,16286,,False,False,,,,,False,
0000089800-15-000020,89800,SHERWIN WILLIAMS CO,consumer,core,10-Q,2015-10-29,RISK_FACTORS,shw-2015930x10q.htm,R1_genuinely_absent_from_toc,16,0,0,True,none,,,,,,,,,17192,,False,False,,,,,False,
0000089800-17-000009,89800,SHERWIN WILLIAMS CO,consumer,core,10-Q,2017-04-21,RISK_FACTORS,shw-2017331_10q.htm,R1_genuinely_absent_from_toc,16,0,0,True,none,,,,,,,,,17201,,False,False,,,,,False,
0000092230-20-000060,92230,TRUIST FINANCIAL CORP,financials,core,10-Q,2020-05-08,RISK_FACTORS,tfc-20200331.htm,R1_genuinely_absent_from_toc,4,0,0,True,none,,,,,,,610.0,0.0,39713,,False,False,,,,,False,
0000092230-20-000099,92230,TRUIST FINANCIAL CORP,financials,core,10-Q,2020-08-04,RISK_FACTORS,tfc-20200630.htm,R1_genuinely_absent_from_toc,4,0,0,True,none,,,,,,,704.0,0.0,47078,,False,False,,,,,False,
0000092230-20-000114,92230,TRUIST FINANCIAL CORP,financials,core,10-Q,2020-11-02,RISK_FACTORS,tfc-20200930.htm,R1_genuinely_absent_from_toc,4,0,0,True,none,,,,,,,737.0,0.0,48033,,False,False,,,,,False,
0000036104-24-000052,36104,US BANCORP \DE\,financials,core,10-Q,2024-08-06,RISK_FACTORS,usb-20240630.htm,R1_genuinely_absent_from_toc,4,0,0,True,none,,,,,,,47.0,0.0,51085,,False,False,,,,,False,
0000036104-24-000072,36104,US BANCORP \DE\,financials,core,10-Q,2024-11-05,RISK_FACTORS,usb-20240930.htm,R1_genuinely_absent_from_toc,4,0,0,True,none,,,,,,,47.0,0.0,51185,,False,False,,,,,False,
0000036104-25-000028,36104,US BANCORP \DE\,financials,core,10-Q,2025-05-06,RISK_FACTORS,usb-20250331.htm,R1_genuinely_absent_from_toc,4,0,0,True,none,,,,,,,47.0,0.0,44194,,False,False,,,,,False,
0000036104-25-000055,36104,US BANCORP \DE\,financials,core,10-Q,2025-08-07,RISK_FACTORS,usb-20250630.htm,R1_genuinely_absent_from_toc,4,0,0,True,none,,,,,,,47.0,0.0,50281,,False,False,,,,,False,
0000036104-25-000064,36104,US BANCORP \DE\,financials,core,10-Q,2025-11-05,RISK_FACTORS,usb-20250930.htm,R1_genuinely_absent_from_toc,4,0,0,True,none,,,,,,,47.0,0.0,50417,,False,False,,,,,False,
0000036104-26-000024,36104,US BANCORP \DE\,financials,core,10-Q,2026-05-04,RISK_FACTORS,usb-20260331.htm,R1_genuinely_absent_from_toc,4,0,0,True,none,,,,,,,47.0,0.0,44261,,False,False,,,,,False,
0000036104-26-000044,36104,US BANCORP \DE\,financials,core,10-Q,2026-08-06,RISK_FACTORS,usb-20260630.htm,R1_genuinely_absent_from_toc,4,0,0,True,none,,,,,,,47.0,0.0,50154,,False,False,,,,,False,
0000766704-15-000031,766704,WELLTOWER INC.,materials_realestate,extension,10-Q,2015-08-04,RISK_FACTORS,10-Q.htm,R1_genuinely_absent_from_toc,9,0,0,True,none,,,,,,,34.0,0.0,27747,,False,False,,,,,False,
0000766704-15-000043,766704,WELLTOWER INC.,materials_realestate,extension,10-Q,2015-10-30,RISK_FACTORS,10-Q.htm,R1_genuinely_absent_from_toc,9,0,0,True,none,,,,,,,35.0,0.0,28355,,False,False,,,,,False,
0000766704-16-000072,766704,WELLTOWER INC.,materials_realestate,extension,10-Q,2016-05-05,RISK_FACTORS,10-Q.htm,R1_genuinely_absent_from_toc,9,0,0,True,none,,,,,,,34.0,0.0,24573,,False,False,,,,,False,
0000766704-16-000082,766704,WELLTOWER INC.,materials_realestate,extension,10-Q,2016-08-02,RISK_FACTORS,10-Q.htm,R1_genuinely_absent_from_toc,9,0,0,True,none,,,,,,,35.0,0.0,28185,,False,False,,,,,False,
0000766704-16-000092,766704,WELLTOWER INC.,materials_realestate,extension,10-Q,2016-11-02,RISK_FACTORS,10-Q.htm,R1_genuinely_absent_from_toc,9,0,0,True,none,,,,,,,34.0,0.0,29189,,False,False,,,,,False,
0000766704-17-000024,766704,WELLTOWER INC.,materials_realestate,extension,10-Q,2017-05-05,RISK_FACTORS,10-Q.htm,R1_genuinely_absent_from_toc,9,0,0,True,none,,,,,,,34.0,0.0,23478,,False,False,,,,,False,
0000766704-17-000035,766704,WELLTOWER INC.,materials_realestate,extension,10-Q,2017-07-28,RISK_FACTORS,10-Q.htm,R1_genuinely_absent_from_toc,9,0,0,True,none,,,,,,,34.0,0.0,25818,,False,False,,,,,False,
0000766704-17-000050,766704,WELLTOWER INC.,materials_realestate,extension,10-Q,2017-11-07,RISK_FACTORS,10-Q.htm,R1_genuinely_absent_from_toc,9,0,0,True,none,,,,,,,34.0,0.0,26310,,False,False,,,,,False,
0000766704-18-000030,766704,WELLTOWER INC.,materials_realestate,extension,10-Q,2018-05-04,RISK_FACTORS,10-Q.htm,R1_genuinely_absent_from_toc,9,0,0,True,none,,,,,,,34.0,0.0,24111,,False,False,,,,,False,
0000107263-17-000006,107263,"WILLIAMS COMPANIES, INC.",energy,core,10-Q,2017-05-04,RISK_FACTORS,wmb_20170331x10q.htm,R1_genuinely_absent_from_toc,15,0,0,True,none,,,,,,,21241.0,0.0,25020,,False,False,,,,,False,
0000107263-17-000015,107263,"WILLIAMS COMPANIES, INC.",energy,core,10-Q,2017-08-03,RISK_FACTORS,wmb_20170630x10q.htm,R1_genuinely_absent_from_toc,15,0,0,True,none,,,,,,,9218.0,0.0,28038,,False,False,,,,,False,
0000107263-17-000022,107263,"WILLIAMS COMPANIES, INC.",energy,core,10-Q,2017-11-02,RISK_FACTORS,wmb_20170930x10q.htm,R1_genuinely_absent_from_toc,15,0,0,True,none,,,,,,,10257.0,0.0,31150,,False,False,,,,,False,
0001483096-16-000024,1483096,WILLIAMS PARTNERS L.P.,energy,core,10-Q,2016-05-05,RISK_FACTORS,wpz_20160331x10q.htm,R1_genuinely_absent_from_toc,15,0,0,True,none,,,,,,,18213.0,0.0,22178,,False,False,,,,,False,
0001483096-17-000006,1483096,WILLIAMS PARTNERS L.P.,energy,core,10-Q,2017-05-04,RISK_FACTORS,wpz_20170331x10q.htm,R1_genuinely_absent_from_toc,15,0,0,True,none,,,,,,,17746.0,0.0,21899,,False,False,,,,,False,
0001483096-17-000012,1483096,WILLIAMS PARTNERS L.P.,energy,core,10-Q,2017-08-03,RISK_FACTORS,wpz_20170630x10q.htm,R1_genuinely_absent_from_toc,15,0,0,True,none,,,,,,,9367.0,0.0,24797,,False,False,,,,,False,
0001483096-17-000022,1483096,WILLIAMS PARTNERS L.P.,energy,core,10-Q,2017-11-02,RISK_FACTORS,wpz_20170930x10q.htm,R1_genuinely_absent_from_toc,15,0,0,True,none,,,,,,,10473.0,0.0,27767,,False,False,,,,,False,
0001144204-17-023373,1318220,"Waste Connections, Inc.",utilities,extension,10-Q,2017-05-01,RISK_FACTORS,v464157_10q.htm,R1_genuinely_absent_from_toc,7,0,0,True,none,,,,,,,,,32674,,False,False,,,,,False,
0001144204-17-038196,1318220,"Waste Connections, Inc.",utilities,extension,10-Q,2017-07-26,RISK_FACTORS,v471123_10q.htm,R1_genuinely_absent_from_toc,9,0,0,True,none,,,,,,,,,40701,,False,False,,,,,False,
0001144204-17-054180,1318220,"Waste Connections, Inc.",utilities,extension,10-Q,2017-10-26,RISK_FACTORS,v476554_10q.htm,R1_genuinely_absent_from_toc,17,0,0,True,none,,,,,,,,,44126,,False,False,,,,,False,
0001144204-18-024785,1318220,"Waste Connections, Inc.",utilities,extension,10-Q,2018-05-02,RISK_FACTORS,tv490581_10q.htm,R1_genuinely_absent_from_toc,20,0,0,True,none,,,,,,,,,33874,,False,False,,,,,False,
0001144204-18-039733,1318220,"Waste Connections, Inc.",utilities,extension,10-Q,2018-07-25,RISK_FACTORS,tv498819_10q.htm,R1_genuinely_absent_from_toc,17,0,0,True,none,,,,,,,,,41823,,False,False,,,,,False,
0001144204-18-055981,1318220,"Waste Connections, Inc.",utilities,extension,10-Q,2018-10-30,RISK_FACTORS,tv504414_10q.htm,R1_genuinely_absent_from_toc,20,0,0,True,none,,,,,,,,,42740,,False,False,,,,,False,
0001558370-19-003257,1318220,"Waste Connections, Inc.",utilities,extension,10-Q,2019-04-25,RISK_FACTORS,wcn-20190331x10q.htm,R1_genuinely_absent_from_toc,14,0,0,True,none,,,,,,,,,31711,,False,False,,,,,False,
0001558370-19-006491,1318220,"Waste Connections, Inc.",utilities,extension,10-Q,2019-07-30,RISK_FACTORS,wcn-20190630x10q.htm,R1_genuinely_absent_from_toc,17,0,0,True,none,,,,,,,,,39271,,False,False,,,,,False,
0001558370-19-009250,1318220,"Waste Connections, Inc.",utilities,extension,10-Q,2019-10-29,RISK_FACTORS,wcn-20190930x10q5e577a.htm,R1_genuinely_absent_from_toc,15,0,0,True,none,,,,,,,,,39725,,False,False,,,,,False,
0001558370-20-009797,1318220,"Waste Connections, Inc.",utilities,extension,10-Q,2020-08-07,RISK_FACTORS,wcn-20200630x10q.htm,R1_genuinely_absent_from_toc,15,0,0,True,none,,,,,,,,,40809,,False,False,,,,,False,
0001558370-20-011956,1318220,"Waste Connections, Inc.",utilities,extension,10-Q,2020-10-29,RISK_FACTORS,wcn-20200930x10q.htm,R1_genuinely_absent_from_toc,15,0,0,True,none,,,,,,,,,43406,,False,False,,,,,False,
0001558370-21-005162,1318220,"Waste Connections, Inc.",utilities,extension,10-Q,2021-04-29,RISK_FACTORS,wcn-20210331x10q.htm,R1_genuinely_absent_from_toc,17,0,0,True,none,,,,,,,,,29384,,False,False,,,,,False,
0001558370-21-010352,1318220,"Waste Connections, Inc.",utilities,extension,10-Q,2021-08-05,RISK_FACTORS,wcn-20210630x10q.htm,R1_genuinely_absent_from_toc,17,0,0,True,none,,,,,,,,,38856,,False,False,,,,,False,
0001558370-21-013672,1318220,"Waste Connections, Inc.",utilities,extension,10-Q,2021-10-28,RISK_FACTORS,wcn-20210930x10q.htm,R1_genuinely_absent_from_toc,15,0,0,True,none,,,,,,,,,40724,,False,False,,,,,False,
0001558370-22-006923,1318220,"Waste Connections, Inc.",utilities,extension,10-Q,2022-05-04,RISK_FACTORS,wcn-20220331x10q.htm,R1_genuinely_absent_from_toc,17,0,0,True,none,,,,,,,,,27229,,False,False,,,,,False,
0001558370-22-011734,1318220,"Waste Connections, Inc.",utilities,extension,10-Q,2022-08-03,RISK_FACTORS,wcn-20220630x10q.htm,R1_genuinely_absent_from_toc,15,0,0,True,none,,,,,,,,,31475,,False,False,,,,,False,
0001558370-22-016106,1318220,"Waste Connections, Inc.",utilities,extension,10-Q,2022-11-03,RISK_FACTORS,wcn-20220930x10q.htm,R1_genuinely_absent_from_toc,15,0,0,True,none,,,,,,,,,33969,,False,False,,,,,False,
0001558370-23-006942,1318220,"Waste Connections, Inc.",utilities,extension,10-Q,2023-04-27,RISK_FACTORS,wcn-20230331x10q.htm,R1_genuinely_absent_from_toc,15,0,0,True,none,,,,,,,,,26110,,False,False,,,,,False,
0001558370-23-013028,1318220,"Waste Connections, Inc.",utilities,extension,10-Q,2023-08-03,RISK_FACTORS,wcn-20230630x10q.htm,R1_genuinely_absent_from_toc,15,0,0,True,none,,,,,,,,,32265,,False,False,,,,,False,
0001558370-23-016758,1318220,"Waste Connections, Inc.",utilities,extension,10-Q,2023-10-26,RISK_FACTORS,wcn-20230930x10q.htm,R1_genuinely_absent_from_toc,15,0,0,True,none,,,,,,,,,32721,,False,False,,,,,False,
0001558370-24-005670,1318220,"Waste Connections, Inc.",utilities,extension,10-Q,2024-04-25,RISK_FACTORS,wcn-20240331x10q.htm,R1_genuinely_absent_from_toc,15,0,0,True,none,,,,,,,,,28620,,False,False,,,,,False,
0001558370-24-010097,1318220,"Waste Connections, Inc.",utilities,extension,10-Q,2024-07-25,RISK_FACTORS,wcn-20240630x10q.htm,R1_genuinely_absent_from_toc,15,0,0,True,none,,,,,,,,,36119,,False,False,,,,,False,
0001558370-24-013554,1318220,"Waste Connections, Inc.",utilities,extension,10-Q,2024-10-24,RISK_FACTORS,wcn-20240930x10q.htm,R1_genuinely_absent_from_toc,15,0,0,True,none,,,,,,,,,36767,,False,False,,,,,False,
0001558370-25-005319,1318220,"Waste Connections, Inc.",utilities,extension,10-Q,2025-04-24,RISK_FACTORS,wcn-20250331x10q.htm,R1_genuinely_absent_from_toc,15,0,0,True,none,,,,,,,,,28241,,False,False,,,,,False,
0001558370-25-009490,1318220,"Waste Connections, Inc.",utilities,extension,10-Q,2025-07-24,RISK_FACTORS,wcn-20250630x10q.htm,R1_genuinely_absent_from_toc,17,0,0,True,none,,,,,,,,,34498,,False,False,,,,,False,
0001104659-25-101349,1318220,"Waste Connections, Inc.",utilities,extension,10-Q,2025-10-22,RISK_FACTORS,wcn-20250930x10q.htm,R1_genuinely_absent_from_toc,19,0,0,True,none,,,,,,,,,34709,,False,False,,,,,False,
0001104659-26-047074,1318220,"Waste Connections, Inc.",utilities,extension,10-Q,2026-04-23,RISK_FACTORS,wcn-20260331x10q.htm,R1_genuinely_absent_from_toc,19,0,0,True,none,,,,,,,,,30075,,False,False,,,,,False,
0001104659-26-086006,1318220,"Waste Connections, Inc.",utilities,extension,10-Q,2026-07-23,RISK_FACTORS,wcn-20260630x10q.htm,R1_genuinely_absent_from_toc,19,0,0,True,none,,,,,,,,,33892,,False,False,,,,,False,
0000005272-23-000023,5272,"AMERICAN INTERNATIONAL GROUP, INC.",financials,core,10-Q,2023-05-05,RISK_FACTORS,aig-20230331.htm,R2_first_dangling_later_resolves,33,3,2,True,F1_anchor_later_entry_end_guarded,40.0,0.0,40.0,40.0,0.0,0.0,782.0,1.0,84230,0.0,True,True,1.0,0.0,BELOW_0.5x_MEDIAN,BAND_STUB(19-250w),True,"ITEM 1A | Risk Factors In addition to the other information set forth in this Quarterly Report on Form 10-Q, you should carefully consider the risk factors discussed in Part I, Item 1A. Risk Factors in the 2022 Annual Report."
0000005272-23-000033,5272,"AMERICAN INTERNATIONAL GROUP, INC.",financials,core,10-Q,2023-08-02,RISK_FACTORS,aig-20230630.htm,R2_first_dangling_later_resolves,33,3,2,True,F1_anchor_later_entry_end_guarded,40.0,0.0,40.0,40.0,0.0,0.0,775.0,1.0,98221,0.0,True,True,1.0,0.0,BELOW_0.5x_MEDIAN,BAND_STUB(19-250w),True,"ITEM 1A | Risk Factors In addition to the other information set forth in this Quarterly Report on Form 10-Q, you should carefully consider the risk factors discussed in Part I, Item 1A. Risk Factors in the 2022 Annual Report."
0000008670-15-000026,8670,AUTOMATIC DATA PROCESSING INC,tech,core,10-Q,2015-11-05,RISK_FACTORS,q1fy1610q.htm,R2_first_dangling_later_resolves,23,3,2,True,F1_anchor_later_entry_end_guarded,37.0,1.0,487.0,37.0,1.0,1.0,37.0,0.0,17951,0.0,True,True,1.0,0.0,BELOW_0.5x_MEDIAN,BAND_STUB(19-250w),True,"Item 1A. Risk Factors There have been no material changes in our risk factors disclosed in Part 1, Item 1A, of our Annual Report on Form 10-K for the fiscal year ended June 30, 2015 . 35 Item 2. Unregistered"
0000008670-16-000030,8670,AUTOMATIC DATA PROCESSING INC,tech,core,10-Q,2016-02-03,RISK_FACTORS,q2fy1610q.htm,R2_first_dangling_later_resolves,24,3,2,True,F1_anchor_later_entry_end_guarded,37.0,1.0,1067.0,37.0,1.0,1.0,37.0,0.0,21881,0.0,True,True,1.0,0.0,BELOW_0.5x_MEDIAN,BAND_STUB(19-250w),True,"Item 1A. Risk Factors There have been no material changes in our risk factors disclosed in Part 1, Item 1A, of our Annual Report on Form 10-K for the fiscal year ended June 30, 2015 . 38 Item 2. Unregistered"
0000008670-16-000034,8670,AUTOMATIC DATA PROCESSING INC,tech,core,10-Q,2016-05-05,RISK_FACTORS,q3fy1610q.htm,R2_first_dangling_later_resolves,24,3,2,True,F1_anchor_later_entry_end_guarded,37.0,1.0,1070.0,37.0,1.0,1.0,37.0,0.0,20852,0.0,True,True,1.0,0.0,BELOW_0.5x_MEDIAN,BAND_STUB(19-250w),True,"Item 1A. Risk Factors There have been no material changes in our risk factors disclosed in Part 1, Item 1A, of our Annual Report on Form 10-K for the fiscal year ended June 30, 2015 . 38 Item 2. Unregistered"
0000008670-16-000059,8670,AUTOMATIC DATA PROCESSING INC,tech,core,10-Q,2016-11-03,RISK_FACTORS,q1fy1710-q.htm,R2_first_dangling_later_resolves,23,3,2,True,F1_anchor_later_entry_end_guarded,37.0,1.0,434.0,37.0,1.0,1.0,37.0,0.0,16527,0.0,True,True,1.0,0.0,BELOW_0.5x_MEDIAN,BAND_STUB(19-250w),True,"Item 1A. Risk Factors There have been no material changes in our risk factors disclosed in Part 1, Item 1A, of our Annual Report on Form 10-K for the fiscal year ended June 30, 2016 . 35 Item 2. Unregistered"
0000008670-17-000003,8670,AUTOMATIC DATA PROCESSING INC,tech,core,10-Q,2017-02-01,RISK_FACTORS,q2fy1710-q.htm,R2_first_dangling_later_resolves,23,3,2,True,F1_anchor_later_entry_end_guarded,37.0,1.0,415.0,37.0,1.0,1.0,37.0,0.0,19834,0.0,True,True,1.0,0.0,BELOW_0.5x_MEDIAN,BAND_STUB(19-250w),True,"Item 1A. Risk Factors There have been no material changes in our risk factors disclosed in Part 1, Item 1A, of our Annual Report on Form 10-K for the fiscal year ended June 30, 2016 . 39 Item 2. Unregistered"
0000008670-17-000005,8670,AUTOMATIC DATA PROCESSING INC,tech,core,10-Q,2017-05-04,RISK_FACTORS,q3fy1710-q.htm,R2_first_dangling_later_resolves,23,3,2,True,F1_anchor_later_entry_end_guarded,37.0,1.0,415.0,37.0,1.0,1.0,37.0,0.0,20543,0.0,True,True,1.0,0.0,BELOW_0.5x_MEDIAN,BAND_STUB(19-250w),True,"Item 1A. Risk Factors There have been no material changes in our risk factors disclosed in Part 1, Item 1A, of our Annual Report on Form 10-K for the fiscal year ended June 30, 2016 . 38 Item 2. Unregistered"
0000008670-17-000012,8670,AUTOMATIC DATA PROCESSING INC,tech,core,10-Q,2017-11-02,RISK_FACTORS,q1fy1810q.htm,R2_first_dangling_later_resolves,23,3,2,True,F1_anchor_later_entry_end_guarded,37.0,1.0,411.0,37.0,1.0,1.0,37.0,0.0,16196,0.0,True,True,1.0,0.0,BELOW_0.5x_MEDIAN,BAND_STUB(19-250w),True,"Item 1A. Risk Factors There have been no material changes in our risk factors disclosed in Part 1, Item 1A, of our Annual Report on Form 10-K for the fiscal year ended June 30, 2017 . 35 Item 2. Unregistered"
0000008670-18-000003,8670,AUTOMATIC DATA PROCESSING INC,tech,core,10-Q,2018-02-01,RISK_FACTORS,q2fy1810q.htm,R2_first_dangling_later_resolves,23,3,2,True,F1_anchor_later_entry_end_guarded,37.0,1.0,416.0,37.0,1.0,1.0,37.0,0.0,19982,0.0,True,True,1.0,0.0,BELOW_0.5x_MEDIAN,BAND_STUB(19-250w),True,"Item 1A. Risk Factors There have been no material changes in our risk factors disclosed in Part 1, Item 1A, of our Annual Report on Form 10-K for the fiscal year ended June 30, 2017 . 39 Item 2. Unregistered"
0000008670-18-000007,8670,AUTOMATIC DATA PROCESSING INC,tech,core,10-Q,2018-05-04,RISK_FACTORS,q3fy1810q.htm,R2_first_dangling_later_resolves,23,3,2,True,F1_anchor_later_entry_end_guarded,37.0,1.0,423.0,37.0,1.0,1.0,37.0,0.0,20904,0.0,True,True,1.0,0.0,BELOW_0.5x_MEDIAN,BAND_STUB(19-250w),True,"Item 1A. Risk Factors There have been no material changes in our risk factors disclosed in Part 1, Item 1A, of our Annual Report on Form 10-K for the fiscal year ended June 30, 2017 . 40 Item 2. Unregistered"
0000008670-18-000017,8670,AUTOMATIC DATA PROCESSING INC,tech,core,10-Q,2018-11-01,RISK_FACTORS,q1fy1910q.htm,R2_first_dangling_later_resolves,23,3,2,True,F1_anchor_later_entry_end_guarded,37.0,1.0,411.0,37.0,1.0,1.0,37.0,0.0,19923,0.0,True,True,1.0,0.0,BELOW_0.5x_MEDIAN,BAND_STUB(19-250w),True,"Item 1A. Risk Factors There have been no material changes in our risk factors disclosed in Part 1, Item 1A, of our Annual Report on Form 10-K for the fiscal year ended June 30, 2018 . 40 Item 2. Unregistered"
0000008670-19-000005,8670,AUTOMATIC DATA PROCESSING INC,tech,core,10-Q,2019-01-31,RISK_FACTORS,q2fy1910q.htm,R2_first_dangling_later_resolves,23,3,2,True,F1_anchor_later_entry_end_guarded,37.0,1.0,616.0,37.0,1.0,1.0,37.0,0.0,22624,0.0,True,True,1.0,0.0,BELOW_0.5x_MEDIAN,BAND_STUB(19-250w),True,"Item 1A. Risk Factors There have been no material changes in our risk factors disclosed in Part 1, Item 1A, of our Annual Report on Form 10-K for the fiscal year ended June 30, 2018 . 43 Item 2. Unregistered"
0000008670-19-000013,8670,AUTOMATIC DATA PROCESSING INC,tech,core,10-Q,2019-05-03,RISK_FACTORS,q3fy1910q.htm,R2_first_dangling_later_resolves,24,3,2,True,F1_anchor_later_entry_end_guarded,37.0,1.0,518.0,37.0,1.0,1.0,37.0,0.0,22967,0.0,True,True,1.0,0.0,BELOW_0.5x_MEDIAN,BAND_STUB(19-250w),True,"Item 1A. Risk Factors There have been no material changes in our risk factors disclosed in Part 1, Item 1A, of our Annual Report on Form 10-K for the fiscal year ended June 30, 2018 . 45 Item 2. Unregistered"
0000008670-19-000027,8670,AUTOMATIC DATA PROCESSING INC,tech,core,10-Q,2019-11-04,RISK_FACTORS,q1fy2010q.htm,R2_first_dangling_later_resolves,21,3,2,True,F1_anchor_later_entry_end_guarded,37.0,1.0,469.0,37.0,1.0,1.0,37.0,0.0,17748,0.0,True,True,1.0,0.0,BELOW_0.5x_MEDIAN,BAND_STUB(19-250w),True,"Item 1A. Risk Factors There have been no material changes in our risk factors disclosed in Part 1, Item 1A, of our Annual Report on Form 10-K for the fiscal year ended June 30, 2019 . 40 Item 2. Unregistered"
0000008670-20-000007,8670,AUTOMATIC DATA PROCESSING INC,tech,core,10-Q,2020-01-31,RISK_FACTORS,q2fy2010q.htm,R2_first_dangling_later_resolves,21,3,2,True,F1_anchor_later_entry_end_guarded,37.0,1.0,510.0,37.0,1.0,1.0,37.0,0.0,19145,0.0,True,True,1.0,0.0,BELOW_0.5x_MEDIAN,BAND_STUB(19-250w),True,"Item 1A. Risk Factors There have been no material changes in our risk factors disclosed in Part 1, Item 1A, of our Annual Report on Form 10-K for the fiscal year ended June 30, 2019 . 44 Item 2. Unregistered"
0001390777-17-000076,1390777,Bank of New York Mellon Corp,financials,core,10-Q,2017-05-08,RISK_FACTORS,bk1q201710-q.htm,R2_first_dangling_later_resolves,14,2,1,True,F1_anchor_later_entry_end_guarded,1102.0,1.0,2311.0,1102.0,1.0,1.0,1102.0,0.0,58432,0.0,True,True,1.0,0.0,ABOVE_2x_MEDIAN,BAND_MID(250-2000w),True,"Item 1A. Risk Factors The following discussion supplements the discussion of risk factors that could affect our business, financial condition or results of operations set forth in Part I, Item 1A, Risk Factors, on pages 90 through 116 of our"
0001390777-17-000095,1390777,Bank of New York Mellon Corp,financials,core,10-Q,2017-08-03,RISK_FACTORS,bk2q201710-q.htm,R2_first_dangling_later_resolves,14,2,1,True,F1_anchor_later_entry_end_guarded,1121.0,1.0,2536.0,1121.0,1.0,1.0,1121.0,0.0,64151,0.0,True,True,1.0,0.0,ABOVE_2x_MEDIAN,BAND_MID(250-2000w),True,"Item 1A. Risk Factors The following discussion supplements the discussion of risk factors that could affect our business, financial condition or results of operations set forth in Part I, Item 1A, Risk Factors, on pages 90 through 116 of our"
0001390777-17-000106,1390777,Bank of New York Mellon Corp,financials,core,10-Q,2017-11-07,RISK_FACTORS,bk3q201710-q.htm,R2_first_dangling_later_resolves,14,2,1,True,F1_anchor_later_entry_end_guarded,1121.0,1.0,2208.0,1121.0,1.0,1.0,1121.0,0.0,61904,0.0,True,True,1.0,0.0,ABOVE_2x_MEDIAN,BAND_MID(250-2000w),True,"Item 1A. Risk Factors The following discussion supplements the discussion of risk factors that could affect our business, financial condition or results of operations set forth in Part I, Item 1A, Risk Factors, on pages 90 through 116 of our"
0001390777-20-000062,1390777,Bank of New York Mellon Corp,financials,core,10-Q,2020-05-07,RISK_FACTORS,form10-q1q20.htm,R2_first_dangling_later_resolves,14,2,1,True,F1_anchor_later_entry_end_guarded,736.0,1.0,1939.0,736.0,1.0,1.0,736.0,0.0,59240,0.0,True,True,1.0,0.0,ABOVE_2x_MEDIAN,BAND_MID(250-2000w),True,"Item 1A. Risk Factors The following discussion supplements the discussion of risk factors that could affect our business, financial condition or results of operations set forth in Part I, Item 1A., Risk Factors, on pages 75 through 99 of our"
0001390777-20-000072,1390777,Bank of New York Mellon Corp,financials,core,10-Q,2020-08-06,RISK_FACTORS,form10-q2q20.htm,R2_first_dangling_later_resolves,14,2,1,True,F1_anchor_later_entry_end_guarded,896.0,1.0,2325.0,896.0,1.0,1.0,896.0,0.0,64829,0.0,True,True,1.0,0.0,ABOVE_2x_MEDIAN,BAND_MID(250-2000w),True,"Item 1A. Risk Factors. The following discussion supplements the discussion of risk factors that could affect our business, financial condition or results of operations set forth in Part I, Item 1A., Risk Factors, on pages 75 through 99 of our"
0000927628-26-000048,927628,CAPITAL ONE FINANCIAL CORP,financials,core,10-Q,2026-05-07,RISK_FACTORS,cof-20260331.htm,R2_first_dangling_later_resolves,102,3,2,True,F1_anchor_later_entry_end_guarded,29.0,0.0,29.0,29.0,0.0,0.0,29.0,0.0,57387,0.0,True,True,1.0,0.0,BELOW_0.5x_MEDIAN,BAND_STUB(19-250w),True,Item 1A. Risk Factors We are not aware of any material changes from the risk factors set forth under “Part I—Item 1A. Risk Factors” in our 2025 Form 10-K.
0000927628-26-000089,927628,CAPITAL ONE FINANCIAL CORP,financials,core,10-Q,2026-07-28,RISK_FACTORS,cof-20260630.htm,R2_first_dangling_later_resolves,102,3,2,True,F1_anchor_later_entry_end_guarded,29.0,0.0,29.0,29.0,0.0,0.0,29.0,0.0,63835,0.0,True,True,1.0,0.0,BELOW_0.5x_MEDIAN,BAND_STUB(19-250w),True,Item 1A. Risk Factors We are not aware of any material changes from the risk factors set forth under “Part I—Item 1A. Risk Factors” in our 2025 Form 10-K.
0001539838-15-000037,1539838,"Diamondback Energy, Inc.",energy,core,10-Q,2015-08-10,RISK_FACTORS,a6301510-q.htm,R2_first_dangling_later_resolves,19,2,1,True,F1_anchor_later_entry_end_guarded,131.0,1.0,863.0,131.0,1.0,1.0,49.0,0.0,27184,0.0,True,True,1.0,0.0,IN_0.5-2x_BAND,BAND_STUB(19-250w),True,"ITEM 1A. RISK FACTORS Our business faces many risks. Any of the risks discussed in this Form 10-Q and our other SEC filings could have a material impact on our business, financial position or results of operations. Additional risks and"
0000072741-16-000107,72741,EVERSOURCE ENERGY,utilities,extension,10-Q,2016-11-04,RISK_FACTORS,q3201610-qxdocument.htm,R2_first_dangling_later_resolves,24,3,1,True,F1_anchor_later_entry_end_guarded,436.0,1.0,1394.0,436.0,1.0,1.0,110.0,0.0,37661,-1.0,False,True,1.0,0.0,ABOVE_2x_MEDIAN,BAND_MID(250-2000w),False,"PART II. OTHER INFORMATION ITEM 1. LEGAL PROCEEDINGS We are parties to various legal proceedings. We have disclosed these legal proceedings in Part I, Item 3, “Legal Proceedings,” and elsewhere in our 2015 Form 10-K. These disclosures are incorporated herein"
0000072741-17-000021,72741,EVERSOURCE ENERGY,utilities,extension,10-Q,2017-05-05,RISK_FACTORS,q1201710-qxdocument.htm,R2_first_dangling_later_resolves,24,3,1,True,F1_anchor_later_entry_end_guarded,179.0,1.0,1249.0,179.0,1.0,1.0,110.0,0.0,31147,-1.0,False,True,1.0,0.0,IN_0.5-2x_BAND,BAND_STUB(19-250w),False,"PART II. OTHER INFORMATION ITEM 1. LEGAL PROCEEDINGS We are parties to various legal proceedings. We have disclosed these legal proceedings in Part I, Item 3, ""Legal Proceedings,"" and elsewhere in our 2016 Form 10-K. These disclosures are incorporated herein"
0000072741-17-000030,72741,EVERSOURCE ENERGY,utilities,extension,10-Q,2017-08-04,RISK_FACTORS,q2201710-qxdocument.htm,R2_first_dangling_later_resolves,24,3,1,True,F1_anchor_later_entry_end_guarded,264.0,1.0,1251.0,264.0,1.0,1.0,110.0,0.0,35738,-1.0,False,True,1.0,0.0,ABOVE_2x_MEDIAN,BAND_MID(250-2000w),False,"PART II. OTHER INFORMATION ITEM 1. LEGAL PROCEEDINGS We are parties to various legal proceedings. We have disclosed these legal proceedings in Part I, Item 3, ""Legal Proceedings,"" and elsewhere in our 2016 Form 10-K. These disclosures are incorporated herein"
0000072741-17-000045,72741,EVERSOURCE ENERGY,utilities,extension,10-Q,2017-11-03,RISK_FACTORS,q3201710-qxdocument.htm,R2_first_dangling_later_resolves,24,3,1,True,F1_anchor_later_entry_end_guarded,264.0,1.0,1318.0,264.0,1.0,1.0,110.0,0.0,37720,-1.0,False,True,1.0,0.0,ABOVE_2x_MEDIAN,BAND_MID(250-2000w),False,"PART II. OTHER INFORMATION ITEM 1. LEGAL PROCEEDINGS We are parties to various legal proceedings. We have disclosed these legal proceedings in Part I, Item 3, ""Legal Proceedings,"" and elsewhere in our 2016 Form 10-K. These disclosures are incorporated herein"
0000072741-18-000042,72741,EVERSOURCE ENERGY,utilities,extension,10-Q,2018-05-03,RISK_FACTORS,a2018q110-qxdocument.htm,R2_first_dangling_later_resolves,24,3,1,True,F1_anchor_later_entry_end_guarded,181.0,1.0,1094.0,181.0,1.0,1.0,112.0,0.0,36599,-1.0,False,True,1.0,0.0,IN_0.5-2x_BAND,BAND_STUB(19-250w),False,"PART II. OTHER INFORMATION ITEM 1. LEGAL PROCEEDINGS We are parties to various legal proceedings. We have disclosed these legal proceedings in Part I, Item 3, ""Legal Proceedings,"" and elsewhere in our 2017 Form 10-K. These disclosures are incorporated herein"
0000072741-18-000053,72741,EVERSOURCE ENERGY,utilities,extension,10-Q,2018-08-03,RISK_FACTORS,a2018q210-qxdocument.htm,R2_first_dangling_later_resolves,24,3,1,True,F1_anchor_later_entry_end_guarded,181.0,1.0,993.0,181.0,1.0,1.0,112.0,0.0,42064,-1.0,False,True,1.0,0.0,IN_0.5-2x_BAND,BAND_STUB(19-250w),False,"PART II. OTHER INFORMATION ITEM 1. LEGAL PROCEEDINGS We are parties to various legal proceedings. We have disclosed these legal proceedings in Part I, Item 3, ""Legal Proceedings,"" and elsewhere in our 2017 Form 10-K. These disclosures are incorporated herein"
0000072741-18-000060,72741,EVERSOURCE ENERGY,utilities,extension,10-Q,2018-11-06,RISK_FACTORS,a2018q310-qxdocument.htm,R2_first_dangling_later_resolves,24,3,1,True,F1_anchor_later_entry_end_guarded,271.0,1.0,1083.0,271.0,1.0,1.0,112.0,0.0,44602,-1.0,False,True,1.0,0.0,ABOVE_2x_MEDIAN,BAND_MID(250-2000w),False,"PART II. OTHER INFORMATION ITEM 1. LEGAL PROCEEDINGS We are parties to various legal proceedings. We have disclosed these legal proceedings in Part I, Item 3, ""Legal Proceedings,"" and elsewhere in our 2017 Form 10-K. These disclosures are incorporated herein"
0000072741-19-000026,72741,EVERSOURCE ENERGY,utilities,extension,10-Q,2019-05-07,RISK_FACTORS,a2019q110-qxdocument.htm,R2_first_dangling_later_resolves,24,3,1,True,F1_anchor_later_entry_end_guarded,358.0,1.0,1180.0,358.0,1.0,1.0,112.0,0.0,34089,-1.0,False,True,1.0,0.0,ABOVE_2x_MEDIAN,BAND_MID(250-2000w),False,"PART II. OTHER INFORMATION ITEM 1. LEGAL PROCEEDINGS We are parties to various legal proceedings. We have disclosed these legal proceedings in Part I, Item 3, ""Legal Proceedings,"" and elsewhere in our 2018 Form 10-K. These disclosures are incorporated herein"
0000072741-19-000034,72741,EVERSOURCE ENERGY,utilities,extension,10-Q,2019-08-06,RISK_FACTORS,a2019q210-qxdocument.htm,R2_first_dangling_later_resolves,24,3,1,True,F1_anchor_later_entry_end_guarded,381.0,1.0,1310.0,381.0,1.0,1.0,112.0,0.0,42982,-1.0,False,True,1.0,0.0,ABOVE_2x_MEDIAN,BAND_MID(250-2000w),False,"PART II. OTHER INFORMATION ITEM 1. LEGAL PROCEEDINGS We are parties to various legal proceedings. We have disclosed these legal proceedings in Part I, Item 3, ""Legal Proceedings,"" and elsewhere in our 2018 Form 10-K. These disclosures are incorporated herein"
0000072741-19-000042,72741,EVERSOURCE ENERGY,utilities,extension,10-Q,2019-11-07,RISK_FACTORS,a2019q310-qxdocument.htm,R2_first_dangling_later_resolves,24,3,1,True,F1_anchor_later_entry_end_guarded,602.0,1.0,1467.0,602.0,1.0,1.0,112.0,0.0,43986,-1.0,False,True,1.0,0.0,ABOVE_2x_MEDIAN,BAND_MID(250-2000w),False,"PART II. OTHER INFORMATION ITEM 1. LEGAL PROCEEDINGS We are parties to various legal proceedings. We have disclosed certain legal proceedings in Part I, Item 3, ""Legal Proceedings,"" and elsewhere in our 2018 Form 10-K. These disclosures are incorporated herein"
0000072741-20-000013,72741,EVERSOURCE ENERGY,utilities,extension,10-Q,2020-05-08,RISK_FACTORS,a2020q110-qxdocument.htm,R2_first_dangling_later_resolves,24,3,1,True,F1_anchor_later_entry_end_guarded,1226.0,1.0,2127.0,1226.0,1.0,1.0,1159.0,0.0,39050,-1.0,False,True,1.0,0.0,ABOVE_2x_MEDIAN,BAND_MID(250-2000w),False,"PART II. OTHER INFORMATION ITEM 1. LEGAL PROCEEDINGS We are parties to various legal proceedings. We have disclosed certain legal proceedings in Part I, Item 3, ""Legal Proceedings,"" and elsewhere in our 2019 Form 10-K. These disclosures are incorporated herein"
0000072741-20-000020,72741,EVERSOURCE ENERGY,utilities,extension,10-Q,2020-08-07,RISK_FACTORS,a2020q210-qxdocument.htm,R2_first_dangling_later_resolves,24,3,1,True,F1_anchor_later_entry_end_guarded,1265.0,1.0,2087.0,1265.0,1.0,1.0,1198.0,0.0,45415,-1.0,False,True,1.0,0.0,ABOVE_2x_MEDIAN,BAND_MID(250-2000w),False,"PART II. OTHER INFORMATION ITEM 1. LEGAL PROCEEDINGS We are parties to various legal proceedings. We have disclosed certain legal proceedings in Part I, Item 3, ""Legal Proceedings,"" and elsewhere in our 2019 Form 10-K. These disclosures are incorporated herein"
0000072741-20-000024,72741,EVERSOURCE ENERGY,utilities,extension,10-Q,2020-11-06,RISK_FACTORS,a2020q310-qxdocument.htm,R2_first_dangling_later_resolves,24,3,1,True,F1_anchor_later_entry_end_guarded,1330.0,1.0,2340.0,1330.0,1.0,1.0,1263.0,0.0,49560,-1.0,False,True,1.0,0.0,ABOVE_2x_MEDIAN,BAND_MID(250-2000w),False,"PART II. OTHER INFORMATION ITEM 1. LEGAL PROCEEDINGS We are parties to various legal proceedings. We have disclosed certain legal proceedings in Part I, Item 3, ""Legal Proceedings,"" and elsewhere in our 2019 Form 10-K. These disclosures are incorporated herein"
0000798354-20-000020,798354,FISERV INC,financials,core,10-Q,2020-08-06,RISK_FACTORS,fisv0630202010-q.htm,R2_first_dangling_later_resolves,17,2,1,True,F1_anchor_later_entry_end_guarded,1561.0,0.0,1561.0,1561.0,0.0,0.0,1564.0,0.0,29518,0.0,True,True,1.0,0.0,ABOVE_2x_MEDIAN,BAND_MID(250-2000w),True,"ITEM 1A. RISK FACTORS In addition to the risk factors included as Item 1A of our Annual Report on Form 10-K for the year ended December 31, 2019 filed with the Securities and Exchange Commission on February 27, 2020, the"
0001108524-15-000025,1108524,"Salesforce, Inc.",tech,core,10-Q,2015-08-25,RISK_FACTORS,crmq2fy1610-q.htm,R2_first_dangling_later_resolves,21,2,1,True,F1_anchor_later_entry_end_guarded,10750.0,1.0,11192.0,10750.0,1.0,1.0,10750.0,0.0,45334,0.0,True,True,1.0,0.0,ABOVE_2x_MEDIAN,BAND_SUBSTANTIVE(2000-51295w),True,"ITEM 1A. RISK FACTORS The risks and uncertainties described below are not the only ones facing us. Other events that we do not currently anticipate or that we currently deem immaterial also may affect our results of operations, cash flows"
0001108524-15-000034,1108524,"Salesforce, Inc.",tech,core,10-Q,2015-11-20,RISK_FACTORS,crmq3fy1610-q.htm,R2_first_dangling_later_resolves,21,2,1,True,F1_anchor_later_entry_end_guarded,10932.0,1.0,11592.0,10932.0,1.0,1.0,10932.0,0.0,47175,0.0,True,True,1.0,0.0,ABOVE_2x_MEDIAN,BAND_SUBSTANTIVE(2000-51295w),True,"ITEM 1A. RISK FACTORS The risks and uncertainties described below are not the only ones facing us. Other events that we do not currently anticipate or that we currently deem immaterial also may affect our results of operations, cash flows"
0001108524-16-000066,1108524,"Salesforce, Inc.",tech,core,10-Q,2016-05-20,RISK_FACTORS,crmq1fy1710-q.htm,R2_first_dangling_later_resolves,21,2,1,True,F1_anchor_later_entry_end_guarded,11305.0,1.0,11780.0,11305.0,1.0,1.0,11305.0,0.0,43004,0.0,True,True,1.0,0.0,ABOVE_2x_MEDIAN,BAND_SUBSTANTIVE(2000-51295w),True,"ITEM 1A. RISK FACTORS The risks and uncertainties described below are not the only ones facing us. Other events that we do not currently anticipate or that we currently deem immaterial also may affect our results of operations, cash flows"
0001108524-16-000085,1108524,"Salesforce, Inc.",tech,core,10-Q,2016-09-01,RISK_FACTORS,crmq2fy1710-q.htm,R2_first_dangling_later_resolves,21,2,1,True,F1_anchor_later_entry_end_guarded,11423.0,1.0,11935.0,11423.0,1.0,1.0,11423.0,0.0,49962,0.0,True,True,1.0,0.0,ABOVE_2x_MEDIAN,BAND_SUBSTANTIVE(2000-51295w),True,"ITEM 1A. RISK FACTORS The risks and uncertainties described below are not the only ones facing us. Other events that we do not currently anticipate or that we currently deem immaterial also may affect our results of operations, cash flows"
0001108524-16-000128,1108524,"Salesforce, Inc.",tech,core,10-Q,2016-11-21,RISK_FACTORS,crmq3fy1710-q.htm,R2_first_dangling_later_resolves,21,2,1,True,F1_anchor_later_entry_end_guarded,11881.0,1.0,12447.0,11881.0,1.0,1.0,11881.0,0.0,52566,0.0,True,True,1.0,0.0,ABOVE_2x_MEDIAN,BAND_SUBSTANTIVE(2000-51295w),True,"ITEM 1A. RISK FACTORS The risks and uncertainties described below are not the only ones facing us. Other events that we do not currently anticipate or that we currently deem immaterial also may affect our results of operations, cash flows"
0001108524-17-000012,1108524,"Salesforce, Inc.",tech,core,10-Q,2017-05-22,RISK_FACTORS,crmq1fy1810-q.htm,R2_first_dangling_later_resolves,21,2,1,True,F1_anchor_later_entry_end_guarded,12530.0,1.0,12958.0,12530.0,1.0,1.0,12530.0,0.0,40194,0.0,True,True,1.0,0.0,ABOVE_2x_MEDIAN,BAND_SUBSTANTIVE(2000-51295w),True,"ITEM 1A. RISK FACTORS The risks and uncertainties described below are not the only ones facing us. Other events that we do not currently anticipate or that we currently deem immaterial also may affect our results of operations, cash flows"
0001108524-17-000020,1108524,"Salesforce, Inc.",tech,core,10-Q,2017-08-25,RISK_FACTORS,crmq2fy1810-q.htm,R2_first_dangling_later_resolves,21,2,1,True,F1_anchor_later_entry_end_guarded,12724.0,1.0,13244.0,12724.0,1.0,1.0,12721.0,0.0,44059,18.0,True,True,1.0,0.0,ABOVE_2x_MEDIAN,BAND_SUBSTANTIVE(2000-51295w),True,Table of Contents ITEM 1A. RISK FACTORS The risks and uncertainties described below are not the only ones facing us. Other events that we do not currently anticipate or that we currently deem immaterial also may affect our results of
0001108524-19-000025,1108524,"Salesforce, Inc.",tech,core,10-Q,2019-06-05,RISK_FACTORS,crmq1fy2010-q.htm,R2_first_dangling_later_resolves,21,2,1,True,F1_anchor_later_entry_end_guarded,13941.0,1.0,14389.0,13941.0,1.0,1.0,13941.0,0.0,41189,0.0,True,True,1.0,0.0,ABOVE_2x_MEDIAN,BAND_SUBSTANTIVE(2000-51295w),True,"ITEM 1A. RISK FACTORS The risks and uncertainties described below are not the only ones facing us. Other events that we do not currently anticipate or that we currently deem immaterial also may affect our results of operations, stockholders' equity,"
0000936402-18-000013,936402,Shire plc,healthcare,core,10-Q,2018-04-26,RISK_FACTORS,a10-qq1x2018.htm,R2_first_dangling_later_resolves,24,2,1,True,F1_anchor_later_entry_end_guarded,484.0,0.0,484.0,484.0,0.0,0.0,447.0,0.0,21911,18.0,True,True,1.0,0.0,ABOVE_2x_MEDIAN,BAND_MID(250-2000w),True,"Table of Contents Item 1A. Risk Factors Below, we are providing, in supplemental form, the material changes to our risk factors that occurred during the period ended March 31, 2018. Our risk factors disclosed in PART I, ITEM 1A: Risk"
0001283699-17-000022,1283699,"T-Mobile US, Inc.",utilities,extension,10-Q,2017-04-24,RISK_FACTORS,tmus03312017form10-q.htm,R2_first_dangling_later_resolves,38,3,1,True,F1_anchor_later_entry_end_guarded,36.0,1.0,701.0,36.0,1.0,1.0,36.0,0.0,21103,0.0,True,True,1.0,0.0,BELOW_0.5x_MEDIAN,BAND_STUB(19-250w),True,"Item 1A. Risk Factors There have been no material changes in our risk factors as previously disclosed in Part I, Item 1A of our Annual Report on Form 10-K for the year ended December 31, 2016. Item 2. Unregistered Sales"
0000731766-15-000037,731766,UNITEDHEALTH GROUP INC,healthcare,core,10-Q,2015-07-29,RISK_FACTORS,unh201563010-q.htm,R2_first_dangling_later_resolves,62,3,2,True,F1_anchor_later_entry_end_guarded,102.0,1.0,1327.0,102.0,1.0,1.0,102.0,0.0,17022,0.0,True,True,1.0,0.0,IN_0.5-2x_BAND,BAND_STUB(19-250w),True,"ITEM 1A. RISK FACTORS In addition to the other information set forth in this report, you should carefully consider the factors discussed in Part I, Item 1A, “Risk Factors” of our 2014 10-K, which could materially affect our business, financial"
0000731766-15-000049,731766,UNITEDHEALTH GROUP INC,healthcare,core,10-Q,2015-11-05,RISK_FACTORS,unh201593010-q.htm,R2_first_dangling_later_resolves,71,3,2,True,F1_anchor_later_entry_end_guarded,102.0,1.0,1821.0,102.0,1.0,1.0,102.0,0.0,18270,0.0,True,True,1.0,0.0,IN_0.5-2x_BAND,BAND_STUB(19-250w),True,"ITEM 1A. RISK FACTORS In addition to the other information set forth in this report, you should carefully consider the factors discussed in Part I, Item 1A, “Risk Factors” of our 2014 10-K, which could materially affect our business, financial"
0000731766-16-000068,731766,UNITEDHEALTH GROUP INC,healthcare,core,10-Q,2016-05-04,RISK_FACTORS,unh201633110-q.htm,R2_first_dangling_later_resolves,56,3,2,True,F1_anchor_later_entry_end_guarded,106.0,1.0,1263.0,106.0,1.0,1.0,106.0,0.0,14048,0.0,True,True,1.0,0.0,IN_0.5-2x_BAND,BAND_STUB(19-250w),True,"ITEM 1A. RISK FACTORS In addition to the other information set forth in this report, you should carefully consider the factors discussed in Part I, Item 1A, “Risk Factors” of our 2015 10-K, which could materially affect our business, financial"
0000731766-16-000081,731766,UNITEDHEALTH GROUP INC,healthcare,core,10-Q,2016-08-02,RISK_FACTORS,unh201663010-q.htm,R2_first_dangling_later_resolves,59,3,2,True,F1_anchor_later_entry_end_guarded,106.0,1.0,1406.0,106.0,1.0,1.0,106.0,0.0,15253,0.0,True,True,1.0,0.0,IN_0.5-2x_BAND,BAND_STUB(19-250w),True,"ITEM 1A. RISK FACTORS In addition to the other information set forth in this report, you should carefully consider the factors discussed in Part I, Item 1A, “Risk Factors” of our 2015 10-K, which could materially affect our business, financial"
0000731766-16-000088,731766,UNITEDHEALTH GROUP INC,healthcare,core,10-Q,2016-11-08,RISK_FACTORS,unh930201610-q.htm,R2_first_dangling_later_resolves,59,3,2,True,F1_anchor_later_entry_end_guarded,106.0,1.0,1256.0,106.0,1.0,1.0,106.0,0.0,15074,0.0,True,True,1.0,0.0,IN_0.5-2x_BAND,BAND_STUB(19-250w),True,"ITEM 1A. RISK FACTORS In addition to the other information set forth in this report, you should carefully consider the factors discussed in Part I, Item 1A, “Risk Factors” of our 2015 10-K, which could materially affect our business, financial"
0000731766-17-000016,731766,UNITEDHEALTH GROUP INC,healthcare,core,10-Q,2017-05-08,RISK_FACTORS,unh331201710-q.htm,R2_first_dangling_later_resolves,53,3,2,True,F1_anchor_later_entry_end_guarded,106.0,1.0,1256.0,106.0,1.0,1.0,106.0,0.0,13017,0.0,True,True,1.0,0.0,IN_0.5-2x_BAND,BAND_STUB(19-250w),True,"ITEM 1A. RISK FACTORS In addition to the other information set forth in this report, you should carefully consider the factors discussed in Part I, Item 1A, “Risk Factors” of our 2016 10-K, which could materially affect our business, financial"
0000731766-17-000028,731766,UNITEDHEALTH GROUP INC,healthcare,core,10-Q,2017-08-04,RISK_FACTORS,unh630201710-q.htm,R2_first_dangling_later_resolves,56,3,2,True,F1_anchor_later_entry_end_guarded,106.0,1.0,1176.0,106.0,1.0,1.0,106.0,0.0,13854,0.0,True,True,1.0,0.0,IN_0.5-2x_BAND,BAND_STUB(19-250w),True,"ITEM 1A. RISK FACTORS In addition to the other information set forth in this report, you should carefully consider the factors discussed in Part I, Item 1A, “Risk Factors” of our 2016 10-K, which could materially affect our business, financial"
0000731766-17-000045,731766,UNITEDHEALTH GROUP INC,healthcare,core,10-Q,2017-11-07,RISK_FACTORS,unh930201710-q.htm,R2_first_dangling_later_resolves,56,3,2,True,F1_anchor_later_entry_end_guarded,102.0,1.0,860.0,102.0,1.0,1.0,102.0,0.0,13658,0.0,True,True,1.0,0.0,IN_0.5-2x_BAND,BAND_STUB(19-250w),True,"ITEM 1A. RISK FACTORS In addition to the other information set forth in this report, you should carefully consider the factors discussed in Part I, Item 1A, “Risk Factors” of our 2016 10-K, which could materially affect our business, financial"
0000875320-15-000047,875320,VERTEX PHARMACEUTICALS INC / MA,healthcare,core,10-Q,2015-08-04,RISK_FACTORS,a2015q210-q.htm,R2_first_dangling_later_resolves,29,3,1,True,F1_anchor_later_entry_end_guarded,652.0,0.0,652.0,652.0,0.0,0.0,652.0,0.0,20913,0.0,True,True,1.0,0.0,ABOVE_2x_MEDIAN,BAND_MID(250-2000w),True,"Item 1A. Risk Factors Information regarding risk factors appears in Item 1A of our Annual Report on Form 10-K for the year ended December 31, 2014 , which was filed with the SEC on February 13, 2015. There have been"
0000875320-15-000056,875320,VERTEX PHARMACEUTICALS INC / MA,healthcare,core,10-Q,2015-10-30,RISK_FACTORS,a2015q310-q.htm,R2_first_dangling_later_resolves,29,3,1,True,F1_anchor_later_entry_end_guarded,724.0,0.0,724.0,724.0,0.0,0.0,724.0,0.0,22480,0.0,True,True,1.0,0.0,ABOVE_2x_MEDIAN,BAND_MID(250-2000w),True,"Item 1A. Risk Factors Information regarding risk factors appears in Item 1A of our Annual Report on Form 10-K for the year ended December 31, 2014 , which was filed with the SEC on February 13, 2015. There have been"
0000875320-16-000078,875320,VERTEX PHARMACEUTICALS INC / MA,healthcare,core,10-Q,2016-05-03,RISK_FACTORS,a2016q110-q.htm,R2_first_dangling_later_resolves,29,3,1,True,F1_anchor_later_entry_end_guarded,717.0,0.0,717.0,717.0,0.0,0.0,717.0,0.0,19888,0.0,True,True,1.0,0.0,ABOVE_2x_MEDIAN,BAND_MID(250-2000w),True,"Item 1A. Risk Factors Information regarding risk factors appears in Item 1A of our Annual Report on Form 10-K for the year ended December 31, 2015 , which was filed with the SEC on February 16, 2016. There have been"
0000875320-16-000091,875320,VERTEX PHARMACEUTICALS INC / MA,healthcare,core,10-Q,2016-08-01,RISK_FACTORS,a2016q210-q.htm,R2_first_dangling_later_resolves,29,3,1,True,F1_anchor_later_entry_end_guarded,987.0,0.0,987.0,987.0,0.0,0.0,987.0,0.0,21642,0.0,True,True,1.0,0.0,ABOVE_2x_MEDIAN,BAND_MID(250-2000w),True,"Item 1A. Risk Factors Information regarding risk factors appears in Item 1A of our Annual Report on Form 10-K for the year ended December 31, 2015 , which was filed with the SEC on February 16, 2016. There have been"
0000875320-16-000107,875320,VERTEX PHARMACEUTICALS INC / MA,healthcare,core,10-Q,2016-10-31,RISK_FACTORS,a2016q310-q.htm,R2_first_dangling_later_resolves,29,3,1,True,F1_anchor_later_entry_end_guarded,1350.0,0.0,1350.0,1350.0,0.0,0.0,1350.0,0.0,23019,0.0,True,True,1.0,0.0,ABOVE_2x_MEDIAN,BAND_MID(250-2000w),True,"Item 1A. Risk Factors Information regarding risk factors appears in Item 1A of our Annual Report on Form 10-K for the year ended December 31, 2015 , which was filed with the SEC on February 16, 2016. There have been"
0000875320-17-000030,875320,VERTEX PHARMACEUTICALS INC / MA,healthcare,core,10-Q,2017-04-28,RISK_FACTORS,a2017q110-q.htm,R2_first_dangling_later_resolves,29,3,1,True,F1_anchor_later_entry_end_guarded,1490.0,0.0,1490.0,1490.0,0.0,0.0,1490.0,0.0,22822,0.0,True,True,1.0,0.0,ABOVE_2x_MEDIAN,BAND_MID(250-2000w),True,"Item 1A. Risk Factors Information regarding risk factors appears in Item 1A of our Annual Report on Form 10-K for the year ended December 31, 2016 , which was filed with the SEC on February 23, 2017. There have been"
0000875320-17-000047,875320,VERTEX PHARMACEUTICALS INC / MA,healthcare,core,10-Q,2017-07-28,RISK_FACTORS,a2017q210-q.htm,R2_first_dangling_later_resolves,29,3,1,True,F1_anchor_later_entry_end_guarded,2549.0,0.0,2549.0,2549.0,0.0,0.0,2549.0,0.0,27775,0.0,True,True,1.0,0.0,ABOVE_2x_MEDIAN,BAND_SUBSTANTIVE(2000-51295w),True,"Item 1A. Risk Factors Information regarding risk factors appears in Item 1A of our Annual Report on Form 10-K for the year ended December 31, 2016 , which was filed with the SEC on February 23, 2017. There have been"
0000875320-17-000060,875320,VERTEX PHARMACEUTICALS INC / MA,healthcare,core,10-Q,2017-10-30,RISK_FACTORS,a2017q310-q.htm,R2_first_dangling_later_resolves,29,3,1,True,F1_anchor_later_entry_end_guarded,2614.0,0.0,2614.0,2614.0,0.0,0.0,2614.0,0.0,29908,0.0,True,True,1.0,0.0,ABOVE_2x_MEDIAN,BAND_SUBSTANTIVE(2000-51295w),True,"Item 1A. Risk Factors Information regarding risk factors appears in Item 1A of our Annual Report on Form 10-K for the year ended December 31, 2016 , which was filed with the SEC on February 23, 2017. There have been"
0000875320-18-000014,875320,VERTEX PHARMACEUTICALS INC / MA,healthcare,core,10-Q,2018-04-27,RISK_FACTORS,a2018q110-q.htm,R2_first_dangling_later_resolves,29,3,2,True,F1_anchor_later_entry_end_guarded,705.0,0.0,705.0,705.0,0.0,0.0,705.0,0.0,28374,0.0,True,True,1.0,0.0,ABOVE_2x_MEDIAN,BAND_MID(250-2000w),True,"Item 1A. Risk Factors Information regarding risk factors appears in Item 1A of our Annual Report on Form 10-K for the year ended December 31, 2017 , which was filed with the SEC on February 15, 2018 . There have"
0000875320-18-000022,875320,VERTEX PHARMACEUTICALS INC / MA,healthcare,core,10-Q,2018-07-26,RISK_FACTORS,a2018q210-q.htm,R2_first_dangling_later_resolves,29,3,2,True,F1_anchor_later_entry_end_guarded,695.0,0.0,695.0,695.0,0.0,0.0,695.0,0.0,30699,0.0,True,True,1.0,0.0,ABOVE_2x_MEDIAN,BAND_MID(250-2000w),True,"Item 1A. Risk Factors Information regarding risk factors appears in Item 1A of our Annual Report on Form 10-K for the year ended December 31, 2017 , which was filed with the SEC on February 15, 2018 . There have"
0000875320-18-000029,875320,VERTEX PHARMACEUTICALS INC / MA,healthcare,core,10-Q,2018-10-25,RISK_FACTORS,a2018q310-q.htm,R2_first_dangling_later_resolves,29,3,2,True,F1_anchor_later_entry_end_guarded,721.0,0.0,721.0,721.0,0.0,0.0,721.0,0.0,31953,0.0,True,True,1.0,0.0,ABOVE_2x_MEDIAN,BAND_MID(250-2000w),True,"Item 1A. Risk Factors Information regarding risk factors appears in Item 1A of our Annual Report on Form 10-K for the year ended December 31, 2017 , which was filed with the SEC on February 15, 2018 . There have"
0000875320-19-000019,875320,VERTEX PHARMACEUTICALS INC / MA,healthcare,core,10-Q,2019-05-01,RISK_FACTORS,a2019q110-q.htm,R2_first_dangling_later_resolves,29,3,2,True,F1_anchor_later_entry_end_guarded,667.0,0.0,667.0,667.0,0.0,0.0,667.0,0.0,23473,0.0,True,True,1.0,0.0,ABOVE_2x_MEDIAN,BAND_MID(250-2000w),True,"Item 1A. Risk Factors Information regarding risk factors appears in Item 1A of our Annual Report on Form 10-K for the year ended December 31, 2018 , which was filed with the SEC on February 13, 2019 . There have"
0000875320-19-000037,875320,VERTEX PHARMACEUTICALS INC / MA,healthcare,core,10-Q,2019-08-01,RISK_FACTORS,a2019q210-q.htm,R2_first_dangling_later_resolves,29,3,2,True,F1_anchor_later_entry_end_guarded,665.0,0.0,665.0,665.0,0.0,0.0,665.0,0.0,24900,0.0,True,True,1.0,0.0,ABOVE_2x_MEDIAN,BAND_MID(250-2000w),True,"Item 1A. Risk Factors Information regarding risk factors appears in Item 1A of our Annual Report on Form 10-K for the year ended December 31, 2018 , which was filed with the SEC on February 13, 2019 . There have"
0000875320-19-000057,875320,VERTEX PHARMACEUTICALS INC / MA,healthcare,core,10-Q,2019-10-31,RISK_FACTORS,a2019q310-q.htm,R2_first_dangling_later_resolves,29,3,2,True,F1_anchor_later_entry_end_guarded,675.0,0.0,675.0,675.0,0.0,0.0,675.0,0.0,26620,0.0,True,True,1.0,0.0,ABOVE_2x_MEDIAN,BAND_MID(250-2000w),True,"Item 1A. Risk Factors Information regarding risk factors appears in Item 1A of our Annual Report on Form 10-K for the year ended December 31, 2018 , which was filed with the SEC on February 13, 2019 . There have"
0000875320-20-000019,875320,VERTEX PHARMACEUTICALS INC / MA,healthcare,core,10-Q,2020-05-01,RISK_FACTORS,a2020q110-q.htm,R2_first_dangling_later_resolves,30,3,2,True,F1_anchor_later_entry_end_guarded,1047.0,0.0,1047.0,1047.0,0.0,0.0,708.0,0.0,19020,0.0,True,True,1.0,0.0,ABOVE_2x_MEDIAN,BAND_MID(250-2000w),True,"Item 1A. Risk Factors Information regarding risk factors appears in Item 1A of our Annual Report on Form 10-K for the year ended December 31, 2019 , which was filed with the SEC on February 13, 2020 . There have"
0000005272-15-000009,5272,"AMERICAN INTERNATIONAL GROUP, INC.",financials,core,10-Q,2015-08-03,RISK_FACTORS,maindocument001.htm,R3_all_matching_dangling,33,3,0,True,F2_heading_regex_fallback,802.0,1.0,,,,,802.0,1.0,84098,0.0,True,True,1.0,1.0,ABOVE_2x_MEDIAN,BAND_MID(250-2000w),False,Item 1A. Risk Factors in our 2014 Annual Report. ITEM 2 / UNREGISTERED SALES OF EQUITY SECURITIES AND USE OF PROCEEDS The following table provides the information with respect to purchases made by or on behalf of AIG or any
0000005272-15-000018,5272,"AMERICAN INTERNATIONAL GROUP, INC.",financials,core,10-Q,2015-11-02,RISK_FACTORS,maindocument001.htm,R3_all_matching_dangling,33,3,0,True,F2_heading_regex_fallback,1025.0,1.0,,,,,1025.0,1.0,87331,0.0,True,True,1.0,1.0,ABOVE_2x_MEDIAN,BAND_MID(250-2000w),False,Item 1A. Risk Factors in our 2014 Annual Report. Our restructuring initiatives may not yield our expected reductions in expenses and improvements in operational and organizational efficiency. We may not be able to fully realize the anticipated expense reductions and
0000005272-16-000041,5272,"AMERICAN INTERNATIONAL GROUP, INC.",financials,core,10-Q,2016-05-02,RISK_FACTORS,maindocument001.htm,R3_all_matching_dangling,33,3,0,True,F2_heading_regex_fallback,1330.0,1.0,,,,,1330.0,1.0,75487,0.0,True,True,1.0,1.0,ABOVE_2x_MEDIAN,BAND_MID(250-2000w),False,"Item 1A. Risk Factors in our 2015 Annual Report for additional information on increased capital requirements that may be imposed on us. We cannot predict the effect these initiatives may have on our business, results of operations, cash flows and"
0000005272-16-000046,5272,"AMERICAN INTERNATIONAL GROUP, INC.",financials,core,10-Q,2016-08-02,RISK_FACTORS,maindocument001.htm,R3_all_matching_dangling,33,3,0,True,F2_heading_regex_fallback,1246.0,1.0,,,,,1246.0,1.0,90675,0.0,True,True,1.0,1.0,ABOVE_2x_MEDIAN,BAND_MID(250-2000w),False,"Item 1A. Risk Factors in our 2015 Annual Report. Our foreign operations expose us to risks that may affect our operations. We provide insurance, investment and other financial products and services to both businesses and individuals in more than 100"
0000005272-16-000052,5272,"AMERICAN INTERNATIONAL GROUP, INC.",financials,core,10-Q,2016-11-03,RISK_FACTORS,maindocument001.htm,R3_all_matching_dangling,33,3,0,True,F2_heading_regex_fallback,777.0,1.0,,,,,777.0,1.0,97071,0.0,True,True,1.0,1.0,ABOVE_2x_MEDIAN,BAND_MID(250-2000w),False,Item 1A. Risk Factors in our 2015 Annual Report. ITEM 2 / UNREGISTERED SALES OF EQUITY SECURITIES AND USE OF PROCEEDS The following table provides the information with respect to purchases made by or on behalf of AIG or any
0000005272-17-000024,5272,"AMERICAN INTERNATIONAL GROUP, INC.",financials,core,10-Q,2017-05-04,RISK_FACTORS,maindocument001.htm,R3_all_matching_dangling,33,3,0,True,F2_heading_regex_fallback,1010.0,1.0,,,,,1010.0,1.0,71046,0.0,True,True,1.0,1.0,ABOVE_2x_MEDIAN,BAND_MID(250-2000w),False,Item 1A. Risk Factors in our 2016 Annual Report. ITEM 2 | Unregistered Sales of Equity Securities and Use of P roceeds The following table provides the information with respect to purchases made by or on behalf of AIG or
0000005272-17-000031,5272,"AMERICAN INTERNATIONAL GROUP, INC.",financials,core,10-Q,2017-08-03,RISK_FACTORS,maindocument001.htm,R3_all_matching_dangling,36,3,0,True,F2_heading_regex_fallback,1478.0,1.0,,,,,1478.0,1.0,84680,0.0,True,True,1.0,1.0,ABOVE_2x_MEDIAN,BAND_MID(250-2000w),False,Item 1A. Risk Factors in our 2016 Annual Report. ITEM 2 | Unregistered Sales of Equity Securities and Use of P roceeds The following table provides the information with respect to purchases made by or on behalf of AIG or
0000005272-17-000044,5272,"AMERICAN INTERNATIONAL GROUP, INC.",financials,core,10-Q,2017-11-03,RISK_FACTORS,maindocument001.htm,R3_all_matching_dangling,33,3,0,True,F2_heading_regex_fallback,953.0,1.0,,,,,953.0,1.0,92619,0.0,True,True,1.0,1.0,ABOVE_2x_MEDIAN,BAND_MID(250-2000w),False,Item 1A. Risk Factors in our 2016 Annual Report. ITEM 2 | Unregistered Sales of Equity Securities and Use of P roceeds The following table provides the information with respect to purchases made by or on behalf of AIG or
0000005272-18-000031,5272,"AMERICAN INTERNATIONAL GROUP, INC.",financials,core,10-Q,2018-05-03,RISK_FACTORS,maindocument001.htm,R3_all_matching_dangling,33,3,0,True,F2_heading_regex_fallback,1000.0,1.0,,,,,1000.0,1.0,74222,0.0,True,True,1.0,1.0,ABOVE_2x_MEDIAN,BAND_MID(250-2000w),False,Item 1A. Risk Factors in our 2017 Annual Report. ITEM 2 | Unregistered Sales of Equity Securities and Use of P roceeds The following table provides the information with respect to purchases made by or on behalf of AIG or
0000005272-18-000037,5272,"AMERICAN INTERNATIONAL GROUP, INC.",financials,core,10-Q,2018-08-03,RISK_FACTORS,maindocument001.htm,R3_all_matching_dangling,36,3,0,True,F2_heading_regex_fallback,1543.0,1.0,,,,,1543.0,1.0,86814,0.0,True,True,1.0,1.0,ABOVE_2x_MEDIAN,BAND_MID(250-2000w),False,"Item 1A. Risk Factors in our 2017 Annual Report: · “Insurance liabilities are difficult to predict and may exceed the related reserves for losses and loss expenses”; · “Our consolidated results of operations, liquidity, financial condition and ratings are subject"
0000005272-18-000043,5272,"AMERICAN INTERNATIONAL GROUP, INC.",financials,core,10-Q,2018-11-02,RISK_FACTORS,maindocument001.htm,R3_all_matching_dangling,36,3,0,True,F2_heading_regex_fallback,1472.0,1.0,,,,,1472.0,1.0,92337,0.0,True,True,1.0,1.0,ABOVE_2x_MEDIAN,BAND_MID(250-2000w),False,Item 1A. Risk Factors in our 2017 Annual Report. ITEM 2 | Unregistered Sales of Equity Securities and Use of P roceeds The following table provides the information with respect to purchases made by or on behalf of AIG or
0000005272-19-000031,5272,"AMERICAN INTERNATIONAL GROUP, INC.",financials,core,10-Q,2019-05-07,RISK_FACTORS,maindocument001.htm,R3_all_matching_dangling,33,3,0,True,F2_heading_regex_fallback,751.0,1.0,,,,,751.0,1.0,68544,0.0,True,True,1.0,1.0,ABOVE_2x_MEDIAN,BAND_MID(250-2000w),False,"Item 1A. Risk Factors in our 2018 Annual Report. ITEM 2 | Unregistered Sales of Equity Securities and Use of P roceeds On February 13, 2019, our Board of Directors authorized an additional increase to its previous repurchase authorization of"
