cik,company_name,sector,stratum,accession_number,form,filing_date,section_type,extraction_status,reason_code,flags,extraction_method,extraction_confidence,word_count,prose_word_share,ctrl_ratio,eng_word_share,source_document,note
4904,AMERICAN ELECTRIC POWER CO INC,utilities,extension,0000004904-22-000024,10-K,2022-02-24,MDA,FLAGGED,mda_stub_external_document,mda_stub_external_document|below_length_floor,incorporated_by_reference_unresolved,low,149,0.8456,0.0,0.68116,aep-20211231.htm,
4904,AMERICAN ELECTRIC POWER CO INC,utilities,extension,0000004904-23-000011,10-K,2023-02-23,MDA,FLAGGED,mda_stub_external_document,mda_stub_external_document|below_length_floor,incorporated_by_reference_unresolved,low,149,0.8456,0.0,0.68116,aep-20221231.htm,
4904,AMERICAN ELECTRIC POWER CO INC,utilities,extension,0000004904-24-000020,10-K,2024-02-26,MDA,FLAGGED,mda_stub_external_document,mda_stub_external_document|below_length_floor,incorporated_by_reference_unresolved,low,149,0.8456,0.0,0.68116,aep-20231231.htm,
4904,AMERICAN ELECTRIC POWER CO INC,utilities,extension,0000004904-25-000027,10-K,2025-02-13,MDA,FLAGGED,mda_stub_unresolved_same_doc,mda_stub_unresolved_same_doc|below_length_floor,incorporated_by_reference_unresolved,low,139,0.8345,0.0,0.67692,aep-20241231.htm,
4904,AMERICAN ELECTRIC POWER CO INC,utilities,extension,0000004904-26-000013,10-K,2026-02-12,MDA,FLAGGED,mda_stub_unresolved_same_doc,mda_stub_unresolved_same_doc|below_length_floor,incorporated_by_reference_unresolved,low,131,0.8244,0.0,0.68033,aep-20251231.htm,
5272,"AMERICAN INTERNATIONAL GROUP, INC.",financials,core,0000005272-16-000035,10-K,2016-02-19,RISK_FACTORS,FAIL,toc_recovery_declined,toc_recovery_declined,none,low,0,0.0,,,maindocument001.htm,F1:no_resolving_anchor; F2:G1_match_is_mid_line_cross_reference
14272,BRISTOL MYERS SQUIBB CO,healthcare,core,0000014272-16-000288,10-K,2016-02-12,MDA,FAIL,item_absent_from_toc,item_absent_from_toc|item_body_heading_present,none,low,0,0.0,,,bmy-20151231x10xk.htm,
14272,BRISTOL MYERS SQUIBB CO,healthcare,core,0000014272-16-000288,10-K,2016-02-12,RISK_FACTORS,FAIL,item_absent_from_toc,item_absent_from_toc,none,low,0,0.0,,,bmy-20151231x10xk.htm,
18230,CATERPILLAR INC,industrials,extension,0000018230-16-000410,10-K,2016-02-16,MDA,FLAGGED,toc_recovered_f1,toc_recovered_f1|toc_recovery_end_guarded,anchor_resolving_entry,low,25828,0.6877,0.0,0.4708,cat_10-kx12312015.htm,
18230,CATERPILLAR INC,industrials,extension,0000018230-16-000410,10-K,2016-02-16,RISK_FACTORS,FLAGGED,toc_recovered_f1,toc_recovered_f1|toc_recovery_end_guarded,anchor_resolving_entry,low,7818,0.8786,0.0,0.49805,cat_10-kx12312015.htm,
18230,CATERPILLAR INC,industrials,extension,0000018230-17-000041,10-K,2017-02-15,MDA,FLAGGED,toc_recovered_f1,toc_recovered_f1|toc_recovery_end_guarded,anchor_resolving_entry,low,26514,0.6696,0.0,0.47112,cat_10-kx12312016.htm,
18230,CATERPILLAR INC,industrials,extension,0000018230-17-000041,10-K,2017-02-15,RISK_FACTORS,FLAGGED,toc_recovered_f1,toc_recovered_f1|toc_recovery_end_guarded,anchor_resolving_entry,low,7426,0.8624,0.0,0.49304,cat_10-kx12312016.htm,
18230,CATERPILLAR INC,industrials,extension,0000018230-18-000042,10-K,2018-02-15,MDA,FLAGGED,toc_recovered_f1,toc_recovered_f1|toc_recovery_end_guarded,anchor_resolving_entry,low,26113,0.66,0.0,0.47491,cat_10-kx12312017.htm,
18230,CATERPILLAR INC,industrials,extension,0000018230-18-000042,10-K,2018-02-15,RISK_FACTORS,FLAGGED,toc_recovered_f1,toc_recovered_f1|toc_recovery_end_guarded,anchor_resolving_entry,low,7493,0.8687,0.0,0.49189,cat_10-kx12312017.htm,
21344,COCA COLA CO,consumer,core,0000021344-17-000009,10-K,2017-02-24,MDA,FAIL,toc_recovery_declined,toc_recovery_declined,none,low,0,0.0,,,a2016123110-k.htm,F1:G3_below_floor(73w<1500)
21344,COCA COLA CO,consumer,core,0000021344-17-000009,10-K,2017-02-24,RISK_FACTORS,FLAGGED,toc_recovered_f1,toc_recovered_f1|toc_recovery_end_guarded,anchor_resolving_entry,low,9677,0.9129,0.0,0.48207,a2016123110-k.htm,
21344,COCA COLA CO,consumer,core,0000021344-18-000008,10-K,2018-02-23,MDA,FAIL,toc_recovery_declined,toc_recovery_declined,none,low,0,0.0,,,a2017123110-k.htm,F1:G3_below_floor(73w<1500)
21344,COCA COLA CO,consumer,core,0000021344-18-000008,10-K,2018-02-23,RISK_FACTORS,FLAGGED,toc_recovered_f1,toc_recovered_f1|toc_recovery_end_guarded,anchor_resolving_entry,low,9296,0.8955,0.0,0.48564,a2017123110-k.htm,
21344,COCA COLA CO,consumer,core,0000021344-19-000014,10-K,2019-02-21,MDA,FAIL,toc_recovery_declined,toc_recovery_declined,none,low,0,0.0,,,a2018123110-k.htm,F1:G3_below_floor(73w<1500)
21344,COCA COLA CO,consumer,core,0000021344-19-000014,10-K,2019-02-21,RISK_FACTORS,FLAGGED,toc_recovered_f1,toc_recovered_f1|toc_recovery_end_guarded,anchor_resolving_entry,low,10349,0.8963,0.0,0.48317,a2018123110-k.htm,
21344,COCA COLA CO,consumer,core,0000021344-20-000006,10-K,2020-02-24,MDA,FAIL,toc_recovery_declined,toc_recovery_declined,none,low,0,0.0,,,a2019123110-k.htm,F1:G3_below_floor(73w<1500)
21344,COCA COLA CO,consumer,core,0000021344-20-000006,10-K,2020-02-24,RISK_FACTORS,FLAGGED,toc_recovered_f1,toc_recovered_f1|toc_recovery_end_guarded,anchor_resolving_entry,low,11198,0.8901,0.0,0.47786,a2019123110-k.htm,
24741,CORNING INC /NY,materials_realestate,extension,0000024741-16-000077,10-K,2016-02-12,MDA,FAIL,item_absent_from_toc,item_absent_from_toc|item_body_heading_present,none,low,0,0.0,,,form10k2015.htm,
24741,CORNING INC /NY,materials_realestate,extension,0000024741-16-000077,10-K,2016-02-12,RISK_FACTORS,FAIL,item_absent_from_toc,item_absent_from_toc|item_body_heading_present,none,low,0,0.0,,,form10k2015.htm,
24741,CORNING INC /NY,materials_realestate,extension,0000024741-17-000011,10-K,2017-02-06,MDA,FAIL,item_absent_from_toc,item_absent_from_toc|item_body_heading_present,none,low,0,0.0,,,q4201610k.htm,
24741,CORNING INC /NY,materials_realestate,extension,0000024741-17-000011,10-K,2017-02-06,RISK_FACTORS,FAIL,item_absent_from_toc,item_absent_from_toc|item_body_heading_present,none,low,0,0.0,,,q4201610k.htm,
24741,CORNING INC /NY,materials_realestate,extension,0000024741-18-000010,10-K,2018-02-15,MDA,FLAGGED,heading_regex_fallback,heading_regex_fallback,heading_regex,low,24021,0.3466,0.0,0.49219,glw-20171231x10k.htm,
24741,CORNING INC /NY,materials_realestate,extension,0000024741-18-000010,10-K,2018-02-15,RISK_FACTORS,FLAGGED,heading_regex_fallback,heading_regex_fallback,heading_regex,low,4010,0.5087,0.0,0.46363,glw-20171231x10k.htm,
24741,CORNING INC /NY,materials_realestate,extension,0000024741-19-000016,10-K,2019-02-12,MDA,FLAGGED,heading_regex_fallback,heading_regex_fallback,heading_regex,low,18685,0.4765,0.0,0.4936,glw-20181231x10k.htm,
24741,CORNING INC /NY,materials_realestate,extension,0000024741-19-000016,10-K,2019-02-12,RISK_FACTORS,FLAGGED,heading_regex_fallback,heading_regex_fallback,heading_regex,low,3908,0.706,0.0,0.46461,glw-20181231x10k.htm,
24741,CORNING INC /NY,materials_realestate,extension,0000024741-20-000014,10-K,2020-02-18,MDA,FAIL,item_absent_from_toc,item_absent_from_toc|item_body_heading_present,none,low,0,0.0,,,glw-20191231x10k.htm,
24741,CORNING INC /NY,materials_realestate,extension,0000024741-20-000014,10-K,2020-02-18,RISK_FACTORS,FAIL,item_absent_from_toc,item_absent_from_toc|item_body_heading_present,none,low,0,0.0,,,glw-20191231x10k.htm,
24741,CORNING INC /NY,materials_realestate,extension,0000024741-26-000124,10-K,2026-02-12,MDA,FAIL,item_absent_from_toc,item_absent_from_toc|item_body_heading_present,none,low,0,0.0,,,glw-20251231.htm,
24741,CORNING INC /NY,materials_realestate,extension,0000024741-26-000124,10-K,2026-02-12,RISK_FACTORS,FAIL,item_absent_from_toc,item_absent_from_toc|item_body_heading_present,none,low,0,0.0,,,glw-20251231.htm,
32604,EMERSON ELECTRIC CO,industrials,extension,0000032604-15-000051,10-K,2015-11-18,MDA,FAIL,no_toc_and_no_heading_match,no_toc_and_no_heading_match,none,low,0,0.0,,,emr930201510-k.htm,
32604,EMERSON ELECTRIC CO,industrials,extension,0000032604-15-000051,10-K,2015-11-18,RISK_FACTORS,FAIL,no_toc_and_no_heading_match,no_toc_and_no_heading_match,none,low,0,0.0,,,emr930201510-k.htm,
32604,EMERSON ELECTRIC CO,industrials,extension,0000032604-16-000105,10-K,2016-11-16,MDA,FAIL,no_toc_and_no_heading_match,no_toc_and_no_heading_match,none,low,0,0.0,,,emr930201610-k.htm,
32604,EMERSON ELECTRIC CO,industrials,extension,0000032604-16-000105,10-K,2016-11-16,RISK_FACTORS,FAIL,no_toc_and_no_heading_match,no_toc_and_no_heading_match,none,low,0,0.0,,,emr930201610-k.htm,
32604,EMERSON ELECTRIC CO,industrials,extension,0000032604-17-000046,10-K,2017-11-20,MDA,FAIL,no_toc_and_no_heading_match,no_toc_and_no_heading_match,none,low,0,0.0,,,emr-09302017x10xk.htm,
32604,EMERSON ELECTRIC CO,industrials,extension,0000032604-17-000046,10-K,2017-11-20,RISK_FACTORS,FAIL,no_toc_and_no_heading_match,no_toc_and_no_heading_match,none,low,0,0.0,,,emr-09302017x10xk.htm,
32604,EMERSON ELECTRIC CO,industrials,extension,0000032604-18-000044,10-K,2018-11-19,MDA,FAIL,no_toc_and_no_heading_match,no_toc_and_no_heading_match,none,low,0,0.0,,,emr-09302018x10xk.htm,
32604,EMERSON ELECTRIC CO,industrials,extension,0000032604-18-000044,10-K,2018-11-19,RISK_FACTORS,FAIL,no_toc_and_no_heading_match,no_toc_and_no_heading_match,none,low,0,0.0,,,emr-09302018x10xk.htm,
32604,EMERSON ELECTRIC CO,industrials,extension,0000032604-19-000048,10-K,2019-11-18,MDA,FAIL,no_toc_and_no_heading_match,no_toc_and_no_heading_match,none,low,0,0.0,,,emr-09302019x10xk.htm,
32604,EMERSON ELECTRIC CO,industrials,extension,0000032604-19-000048,10-K,2019-11-18,RISK_FACTORS,FAIL,no_toc_and_no_heading_match,no_toc_and_no_heading_match,none,low,0,0.0,,,emr-09302019x10xk.htm,
32604,EMERSON ELECTRIC CO,industrials,extension,0000032604-20-000041,10-K,2020-11-16,MDA,FAIL,no_toc_and_no_heading_match,no_toc_and_no_heading_match,none,low,0,0.0,,,emr-20200930.htm,
32604,EMERSON ELECTRIC CO,industrials,extension,0000032604-20-000041,10-K,2020-11-16,RISK_FACTORS,FAIL,no_toc_and_no_heading_match,no_toc_and_no_heading_match,none,low,0,0.0,,,emr-20200930.htm,
32604,EMERSON ELECTRIC CO,industrials,extension,0000032604-21-000038,10-K,2021-11-15,MDA,FAIL,no_toc_and_no_heading_match,no_toc_and_no_heading_match,none,low,0,0.0,,,emr-20210930.htm,
32604,EMERSON ELECTRIC CO,industrials,extension,0000032604-21-000038,10-K,2021-11-15,RISK_FACTORS,FAIL,no_toc_and_no_heading_match,no_toc_and_no_heading_match,none,low,0,0.0,,,emr-20210930.htm,
32604,EMERSON ELECTRIC CO,industrials,extension,0000032604-22-000041,10-K,2022-11-14,MDA,FAIL,no_toc_and_no_heading_match,no_toc_and_no_heading_match,none,low,0,0.0,,,emr-20220930.htm,
32604,EMERSON ELECTRIC CO,industrials,extension,0000032604-22-000041,10-K,2022-11-14,RISK_FACTORS,FAIL,no_toc_and_no_heading_match,no_toc_and_no_heading_match,none,low,0,0.0,,,emr-20220930.htm,
32604,EMERSON ELECTRIC CO,industrials,extension,0000032604-23-000044,10-K,2023-11-13,MDA,FAIL,no_toc_and_no_heading_match,no_toc_and_no_heading_match,none,low,0,0.0,,,emr-20230930.htm,
32604,EMERSON ELECTRIC CO,industrials,extension,0000032604-23-000044,10-K,2023-11-13,RISK_FACTORS,FAIL,no_toc_and_no_heading_match,no_toc_and_no_heading_match,none,low,0,0.0,,,emr-20230930.htm,
32604,EMERSON ELECTRIC CO,industrials,extension,0000032604-24-000041,10-K,2024-11-12,MDA,FAIL,no_toc_and_no_heading_match,no_toc_and_no_heading_match,none,low,0,0.0,,,emr-20240930.htm,
32604,EMERSON ELECTRIC CO,industrials,extension,0000032604-24-000041,10-K,2024-11-12,RISK_FACTORS,FAIL,no_toc_and_no_heading_match,no_toc_and_no_heading_match,none,low,0,0.0,,,emr-20240930.htm,
32604,EMERSON ELECTRIC CO,industrials,extension,0000032604-25-000087,10-K,2025-11-10,MDA,FAIL,no_toc_and_no_heading_match,no_toc_and_no_heading_match,none,low,0,0.0,,,emr-20250930.htm,
32604,EMERSON ELECTRIC CO,industrials,extension,0000032604-25-000087,10-K,2025-11-10,RISK_FACTORS,FAIL,no_toc_and_no_heading_match,no_toc_and_no_heading_match,none,low,0,0.0,,,emr-20250930.htm,
34088,EXXON MOBIL CORP,energy,core,0000034088-16-000065,10-K,2016-02-24,MDA,FLAGGED,mda_stub_unresolved_same_doc,mda_stub_unresolved_same_doc|heading_regex_fallback|below_length_floor,incorporated_by_reference_unresolved,low,38,0.0,0.0,,xom10k2015.htm,
34088,EXXON MOBIL CORP,energy,core,0000034088-16-000065,10-K,2016-02-24,RISK_FACTORS,FLAGGED,heading_regex_fallback,heading_regex_fallback,heading_regex,low,27287,0.0,0.0,0.4568,xom10k2015.htm,
34088,EXXON MOBIL CORP,energy,core,0000034088-17-000017,10-K,2017-02-22,MDA,FLAGGED,mda_stub_unresolved_same_doc,mda_stub_unresolved_same_doc|heading_regex_fallback|below_length_floor,incorporated_by_reference_unresolved,low,38,0.0,0.0,,xom10k2016.htm,
34088,EXXON MOBIL CORP,energy,core,0000034088-17-000017,10-K,2017-02-22,RISK_FACTORS,FLAGGED,heading_regex_fallback,heading_regex_fallback,heading_regex,low,29107,0.0,0.0,0.45608,xom10k2016.htm,
34088,EXXON MOBIL CORP,energy,core,0000034088-18-000015,10-K,2018-02-28,MDA,FLAGGED,mda_stub_unresolved_same_doc,mda_stub_unresolved_same_doc|heading_regex_fallback|below_length_floor,incorporated_by_reference_unresolved,low,39,0.0,0.0,,xom10k2017.htm,
34088,EXXON MOBIL CORP,energy,core,0000034088-18-000015,10-K,2018-02-28,RISK_FACTORS,FLAGGED,heading_regex_fallback,heading_regex_fallback,heading_regex,low,30394,0.0,0.0,0.45969,xom10k2017.htm,
34088,EXXON MOBIL CORP,energy,core,0000034088-19-000010,10-K,2019-02-27,MDA,FLAGGED,mda_stub_unresolved_same_doc,mda_stub_unresolved_same_doc|heading_regex_fallback|below_length_floor,incorporated_by_reference_unresolved,low,38,0.0,0.0,,xom10k2018.htm,
34088,EXXON MOBIL CORP,energy,core,0000034088-19-000010,10-K,2019-02-27,RISK_FACTORS,FLAGGED,heading_regex_fallback,heading_regex_fallback,heading_regex,low,28950,0.0,0.0,0.45701,xom10k2018.htm,
34088,EXXON MOBIL CORP,energy,core,0000034088-20-000016,10-K,2020-02-26,MDA,FLAGGED,mda_stub_resolved,mda_stub_resolved|heading_regex_fallback,incorporated_by_reference_resolved,medium,13407,0.8091,0.00056,0.45848,xom10k2019.htm,
34088,EXXON MOBIL CORP,energy,core,0000034088-20-000016,10-K,2020-02-26,RISK_FACTORS,FLAGGED,heading_regex_fallback,heading_regex_fallback,heading_regex,low,30337,0.5072,8e-05,0.4574,xom10k2019.htm,
34088,EXXON MOBIL CORP,energy,core,0000034088-21-000012,10-K,2021-02-24,MDA,FLAGGED,mda_stub_resolved,mda_stub_resolved|heading_regex_fallback,incorporated_by_reference_resolved,medium,14482,0.8236,0.0,0.45404,xom-20201231.htm,
34088,EXXON MOBIL CORP,energy,core,0000034088-21-000012,10-K,2021-02-24,RISK_FACTORS,FLAGGED,heading_regex_fallback,heading_regex_fallback,heading_regex,low,32037,0.5254,0.0,0.45919,xom-20201231.htm,
34088,EXXON MOBIL CORP,energy,core,0000034088-22-000011,10-K,2022-02-23,MDA,FLAGGED,mda_stub_resolved,mda_stub_resolved|heading_regex_fallback,incorporated_by_reference_resolved,medium,15286,0.834,0.0,0.43406,xom-20211231.htm,
34088,EXXON MOBIL CORP,energy,core,0000034088-22-000011,10-K,2022-02-23,RISK_FACTORS,FLAGGED,heading_regex_fallback,heading_regex_fallback,heading_regex,low,28793,0.5046,0.0,0.45795,xom-20211231.htm,
36104,US BANCORP \DE\,financials,core,0000036104-24-000018,10-K,2024-02-20,MDA,FLAGGED,mda_stub_external_document,mda_stub_external_document|heading_regex_fallback|below_length_floor,incorporated_by_reference_unresolved,low,49,0.0,0.0,,usb-20231231.htm,
36104,US BANCORP \DE\,financials,core,0000036104-24-000018,10-K,2024-02-20,RISK_FACTORS,FLAGGED,below_length_floor,heading_regex_fallback|below_length_floor,heading_regex,low,39,0.0,0.0,,usb-20231231.htm,
36104,US BANCORP \DE\,financials,core,0000036104-25-000016,10-K,2025-02-21,MDA,FLAGGED,mda_stub_external_document,mda_stub_external_document|heading_regex_fallback|below_length_floor,incorporated_by_reference_unresolved,low,49,0.0,0.0,,usb-20241231.htm,
36104,US BANCORP \DE\,financials,core,0000036104-25-000016,10-K,2025-02-21,RISK_FACTORS,FLAGGED,below_length_floor,heading_regex_fallback|below_length_floor,heading_regex,low,40,0.0,0.0,,usb-20241231.htm,
36104,US BANCORP \DE\,financials,core,0000036104-26-000011,10-K,2026-02-23,MDA,FLAGGED,mda_stub_external_document,mda_stub_external_document|heading_regex_fallback|below_length_floor,incorporated_by_reference_unresolved,low,49,0.0,0.0,,usb-20251231.htm,
36104,US BANCORP \DE\,financials,core,0000036104-26-000011,10-K,2026-02-23,RISK_FACTORS,FLAGGED,below_length_floor,heading_regex_fallback|below_length_floor,heading_regex,low,39,0.0,0.0,,usb-20251231.htm,
45012,HALLIBURTON CO,energy,core,0000045012-16-000272,10-K,2016-02-05,MDA,FLAGGED,mda_stub_unresolved_same_doc,mda_stub_unresolved_same_doc|below_length_floor,incorporated_by_reference_unresolved,low,39,0.0,0.0,,hal_12312015-10k.htm,
45012,HALLIBURTON CO,energy,core,0000045012-17-000047,10-K,2017-02-07,MDA,FLAGGED,mda_stub_unresolved_same_doc,mda_stub_unresolved_same_doc|below_length_floor,incorporated_by_reference_unresolved,low,39,0.0,0.0,,hal_12312016-10k.htm,
45012,HALLIBURTON CO,energy,core,0000045012-18-000059,10-K,2018-02-09,MDA,FLAGGED,mda_stub_unresolved_same_doc,mda_stub_unresolved_same_doc|below_length_floor,incorporated_by_reference_unresolved,low,39,0.0,0.0,,hal_12312017-10k.htm,
45012,HALLIBURTON CO,energy,core,0000045012-19-000044,10-K,2019-02-13,MDA,FLAGGED,mda_stub_unresolved_same_doc,mda_stub_unresolved_same_doc|below_length_floor,incorporated_by_reference_unresolved,low,39,0.0,0.0,,hal12312018-10k.htm,
49071,HUMANA INC,healthcare,core,0000049071-16-000117,10-K,2016-02-18,MDA,FLAGGED,toc_recovered_f1,toc_recovered_f1|toc_recovery_end_guarded,anchor_resolving_entry,low,5545,0.6909,0.0,0.47084,hum-20151231x10k.htm,
49071,HUMANA INC,healthcare,core,0000049071-16-000117,10-K,2016-02-18,RISK_FACTORS,FLAGGED,toc_recovered_f1,toc_recovered_f1|toc_recovery_end_guarded,anchor_resolving_entry,low,12717,0.8888,0.0,0.45762,hum-20151231x10k.htm,
49071,HUMANA INC,healthcare,core,0000049071-17-000019,10-K,2017-02-17,MDA,FLAGGED,toc_recovered_f1,toc_recovered_f1|toc_recovery_end_guarded,anchor_resolving_entry,low,5052,0.675,0.0,0.45884,hum-20161231x10k.htm,
49071,HUMANA INC,healthcare,core,0000049071-17-000019,10-K,2017-02-17,RISK_FACTORS,FLAGGED,toc_recovered_f1,toc_recovered_f1|toc_recovery_end_guarded,anchor_resolving_entry,low,11819,0.8905,0.0,0.45179,hum-20161231x10k.htm,
49071,HUMANA INC,healthcare,core,0000049071-18-000014,10-K,2018-02-16,MDA,FLAGGED,toc_recovered_f1,toc_recovered_f1|toc_recovery_end_guarded,anchor_resolving_entry,low,4116,0.7075,0.0,0.45981,hum-20171231x10k.htm,
49071,HUMANA INC,healthcare,core,0000049071-18-000014,10-K,2018-02-16,RISK_FACTORS,FLAGGED,toc_recovered_f1,toc_recovered_f1|toc_recovery_end_guarded,anchor_resolving_entry,low,10811,0.8875,0.0,0.44842,hum-20171231x10k.htm,
49071,HUMANA INC,healthcare,core,0000049071-19-000023,10-K,2019-02-21,MDA,FLAGGED,toc_recovered_f1,toc_recovered_f1|toc_recovery_end_guarded,anchor_resolving_entry,low,3366,0.7442,0.0,0.44121,hum-20181231x10k.htm,
49071,HUMANA INC,healthcare,core,0000049071-19-000023,10-K,2019-02-21,RISK_FACTORS,FLAGGED,toc_recovered_f1,toc_recovered_f1|toc_recovery_end_guarded,anchor_resolving_entry,low,10724,0.8751,0.0,0.45122,hum-20181231x10k.htm,
49071,HUMANA INC,healthcare,core,0000049071-20-000032,10-K,2020-02-20,MDA,FLAGGED,toc_recovered_f1,toc_recovered_f1|toc_recovery_end_guarded,anchor_resolving_entry,low,14338,0.5961,0.0,0.47144,hum-20191231x10k.htm,
49071,HUMANA INC,healthcare,core,0000049071-20-000032,10-K,2020-02-20,RISK_FACTORS,FLAGGED,toc_recovered_f1,toc_recovered_f1|toc_recovery_end_guarded,anchor_resolving_entry,low,10646,0.8688,0.0,0.45257,hum-20191231x10k.htm,
50863,INTEL CORP,tech,core,0000050863-18-000007,10-K,2018-02-16,MDA,FLAGGED,mda_stub_unresolved_same_doc,mda_stub_unresolved_same_doc|heading_regex_fallback|below_length_floor,incorporated_by_reference_unresolved,low,34,0.0,0.0,,a12302017q4-10kdocument.htm,
50863,INTEL CORP,tech,core,0000050863-18-000007,10-K,2018-02-16,RISK_FACTORS,FAIL,no_toc_and_no_heading_match,no_toc_and_no_heading_match,none,low,0,0.0,,,a12302017q4-10kdocument.htm,
50863,INTEL CORP,tech,core,0000050863-20-000011,10-K,2020-01-24,MDA,FLAGGED,head_keyword_absent,head_keyword_absent,anchor,medium,17891,0.508,0.0,0.41722,a12282019q4-10kdocument.htm,
50863,INTEL CORP,tech,core,0000050863-21-000010,10-K,2021-01-22,MDA,FLAGGED,head_keyword_absent,head_keyword_absent,anchor,medium,20380,0.6348,0.0,0.40685,intc-20201226.htm,
50863,INTEL CORP,tech,core,0000050863-22-000007,10-K,2022-01-27,MDA,FLAGGED,head_keyword_absent,head_keyword_absent,anchor,medium,22703,0.6966,0.0,0.4198,intc-20211225.htm,
50863,INTEL CORP,tech,core,0000050863-23-000006,10-K,2023-01-27,MDA,FLAGGED,head_keyword_absent,head_keyword_absent,anchor,medium,24223,0.7019,0.0,0.42981,intc-20221231.htm,
50863,INTEL CORP,tech,core,0000050863-24-000010,10-K,2024-01-26,MDA,FLAGGED,head_keyword_absent,head_keyword_absent,anchor,medium,39209,0.784,0.0,0.43429,intc-20231230.htm,
50863,INTEL CORP,tech,core,0000050863-25-000009,10-K,2025-01-31,MDA,FLAGGED,head_keyword_absent,head_keyword_absent,anchor,medium,18323,0.8613,0.0,0.47425,intc-20241228.htm,
50863,INTEL CORP,tech,core,0000050863-26-000011,10-K,2026-01-23,MDA,FLAGGED,head_keyword_absent,head_keyword_absent,anchor,medium,2040,0.7049,0.0,0.47921,intc-20251227.htm,
50863,INTEL CORP,tech,core,0000050863-26-000011,10-K,2026-01-23,RISK_FACTORS,FLAGGED,head_keyword_absent,head_keyword_absent,anchor,medium,15703,0.8663,0.0,0.47003,intc-20251227.htm,
51143,INTERNATIONAL BUSINESS MACHINES CORP,tech,core,0000051143-24-000012,10-K,2024-02-26,MDA,FLAGGED,mda_stub_external_document,mda_stub_external_document|below_length_floor,incorporated_by_reference_unresolved,low,32,0.0,0.0,,ibm-20231231.htm,
51143,INTERNATIONAL BUSINESS MACHINES CORP,tech,core,0000051143-25-000015,10-K,2025-02-25,MDA,FLAGGED,mda_stub_external_document,mda_stub_external_document|below_length_floor,incorporated_by_reference_unresolved,low,32,0.0,0.0,,ibm-20241231.htm,
51143,INTERNATIONAL BUSINESS MACHINES CORP,tech,core,0000051143-26-000010,10-K,2026-02-24,MDA,FLAGGED,mda_stub_external_document,mda_stub_external_document|below_length_floor,incorporated_by_reference_unresolved,low,32,0.0,0.0,,ibm-20251231.htm,
63908,MCDONALDS CORP,consumer,core,0000063908-20-000022,10-K,2020-02-26,MDA,FLAGGED,mda_stub_resolved,mda_stub_resolved|heading_regex_fallback,incorporated_by_reference_resolved,medium,19852,0.6872,0.0,0.48452,mcd-12312019x10k.htm,
63908,MCDONALDS CORP,consumer,core,0000063908-20-000022,10-K,2020-02-26,RISK_FACTORS,FLAGGED,below_length_floor,heading_regex_fallback|below_length_floor,heading_regex,low,13,0.0,0.0,,mcd-12312019x10k.htm,
63908,MCDONALDS CORP,consumer,core,0000063908-21-000013,10-K,2021-02-23,MDA,FLAGGED,mda_stub_resolved,mda_stub_resolved|heading_regex_fallback,incorporated_by_reference_resolved,medium,18695,0.7002,0.0,0.48939,mcd-20201231.htm,
63908,MCDONALDS CORP,consumer,core,0000063908-21-000013,10-K,2021-02-23,RISK_FACTORS,FLAGGED,below_length_floor,heading_regex_fallback|below_length_floor,heading_regex,low,13,0.0,0.0,,mcd-20201231.htm,
63908,MCDONALDS CORP,consumer,core,0000063908-22-000011,10-K,2022-02-24,MDA,FLAGGED,mda_stub_resolved,mda_stub_resolved|heading_regex_fallback,incorporated_by_reference_resolved,medium,18475,0.7069,0.0,0.48499,mcd-20211231.htm,
63908,MCDONALDS CORP,consumer,core,0000063908-22-000011,10-K,2022-02-24,RISK_FACTORS,FAIL,no_toc_and_no_heading_match,no_toc_and_no_heading_match,none,low,0,0.0,,,mcd-20211231.htm,
63908,MCDONALDS CORP,consumer,core,0000063908-23-000012,10-K,2023-02-24,MDA,FLAGGED,mda_stub_resolved,mda_stub_resolved|heading_regex_fallback,incorporated_by_reference_resolved,medium,18664,0.7031,0.0,0.48227,mcd-20221231.htm,
63908,MCDONALDS CORP,consumer,core,0000063908-23-000012,10-K,2023-02-24,RISK_FACTORS,FAIL,no_toc_and_no_heading_match,no_toc_and_no_heading_match,none,low,0,0.0,,,mcd-20221231.htm,
64803,CVS HEALTH Corp,consumer,core,0000064803-16-000074,10-K,2016-02-09,MDA,FLAGGED,mda_stub_external_document,mda_stub_external_document|below_length_floor,incorporated_by_reference_unresolved,low,62,0.7903,0.0,0.71667,cvs-20151231x10k.htm,
64803,CVS HEALTH Corp,consumer,core,0000064803-17-000006,10-K,2017-02-09,MDA,FLAGGED,mda_stub_external_document,mda_stub_external_document|below_length_floor,incorporated_by_reference_unresolved,low,63,0.0,0.0,0.71667,cvs-20161231x10k.htm,
64803,CVS HEALTH Corp,consumer,core,0000064803-19-000013,10-K,2019-02-28,MDA,FLAGGED,mda_stub_external_document,mda_stub_external_document|below_length_floor,incorporated_by_reference_unresolved,low,51,0.0,0.0,0.70588,cvs-2018231x10k.htm,
70858,BANK OF AMERICA CORP /DE/,financials,core,0000070858-18-000009,10-K,2018-02-22,MDA,FLAGGED,head_foreign_item,head_foreign_item|head_keyword_absent,anchor,medium,78945,0.5152,0.0,0.46642,bac-1231201710xk.htm,
70858,BANK OF AMERICA CORP /DE/,financials,core,0000070858-19-000012,10-K,2019-02-26,MDA,FLAGGED,head_foreign_item,head_foreign_item|head_keyword_absent,anchor,medium,73672,0.526,0.0,0.46576,bac-1231201810xk.htm,
72741,EVERSOURCE ENERGY,utilities,extension,0000072741-16-000063,10-K,2016-02-26,MDA,FLAGGED,heading_regex_fallback,heading_regex_fallback,heading_regex,low,25180,0.764,0.0,0.48233,f2015form10k.htm,
72741,EVERSOURCE ENERGY,utilities,extension,0000072741-16-000063,10-K,2016-02-26,RISK_FACTORS,FLAGGED,heading_regex_fallback,heading_regex_fallback,heading_regex,low,3655,0.8607,0.0,0.47091,f2015form10k.htm,
72971,WELLS FARGO & COMPANY/MN,financials,core,0000072971-16-001045,10-K,2016-02-24,MDA,FLAGGED,mda_stub_external_document,mda_stub_external_document|heading_regex_fallback|below_length_floor,incorporated_by_reference_unresolved,low,42,0.0,0.0,,wfc-12312015x10k.htm,
72971,WELLS FARGO & COMPANY/MN,financials,core,0000072971-16-001045,10-K,2016-02-24,RISK_FACTORS,FLAGGED,below_length_floor,heading_regex_fallback|below_length_floor,heading_regex,low,43,0.0,0.0,,wfc-12312015x10k.htm,
72971,WELLS FARGO & COMPANY/MN,financials,core,0000072971-17-000278,10-K,2017-03-01,MDA,FLAGGED,mda_stub_external_document,mda_stub_external_document|heading_regex_fallback|below_length_floor,incorporated_by_reference_unresolved,low,42,0.0,0.0,,wfc-12312016x10k.htm,
72971,WELLS FARGO & COMPANY/MN,financials,core,0000072971-17-000278,10-K,2017-03-01,RISK_FACTORS,FLAGGED,below_length_floor,heading_regex_fallback|below_length_floor,heading_regex,low,43,0.0,0.0,,wfc-12312016x10k.htm,
72971,WELLS FARGO & COMPANY/MN,financials,core,0000072971-18-000272,10-K,2018-03-01,MDA,FLAGGED,mda_stub_external_document,mda_stub_external_document|heading_regex_fallback|below_length_floor,incorporated_by_reference_unresolved,low,43,0.0,0.0,,wfc-12312017x10k.htm,
72971,WELLS FARGO & COMPANY/MN,financials,core,0000072971-18-000272,10-K,2018-03-01,RISK_FACTORS,FLAGGED,below_length_floor,heading_regex_fallback|below_length_floor,heading_regex,low,43,0.0,0.0,,wfc-12312017x10k.htm,
72971,WELLS FARGO & COMPANY/MN,financials,core,0000072971-19-000227,10-K,2019-02-27,MDA,FLAGGED,mda_stub_external_document,mda_stub_external_document|heading_regex_fallback|below_length_floor,incorporated_by_reference_unresolved,low,42,0.0,0.0,,wfc-12312018x10k.htm,
72971,WELLS FARGO & COMPANY/MN,financials,core,0000072971-19-000227,10-K,2019-02-27,RISK_FACTORS,FLAGGED,below_length_floor,heading_regex_fallback|below_length_floor,heading_regex,low,43,0.0,0.0,,wfc-12312018x10k.htm,
72971,WELLS FARGO & COMPANY/MN,financials,core,0000072971-20-000217,10-K,2020-02-27,MDA,FLAGGED,mda_stub_external_document,mda_stub_external_document|heading_regex_fallback|below_length_floor,incorporated_by_reference_unresolved,low,42,0.0,0.0,,wfc-12312019x10k.htm,
72971,WELLS FARGO & COMPANY/MN,financials,core,0000072971-20-000217,10-K,2020-02-27,RISK_FACTORS,FLAGGED,below_length_floor,heading_regex_fallback|below_length_floor,heading_regex,low,43,0.0,0.0,,wfc-12312019x10k.htm,
72971,WELLS FARGO & COMPANY/MN,financials,core,0000072971-21-000197,10-K,2021-02-23,MDA,FLAGGED,mda_stub_external_document,mda_stub_external_document|heading_regex_fallback|below_length_floor,incorporated_by_reference_unresolved,low,42,0.0,0.0,,wfc-20201231.htm,
72971,WELLS FARGO & COMPANY/MN,financials,core,0000072971-21-000197,10-K,2021-02-23,RISK_FACTORS,FLAGGED,below_length_floor,heading_regex_fallback|below_length_floor,heading_regex,low,43,0.0,0.0,,wfc-20201231.htm,
72971,WELLS FARGO & COMPANY/MN,financials,core,0000072971-22-000096,10-K,2022-02-22,MDA,FLAGGED,mda_stub_external_document,mda_stub_external_document|heading_regex_fallback|below_length_floor,incorporated_by_reference_unresolved,low,42,0.0,0.0,,wfc-20211231.htm,
72971,WELLS FARGO & COMPANY/MN,financials,core,0000072971-22-000096,10-K,2022-02-22,RISK_FACTORS,FLAGGED,below_length_floor,heading_regex_fallback|below_length_floor,heading_regex,low,44,0.0,0.0,,wfc-20211231.htm,
72971,WELLS FARGO & COMPANY/MN,financials,core,0000072971-23-000071,10-K,2023-02-21,MDA,FLAGGED,mda_stub_external_document,mda_stub_external_document|heading_regex_fallback|below_length_floor,incorporated_by_reference_unresolved,low,42,0.0,0.0,,wfc-20221231.htm,
72971,WELLS FARGO & COMPANY/MN,financials,core,0000072971-23-000071,10-K,2023-02-21,RISK_FACTORS,FLAGGED,below_length_floor,heading_regex_fallback|below_length_floor,heading_regex,low,43,0.0,0.0,,wfc-20221231.htm,
72971,WELLS FARGO & COMPANY/MN,financials,core,0000072971-24-000064,10-K,2024-02-20,MDA,FLAGGED,mda_stub_external_document,mda_stub_external_document|heading_regex_fallback|below_length_floor,incorporated_by_reference_unresolved,low,42,0.0,0.0,,wfc-20231231.htm,
72971,WELLS FARGO & COMPANY/MN,financials,core,0000072971-24-000064,10-K,2024-02-20,RISK_FACTORS,FLAGGED,below_length_floor,heading_regex_fallback|below_length_floor,heading_regex,low,43,0.0,0.0,,wfc-20231231.htm,
72971,WELLS FARGO & COMPANY/MN,financials,core,0000072971-25-000066,10-K,2025-02-25,MDA,FLAGGED,mda_stub_external_document,mda_stub_external_document|heading_regex_fallback|below_length_floor,incorporated_by_reference_unresolved,low,42,0.0,0.0,,wfc-20241231.htm,
72971,WELLS FARGO & COMPANY/MN,financials,core,0000072971-25-000066,10-K,2025-02-25,RISK_FACTORS,FLAGGED,below_length_floor,heading_regex_fallback|below_length_floor,heading_regex,low,43,0.0,0.0,,wfc-20241231.htm,
72971,WELLS FARGO & COMPANY/MN,financials,core,0000072971-26-000133,10-K,2026-02-24,MDA,FLAGGED,mda_stub_external_document,mda_stub_external_document|heading_regex_fallback|below_length_floor,incorporated_by_reference_unresolved,low,42,0.0,0.0,,wfc-20251231_d2.htm,
72971,WELLS FARGO & COMPANY/MN,financials,core,0000072971-26-000133,10-K,2026-02-24,RISK_FACTORS,FLAGGED,below_length_floor,heading_regex_fallback|below_length_floor,heading_regex,low,43,0.0,0.0,,wfc-20251231_d2.htm,
78003,PFIZER INC,healthcare,core,0000078003-16-000077,10-K,2016-02-29,MDA,FLAGGED,mda_stub_unresolved_same_doc,mda_stub_unresolved_same_doc|below_length_floor,incorporated_by_reference_unresolved,low,35,0.0,0.0,,pfe-12312015x10kshell.htm,
78003,PFIZER INC,healthcare,core,0000078003-17-000014,10-K,2017-02-23,MDA,FLAGGED,mda_stub_unresolved_same_doc,mda_stub_unresolved_same_doc|below_length_floor,incorporated_by_reference_unresolved,low,41,0.0,0.0,,pfe-12312016x10kshell.htm,
78003,PFIZER INC,healthcare,core,0000078003-18-000027,10-K,2018-02-22,MDA,FLAGGED,mda_stub_unresolved_same_doc,mda_stub_unresolved_same_doc|below_length_floor,incorporated_by_reference_unresolved,low,35,0.0,0.0,,pfe-12312017x10kshell.htm,
78003,PFIZER INC,healthcare,core,0000078003-19-000015,10-K,2019-02-28,MDA,FLAGGED,mda_stub_unresolved_same_doc,mda_stub_unresolved_same_doc|below_length_floor,incorporated_by_reference_unresolved,low,35,0.0,0.0,,pfe-12312018x10kshell.htm,
78003,PFIZER INC,healthcare,core,0000078003-20-000014,10-K,2020-02-27,MDA,FLAGGED,mda_stub_unresolved_same_doc,mda_stub_unresolved_same_doc|below_length_floor,incorporated_by_reference_unresolved,low,35,0.0,0.0,,pfe-12312019x10kshell.htm,
80424,PROCTER & GAMBLE Co,consumer,core,0000080424-15-000070,10-K,2015-08-07,MDA,FLAGGED,heading_regex_fallback,heading_regex_fallback,heading_regex,low,17523,0.7737,0.0,0.45326,fy141510-kreport.htm,
80424,PROCTER & GAMBLE Co,consumer,core,0000080424-15-000070,10-K,2015-08-07,RISK_FACTORS,FLAGGED,heading_regex_fallback,heading_regex_fallback,heading_regex,low,39228,0.5628,0.0,0.45896,fy141510-kreport.htm,
80661,PROGRESSIVE CORP/OH/,financials,core,0000080661-16-000080,10-K,2016-02-29,MDA,FLAGGED,mda_stub_external_document,mda_stub_external_document|heading_regex_fallback|below_length_floor,incorporated_by_reference_unresolved,low,42,0.0,0.0,,pgr-20151231x10k.htm,
80661,PROGRESSIVE CORP/OH/,financials,core,0000080661-16-000080,10-K,2016-02-29,RISK_FACTORS,FLAGGED,heading_regex_fallback,heading_regex_fallback,heading_regex,low,7581,0.8157,0.0,0.48282,pgr-20151231x10k.htm,
80661,PROGRESSIVE CORP/OH/,financials,core,0000080661-17-000012,10-K,2017-03-01,MDA,FLAGGED,mda_stub_external_document,mda_stub_external_document|heading_regex_fallback|below_length_floor,incorporated_by_reference_unresolved,low,32,0.0,0.0,,pgr-20161231x10k.htm,
80661,PROGRESSIVE CORP/OH/,financials,core,0000080661-17-000012,10-K,2017-03-01,RISK_FACTORS,FLAGGED,heading_regex_fallback,heading_regex_fallback,heading_regex,low,7785,0.8207,0.0,0.48314,pgr-20161231x10k.htm,
80661,PROGRESSIVE CORP/OH/,financials,core,0000080661-18-000011,10-K,2018-02-27,MDA,FLAGGED,mda_stub_external_document,mda_stub_external_document|heading_regex_fallback|below_length_floor,incorporated_by_reference_unresolved,low,32,0.0,0.0,,pgr-20171231x10k.htm,
80661,PROGRESSIVE CORP/OH/,financials,core,0000080661-18-000011,10-K,2018-02-27,RISK_FACTORS,FLAGGED,heading_regex_fallback,heading_regex_fallback,heading_regex,low,7976,0.8232,0.0,0.48285,pgr-20171231x10k.htm,
80661,PROGRESSIVE CORP/OH/,financials,core,0000080661-19-000008,10-K,2019-02-27,MDA,FLAGGED,mda_stub_external_document,mda_stub_external_document|heading_regex_fallback|below_length_floor,incorporated_by_reference_unresolved,low,32,0.0,0.0,,pgr-20181231x10k.htm,
80661,PROGRESSIVE CORP/OH/,financials,core,0000080661-19-000008,10-K,2019-02-27,RISK_FACTORS,FLAGGED,heading_regex_fallback,heading_regex_fallback,heading_regex,low,8183,0.8208,0.0,0.482,pgr-20181231x10k.htm,
80661,PROGRESSIVE CORP/OH/,financials,core,0000080661-20-000006,10-K,2020-03-02,MDA,FLAGGED,mda_stub_external_document,mda_stub_external_document|heading_regex_fallback|below_length_floor,incorporated_by_reference_unresolved,low,32,0.0,0.0,,pgr-20191231x10k.htm,
80661,PROGRESSIVE CORP/OH/,financials,core,0000080661-20-000006,10-K,2020-03-02,RISK_FACTORS,FLAGGED,heading_regex_fallback,heading_regex_fallback,heading_regex,low,8913,0.8252,0.0,0.48119,pgr-20191231x10k.htm,
80661,PROGRESSIVE CORP/OH/,financials,core,0000080661-21-000014,10-K,2021-03-01,MDA,FLAGGED,mda_stub_external_document,mda_stub_external_document|heading_regex_fallback|below_length_floor,incorporated_by_reference_unresolved,low,32,0.0,0.0,,pgr-20201231.htm,
80661,PROGRESSIVE CORP/OH/,financials,core,0000080661-21-000014,10-K,2021-03-01,RISK_FACTORS,FLAGGED,heading_regex_fallback,heading_regex_fallback,heading_regex,low,10045,0.833,0.0,0.48104,pgr-20201231.htm,
80661,PROGRESSIVE CORP/OH/,financials,core,0000080661-22-000046,10-K,2022-02-28,MDA,FLAGGED,mda_stub_external_document,mda_stub_external_document|heading_regex_fallback|below_length_floor,incorporated_by_reference_unresolved,low,35,0.0,0.0,,pgr-20211231.htm,
80661,PROGRESSIVE CORP/OH/,financials,core,0000080661-22-000046,10-K,2022-02-28,RISK_FACTORS,FLAGGED,heading_regex_fallback,heading_regex_fallback,heading_regex,low,10696,0.8301,0.0,0.48218,pgr-20211231.htm,
80661,PROGRESSIVE CORP/OH/,financials,core,0000080661-23-000006,10-K,2023-02-27,MDA,FLAGGED,mda_stub_external_document,mda_stub_external_document|heading_regex_fallback|below_length_floor,incorporated_by_reference_unresolved,low,35,0.0,0.0,,pgr-20221231.htm,
80661,PROGRESSIVE CORP/OH/,financials,core,0000080661-23-000006,10-K,2023-02-27,RISK_FACTORS,FLAGGED,heading_regex_fallback,heading_regex_fallback,heading_regex,low,11563,0.8045,0.0,0.47876,pgr-20221231.htm,
80661,PROGRESSIVE CORP/OH/,financials,core,0000080661-24-000007,10-K,2024-02-26,MDA,FLAGGED,mda_stub_external_document,mda_stub_external_document|heading_regex_fallback|below_length_floor,incorporated_by_reference_unresolved,low,35,0.0,0.0,,pgr-20231231.htm,
80661,PROGRESSIVE CORP/OH/,financials,core,0000080661-24-000007,10-K,2024-02-26,RISK_FACTORS,FLAGGED,heading_regex_fallback,heading_regex_fallback,heading_regex,low,10865,0.82,0.0,0.48394,pgr-20231231.htm,
80661,PROGRESSIVE CORP/OH/,financials,core,0000080661-25-000007,10-K,2025-03-03,MDA,FLAGGED,mda_stub_external_document,mda_stub_external_document|heading_regex_fallback|below_length_floor,incorporated_by_reference_unresolved,low,35,0.0,0.0,,pgr-20241231.htm,
80661,PROGRESSIVE CORP/OH/,financials,core,0000080661-25-000007,10-K,2025-03-03,RISK_FACTORS,FLAGGED,heading_regex_fallback,heading_regex_fallback,heading_regex,low,10767,0.8148,0.0,0.48365,pgr-20241231.htm,
80661,PROGRESSIVE CORP/OH/,financials,core,0000080661-26-000086,10-K,2026-03-02,MDA,FLAGGED,mda_stub_external_document,mda_stub_external_document|heading_regex_fallback|below_length_floor,incorporated_by_reference_unresolved,low,35,0.0,0.0,,pgr-20251231.htm,
80661,PROGRESSIVE CORP/OH/,financials,core,0000080661-26-000086,10-K,2026-03-02,RISK_FACTORS,FLAGGED,heading_regex_fallback,heading_regex_fallback,heading_regex,low,10820,0.8147,0.0,0.48284,pgr-20251231.htm,
1032208,SEMPRA,utilities,extension,0000086521-16-000091,10-K,2016-02-26,MDA,FLAGGED,mda_stub_unresolved_same_doc,mda_stub_unresolved_same_doc|heading_regex_fallback|below_length_floor,incorporated_by_reference_unresolved,low,14,0.0,0.0,,sre10k_12312015.htm,
1032208,SEMPRA,utilities,extension,0000086521-16-000091,10-K,2016-02-26,RISK_FACTORS,FLAGGED,heading_regex_fallback,heading_regex_fallback,heading_regex,low,16984,0.8853,0.0,0.44555,sre10k_12312015.htm,
1032208,SEMPRA,utilities,extension,0000086521-17-000017,10-K,2017-02-28,MDA,FLAGGED,mda_stub_external_document,mda_stub_external_document|below_length_floor,incorporated_by_reference_unresolved,low,43,0.0,0.0,,sre20161231form10k.htm,
89800,SHERWIN WILLIAMS CO,consumer,core,0000089800-16-000026,10-K,2016-02-24,MDA,FLAGGED,mda_stub_external_document,mda_stub_external_document|below_length_floor,incorporated_by_reference_unresolved,low,52,0.0,0.0,,shw-12312015x10k.htm,
89800,SHERWIN WILLIAMS CO,consumer,core,0000089800-17-000005,10-K,2017-02-22,MDA,FLAGGED,mda_stub_external_document,mda_stub_external_document|below_length_floor,incorporated_by_reference_unresolved,low,52,0.0,0.0,,shw-12312016x10k.htm,
89800,SHERWIN WILLIAMS CO,consumer,core,0000089800-18-000004,10-K,2018-02-23,MDA,FLAGGED,mda_stub_external_document,mda_stub_external_document|below_length_floor,incorporated_by_reference_unresolved,low,52,0.0,0.0,,shw-12312017x10k.htm,
89800,SHERWIN WILLIAMS CO,consumer,core,0000089800-19-000004,10-K,2019-02-22,MDA,FLAGGED,mda_stub_external_document,mda_stub_external_document|below_length_floor,incorporated_by_reference_unresolved,low,52,0.0,0.0,,shw-12312018x10k.htm,
92122,SOUTHERN CO,utilities,extension,0000092122-17-000007,10-K,2017-02-22,MDA,FLAGGED,mda_stub_unresolved_same_doc,mda_stub_unresolved_same_doc|below_length_floor,incorporated_by_reference_unresolved,low,127,0.0,0.0,0.74603,so_10-kx12312016.htm,
92230,TRUIST FINANCIAL CORP,financials,core,0000092230-23-000034,10-K,2023-02-28,MDA,FLAGGED,head_keyword_absent,head_keyword_absent,anchor,medium,13237,0.6214,0.0,0.4602,tfc-20221231.htm,
92230,TRUIST FINANCIAL CORP,financials,core,0000092230-24-000010,10-K,2024-02-27,MDA,FLAGGED,head_keyword_absent,head_keyword_absent,anchor,medium,13643,0.5774,0.0,0.45957,tfc-20231231.htm,
92230,TRUIST FINANCIAL CORP,financials,core,0000092230-25-000020,10-K,2025-02-25,MDA,FLAGGED,head_keyword_absent,head_keyword_absent,anchor,medium,13907,0.5321,0.0,0.45224,tfc-20241231.htm,
92230,TRUIST FINANCIAL CORP,financials,core,0000092230-26-000030,10-K,2026-02-24,MDA,FLAGGED,head_keyword_absent,head_keyword_absent,anchor,medium,22683,0.6494,0.0,0.43378,tfc-20251231.htm,
97476,TEXAS INSTRUMENTS INC,tech,core,0000097476-20-000009,10-K,2020-02-20,MDA,FLAGGED,heading_regex_fallback,heading_regex_fallback,heading_regex,low,3438,0.6998,0.0,0.53059,txn-20191231.htm,
97476,TEXAS INSTRUMENTS INC,tech,core,0000097476-20-000009,10-K,2020-02-20,RISK_FACTORS,FLAGGED,below_length_floor,heading_regex_fallback|below_length_floor,heading_regex,low,1187,0.9023,0.0,0.49445,txn-20191231.htm,
97476,TEXAS INSTRUMENTS INC,tech,core,0000097476-21-000006,10-K,2021-02-05,MDA,FLAGGED,heading_regex_fallback,heading_regex_fallback,heading_regex,low,3306,0.6443,0.0,0.52164,txn-20201231.htm,
97476,TEXAS INSTRUMENTS INC,tech,core,0000097476-21-000006,10-K,2021-02-05,RISK_FACTORS,FLAGGED,heading_regex_fallback,heading_regex_fallback,heading_regex,low,3845,0.8928,0.0,0.49408,txn-20201231.htm,
97476,TEXAS INSTRUMENTS INC,tech,core,0000097476-22-000009,10-K,2022-02-04,MDA,FLAGGED,heading_regex_fallback,heading_regex_fallback,heading_regex,low,2716,0.6841,0.0,0.53936,txn-20211231.htm,
97476,TEXAS INSTRUMENTS INC,tech,core,0000097476-22-000009,10-K,2022-02-04,RISK_FACTORS,FLAGGED,heading_regex_fallback,heading_regex_fallback,heading_regex,low,3817,0.9046,0.0,0.48994,txn-20211231.htm,
97476,TEXAS INSTRUMENTS INC,tech,core,0000097476-23-000007,10-K,2023-02-03,MDA,FLAGGED,heading_regex_fallback,heading_regex_fallback,heading_regex,low,2793,0.6982,0.0,0.54371,txn-20221231.htm,
97476,TEXAS INSTRUMENTS INC,tech,core,0000097476-23-000007,10-K,2023-02-03,RISK_FACTORS,FLAGGED,heading_regex_fallback,heading_regex_fallback,heading_regex,low,3836,0.9059,0.0,0.48997,txn-20221231.htm,
97476,TEXAS INSTRUMENTS INC,tech,core,0000097476-24-000007,10-K,2024-02-02,MDA,FLAGGED,heading_regex_fallback,heading_regex_fallback,heading_regex,low,2534,0.676,0.0,0.54486,txn-20231231.htm,
97476,TEXAS INSTRUMENTS INC,tech,core,0000097476-24-000007,10-K,2024-02-02,RISK_FACTORS,FLAGGED,heading_regex_fallback,heading_regex_fallback,heading_regex,low,3976,0.9135,0.0,0.48408,txn-20231231.htm,
97476,TEXAS INSTRUMENTS INC,tech,core,0000097476-25-000007,10-K,2025-02-14,MDA,FLAGGED,heading_regex_fallback,heading_regex_fallback,heading_regex,low,2334,0.638,0.0,0.5554,txn-20241231.htm,
97476,TEXAS INSTRUMENTS INC,tech,core,0000097476-25-000007,10-K,2025-02-14,RISK_FACTORS,FLAGGED,heading_regex_fallback,heading_regex_fallback,heading_regex,low,3955,0.9128,0.0,0.48068,txn-20241231.htm,
97476,TEXAS INSTRUMENTS INC,tech,core,0000097476-26-000059,10-K,2026-02-06,MDA,FLAGGED,heading_regex_fallback,heading_regex_fallback,heading_regex,low,2902,0.7061,0.0,0.54577,txn-20251231.htm,
97476,TEXAS INSTRUMENTS INC,tech,core,0000097476-26-000059,10-K,2026-02-06,RISK_FACTORS,FLAGGED,heading_regex_fallback,heading_regex_fallback,heading_regex,low,4046,0.9073,0.0,0.48023,txn-20251231.htm,
101829,RTX Corp,industrials,extension,0000101829-16-000050,10-K,2016-02-11,MDA,FLAGGED,mda_stub_external_document,mda_stub_external_document|below_length_floor,incorporated_by_reference_unresolved,low,50,0.0,0.0,,a2015-12x31form10xk.htm,
101829,RTX Corp,industrials,extension,0000101829-17-000007,10-K,2017-02-09,MDA,FLAGGED,mda_stub_external_document,mda_stub_external_document|below_length_floor,incorporated_by_reference_unresolved,low,50,0.0,0.0,,a2016-12x31form10xk.htm,
101829,RTX Corp,industrials,extension,0000101829-18-000005,10-K,2018-02-09,MDA,FLAGGED,mda_stub_external_document,mda_stub_external_document|below_length_floor,incorporated_by_reference_unresolved,low,50,0.0,0.0,,a2017-12x31form10xk.htm,
101829,RTX Corp,industrials,extension,0000101829-19-000007,10-K,2019-02-07,MDA,FLAGGED,mda_stub_external_document,mda_stub_external_document|below_length_floor,incorporated_by_reference_unresolved,low,51,0.0,0.0,,a2018-12x31form10xk.htm,
101829,RTX Corp,industrials,extension,0000101829-20-000013,10-K,2020-02-06,MDA,FLAGGED,mda_stub_external_document,mda_stub_external_document|below_length_floor,incorporated_by_reference_unresolved,low,50,0.0,0.0,,utx-20191231_d2.htm,
104169,Walmart Inc.,consumer,core,0000104169-16-000079,10-K,2016-03-30,MDA,FLAGGED,mda_stub_external_document,mda_stub_external_document|heading_regex_fallback|below_length_floor,incorporated_by_reference_unresolved,low,61,0.7869,0.0,0.72414,wmtform10-kx1312016.htm,
104169,Walmart Inc.,consumer,core,0000104169-16-000079,10-K,2016-03-30,RISK_FACTORS,FLAGGED,heading_regex_fallback,heading_regex_fallback,heading_regex,low,7777,0.9434,0.0,0.47877,wmtform10-kx1312016.htm,
104169,Walmart Inc.,consumer,core,0000104169-17-000021,10-K,2017-03-31,MDA,FLAGGED,mda_stub_external_document,mda_stub_external_document|heading_regex_fallback|below_length_floor,incorporated_by_reference_unresolved,low,61,0.0,0.0,0.72414,wmtform10-kx1312017.htm,
104169,Walmart Inc.,consumer,core,0000104169-17-000021,10-K,2017-03-31,RISK_FACTORS,FLAGGED,heading_regex_fallback,heading_regex_fallback,heading_regex,low,8037,0.9158,0.0,0.4833,wmtform10-kx1312017.htm,
106535,WEYERHAEUSER CO,materials_realestate,extension,0000106535-16-000046,10-K,2016-02-17,MDA,FLAGGED,head_keyword_absent,head_keyword_absent,anchor,medium,9830,0.296,0.0,0.5057,wy-123115x10k.htm,
106535,WEYERHAEUSER CO,materials_realestate,extension,0000106535-17-000007,10-K,2017-02-24,MDA,FLAGGED,head_keyword_absent,head_keyword_absent,anchor,medium,12104,0.3052,0.0,0.49286,wy-123116x10k.htm,
106535,WEYERHAEUSER CO,materials_realestate,extension,0000106535-18-000013,10-K,2018-02-16,MDA,FLAGGED,head_keyword_absent,head_keyword_absent,anchor,medium,13992,0.3053,0.0,0.49884,wy-123117x10k.htm,
107263,"WILLIAMS COMPANIES, INC.",energy,core,0000107263-16-000021,10-K,2016-02-26,RISK_FACTORS,FLAGGED,toc_recovered_f1,toc_recovered_f1|toc_recovery_end_guarded,anchor_resolving_entry,low,11922,0.7753,0.0,0.48521,wmb_20151231x10k.htm,
107263,"WILLIAMS COMPANIES, INC.",energy,core,0000107263-23-000007,10-K,2023-02-27,MDA,FLAGGED,head_keyword_absent,head_keyword_absent,anchor,medium,10551,0.5284,0.0,0.46245,wmb-20221231.htm,
107263,"WILLIAMS COMPANIES, INC.",energy,core,0000107263-24-000019,10-K,2024-02-21,MDA,FLAGGED,head_keyword_absent,head_keyword_absent,anchor,medium,12045,0.5199,0.0,0.46023,wmb-20231231.htm,
200406,JOHNSON & JOHNSON,healthcare,core,0000200406-16-000071,10-K,2016-02-24,RISK_FACTORS,FLAGGED,below_length_floor,below_length_floor,anchor,medium,84,0.9524,0.0,0.60494,form10-k20160103.htm,
310764,STRYKER CORP,healthcare,core,0000310764-16-000226,10-K,2016-02-11,MDA,FLAGGED,heading_regex_fallback,heading_regex_fallback,heading_regex,low,7561,0.634,0.0,0.46732,syk10k12312015.htm,
310764,STRYKER CORP,healthcare,core,0000310764-16-000226,10-K,2016-02-11,RISK_FACTORS,FLAGGED,heading_regex_fallback,heading_regex_fallback,heading_regex,low,3040,0.8118,0.0,0.47159,syk10k12312015.htm,
310764,STRYKER CORP,healthcare,core,0000310764-17-000034,10-K,2017-02-09,MDA,FLAGGED,heading_regex_fallback,heading_regex_fallback,heading_regex,low,6743,0.5426,0.0,0.47748,syk10k123116.htm,
310764,STRYKER CORP,healthcare,core,0000310764-17-000034,10-K,2017-02-09,RISK_FACTORS,FLAGGED,heading_regex_fallback,heading_regex_fallback,heading_regex,low,3144,0.8391,0.0,0.45956,syk10k123116.htm,
310764,STRYKER CORP,healthcare,core,0000310764-18-000031,10-K,2018-02-08,MDA,FLAGGED,heading_regex_fallback,heading_regex_fallback,heading_regex,low,6901,0.425,0.0,0.47693,syk10k123117.htm,
310764,STRYKER CORP,healthcare,core,0000310764-18-000031,10-K,2018-02-08,RISK_FACTORS,FLAGGED,heading_regex_fallback,heading_regex_fallback,heading_regex,low,3296,0.845,0.0,0.45998,syk10k123117.htm,
310764,STRYKER CORP,healthcare,core,0000310764-19-000014,10-K,2019-02-07,MDA,FLAGGED,heading_regex_fallback,heading_regex_fallback,heading_regex,low,7479,0.4835,0.0,0.47578,syk10k123118.htm,
310764,STRYKER CORP,healthcare,core,0000310764-19-000014,10-K,2019-02-07,RISK_FACTORS,FLAGGED,heading_regex_fallback,heading_regex_fallback,heading_regex,low,3564,0.8496,0.0,0.45916,syk10k123118.htm,
313616,DANAHER CORP /DE/,industrials,extension,0000313616-16-000145,10-K,2016-02-24,MDA,FLAGGED,toc_recovered_f1,toc_recovered_f1|toc_recovery_end_guarded,anchor_resolving_entry,low,19246,0.5671,0.0,0.50403,dhr-20151231x10xk.htm,
313616,DANAHER CORP /DE/,industrials,extension,0000313616-16-000145,10-K,2016-02-24,RISK_FACTORS,FLAGGED,toc_recovered_f1,toc_recovered_f1|toc_recovery_end_guarded,anchor_resolving_entry,low,8618,0.8255,0.0,0.49865,dhr-20151231x10xk.htm,
313616,DANAHER CORP /DE/,industrials,extension,0000313616-17-000066,10-K,2017-02-22,MDA,FLAGGED,toc_recovered_f1,toc_recovered_f1|toc_recovery_end_guarded,anchor_resolving_entry,low,16896,0.5007,0.0,0.51004,dhr-20161231x10xk.htm,
313616,DANAHER CORP /DE/,industrials,extension,0000313616-17-000066,10-K,2017-02-22,RISK_FACTORS,FLAGGED,toc_recovered_f1,toc_recovered_f1|toc_recovery_end_guarded,anchor_resolving_entry,low,10213,0.8098,0.0,0.49708,dhr-20161231x10xk.htm,
313616,DANAHER CORP /DE/,industrials,extension,0000313616-18-000038,10-K,2018-02-21,MDA,FLAGGED,toc_recovered_f1,toc_recovered_f1|toc_recovery_end_guarded,anchor_resolving_entry,low,18277,0.4901,0.0,0.51718,dhr-20171231x10xk.htm,
313616,DANAHER CORP /DE/,industrials,extension,0000313616-18-000038,10-K,2018-02-21,RISK_FACTORS,FLAGGED,toc_recovered_f1,toc_recovered_f1|toc_recovery_end_guarded,anchor_resolving_entry,low,11014,0.8394,0.0,0.49599,dhr-20171231x10xk.htm,
313616,DANAHER CORP /DE/,industrials,extension,0000313616-19-000035,10-K,2019-02-21,MDA,FLAGGED,toc_recovered_f1,toc_recovered_f1|toc_recovery_end_guarded,anchor_resolving_entry,low,18730,0.5116,0.0,0.51358,dhr-20181231x10xk.htm,
313616,DANAHER CORP /DE/,industrials,extension,0000313616-19-000035,10-K,2019-02-21,RISK_FACTORS,FLAGGED,toc_recovered_f1,toc_recovered_f1|toc_recovery_end_guarded,anchor_resolving_entry,low,12398,0.8533,0.0,0.49461,dhr-20181231x10xk.htm,
318154,AMGEN INC,healthcare,core,0000318154-17-000004,10-K,2017-02-14,MDA,FLAGGED,toc_recovered_f1,toc_recovered_f1|toc_recovery_end_guarded,anchor_resolving_entry,low,10366,0.5894,0.0,0.48946,amgn-12312016x10k.htm,
318154,AMGEN INC,healthcare,core,0000318154-17-000004,10-K,2017-02-14,RISK_FACTORS,FLAGGED,toc_recovered_f1,toc_recovered_f1|toc_recovery_end_guarded,anchor_resolving_entry,low,11254,0.8784,0.0,0.46654,amgn-12312016x10k.htm,
723125,MICRON TECHNOLOGY INC,tech,core,0000723125-15-000112,10-K,2015-10-27,MDA,FLAGGED,mda_stub_resolved,mda_stub_resolved|heading_regex_fallback,incorporated_by_reference_resolved,medium,33381,0.5233,0.0,0.49463,a2015q4.htm,
723125,MICRON TECHNOLOGY INC,tech,core,0000723125-15-000112,10-K,2015-10-27,RISK_FACTORS,FLAGGED,heading_regex_fallback,heading_regex_fallback,heading_regex,low,30782,0.4221,0.0,0.47423,a2015q4.htm,
723125,MICRON TECHNOLOGY INC,tech,core,0000723125-16-000269,10-K,2016-10-28,MDA,FLAGGED,heading_regex_fallback,heading_regex_fallback,heading_regex,low,3001,0.7028,0.0,0.48944,a2016q4.htm,
723125,MICRON TECHNOLOGY INC,tech,core,0000723125-16-000269,10-K,2016-10-28,RISK_FACTORS,FLAGGED,heading_regex_fallback,heading_regex_fallback,heading_regex,low,30387,0.4089,0.0,0.47515,a2016q4.htm,
723125,MICRON TECHNOLOGY INC,tech,core,0000723125-17-000131,10-K,2017-10-26,MDA,FLAGGED,heading_regex_fallback,heading_regex_fallback,heading_regex,low,3011,0.641,0.0,0.51016,a2017q4.htm,
723125,MICRON TECHNOLOGY INC,tech,core,0000723125-17-000131,10-K,2017-10-26,RISK_FACTORS,FLAGGED,heading_regex_fallback,heading_regex_fallback,heading_regex,low,27976,0.429,0.0,0.468,a2017q4.htm,
723125,MICRON TECHNOLOGY INC,tech,core,0000723125-18-000092,10-K,2018-10-15,MDA,FLAGGED,heading_regex_fallback,heading_regex_fallback,heading_regex,low,3223,0.7716,0.0,0.51809,a2018q4.htm,
723125,MICRON TECHNOLOGY INC,tech,core,0000723125-18-000092,10-K,2018-10-15,RISK_FACTORS,FLAGGED,heading_regex_fallback,heading_regex_fallback,heading_regex,low,25070,0.4398,0.0,0.46494,a2018q4.htm,
723125,MICRON TECHNOLOGY INC,tech,core,0000723125-19-000094,10-K,2019-10-17,MDA,FLAGGED,heading_regex_fallback,heading_regex_fallback,heading_regex,low,2558,0.7392,0.0,0.51855,a2019q4.htm,
723125,MICRON TECHNOLOGY INC,tech,core,0000723125-19-000094,10-K,2019-10-17,RISK_FACTORS,FLAGGED,heading_regex_fallback,heading_regex_fallback,heading_regex,low,23672,0.4703,0.0,0.46062,a2019q4.htm,
732717,AT&T INC.,utilities,extension,0000732717-16-000147,10-K,2016-02-18,MDA,FLAGGED,mda_stub_external_document,mda_stub_external_document|heading_regex_fallback|below_length_floor,incorporated_by_reference_unresolved,low,40,0.0,0.0,,ye15_10k.htm,
732717,AT&T INC.,utilities,extension,0000732717-16-000147,10-K,2016-02-18,RISK_FACTORS,FLAGGED,below_length_floor,heading_regex_fallback|below_length_floor,heading_regex,low,1001,0.5914,0.0,0.43205,ye15_10k.htm,
732717,AT&T INC.,utilities,extension,0000732717-17-000021,10-K,2017-02-17,MDA,FLAGGED,mda_stub_external_document,mda_stub_external_document|heading_regex_fallback|below_length_floor,incorporated_by_reference_unresolved,low,40,0.0,0.0,,ye16_10k.htm,
732717,AT&T INC.,utilities,extension,0000732717-17-000021,10-K,2017-02-17,RISK_FACTORS,FLAGGED,below_length_floor,heading_regex_fallback|below_length_floor,heading_regex,low,1010,0.5307,0.0,0.426,ye16_10k.htm,
732717,AT&T INC.,utilities,extension,0000732717-18-000009,10-K,2018-02-20,MDA,FLAGGED,mda_stub_external_document,mda_stub_external_document|heading_regex_fallback|below_length_floor,incorporated_by_reference_unresolved,low,40,0.0,0.0,,ye17_10k.htm,
732717,AT&T INC.,utilities,extension,0000732717-18-000009,10-K,2018-02-20,RISK_FACTORS,FLAGGED,below_length_floor,heading_regex_fallback|below_length_floor,heading_regex,low,985,0.5827,0.0,0.42418,ye17_10k.htm,
753308,NEXTERA ENERGY INC,utilities,extension,0000753308-16-000337,10-K,2016-02-22,MDA,FLAGGED,toc_recovered_f1,toc_recovered_f1,anchor_resolving_entry,medium,18340,0.5829,0.0,0.45553,nee-12312015x10k.htm,
753308,NEXTERA ENERGY INC,utilities,extension,0000753308-17-000060,10-K,2017-02-23,MDA,FLAGGED,toc_recovered_f1,toc_recovered_f1,anchor_resolving_entry,medium,17166,0.6111,0.0,0.45284,nee-12312016x10k.htm,
753308,NEXTERA ENERGY INC,utilities,extension,0000753308-18-000013,10-K,2018-02-16,MDA,FLAGGED,toc_recovered_f1,toc_recovered_f1,anchor_resolving_entry,medium,15105,0.5899,0.0,0.44968,nee-12312017x10k.htm,
766704,WELLTOWER INC.,materials_realestate,extension,0000766704-16-000055,10-K,2016-02-18,MDA,FLAGGED,toc_recovered_f2,toc_recovered_f2,heading_regex_toc_present,low,12814,0.0,0.0,0.48393,10-K.htm,
766704,WELLTOWER INC.,materials_realestate,extension,0000766704-16-000055,10-K,2016-02-18,RISK_FACTORS,FAIL,item_absent_from_toc,item_absent_from_toc|item_body_heading_present,none,low,0,0.0,,,10-K.htm,
766704,WELLTOWER INC.,materials_realestate,extension,0000766704-17-000012,10-K,2017-02-22,MDA,FLAGGED,toc_recovered_f2,toc_recovered_f2,heading_regex_toc_present,low,12630,0.0,0.0,0.47848,10-k.htm,
766704,WELLTOWER INC.,materials_realestate,extension,0000766704-17-000012,10-K,2017-02-22,RISK_FACTORS,FAIL,item_absent_from_toc,item_absent_from_toc|item_body_heading_present,none,low,0,0.0,,,10-k.htm,
766704,WELLTOWER INC.,materials_realestate,extension,0000766704-18-000012,10-K,2018-02-28,MDA,FLAGGED,toc_recovered_f2,toc_recovered_f2,heading_regex_toc_present,low,13029,0.0,0.0,0.47966,10-K.htm,
766704,WELLTOWER INC.,materials_realestate,extension,0000766704-18-000012,10-K,2018-02-28,RISK_FACTORS,FAIL,item_absent_from_toc,item_absent_from_toc|item_body_heading_present,none,low,0,0.0,,,10-K.htm,
773840,HONEYWELL INTERNATIONAL INC,industrials,extension,0000773840-22-000018,10-K,2022-02-11,MDA,FLAGGED,mda_stub_resolved,mda_stub_resolved|heading_regex_fallback,incorporated_by_reference_resolved,medium,44426,0.5373,0.0,0.46134,hon-20211231.htm,
773840,HONEYWELL INTERNATIONAL INC,industrials,extension,0000773840-22-000018,10-K,2022-02-11,RISK_FACTORS,FAIL,no_toc_and_no_heading_match,no_toc_and_no_heading_match,none,low,0,0.0,,,hon-20211231.htm,
773840,HONEYWELL INTERNATIONAL INC,industrials,extension,0000773840-23-000013,10-K,2023-02-10,MDA,FAIL,item_absent_from_toc,item_absent_from_toc|item_body_heading_present,none,low,0,0.0,,,hon-20221231.htm,
773840,HONEYWELL INTERNATIONAL INC,industrials,extension,0000773840-23-000013,10-K,2023-02-10,RISK_FACTORS,FAIL,item_absent_from_toc,item_absent_from_toc,none,low,0,0.0,,,hon-20221231.htm,
773840,HONEYWELL INTERNATIONAL INC,industrials,extension,0000773840-24-000014,10-K,2024-02-16,MDA,FAIL,item_absent_from_toc,item_absent_from_toc|item_body_heading_present,none,low,0,0.0,,,hon-20231231.htm,
773840,HONEYWELL INTERNATIONAL INC,industrials,extension,0000773840-24-000014,10-K,2024-02-16,RISK_FACTORS,FAIL,item_absent_from_toc,item_absent_from_toc,none,low,0,0.0,,,hon-20231231.htm,
773840,HONEYWELL INTERNATIONAL INC,industrials,extension,0000773840-25-000010,10-K,2025-02-14,MDA,FAIL,item_absent_from_toc,item_absent_from_toc|item_body_heading_present,none,low,0,0.0,,,hon-20241231.htm,
773840,HONEYWELL INTERNATIONAL INC,industrials,extension,0000773840-25-000010,10-K,2025-02-14,RISK_FACTORS,FAIL,item_absent_from_toc,item_absent_from_toc,none,low,0,0.0,,,hon-20241231.htm,
773840,HONEYWELL INTERNATIONAL INC,industrials,extension,0000773840-26-000013,10-K,2026-02-17,MDA,FAIL,item_absent_from_toc,item_absent_from_toc|item_body_heading_present,none,low,0,0.0,,,hon-20251231.htm,
773840,HONEYWELL INTERNATIONAL INC,industrials,extension,0000773840-26-000013,10-K,2026-02-17,RISK_FACTORS,FAIL,item_absent_from_toc,item_absent_from_toc,none,low,0,0.0,,,hon-20251231.htm,
797468,OCCIDENTAL PETROLEUM CORP /DE/,energy,core,0000797468-16-000017,10-K,2016-02-26,RISK_FACTORS,FLAGGED,below_length_floor,below_length_floor,anchor,medium,1793,0.6475,0.0,0.40919,oxy10k12-31x2015.htm,
797468,OCCIDENTAL PETROLEUM CORP /DE/,energy,core,0000797468-17-000003,10-K,2017-02-23,RISK_FACTORS,FLAGGED,below_length_floor,below_length_floor,anchor,medium,1933,0.7237,0.0,0.40607,oxy10k12-31x2016.htm,
816284,CELGENE CORP /DE/,healthcare,core,0000816284-17-000003,10-K,2017-02-10,MDA,FLAGGED,head_keyword_absent,head_keyword_absent,anchor,medium,3151,0.8864,0.0,0.45428,a2016123110k.htm,
816284,CELGENE CORP /DE/,healthcare,core,0000816284-18-000005,10-K,2018-02-07,MDA,FLAGGED,head_keyword_absent,head_keyword_absent,anchor,medium,3688,0.8446,0.0,0.45681,a2017123110k.htm,
816284,CELGENE CORP /DE/,healthcare,core,0000816284-19-000014,10-K,2019-02-26,MDA,FLAGGED,head_keyword_absent,head_keyword_absent,anchor,medium,4172,0.8008,0.0,0.46218,a2018123110-k.htm,
827052,EDISON INTERNATIONAL,utilities,extension,0000827052-16-000222,10-K,2016-02-23,MDA,FAIL,no_toc_and_no_heading_match,no_toc_and_no_heading_match,none,low,0,0.0,,,eix-sce201510k.htm,
827052,EDISON INTERNATIONAL,utilities,extension,0000827052-16-000222,10-K,2016-02-23,RISK_FACTORS,FAIL,no_toc_and_no_heading_match,no_toc_and_no_heading_match,none,low,0,0.0,,,eix-sce201510k.htm,
827052,EDISON INTERNATIONAL,utilities,extension,0000827052-17-000033,10-K,2017-02-21,MDA,FAIL,no_toc_and_no_heading_match,no_toc_and_no_heading_match,none,low,0,0.0,,,eix-sce201610k.htm,
827052,EDISON INTERNATIONAL,utilities,extension,0000827052-17-000033,10-K,2017-02-21,RISK_FACTORS,FAIL,no_toc_and_no_heading_match,no_toc_and_no_heading_match,none,low,0,0.0,,,eix-sce201610k.htm,
827052,EDISON INTERNATIONAL,utilities,extension,0000827052-18-000046,10-K,2018-02-22,MDA,FAIL,no_toc_and_no_heading_match,no_toc_and_no_heading_match,none,low,0,0.0,,,eix-sce201710k.htm,
827052,EDISON INTERNATIONAL,utilities,extension,0000827052-18-000046,10-K,2018-02-22,RISK_FACTORS,FAIL,no_toc_and_no_heading_match,no_toc_and_no_heading_match,none,low,0,0.0,,,eix-sce201710k.htm,
827052,EDISON INTERNATIONAL,utilities,extension,0000827052-19-000034,10-K,2019-02-28,MDA,FAIL,no_toc_and_no_heading_match,no_toc_and_no_heading_match,none,low,0,0.0,,,eix-sceq4201810k.htm,
827052,EDISON INTERNATIONAL,utilities,extension,0000827052-19-000034,10-K,2019-02-28,RISK_FACTORS,FAIL,no_toc_and_no_heading_match,no_toc_and_no_heading_match,none,low,0,0.0,,,eix-sceq4201810k.htm,
827052,EDISON INTERNATIONAL,utilities,extension,0000827052-20-000026,10-K,2020-02-27,MDA,FLAGGED,heading_regex_fallback,heading_regex_fallback,heading_regex,low,86391,0.5869,0.0,0.44308,eix-sceq4201910k.htm,
827052,EDISON INTERNATIONAL,utilities,extension,0000827052-20-000026,10-K,2020-02-27,RISK_FACTORS,FAIL,no_toc_and_no_heading_match,no_toc_and_no_heading_match,none,low,0,0.0,,,eix-sceq4201910k.htm,
827052,EDISON INTERNATIONAL,utilities,extension,0000827052-21-000019,10-K,2021-02-25,MDA,FLAGGED,heading_regex_fallback,heading_regex_fallback,heading_regex,low,92348,0.6339,0.0,0.4377,eix-20201231.htm,
827052,EDISON INTERNATIONAL,utilities,extension,0000827052-21-000019,10-K,2021-02-25,RISK_FACTORS,FAIL,no_toc_and_no_heading_match,no_toc_and_no_heading_match,none,low,0,0.0,,,eix-20201231.htm,
827052,EDISON INTERNATIONAL,utilities,extension,0000827052-22-000006,10-K,2022-02-24,MDA,FLAGGED,heading_regex_fallback,heading_regex_fallback,heading_regex,low,88747,0.6248,0.0,0.44112,eix-20211231x10k.htm,
827052,EDISON INTERNATIONAL,utilities,extension,0000827052-22-000006,10-K,2022-02-24,RISK_FACTORS,FAIL,no_toc_and_no_heading_match,no_toc_and_no_heading_match,none,low,0,0.0,,,eix-20211231x10k.htm,
827052,EDISON INTERNATIONAL,utilities,extension,0000827052-23-000010,10-K,2023-02-23,MDA,FLAGGED,heading_regex_fallback,heading_regex_fallback,heading_regex,low,90433,0.629,0.0,0.43622,eix-20221231x10k.htm,
827052,EDISON INTERNATIONAL,utilities,extension,0000827052-23-000010,10-K,2023-02-23,RISK_FACTORS,FAIL,no_toc_and_no_heading_match,no_toc_and_no_heading_match,none,low,0,0.0,,,eix-20221231x10k.htm,
827052,EDISON INTERNATIONAL,utilities,extension,0000827052-24-000013,10-K,2024-02-22,MDA,FLAGGED,heading_regex_fallback,heading_regex_fallback,heading_regex,low,90355,0.6264,0.0,0.43939,eix-20231231x10k.htm,
827052,EDISON INTERNATIONAL,utilities,extension,0000827052-24-000013,10-K,2024-02-22,RISK_FACTORS,FAIL,no_toc_and_no_heading_match,no_toc_and_no_heading_match,none,low,0,0.0,,,eix-20231231x10k.htm,
827052,EDISON INTERNATIONAL,utilities,extension,0000827052-25-000022,10-K,2025-02-27,MDA,FLAGGED,heading_regex_fallback,heading_regex_fallback,heading_regex,low,88695,0.6347,0.0,0.43961,eix-20241231.htm,
827052,EDISON INTERNATIONAL,utilities,extension,0000827052-25-000022,10-K,2025-02-27,RISK_FACTORS,FAIL,no_toc_and_no_heading_match,no_toc_and_no_heading_match,none,low,0,0.0,,,eix-20241231.htm,
827052,EDISON INTERNATIONAL,utilities,extension,0000827052-26-000012,10-K,2026-02-18,MDA,FLAGGED,heading_regex_fallback,heading_regex_fallback,heading_regex,low,89738,0.6306,0.0,0.4375,eix-20251231.htm,
827052,EDISON INTERNATIONAL,utilities,extension,0000827052-26-000012,10-K,2026-02-18,RISK_FACTORS,FAIL,no_toc_and_no_heading_match,no_toc_and_no_heading_match,none,low,0,0.0,,,eix-20251231.htm,
831001,CITIGROUP INC,financials,core,0000831001-16-000235,10-K,2016-02-26,MDA,FAIL,no_toc_and_no_heading_match,no_toc_and_no_heading_match,none,low,0,0.0,,,c-12312015x10k.htm,
831001,CITIGROUP INC,financials,core,0000831001-16-000235,10-K,2016-02-26,RISK_FACTORS,FAIL,no_toc_and_no_heading_match,no_toc_and_no_heading_match,none,low,0,0.0,,,c-12312015x10k.htm,
831001,CITIGROUP INC,financials,core,0000831001-17-000038,10-K,2017-02-24,MDA,FAIL,no_toc_and_no_heading_match,no_toc_and_no_heading_match,none,low,0,0.0,,,c-12312016x10k.htm,
831001,CITIGROUP INC,financials,core,0000831001-17-000038,10-K,2017-02-24,RISK_FACTORS,FAIL,no_toc_and_no_heading_match,no_toc_and_no_heading_match,none,low,0,0.0,,,c-12312016x10k.htm,
831001,CITIGROUP INC,financials,core,0000831001-18-000040,10-K,2018-02-23,MDA,FAIL,no_toc_and_no_heading_match,no_toc_and_no_heading_match,none,low,0,0.0,,,c-12312017x10k.htm,
831001,CITIGROUP INC,financials,core,0000831001-18-000040,10-K,2018-02-23,RISK_FACTORS,FAIL,no_toc_and_no_heading_match,no_toc_and_no_heading_match,none,low,0,0.0,,,c-12312017x10k.htm,
831001,CITIGROUP INC,financials,core,0000831001-19-000027,10-K,2019-02-22,MDA,FAIL,no_toc_and_no_heading_match,no_toc_and_no_heading_match,none,low,0,0.0,,,c-12312018x10k.htm,
831001,CITIGROUP INC,financials,core,0000831001-19-000027,10-K,2019-02-22,RISK_FACTORS,FAIL,no_toc_and_no_heading_match,no_toc_and_no_heading_match,none,low,0,0.0,,,c-12312018x10k.htm,
831001,CITIGROUP INC,financials,core,0000831001-20-000031,10-K,2020-02-21,MDA,FAIL,no_toc_and_no_heading_match,no_toc_and_no_heading_match,none,low,0,0.0,,,c-12312019x10k.htm,
831001,CITIGROUP INC,financials,core,0000831001-20-000031,10-K,2020-02-21,RISK_FACTORS,FAIL,no_toc_and_no_heading_match,no_toc_and_no_heading_match,none,low,0,0.0,,,c-12312019x10k.htm,
831001,CITIGROUP INC,financials,core,0000831001-21-000042,10-K,2021-02-26,MDA,FAIL,no_toc_and_no_heading_match,no_toc_and_no_heading_match,none,low,0,0.0,,,c-20201231.htm,
831001,CITIGROUP INC,financials,core,0000831001-21-000042,10-K,2021-02-26,RISK_FACTORS,FAIL,no_toc_and_no_heading_match,no_toc_and_no_heading_match,none,low,0,0.0,,,c-20201231.htm,
831001,CITIGROUP INC,financials,core,0000831001-22-000036,10-K,2022-02-28,MDA,FAIL,no_toc_and_no_heading_match,no_toc_and_no_heading_match,none,low,0,0.0,,,c-20211231.htm,
831001,CITIGROUP INC,financials,core,0000831001-22-000036,10-K,2022-02-28,RISK_FACTORS,FAIL,no_toc_and_no_heading_match,no_toc_and_no_heading_match,none,low,0,0.0,,,c-20211231.htm,
831001,CITIGROUP INC,financials,core,0000831001-23-000037,10-K,2023-02-27,MDA,FAIL,no_toc_and_no_heading_match,no_toc_and_no_heading_match,none,low,0,0.0,,,c-20221231.htm,
831001,CITIGROUP INC,financials,core,0000831001-23-000037,10-K,2023-02-27,RISK_FACTORS,FAIL,no_toc_and_no_heading_match,no_toc_and_no_heading_match,none,low,0,0.0,,,c-20221231.htm,
831001,CITIGROUP INC,financials,core,0000831001-24-000033,10-K,2024-02-23,MDA,FAIL,no_toc_and_no_heading_match,no_toc_and_no_heading_match,none,low,0,0.0,,,c-20231231.htm,
831001,CITIGROUP INC,financials,core,0000831001-24-000033,10-K,2024-02-23,RISK_FACTORS,FAIL,no_toc_and_no_heading_match,no_toc_and_no_heading_match,none,low,0,0.0,,,c-20231231.htm,
831001,CITIGROUP INC,financials,core,0000831001-25-000067,10-K,2025-02-21,MDA,FAIL,no_toc_and_no_heading_match,no_toc_and_no_heading_match,none,low,0,0.0,,,c-20241231.htm,
831001,CITIGROUP INC,financials,core,0000831001-25-000067,10-K,2025-02-21,RISK_FACTORS,FAIL,no_toc_and_no_heading_match,no_toc_and_no_heading_match,none,low,0,0.0,,,c-20241231.htm,
831001,CITIGROUP INC,financials,core,0000831001-26-000011,10-K,2026-02-20,MDA,FAIL,no_toc_and_no_heading_match,no_toc_and_no_heading_match,none,low,0,0.0,,,c-20251231.htm,
831001,CITIGROUP INC,financials,core,0000831001-26-000011,10-K,2026-02-20,RISK_FACTORS,FAIL,no_toc_and_no_heading_match,no_toc_and_no_heading_match,none,low,0,0.0,,,c-20251231.htm,
831259,FREEPORT-MCMORAN INC,materials_realestate,extension,0000831259-16-000062,10-K,2016-02-26,MDA,FAIL,item_absent_from_toc,item_absent_from_toc,none,low,0,0.0,,,a2015form10-k.htm,
831259,FREEPORT-MCMORAN INC,materials_realestate,extension,0000831259-17-000012,10-K,2017-02-24,MDA,FAIL,item_absent_from_toc,item_absent_from_toc,none,low,0,0.0,,,a2016form10-k.htm,
831259,FREEPORT-MCMORAN INC,materials_realestate,extension,0000831259-18-000008,10-K,2018-02-20,MDA,FAIL,item_absent_from_toc,item_absent_from_toc,none,low,0,0.0,,,a2017form10-k.htm,
831259,FREEPORT-MCMORAN INC,materials_realestate,extension,0000831259-19-000009,10-K,2019-02-15,MDA,FAIL,item_absent_from_toc,item_absent_from_toc,none,low,0,0.0,,,a2018form10-k.htm,
831259,FREEPORT-MCMORAN INC,materials_realestate,extension,0000831259-20-000004,10-K,2020-02-14,MDA,FAIL,item_absent_from_toc,item_absent_from_toc,none,low,0,0.0,,,a2019form10-k.htm,
831259,FREEPORT-MCMORAN INC,materials_realestate,extension,0000831259-21-000009,10-K,2021-02-16,MDA,FAIL,item_absent_from_toc,item_absent_from_toc,none,low,0,0.0,,,fcx-20201231.htm,
831259,FREEPORT-MCMORAN INC,materials_realestate,extension,0000831259-22-000009,10-K,2022-02-15,MDA,FAIL,item_absent_from_toc,item_absent_from_toc,none,low,0,0.0,,,fcx-20211231.htm,
831259,FREEPORT-MCMORAN INC,materials_realestate,extension,0000831259-23-000013,10-K,2023-02-15,MDA,FAIL,item_absent_from_toc,item_absent_from_toc,none,low,0,0.0,,,fcx-20221231.htm,
831259,FREEPORT-MCMORAN INC,materials_realestate,extension,0000831259-24-000011,10-K,2024-02-16,MDA,FAIL,item_absent_from_toc,item_absent_from_toc,none,low,0,0.0,,,fcx-20231231.htm,
831259,FREEPORT-MCMORAN INC,materials_realestate,extension,0000831259-25-000006,10-K,2025-02-14,MDA,FAIL,item_absent_from_toc,item_absent_from_toc,none,low,0,0.0,,,fcx-20241231.htm,
831259,FREEPORT-MCMORAN INC,materials_realestate,extension,0000831259-26-000012,10-K,2026-02-13,MDA,FAIL,item_absent_from_toc,item_absent_from_toc,none,low,0,0.0,,,fcx-20251231.htm,
895421,MORGAN STANLEY,financials,core,0000895421-20-000265,10-K,2020-02-27,MDA,FAIL,item_absent_from_toc,item_absent_from_toc,none,low,0,0.0,,,msq4201910k.htm,
895421,MORGAN STANLEY,financials,core,0000895421-20-000265,10-K,2020-02-27,RISK_FACTORS,FAIL,item_absent_from_toc,item_absent_from_toc,none,low,0,0.0,,,msq4201910k.htm,
895421,MORGAN STANLEY,financials,core,0000895421-21-000286,10-K,2021-02-26,MDA,FAIL,item_absent_from_toc,item_absent_from_toc,none,low,0,0.0,,,ms-20201231.htm,
895421,MORGAN STANLEY,financials,core,0000895421-21-000286,10-K,2021-02-26,RISK_FACTORS,FAIL,item_absent_from_toc,item_absent_from_toc,none,low,0,0.0,,,ms-20201231.htm,
895421,MORGAN STANLEY,financials,core,0000895421-22-000400,10-K,2022-02-24,MDA,FAIL,item_absent_from_toc,item_absent_from_toc,none,low,0,0.0,,,ms-20211231.htm,
895421,MORGAN STANLEY,financials,core,0000895421-22-000400,10-K,2022-02-24,RISK_FACTORS,FAIL,item_absent_from_toc,item_absent_from_toc,none,low,0,0.0,,,ms-20211231.htm,
895421,MORGAN STANLEY,financials,core,0000895421-23-000284,10-K,2023-02-24,MDA,FAIL,item_absent_from_toc,item_absent_from_toc,none,low,0,0.0,,,ms-20221231.htm,
895421,MORGAN STANLEY,financials,core,0000895421-23-000284,10-K,2023-02-24,RISK_FACTORS,FAIL,item_absent_from_toc,item_absent_from_toc,none,low,0,0.0,,,ms-20221231.htm,
895421,MORGAN STANLEY,financials,core,0000895421-24-000300,10-K,2024-02-22,MDA,FAIL,item_absent_from_toc,item_absent_from_toc,none,low,0,0.0,,,ms-20231231.htm,
895421,MORGAN STANLEY,financials,core,0000895421-24-000300,10-K,2024-02-22,RISK_FACTORS,FAIL,item_absent_from_toc,item_absent_from_toc,none,low,0,0.0,,,ms-20231231.htm,
895421,MORGAN STANLEY,financials,core,0000895421-25-000304,10-K,2025-02-21,MDA,FAIL,item_absent_from_toc,item_absent_from_toc,none,low,0,0.0,,,ms-20241231.htm,
895421,MORGAN STANLEY,financials,core,0000895421-25-000304,10-K,2025-02-21,RISK_FACTORS,FAIL,item_absent_from_toc,item_absent_from_toc,none,low,0,0.0,,,ms-20241231.htm,
895421,MORGAN STANLEY,financials,core,0000895421-26-000086,10-K,2026-02-19,MDA,FAIL,item_absent_from_toc,item_absent_from_toc,none,low,0,0.0,,,ms-20251231.htm,
895421,MORGAN STANLEY,financials,core,0000895421-26-000086,10-K,2026-02-19,RISK_FACTORS,FAIL,item_absent_from_toc,item_absent_from_toc,none,low,0,0.0,,,ms-20251231.htm,
922224,PPL Corp,utilities,extension,0000922224-16-000130,10-K,2016-02-19,MDA,FAIL,item_absent_from_toc,item_absent_from_toc,none,low,0,0.0,,,form10k.htm,
927628,CAPITAL ONE FINANCIAL CORP,financials,core,0000927628-16-000140,10-K,2016-02-25,RISK_FACTORS,FLAGGED,toc_recovered_f1,toc_recovered_f1,anchor_resolving_entry,medium,11536,0.8981,0.0,0.47418,cof-12312015x10k.htm,
773840,HONEYWELL INTERNATIONAL INC,industrials,extension,0000930413-16-005457,10-K,2016-02-12,MDA,FAIL,toc_recovery_declined,toc_recovery_declined,none,low,0,0.0,,,c83288_10k.htm,F1:no_resolving_anchor; F2:G1_match_is_mid_line_cross_reference
773840,HONEYWELL INTERNATIONAL INC,industrials,extension,0000930413-16-005457,10-K,2016-02-12,RISK_FACTORS,FLAGGED,toc_recovered_f2,toc_recovered_f2,heading_regex_toc_present,low,3036,0.7069,0.0,0.46987,c83288_10k.htm,
773840,HONEYWELL INTERNATIONAL INC,industrials,extension,0000930413-18-000292,10-K,2018-02-09,MDA,FAIL,toc_recovery_declined,toc_recovery_declined,none,low,0,0.0,,,c89913_10k.htm,F1:no_resolving_anchor; F2:G1_match_is_mid_line_cross_reference
773840,HONEYWELL INTERNATIONAL INC,industrials,extension,0000930413-18-000292,10-K,2018-02-09,RISK_FACTORS,FLAGGED,toc_recovered_f2,toc_recovered_f2,heading_regex_toc_present,low,4102,0.7157,0.0,0.46225,c89913_10k.htm,
773840,HONEYWELL INTERNATIONAL INC,industrials,extension,0000930413-19-000366,10-K,2019-02-08,MDA,FAIL,toc_recovery_declined,toc_recovery_declined,none,low,0,0.0,,,c92779_10k.htm,F1:no_resolving_anchor; F2:G1_match_is_mid_line_cross_reference
773840,HONEYWELL INTERNATIONAL INC,industrials,extension,0000930413-19-000366,10-K,2019-02-08,RISK_FACTORS,FLAGGED,toc_recovered_f2,toc_recovered_f2,heading_regex_toc_present,low,4164,0.7253,0.0,0.45602,c92779_10k.htm,
936402,Shire plc,healthcare,core,0000950103-16-011313,10-K,2016-02-23,MDA,FLAGGED,heading_regex_fallback,heading_regex_fallback,heading_regex,low,12689,0.0,0.0,0.48567,dp63589_10k.htm,
936402,Shire plc,healthcare,core,0000950103-16-011313,10-K,2016-02-23,RISK_FACTORS,FLAGGED,heading_regex_fallback,heading_regex_fallback,heading_regex,low,11322,0.0,0.0,0.51395,dp63589_10k.htm,
106535,WEYERHAEUSER CO,materials_realestate,extension,0000950170-23-003217,10-K,2023-02-17,MDA,FLAGGED,head_keyword_absent,head_keyword_absent,anchor,medium,6922,0.4273,0.00206,0.49373,wy-20221231.htm,
1035002,VALERO ENERGY CORP/TX,energy,core,0001035002-22-000007,10-K,2022-02-22,MDA,FLAGGED,mda_stub_unresolved_same_doc,mda_stub_unresolved_same_doc|heading_regex_fallback|below_length_floor,incorporated_by_reference_unresolved,low,171,0.6257,0.0,0.5,vlo-20211231.htm,
1035002,VALERO ENERGY CORP/TX,energy,core,0001035002-22-000007,10-K,2022-02-22,RISK_FACTORS,FLAGGED,heading_regex_fallback,heading_regex_fallback,heading_regex,low,32564,0.4327,0.0,0.47271,vlo-20211231.htm,
1038357,PIONEER NATURAL RESOURCES CO,energy,core,0001038357-20-000009,10-K,2020-02-24,MDA,FLAGGED,mda_stub_unresolved_same_doc,mda_stub_unresolved_same_doc|below_length_floor,incorporated_by_reference_unresolved,low,835,0.5138,0.0,0.56596,pxd-20191231.htm,
315189,DEERE & CO,industrials,extension,0001047469-15-009300,10-K,2015-12-18,MDA,FAIL,item_absent_from_toc,item_absent_from_toc|item_body_heading_present,none,low,0,0.0,,,a2226814z10-k.htm,
315189,DEERE & CO,industrials,extension,0001047469-15-009300,10-K,2015-12-18,RISK_FACTORS,FAIL,item_absent_from_toc,item_absent_from_toc|item_body_heading_present,none,low,0,0.0,,,a2226814z10-k.htm,
86312,"TRAVELERS COMPANIES, INC.",financials,core,0001047469-16-010107,10-K,2016-02-11,MDA,FAIL,item_absent_from_toc,item_absent_from_toc|item_body_heading_present,none,low,0,0.0,,,a2227255z10-k.htm,
1551152,AbbVie Inc.,healthcare,core,0001047469-16-010239,10-K,2016-02-19,MDA,FLAGGED,heading_regex_fallback,heading_regex_fallback,heading_regex,low,11251,0.0,0.0,0.45439,a2227341z10-k.htm,
1551152,AbbVie Inc.,healthcare,core,0001047469-16-010239,10-K,2016-02-19,RISK_FACTORS,FLAGGED,heading_regex_fallback,heading_regex_fallback,heading_regex,low,6935,0.0,0.0,0.44051,a2227341z10-k.htm,
1800,ABBOTT LABORATORIES,healthcare,core,0001047469-16-010246,10-K,2016-02-19,MDA,FLAGGED,heading_regex_fallback,heading_regex_fallback,heading_regex,low,12260,0.0,0.0,0.47119,a2227279z10-k.htm,
1800,ABBOTT LABORATORIES,healthcare,core,0001047469-16-010246,10-K,2016-02-19,RISK_FACTORS,FLAGGED,heading_regex_fallback,heading_regex_fallback,heading_regex,low,3817,0.0,0.0,0.44239,a2227279z10-k.htm,
51143,INTERNATIONAL BUSINESS MACHINES CORP,tech,core,0001047469-16-010329,10-K,2016-02-23,MDA,FLAGGED,mda_stub_unresolved_same_doc,mda_stub_unresolved_same_doc|heading_regex_fallback|below_length_floor,incorporated_by_reference_unresolved,low,13,0.0,0.0,,a2226548z10-k.htm,
51143,INTERNATIONAL BUSINESS MACHINES CORP,tech,core,0001047469-16-010329,10-K,2016-02-23,RISK_FACTORS,FLAGGED,heading_regex_fallback,heading_regex_fallback,heading_regex,low,3746,0.0,0.0,0.51905,a2226548z10-k.htm,
315189,DEERE & CO,industrials,extension,0001047469-16-017244,10-K,2016-12-19,MDA,FAIL,item_absent_from_toc,item_absent_from_toc|item_body_heading_present,none,low,0,0.0,,,a2230400z10-k.htm,
315189,DEERE & CO,industrials,extension,0001047469-16-017244,10-K,2016-12-19,RISK_FACTORS,FAIL,item_absent_from_toc,item_absent_from_toc|item_body_heading_present,none,low,0,0.0,,,a2230400z10-k.htm,
86312,"TRAVELERS COMPANIES, INC.",financials,core,0001047469-17-000695,10-K,2017-02-16,MDA,FAIL,item_absent_from_toc,item_absent_from_toc|item_body_heading_present,none,low,0,0.0,,,a2230860z10-k.htm,
1800,ABBOTT LABORATORIES,healthcare,core,0001047469-17-000744,10-K,2017-02-17,MDA,FLAGGED,heading_regex_fallback,heading_regex_fallback,heading_regex,low,13763,0.0,0.0,0.47423,a2230875z10-k.htm,
1800,ABBOTT LABORATORIES,healthcare,core,0001047469-17-000744,10-K,2017-02-17,RISK_FACTORS,FLAGGED,heading_regex_fallback,heading_regex_fallback,heading_regex,low,4077,0.0,0.0,0.43373,a2230875z10-k.htm,
51143,INTERNATIONAL BUSINESS MACHINES CORP,tech,core,0001047469-17-001061,10-K,2017-02-28,MDA,FLAGGED,mda_stub_unresolved_same_doc,mda_stub_unresolved_same_doc|heading_regex_fallback|below_length_floor,incorporated_by_reference_unresolved,low,13,0.0,0.0,,a2230222z10-k.htm,
51143,INTERNATIONAL BUSINESS MACHINES CORP,tech,core,0001047469-17-001061,10-K,2017-02-28,RISK_FACTORS,FLAGGED,heading_regex_fallback,heading_regex_fallback,heading_regex,low,3909,0.0,0.0,0.51788,a2230222z10-k.htm,
315189,DEERE & CO,industrials,extension,0001047469-17-007719,10-K,2017-12-18,MDA,FLAGGED,mda_stub_unresolved_same_doc,mda_stub_unresolved_same_doc|below_length_floor,incorporated_by_reference_unresolved,low,28,0.0,0.0,,a2233505z10-k.htm,
86312,"TRAVELERS COMPANIES, INC.",financials,core,0001047469-18-000812,10-K,2018-02-15,MDA,FAIL,item_absent_from_toc,item_absent_from_toc|item_body_heading_present,none,low,0,0.0,,,a2234469z10-k.htm,
1800,ABBOTT LABORATORIES,healthcare,core,0001047469-18-000856,10-K,2018-02-16,MDA,FLAGGED,heading_regex_fallback,heading_regex_fallback,heading_regex,low,14829,0.0,0.0,0.47602,a2234264z10-k.htm,
1800,ABBOTT LABORATORIES,healthcare,core,0001047469-18-000856,10-K,2018-02-16,RISK_FACTORS,FLAGGED,heading_regex_fallback,heading_regex_fallback,heading_regex,low,3654,0.0,0.0,0.43443,a2234264z10-k.htm,
51143,INTERNATIONAL BUSINESS MACHINES CORP,tech,core,0001047469-18-001117,10-K,2018-02-27,MDA,FLAGGED,mda_stub_unresolved_same_doc,mda_stub_unresolved_same_doc|heading_regex_fallback|below_length_floor,incorporated_by_reference_unresolved,low,13,0.0,0.0,,a2233835z10-k.htm,
51143,INTERNATIONAL BUSINESS MACHINES CORP,tech,core,0001047469-18-001117,10-K,2018-02-27,RISK_FACTORS,FLAGGED,heading_regex_fallback,heading_regex_fallback,heading_regex,low,4139,0.0,0.0,0.51443,a2233835z10-k.htm,
315189,DEERE & CO,industrials,extension,0001047469-18-007694,10-K,2018-12-17,MDA,FLAGGED,mda_stub_unresolved_same_doc,mda_stub_unresolved_same_doc|below_length_floor,incorporated_by_reference_unresolved,low,26,0.0,0.0,,a2236950z10-k.htm,
1800,ABBOTT LABORATORIES,healthcare,core,0001047469-19-000624,10-K,2019-02-22,MDA,FLAGGED,heading_regex_fallback,heading_regex_fallback,heading_regex,low,14029,0.0,0.0,0.47637,a2237733z10-k.htm,
1800,ABBOTT LABORATORIES,healthcare,core,0001047469-19-000624,10-K,2019-02-22,RISK_FACTORS,FLAGGED,heading_regex_fallback,heading_regex_fallback,heading_regex,low,3741,0.0,0.0,0.43184,a2237733z10-k.htm,
51143,INTERNATIONAL BUSINESS MACHINES CORP,tech,core,0001047469-19-000712,10-K,2019-02-26,MDA,FLAGGED,mda_stub_unresolved_same_doc,mda_stub_unresolved_same_doc|heading_regex_fallback|below_length_floor,incorporated_by_reference_unresolved,low,13,0.0,0.0,,a2237254z10-k.htm,
51143,INTERNATIONAL BUSINESS MACHINES CORP,tech,core,0001047469-19-000712,10-K,2019-02-26,RISK_FACTORS,FLAGGED,heading_regex_fallback,heading_regex_fallback,heading_regex,low,4416,0.0,0.0,0.50975,a2237254z10-k.htm,
1047862,CONSOLIDATED EDISON INC,utilities,extension,0001047862-16-000225,10-K,2016-02-18,RISK_FACTORS,FLAGGED,below_length_floor,below_length_floor,anchor,medium,1987,0.8853,0.0,0.4334,ed-20151231x10k.htm,
1060391,"REPUBLIC SERVICES, INC.",utilities,extension,0001060391-18-000005,10-K,2018-02-09,MDA,FLAGGED,head_keyword_absent,head_keyword_absent,anchor,medium,22538,0.4831,0.0,0.49542,rsg-2017x1231x10xk.htm,
1060391,"REPUBLIC SERVICES, INC.",utilities,extension,0001060391-19-000008,10-K,2019-02-08,MDA,FLAGGED,head_keyword_absent,head_keyword_absent,anchor,medium,21631,0.4663,0.0,0.49997,rsg-2018x1231x10xk.htm,
1001250,ESTEE LAUDER COMPANIES INC,consumer,core,0001104659-15-061122,10-K,2015-08-20,RISK_FACTORS,FLAGGED,head_keyword_absent,head_keyword_absent,anchor,medium,4632,0.8541,0.0,0.50771,a15-12311_110k.htm,
726728,REALTY INCOME CORP,materials_realestate,extension,0001104659-16-095923,10-K,2016-02-11,MDA,FLAGGED,head_keyword_absent,head_keyword_absent,anchor,medium,10189,0.7289,0.0,0.49972,a15-23382_110k.htm,
1001250,ESTEE LAUDER COMPANIES INC,consumer,core,0001104659-16-141179,10-K,2016-08-24,RISK_FACTORS,FLAGGED,head_keyword_absent,head_keyword_absent,anchor,medium,4823,0.8671,0.0,0.50635,a16-11315_110k.htm,
726728,REALTY INCOME CORP,materials_realestate,extension,0001104659-17-011170,10-K,2017-02-23,MDA,FLAGGED,head_keyword_absent,head_keyword_absent,anchor,medium,10086,0.7116,0.0,0.49313,a17-1163_110k.htm,
1001250,ESTEE LAUDER COMPANIES INC,consumer,core,0001104659-17-053604,10-K,2017-08-25,MDA,FLAGGED,head_keyword_absent,head_keyword_absent,anchor,medium,18140,0.6107,0.0,0.45669,a17-15494_110k.htm,
1001250,ESTEE LAUDER COMPANIES INC,consumer,core,0001104659-17-053604,10-K,2017-08-25,RISK_FACTORS,FLAGGED,head_keyword_absent,head_keyword_absent,anchor,medium,4892,0.8919,0.0,0.50613,a17-15494_110k.htm,
726728,REALTY INCOME CORP,materials_realestate,extension,0001104659-18-011376,10-K,2018-02-22,MDA,FLAGGED,head_keyword_absent,head_keyword_absent,anchor,medium,9978,0.6755,0.0,0.48952,a18-1096_110k.htm,
1001250,ESTEE LAUDER COMPANIES INC,consumer,core,0001104659-18-053494,10-K,2018-08-24,MDA,FLAGGED,head_keyword_absent,head_keyword_absent,anchor,medium,15788,0.6329,0.0,0.46715,a18-14745_110k.htm,
1001250,ESTEE LAUDER COMPANIES INC,consumer,core,0001104659-18-053494,10-K,2018-08-24,RISK_FACTORS,FLAGGED,head_keyword_absent,head_keyword_absent,anchor,medium,4942,0.8885,0.0,0.50484,a18-14745_110k.htm,
1001250,ESTEE LAUDER COMPANIES INC,consumer,core,0001104659-19-047085,10-K,2019-08-23,MDA,FLAGGED,head_keyword_absent,head_keyword_absent,anchor,medium,13255,0.5868,0.0,0.46544,a19-11548_110k.htm,
1001250,ESTEE LAUDER COMPANIES INC,consumer,core,0001104659-19-047085,10-K,2019-08-23,RISK_FACTORS,FLAGGED,head_keyword_absent,head_keyword_absent,anchor,medium,4917,0.8947,0.0,0.49316,a19-11548_110k.htm,
1800,ABBOTT LABORATORIES,healthcare,core,0001104659-20-023904,10-K,2020-02-21,MDA,FLAGGED,heading_regex_fallback,heading_regex_fallback,heading_regex,low,13587,0.8247,0.0,0.46929,abt-20191231x10k59d41b.htm,
1800,ABBOTT LABORATORIES,healthcare,core,0001104659-20-023904,10-K,2020-02-21,RISK_FACTORS,FLAGGED,heading_regex_fallback,heading_regex_fallback,heading_regex,low,3730,0.8088,0.0,0.43224,abt-20191231x10k59d41b.htm,
1800,ABBOTT LABORATORIES,healthcare,core,0001104659-21-025751,10-K,2021-02-19,MDA,FLAGGED,heading_regex_fallback,heading_regex_fallback,heading_regex,low,11529,0.7891,0.0,0.4592,abt-20201231x10k.htm,
1800,ABBOTT LABORATORIES,healthcare,core,0001104659-21-025751,10-K,2021-02-19,RISK_FACTORS,FLAGGED,heading_regex_fallback,heading_regex_fallback,heading_regex,low,4076,0.8079,0.0,0.43447,abt-20201231x10k.htm,
1800,ABBOTT LABORATORIES,healthcare,core,0001104659-22-025141,10-K,2022-02-18,MDA,FLAGGED,heading_regex_fallback,heading_regex_fallback,heading_regex,low,11492,0.8397,0.0,0.46185,abt-20211231x10k.htm,
1800,ABBOTT LABORATORIES,healthcare,core,0001104659-22-025141,10-K,2022-02-18,RISK_FACTORS,FLAGGED,heading_regex_fallback,heading_regex_fallback,heading_regex,low,4320,0.8204,0.0,0.4347,abt-20211231x10k.htm,
315189,DEERE & CO,industrials,extension,0001104659-25-122321,10-K,2025-12-18,MDA,FLAGGED,mda_stub_unresolved_same_doc,mda_stub_unresolved_same_doc|below_length_floor,incorporated_by_reference_unresolved,low,23,0.0,0.0,,de-20251102x10k.htm,
31462,ECOLAB INC.,consumer,core,0001104659-26-018357,10-K,2026-02-23,MDA,FLAGGED,heading_regex_fallback,heading_regex_fallback,heading_regex,low,12155,0.7038,0.0,0.48164,ecl-20251231x10k.htm,
31462,ECOLAB INC.,consumer,core,0001104659-26-018357,10-K,2026-02-23,RISK_FACTORS,FLAGGED,heading_regex_fallback,heading_regex_fallback,heading_regex,low,44685,0.5041,0.0,0.4719,ecl-20251231x10k.htm,
1122304,AETNA INC /PA/,healthcare,core,0001122304-16-000201,10-K,2016-02-19,MDA,FLAGGED,mda_stub_external_document,mda_stub_external_document|heading_regex_fallback|below_length_floor,incorporated_by_reference_unresolved,low,34,0.0,0.0,,form10-k.htm,
1122304,AETNA INC /PA/,healthcare,core,0001122304-16-000201,10-K,2016-02-19,RISK_FACTORS,FLAGGED,below_length_floor,heading_regex_fallback|below_length_floor,heading_regex,low,30,0.0,0.0,,form10-k.htm,
1136893,"Fidelity National Information Services, Inc.",financials,core,0001136893-16-000061,10-K,2016-02-26,MDA,FLAGGED,toc_recovered_f1,toc_recovered_f1|toc_recovery_end_guarded,anchor_resolving_entry,low,9081,0.6885,0.0,0.51279,a10-k2015.htm,
1136893,"Fidelity National Information Services, Inc.",financials,core,0001136893-16-000061,10-K,2016-02-26,RISK_FACTORS,FLAGGED,toc_recovered_f1,toc_recovered_f1|toc_recovery_end_guarded,anchor_resolving_entry,low,10755,0.8257,0.0,0.49409,a10-k2015.htm,
1136893,"Fidelity National Information Services, Inc.",financials,core,0001136893-17-000008,10-K,2017-02-23,MDA,FLAGGED,toc_recovered_f1,toc_recovered_f1|toc_recovery_end_guarded,anchor_resolving_entry,low,10737,0.7326,0.0,0.49159,a10-k2016.htm,
1136893,"Fidelity National Information Services, Inc.",financials,core,0001136893-17-000008,10-K,2017-02-23,RISK_FACTORS,FLAGGED,toc_recovered_f1,toc_recovered_f1|toc_recovery_end_guarded,anchor_resolving_entry,low,10499,0.8463,0.0,0.49273,a10-k2016.htm,
1136893,"Fidelity National Information Services, Inc.",financials,core,0001136893-18-000011,10-K,2018-02-22,MDA,FLAGGED,toc_recovered_f1,toc_recovered_f1|toc_recovery_end_guarded,anchor_resolving_entry,low,11187,0.7289,0.0,0.49951,a10-k2017.htm,
1136893,"Fidelity National Information Services, Inc.",financials,core,0001136893-18-000011,10-K,2018-02-22,RISK_FACTORS,FLAGGED,toc_recovered_f1,toc_recovered_f1|toc_recovery_end_guarded,anchor_resolving_entry,low,10663,0.8364,0.0,0.49242,a10-k2017.htm,
1136893,"Fidelity National Information Services, Inc.",financials,core,0001136893-19-000008,10-K,2019-02-21,MDA,FLAGGED,toc_recovered_f1,toc_recovered_f1|toc_recovery_end_guarded,anchor_resolving_entry,low,10892,0.7077,0.0,0.50086,a10-k2018.htm,
1136893,"Fidelity National Information Services, Inc.",financials,core,0001136893-19-000008,10-K,2019-02-21,RISK_FACTORS,FLAGGED,toc_recovered_f1,toc_recovered_f1|toc_recovery_end_guarded,anchor_resolving_entry,low,11716,0.8206,0.0,0.49348,a10-k2018.htm,
1136893,"Fidelity National Information Services, Inc.",financials,core,0001136893-20-000032,10-K,2020-02-20,MDA,FLAGGED,toc_recovered_f1,toc_recovered_f1|toc_recovery_end_guarded,anchor_resolving_entry,low,9471,0.7184,0.0,0.49588,a10-k2019.htm,
1136893,"Fidelity National Information Services, Inc.",financials,core,0001136893-20-000032,10-K,2020-02-20,RISK_FACTORS,FLAGGED,toc_recovered_f1,toc_recovered_f1|toc_recovery_end_guarded,anchor_resolving_entry,low,16234,0.8559,0.0,0.48724,a10-k2019.htm,
1618921,"Walgreens Boots Alliance, Inc.",consumer,core,0001140361-16-083198,10-K,2016-10-20,RISK_FACTORS,FLAGGED,toc_recovered_f2,toc_recovered_f2,heading_regex_toc_present,low,14871,0.8748,0.0,0.47488,form10k.htm,
1222333,SPDR GOLD TRUST,financials,core,0001193125-15-387033,10-K,2015-11-24,MDA,FLAGGED,heading_regex_fallback,heading_regex_fallback,heading_regex,low,2740,0.1876,0.0,0.51467,d62404d10k.htm,
1222333,SPDR GOLD TRUST,financials,core,0001193125-15-387033,10-K,2015-11-24,RISK_FACTORS,FLAGGED,heading_regex_fallback,heading_regex_fallback,heading_regex,low,6663,0.3946,0.0,0.49412,d62404d10k.htm,
1489393,LyondellBasell Industries N.V.,materials_realestate,extension,0001193125-16-465311,10-K,2016-02-16,MDA,FAIL,item_absent_from_toc,item_absent_from_toc|item_body_heading_present,none,low,0,0.0,,,d131519d10k.htm,
732712,VERIZON COMMUNICATIONS INC,utilities,extension,0001193125-16-473367,10-K,2016-02-23,MDA,FLAGGED,mda_stub_external_document,mda_stub_external_document|below_length_floor,incorporated_by_reference_unresolved,low,53,0.0,0.0,,d35513d10k.htm,
1105705,"WARNER MEDIA, LLC",consumer,core,0001193125-16-477965,10-K,2016-02-25,MDA,FLAGGED,mda_stub_unresolved_same_doc,mda_stub_unresolved_same_doc|heading_regex_fallback|below_length_floor,incorporated_by_reference_unresolved,low,42,0.0,0.0,,d280491d10k.htm,
1105705,"WARNER MEDIA, LLC",consumer,core,0001193125-16-477965,10-K,2016-02-25,RISK_FACTORS,FLAGGED,heading_regex_fallback,heading_regex_fallback,heading_regex,low,5712,0.0933,0.0,0.46931,d280491d10k.htm,
36104,US BANCORP \DE\,financials,core,0001193125-16-478568,10-K,2016-02-25,MDA,FLAGGED,mda_stub_external_document,mda_stub_external_document|heading_regex_fallback|below_length_floor,incorporated_by_reference_unresolved,low,50,0.0,0.0,,d69262d10k.htm,
36104,US BANCORP \DE\,financials,core,0001193125-16-478568,10-K,2016-02-25,RISK_FACTORS,FLAGGED,below_length_floor,heading_regex_fallback|below_length_floor,heading_regex,low,39,0.0,0.0,,d69262d10k.htm,
73309,NUCOR CORP,materials_realestate,extension,0001193125-16-481119,10-K,2016-02-26,MDA,FLAGGED,mda_stub_external_document,mda_stub_external_document|below_length_floor,incorporated_by_reference_unresolved,low,37,0.0,0.0,,d71252d10k.htm,
109198,TJX COMPANIES INC /DE/,consumer,core,0001193125-16-521424,10-K,2016-03-29,MDA,FLAGGED,heading_regex_fallback,heading_regex_fallback,heading_regex,low,8315,0.2672,0.0,0.50054,d110852d10k.htm,
109198,TJX COMPANIES INC /DE/,consumer,core,0001193125-16-521424,10-K,2016-03-29,RISK_FACTORS,FLAGGED,heading_regex_fallback,heading_regex_fallback,heading_regex,low,7442,0.1614,0.0,0.48004,d110852d10k.htm,
1489393,LyondellBasell Industries N.V.,materials_realestate,extension,0001193125-17-047661,10-K,2017-02-17,MDA,FAIL,item_absent_from_toc,item_absent_from_toc|item_body_heading_present,none,low,0,0.0,,,d341907d10k.htm,
1163165,CONOCOPHILLIPS,energy,core,0001193125-17-050077,10-K,2017-02-21,MDA,FAIL,item_absent_from_toc,item_absent_from_toc|item_body_heading_present,none,low,0,0.0,,,d264316d10k.htm,
732712,VERIZON COMMUNICATIONS INC,utilities,extension,0001193125-17-050292,10-K,2017-02-21,MDA,FLAGGED,mda_stub_external_document,mda_stub_external_document|below_length_floor,incorporated_by_reference_unresolved,low,48,0.0,0.0,,d296602d10k.htm,
1105705,"WARNER MEDIA, LLC",consumer,core,0001193125-17-053483,10-K,2017-02-23,MDA,FLAGGED,mda_stub_unresolved_same_doc,mda_stub_unresolved_same_doc|heading_regex_fallback|below_length_floor,incorporated_by_reference_unresolved,low,46,0.0,0.0,,d300508d10k.htm,
1105705,"WARNER MEDIA, LLC",consumer,core,0001193125-17-053483,10-K,2017-02-23,RISK_FACTORS,FLAGGED,heading_regex_fallback,heading_regex_fallback,heading_regex,low,7387,0.1102,0.0,0.47414,d300508d10k.htm,
36104,US BANCORP \DE\,financials,core,0001193125-17-053947,10-K,2017-02-23,MDA,FLAGGED,mda_stub_external_document,mda_stub_external_document|heading_regex_fallback|below_length_floor,incorporated_by_reference_unresolved,low,50,0.0,0.0,,d291857d10k.htm,
36104,US BANCORP \DE\,financials,core,0001193125-17-053947,10-K,2017-02-23,RISK_FACTORS,FLAGGED,below_length_floor,heading_regex_fallback|below_length_floor,heading_regex,low,39,0.0,0.0,,d291857d10k.htm,
886982,GOLDMAN SACHS GROUP INC,financials,core,0001193125-17-056804,10-K,2017-02-27,RISK_FACTORS,FLAGGED,head_keyword_absent,head_keyword_absent,anchor,medium,13810,0.1461,0.0,0.47029,d308759d10k.htm,
73309,NUCOR CORP,materials_realestate,extension,0001193125-17-062124,10-K,2017-02-28,MDA,FLAGGED,mda_stub_external_document,mda_stub_external_document|below_length_floor,incorporated_by_reference_unresolved,low,37,0.0,0.0,,d298801d10k.htm,
109198,TJX COMPANIES INC /DE/,consumer,core,0001193125-17-099642,10-K,2017-03-28,MDA,FLAGGED,heading_regex_fallback,heading_regex_fallback,heading_regex,low,8500,0.2374,0.0,0.4967,d269088d10k.htm,
109198,TJX COMPANIES INC /DE/,consumer,core,0001193125-17-099642,10-K,2017-03-28,RISK_FACTORS,FLAGGED,heading_regex_fallback,heading_regex_fallback,heading_regex,low,7481,0.1604,0.0,0.48054,d269088d10k.htm,
1137789,Seagate Technology Holdings plc,tech,core,0001193125-17-248796,10-K,2017-08-04,MDA,FAIL,item_absent_from_toc,item_absent_from_toc|item_body_heading_present,none,low,0,0.0,,,d410656d10k.htm,
1163165,CONOCOPHILLIPS,energy,core,0001193125-18-049729,10-K,2018-02-20,MDA,FAIL,item_absent_from_toc,item_absent_from_toc|item_body_heading_present,none,low,0,0.0,,,d534096d10k.htm,
1105705,"WARNER MEDIA, LLC",consumer,core,0001193125-18-053619,10-K,2018-02-22,MDA,FLAGGED,mda_stub_resolved,mda_stub_resolved|heading_regex_fallback,incorporated_by_reference_resolved,medium,47927,0.1008,0.0,0.50982,d504160d10k.htm,
1105705,"WARNER MEDIA, LLC",consumer,core,0001193125-18-053619,10-K,2018-02-22,RISK_FACTORS,FLAGGED,heading_regex_fallback,heading_regex_fallback,heading_regex,low,8287,0.0655,0.0,0.47396,d504160d10k.htm,
36104,US BANCORP \DE\,financials,core,0001193125-18-053893,10-K,2018-02-22,MDA,FLAGGED,mda_stub_external_document,mda_stub_external_document|heading_regex_fallback|below_length_floor,incorporated_by_reference_unresolved,low,49,0.0,0.0,,d492040d10k.htm,
36104,US BANCORP \DE\,financials,core,0001193125-18-053893,10-K,2018-02-22,RISK_FACTORS,FLAGGED,below_length_floor,heading_regex_fallback|below_length_floor,heading_regex,low,39,0.0,0.0,,d492040d10k.htm,
1489393,LyondellBasell Industries N.V.,materials_realestate,extension,0001193125-18-054181,10-K,2018-02-22,MDA,FAIL,item_absent_from_toc,item_absent_from_toc|item_body_heading_present,none,low,0,0.0,,,d533271d10k.htm,
895421,MORGAN STANLEY,financials,core,0001193125-18-060831,10-K,2018-02-27,MDA,FAIL,item_absent_from_toc,item_absent_from_toc,none,low,0,0.0,,,d500533d10k.htm,
895421,MORGAN STANLEY,financials,core,0001193125-18-060831,10-K,2018-02-27,RISK_FACTORS,FAIL,item_absent_from_toc,item_absent_from_toc,none,low,0,0.0,,,d500533d10k.htm,
73309,NUCOR CORP,materials_realestate,extension,0001193125-18-064018,10-K,2018-02-28,MDA,FLAGGED,mda_stub_external_document,mda_stub_external_document|below_length_floor,incorporated_by_reference_unresolved,low,39,0.0,0.0,,d441208d10k.htm,
109198,TJX COMPANIES INC /DE/,consumer,core,0001193125-18-107423,10-K,2018-04-04,MDA,FLAGGED,heading_regex_fallback,heading_regex_fallback,heading_regex,low,9380,0.157,0.0,0.49916,d518812d10k.htm,
109198,TJX COMPANIES INC /DE/,consumer,core,0001193125-18-107423,10-K,2018-04-04,RISK_FACTORS,FLAGGED,heading_regex_fallback,heading_regex_fallback,heading_regex,low,7909,0.1482,0.0,0.48096,d518812d10k.htm,
1163165,CONOCOPHILLIPS,energy,core,0001193125-19-043841,10-K,2019-02-19,MDA,FAIL,item_absent_from_toc,item_absent_from_toc|item_body_heading_present,none,low,0,0.0,,,d636257d10k.htm,
732717,AT&T INC.,utilities,extension,0001193125-19-045608,10-K,2019-02-20,MDA,FAIL,item_absent_from_toc,item_absent_from_toc|item_body_heading_present,none,low,0,0.0,,,d705958d10k.htm,
732717,AT&T INC.,utilities,extension,0001193125-19-045608,10-K,2019-02-20,RISK_FACTORS,FLAGGED,below_length_floor,below_length_floor,anchor,medium,1138,0.0,0.0,0.41622,d705958d10k.htm,
36104,US BANCORP \DE\,financials,core,0001193125-19-047201,10-K,2019-02-22,MDA,FLAGGED,mda_stub_external_document,mda_stub_external_document|heading_regex_fallback|below_length_floor,incorporated_by_reference_unresolved,low,49,0.0,0.0,,d584906d10k.htm,
36104,US BANCORP \DE\,financials,core,0001193125-19-047201,10-K,2019-02-22,RISK_FACTORS,FLAGGED,below_length_floor,heading_regex_fallback|below_length_floor,heading_regex,low,38,0.0,0.0,,d584906d10k.htm,
895421,MORGAN STANLEY,financials,core,0001193125-19-051943,10-K,2019-02-26,MDA,FAIL,item_absent_from_toc,item_absent_from_toc,none,low,0,0.0,,,d707577d10k.htm,
895421,MORGAN STANLEY,financials,core,0001193125-19-051943,10-K,2019-02-26,RISK_FACTORS,FAIL,item_absent_from_toc,item_absent_from_toc,none,low,0,0.0,,,d707577d10k.htm,
73309,NUCOR CORP,materials_realestate,extension,0001193125-19-057744,10-K,2019-02-28,MDA,FLAGGED,mda_stub_external_document,mda_stub_external_document|below_length_floor,incorporated_by_reference_unresolved,low,39,0.0,0.0,,d691427d10k.htm,
1163165,CONOCOPHILLIPS,energy,core,0001193125-20-039954,10-K,2020-02-18,MDA,FLAGGED,heading_regex_fallback,heading_regex_fallback,heading_regex,low,19363,0.0,0.0,0.4591,d875559d10k.htm,
1163165,CONOCOPHILLIPS,energy,core,0001193125-20-039954,10-K,2020-02-18,RISK_FACTORS,FLAGGED,heading_regex_fallback,heading_regex_fallback,heading_regex,low,4813,0.0,0.0,0.48728,d875559d10k.htm,
36104,US BANCORP \DE\,financials,core,0001193125-20-043622,10-K,2020-02-20,MDA,FLAGGED,mda_stub_external_document,mda_stub_external_document|heading_regex_fallback|below_length_floor,incorporated_by_reference_unresolved,low,49,0.0,0.0,,d597518d10k.htm,
36104,US BANCORP \DE\,financials,core,0001193125-20-043622,10-K,2020-02-20,RISK_FACTORS,FLAGGED,below_length_floor,heading_regex_fallback|below_length_floor,heading_regex,low,38,0.0,0.0,,d597518d10k.htm,
36104,US BANCORP \DE\,financials,core,0001193125-21-052547,10-K,2021-02-23,MDA,FLAGGED,mda_stub_external_document,mda_stub_external_document|heading_regex_fallback|below_length_floor,incorporated_by_reference_unresolved,low,53,0.0,0.0,,d14650d10k.htm,
36104,US BANCORP \DE\,financials,core,0001193125-21-052547,10-K,2021-02-23,RISK_FACTORS,FLAGGED,below_length_floor,heading_regex_fallback|below_length_floor,heading_regex,low,38,0.0,0.0,,d14650d10k.htm,
36104,US BANCORP \DE\,financials,core,0001193125-22-048709,10-K,2022-02-22,MDA,FLAGGED,mda_stub_external_document,mda_stub_external_document|heading_regex_fallback|below_length_floor,incorporated_by_reference_unresolved,low,49,0.0,0.0,,d256232d10k.htm,
36104,US BANCORP \DE\,financials,core,0001193125-22-048709,10-K,2022-02-22,RISK_FACTORS,FLAGGED,below_length_floor,heading_regex_fallback|below_length_floor,heading_regex,low,38,0.0,0.0,,d256232d10k.htm,
36104,US BANCORP \DE\,financials,core,0001193125-23-050691,10-K,2023-02-27,MDA,FLAGGED,mda_stub_external_document,mda_stub_external_document|heading_regex_fallback|below_length_floor,incorporated_by_reference_unresolved,low,49,0.0,0.0,,d410791d10k.htm,
36104,US BANCORP \DE\,financials,core,0001193125-23-050691,10-K,2023-02-27,RISK_FACTORS,FLAGGED,below_length_floor,heading_regex_fallback|below_length_floor,heading_regex,low,38,0.0,0.0,,d410791d10k.htm,
1358071,CONCHO RESOURCES INC,energy,core,0001358071-16-000026,10-K,2016-02-25,MDA,FLAGGED,mda_stub_unresolved_same_doc,mda_stub_unresolved_same_doc|heading_regex_fallback|below_length_floor,incorporated_by_reference_unresolved,low,1184,0.0,0.0,0.52363,Form_10_K.htm,
1358071,CONCHO RESOURCES INC,energy,core,0001358071-16-000026,10-K,2016-02-25,RISK_FACTORS,FLAGGED,heading_regex_fallback,heading_regex_fallback,heading_regex,low,13087,0.0,0.0,0.46581,Form_10_K.htm,
1358071,CONCHO RESOURCES INC,energy,core,0001358071-17-000005,10-K,2017-02-22,MDA,FLAGGED,mda_stub_unresolved_same_doc,mda_stub_unresolved_same_doc|heading_regex_fallback|below_length_floor,incorporated_by_reference_unresolved,low,1238,0.0,0.0,0.51875,Form_10_K.htm,
1358071,CONCHO RESOURCES INC,energy,core,0001358071-17-000005,10-K,2017-02-22,RISK_FACTORS,FLAGGED,heading_regex_fallback,heading_regex_fallback,heading_regex,low,13698,0.0,0.0,0.46617,Form_10_K.htm,
1358071,CONCHO RESOURCES INC,energy,core,0001358071-18-000008,10-K,2018-02-21,MDA,FAIL,toc_recovery_declined,toc_recovery_declined,none,low,0,0.0,,,cxo201710K.htm,F1:no_resolving_anchor; F2:G3_below_floor(914w<1500)
1358071,CONCHO RESOURCES INC,energy,core,0001358071-18-000008,10-K,2018-02-21,RISK_FACTORS,FAIL,toc_recovery_declined,toc_recovery_declined,none,low,0,0.0,,,cxo201710K.htm,F1:no_resolving_anchor; F2:G1_match_is_mid_line_cross_reference
1358071,CONCHO RESOURCES INC,energy,core,0001358071-19-000003,10-K,2019-02-20,MDA,FAIL,toc_recovery_declined,toc_recovery_declined,none,low,0,0.0,,,cxo201810K.htm,F1:no_resolving_anchor; F2:G3_below_floor(905w<1500)
1358071,CONCHO RESOURCES INC,energy,core,0001358071-19-000003,10-K,2019-02-20,RISK_FACTORS,FAIL,toc_recovery_declined,toc_recovery_declined,none,low,0,0.0,,,cxo201810K.htm,F1:no_resolving_anchor; F2:G1_match_is_mid_line_cross_reference
1390777,Bank of New York Mellon Corp,financials,core,0001390777-16-000204,10-K,2016-02-26,MDA,FLAGGED,mda_stub_external_document,mda_stub_external_document|below_length_floor,incorporated_by_reference_unresolved,low,52,0.0,0.0,,bk201510-k_4q15.htm,
1390777,Bank of New York Mellon Corp,financials,core,0001390777-16-000204,10-K,2016-02-26,RISK_FACTORS,FLAGGED,below_length_floor,below_length_floor,anchor,medium,29,0.0,0.0,,bk201510-k_4q15.htm,
1390777,Bank of New York Mellon Corp,financials,core,0001390777-17-000065,10-K,2017-02-28,MDA,FLAGGED,mda_stub_external_document,mda_stub_external_document|below_length_floor,incorporated_by_reference_unresolved,low,52,0.0,0.0,,bk201610-k_4q16.htm,
1390777,Bank of New York Mellon Corp,financials,core,0001390777-17-000065,10-K,2017-02-28,RISK_FACTORS,FLAGGED,below_length_floor,below_length_floor,anchor,medium,29,0.0,0.0,,bk201610-k_4q16.htm,
1390777,Bank of New York Mellon Corp,financials,core,0001390777-18-000069,10-K,2018-02-28,MDA,FLAGGED,mda_stub_external_document,mda_stub_external_document|below_length_floor,incorporated_by_reference_unresolved,low,52,0.0,0.0,,form10-k_4q17.htm,
1390777,Bank of New York Mellon Corp,financials,core,0001390777-18-000069,10-K,2018-02-28,RISK_FACTORS,FLAGGED,below_length_floor,below_length_floor,anchor,medium,29,0.0,0.0,,form10-k_4q17.htm,
1390777,Bank of New York Mellon Corp,financials,core,0001390777-19-000050,10-K,2019-02-27,MDA,FLAGGED,mda_stub_external_document,mda_stub_external_document|below_length_floor,incorporated_by_reference_unresolved,low,52,0.0,0.0,,form10-k_4q18.htm,
1390777,Bank of New York Mellon Corp,financials,core,0001390777-19-000050,10-K,2019-02-27,RISK_FACTORS,FLAGGED,below_length_floor,below_length_floor,anchor,medium,29,0.0,0.0,,form10-k_4q18.htm,
1390777,Bank of New York Mellon Corp,financials,core,0001390777-20-000044,10-K,2020-02-27,MDA,FLAGGED,mda_stub_external_document,mda_stub_external_document|below_length_floor,incorporated_by_reference_unresolved,low,53,0.7547,0.0,,form10-k4q19.htm,
1390777,Bank of New York Mellon Corp,financials,core,0001390777-20-000044,10-K,2020-02-27,RISK_FACTORS,FLAGGED,below_length_floor,below_length_floor,anchor,medium,29,0.0,0.0,,form10-k4q19.htm,
1390777,Bank of New York Mellon Corp,financials,core,0001390777-21-000037,10-K,2021-02-25,MDA,FLAGGED,mda_stub_external_document,mda_stub_external_document|below_length_floor,incorporated_by_reference_unresolved,low,53,0.7547,0.0,,bk-20201231.htm,
1390777,Bank of New York Mellon Corp,financials,core,0001390777-21-000037,10-K,2021-02-25,RISK_FACTORS,FLAGGED,below_length_floor,below_length_floor,anchor,medium,29,0.0,0.0,,bk-20201231.htm,
1390777,Bank of New York Mellon Corp,financials,core,0001390777-22-000043,10-K,2022-02-25,MDA,FLAGGED,mda_stub_external_document,mda_stub_external_document|below_length_floor,incorporated_by_reference_unresolved,low,53,0.7547,0.0,,bk-20211231.htm,
1390777,Bank of New York Mellon Corp,financials,core,0001390777-22-000043,10-K,2022-02-25,RISK_FACTORS,FLAGGED,below_length_floor,below_length_floor,anchor,medium,29,0.0,0.0,,bk-20211231.htm,
1390777,Bank of New York Mellon Corp,financials,core,0001390777-23-000033,10-K,2023-02-27,MDA,FLAGGED,mda_stub_external_document,mda_stub_external_document|below_length_floor,incorporated_by_reference_unresolved,low,53,0.7547,0.0,,bk-20221231.htm,
1390777,Bank of New York Mellon Corp,financials,core,0001390777-23-000033,10-K,2023-02-27,RISK_FACTORS,FLAGGED,below_length_floor,below_length_floor,anchor,medium,32,0.0,0.0,,bk-20221231.htm,
1390777,Bank of New York Mellon Corp,financials,core,0001390777-24-000051,10-K,2024-02-28,MDA,FLAGGED,mda_stub_external_document,mda_stub_external_document|below_length_floor,incorporated_by_reference_unresolved,low,53,0.7547,0.0,,bk-20231231.htm,
1390777,Bank of New York Mellon Corp,financials,core,0001390777-24-000051,10-K,2024-02-28,RISK_FACTORS,FLAGGED,below_length_floor,below_length_floor,anchor,medium,29,0.0,0.0,,bk-20231231.htm,
1390777,Bank of New York Mellon Corp,financials,core,0001390777-25-000046,10-K,2025-02-27,MDA,FLAGGED,mda_stub_external_document,mda_stub_external_document|below_length_floor,incorporated_by_reference_unresolved,low,53,0.7547,0.0,,bk-20241231.htm,
1390777,Bank of New York Mellon Corp,financials,core,0001390777-25-000046,10-K,2025-02-27,RISK_FACTORS,FLAGGED,below_length_floor,below_length_floor,anchor,medium,29,0.0,0.0,,bk-20241231.htm,
1390777,Bank of New York Mellon Corp,financials,core,0001390777-26-000033,10-K,2026-02-25,MDA,FLAGGED,mda_stub_external_document,mda_stub_external_document|below_length_floor,incorporated_by_reference_unresolved,low,52,0.0,0.0,,bk-20251231.htm,
1390777,Bank of New York Mellon Corp,financials,core,0001390777-26-000033,10-K,2026-02-25,RISK_FACTORS,FLAGGED,below_length_floor,below_length_floor,anchor,medium,29,0.0,0.0,,bk-20251231.htm,
1413329,Philip Morris International Inc.,consumer,core,0001413329-16-000076,10-K,2016-02-17,MDA,FLAGGED,toc_recovered_f1,toc_recovered_f1|toc_recovery_end_guarded,anchor_resolving_entry,low,27419,0.4918,0.0,0.46496,pm123115form10kwrapinclfsm.htm,
1413329,Philip Morris International Inc.,consumer,core,0001413329-16-000076,10-K,2016-02-17,RISK_FACTORS,FLAGGED,toc_recovered_f1,toc_recovered_f1|toc_recovery_end_guarded,anchor_resolving_entry,low,3013,0.7348,0.0,0.46001,pm123115form10kwrapinclfsm.htm,
1413329,Philip Morris International Inc.,consumer,core,0001413329-17-000014,10-K,2017-02-14,MDA,FLAGGED,toc_recovered_f1,toc_recovered_f1|toc_recovery_end_guarded,anchor_resolving_entry,low,24042,0.4282,0.0,0.46296,pm123116form10kwrapinclfsm.htm,
1413329,Philip Morris International Inc.,consumer,core,0001413329-17-000014,10-K,2017-02-14,RISK_FACTORS,FLAGGED,toc_recovered_f1,toc_recovered_f1|toc_recovery_end_guarded,anchor_resolving_entry,low,3020,0.7474,0.0,0.45338,pm123116form10kwrapinclfsm.htm,
1413329,Philip Morris International Inc.,consumer,core,0001413329-18-000007,10-K,2018-02-13,MDA,FLAGGED,toc_recovered_f1,toc_recovered_f1|toc_recovery_end_guarded,anchor_resolving_entry,low,24960,0.422,0.0,0.45927,pm123117form10kwrapinclfsm.htm,
1413329,Philip Morris International Inc.,consumer,core,0001413329-18-000007,10-K,2018-02-13,RISK_FACTORS,FLAGGED,toc_recovered_f1,toc_recovered_f1|toc_recovery_end_guarded,anchor_resolving_entry,low,3179,0.7515,0.0,0.45205,pm123117form10kwrapinclfsm.htm,
1413329,Philip Morris International Inc.,consumer,core,0001413329-19-000007,10-K,2019-02-07,MDA,FLAGGED,toc_recovered_f1,toc_recovered_f1|toc_recovery_end_guarded,anchor_resolving_entry,low,24054,0.5011,0.0,0.44463,pm123118form10kwrapinclfsm.htm,
1413329,Philip Morris International Inc.,consumer,core,0001413329-19-000007,10-K,2019-02-07,RISK_FACTORS,FLAGGED,toc_recovered_f1,toc_recovered_f1|toc_recovery_end_guarded,anchor_resolving_entry,low,3532,0.7494,0.0,0.45645,pm123118form10kwrapinclfsm.htm,
1413329,Philip Morris International Inc.,consumer,core,0001413329-20-000007,10-K,2020-02-07,MDA,FLAGGED,toc_recovered_f1,toc_recovered_f1|toc_recovery_end_guarded,anchor_resolving_entry,low,22889,0.5306,0.0,0.45605,pm123119form10kwrapinc.htm,
1413329,Philip Morris International Inc.,consumer,core,0001413329-20-000007,10-K,2020-02-07,RISK_FACTORS,FLAGGED,toc_recovered_f1,toc_recovered_f1|toc_recovery_end_guarded,anchor_resolving_entry,low,3888,0.7798,0.0,0.45941,pm123119form10kwrapinc.htm,
24741,CORNING INC /NY,materials_realestate,extension,0001437749-22-003247,10-K,2022-02-14,MDA,FAIL,item_absent_from_toc,item_absent_from_toc,none,low,0,0.0,,,glw20211231_10k.htm,
24741,CORNING INC /NY,materials_realestate,extension,0001437749-22-003247,10-K,2022-02-14,RISK_FACTORS,FAIL,item_absent_from_toc,item_absent_from_toc|item_body_heading_present,none,low,0,0.0,,,glw20211231_10k.htm,
24741,CORNING INC /NY,materials_realestate,extension,0001437749-23-003123,10-K,2023-02-13,MDA,FAIL,item_absent_from_toc,item_absent_from_toc|item_body_heading_present,none,low,0,0.0,,,glw20221231_10k.htm,
24741,CORNING INC /NY,materials_realestate,extension,0001437749-23-003123,10-K,2023-02-13,RISK_FACTORS,FAIL,item_absent_from_toc,item_absent_from_toc|item_body_heading_present,none,low,0,0.0,,,glw20221231_10k.htm,
24741,CORNING INC /NY,materials_realestate,extension,0001437749-24-003735,10-K,2024-02-12,MDA,FAIL,item_absent_from_toc,item_absent_from_toc|item_body_heading_present,none,low,0,0.0,,,glw20231231_10k.htm,
24741,CORNING INC /NY,materials_realestate,extension,0001437749-24-003735,10-K,2024-02-12,RISK_FACTORS,FAIL,item_absent_from_toc,item_absent_from_toc|item_body_heading_present,none,low,0,0.0,,,glw20231231_10k.htm,
1483096,WILLIAMS PARTNERS L.P.,energy,core,0001483096-16-000021,10-K,2016-02-26,RISK_FACTORS,FLAGGED,toc_recovered_f1,toc_recovered_f1|toc_recovery_end_guarded,anchor_resolving_entry,low,17851,0.8086,0.0,0.48853,wpz_20151231x10k.htm,
1551182,Eaton Corp plc,industrials,extension,0001551182-16-000041,10-K,2016-02-24,MDA,FLAGGED,mda_stub_unresolved_same_doc,mda_stub_unresolved_same_doc|below_length_floor,incorporated_by_reference_unresolved,low,36,0.0,0.0,,etn12312015form10-k.htm,
1551182,Eaton Corp plc,industrials,extension,0001551182-16-000041,10-K,2016-02-24,RISK_FACTORS,FLAGGED,below_length_floor,below_length_floor,anchor,medium,1368,0.8034,0.0,0.47181,etn12312015form10-k.htm,
1551182,Eaton Corp plc,industrials,extension,0001551182-17-000014,10-K,2017-02-22,MDA,FLAGGED,mda_stub_unresolved_same_doc,mda_stub_unresolved_same_doc|below_length_floor,incorporated_by_reference_unresolved,low,37,0.0,0.0,,etn12312016form10-k.htm,
1551182,Eaton Corp plc,industrials,extension,0001551182-17-000014,10-K,2017-02-22,RISK_FACTORS,FLAGGED,below_length_floor,below_length_floor,anchor,medium,1429,0.8118,0.0,0.47342,etn12312016form10-k.htm,
1551182,Eaton Corp plc,industrials,extension,0001551182-18-000074,10-K,2018-02-28,MDA,FLAGGED,mda_stub_unresolved_same_doc,mda_stub_unresolved_same_doc|below_length_floor,incorporated_by_reference_unresolved,low,37,0.0,0.0,,etn12312017form10-k.htm,
1551182,Eaton Corp plc,industrials,extension,0001551182-18-000074,10-K,2018-02-28,RISK_FACTORS,FLAGGED,below_length_floor,below_length_floor,anchor,medium,1383,0.8106,0.0,0.47222,etn12312017form10-k.htm,
1551182,Eaton Corp plc,industrials,extension,0001551182-19-000045,10-K,2019-02-27,MDA,FLAGGED,mda_stub_unresolved_same_doc,mda_stub_unresolved_same_doc|below_length_floor,incorporated_by_reference_unresolved,low,37,0.0,0.0,,etn12312018form10-k.htm,
1551182,Eaton Corp plc,industrials,extension,0001551182-19-000045,10-K,2019-02-27,RISK_FACTORS,FLAGGED,below_length_floor,below_length_floor,anchor,medium,1411,0.8044,0.0,0.4735,etn12312018form10-k.htm,
1551182,Eaton Corp plc,industrials,extension,0001551182-20-000050,10-K,2020-02-26,MDA,FLAGGED,mda_stub_unresolved_same_doc,mda_stub_unresolved_same_doc|below_length_floor,incorporated_by_reference_unresolved,low,36,0.0,0.0,,etn12312019form10-k.htm,
1551182,Eaton Corp plc,industrials,extension,0001551182-20-000050,10-K,2020-02-26,RISK_FACTORS,FLAGGED,below_length_floor,below_length_floor,anchor,medium,1296,0.8048,0.0,0.47233,etn12312019form10-k.htm,
1551182,Eaton Corp plc,industrials,extension,0001551182-21-000022,10-K,2021-02-24,MDA,FLAGGED,mda_stub_unresolved_same_doc,mda_stub_unresolved_same_doc|below_length_floor,incorporated_by_reference_unresolved,low,36,0.0,0.0,,etn-20201231.htm,
1551182,Eaton Corp plc,industrials,extension,0001551182-21-000022,10-K,2021-02-24,RISK_FACTORS,FLAGGED,below_length_floor,below_length_floor,anchor,medium,1407,0.8053,0.0,0.47274,etn-20201231.htm,
1551182,Eaton Corp plc,industrials,extension,0001551182-22-000004,10-K,2022-02-23,MDA,FLAGGED,mda_stub_unresolved_same_doc,mda_stub_unresolved_same_doc|below_length_floor,incorporated_by_reference_unresolved,low,36,0.0,0.0,,etn-20211231.htm,
1551182,Eaton Corp plc,industrials,extension,0001551182-22-000004,10-K,2022-02-23,RISK_FACTORS,FLAGGED,below_length_floor,below_length_floor,anchor,medium,1971,0.8458,0.0,0.45972,etn-20211231.htm,
1551182,Eaton Corp plc,industrials,extension,0001551182-23-000004,10-K,2023-02-23,MDA,FLAGGED,mda_stub_unresolved_same_doc,mda_stub_unresolved_same_doc|below_length_floor,incorporated_by_reference_unresolved,low,36,0.0,0.0,,etn-20221231.htm,
1551182,Eaton Corp plc,industrials,extension,0001551182-24-000006,10-K,2024-02-29,MDA,FLAGGED,mda_stub_unresolved_same_doc,mda_stub_unresolved_same_doc|below_length_floor,incorporated_by_reference_unresolved,low,36,0.0,0.0,,etn-20231231.htm,
1551182,Eaton Corp plc,industrials,extension,0001551182-25-000006,10-K,2025-02-27,MDA,FLAGGED,mda_stub_unresolved_same_doc,mda_stub_unresolved_same_doc|below_length_floor,incorporated_by_reference_unresolved,low,36,0.0,0.0,,etn-20241231.htm,
1551182,Eaton Corp plc,industrials,extension,0001551182-26-000007,10-K,2026-02-26,MDA,FLAGGED,mda_stub_unresolved_same_doc,mda_stub_unresolved_same_doc|below_length_floor,incorporated_by_reference_unresolved,low,36,0.0,0.0,,etn-20251231.htm,
1555280,Zoetis Inc.,healthcare,core,0001555280-16-000344,10-K,2016-02-24,MDA,FAIL,toc_recovery_declined,toc_recovery_declined,none,low,0,0.0,,,zoetis-20151231x10kye.htm,F1:G3_below_floor(74w<1500)
1555280,Zoetis Inc.,healthcare,core,0001555280-16-000344,10-K,2016-02-24,RISK_FACTORS,FLAGGED,toc_recovered_f1,toc_recovered_f1|toc_recovery_end_guarded,anchor_resolving_entry,low,15953,0.8489,0.0,0.4919,zoetis-20151231x10kye.htm,
1555280,Zoetis Inc.,healthcare,core,0001555280-17-000044,10-K,2017-02-16,MDA,FAIL,toc_recovery_declined,toc_recovery_declined,none,low,0,0.0,,,zoetis-20161231x10kye.htm,F1:G3_below_floor(74w<1500)
1555280,Zoetis Inc.,healthcare,core,0001555280-17-000044,10-K,2017-02-16,RISK_FACTORS,FLAGGED,toc_recovered_f1,toc_recovered_f1|toc_recovery_end_guarded,anchor_resolving_entry,low,15477,0.8485,0.0,0.48944,zoetis-20161231x10kye.htm,
66740,3M CO,healthcare,core,0001558370-16-003162,10-K,2016-02-11,RISK_FACTORS,FLAGGED,below_length_floor,below_length_floor,anchor,medium,1704,0.5035,0.0,0.49242,mmm-20151231x10k.htm,
1164727,NEWMONT Corp /DE/,materials_realestate,extension,0001558370-16-003258,10-K,2016-02-17,RISK_FACTORS,FLAGGED,head_keyword_absent,head_keyword_absent,anchor,medium,13053,0.816,0.0,0.45955,nem-20151231x10k.htm,
31462,ECOLAB INC.,consumer,core,0001558370-16-003581,10-K,2016-02-26,RISK_FACTORS,FLAGGED,head_keyword_absent,head_keyword_absent,anchor,medium,4305,0.3647,0.0,0.47545,ecl-20151231x10k.htm,
66740,3M CO,healthcare,core,0001558370-17-000479,10-K,2017-02-09,RISK_FACTORS,FLAGGED,below_length_floor,below_length_floor,anchor,medium,1746,0.8814,0.0,0.49381,mmm-20161231x10k.htm,
1164727,NEWMONT Corp /DE/,materials_realestate,extension,0001558370-17-000729,10-K,2017-02-21,RISK_FACTORS,FLAGGED,head_keyword_absent,head_keyword_absent,anchor,medium,11903,0.8034,0.0,0.46019,nem-20161231x10k.htm,
1063761,SIMON PROPERTY GROUP INC.,materials_realestate,extension,0001558370-17-000934,10-K,2017-02-24,MDA,FLAGGED,head_keyword_absent,head_keyword_absent,anchor,medium,12279,0.6582,0.0,0.4848,spg-20161231x10k.htm,
1063761,SIMON PROPERTY GROUP INC.,materials_realestate,extension,0001558370-17-000934,10-K,2017-02-24,RISK_FACTORS,FLAGGED,head_keyword_absent,head_keyword_absent,anchor,medium,7678,0.842,0.0,0.48232,spg-20161231x10k.htm,
31462,ECOLAB INC.,consumer,core,0001558370-17-000944,10-K,2017-02-24,RISK_FACTORS,FLAGGED,head_keyword_absent,head_keyword_absent,anchor,medium,4499,0.8122,0.0,0.48259,ecl-20161231x10k.htm,
66740,3M CO,healthcare,core,0001558370-18-000535,10-K,2018-02-08,RISK_FACTORS,FLAGGED,below_length_floor,below_length_floor,anchor,medium,1681,0.859,0.0,0.49297,mmm-20171231x10k.htm,
64803,CVS HEALTH Corp,consumer,core,0001558370-18-000707,10-K,2018-02-14,MDA,FLAGGED,mda_stub_external_document,mda_stub_external_document|heading_regex_fallback|below_length_floor,incorporated_by_reference_unresolved,low,62,0.7903,0.0,0.71667,cvs-20171231x10k.htm,
64803,CVS HEALTH Corp,consumer,core,0001558370-18-000707,10-K,2018-02-14,RISK_FACTORS,FLAGGED,heading_regex_fallback,heading_regex_fallback,heading_regex,low,13060,0.8607,0.0,0.46891,cvs-20171231x10k.htm,
823768,WASTE MANAGEMENT INC,utilities,extension,0001558370-18-000716,10-K,2018-02-15,MDA,FLAGGED,head_keyword_absent,head_keyword_absent,anchor,medium,18125,0.7171,0.0,0.50059,wm-20171231x10k.htm,
823768,WASTE MANAGEMENT INC,utilities,extension,0001558370-18-000716,10-K,2018-02-15,RISK_FACTORS,FLAGGED,head_keyword_absent,head_keyword_absent,anchor,medium,8227,0.8534,0.0,0.47774,wm-20171231x10k.htm,
1164727,NEWMONT Corp /DE/,materials_realestate,extension,0001558370-18-000894,10-K,2018-02-22,RISK_FACTORS,FLAGGED,head_keyword_absent,head_keyword_absent,anchor,medium,11596,0.795,0.0,0.45992,nem-20171231x10k.htm,
1063761,SIMON PROPERTY GROUP INC.,materials_realestate,extension,0001558370-18-000981,10-K,2018-02-23,MDA,FLAGGED,head_keyword_absent,head_keyword_absent,anchor,medium,11756,0.6734,0.0,0.48524,spg-20171231x10k.htm,
1063761,SIMON PROPERTY GROUP INC.,materials_realestate,extension,0001558370-18-000981,10-K,2018-02-23,RISK_FACTORS,FLAGGED,head_keyword_absent,head_keyword_absent,anchor,medium,7927,0.8437,0.0,0.4837,spg-20171231x10k.htm,
31462,ECOLAB INC.,consumer,core,0001558370-18-000999,10-K,2018-02-23,RISK_FACTORS,FLAGGED,head_keyword_absent,head_keyword_absent,anchor,medium,4657,0.808,0.0,0.48206,ecl-20171231x10k.htm,
66740,3M CO,healthcare,core,0001558370-19-000470,10-K,2019-02-07,RISK_FACTORS,FLAGGED,below_length_floor,below_length_floor,anchor,medium,1723,0.8561,0.0,0.48808,mmm-20181231x10k.htm,
823768,WASTE MANAGEMENT INC,utilities,extension,0001558370-19-000662,10-K,2019-02-14,MDA,FLAGGED,head_keyword_absent,head_keyword_absent,anchor,medium,14804,0.6961,0.0,0.50023,wm-20181231x10k.htm,
823768,WASTE MANAGEMENT INC,utilities,extension,0001558370-19-000662,10-K,2019-02-14,RISK_FACTORS,FLAGGED,head_keyword_absent,head_keyword_absent,anchor,medium,8658,0.8612,0.0,0.47541,wm-20181231x10k.htm,
1164727,NEWMONT Corp /DE/,materials_realestate,extension,0001558370-19-000806,10-K,2019-02-21,RISK_FACTORS,FLAGGED,head_keyword_absent,head_keyword_absent,anchor,medium,17115,0.7989,0.0,0.46422,nem-20181231x10k.htm,
1063761,SIMON PROPERTY GROUP INC.,materials_realestate,extension,0001558370-19-000875,10-K,2019-02-22,MDA,FLAGGED,head_keyword_absent,head_keyword_absent,anchor,medium,11454,0.6345,0.0,0.48356,spg-20181231x10k.htm,
1063761,SIMON PROPERTY GROUP INC.,materials_realestate,extension,0001558370-19-000875,10-K,2019-02-22,RISK_FACTORS,FLAGGED,head_keyword_absent,head_keyword_absent,anchor,medium,8252,0.8528,0.0,0.48429,spg-20181231x10k.htm,
31462,ECOLAB INC.,consumer,core,0001558370-19-001379,10-K,2019-03-01,RISK_FACTORS,FLAGGED,head_keyword_absent,head_keyword_absent,anchor,medium,4666,0.8354,0.0,0.49409,ecl-20181231x10k.htm,
315189,DEERE & CO,industrials,extension,0001558370-19-011614,10-K,2019-12-19,MDA,FLAGGED,mda_stub_unresolved_same_doc,mda_stub_unresolved_same_doc|below_length_floor,incorporated_by_reference_unresolved,low,28,0.0,0.0,,de-20191103x10k.htm,
51143,INTERNATIONAL BUSINESS MACHINES CORP,tech,core,0001558370-20-001334,10-K,2020-02-25,MDA,FLAGGED,mda_stub_external_document,mda_stub_external_document|heading_regex_fallback|below_length_floor,incorporated_by_reference_unresolved,low,36,0.0,0.0,,ibm-20191231x10k2af531.htm,
51143,INTERNATIONAL BUSINESS MACHINES CORP,tech,core,0001558370-20-001334,10-K,2020-02-25,RISK_FACTORS,FLAGGED,heading_regex_fallback,heading_regex_fallback,heading_regex,low,4575,0.9045,0.0,0.50619,ibm-20191231x10k2af531.htm,
31462,ECOLAB INC.,consumer,core,0001558370-20-001788,10-K,2020-02-28,MDA,FLAGGED,heading_regex_fallback,heading_regex_fallback,heading_regex,low,13825,0.7282,0.0,0.47772,ecl-20191231x10k145b24.htm,
31462,ECOLAB INC.,consumer,core,0001558370-20-001788,10-K,2020-02-28,RISK_FACTORS,FLAGGED,heading_regex_fallback,heading_regex_fallback,heading_regex,low,5084,0.8377,0.0,0.49463,ecl-20191231x10k145b24.htm,
315189,DEERE & CO,industrials,extension,0001558370-20-014436,10-K,2020-12-17,MDA,FLAGGED,mda_stub_unresolved_same_doc,mda_stub_unresolved_same_doc|below_length_floor,incorporated_by_reference_unresolved,low,28,0.0,0.0,,de-20201101x10k.htm,
51143,INTERNATIONAL BUSINESS MACHINES CORP,tech,core,0001558370-21-001489,10-K,2021-02-23,MDA,FLAGGED,mda_stub_external_document,mda_stub_external_document|heading_regex_fallback|below_length_floor,incorporated_by_reference_unresolved,low,32,0.0,0.0,,ibm-20201231x10k.htm,
51143,INTERNATIONAL BUSINESS MACHINES CORP,tech,core,0001558370-21-001489,10-K,2021-02-23,RISK_FACTORS,FLAGGED,heading_regex_fallback,heading_regex_fallback,heading_regex,low,5263,0.9154,0.0,0.4999,ibm-20201231x10k.htm,
31462,ECOLAB INC.,consumer,core,0001558370-21-001916,10-K,2021-02-26,MDA,FLAGGED,heading_regex_fallback,heading_regex_fallback,heading_regex,low,15020,0.7531,0.0,0.47815,ecl-20201231x10k.htm,
31462,ECOLAB INC.,consumer,core,0001558370-21-001916,10-K,2021-02-26,RISK_FACTORS,FLAGGED,heading_regex_fallback,heading_regex_fallback,heading_regex,low,5678,0.8477,0.0,0.50027,ecl-20201231x10k.htm,
315189,DEERE & CO,industrials,extension,0001558370-21-016864,10-K,2021-12-16,MDA,FLAGGED,mda_stub_unresolved_same_doc,mda_stub_unresolved_same_doc|below_length_floor,incorporated_by_reference_unresolved,low,28,0.0,0.0,,de-20211031x10k.htm,
51143,INTERNATIONAL BUSINESS MACHINES CORP,tech,core,0001558370-22-001584,10-K,2022-02-22,MDA,FLAGGED,mda_stub_external_document,mda_stub_external_document|heading_regex_fallback|below_length_floor,incorporated_by_reference_unresolved,low,32,0.0,0.0,,ibm-20211231x10k.htm,
51143,INTERNATIONAL BUSINESS MACHINES CORP,tech,core,0001558370-22-001584,10-K,2022-02-22,RISK_FACTORS,FLAGGED,heading_regex_fallback,heading_regex_fallback,heading_regex,low,5205,0.908,0.0,0.49864,ibm-20211231x10k.htm,
31462,ECOLAB INC.,consumer,core,0001558370-22-002059,10-K,2022-02-25,MDA,FLAGGED,heading_regex_fallback,heading_regex_fallback,heading_regex,low,14502,0.7384,0.0,0.4758,ecl-20211231x10k.htm,
31462,ECOLAB INC.,consumer,core,0001558370-22-002059,10-K,2022-02-25,RISK_FACTORS,FLAGGED,heading_regex_fallback,heading_regex_fallback,heading_regex,low,6208,0.8647,0.0,0.49415,ecl-20211231x10k.htm,
315189,DEERE & CO,industrials,extension,0001558370-22-018703,10-K,2022-12-15,MDA,FLAGGED,mda_stub_unresolved_same_doc,mda_stub_unresolved_same_doc|below_length_floor,incorporated_by_reference_unresolved,low,23,0.0,0.0,,de-20221030x10k.htm,
31462,ECOLAB INC.,consumer,core,0001558370-23-001969,10-K,2023-02-24,MDA,FLAGGED,heading_regex_fallback,heading_regex_fallback,heading_regex,low,14493,0.7415,0.0,0.47952,ecl-20221231x10k.htm,
31462,ECOLAB INC.,consumer,core,0001558370-23-001969,10-K,2023-02-24,RISK_FACTORS,FLAGGED,heading_regex_fallback,heading_regex_fallback,heading_regex,low,6042,0.8648,0.0,0.49072,ecl-20221231x10k.htm,
51143,INTERNATIONAL BUSINESS MACHINES CORP,tech,core,0001558370-23-002376,10-K,2023-02-28,MDA,FLAGGED,mda_stub_external_document,mda_stub_external_document|heading_regex_fallback|below_length_floor,incorporated_by_reference_unresolved,low,32,0.0,0.0,,ibm-20221231x10k.htm,
51143,INTERNATIONAL BUSINESS MACHINES CORP,tech,core,0001558370-23-002376,10-K,2023-02-28,RISK_FACTORS,FLAGGED,heading_regex_fallback,heading_regex_fallback,heading_regex,low,5108,0.9037,0.0,0.49891,ibm-20221231x10k.htm,
315189,DEERE & CO,industrials,extension,0001558370-23-019812,10-K,2023-12-15,MDA,FLAGGED,mda_stub_unresolved_same_doc,mda_stub_unresolved_same_doc|below_length_floor,incorporated_by_reference_unresolved,low,23,0.0,0.0,,de-20231029x10k.htm,
31462,ECOLAB INC.,consumer,core,0001558370-24-001581,10-K,2024-02-23,MDA,FLAGGED,heading_regex_fallback,heading_regex_fallback,heading_regex,low,13071,0.7048,0.0,0.48067,ecl-20231231x10k.htm,
31462,ECOLAB INC.,consumer,core,0001558370-24-001581,10-K,2024-02-23,RISK_FACTORS,FLAGGED,heading_regex_fallback,heading_regex_fallback,heading_regex,low,45053,0.5186,0.0,0.47339,ecl-20231231x10k.htm,
315189,DEERE & CO,industrials,extension,0001558370-24-016169,10-K,2024-12-12,MDA,FLAGGED,mda_stub_unresolved_same_doc,mda_stub_unresolved_same_doc|below_length_floor,incorporated_by_reference_unresolved,low,23,0.0,0.0,,de-20241027x10k.htm,
31462,ECOLAB INC.,consumer,core,0001558370-25-001263,10-K,2025-02-21,MDA,FLAGGED,heading_regex_fallback,heading_regex_fallback,heading_regex,low,12804,0.7125,0.0,0.47987,ecl-20241231x10k.htm,
31462,ECOLAB INC.,consumer,core,0001558370-25-001263,10-K,2025-02-21,RISK_FACTORS,FLAGGED,heading_regex_fallback,heading_regex_fallback,heading_regex,low,45169,0.5162,0.0,0.47346,ecl-20241231x10k.htm,
1099590,MERCADOLIBRE INC,financials,core,0001562762-16-000352,10-K,2016-02-26,MDA,FLAGGED,heading_regex_fallback,heading_regex_fallback,heading_regex,low,23319,0.5144,0.0,0.52237,meli-20151231x10k.htm,
1099590,MERCADOLIBRE INC,financials,core,0001562762-16-000352,10-K,2016-02-26,RISK_FACTORS,FLAGGED,heading_regex_fallback,heading_regex_fallback,heading_regex,low,62815,0.4598,0.0,0.51501,meli-20151231x10k.htm,
1099590,MERCADOLIBRE INC,financials,core,0001562762-17-000024,10-K,2017-02-24,MDA,FLAGGED,heading_regex_fallback,heading_regex_fallback,heading_regex,low,28944,0.4367,0.0,0.51663,meli-20161231x10k.htm,
1099590,MERCADOLIBRE INC,financials,core,0001562762-17-000024,10-K,2017-02-24,RISK_FACTORS,FLAGGED,heading_regex_fallback,heading_regex_fallback,heading_regex,low,60028,0.387,0.0,0.50592,meli-20161231x10k.htm,
1099590,MERCADOLIBRE INC,financials,core,0001562762-18-000040,10-K,2018-02-23,MDA,FLAGGED,heading_regex_fallback,heading_regex_fallback,heading_regex,low,28898,0.383,0.0,0.51344,meli-20171231x10k.htm,
1099590,MERCADOLIBRE INC,financials,core,0001562762-18-000040,10-K,2018-02-23,RISK_FACTORS,FLAGGED,heading_regex_fallback,heading_regex_fallback,heading_regex,low,55775,0.3487,0.0,0.5079,meli-20171231x10k.htm,
1099590,MERCADOLIBRE INC,financials,core,0001562762-19-000047,10-K,2019-02-28,MDA,FLAGGED,heading_regex_fallback,heading_regex_fallback,heading_regex,low,24664,0.679,0.0,0.47937,meli-20181231x10k.htm,
1099590,MERCADOLIBRE INC,financials,core,0001562762-19-000047,10-K,2019-02-28,RISK_FACTORS,FLAGGED,heading_regex_fallback,heading_regex_fallback,heading_regex,low,15621,0.8019,0.0,0.47905,meli-20181231x10k.htm,
1099590,MERCADOLIBRE INC,financials,core,0001562762-20-000055,10-K,2020-02-14,RISK_FACTORS,FLAGGED,head_keyword_absent,head_keyword_absent,anchor,medium,12677,0.8677,0.00016,0.46937,meli-20191231x10k.htm,
732717,AT&T INC.,utilities,extension,0001562762-20-000064,10-K,2020-02-20,MDA,FLAGGED,heading_regex_fallback,heading_regex_fallback,heading_regex,low,15373,0.5904,0.00052,0.47774,t-20191231.htm,
732717,AT&T INC.,utilities,extension,0001562762-20-000064,10-K,2020-02-20,RISK_FACTORS,FLAGGED,heading_regex_fallback,heading_regex_fallback,heading_regex,low,4943,0.8375,0.0005,0.43818,t-20191231.htm,
24741,CORNING INC /NY,materials_realestate,extension,0001562762-21-000023,10-K,2021-02-12,MDA,FAIL,item_absent_from_toc,item_absent_from_toc|item_body_heading_present,none,low,0,0.0,,,glw-20201231x10k.htm,
24741,CORNING INC /NY,materials_realestate,extension,0001562762-21-000023,10-K,2021-02-12,RISK_FACTORS,FAIL,item_absent_from_toc,item_absent_from_toc|item_body_heading_present,none,low,0,0.0,,,glw-20201231x10k.htm,
1163165,CONOCOPHILLIPS,energy,core,0001562762-21-000027,10-K,2021-02-16,MDA,FLAGGED,heading_regex_fallback,heading_regex_fallback,heading_regex,low,20487,0.0,0.0,0.45203,cop10k2020.htm,
1163165,CONOCOPHILLIPS,energy,core,0001562762-21-000027,10-K,2021-02-16,RISK_FACTORS,FLAGGED,heading_regex_fallback,heading_regex_fallback,heading_regex,low,6712,0.0,0.0,0.48149,cop10k2020.htm,
1099590,MERCADOLIBRE INC,financials,core,0001562762-21-000079,10-K,2021-03-01,RISK_FACTORS,FLAGGED,head_keyword_absent,head_keyword_absent,anchor,medium,13459,0.8815,5e-05,0.47272,meli-20201231x10k.htm,
1163165,CONOCOPHILLIPS,energy,core,0001562762-22-000031,10-K,2022-02-17,MDA,FLAGGED,heading_regex_fallback,heading_regex_fallback,heading_regex,low,18932,0.0,0.0,0.44664,cop10k2021.htm,
1163165,CONOCOPHILLIPS,energy,core,0001562762-22-000031,10-K,2022-02-17,RISK_FACTORS,FLAGGED,heading_regex_fallback,heading_regex_fallback,heading_regex,low,6645,0.0,0.0,0.48485,cop10k2021.htm,
1099590,MERCADOLIBRE INC,financials,core,0001562762-22-000049,10-K,2022-02-23,RISK_FACTORS,FLAGGED,head_keyword_absent,head_keyword_absent,anchor,medium,13843,0.9047,4e-05,0.4704,meli-20211231x10k.htm,
97476,TEXAS INSTRUMENTS INC,tech,core,0001564590-16-013126,10-K,2016-02-24,MDA,FLAGGED,heading_regex_fallback,heading_regex_fallback,heading_regex,low,4632,0.6205,0.0,0.5342,txn-10k_20151231.htm,
97476,TEXAS INSTRUMENTS INC,tech,core,0001564590-16-013126,10-K,2016-02-24,RISK_FACTORS,FLAGGED,heading_regex_fallback,heading_regex_fallback,heading_regex,low,3626,0.9038,0.0,0.50322,txn-10k_20151231.htm,
97476,TEXAS INSTRUMENTS INC,tech,core,0001564590-17-002142,10-K,2017-02-23,MDA,FLAGGED,heading_regex_fallback,heading_regex_fallback,heading_regex,low,4447,0.664,0.0,0.54417,txn-10k_20161231.htm,
97476,TEXAS INSTRUMENTS INC,tech,core,0001564590-17-002142,10-K,2017-02-23,RISK_FACTORS,FLAGGED,heading_regex_fallback,heading_regex_fallback,heading_regex,low,3481,0.8486,0.0,0.49927,txn-10k_20161231.htm,
97476,TEXAS INSTRUMENTS INC,tech,core,0001564590-18-002832,10-K,2018-02-22,MDA,FAIL,no_toc_and_no_heading_match,no_toc_and_no_heading_match,none,low,0,0.0,,,txn-10k_20171231.htm,
97476,TEXAS INSTRUMENTS INC,tech,core,0001564590-18-002832,10-K,2018-02-22,RISK_FACTORS,FLAGGED,heading_regex_fallback,heading_regex_fallback,heading_regex,low,3641,0.8767,0.0,0.49819,txn-10k_20171231.htm,
97476,TEXAS INSTRUMENTS INC,tech,core,0001564590-19-003839,10-K,2019-02-22,MDA,FAIL,no_toc_and_no_heading_match,no_toc_and_no_heading_match,none,low,0,0.0,,,txn-10k_20181231.htm,
97476,TEXAS INSTRUMENTS INC,tech,core,0001564590-19-003839,10-K,2019-02-22,RISK_FACTORS,FLAGGED,heading_regex_fallback,heading_regex_fallback,heading_regex,low,3694,0.8303,0.0,0.49533,txn-10k_20181231.htm,
106535,WEYERHAEUSER CO,materials_realestate,extension,0001564590-20-004822,10-K,2020-02-14,MDA,FAIL,toc_recovery_declined,toc_recovery_declined,none,low,0,0.0,,,wy-10k_20191231.htm,F1:G1_head_not_on_item_heading; F2:G3_below_floor(54w<1500)
1571949,"Intercontinental Exchange, Inc.",financials,core,0001571949-16-000020,10-K,2016-02-04,RISK_FACTORS,FAIL,item_absent_from_toc,item_absent_from_toc,none,low,0,0.0,,,ice2015123110k.htm,
1571949,"Intercontinental Exchange, Inc.",financials,core,0001571949-17-000003,10-K,2017-02-07,RISK_FACTORS,FAIL,item_absent_from_toc,item_absent_from_toc,none,low,0,0.0,,,ice2016123110k.htm,
1571949,"Intercontinental Exchange, Inc.",financials,core,0001571949-18-000003,10-K,2018-02-07,RISK_FACTORS,FAIL,item_absent_from_toc,item_absent_from_toc,none,low,0,0.0,,,ice2017123110k.htm,
1571949,"Intercontinental Exchange, Inc.",financials,core,0001571949-19-000003,10-K,2019-02-07,RISK_FACTORS,FAIL,item_absent_from_toc,item_absent_from_toc,none,low,0,0.0,,,ice2018123110k.htm,
1571949,"Intercontinental Exchange, Inc.",financials,core,0001571949-20-000003,10-K,2020-02-06,RISK_FACTORS,FAIL,item_absent_from_toc,item_absent_from_toc,none,low,0,0.0,,,ice2019123110k.htm,
1571949,"Intercontinental Exchange, Inc.",financials,core,0001571949-21-000003,10-K,2021-02-04,RISK_FACTORS,FAIL,item_absent_from_toc,item_absent_from_toc,none,low,0,0.0,,,ice-20201231.htm,
1571949,"Intercontinental Exchange, Inc.",financials,core,0001571949-22-000006,10-K,2022-02-03,RISK_FACTORS,FAIL,item_absent_from_toc,item_absent_from_toc,none,low,0,0.0,,,ice-20211231.htm,
1571949,"Intercontinental Exchange, Inc.",financials,core,0001571949-23-000006,10-K,2023-02-02,RISK_FACTORS,FAIL,item_absent_from_toc,item_absent_from_toc,none,low,0,0.0,,,ice-20221231.htm,
1571949,"Intercontinental Exchange, Inc.",financials,core,0001571949-24-000007,10-K,2024-02-08,RISK_FACTORS,FAIL,item_absent_from_toc,item_absent_from_toc,none,low,0,0.0,,,ice-20231231.htm,
1571949,"Intercontinental Exchange, Inc.",financials,core,0001571949-25-000003,10-K,2025-02-06,RISK_FACTORS,FAIL,item_absent_from_toc,item_absent_from_toc,none,low,0,0.0,,,ice-20241231.htm,
1571949,"Intercontinental Exchange, Inc.",financials,core,0001571949-26-000004,10-K,2026-02-05,RISK_FACTORS,FAIL,item_absent_from_toc,item_absent_from_toc,none,low,0,0.0,,,ice-20251231.htm,
816284,CELGENE CORP /DE/,healthcare,core,0001628280-16-011012,10-K,2016-02-11,MDA,FLAGGED,head_keyword_absent,head_keyword_absent,anchor,medium,3278,0.9002,0.0,0.45286,a2015123110k.htm,
1645590,Hewlett Packard Enterprise Co,tech,core,0001628280-16-022051,10-K,2016-12-15,MDA,FLAGGED,mda_stub_unresolved_same_doc,mda_stub_unresolved_same_doc|below_length_floor|head_keyword_absent,incorporated_by_reference_unresolved,low,104,0.9615,0.0,0.42056,hpe-10312016x10k.htm,
1645590,Hewlett Packard Enterprise Co,tech,core,0001628280-17-012383,10-K,2017-12-15,MDA,FLAGGED,mda_stub_unresolved_same_doc,mda_stub_unresolved_same_doc|below_length_floor|head_keyword_absent,incorporated_by_reference_unresolved,low,104,0.9615,0.0,0.42056,hpe-10312017x10k.htm,
1645590,Hewlett Packard Enterprise Co,tech,core,0001628280-18-015054,10-K,2018-12-12,MDA,FLAGGED,mda_stub_unresolved_same_doc,mda_stub_unresolved_same_doc|below_length_floor|head_keyword_absent,incorporated_by_reference_unresolved,low,102,0.9608,0.0,0.41905,hpe-10312018x10k.htm,
109198,TJX COMPANIES INC /DE/,consumer,core,0001628280-19-003834,10-K,2019-04-03,MDA,FLAGGED,heading_regex_fallback,heading_regex_fallback,heading_regex,low,8577,0.5153,0.0,0.49228,tjx-10kx20190202.htm,
109198,TJX COMPANIES INC /DE/,consumer,core,0001628280-19-003834,10-K,2019-04-03,RISK_FACTORS,FLAGGED,heading_regex_fallback,heading_regex_fallback,heading_regex,low,7331,0.8857,0.0,0.47739,tjx-10kx20190202.htm,
1318605,"Tesla, Inc.",consumer,core,0001628280-24-002390,10-K,2024-01-29,MDA,FLAGGED,head_keyword_absent,head_keyword_absent,anchor,medium,9653,0.5026,0.0,0.46092,tsla-20231231.htm,
1318605,"Tesla, Inc.",consumer,core,0001628280-24-002390,10-K,2024-01-29,RISK_FACTORS,FLAGGED,head_keyword_absent,head_keyword_absent,anchor,medium,30312,0.5047,0.0,0.45802,tsla-20231231.htm,
24741,CORNING INC /NY,materials_realestate,extension,0001628280-25-005347,10-K,2025-02-13,MDA,FAIL,item_absent_from_toc,item_absent_from_toc|item_body_heading_present,none,low,0,0.0,,,glw-20241231.htm,
24741,CORNING INC /NY,materials_realestate,extension,0001628280-25-005347,10-K,2025-02-13,RISK_FACTORS,FAIL,item_absent_from_toc,item_absent_from_toc|item_body_heading_present,none,low,0,0.0,,,glw-20241231.htm,
1645590,Hewlett Packard Enterprise Co,tech,core,0001645590-19-000044,10-K,2019-12-13,MDA,FLAGGED,mda_stub_unresolved_same_doc,mda_stub_unresolved_same_doc|below_length_floor|head_keyword_absent,incorporated_by_reference_unresolved,low,102,0.9608,0.0,0.41905,hpe-10312019x10k.htm,
1645590,Hewlett Packard Enterprise Co,tech,core,0001645590-20-000056,10-K,2020-12-10,MDA,FLAGGED,mda_stub_unresolved_same_doc,mda_stub_unresolved_same_doc|below_length_floor|head_keyword_absent,incorporated_by_reference_unresolved,low,102,0.9608,0.0,0.41905,hpe-20201031.htm,
1645590,Hewlett Packard Enterprise Co,tech,core,0001645590-24-000139,10-K,2024-12-19,MDA,FLAGGED,head_keyword_absent,head_keyword_absent,anchor,medium,2866,0.7627,0.0,0.46951,hpe-20241031.htm,
1652044,Alphabet Inc.,tech,core,0001652044-18-000007,10-K,2018-02-06,RISK_FACTORS,FLAGGED,toc_recovered_f1,toc_recovered_f1,anchor_resolving_entry,medium,10497,0.7973,0.0,0.49143,goog10-kq42017.htm,
6769,APACHE CORP,energy,core,0001673379-17-000004,10-K,2017-02-24,MDA,FLAGGED,toc_recovered_f1,toc_recovered_f1|toc_recovery_end_guarded,anchor_resolving_entry,low,13098,0.6894,0.0,0.45842,apa10-k2016.htm,
6769,APACHE CORP,energy,core,0001673379-17-000004,10-K,2017-02-24,RISK_FACTORS,FLAGGED,toc_recovered_f1,toc_recovered_f1|toc_recovery_end_guarded,anchor_resolving_entry,low,6941,0.8074,0.0,0.46354,apa10-k2016.htm,
6769,APACHE CORP,energy,core,0001673379-18-000008,10-K,2018-02-23,MDA,FLAGGED,toc_recovered_f1,toc_recovered_f1|toc_recovery_end_guarded,anchor_resolving_entry,low,12759,0.6115,0.0,0.46545,apa10-k2017.htm,
6769,APACHE CORP,energy,core,0001673379-18-000008,10-K,2018-02-23,RISK_FACTORS,FLAGGED,toc_recovered_f1,toc_recovered_f1|toc_recovery_end_guarded,anchor_resolving_entry,low,6966,0.7964,0.0,0.46311,apa10-k2017.htm,
1707925,LINDE PLC,materials_realestate,extension,0001707925-18-000004,10-K,2018-03-23,MDA,FLAGGED,mda_stub_unresolved_same_doc,mda_stub_unresolved_same_doc|below_length_floor,incorporated_by_reference_unresolved,low,841,0.629,0.0,0.46239,lindeplc201710k.htm,
6769,APACHE CORP,energy,core,0001733037-19-000004,10-K,2019-03-01,MDA,FLAGGED,toc_recovered_f1,toc_recovered_f1|toc_recovery_end_guarded,anchor_resolving_entry,low,13200,0.6108,0.0,0.46129,apa10-k2018.htm,
6769,APACHE CORP,energy,core,0001733037-19-000004,10-K,2019-03-01,RISK_FACTORS,FLAGGED,toc_recovered_f1,toc_recovered_f1|toc_recovery_end_guarded,anchor_resolving_entry,low,7466,0.7943,0.0,0.46218,apa10-k2018.htm,
6769,APACHE CORP,energy,core,0001733037-20-000004,10-K,2020-02-28,MDA,FLAGGED,toc_recovered_f1,toc_recovered_f1|toc_recovery_end_guarded,anchor_resolving_entry,low,12804,0.6335,0.0,0.45246,apa10-k2019.htm,
6769,APACHE CORP,energy,core,0001733037-20-000004,10-K,2020-02-28,RISK_FACTORS,FLAGGED,toc_recovered_f1,toc_recovered_f1|toc_recovery_end_guarded,anchor_resolving_entry,low,7777,0.7959,0.0,0.46316,apa10-k2019.htm,
6769,APACHE CORP,energy,core,0001784031-22-000010,10-K,2022-02-22,MDA,FAIL,item_absent_from_toc,item_absent_from_toc,none,low,0,0.0,,,apa-20211231.htm,
6769,APACHE CORP,energy,core,0001784031-23-000008,10-K,2023-02-23,MDA,FAIL,item_absent_from_toc,item_absent_from_toc,none,low,0,0.0,,,apa-20221231.htm,
6769,APACHE CORP,energy,core,0001784031-24-000004,10-K,2024-02-22,MDA,FAIL,item_absent_from_toc,item_absent_from_toc,none,low,0,0.0,,,apa-20231231.htm,
2969,"Air Products & Chemicals, Inc.",materials_realestate,extension,0000002969-17-000010,10-Q,2017-01-27,MDA,FLAGGED,below_length_floor,below_length_floor,anchor,medium,343,0.9825,0.0,0.5102,apd-10qx31dec2016.htm,
2969,"Air Products & Chemicals, Inc.",materials_realestate,extension,0000002969-17-000019,10-Q,2017-04-27,MDA,FLAGGED,below_length_floor,below_length_floor,anchor,medium,355,0.9831,0.0,0.51549,apd-10qx31mar2017.htm,
2969,"Air Products & Chemicals, Inc.",materials_realestate,extension,0000002969-17-000031,10-Q,2017-08-01,MDA,FLAGGED,below_length_floor,below_length_floor,anchor,medium,358,0.9832,0.0,0.51676,apd-10qx30jun2017.htm,
4281,Howmet Aerospace Inc.,materials_realestate,extension,0000004281-18-000060,10-Q,2018-05-01,MDA,FLAGGED,heading_regex_fallback,heading_regex_fallback,heading_regex,low,3089,0.563,0.0,0.52862,form10q_1q18.htm,
4281,Howmet Aerospace Inc.,materials_realestate,extension,0000004281-18-000060,10-Q,2018-05-01,RISK_FACTORS,FAIL,no_toc_and_no_heading_match,no_toc_and_no_heading_match,none,low,0,0.0,,,form10q_1q18.htm,
4281,Howmet Aerospace Inc.,materials_realestate,extension,0000004281-18-000109,10-Q,2018-08-02,MDA,FLAGGED,heading_regex_fallback,heading_regex_fallback,heading_regex,low,4099,0.5945,0.0,0.58908,form10q_2q18.htm,
4281,Howmet Aerospace Inc.,materials_realestate,extension,0000004281-18-000109,10-Q,2018-08-02,RISK_FACTORS,FAIL,no_toc_and_no_heading_match,no_toc_and_no_heading_match,none,low,0,0.0,,,form10q_2q18.htm,
4281,Howmet Aerospace Inc.,materials_realestate,extension,0000004281-18-000127,10-Q,2018-11-01,MDA,FLAGGED,heading_regex_fallback,heading_regex_fallback,heading_regex,low,4228,0.5043,0.0,0.57632,form10q_3q18.htm,
4281,Howmet Aerospace Inc.,materials_realestate,extension,0000004281-18-000127,10-Q,2018-11-01,RISK_FACTORS,FAIL,no_toc_and_no_heading_match,no_toc_and_no_heading_match,none,low,0,0.0,,,form10q_3q18.htm,
4281,Howmet Aerospace Inc.,materials_realestate,extension,0000004281-19-000059,10-Q,2019-05-01,MDA,FLAGGED,heading_regex_fallback,heading_regex_fallback,heading_regex,low,2925,0.5956,0.0,0.52109,form10q_1q19.htm,
4281,Howmet Aerospace Inc.,materials_realestate,extension,0000004281-19-000059,10-Q,2019-05-01,RISK_FACTORS,FAIL,no_toc_and_no_heading_match,no_toc_and_no_heading_match,none,low,0,0.0,,,form10q_1q19.htm,
4281,Howmet Aerospace Inc.,materials_realestate,extension,0000004281-19-000096,10-Q,2019-08-02,MDA,FLAGGED,heading_regex_fallback,heading_regex_fallback,heading_regex,low,4219,0.5565,0.0,0.58886,form10q2q19.htm,
4281,Howmet Aerospace Inc.,materials_realestate,extension,0000004281-19-000096,10-Q,2019-08-02,RISK_FACTORS,FAIL,no_toc_and_no_heading_match,no_toc_and_no_heading_match,none,low,0,0.0,,,form10q2q19.htm,
4281,Howmet Aerospace Inc.,materials_realestate,extension,0000004281-19-000121,10-Q,2019-11-05,MDA,FLAGGED,heading_regex_fallback,heading_regex_fallback,heading_regex,low,4131,0.5425,0.0,0.59153,form10q3q19.htm,
4281,Howmet Aerospace Inc.,materials_realestate,extension,0000004281-19-000121,10-Q,2019-11-05,RISK_FACTORS,FAIL,no_toc_and_no_heading_match,no_toc_and_no_heading_match,none,low,0,0.0,,,form10q3q19.htm,
4281,Howmet Aerospace Inc.,materials_realestate,extension,0000004281-20-000109,10-Q,2020-05-07,MDA,FLAGGED,heading_regex_fallback,heading_regex_fallback,heading_regex,low,4163,0.8158,0.0,0.53302,arnc-20200331.htm,
4281,Howmet Aerospace Inc.,materials_realestate,extension,0000004281-20-000109,10-Q,2020-05-07,RISK_FACTORS,FLAGGED,heading_regex_fallback,heading_regex_fallback,heading_regex,low,1754,0.984,0.0,0.53112,arnc-20200331.htm,
4281,Howmet Aerospace Inc.,materials_realestate,extension,0000004281-20-000160,10-Q,2020-08-07,MDA,FLAGGED,heading_regex_fallback,heading_regex_fallback,heading_regex,low,5418,0.8455,0.0,0.56898,arnc-20200630.htm,
4281,Howmet Aerospace Inc.,materials_realestate,extension,0000004281-20-000160,10-Q,2020-08-07,RISK_FACTORS,FLAGGED,heading_regex_fallback,heading_regex_fallback,heading_regex,low,129,0.9922,0.0,0.632,arnc-20200630.htm,
4281,Howmet Aerospace Inc.,materials_realestate,extension,0000004281-20-000185,10-Q,2020-11-09,MDA,FLAGGED,heading_regex_fallback,heading_regex_fallback,heading_regex,low,5608,0.8149,0.0,0.57339,arnc-20200930.htm,
4281,Howmet Aerospace Inc.,materials_realestate,extension,0000004281-20-000185,10-Q,2020-11-09,RISK_FACTORS,FLAGGED,heading_regex_fallback,heading_regex_fallback,heading_regex,low,132,1.0,0.0,0.62205,arnc-20200930.htm,
4904,AMERICAN ELECTRIC POWER CO INC,utilities,extension,0000004904-15-000031,10-Q,2015-07-23,MDA,FAIL,item_absent_from_toc,item_absent_from_toc,none,low,0,0.0,,,aep20152q10q.htm,
4904,AMERICAN ELECTRIC POWER CO INC,utilities,extension,0000004904-15-000048,10-Q,2015-10-22,MDA,FAIL,item_absent_from_toc,item_absent_from_toc,none,low,0,0.0,,,aep20153q10q.htm,
4904,AMERICAN ELECTRIC POWER CO INC,utilities,extension,0000004904-16-000071,10-Q,2016-04-28,MDA,FAIL,item_absent_from_toc,item_absent_from_toc,none,low,0,0.0,,,aep10q20161q.htm,
4904,AMERICAN ELECTRIC POWER CO INC,utilities,extension,0000004904-16-000086,10-Q,2016-07-28,MDA,FAIL,item_absent_from_toc,item_absent_from_toc,none,low,0,0.0,,,aep20162q10q.htm,
4904,AMERICAN ELECTRIC POWER CO INC,utilities,extension,0000004904-16-000102,10-Q,2016-11-02,MDA,FAIL,item_absent_from_toc,item_absent_from_toc,none,low,0,0.0,,,aep20163q10q.htm,
4904,AMERICAN ELECTRIC POWER CO INC,utilities,extension,0000004904-17-000030,10-Q,2017-04-28,MDA,FAIL,item_absent_from_toc,item_absent_from_toc,none,low,0,0.0,,,aep10q20171q.htm,
4904,AMERICAN ELECTRIC POWER CO INC,utilities,extension,0000004904-17-000045,10-Q,2017-07-27,MDA,FAIL,item_absent_from_toc,item_absent_from_toc,none,low,0,0.0,,,aep20172q10q.htm,
4904,AMERICAN ELECTRIC POWER CO INC,utilities,extension,0000004904-17-000060,10-Q,2017-10-27,MDA,FAIL,item_absent_from_toc,item_absent_from_toc,none,low,0,0.0,,,aep20173q10q.htm,
4904,AMERICAN ELECTRIC POWER CO INC,utilities,extension,0000004904-18-000019,10-Q,2018-04-26,MDA,FAIL,item_absent_from_toc,item_absent_from_toc,none,low,0,0.0,,,aep10q20181q.htm,
4904,AMERICAN ELECTRIC POWER CO INC,utilities,extension,0000004904-18-000039,10-Q,2018-07-26,MDA,FAIL,item_absent_from_toc,item_absent_from_toc,none,low,0,0.0,,,aep20182q10q.htm,
4904,AMERICAN ELECTRIC POWER CO INC,utilities,extension,0000004904-18-000055,10-Q,2018-10-25,MDA,FAIL,item_absent_from_toc,item_absent_from_toc,none,low,0,0.0,,,aep20183q10q.htm,
4904,AMERICAN ELECTRIC POWER CO INC,utilities,extension,0000004904-19-000020,10-Q,2019-04-26,MDA,FAIL,item_absent_from_toc,item_absent_from_toc,none,low,0,0.0,,,aep10q20191q.htm,
4904,AMERICAN ELECTRIC POWER CO INC,utilities,extension,0000004904-19-000040,10-Q,2019-07-25,MDA,FAIL,item_absent_from_toc,item_absent_from_toc,none,low,0,0.0,,,aep20192q10q.htm,
4904,AMERICAN ELECTRIC POWER CO INC,utilities,extension,0000004904-19-000050,10-Q,2019-10-24,MDA,FAIL,item_absent_from_toc,item_absent_from_toc,none,low,0,0.0,,,aep20193q10q.htm,
4904,AMERICAN ELECTRIC POWER CO INC,utilities,extension,0000004904-20-000046,10-Q,2020-05-06,MDA,FAIL,item_absent_from_toc,item_absent_from_toc,none,low,0,0.0,,,aep20201q10q.htm,
4904,AMERICAN ELECTRIC POWER CO INC,utilities,extension,0000004904-20-000062,10-Q,2020-08-06,MDA,FAIL,item_absent_from_toc,item_absent_from_toc,none,low,0,0.0,,,aep-20200630.htm,
4904,AMERICAN ELECTRIC POWER CO INC,utilities,extension,0000004904-20-000084,10-Q,2020-10-22,MDA,FAIL,item_absent_from_toc,item_absent_from_toc,none,low,0,0.0,,,aep-20200930.htm,
4904,AMERICAN ELECTRIC POWER CO INC,utilities,extension,0000004904-21-000033,10-Q,2021-04-22,MDA,FAIL,item_absent_from_toc,item_absent_from_toc,none,low,0,0.0,,,aep-20210331.htm,
4904,AMERICAN ELECTRIC POWER CO INC,utilities,extension,0000004904-21-000052,10-Q,2021-07-22,MDA,FAIL,item_absent_from_toc,item_absent_from_toc,none,low,0,0.0,,,aep-20210630.htm,
4904,AMERICAN ELECTRIC POWER CO INC,utilities,extension,0000004904-21-000069,10-Q,2021-10-28,MDA,FAIL,item_absent_from_toc,item_absent_from_toc,none,low,0,0.0,,,aep-20210930.htm,
4904,AMERICAN ELECTRIC POWER CO INC,utilities,extension,0000004904-22-000053,10-Q,2022-04-28,MDA,FAIL,item_absent_from_toc,item_absent_from_toc,none,low,0,0.0,,,aep-20220331.htm,
4904,AMERICAN ELECTRIC POWER CO INC,utilities,extension,0000004904-22-000074,10-Q,2022-07-27,MDA,FAIL,item_absent_from_toc,item_absent_from_toc,none,low,0,0.0,,,aep-20220630.htm,
4904,AMERICAN ELECTRIC POWER CO INC,utilities,extension,0000004904-22-000093,10-Q,2022-10-27,MDA,FAIL,item_absent_from_toc,item_absent_from_toc,none,low,0,0.0,,,aep-20220930.htm,
4904,AMERICAN ELECTRIC POWER CO INC,utilities,extension,0000004904-23-000072,10-Q,2023-05-04,MDA,FAIL,item_absent_from_toc,item_absent_from_toc,none,low,0,0.0,,,aep-20230331.htm,
4904,AMERICAN ELECTRIC POWER CO INC,utilities,extension,0000004904-23-000104,10-Q,2023-07-27,MDA,FAIL,item_absent_from_toc,item_absent_from_toc,none,low,0,0.0,,,aep-20230630.htm,
4904,AMERICAN ELECTRIC POWER CO INC,utilities,extension,0000004904-23-000121,10-Q,2023-11-02,MDA,FAIL,item_absent_from_toc,item_absent_from_toc,none,low,0,0.0,,,aep-20230930.htm,
4904,AMERICAN ELECTRIC POWER CO INC,utilities,extension,0000004904-24-000046,10-Q,2024-04-30,MDA,FAIL,item_absent_from_toc,item_absent_from_toc,none,low,0,0.0,,,aep-20240331.htm,
4904,AMERICAN ELECTRIC POWER CO INC,utilities,extension,0000004904-24-000081,10-Q,2024-07-30,MDA,FAIL,item_absent_from_toc,item_absent_from_toc,none,low,0,0.0,,,aep-20240630.htm,
4904,AMERICAN ELECTRIC POWER CO INC,utilities,extension,0000004904-24-000100,10-Q,2024-11-06,MDA,FAIL,item_absent_from_toc,item_absent_from_toc,none,low,0,0.0,,,aep-20240930.htm,
4904,AMERICAN ELECTRIC POWER CO INC,utilities,extension,0000004904-25-000061,10-Q,2025-05-06,MDA,FAIL,item_absent_from_toc,item_absent_from_toc,none,low,0,0.0,,,aep-20250331.htm,
4904,AMERICAN ELECTRIC POWER CO INC,utilities,extension,0000004904-25-000141,10-Q,2025-07-30,MDA,FAIL,item_absent_from_toc,item_absent_from_toc,none,low,0,0.0,,,aep-20250630.htm,
4904,AMERICAN ELECTRIC POWER CO INC,utilities,extension,0000004904-25-000171,10-Q,2025-10-29,MDA,FAIL,item_absent_from_toc,item_absent_from_toc,none,low,0,0.0,,,aep-20250930.htm,
4904,AMERICAN ELECTRIC POWER CO INC,utilities,extension,0000004904-26-000034,10-Q,2026-05-05,MDA,FAIL,item_absent_from_toc,item_absent_from_toc,none,low,0,0.0,,,aep-20260331.htm,
4904,AMERICAN ELECTRIC POWER CO INC,utilities,extension,0000004904-26-000059,10-Q,2026-07-30,MDA,FAIL,item_absent_from_toc,item_absent_from_toc,none,low,0,0.0,,,aep-20260630.htm,
5272,"AMERICAN INTERNATIONAL GROUP, INC.",financials,core,0000005272-15-000009,10-Q,2015-08-03,MDA,FAIL,toc_recovery_declined,toc_recovery_declined,none,low,0,0.0,,,maindocument001.htm,F1:no_resolving_anchor; F2:G1_match_is_mid_line_cross_reference
5272,"AMERICAN INTERNATIONAL GROUP, INC.",financials,core,0000005272-15-000009,10-Q,2015-08-03,RISK_FACTORS,FAIL,toc_recovery_declined,toc_recovery_declined,none,low,0,0.0,,,maindocument001.htm,F1:no_resolving_anchor; F2:G1_match_is_mid_line_cross_reference
5272,"AMERICAN INTERNATIONAL GROUP, INC.",financials,core,0000005272-15-000018,10-Q,2015-11-02,MDA,FAIL,toc_recovery_declined,toc_recovery_declined,none,low,0,0.0,,,maindocument001.htm,F1:no_resolving_anchor; F2:G1_match_is_mid_line_cross_reference
5272,"AMERICAN INTERNATIONAL GROUP, INC.",financials,core,0000005272-15-000018,10-Q,2015-11-02,RISK_FACTORS,FAIL,toc_recovery_declined,toc_recovery_declined,none,low,0,0.0,,,maindocument001.htm,F1:no_resolving_anchor; F2:G1_match_is_mid_line_cross_reference
5272,"AMERICAN INTERNATIONAL GROUP, INC.",financials,core,0000005272-16-000041,10-Q,2016-05-02,MDA,FAIL,toc_recovery_declined,toc_recovery_declined,none,low,0,0.0,,,maindocument001.htm,F1:no_resolving_anchor; F2:G1_match_is_mid_line_cross_reference
5272,"AMERICAN INTERNATIONAL GROUP, INC.",financials,core,0000005272-16-000041,10-Q,2016-05-02,RISK_FACTORS,FAIL,toc_recovery_declined,toc_recovery_declined,none,low,0,0.0,,,maindocument001.htm,F1:no_resolving_anchor; F2:G1_match_is_mid_line_cross_reference
5272,"AMERICAN INTERNATIONAL GROUP, INC.",financials,core,0000005272-16-000046,10-Q,2016-08-02,MDA,FAIL,toc_recovery_declined,toc_recovery_declined,none,low,0,0.0,,,maindocument001.htm,F1:no_resolving_anchor; F2:G1_match_is_mid_line_cross_reference
5272,"AMERICAN INTERNATIONAL GROUP, INC.",financials,core,0000005272-16-000046,10-Q,2016-08-02,RISK_FACTORS,FAIL,toc_recovery_declined,toc_recovery_declined,none,low,0,0.0,,,maindocument001.htm,F1:no_resolving_anchor; F2:G1_match_is_mid_line_cross_reference
5272,"AMERICAN INTERNATIONAL GROUP, INC.",financials,core,0000005272-16-000052,10-Q,2016-11-03,MDA,FAIL,toc_recovery_declined,toc_recovery_declined,none,low,0,0.0,,,maindocument001.htm,F1:no_resolving_anchor; F2:G1_match_is_mid_line_cross_reference
5272,"AMERICAN INTERNATIONAL GROUP, INC.",financials,core,0000005272-16-000052,10-Q,2016-11-03,RISK_FACTORS,FAIL,toc_recovery_declined,toc_recovery_declined,none,low,0,0.0,,,maindocument001.htm,F1:no_resolving_anchor; F2:G1_match_is_mid_line_cross_reference
5272,"AMERICAN INTERNATIONAL GROUP, INC.",financials,core,0000005272-17-000024,10-Q,2017-05-04,RISK_FACTORS,FAIL,toc_recovery_declined,toc_recovery_declined,none,low,0,0.0,,,maindocument001.htm,F1:no_resolving_anchor; F2:G1_match_is_mid_line_cross_reference
5272,"AMERICAN INTERNATIONAL GROUP, INC.",financials,core,0000005272-17-000031,10-Q,2017-08-03,RISK_FACTORS,FAIL,toc_recovery_declined,toc_recovery_declined,none,low,0,0.0,,,maindocument001.htm,F1:no_resolving_anchor; F2:G1_match_is_mid_line_cross_reference
5272,"AMERICAN INTERNATIONAL GROUP, INC.",financials,core,0000005272-17-000044,10-Q,2017-11-03,RISK_FACTORS,FAIL,toc_recovery_declined,toc_recovery_declined,none,low,0,0.0,,,maindocument001.htm,F1:no_resolving_anchor; F2:G1_match_is_mid_line_cross_reference
5272,"AMERICAN INTERNATIONAL GROUP, INC.",financials,core,0000005272-18-000031,10-Q,2018-05-03,RISK_FACTORS,FAIL,toc_recovery_declined,toc_recovery_declined,none,low,0,0.0,,,maindocument001.htm,F1:no_resolving_anchor; F2:G1_match_is_mid_line_cross_reference
5272,"AMERICAN INTERNATIONAL GROUP, INC.",financials,core,0000005272-18-000037,10-Q,2018-08-03,RISK_FACTORS,FAIL,toc_recovery_declined,toc_recovery_declined,none,low,0,0.0,,,maindocument001.htm,F1:no_resolving_anchor; F2:G1_match_is_mid_line_cross_reference
5272,"AMERICAN INTERNATIONAL GROUP, INC.",financials,core,0000005272-18-000043,10-Q,2018-11-02,RISK_FACTORS,FAIL,toc_recovery_declined,toc_recovery_declined,none,low,0,0.0,,,maindocument001.htm,F1:no_resolving_anchor; F2:G1_match_is_mid_line_cross_reference
5272,"AMERICAN INTERNATIONAL GROUP, INC.",financials,core,0000005272-19-000031,10-Q,2019-05-07,RISK_FACTORS,FAIL,toc_recovery_declined,toc_recovery_declined,none,low,0,0.0,,,maindocument001.htm,F1:no_resolving_anchor; F2:G1_match_is_mid_line_cross_reference
5272,"AMERICAN INTERNATIONAL GROUP, INC.",financials,core,0000005272-23-000023,10-Q,2023-05-05,RISK_FACTORS,FLAGGED,toc_recovered_f1,toc_recovered_f1,anchor_resolving_entry,medium,40,0.0,0.0,,aig-20230331.htm,
5272,"AMERICAN INTERNATIONAL GROUP, INC.",financials,core,0000005272-23-000033,10-Q,2023-08-02,RISK_FACTORS,FLAGGED,toc_recovered_f1,toc_recovered_f1,anchor_resolving_entry,medium,40,0.0,0.0,,aig-20230630.htm,
8670,AUTOMATIC DATA PROCESSING INC,tech,core,0000008670-15-000026,10-Q,2015-11-05,MDA,FLAGGED,toc_recovered_f1,toc_recovered_f1|toc_recovery_end_guarded,anchor_resolving_entry,low,7946,0.593,0.0,0.54099,q1fy1610q.htm,
8670,AUTOMATIC DATA PROCESSING INC,tech,core,0000008670-15-000026,10-Q,2015-11-05,RISK_FACTORS,FLAGGED,toc_recovered_f1,toc_recovered_f1|toc_recovery_end_guarded,anchor_resolving_entry,low,37,0.0,0.0,,q1fy1610q.htm,
8670,AUTOMATIC DATA PROCESSING INC,tech,core,0000008670-16-000030,10-Q,2016-02-03,MDA,FLAGGED,toc_recovered_f1,toc_recovered_f1|toc_recovery_end_guarded,anchor_resolving_entry,low,10243,0.5041,0.0,0.56442,q2fy1610q.htm,
8670,AUTOMATIC DATA PROCESSING INC,tech,core,0000008670-16-000030,10-Q,2016-02-03,RISK_FACTORS,FLAGGED,toc_recovered_f1,toc_recovered_f1|toc_recovery_end_guarded,anchor_resolving_entry,low,37,0.0,0.0,,q2fy1610q.htm,
8670,AUTOMATIC DATA PROCESSING INC,tech,core,0000008670-16-000034,10-Q,2016-05-05,MDA,FLAGGED,toc_recovered_f1,toc_recovered_f1|toc_recovery_end_guarded,anchor_resolving_entry,low,8880,0.4209,0.0,0.5689,q3fy1610q.htm,
8670,AUTOMATIC DATA PROCESSING INC,tech,core,0000008670-16-000034,10-Q,2016-05-05,RISK_FACTORS,FLAGGED,toc_recovered_f1,toc_recovered_f1|toc_recovery_end_guarded,anchor_resolving_entry,low,37,0.0,0.0,,q3fy1610q.htm,
8670,AUTOMATIC DATA PROCESSING INC,tech,core,0000008670-16-000059,10-Q,2016-11-03,MDA,FLAGGED,toc_recovered_f1,toc_recovered_f1|toc_recovery_end_guarded,anchor_resolving_entry,low,7530,0.4915,0.0,0.54185,q1fy1710-q.htm,
8670,AUTOMATIC DATA PROCESSING INC,tech,core,0000008670-16-000059,10-Q,2016-11-03,RISK_FACTORS,FLAGGED,toc_recovered_f1,toc_recovered_f1|toc_recovery_end_guarded,anchor_resolving_entry,low,37,0.0,0.0,,q1fy1710-q.htm,
8670,AUTOMATIC DATA PROCESSING INC,tech,core,0000008670-17-000003,10-Q,2017-02-01,MDA,FLAGGED,toc_recovered_f1,toc_recovered_f1|toc_recovery_end_guarded,anchor_resolving_entry,low,9873,0.3979,0.0,0.57427,q2fy1710-q.htm,
8670,AUTOMATIC DATA PROCESSING INC,tech,core,0000008670-17-000003,10-Q,2017-02-01,RISK_FACTORS,FLAGGED,toc_recovered_f1,toc_recovered_f1|toc_recovery_end_guarded,anchor_resolving_entry,low,37,0.0,0.0,,q2fy1710-q.htm,
8670,AUTOMATIC DATA PROCESSING INC,tech,core,0000008670-17-000005,10-Q,2017-05-04,MDA,FLAGGED,toc_recovered_f1,toc_recovered_f1|toc_recovery_end_guarded,anchor_resolving_entry,low,10088,0.3664,0.0,0.57006,q3fy1710-q.htm,
8670,AUTOMATIC DATA PROCESSING INC,tech,core,0000008670-17-000005,10-Q,2017-05-04,RISK_FACTORS,FLAGGED,toc_recovered_f1,toc_recovered_f1|toc_recovery_end_guarded,anchor_resolving_entry,low,37,0.0,0.0,,q3fy1710-q.htm,
8670,AUTOMATIC DATA PROCESSING INC,tech,core,0000008670-17-000012,10-Q,2017-11-02,MDA,FLAGGED,toc_recovered_f1,toc_recovered_f1|toc_recovery_end_guarded,anchor_resolving_entry,low,7245,0.4522,0.0,0.52974,q1fy1810q.htm,
8670,AUTOMATIC DATA PROCESSING INC,tech,core,0000008670-17-000012,10-Q,2017-11-02,RISK_FACTORS,FLAGGED,toc_recovered_f1,toc_recovered_f1|toc_recovery_end_guarded,anchor_resolving_entry,low,37,0.0,0.0,,q1fy1810q.htm,
8670,AUTOMATIC DATA PROCESSING INC,tech,core,0000008670-18-000003,10-Q,2018-02-01,MDA,FLAGGED,toc_recovered_f1,toc_recovered_f1|toc_recovery_end_guarded,anchor_resolving_entry,low,9657,0.3853,0.0,0.55921,q2fy1810q.htm,
8670,AUTOMATIC DATA PROCESSING INC,tech,core,0000008670-18-000003,10-Q,2018-02-01,RISK_FACTORS,FLAGGED,toc_recovered_f1,toc_recovered_f1|toc_recovery_end_guarded,anchor_resolving_entry,low,37,0.0,0.0,,q2fy1810q.htm,
8670,AUTOMATIC DATA PROCESSING INC,tech,core,0000008670-18-000007,10-Q,2018-05-04,MDA,FLAGGED,toc_recovered_f1,toc_recovered_f1|toc_recovery_end_guarded,anchor_resolving_entry,low,9847,0.376,0.0,0.55704,q3fy1810q.htm,
8670,AUTOMATIC DATA PROCESSING INC,tech,core,0000008670-18-000007,10-Q,2018-05-04,RISK_FACTORS,FLAGGED,toc_recovered_f1,toc_recovered_f1|toc_recovery_end_guarded,anchor_resolving_entry,low,37,0.0,0.0,,q3fy1810q.htm,
8670,AUTOMATIC DATA PROCESSING INC,tech,core,0000008670-18-000017,10-Q,2018-11-01,MDA,FLAGGED,toc_recovered_f1,toc_recovered_f1|toc_recovery_end_guarded,anchor_resolving_entry,low,7492,0.4847,0.0,0.5297,q1fy1910q.htm,
8670,AUTOMATIC DATA PROCESSING INC,tech,core,0000008670-18-000017,10-Q,2018-11-01,RISK_FACTORS,FLAGGED,toc_recovered_f1,toc_recovered_f1|toc_recovery_end_guarded,anchor_resolving_entry,low,37,0.0,0.0,,q1fy1910q.htm,
8670,AUTOMATIC DATA PROCESSING INC,tech,core,0000008670-19-000005,10-Q,2019-01-31,MDA,FLAGGED,toc_recovered_f1,toc_recovered_f1|toc_recovery_end_guarded,anchor_resolving_entry,low,9346,0.3805,0.0,0.55708,q2fy1910q.htm,
8670,AUTOMATIC DATA PROCESSING INC,tech,core,0000008670-19-000005,10-Q,2019-01-31,RISK_FACTORS,FLAGGED,toc_recovered_f1,toc_recovered_f1|toc_recovery_end_guarded,anchor_resolving_entry,low,37,0.0,0.0,,q2fy1910q.htm,
8670,AUTOMATIC DATA PROCESSING INC,tech,core,0000008670-19-000013,10-Q,2019-05-03,MDA,FLAGGED,toc_recovered_f1,toc_recovered_f1|toc_recovery_end_guarded,anchor_resolving_entry,low,9420,0.3904,0.0,0.55445,q3fy1910q.htm,
8670,AUTOMATIC DATA PROCESSING INC,tech,core,0000008670-19-000013,10-Q,2019-05-03,RISK_FACTORS,FLAGGED,toc_recovered_f1,toc_recovered_f1|toc_recovery_end_guarded,anchor_resolving_entry,low,37,0.0,0.0,,q3fy1910q.htm,
8670,AUTOMATIC DATA PROCESSING INC,tech,core,0000008670-19-000027,10-Q,2019-11-04,MDA,FLAGGED,toc_recovered_f1,toc_recovered_f1,anchor_resolving_entry,medium,6900,0.4778,0.0,0.50981,q1fy2010q.htm,
8670,AUTOMATIC DATA PROCESSING INC,tech,core,0000008670-19-000027,10-Q,2019-11-04,RISK_FACTORS,FLAGGED,toc_recovered_f1,toc_recovered_f1|toc_recovery_end_guarded,anchor_resolving_entry,low,37,0.0,0.0,,q1fy2010q.htm,
8670,AUTOMATIC DATA PROCESSING INC,tech,core,0000008670-20-000007,10-Q,2020-01-31,MDA,FLAGGED,toc_recovered_f1,toc_recovered_f1,anchor_resolving_entry,medium,8043,0.4015,0.0,0.53755,q2fy2010q.htm,
8670,AUTOMATIC DATA PROCESSING INC,tech,core,0000008670-20-000007,10-Q,2020-01-31,RISK_FACTORS,FLAGGED,toc_recovered_f1,toc_recovered_f1|toc_recovery_end_guarded,anchor_resolving_entry,low,37,0.0,0.0,,q2fy2010q.htm,
19617,JPMORGAN CHASE & CO,financials,core,0000019617-15-000367,10-Q,2015-08-03,MDA,FLAGGED,below_length_floor,heading_regex_fallback|below_length_floor,heading_regex,low,104,0.0,0.0,0.50575,corpq22015.htm,
19617,JPMORGAN CHASE & CO,financials,core,0000019617-15-000367,10-Q,2015-08-03,RISK_FACTORS,FLAGGED,heading_regex_fallback,heading_regex_fallback,heading_regex,low,28,0.0,0.0,,corpq22015.htm,
21665,COLGATE PALMOLIVE CO,consumer,core,0000021665-16-000003,10-Q,2016-10-27,MDA,FAIL,no_toc_and_no_heading_match,no_toc_and_no_heading_match,none,low,0,0.0,,,cl-9302016x10q.htm,
21665,COLGATE PALMOLIVE CO,consumer,core,0000021665-16-000003,10-Q,2016-10-27,RISK_FACTORS,FLAGGED,heading_regex_fallback,heading_regex_fallback,heading_regex,low,35,0.0,0.0,,cl-9302016x10q.htm,
21665,COLGATE PALMOLIVE CO,consumer,core,0000021665-17-000006,10-Q,2017-04-28,MDA,FAIL,no_toc_and_no_heading_match,no_toc_and_no_heading_match,none,low,0,0.0,,,cl-3312017x10q.htm,
21665,COLGATE PALMOLIVE CO,consumer,core,0000021665-17-000006,10-Q,2017-04-28,RISK_FACTORS,FLAGGED,heading_regex_fallback,heading_regex_fallback,heading_regex,low,23,0.0,0.0,,cl-3312017x10q.htm,
21665,COLGATE PALMOLIVE CO,consumer,core,0000021665-17-000012,10-Q,2017-07-21,MDA,FAIL,no_toc_and_no_heading_match,no_toc_and_no_heading_match,none,low,0,0.0,,,cl-6302017x10q.htm,
21665,COLGATE PALMOLIVE CO,consumer,core,0000021665-17-000012,10-Q,2017-07-21,RISK_FACTORS,FLAGGED,heading_regex_fallback,heading_regex_fallback,heading_regex,low,23,0.0,0.0,,cl-6302017x10q.htm,
21665,COLGATE PALMOLIVE CO,consumer,core,0000021665-17-000014,10-Q,2017-10-27,MDA,FAIL,no_toc_and_no_heading_match,no_toc_and_no_heading_match,none,low,0,0.0,,,cl-9302017x10q.htm,
21665,COLGATE PALMOLIVE CO,consumer,core,0000021665-17-000014,10-Q,2017-10-27,RISK_FACTORS,FLAGGED,heading_regex_fallback,heading_regex_fallback,heading_regex,low,23,0.0,0.0,,cl-9302017x10q.htm,
21665,COLGATE PALMOLIVE CO,consumer,core,0000021665-18-000008,10-Q,2018-04-27,MDA,FAIL,no_toc_and_no_heading_match,no_toc_and_no_heading_match,none,low,0,0.0,,,cl-3312018x10q.htm,
21665,COLGATE PALMOLIVE CO,consumer,core,0000021665-18-000008,10-Q,2018-04-27,RISK_FACTORS,FLAGGED,heading_regex_fallback,heading_regex_fallback,heading_regex,low,23,0.0,0.0,,cl-3312018x10q.htm,
21665,COLGATE PALMOLIVE CO,consumer,core,0000021665-18-000015,10-Q,2018-07-27,MDA,FAIL,no_toc_and_no_heading_match,no_toc_and_no_heading_match,none,low,0,0.0,,,cl-6302018x10q.htm,
21665,COLGATE PALMOLIVE CO,consumer,core,0000021665-18-000015,10-Q,2018-07-27,RISK_FACTORS,FLAGGED,heading_regex_fallback,heading_regex_fallback,heading_regex,low,23,0.0,0.0,,cl-6302018x10q.htm,
21665,COLGATE PALMOLIVE CO,consumer,core,0000021665-18-000018,10-Q,2018-10-26,MDA,FAIL,no_toc_and_no_heading_match,no_toc_and_no_heading_match,none,low,0,0.0,,,cl-9302018x10q.htm,
21665,COLGATE PALMOLIVE CO,consumer,core,0000021665-18-000018,10-Q,2018-10-26,RISK_FACTORS,FLAGGED,heading_regex_fallback,heading_regex_fallback,heading_regex,low,23,0.0,0.0,,cl-9302018x10q.htm,
21665,COLGATE PALMOLIVE CO,consumer,core,0000021665-19-000007,10-Q,2019-04-26,MDA,FAIL,no_toc_and_no_heading_match,no_toc_and_no_heading_match,none,low,0,0.0,,,cl-3312019x10q.htm,
21665,COLGATE PALMOLIVE CO,consumer,core,0000021665-19-000007,10-Q,2019-04-26,RISK_FACTORS,FLAGGED,heading_regex_fallback,heading_regex_fallback,heading_regex,low,23,0.0,0.0,,cl-3312019x10q.htm,
21665,COLGATE PALMOLIVE CO,consumer,core,0000021665-19-000020,10-Q,2019-07-26,MDA,FAIL,no_toc_and_no_heading_match,no_toc_and_no_heading_match,none,low,0,0.0,,,cl-6302019x10q.htm,
21665,COLGATE PALMOLIVE CO,consumer,core,0000021665-19-000020,10-Q,2019-07-26,RISK_FACTORS,FLAGGED,heading_regex_fallback,heading_regex_fallback,heading_regex,low,23,0.0,0.0,,cl-6302019x10q.htm,
21665,COLGATE PALMOLIVE CO,consumer,core,0000021665-19-000022,10-Q,2019-11-01,MDA,FAIL,no_toc_and_no_heading_match,no_toc_and_no_heading_match,none,low,0,0.0,,,cl-9302019x10q.htm,
21665,COLGATE PALMOLIVE CO,consumer,core,0000021665-19-000022,10-Q,2019-11-01,RISK_FACTORS,FLAGGED,heading_regex_fallback,heading_regex_fallback,heading_regex,low,23,0.0,0.0,,cl-9302019x10q.htm,
21665,COLGATE PALMOLIVE CO,consumer,core,0000021665-20-000007,10-Q,2020-05-01,MDA,FAIL,no_toc_and_no_heading_match,no_toc_and_no_heading_match,none,low,0,0.0,,,cl-3312020x10q.htm,
21665,COLGATE PALMOLIVE CO,consumer,core,0000021665-20-000007,10-Q,2020-05-01,RISK_FACTORS,FLAGGED,heading_regex_fallback,heading_regex_fallback,heading_regex,low,488,0.7234,0.0,0.51782,cl-3312020x10q.htm,
21665,COLGATE PALMOLIVE CO,consumer,core,0000021665-20-000023,10-Q,2020-07-31,MDA,FAIL,no_toc_and_no_heading_match,no_toc_and_no_heading_match,none,low,0,0.0,,,cl-20200630.htm,
21665,COLGATE PALMOLIVE CO,consumer,core,0000021665-20-000023,10-Q,2020-07-31,RISK_FACTORS,FLAGGED,heading_regex_fallback,heading_regex_fallback,heading_regex,low,487,0.7248,0.0,0.51782,cl-20200630.htm,
21665,COLGATE PALMOLIVE CO,consumer,core,0000021665-20-000026,10-Q,2020-10-30,MDA,FAIL,no_toc_and_no_heading_match,no_toc_and_no_heading_match,none,low,0,0.0,,,cl-20200930.htm,
21665,COLGATE PALMOLIVE CO,consumer,core,0000021665-20-000026,10-Q,2020-10-30,RISK_FACTORS,FLAGGED,heading_regex_fallback,heading_regex_fallback,heading_regex,low,487,0.7248,0.0,0.51782,cl-20200930.htm,
21665,COLGATE PALMOLIVE CO,consumer,core,0000021665-21-000010,10-Q,2021-04-30,MDA,FAIL,no_toc_and_no_heading_match,no_toc_and_no_heading_match,none,low,0,0.0,,,cl-20210331.htm,
21665,COLGATE PALMOLIVE CO,consumer,core,0000021665-21-000010,10-Q,2021-04-30,RISK_FACTORS,FLAGGED,heading_regex_fallback,heading_regex_fallback,heading_regex,low,22,0.0,0.0,,cl-20210331.htm,
21665,COLGATE PALMOLIVE CO,consumer,core,0000021665-21-000025,10-Q,2021-07-30,MDA,FAIL,no_toc_and_no_heading_match,no_toc_and_no_heading_match,none,low,0,0.0,,,cl-20210630.htm,
21665,COLGATE PALMOLIVE CO,consumer,core,0000021665-21-000025,10-Q,2021-07-30,RISK_FACTORS,FLAGGED,heading_regex_fallback,heading_regex_fallback,heading_regex,low,22,0.0,0.0,,cl-20210630.htm,
21665,COLGATE PALMOLIVE CO,consumer,core,0000021665-21-000027,10-Q,2021-10-29,MDA,FAIL,no_toc_and_no_heading_match,no_toc_and_no_heading_match,none,low,0,0.0,,,cl-20210930.htm,
21665,COLGATE PALMOLIVE CO,consumer,core,0000021665-21-000027,10-Q,2021-10-29,RISK_FACTORS,FLAGGED,heading_regex_fallback,heading_regex_fallback,heading_regex,low,22,0.0,0.0,,cl-20210930.htm,
21665,COLGATE PALMOLIVE CO,consumer,core,0000021665-22-000010,10-Q,2022-04-29,MDA,FAIL,no_toc_and_no_heading_match,no_toc_and_no_heading_match,none,low,0,0.0,,,cl-20220331.htm,
21665,COLGATE PALMOLIVE CO,consumer,core,0000021665-22-000010,10-Q,2022-04-29,RISK_FACTORS,FLAGGED,heading_regex_fallback,heading_regex_fallback,heading_regex,low,1116,0.8145,0.0,0.52262,cl-20220331.htm,
21665,COLGATE PALMOLIVE CO,consumer,core,0000021665-22-000025,10-Q,2022-07-29,MDA,FAIL,no_toc_and_no_heading_match,no_toc_and_no_heading_match,none,low,0,0.0,,,cl-20220630.htm,
21665,COLGATE PALMOLIVE CO,consumer,core,0000021665-22-000025,10-Q,2022-07-29,RISK_FACTORS,FLAGGED,heading_regex_fallback,heading_regex_fallback,heading_regex,low,71,0.9014,0.0,0.69355,cl-20220630.htm,
21665,COLGATE PALMOLIVE CO,consumer,core,0000021665-22-000027,10-Q,2022-10-28,MDA,FAIL,no_toc_and_no_heading_match,no_toc_and_no_heading_match,none,low,0,0.0,,,cl-20220930.htm,
21665,COLGATE PALMOLIVE CO,consumer,core,0000021665-22-000027,10-Q,2022-10-28,RISK_FACTORS,FLAGGED,heading_regex_fallback,heading_regex_fallback,heading_regex,low,61,0.8852,0.0,0.71154,cl-20220930.htm,
21665,COLGATE PALMOLIVE CO,consumer,core,0000021665-23-000016,10-Q,2023-04-28,MDA,FAIL,no_toc_and_no_heading_match,no_toc_and_no_heading_match,none,low,0,0.0,,,cl-20230331.htm,
21665,COLGATE PALMOLIVE CO,consumer,core,0000021665-23-000016,10-Q,2023-04-28,RISK_FACTORS,FLAGGED,heading_regex_fallback,heading_regex_fallback,heading_regex,low,41,0.0,0.0,,cl-20230331.htm,
21665,COLGATE PALMOLIVE CO,consumer,core,0000021665-23-000031,10-Q,2023-07-28,MDA,FAIL,no_toc_and_no_heading_match,no_toc_and_no_heading_match,none,low,0,0.0,,,cl-20230630.htm,
21665,COLGATE PALMOLIVE CO,consumer,core,0000021665-23-000031,10-Q,2023-07-28,RISK_FACTORS,FLAGGED,heading_regex_fallback,heading_regex_fallback,heading_regex,low,41,0.0,0.0,,cl-20230630.htm,
21665,COLGATE PALMOLIVE CO,consumer,core,0000021665-23-000037,10-Q,2023-10-27,MDA,FAIL,no_toc_and_no_heading_match,no_toc_and_no_heading_match,none,low,0,0.0,,,cl-20230930.htm,
21665,COLGATE PALMOLIVE CO,consumer,core,0000021665-23-000037,10-Q,2023-10-27,RISK_FACTORS,FLAGGED,heading_regex_fallback,heading_regex_fallback,heading_regex,low,41,0.0,0.0,,cl-20230930.htm,
21665,COLGATE PALMOLIVE CO,consumer,core,0000021665-24-000015,10-Q,2024-04-26,MDA,FAIL,no_toc_and_no_heading_match,no_toc_and_no_heading_match,none,low,0,0.0,,,cl-20240331.htm,
21665,COLGATE PALMOLIVE CO,consumer,core,0000021665-24-000015,10-Q,2024-04-26,RISK_FACTORS,FLAGGED,heading_regex_fallback,heading_regex_fallback,heading_regex,low,41,0.0,0.0,,cl-20240331.htm,
21665,COLGATE PALMOLIVE CO,consumer,core,0000021665-24-000031,10-Q,2024-07-26,MDA,FAIL,no_toc_and_no_heading_match,no_toc_and_no_heading_match,none,low,0,0.0,,,cl-20240630.htm,
21665,COLGATE PALMOLIVE CO,consumer,core,0000021665-24-000031,10-Q,2024-07-26,RISK_FACTORS,FLAGGED,heading_regex_fallback,heading_regex_fallback,heading_regex,low,41,0.0,0.0,,cl-20240630.htm,
21665,COLGATE PALMOLIVE CO,consumer,core,0000021665-24-000044,10-Q,2024-10-25,MDA,FAIL,no_toc_and_no_heading_match,no_toc_and_no_heading_match,none,low,0,0.0,,,cl-20240930.htm,
21665,COLGATE PALMOLIVE CO,consumer,core,0000021665-24-000044,10-Q,2024-10-25,RISK_FACTORS,FLAGGED,heading_regex_fallback,heading_regex_fallback,heading_regex,low,41,0.0,0.0,,cl-20240930.htm,
21665,COLGATE PALMOLIVE CO,consumer,core,0000021665-25-000020,10-Q,2025-04-25,MDA,FAIL,no_toc_and_no_heading_match,no_toc_and_no_heading_match,none,low,0,0.0,,,cl-20250331.htm,
21665,COLGATE PALMOLIVE CO,consumer,core,0000021665-25-000020,10-Q,2025-04-25,RISK_FACTORS,FLAGGED,heading_regex_fallback,heading_regex_fallback,heading_regex,low,41,0.0,0.0,,cl-20250331.htm,
21665,COLGATE PALMOLIVE CO,consumer,core,0000021665-25-000041,10-Q,2025-08-01,MDA,FAIL,no_toc_and_no_heading_match,no_toc_and_no_heading_match,none,low,0,0.0,,,cl-20250630.htm,
21665,COLGATE PALMOLIVE CO,consumer,core,0000021665-25-000041,10-Q,2025-08-01,RISK_FACTORS,FLAGGED,heading_regex_fallback,heading_regex_fallback,heading_regex,low,41,0.0,0.0,,cl-20250630.htm,
21665,COLGATE PALMOLIVE CO,consumer,core,0000021665-25-000053,10-Q,2025-10-31,MDA,FAIL,no_toc_and_no_heading_match,no_toc_and_no_heading_match,none,low,0,0.0,,,cl-20250930.htm,
21665,COLGATE PALMOLIVE CO,consumer,core,0000021665-25-000053,10-Q,2025-10-31,RISK_FACTORS,FLAGGED,heading_regex_fallback,heading_regex_fallback,heading_regex,low,41,0.0,0.0,,cl-20250930.htm,
21665,COLGATE PALMOLIVE CO,consumer,core,0000021665-26-000023,10-Q,2026-05-01,MDA,FAIL,no_toc_and_no_heading_match,no_toc_and_no_heading_match,none,low,0,0.0,,,cl-20260331.htm,
21665,COLGATE PALMOLIVE CO,consumer,core,0000021665-26-000023,10-Q,2026-05-01,RISK_FACTORS,FLAGGED,heading_regex_fallback,heading_regex_fallback,heading_regex,low,41,0.0,0.0,,cl-20260331.htm,
21665,COLGATE PALMOLIVE CO,consumer,core,0000021665-26-000042,10-Q,2026-07-31,MDA,FAIL,no_toc_and_no_heading_match,no_toc_and_no_heading_match,none,low,0,0.0,,,cl-20260630.htm,
21665,COLGATE PALMOLIVE CO,consumer,core,0000021665-26-000042,10-Q,2026-07-31,RISK_FACTORS,FLAGGED,heading_regex_fallback,heading_regex_fallback,heading_regex,low,41,0.0,0.0,,cl-20260630.htm,
24741,CORNING INC /NY,materials_realestate,extension,0000024741-15-000045,10-Q,2015-07-30,MDA,FLAGGED,heading_regex_fallback,heading_regex_fallback,heading_regex,low,3361,0.7191,0.0,0.5041,q2201510q.htm,
24741,CORNING INC /NY,materials_realestate,extension,0000024741-15-000045,10-Q,2015-07-30,RISK_FACTORS,FLAGGED,heading_regex_fallback,heading_regex_fallback,heading_regex,low,69,0.8841,0.0,0.55738,q2201510q.htm,
24741,CORNING INC /NY,materials_realestate,extension,0000024741-15-000058,10-Q,2015-10-27,MDA,FLAGGED,heading_regex_fallback,heading_regex_fallback,heading_regex,low,3165,0.7261,0.0,0.50298,q3201510q.htm,
24741,CORNING INC /NY,materials_realestate,extension,0000024741-15-000058,10-Q,2015-10-27,RISK_FACTORS,FLAGGED,heading_regex_fallback,heading_regex_fallback,heading_regex,low,70,0.8714,0.0,0.54839,q3201510q.htm,
24741,CORNING INC /NY,materials_realestate,extension,0000024741-16-000086,10-Q,2016-04-29,MDA,FLAGGED,heading_regex_fallback,heading_regex_fallback,heading_regex,low,2612,0.6455,0.0,0.48231,q1201610q.htm,
24741,CORNING INC /NY,materials_realestate,extension,0000024741-16-000086,10-Q,2016-04-29,RISK_FACTORS,FLAGGED,heading_regex_fallback,heading_regex_fallback,heading_regex,low,300,0.8633,0.0,0.41497,q1201610q.htm,
24741,CORNING INC /NY,materials_realestate,extension,0000024741-16-000105,10-Q,2016-07-27,MDA,FLAGGED,heading_regex_fallback,heading_regex_fallback,heading_regex,low,2868,0.6764,0.0,0.49297,q2201610q.htm,
24741,CORNING INC /NY,materials_realestate,extension,0000024741-16-000105,10-Q,2016-07-27,RISK_FACTORS,FLAGGED,heading_regex_fallback,heading_regex_fallback,heading_regex,low,25,0.0,0.0,,q2201610q.htm,
24741,CORNING INC /NY,materials_realestate,extension,0000024741-16-000118,10-Q,2016-10-27,MDA,FLAGGED,heading_regex_fallback,heading_regex_fallback,heading_regex,low,3220,0.7096,0.0,0.48971,q3201610q.htm,
24741,CORNING INC /NY,materials_realestate,extension,0000024741-16-000118,10-Q,2016-10-27,RISK_FACTORS,FLAGGED,heading_regex_fallback,heading_regex_fallback,heading_regex,low,25,0.0,0.0,,q3201610q.htm,
24741,CORNING INC /NY,materials_realestate,extension,0000024741-17-000026,10-Q,2017-04-25,MDA,FLAGGED,heading_regex_fallback,heading_regex_fallback,heading_regex,low,3873,0.4591,0.0,0.48381,glw-20170331x10q.htm,
24741,CORNING INC /NY,materials_realestate,extension,0000024741-17-000026,10-Q,2017-04-25,RISK_FACTORS,FLAGGED,heading_regex_fallback,heading_regex_fallback,heading_regex,low,515,0.0816,0.0,0.4097,glw-20170331x10q.htm,
24741,CORNING INC /NY,materials_realestate,extension,0000024741-17-000050,10-Q,2017-07-26,MDA,FLAGGED,heading_regex_fallback,heading_regex_fallback,heading_regex,low,4297,0.4329,0.0,0.49319,glw-20170630x10q.htm,
24741,CORNING INC /NY,materials_realestate,extension,0000024741-17-000050,10-Q,2017-07-26,RISK_FACTORS,FLAGGED,heading_regex_fallback,heading_regex_fallback,heading_regex,low,544,0.2647,0.0,0.43142,glw-20170630x10q.htm,
24741,CORNING INC /NY,materials_realestate,extension,0000024741-17-000060,10-Q,2017-10-26,MDA,FLAGGED,heading_regex_fallback,heading_regex_fallback,heading_regex,low,4416,0.4026,0.0,0.4942,glw-20170930x10q.htm,
24741,CORNING INC /NY,materials_realestate,extension,0000024741-17-000060,10-Q,2017-10-26,RISK_FACTORS,FLAGGED,heading_regex_fallback,heading_regex_fallback,heading_regex,low,546,0.2637,0.0,0.43069,glw-20170930x10q.htm,
24741,CORNING INC /NY,materials_realestate,extension,0000024741-18-000018,10-Q,2018-04-26,MDA,FLAGGED,heading_regex_fallback,heading_regex_fallback,heading_regex,low,5592,0.5951,0.0,0.48299,glw-20180331x10q.htm,
24741,CORNING INC /NY,materials_realestate,extension,0000024741-18-000018,10-Q,2018-04-26,RISK_FACTORS,FLAGGED,heading_regex_fallback,heading_regex_fallback,heading_regex,low,410,0.1976,0.0,0.37884,glw-20180331x10q.htm,
24741,CORNING INC /NY,materials_realestate,extension,0000024741-18-000045,10-Q,2018-07-27,MDA,FLAGGED,heading_regex_fallback,heading_regex_fallback,heading_regex,low,6218,0.5053,0.0,0.49868,glw-20180630x10q.htm,
24741,CORNING INC /NY,materials_realestate,extension,0000024741-18-000045,10-Q,2018-07-27,RISK_FACTORS,FLAGGED,heading_regex_fallback,heading_regex_fallback,heading_regex,low,411,0.1971,0.0,0.38225,glw-20180630x10q.htm,
24741,CORNING INC /NY,materials_realestate,extension,0000024741-18-000053,10-Q,2018-10-24,MDA,FLAGGED,heading_regex_fallback,heading_regex_fallback,heading_regex,low,6259,0.4629,0.0,0.49278,glw-20180930x10q.htm,
24741,CORNING INC /NY,materials_realestate,extension,0000024741-18-000053,10-Q,2018-10-24,RISK_FACTORS,FLAGGED,heading_regex_fallback,heading_regex_fallback,heading_regex,low,414,0.2005,0.0,0.38095,glw-20180930x10q.htm,
24741,CORNING INC /NY,materials_realestate,extension,0000024741-19-000026,10-Q,2019-05-03,MDA,FLAGGED,heading_regex_fallback,heading_regex_fallback,heading_regex,low,4990,0.5162,0.0,0.48659,glw-20190331x10q.htm,
24741,CORNING INC /NY,materials_realestate,extension,0000024741-19-000026,10-Q,2019-05-03,RISK_FACTORS,FLAGGED,heading_regex_fallback,heading_regex_fallback,heading_regex,low,417,0.199,0.0,0.38305,glw-20190331x10q.htm,
24741,CORNING INC /NY,materials_realestate,extension,0000024741-20-000029,10-Q,2020-05-05,RISK_FACTORS,FLAGGED,head_keyword_absent,head_keyword_absent,anchor,medium,455,0.8813,0.0,0.54253,glw-20200331x10q.htm,
24741,CORNING INC /NY,materials_realestate,extension,0000024741-20-000055,10-Q,2020-07-30,RISK_FACTORS,FLAGGED,head_keyword_absent,head_keyword_absent,anchor,medium,454,0.8833,0.0,0.54253,glw-20200630x10q.htm,
24741,CORNING INC /NY,materials_realestate,extension,0000024741-20-000065,10-Q,2020-10-29,RISK_FACTORS,FLAGGED,head_keyword_absent,head_keyword_absent,anchor,medium,451,0.8093,0.0,0.54042,glw-20200930x10q.htm,
32604,EMERSON ELECTRIC CO,industrials,extension,0000032604-15-000036,10-Q,2015-08-05,MDA,FAIL,no_toc_and_no_heading_match,no_toc_and_no_heading_match,none,low,0,0.0,,,emr-6302015x10q.htm,
32604,EMERSON ELECTRIC CO,industrials,extension,0000032604-15-000036,10-Q,2015-08-05,RISK_FACTORS,FAIL,no_toc_and_no_heading_match,no_toc_and_no_heading_match,none,low,0,0.0,,,emr-6302015x10q.htm,
32604,EMERSON ELECTRIC CO,industrials,extension,0000032604-16-000062,10-Q,2016-02-03,MDA,FAIL,no_toc_and_no_heading_match,no_toc_and_no_heading_match,none,low,0,0.0,,,emr-12312015x10q.htm,
32604,EMERSON ELECTRIC CO,industrials,extension,0000032604-16-000062,10-Q,2016-02-03,RISK_FACTORS,FAIL,no_toc_and_no_heading_match,no_toc_and_no_heading_match,none,low,0,0.0,,,emr-12312015x10q.htm,
32604,EMERSON ELECTRIC CO,industrials,extension,0000032604-16-000085,10-Q,2016-05-05,MDA,FAIL,no_toc_and_no_heading_match,no_toc_and_no_heading_match,none,low,0,0.0,,,emr-3312016x10q.htm,
32604,EMERSON ELECTRIC CO,industrials,extension,0000032604-16-000085,10-Q,2016-05-05,RISK_FACTORS,FAIL,no_toc_and_no_heading_match,no_toc_and_no_heading_match,none,low,0,0.0,,,emr-3312016x10q.htm,
32604,EMERSON ELECTRIC CO,industrials,extension,0000032604-16-000097,10-Q,2016-08-03,MDA,FAIL,no_toc_and_no_heading_match,no_toc_and_no_heading_match,none,low,0,0.0,,,emr-6302016x10q.htm,
32604,EMERSON ELECTRIC CO,industrials,extension,0000032604-16-000097,10-Q,2016-08-03,RISK_FACTORS,FAIL,no_toc_and_no_heading_match,no_toc_and_no_heading_match,none,low,0,0.0,,,emr-6302016x10q.htm,
32604,EMERSON ELECTRIC CO,industrials,extension,0000032604-17-000007,10-Q,2017-02-08,MDA,FAIL,no_toc_and_no_heading_match,no_toc_and_no_heading_match,none,low,0,0.0,,,emr-12312016x10q.htm,
32604,EMERSON ELECTRIC CO,industrials,extension,0000032604-17-000007,10-Q,2017-02-08,RISK_FACTORS,FAIL,no_toc_and_no_heading_match,no_toc_and_no_heading_match,none,low,0,0.0,,,emr-12312016x10q.htm,
32604,EMERSON ELECTRIC CO,industrials,extension,0000032604-17-000022,10-Q,2017-05-04,MDA,FAIL,no_toc_and_no_heading_match,no_toc_and_no_heading_match,none,low,0,0.0,,,emr-3312017x10q.htm,
32604,EMERSON ELECTRIC CO,industrials,extension,0000032604-17-000022,10-Q,2017-05-04,RISK_FACTORS,FAIL,no_toc_and_no_heading_match,no_toc_and_no_heading_match,none,low,0,0.0,,,emr-3312017x10q.htm,
32604,EMERSON ELECTRIC CO,industrials,extension,0000032604-17-000036,10-Q,2017-08-02,MDA,FAIL,no_toc_and_no_heading_match,no_toc_and_no_heading_match,none,low,0,0.0,,,emr-6302017x10q.htm,
32604,EMERSON ELECTRIC CO,industrials,extension,0000032604-17-000036,10-Q,2017-08-02,RISK_FACTORS,FAIL,no_toc_and_no_heading_match,no_toc_and_no_heading_match,none,low,0,0.0,,,emr-6302017x10q.htm,
32604,EMERSON ELECTRIC CO,industrials,extension,0000032604-18-000011,10-Q,2018-02-07,MDA,FAIL,no_toc_and_no_heading_match,no_toc_and_no_heading_match,none,low,0,0.0,,,emr-12312017x10q.htm,
32604,EMERSON ELECTRIC CO,industrials,extension,0000032604-18-000011,10-Q,2018-02-07,RISK_FACTORS,FAIL,no_toc_and_no_heading_match,no_toc_and_no_heading_match,none,low,0,0.0,,,emr-12312017x10q.htm,
32604,EMERSON ELECTRIC CO,industrials,extension,0000032604-18-000029,10-Q,2018-05-02,MDA,FAIL,no_toc_and_no_heading_match,no_toc_and_no_heading_match,none,low,0,0.0,,,emr-3312018x10q.htm,
32604,EMERSON ELECTRIC CO,industrials,extension,0000032604-18-000029,10-Q,2018-05-02,RISK_FACTORS,FAIL,no_toc_and_no_heading_match,no_toc_and_no_heading_match,none,low,0,0.0,,,emr-3312018x10q.htm,
32604,EMERSON ELECTRIC CO,industrials,extension,0000032604-18-000038,10-Q,2018-08-08,MDA,FAIL,no_toc_and_no_heading_match,no_toc_and_no_heading_match,none,low,0,0.0,,,emr-6302018x10q.htm,
32604,EMERSON ELECTRIC CO,industrials,extension,0000032604-18-000038,10-Q,2018-08-08,RISK_FACTORS,FAIL,no_toc_and_no_heading_match,no_toc_and_no_heading_match,none,low,0,0.0,,,emr-6302018x10q.htm,
32604,EMERSON ELECTRIC CO,industrials,extension,0000032604-19-000007,10-Q,2019-02-06,MDA,FAIL,no_toc_and_no_heading_match,no_toc_and_no_heading_match,none,low,0,0.0,,,emr-12312018x10q.htm,
32604,EMERSON ELECTRIC CO,industrials,extension,0000032604-19-000007,10-Q,2019-02-06,RISK_FACTORS,FAIL,no_toc_and_no_heading_match,no_toc_and_no_heading_match,none,low,0,0.0,,,emr-12312018x10q.htm,
32604,EMERSON ELECTRIC CO,industrials,extension,0000032604-19-000018,10-Q,2019-05-09,MDA,FAIL,no_toc_and_no_heading_match,no_toc_and_no_heading_match,none,low,0,0.0,,,emr-3312019x10q.htm,
32604,EMERSON ELECTRIC CO,industrials,extension,0000032604-19-000018,10-Q,2019-05-09,RISK_FACTORS,FAIL,no_toc_and_no_heading_match,no_toc_and_no_heading_match,none,low,0,0.0,,,emr-3312019x10q.htm,
32604,EMERSON ELECTRIC CO,industrials,extension,0000032604-19-000027,10-Q,2019-08-07,MDA,FAIL,no_toc_and_no_heading_match,no_toc_and_no_heading_match,none,low,0,0.0,,,emr-6302019x10q.htm,
32604,EMERSON ELECTRIC CO,industrials,extension,0000032604-19-000027,10-Q,2019-08-07,RISK_FACTORS,FAIL,no_toc_and_no_heading_match,no_toc_and_no_heading_match,none,low,0,0.0,,,emr-6302019x10q.htm,
32604,EMERSON ELECTRIC CO,industrials,extension,0000032604-20-000007,10-Q,2020-02-05,MDA,FAIL,no_toc_and_no_heading_match,no_toc_and_no_heading_match,none,low,0,0.0,,,emr-12312019x10q.htm,
32604,EMERSON ELECTRIC CO,industrials,extension,0000032604-20-000007,10-Q,2020-02-05,RISK_FACTORS,FAIL,no_toc_and_no_heading_match,no_toc_and_no_heading_match,none,low,0,0.0,,,emr-12312019x10q.htm,
32604,EMERSON ELECTRIC CO,industrials,extension,0000032604-20-000021,10-Q,2020-04-24,MDA,FAIL,no_toc_and_no_heading_match,no_toc_and_no_heading_match,none,low,0,0.0,,,emr-20200331.htm,
32604,EMERSON ELECTRIC CO,industrials,extension,0000032604-20-000021,10-Q,2020-04-24,RISK_FACTORS,FLAGGED,heading_regex_fallback,heading_regex_fallback,heading_regex,low,396,0.8889,0.0,0.47423,emr-20200331.htm,
32604,EMERSON ELECTRIC CO,industrials,extension,0000032604-20-000033,10-Q,2020-08-05,MDA,FAIL,no_toc_and_no_heading_match,no_toc_and_no_heading_match,none,low,0,0.0,,,emr-20200630.htm,
32604,EMERSON ELECTRIC CO,industrials,extension,0000032604-20-000033,10-Q,2020-08-05,RISK_FACTORS,FLAGGED,heading_regex_fallback,heading_regex_fallback,heading_regex,low,394,0.8883,0.0,0.47668,emr-20200630.htm,
32604,EMERSON ELECTRIC CO,industrials,extension,0000032604-21-000004,10-Q,2021-02-03,MDA,FAIL,no_toc_and_no_heading_match,no_toc_and_no_heading_match,none,low,0,0.0,,,emr-20201231.htm,
32604,EMERSON ELECTRIC CO,industrials,extension,0000032604-21-000004,10-Q,2021-02-03,RISK_FACTORS,FAIL,no_toc_and_no_heading_match,no_toc_and_no_heading_match,none,low,0,0.0,,,emr-20201231.htm,
32604,EMERSON ELECTRIC CO,industrials,extension,0000032604-21-000021,10-Q,2021-05-05,MDA,FAIL,no_toc_and_no_heading_match,no_toc_and_no_heading_match,none,low,0,0.0,,,emr-20210331.htm,
32604,EMERSON ELECTRIC CO,industrials,extension,0000032604-21-000021,10-Q,2021-05-05,RISK_FACTORS,FAIL,no_toc_and_no_heading_match,no_toc_and_no_heading_match,none,low,0,0.0,,,emr-20210331.htm,
32604,EMERSON ELECTRIC CO,industrials,extension,0000032604-21-000029,10-Q,2021-08-04,MDA,FAIL,no_toc_and_no_heading_match,no_toc_and_no_heading_match,none,low,0,0.0,,,emr-20210630.htm,
32604,EMERSON ELECTRIC CO,industrials,extension,0000032604-21-000029,10-Q,2021-08-04,RISK_FACTORS,FAIL,no_toc_and_no_heading_match,no_toc_and_no_heading_match,none,low,0,0.0,,,emr-20210630.htm,
32604,EMERSON ELECTRIC CO,industrials,extension,0000032604-22-000009,10-Q,2022-02-02,MDA,FAIL,no_toc_and_no_heading_match,no_toc_and_no_heading_match,none,low,0,0.0,,,emr-20211231.htm,
32604,EMERSON ELECTRIC CO,industrials,extension,0000032604-22-000009,10-Q,2022-02-02,RISK_FACTORS,FAIL,no_toc_and_no_heading_match,no_toc_and_no_heading_match,none,low,0,0.0,,,emr-20211231.htm,
32604,EMERSON ELECTRIC CO,industrials,extension,0000032604-22-000030,10-Q,2022-05-04,MDA,FAIL,no_toc_and_no_heading_match,no_toc_and_no_heading_match,none,low,0,0.0,,,emr-20220331.htm,
32604,EMERSON ELECTRIC CO,industrials,extension,0000032604-22-000030,10-Q,2022-05-04,RISK_FACTORS,FAIL,no_toc_and_no_heading_match,no_toc_and_no_heading_match,none,low,0,0.0,,,emr-20220331.htm,
32604,EMERSON ELECTRIC CO,industrials,extension,0000032604-22-000035,10-Q,2022-08-09,MDA,FAIL,no_toc_and_no_heading_match,no_toc_and_no_heading_match,none,low,0,0.0,,,emr-20220630.htm,
32604,EMERSON ELECTRIC CO,industrials,extension,0000032604-22-000035,10-Q,2022-08-09,RISK_FACTORS,FAIL,no_toc_and_no_heading_match,no_toc_and_no_heading_match,none,low,0,0.0,,,emr-20220630.htm,
32604,EMERSON ELECTRIC CO,industrials,extension,0000032604-23-000010,10-Q,2023-02-08,MDA,FAIL,no_toc_and_no_heading_match,no_toc_and_no_heading_match,none,low,0,0.0,,,emr-20221231.htm,
32604,EMERSON ELECTRIC CO,industrials,extension,0000032604-23-000010,10-Q,2023-02-08,RISK_FACTORS,FAIL,no_toc_and_no_heading_match,no_toc_and_no_heading_match,none,low,0,0.0,,,emr-20221231.htm,
32604,EMERSON ELECTRIC CO,industrials,extension,0000032604-23-000030,10-Q,2023-05-03,MDA,FAIL,no_toc_and_no_heading_match,no_toc_and_no_heading_match,none,low,0,0.0,,,emr-20230331.htm,
32604,EMERSON ELECTRIC CO,industrials,extension,0000032604-23-000030,10-Q,2023-05-03,RISK_FACTORS,FAIL,no_toc_and_no_heading_match,no_toc_and_no_heading_match,none,low,0,0.0,,,emr-20230331.htm,
32604,EMERSON ELECTRIC CO,industrials,extension,0000032604-23-000037,10-Q,2023-08-02,MDA,FAIL,no_toc_and_no_heading_match,no_toc_and_no_heading_match,none,low,0,0.0,,,emr-20230630.htm,
32604,EMERSON ELECTRIC CO,industrials,extension,0000032604-23-000037,10-Q,2023-08-02,RISK_FACTORS,FAIL,no_toc_and_no_heading_match,no_toc_and_no_heading_match,none,low,0,0.0,,,emr-20230630.htm,
32604,EMERSON ELECTRIC CO,industrials,extension,0000032604-24-000008,10-Q,2024-02-07,MDA,FAIL,no_toc_and_no_heading_match,no_toc_and_no_heading_match,none,low,0,0.0,,,emr-20231231.htm,
32604,EMERSON ELECTRIC CO,industrials,extension,0000032604-24-000008,10-Q,2024-02-07,RISK_FACTORS,FAIL,no_toc_and_no_heading_match,no_toc_and_no_heading_match,none,low,0,0.0,,,emr-20231231.htm,
32604,EMERSON ELECTRIC CO,industrials,extension,0000032604-24-000024,10-Q,2024-05-08,MDA,FAIL,no_toc_and_no_heading_match,no_toc_and_no_heading_match,none,low,0,0.0,,,emr-20240331.htm,
32604,EMERSON ELECTRIC CO,industrials,extension,0000032604-24-000024,10-Q,2024-05-08,RISK_FACTORS,FAIL,no_toc_and_no_heading_match,no_toc_and_no_heading_match,none,low,0,0.0,,,emr-20240331.htm,
32604,EMERSON ELECTRIC CO,industrials,extension,0000032604-24-000036,10-Q,2024-08-07,MDA,FAIL,no_toc_and_no_heading_match,no_toc_and_no_heading_match,none,low,0,0.0,,,emr-20240630.htm,
32604,EMERSON ELECTRIC CO,industrials,extension,0000032604-24-000036,10-Q,2024-08-07,RISK_FACTORS,FAIL,no_toc_and_no_heading_match,no_toc_and_no_heading_match,none,low,0,0.0,,,emr-20240630.htm,
32604,EMERSON ELECTRIC CO,industrials,extension,0000032604-25-000012,10-Q,2025-02-05,MDA,FAIL,no_toc_and_no_heading_match,no_toc_and_no_heading_match,none,low,0,0.0,,,emr-20241231.htm,
32604,EMERSON ELECTRIC CO,industrials,extension,0000032604-25-000012,10-Q,2025-02-05,RISK_FACTORS,FLAGGED,heading_regex_fallback,heading_regex_fallback,heading_regex,low,494,0.7692,0.0,0.52915,emr-20241231.htm,
32604,EMERSON ELECTRIC CO,industrials,extension,0000032604-25-000064,10-Q,2025-05-07,MDA,FAIL,no_toc_and_no_heading_match,no_toc_and_no_heading_match,none,low,0,0.0,,,emr-20250331.htm,
32604,EMERSON ELECTRIC CO,industrials,extension,0000032604-25-000064,10-Q,2025-05-07,RISK_FACTORS,FLAGGED,heading_regex_fallback,heading_regex_fallback,heading_regex,low,454,0.6498,0.0,0.52392,emr-20250331.htm,
32604,EMERSON ELECTRIC CO,industrials,extension,0000032604-25-000076,10-Q,2025-08-06,MDA,FAIL,no_toc_and_no_heading_match,no_toc_and_no_heading_match,none,low,0,0.0,,,emr-20250630.htm,
32604,EMERSON ELECTRIC CO,industrials,extension,0000032604-25-000076,10-Q,2025-08-06,RISK_FACTORS,FLAGGED,heading_regex_fallback,heading_regex_fallback,heading_regex,low,458,0.6441,0.0,0.52745,emr-20250630.htm,
32604,EMERSON ELECTRIC CO,industrials,extension,0000032604-26-000007,10-Q,2026-02-03,MDA,FAIL,no_toc_and_no_heading_match,no_toc_and_no_heading_match,none,low,0,0.0,,,emr-20251231.htm,
32604,EMERSON ELECTRIC CO,industrials,extension,0000032604-26-000007,10-Q,2026-02-03,RISK_FACTORS,FAIL,no_toc_and_no_heading_match,no_toc_and_no_heading_match,none,low,0,0.0,,,emr-20251231.htm,
32604,EMERSON ELECTRIC CO,industrials,extension,0000032604-26-000035,10-Q,2026-05-05,MDA,FAIL,no_toc_and_no_heading_match,no_toc_and_no_heading_match,none,low,0,0.0,,,emr-20260331.htm,
32604,EMERSON ELECTRIC CO,industrials,extension,0000032604-26-000035,10-Q,2026-05-05,RISK_FACTORS,FAIL,no_toc_and_no_heading_match,no_toc_and_no_heading_match,none,low,0,0.0,,,emr-20260331.htm,
32604,EMERSON ELECTRIC CO,industrials,extension,0000032604-26-000043,10-Q,2026-08-04,MDA,FAIL,no_toc_and_no_heading_match,no_toc_and_no_heading_match,none,low,0,0.0,,,emr-20260630.htm,
32604,EMERSON ELECTRIC CO,industrials,extension,0000032604-26-000043,10-Q,2026-08-04,RISK_FACTORS,FAIL,no_toc_and_no_heading_match,no_toc_and_no_heading_match,none,low,0,0.0,,,emr-20260630.htm,
34088,EXXON MOBIL CORP,energy,core,0000034088-15-000035,10-Q,2015-08-05,MDA,FLAGGED,heading_regex_fallback,heading_regex_fallback,heading_regex,low,3103,0.0,0.0,0.53256,xom10q2q2015.htm,
34088,EXXON MOBIL CORP,energy,core,0000034088-15-000035,10-Q,2015-08-05,RISK_FACTORS,FAIL,no_toc_and_no_heading_match,no_toc_and_no_heading_match,none,low,0,0.0,,,xom10q2q2015.htm,
34088,EXXON MOBIL CORP,energy,core,0000034088-15-000044,10-Q,2015-11-04,MDA,FLAGGED,heading_regex_fallback,heading_regex_fallback,heading_regex,low,3096,0.0,0.0,0.53064,xom10q3q2015.htm,
34088,EXXON MOBIL CORP,energy,core,0000034088-15-000044,10-Q,2015-11-04,RISK_FACTORS,FAIL,no_toc_and_no_heading_match,no_toc_and_no_heading_match,none,low,0,0.0,,,xom10q3q2015.htm,
34088,EXXON MOBIL CORP,energy,core,0000034088-16-000071,10-Q,2016-05-04,MDA,FLAGGED,heading_regex_fallback,heading_regex_fallback,heading_regex,low,2577,0.0,0.0,0.51759,xom10q1q2016.htm,
34088,EXXON MOBIL CORP,energy,core,0000034088-16-000071,10-Q,2016-05-04,RISK_FACTORS,FAIL,no_toc_and_no_heading_match,no_toc_and_no_heading_match,none,low,0,0.0,,,xom10q1q2016.htm,
34088,EXXON MOBIL CORP,energy,core,0000034088-16-000082,10-Q,2016-08-03,MDA,FLAGGED,heading_regex_fallback,heading_regex_fallback,heading_regex,low,3340,0.0,0.0,0.52913,xom10q2q2016.htm,
34088,EXXON MOBIL CORP,energy,core,0000034088-16-000082,10-Q,2016-08-03,RISK_FACTORS,FAIL,no_toc_and_no_heading_match,no_toc_and_no_heading_match,none,low,0,0.0,,,xom10q2q2016.htm,
34088,EXXON MOBIL CORP,energy,core,0000034088-16-000097,10-Q,2016-11-03,MDA,FLAGGED,heading_regex_fallback,heading_regex_fallback,heading_regex,low,3814,0.0,0.0,0.5189,xom10q3q2016.htm,
34088,EXXON MOBIL CORP,energy,core,0000034088-16-000097,10-Q,2016-11-03,RISK_FACTORS,FAIL,no_toc_and_no_heading_match,no_toc_and_no_heading_match,none,low,0,0.0,,,xom10q3q2016.htm,
34088,EXXON MOBIL CORP,energy,core,0000034088-17-000027,10-Q,2017-05-03,MDA,FLAGGED,heading_regex_fallback,heading_regex_fallback,heading_regex,low,2733,0.0,0.0,0.52099,xom10q1q2017.htm,
34088,EXXON MOBIL CORP,energy,core,0000034088-17-000027,10-Q,2017-05-03,RISK_FACTORS,FAIL,no_toc_and_no_heading_match,no_toc_and_no_heading_match,none,low,0,0.0,,,xom10q1q2017.htm,
34088,EXXON MOBIL CORP,energy,core,0000034088-17-000041,10-Q,2017-08-02,MDA,FLAGGED,heading_regex_fallback,heading_regex_fallback,heading_regex,low,3551,0.0,0.0,0.52907,xom10q2q2017.htm,
34088,EXXON MOBIL CORP,energy,core,0000034088-17-000041,10-Q,2017-08-02,RISK_FACTORS,FAIL,no_toc_and_no_heading_match,no_toc_and_no_heading_match,none,low,0,0.0,,,xom10q2q2017.htm,
34088,EXXON MOBIL CORP,energy,core,0000034088-17-000052,10-Q,2017-11-01,MDA,FLAGGED,heading_regex_fallback,heading_regex_fallback,heading_regex,low,4078,0.0,0.0,0.52228,xom10q3q2017.htm,
34088,EXXON MOBIL CORP,energy,core,0000034088-17-000052,10-Q,2017-11-01,RISK_FACTORS,FAIL,no_toc_and_no_heading_match,no_toc_and_no_heading_match,none,low,0,0.0,,,xom10q3q2017.htm,
34088,EXXON MOBIL CORP,energy,core,0000034088-18-000024,10-Q,2018-05-03,MDA,FLAGGED,heading_regex_fallback,heading_regex_fallback,heading_regex,low,2930,0.0,0.0,0.50725,xom10q1q2018.htm,
34088,EXXON MOBIL CORP,energy,core,0000034088-18-000024,10-Q,2018-05-03,RISK_FACTORS,FAIL,no_toc_and_no_heading_match,no_toc_and_no_heading_match,none,low,0,0.0,,,xom10q1q2018.htm,
34088,EXXON MOBIL CORP,energy,core,0000034088-18-000039,10-Q,2018-08-02,MDA,FLAGGED,heading_regex_fallback,heading_regex_fallback,heading_regex,low,3906,0.0,0.0,0.52999,xom10q2q2018.htm,
34088,EXXON MOBIL CORP,energy,core,0000034088-18-000039,10-Q,2018-08-02,RISK_FACTORS,FAIL,no_toc_and_no_heading_match,no_toc_and_no_heading_match,none,low,0,0.0,,,xom10q2q2018.htm,
34088,EXXON MOBIL CORP,energy,core,0000034088-18-000048,10-Q,2018-11-07,MDA,FLAGGED,heading_regex_fallback,heading_regex_fallback,heading_regex,low,4006,0.0,0.0,0.52763,xom10q3q2018.htm,
34088,EXXON MOBIL CORP,energy,core,0000034088-18-000048,10-Q,2018-11-07,RISK_FACTORS,FAIL,no_toc_and_no_heading_match,no_toc_and_no_heading_match,none,low,0,0.0,,,xom10q3q2018.htm,
34088,EXXON MOBIL CORP,energy,core,0000034088-19-000017,10-Q,2019-05-02,MDA,FLAGGED,heading_regex_fallback,heading_regex_fallback,heading_regex,low,2588,0.0,0.0,0.5146,xom10q1q2019.htm,
34088,EXXON MOBIL CORP,energy,core,0000034088-19-000017,10-Q,2019-05-02,RISK_FACTORS,FAIL,no_toc_and_no_heading_match,no_toc_and_no_heading_match,none,low,0,0.0,,,xom10q1q2019.htm,
34088,EXXON MOBIL CORP,energy,core,0000034088-19-000042,10-Q,2019-08-07,MDA,FLAGGED,heading_regex_fallback,heading_regex_fallback,heading_regex,low,3311,0.4962,0.0,0.53512,xom10q2q2019.htm,
34088,EXXON MOBIL CORP,energy,core,0000034088-19-000042,10-Q,2019-08-07,RISK_FACTORS,FAIL,no_toc_and_no_heading_match,no_toc_and_no_heading_match,none,low,0,0.0,,,xom10q2q2019.htm,
34088,EXXON MOBIL CORP,energy,core,0000034088-19-000062,10-Q,2019-11-06,MDA,FLAGGED,heading_regex_fallback,heading_regex_fallback,heading_regex,low,3409,0.5271,0.0,0.5342,xom10q3q2019.htm,
34088,EXXON MOBIL CORP,energy,core,0000034088-19-000062,10-Q,2019-11-06,RISK_FACTORS,FAIL,no_toc_and_no_heading_match,no_toc_and_no_heading_match,none,low,0,0.0,,,xom10q3q2019.htm,
34088,EXXON MOBIL CORP,energy,core,0000034088-20-000037,10-Q,2020-05-06,MDA,FLAGGED,heading_regex_fallback,heading_regex_fallback,heading_regex,low,3711,0.692,0.0,0.49912,xom10q1q2020.htm,
34088,EXXON MOBIL CORP,energy,core,0000034088-20-000037,10-Q,2020-05-06,RISK_FACTORS,FLAGGED,heading_regex_fallback,heading_regex_fallback,heading_regex,low,182,0.9725,0.0,0.52841,xom10q1q2020.htm,
34088,EXXON MOBIL CORP,energy,core,0000034088-20-000073,10-Q,2020-08-05,MDA,FLAGGED,heading_regex_fallback,heading_regex_fallback,heading_regex,low,4713,0.6062,0.0,0.51395,xom10q2q2020.htm,
34088,EXXON MOBIL CORP,energy,core,0000034088-20-000073,10-Q,2020-08-05,RISK_FACTORS,FLAGGED,heading_regex_fallback,heading_regex_fallback,heading_regex,low,182,0.9725,0.0,0.52841,xom10q2q2020.htm,
34088,EXXON MOBIL CORP,energy,core,0000034088-20-000090,10-Q,2020-11-04,MDA,FLAGGED,heading_regex_fallback,heading_regex_fallback,heading_regex,low,5056,0.6319,0.0,0.50496,xom-20200930.htm,
34088,EXXON MOBIL CORP,energy,core,0000034088-20-000090,10-Q,2020-11-04,RISK_FACTORS,FLAGGED,heading_regex_fallback,heading_regex_fallback,heading_regex,low,182,0.9725,0.0,0.52841,xom-20200930.htm,
34088,EXXON MOBIL CORP,energy,core,0000034088-21-000024,10-Q,2021-05-05,MDA,FLAGGED,heading_regex_fallback,heading_regex_fallback,heading_regex,low,3279,0.6569,0.0,0.5027,xom-20210331.htm,
34088,EXXON MOBIL CORP,energy,core,0000034088-21-000024,10-Q,2021-05-05,RISK_FACTORS,FLAGGED,heading_regex_fallback,heading_regex_fallback,heading_regex,low,774,0.8152,0.0,0.43539,xom-20210331.htm,
34088,EXXON MOBIL CORP,energy,core,0000034088-21-000051,10-Q,2021-08-04,MDA,FLAGGED,heading_regex_fallback,heading_regex_fallback,heading_regex,low,3993,0.5424,0.0,0.51757,xom-20210630.htm,
34088,EXXON MOBIL CORP,energy,core,0000034088-21-000051,10-Q,2021-08-04,RISK_FACTORS,FLAGGED,heading_regex_fallback,heading_regex_fallback,heading_regex,low,298,0.5134,0.0,0.46886,xom-20210630.htm,
34088,EXXON MOBIL CORP,energy,core,0000034088-21-000064,10-Q,2021-11-03,MDA,FLAGGED,heading_regex_fallback,heading_regex_fallback,heading_regex,low,4428,0.568,0.0,0.50345,xom-20210930.htm,
34088,EXXON MOBIL CORP,energy,core,0000034088-21-000064,10-Q,2021-11-03,RISK_FACTORS,FLAGGED,heading_regex_fallback,heading_regex_fallback,heading_regex,low,387,0.6305,0.0,0.47075,xom-20210930.htm,
34088,EXXON MOBIL CORP,energy,core,0000034088-22-000026,10-Q,2022-05-04,MDA,FLAGGED,heading_regex_fallback,heading_regex_fallback,heading_regex,low,3754,0.6193,0.0,0.47517,xom-20220331.htm,
34088,EXXON MOBIL CORP,energy,core,0000034088-22-000026,10-Q,2022-05-04,RISK_FACTORS,FLAGGED,heading_regex_fallback,heading_regex_fallback,heading_regex,low,366,0.6421,0.0,0.45075,xom-20220331.htm,
34088,EXXON MOBIL CORP,energy,core,0000034088-22-000051,10-Q,2022-08-03,MDA,FLAGGED,heading_regex_fallback,heading_regex_fallback,heading_regex,low,5290,0.5242,0.0,0.47673,xom-20220630.htm,
34088,EXXON MOBIL CORP,energy,core,0000034088-22-000051,10-Q,2022-08-03,RISK_FACTORS,FLAGGED,heading_regex_fallback,heading_regex_fallback,heading_regex,low,362,0.6409,0.0,0.4723,xom-20220630.htm,
34088,EXXON MOBIL CORP,energy,core,0000034088-22-000064,10-Q,2022-11-02,MDA,FLAGGED,heading_regex_fallback,heading_regex_fallback,heading_regex,low,5845,0.5733,0.0,0.46752,xom-20220930.htm,
34088,EXXON MOBIL CORP,energy,core,0000034088-22-000064,10-Q,2022-11-02,RISK_FACTORS,FLAGGED,heading_regex_fallback,heading_regex_fallback,heading_regex,low,931,0.8593,0.0,0.42991,xom-20220930.htm,
36104,US BANCORP \DE\,financials,core,0000036104-24-000037,10-Q,2024-05-01,MDA,FAIL,no_toc_and_no_heading_match,no_toc_and_no_heading_match,none,low,0,0.0,,,usb-20240331.htm,
36104,US BANCORP \DE\,financials,core,0000036104-24-000037,10-Q,2024-05-01,RISK_FACTORS,FLAGGED,heading_regex_fallback,heading_regex_fallback,heading_regex,low,47,0.9149,0.0,,usb-20240331.htm,
36104,US BANCORP \DE\,financials,core,0000036104-24-000052,10-Q,2024-08-06,MDA,FAIL,item_absent_from_toc,item_absent_from_toc,none,low,0,0.0,,,usb-20240630.htm,
36104,US BANCORP \DE\,financials,core,0000036104-24-000072,10-Q,2024-11-05,MDA,FAIL,item_absent_from_toc,item_absent_from_toc,none,low,0,0.0,,,usb-20240930.htm,
36104,US BANCORP \DE\,financials,core,0000036104-25-000028,10-Q,2025-05-06,MDA,FAIL,item_absent_from_toc,item_absent_from_toc,none,low,0,0.0,,,usb-20250331.htm,
36104,US BANCORP \DE\,financials,core,0000036104-25-000055,10-Q,2025-08-07,MDA,FAIL,item_absent_from_toc,item_absent_from_toc,none,low,0,0.0,,,usb-20250630.htm,
36104,US BANCORP \DE\,financials,core,0000036104-25-000064,10-Q,2025-11-05,MDA,FAIL,item_absent_from_toc,item_absent_from_toc,none,low,0,0.0,,,usb-20250930.htm,
36104,US BANCORP \DE\,financials,core,0000036104-26-000024,10-Q,2026-05-04,MDA,FAIL,item_absent_from_toc,item_absent_from_toc,none,low,0,0.0,,,usb-20260331.htm,
36104,US BANCORP \DE\,financials,core,0000036104-26-000044,10-Q,2026-08-06,MDA,FAIL,item_absent_from_toc,item_absent_from_toc,none,low,0,0.0,,,usb-20260630.htm,
50863,INTEL CORP,tech,core,0000050863-15-000055,10-Q,2015-07-27,MDA,FLAGGED,heading_regex_fallback,heading_regex_fallback,heading_regex,low,7705,0.2056,0.0,0.55521,a10qdocument6272015.htm,
50863,INTEL CORP,tech,core,0000050863-15-000055,10-Q,2015-07-27,RISK_FACTORS,FLAGGED,heading_regex_fallback,heading_regex_fallback,heading_regex,low,144,0.7222,0.0,0.60902,a10qdocument6272015.htm,
50863,INTEL CORP,tech,core,0000050863-15-000072,10-Q,2015-10-28,MDA,FLAGGED,heading_regex_fallback,heading_regex_fallback,heading_regex,low,8210,0.2199,0.0,0.55024,a10qdocument9262015.htm,
50863,INTEL CORP,tech,core,0000050863-15-000072,10-Q,2015-10-28,RISK_FACTORS,FLAGGED,heading_regex_fallback,heading_regex_fallback,heading_regex,low,144,0.7222,0.0,0.60902,a10qdocument9262015.htm,
50863,INTEL CORP,tech,core,0000050863-16-000125,10-Q,2016-05-02,MDA,FLAGGED,heading_regex_fallback,heading_regex_fallback,heading_regex,low,5182,0.2808,0.0,0.55035,a10qdocument04022016.htm,
50863,INTEL CORP,tech,core,0000050863-16-000125,10-Q,2016-05-02,RISK_FACTORS,FLAGGED,heading_regex_fallback,heading_regex_fallback,heading_regex,low,253,0.4111,0.0,0.55042,a10qdocument04022016.htm,
50863,INTEL CORP,tech,core,0000050863-16-000142,10-Q,2016-08-01,MDA,FLAGGED,heading_regex_fallback,heading_regex_fallback,heading_regex,low,8677,0.2088,0.0,0.55765,a10qdocument07022016.htm,
50863,INTEL CORP,tech,core,0000050863-16-000142,10-Q,2016-08-01,RISK_FACTORS,FLAGGED,heading_regex_fallback,heading_regex_fallback,heading_regex,low,215,0.7674,0.0,0.56784,a10qdocument07022016.htm,
50863,INTEL CORP,tech,core,0000050863-16-000153,10-Q,2016-10-31,MDA,FLAGGED,heading_regex_fallback,heading_regex_fallback,heading_regex,low,8127,0.2088,0.0,0.55826,a10qdocument10012016.htm,
50863,INTEL CORP,tech,core,0000050863-16-000153,10-Q,2016-10-31,RISK_FACTORS,FLAGGED,heading_regex_fallback,heading_regex_fallback,heading_regex,low,164,0.6341,0.0,0.60135,a10qdocument10012016.htm,
50863,INTEL CORP,tech,core,0000050863-18-000013,10-Q,2018-04-27,MDA,FLAGGED,head_keyword_absent,head_keyword_absent,anchor,medium,14492,0.3765,0.0,0.47131,a0331201810qdocument.htm,
50863,INTEL CORP,tech,core,0000050863-18-000022,10-Q,2018-07-27,MDA,FLAGGED,head_keyword_absent,head_keyword_absent,anchor,medium,16802,0.3458,0.0,0.48272,a0630201810qdocument.htm,
50863,INTEL CORP,tech,core,0000050863-18-000029,10-Q,2018-10-26,MDA,FLAGGED,head_keyword_absent,head_keyword_absent,anchor,medium,17249,0.3607,0.0,0.48631,a0929201810qdocument.htm,
50863,INTEL CORP,tech,core,0000050863-19-000013,10-Q,2019-04-26,MDA,FLAGGED,head_keyword_absent,head_keyword_absent,anchor,medium,11160,0.3727,0.0,0.47141,a0330201910qdocument.htm,
50863,INTEL CORP,tech,core,0000050863-19-000023,10-Q,2019-07-26,MDA,FLAGGED,head_keyword_absent,head_keyword_absent,anchor,medium,13570,0.3245,0.0,0.47988,a0629201910qdocument.htm,
50863,INTEL CORP,tech,core,0000050863-19-000029,10-Q,2019-10-25,MDA,FLAGGED,head_keyword_absent,head_keyword_absent,anchor,medium,13638,0.3043,0.0,0.48355,a0928201910qdocument.htm,
50863,INTEL CORP,tech,core,0000050863-20-000017,10-Q,2020-04-24,MDA,FLAGGED,head_keyword_absent,head_keyword_absent,anchor,medium,13718,0.3599,0.0,0.4612,a0328202010qdocument-u.htm,
50863,INTEL CORP,tech,core,0000050863-20-000026,10-Q,2020-07-24,MDA,FLAGGED,head_keyword_absent,head_keyword_absent,anchor,medium,15684,0.4543,0.0,0.46276,intc-20200627.htm,
50863,INTEL CORP,tech,core,0000050863-20-000043,10-Q,2020-10-23,MDA,FLAGGED,head_keyword_absent,head_keyword_absent,anchor,medium,16172,0.4538,0.0,0.46314,intc-20200926.htm,
50863,INTEL CORP,tech,core,0000050863-21-000018,10-Q,2021-04-23,MDA,FLAGGED,head_keyword_absent,head_keyword_absent,anchor,medium,15094,0.5335,0.0,0.45963,intc-20210327.htm,
50863,INTEL CORP,tech,core,0000050863-21-000030,10-Q,2021-07-23,MDA,FLAGGED,head_keyword_absent,head_keyword_absent,anchor,medium,16933,0.4927,0.0,0.46462,intc-20210626.htm,
50863,INTEL CORP,tech,core,0000050863-21-000038,10-Q,2021-10-22,MDA,FLAGGED,head_keyword_absent,head_keyword_absent,anchor,medium,18845,0.4996,0.0,0.46307,intc-20210925.htm,
50863,INTEL CORP,tech,core,0000050863-22-000020,10-Q,2022-04-29,MDA,FLAGGED,head_keyword_absent,head_keyword_absent,anchor,medium,17208,0.5708,0.0,0.4587,intc-20220402.htm,
50863,INTEL CORP,tech,core,0000050863-22-000030,10-Q,2022-07-29,MDA,FLAGGED,head_keyword_absent,head_keyword_absent,anchor,medium,2113,0.5092,0.0,0.46877,intc-20220702.htm,
50863,INTEL CORP,tech,core,0000050863-22-000038,10-Q,2022-10-28,MDA,FLAGGED,head_keyword_absent,head_keyword_absent,anchor,medium,2282,0.5859,0.0,0.47194,intc-20221001.htm,
50863,INTEL CORP,tech,core,0000050863-23-000028,10-Q,2023-04-28,MDA,FLAGGED,head_keyword_absent,head_keyword_absent,anchor,medium,2183,0.6564,0.0,0.47969,intc-20230401.htm,
50863,INTEL CORP,tech,core,0000050863-23-000069,10-Q,2023-07-28,MDA,FLAGGED,head_keyword_absent,head_keyword_absent,anchor,medium,2384,0.6405,0.0,0.47724,intc-20230701.htm,
50863,INTEL CORP,tech,core,0000050863-23-000103,10-Q,2023-10-27,MDA,FLAGGED,head_keyword_absent,head_keyword_absent,anchor,medium,2336,0.6789,0.0,0.48215,intc-20230930.htm,
50863,INTEL CORP,tech,core,0000050863-24-000076,10-Q,2024-04-26,MDA,FLAGGED,head_keyword_absent,head_keyword_absent,anchor,medium,2179,0.6971,0.0,0.48483,intc-20240330.htm,
50863,INTEL CORP,tech,core,0000050863-24-000124,10-Q,2024-08-02,MDA,FLAGGED,head_keyword_absent,head_keyword_absent,anchor,medium,2659,0.7153,0.0,0.48497,intc-20240629.htm,
50863,INTEL CORP,tech,core,0000050863-24-000149,10-Q,2024-11-01,MDA,FLAGGED,head_keyword_absent,head_keyword_absent,anchor,medium,2601,0.714,0.0,0.47753,intc-20240928.htm,
50863,INTEL CORP,tech,core,0000050863-25-000074,10-Q,2025-04-25,MDA,FLAGGED,head_keyword_absent,head_keyword_absent,anchor,medium,1975,0.7944,0.0,0.51686,intc-20250329.htm,
50863,INTEL CORP,tech,core,0000050863-25-000109,10-Q,2025-07-24,MDA,FLAGGED,head_keyword_absent,head_keyword_absent,anchor,medium,4822,0.8899,0.0,0.48791,intc-20250628.htm,
50863,INTEL CORP,tech,core,0000050863-25-000179,10-Q,2025-11-06,MDA,FLAGGED,head_keyword_absent,head_keyword_absent,anchor,medium,2699,0.7966,0.0,0.52598,intc-20250927.htm,
50863,INTEL CORP,tech,core,0000050863-26-000079,10-Q,2026-04-24,MDA,FLAGGED,head_keyword_absent,head_keyword_absent,anchor,medium,4806,0.6323,0.0,0.50582,intc-20260328.htm,
50863,INTEL CORP,tech,core,0000050863-26-000157,10-Q,2026-07-24,MDA,FLAGGED,head_keyword_absent,head_keyword_absent,anchor,medium,6259,0.6418,0.0,0.50603,intc-20260627.htm,
51143,INTERNATIONAL BUSINESS MACHINES CORP,tech,core,0000051143-15-000005,10-Q,2015-07-28,MDA,FLAGGED,toc_recovered_f2,toc_recovered_f2,heading_regex_toc_present,low,23236,0.0,0.0,0.55093,ibm15q2_10q.htm,
51143,INTERNATIONAL BUSINESS MACHINES CORP,tech,core,0000051143-15-000009,10-Q,2015-10-27,MDA,FLAGGED,toc_recovered_f2,toc_recovered_f2,heading_regex_toc_present,low,23319,0.0,0.0,0.55341,ibm15q3_10q.htm,
51143,INTERNATIONAL BUSINESS MACHINES CORP,tech,core,0000051143-16-000013,10-Q,2016-04-26,MDA,FLAGGED,toc_recovered_f2,toc_recovered_f2,heading_regex_toc_present,low,17226,0.0,0.0,0.53753,ibm16q1_10q.htm,
64803,CVS HEALTH Corp,consumer,core,0000064803-15-000054,10-Q,2015-08-04,MDA,FLAGGED,head_keyword_absent,head_keyword_absent,anchor,medium,1353,0.7554,0.0,0.47476,cvs20150630-10q.htm,
64803,CVS HEALTH Corp,consumer,core,0000064803-15-000064,10-Q,2015-10-30,MDA,FLAGGED,head_keyword_absent,head_keyword_absent,anchor,medium,1353,0.7554,0.0,0.47476,cvs20150930-10q.htm,
64803,CVS HEALTH Corp,consumer,core,0000064803-16-000080,10-Q,2016-05-03,MDA,FLAGGED,head_keyword_absent,head_keyword_absent,anchor,medium,1402,0.7475,0.0,0.47127,cvs20160331-10q.htm,
64803,CVS HEALTH Corp,consumer,core,0000064803-16-000090,10-Q,2016-08-02,MDA,FLAGGED,head_keyword_absent,head_keyword_absent,anchor,medium,1402,0.7475,0.0,0.47127,cvs20160630-10q.htm,
64803,CVS HEALTH Corp,consumer,core,0000064803-16-000097,10-Q,2016-11-08,MDA,FLAGGED,head_keyword_absent,head_keyword_absent,anchor,medium,1402,0.7475,0.0,0.47127,cvs20160930-10q.htm,
70858,BANK OF AMERICA CORP /DE/,financials,core,0000070858-17-000025,10-Q,2017-05-02,MDA,FLAGGED,head_keyword_absent,head_keyword_absent,anchor,medium,44277,0.3256,0.0,0.46757,bac-331201710xq.htm,
70858,BANK OF AMERICA CORP /DE/,financials,core,0000070858-17-000037,10-Q,2017-07-31,MDA,FLAGGED,head_keyword_absent,head_keyword_absent,anchor,medium,48023,0.2858,0.0,0.48144,bac-630201710xq.htm,
70858,BANK OF AMERICA CORP /DE/,financials,core,0000070858-17-000046,10-Q,2017-10-30,MDA,FLAGGED,head_keyword_absent,head_keyword_absent,anchor,medium,47708,0.2843,0.0,0.47955,bac-930201710xq.htm,
70858,BANK OF AMERICA CORP /DE/,financials,core,0000070858-18-000020,10-Q,2018-04-30,MDA,FLAGGED,head_keyword_absent,head_keyword_absent,anchor,medium,36524,0.2869,0.0,0.47407,bac-331201810xq.htm,
70858,BANK OF AMERICA CORP /DE/,financials,core,0000070858-18-000030,10-Q,2018-07-30,MDA,FLAGGED,head_keyword_absent,head_keyword_absent,anchor,medium,39261,0.2472,0.0,0.48713,bac-630201810xq.htm,
70858,BANK OF AMERICA CORP /DE/,financials,core,0000070858-18-000042,10-Q,2018-10-29,MDA,FLAGGED,head_keyword_absent,head_keyword_absent,anchor,medium,38493,0.2401,0.0,0.48644,bac-930201810xq.htm,
70858,BANK OF AMERICA CORP /DE/,financials,core,0000070858-19-000026,10-Q,2019-04-26,MDA,FLAGGED,head_keyword_absent,head_keyword_absent,anchor,medium,30874,0.2504,0.0,0.46716,bac-331201910xq.htm,
70858,BANK OF AMERICA CORP /DE/,financials,core,0000070858-19-000042,10-Q,2019-07-29,MDA,FLAGGED,head_keyword_absent,head_keyword_absent,anchor,medium,35077,0.2207,0.0,0.48202,bac-630201910xq.htm,
70858,BANK OF AMERICA CORP /DE/,financials,core,0000070858-19-000057,10-Q,2019-10-28,MDA,FLAGGED,head_keyword_absent,head_keyword_absent,anchor,medium,33450,0.2044,0.0,0.48639,bac-930201910xq.htm,
70858,BANK OF AMERICA CORP /DE/,financials,core,0000070858-20-000023,10-Q,2020-05-01,MDA,FLAGGED,head_keyword_absent,head_keyword_absent,anchor,medium,33008,0.2694,0.0,0.46501,bac-0331202010xq.htm,
70858,BANK OF AMERICA CORP /DE/,financials,core,0000070858-20-000040,10-Q,2020-07-31,MDA,FLAGGED,head_keyword_absent,head_keyword_absent,anchor,medium,39305,0.2609,0.0,0.47977,bac-0630202010xq.htm,
70858,BANK OF AMERICA CORP /DE/,financials,core,0000070858-20-000071,10-Q,2020-10-30,MDA,FLAGGED,head_keyword_absent,head_keyword_absent,anchor,medium,36995,0.4783,0.0,0.4826,bac-20200930.htm,
70858,BANK OF AMERICA CORP /DE/,financials,core,0000070858-21-000063,10-Q,2021-04-29,MDA,FLAGGED,head_keyword_absent,head_keyword_absent,anchor,medium,29232,0.4894,0.0,0.46654,bac-20210331.htm,
70858,BANK OF AMERICA CORP /DE/,financials,core,0000070858-21-000084,10-Q,2021-07-30,MDA,FLAGGED,head_keyword_absent,head_keyword_absent,anchor,medium,32732,0.4495,0.0,0.48212,bac-20210630.htm,
70858,BANK OF AMERICA CORP /DE/,financials,core,0000070858-21-000107,10-Q,2021-10-29,MDA,FLAGGED,head_keyword_absent,head_keyword_absent,anchor,medium,32853,0.4562,0.0,0.48028,bac-20210930.htm,
70858,BANK OF AMERICA CORP /DE/,financials,core,0000070858-22-000088,10-Q,2022-04-29,MDA,FLAGGED,head_keyword_absent,head_keyword_absent,anchor,medium,27928,0.4846,0.0,0.46747,bac-20220331.htm,
70858,BANK OF AMERICA CORP /DE/,financials,core,0000070858-22-000112,10-Q,2022-07-29,MDA,FLAGGED,head_keyword_absent,head_keyword_absent,anchor,medium,32486,0.4709,0.0,0.47989,bac-20220630.htm,
70858,BANK OF AMERICA CORP /DE/,financials,core,0000070858-22-000131,10-Q,2022-10-28,MDA,FLAGGED,head_keyword_absent,head_keyword_absent,anchor,medium,32966,0.4765,0.0,0.48315,bac-20220930.htm,
70858,BANK OF AMERICA CORP /DE/,financials,core,0000070858-23-000142,10-Q,2023-05-01,MDA,FLAGGED,head_keyword_absent,head_keyword_absent,anchor,medium,28434,0.4815,0.0,0.46482,bac-20230331.htm,
70858,BANK OF AMERICA CORP /DE/,financials,core,0000070858-23-000176,10-Q,2023-07-31,MDA,FLAGGED,head_keyword_absent,head_keyword_absent,anchor,medium,32761,0.4633,0.0,0.4782,bac-20230630.htm,
70858,BANK OF AMERICA CORP /DE/,financials,core,0000070858-23-000272,10-Q,2023-10-31,MDA,FLAGGED,head_keyword_absent,head_keyword_absent,anchor,medium,32151,0.4562,0.0,0.47806,bac-20230930.htm,
70858,BANK OF AMERICA CORP /DE/,financials,core,0000070858-24-000156,10-Q,2024-04-30,MDA,FLAGGED,head_keyword_absent,head_keyword_absent,anchor,medium,27421,0.4475,0.0,0.46567,bac-20240331.htm,
70858,BANK OF AMERICA CORP /DE/,financials,core,0000070858-24-000208,10-Q,2024-07-30,MDA,FLAGGED,head_keyword_absent,head_keyword_absent,anchor,medium,31279,0.416,0.0,0.48006,bac-20240630.htm,
70858,BANK OF AMERICA CORP /DE/,financials,core,0000070858-24-000280,10-Q,2024-10-29,MDA,FLAGGED,head_keyword_absent,head_keyword_absent,anchor,medium,31633,0.4249,0.0,0.4805,bac-20240930.htm,
70858,BANK OF AMERICA CORP /DE/,financials,core,0000070858-25-000200,10-Q,2025-04-30,MDA,FLAGGED,head_keyword_absent,head_keyword_absent,anchor,medium,26503,0.4656,0.0,0.46481,bac-20250331.htm,
70858,BANK OF AMERICA CORP /DE/,financials,core,0000070858-25-000268,10-Q,2025-07-31,MDA,FLAGGED,head_keyword_absent,head_keyword_absent,anchor,medium,31124,0.4542,0.0,0.47912,bac-20250630.htm,
70858,BANK OF AMERICA CORP /DE/,financials,core,0000070858-25-000405,10-Q,2025-10-31,MDA,FLAGGED,head_keyword_absent,head_keyword_absent,anchor,medium,30646,0.4663,0.0,0.4801,bac-20250930.htm,
70858,BANK OF AMERICA CORP /DE/,financials,core,0000070858-26-000249,10-Q,2026-05-01,MDA,FLAGGED,head_keyword_absent,head_keyword_absent,anchor,medium,25881,0.454,0.0,0.46423,bac-20260331.htm,
70858,BANK OF AMERICA CORP /DE/,financials,core,0000070858-26-000394,10-Q,2026-07-31,MDA,FLAGGED,head_keyword_absent,head_keyword_absent,anchor,medium,29186,0.4379,0.0,0.47798,bac-20260630.htm,
72741,EVERSOURCE ENERGY,utilities,extension,0000072741-15-000043,10-Q,2015-08-05,MDA,FAIL,no_toc_and_no_heading_match,no_toc_and_no_heading_match,none,low,0,0.0,,,june302015form10q.htm,
72741,EVERSOURCE ENERGY,utilities,extension,0000072741-15-000043,10-Q,2015-08-05,RISK_FACTORS,FLAGGED,heading_regex_fallback,heading_regex_fallback,heading_regex,low,110,0.9636,0.0,0.62,june302015form10q.htm,
72741,EVERSOURCE ENERGY,utilities,extension,0000072741-15-000055,10-Q,2015-11-06,MDA,FLAGGED,below_length_floor,heading_regex_fallback|below_length_floor,heading_regex,low,45,0.0,0.0,,september302015form10q.htm,
72741,EVERSOURCE ENERGY,utilities,extension,0000072741-15-000055,10-Q,2015-11-06,RISK_FACTORS,FLAGGED,heading_regex_fallback,heading_regex_fallback,heading_regex,low,110,0.9636,0.0,0.62,september302015form10q.htm,
72741,EVERSOURCE ENERGY,utilities,extension,0000072741-16-000075,10-Q,2016-05-06,MDA,FLAGGED,below_length_floor,heading_regex_fallback|below_length_floor,heading_regex,low,45,0.0,0.0,,march312016form10q.htm,
72741,EVERSOURCE ENERGY,utilities,extension,0000072741-16-000075,10-Q,2016-05-06,RISK_FACTORS,FLAGGED,heading_regex_fallback,heading_regex_fallback,heading_regex,low,110,0.9636,0.0,0.62,march312016form10q.htm,
72741,EVERSOURCE ENERGY,utilities,extension,0000072741-16-000098,10-Q,2016-08-05,MDA,FLAGGED,below_length_floor,heading_regex_fallback|below_length_floor,heading_regex,low,45,0.0,0.0,,june302016form10q.htm,
72741,EVERSOURCE ENERGY,utilities,extension,0000072741-16-000098,10-Q,2016-08-05,RISK_FACTORS,FLAGGED,heading_regex_fallback,heading_regex_fallback,heading_regex,low,110,0.9636,0.0,0.62,june302016form10q.htm,
72741,EVERSOURCE ENERGY,utilities,extension,0000072741-16-000107,10-Q,2016-11-04,RISK_FACTORS,FLAGGED,toc_recovered_f2,toc_recovered_f2,heading_regex_toc_present,low,110,0.9273,0.0,0.62,q3201610-qxdocument.htm,
72741,EVERSOURCE ENERGY,utilities,extension,0000072741-17-000021,10-Q,2017-05-05,RISK_FACTORS,FLAGGED,toc_recovered_f2,toc_recovered_f2,heading_regex_toc_present,low,110,0.9273,0.0,0.62,q1201710-qxdocument.htm,
72741,EVERSOURCE ENERGY,utilities,extension,0000072741-17-000030,10-Q,2017-08-04,RISK_FACTORS,FLAGGED,toc_recovered_f2,toc_recovered_f2,heading_regex_toc_present,low,110,0.9273,0.0,0.62,q2201710-qxdocument.htm,
72741,EVERSOURCE ENERGY,utilities,extension,0000072741-17-000045,10-Q,2017-11-03,RISK_FACTORS,FLAGGED,toc_recovered_f2,toc_recovered_f2,heading_regex_toc_present,low,110,0.9273,0.0,0.62,q3201710-qxdocument.htm,
72741,EVERSOURCE ENERGY,utilities,extension,0000072741-18-000042,10-Q,2018-05-03,RISK_FACTORS,FLAGGED,toc_recovered_f2,toc_recovered_f2,heading_regex_toc_present,low,112,0.9286,0.0,0.61765,a2018q110-qxdocument.htm,
72741,EVERSOURCE ENERGY,utilities,extension,0000072741-18-000053,10-Q,2018-08-03,RISK_FACTORS,FLAGGED,toc_recovered_f2,toc_recovered_f2,heading_regex_toc_present,low,112,0.9286,0.0,0.61765,a2018q210-qxdocument.htm,
72741,EVERSOURCE ENERGY,utilities,extension,0000072741-18-000060,10-Q,2018-11-06,RISK_FACTORS,FLAGGED,toc_recovered_f2,toc_recovered_f2,heading_regex_toc_present,low,112,0.9286,0.0,0.61765,a2018q310-qxdocument.htm,
72741,EVERSOURCE ENERGY,utilities,extension,0000072741-19-000026,10-Q,2019-05-07,RISK_FACTORS,FLAGGED,toc_recovered_f2,toc_recovered_f2,heading_regex_toc_present,low,112,0.9286,0.0,0.61765,a2019q110-qxdocument.htm,
72741,EVERSOURCE ENERGY,utilities,extension,0000072741-19-000034,10-Q,2019-08-06,RISK_FACTORS,FLAGGED,toc_recovered_f2,toc_recovered_f2,heading_regex_toc_present,low,112,0.9286,0.0,0.61765,a2019q210-qxdocument.htm,
72741,EVERSOURCE ENERGY,utilities,extension,0000072741-19-000042,10-Q,2019-11-07,RISK_FACTORS,FLAGGED,toc_recovered_f2,toc_recovered_f2,heading_regex_toc_present,low,112,0.9286,0.0,0.61765,a2019q310-qxdocument.htm,
72741,EVERSOURCE ENERGY,utilities,extension,0000072741-20-000013,10-Q,2020-05-08,RISK_FACTORS,FLAGGED,toc_recovered_f2,toc_recovered_f2,heading_regex_toc_present,low,1159,0.7403,0.0,0.47054,a2020q110-qxdocument.htm,
72741,EVERSOURCE ENERGY,utilities,extension,0000072741-20-000020,10-Q,2020-08-07,RISK_FACTORS,FLAGGED,toc_recovered_f2,toc_recovered_f2,heading_regex_toc_present,low,1198,0.7888,0.0,0.46632,a2020q210-qxdocument.htm,
72741,EVERSOURCE ENERGY,utilities,extension,0000072741-20-000024,10-Q,2020-11-06,RISK_FACTORS,FLAGGED,toc_recovered_f2,toc_recovered_f2,heading_regex_toc_present,low,1263,0.787,0.0,0.46569,a2020q310-qxdocument.htm,
72741,EVERSOURCE ENERGY,utilities,extension,0000072741-21-000010,10-Q,2021-05-10,RISK_FACTORS,FLAGGED,head_keyword_absent,head_keyword_absent,anchor,medium,179,0.933,0.0,0.53086,es-20210331.htm,
72741,EVERSOURCE ENERGY,utilities,extension,0000072741-21-000019,10-Q,2021-08-06,RISK_FACTORS,FLAGGED,head_keyword_absent,head_keyword_absent,anchor,medium,874,0.7071,0.0,0.46525,es-20210630.htm,
72741,EVERSOURCE ENERGY,utilities,extension,0000072741-21-000025,10-Q,2021-11-05,RISK_FACTORS,FLAGGED,head_keyword_absent,head_keyword_absent,anchor,medium,874,0.7071,0.0,0.46525,es-20210930.htm,
72741,EVERSOURCE ENERGY,utilities,extension,0000072741-22-000019,10-Q,2022-05-06,RISK_FACTORS,FLAGGED,head_keyword_absent,head_keyword_absent,anchor,medium,179,0.933,0.0,0.53086,es-20220331.htm,
72741,EVERSOURCE ENERGY,utilities,extension,0000072741-22-000026,10-Q,2022-08-04,RISK_FACTORS,FLAGGED,head_keyword_absent,head_keyword_absent,anchor,medium,179,0.933,0.0,0.53086,es-20220630.htm,
72741,EVERSOURCE ENERGY,utilities,extension,0000072741-22-000030,10-Q,2022-11-04,RISK_FACTORS,FLAGGED,head_keyword_absent,head_keyword_absent,anchor,medium,179,0.933,0.0,0.53086,es-20220930.htm,
72741,EVERSOURCE ENERGY,utilities,extension,0000072741-23-000008,10-Q,2023-05-05,RISK_FACTORS,FLAGGED,head_keyword_absent,head_keyword_absent,anchor,medium,179,0.933,0.0,0.53086,es-20230331.htm,
72741,EVERSOURCE ENERGY,utilities,extension,0000072741-23-000016,10-Q,2023-08-04,RISK_FACTORS,FLAGGED,head_keyword_absent,head_keyword_absent,anchor,medium,179,0.933,0.0,0.53086,es-20230630.htm,
72741,EVERSOURCE ENERGY,utilities,extension,0000072741-23-000020,10-Q,2023-11-07,RISK_FACTORS,FLAGGED,head_keyword_absent,head_keyword_absent,anchor,medium,179,0.933,0.0,0.53086,es-20230930.htm,
72741,EVERSOURCE ENERGY,utilities,extension,0000072741-24-000010,10-Q,2024-05-03,RISK_FACTORS,FLAGGED,head_keyword_absent,head_keyword_absent,anchor,medium,180,0.9278,0.0,0.53086,es-20240331.htm,
72741,EVERSOURCE ENERGY,utilities,extension,0000072741-24-000018,10-Q,2024-08-02,RISK_FACTORS,FLAGGED,head_keyword_absent,head_keyword_absent,anchor,medium,179,0.933,0.0,0.53086,es-20240630.htm,
72741,EVERSOURCE ENERGY,utilities,extension,0000072741-24-000023,10-Q,2024-11-06,RISK_FACTORS,FLAGGED,head_keyword_absent,head_keyword_absent,anchor,medium,179,0.933,0.0,0.53086,es-20240930.htm,
72741,EVERSOURCE ENERGY,utilities,extension,0000072741-25-000011,10-Q,2025-05-05,RISK_FACTORS,FLAGGED,head_keyword_absent,head_keyword_absent,anchor,medium,180,0.9278,0.0,0.53086,es-20250331.htm,
72971,WELLS FARGO & COMPANY/MN,financials,core,0000072971-15-000607,10-Q,2015-08-05,MDA,FLAGGED,head_keyword_absent,head_keyword_absent,anchor,medium,27824,0.3912,0.0,0.47649,wfc-06302015x10q.htm,
72971,WELLS FARGO & COMPANY/MN,financials,core,0000072971-15-000674,10-Q,2015-11-04,MDA,FLAGGED,head_keyword_absent,head_keyword_absent,anchor,medium,28668,0.405,0.0,0.48252,wfc-09302015x10q.htm,
72971,WELLS FARGO & COMPANY/MN,financials,core,0000072971-16-001085,10-Q,2016-05-04,MDA,FLAGGED,head_keyword_absent,head_keyword_absent,anchor,medium,26151,0.3982,0.0,0.47289,wfc-3312016x10q.htm,
72971,WELLS FARGO & COMPANY/MN,financials,core,0000072971-16-001218,10-Q,2016-08-03,MDA,FLAGGED,head_keyword_absent,head_keyword_absent,anchor,medium,30386,0.3894,0.0,0.48704,wfc-6302016x10q.htm,
72971,WELLS FARGO & COMPANY/MN,financials,core,0000072971-16-001340,10-Q,2016-11-03,MDA,FLAGGED,head_keyword_absent,head_keyword_absent,anchor,medium,32114,0.4096,0.0,0.492,wfc-9302016x10q.htm,
72971,WELLS FARGO & COMPANY/MN,financials,core,0000072971-17-000339,10-Q,2017-05-05,MDA,FLAGGED,head_keyword_absent,head_keyword_absent,anchor,medium,27002,0.3835,0.0,0.47046,wfc-03312017x10q.htm,
72971,WELLS FARGO & COMPANY/MN,financials,core,0000072971-17-000397,10-Q,2017-08-04,MDA,FLAGGED,head_keyword_absent,head_keyword_absent,anchor,medium,30859,0.3796,0.0,0.48434,wfc-06302017x10q.htm,
72971,WELLS FARGO & COMPANY/MN,financials,core,0000072971-17-000466,10-Q,2017-11-03,MDA,FLAGGED,head_keyword_absent,head_keyword_absent,anchor,medium,32364,0.3527,0.0,0.49116,wfc-09302017x10q.htm,
72971,WELLS FARGO & COMPANY/MN,financials,core,0000072971-18-000324,10-Q,2018-05-04,MDA,FLAGGED,head_keyword_absent,head_keyword_absent,anchor,medium,28031,0.3773,0.0,0.47479,wfc-03312018x10q.htm,
72971,WELLS FARGO & COMPANY/MN,financials,core,0000072971-18-000408,10-Q,2018-08-03,MDA,FLAGGED,head_keyword_absent,head_keyword_absent,anchor,medium,32174,0.3604,0.0,0.48995,wfc-06302018x10q.htm,
72971,WELLS FARGO & COMPANY/MN,financials,core,0000072971-18-000471,10-Q,2018-11-06,MDA,FLAGGED,head_keyword_absent,head_keyword_absent,anchor,medium,34586,0.3884,0.0,0.49901,wfc-09302018x10q.htm,
72971,WELLS FARGO & COMPANY/MN,financials,core,0000072971-19-000254,10-Q,2019-05-03,MDA,FLAGGED,head_keyword_absent,head_keyword_absent,anchor,medium,26038,0.3713,0.0,0.47943,wfc-03312019x10q.htm,
72971,WELLS FARGO & COMPANY/MN,financials,core,0000072971-19-000331,10-Q,2019-08-02,MDA,FLAGGED,head_keyword_absent,head_keyword_absent,anchor,medium,30233,0.3089,0.0,0.49862,wfc-06302019x10q.htm,
72971,WELLS FARGO & COMPANY/MN,financials,core,0000072971-19-000406,10-Q,2019-11-01,MDA,FLAGGED,head_keyword_absent,head_keyword_absent,anchor,medium,30915,0.3145,0.0,0.50518,wfc-09302019x10q.htm,
72971,WELLS FARGO & COMPANY/MN,financials,core,0000072971-20-000236,10-Q,2020-05-05,MDA,FLAGGED,head_keyword_absent,head_keyword_absent,anchor,medium,25825,0.374,0.0,0.47953,wfc-0331x2020x10q.htm,
72971,WELLS FARGO & COMPANY/MN,financials,core,0000072971-20-000288,10-Q,2020-08-04,MDA,FLAGGED,head_keyword_absent,head_keyword_absent,anchor,medium,30545,0.353,0.0,0.48468,wfc-0630x2020x10q.htm,
72971,WELLS FARGO & COMPANY/MN,financials,core,0000072971-20-000338,10-Q,2020-11-02,MDA,FLAGGED,head_keyword_absent,head_keyword_absent,anchor,medium,28049,0.4873,0.0,0.45923,wfc-20200930.htm,
72971,WELLS FARGO & COMPANY/MN,financials,core,0000072971-21-000221,10-Q,2021-05-05,MDA,FLAGGED,head_keyword_absent,head_keyword_absent,anchor,medium,24606,0.4495,0.0,0.44503,wfc-20210331.htm,
72971,WELLS FARGO & COMPANY/MN,financials,core,0000072971-21-000267,10-Q,2021-07-28,MDA,FLAGGED,head_keyword_absent,head_keyword_absent,anchor,medium,29521,0.4048,0.0,0.4499,wfc-20210630.htm,
72971,WELLS FARGO & COMPANY/MN,financials,core,0000072971-21-000317,10-Q,2021-11-01,MDA,FLAGGED,head_keyword_absent,head_keyword_absent,anchor,medium,28590,0.4003,0.0,0.45152,wfc-20210930.htm,
72971,WELLS FARGO & COMPANY/MN,financials,core,0000072971-22-000113,10-Q,2022-05-03,MDA,FLAGGED,head_keyword_absent,head_keyword_absent,anchor,medium,20123,0.4267,0.0,0.43956,wfc-20220331.htm,
72971,WELLS FARGO & COMPANY/MN,financials,core,0000072971-22-000174,10-Q,2022-08-01,MDA,FLAGGED,head_keyword_absent,head_keyword_absent,anchor,medium,24612,0.3862,0.0,0.44495,wfc-20220630.htm,
72971,WELLS FARGO & COMPANY/MN,financials,core,0000072971-22-000205,10-Q,2022-10-31,MDA,FLAGGED,head_keyword_absent,head_keyword_absent,anchor,medium,24288,0.3594,0.0,0.44669,wfc-20220930.htm,
72971,WELLS FARGO & COMPANY/MN,financials,core,0000072971-23-000102,10-Q,2023-05-02,MDA,FLAGGED,head_keyword_absent,head_keyword_absent,anchor,medium,19082,0.4015,0.0,0.43908,wfc-20230331.htm,
72971,WELLS FARGO & COMPANY/MN,financials,core,0000072971-23-000138,10-Q,2023-08-01,MDA,FLAGGED,head_keyword_absent,head_keyword_absent,anchor,medium,23119,0.3511,0.0,0.44079,wfc-20230630.htm,
72971,WELLS FARGO & COMPANY/MN,financials,core,0000072971-23-000170,10-Q,2023-10-31,MDA,FLAGGED,head_keyword_absent,head_keyword_absent,anchor,medium,22951,0.3608,0.0,0.44784,wfc-20230930.htm,
72971,WELLS FARGO & COMPANY/MN,financials,core,0000072971-24-000129,10-Q,2024-05-02,MDA,FLAGGED,head_keyword_absent,head_keyword_absent,anchor,medium,17951,0.4072,0.0,0.4395,wfc-20240331.htm,
72971,WELLS FARGO & COMPANY/MN,financials,core,0000072971-24-000185,10-Q,2024-08-01,MDA,FLAGGED,head_keyword_absent,head_keyword_absent,anchor,medium,21091,0.3639,0.0,0.44447,wfc-20240630.htm,
72971,WELLS FARGO & COMPANY/MN,financials,core,0000072971-24-000243,10-Q,2024-10-31,MDA,FLAGGED,head_keyword_absent,head_keyword_absent,anchor,medium,21427,0.3557,0.0,0.44409,wfc-20240930.htm,
72971,WELLS FARGO & COMPANY/MN,financials,core,0000072971-25-000129,10-Q,2025-04-29,MDA,FLAGGED,head_keyword_absent,head_keyword_absent,anchor,medium,15869,0.3781,0.0,0.44046,wfc-20250331.htm,
72971,WELLS FARGO & COMPANY/MN,financials,core,0000072971-25-000201,10-Q,2025-08-05,MDA,FLAGGED,head_keyword_absent,head_keyword_absent,anchor,medium,18973,0.329,0.0,0.44786,wfc-20250630.htm,
72971,WELLS FARGO & COMPANY/MN,financials,core,0000072971-25-000253,10-Q,2025-10-31,MDA,FLAGGED,head_keyword_absent,head_keyword_absent,anchor,medium,18997,0.3335,0.0,0.45432,wfc-20250930.htm,
72971,WELLS FARGO & COMPANY/MN,financials,core,0000072971-26-000217,10-Q,2026-04-29,MDA,FLAGGED,head_keyword_absent,head_keyword_absent,anchor,medium,15595,0.3845,0.0,0.45167,wfc-20260331.htm,
72971,WELLS FARGO & COMPANY/MN,financials,core,0000072971-26-000302,10-Q,2026-07-28,MDA,FLAGGED,head_keyword_absent,head_keyword_absent,anchor,medium,18025,0.3259,0.0,0.45786,wfc-20260630.htm,
78003,PFIZER INC,healthcare,core,0000078003-15-000034,10-Q,2015-08-06,MDA,FLAGGED,head_keyword_absent,head_keyword_absent,anchor,medium,30331,0.3986,0.0,0.51803,pfe-6282015x10q.htm,
78003,PFIZER INC,healthcare,core,0000078003-15-000051,10-Q,2015-11-05,MDA,FLAGGED,head_keyword_absent,head_keyword_absent,anchor,medium,33863,0.4128,0.0,0.51818,pfe-9272015x10q.htm,
78003,PFIZER INC,healthcare,core,0000078003-16-000096,10-Q,2016-05-12,MDA,FLAGGED,head_keyword_absent,head_keyword_absent,anchor,medium,31749,0.4509,0.0,0.48863,pfe-4032016x10q.htm,
78003,PFIZER INC,healthcare,core,0000078003-16-000105,10-Q,2016-08-11,MDA,FLAGGED,head_keyword_absent,head_keyword_absent,anchor,medium,36632,0.412,0.0,0.51657,pfe-7032016x10q.htm,
78003,PFIZER INC,healthcare,core,0000078003-16-000113,10-Q,2016-11-10,MDA,FLAGGED,head_keyword_absent,head_keyword_absent,anchor,medium,41072,0.43,0.0,0.51062,pfe-10022016x10q.htm,
78003,PFIZER INC,healthcare,core,0000078003-17-000024,10-Q,2017-05-11,MDA,FLAGGED,head_keyword_absent,head_keyword_absent,anchor,medium,33729,0.4574,0.0,0.48956,pfe-04022017x10q.htm,
78003,PFIZER INC,healthcare,core,0000078003-17-000039,10-Q,2017-08-10,MDA,FLAGGED,head_keyword_absent,head_keyword_absent,anchor,medium,38905,0.4026,0.0,0.50102,pfe-07022017x10q.htm,
78003,PFIZER INC,healthcare,core,0000078003-17-000049,10-Q,2017-11-09,MDA,FLAGGED,head_keyword_absent,head_keyword_absent,anchor,medium,41033,0.3984,0.0,0.49898,pfe-10012017x10q.htm,
78003,PFIZER INC,healthcare,core,0000078003-18-000045,10-Q,2018-05-10,MDA,FLAGGED,head_keyword_absent,head_keyword_absent,anchor,medium,33984,0.476,0.0,0.471,pfe-04012018x10q.htm,
78003,PFIZER INC,healthcare,core,0000078003-18-000070,10-Q,2018-08-09,MDA,FLAGGED,head_keyword_absent,head_keyword_absent,anchor,medium,39831,0.3991,0.0,0.48251,pfe-07012018x10q.htm,
78003,PFIZER INC,healthcare,core,0000078003-18-000091,10-Q,2018-11-08,MDA,FLAGGED,head_keyword_absent,head_keyword_absent,anchor,medium,39698,0.402,0.0,0.49006,pfe-09302018x10q.htm,
78003,PFIZER INC,healthcare,core,0000078003-19-000026,10-Q,2019-05-09,MDA,FLAGGED,toc_recovered_f1,toc_recovered_f1,anchor_resolving_entry,medium,30898,0.4885,0.0,0.46714,pfe-03312019x10q.htm,
78003,PFIZER INC,healthcare,core,0000078003-19-000064,10-Q,2019-08-08,MDA,FLAGGED,toc_recovered_f1,toc_recovered_f1,anchor_resolving_entry,medium,37928,0.4503,0.0,0.48045,pfe-06302019x10q.htm,
78003,PFIZER INC,healthcare,core,0000078003-19-000082,10-Q,2019-11-07,MDA,FLAGGED,toc_recovered_f1,toc_recovered_f1,anchor_resolving_entry,medium,40752,0.4688,0.0,0.47932,pfe-09292019x10q.htm,
78003,PFIZER INC,healthcare,core,0000078003-20-000037,10-Q,2020-05-07,MDA,FLAGGED,toc_recovered_f1,toc_recovered_f1,anchor_resolving_entry,medium,28167,0.5029,0.0,0.48291,pfe-03292020x10q.htm,
78003,PFIZER INC,healthcare,core,0000078003-20-000060,10-Q,2020-08-06,MDA,FLAGGED,toc_recovered_f1,toc_recovered_f1,anchor_resolving_entry,medium,35188,0.4721,0.0,0.49751,pfe-06282020x10q.htm,
80424,PROCTER & GAMBLE Co,consumer,core,0000080424-15-000098,10-Q,2015-10-23,MDA,FLAGGED,heading_regex_fallback,heading_regex_fallback,heading_regex,low,6892,0.6818,0.0,0.45997,fy1516q1jas10-qreport.htm,
80424,PROCTER & GAMBLE Co,consumer,core,0000080424-15-000098,10-Q,2015-10-23,RISK_FACTORS,FLAGGED,heading_regex_fallback,heading_regex_fallback,heading_regex,low,29,0.0,0.0,,fy1516q1jas10-qreport.htm,
80424,PROCTER & GAMBLE Co,consumer,core,0000080424-16-000166,10-Q,2016-01-26,MDA,FLAGGED,heading_regex_fallback,heading_regex_fallback,heading_regex,low,10085,0.6496,0.0,0.44815,fy1516q2ond10-qreport.htm,
80424,PROCTER & GAMBLE Co,consumer,core,0000080424-16-000166,10-Q,2016-01-26,RISK_FACTORS,FLAGGED,heading_regex_fallback,heading_regex_fallback,heading_regex,low,32,0.0,0.0,,fy1516q2ond10-qreport.htm,
80424,PROCTER & GAMBLE Co,consumer,core,0000080424-16-000183,10-Q,2016-04-26,MDA,FLAGGED,heading_regex_fallback,heading_regex_fallback,heading_regex,low,10114,0.6627,0.0,0.44874,fy1516q3jfm10-qreport.htm,
80424,PROCTER & GAMBLE Co,consumer,core,0000080424-16-000183,10-Q,2016-04-26,RISK_FACTORS,FLAGGED,heading_regex_fallback,heading_regex_fallback,heading_regex,low,32,0.0,0.0,,fy1516q3jfm10-qreport.htm,
80424,PROCTER & GAMBLE Co,consumer,core,0000080424-16-000244,10-Q,2016-10-25,MDA,FLAGGED,heading_regex_fallback,heading_regex_fallback,heading_regex,low,7058,0.6723,0.0,0.45667,fy1617q1jas10-qreport.htm,
80424,PROCTER & GAMBLE Co,consumer,core,0000080424-16-000244,10-Q,2016-10-25,RISK_FACTORS,FLAGGED,heading_regex_fallback,heading_regex_fallback,heading_regex,low,32,0.0,0.0,,fy1617q1jas10-qreport.htm,
80424,PROCTER & GAMBLE Co,consumer,core,0000080424-17-000011,10-Q,2017-01-20,MDA,FLAGGED,heading_regex_fallback,heading_regex_fallback,heading_regex,low,10108,0.4837,0.0,0.4549,fy1617q2ond10-qreport.htm,
80424,PROCTER & GAMBLE Co,consumer,core,0000080424-17-000011,10-Q,2017-01-20,RISK_FACTORS,FLAGGED,heading_regex_fallback,heading_regex_fallback,heading_regex,low,3426,0.8707,0.0,0.4804,fy1617q2ond10-qreport.htm,
80424,PROCTER & GAMBLE Co,consumer,core,0000080424-17-000026,10-Q,2017-04-26,MDA,FLAGGED,heading_regex_fallback,heading_regex_fallback,heading_regex,low,11014,0.536,0.0,0.45494,fy1617q3jfm10-qreport.htm,
80424,PROCTER & GAMBLE Co,consumer,core,0000080424-17-000026,10-Q,2017-04-26,RISK_FACTORS,FLAGGED,heading_regex_fallback,heading_regex_fallback,heading_regex,low,31,0.0,0.0,,fy1617q3jfm10-qreport.htm,
80424,PROCTER & GAMBLE Co,consumer,core,0000080424-17-000078,10-Q,2017-10-20,MDA,FLAGGED,heading_regex_fallback,heading_regex_fallback,heading_regex,low,6905,0.5259,0.0,0.45447,fy1718q1jas10-qreport.htm,
80424,PROCTER & GAMBLE Co,consumer,core,0000080424-17-000078,10-Q,2017-10-20,RISK_FACTORS,FLAGGED,heading_regex_fallback,heading_regex_fallback,heading_regex,low,32,0.0,0.0,,fy1718q1jas10-qreport.htm,
80424,PROCTER & GAMBLE Co,consumer,core,0000080424-18-000013,10-Q,2018-01-23,MDA,FLAGGED,heading_regex_fallback,heading_regex_fallback,heading_regex,low,10506,0.5134,0.0,0.45853,fy1718q2ond10-qreport.htm,
80424,PROCTER & GAMBLE Co,consumer,core,0000080424-18-000013,10-Q,2018-01-23,RISK_FACTORS,FLAGGED,heading_regex_fallback,heading_regex_fallback,heading_regex,low,3468,0.8728,0.0,0.48104,fy1718q2ond10-qreport.htm,
80424,PROCTER & GAMBLE Co,consumer,core,0000080424-18-000034,10-Q,2018-04-19,MDA,FLAGGED,heading_regex_fallback,heading_regex_fallback,heading_regex,low,11107,0.5285,0.0,0.45615,fy1718q3jfm10-qreport.htm,
80424,PROCTER & GAMBLE Co,consumer,core,0000080424-18-000034,10-Q,2018-04-19,RISK_FACTORS,FLAGGED,heading_regex_fallback,heading_regex_fallback,heading_regex,low,32,0.0,0.0,,fy1718q3jfm10-qreport.htm,
80424,PROCTER & GAMBLE Co,consumer,core,0000080424-18-000100,10-Q,2018-10-19,MDA,FLAGGED,heading_regex_fallback,heading_regex_fallback,heading_regex,low,7648,0.583,0.0,0.4566,fy1819q1jas10-qreport.htm,
80424,PROCTER & GAMBLE Co,consumer,core,0000080424-18-000100,10-Q,2018-10-19,RISK_FACTORS,FLAGGED,heading_regex_fallback,heading_regex_fallback,heading_regex,low,31,0.0,0.0,,fy1819q1jas10-qreport.htm,
80424,PROCTER & GAMBLE Co,consumer,core,0000080424-19-000014,10-Q,2019-01-23,MDA,FLAGGED,heading_regex_fallback,heading_regex_fallback,heading_regex,low,11740,0.5641,0.0,0.45565,fy1819q2ond10-qreport.htm,
80424,PROCTER & GAMBLE Co,consumer,core,0000080424-19-000014,10-Q,2019-01-23,RISK_FACTORS,FLAGGED,heading_regex_fallback,heading_regex_fallback,heading_regex,low,31,0.0,0.0,,fy1819q2ond10-qreport.htm,
80424,PROCTER & GAMBLE Co,consumer,core,0000080424-19-000031,10-Q,2019-04-23,MDA,FLAGGED,heading_regex_fallback,heading_regex_fallback,heading_regex,low,12434,0.5786,0.0,0.46176,fy1819q3jfm10-qreport.htm,
80424,PROCTER & GAMBLE Co,consumer,core,0000080424-19-000031,10-Q,2019-04-23,RISK_FACTORS,FLAGGED,heading_regex_fallback,heading_regex_fallback,heading_regex,low,31,0.0,0.0,,fy1819q3jfm10-qreport.htm,
80424,PROCTER & GAMBLE Co,consumer,core,0000080424-19-000086,10-Q,2019-10-22,MDA,FLAGGED,heading_regex_fallback,heading_regex_fallback,heading_regex,low,8049,0.6427,0.0,0.45189,fy1920q1jas10-qreport.htm,
80424,PROCTER & GAMBLE Co,consumer,core,0000080424-19-000086,10-Q,2019-10-22,RISK_FACTORS,FLAGGED,heading_regex_fallback,heading_regex_fallback,heading_regex,low,31,0.0,0.0,,fy1920q1jas10-qreport.htm,
80424,PROCTER & GAMBLE Co,consumer,core,0000080424-20-000017,10-Q,2020-01-23,MDA,FLAGGED,heading_regex_fallback,heading_regex_fallback,heading_regex,low,11752,0.7519,0.0,0.45251,pg-20191231.htm,
80424,PROCTER & GAMBLE Co,consumer,core,0000080424-20-000017,10-Q,2020-01-23,RISK_FACTORS,FLAGGED,heading_regex_fallback,heading_regex_fallback,heading_regex,low,48,0.9167,0.0,,pg-20191231.htm,
80424,PROCTER & GAMBLE Co,consumer,core,0000080424-20-000038,10-Q,2020-04-20,MDA,FLAGGED,heading_regex_fallback,heading_regex_fallback,heading_regex,low,13276,0.7886,0.0,0.4613,pg-20200331.htm,
80424,PROCTER & GAMBLE Co,consumer,core,0000080424-20-000038,10-Q,2020-04-20,RISK_FACTORS,FLAGGED,heading_regex_fallback,heading_regex_fallback,heading_regex,low,4436,0.8902,0.0,0.47218,pg-20200331.htm,
80424,PROCTER & GAMBLE Co,consumer,core,0000080424-20-000097,10-Q,2020-10-20,MDA,FLAGGED,heading_regex_fallback,heading_regex_fallback,heading_regex,low,8688,0.8057,0.0,0.46474,pg-20200930.htm,
80424,PROCTER & GAMBLE Co,consumer,core,0000080424-20-000097,10-Q,2020-10-20,RISK_FACTORS,FLAGGED,heading_regex_fallback,heading_regex_fallback,heading_regex,low,31,0.0,0.0,,pg-20200930.htm,
80424,PROCTER & GAMBLE Co,consumer,core,0000080424-21-000026,10-Q,2021-01-20,MDA,FLAGGED,heading_regex_fallback,heading_regex_fallback,heading_regex,low,12549,0.7891,0.0,0.46988,pg-20201231.htm,
80424,PROCTER & GAMBLE Co,consumer,core,0000080424-21-000026,10-Q,2021-01-20,RISK_FACTORS,FLAGGED,heading_regex_fallback,heading_regex_fallback,heading_regex,low,31,0.0,0.0,,pg-20201231.htm,
80424,PROCTER & GAMBLE Co,consumer,core,0000080424-21-000062,10-Q,2021-04-20,MDA,FLAGGED,heading_regex_fallback,heading_regex_fallback,heading_regex,low,12908,0.7911,0.0,0.46894,pg-20210331.htm,
80424,PROCTER & GAMBLE Co,consumer,core,0000080424-21-000062,10-Q,2021-04-20,RISK_FACTORS,FLAGGED,heading_regex_fallback,heading_regex_fallback,heading_regex,low,31,0.0,0.0,,pg-20210331.htm,
80424,PROCTER & GAMBLE Co,consumer,core,0000080424-21-000129,10-Q,2021-10-19,MDA,FLAGGED,heading_regex_fallback,heading_regex_fallback,heading_regex,low,8305,0.8105,0.0,0.45456,pg-20210930.htm,
80424,PROCTER & GAMBLE Co,consumer,core,0000080424-21-000129,10-Q,2021-10-19,RISK_FACTORS,FLAGGED,heading_regex_fallback,heading_regex_fallback,heading_regex,low,31,0.0,0.0,,pg-20210930.htm,
80424,PROCTER & GAMBLE Co,consumer,core,0000080424-22-000016,10-Q,2022-01-19,MDA,FLAGGED,heading_regex_fallback,heading_regex_fallback,heading_regex,low,12699,0.7516,0.0,0.46278,pg-20211231.htm,
80424,PROCTER & GAMBLE Co,consumer,core,0000080424-22-000016,10-Q,2022-01-19,RISK_FACTORS,FLAGGED,heading_regex_fallback,heading_regex_fallback,heading_regex,low,31,0.0,0.0,,pg-20211231.htm,
80424,PROCTER & GAMBLE Co,consumer,core,0000080424-22-000035,10-Q,2022-04-20,MDA,FLAGGED,heading_regex_fallback,heading_regex_fallback,heading_regex,low,12852,0.7595,0.0,0.46431,pg-20220331.htm,
80424,PROCTER & GAMBLE Co,consumer,core,0000080424-22-000035,10-Q,2022-04-20,RISK_FACTORS,FLAGGED,heading_regex_fallback,heading_regex_fallback,heading_regex,low,31,0.0,0.0,,pg-20220331.htm,
80424,PROCTER & GAMBLE Co,consumer,core,0000080424-22-000102,10-Q,2022-10-19,MDA,FLAGGED,heading_regex_fallback,heading_regex_fallback,heading_regex,low,7776,0.7852,0.0,0.45535,pg-20220930.htm,
80424,PROCTER & GAMBLE Co,consumer,core,0000080424-22-000102,10-Q,2022-10-19,RISK_FACTORS,FLAGGED,heading_regex_fallback,heading_regex_fallback,heading_regex,low,32,0.0,0.0,,pg-20220930.htm,
80424,PROCTER & GAMBLE Co,consumer,core,0000080424-23-000014,10-Q,2023-01-19,MDA,FLAGGED,heading_regex_fallback,heading_regex_fallback,heading_regex,low,11078,0.7692,0.0,0.45859,pg-20221231.htm,
80424,PROCTER & GAMBLE Co,consumer,core,0000080424-23-000014,10-Q,2023-01-19,RISK_FACTORS,FLAGGED,heading_regex_fallback,heading_regex_fallback,heading_regex,low,32,0.0,0.0,,pg-20221231.htm,
80424,PROCTER & GAMBLE Co,consumer,core,0000080424-23-000046,10-Q,2023-04-21,MDA,FLAGGED,heading_regex_fallback,heading_regex_fallback,heading_regex,low,11109,0.7829,0.0,0.46093,pg-20230331.htm,
80424,PROCTER & GAMBLE Co,consumer,core,0000080424-23-000046,10-Q,2023-04-21,RISK_FACTORS,FLAGGED,heading_regex_fallback,heading_regex_fallback,heading_regex,low,32,0.0,0.0,,pg-20230331.htm,
80661,PROGRESSIVE CORP/OH/,financials,core,0000080661-15-000040,10-Q,2015-08-05,MDA,FLAGGED,heading_regex_fallback,heading_regex_fallback,heading_regex,low,17166,0.5426,0.0,0.47384,pgr-201563010q2ndquarter.htm,
80661,PROGRESSIVE CORP/OH/,financials,core,0000080661-15-000040,10-Q,2015-08-05,RISK_FACTORS,FLAGGED,heading_regex_fallback,heading_regex_fallback,heading_regex,low,61,0.9344,0.0,0.71698,pgr-201563010q2ndquarter.htm,
80661,PROGRESSIVE CORP/OH/,financials,core,0000080661-15-000058,10-Q,2015-11-05,MDA,FLAGGED,heading_regex_fallback,heading_regex_fallback,heading_regex,low,17739,0.5498,0.0,0.48202,pgr-201593010q3rdquarter.htm,
80661,PROGRESSIVE CORP/OH/,financials,core,0000080661-15-000058,10-Q,2015-11-05,RISK_FACTORS,FLAGGED,heading_regex_fallback,heading_regex_fallback,heading_regex,low,66,0.9394,0.0,0.68421,pgr-201593010q3rdquarter.htm,
80661,PROGRESSIVE CORP/OH/,financials,core,0000080661-16-000097,10-Q,2016-05-05,MDA,FLAGGED,heading_regex_fallback,heading_regex_fallback,heading_regex,low,15674,0.5917,0.0,0.47038,pgr-201633110q1stquarter.htm,
80661,PROGRESSIVE CORP/OH/,financials,core,0000080661-16-000097,10-Q,2016-05-05,RISK_FACTORS,FLAGGED,heading_regex_fallback,heading_regex_fallback,heading_regex,low,45,0.9111,0.0,,pgr-201633110q1stquarter.htm,
80661,PROGRESSIVE CORP/OH/,financials,core,0000080661-16-000116,10-Q,2016-08-03,MDA,FLAGGED,heading_regex_fallback,heading_regex_fallback,heading_regex,low,17277,0.5786,0.0,0.4823,pgr-201663010q2ndquarter.htm,
80661,PROGRESSIVE CORP/OH/,financials,core,0000080661-16-000116,10-Q,2016-08-03,RISK_FACTORS,FLAGGED,heading_regex_fallback,heading_regex_fallback,heading_regex,low,45,0.9111,0.0,,pgr-201663010q2ndquarter.htm,
80661,PROGRESSIVE CORP/OH/,financials,core,0000080661-16-000128,10-Q,2016-11-03,MDA,FLAGGED,heading_regex_fallback,heading_regex_fallback,heading_regex,low,17431,0.5792,0.0,0.48584,pgr-201693010q3rdquarter.htm,
80661,PROGRESSIVE CORP/OH/,financials,core,0000080661-16-000128,10-Q,2016-11-03,RISK_FACTORS,FLAGGED,heading_regex_fallback,heading_regex_fallback,heading_regex,low,45,0.9111,0.0,,pgr-201693010q3rdquarter.htm,
80661,PROGRESSIVE CORP/OH/,financials,core,0000080661-17-000025,10-Q,2017-05-03,MDA,FLAGGED,heading_regex_fallback,heading_regex_fallback,heading_regex,low,13347,0.5406,0.0,0.4801,pgr-201733110q1stquarter.htm,
80661,PROGRESSIVE CORP/OH/,financials,core,0000080661-17-000025,10-Q,2017-05-03,RISK_FACTORS,FLAGGED,heading_regex_fallback,heading_regex_fallback,heading_regex,low,45,0.9111,0.0,,pgr-201733110q1stquarter.htm,
80661,PROGRESSIVE CORP/OH/,financials,core,0000080661-17-000052,10-Q,2017-08-02,MDA,FLAGGED,heading_regex_fallback,heading_regex_fallback,heading_regex,low,14897,0.5372,0.0,0.48829,pgr-201763010q2ndquarter.htm,
80661,PROGRESSIVE CORP/OH/,financials,core,0000080661-17-000052,10-Q,2017-08-02,RISK_FACTORS,FLAGGED,heading_regex_fallback,heading_regex_fallback,heading_regex,low,45,0.9111,0.0,,pgr-201763010q2ndquarter.htm,
80661,PROGRESSIVE CORP/OH/,financials,core,0000080661-17-000066,10-Q,2017-11-02,MDA,FLAGGED,heading_regex_fallback,heading_regex_fallback,heading_regex,low,14859,0.5226,0.0,0.49051,pgr-201793010q3rdquarter.htm,
80661,PROGRESSIVE CORP/OH/,financials,core,0000080661-17-000066,10-Q,2017-11-02,RISK_FACTORS,FLAGGED,heading_regex_fallback,heading_regex_fallback,heading_regex,low,45,0.9111,0.0,,pgr-201793010q3rdquarter.htm,
80661,PROGRESSIVE CORP/OH/,financials,core,0000080661-18-000025,10-Q,2018-05-02,MDA,FLAGGED,heading_regex_fallback,heading_regex_fallback,heading_regex,low,13212,0.5621,0.0,0.4801,pgr-201833110q1stquarter.htm,
80661,PROGRESSIVE CORP/OH/,financials,core,0000080661-18-000025,10-Q,2018-05-02,RISK_FACTORS,FLAGGED,heading_regex_fallback,heading_regex_fallback,heading_regex,low,45,0.9111,0.0,,pgr-201833110q1stquarter.htm,
80661,PROGRESSIVE CORP/OH/,financials,core,0000080661-18-000039,10-Q,2018-07-31,MDA,FLAGGED,heading_regex_fallback,heading_regex_fallback,heading_regex,low,14491,0.5673,0.0,0.48952,pgr-201863010q2ndquarter.htm,
80661,PROGRESSIVE CORP/OH/,financials,core,0000080661-18-000039,10-Q,2018-07-31,RISK_FACTORS,FLAGGED,heading_regex_fallback,heading_regex_fallback,heading_regex,low,45,0.9111,0.0,,pgr-201863010q2ndquarter.htm,
80661,PROGRESSIVE CORP/OH/,financials,core,0000080661-18-000050,10-Q,2018-10-31,MDA,FLAGGED,heading_regex_fallback,heading_regex_fallback,heading_regex,low,14446,0.5836,0.0,0.49311,pgr-201893010q3rdquarter.htm,
80661,PROGRESSIVE CORP/OH/,financials,core,0000080661-18-000050,10-Q,2018-10-31,RISK_FACTORS,FLAGGED,heading_regex_fallback,heading_regex_fallback,heading_regex,low,45,0.9111,0.0,,pgr-201893010q3rdquarter.htm,
80661,PROGRESSIVE CORP/OH/,financials,core,0000080661-19-000023,10-Q,2019-05-01,MDA,FLAGGED,heading_regex_fallback,heading_regex_fallback,heading_regex,low,13326,0.577,0.0,0.47797,pgr-201933110q1stquart.htm,
80661,PROGRESSIVE CORP/OH/,financials,core,0000080661-19-000023,10-Q,2019-05-01,RISK_FACTORS,FLAGGED,heading_regex_fallback,heading_regex_fallback,heading_regex,low,46,0.0,0.0,,pgr-201933110q1stquart.htm,
80661,PROGRESSIVE CORP/OH/,financials,core,0000080661-19-000034,10-Q,2019-08-07,MDA,FLAGGED,heading_regex_fallback,heading_regex_fallback,heading_regex,low,13903,0.575,0.0,0.48838,pgr-201963010q2ndquart.htm,
80661,PROGRESSIVE CORP/OH/,financials,core,0000080661-19-000034,10-Q,2019-08-07,RISK_FACTORS,FLAGGED,heading_regex_fallback,heading_regex_fallback,heading_regex,low,46,0.0,0.0,,pgr-201963010q2ndquart.htm,
80661,PROGRESSIVE CORP/OH/,financials,core,0000080661-19-000043,10-Q,2019-11-06,MDA,FLAGGED,heading_regex_fallback,heading_regex_fallback,heading_regex,low,14078,0.5788,0.0,0.49043,pgr-201993010q3rdquart.htm,
80661,PROGRESSIVE CORP/OH/,financials,core,0000080661-19-000043,10-Q,2019-11-06,RISK_FACTORS,FLAGGED,heading_regex_fallback,heading_regex_fallback,heading_regex,low,46,0.0,0.0,,pgr-201993010q3rdquart.htm,
80661,PROGRESSIVE CORP/OH/,financials,core,0000080661-20-000020,10-Q,2020-05-05,MDA,FLAGGED,heading_regex_fallback,heading_regex_fallback,heading_regex,low,15291,0.6385,0.0,0.47509,pgr-202033110q1stquart.htm,
80661,PROGRESSIVE CORP/OH/,financials,core,0000080661-20-000020,10-Q,2020-05-05,RISK_FACTORS,FLAGGED,heading_regex_fallback,heading_regex_fallback,heading_regex,low,900,0.8211,0.0,0.49772,pgr-202033110q1stquart.htm,
80661,PROGRESSIVE CORP/OH/,financials,core,0000080661-20-000032,10-Q,2020-08-04,MDA,FLAGGED,heading_regex_fallback,heading_regex_fallback,heading_regex,low,14813,0.5953,0.0,0.48451,pgr-202063010q2ndquart.htm,
80661,PROGRESSIVE CORP/OH/,financials,core,0000080661-20-000032,10-Q,2020-08-04,RISK_FACTORS,FLAGGED,heading_regex_fallback,heading_regex_fallback,heading_regex,low,52,0.0,0.0,,pgr-202063010q2ndquart.htm,
80661,PROGRESSIVE CORP/OH/,financials,core,0000080661-20-000040,10-Q,2020-11-03,MDA,FLAGGED,heading_regex_fallback,heading_regex_fallback,heading_regex,low,13826,0.6392,0.0,0.48918,pgr-20200930.htm,
80661,PROGRESSIVE CORP/OH/,financials,core,0000080661-20-000040,10-Q,2020-11-03,RISK_FACTORS,FLAGGED,heading_regex_fallback,heading_regex_fallback,heading_regex,low,52,0.0,0.0,,pgr-20200930.htm,
80661,PROGRESSIVE CORP/OH/,financials,core,0000080661-21-000030,10-Q,2021-05-04,MDA,FLAGGED,heading_regex_fallback,heading_regex_fallback,heading_regex,low,11773,0.6243,0.0,0.48072,pgr-20210331.htm,
80661,PROGRESSIVE CORP/OH/,financials,core,0000080661-21-000030,10-Q,2021-05-04,RISK_FACTORS,FLAGGED,heading_regex_fallback,heading_regex_fallback,heading_regex,low,37,0.0,0.0,,pgr-20210331.htm,
80661,PROGRESSIVE CORP/OH/,financials,core,0000080661-21-000044,10-Q,2021-08-03,MDA,FLAGGED,heading_regex_fallback,heading_regex_fallback,heading_regex,low,13966,0.6538,0.0,0.49394,pgr-20210630.htm,
80661,PROGRESSIVE CORP/OH/,financials,core,0000080661-21-000044,10-Q,2021-08-03,RISK_FACTORS,FLAGGED,heading_regex_fallback,heading_regex_fallback,heading_regex,low,37,0.0,0.0,,pgr-20210630.htm,
80661,PROGRESSIVE CORP/OH/,financials,core,0000080661-21-000053,10-Q,2021-11-02,MDA,FLAGGED,heading_regex_fallback,heading_regex_fallback,heading_regex,low,13804,0.6531,0.0,0.4929,pgr-20210930.htm,
80661,PROGRESSIVE CORP/OH/,financials,core,0000080661-21-000053,10-Q,2021-11-02,RISK_FACTORS,FLAGGED,heading_regex_fallback,heading_regex_fallback,heading_regex,low,37,0.0,0.0,,pgr-20210930.htm,
80661,PROGRESSIVE CORP/OH/,financials,core,0000080661-22-000058,10-Q,2022-05-02,MDA,FLAGGED,heading_regex_fallback,heading_regex_fallback,heading_regex,low,12759,0.6487,0.0,0.47834,pgr-20220331.htm,
80661,PROGRESSIVE CORP/OH/,financials,core,0000080661-22-000058,10-Q,2022-05-02,RISK_FACTORS,FLAGGED,heading_regex_fallback,heading_regex_fallback,heading_regex,low,37,0.0,0.0,,pgr-20220331.htm,
80661,PROGRESSIVE CORP/OH/,financials,core,0000080661-22-000071,10-Q,2022-08-02,MDA,FLAGGED,heading_regex_fallback,heading_regex_fallback,heading_regex,low,14619,0.677,0.0,0.48713,pgr-20220630.htm,
80661,PROGRESSIVE CORP/OH/,financials,core,0000080661-22-000071,10-Q,2022-08-02,RISK_FACTORS,FLAGGED,heading_regex_fallback,heading_regex_fallback,heading_regex,low,37,0.0,0.0,,pgr-20220630.htm,
80661,PROGRESSIVE CORP/OH/,financials,core,0000080661-22-000080,10-Q,2022-11-01,MDA,FLAGGED,heading_regex_fallback,heading_regex_fallback,heading_regex,low,15469,0.6925,0.0,0.49385,pgr-20220930.htm,
80661,PROGRESSIVE CORP/OH/,financials,core,0000080661-22-000080,10-Q,2022-11-01,RISK_FACTORS,FLAGGED,heading_regex_fallback,heading_regex_fallback,heading_regex,low,37,0.0,0.0,,pgr-20220930.htm,
80661,PROGRESSIVE CORP/OH/,financials,core,0000080661-23-000023,10-Q,2023-05-02,MDA,FLAGGED,heading_regex_fallback,heading_regex_fallback,heading_regex,low,14228,0.6362,0.0,0.47665,pgr-20230331.htm,
80661,PROGRESSIVE CORP/OH/,financials,core,0000080661-23-000023,10-Q,2023-05-02,RISK_FACTORS,FLAGGED,heading_regex_fallback,heading_regex_fallback,heading_regex,low,37,0.0,0.0,,pgr-20230331.htm,
80661,PROGRESSIVE CORP/OH/,financials,core,0000080661-23-000037,10-Q,2023-08-01,MDA,FLAGGED,heading_regex_fallback,heading_regex_fallback,heading_regex,low,16541,0.664,0.0,0.48773,pgr-20230630.htm,
80661,PROGRESSIVE CORP/OH/,financials,core,0000080661-23-000037,10-Q,2023-08-01,RISK_FACTORS,FLAGGED,heading_regex_fallback,heading_regex_fallback,heading_regex,low,37,0.0,0.0,,pgr-20230630.htm,
80661,PROGRESSIVE CORP/OH/,financials,core,0000080661-23-000049,10-Q,2023-10-31,MDA,FLAGGED,heading_regex_fallback,heading_regex_fallback,heading_regex,low,16155,0.6662,0.0,0.4881,pgr-20230930.htm,
80661,PROGRESSIVE CORP/OH/,financials,core,0000080661-23-000049,10-Q,2023-10-31,RISK_FACTORS,FLAGGED,heading_regex_fallback,heading_regex_fallback,heading_regex,low,37,0.0,0.0,,pgr-20230930.htm,
80661,PROGRESSIVE CORP/OH/,financials,core,0000080661-24-000018,10-Q,2024-05-06,MDA,FLAGGED,heading_regex_fallback,heading_regex_fallback,heading_regex,low,14134,0.6397,0.0,0.47506,pgr-20240331.htm,
80661,PROGRESSIVE CORP/OH/,financials,core,0000080661-24-000018,10-Q,2024-05-06,RISK_FACTORS,FLAGGED,heading_regex_fallback,heading_regex_fallback,heading_regex,low,37,0.0,0.0,,pgr-20240331.htm,
80661,PROGRESSIVE CORP/OH/,financials,core,0000080661-24-000031,10-Q,2024-08-05,MDA,FLAGGED,heading_regex_fallback,heading_regex_fallback,heading_regex,low,15686,0.6347,0.0,0.4865,pgr-20240630.htm,
80661,PROGRESSIVE CORP/OH/,financials,core,0000080661-24-000031,10-Q,2024-08-05,RISK_FACTORS,FLAGGED,heading_regex_fallback,heading_regex_fallback,heading_regex,low,37,0.0,0.0,,pgr-20240630.htm,
80661,PROGRESSIVE CORP/OH/,financials,core,0000080661-24-000045,10-Q,2024-11-04,MDA,FLAGGED,heading_regex_fallback,heading_regex_fallback,heading_regex,low,16214,0.6508,0.0,0.48909,pgr-20240930.htm,
80661,PROGRESSIVE CORP/OH/,financials,core,0000080661-24-000045,10-Q,2024-11-04,RISK_FACTORS,FLAGGED,heading_regex_fallback,heading_regex_fallback,heading_regex,low,37,0.0,0.0,,pgr-20240930.htm,
80661,PROGRESSIVE CORP/OH/,financials,core,0000080661-25-000023,10-Q,2025-05-05,MDA,FLAGGED,heading_regex_fallback,heading_regex_fallback,heading_regex,low,14166,0.6333,0.0,0.46897,pgr-20250331.htm,
80661,PROGRESSIVE CORP/OH/,financials,core,0000080661-25-000023,10-Q,2025-05-05,RISK_FACTORS,FLAGGED,heading_regex_fallback,heading_regex_fallback,heading_regex,low,37,0.0,0.0,,pgr-20250331.htm,
80661,PROGRESSIVE CORP/OH/,financials,core,0000080661-25-000051,10-Q,2025-08-04,MDA,FLAGGED,heading_regex_fallback,heading_regex_fallback,heading_regex,low,15298,0.6445,0.0,0.47693,pgr-20250630.htm,
80661,PROGRESSIVE CORP/OH/,financials,core,0000080661-25-000051,10-Q,2025-08-04,RISK_FACTORS,FLAGGED,heading_regex_fallback,heading_regex_fallback,heading_regex,low,37,0.0,0.0,,pgr-20250630.htm,
80661,PROGRESSIVE CORP/OH/,financials,core,0000080661-25-000129,10-Q,2025-11-03,MDA,FLAGGED,heading_regex_fallback,heading_regex_fallback,heading_regex,low,16427,0.6543,0.0,0.47932,pgr-20250930.htm,
80661,PROGRESSIVE CORP/OH/,financials,core,0000080661-25-000129,10-Q,2025-11-03,RISK_FACTORS,FLAGGED,heading_regex_fallback,heading_regex_fallback,heading_regex,low,37,0.0,0.0,,pgr-20250930.htm,
80661,PROGRESSIVE CORP/OH/,financials,core,0000080661-26-000177,10-Q,2026-05-04,MDA,FLAGGED,heading_regex_fallback,heading_regex_fallback,heading_regex,low,12188,0.6657,0.0,0.47854,pgr-20260331.htm,
80661,PROGRESSIVE CORP/OH/,financials,core,0000080661-26-000177,10-Q,2026-05-04,RISK_FACTORS,FLAGGED,heading_regex_fallback,heading_regex_fallback,heading_regex,low,37,0.0,0.0,,pgr-20260331.htm,
80661,PROGRESSIVE CORP/OH/,financials,core,0000080661-26-000308,10-Q,2026-08-03,MDA,FLAGGED,heading_regex_fallback,heading_regex_fallback,heading_regex,low,12453,0.6584,0.0,0.48583,pgr-20260630.htm,
80661,PROGRESSIVE CORP/OH/,financials,core,0000080661-26-000308,10-Q,2026-08-03,RISK_FACTORS,FLAGGED,heading_regex_fallback,heading_regex_fallback,heading_regex,low,37,0.0,0.0,,pgr-20260630.htm,
1032208,SEMPRA,utilities,extension,0000086521-15-000046,10-Q,2015-08-04,MDA,FLAGGED,heading_regex_fallback,heading_regex_fallback,heading_regex,low,23784,0.6158,0.0,0.48134,sre10q06302015.htm,
1032208,SEMPRA,utilities,extension,0000086521-15-000046,10-Q,2015-08-04,RISK_FACTORS,FLAGGED,heading_regex_fallback,heading_regex_fallback,heading_regex,low,31,0.0,0.0,,sre10q06302015.htm,
1032208,SEMPRA,utilities,extension,0000086521-15-000067,10-Q,2015-11-03,MDA,FLAGGED,heading_regex_fallback,heading_regex_fallback,heading_regex,low,25903,0.6213,0.0,0.47992,sre10q09302015.htm,
1032208,SEMPRA,utilities,extension,0000086521-15-000067,10-Q,2015-11-03,RISK_FACTORS,FLAGGED,heading_regex_fallback,heading_regex_fallback,heading_regex,low,31,0.0,0.0,,sre10q09302015.htm,
1032208,SEMPRA,utilities,extension,0000086521-16-000100,10-Q,2016-05-04,MDA,FLAGGED,heading_regex_fallback,heading_regex_fallback,heading_regex,low,22305,0.7218,0.0,0.45625,sre10q03312016.htm,
1032208,SEMPRA,utilities,extension,0000086521-16-000100,10-Q,2016-05-04,RISK_FACTORS,FLAGGED,heading_regex_fallback,heading_regex_fallback,heading_regex,low,31,0.0,0.0,,sre10q03312016.htm,
1032208,SEMPRA,utilities,extension,0000086521-16-000123,10-Q,2016-08-04,MDA,FLAGGED,heading_regex_fallback,heading_regex_fallback,heading_regex,low,29443,0.6721,0.0,0.47169,sre10q06302016.htm,
1032208,SEMPRA,utilities,extension,0000086521-16-000123,10-Q,2016-08-04,RISK_FACTORS,FLAGGED,heading_regex_fallback,heading_regex_fallback,heading_regex,low,31,0.0,0.0,,sre10q06302016.htm,
92122,SOUTHERN CO,utilities,extension,0000092122-15-000066,10-Q,2015-08-05,MDA,FLAGGED,head_keyword_absent,head_keyword_absent,anchor,medium,15816,0.651,0.0,0.47275,so_10qx6302015.htm,
92122,SOUTHERN CO,utilities,extension,0000092122-15-000107,10-Q,2015-11-05,MDA,FLAGGED,head_keyword_absent,head_keyword_absent,anchor,medium,19156,0.6606,0.0,0.47213,so_10qx9302015.htm,
92122,SOUTHERN CO,utilities,extension,0000092122-16-000144,10-Q,2016-05-05,MDA,FLAGGED,head_keyword_absent,head_keyword_absent,anchor,medium,12571,0.5894,0.0,0.47595,so_10qx3312016.htm,
92122,SOUTHERN CO,utilities,extension,0000092122-16-000179,10-Q,2016-08-08,MDA,FLAGGED,head_keyword_absent,head_keyword_absent,anchor,medium,15586,0.5325,0.0,0.48241,so_10qx6302016.htm,
92122,SOUTHERN CO,utilities,extension,0000092122-16-000213,10-Q,2016-11-04,MDA,FLAGGED,head_keyword_absent,head_keyword_absent,anchor,medium,20369,0.5312,0.0,0.47838,so_10qx9302016.htm,
92122,SOUTHERN CO,utilities,extension,0000092122-17-000024,10-Q,2017-05-03,MDA,FLAGGED,head_keyword_absent,head_keyword_absent,anchor,medium,19635,0.6163,0.0,0.47251,so_10qx3312017.htm,
92122,SOUTHERN CO,utilities,extension,0000092122-17-000065,10-Q,2017-08-02,MDA,FLAGGED,head_keyword_absent,head_keyword_absent,anchor,medium,23773,0.5759,0.0,0.47407,so_10qx6302017.htm,
92122,SOUTHERN CO,utilities,extension,0000092122-17-000076,10-Q,2017-11-01,MDA,FLAGGED,head_keyword_absent,head_keyword_absent,anchor,medium,26558,0.5981,0.0,0.47286,so_10qx9302017.htm,
92122,SOUTHERN CO,utilities,extension,0000092122-18-000027,10-Q,2018-05-02,MDA,FLAGGED,head_keyword_absent,head_keyword_absent,anchor,medium,18107,0.6356,0.0,0.46934,so_10qx3312018.htm,
92122,SOUTHERN CO,utilities,extension,0000092122-18-000050,10-Q,2018-08-08,MDA,FLAGGED,head_keyword_absent,head_keyword_absent,anchor,medium,24740,0.5824,0.0,0.47317,so_10qx6302018.htm,
92122,SOUTHERN CO,utilities,extension,0000092122-18-000062,10-Q,2018-11-07,MDA,FLAGGED,head_keyword_absent,head_keyword_absent,anchor,medium,29469,0.5884,0.0,0.4719,so_10qx9302018.htm,
92122,SOUTHERN CO,utilities,extension,0000092122-19-000016,10-Q,2019-05-01,MDA,FLAGGED,head_keyword_absent,head_keyword_absent,anchor,medium,16824,0.5219,0.0,0.46659,so_10qx3312019.htm,
92122,SOUTHERN CO,utilities,extension,0000092122-19-000037,10-Q,2019-07-31,MDA,FLAGGED,head_keyword_absent,head_keyword_absent,anchor,medium,21191,0.5069,0.0,0.47414,so10q6302019.htm,
92122,SOUTHERN CO,utilities,extension,0000092122-19-000053,10-Q,2019-10-30,MDA,FLAGGED,head_keyword_absent,head_keyword_absent,anchor,medium,24431,0.5113,0.0,0.46826,so10q9302019.htm,
92230,TRUIST FINANCIAL CORP,financials,core,0000092230-22-000083,10-Q,2022-08-01,MDA,FLAGGED,head_keyword_absent,head_keyword_absent,anchor,medium,11889,0.6201,0.0,0.50176,tfc-20220630.htm,
92230,TRUIST FINANCIAL CORP,financials,core,0000092230-22-000110,10-Q,2022-10-31,MDA,FLAGGED,head_keyword_absent,head_keyword_absent,anchor,medium,12148,0.6317,0.0,0.50086,tfc-20220930.htm,
92230,TRUIST FINANCIAL CORP,financials,core,0000092230-23-000047,10-Q,2023-05-01,MDA,FLAGGED,head_keyword_absent,head_keyword_absent,anchor,medium,8585,0.4963,0.0,0.49068,tfc-20230331.htm,
92230,TRUIST FINANCIAL CORP,financials,core,0000092230-23-000067,10-Q,2023-07-31,MDA,FLAGGED,head_keyword_absent,head_keyword_absent,anchor,medium,11116,0.496,0.0,0.50288,tfc-20230630.htm,
92230,TRUIST FINANCIAL CORP,financials,core,0000092230-23-000084,10-Q,2023-10-31,MDA,FLAGGED,head_keyword_absent,head_keyword_absent,anchor,medium,11838,0.4984,0.0,0.49402,tfc-20230930.htm,
92230,TRUIST FINANCIAL CORP,financials,core,0000092230-24-000025,10-Q,2024-05-09,MDA,FLAGGED,head_keyword_absent,head_keyword_absent,anchor,medium,9153,0.437,0.0,0.48441,tfc-20240331.htm,
92230,TRUIST FINANCIAL CORP,financials,core,0000092230-24-000045,10-Q,2024-08-08,MDA,FLAGGED,head_keyword_absent,head_keyword_absent,anchor,medium,12333,0.4957,0.0,0.48537,tfc-20240630.htm,
92230,TRUIST FINANCIAL CORP,financials,core,0000092230-24-000079,10-Q,2024-11-01,MDA,FLAGGED,head_keyword_absent,head_keyword_absent,anchor,medium,12312,0.4751,0.0,0.48114,tfc-20240930.htm,
92230,TRUIST FINANCIAL CORP,financials,core,0000092230-25-000050,10-Q,2025-04-30,MDA,FLAGGED,head_keyword_absent,head_keyword_absent,anchor,medium,7724,0.3944,0.0,0.48108,tfc-20250331.htm,
92230,TRUIST FINANCIAL CORP,financials,core,0000092230-25-000123,10-Q,2025-07-31,MDA,FLAGGED,head_keyword_absent,head_keyword_absent,anchor,medium,9792,0.3974,0.0,0.49338,tfc-20250630.htm,
92230,TRUIST FINANCIAL CORP,financials,core,0000092230-25-000157,10-Q,2025-10-30,MDA,FLAGGED,head_keyword_absent,head_keyword_absent,anchor,medium,9466,0.349,0.0,0.4935,tfc-20250930.htm,
92230,TRUIST FINANCIAL CORP,financials,core,0000092230-26-000062,10-Q,2026-05-01,MDA,FLAGGED,head_keyword_absent,head_keyword_absent,anchor,medium,13244,0.5531,0.0,0.44055,tfc-20260331.htm,
92230,TRUIST FINANCIAL CORP,financials,core,0000092230-26-000099,10-Q,2026-07-31,MDA,FLAGGED,head_keyword_absent,head_keyword_absent,anchor,medium,15041,0.4952,0.0,0.45346,tfc-20260630.htm,
97476,TEXAS INSTRUMENTS INC,tech,core,0000097476-19-000009,10-Q,2019-10-31,MDA,FLAGGED,heading_regex_fallback,heading_regex_fallback,heading_regex,low,2659,0.5585,0.0,0.56834,txn-20190930.htm,
97476,TEXAS INSTRUMENTS INC,tech,core,0000097476-19-000009,10-Q,2019-10-31,RISK_FACTORS,FLAGGED,heading_regex_fallback,heading_regex_fallback,heading_regex,low,31,0.0,0.0,,txn-20190930.htm,
97476,TEXAS INSTRUMENTS INC,tech,core,0000097476-20-000017,10-Q,2020-04-22,MDA,FLAGGED,heading_regex_fallback,heading_regex_fallback,heading_regex,low,2583,0.6616,0.0,0.54515,txn-20200331.htm,
97476,TEXAS INSTRUMENTS INC,tech,core,0000097476-20-000017,10-Q,2020-04-22,RISK_FACTORS,FLAGGED,heading_regex_fallback,heading_regex_fallback,heading_regex,low,3826,0.897,0.0,0.49404,txn-20200331.htm,
97476,TEXAS INSTRUMENTS INC,tech,core,0000097476-20-000026,10-Q,2020-07-22,MDA,FLAGGED,heading_regex_fallback,heading_regex_fallback,heading_regex,low,3156,0.6027,0.0,0.55825,txn-20200630.htm,
97476,TEXAS INSTRUMENTS INC,tech,core,0000097476-20-000026,10-Q,2020-07-22,RISK_FACTORS,FLAGGED,heading_regex_fallback,heading_regex_fallback,heading_regex,low,31,0.0,0.0,,txn-20200630.htm,
97476,TEXAS INSTRUMENTS INC,tech,core,0000097476-21-000013,10-Q,2021-04-28,MDA,FLAGGED,heading_regex_fallback,heading_regex_fallback,heading_regex,low,2020,0.5233,0.0,0.55195,txn-20210331.htm,
97476,TEXAS INSTRUMENTS INC,tech,core,0000097476-21-000013,10-Q,2021-04-28,RISK_FACTORS,FLAGGED,heading_regex_fallback,heading_regex_fallback,heading_regex,low,31,0.0,0.0,,txn-20210331.htm,
97476,TEXAS INSTRUMENTS INC,tech,core,0000097476-21-000020,10-Q,2021-07-22,MDA,FLAGGED,heading_regex_fallback,heading_regex_fallback,heading_regex,low,2419,0.4787,0.0,0.56526,txn-20210630.htm,
97476,TEXAS INSTRUMENTS INC,tech,core,0000097476-21-000020,10-Q,2021-07-22,RISK_FACTORS,FLAGGED,heading_regex_fallback,heading_regex_fallback,heading_regex,low,31,0.0,0.0,,txn-20210630.htm,
97476,TEXAS INSTRUMENTS INC,tech,core,0000097476-21-000032,10-Q,2021-10-27,MDA,FLAGGED,heading_regex_fallback,heading_regex_fallback,heading_regex,low,2420,0.5153,0.0,0.56526,txn-20210930.htm,
97476,TEXAS INSTRUMENTS INC,tech,core,0000097476-21-000032,10-Q,2021-10-27,RISK_FACTORS,FLAGGED,heading_regex_fallback,heading_regex_fallback,heading_regex,low,31,0.0,0.0,,txn-20210930.htm,
97476,TEXAS INSTRUMENTS INC,tech,core,0000097476-22-000028,10-Q,2022-04-27,MDA,FLAGGED,heading_regex_fallback,heading_regex_fallback,heading_regex,low,1925,0.5345,0.0,0.55793,txn-20220331.htm,
97476,TEXAS INSTRUMENTS INC,tech,core,0000097476-22-000028,10-Q,2022-04-27,RISK_FACTORS,FLAGGED,heading_regex_fallback,heading_regex_fallback,heading_regex,low,31,0.0,0.0,,txn-20220331.htm,
97476,TEXAS INSTRUMENTS INC,tech,core,0000097476-22-000040,10-Q,2022-07-27,MDA,FLAGGED,heading_regex_fallback,heading_regex_fallback,heading_regex,low,2131,0.4252,0.0,0.57395,txn-20220630.htm,
97476,TEXAS INSTRUMENTS INC,tech,core,0000097476-22-000040,10-Q,2022-07-27,RISK_FACTORS,FLAGGED,heading_regex_fallback,heading_regex_fallback,heading_regex,low,31,0.0,0.0,,txn-20220630.htm,
97476,TEXAS INSTRUMENTS INC,tech,core,0000097476-22-000048,10-Q,2022-10-26,MDA,FLAGGED,heading_regex_fallback,heading_regex_fallback,heading_regex,low,2291,0.4448,0.0,0.5669,txn-20220930.htm,
97476,TEXAS INSTRUMENTS INC,tech,core,0000097476-22-000048,10-Q,2022-10-26,RISK_FACTORS,FLAGGED,heading_regex_fallback,heading_regex_fallback,heading_regex,low,31,0.0,0.0,,txn-20220930.htm,
97476,TEXAS INSTRUMENTS INC,tech,core,0000097476-23-000025,10-Q,2023-04-26,MDA,FLAGGED,heading_regex_fallback,heading_regex_fallback,heading_regex,low,1904,0.489,0.0,0.56451,txn-20230331.htm,
97476,TEXAS INSTRUMENTS INC,tech,core,0000097476-23-000025,10-Q,2023-04-26,RISK_FACTORS,FLAGGED,heading_regex_fallback,heading_regex_fallback,heading_regex,low,31,0.0,0.0,,txn-20230331.htm,
97476,TEXAS INSTRUMENTS INC,tech,core,0000097476-23-000035,10-Q,2023-07-26,MDA,FLAGGED,heading_regex_fallback,heading_regex_fallback,heading_regex,low,2303,0.4082,0.0,0.57796,txn-20230630.htm,
97476,TEXAS INSTRUMENTS INC,tech,core,0000097476-23-000035,10-Q,2023-07-26,RISK_FACTORS,FLAGGED,heading_regex_fallback,heading_regex_fallback,heading_regex,low,31,0.0,0.0,,txn-20230630.htm,
97476,TEXAS INSTRUMENTS INC,tech,core,0000097476-23-000041,10-Q,2023-10-25,MDA,FLAGGED,heading_regex_fallback,heading_regex_fallback,heading_regex,low,2349,0.4432,0.0,0.57639,txn-20230930.htm,
97476,TEXAS INSTRUMENTS INC,tech,core,0000097476-23-000041,10-Q,2023-10-25,RISK_FACTORS,FLAGGED,heading_regex_fallback,heading_regex_fallback,heading_regex,low,31,0.0,0.0,,txn-20230930.htm,
97476,TEXAS INSTRUMENTS INC,tech,core,0000097476-24-000021,10-Q,2024-04-24,MDA,FLAGGED,heading_regex_fallback,heading_regex_fallback,heading_regex,low,1882,0.5213,0.0,0.56313,txn-20240331.htm,
97476,TEXAS INSTRUMENTS INC,tech,core,0000097476-24-000021,10-Q,2024-04-24,RISK_FACTORS,FLAGGED,heading_regex_fallback,heading_regex_fallback,heading_regex,low,31,0.0,0.0,,txn-20240331.htm,
97476,TEXAS INSTRUMENTS INC,tech,core,0000097476-24-000030,10-Q,2024-07-24,MDA,FLAGGED,heading_regex_fallback,heading_regex_fallback,heading_regex,low,2357,0.4731,0.0,0.57406,txn-20240630.htm,
97476,TEXAS INSTRUMENTS INC,tech,core,0000097476-24-000030,10-Q,2024-07-24,RISK_FACTORS,FLAGGED,heading_regex_fallback,heading_regex_fallback,heading_regex,low,31,0.0,0.0,,txn-20240630.htm,
97476,TEXAS INSTRUMENTS INC,tech,core,0000097476-24-000042,10-Q,2024-10-23,MDA,FLAGGED,heading_regex_fallback,heading_regex_fallback,heading_regex,low,2324,0.4604,0.0,0.57692,txn-20240930.htm,
97476,TEXAS INSTRUMENTS INC,tech,core,0000097476-24-000042,10-Q,2024-10-23,RISK_FACTORS,FLAGGED,heading_regex_fallback,heading_regex_fallback,heading_regex,low,31,0.0,0.0,,txn-20240930.htm,
97476,TEXAS INSTRUMENTS INC,tech,core,0000097476-25-000027,10-Q,2025-04-24,MDA,FLAGGED,heading_regex_fallback,heading_regex_fallback,heading_regex,low,1920,0.4984,0.0,0.56476,txn-20250331.htm,
97476,TEXAS INSTRUMENTS INC,tech,core,0000097476-25-000027,10-Q,2025-04-24,RISK_FACTORS,FLAGGED,heading_regex_fallback,heading_regex_fallback,heading_regex,low,31,0.0,0.0,,txn-20250331.htm,
97476,TEXAS INSTRUMENTS INC,tech,core,0000097476-25-000036,10-Q,2025-07-29,MDA,FLAGGED,heading_regex_fallback,heading_regex_fallback,heading_regex,low,3211,0.6082,0.0,0.5453,txn-20250630.htm,
97476,TEXAS INSTRUMENTS INC,tech,core,0000097476-25-000036,10-Q,2025-07-29,RISK_FACTORS,FLAGGED,heading_regex_fallback,heading_regex_fallback,heading_regex,low,31,0.0,0.0,,txn-20250630.htm,
97476,TEXAS INSTRUMENTS INC,tech,core,0000097476-25-000060,10-Q,2025-10-23,MDA,FLAGGED,heading_regex_fallback,heading_regex_fallback,heading_regex,low,3352,0.6053,0.0,0.5394,txn-20250930.htm,
97476,TEXAS INSTRUMENTS INC,tech,core,0000097476-25-000060,10-Q,2025-10-23,RISK_FACTORS,FLAGGED,heading_regex_fallback,heading_regex_fallback,heading_regex,low,31,0.0,0.0,,txn-20250930.htm,
97476,TEXAS INSTRUMENTS INC,tech,core,0000097476-26-000101,10-Q,2026-04-24,MDA,FLAGGED,heading_regex_fallback,heading_regex_fallback,heading_regex,low,2686,0.5994,0.0,0.53493,txn-20260331.htm,
97476,TEXAS INSTRUMENTS INC,tech,core,0000097476-26-000101,10-Q,2026-04-24,RISK_FACTORS,FLAGGED,heading_regex_fallback,heading_regex_fallback,heading_regex,low,31,0.0,0.0,,txn-20260331.htm,
97476,TEXAS INSTRUMENTS INC,tech,core,0000097476-26-000152,10-Q,2026-07-24,MDA,FLAGGED,heading_regex_fallback,heading_regex_fallback,heading_regex,low,3111,0.5725,0.0,0.54168,txn-20260630.htm,
97476,TEXAS INSTRUMENTS INC,tech,core,0000097476-26-000152,10-Q,2026-07-24,RISK_FACTORS,FLAGGED,heading_regex_fallback,heading_regex_fallback,heading_regex,low,31,0.0,0.0,,txn-20260630.htm,
97745,THERMO FISHER SCIENTIFIC INC.,industrials,extension,0000097745-15-000026,10-Q,2015-07-31,MDA,FLAGGED,heading_regex_fallback,heading_regex_fallback,heading_regex,low,8036,0.8257,0.0,0.59232,tmoq215.htm,
97745,THERMO FISHER SCIENTIFIC INC.,industrials,extension,0000097745-15-000026,10-Q,2015-07-31,RISK_FACTORS,FLAGGED,heading_regex_fallback,heading_regex_fallback,heading_regex,low,4475,0.8295,0.0,0.50216,tmoq215.htm,
97745,THERMO FISHER SCIENTIFIC INC.,industrials,extension,0000097745-15-000031,10-Q,2015-10-30,MDA,FLAGGED,heading_regex_fallback,heading_regex_fallback,heading_regex,low,7506,0.8135,0.0,0.59528,tmoq315.htm,
97745,THERMO FISHER SCIENTIFIC INC.,industrials,extension,0000097745-15-000031,10-Q,2015-10-30,RISK_FACTORS,FLAGGED,heading_regex_fallback,heading_regex_fallback,heading_regex,low,4450,0.8335,0.0,0.50297,tmoq315.htm,
100885,UNION PACIFIC CORP,industrials,extension,0000100885-16-000339,10-Q,2016-04-21,MDA,FLAGGED,below_length_floor,heading_regex_fallback|below_length_floor,heading_regex,low,15,0.0,0.0,,unp-20160331x10q.htm,
100885,UNION PACIFIC CORP,industrials,extension,0000100885-16-000339,10-Q,2016-04-21,RISK_FACTORS,FAIL,no_toc_and_no_heading_match,no_toc_and_no_heading_match,none,low,0,0.0,,,unp-20160331x10q.htm,
100885,UNION PACIFIC CORP,industrials,extension,0000100885-16-000400,10-Q,2016-07-21,MDA,FLAGGED,below_length_floor,heading_regex_fallback|below_length_floor,heading_regex,low,15,0.0,0.0,,unp-20160630x10q.htm,
100885,UNION PACIFIC CORP,industrials,extension,0000100885-16-000400,10-Q,2016-07-21,RISK_FACTORS,FAIL,no_toc_and_no_heading_match,no_toc_and_no_heading_match,none,low,0,0.0,,,unp-20160630x10q.htm,
100885,UNION PACIFIC CORP,industrials,extension,0000100885-16-000454,10-Q,2016-10-20,MDA,FLAGGED,below_length_floor,heading_regex_fallback|below_length_floor,heading_regex,low,15,0.0,0.0,,unp-20160930x10q.htm,
100885,UNION PACIFIC CORP,industrials,extension,0000100885-16-000454,10-Q,2016-10-20,RISK_FACTORS,FAIL,no_toc_and_no_heading_match,no_toc_and_no_heading_match,none,low,0,0.0,,,unp-20160930x10q.htm,
100885,UNION PACIFIC CORP,industrials,extension,0000100885-17-000114,10-Q,2017-04-27,MDA,FLAGGED,below_length_floor,heading_regex_fallback|below_length_floor,heading_regex,low,15,0.0,0.0,,unp-20170331x10q.htm,
100885,UNION PACIFIC CORP,industrials,extension,0000100885-17-000114,10-Q,2017-04-27,RISK_FACTORS,FAIL,no_toc_and_no_heading_match,no_toc_and_no_heading_match,none,low,0,0.0,,,unp-20170331x10q.htm,
100885,UNION PACIFIC CORP,industrials,extension,0000100885-17-000173,10-Q,2017-07-20,MDA,FLAGGED,below_length_floor,heading_regex_fallback|below_length_floor,heading_regex,low,15,0.0,0.0,,unp-20170630x10q.htm,
100885,UNION PACIFIC CORP,industrials,extension,0000100885-17-000173,10-Q,2017-07-20,RISK_FACTORS,FAIL,no_toc_and_no_heading_match,no_toc_and_no_heading_match,none,low,0,0.0,,,unp-20170630x10q.htm,
100885,UNION PACIFIC CORP,industrials,extension,0000100885-17-000245,10-Q,2017-10-26,MDA,FLAGGED,below_length_floor,heading_regex_fallback|below_length_floor,heading_regex,low,15,0.0,0.0,,unp-20170930x10q.htm,
100885,UNION PACIFIC CORP,industrials,extension,0000100885-17-000245,10-Q,2017-10-26,RISK_FACTORS,FAIL,no_toc_and_no_heading_match,no_toc_and_no_heading_match,none,low,0,0.0,,,unp-20170930x10q.htm,
100885,UNION PACIFIC CORP,industrials,extension,0000100885-18-000125,10-Q,2018-04-26,MDA,FLAGGED,below_length_floor,heading_regex_fallback|below_length_floor,heading_regex,low,15,0.0,0.0,,unp-20180331x10q.htm,
100885,UNION PACIFIC CORP,industrials,extension,0000100885-18-000125,10-Q,2018-04-26,RISK_FACTORS,FAIL,no_toc_and_no_heading_match,no_toc_and_no_heading_match,none,low,0,0.0,,,unp-20180331x10q.htm,
100885,UNION PACIFIC CORP,industrials,extension,0000100885-18-000184,10-Q,2018-07-19,MDA,FLAGGED,below_length_floor,heading_regex_fallback|below_length_floor,heading_regex,low,15,0.0,0.0,,unp-20180630x10q.htm,
100885,UNION PACIFIC CORP,industrials,extension,0000100885-18-000184,10-Q,2018-07-19,RISK_FACTORS,FAIL,no_toc_and_no_heading_match,no_toc_and_no_heading_match,none,low,0,0.0,,,unp-20180630x10q.htm,
100885,UNION PACIFIC CORP,industrials,extension,0000100885-18-000268,10-Q,2018-10-25,MDA,FLAGGED,below_length_floor,heading_regex_fallback|below_length_floor,heading_regex,low,15,0.0,0.0,,unp-20180930x10q.htm,
100885,UNION PACIFIC CORP,industrials,extension,0000100885-18-000268,10-Q,2018-10-25,RISK_FACTORS,FAIL,no_toc_and_no_heading_match,no_toc_and_no_heading_match,none,low,0,0.0,,,unp-20180930x10q.htm,
100885,UNION PACIFIC CORP,industrials,extension,0000100885-19-000129,10-Q,2019-04-18,MDA,FLAGGED,below_length_floor,heading_regex_fallback|below_length_floor,heading_regex,low,15,0.0,0.0,,unp-20190331x10q.htm,
100885,UNION PACIFIC CORP,industrials,extension,0000100885-19-000129,10-Q,2019-04-18,RISK_FACTORS,FAIL,no_toc_and_no_heading_match,no_toc_and_no_heading_match,none,low,0,0.0,,,unp-20190331x10q.htm,
310158,"Merck & Co., Inc.",healthcare,core,0000310158-15-000053,10-Q,2015-08-06,MDA,FLAGGED,heading_regex_fallback,heading_regex_fallback,heading_regex,low,14343,0.4557,0.0,0.50983,mrk0630201510q.htm,
310158,"Merck & Co., Inc.",healthcare,core,0000310158-15-000053,10-Q,2015-08-06,RISK_FACTORS,FAIL,no_toc_and_no_heading_match,no_toc_and_no_heading_match,none,low,0,0.0,,,mrk0630201510q.htm,
310158,"Merck & Co., Inc.",healthcare,core,0000310158-15-000058,10-Q,2015-11-05,MDA,FLAGGED,heading_regex_fallback,heading_regex_fallback,heading_regex,low,15830,0.4503,0.0,0.49944,mrk0930201510q.htm,
310158,"Merck & Co., Inc.",healthcare,core,0000310158-15-000058,10-Q,2015-11-05,RISK_FACTORS,FAIL,no_toc_and_no_heading_match,no_toc_and_no_heading_match,none,low,0,0.0,,,mrk0930201510q.htm,
310158,"Merck & Co., Inc.",healthcare,core,0000310158-16-000066,10-Q,2016-05-09,MDA,FLAGGED,heading_regex_fallback,heading_regex_fallback,heading_regex,low,9961,0.4958,0.0,0.47491,mrk0331201610q.htm,
310158,"Merck & Co., Inc.",healthcare,core,0000310158-16-000066,10-Q,2016-05-09,RISK_FACTORS,FAIL,no_toc_and_no_heading_match,no_toc_and_no_heading_match,none,low,0,0.0,,,mrk0331201610q.htm,
310158,"Merck & Co., Inc.",healthcare,core,0000310158-16-000094,10-Q,2016-08-08,MDA,FLAGGED,heading_regex_fallback,heading_regex_fallback,heading_regex,low,13213,0.4658,0.0,0.51209,mrk0630201610q.htm,
310158,"Merck & Co., Inc.",healthcare,core,0000310158-16-000094,10-Q,2016-08-08,RISK_FACTORS,FAIL,no_toc_and_no_heading_match,no_toc_and_no_heading_match,none,low,0,0.0,,,mrk0630201610q.htm,
310158,"Merck & Co., Inc.",healthcare,core,0000310158-16-000098,10-Q,2016-11-07,MDA,FLAGGED,heading_regex_fallback,heading_regex_fallback,heading_regex,low,14088,0.4979,0.0,0.51266,mrk0930201610q.htm,
310158,"Merck & Co., Inc.",healthcare,core,0000310158-16-000098,10-Q,2016-11-07,RISK_FACTORS,FAIL,no_toc_and_no_heading_match,no_toc_and_no_heading_match,none,low,0,0.0,,,mrk0930201610q.htm,
310158,"Merck & Co., Inc.",healthcare,core,0000310158-17-000016,10-Q,2017-05-09,MDA,FLAGGED,heading_regex_fallback,heading_regex_fallback,heading_regex,low,9819,0.4763,0.0,0.48231,mrk0331201710q.htm,
310158,"Merck & Co., Inc.",healthcare,core,0000310158-17-000016,10-Q,2017-05-09,RISK_FACTORS,FAIL,no_toc_and_no_heading_match,no_toc_and_no_heading_match,none,low,0,0.0,,,mrk0331201710q.htm,
310158,"Merck & Co., Inc.",healthcare,core,0000310158-17-000037,10-Q,2017-08-08,MDA,FLAGGED,heading_regex_fallback,heading_regex_fallback,heading_regex,low,12961,0.4611,0.0,0.50246,mrk0630201710q.htm,
310158,"Merck & Co., Inc.",healthcare,core,0000310158-17-000037,10-Q,2017-08-08,RISK_FACTORS,FAIL,no_toc_and_no_heading_match,no_toc_and_no_heading_match,none,low,0,0.0,,,mrk0630201710q.htm,
310158,"Merck & Co., Inc.",healthcare,core,0000310158-17-000045,10-Q,2017-11-07,MDA,FLAGGED,heading_regex_fallback,heading_regex_fallback,heading_regex,low,14190,0.4976,0.0,0.5077,mrk0930201710q.htm,
310158,"Merck & Co., Inc.",healthcare,core,0000310158-17-000045,10-Q,2017-11-07,RISK_FACTORS,FAIL,no_toc_and_no_heading_match,no_toc_and_no_heading_match,none,low,0,0.0,,,mrk0930201710q.htm,
310158,"Merck & Co., Inc.",healthcare,core,0000310158-18-000011,10-Q,2018-05-08,MDA,FLAGGED,heading_regex_fallback,heading_regex_fallback,heading_regex,low,9393,0.466,0.0,0.46583,mrk0331201810q.htm,
310158,"Merck & Co., Inc.",healthcare,core,0000310158-18-000011,10-Q,2018-05-08,RISK_FACTORS,FAIL,no_toc_and_no_heading_match,no_toc_and_no_heading_match,none,low,0,0.0,,,mrk0331201810q.htm,
310158,"Merck & Co., Inc.",healthcare,core,0000310158-18-000034,10-Q,2018-08-07,MDA,FLAGGED,heading_regex_fallback,heading_regex_fallback,heading_regex,low,11964,0.443,0.0,0.4924,mrk0630201810q.htm,
310158,"Merck & Co., Inc.",healthcare,core,0000310158-18-000034,10-Q,2018-08-07,RISK_FACTORS,FAIL,no_toc_and_no_heading_match,no_toc_and_no_heading_match,none,low,0,0.0,,,mrk0630201810q.htm,
310158,"Merck & Co., Inc.",healthcare,core,0000310158-18-000039,10-Q,2018-11-06,MDA,FLAGGED,heading_regex_fallback,heading_regex_fallback,heading_regex,low,13739,0.4492,0.0,0.49896,mrk0930201810q.htm,
310158,"Merck & Co., Inc.",healthcare,core,0000310158-18-000039,10-Q,2018-11-06,RISK_FACTORS,FAIL,no_toc_and_no_heading_match,no_toc_and_no_heading_match,none,low,0,0.0,,,mrk0930201810q.htm,
310158,"Merck & Co., Inc.",healthcare,core,0000310158-19-000019,10-Q,2019-05-08,MDA,FLAGGED,heading_regex_fallback,heading_regex_fallback,heading_regex,low,8515,0.4506,0.0,0.47682,mrk0331201910q.htm,
310158,"Merck & Co., Inc.",healthcare,core,0000310158-19-000019,10-Q,2019-05-08,RISK_FACTORS,FAIL,no_toc_and_no_heading_match,no_toc_and_no_heading_match,none,low,0,0.0,,,mrk0331201910q.htm,
310158,"Merck & Co., Inc.",healthcare,core,0000310158-19-000037,10-Q,2019-08-06,MDA,FLAGGED,heading_regex_fallback,heading_regex_fallback,heading_regex,low,10404,0.4158,0.0,0.50175,mrk0630201910q.htm,
310158,"Merck & Co., Inc.",healthcare,core,0000310158-19-000037,10-Q,2019-08-06,RISK_FACTORS,FAIL,no_toc_and_no_heading_match,no_toc_and_no_heading_match,none,low,0,0.0,,,mrk0630201910q.htm,
310764,STRYKER CORP,healthcare,core,0000310764-15-000109,10-Q,2015-07-29,MDA,FLAGGED,heading_regex_fallback,heading_regex_fallback,heading_regex,low,4903,0.4071,0.0,0.49494,syk10q06302015.htm,
310764,STRYKER CORP,healthcare,core,0000310764-15-000109,10-Q,2015-07-29,RISK_FACTORS,FAIL,no_toc_and_no_heading_match,no_toc_and_no_heading_match,none,low,0,0.0,,,syk10q06302015.htm,
310764,STRYKER CORP,healthcare,core,0000310764-15-000153,10-Q,2015-10-23,MDA,FLAGGED,heading_regex_fallback,heading_regex_fallback,heading_regex,low,4878,0.4301,0.0,0.49462,syk10q09302015.htm,
310764,STRYKER CORP,healthcare,core,0000310764-15-000153,10-Q,2015-10-23,RISK_FACTORS,FAIL,no_toc_and_no_heading_match,no_toc_and_no_heading_match,none,low,0,0.0,,,syk10q09302015.htm,
310764,STRYKER CORP,healthcare,core,0000310764-16-000320,10-Q,2016-04-22,MDA,FLAGGED,heading_regex_fallback,heading_regex_fallback,heading_regex,low,3987,0.4535,0.0,0.48983,syk10q33116.htm,
310764,STRYKER CORP,healthcare,core,0000310764-16-000320,10-Q,2016-04-22,RISK_FACTORS,FAIL,no_toc_and_no_heading_match,no_toc_and_no_heading_match,none,low,0,0.0,,,syk10q33116.htm,
310764,STRYKER CORP,healthcare,core,0000310764-16-000392,10-Q,2016-07-22,MDA,FLAGGED,heading_regex_fallback,heading_regex_fallback,heading_regex,low,5356,0.3898,0.0,0.4921,syk10q63016.htm,
310764,STRYKER CORP,healthcare,core,0000310764-16-000392,10-Q,2016-07-22,RISK_FACTORS,FAIL,no_toc_and_no_heading_match,no_toc_and_no_heading_match,none,low,0,0.0,,,syk10q63016.htm,
310764,STRYKER CORP,healthcare,core,0000310764-16-000458,10-Q,2016-10-28,MDA,FLAGGED,heading_regex_fallback,heading_regex_fallback,heading_regex,low,5420,0.4131,0.0,0.49699,syk10q93016.htm,
310764,STRYKER CORP,healthcare,core,0000310764-16-000458,10-Q,2016-10-28,RISK_FACTORS,FAIL,no_toc_and_no_heading_match,no_toc_and_no_heading_match,none,low,0,0.0,,,syk10q93016.htm,
310764,STRYKER CORP,healthcare,core,0000310764-17-000102,10-Q,2017-04-27,MDA,FLAGGED,heading_regex_fallback,heading_regex_fallback,heading_regex,low,3630,0.3711,0.0,0.50613,syk10q33117.htm,
310764,STRYKER CORP,healthcare,core,0000310764-17-000102,10-Q,2017-04-27,RISK_FACTORS,FAIL,no_toc_and_no_heading_match,no_toc_and_no_heading_match,none,low,0,0.0,,,syk10q33117.htm,
310764,STRYKER CORP,healthcare,core,0000310764-17-000136,10-Q,2017-07-28,MDA,FLAGGED,heading_regex_fallback,heading_regex_fallback,heading_regex,low,5125,0.3138,0.0,0.50683,syk10q63017.htm,
310764,STRYKER CORP,healthcare,core,0000310764-17-000136,10-Q,2017-07-28,RISK_FACTORS,FAIL,no_toc_and_no_heading_match,no_toc_and_no_heading_match,none,low,0,0.0,,,syk10q63017.htm,
310764,STRYKER CORP,healthcare,core,0000310764-17-000164,10-Q,2017-10-27,MDA,FLAGGED,heading_regex_fallback,heading_regex_fallback,heading_regex,low,5616,0.2352,0.0,0.50468,syk10q93017.htm,
310764,STRYKER CORP,healthcare,core,0000310764-17-000164,10-Q,2017-10-27,RISK_FACTORS,FAIL,no_toc_and_no_heading_match,no_toc_and_no_heading_match,none,low,0,0.0,,,syk10q93017.htm,
310764,STRYKER CORP,healthcare,core,0000310764-18-000110,10-Q,2018-04-27,MDA,FLAGGED,heading_regex_fallback,heading_regex_fallback,heading_regex,low,4623,0.2416,0.0,0.49097,syk10q33118.htm,
310764,STRYKER CORP,healthcare,core,0000310764-18-000110,10-Q,2018-04-27,RISK_FACTORS,FAIL,no_toc_and_no_heading_match,no_toc_and_no_heading_match,none,low,0,0.0,,,syk10q33118.htm,
310764,STRYKER CORP,healthcare,core,0000310764-18-000185,10-Q,2018-07-25,MDA,FLAGGED,heading_regex_fallback,heading_regex_fallback,heading_regex,low,6884,0.1586,0.0,0.49582,syk10q63018.htm,
310764,STRYKER CORP,healthcare,core,0000310764-18-000185,10-Q,2018-07-25,RISK_FACTORS,FAIL,no_toc_and_no_heading_match,no_toc_and_no_heading_match,none,low,0,0.0,,,syk10q63018.htm,
310764,STRYKER CORP,healthcare,core,0000310764-18-000205,10-Q,2018-10-26,MDA,FLAGGED,heading_regex_fallback,heading_regex_fallback,heading_regex,low,7050,0.1705,0.0,0.4896,syk10q93018.htm,
310764,STRYKER CORP,healthcare,core,0000310764-18-000205,10-Q,2018-10-26,RISK_FACTORS,FAIL,no_toc_and_no_heading_match,no_toc_and_no_heading_match,none,low,0,0.0,,,syk10q93018.htm,
310764,STRYKER CORP,healthcare,core,0000310764-19-000071,10-Q,2019-04-24,MDA,FLAGGED,heading_regex_fallback,heading_regex_fallback,heading_regex,low,3857,0.2486,0.0,0.49693,syk10q3312019.htm,
310764,STRYKER CORP,healthcare,core,0000310764-19-000071,10-Q,2019-04-24,RISK_FACTORS,FAIL,no_toc_and_no_heading_match,no_toc_and_no_heading_match,none,low,0,0.0,,,syk10q3312019.htm,
310764,STRYKER CORP,healthcare,core,0000310764-19-000110,10-Q,2019-07-26,MDA,FLAGGED,heading_regex_fallback,heading_regex_fallback,heading_regex,low,5725,0.1846,0.0,0.49671,syk10q6302019.htm,
310764,STRYKER CORP,healthcare,core,0000310764-19-000110,10-Q,2019-07-26,RISK_FACTORS,FAIL,no_toc_and_no_heading_match,no_toc_and_no_heading_match,none,low,0,0.0,,,syk10q6302019.htm,
310764,STRYKER CORP,healthcare,core,0000310764-19-000140,10-Q,2019-10-30,MDA,FLAGGED,heading_regex_fallback,heading_regex_fallback,heading_regex,low,5788,0.1837,0.0,0.49713,syk10q9302019.htm,
310764,STRYKER CORP,healthcare,core,0000310764-19-000140,10-Q,2019-10-30,RISK_FACTORS,FAIL,no_toc_and_no_heading_match,no_toc_and_no_heading_match,none,low,0,0.0,,,syk10q9302019.htm,
310764,STRYKER CORP,healthcare,core,0000310764-20-000069,10-Q,2020-05-01,MDA,FLAGGED,heading_regex_fallback,heading_regex_fallback,heading_regex,low,4991,0.3592,0.0,0.49368,syk10q3312020.htm,
310764,STRYKER CORP,healthcare,core,0000310764-20-000069,10-Q,2020-05-01,RISK_FACTORS,FLAGGED,heading_regex_fallback,heading_regex_fallback,heading_regex,low,2250,0.9058,0.0,0.48809,syk10q3312020.htm,
310764,STRYKER CORP,healthcare,core,0000310764-20-000125,10-Q,2020-07-31,MDA,FLAGGED,heading_regex_fallback,heading_regex_fallback,heading_regex,low,7148,0.2952,0.0,0.49653,syk10q6302020.htm,
310764,STRYKER CORP,healthcare,core,0000310764-20-000125,10-Q,2020-07-31,RISK_FACTORS,FLAGGED,heading_regex_fallback,heading_regex_fallback,heading_regex,low,52,0.9231,0.0,,syk10q6302020.htm,
310764,STRYKER CORP,healthcare,core,0000310764-20-000150,10-Q,2020-10-30,MDA,FLAGGED,heading_regex_fallback,heading_regex_fallback,heading_regex,low,6357,0.535,0.0,0.49656,syk-20200930.htm,
310764,STRYKER CORP,healthcare,core,0000310764-20-000150,10-Q,2020-10-30,RISK_FACTORS,FLAGGED,heading_regex_fallback,heading_regex_fallback,heading_regex,low,52,0.9231,0.0,,syk-20200930.htm,
310764,STRYKER CORP,healthcare,core,0000310764-21-000065,10-Q,2021-04-28,MDA,FLAGGED,heading_regex_fallback,heading_regex_fallback,heading_regex,low,4391,0.5404,0.0,0.49555,syk-20210331.htm,
310764,STRYKER CORP,healthcare,core,0000310764-21-000065,10-Q,2021-04-28,RISK_FACTORS,FAIL,no_toc_and_no_heading_match,no_toc_and_no_heading_match,none,low,0,0.0,,,syk-20210331.htm,
310764,STRYKER CORP,healthcare,core,0000310764-21-000111,10-Q,2021-07-28,MDA,FLAGGED,heading_regex_fallback,heading_regex_fallback,heading_regex,low,6283,0.5314,0.0,0.50142,syk-20210630.htm,
310764,STRYKER CORP,healthcare,core,0000310764-21-000111,10-Q,2021-07-28,RISK_FACTORS,FAIL,no_toc_and_no_heading_match,no_toc_and_no_heading_match,none,low,0,0.0,,,syk-20210630.htm,
310764,STRYKER CORP,healthcare,core,0000310764-21-000146,10-Q,2021-10-29,MDA,FLAGGED,heading_regex_fallback,heading_regex_fallback,heading_regex,low,6197,0.5098,0.0,0.50022,syk-20210930.htm,
310764,STRYKER CORP,healthcare,core,0000310764-21-000146,10-Q,2021-10-29,RISK_FACTORS,FAIL,no_toc_and_no_heading_match,no_toc_and_no_heading_match,none,low,0,0.0,,,syk-20210930.htm,
310764,STRYKER CORP,healthcare,core,0000310764-22-000062,10-Q,2022-04-29,MDA,FLAGGED,heading_regex_fallback,heading_regex_fallback,heading_regex,low,4551,0.5436,0.0,0.48938,syk-20220331.htm,
310764,STRYKER CORP,healthcare,core,0000310764-22-000062,10-Q,2022-04-29,RISK_FACTORS,FLAGGED,heading_regex_fallback,heading_regex_fallback,heading_regex,low,291,0.7869,0.0,0.47719,syk-20220331.htm,
310764,STRYKER CORP,healthcare,core,0000310764-22-000092,10-Q,2022-07-27,MDA,FLAGGED,heading_regex_fallback,heading_regex_fallback,heading_regex,low,6209,0.5122,0.0,0.49212,syk-20220630.htm,
310764,STRYKER CORP,healthcare,core,0000310764-22-000092,10-Q,2022-07-27,RISK_FACTORS,FLAGGED,heading_regex_fallback,heading_regex_fallback,heading_regex,low,462,0.9913,0.0,0.52667,syk-20220630.htm,
310764,STRYKER CORP,healthcare,core,0000310764-22-000105,10-Q,2022-11-01,MDA,FLAGGED,heading_regex_fallback,heading_regex_fallback,heading_regex,low,6405,0.5221,0.0,0.49483,syk-20220930.htm,
310764,STRYKER CORP,healthcare,core,0000310764-22-000105,10-Q,2022-11-01,RISK_FACTORS,FLAGGED,heading_regex_fallback,heading_regex_fallback,heading_regex,low,55,0.9273,0.0,,syk-20220930.htm,
310764,STRYKER CORP,healthcare,core,0000310764-23-000067,10-Q,2023-05-02,MDA,FLAGGED,heading_regex_fallback,heading_regex_fallback,heading_regex,low,5458,0.6246,0.0,0.48819,syk-20230331.htm,
310764,STRYKER CORP,healthcare,core,0000310764-23-000067,10-Q,2023-05-02,RISK_FACTORS,FLAGGED,heading_regex_fallback,heading_regex_fallback,heading_regex,low,31,0.0,0.0,,syk-20230331.htm,
310764,STRYKER CORP,healthcare,core,0000310764-23-000106,10-Q,2023-08-04,MDA,FLAGGED,heading_regex_fallback,heading_regex_fallback,heading_regex,low,6760,0.5738,0.0,0.50877,syk-20230630.htm,
310764,STRYKER CORP,healthcare,core,0000310764-23-000106,10-Q,2023-08-04,RISK_FACTORS,FLAGGED,heading_regex_fallback,heading_regex_fallback,heading_regex,low,31,0.0,0.0,,syk-20230630.htm,
310764,STRYKER CORP,healthcare,core,0000310764-23-000116,10-Q,2023-11-03,MDA,FLAGGED,heading_regex_fallback,heading_regex_fallback,heading_regex,low,7169,0.597,0.0,0.51041,syk-20230930.htm,
310764,STRYKER CORP,healthcare,core,0000310764-23-000116,10-Q,2023-11-03,RISK_FACTORS,FLAGGED,heading_regex_fallback,heading_regex_fallback,heading_regex,low,31,0.0,0.0,,syk-20230930.htm,
310764,STRYKER CORP,healthcare,core,0000310764-24-000064,10-Q,2024-05-01,MDA,FLAGGED,heading_regex_fallback,heading_regex_fallback,heading_regex,low,4477,0.5417,0.0,0.48879,syk-20240331.htm,
310764,STRYKER CORP,healthcare,core,0000310764-24-000064,10-Q,2024-05-01,RISK_FACTORS,FLAGGED,heading_regex_fallback,heading_regex_fallback,heading_regex,low,31,0.0,0.0,,syk-20240331.htm,
310764,STRYKER CORP,healthcare,core,0000310764-24-000098,10-Q,2024-07-31,MDA,FLAGGED,heading_regex_fallback,heading_regex_fallback,heading_regex,low,6458,0.4433,0.0,0.49154,syk-20240630.htm,
310764,STRYKER CORP,healthcare,core,0000310764-24-000098,10-Q,2024-07-31,RISK_FACTORS,FLAGGED,heading_regex_fallback,heading_regex_fallback,heading_regex,low,31,0.0,0.0,,syk-20240630.htm,
310764,STRYKER CORP,healthcare,core,0000310764-24-000115,10-Q,2024-10-30,MDA,FLAGGED,heading_regex_fallback,heading_regex_fallback,heading_regex,low,7131,0.5009,0.0,0.48977,syk-20240930.htm,
310764,STRYKER CORP,healthcare,core,0000310764-24-000115,10-Q,2024-10-30,RISK_FACTORS,FLAGGED,heading_regex_fallback,heading_regex_fallback,heading_regex,low,31,0.0,0.0,,syk-20240930.htm,
310764,STRYKER CORP,healthcare,core,0000310764-25-000075,10-Q,2025-05-02,MDA,FLAGGED,heading_regex_fallback,heading_regex_fallback,heading_regex,low,5113,0.0,0.0,0.49198,syk-20250331.htm,
310764,STRYKER CORP,healthcare,core,0000310764-25-000075,10-Q,2025-05-02,RISK_FACTORS,FLAGGED,heading_regex_fallback,heading_regex_fallback,heading_regex,low,32,0.0,0.0,,syk-20250331.htm,
310764,STRYKER CORP,healthcare,core,0000310764-25-000107,10-Q,2025-08-01,MDA,FLAGGED,heading_regex_fallback,heading_regex_fallback,heading_regex,low,7103,0.0,0.0,0.49897,syk-20250630.htm,
310764,STRYKER CORP,healthcare,core,0000310764-25-000107,10-Q,2025-08-01,RISK_FACTORS,FLAGGED,heading_regex_fallback,heading_regex_fallback,heading_regex,low,32,0.0,0.0,,syk-20250630.htm,
310764,STRYKER CORP,healthcare,core,0000310764-25-000129,10-Q,2025-10-31,MDA,FLAGGED,heading_regex_fallback,heading_regex_fallback,heading_regex,low,7129,0.0,0.0,0.4958,syk-20250930.htm,
310764,STRYKER CORP,healthcare,core,0000310764-25-000129,10-Q,2025-10-31,RISK_FACTORS,FLAGGED,heading_regex_fallback,heading_regex_fallback,heading_regex,low,32,0.0,0.0,,syk-20250930.htm,
310764,STRYKER CORP,healthcare,core,0000310764-26-000031,10-Q,2026-05-11,MDA,FLAGGED,heading_regex_fallback,heading_regex_fallback,heading_regex,low,5164,0.0,0.0,0.49003,syk-20260331.htm,
310764,STRYKER CORP,healthcare,core,0000310764-26-000031,10-Q,2026-05-11,RISK_FACTORS,FLAGGED,heading_regex_fallback,heading_regex_fallback,heading_regex,low,1673,0.0,0.0,0.46925,syk-20260331.htm,
310764,STRYKER CORP,healthcare,core,0000310764-26-000050,10-Q,2026-07-31,MDA,FLAGGED,heading_regex_fallback,heading_regex_fallback,heading_regex,low,6989,0.0,0.0,0.49685,syk-20260630.htm,
310764,STRYKER CORP,healthcare,core,0000310764-26-000050,10-Q,2026-07-31,RISK_FACTORS,FLAGGED,heading_regex_fallback,heading_regex_fallback,heading_regex,low,52,0.0,0.0,,syk-20260630.htm,
316709,SCHWAB CHARLES CORP,financials,core,0000316709-16-000078,10-Q,2016-05-06,MDA,FLAGGED,heading_regex_fallback,heading_regex_fallback,heading_regex,low,25847,0.399,0.0,0.46832,schw-20160331x10q.htm,
316709,SCHWAB CHARLES CORP,financials,core,0000316709-16-000078,10-Q,2016-05-06,RISK_FACTORS,FLAGGED,heading_regex_fallback,heading_regex_fallback,heading_regex,low,52,0.0,0.0,,schw-20160331x10q.htm,
316709,SCHWAB CHARLES CORP,financials,core,0000316709-16-000093,10-Q,2016-08-05,MDA,FLAGGED,heading_regex_fallback,heading_regex_fallback,heading_regex,low,27987,0.3393,0.0,0.4714,schw-20160630x10q.htm,
316709,SCHWAB CHARLES CORP,financials,core,0000316709-16-000093,10-Q,2016-08-05,RISK_FACTORS,FLAGGED,heading_regex_fallback,heading_regex_fallback,heading_regex,low,51,0.0,0.0,,schw-20160630x10q.htm,
316709,SCHWAB CHARLES CORP,financials,core,0000316709-16-000101,10-Q,2016-11-07,MDA,FLAGGED,heading_regex_fallback,heading_regex_fallback,heading_regex,low,28165,0.3601,0.0,0.47234,schw-20160930x10q.htm,
316709,SCHWAB CHARLES CORP,financials,core,0000316709-16-000101,10-Q,2016-11-07,RISK_FACTORS,FLAGGED,heading_regex_fallback,heading_regex_fallback,heading_regex,low,40,0.0,0.0,,schw-20160930x10q.htm,
316709,SCHWAB CHARLES CORP,financials,core,0000316709-17-000020,10-Q,2017-05-08,MDA,FLAGGED,heading_regex_fallback,heading_regex_fallback,heading_regex,low,7435,0.4065,0.0,0.51907,schw-03312017x10q.htm,
316709,SCHWAB CHARLES CORP,financials,core,0000316709-17-000020,10-Q,2017-05-08,RISK_FACTORS,FLAGGED,heading_regex_fallback,heading_regex_fallback,heading_regex,low,36,0.0,0.0,,schw-03312017x10q.htm,
320187,"NIKE, Inc.",consumer,core,0000320187-19-000071,10-Q,2019-10-04,MDA,FLAGGED,heading_regex_fallback,heading_regex_fallback,heading_regex,low,7873,0.5083,0.0,0.46323,nke-831201910q.htm,
320187,"NIKE, Inc.",consumer,core,0000320187-20-000004,10-Q,2020-01-07,MDA,FLAGGED,heading_regex_fallback,heading_regex_fallback,heading_regex,low,11286,0.4585,0.0,0.46776,nke-1130201910q.htm,
320187,"NIKE, Inc.",consumer,core,0000320187-20-000018,10-Q,2020-04-07,MDA,FLAGGED,heading_regex_fallback,heading_regex_fallback,heading_regex,low,13422,0.5328,0.0,0.46072,nke-229202010q.htm,
320187,"NIKE, Inc.",consumer,core,0000320187-20-000061,10-Q,2020-10-08,MDA,FLAGGED,heading_regex_fallback,heading_regex_fallback,heading_regex,low,9201,0.7226,0.0,0.45891,nke-20200831.htm,
320187,"NIKE, Inc.",consumer,core,0000320187-21-000003,10-Q,2021-01-05,MDA,FLAGGED,heading_regex_fallback,heading_regex_fallback,heading_regex,low,13075,0.7304,0.0,0.46317,nke-20201130.htm,
320187,"NIKE, Inc.",consumer,core,0000320187-21-000012,10-Q,2021-04-02,MDA,FLAGGED,heading_regex_fallback,heading_regex_fallback,heading_regex,low,13515,0.7297,0.0,0.46099,nke-20210228.htm,
320187,"NIKE, Inc.",consumer,core,0000320187-21-000045,10-Q,2021-10-05,MDA,FLAGGED,heading_regex_fallback,heading_regex_fallback,heading_regex,low,9253,0.7277,0.0,0.46955,nke-20210831.htm,
320187,"NIKE, Inc.",consumer,core,0000320187-22-000004,10-Q,2022-01-06,MDA,FLAGGED,heading_regex_fallback,heading_regex_fallback,heading_regex,low,13093,0.7328,0.0,0.46371,nke-20211130.htm,
320187,"NIKE, Inc.",consumer,core,0000320187-22-000017,10-Q,2022-04-05,MDA,FLAGGED,heading_regex_fallback,heading_regex_fallback,heading_regex,low,12961,0.7313,0.0,0.46226,nke-20220228.htm,
320187,"NIKE, Inc.",consumer,core,0000320187-22-000058,10-Q,2022-10-06,MDA,FLAGGED,heading_regex_fallback,heading_regex_fallback,heading_regex,low,8999,0.7472,0.0,0.47234,nke-20220831.htm,
320187,"NIKE, Inc.",consumer,core,0000320187-23-000003,10-Q,2023-01-05,MDA,FLAGGED,heading_regex_fallback,heading_regex_fallback,heading_regex,low,12527,0.7054,0.0,0.46615,nke-20221130.htm,
320187,"NIKE, Inc.",consumer,core,0000320187-23-000013,10-Q,2023-04-06,MDA,FLAGGED,heading_regex_fallback,heading_regex_fallback,heading_regex,low,12691,0.7087,0.0,0.46341,nke-20230228.htm,
320187,"NIKE, Inc.",consumer,core,0000320187-23-000052,10-Q,2023-10-06,MDA,FLAGGED,heading_regex_fallback,heading_regex_fallback,heading_regex,low,7779,0.6496,0.0,0.46679,nke-20230831.htm,
320187,"NIKE, Inc.",consumer,core,0000320187-24-000004,10-Q,2024-01-05,MDA,FLAGGED,heading_regex_fallback,heading_regex_fallback,heading_regex,low,11381,0.6349,0.0,0.46227,nke-20231130.htm,
320187,"NIKE, Inc.",consumer,core,0000320187-24-000019,10-Q,2024-04-04,MDA,FLAGGED,heading_regex_fallback,heading_regex_fallback,heading_regex,low,11890,0.6249,0.0,0.45731,nke-20240229.htm,
320187,"NIKE, Inc.",consumer,core,0000320187-24-000065,10-Q,2024-10-07,MDA,FLAGGED,heading_regex_fallback,heading_regex_fallback,heading_regex,low,7367,0.5865,0.0,0.46914,nke-20240831.htm,
320187,"NIKE, Inc.",consumer,core,0000320187-25-000004,10-Q,2025-01-03,MDA,FLAGGED,heading_regex_fallback,heading_regex_fallback,heading_regex,low,10492,0.5581,0.0,0.46259,nke-20241130.htm,
320187,"NIKE, Inc.",consumer,core,0000320187-25-000016,10-Q,2025-04-03,MDA,FLAGGED,heading_regex_fallback,heading_regex_fallback,heading_regex,low,10611,0.5335,0.0,0.4589,nke-20250228.htm,
320187,"NIKE, Inc.",consumer,core,0000320187-25-000097,10-Q,2025-10-01,MDA,FLAGGED,heading_regex_fallback,heading_regex_fallback,heading_regex,low,7411,0.5222,0.0,0.4422,nke-20250831.htm,
320187,"NIKE, Inc.",consumer,core,0000320187-25-000151,10-Q,2025-12-30,MDA,FLAGGED,heading_regex_fallback,heading_regex_fallback,heading_regex,low,10412,0.4269,0.0,0.43405,nke-20251130.htm,
320187,"NIKE, Inc.",consumer,core,0000320187-26-000037,10-Q,2026-04-01,MDA,FLAGGED,heading_regex_fallback,heading_regex_fallback,heading_regex,low,10999,0.4933,0.0,0.44288,nke-20260228.htm,
713676,"PNC FINANCIAL SERVICES GROUP, INC.",financials,core,0000713676-17-000013,10-Q,2017-10-31,MDA,FLAGGED,head_keyword_absent,head_keyword_absent,anchor,medium,23533,0.4827,0.0,0.46711,pnc3q1710-q.htm,
713676,"PNC FINANCIAL SERVICES GROUP, INC.",financials,core,0000713676-18-000052,10-Q,2018-05-03,MDA,FLAGGED,head_keyword_absent,head_keyword_absent,anchor,medium,23509,0.446,0.0,0.45503,pncq1201810-q.htm,
713676,"PNC FINANCIAL SERVICES GROUP, INC.",financials,core,0000713676-18-000065,10-Q,2018-08-02,MDA,FLAGGED,head_keyword_absent,head_keyword_absent,anchor,medium,24591,0.4374,0.0,0.46004,pncq2201810-q.htm,
713676,"PNC FINANCIAL SERVICES GROUP, INC.",financials,core,0000713676-18-000081,10-Q,2018-11-01,MDA,FLAGGED,head_keyword_absent,head_keyword_absent,anchor,medium,23552,0.4074,0.0,0.46187,pncq3201810-q.htm,
713676,"PNC FINANCIAL SERVICES GROUP, INC.",financials,core,0000713676-19-000035,10-Q,2019-05-03,MDA,FLAGGED,head_keyword_absent,head_keyword_absent,anchor,medium,20696,0.3944,0.0,0.45685,pncq1201910-q.htm,
713676,"PNC FINANCIAL SERVICES GROUP, INC.",financials,core,0000713676-19-000055,10-Q,2019-08-01,MDA,FLAGGED,head_keyword_absent,head_keyword_absent,anchor,medium,21749,0.3966,0.0,0.45993,pncq2201910-q.htm,
713676,"PNC FINANCIAL SERVICES GROUP, INC.",financials,core,0000713676-19-000073,10-Q,2019-11-04,MDA,FLAGGED,head_keyword_absent,head_keyword_absent,anchor,medium,23305,0.4224,0.0,0.45546,pncq3201910-q.htm,
713676,"PNC FINANCIAL SERVICES GROUP, INC.",financials,core,0000713676-20-000078,10-Q,2020-05-05,MDA,FLAGGED,head_keyword_absent,head_keyword_absent,anchor,medium,27105,0.4923,0.0,0.44891,pncq1202010-q.htm,
713676,"PNC FINANCIAL SERVICES GROUP, INC.",financials,core,0000713676-20-000115,10-Q,2020-08-04,MDA,FLAGGED,head_keyword_absent,head_keyword_absent,anchor,medium,29583,0.5064,0.0,0.45636,pncq2202010-q.htm,
713676,"PNC FINANCIAL SERVICES GROUP, INC.",financials,core,0000713676-20-000139,10-Q,2020-11-03,MDA,FLAGGED,head_keyword_absent,head_keyword_absent,anchor,medium,29035,0.4863,0.0,0.45885,pncq3202010-q.htm,
713676,"PNC FINANCIAL SERVICES GROUP, INC.",financials,core,0000713676-21-000063,10-Q,2021-05-05,MDA,FLAGGED,head_keyword_absent,head_keyword_absent,anchor,medium,23812,0.5498,0.0,0.45249,pnc-20210331.htm,
713676,"PNC FINANCIAL SERVICES GROUP, INC.",financials,core,0000713676-21-000095,10-Q,2021-08-06,MDA,FLAGGED,head_keyword_absent,head_keyword_absent,anchor,medium,26170,0.5687,0.0,0.45846,pnc-20210630.htm,
713676,"PNC FINANCIAL SERVICES GROUP, INC.",financials,core,0000713676-21-000122,10-Q,2021-11-03,MDA,FLAGGED,head_keyword_absent,head_keyword_absent,anchor,medium,25115,0.5532,0.0,0.45905,pnc-20210930.htm,
713676,"PNC FINANCIAL SERVICES GROUP, INC.",financials,core,0000713676-22-000047,10-Q,2022-05-04,MDA,FLAGGED,head_keyword_absent,head_keyword_absent,anchor,medium,22447,0.5543,0.0,0.46251,pnc-20220331.htm,
713676,"PNC FINANCIAL SERVICES GROUP, INC.",financials,core,0000713676-22-000072,10-Q,2022-08-02,MDA,FLAGGED,head_keyword_absent,head_keyword_absent,anchor,medium,22224,0.5425,0.0,0.46512,pnc-20220630.htm,
713676,"PNC FINANCIAL SERVICES GROUP, INC.",financials,core,0000713676-22-000092,10-Q,2022-11-02,MDA,FLAGGED,head_keyword_absent,head_keyword_absent,anchor,medium,22484,0.5445,0.0,0.46287,pnc-20220930.htm,
713676,"PNC FINANCIAL SERVICES GROUP, INC.",financials,core,0000713676-23-000037,10-Q,2023-05-02,MDA,FLAGGED,head_keyword_absent,head_keyword_absent,anchor,medium,21580,0.5714,0.0,0.45947,pnc-20230331.htm,
713676,"PNC FINANCIAL SERVICES GROUP, INC.",financials,core,0000713676-23-000058,10-Q,2023-08-02,MDA,FLAGGED,head_keyword_absent,head_keyword_absent,anchor,medium,21566,0.559,0.0,0.46366,pnc-20230630.htm,
713676,"PNC FINANCIAL SERVICES GROUP, INC.",financials,core,0000713676-23-000079,10-Q,2023-11-02,MDA,FLAGGED,head_keyword_absent,head_keyword_absent,anchor,medium,21252,0.556,0.0,0.46016,pnc-20230930.htm,
713676,"PNC FINANCIAL SERVICES GROUP, INC.",financials,core,0000713676-24-000046,10-Q,2024-05-02,MDA,FLAGGED,head_keyword_absent,head_keyword_absent,anchor,medium,21499,0.5505,0.0,0.46062,pnc-20240331.htm,
713676,"PNC FINANCIAL SERVICES GROUP, INC.",financials,core,0000713676-24-000068,10-Q,2024-08-02,MDA,FLAGGED,head_keyword_absent,head_keyword_absent,anchor,medium,22211,0.5634,0.0,0.45845,pnc-20240630.htm,
713676,"PNC FINANCIAL SERVICES GROUP, INC.",financials,core,0000713676-24-000081,10-Q,2024-11-01,MDA,FLAGGED,head_keyword_absent,head_keyword_absent,anchor,medium,22405,0.5621,0.0,0.4564,pnc-20240930.htm,
713676,"PNC FINANCIAL SERVICES GROUP, INC.",financials,core,0000713676-25-000060,10-Q,2025-08-01,MDA,FLAGGED,head_keyword_absent,head_keyword_absent,anchor,medium,23467,0.5205,0.0,0.4617,pnc-20250630.htm,
713676,"PNC FINANCIAL SERVICES GROUP, INC.",financials,core,0000713676-25-000132,10-Q,2025-11-03,MDA,FLAGGED,head_keyword_absent,head_keyword_absent,anchor,medium,23506,0.5215,0.0,0.46161,pnc-20250930.htm,
713676,"PNC FINANCIAL SERVICES GROUP, INC.",financials,core,0000713676-26-000038,10-Q,2026-05-05,MDA,FLAGGED,head_keyword_absent,head_keyword_absent,anchor,medium,22355,0.5299,0.0,0.45872,pnc-20260331.htm,
723125,MICRON TECHNOLOGY INC,tech,core,0000723125-15-000063,10-Q,2015-07-10,MDA,FLAGGED,heading_regex_fallback,heading_regex_fallback,heading_regex,low,7216,0.6225,0.0,0.56608,a2015q3.htm,
723125,MICRON TECHNOLOGY INC,tech,core,0000723125-15-000063,10-Q,2015-07-10,RISK_FACTORS,FLAGGED,heading_regex_fallback,heading_regex_fallback,heading_regex,low,6844,0.7591,0.0,0.49481,a2015q3.htm,
723125,MICRON TECHNOLOGY INC,tech,core,0000723125-16-000146,10-Q,2016-01-08,MDA,FLAGGED,heading_regex_fallback,heading_regex_fallback,heading_regex,low,6988,0.6863,0.0,0.55165,a2016q1.htm,
723125,MICRON TECHNOLOGY INC,tech,core,0000723125-16-000146,10-Q,2016-01-08,RISK_FACTORS,FLAGGED,heading_regex_fallback,heading_regex_fallback,heading_regex,low,7252,0.7479,0.0,0.49935,a2016q1.htm,
723125,MICRON TECHNOLOGY INC,tech,core,0000723125-16-000176,10-Q,2016-04-08,MDA,FLAGGED,heading_regex_fallback,heading_regex_fallback,heading_regex,low,7414,0.6374,0.0,0.56047,a2016q2.htm,
723125,MICRON TECHNOLOGY INC,tech,core,0000723125-16-000176,10-Q,2016-04-08,RISK_FACTORS,FLAGGED,heading_regex_fallback,heading_regex_fallback,heading_regex,low,7369,0.7061,0.0,0.50377,a2016q2.htm,
723125,MICRON TECHNOLOGY INC,tech,core,0000723125-16-000201,10-Q,2016-07-06,MDA,FLAGGED,heading_regex_fallback,heading_regex_fallback,heading_regex,low,7761,0.5895,0.0,0.55694,a2016q3.htm,
723125,MICRON TECHNOLOGY INC,tech,core,0000723125-16-000201,10-Q,2016-07-06,RISK_FACTORS,FLAGGED,heading_regex_fallback,heading_regex_fallback,heading_regex,low,7728,0.7109,0.0,0.50489,a2016q3.htm,
723125,MICRON TECHNOLOGY INC,tech,core,0000723125-17-000005,10-Q,2017-01-09,MDA,FLAGGED,heading_regex_fallback,heading_regex_fallback,heading_regex,low,6138,0.6134,0.0,0.55808,a2017q1.htm,
723125,MICRON TECHNOLOGY INC,tech,core,0000723125-17-000005,10-Q,2017-01-09,RISK_FACTORS,FLAGGED,heading_regex_fallback,heading_regex_fallback,heading_regex,low,7591,0.7153,0.0,0.5009,a2017q1.htm,
723125,MICRON TECHNOLOGY INC,tech,core,0000723125-17-000037,10-Q,2017-03-28,MDA,FLAGGED,heading_regex_fallback,heading_regex_fallback,heading_regex,low,6678,0.5671,0.0,0.56215,a2017q2.htm,
723125,MICRON TECHNOLOGY INC,tech,core,0000723125-17-000037,10-Q,2017-03-28,RISK_FACTORS,FLAGGED,heading_regex_fallback,heading_regex_fallback,heading_regex,low,7515,0.72,0.0,0.49951,a2017q2.htm,
723125,MICRON TECHNOLOGY INC,tech,core,0000723125-17-000085,10-Q,2017-06-30,MDA,FLAGGED,heading_regex_fallback,heading_regex_fallback,heading_regex,low,6346,0.576,0.0,0.57504,a2017q3.htm,
723125,MICRON TECHNOLOGY INC,tech,core,0000723125-17-000085,10-Q,2017-06-30,RISK_FACTORS,FLAGGED,heading_regex_fallback,heading_regex_fallback,heading_regex,low,7625,0.7172,0.0,0.50171,a2017q3.htm,
723125,MICRON TECHNOLOGY INC,tech,core,0000723125-17-000166,10-Q,2017-12-20,MDA,FLAGGED,heading_regex_fallback,heading_regex_fallback,heading_regex,low,5337,0.6148,0.0,0.56082,a2018q1.htm,
723125,MICRON TECHNOLOGY INC,tech,core,0000723125-17-000166,10-Q,2017-12-20,RISK_FACTORS,FLAGGED,heading_regex_fallback,heading_regex_fallback,heading_regex,low,8710,0.7491,0.0,0.50288,a2018q1.htm,
723125,MICRON TECHNOLOGY INC,tech,core,0000723125-18-000036,10-Q,2018-03-23,MDA,FLAGGED,heading_regex_fallback,heading_regex_fallback,heading_regex,low,6599,0.6654,0.0,0.58202,a2018q2.htm,
723125,MICRON TECHNOLOGY INC,tech,core,0000723125-18-000036,10-Q,2018-03-23,RISK_FACTORS,FLAGGED,heading_regex_fallback,heading_regex_fallback,heading_regex,low,9182,0.7532,0.0,0.50182,a2018q2.htm,
723125,MICRON TECHNOLOGY INC,tech,core,0000723125-18-000065,10-Q,2018-06-22,MDA,FLAGGED,heading_regex_fallback,heading_regex_fallback,heading_regex,low,7194,0.6884,0.0,0.5691,a2018q3.htm,
723125,MICRON TECHNOLOGY INC,tech,core,0000723125-18-000065,10-Q,2018-06-22,RISK_FACTORS,FLAGGED,heading_regex_fallback,heading_regex_fallback,heading_regex,low,9722,0.7767,0.0,0.50257,a2018q3.htm,
723125,MICRON TECHNOLOGY INC,tech,core,0000723125-18-000156,10-Q,2018-12-19,MDA,FLAGGED,heading_regex_fallback,heading_regex_fallback,heading_regex,low,4637,0.6571,0.0,0.55346,a2019q1.htm,
723125,MICRON TECHNOLOGY INC,tech,core,0000723125-18-000156,10-Q,2018-12-19,RISK_FACTORS,FLAGGED,heading_regex_fallback,heading_regex_fallback,heading_regex,low,9801,0.782,0.0,0.49574,a2019q1.htm,
723125,MICRON TECHNOLOGY INC,tech,core,0000723125-19-000014,10-Q,2019-03-21,MDA,FLAGGED,heading_regex_fallback,heading_regex_fallback,heading_regex,low,4872,0.619,0.0,0.57538,a2019q2.htm,
723125,MICRON TECHNOLOGY INC,tech,core,0000723125-19-000014,10-Q,2019-03-21,RISK_FACTORS,FLAGGED,heading_regex_fallback,heading_regex_fallback,heading_regex,low,10450,0.7859,0.0,0.49382,a2019q2.htm,
723125,MICRON TECHNOLOGY INC,tech,core,0000723125-19-000035,10-Q,2019-06-26,MDA,FLAGGED,heading_regex_fallback,heading_regex_fallback,heading_regex,low,4871,0.627,0.0,0.56866,a2019q3.htm,
723125,MICRON TECHNOLOGY INC,tech,core,0000723125-19-000035,10-Q,2019-06-26,RISK_FACTORS,FLAGGED,heading_regex_fallback,heading_regex_fallback,heading_regex,low,11421,0.8025,0.0,0.49792,a2019q3.htm,
726728,REALTY INCOME CORP,materials_realestate,extension,0000726728-25-000096,10-Q,2025-05-06,MDA,FLAGGED,head_foreign_item,head_foreign_item,anchor,medium,11279,0.5962,0.0,0.46957,o-20250331.htm,
726728,REALTY INCOME CORP,materials_realestate,extension,0000726728-25-000131,10-Q,2025-08-07,MDA,FLAGGED,head_foreign_item,head_foreign_item,anchor,medium,12260,0.5904,0.0,0.47616,o-20250630.htm,
731766,UNITEDHEALTH GROUP INC,healthcare,core,0000731766-15-000037,10-Q,2015-07-29,MDA,FLAGGED,toc_recovered_f1,toc_recovered_f1|toc_recovery_end_guarded,anchor_resolving_entry,low,5836,0.6151,0.0,0.49317,unh201563010-q.htm,
731766,UNITEDHEALTH GROUP INC,healthcare,core,0000731766-15-000037,10-Q,2015-07-29,RISK_FACTORS,FLAGGED,toc_recovered_f1,toc_recovered_f1|toc_recovery_end_guarded,anchor_resolving_entry,low,102,0.8137,0.0,0.60638,unh201563010-q.htm,
731766,UNITEDHEALTH GROUP INC,healthcare,core,0000731766-15-000049,10-Q,2015-11-05,MDA,FLAGGED,toc_recovered_f1,toc_recovered_f1|toc_recovery_end_guarded,anchor_resolving_entry,low,5818,0.6248,0.0,0.48572,unh201593010-q.htm,
731766,UNITEDHEALTH GROUP INC,healthcare,core,0000731766-15-000049,10-Q,2015-11-05,RISK_FACTORS,FLAGGED,toc_recovered_f1,toc_recovered_f1|toc_recovery_end_guarded,anchor_resolving_entry,low,102,0.8137,0.0,0.60638,unh201593010-q.htm,
731766,UNITEDHEALTH GROUP INC,healthcare,core,0000731766-16-000068,10-Q,2016-05-04,MDA,FLAGGED,toc_recovered_f1,toc_recovered_f1|toc_recovery_end_guarded,anchor_resolving_entry,low,4524,0.6152,0.0,0.48862,unh201633110-q.htm,
731766,UNITEDHEALTH GROUP INC,healthcare,core,0000731766-16-000068,10-Q,2016-05-04,RISK_FACTORS,FLAGGED,toc_recovered_f1,toc_recovered_f1|toc_recovery_end_guarded,anchor_resolving_entry,low,106,0.783,0.0,0.59794,unh201633110-q.htm,
731766,UNITEDHEALTH GROUP INC,healthcare,core,0000731766-16-000081,10-Q,2016-08-02,MDA,FLAGGED,toc_recovered_f1,toc_recovered_f1|toc_recovery_end_guarded,anchor_resolving_entry,low,4820,0.5728,0.0,0.49019,unh201663010-q.htm,
731766,UNITEDHEALTH GROUP INC,healthcare,core,0000731766-16-000081,10-Q,2016-08-02,RISK_FACTORS,FLAGGED,toc_recovered_f1,toc_recovered_f1|toc_recovery_end_guarded,anchor_resolving_entry,low,106,0.783,0.0,0.59794,unh201663010-q.htm,
731766,UNITEDHEALTH GROUP INC,healthcare,core,0000731766-16-000088,10-Q,2016-11-08,MDA,FLAGGED,toc_recovered_f1,toc_recovered_f1|toc_recovery_end_guarded,anchor_resolving_entry,low,4746,0.6028,0.0,0.49131,unh930201610-q.htm,
731766,UNITEDHEALTH GROUP INC,healthcare,core,0000731766-16-000088,10-Q,2016-11-08,RISK_FACTORS,FLAGGED,toc_recovered_f1,toc_recovered_f1|toc_recovery_end_guarded,anchor_resolving_entry,low,106,0.783,0.0,0.59794,unh930201610-q.htm,
731766,UNITEDHEALTH GROUP INC,healthcare,core,0000731766-17-000016,10-Q,2017-05-08,MDA,FLAGGED,toc_recovered_f1,toc_recovered_f1|toc_recovery_end_guarded,anchor_resolving_entry,low,4095,0.5729,0.0,0.48842,unh331201710-q.htm,
731766,UNITEDHEALTH GROUP INC,healthcare,core,0000731766-17-000016,10-Q,2017-05-08,RISK_FACTORS,FLAGGED,toc_recovered_f1,toc_recovered_f1|toc_recovery_end_guarded,anchor_resolving_entry,low,106,0.783,0.0,0.59794,unh331201710-q.htm,
731766,UNITEDHEALTH GROUP INC,healthcare,core,0000731766-17-000028,10-Q,2017-08-04,MDA,FLAGGED,toc_recovered_f1,toc_recovered_f1|toc_recovery_end_guarded,anchor_resolving_entry,low,4435,0.5292,0.0,0.49058,unh630201710-q.htm,
731766,UNITEDHEALTH GROUP INC,healthcare,core,0000731766-17-000028,10-Q,2017-08-04,RISK_FACTORS,FLAGGED,toc_recovered_f1,toc_recovered_f1|toc_recovery_end_guarded,anchor_resolving_entry,low,106,0.783,0.0,0.59794,unh630201710-q.htm,
731766,UNITEDHEALTH GROUP INC,healthcare,core,0000731766-17-000045,10-Q,2017-11-07,MDA,FLAGGED,toc_recovered_f1,toc_recovered_f1|toc_recovery_end_guarded,anchor_resolving_entry,low,4487,0.5282,0.0,0.48977,unh930201710-q.htm,
731766,UNITEDHEALTH GROUP INC,healthcare,core,0000731766-17-000045,10-Q,2017-11-07,RISK_FACTORS,FLAGGED,toc_recovered_f1,toc_recovered_f1|toc_recovery_end_guarded,anchor_resolving_entry,low,102,0.8137,0.0,0.60638,unh930201710-q.htm,
732717,AT&T INC.,utilities,extension,0000732717-15-000079,10-Q,2015-08-07,MDA,FLAGGED,heading_regex_fallback,heading_regex_fallback,heading_regex,low,10183,0.74,0.0,0.534,q2_10q.htm,
732717,AT&T INC.,utilities,extension,0000732717-15-000079,10-Q,2015-08-07,RISK_FACTORS,FLAGGED,heading_regex_fallback,heading_regex_fallback,heading_regex,low,440,0.8659,0.0,0.48946,q2_10q.htm,
732717,AT&T INC.,utilities,extension,0000732717-15-000121,10-Q,2015-11-06,MDA,FLAGGED,heading_regex_fallback,heading_regex_fallback,heading_regex,low,12116,0.6926,0.0,0.54328,q3_10q.htm,
732717,AT&T INC.,utilities,extension,0000732717-15-000121,10-Q,2015-11-06,RISK_FACTORS,FLAGGED,heading_regex_fallback,heading_regex_fallback,heading_regex,low,440,0.8659,0.0,0.48946,q3_10q.htm,
732717,AT&T INC.,utilities,extension,0000732717-16-000160,10-Q,2016-05-05,MDA,FLAGGED,heading_regex_fallback,heading_regex_fallback,heading_regex,low,10493,0.6832,0.0,0.51056,q1_10q.htm,
732717,AT&T INC.,utilities,extension,0000732717-16-000160,10-Q,2016-05-05,RISK_FACTORS,FLAGGED,heading_regex_fallback,heading_regex_fallback,heading_regex,low,50,0.92,0.0,,q1_10q.htm,
732717,AT&T INC.,utilities,extension,0000732717-16-000195,10-Q,2016-08-04,MDA,FLAGGED,heading_regex_fallback,heading_regex_fallback,heading_regex,low,12806,0.6852,0.0,0.54331,q2_10q.htm,
732717,AT&T INC.,utilities,extension,0000732717-16-000195,10-Q,2016-08-04,RISK_FACTORS,FLAGGED,heading_regex_fallback,heading_regex_fallback,heading_regex,low,50,0.92,0.0,,q2_10q.htm,
732717,AT&T INC.,utilities,extension,0000732717-16-000233,10-Q,2016-11-03,MDA,FLAGGED,heading_regex_fallback,heading_regex_fallback,heading_regex,low,14805,0.7124,0.0,0.53635,q3_10q.htm,
732717,AT&T INC.,utilities,extension,0000732717-16-000233,10-Q,2016-11-03,RISK_FACTORS,FLAGGED,heading_regex_fallback,heading_regex_fallback,heading_regex,low,581,0.9484,0.0,0.49027,q3_10q.htm,
732717,AT&T INC.,utilities,extension,0000732717-17-000055,10-Q,2017-05-04,MDA,FLAGGED,heading_regex_fallback,heading_regex_fallback,heading_regex,low,11376,0.6307,0.0,0.50486,q1_10q.htm,
732717,AT&T INC.,utilities,extension,0000732717-17-000055,10-Q,2017-05-04,RISK_FACTORS,FLAGGED,heading_regex_fallback,heading_regex_fallback,heading_regex,low,50,0.92,0.0,,q1_10q.htm,
732717,AT&T INC.,utilities,extension,0000732717-17-000080,10-Q,2017-08-03,MDA,FLAGGED,heading_regex_fallback,heading_regex_fallback,heading_regex,low,13559,0.6236,0.0,0.52878,q2_10q.htm,
732717,AT&T INC.,utilities,extension,0000732717-17-000080,10-Q,2017-08-03,RISK_FACTORS,FLAGGED,heading_regex_fallback,heading_regex_fallback,heading_regex,low,50,0.92,0.0,,q2_10q.htm,
732717,AT&T INC.,utilities,extension,0000732717-17-000101,10-Q,2017-11-03,MDA,FLAGGED,heading_regex_fallback,heading_regex_fallback,heading_regex,low,14297,0.6306,0.0,0.52568,q3_10q.htm,
732717,AT&T INC.,utilities,extension,0000732717-17-000101,10-Q,2017-11-03,RISK_FACTORS,FLAGGED,heading_regex_fallback,heading_regex_fallback,heading_regex,low,50,0.92,0.0,,q3_10q.htm,
732717,AT&T INC.,utilities,extension,0000732717-18-000024,10-Q,2018-05-03,MDA,FLAGGED,heading_regex_fallback,heading_regex_fallback,heading_regex,low,12467,0.5777,0.0,0.49985,q1_10q.htm,
732717,AT&T INC.,utilities,extension,0000732717-18-000024,10-Q,2018-05-03,RISK_FACTORS,FAIL,no_toc_and_no_heading_match,no_toc_and_no_heading_match,none,low,0,0.0,,,q1_10q.htm,
732717,AT&T INC.,utilities,extension,0000732717-18-000090,10-Q,2018-11-02,MDA,FLAGGED,heading_regex_fallback,heading_regex_fallback,heading_regex,low,15326,0.5186,0.0,0.53345,q3_10q.htm,
732717,AT&T INC.,utilities,extension,0000732717-18-000090,10-Q,2018-11-02,RISK_FACTORS,FLAGGED,heading_regex_fallback,heading_regex_fallback,heading_regex,low,394,0.8503,0.0,0.48303,q3_10q.htm,
732717,AT&T INC.,utilities,extension,0000732717-19-000018,10-Q,2019-05-06,MDA,FLAGGED,heading_regex_fallback,heading_regex_fallback,heading_regex,low,9000,0.0822,0.0,0.53,1q_10q.htm,
732717,AT&T INC.,utilities,extension,0000732717-19-000018,10-Q,2019-05-06,RISK_FACTORS,FLAGGED,heading_regex_fallback,heading_regex_fallback,heading_regex,low,50,0.0,0.0,,1q_10q.htm,
732717,AT&T INC.,utilities,extension,0000732717-19-000056,10-Q,2019-11-05,MDA,FLAGGED,heading_regex_fallback,heading_regex_fallback,heading_regex,low,12392,0.4828,0.0005,0.55417,t-20190930.htm,
732717,AT&T INC.,utilities,extension,0000732717-19-000056,10-Q,2019-11-05,RISK_FACTORS,FLAGGED,heading_regex_fallback,heading_regex_fallback,heading_regex,low,71,0.662,0.0,0.53226,t-20190930.htm,
732717,AT&T INC.,utilities,extension,0000732717-20-000056,10-Q,2020-11-05,MDA,FLAGGED,heading_regex_fallback,heading_regex_fallback,heading_regex,low,12810,0.5371,0.0,0.56399,t-20200930.htm,
732717,AT&T INC.,utilities,extension,0000732717-20-000056,10-Q,2020-11-05,RISK_FACTORS,FLAGGED,heading_regex_fallback,heading_regex_fallback,heading_regex,low,544,0.864,0.0,0.49623,t-20200930.htm,
732717,AT&T INC.,utilities,extension,0000732717-21-000030,10-Q,2021-05-06,MDA,FLAGGED,heading_regex_fallback,heading_regex_fallback,heading_regex,low,6840,0.5463,0.0,0.53603,t-20210331.htm,
732717,AT&T INC.,utilities,extension,0000732717-21-000030,10-Q,2021-05-06,RISK_FACTORS,FLAGGED,heading_regex_fallback,heading_regex_fallback,heading_regex,low,50,0.92,0.0,,t-20210331.htm,
732717,AT&T INC.,utilities,extension,0000732717-21-000067,10-Q,2021-08-05,MDA,FLAGGED,heading_regex_fallback,heading_regex_fallback,heading_regex,low,9548,0.5783,0.0,0.55899,t-20210630.htm,
732717,AT&T INC.,utilities,extension,0000732717-21-000067,10-Q,2021-08-05,RISK_FACTORS,FLAGGED,heading_regex_fallback,heading_regex_fallback,heading_regex,low,1505,0.8571,0.0,0.532,t-20210630.htm,
732717,AT&T INC.,utilities,extension,0000732717-21-000080,10-Q,2021-11-04,MDA,FLAGGED,heading_regex_fallback,heading_regex_fallback,heading_regex,low,9452,0.6208,0.0,0.56256,t-20210930.htm,
732717,AT&T INC.,utilities,extension,0000732717-21-000080,10-Q,2021-11-04,RISK_FACTORS,FLAGGED,heading_regex_fallback,heading_regex_fallback,heading_regex,low,82,0.6341,0.0,0.61972,t-20210930.htm,
732717,AT&T INC.,utilities,extension,0000732717-22-000042,10-Q,2022-05-03,MDA,FLAGGED,heading_regex_fallback,heading_regex_fallback,heading_regex,low,7640,0.6152,0.0,0.52574,t-20220331.htm,
732717,AT&T INC.,utilities,extension,0000732717-22-000042,10-Q,2022-05-03,RISK_FACTORS,FLAGGED,heading_regex_fallback,heading_regex_fallback,heading_regex,low,67,0.0,0.0,0.57627,t-20220331.htm,
732717,AT&T INC.,utilities,extension,0000732717-22-000093,10-Q,2022-08-04,MDA,FLAGGED,heading_regex_fallback,heading_regex_fallback,heading_regex,low,8064,0.6442,0.0,0.55141,t-20220630.htm,
732717,AT&T INC.,utilities,extension,0000732717-22-000093,10-Q,2022-08-04,RISK_FACTORS,FLAGGED,heading_regex_fallback,heading_regex_fallback,heading_regex,low,67,0.0,0.0,0.57627,t-20220630.htm,
732717,AT&T INC.,utilities,extension,0000732717-22-000102,10-Q,2022-11-03,MDA,FLAGGED,heading_regex_fallback,heading_regex_fallback,heading_regex,low,8633,0.6504,0.0,0.5493,t-20220930.htm,
732717,AT&T INC.,utilities,extension,0000732717-22-000102,10-Q,2022-11-03,RISK_FACTORS,FLAGGED,heading_regex_fallback,heading_regex_fallback,heading_regex,low,67,0.0,0.0,0.57627,t-20220930.htm,
732717,AT&T INC.,utilities,extension,0000732717-23-000022,10-Q,2023-05-01,MDA,FLAGGED,heading_regex_fallback,heading_regex_fallback,heading_regex,low,5580,0.5697,0.0,0.52044,t-20230331.htm,
732717,AT&T INC.,utilities,extension,0000732717-23-000022,10-Q,2023-05-01,RISK_FACTORS,FLAGGED,heading_regex_fallback,heading_regex_fallback,heading_regex,low,67,0.0,0.0,0.57627,t-20230331.htm,
732717,AT&T INC.,utilities,extension,0000732717-23-000047,10-Q,2023-07-27,MDA,FLAGGED,heading_regex_fallback,heading_regex_fallback,heading_regex,low,6736,0.6038,0.0,0.55461,t-20230630.htm,
732717,AT&T INC.,utilities,extension,0000732717-23-000047,10-Q,2023-07-27,RISK_FACTORS,FLAGGED,heading_regex_fallback,heading_regex_fallback,heading_regex,low,125,0.624,0.0,0.43902,t-20230630.htm,
732717,AT&T INC.,utilities,extension,0000732717-23-000057,10-Q,2023-10-31,MDA,FLAGGED,heading_regex_fallback,heading_regex_fallback,heading_regex,low,7087,0.5945,0.0,0.55092,t-20230930.htm,
732717,AT&T INC.,utilities,extension,0000732717-23-000057,10-Q,2023-10-31,RISK_FACTORS,FLAGGED,heading_regex_fallback,heading_regex_fallback,heading_regex,low,67,0.9403,0.0,0.67797,t-20230930.htm,
732717,AT&T INC.,utilities,extension,0000732717-24-000022,10-Q,2024-05-02,MDA,FLAGGED,heading_regex_fallback,heading_regex_fallback,heading_regex,low,5169,0.5784,0.0,0.52036,t-20240331.htm,
732717,AT&T INC.,utilities,extension,0000732717-24-000022,10-Q,2024-05-02,RISK_FACTORS,FLAGGED,heading_regex_fallback,heading_regex_fallback,heading_regex,low,52,0.9231,0.0,,t-20240331.htm,
732717,AT&T INC.,utilities,extension,0000732717-24-000053,10-Q,2024-07-25,MDA,FLAGGED,heading_regex_fallback,heading_regex_fallback,heading_regex,low,6371,0.599,0.0,0.55558,t-20240630.htm,
732717,AT&T INC.,utilities,extension,0000732717-24-000053,10-Q,2024-07-25,RISK_FACTORS,FLAGGED,heading_regex_fallback,heading_regex_fallback,heading_regex,low,512,0.7246,0.0,0.48671,t-20240630.htm,
732717,AT&T INC.,utilities,extension,0000732717-24-000059,10-Q,2024-10-29,MDA,FLAGGED,heading_regex_fallback,heading_regex_fallback,heading_regex,low,6354,0.6119,0.0,0.5635,t-20240930.htm,
732717,AT&T INC.,utilities,extension,0000732717-24-000059,10-Q,2024-10-29,RISK_FACTORS,FLAGGED,heading_regex_fallback,heading_regex_fallback,heading_regex,low,67,0.9403,0.0,0.67797,t-20240930.htm,
732717,AT&T INC.,utilities,extension,0000732717-25-000023,10-Q,2025-04-29,MDA,FLAGGED,heading_regex_fallback,heading_regex_fallback,heading_regex,low,4678,0.4592,0.0,0.56048,t-20250331.htm,
732717,AT&T INC.,utilities,extension,0000732717-25-000023,10-Q,2025-04-29,RISK_FACTORS,FLAGGED,heading_regex_fallback,heading_regex_fallback,heading_regex,low,52,0.9231,0.0,,t-20250331.htm,
732717,AT&T INC.,utilities,extension,0000732717-25-000080,10-Q,2025-07-24,MDA,FLAGGED,heading_regex_fallback,heading_regex_fallback,heading_regex,low,5880,0.4983,0.0,0.59459,t-20250630.htm,
732717,AT&T INC.,utilities,extension,0000732717-25-000080,10-Q,2025-07-24,RISK_FACTORS,FLAGGED,heading_regex_fallback,heading_regex_fallback,heading_regex,low,355,0.8901,0.0,0.46991,t-20250630.htm,
732717,AT&T INC.,utilities,extension,0000732717-25-000171,10-Q,2025-10-31,MDA,FLAGGED,heading_regex_fallback,heading_regex_fallback,heading_regex,low,6539,0.57,0.0,0.59108,t-20250930.htm,
732717,AT&T INC.,utilities,extension,0000732717-25-000171,10-Q,2025-10-31,RISK_FACTORS,FLAGGED,heading_regex_fallback,heading_regex_fallback,heading_regex,low,67,0.9403,0.0,0.67797,t-20250930.htm,
732717,AT&T INC.,utilities,extension,0000732717-26-000206,10-Q,2026-04-27,MDA,FLAGGED,heading_regex_fallback,heading_regex_fallback,heading_regex,low,4814,0.5081,0.0,0.53923,t-20260331.htm,
732717,AT&T INC.,utilities,extension,0000732717-26-000206,10-Q,2026-04-27,RISK_FACTORS,FLAGGED,heading_regex_fallback,heading_regex_fallback,heading_regex,low,52,0.9231,0.0,,t-20260331.htm,
732717,AT&T INC.,utilities,extension,0000732717-26-000297,10-Q,2026-07-22,MDA,FLAGGED,heading_regex_fallback,heading_regex_fallback,heading_regex,low,6048,0.5146,0.0,0.55692,t-20260630.htm,
732717,AT&T INC.,utilities,extension,0000732717-26-000297,10-Q,2026-07-22,RISK_FACTORS,FLAGGED,heading_regex_fallback,heading_regex_fallback,heading_regex,low,52,0.9231,0.0,,t-20260630.htm,
766704,WELLTOWER INC.,materials_realestate,extension,0000766704-15-000031,10-Q,2015-08-04,MDA,FLAGGED,toc_recovered_f2,toc_recovered_f2,heading_regex_toc_present,low,14928,0.0,0.0,0.46954,10-Q.htm,
766704,WELLTOWER INC.,materials_realestate,extension,0000766704-15-000043,10-Q,2015-10-30,MDA,FLAGGED,toc_recovered_f2,toc_recovered_f2,heading_regex_toc_present,low,15575,0.0,0.0,0.46787,10-Q.htm,
766704,WELLTOWER INC.,materials_realestate,extension,0000766704-16-000072,10-Q,2016-05-05,MDA,FLAGGED,toc_recovered_f2,toc_recovered_f2,heading_regex_toc_present,low,12563,0.0,0.0,0.46442,10-Q.htm,
766704,WELLTOWER INC.,materials_realestate,extension,0000766704-16-000082,10-Q,2016-08-02,MDA,FLAGGED,toc_recovered_f2,toc_recovered_f2,heading_regex_toc_present,low,14912,0.0,0.0,0.46003,10-Q.htm,
766704,WELLTOWER INC.,materials_realestate,extension,0000766704-16-000092,10-Q,2016-11-02,MDA,FLAGGED,toc_recovered_f2,toc_recovered_f2,heading_regex_toc_present,low,15989,0.0,0.0,0.4553,10-Q.htm,
766704,WELLTOWER INC.,materials_realestate,extension,0000766704-17-000024,10-Q,2017-05-05,MDA,FLAGGED,toc_recovered_f2,toc_recovered_f2,heading_regex_toc_present,low,10466,0.0,0.0,0.48246,10-Q.htm,
766704,WELLTOWER INC.,materials_realestate,extension,0000766704-17-000035,10-Q,2017-07-28,MDA,FLAGGED,toc_recovered_f2,toc_recovered_f2,heading_regex_toc_present,low,11982,0.0,0.0,0.48227,10-Q.htm,
766704,WELLTOWER INC.,materials_realestate,extension,0000766704-17-000050,10-Q,2017-11-07,MDA,FLAGGED,toc_recovered_f2,toc_recovered_f2,heading_regex_toc_present,low,12375,0.0,0.0,0.48002,10-Q.htm,
766704,WELLTOWER INC.,materials_realestate,extension,0000766704-18-000030,10-Q,2018-05-04,MDA,FLAGGED,toc_recovered_f2,toc_recovered_f2,heading_regex_toc_present,low,10793,0.0,0.0,0.47847,10-Q.htm,
798354,FISERV INC,financials,core,0000798354-20-000020,10-Q,2020-08-06,RISK_FACTORS,FLAGGED,toc_recovered_f1,toc_recovered_f1,anchor_resolving_entry,medium,1561,0.9276,0.0,0.48332,fisv0630202010-q.htm,
827052,EDISON INTERNATIONAL,utilities,extension,0000827052-15-000144,10-Q,2015-07-30,MDA,FAIL,no_toc_and_no_heading_match,no_toc_and_no_heading_match,none,low,0,0.0,,,eix-sce2015q210q.htm,
827052,EDISON INTERNATIONAL,utilities,extension,0000827052-15-000144,10-Q,2015-07-30,RISK_FACTORS,FAIL,no_toc_and_no_heading_match,no_toc_and_no_heading_match,none,low,0,0.0,,,eix-sce2015q210q.htm,
827052,EDISON INTERNATIONAL,utilities,extension,0000827052-15-000180,10-Q,2015-10-27,MDA,FAIL,no_toc_and_no_heading_match,no_toc_and_no_heading_match,none,low,0,0.0,,,eix-sce2015q310q.htm,
827052,EDISON INTERNATIONAL,utilities,extension,0000827052-15-000180,10-Q,2015-10-27,RISK_FACTORS,FAIL,no_toc_and_no_heading_match,no_toc_and_no_heading_match,none,low,0,0.0,,,eix-sce2015q310q.htm,
827052,EDISON INTERNATIONAL,utilities,extension,0000827052-16-000321,10-Q,2016-05-02,MDA,FAIL,no_toc_and_no_heading_match,no_toc_and_no_heading_match,none,low,0,0.0,,,eix-sce2016q110q.htm,
827052,EDISON INTERNATIONAL,utilities,extension,0000827052-16-000321,10-Q,2016-05-02,RISK_FACTORS,FAIL,no_toc_and_no_heading_match,no_toc_and_no_heading_match,none,low,0,0.0,,,eix-sce2016q110q.htm,
827052,EDISON INTERNATIONAL,utilities,extension,0000827052-16-000363,10-Q,2016-07-28,MDA,FAIL,no_toc_and_no_heading_match,no_toc_and_no_heading_match,none,low,0,0.0,,,eix-sce2016q210q.htm,
827052,EDISON INTERNATIONAL,utilities,extension,0000827052-16-000363,10-Q,2016-07-28,RISK_FACTORS,FAIL,no_toc_and_no_heading_match,no_toc_and_no_heading_match,none,low,0,0.0,,,eix-sce2016q210q.htm,
827052,EDISON INTERNATIONAL,utilities,extension,0000827052-16-000398,10-Q,2016-11-01,MDA,FAIL,no_toc_and_no_heading_match,no_toc_and_no_heading_match,none,low,0,0.0,,,eix-sce2016q310q.htm,
827052,EDISON INTERNATIONAL,utilities,extension,0000827052-16-000398,10-Q,2016-11-01,RISK_FACTORS,FAIL,no_toc_and_no_heading_match,no_toc_and_no_heading_match,none,low,0,0.0,,,eix-sce2016q310q.htm,
827052,EDISON INTERNATIONAL,utilities,extension,0000827052-17-000128,10-Q,2017-05-01,MDA,FAIL,no_toc_and_no_heading_match,no_toc_and_no_heading_match,none,low,0,0.0,,,eix-sce2017q110q.htm,
827052,EDISON INTERNATIONAL,utilities,extension,0000827052-17-000128,10-Q,2017-05-01,RISK_FACTORS,FAIL,no_toc_and_no_heading_match,no_toc_and_no_heading_match,none,low,0,0.0,,,eix-sce2017q110q.htm,
827052,EDISON INTERNATIONAL,utilities,extension,0000827052-17-000163,10-Q,2017-07-27,MDA,FAIL,no_toc_and_no_heading_match,no_toc_and_no_heading_match,none,low,0,0.0,,,eix-sce2017q210q.htm,
827052,EDISON INTERNATIONAL,utilities,extension,0000827052-17-000163,10-Q,2017-07-27,RISK_FACTORS,FAIL,no_toc_and_no_heading_match,no_toc_and_no_heading_match,none,low,0,0.0,,,eix-sce2017q210q.htm,
827052,EDISON INTERNATIONAL,utilities,extension,0000827052-17-000196,10-Q,2017-10-30,MDA,FAIL,no_toc_and_no_heading_match,no_toc_and_no_heading_match,none,low,0,0.0,,,eix-sce2017q310q.htm,
827052,EDISON INTERNATIONAL,utilities,extension,0000827052-17-000196,10-Q,2017-10-30,RISK_FACTORS,FAIL,no_toc_and_no_heading_match,no_toc_and_no_heading_match,none,low,0,0.0,,,eix-sce2017q310q.htm,
827052,EDISON INTERNATIONAL,utilities,extension,0000827052-18-000115,10-Q,2018-05-01,MDA,FAIL,no_toc_and_no_heading_match,no_toc_and_no_heading_match,none,low,0,0.0,,,eix-sce2018q110q.htm,
827052,EDISON INTERNATIONAL,utilities,extension,0000827052-18-000115,10-Q,2018-05-01,RISK_FACTORS,FAIL,no_toc_and_no_heading_match,no_toc_and_no_heading_match,none,low,0,0.0,,,eix-sce2018q110q.htm,
827052,EDISON INTERNATIONAL,utilities,extension,0000827052-18-000136,10-Q,2018-07-26,MDA,FAIL,no_toc_and_no_heading_match,no_toc_and_no_heading_match,none,low,0,0.0,,,eix-sce2018q210q.htm,
827052,EDISON INTERNATIONAL,utilities,extension,0000827052-18-000136,10-Q,2018-07-26,RISK_FACTORS,FAIL,no_toc_and_no_heading_match,no_toc_and_no_heading_match,none,low,0,0.0,,,eix-sce2018q210q.htm,
827052,EDISON INTERNATIONAL,utilities,extension,0000827052-18-000151,10-Q,2018-10-30,MDA,FAIL,no_toc_and_no_heading_match,no_toc_and_no_heading_match,none,low,0,0.0,,,eix-sce2018q310q.htm,
827052,EDISON INTERNATIONAL,utilities,extension,0000827052-18-000151,10-Q,2018-10-30,RISK_FACTORS,FAIL,no_toc_and_no_heading_match,no_toc_and_no_heading_match,none,low,0,0.0,,,eix-sce2018q310q.htm,
827052,EDISON INTERNATIONAL,utilities,extension,0000827052-19-000108,10-Q,2019-04-30,MDA,FAIL,no_toc_and_no_heading_match,no_toc_and_no_heading_match,none,low,0,0.0,,,eix-sceq110q2019.htm,
827052,EDISON INTERNATIONAL,utilities,extension,0000827052-19-000108,10-Q,2019-04-30,RISK_FACTORS,FAIL,no_toc_and_no_heading_match,no_toc_and_no_heading_match,none,low,0,0.0,,,eix-sceq110q2019.htm,
827052,EDISON INTERNATIONAL,utilities,extension,0000827052-19-000135,10-Q,2019-07-25,MDA,FAIL,no_toc_and_no_heading_match,no_toc_and_no_heading_match,none,low,0,0.0,,,eix-sceq210q2019.htm,
827052,EDISON INTERNATIONAL,utilities,extension,0000827052-19-000135,10-Q,2019-07-25,RISK_FACTORS,FAIL,no_toc_and_no_heading_match,no_toc_and_no_heading_match,none,low,0,0.0,,,eix-sceq210q2019.htm,
827052,EDISON INTERNATIONAL,utilities,extension,0000827052-19-000166,10-Q,2019-10-29,MDA,FAIL,no_toc_and_no_heading_match,no_toc_and_no_heading_match,none,low,0,0.0,,,eix-sceq310q2019.htm,
827052,EDISON INTERNATIONAL,utilities,extension,0000827052-19-000166,10-Q,2019-10-29,RISK_FACTORS,FAIL,no_toc_and_no_heading_match,no_toc_and_no_heading_match,none,low,0,0.0,,,eix-sceq310q2019.htm,
827052,EDISON INTERNATIONAL,utilities,extension,0000827052-20-000091,10-Q,2020-04-30,MDA,FAIL,no_toc_and_no_heading_match,no_toc_and_no_heading_match,none,low,0,0.0,,,eix-sceq110q2020.htm,
827052,EDISON INTERNATIONAL,utilities,extension,0000827052-20-000091,10-Q,2020-04-30,RISK_FACTORS,FAIL,no_toc_and_no_heading_match,no_toc_and_no_heading_match,none,low,0,0.0,,,eix-sceq110q2020.htm,
827052,EDISON INTERNATIONAL,utilities,extension,0000827052-20-000111,10-Q,2020-07-28,MDA,FAIL,no_toc_and_no_heading_match,no_toc_and_no_heading_match,none,low,0,0.0,,,eix-20200630.htm,
827052,EDISON INTERNATIONAL,utilities,extension,0000827052-20-000111,10-Q,2020-07-28,RISK_FACTORS,FAIL,no_toc_and_no_heading_match,no_toc_and_no_heading_match,none,low,0,0.0,,,eix-20200630.htm,
827052,EDISON INTERNATIONAL,utilities,extension,0000827052-20-000134,10-Q,2020-10-27,MDA,FAIL,no_toc_and_no_heading_match,no_toc_and_no_heading_match,none,low,0,0.0,,,eix-20200930.htm,
827052,EDISON INTERNATIONAL,utilities,extension,0000827052-20-000134,10-Q,2020-10-27,RISK_FACTORS,FAIL,no_toc_and_no_heading_match,no_toc_and_no_heading_match,none,low,0,0.0,,,eix-20200930.htm,
827052,EDISON INTERNATIONAL,utilities,extension,0000827052-21-000033,10-Q,2021-04-27,MDA,FAIL,no_toc_and_no_heading_match,no_toc_and_no_heading_match,none,low,0,0.0,,,eix-20210331x10q.htm,
827052,EDISON INTERNATIONAL,utilities,extension,0000827052-21-000033,10-Q,2021-04-27,RISK_FACTORS,FAIL,no_toc_and_no_heading_match,no_toc_and_no_heading_match,none,low,0,0.0,,,eix-20210331x10q.htm,
827052,EDISON INTERNATIONAL,utilities,extension,0000827052-21-000051,10-Q,2021-07-29,MDA,FAIL,no_toc_and_no_heading_match,no_toc_and_no_heading_match,none,low,0,0.0,,,eix-20210630x10q.htm,
827052,EDISON INTERNATIONAL,utilities,extension,0000827052-21-000051,10-Q,2021-07-29,RISK_FACTORS,FAIL,no_toc_and_no_heading_match,no_toc_and_no_heading_match,none,low,0,0.0,,,eix-20210630x10q.htm,
827052,EDISON INTERNATIONAL,utilities,extension,0000827052-21-000063,10-Q,2021-11-02,MDA,FAIL,no_toc_and_no_heading_match,no_toc_and_no_heading_match,none,low,0,0.0,,,eix-20210930x10q.htm,
827052,EDISON INTERNATIONAL,utilities,extension,0000827052-21-000063,10-Q,2021-11-02,RISK_FACTORS,FAIL,no_toc_and_no_heading_match,no_toc_and_no_heading_match,none,low,0,0.0,,,eix-20210930x10q.htm,
827052,EDISON INTERNATIONAL,utilities,extension,0000827052-22-000031,10-Q,2022-05-03,MDA,FAIL,no_toc_and_no_heading_match,no_toc_and_no_heading_match,none,low,0,0.0,,,eix-20220331x10q.htm,
827052,EDISON INTERNATIONAL,utilities,extension,0000827052-22-000031,10-Q,2022-05-03,RISK_FACTORS,FAIL,no_toc_and_no_heading_match,no_toc_and_no_heading_match,none,low,0,0.0,,,eix-20220331x10q.htm,
827052,EDISON INTERNATIONAL,utilities,extension,0000827052-22-000053,10-Q,2022-07-28,MDA,FAIL,no_toc_and_no_heading_match,no_toc_and_no_heading_match,none,low,0,0.0,,,eix-20220630x10q.htm,
827052,EDISON INTERNATIONAL,utilities,extension,0000827052-22-000053,10-Q,2022-07-28,RISK_FACTORS,FAIL,no_toc_and_no_heading_match,no_toc_and_no_heading_match,none,low,0,0.0,,,eix-20220630x10q.htm,
827052,EDISON INTERNATIONAL,utilities,extension,0000827052-22-000076,10-Q,2022-11-01,MDA,FAIL,no_toc_and_no_heading_match,no_toc_and_no_heading_match,none,low,0,0.0,,,eix-20220930x10q.htm,
827052,EDISON INTERNATIONAL,utilities,extension,0000827052-22-000076,10-Q,2022-11-01,RISK_FACTORS,FAIL,no_toc_and_no_heading_match,no_toc_and_no_heading_match,none,low,0,0.0,,,eix-20220930x10q.htm,
827052,EDISON INTERNATIONAL,utilities,extension,0000827052-23-000037,10-Q,2023-05-02,MDA,FAIL,no_toc_and_no_heading_match,no_toc_and_no_heading_match,none,low,0,0.0,,,eix-20230331x10q.htm,
827052,EDISON INTERNATIONAL,utilities,extension,0000827052-23-000037,10-Q,2023-05-02,RISK_FACTORS,FAIL,no_toc_and_no_heading_match,no_toc_and_no_heading_match,none,low,0,0.0,,,eix-20230331x10q.htm,
827052,EDISON INTERNATIONAL,utilities,extension,0000827052-23-000065,10-Q,2023-07-27,MDA,FAIL,no_toc_and_no_heading_match,no_toc_and_no_heading_match,none,low,0,0.0,,,eix-20230630x10q.htm,
827052,EDISON INTERNATIONAL,utilities,extension,0000827052-23-000065,10-Q,2023-07-27,RISK_FACTORS,FAIL,no_toc_and_no_heading_match,no_toc_and_no_heading_match,none,low,0,0.0,,,eix-20230630x10q.htm,
827052,EDISON INTERNATIONAL,utilities,extension,0000827052-23-000084,10-Q,2023-11-01,MDA,FAIL,no_toc_and_no_heading_match,no_toc_and_no_heading_match,none,low,0,0.0,,,eix-20230930x10q.htm,
827052,EDISON INTERNATIONAL,utilities,extension,0000827052-23-000084,10-Q,2023-11-01,RISK_FACTORS,FAIL,no_toc_and_no_heading_match,no_toc_and_no_heading_match,none,low,0,0.0,,,eix-20230930x10q.htm,
827052,EDISON INTERNATIONAL,utilities,extension,0000827052-24-000035,10-Q,2024-04-30,MDA,FAIL,no_toc_and_no_heading_match,no_toc_and_no_heading_match,none,low,0,0.0,,,eix-20240331x10q.htm,
827052,EDISON INTERNATIONAL,utilities,extension,0000827052-24-000035,10-Q,2024-04-30,RISK_FACTORS,FAIL,no_toc_and_no_heading_match,no_toc_and_no_heading_match,none,low,0,0.0,,,eix-20240331x10q.htm,
827052,EDISON INTERNATIONAL,utilities,extension,0000827052-24-000055,10-Q,2024-07-25,MDA,FAIL,no_toc_and_no_heading_match,no_toc_and_no_heading_match,none,low,0,0.0,,,eix-20240630x10q.htm,
827052,EDISON INTERNATIONAL,utilities,extension,0000827052-24-000055,10-Q,2024-07-25,RISK_FACTORS,FAIL,no_toc_and_no_heading_match,no_toc_and_no_heading_match,none,low,0,0.0,,,eix-20240630x10q.htm,
827052,EDISON INTERNATIONAL,utilities,extension,0000827052-24-000075,10-Q,2024-10-29,MDA,FAIL,no_toc_and_no_heading_match,no_toc_and_no_heading_match,none,low,0,0.0,,,eix-20240930x10q.htm,
827052,EDISON INTERNATIONAL,utilities,extension,0000827052-24-000075,10-Q,2024-10-29,RISK_FACTORS,FAIL,no_toc_and_no_heading_match,no_toc_and_no_heading_match,none,low,0,0.0,,,eix-20240930x10q.htm,
827052,EDISON INTERNATIONAL,utilities,extension,0000827052-25-000043,10-Q,2025-04-29,MDA,FAIL,no_toc_and_no_heading_match,no_toc_and_no_heading_match,none,low,0,0.0,,,eix-20250331.htm,
827052,EDISON INTERNATIONAL,utilities,extension,0000827052-25-000043,10-Q,2025-04-29,RISK_FACTORS,FAIL,no_toc_and_no_heading_match,no_toc_and_no_heading_match,none,low,0,0.0,,,eix-20250331.htm,
827052,EDISON INTERNATIONAL,utilities,extension,0000827052-25-000074,10-Q,2025-07-31,MDA,FAIL,no_toc_and_no_heading_match,no_toc_and_no_heading_match,none,low,0,0.0,,,eix-20250630.htm,
827052,EDISON INTERNATIONAL,utilities,extension,0000827052-25-000074,10-Q,2025-07-31,RISK_FACTORS,FAIL,no_toc_and_no_heading_match,no_toc_and_no_heading_match,none,low,0,0.0,,,eix-20250630.htm,
827052,EDISON INTERNATIONAL,utilities,extension,0000827052-25-000100,10-Q,2025-10-28,MDA,FAIL,no_toc_and_no_heading_match,no_toc_and_no_heading_match,none,low,0,0.0,,,eix-20250930.htm,
827052,EDISON INTERNATIONAL,utilities,extension,0000827052-25-000100,10-Q,2025-10-28,RISK_FACTORS,FAIL,no_toc_and_no_heading_match,no_toc_and_no_heading_match,none,low,0,0.0,,,eix-20250930.htm,
827052,EDISON INTERNATIONAL,utilities,extension,0000827052-26-000042,10-Q,2026-04-28,MDA,FAIL,no_toc_and_no_heading_match,no_toc_and_no_heading_match,none,low,0,0.0,,,eix-20260331.htm,
827052,EDISON INTERNATIONAL,utilities,extension,0000827052-26-000042,10-Q,2026-04-28,RISK_FACTORS,FAIL,no_toc_and_no_heading_match,no_toc_and_no_heading_match,none,low,0,0.0,,,eix-20260331.htm,
827052,EDISON INTERNATIONAL,utilities,extension,0000827052-26-000059,10-Q,2026-07-30,MDA,FAIL,no_toc_and_no_heading_match,no_toc_and_no_heading_match,none,low,0,0.0,,,eix-20260630.htm,
827052,EDISON INTERNATIONAL,utilities,extension,0000827052-26-000059,10-Q,2026-07-30,RISK_FACTORS,FAIL,no_toc_and_no_heading_match,no_toc_and_no_heading_match,none,low,0,0.0,,,eix-20260630.htm,
831001,CITIGROUP INC,financials,core,0000831001-15-000111,10-Q,2015-08-03,MDA,FAIL,no_toc_and_no_heading_match,no_toc_and_no_heading_match,none,low,0,0.0,,,c-6302015x10q.htm,
831001,CITIGROUP INC,financials,core,0000831001-15-000111,10-Q,2015-08-03,RISK_FACTORS,FAIL,no_toc_and_no_heading_match,no_toc_and_no_heading_match,none,low,0,0.0,,,c-6302015x10q.htm,
831001,CITIGROUP INC,financials,core,0000831001-15-000157,10-Q,2015-10-30,MDA,FAIL,no_toc_and_no_heading_match,no_toc_and_no_heading_match,none,low,0,0.0,,,c-9302015x10q.htm,
831001,CITIGROUP INC,financials,core,0000831001-15-000157,10-Q,2015-10-30,RISK_FACTORS,FAIL,no_toc_and_no_heading_match,no_toc_and_no_heading_match,none,low,0,0.0,,,c-9302015x10q.htm,
831001,CITIGROUP INC,financials,core,0000831001-16-000241,10-Q,2016-05-02,MDA,FAIL,no_toc_and_no_heading_match,no_toc_and_no_heading_match,none,low,0,0.0,,,c-3312016x10q.htm,
831001,CITIGROUP INC,financials,core,0000831001-16-000241,10-Q,2016-05-02,RISK_FACTORS,FAIL,no_toc_and_no_heading_match,no_toc_and_no_heading_match,none,low,0,0.0,,,c-3312016x10q.htm,
831001,CITIGROUP INC,financials,core,0000831001-16-000292,10-Q,2016-08-01,MDA,FAIL,no_toc_and_no_heading_match,no_toc_and_no_heading_match,none,low,0,0.0,,,c-6302016x10q.htm,
831001,CITIGROUP INC,financials,core,0000831001-16-000292,10-Q,2016-08-01,RISK_FACTORS,FAIL,no_toc_and_no_heading_match,no_toc_and_no_heading_match,none,low,0,0.0,,,c-6302016x10q.htm,
831001,CITIGROUP INC,financials,core,0000831001-16-000334,10-Q,2016-10-31,MDA,FAIL,no_toc_and_no_heading_match,no_toc_and_no_heading_match,none,low,0,0.0,,,c-9302016x10q.htm,
831001,CITIGROUP INC,financials,core,0000831001-16-000334,10-Q,2016-10-31,RISK_FACTORS,FAIL,no_toc_and_no_heading_match,no_toc_and_no_heading_match,none,low,0,0.0,,,c-9302016x10q.htm,
831001,CITIGROUP INC,financials,core,0000831001-17-000048,10-Q,2017-05-01,MDA,FAIL,no_toc_and_no_heading_match,no_toc_and_no_heading_match,none,low,0,0.0,,,c-3312017x10q.htm,
831001,CITIGROUP INC,financials,core,0000831001-17-000048,10-Q,2017-05-01,RISK_FACTORS,FAIL,no_toc_and_no_heading_match,no_toc_and_no_heading_match,none,low,0,0.0,,,c-3312017x10q.htm,
831001,CITIGROUP INC,financials,core,0000831001-17-000098,10-Q,2017-08-01,MDA,FAIL,no_toc_and_no_heading_match,no_toc_and_no_heading_match,none,low,0,0.0,,,c-6302017x10q.htm,
831001,CITIGROUP INC,financials,core,0000831001-17-000098,10-Q,2017-08-01,RISK_FACTORS,FAIL,no_toc_and_no_heading_match,no_toc_and_no_heading_match,none,low,0,0.0,,,c-6302017x10q.htm,
831001,CITIGROUP INC,financials,core,0000831001-17-000139,10-Q,2017-10-31,MDA,FAIL,no_toc_and_no_heading_match,no_toc_and_no_heading_match,none,low,0,0.0,,,c-9302017x10q.htm,
831001,CITIGROUP INC,financials,core,0000831001-17-000139,10-Q,2017-10-31,RISK_FACTORS,FAIL,no_toc_and_no_heading_match,no_toc_and_no_heading_match,none,low,0,0.0,,,c-9302017x10q.htm,
831001,CITIGROUP INC,financials,core,0000831001-18-000046,10-Q,2018-05-01,MDA,FAIL,no_toc_and_no_heading_match,no_toc_and_no_heading_match,none,low,0,0.0,,,c-3312018x10q.htm,
831001,CITIGROUP INC,financials,core,0000831001-18-000046,10-Q,2018-05-01,RISK_FACTORS,FAIL,no_toc_and_no_heading_match,no_toc_and_no_heading_match,none,low,0,0.0,,,c-3312018x10q.htm,
831001,CITIGROUP INC,financials,core,0000831001-18-000091,10-Q,2018-07-31,MDA,FAIL,no_toc_and_no_heading_match,no_toc_and_no_heading_match,none,low,0,0.0,,,c-6302018x10q.htm,
831001,CITIGROUP INC,financials,core,0000831001-18-000091,10-Q,2018-07-31,RISK_FACTORS,FAIL,no_toc_and_no_heading_match,no_toc_and_no_heading_match,none,low,0,0.0,,,c-6302018x10q.htm,
831001,CITIGROUP INC,financials,core,0000831001-18-000131,10-Q,2018-10-30,MDA,FAIL,no_toc_and_no_heading_match,no_toc_and_no_heading_match,none,low,0,0.0,,,c-9302018x10q.htm,
831001,CITIGROUP INC,financials,core,0000831001-18-000131,10-Q,2018-10-30,RISK_FACTORS,FAIL,no_toc_and_no_heading_match,no_toc_and_no_heading_match,none,low,0,0.0,,,c-9302018x10q.htm,
831001,CITIGROUP INC,financials,core,0000831001-19-000033,10-Q,2019-04-30,MDA,FAIL,no_toc_and_no_heading_match,no_toc_and_no_heading_match,none,low,0,0.0,,,c-3312019x10q.htm,
831001,CITIGROUP INC,financials,core,0000831001-19-000033,10-Q,2019-04-30,RISK_FACTORS,FAIL,no_toc_and_no_heading_match,no_toc_and_no_heading_match,none,low,0,0.0,,,c-3312019x10q.htm,
831001,CITIGROUP INC,financials,core,0000831001-19-000073,10-Q,2019-08-01,MDA,FAIL,no_toc_and_no_heading_match,no_toc_and_no_heading_match,none,low,0,0.0,,,c-6302019x10q.htm,
831001,CITIGROUP INC,financials,core,0000831001-19-000073,10-Q,2019-08-01,RISK_FACTORS,FAIL,no_toc_and_no_heading_match,no_toc_and_no_heading_match,none,low,0,0.0,,,c-6302019x10q.htm,
831001,CITIGROUP INC,financials,core,0000831001-19-000105,10-Q,2019-11-01,MDA,FAIL,no_toc_and_no_heading_match,no_toc_and_no_heading_match,none,low,0,0.0,,,c-9302019x10q.htm,
831001,CITIGROUP INC,financials,core,0000831001-19-000105,10-Q,2019-11-01,RISK_FACTORS,FAIL,no_toc_and_no_heading_match,no_toc_and_no_heading_match,none,low,0,0.0,,,c-9302019x10q.htm,
831001,CITIGROUP INC,financials,core,0000831001-20-000044,10-Q,2020-05-04,MDA,FAIL,no_toc_and_no_heading_match,no_toc_and_no_heading_match,none,low,0,0.0,,,c-3312020x10q.htm,
831001,CITIGROUP INC,financials,core,0000831001-20-000044,10-Q,2020-05-04,RISK_FACTORS,FAIL,no_toc_and_no_heading_match,no_toc_and_no_heading_match,none,low,0,0.0,,,c-3312020x10q.htm,
831001,CITIGROUP INC,financials,core,0000831001-20-000078,10-Q,2020-08-05,MDA,FAIL,no_toc_and_no_heading_match,no_toc_and_no_heading_match,none,low,0,0.0,,,c-20200630.htm,
831001,CITIGROUP INC,financials,core,0000831001-20-000078,10-Q,2020-08-05,RISK_FACTORS,FAIL,no_toc_and_no_heading_match,no_toc_and_no_heading_match,none,low,0,0.0,,,c-20200630.htm,
831001,CITIGROUP INC,financials,core,0000831001-20-000110,10-Q,2020-11-04,MDA,FAIL,no_toc_and_no_heading_match,no_toc_and_no_heading_match,none,low,0,0.0,,,c-20200930.htm,
831001,CITIGROUP INC,financials,core,0000831001-20-000110,10-Q,2020-11-04,RISK_FACTORS,FAIL,no_toc_and_no_heading_match,no_toc_and_no_heading_match,none,low,0,0.0,,,c-20200930.htm,
831001,CITIGROUP INC,financials,core,0000831001-21-000066,10-Q,2021-05-06,MDA,FAIL,no_toc_and_no_heading_match,no_toc_and_no_heading_match,none,low,0,0.0,,,c-20210331.htm,
831001,CITIGROUP INC,financials,core,0000831001-21-000066,10-Q,2021-05-06,RISK_FACTORS,FAIL,no_toc_and_no_heading_match,no_toc_and_no_heading_match,none,low,0,0.0,,,c-20210331.htm,
831001,CITIGROUP INC,financials,core,0000831001-21-000126,10-Q,2021-08-04,MDA,FAIL,no_toc_and_no_heading_match,no_toc_and_no_heading_match,none,low,0,0.0,,,c-20210630.htm,
831001,CITIGROUP INC,financials,core,0000831001-21-000126,10-Q,2021-08-04,RISK_FACTORS,FAIL,no_toc_and_no_heading_match,no_toc_and_no_heading_match,none,low,0,0.0,,,c-20210630.htm,
831001,CITIGROUP INC,financials,core,0000831001-21-000167,10-Q,2021-11-08,MDA,FAIL,no_toc_and_no_heading_match,no_toc_and_no_heading_match,none,low,0,0.0,,,c-20210930.htm,
831001,CITIGROUP INC,financials,core,0000831001-21-000167,10-Q,2021-11-08,RISK_FACTORS,FAIL,no_toc_and_no_heading_match,no_toc_and_no_heading_match,none,low,0,0.0,,,c-20210930.htm,
831001,CITIGROUP INC,financials,core,0000831001-22-000056,10-Q,2022-05-09,MDA,FAIL,no_toc_and_no_heading_match,no_toc_and_no_heading_match,none,low,0,0.0,,,c-20220331.htm,
831001,CITIGROUP INC,financials,core,0000831001-22-000056,10-Q,2022-05-09,RISK_FACTORS,FAIL,no_toc_and_no_heading_match,no_toc_and_no_heading_match,none,low,0,0.0,,,c-20220331.htm,
831001,CITIGROUP INC,financials,core,0000831001-22-000111,10-Q,2022-08-04,MDA,FAIL,no_toc_and_no_heading_match,no_toc_and_no_heading_match,none,low,0,0.0,,,c-20220630.htm,
831001,CITIGROUP INC,financials,core,0000831001-22-000111,10-Q,2022-08-04,RISK_FACTORS,FAIL,no_toc_and_no_heading_match,no_toc_and_no_heading_match,none,low,0,0.0,,,c-20220630.htm,
831001,CITIGROUP INC,financials,core,0000831001-22-000146,10-Q,2022-11-04,MDA,FAIL,no_toc_and_no_heading_match,no_toc_and_no_heading_match,none,low,0,0.0,,,c-20220930.htm,
831001,CITIGROUP INC,financials,core,0000831001-22-000146,10-Q,2022-11-04,RISK_FACTORS,FAIL,no_toc_and_no_heading_match,no_toc_and_no_heading_match,none,low,0,0.0,,,c-20220930.htm,
831001,CITIGROUP INC,financials,core,0000831001-23-000055,10-Q,2023-05-05,MDA,FAIL,no_toc_and_no_heading_match,no_toc_and_no_heading_match,none,low,0,0.0,,,c-20230331.htm,
831001,CITIGROUP INC,financials,core,0000831001-23-000055,10-Q,2023-05-05,RISK_FACTORS,FAIL,no_toc_and_no_heading_match,no_toc_and_no_heading_match,none,low,0,0.0,,,c-20230331.htm,
831001,CITIGROUP INC,financials,core,0000831001-23-000097,10-Q,2023-08-04,MDA,FAIL,no_toc_and_no_heading_match,no_toc_and_no_heading_match,none,low,0,0.0,,,c-20230630.htm,
831001,CITIGROUP INC,financials,core,0000831001-23-000097,10-Q,2023-08-04,RISK_FACTORS,FAIL,no_toc_and_no_heading_match,no_toc_and_no_heading_match,none,low,0,0.0,,,c-20230630.htm,
831001,CITIGROUP INC,financials,core,0000831001-23-000132,10-Q,2023-11-03,MDA,FAIL,no_toc_and_no_heading_match,no_toc_and_no_heading_match,none,low,0,0.0,,,c-20230930.htm,
831001,CITIGROUP INC,financials,core,0000831001-23-000132,10-Q,2023-11-03,RISK_FACTORS,FAIL,no_toc_and_no_heading_match,no_toc_and_no_heading_match,none,low,0,0.0,,,c-20230930.htm,
831001,CITIGROUP INC,financials,core,0000831001-24-000051,10-Q,2024-05-03,MDA,FAIL,no_toc_and_no_heading_match,no_toc_and_no_heading_match,none,low,0,0.0,,,c-20240331.htm,
831001,CITIGROUP INC,financials,core,0000831001-24-000051,10-Q,2024-05-03,RISK_FACTORS,FAIL,no_toc_and_no_heading_match,no_toc_and_no_heading_match,none,low,0,0.0,,,c-20240331.htm,
831001,CITIGROUP INC,financials,core,0000831001-24-000100,10-Q,2024-08-02,MDA,FAIL,no_toc_and_no_heading_match,no_toc_and_no_heading_match,none,low,0,0.0,,,c-20240630.htm,
831001,CITIGROUP INC,financials,core,0000831001-24-000100,10-Q,2024-08-02,RISK_FACTORS,FAIL,no_toc_and_no_heading_match,no_toc_and_no_heading_match,none,low,0,0.0,,,c-20240630.htm,
831001,CITIGROUP INC,financials,core,0000831001-24-000134,10-Q,2024-11-07,MDA,FAIL,no_toc_and_no_heading_match,no_toc_and_no_heading_match,none,low,0,0.0,,,c-20240930.htm,
831001,CITIGROUP INC,financials,core,0000831001-24-000134,10-Q,2024-11-07,RISK_FACTORS,FAIL,no_toc_and_no_heading_match,no_toc_and_no_heading_match,none,low,0,0.0,,,c-20240930.htm,
831001,CITIGROUP INC,financials,core,0000831001-25-000086,10-Q,2025-05-08,MDA,FAIL,no_toc_and_no_heading_match,no_toc_and_no_heading_match,none,low,0,0.0,,,c-20250331.htm,
831001,CITIGROUP INC,financials,core,0000831001-25-000086,10-Q,2025-05-08,RISK_FACTORS,FAIL,no_toc_and_no_heading_match,no_toc_and_no_heading_match,none,low,0,0.0,,,c-20250331.htm,
831001,CITIGROUP INC,financials,core,0000831001-25-000131,10-Q,2025-08-06,MDA,FAIL,no_toc_and_no_heading_match,no_toc_and_no_heading_match,none,low,0,0.0,,,c-20250630.htm,
831001,CITIGROUP INC,financials,core,0000831001-25-000131,10-Q,2025-08-06,RISK_FACTORS,FAIL,no_toc_and_no_heading_match,no_toc_and_no_heading_match,none,low,0,0.0,,,c-20250630.htm,
831001,CITIGROUP INC,financials,core,0000831001-25-000154,10-Q,2025-11-06,MDA,FAIL,no_toc_and_no_heading_match,no_toc_and_no_heading_match,none,low,0,0.0,,,c-20250930.htm,
831001,CITIGROUP INC,financials,core,0000831001-25-000154,10-Q,2025-11-06,RISK_FACTORS,FAIL,no_toc_and_no_heading_match,no_toc_and_no_heading_match,none,low,0,0.0,,,c-20250930.htm,
831001,CITIGROUP INC,financials,core,0000831001-26-000019,10-Q,2026-05-07,MDA,FAIL,no_toc_and_no_heading_match,no_toc_and_no_heading_match,none,low,0,0.0,,,c-20260331.htm,
831001,CITIGROUP INC,financials,core,0000831001-26-000019,10-Q,2026-05-07,RISK_FACTORS,FAIL,no_toc_and_no_heading_match,no_toc_and_no_heading_match,none,low,0,0.0,,,c-20260331.htm,
831001,CITIGROUP INC,financials,core,0000831001-26-000045,10-Q,2026-08-06,MDA,FAIL,no_toc_and_no_heading_match,no_toc_and_no_heading_match,none,low,0,0.0,,,c-20260630.htm,
831001,CITIGROUP INC,financials,core,0000831001-26-000045,10-Q,2026-08-06,RISK_FACTORS,FAIL,no_toc_and_no_heading_match,no_toc_and_no_heading_match,none,low,0,0.0,,,c-20260630.htm,
875320,VERTEX PHARMACEUTICALS INC / MA,healthcare,core,0000875320-15-000047,10-Q,2015-08-04,RISK_FACTORS,FLAGGED,toc_recovered_f1,toc_recovered_f1,anchor_resolving_entry,medium,652,0.5,0.0,0.49758,a2015q210-q.htm,
875320,VERTEX PHARMACEUTICALS INC / MA,healthcare,core,0000875320-15-000056,10-Q,2015-10-30,RISK_FACTORS,FLAGGED,toc_recovered_f1,toc_recovered_f1,anchor_resolving_entry,medium,724,0.5884,0.0,0.47246,a2015q310-q.htm,
875320,VERTEX PHARMACEUTICALS INC / MA,healthcare,core,0000875320-16-000078,10-Q,2016-05-03,RISK_FACTORS,FLAGGED,toc_recovered_f1,toc_recovered_f1,anchor_resolving_entry,medium,717,0.5579,0.0,0.47515,a2016q110-q.htm,
875320,VERTEX PHARMACEUTICALS INC / MA,healthcare,core,0000875320-16-000091,10-Q,2016-08-01,RISK_FACTORS,FLAGGED,toc_recovered_f1,toc_recovered_f1,anchor_resolving_entry,medium,987,0.6535,0.0,0.47807,a2016q210-q.htm,
875320,VERTEX PHARMACEUTICALS INC / MA,healthcare,core,0000875320-16-000107,10-Q,2016-10-31,RISK_FACTORS,FLAGGED,toc_recovered_f1,toc_recovered_f1,anchor_resolving_entry,medium,1350,0.7067,0.0,0.48168,a2016q310-q.htm,
875320,VERTEX PHARMACEUTICALS INC / MA,healthcare,core,0000875320-17-000030,10-Q,2017-04-28,RISK_FACTORS,FLAGGED,toc_recovered_f1,toc_recovered_f1,anchor_resolving_entry,medium,1490,0.7711,0.0,0.49275,a2017q110-q.htm,
875320,VERTEX PHARMACEUTICALS INC / MA,healthcare,core,0000875320-17-000047,10-Q,2017-07-28,RISK_FACTORS,FLAGGED,toc_recovered_f1,toc_recovered_f1,anchor_resolving_entry,medium,2549,0.7548,0.0,0.48756,a2017q210-q.htm,
875320,VERTEX PHARMACEUTICALS INC / MA,healthcare,core,0000875320-17-000060,10-Q,2017-10-30,RISK_FACTORS,FLAGGED,toc_recovered_f1,toc_recovered_f1,anchor_resolving_entry,medium,2614,0.7758,0.0,0.48551,a2017q310-q.htm,
875320,VERTEX PHARMACEUTICALS INC / MA,healthcare,core,0000875320-18-000014,10-Q,2018-04-27,RISK_FACTORS,FLAGGED,toc_recovered_f1,toc_recovered_f1,anchor_resolving_entry,medium,705,0.5277,0.0,0.48661,a2018q110-q.htm,
875320,VERTEX PHARMACEUTICALS INC / MA,healthcare,core,0000875320-18-000022,10-Q,2018-07-26,RISK_FACTORS,FLAGGED,toc_recovered_f1,toc_recovered_f1,anchor_resolving_entry,medium,695,0.5353,0.0,0.4864,a2018q210-q.htm,
875320,VERTEX PHARMACEUTICALS INC / MA,healthcare,core,0000875320-18-000029,10-Q,2018-10-25,RISK_FACTORS,FLAGGED,toc_recovered_f1,toc_recovered_f1,anchor_resolving_entry,medium,721,0.595,0.0,0.48837,a2018q310-q.htm,
875320,VERTEX PHARMACEUTICALS INC / MA,healthcare,core,0000875320-19-000019,10-Q,2019-05-01,RISK_FACTORS,FLAGGED,toc_recovered_f1,toc_recovered_f1,anchor_resolving_entry,medium,667,0.3658,0.0,0.49447,a2019q110-q.htm,
875320,VERTEX PHARMACEUTICALS INC / MA,healthcare,core,0000875320-19-000037,10-Q,2019-08-01,RISK_FACTORS,FLAGGED,toc_recovered_f1,toc_recovered_f1,anchor_resolving_entry,medium,665,0.3669,0.0,0.49684,a2019q210-q.htm,
875320,VERTEX PHARMACEUTICALS INC / MA,healthcare,core,0000875320-19-000057,10-Q,2019-10-31,RISK_FACTORS,FLAGGED,toc_recovered_f1,toc_recovered_f1,anchor_resolving_entry,medium,675,0.4193,0.0,0.4961,a2019q310-q.htm,
875320,VERTEX PHARMACEUTICALS INC / MA,healthcare,core,0000875320-20-000019,10-Q,2020-05-01,RISK_FACTORS,FLAGGED,toc_recovered_f1,toc_recovered_f1,anchor_resolving_entry,medium,1047,0.5874,0.0,0.50547,a2020q110-q.htm,
885725,BOSTON SCIENTIFIC CORP,healthcare,core,0000885725-26-000033,10-Q,2026-05-01,MDA,FLAGGED,toc_recovered_f1,toc_recovered_f1,anchor_resolving_entry,medium,5710,0.641,0.0,0.48253,bsx-20260331.htm,
895421,MORGAN STANLEY,financials,core,0000895421-20-000323,10-Q,2020-05-05,MDA,FAIL,item_absent_from_toc,item_absent_from_toc,none,low,0,0.0,,,msq1202010q.htm,
895421,MORGAN STANLEY,financials,core,0000895421-20-000429,10-Q,2020-08-04,MDA,FAIL,item_absent_from_toc,item_absent_from_toc,none,low,0,0.0,,,msq2202010q.htm,
895421,MORGAN STANLEY,financials,core,0000895421-20-000527,10-Q,2020-11-03,MDA,FAIL,item_absent_from_toc,item_absent_from_toc,none,low,0,0.0,,,msq3202010q.htm,
895421,MORGAN STANLEY,financials,core,0000895421-21-000334,10-Q,2021-05-03,MDA,FAIL,item_absent_from_toc,item_absent_from_toc,none,low,0,0.0,,,ms-20210331.htm,
895421,MORGAN STANLEY,financials,core,0000895421-21-000425,10-Q,2021-08-02,MDA,FAIL,item_absent_from_toc,item_absent_from_toc,none,low,0,0.0,,,ms-20210630.htm,
895421,MORGAN STANLEY,financials,core,0000895421-21-000532,10-Q,2021-11-03,MDA,FAIL,item_absent_from_toc,item_absent_from_toc,none,low,0,0.0,,,ms-20210930.htm,
895421,MORGAN STANLEY,financials,core,0000895421-22-000442,10-Q,2022-05-04,MDA,FAIL,item_absent_from_toc,item_absent_from_toc,none,low,0,0.0,,,ms-20220331.htm,
895421,MORGAN STANLEY,financials,core,0000895421-22-000515,10-Q,2022-08-05,MDA,FAIL,item_absent_from_toc,item_absent_from_toc,none,low,0,0.0,,,ms-20220630.htm,
895421,MORGAN STANLEY,financials,core,0000895421-22-000587,10-Q,2022-11-03,MDA,FAIL,item_absent_from_toc,item_absent_from_toc,none,low,0,0.0,,,ms-20220930.htm,
895421,MORGAN STANLEY,financials,core,0000895421-23-000315,10-Q,2023-05-02,MDA,FAIL,item_absent_from_toc,item_absent_from_toc,none,low,0,0.0,,,ms-20230331.htm,
895421,MORGAN STANLEY,financials,core,0000895421-23-000374,10-Q,2023-08-03,MDA,FAIL,item_absent_from_toc,item_absent_from_toc,none,low,0,0.0,,,ms-20230630.htm,
895421,MORGAN STANLEY,financials,core,0000895421-23-000441,10-Q,2023-11-03,MDA,FAIL,item_absent_from_toc,item_absent_from_toc,none,low,0,0.0,,,ms-20230930.htm,
895421,MORGAN STANLEY,financials,core,0000895421-24-000322,10-Q,2024-05-03,MDA,FAIL,item_absent_from_toc,item_absent_from_toc,none,low,0,0.0,,,ms-20240331.htm,
895421,MORGAN STANLEY,financials,core,0000895421-24-000403,10-Q,2024-08-05,MDA,FAIL,item_absent_from_toc,item_absent_from_toc,none,low,0,0.0,,,ms-20240630.htm,
895421,MORGAN STANLEY,financials,core,0000895421-24-000491,10-Q,2024-11-04,MDA,FAIL,item_absent_from_toc,item_absent_from_toc,none,low,0,0.0,,,ms-20240930.htm,
895421,MORGAN STANLEY,financials,core,0000895421-25-000343,10-Q,2025-05-05,MDA,FAIL,item_absent_from_toc,item_absent_from_toc,none,low,0,0.0,,,ms-20250331.htm,
895421,MORGAN STANLEY,financials,core,0000895421-25-000440,10-Q,2025-08-04,MDA,FAIL,item_absent_from_toc,item_absent_from_toc,none,low,0,0.0,,,ms-20250630.htm,
895421,MORGAN STANLEY,financials,core,0000895421-25-000539,10-Q,2025-11-03,MDA,FAIL,item_absent_from_toc,item_absent_from_toc,none,low,0,0.0,,,ms-20250930.htm,
895421,MORGAN STANLEY,financials,core,0000895421-26-000121,10-Q,2026-05-05,MDA,FAIL,item_absent_from_toc,item_absent_from_toc,none,low,0,0.0,,,ms-20260331.htm,
895421,MORGAN STANLEY,financials,core,0000895421-26-000212,10-Q,2026-08-04,MDA,FAIL,item_absent_from_toc,item_absent_from_toc,none,low,0,0.0,,,ms-20260630.htm,
922224,PPL Corp,utilities,extension,0000922224-15-000069,10-Q,2015-08-03,MDA,FLAGGED,head_keyword_absent,head_keyword_absent,anchor,medium,18309,0.0038,0.0,0.48336,form10q.htm,
922224,PPL Corp,utilities,extension,0000922224-15-000089,10-Q,2015-10-30,MDA,FLAGGED,head_keyword_absent,head_keyword_absent,anchor,medium,17457,0.004,0.0,0.49892,form10q.htm,
922224,PPL Corp,utilities,extension,0000922224-16-000150,10-Q,2016-04-29,MDA,FLAGGED,head_keyword_absent,head_keyword_absent,anchor,medium,12213,0.0,0.0,0.49313,form10q.htm,
922224,PPL Corp,utilities,extension,0000922224-16-000182,10-Q,2016-08-09,MDA,FLAGGED,head_keyword_absent,head_keyword_absent,anchor,medium,17977,0.3601,0.0,0.52257,ppl-6302016x10q.htm,
922224,PPL Corp,utilities,extension,0000922224-16-000201,10-Q,2016-11-01,MDA,FLAGGED,head_keyword_absent,head_keyword_absent,anchor,medium,19249,0.3955,0.0,0.51837,ppl-9302016x10q.htm,
922224,PPL Corp,utilities,extension,0000922224-17-000029,10-Q,2017-05-04,MDA,FLAGGED,head_keyword_absent,head_keyword_absent,anchor,medium,12988,0.4155,0.0,0.49952,ppl-3312017x10q.htm,
922224,PPL Corp,utilities,extension,0000922224-17-000054,10-Q,2017-08-03,MDA,FLAGGED,head_keyword_absent,head_keyword_absent,anchor,medium,16546,0.3727,0.0,0.51085,ppl-6302017x10q.htm,
922224,PPL Corp,utilities,extension,0000922224-17-000066,10-Q,2017-11-01,MDA,FLAGGED,head_keyword_absent,head_keyword_absent,anchor,medium,17085,0.3917,0.0,0.51731,ppl-9302017x10q.htm,
922224,PPL Corp,utilities,extension,0000922224-18-000038,10-Q,2018-05-03,MDA,FLAGGED,head_keyword_absent,head_keyword_absent,anchor,medium,16125,0.4868,0.0,0.50131,ppl-3312018x10q.htm,
922224,PPL Corp,utilities,extension,0000922224-18-000058,10-Q,2018-08-07,MDA,FLAGGED,head_keyword_absent,head_keyword_absent,anchor,medium,21582,0.473,0.0,0.50696,ppl-6302018x10q.htm,
922224,PPL Corp,utilities,extension,0000922224-18-000076,10-Q,2018-11-01,MDA,FLAGGED,head_keyword_absent,head_keyword_absent,anchor,medium,23633,0.5007,0.0,0.5048,ppl-9302018x10q.htm,
922224,PPL Corp,utilities,extension,0000922224-19-000036,10-Q,2019-05-02,MDA,FLAGGED,head_keyword_absent,head_keyword_absent,anchor,medium,15849,0.492,0.0,0.49487,ppl-3312019x10q.htm,
922224,PPL Corp,utilities,extension,0000922224-19-000050,10-Q,2019-08-06,MDA,FLAGGED,head_keyword_absent,head_keyword_absent,anchor,medium,19825,0.4531,0.0,0.50993,ppl-6302019x10q.htm,
922224,PPL Corp,utilities,extension,0000922224-19-000059,10-Q,2019-11-05,MDA,FLAGGED,head_keyword_absent,head_keyword_absent,anchor,medium,20074,0.4492,0.0,0.50837,ppl-9302019x10q.htm,
922224,PPL Corp,utilities,extension,0000922224-20-000024,10-Q,2020-05-08,MDA,FLAGGED,head_keyword_absent,head_keyword_absent,anchor,medium,14034,0.4969,0.0,0.48679,ppl-3312020x10q.htm,
922224,PPL Corp,utilities,extension,0000922224-20-000046,10-Q,2020-08-10,MDA,FLAGGED,head_keyword_absent,head_keyword_absent,anchor,medium,17321,0.5561,0.0,0.49898,ppl-20200630.htm,
922224,PPL Corp,utilities,extension,0000922224-20-000060,10-Q,2020-11-05,MDA,FLAGGED,head_keyword_absent,head_keyword_absent,anchor,medium,18283,0.5546,0.0,0.49716,ppl-20200930.htm,
922224,PPL Corp,utilities,extension,0000922224-21-000021,10-Q,2021-05-06,MDA,FLAGGED,head_keyword_absent,head_keyword_absent,anchor,medium,12918,0.5906,0.0,0.49937,ppl-20210331.htm,
922224,PPL Corp,utilities,extension,0000922224-21-000039,10-Q,2021-08-05,MDA,FLAGGED,head_keyword_absent,head_keyword_absent,anchor,medium,15594,0.5439,0.0,0.51365,ppl-20210630.htm,
922224,PPL Corp,utilities,extension,0000922224-21-000052,10-Q,2021-11-04,MDA,FLAGGED,head_keyword_absent,head_keyword_absent,anchor,medium,16172,0.5576,0.0,0.51056,ppl-20210930.htm,
922224,PPL Corp,utilities,extension,0000922224-22-000024,10-Q,2022-05-05,MDA,FLAGGED,head_keyword_absent,head_keyword_absent,anchor,medium,10422,0.577,0.0,0.50287,ppl-20220331.htm,
922224,PPL Corp,utilities,extension,0000922224-22-000042,10-Q,2022-08-03,MDA,FLAGGED,head_keyword_absent,head_keyword_absent,anchor,medium,15207,0.5101,0.0,0.49142,ppl-20220630.htm,
922224,PPL Corp,utilities,extension,0000922224-22-000049,10-Q,2022-11-04,MDA,FLAGGED,head_keyword_absent,head_keyword_absent,anchor,medium,15441,0.4926,0.0,0.48725,ppl-20220930.htm,
922224,PPL Corp,utilities,extension,0000922224-23-000031,10-Q,2023-05-04,MDA,FLAGGED,head_keyword_absent,head_keyword_absent,anchor,medium,11544,0.5432,0.0,0.47785,ppl-20230331.htm,
922224,PPL Corp,utilities,extension,0000922224-23-000045,10-Q,2023-08-04,MDA,FLAGGED,head_keyword_absent,head_keyword_absent,anchor,medium,12930,0.5015,0.0,0.49451,ppl-20230630.htm,
922224,PPL Corp,utilities,extension,0000922224-23-000049,10-Q,2023-11-02,MDA,FLAGGED,head_keyword_absent,head_keyword_absent,anchor,medium,14629,0.5205,0.0,0.49512,ppl-20230930.htm,
922224,PPL Corp,utilities,extension,0000922224-24-000014,10-Q,2024-05-01,MDA,FLAGGED,head_keyword_absent,head_keyword_absent,anchor,medium,10936,0.5176,0.0,0.48227,ppl-20240331.htm,
922224,PPL Corp,utilities,extension,0000922224-24-000024,10-Q,2024-08-02,MDA,FLAGGED,head_keyword_absent,head_keyword_absent,anchor,medium,13530,0.5081,0.0,0.50384,ppl-20240630.htm,
922224,PPL Corp,utilities,extension,0000922224-24-000030,10-Q,2024-11-01,MDA,FLAGGED,head_keyword_absent,head_keyword_absent,anchor,medium,13663,0.5033,0.0,0.49798,ppl-20240930.htm,
922224,PPL Corp,utilities,extension,0000922224-25-000017,10-Q,2025-04-30,MDA,FLAGGED,head_keyword_absent,head_keyword_absent,anchor,medium,11485,0.5266,0.0,0.48227,ppl-20250430.htm,
922224,PPL Corp,utilities,extension,0000922224-25-000034,10-Q,2025-07-31,MDA,FLAGGED,head_keyword_absent,head_keyword_absent,anchor,medium,14377,0.5112,0.0,0.50085,ppl-20250630.htm,
922224,PPL Corp,utilities,extension,0000922224-25-000051,10-Q,2025-11-05,MDA,FLAGGED,head_keyword_absent,head_keyword_absent,anchor,medium,15615,0.5356,0.0,0.49215,ppl-20250930.htm,
922224,PPL Corp,utilities,extension,0000922224-26-000026,10-Q,2026-05-08,MDA,FLAGGED,head_keyword_absent,head_keyword_absent,anchor,medium,13554,0.5381,0.0,0.48005,ppl-20260331.htm,
922224,PPL Corp,utilities,extension,0000922224-26-000044,10-Q,2026-08-07,MDA,FLAGGED,head_keyword_absent,head_keyword_absent,anchor,medium,15848,0.5136,0.0,0.50096,ppl-20260630.htm,
927628,CAPITAL ONE FINANCIAL CORP,financials,core,0000927628-26-000048,10-Q,2026-05-07,RISK_FACTORS,FLAGGED,toc_recovered_f1,toc_recovered_f1,anchor_resolving_entry,medium,29,0.0,0.0,,cof-20260331.htm,
927628,CAPITAL ONE FINANCIAL CORP,financials,core,0000927628-26-000089,10-Q,2026-07-28,RISK_FACTORS,FLAGGED,toc_recovered_f1,toc_recovered_f1,anchor_resolving_entry,medium,29,0.0,0.0,,cof-20260630.htm,
936402,Shire plc,healthcare,core,0000936402-18-000013,10-Q,2018-04-26,MDA,FLAGGED,toc_recovered_f1,toc_recovered_f1,anchor_resolving_entry,medium,3438,0.3214,0.0,0.52088,a10-qq1x2018.htm,
936402,Shire plc,healthcare,core,0000936402-18-000013,10-Q,2018-04-26,RISK_FACTORS,FLAGGED,toc_recovered_f1,toc_recovered_f1,anchor_resolving_entry,medium,484,0.9669,0.0,0.54978,a10-qq1x2018.htm,
936402,Shire plc,healthcare,core,0000950103-15-005935,10-Q,2015-07-30,MDA,FLAGGED,heading_regex_fallback,heading_regex_fallback,heading_regex,low,9874,0.0,0.0,0.4829,dp57819_10q.htm,
936402,Shire plc,healthcare,core,0000950103-15-005935,10-Q,2015-07-30,RISK_FACTORS,FLAGGED,heading_regex_fallback,heading_regex_fallback,heading_regex,low,31,0.0,0.0,,dp57819_10q.htm,
936402,Shire plc,healthcare,core,0000950103-15-008508,10-Q,2015-10-30,MDA,FLAGGED,heading_regex_fallback,heading_regex_fallback,heading_regex,low,10260,0.0039,0.0,0.47762,dp60717_10q.htm,
936402,Shire plc,healthcare,core,0000950103-15-008508,10-Q,2015-10-30,RISK_FACTORS,FLAGGED,heading_regex_fallback,heading_regex_fallback,heading_regex,low,322,0.0,0.0,0.48026,dp60717_10q.htm,
936402,Shire plc,healthcare,core,0000950103-16-013180,10-Q,2016-05-04,MDA,FLAGGED,heading_regex_fallback,heading_regex_fallback,heading_regex,low,8577,0.0,0.0,0.45092,dp65372_10q.htm,
936402,Shire plc,healthcare,core,0000950103-16-013180,10-Q,2016-05-04,RISK_FACTORS,FLAGGED,heading_regex_fallback,heading_regex_fallback,heading_regex,low,31,0.0,0.0,,dp65372_10q.htm,
936402,Shire plc,healthcare,core,0000950103-16-015416,10-Q,2016-08-05,MDA,FLAGGED,heading_regex_fallback,heading_regex_fallback,heading_regex,low,12582,0.0,0.0,0.46075,dp67792_10q.htm,
936402,Shire plc,healthcare,core,0000950103-16-015416,10-Q,2016-08-05,RISK_FACTORS,FLAGGED,heading_regex_fallback,heading_regex_fallback,heading_regex,low,11355,0.0,0.0,0.5,dp67792_10q.htm,
1001039,TWDC Enterprises 18 Corp.,consumer,core,0001001039-15-000206,10-Q,2015-08-04,MDA,FLAGGED,heading_regex_fallback,heading_regex_fallback,heading_regex,low,13787,0.4812,0.0,0.5307,fy2015_q3x10qxdoc.htm,
1001039,TWDC Enterprises 18 Corp.,consumer,core,0001001039-15-000206,10-Q,2015-08-04,RISK_FACTORS,FLAGGED,heading_regex_fallback,heading_regex_fallback,heading_regex,low,262,0.9809,0.0,0.49035,fy2015_q3x10qxdoc.htm,
1001039,TWDC Enterprises 18 Corp.,consumer,core,0001001039-16-000362,10-Q,2016-02-09,MDA,FLAGGED,heading_regex_fallback,heading_regex_fallback,heading_regex,low,8792,0.542,0.0,0.50202,fy2016_q1x10qxdoc.htm,
1001039,TWDC Enterprises 18 Corp.,consumer,core,0001001039-16-000362,10-Q,2016-02-09,RISK_FACTORS,FLAGGED,heading_regex_fallback,heading_regex_fallback,heading_regex,low,262,0.9809,0.0,0.49035,fy2016_q1x10qxdoc.htm,
1001039,TWDC Enterprises 18 Corp.,consumer,core,0001001039-16-000418,10-Q,2016-05-10,MDA,FLAGGED,heading_regex_fallback,heading_regex_fallback,heading_regex,low,12182,0.5058,0.0,0.51391,fy2016_q2x10qxdoc.htm,
1001039,TWDC Enterprises 18 Corp.,consumer,core,0001001039-16-000418,10-Q,2016-05-10,RISK_FACTORS,FLAGGED,heading_regex_fallback,heading_regex_fallback,heading_regex,low,262,0.9809,0.0,0.49035,fy2016_q2x10qxdoc.htm,
1001039,TWDC Enterprises 18 Corp.,consumer,core,0001001039-16-000468,10-Q,2016-08-09,MDA,FLAGGED,heading_regex_fallback,heading_regex_fallback,heading_regex,low,12357,0.4577,0.0,0.52119,fy2016_q3x10qxdoc.htm,
1001039,TWDC Enterprises 18 Corp.,consumer,core,0001001039-16-000468,10-Q,2016-08-09,RISK_FACTORS,FLAGGED,heading_regex_fallback,heading_regex_fallback,heading_regex,low,262,0.9809,0.0,0.49035,fy2016_q3x10qxdoc.htm,
1001039,TWDC Enterprises 18 Corp.,consumer,core,0001001039-17-000046,10-Q,2017-02-07,MDA,FLAGGED,heading_regex_fallback,heading_regex_fallback,heading_regex,low,8569,0.5064,0.0,0.51711,fy2017_q1x10qxdoc.htm,
1001039,TWDC Enterprises 18 Corp.,consumer,core,0001001039-17-000046,10-Q,2017-02-07,RISK_FACTORS,FLAGGED,heading_regex_fallback,heading_regex_fallback,heading_regex,low,265,0.9358,0.0,0.49237,fy2017_q1x10qxdoc.htm,
1001039,TWDC Enterprises 18 Corp.,consumer,core,0001001039-17-000092,10-Q,2017-05-09,MDA,FLAGGED,heading_regex_fallback,heading_regex_fallback,heading_regex,low,12378,0.4436,0.0,0.5256,fy2017_q2x10qxdoc.htm,
1001039,TWDC Enterprises 18 Corp.,consumer,core,0001001039-17-000092,10-Q,2017-05-09,RISK_FACTORS,FLAGGED,heading_regex_fallback,heading_regex_fallback,heading_regex,low,265,0.9358,0.0,0.49237,fy2017_q2x10qxdoc.htm,
1001039,TWDC Enterprises 18 Corp.,consumer,core,0001001039-17-000141,10-Q,2017-08-08,MDA,FLAGGED,heading_regex_fallback,heading_regex_fallback,heading_regex,low,12706,0.4343,0.0,0.52109,fy2017_q3x10qxdoc.htm,
1001039,TWDC Enterprises 18 Corp.,consumer,core,0001001039-17-000141,10-Q,2017-08-08,RISK_FACTORS,FLAGGED,heading_regex_fallback,heading_regex_fallback,heading_regex,low,265,0.9358,0.0,0.49237,fy2017_q3x10qxdoc.htm,
1001039,TWDC Enterprises 18 Corp.,consumer,core,0001001039-18-000079,10-Q,2018-05-08,MDA,FLAGGED,heading_regex_fallback,heading_regex_fallback,heading_regex,low,12623,0.4319,0.0,0.52635,fy2018_q2x10qxdoc.htm,
1001039,TWDC Enterprises 18 Corp.,consumer,core,0001001039-18-000079,10-Q,2018-05-08,RISK_FACTORS,FLAGGED,heading_regex_fallback,heading_regex_fallback,heading_regex,low,287,0.8815,0.0,0.50534,fy2018_q2x10qxdoc.htm,
1001039,TWDC Enterprises 18 Corp.,consumer,core,0001001039-18-000134,10-Q,2018-08-07,MDA,FLAGGED,heading_regex_fallback,heading_regex_fallback,heading_regex,low,12962,0.4355,0.0,0.52704,fy2018_q3x10qxdoc.htm,
1001039,TWDC Enterprises 18 Corp.,consumer,core,0001001039-18-000134,10-Q,2018-08-07,RISK_FACTORS,FLAGGED,heading_regex_fallback,heading_regex_fallback,heading_regex,low,1474,0.8881,0.0,0.50813,fy2018_q3x10qxdoc.htm,
1001039,TWDC Enterprises 18 Corp.,consumer,core,0001001039-19-000062,10-Q,2019-02-05,MDA,FLAGGED,heading_regex_fallback,heading_regex_fallback,heading_regex,low,9252,0.4856,0.0,0.51546,fy2019q110qdoc.htm,
1001039,TWDC Enterprises 18 Corp.,consumer,core,0001001039-19-000062,10-Q,2019-02-05,RISK_FACTORS,FLAGGED,heading_regex_fallback,heading_regex_fallback,heading_regex,low,270,0.937,0.0,0.49064,fy2019q110qdoc.htm,
1034054,SBA COMMUNICATIONS CORP,materials_realestate,extension,0001034054-15-000012,10-Q,2015-08-06,MDA,FAIL,item_absent_from_toc,item_absent_from_toc|item_body_heading_present,none,low,0,0.0,,,sbac-20150630x10q.htm,
1034054,SBA COMMUNICATIONS CORP,materials_realestate,extension,0001034054-15-000015,10-Q,2015-11-09,MDA,FAIL,item_absent_from_toc,item_absent_from_toc|item_body_heading_present,none,low,0,0.0,,,sbac-20150930x10q.htm,
1034054,SBA COMMUNICATIONS CORP,materials_realestate,extension,0001034054-16-000020,10-Q,2016-05-10,MDA,FAIL,item_absent_from_toc,item_absent_from_toc|item_body_heading_present,none,low,0,0.0,,,sbac-20160331x10q.htm,
1060391,"REPUBLIC SERVICES, INC.",utilities,extension,0001060391-18-000023,10-Q,2018-07-27,MDA,FLAGGED,head_keyword_absent,head_keyword_absent,anchor,medium,10820,0.2925,0.0,0.56468,rsg630201810-q.htm,
1060391,"REPUBLIC SERVICES, INC.",utilities,extension,0001060391-18-000033,10-Q,2018-10-26,MDA,FLAGGED,head_keyword_absent,head_keyword_absent,anchor,medium,10911,0.2951,0.0,0.56604,rsg930201810-q.htm,
1060391,"REPUBLIC SERVICES, INC.",utilities,extension,0001060391-19-000019,10-Q,2019-04-26,MDA,FLAGGED,head_keyword_absent,head_keyword_absent,anchor,medium,8469,0.4302,0.0,0.55242,rsg-20190331.htm,
1060391,"REPUBLIC SERVICES, INC.",utilities,extension,0001060391-19-000033,10-Q,2019-07-26,MDA,FLAGGED,head_keyword_absent,head_keyword_absent,anchor,medium,10074,0.5992,0.0,0.56931,rsg-20190630.htm,
1060391,"REPUBLIC SERVICES, INC.",utilities,extension,0001060391-19-000042,10-Q,2019-10-31,MDA,FLAGGED,head_keyword_absent,head_keyword_absent,anchor,medium,10704,0.6483,0.0,0.56876,rsg-20190930.htm,
1060391,"REPUBLIC SERVICES, INC.",utilities,extension,0001060391-20-000032,10-Q,2020-05-06,MDA,FLAGGED,head_keyword_absent,head_keyword_absent,anchor,medium,10169,0.6694,0.0,0.56304,rsg-20200331.htm,
1060391,"REPUBLIC SERVICES, INC.",utilities,extension,0001060391-20-000057,10-Q,2020-08-07,MDA,FLAGGED,head_keyword_absent,head_keyword_absent,anchor,medium,11033,0.6679,0.0,0.57289,rsg-20200630.htm,
1060391,"REPUBLIC SERVICES, INC.",utilities,extension,0001060391-20-000069,10-Q,2020-11-06,MDA,FLAGGED,head_keyword_absent,head_keyword_absent,anchor,medium,11344,0.6583,0.0,0.56649,rsg-20200930.htm,
1060391,"REPUBLIC SERVICES, INC.",utilities,extension,0001060391-21-000023,10-Q,2021-05-06,MDA,FLAGGED,head_keyword_absent,head_keyword_absent,anchor,medium,9255,0.6505,0.0,0.55076,rsg-20210331.htm,
1060391,"REPUBLIC SERVICES, INC.",utilities,extension,0001060391-21-000037,10-Q,2021-07-30,MDA,FLAGGED,head_keyword_absent,head_keyword_absent,anchor,medium,10234,0.6346,0.0,0.56451,rsg-20210630.htm,
1060391,"REPUBLIC SERVICES, INC.",utilities,extension,0001060391-21-000044,10-Q,2021-10-29,MDA,FLAGGED,head_keyword_absent,head_keyword_absent,anchor,medium,10075,0.6349,0.0,0.56772,rsg-20210930.htm,
1060391,"REPUBLIC SERVICES, INC.",utilities,extension,0001060391-22-000014,10-Q,2022-05-06,MDA,FLAGGED,head_keyword_absent,head_keyword_absent,anchor,medium,8799,0.6044,0.0,0.54828,rsg-20220331.htm,
1060391,"REPUBLIC SERVICES, INC.",utilities,extension,0001060391-22-000022,10-Q,2022-08-05,MDA,FLAGGED,head_keyword_absent,head_keyword_absent,anchor,medium,10698,0.5756,0.0,0.55806,rsg-20220630.htm,
1060391,"REPUBLIC SERVICES, INC.",utilities,extension,0001060391-22-000027,10-Q,2022-10-28,MDA,FLAGGED,head_keyword_absent,head_keyword_absent,anchor,medium,11249,0.5807,0.0,0.55126,rsg-20220930.htm,
1060391,"REPUBLIC SERVICES, INC.",utilities,extension,0001060391-23-000013,10-Q,2023-04-28,MDA,FLAGGED,head_keyword_absent,head_keyword_absent,anchor,medium,9628,0.612,0.0,0.54259,rsg-20230331.htm,
1060391,"REPUBLIC SERVICES, INC.",utilities,extension,0001060391-23-000019,10-Q,2023-08-01,MDA,FLAGGED,head_keyword_absent,head_keyword_absent,anchor,medium,10791,0.5757,0.0,0.54836,rsg-20230630.htm,
1060391,"REPUBLIC SERVICES, INC.",utilities,extension,0001060391-23-000025,10-Q,2023-10-27,MDA,FLAGGED,head_keyword_absent,head_keyword_absent,anchor,medium,10558,0.5723,0.0,0.55044,rsg-20230930.htm,
1060391,"REPUBLIC SERVICES, INC.",utilities,extension,0001060391-24-000205,10-Q,2024-05-01,MDA,FLAGGED,head_keyword_absent,head_keyword_absent,anchor,medium,9371,0.567,0.0,0.54145,rsg-20240331.htm,
1060391,"REPUBLIC SERVICES, INC.",utilities,extension,0001060391-24-000273,10-Q,2024-07-25,MDA,FLAGGED,head_keyword_absent,head_keyword_absent,anchor,medium,10943,0.5721,0.0,0.55851,rsg-20240630.htm,
1060391,"REPUBLIC SERVICES, INC.",utilities,extension,0001060391-24-000324,10-Q,2024-10-30,MDA,FLAGGED,head_keyword_absent,head_keyword_absent,anchor,medium,11281,0.5898,0.0,0.56019,rsg-20240930.htm,
1060391,"REPUBLIC SERVICES, INC.",utilities,extension,0001060391-25-000170,10-Q,2025-04-25,MDA,FLAGGED,head_keyword_absent,head_keyword_absent,anchor,medium,8831,0.5922,0.0,0.54935,rsg-20250331.htm,
1060391,"REPUBLIC SERVICES, INC.",utilities,extension,0001060391-25-000216,10-Q,2025-07-30,MDA,FLAGGED,head_keyword_absent,head_keyword_absent,anchor,medium,10399,0.5777,0.0,0.56379,rsg-20250630.htm,
1060391,"REPUBLIC SERVICES, INC.",utilities,extension,0001060391-26-000212,10-Q,2026-05-08,MDA,FLAGGED,head_keyword_absent,head_keyword_absent,anchor,medium,8941,0.5835,0.0,0.54964,rsg-20260331.htm,
1060391,"REPUBLIC SERVICES, INC.",utilities,extension,0001060391-26-000275,10-Q,2026-08-07,MDA,FLAGGED,head_keyword_absent,head_keyword_absent,anchor,medium,9980,0.5515,0.0,0.56213,rsg-20260630.htm,
1065088,EBAY INC,financials,core,0001065088-15-000186,10-Q,2015-07-21,MDA,FLAGGED,heading_regex_fallback,heading_regex_fallback,heading_regex,low,10140,0.5466,0.0,0.55289,ebay10-qq22015.htm,
1065088,EBAY INC,financials,core,0001065088-15-000186,10-Q,2015-07-21,RISK_FACTORS,FLAGGED,heading_regex_fallback,heading_regex_fallback,heading_regex,low,15171,0.8788,0.0,0.47219,ebay10-qq22015.htm,
1065088,EBAY INC,financials,core,0001065088-15-000252,10-Q,2015-10-28,MDA,FLAGGED,heading_regex_fallback,heading_regex_fallback,heading_regex,low,8424,0.5774,0.0,0.55638,ebay10-qq32015.htm,
1065088,EBAY INC,financials,core,0001065088-15-000252,10-Q,2015-10-28,RISK_FACTORS,FLAGGED,heading_regex_fallback,heading_regex_fallback,heading_regex,low,15043,0.8827,0.0,0.47333,ebay10-qq32015.htm,
1065088,EBAY INC,financials,core,0001065088-16-000296,10-Q,2016-04-27,MDA,FLAGGED,heading_regex_fallback,heading_regex_fallback,heading_regex,low,7284,0.5472,0.0,0.54756,ebay10-qq12016.htm,
1065088,EBAY INC,financials,core,0001065088-16-000296,10-Q,2016-04-27,RISK_FACTORS,FLAGGED,heading_regex_fallback,heading_regex_fallback,heading_regex,low,13963,0.8773,0.0,0.47704,ebay10-qq12016.htm,
1065088,EBAY INC,financials,core,0001065088-16-000317,10-Q,2016-07-21,MDA,FLAGGED,heading_regex_fallback,heading_regex_fallback,heading_regex,low,9412,0.4792,0.0,0.57141,ebay10-qq22016.htm,
1065088,EBAY INC,financials,core,0001065088-16-000317,10-Q,2016-07-21,RISK_FACTORS,FLAGGED,heading_regex_fallback,heading_regex_fallback,heading_regex,low,14000,0.8811,0.0,0.47742,ebay10-qq22016.htm,
1065088,EBAY INC,financials,core,0001065088-16-000332,10-Q,2016-10-20,MDA,FLAGGED,heading_regex_fallback,heading_regex_fallback,heading_regex,low,8859,0.4819,0.0,0.56114,ebay10-qq32016.htm,
1065088,EBAY INC,financials,core,0001065088-16-000332,10-Q,2016-10-20,RISK_FACTORS,FLAGGED,heading_regex_fallback,heading_regex_fallback,heading_regex,low,13966,0.8819,0.0,0.47714,ebay10-qq32016.htm,
1065088,EBAY INC,financials,core,0001065088-17-000013,10-Q,2017-04-20,MDA,FLAGGED,heading_regex_fallback,heading_regex_fallback,heading_regex,low,6741,0.5575,0.0,0.53655,ebay10-qq12017.htm,
1065088,EBAY INC,financials,core,0001065088-17-000013,10-Q,2017-04-20,RISK_FACTORS,FLAGGED,heading_regex_fallback,heading_regex_fallback,heading_regex,low,14320,0.8813,0.0,0.47815,ebay10-qq12017.htm,
1065088,EBAY INC,financials,core,0001065088-17-000029,10-Q,2017-07-21,MDA,FLAGGED,heading_regex_fallback,heading_regex_fallback,heading_regex,low,7782,0.5492,0.0,0.54805,ebay10-qq22017.htm,
1065088,EBAY INC,financials,core,0001065088-17-000029,10-Q,2017-07-21,RISK_FACTORS,FLAGGED,heading_regex_fallback,heading_regex_fallback,heading_regex,low,14321,0.8839,0.0,0.47815,ebay10-qq22017.htm,
1065088,EBAY INC,financials,core,0001065088-17-000051,10-Q,2017-10-20,MDA,FLAGGED,heading_regex_fallback,heading_regex_fallback,heading_regex,low,7933,0.5322,0.0,0.55301,ebay10-qq32017.htm,
1065088,EBAY INC,financials,core,0001065088-17-000051,10-Q,2017-10-20,RISK_FACTORS,FLAGGED,heading_regex_fallback,heading_regex_fallback,heading_regex,low,14330,0.8837,0.0,0.47809,ebay10-qq32017.htm,
1065088,EBAY INC,financials,core,0001065088-18-000020,10-Q,2018-04-26,MDA,FLAGGED,heading_regex_fallback,heading_regex_fallback,heading_regex,low,6839,0.5685,0.0,0.5322,ebay10-qq12018.htm,
1065088,EBAY INC,financials,core,0001065088-18-000020,10-Q,2018-04-26,RISK_FACTORS,FLAGGED,heading_regex_fallback,heading_regex_fallback,heading_regex,low,13687,0.8857,0.0,0.47638,ebay10-qq12018.htm,
1065088,EBAY INC,financials,core,0001065088-18-000032,10-Q,2018-07-19,MDA,FLAGGED,heading_regex_fallback,heading_regex_fallback,heading_regex,low,8122,0.5206,0.0,0.54857,ebay10-qq22018.htm,
1065088,EBAY INC,financials,core,0001065088-18-000032,10-Q,2018-07-19,RISK_FACTORS,FLAGGED,heading_regex_fallback,heading_regex_fallback,heading_regex,low,13856,0.8837,0.0,0.47626,ebay10-qq22018.htm,
1065088,EBAY INC,financials,core,0001065088-18-000045,10-Q,2018-10-31,MDA,FLAGGED,heading_regex_fallback,heading_regex_fallback,heading_regex,low,8232,0.5089,0.0,0.55217,ebay10-qq32018.htm,
1065088,EBAY INC,financials,core,0001065088-18-000045,10-Q,2018-10-31,RISK_FACTORS,FLAGGED,heading_regex_fallback,heading_regex_fallback,heading_regex,low,13505,0.8794,0.0,0.47601,ebay10-qq32018.htm,
1065088,EBAY INC,financials,core,0001065088-19-000020,10-Q,2019-04-24,MDA,FLAGGED,heading_regex_fallback,heading_regex_fallback,heading_regex,low,6549,0.5621,0.0,0.53119,ebay10-qq12019.htm,
1065088,EBAY INC,financials,core,0001065088-19-000020,10-Q,2019-04-24,RISK_FACTORS,FLAGGED,heading_regex_fallback,heading_regex_fallback,heading_regex,low,14137,0.8682,0.0,0.47869,ebay10-qq12019.htm,
1065088,EBAY INC,financials,core,0001065088-19-000036,10-Q,2019-07-18,MDA,FLAGGED,heading_regex_fallback,heading_regex_fallback,heading_regex,low,7492,0.4833,0.0,0.54699,ebay10-qq22019.htm,
1065088,EBAY INC,financials,core,0001065088-19-000036,10-Q,2019-07-18,RISK_FACTORS,FLAGGED,heading_regex_fallback,heading_regex_fallback,heading_regex,low,14262,0.8785,0.0,0.47806,ebay10-qq22019.htm,
1065088,EBAY INC,financials,core,0001065088-19-000043,10-Q,2019-10-24,MDA,FLAGGED,heading_regex_fallback,heading_regex_fallback,heading_regex,low,7948,0.4896,0.0,0.54895,ebay10-qq32019.htm,
1065088,EBAY INC,financials,core,0001065088-19-000043,10-Q,2019-10-24,RISK_FACTORS,FLAGGED,heading_regex_fallback,heading_regex_fallback,heading_regex,low,14318,0.8756,0.0,0.47836,ebay10-qq32019.htm,
1065088,EBAY INC,financials,core,0001065088-20-000018,10-Q,2020-04-30,MDA,FLAGGED,heading_regex_fallback,heading_regex_fallback,heading_regex,low,7298,0.7738,0.0,0.52293,ebay-20200331.htm,
1065088,EBAY INC,financials,core,0001065088-20-000018,10-Q,2020-04-30,RISK_FACTORS,FLAGGED,heading_regex_fallback,heading_regex_fallback,heading_regex,low,14882,0.8834,0.0,0.48456,ebay-20200331.htm,
1065088,EBAY INC,financials,core,0001065088-20-000030,10-Q,2020-07-29,MDA,FLAGGED,heading_regex_fallback,heading_regex_fallback,heading_regex,low,8651,0.7865,0.0,0.54042,ebay-20200630.htm,
1065088,EBAY INC,financials,core,0001065088-20-000030,10-Q,2020-07-29,RISK_FACTORS,FLAGGED,heading_regex_fallback,heading_regex_fallback,heading_regex,low,16030,0.8915,0.0,0.48838,ebay-20200630.htm,
1065088,EBAY INC,financials,core,0001065088-20-000039,10-Q,2020-10-29,MDA,FLAGGED,heading_regex_fallback,heading_regex_fallback,heading_regex,low,8270,0.7931,0.0,0.54232,ebay-20200930.htm,
1065088,EBAY INC,financials,core,0001065088-20-000039,10-Q,2020-10-29,RISK_FACTORS,FLAGGED,heading_regex_fallback,heading_regex_fallback,heading_regex,low,15969,0.8821,0.0,0.48836,ebay-20200930.htm,
1065088,EBAY INC,financials,core,0001065088-21-000012,10-Q,2021-04-29,MDA,FLAGGED,heading_regex_fallback,heading_regex_fallback,heading_regex,low,6489,0.7933,0.0,0.52766,ebay-20210331.htm,
1065088,EBAY INC,financials,core,0001065088-21-000012,10-Q,2021-04-29,RISK_FACTORS,FLAGGED,heading_regex_fallback,heading_regex_fallback,heading_regex,low,125,0.944,0.0,0.60526,ebay-20210331.htm,
1065088,EBAY INC,financials,core,0001065088-21-000030,10-Q,2021-08-12,MDA,FLAGGED,heading_regex_fallback,heading_regex_fallback,heading_regex,low,8207,0.7963,0.0,0.55161,ebay-20210630.htm,
1065088,EBAY INC,financials,core,0001065088-21-000030,10-Q,2021-08-12,RISK_FACTORS,FLAGGED,heading_regex_fallback,heading_regex_fallback,heading_regex,low,436,0.9794,0.0,0.55,ebay-20210630.htm,
1065088,EBAY INC,financials,core,0001065088-21-000040,10-Q,2021-10-28,MDA,FLAGGED,heading_regex_fallback,heading_regex_fallback,heading_regex,low,8225,0.8079,0.0,0.55234,ebay-20210930.htm,
1065088,EBAY INC,financials,core,0001065088-21-000040,10-Q,2021-10-28,RISK_FACTORS,FLAGGED,heading_regex_fallback,heading_regex_fallback,heading_regex,low,436,0.9794,0.0,0.55,ebay-20210930.htm,
701221,Cigna Holding Co,healthcare,core,0001104659-15-054796,10-Q,2015-07-30,MDA,FLAGGED,head_keyword_absent,head_keyword_absent,anchor,medium,11025,0.5534,0.0,0.52466,a15-12152_110q.htm,
726728,REALTY INCOME CORP,materials_realestate,extension,0001104659-15-054841,10-Q,2015-07-30,MDA,FLAGGED,head_keyword_absent,head_keyword_absent,anchor,medium,16807,0.6544,0.0,0.51574,a15-11930_110q.htm,
1800,ABBOTT LABORATORIES,healthcare,core,0001104659-15-055905,10-Q,2015-08-04,MDA,FLAGGED,head_keyword_absent,head_keyword_absent,anchor,medium,4715,0.7669,0.0,0.54067,a15-11917_110q.htm,
718877,"Activision Blizzard, Inc.",tech,core,0001104659-15-055909,10-Q,2015-08-04,MDA,FLAGGED,head_keyword_absent,head_keyword_absent,anchor,medium,12903,0.5683,0.0,0.53694,a15-12176_110q.htm,
31462,ECOLAB INC.,consumer,core,0001104659-15-056831,10-Q,2015-08-06,MDA,FLAGGED,heading_regex_fallback,heading_regex_fallback,heading_regex,low,10769,0.6429,0.0,0.53654,a15-11987_110q.htm,
31462,ECOLAB INC.,consumer,core,0001104659-15-056831,10-Q,2015-08-06,RISK_FACTORS,FLAGGED,heading_regex_fallback,heading_regex_fallback,heading_regex,low,427,0.9461,0.0,0.54386,a15-11987_110q.htm,
726728,REALTY INCOME CORP,materials_realestate,extension,0001104659-15-074070,10-Q,2015-10-29,MDA,FLAGGED,head_keyword_absent,head_keyword_absent,anchor,medium,17315,0.6498,0.0,0.51313,a15-17857_110q.htm,
1137789,Seagate Technology Holdings plc,tech,core,0001104659-15-074539,10-Q,2015-10-30,MDA,FLAGGED,head_keyword_absent,head_keyword_absent,anchor,medium,3731,0.6923,0.0,0.53391,a15-22066_110q.htm,
1001250,ESTEE LAUDER COMPANIES INC,consumer,core,0001104659-15-074840,10-Q,2015-11-02,MDA,FLAGGED,head_keyword_absent,head_keyword_absent,anchor,medium,8929,0.7802,0.0,0.48175,a15-19200_110q.htm,
31462,ECOLAB INC.,consumer,core,0001104659-15-074906,10-Q,2015-11-02,MDA,FLAGGED,heading_regex_fallback,heading_regex_fallback,heading_regex,low,10963,0.6476,0.0,0.53714,a15-17904_110q.htm,
31462,ECOLAB INC.,consumer,core,0001104659-15-074906,10-Q,2015-11-02,RISK_FACTORS,FLAGGED,heading_regex_fallback,heading_regex_fallback,heading_regex,low,422,0.9455,0.0,0.54177,a15-17904_110q.htm,
1800,ABBOTT LABORATORIES,healthcare,core,0001104659-15-076189,10-Q,2015-11-05,MDA,FLAGGED,head_keyword_absent,head_keyword_absent,anchor,medium,4814,0.7572,0.0,0.53468,a15-17845_110q.htm,
701221,Cigna Holding Co,healthcare,core,0001104659-15-076424,10-Q,2015-11-06,MDA,FLAGGED,head_keyword_absent,head_keyword_absent,anchor,medium,11820,0.5705,0.0,0.52259,a15-18040_110q.htm,
718877,"Activision Blizzard, Inc.",tech,core,0001104659-15-076727,10-Q,2015-11-06,MDA,FLAGGED,head_keyword_absent,head_keyword_absent,anchor,medium,13969,0.5817,0.0,0.53673,a15-18056_110q.htm,
1137789,Seagate Technology Holdings plc,tech,core,0001104659-16-092467,10-Q,2016-01-29,MDA,FLAGGED,head_keyword_absent,head_keyword_absent,anchor,medium,4923,0.7215,0.0,0.55155,a16-3142_110q.htm,
1001250,ESTEE LAUDER COMPANIES INC,consumer,core,0001104659-16-094265,10-Q,2016-02-05,MDA,FLAGGED,head_keyword_absent,head_keyword_absent,anchor,medium,12204,0.7869,0.0,0.47355,a15-23972_110q.htm,
726728,REALTY INCOME CORP,materials_realestate,extension,0001104659-16-114676,10-Q,2016-04-27,MDA,FLAGGED,head_keyword_absent,head_keyword_absent,anchor,medium,15268,0.6396,0.0,0.49244,a16-6525_110q.htm,
1001250,ESTEE LAUDER COMPANIES INC,consumer,core,0001104659-16-117119,10-Q,2016-05-03,MDA,FLAGGED,head_keyword_absent,head_keyword_absent,anchor,medium,12771,0.7846,0.0,0.47433,a16-5365_110q.htm,
1800,ABBOTT LABORATORIES,healthcare,core,0001104659-16-117710,10-Q,2016-05-04,MDA,FLAGGED,head_keyword_absent,head_keyword_absent,anchor,medium,4418,0.7621,0.0,0.51487,a16-6519_110q.htm,
701221,Cigna Holding Co,healthcare,core,0001104659-16-118534,10-Q,2016-05-06,MDA,FLAGGED,head_keyword_absent,head_keyword_absent,anchor,medium,9971,0.5952,0.0,0.50889,a16-6644_110q.htm,
718877,"Activision Blizzard, Inc.",tech,core,0001104659-16-119270,10-Q,2016-05-09,MDA,FLAGGED,head_keyword_absent,head_keyword_absent,anchor,medium,12263,0.6869,0.0,0.52029,a16-6657_110q.htm,
726728,REALTY INCOME CORP,materials_realestate,extension,0001104659-16-134971,10-Q,2016-07-28,MDA,FLAGGED,head_keyword_absent,head_keyword_absent,anchor,medium,16946,0.6615,0.0,0.5125,a16-11620_110q.htm,
1800,ABBOTT LABORATORIES,healthcare,core,0001104659-16-136572,10-Q,2016-08-03,MDA,FLAGGED,head_keyword_absent,head_keyword_absent,anchor,medium,5186,0.786,0.0,0.52614,a16-11615_110q.htm,
718877,"Activision Blizzard, Inc.",tech,core,0001104659-16-137102,10-Q,2016-08-04,MDA,FLAGGED,head_keyword_absent,head_keyword_absent,anchor,medium,14658,0.6342,0.0,0.53722,a16-16083_110q.htm,
51143,INTERNATIONAL BUSINESS MACHINES CORP,tech,core,0001104659-16-151931,10-Q,2016-10-25,MDA,FLAGGED,head_keyword_absent,head_keyword_absent,anchor,medium,22878,0.6164,0.0,0.5492,a16-17246_110q.htm,
726728,REALTY INCOME CORP,materials_realestate,extension,0001104659-16-152187,10-Q,2016-10-26,MDA,FLAGGED,head_keyword_absent,head_keyword_absent,anchor,medium,16980,0.6427,0.0,0.51268,a16-17219_110q.htm,
1001250,ESTEE LAUDER COMPANIES INC,consumer,core,0001104659-16-154197,10-Q,2016-11-02,MDA,FLAGGED,head_keyword_absent,head_keyword_absent,anchor,medium,9595,0.6226,0.0,0.46768,a16-17860_110q.htm,
701221,Cigna Holding Co,healthcare,core,0001104659-16-154504,10-Q,2016-11-03,MDA,FLAGGED,head_keyword_absent,head_keyword_absent,anchor,medium,12448,0.6247,0.0,0.5157,a16-17168_110q.htm,
1800,ABBOTT LABORATORIES,healthcare,core,0001104659-16-154583,10-Q,2016-11-03,MDA,FLAGGED,head_keyword_absent,head_keyword_absent,anchor,medium,5327,0.8008,0.0,0.52427,a16-17215_110q.htm,
718877,"Activision Blizzard, Inc.",tech,core,0001104659-16-154713,10-Q,2016-11-04,MDA,FLAGGED,head_keyword_absent,head_keyword_absent,anchor,medium,17057,0.5497,0.0,0.53992,a16-17256_110q.htm,
1001250,ESTEE LAUDER COMPANIES INC,consumer,core,0001104659-17-006054,10-Q,2017-02-02,MDA,FLAGGED,head_keyword_absent,head_keyword_absent,anchor,medium,11737,0.6148,0.0,0.50395,a16-22889_110q.htm,
726728,REALTY INCOME CORP,materials_realestate,extension,0001104659-17-026354,10-Q,2017-04-26,MDA,FLAGGED,head_keyword_absent,head_keyword_absent,anchor,medium,16319,0.669,0.0,0.49099,a17-8901_110q.htm,
1001250,ESTEE LAUDER COMPANIES INC,consumer,core,0001104659-17-029271,10-Q,2017-05-03,MDA,FLAGGED,head_keyword_absent,head_keyword_absent,anchor,medium,10903,0.5648,0.0,0.51362,a17-7355_110q.htm,
1800,ABBOTT LABORATORIES,healthcare,core,0001104659-17-029430,10-Q,2017-05-03,MDA,FLAGGED,head_keyword_absent,head_keyword_absent,anchor,medium,4796,0.8153,0.0,0.51909,a17-8899_110q.htm,
718877,"Activision Blizzard, Inc.",tech,core,0001104659-17-029920,10-Q,2017-05-04,MDA,FLAGGED,head_keyword_absent,head_keyword_absent,anchor,medium,10173,0.5594,0.0,0.5443,a17-8921_110q.htm,
701221,Cigna Holding Co,healthcare,core,0001104659-17-030101,10-Q,2017-05-05,MDA,FLAGGED,head_keyword_absent,head_keyword_absent,anchor,medium,9948,0.5954,0.0,0.49921,a17-8864_110q.htm,
726728,REALTY INCOME CORP,materials_realestate,extension,0001104659-17-047373,10-Q,2017-07-27,MDA,FLAGGED,head_keyword_absent,head_keyword_absent,anchor,medium,17117,0.671,0.0,0.50915,a17-13355_110q.htm,
1800,ABBOTT LABORATORIES,healthcare,core,0001104659-17-048855,10-Q,2017-08-02,MDA,FLAGGED,head_keyword_absent,head_keyword_absent,anchor,medium,5678,0.8383,0.0,0.52207,a17-13353_110q.htm,
718877,"Activision Blizzard, Inc.",tech,core,0001104659-17-049333,10-Q,2017-08-03,MDA,FLAGGED,head_keyword_absent,head_keyword_absent,anchor,medium,12542,0.5223,0.0,0.57103,a17-13370_110q.htm,
701221,Cigna Holding Co,healthcare,core,0001104659-17-049513,10-Q,2017-08-04,MDA,FLAGGED,head_keyword_absent,head_keyword_absent,anchor,medium,10359,0.5385,0.0,0.5131,a17-13325_110q.htm,
726728,REALTY INCOME CORP,materials_realestate,extension,0001104659-17-064025,10-Q,2017-10-26,MDA,FLAGGED,head_keyword_absent,head_keyword_absent,anchor,medium,17157,0.6709,0.0,0.50853,a17-20636_110q.htm,
1001250,ESTEE LAUDER COMPANIES INC,consumer,core,0001104659-17-065144,10-Q,2017-11-01,MDA,FLAGGED,head_keyword_absent,head_keyword_absent,anchor,medium,8971,0.5349,0.0,0.47933,a17-21413_110q.htm,
701221,Cigna Holding Co,healthcare,core,0001104659-17-065484,10-Q,2017-11-02,MDA,FLAGGED,head_keyword_absent,head_keyword_absent,anchor,medium,10590,0.5514,0.0,0.50872,a17-20609_110q.htm,
1800,ABBOTT LABORATORIES,healthcare,core,0001104659-17-065654,10-Q,2017-11-02,MDA,FLAGGED,head_keyword_absent,head_keyword_absent,anchor,medium,6089,0.8348,0.0,0.5252,a17-20634_110q.htm,
718877,"Activision Blizzard, Inc.",tech,core,0001104659-17-065731,10-Q,2017-11-02,MDA,FLAGGED,head_keyword_absent,head_keyword_absent,anchor,medium,13571,0.5028,0.0,0.57185,a17-20649_110q.htm,
1001250,ESTEE LAUDER COMPANIES INC,consumer,core,0001104659-18-006059,10-Q,2018-02-02,MDA,FLAGGED,head_keyword_absent,head_keyword_absent,anchor,medium,11529,0.5671,0.0,0.50897,a17-27582_110q.htm,
1001250,ESTEE LAUDER COMPANIES INC,consumer,core,0001104659-18-029710,10-Q,2018-05-02,MDA,FLAGGED,head_keyword_absent,head_keyword_absent,anchor,medium,11655,0.5902,0.0,0.51498,a18-8697_110q.htm,
1800,ABBOTT LABORATORIES,healthcare,core,0001104659-18-029831,10-Q,2018-05-02,MDA,FLAGGED,head_keyword_absent,head_keyword_absent,anchor,medium,4661,0.8166,0.0,0.51907,a18-8658_110q.htm,
701221,Cigna Holding Co,healthcare,core,0001104659-18-030187,10-Q,2018-05-03,MDA,FLAGGED,head_keyword_absent,head_keyword_absent,anchor,medium,9762,0.5992,0.0,0.50046,a18-8638_110q.htm,
718877,"Activision Blizzard, Inc.",tech,core,0001104659-18-030305,10-Q,2018-05-03,MDA,FLAGGED,head_keyword_absent,head_keyword_absent,anchor,medium,10369,0.5843,0.0,0.5518,a18-8669_110q.htm,
726728,REALTY INCOME CORP,materials_realestate,extension,0001104659-18-031721,10-Q,2018-05-09,MDA,FLAGGED,head_keyword_absent,head_keyword_absent,anchor,medium,15070,0.6569,0.0,0.48172,a18-8660_110q.htm,
1800,ABBOTT LABORATORIES,healthcare,core,0001104659-18-048736,10-Q,2018-08-01,MDA,FLAGGED,head_keyword_absent,head_keyword_absent,anchor,medium,5004,0.8064,0.0,0.52738,a18-14086_110q.htm,
718877,"Activision Blizzard, Inc.",tech,core,0001104659-18-049238,10-Q,2018-08-02,MDA,FLAGGED,head_keyword_absent,head_keyword_absent,anchor,medium,13991,0.532,0.0,0.56934,a18-14094_110q.htm,
1001250,ESTEE LAUDER COMPANIES INC,consumer,core,0001104659-18-065017,10-Q,2018-10-31,MDA,FLAGGED,head_keyword_absent,head_keyword_absent,anchor,medium,9095,0.5456,0.0,0.48227,a18-30065_110q.htm,
1800,ABBOTT LABORATORIES,healthcare,core,0001104659-18-065076,10-Q,2018-10-31,MDA,FLAGGED,head_keyword_absent,head_keyword_absent,anchor,medium,5461,0.7676,0.0,0.52936,a18-19028_110q.htm,
701221,Cigna Holding Co,healthcare,core,0001104659-18-065339,10-Q,2018-11-01,MDA,FLAGGED,head_keyword_absent,head_keyword_absent,anchor,medium,10835,0.5443,0.0,0.50682,a18-19010_110q.htm,
718877,"Activision Blizzard, Inc.",tech,core,0001104659-18-067000,10-Q,2018-11-08,MDA,FLAGGED,head_keyword_absent,head_keyword_absent,anchor,medium,15250,0.5125,0.0,0.56998,a18-19034_110q.htm,
1001250,ESTEE LAUDER COMPANIES INC,consumer,core,0001104659-19-005765,10-Q,2019-02-05,MDA,FLAGGED,head_keyword_absent,head_keyword_absent,anchor,medium,11847,0.5104,0.0,0.50476,a18-41566_110q.htm,
1001250,ESTEE LAUDER COMPANIES INC,consumer,core,0001104659-19-025836,10-Q,2019-05-01,MDA,FLAGGED,head_keyword_absent,head_keyword_absent,anchor,medium,12959,0.5324,0.0,0.49878,a19-7309_110q.htm,
1800,ABBOTT LABORATORIES,healthcare,core,0001104659-19-026018,10-Q,2019-05-01,MDA,FLAGGED,head_keyword_absent,head_keyword_absent,anchor,medium,3179,0.692,0.0,0.51833,a19-7736_110q.htm,
1739940,Cigna Group,healthcare,core,0001104659-19-026396,10-Q,2019-05-02,MDA,FLAGGED,head_keyword_absent,head_keyword_absent,anchor,medium,9668,0.6029,0.0,0.48101,a19-9011_110q.htm,
823768,WASTE MANAGEMENT INC,utilities,extension,0001104659-25-103136,10-Q,2025-10-28,MDA,FLAGGED,heading_regex_fallback,heading_regex_fallback,heading_regex,low,9909,0.7275,0.0,0.5189,wm-20250930x10q.htm,
823768,WASTE MANAGEMENT INC,utilities,extension,0001104659-25-103136,10-Q,2025-10-28,RISK_FACTORS,FLAGGED,heading_regex_fallback,heading_regex_fallback,heading_regex,low,35,0.0,0.0,,wm-20250930x10q.htm,
31462,ECOLAB INC.,consumer,core,0001104659-25-104386,10-Q,2025-10-30,MDA,FLAGGED,heading_regex_fallback,heading_regex_fallback,heading_regex,low,9132,0.6063,0.0,0.52984,ecl-20250930x10q.htm,
31462,ECOLAB INC.,consumer,core,0001104659-25-104386,10-Q,2025-10-30,RISK_FACTORS,FLAGGED,heading_regex_fallback,heading_regex_fallback,heading_regex,low,125,0.616,0.0,0.55556,ecl-20250930x10q.htm,
1063761,SIMON PROPERTY GROUP INC.,materials_realestate,extension,0001104659-25-107395,10-Q,2025-11-06,MDA,FLAGGED,heading_regex_fallback,heading_regex_fallback,heading_regex,low,9915,0.6283,0.0,0.49488,spg-20250930x10q.htm,
1063761,SIMON PROPERTY GROUP INC.,materials_realestate,extension,0001104659-25-107395,10-Q,2025-11-06,RISK_FACTORS,FLAGGED,heading_regex_fallback,heading_regex_fallback,heading_regex,low,22,0.0,0.0,,spg-20250930x10q.htm,
315189,DEERE & CO,industrials,extension,0001104659-26-020158,10-Q,2026-02-26,MDA,FLAGGED,heading_regex_fallback,heading_regex_fallback,heading_regex,low,5916,0.453,0.0,0.4582,de-20260201x10q.htm,
315189,DEERE & CO,industrials,extension,0001104659-26-020158,10-Q,2026-02-26,RISK_FACTORS,FLAGGED,heading_regex_fallback,heading_regex_fallback,heading_regex,low,75,0.9333,0.0,0.56522,de-20260201x10q.htm,
823768,WASTE MANAGEMENT INC,utilities,extension,0001104659-26-051283,10-Q,2026-04-29,MDA,FLAGGED,heading_regex_fallback,heading_regex_fallback,heading_regex,low,7736,0.6846,0.0,0.50813,wm-20260331x10q.htm,
823768,WASTE MANAGEMENT INC,utilities,extension,0001104659-26-051283,10-Q,2026-04-29,RISK_FACTORS,FLAGGED,heading_regex_fallback,heading_regex_fallback,heading_regex,low,36,0.0,0.0,,wm-20260331x10q.htm,
31462,ECOLAB INC.,consumer,core,0001104659-26-056737,10-Q,2026-05-07,MDA,FLAGGED,heading_regex_fallback,heading_regex_fallback,heading_regex,low,6790,0.552,0.0,0.49231,ecl-20260331x10q.htm,
31462,ECOLAB INC.,consumer,core,0001104659-26-056737,10-Q,2026-05-07,RISK_FACTORS,FLAGGED,heading_regex_fallback,heading_regex_fallback,heading_regex,low,125,0.616,0.0,0.55556,ecl-20260331x10q.htm,
1063761,SIMON PROPERTY GROUP INC.,materials_realestate,extension,0001104659-26-058640,10-Q,2026-05-11,MDA,FLAGGED,heading_regex_fallback,heading_regex_fallback,heading_regex,low,8970,0.6601,0.0,0.48455,spg-20260331x10q.htm,
1063761,SIMON PROPERTY GROUP INC.,materials_realestate,extension,0001104659-26-058640,10-Q,2026-05-11,RISK_FACTORS,FLAGGED,heading_regex_fallback,heading_regex_fallback,heading_regex,low,22,0.0,0.0,,spg-20260331x10q.htm,
315189,DEERE & CO,industrials,extension,0001104659-26-067311,10-Q,2026-05-28,MDA,FLAGGED,heading_regex_fallback,heading_regex_fallback,heading_regex,low,7003,0.4302,0.0,0.47385,de-20260503x10q.htm,
315189,DEERE & CO,industrials,extension,0001104659-26-067311,10-Q,2026-05-28,RISK_FACTORS,FLAGGED,heading_regex_fallback,heading_regex_fallback,heading_regex,low,75,0.9333,0.0,0.56522,de-20260503x10q.htm,
823768,WASTE MANAGEMENT INC,utilities,extension,0001104659-26-088016,10-Q,2026-07-29,MDA,FLAGGED,heading_regex_fallback,heading_regex_fallback,heading_regex,low,9109,0.6948,0.0,0.53484,wm-20260630x10q.htm,
823768,WASTE MANAGEMENT INC,utilities,extension,0001104659-26-088016,10-Q,2026-07-29,RISK_FACTORS,FLAGGED,heading_regex_fallback,heading_regex_fallback,heading_regex,low,35,0.0,0.0,,wm-20260630x10q.htm,
1063761,SIMON PROPERTY GROUP INC.,materials_realestate,extension,0001104659-26-093360,10-Q,2026-08-10,MDA,FLAGGED,heading_regex_fallback,heading_regex_fallback,heading_regex,low,10241,0.6349,0.0,0.49277,spg-20260630x10q.htm,
1063761,SIMON PROPERTY GROUP INC.,materials_realestate,extension,0001104659-26-093360,10-Q,2026-08-10,RISK_FACTORS,FLAGGED,heading_regex_fallback,heading_regex_fallback,heading_regex,low,22,0.0,0.0,,spg-20260630x10q.htm,
1108524,"Salesforce, Inc.",tech,core,0001108524-15-000025,10-Q,2015-08-25,MDA,FLAGGED,toc_recovered_f1,toc_recovered_f1|toc_recovery_end_guarded,anchor_resolving_entry,low,16560,0.5982,0.0,0.53024,crmq2fy1610-q.htm,
1108524,"Salesforce, Inc.",tech,core,0001108524-15-000025,10-Q,2015-08-25,RISK_FACTORS,FLAGGED,toc_recovered_f1,toc_recovered_f1|toc_recovery_end_guarded,anchor_resolving_entry,low,10750,0.7827,0.0,0.51091,crmq2fy1610-q.htm,
1108524,"Salesforce, Inc.",tech,core,0001108524-15-000034,10-Q,2015-11-20,MDA,FLAGGED,toc_recovered_f1,toc_recovered_f1|toc_recovery_end_guarded,anchor_resolving_entry,low,17732,0.6039,0.0,0.52765,crmq3fy1610-q.htm,
1108524,"Salesforce, Inc.",tech,core,0001108524-15-000034,10-Q,2015-11-20,RISK_FACTORS,FLAGGED,toc_recovered_f1,toc_recovered_f1|toc_recovery_end_guarded,anchor_resolving_entry,low,10932,0.7825,0.0,0.50934,crmq3fy1610-q.htm,
1108524,"Salesforce, Inc.",tech,core,0001108524-16-000066,10-Q,2016-05-20,MDA,FLAGGED,toc_recovered_f1,toc_recovered_f1|toc_recovery_end_guarded,anchor_resolving_entry,low,13232,0.6456,0.0,0.51356,crmq1fy1710-q.htm,
1108524,"Salesforce, Inc.",tech,core,0001108524-16-000066,10-Q,2016-05-20,RISK_FACTORS,FLAGGED,toc_recovered_f1,toc_recovered_f1|toc_recovery_end_guarded,anchor_resolving_entry,low,11305,0.7766,0.0,0.50813,crmq1fy1710-q.htm,
1108524,"Salesforce, Inc.",tech,core,0001108524-16-000085,10-Q,2016-09-01,MDA,FLAGGED,toc_recovered_f1,toc_recovered_f1|toc_recovery_end_guarded,anchor_resolving_entry,low,16437,0.5797,0.0,0.53036,crmq2fy1710-q.htm,
1108524,"Salesforce, Inc.",tech,core,0001108524-16-000085,10-Q,2016-09-01,RISK_FACTORS,FLAGGED,toc_recovered_f1,toc_recovered_f1|toc_recovery_end_guarded,anchor_resolving_entry,low,11423,0.7825,0.0,0.50774,crmq2fy1710-q.htm,
1108524,"Salesforce, Inc.",tech,core,0001108524-16-000128,10-Q,2016-11-21,MDA,FLAGGED,toc_recovered_f1,toc_recovered_f1|toc_recovery_end_guarded,anchor_resolving_entry,low,17351,0.5843,0.0,0.52714,crmq3fy1710-q.htm,
1108524,"Salesforce, Inc.",tech,core,0001108524-16-000128,10-Q,2016-11-21,RISK_FACTORS,FLAGGED,toc_recovered_f1,toc_recovered_f1|toc_recovery_end_guarded,anchor_resolving_entry,low,11881,0.7784,0.0,0.50821,crmq3fy1710-q.htm,
1108524,"Salesforce, Inc.",tech,core,0001108524-17-000012,10-Q,2017-05-22,MDA,FLAGGED,toc_recovered_f1,toc_recovered_f1|toc_recovery_end_guarded,anchor_resolving_entry,low,8427,0.6123,0.0,0.52697,crmq1fy1810-q.htm,
1108524,"Salesforce, Inc.",tech,core,0001108524-17-000012,10-Q,2017-05-22,RISK_FACTORS,FLAGGED,toc_recovered_f1,toc_recovered_f1|toc_recovery_end_guarded,anchor_resolving_entry,low,12530,0.7789,0.0,0.50514,crmq1fy1810-q.htm,
1108524,"Salesforce, Inc.",tech,core,0001108524-17-000020,10-Q,2017-08-25,MDA,FLAGGED,toc_recovered_f1,toc_recovered_f1|toc_recovery_end_guarded,anchor_resolving_entry,low,10670,0.5109,0.0,0.54702,crmq2fy1810-q.htm,
1108524,"Salesforce, Inc.",tech,core,0001108524-17-000020,10-Q,2017-08-25,RISK_FACTORS,FLAGGED,toc_recovered_f1,toc_recovered_f1|toc_recovery_end_guarded,anchor_resolving_entry,low,12724,0.7884,0.0,0.50431,crmq2fy1810-q.htm,
1108524,"Salesforce, Inc.",tech,core,0001108524-19-000025,10-Q,2019-06-05,MDA,FLAGGED,toc_recovered_f1,toc_recovered_f1|toc_recovery_end_guarded,anchor_resolving_entry,low,8875,0.6485,0.0,0.51107,crmq1fy2010-q.htm,
1108524,"Salesforce, Inc.",tech,core,0001108524-19-000025,10-Q,2019-06-05,RISK_FACTORS,FLAGGED,toc_recovered_f1,toc_recovered_f1|toc_recovery_end_guarded,anchor_resolving_entry,low,13941,0.7617,0.0,0.49873,crmq1fy2010-q.htm,
1122304,AETNA INC /PA/,healthcare,core,0001122304-15-000131,10-Q,2015-08-04,MDA,FLAGGED,heading_regex_fallback,heading_regex_fallback,heading_regex,low,10974,0.5712,0.0,0.51459,form10-q.htm,
1122304,AETNA INC /PA/,healthcare,core,0001122304-15-000131,10-Q,2015-08-04,RISK_FACTORS,FLAGGED,heading_regex_fallback,heading_regex_fallback,heading_regex,low,25,0.0,0.0,,form10-q.htm,
1122304,AETNA INC /PA/,healthcare,core,0001122304-15-000173,10-Q,2015-10-29,MDA,FLAGGED,heading_regex_fallback,heading_regex_fallback,heading_regex,low,11582,0.5546,0.0,0.50864,form10-q.htm,
1122304,AETNA INC /PA/,healthcare,core,0001122304-15-000173,10-Q,2015-10-29,RISK_FACTORS,FLAGGED,heading_regex_fallback,heading_regex_fallback,heading_regex,low,25,0.0,0.0,,form10-q.htm,
1122304,AETNA INC /PA/,healthcare,core,0001122304-16-000225,10-Q,2016-04-28,MDA,FLAGGED,heading_regex_fallback,heading_regex_fallback,heading_regex,low,6798,0.5044,0.0,0.50249,form10-q.htm,
1122304,AETNA INC /PA/,healthcare,core,0001122304-16-000225,10-Q,2016-04-28,RISK_FACTORS,FLAGGED,heading_regex_fallback,heading_regex_fallback,heading_regex,low,25,0.0,0.0,,form10-q.htm,
1122304,AETNA INC /PA/,healthcare,core,0001122304-16-000277,10-Q,2016-08-02,MDA,FLAGGED,heading_regex_fallback,heading_regex_fallback,heading_regex,low,10168,0.5641,0.0,0.52136,form10-q.htm,
1122304,AETNA INC /PA/,healthcare,core,0001122304-16-000277,10-Q,2016-08-02,RISK_FACTORS,FLAGGED,heading_regex_fallback,heading_regex_fallback,heading_regex,low,25,0.0,0.0,,form10-q.htm,
1126975,"Magellan Midstream Partners, L.P.",energy,core,0001126975-15-000123,10-Q,2015-08-06,MDA,FLAGGED,head_keyword_absent,head_keyword_absent,anchor,medium,7553,0.4427,0.0,0.50268,mmp-201563010q.htm,
1126975,"Magellan Midstream Partners, L.P.",energy,core,0001126975-15-000141,10-Q,2015-11-03,MDA,FLAGGED,head_keyword_absent,head_keyword_absent,anchor,medium,8061,0.4702,0.0,0.5015,mmp-201593010q.htm,
1126975,"Magellan Midstream Partners, L.P.",energy,core,0001126975-16-000241,10-Q,2016-05-04,MDA,FLAGGED,head_keyword_absent,head_keyword_absent,anchor,medium,4423,0.4667,0.0,0.49897,mmp-201633110q.htm,
1126975,"Magellan Midstream Partners, L.P.",energy,core,0001126975-16-000266,10-Q,2016-08-02,MDA,FLAGGED,head_keyword_absent,head_keyword_absent,anchor,medium,6116,0.4791,0.0,0.49527,mmp-201663010q.htm,
1126975,"Magellan Midstream Partners, L.P.",energy,core,0001126975-16-000284,10-Q,2016-11-02,MDA,FLAGGED,head_keyword_absent,head_keyword_absent,anchor,medium,5980,0.4936,0.0,0.49816,mmp-201693010q.htm,
1126975,"Magellan Midstream Partners, L.P.",energy,core,0001126975-17-000081,10-Q,2017-05-03,MDA,FLAGGED,head_keyword_absent,head_keyword_absent,anchor,medium,3940,0.5046,0.0,0.49899,mmp-201733110q.htm,
1126975,"Magellan Midstream Partners, L.P.",energy,core,0001126975-17-000107,10-Q,2017-08-02,MDA,FLAGGED,head_keyword_absent,head_keyword_absent,anchor,medium,5238,0.4546,0.0,0.49812,mmp-201763010q.htm,
1126975,"Magellan Midstream Partners, L.P.",energy,core,0001126975-17-000131,10-Q,2017-11-02,MDA,FLAGGED,head_keyword_absent,head_keyword_absent,anchor,medium,5645,0.4615,0.0,0.49086,mmp-201793010q.htm,
1126975,"Magellan Midstream Partners, L.P.",energy,core,0001126975-18-000081,10-Q,2018-05-03,MDA,FLAGGED,head_keyword_absent,head_keyword_absent,anchor,medium,4030,0.5072,0.0,0.49703,mmp-201833110q.htm,
1126975,"Magellan Midstream Partners, L.P.",energy,core,0001126975-18-000101,10-Q,2018-08-02,MDA,FLAGGED,head_keyword_absent,head_keyword_absent,anchor,medium,5306,0.5143,0.0,0.49662,mmp-201863010q.htm,
1126975,"Magellan Midstream Partners, L.P.",energy,core,0001126975-18-000128,10-Q,2018-11-01,MDA,FLAGGED,head_keyword_absent,head_keyword_absent,anchor,medium,5754,0.5035,0.0,0.50131,mmp-201893010q.htm,
1126975,"Magellan Midstream Partners, L.P.",energy,core,0001126975-19-000097,10-Q,2019-05-01,MDA,FLAGGED,head_keyword_absent,head_keyword_absent,anchor,medium,4005,0.4764,0.0,0.50101,mmp-201933110q.htm,
1126975,"Magellan Midstream Partners, L.P.",energy,core,0001126975-19-000131,10-Q,2019-08-01,MDA,FLAGGED,head_keyword_absent,head_keyword_absent,anchor,medium,5381,0.4793,0.0,0.49168,mmp-201963010q.htm,
1126975,"Magellan Midstream Partners, L.P.",energy,core,0001126975-19-000163,10-Q,2019-10-31,MDA,FLAGGED,head_keyword_absent,head_keyword_absent,anchor,medium,5642,0.4825,0.0,0.49495,mmp-201993010q.htm,
1126975,"Magellan Midstream Partners, L.P.",energy,core,0001126975-20-000083,10-Q,2020-05-01,MDA,FLAGGED,head_keyword_absent,head_keyword_absent,anchor,medium,4050,0.563,0.0,0.51066,mmp-202033110q.htm,
1126975,"Magellan Midstream Partners, L.P.",energy,core,0001126975-20-000110,10-Q,2020-07-31,MDA,FLAGGED,head_keyword_absent,head_keyword_absent,anchor,medium,5194,0.5221,0.0,0.5088,mmp-202063010q.htm,
1126975,"Magellan Midstream Partners, L.P.",energy,core,0001126975-20-000137,10-Q,2020-10-30,MDA,FLAGGED,head_keyword_absent,head_keyword_absent,anchor,medium,5119,0.6767,0.0,0.50421,mmp-20200930.htm,
1126975,"Magellan Midstream Partners, L.P.",energy,core,0001126975-21-000072,10-Q,2021-04-29,MDA,FLAGGED,head_keyword_absent,head_keyword_absent,anchor,medium,3288,0.6283,0.0,0.49845,mmp-20210331.htm,
1126975,"Magellan Midstream Partners, L.P.",energy,core,0001126975-21-000104,10-Q,2021-07-29,MDA,FLAGGED,head_keyword_absent,head_keyword_absent,anchor,medium,4877,0.5969,0.0,0.51076,mmp-20210630.htm,
1126975,"Magellan Midstream Partners, L.P.",energy,core,0001126975-21-000133,10-Q,2021-11-02,MDA,FLAGGED,head_keyword_absent,head_keyword_absent,anchor,medium,4983,0.5918,0.0,0.5068,mmp-20210930.htm,
1126975,"Magellan Midstream Partners, L.P.",energy,core,0001126975-22-000085,10-Q,2022-05-05,MDA,FLAGGED,head_keyword_absent,head_keyword_absent,anchor,medium,3343,0.5992,0.0,0.49316,mmp-20220331.htm,
1126975,"Magellan Midstream Partners, L.P.",energy,core,0001126975-22-000124,10-Q,2022-07-28,MDA,FLAGGED,head_keyword_absent,head_keyword_absent,anchor,medium,4437,0.5281,0.0,0.4958,mmp-20220630.htm,
1126975,"Magellan Midstream Partners, L.P.",energy,core,0001126975-22-000151,10-Q,2022-10-27,MDA,FLAGGED,head_keyword_absent,head_keyword_absent,anchor,medium,4523,0.5468,0.0,0.49293,mmp-20220930.htm,
1126975,"Magellan Midstream Partners, L.P.",energy,core,0001126975-23-000081,10-Q,2023-05-04,MDA,FLAGGED,head_keyword_absent,head_keyword_absent,anchor,medium,3404,0.6149,0.0,0.50318,mmp-20230331.htm,
1126975,"Magellan Midstream Partners, L.P.",energy,core,0001126975-23-000117,10-Q,2023-08-03,MDA,FLAGGED,head_keyword_absent,head_keyword_absent,anchor,medium,4470,0.5846,0.0,0.50622,mmp-20230630.htm,
1161154,"Energy Transfer Operating, L.P.",energy,core,0001161154-15-000033,10-Q,2015-08-06,RISK_FACTORS,FLAGGED,head_keyword_absent,head_keyword_absent,anchor,medium,671,0.6215,0.0,0.4424,q22015form10-q.htm,
1161154,"Energy Transfer Operating, L.P.",energy,core,0001161154-15-000050,10-Q,2015-11-05,RISK_FACTORS,FLAGGED,head_keyword_absent,head_keyword_absent,anchor,medium,721,0.5062,0.0,0.44357,q32015form10-q.htm,
1161154,"Energy Transfer Operating, L.P.",energy,core,0001161154-16-000068,10-Q,2016-05-05,RISK_FACTORS,FLAGGED,head_keyword_absent,head_keyword_absent,anchor,medium,706,0.6416,0.0,0.44531,q12016form10-q.htm,
1161154,"Energy Transfer Operating, L.P.",energy,core,0001161154-16-000077,10-Q,2016-08-04,RISK_FACTORS,FLAGGED,head_keyword_absent,head_keyword_absent,anchor,medium,756,0.6653,0.0,0.46912,q22016form10-q.htm,
1161154,"Energy Transfer Operating, L.P.",energy,core,0001161154-16-000083,10-Q,2016-11-09,RISK_FACTORS,FLAGGED,head_keyword_absent,head_keyword_absent,anchor,medium,931,0.594,0.0,0.45,q32016form10-q.htm,
1161154,"Energy Transfer Operating, L.P.",energy,core,0001161154-17-000023,10-Q,2017-05-04,RISK_FACTORS,FLAGGED,head_keyword_absent,head_keyword_absent,anchor,medium,1492,0.7755,0.0,0.40158,q12017form10-q.htm,
4281,Howmet Aerospace Inc.,materials_realestate,extension,0001193125-15-259994,10-Q,2015-07-22,MDA,FLAGGED,heading_regex_fallback,heading_regex_fallback,heading_regex,low,10051,0.1115,0.0,0.49807,d943108d10q.htm,
4281,Howmet Aerospace Inc.,materials_realestate,extension,0001193125-15-259994,10-Q,2015-07-22,RISK_FACTORS,FAIL,no_toc_and_no_heading_match,no_toc_and_no_heading_match,none,low,0,0.0,,,d943108d10q.htm,
823768,WASTE MANAGEMENT INC,utilities,extension,0001193125-15-260805,10-Q,2015-07-23,MDA,FLAGGED,heading_regex_fallback,heading_regex_fallback,heading_regex,low,11050,0.0821,0.0,0.56731,d925197d10q.htm,
823768,WASTE MANAGEMENT INC,utilities,extension,0001193125-15-260805,10-Q,2015-07-23,RISK_FACTORS,FLAGGED,heading_regex_fallback,heading_regex_fallback,heading_regex,low,40,0.0,0.0,,d925197d10q.htm,
713676,"PNC FINANCIAL SERVICES GROUP, INC.",financials,core,0001193125-15-277885,10-Q,2015-08-05,MDA,FAIL,toc_recovery_declined,toc_recovery_declined,none,low,0,0.0,,,d943118d10q.htm,F1:G1_head_not_on_item_heading; F2:G3_below_floor(89w<1000)
1105705,"WARNER MEDIA, LLC",consumer,core,0001193125-15-278166,10-Q,2015-08-05,MDA,FAIL,item_absent_from_toc,item_absent_from_toc,none,low,0,0.0,,,d949581d10q.htm,
36104,US BANCORP \DE\,financials,core,0001193125-15-278501,10-Q,2015-08-05,MDA,FAIL,no_toc_and_no_heading_match,no_toc_and_no_heading_match,none,low,0,0.0,,,d938086d10q.htm,
36104,US BANCORP \DE\,financials,core,0001193125-15-278501,10-Q,2015-08-05,RISK_FACTORS,FLAGGED,heading_regex_fallback,heading_regex_fallback,heading_regex,low,47,0.0,0.0,,d938086d10q.htm,
6769,APACHE CORP,energy,core,0001193125-15-281508,10-Q,2015-08-07,MDA,FAIL,no_toc_and_no_heading_match,no_toc_and_no_heading_match,none,low,0,0.0,,,d91694d10q.htm,
6769,APACHE CORP,energy,core,0001193125-15-281508,10-Q,2015-08-07,RISK_FACTORS,FLAGGED,heading_regex_fallback,heading_regex_fallback,heading_regex,low,46,0.0,0.0,,d91694d10q.htm,
109198,TJX COMPANIES INC /DE/,consumer,core,0001193125-15-306470,10-Q,2015-08-28,MDA,FLAGGED,heading_regex_fallback,heading_regex_fallback,heading_regex,low,6051,0.3323,0.0,0.54206,d39475d10q.htm,
109198,TJX COMPANIES INC /DE/,consumer,core,0001193125-15-306470,10-Q,2015-08-28,RISK_FACTORS,FLAGGED,heading_regex_fallback,heading_regex_fallback,heading_regex,low,45,0.0,0.0,,d39475d10q.htm,
4281,Howmet Aerospace Inc.,materials_realestate,extension,0001193125-15-350979,10-Q,2015-10-23,MDA,FLAGGED,heading_regex_fallback,heading_regex_fallback,heading_regex,low,11759,0.1625,0.0,0.50278,d17884d10q.htm,
4281,Howmet Aerospace Inc.,materials_realestate,extension,0001193125-15-350979,10-Q,2015-10-23,RISK_FACTORS,FAIL,no_toc_and_no_heading_match,no_toc_and_no_heading_match,none,low,0,0.0,,,d17884d10q.htm,
823768,WASTE MANAGEMENT INC,utilities,extension,0001193125-15-354299,10-Q,2015-10-27,MDA,FLAGGED,heading_regex_fallback,heading_regex_fallback,heading_regex,low,11172,0.0695,0.0,0.56509,d69914d10q.htm,
823768,WASTE MANAGEMENT INC,utilities,extension,0001193125-15-354299,10-Q,2015-10-27,RISK_FACTORS,FLAGGED,heading_regex_fallback,heading_regex_fallback,heading_regex,low,40,0.0,0.0,,d69914d10q.htm,
1105705,"WARNER MEDIA, LLC",consumer,core,0001193125-15-365575,10-Q,2015-11-04,MDA,FAIL,item_absent_from_toc,item_absent_from_toc,none,low,0,0.0,,,d69048d10q.htm,
36104,US BANCORP \DE\,financials,core,0001193125-15-366273,10-Q,2015-11-04,MDA,FAIL,no_toc_and_no_heading_match,no_toc_and_no_heading_match,none,low,0,0.0,,,d50444d10q.htm,
36104,US BANCORP \DE\,financials,core,0001193125-15-366273,10-Q,2015-11-04,RISK_FACTORS,FLAGGED,heading_regex_fallback,heading_regex_fallback,heading_regex,low,47,0.0,0.0,,d50444d10q.htm,
713676,"PNC FINANCIAL SERVICES GROUP, INC.",financials,core,0001193125-15-366426,10-Q,2015-11-05,MDA,FLAGGED,head_keyword_absent,head_keyword_absent,anchor,medium,85419,0.0633,0.0,0.47692,d83155d10q.htm,
6769,APACHE CORP,energy,core,0001193125-15-368662,10-Q,2015-11-06,MDA,FAIL,no_toc_and_no_heading_match,no_toc_and_no_heading_match,none,low,0,0.0,,,d95244d10q.htm,
6769,APACHE CORP,energy,core,0001193125-15-368662,10-Q,2015-11-06,RISK_FACTORS,FLAGGED,heading_regex_fallback,heading_regex_fallback,heading_regex,low,46,0.0,0.0,,d95244d10q.htm,
109198,TJX COMPANIES INC /DE/,consumer,core,0001193125-15-391899,10-Q,2015-12-01,MDA,FLAGGED,heading_regex_fallback,heading_regex_fallback,heading_regex,low,6458,0.297,0.0,0.53962,d60764d10q.htm,
109198,TJX COMPANIES INC /DE/,consumer,core,0001193125-15-391899,10-Q,2015-12-01,RISK_FACTORS,FLAGGED,heading_regex_fallback,heading_regex_fallback,heading_regex,low,45,0.0,0.0,,d60764d10q.htm,
823768,WASTE MANAGEMENT INC,utilities,extension,0001193125-16-561968,10-Q,2016-04-28,MDA,FLAGGED,heading_regex_fallback,heading_regex_fallback,heading_regex,low,8631,0.0948,0.0,0.54171,d162702d10q.htm,
823768,WASTE MANAGEMENT INC,utilities,extension,0001193125-16-561968,10-Q,2016-04-28,RISK_FACTORS,FLAGGED,heading_regex_fallback,heading_regex_fallback,heading_regex,low,40,0.0,0.0,,d162702d10q.htm,
1105705,"WARNER MEDIA, LLC",consumer,core,0001193125-16-576565,10-Q,2016-05-04,MDA,FAIL,item_absent_from_toc,item_absent_from_toc,none,low,0,0.0,,,d174522d10q.htm,
713676,"PNC FINANCIAL SERVICES GROUP, INC.",financials,core,0001193125-16-577177,10-Q,2016-05-04,MDA,FLAGGED,head_keyword_absent,head_keyword_absent,anchor,medium,68120,0.0696,0.0,0.47239,d170252d10q.htm,
4281,Howmet Aerospace Inc.,materials_realestate,extension,0001193125-16-580169,10-Q,2016-05-05,MDA,FLAGGED,heading_regex_fallback,heading_regex_fallback,heading_regex,low,5913,0.0832,0.0,0.49972,d259828d10q.htm,
4281,Howmet Aerospace Inc.,materials_realestate,extension,0001193125-16-580169,10-Q,2016-05-05,RISK_FACTORS,FAIL,no_toc_and_no_heading_match,no_toc_and_no_heading_match,none,low,0,0.0,,,d259828d10q.htm,
36104,US BANCORP \DE\,financials,core,0001193125-16-581459,10-Q,2016-05-06,MDA,FAIL,no_toc_and_no_heading_match,no_toc_and_no_heading_match,none,low,0,0.0,,,d150924d10q.htm,
36104,US BANCORP \DE\,financials,core,0001193125-16-581459,10-Q,2016-05-06,RISK_FACTORS,FLAGGED,heading_regex_fallback,heading_regex_fallback,heading_regex,low,47,0.0,0.0,,d150924d10q.htm,
109198,TJX COMPANIES INC /DE/,consumer,core,0001193125-16-605931,10-Q,2016-05-27,MDA,FLAGGED,heading_regex_fallback,heading_regex_fallback,heading_regex,low,4579,0.2365,0.0,0.52129,d159759d10q.htm,
109198,TJX COMPANIES INC /DE/,consumer,core,0001193125-16-605931,10-Q,2016-05-27,RISK_FACTORS,FLAGGED,heading_regex_fallback,heading_regex_fallback,heading_regex,low,45,0.0,0.0,,d159759d10q.htm,
823768,WASTE MANAGEMENT INC,utilities,extension,0001193125-16-659444,10-Q,2016-07-27,MDA,FLAGGED,heading_regex_fallback,heading_regex_fallback,heading_regex,low,9700,0.1116,0.0,0.55633,d189485d10q.htm,
823768,WASTE MANAGEMENT INC,utilities,extension,0001193125-16-659444,10-Q,2016-07-27,RISK_FACTORS,FLAGGED,heading_regex_fallback,heading_regex_fallback,heading_regex,low,40,0.0,0.0,,d189485d10q.htm,
4281,Howmet Aerospace Inc.,materials_realestate,extension,0001193125-16-664835,10-Q,2016-07-29,MDA,FLAGGED,heading_regex_fallback,heading_regex_fallback,heading_regex,low,9404,0.2262,0.0,0.53215,d209057d10q.htm,
4281,Howmet Aerospace Inc.,materials_realestate,extension,0001193125-16-664835,10-Q,2016-07-29,RISK_FACTORS,FAIL,no_toc_and_no_heading_match,no_toc_and_no_heading_match,none,low,0,0.0,,,d209057d10q.htm,
1105705,"WARNER MEDIA, LLC",consumer,core,0001193125-16-669581,10-Q,2016-08-03,MDA,FAIL,item_absent_from_toc,item_absent_from_toc,none,low,0,0.0,,,d222992d10q.htm,
713676,"PNC FINANCIAL SERVICES GROUP, INC.",financials,core,0001193125-16-669661,10-Q,2016-08-03,MDA,FLAGGED,head_keyword_absent,head_keyword_absent,anchor,medium,61608,0.0809,0.0,0.47121,d209081d10q.htm,
36104,US BANCORP \DE\,financials,core,0001193125-16-673126,10-Q,2016-08-05,MDA,FAIL,no_toc_and_no_heading_match,no_toc_and_no_heading_match,none,low,0,0.0,,,d176571d10q.htm,
36104,US BANCORP \DE\,financials,core,0001193125-16-673126,10-Q,2016-08-05,RISK_FACTORS,FLAGGED,heading_regex_fallback,heading_regex_fallback,heading_regex,low,295,0.1525,0.0,0.51379,d176571d10q.htm,
109198,TJX COMPANIES INC /DE/,consumer,core,0001193125-16-693604,10-Q,2016-08-26,MDA,FLAGGED,heading_regex_fallback,heading_regex_fallback,heading_regex,low,5555,0.3217,0.0,0.53646,d67632d10q.htm,
109198,TJX COMPANIES INC /DE/,consumer,core,0001193125-16-693604,10-Q,2016-08-26,RISK_FACTORS,FLAGGED,heading_regex_fallback,heading_regex_fallback,heading_regex,low,45,0.0,0.0,,d67632d10q.htm,
823768,WASTE MANAGEMENT INC,utilities,extension,0001193125-16-747491,10-Q,2016-10-26,MDA,FLAGGED,heading_regex_fallback,heading_regex_fallback,heading_regex,low,10347,0.0922,0.0,0.5529,d230847d10q.htm,
823768,WASTE MANAGEMENT INC,utilities,extension,0001193125-16-747491,10-Q,2016-10-26,RISK_FACTORS,FLAGGED,heading_regex_fallback,heading_regex_fallback,heading_regex,low,40,0.0,0.0,,d230847d10q.htm,
1105705,"WARNER MEDIA, LLC",consumer,core,0001193125-16-756548,10-Q,2016-11-02,MDA,FAIL,item_absent_from_toc,item_absent_from_toc,none,low,0,0.0,,,d245793d10q.htm,
713676,"PNC FINANCIAL SERVICES GROUP, INC.",financials,core,0001193125-16-759559,10-Q,2016-11-04,MDA,FLAGGED,head_keyword_absent,head_keyword_absent,anchor,medium,60162,0.0687,0.0,0.47089,d249048d10q.htm,
36104,US BANCORP \DE\,financials,core,0001193125-16-759887,10-Q,2016-11-04,MDA,FAIL,no_toc_and_no_heading_match,no_toc_and_no_heading_match,none,low,0,0.0,,,d231217d10q.htm,
36104,US BANCORP \DE\,financials,core,0001193125-16-759887,10-Q,2016-11-04,RISK_FACTORS,FLAGGED,heading_regex_fallback,heading_regex_fallback,heading_regex,low,63,0.0,0.0,0.74074,d231217d10q.htm,
4281,Howmet Aerospace Inc.,materials_realestate,extension,0001193125-16-763784,10-Q,2016-11-09,MDA,FLAGGED,heading_regex_fallback,heading_regex_fallback,heading_regex,low,10596,0.1916,0.0,0.52834,d249051d10q.htm,
4281,Howmet Aerospace Inc.,materials_realestate,extension,0001193125-16-763784,10-Q,2016-11-09,RISK_FACTORS,FAIL,no_toc_and_no_heading_match,no_toc_and_no_heading_match,none,low,0,0.0,,,d249051d10q.htm,
109198,TJX COMPANIES INC /DE/,consumer,core,0001193125-16-780747,10-Q,2016-11-30,MDA,FLAGGED,heading_regex_fallback,heading_regex_fallback,heading_regex,low,6110,0.2867,0.0,0.54118,d247134d10q.htm,
109198,TJX COMPANIES INC /DE/,consumer,core,0001193125-16-780747,10-Q,2016-11-30,RISK_FACTORS,FLAGGED,heading_regex_fallback,heading_regex_fallback,heading_regex,low,45,0.0,0.0,,d247134d10q.htm,
823768,WASTE MANAGEMENT INC,utilities,extension,0001193125-17-138491,10-Q,2017-04-26,MDA,FLAGGED,heading_regex_fallback,heading_regex_fallback,heading_regex,low,8669,0.0473,0.0,0.53004,d355982d10q.htm,
823768,WASTE MANAGEMENT INC,utilities,extension,0001193125-17-138491,10-Q,2017-04-26,RISK_FACTORS,FLAGGED,heading_regex_fallback,heading_regex_fallback,heading_regex,low,41,0.0,0.0,,d355982d10q.htm,
4281,Howmet Aerospace Inc.,materials_realestate,extension,0001193125-17-152478,10-Q,2017-05-02,MDA,FLAGGED,heading_regex_fallback,heading_regex_fallback,heading_regex,low,4765,0.0957,0.0,0.50385,d337194d10q.htm,
4281,Howmet Aerospace Inc.,materials_realestate,extension,0001193125-17-152478,10-Q,2017-05-02,RISK_FACTORS,FAIL,no_toc_and_no_heading_match,no_toc_and_no_heading_match,none,low,0,0.0,,,d337194d10q.htm,
1105705,"WARNER MEDIA, LLC",consumer,core,0001193125-17-155599,10-Q,2017-05-03,MDA,FAIL,item_absent_from_toc,item_absent_from_toc,none,low,0,0.0,,,d384585d10q.htm,
713676,"PNC FINANCIAL SERVICES GROUP, INC.",financials,core,0001193125-17-155839,10-Q,2017-05-03,MDA,FAIL,toc_recovery_declined,toc_recovery_declined,none,low,0,0.0,,,d324114d10q.htm,F1:G1_head_not_on_item_heading; F2:G3_below_floor(77w<1000)
895421,MORGAN STANLEY,financials,core,0001193125-17-158668,10-Q,2017-05-04,MDA,FAIL,item_absent_from_toc,item_absent_from_toc,none,low,0,0.0,,,d372076d10q.htm,
36104,US BANCORP \DE\,financials,core,0001193125-17-160671,10-Q,2017-05-05,MDA,FAIL,no_toc_and_no_heading_match,no_toc_and_no_heading_match,none,low,0,0.0,,,d334122d10q.htm,
36104,US BANCORP \DE\,financials,core,0001193125-17-160671,10-Q,2017-05-05,RISK_FACTORS,FLAGGED,heading_regex_fallback,heading_regex_fallback,heading_regex,low,47,0.0,0.0,,d334122d10q.htm,
109198,TJX COMPANIES INC /DE/,consumer,core,0001193125-17-184984,10-Q,2017-05-26,MDA,FLAGGED,heading_regex_fallback,heading_regex_fallback,heading_regex,low,4793,0.2426,0.0,0.53786,d392325d10q.htm,
109198,TJX COMPANIES INC /DE/,consumer,core,0001193125-17-184984,10-Q,2017-05-26,RISK_FACTORS,FLAGGED,heading_regex_fallback,heading_regex_fallback,heading_regex,low,45,0.0,0.0,,d392325d10q.htm,
823768,WASTE MANAGEMENT INC,utilities,extension,0001193125-17-236070,10-Q,2017-07-26,MDA,FLAGGED,heading_regex_fallback,heading_regex_fallback,heading_regex,low,9518,0.0553,0.0,0.54601,d393171d10q.htm,
823768,WASTE MANAGEMENT INC,utilities,extension,0001193125-17-236070,10-Q,2017-07-26,RISK_FACTORS,FLAGGED,heading_regex_fallback,heading_regex_fallback,heading_regex,low,41,0.0,0.0,,d393171d10q.htm,
4281,Howmet Aerospace Inc.,materials_realestate,extension,0001193125-17-245098,10-Q,2017-08-02,MDA,FLAGGED,heading_regex_fallback,heading_regex_fallback,heading_regex,low,5364,0.1251,0.0,0.53356,d366625d10q.htm,
4281,Howmet Aerospace Inc.,materials_realestate,extension,0001193125-17-245098,10-Q,2017-08-02,RISK_FACTORS,FLAGGED,heading_regex_fallback,heading_regex_fallback,heading_regex,low,1179,0.0339,0.0,0.48003,d366625d10q.htm,
1105705,"WARNER MEDIA, LLC",consumer,core,0001193125-17-245363,10-Q,2017-08-02,MDA,FAIL,item_absent_from_toc,item_absent_from_toc,none,low,0,0.0,,,d414834d10q.htm,
713676,"PNC FINANCIAL SERVICES GROUP, INC.",financials,core,0001193125-17-245392,10-Q,2017-08-02,MDA,FLAGGED,head_keyword_absent,head_keyword_absent,anchor,medium,49465,0.0387,0.0,0.4579,d366657d10q.htm,
895421,MORGAN STANLEY,financials,core,0001193125-17-247402,10-Q,2017-08-03,MDA,FAIL,item_absent_from_toc,item_absent_from_toc,none,low,0,0.0,,,d421308d10q.htm,
36104,US BANCORP \DE\,financials,core,0001193125-17-248499,10-Q,2017-08-04,MDA,FAIL,no_toc_and_no_heading_match,no_toc_and_no_heading_match,none,low,0,0.0,,,d407829d10q.htm,
36104,US BANCORP \DE\,financials,core,0001193125-17-248499,10-Q,2017-08-04,RISK_FACTORS,FLAGGED,heading_regex_fallback,heading_regex_fallback,heading_regex,low,47,0.0,0.0,,d407829d10q.htm,
109198,TJX COMPANIES INC /DE/,consumer,core,0001193125-17-267948,10-Q,2017-08-25,MDA,FLAGGED,heading_regex_fallback,heading_regex_fallback,heading_regex,low,5554,0.1948,0.0,0.54978,d425556d10q.htm,
109198,TJX COMPANIES INC /DE/,consumer,core,0001193125-17-267948,10-Q,2017-08-25,RISK_FACTORS,FLAGGED,heading_regex_fallback,heading_regex_fallback,heading_regex,low,45,0.0,0.0,,d425556d10q.htm,
1105705,"WARNER MEDIA, LLC",consumer,core,0001193125-17-320575,10-Q,2017-10-26,MDA,FAIL,item_absent_from_toc,item_absent_from_toc,none,low,0,0.0,,,d447744d10q.htm,
895421,MORGAN STANLEY,financials,core,0001193125-17-331902,10-Q,2017-11-03,MDA,FAIL,item_absent_from_toc,item_absent_from_toc,none,low,0,0.0,,,d437627d10q.htm,
36104,US BANCORP \DE\,financials,core,0001193125-17-332564,10-Q,2017-11-03,MDA,FAIL,no_toc_and_no_heading_match,no_toc_and_no_heading_match,none,low,0,0.0,,,d455406d10q.htm,
36104,US BANCORP \DE\,financials,core,0001193125-17-332564,10-Q,2017-11-03,RISK_FACTORS,FLAGGED,heading_regex_fallback,heading_regex_fallback,heading_regex,low,47,0.0,0.0,,d455406d10q.htm,
1067983,BERKSHIRE HATHAWAY INC,financials,core,0001193125-17-332829,10-Q,2017-11-03,MDA,FLAGGED,heading_regex_fallback,heading_regex_fallback,heading_regex,low,13623,0.0724,0.0,0.5464,d473873d10q.htm,
1067983,BERKSHIRE HATHAWAY INC,financials,core,0001193125-17-332829,10-Q,2017-11-03,RISK_FACTORS,FLAGGED,heading_regex_fallback,heading_regex_fallback,heading_regex,low,29,0.0,0.0,,d473873d10q.htm,
4281,Howmet Aerospace Inc.,materials_realestate,extension,0001193125-17-333678,10-Q,2017-11-06,MDA,FLAGGED,heading_regex_fallback,heading_regex_fallback,heading_regex,low,6311,0.1577,0.0,0.5436,d435123d10q.htm,
4281,Howmet Aerospace Inc.,materials_realestate,extension,0001193125-17-333678,10-Q,2017-11-06,RISK_FACTORS,FAIL,no_toc_and_no_heading_match,no_toc_and_no_heading_match,none,low,0,0.0,,,d435123d10q.htm,
109198,TJX COMPANIES INC /DE/,consumer,core,0001193125-17-353853,10-Q,2017-11-28,MDA,FLAGGED,heading_regex_fallback,heading_regex_fallback,heading_regex,low,6135,0.2166,0.0,0.54574,d431209d10q.htm,
109198,TJX COMPANIES INC /DE/,consumer,core,0001193125-17-353853,10-Q,2017-11-28,RISK_FACTORS,FLAGGED,heading_regex_fallback,heading_regex_fallback,heading_regex,low,45,0.0,0.0,,d431209d10q.htm,
1222333,SPDR GOLD TRUST,financials,core,0001193125-18-033287,10-Q,2018-02-06,MDA,FLAGGED,head_foreign_item,head_foreign_item,anchor,medium,1764,0.2506,0.0,0.49682,d522868d10q.htm,
1105705,"WARNER MEDIA, LLC",consumer,core,0001193125-18-134094,10-Q,2018-04-26,MDA,FAIL,item_absent_from_toc,item_absent_from_toc,none,low,0,0.0,,,d585869d10q.htm,
36104,US BANCORP \DE\,financials,core,0001193125-18-150855,10-Q,2018-05-03,MDA,FAIL,no_toc_and_no_heading_match,no_toc_and_no_heading_match,none,low,0,0.0,,,d543976d10q.htm,
36104,US BANCORP \DE\,financials,core,0001193125-18-150855,10-Q,2018-05-03,RISK_FACTORS,FLAGGED,heading_regex_fallback,heading_regex_fallback,heading_regex,low,47,0.0,0.0,,d543976d10q.htm,
895421,MORGAN STANLEY,financials,core,0001193125-18-152899,10-Q,2018-05-04,MDA,FAIL,item_absent_from_toc,item_absent_from_toc,none,low,0,0.0,,,d556270d10q.htm,
109198,TJX COMPANIES INC /DE/,consumer,core,0001193125-18-181451,10-Q,2018-06-01,MDA,FLAGGED,heading_regex_fallback,heading_regex_fallback,heading_regex,low,5004,0.1611,0.0,0.5353,d567998d10q.htm,
109198,TJX COMPANIES INC /DE/,consumer,core,0001193125-18-181451,10-Q,2018-06-01,RISK_FACTORS,FLAGGED,heading_regex_fallback,heading_regex_fallback,heading_regex,low,46,0.0,0.0,,d567998d10q.htm,
36104,US BANCORP \DE\,financials,core,0001193125-18-236628,10-Q,2018-08-02,MDA,FAIL,no_toc_and_no_heading_match,no_toc_and_no_heading_match,none,low,0,0.0,,,d602654d10q.htm,
36104,US BANCORP \DE\,financials,core,0001193125-18-236628,10-Q,2018-08-02,RISK_FACTORS,FLAGGED,heading_regex_fallback,heading_regex_fallback,heading_regex,low,47,0.0,0.0,,d602654d10q.htm,
732717,AT&T INC.,utilities,extension,0001193125-18-236782,10-Q,2018-08-02,MDA,FLAGGED,heading_regex_fallback,heading_regex_fallback,heading_regex,low,15622,0.1193,0.0,0.52497,d592180d10q.htm,
732717,AT&T INC.,utilities,extension,0001193125-18-236782,10-Q,2018-08-02,RISK_FACTORS,FLAGGED,heading_regex_fallback,heading_regex_fallback,heading_regex,low,394,0.1015,0.0,0.48303,d592180d10q.htm,
895421,MORGAN STANLEY,financials,core,0001193125-18-238269,10-Q,2018-08-03,MDA,FAIL,item_absent_from_toc,item_absent_from_toc,none,low,0,0.0,,,d576100d10q.htm,
36104,US BANCORP \DE\,financials,core,0001193125-18-316582,10-Q,2018-11-02,MDA,FAIL,no_toc_and_no_heading_match,no_toc_and_no_heading_match,none,low,0,0.0,,,d586012d10q.htm,
36104,US BANCORP \DE\,financials,core,0001193125-18-316582,10-Q,2018-11-02,RISK_FACTORS,FLAGGED,heading_regex_fallback,heading_regex_fallback,heading_regex,low,47,0.0,0.0,,d586012d10q.htm,
895421,MORGAN STANLEY,financials,core,0001193125-18-318377,10-Q,2018-11-05,MDA,FAIL,item_absent_from_toc,item_absent_from_toc,none,low,0,0.0,,,d645593d10q.htm,
895421,MORGAN STANLEY,financials,core,0001193125-19-136929,10-Q,2019-05-03,MDA,FAIL,item_absent_from_toc,item_absent_from_toc,none,low,0,0.0,,,d673523d10q.htm,
36104,US BANCORP \DE\,financials,core,0001193125-19-142913,10-Q,2019-05-09,MDA,FAIL,no_toc_and_no_heading_match,no_toc_and_no_heading_match,none,low,0,0.0,,,d686529d10q.htm,
36104,US BANCORP \DE\,financials,core,0001193125-19-142913,10-Q,2019-05-09,RISK_FACTORS,FLAGGED,heading_regex_fallback,heading_regex_fallback,heading_regex,low,47,0.0,0.0,,d686529d10q.htm,
36104,US BANCORP \DE\,financials,core,0001193125-19-210903,10-Q,2019-08-01,MDA,FAIL,no_toc_and_no_heading_match,no_toc_and_no_heading_match,none,low,0,0.0,,,d737804d10q.htm,
36104,US BANCORP \DE\,financials,core,0001193125-19-210903,10-Q,2019-08-01,RISK_FACTORS,FLAGGED,heading_regex_fallback,heading_regex_fallback,heading_regex,low,48,0.0,0.0,,d737804d10q.htm,
1222333,SPDR GOLD TRUST,financials,core,0001193125-19-214117,10-Q,2019-08-06,MDA,FLAGGED,head_foreign_item,head_foreign_item,anchor,medium,1875,0.6949,0.0,0.50827,d17592d10q.htm,
36104,US BANCORP \DE\,financials,core,0001193125-19-287486,10-Q,2019-11-08,MDA,FAIL,no_toc_and_no_heading_match,no_toc_and_no_heading_match,none,low,0,0.0,,,d796072d10q.htm,
36104,US BANCORP \DE\,financials,core,0001193125-19-287486,10-Q,2019-11-08,RISK_FACTORS,FLAGGED,heading_regex_fallback,heading_regex_fallback,heading_regex,low,47,0.0,0.0,,d796072d10q.htm,
1222333,SPDR GOLD TRUST,financials,core,0001193125-20-028153,10-Q,2020-02-07,MDA,FLAGGED,head_foreign_item,head_foreign_item,anchor,medium,1793,0.647,0.0,0.5069,d863874d10q.htm,
36104,US BANCORP \DE\,financials,core,0001193125-20-136359,10-Q,2020-05-07,MDA,FAIL,no_toc_and_no_heading_match,no_toc_and_no_heading_match,none,low,0,0.0,,,d897119d10q.htm,
36104,US BANCORP \DE\,financials,core,0001193125-20-136359,10-Q,2020-05-07,RISK_FACTORS,FLAGGED,heading_regex_fallback,heading_regex_fallback,heading_regex,low,1349,0.6827,0.0,0.51429,d897119d10q.htm,
1222333,SPDR GOLD TRUST,financials,core,0001193125-20-137728,10-Q,2020-05-08,MDA,FLAGGED,head_foreign_item,head_foreign_item,anchor,medium,2152,0.7226,0.0,0.50304,d917055d10q.htm,
36104,US BANCORP \DE\,financials,core,0001193125-20-211979,10-Q,2020-08-06,MDA,FAIL,no_toc_and_no_heading_match,no_toc_and_no_heading_match,none,low,0,0.0,,,d890129d10q.htm,
36104,US BANCORP \DE\,financials,core,0001193125-20-211979,10-Q,2020-08-06,RISK_FACTORS,FLAGGED,heading_regex_fallback,heading_regex_fallback,heading_regex,low,1637,0.7447,0.0,0.5031,d890129d10q.htm,
36104,US BANCORP \DE\,financials,core,0001193125-20-286983,10-Q,2020-11-05,MDA,FAIL,no_toc_and_no_heading_match,no_toc_and_no_heading_match,none,low,0,0.0,,,d947218d10q.htm,
36104,US BANCORP \DE\,financials,core,0001193125-20-286983,10-Q,2020-11-05,RISK_FACTORS,FLAGGED,heading_regex_fallback,heading_regex_fallback,heading_regex,low,1636,0.7011,0.0,0.50218,d947218d10q.htm,
36104,US BANCORP \DE\,financials,core,0001193125-21-150169,10-Q,2021-05-04,MDA,FAIL,no_toc_and_no_heading_match,no_toc_and_no_heading_match,none,low,0,0.0,,,d137164d10q.htm,
36104,US BANCORP \DE\,financials,core,0001193125-21-150169,10-Q,2021-05-04,RISK_FACTORS,FLAGGED,heading_regex_fallback,heading_regex_fallback,heading_regex,low,47,0.0,0.0,,d137164d10q.htm,
36104,US BANCORP \DE\,financials,core,0001193125-21-234982,10-Q,2021-08-03,MDA,FAIL,no_toc_and_no_heading_match,no_toc_and_no_heading_match,none,low,0,0.0,,,d913559d10q.htm,
36104,US BANCORP \DE\,financials,core,0001193125-21-234982,10-Q,2021-08-03,RISK_FACTORS,FLAGGED,heading_regex_fallback,heading_regex_fallback,heading_regex,low,47,0.0,0.0,,d913559d10q.htm,
36104,US BANCORP \DE\,financials,core,0001193125-21-317037,10-Q,2021-11-02,MDA,FAIL,no_toc_and_no_heading_match,no_toc_and_no_heading_match,none,low,0,0.0,,,d219476d10q.htm,
36104,US BANCORP \DE\,financials,core,0001193125-21-317037,10-Q,2021-11-02,RISK_FACTORS,FLAGGED,heading_regex_fallback,heading_regex_fallback,heading_regex,low,47,0.0,0.0,,d219476d10q.htm,
36104,US BANCORP \DE\,financials,core,0001193125-22-138788,10-Q,2022-05-03,MDA,FAIL,no_toc_and_no_heading_match,no_toc_and_no_heading_match,none,low,0,0.0,,,d306477d10q.htm,
36104,US BANCORP \DE\,financials,core,0001193125-22-138788,10-Q,2022-05-03,RISK_FACTORS,FLAGGED,heading_regex_fallback,heading_regex_fallback,heading_regex,low,47,0.0,0.0,,d306477d10q.htm,
36104,US BANCORP \DE\,financials,core,0001193125-22-212040,10-Q,2022-08-04,MDA,FAIL,no_toc_and_no_heading_match,no_toc_and_no_heading_match,none,low,0,0.0,,,d322057d10q.htm,
36104,US BANCORP \DE\,financials,core,0001193125-22-212040,10-Q,2022-08-04,RISK_FACTORS,FLAGGED,heading_regex_fallback,heading_regex_fallback,heading_regex,low,47,0.0,0.0,,d322057d10q.htm,
36104,US BANCORP \DE\,financials,core,0001193125-22-275036,10-Q,2022-11-01,MDA,FAIL,no_toc_and_no_heading_match,no_toc_and_no_heading_match,none,low,0,0.0,,,d245647d10q.htm,
36104,US BANCORP \DE\,financials,core,0001193125-22-275036,10-Q,2022-11-01,RISK_FACTORS,FLAGGED,heading_regex_fallback,heading_regex_fallback,heading_regex,low,47,0.0,0.0,,d245647d10q.htm,
36104,US BANCORP \DE\,financials,core,0001193125-23-137980,10-Q,2023-05-08,MDA,FAIL,no_toc_and_no_heading_match,no_toc_and_no_heading_match,none,low,0,0.0,,,d796135d10q.htm,
36104,US BANCORP \DE\,financials,core,0001193125-23-137980,10-Q,2023-05-08,RISK_FACTORS,FLAGGED,heading_regex_fallback,heading_regex_fallback,heading_regex,low,47,0.9149,0.0,,d796135d10q.htm,
36104,US BANCORP \DE\,financials,core,0001193125-23-204050,10-Q,2023-08-07,MDA,FAIL,no_toc_and_no_heading_match,no_toc_and_no_heading_match,none,low,0,0.0,,,d425808d10q.htm,
36104,US BANCORP \DE\,financials,core,0001193125-23-204050,10-Q,2023-08-07,RISK_FACTORS,FLAGGED,heading_regex_fallback,heading_regex_fallback,heading_regex,low,47,0.0,0.0,,d425808d10q.htm,
36104,US BANCORP \DE\,financials,core,0001193125-23-268341,10-Q,2023-11-01,MDA,FAIL,no_toc_and_no_heading_match,no_toc_and_no_heading_match,none,low,0,0.0,,,d542369d10q.htm,
36104,US BANCORP \DE\,financials,core,0001193125-23-268341,10-Q,2023-11-01,RISK_FACTORS,FLAGGED,heading_regex_fallback,heading_regex_fallback,heading_regex,low,47,0.0,0.0,,d542369d10q.htm,
1283699,"T-Mobile US, Inc.",utilities,extension,0001283699-17-000022,10-Q,2017-04-24,MDA,FLAGGED,toc_recovered_f1,toc_recovered_f1|toc_recovery_end_guarded,anchor_resolving_entry,low,8400,0.2963,0.0,0.50574,tmus03312017form10-q.htm,
1283699,"T-Mobile US, Inc.",utilities,extension,0001283699-17-000022,10-Q,2017-04-24,RISK_FACTORS,FLAGGED,toc_recovered_f1,toc_recovered_f1|toc_recovery_end_guarded,anchor_resolving_entry,low,36,0.0,0.0,,tmus03312017form10-q.htm,
1358071,CONCHO RESOURCES INC,energy,core,0001358071-15-000017,10-Q,2015-07-30,MDA,FLAGGED,heading_regex_fallback,heading_regex_fallback,heading_regex,low,7451,0.0,0.0,0.54581,cxo_2Q15_10Q.htm,
1358071,CONCHO RESOURCES INC,energy,core,0001358071-15-000017,10-Q,2015-07-30,RISK_FACTORS,FLAGGED,heading_regex_fallback,heading_regex_fallback,heading_regex,low,119,0.0,0.0,0.66364,cxo_2Q15_10Q.htm,
1358071,CONCHO RESOURCES INC,energy,core,0001358071-15-000020,10-Q,2015-11-05,MDA,FLAGGED,heading_regex_fallback,heading_regex_fallback,heading_regex,low,7630,0.0,0.0,0.5489,cxo_3Q15_10Q.htm,
1358071,CONCHO RESOURCES INC,energy,core,0001358071-15-000020,10-Q,2015-11-05,RISK_FACTORS,FLAGGED,heading_regex_fallback,heading_regex_fallback,heading_regex,low,470,0.0,0.0,0.51111,cxo_3Q15_10Q.htm,
1358071,CONCHO RESOURCES INC,energy,core,0001358071-16-000029,10-Q,2016-05-05,MDA,FLAGGED,heading_regex_fallback,heading_regex_fallback,heading_regex,low,5693,0.0,0.0,0.52602,cxo_1Q16_10Q.htm,
1358071,CONCHO RESOURCES INC,energy,core,0001358071-16-000029,10-Q,2016-05-05,RISK_FACTORS,FLAGGED,heading_regex_fallback,heading_regex_fallback,heading_regex,low,475,0.0,0.0,0.51876,cxo_1Q16_10Q.htm,
1358071,CONCHO RESOURCES INC,energy,core,0001358071-16-000037,10-Q,2016-08-03,MDA,FLAGGED,heading_regex_fallback,heading_regex_fallback,heading_regex,low,8232,0.0,0.0,0.53812,cxo_2Q16_10Q.htm,
1358071,CONCHO RESOURCES INC,energy,core,0001358071-16-000037,10-Q,2016-08-03,RISK_FACTORS,FLAGGED,heading_regex_fallback,heading_regex_fallback,heading_regex,low,366,0.0,0.0,0.50992,cxo_2Q16_10Q.htm,
1358071,CONCHO RESOURCES INC,energy,core,0001358071-16-000041,10-Q,2016-11-09,MDA,FLAGGED,heading_regex_fallback,heading_regex_fallback,heading_regex,low,8769,0.0,0.0,0.53613,cxo_3Q16_10Q.htm,
1358071,CONCHO RESOURCES INC,energy,core,0001358071-16-000041,10-Q,2016-11-09,RISK_FACTORS,FLAGGED,heading_regex_fallback,heading_regex_fallback,heading_regex,low,501,0.0,0.0,0.55252,cxo_3Q16_10Q.htm,
1358071,CONCHO RESOURCES INC,energy,core,0001358071-17-000010,10-Q,2017-05-04,MDA,FLAGGED,heading_regex_fallback,heading_regex_fallback,heading_regex,low,6351,0.0,0.0,0.51592,cxo_1Q17_10Q.htm,
1358071,CONCHO RESOURCES INC,energy,core,0001358071-17-000010,10-Q,2017-05-04,RISK_FACTORS,FLAGGED,heading_regex_fallback,heading_regex_fallback,heading_regex,low,631,0.0,0.0,0.50664,cxo_1Q17_10Q.htm,
1390777,Bank of New York Mellon Corp,financials,core,0001390777-15-000107,10-Q,2015-08-07,MDA,FAIL,item_absent_from_toc,item_absent_from_toc,none,low,0,0.0,,,bkq2201510-q.htm,
1390777,Bank of New York Mellon Corp,financials,core,0001390777-15-000132,10-Q,2015-11-06,MDA,FAIL,item_absent_from_toc,item_absent_from_toc,none,low,0,0.0,,,bk3q201510-q.htm,
1390777,Bank of New York Mellon Corp,financials,core,0001390777-16-000226,10-Q,2016-05-10,MDA,FAIL,item_absent_from_toc,item_absent_from_toc,none,low,0,0.0,,,bk1q201610-q.htm,
1390777,Bank of New York Mellon Corp,financials,core,0001390777-16-000246,10-Q,2016-08-08,MDA,FAIL,item_absent_from_toc,item_absent_from_toc,none,low,0,0.0,,,bk2q201610-q.htm,
1390777,Bank of New York Mellon Corp,financials,core,0001390777-16-000255,10-Q,2016-11-08,MDA,FAIL,item_absent_from_toc,item_absent_from_toc,none,low,0,0.0,,,bk3q201610-q.htm,
1390777,Bank of New York Mellon Corp,financials,core,0001390777-17-000076,10-Q,2017-05-08,MDA,FAIL,item_absent_from_toc,item_absent_from_toc,none,low,0,0.0,,,bk1q201710-q.htm,
1390777,Bank of New York Mellon Corp,financials,core,0001390777-17-000076,10-Q,2017-05-08,RISK_FACTORS,FLAGGED,toc_recovered_f1,toc_recovered_f1|toc_recovery_end_guarded,anchor_resolving_entry,low,1102,0.9546,0.0,0.4839,bk1q201710-q.htm,
1390777,Bank of New York Mellon Corp,financials,core,0001390777-17-000095,10-Q,2017-08-03,MDA,FAIL,item_absent_from_toc,item_absent_from_toc,none,low,0,0.0,,,bk2q201710-q.htm,
1390777,Bank of New York Mellon Corp,financials,core,0001390777-17-000095,10-Q,2017-08-03,RISK_FACTORS,FLAGGED,toc_recovered_f1,toc_recovered_f1|toc_recovery_end_guarded,anchor_resolving_entry,low,1121,0.9554,0.0,0.48558,bk2q201710-q.htm,
1390777,Bank of New York Mellon Corp,financials,core,0001390777-17-000106,10-Q,2017-11-07,MDA,FAIL,item_absent_from_toc,item_absent_from_toc,none,low,0,0.0,,,bk3q201710-q.htm,
1390777,Bank of New York Mellon Corp,financials,core,0001390777-17-000106,10-Q,2017-11-07,RISK_FACTORS,FLAGGED,toc_recovered_f1,toc_recovered_f1|toc_recovery_end_guarded,anchor_resolving_entry,low,1121,0.9554,0.0,0.48558,bk3q201710-q.htm,
1390777,Bank of New York Mellon Corp,financials,core,0001390777-18-000083,10-Q,2018-05-08,MDA,FAIL,item_absent_from_toc,item_absent_from_toc,none,low,0,0.0,,,form10-q_1q18.htm,
1390777,Bank of New York Mellon Corp,financials,core,0001390777-18-000113,10-Q,2018-08-03,MDA,FAIL,item_absent_from_toc,item_absent_from_toc,none,low,0,0.0,,,form10-q_2q18.htm,
1390777,Bank of New York Mellon Corp,financials,core,0001390777-18-000129,10-Q,2018-11-06,MDA,FAIL,item_absent_from_toc,item_absent_from_toc,none,low,0,0.0,,,form10-q_3q18.htm,
1390777,Bank of New York Mellon Corp,financials,core,0001390777-19-000063,10-Q,2019-05-08,MDA,FAIL,item_absent_from_toc,item_absent_from_toc,none,low,0,0.0,,,form10-q1q19.htm,
1390777,Bank of New York Mellon Corp,financials,core,0001390777-19-000080,10-Q,2019-08-07,MDA,FAIL,item_absent_from_toc,item_absent_from_toc,none,low,0,0.0,,,form10-q2q19.htm,
1390777,Bank of New York Mellon Corp,financials,core,0001390777-19-000104,10-Q,2019-11-07,MDA,FAIL,item_absent_from_toc,item_absent_from_toc,none,low,0,0.0,,,form10-q3q19.htm,
1390777,Bank of New York Mellon Corp,financials,core,0001390777-20-000062,10-Q,2020-05-07,MDA,FAIL,item_absent_from_toc,item_absent_from_toc,none,low,0,0.0,,,form10-q1q20.htm,
1390777,Bank of New York Mellon Corp,financials,core,0001390777-20-000062,10-Q,2020-05-07,RISK_FACTORS,FLAGGED,toc_recovered_f1,toc_recovered_f1|toc_recovery_end_guarded,anchor_resolving_entry,low,736,0.8438,0.0,0.53508,form10-q1q20.htm,
1390777,Bank of New York Mellon Corp,financials,core,0001390777-20-000072,10-Q,2020-08-06,MDA,FAIL,item_absent_from_toc,item_absent_from_toc,none,low,0,0.0,,,form10-q2q20.htm,
1390777,Bank of New York Mellon Corp,financials,core,0001390777-20-000072,10-Q,2020-08-06,RISK_FACTORS,FLAGGED,toc_recovered_f1,toc_recovered_f1|toc_recovery_end_guarded,anchor_resolving_entry,low,896,0.8962,0.0,0.53559,form10-q2q20.htm,
1390777,Bank of New York Mellon Corp,financials,core,0001390777-20-000090,10-Q,2020-11-05,MDA,FAIL,item_absent_from_toc,item_absent_from_toc,none,low,0,0.0,,,bk-20200930.htm,
1390777,Bank of New York Mellon Corp,financials,core,0001390777-21-000046,10-Q,2021-05-06,MDA,FAIL,item_absent_from_toc,item_absent_from_toc,none,low,0,0.0,,,bk-20210331.htm,
1390777,Bank of New York Mellon Corp,financials,core,0001390777-21-000070,10-Q,2021-08-05,MDA,FAIL,item_absent_from_toc,item_absent_from_toc,none,low,0,0.0,,,bk-20210630.htm,
1390777,Bank of New York Mellon Corp,financials,core,0001390777-21-000095,10-Q,2021-11-05,MDA,FAIL,item_absent_from_toc,item_absent_from_toc,none,low,0,0.0,,,bk-20210930.htm,
1390777,Bank of New York Mellon Corp,financials,core,0001390777-22-000049,10-Q,2022-05-06,MDA,FAIL,item_absent_from_toc,item_absent_from_toc,none,low,0,0.0,,,bk-20220331.htm,
1390777,Bank of New York Mellon Corp,financials,core,0001390777-22-000075,10-Q,2022-08-05,MDA,FAIL,item_absent_from_toc,item_absent_from_toc,none,low,0,0.0,,,bk-20220630.htm,
1390777,Bank of New York Mellon Corp,financials,core,0001390777-22-000101,10-Q,2022-11-07,MDA,FAIL,item_absent_from_toc,item_absent_from_toc,none,low,0,0.0,,,bk-20220930.htm,
1390777,Bank of New York Mellon Corp,financials,core,0001390777-23-000046,10-Q,2023-05-05,MDA,FAIL,item_absent_from_toc,item_absent_from_toc,none,low,0,0.0,,,bk-20230331.htm,
1390777,Bank of New York Mellon Corp,financials,core,0001390777-23-000081,10-Q,2023-08-04,MDA,FAIL,item_absent_from_toc,item_absent_from_toc,none,low,0,0.0,,,bk-20230630.htm,
1390777,Bank of New York Mellon Corp,financials,core,0001390777-23-000103,10-Q,2023-11-03,MDA,FAIL,item_absent_from_toc,item_absent_from_toc,none,low,0,0.0,,,bk-20230930.htm,
1390777,Bank of New York Mellon Corp,financials,core,0001390777-24-000075,10-Q,2024-05-03,MDA,FAIL,item_absent_from_toc,item_absent_from_toc,none,low,0,0.0,,,bk-20240331.htm,
1390777,Bank of New York Mellon Corp,financials,core,0001390777-24-000105,10-Q,2024-08-02,MDA,FAIL,item_absent_from_toc,item_absent_from_toc,none,low,0,0.0,,,bk-20240630.htm,
1390777,Bank of New York Mellon Corp,financials,core,0001390777-24-000133,10-Q,2024-11-01,MDA,FAIL,item_absent_from_toc,item_absent_from_toc,none,low,0,0.0,,,bk-20240930.htm,
1390777,Bank of New York Mellon Corp,financials,core,0001390777-25-000084,10-Q,2025-05-02,MDA,FAIL,item_absent_from_toc,item_absent_from_toc,none,low,0,0.0,,,bk-20250331.htm,
1390777,Bank of New York Mellon Corp,financials,core,0001390777-25-000118,10-Q,2025-08-01,MDA,FAIL,item_absent_from_toc,item_absent_from_toc,none,low,0,0.0,,,bk-20250630.htm,
1390777,Bank of New York Mellon Corp,financials,core,0001390777-25-000159,10-Q,2025-10-31,MDA,FAIL,item_absent_from_toc,item_absent_from_toc,none,low,0,0.0,,,bk-20250930.htm,
1390777,Bank of New York Mellon Corp,financials,core,0001390777-26-000060,10-Q,2026-05-01,MDA,FAIL,item_absent_from_toc,item_absent_from_toc,none,low,0,0.0,,,bk-20260331.htm,
1390777,Bank of New York Mellon Corp,financials,core,0001390777-26-000086,10-Q,2026-07-31,MDA,FAIL,item_absent_from_toc,item_absent_from_toc,none,low,0,0.0,,,bk-20260630.htm,
1467858,General Motors Co,consumer,core,0001467858-20-000069,10-Q,2020-05-06,MDA,FLAGGED,head_keyword_absent,head_keyword_absent,anchor,medium,12271,0.6244,0.0,0.48111,gm2020q1.htm,
1539838,"Diamondback Energy, Inc.",energy,core,0001539838-15-000037,10-Q,2015-08-10,MDA,FLAGGED,toc_recovered_f1,toc_recovered_f1|toc_recovery_end_guarded,anchor_resolving_entry,low,7839,0.4271,0.0,0.52895,a6301510-q.htm,
1539838,"Diamondback Energy, Inc.",energy,core,0001539838-15-000037,10-Q,2015-08-10,RISK_FACTORS,FLAGGED,toc_recovered_f1,toc_recovered_f1|toc_recovery_end_guarded,anchor_resolving_entry,low,131,0.9389,0.0,0.61864,a6301510-q.htm,
1164727,NEWMONT Corp /DE/,materials_realestate,extension,0001558370-15-001173,10-Q,2015-07-23,RISK_FACTORS,FLAGGED,head_keyword_absent,head_keyword_absent,anchor,medium,13139,0.8259,0.0,0.46247,nem-20150630x10q.htm,
315189,DEERE & CO,industrials,extension,0001558370-15-001712,10-Q,2015-08-27,MDA,FLAGGED,heading_regex_fallback,heading_regex_fallback,heading_regex,low,6555,0.9095,0.0,0.54563,de-20150731x10q.htm,
315189,DEERE & CO,industrials,extension,0001558370-15-001712,10-Q,2015-08-27,RISK_FACTORS,FLAGGED,heading_regex_fallback,heading_regex_fallback,heading_regex,low,88,0.9545,0.0,0.57317,de-20150731x10q.htm,
315189,DEERE & CO,industrials,extension,0001558370-16-003529,10-Q,2016-02-25,MDA,FLAGGED,heading_regex_fallback,heading_regex_fallback,heading_regex,low,5914,0.3739,0.0,0.52868,de-20160131x10q.htm,
315189,DEERE & CO,industrials,extension,0001558370-16-003529,10-Q,2016-02-25,RISK_FACTORS,FLAGGED,heading_regex_fallback,heading_regex_fallback,heading_regex,low,88,0.0,0.0,0.57317,de-20160131x10q.htm,
31462,ECOLAB INC.,consumer,core,0001558370-16-005353,10-Q,2016-05-05,MDA,FLAGGED,heading_regex_fallback,heading_regex_fallback,heading_regex,low,7050,0.6701,0.0,0.49952,ecl-20160331x10q.htm,
31462,ECOLAB INC.,consumer,core,0001558370-16-005353,10-Q,2016-05-05,RISK_FACTORS,FLAGGED,heading_regex_fallback,heading_regex_fallback,heading_regex,low,118,0.9661,0.0,0.55752,ecl-20160331x10q.htm,
315189,DEERE & CO,industrials,extension,0001558370-16-006167,10-Q,2016-05-26,MDA,FLAGGED,heading_regex_fallback,heading_regex_fallback,heading_regex,low,6334,0.7801,0.0,0.54944,de-20160430x10q.htm,
315189,DEERE & CO,industrials,extension,0001558370-16-006167,10-Q,2016-05-26,RISK_FACTORS,FLAGGED,heading_regex_fallback,heading_regex_fallback,heading_regex,low,88,0.9545,0.0,0.57317,de-20160430x10q.htm,
31462,ECOLAB INC.,consumer,core,0001558370-16-007312,10-Q,2016-08-04,MDA,FLAGGED,heading_regex_fallback,heading_regex_fallback,heading_regex,low,9223,0.665,0.0,0.51965,ecl-20160630x10q.htm,
31462,ECOLAB INC.,consumer,core,0001558370-16-007312,10-Q,2016-08-04,RISK_FACTORS,FLAGGED,heading_regex_fallback,heading_regex_fallback,heading_regex,low,2094,0.852,0.0,0.46541,ecl-20160630x10q.htm,
315189,DEERE & CO,industrials,extension,0001558370-16-008153,10-Q,2016-09-01,MDA,FLAGGED,heading_regex_fallback,heading_regex_fallback,heading_regex,low,6752,0.8047,0.0,0.54233,de-20160731x10q.htm,
315189,DEERE & CO,industrials,extension,0001558370-16-008153,10-Q,2016-09-01,RISK_FACTORS,FLAGGED,heading_regex_fallback,heading_regex_fallback,heading_regex,low,88,0.9545,0.0,0.57317,de-20160731x10q.htm,
1063761,SIMON PROPERTY GROUP INC.,materials_realestate,extension,0001558370-16-009130,10-Q,2016-11-03,MDA,FLAGGED,head_keyword_absent,head_keyword_absent,anchor,medium,9734,0.6463,0.0,0.48508,spg-20160930x10q.htm,
31462,ECOLAB INC.,consumer,core,0001558370-16-009235,10-Q,2016-11-03,MDA,FLAGGED,heading_regex_fallback,heading_regex_fallback,heading_regex,low,9609,0.6831,0.0,0.52023,ecl-20160930x10q.htm,
31462,ECOLAB INC.,consumer,core,0001558370-16-009235,10-Q,2016-11-03,RISK_FACTORS,FLAGGED,heading_regex_fallback,heading_regex_fallback,heading_regex,low,2097,0.8407,0.0,0.46521,ecl-20160930x10q.htm,
315189,DEERE & CO,industrials,extension,0001558370-17-000952,10-Q,2017-02-24,MDA,FLAGGED,heading_regex_fallback,heading_regex_fallback,heading_regex,low,5875,0.9258,0.0,0.53283,de-20170129x10q.htm,
315189,DEERE & CO,industrials,extension,0001558370-17-000952,10-Q,2017-02-24,RISK_FACTORS,FLAGGED,heading_regex_fallback,heading_regex_fallback,heading_regex,low,88,0.9545,0.0,0.57317,de-20170129x10q.htm,
64803,CVS HEALTH Corp,consumer,core,0001558370-17-003258,10-Q,2017-05-02,MDA,FLAGGED,below_length_floor,below_length_floor|head_keyword_absent,anchor,medium,716,0.2095,0.0,0.46429,cvs-20170331x10q.htm,
1063761,SIMON PROPERTY GROUP INC.,materials_realestate,extension,0001558370-17-003316,10-Q,2017-05-03,MDA,FLAGGED,head_keyword_absent,head_keyword_absent,anchor,medium,7535,0.6539,0.0,0.47772,spg-20170331x10q.htm,
31462,ECOLAB INC.,consumer,core,0001558370-17-003539,10-Q,2017-05-04,MDA,FLAGGED,heading_regex_fallback,heading_regex_fallback,heading_regex,low,6588,0.5981,0.0,0.49167,ecl-20170331x10q.htm,
31462,ECOLAB INC.,consumer,core,0001558370-17-003539,10-Q,2017-05-04,RISK_FACTORS,FLAGGED,heading_regex_fallback,heading_regex_fallback,heading_regex,low,1215,0.9193,0.0,0.44003,ecl-20170331x10q.htm,
315189,DEERE & CO,industrials,extension,0001558370-17-004638,10-Q,2017-06-02,MDA,FLAGGED,heading_regex_fallback,heading_regex_fallback,heading_regex,low,6294,0.9282,0.0,0.54664,de-20170430x10q.htm,
315189,DEERE & CO,industrials,extension,0001558370-17-004638,10-Q,2017-06-02,RISK_FACTORS,FLAGGED,heading_regex_fallback,heading_regex_fallback,heading_regex,low,88,0.9545,0.0,0.57317,de-20170430x10q.htm,
31462,ECOLAB INC.,consumer,core,0001558370-17-005778,10-Q,2017-08-03,MDA,FLAGGED,heading_regex_fallback,heading_regex_fallback,heading_regex,low,8557,0.6547,0.0,0.52199,ecl-20170630x10q.htm,
31462,ECOLAB INC.,consumer,core,0001558370-17-005778,10-Q,2017-08-03,RISK_FACTORS,FLAGGED,heading_regex_fallback,heading_regex_fallback,heading_regex,low,1249,0.9448,0.0,0.44575,ecl-20170630x10q.htm,
1063761,SIMON PROPERTY GROUP INC.,materials_realestate,extension,0001558370-17-005905,10-Q,2017-08-04,MDA,FLAGGED,head_keyword_absent,head_keyword_absent,anchor,medium,8861,0.6294,0.0,0.48704,spg-20170630x10q.htm,
64803,CVS HEALTH Corp,consumer,core,0001558370-17-006198,10-Q,2017-08-08,MDA,FLAGGED,head_keyword_absent,head_keyword_absent,anchor,medium,9546,0.7021,0.0,0.52239,cvs-20170630x10q.htm,
315189,DEERE & CO,industrials,extension,0001558370-17-006878,10-Q,2017-08-31,MDA,FLAGGED,heading_regex_fallback,heading_regex_fallback,heading_regex,low,6441,0.9474,0.0,0.54577,de-20170730x10q.htm,
315189,DEERE & CO,industrials,extension,0001558370-17-006878,10-Q,2017-08-31,RISK_FACTORS,FLAGGED,heading_regex_fallback,heading_regex_fallback,heading_regex,low,88,0.9545,0.0,0.57317,de-20170730x10q.htm,
823768,WASTE MANAGEMENT INC,utilities,extension,0001558370-17-007569,10-Q,2017-10-26,MDA,FLAGGED,heading_regex_fallback,heading_regex_fallback,heading_regex,low,10361,0.6433,0.0,0.54765,wm-20170930x10q.htm,
823768,WASTE MANAGEMENT INC,utilities,extension,0001558370-17-007569,10-Q,2017-10-26,RISK_FACTORS,FLAGGED,heading_regex_fallback,heading_regex_fallback,heading_regex,low,41,0.0,0.0,,wm-20170930x10q.htm,
1063761,SIMON PROPERTY GROUP INC.,materials_realestate,extension,0001558370-17-007678,10-Q,2017-10-30,MDA,FLAGGED,head_keyword_absent,head_keyword_absent,anchor,medium,9272,0.6251,0.0,0.49148,spg-20170930x10q.htm,
31462,ECOLAB INC.,consumer,core,0001558370-17-008023,10-Q,2017-11-02,MDA,FLAGGED,heading_regex_fallback,heading_regex_fallback,heading_regex,low,8827,0.6753,0.0,0.53125,ecl-20170930x10q.htm,
31462,ECOLAB INC.,consumer,core,0001558370-17-008023,10-Q,2017-11-02,RISK_FACTORS,FLAGGED,heading_regex_fallback,heading_regex_fallback,heading_regex,low,1630,0.9067,0.0,0.45391,ecl-20170930x10q.htm,
64803,CVS HEALTH Corp,consumer,core,0001558370-17-008250,10-Q,2017-11-06,MDA,FLAGGED,head_keyword_absent,head_keyword_absent,anchor,medium,10328,0.711,0.0,0.5233,cvs-20170930x10q.htm,
315189,DEERE & CO,industrials,extension,0001558370-18-001362,10-Q,2018-03-01,MDA,FLAGGED,heading_regex_fallback,heading_regex_fallback,heading_regex,low,6416,0.9518,0.0,0.54112,de-20180128x10q.htm,
315189,DEERE & CO,industrials,extension,0001558370-18-001362,10-Q,2018-03-01,RISK_FACTORS,FLAGGED,heading_regex_fallback,heading_regex_fallback,heading_regex,low,88,0.9545,0.0,0.57317,de-20180128x10q.htm,
823768,WASTE MANAGEMENT INC,utilities,extension,0001558370-18-003147,10-Q,2018-04-23,MDA,FLAGGED,heading_regex_fallback,heading_regex_fallback,heading_regex,low,7231,0.6753,0.0,0.52826,wm-20180331x10q.htm,
823768,WASTE MANAGEMENT INC,utilities,extension,0001558370-18-003147,10-Q,2018-04-23,RISK_FACTORS,FLAGGED,heading_regex_fallback,heading_regex_fallback,heading_regex,low,41,0.0,0.0,,wm-20180331x10q.htm,
64803,CVS HEALTH Corp,consumer,core,0001558370-18-003777,10-Q,2018-05-02,MDA,FLAGGED,head_keyword_absent,head_keyword_absent,anchor,medium,9731,0.7173,0.0,0.49735,cvs-20180331x10q.htm,
1063761,SIMON PROPERTY GROUP INC.,materials_realestate,extension,0001558370-18-003817,10-Q,2018-05-03,MDA,FLAGGED,head_keyword_absent,head_keyword_absent,anchor,medium,7308,0.6314,0.0,0.4732,spg-20180331x10q.htm,
31462,ECOLAB INC.,consumer,core,0001558370-18-003829,10-Q,2018-05-03,MDA,FLAGGED,heading_regex_fallback,heading_regex_fallback,heading_regex,low,7586,0.5974,0.0,0.49294,ecl-20180331x10q.htm,
31462,ECOLAB INC.,consumer,core,0001558370-18-003829,10-Q,2018-05-03,RISK_FACTORS,FLAGGED,heading_regex_fallback,heading_regex_fallback,heading_regex,low,122,0.9672,0.0,0.55172,ecl-20180331x10q.htm,
315189,DEERE & CO,industrials,extension,0001558370-18-005045,10-Q,2018-05-31,MDA,FLAGGED,heading_regex_fallback,heading_regex_fallback,heading_regex,low,7062,0.9564,0.0,0.55455,de-20180429x10q.htm,
315189,DEERE & CO,industrials,extension,0001558370-18-005045,10-Q,2018-05-31,RISK_FACTORS,FLAGGED,heading_regex_fallback,heading_regex_fallback,heading_regex,low,88,0.9545,0.0,0.57317,de-20180429x10q.htm,
823768,WASTE MANAGEMENT INC,utilities,extension,0001558370-18-005703,10-Q,2018-07-25,MDA,FLAGGED,heading_regex_fallback,heading_regex_fallback,heading_regex,low,8222,0.6502,0.0,0.53604,wm-20180630x10q.htm,
823768,WASTE MANAGEMENT INC,utilities,extension,0001558370-18-005703,10-Q,2018-07-25,RISK_FACTORS,FLAGGED,heading_regex_fallback,heading_regex_fallback,heading_regex,low,41,0.0,0.0,,wm-20180630x10q.htm,
1063761,SIMON PROPERTY GROUP INC.,materials_realestate,extension,0001558370-18-006144,10-Q,2018-08-02,MDA,FLAGGED,head_keyword_absent,head_keyword_absent,anchor,medium,8417,0.6001,0.0,0.48627,spg-20180630x10q.htm,
31462,ECOLAB INC.,consumer,core,0001558370-18-006163,10-Q,2018-08-02,MDA,FLAGGED,heading_regex_fallback,heading_regex_fallback,heading_regex,low,9573,0.6217,0.0,0.52154,ecl-20180630x10q.htm,
31462,ECOLAB INC.,consumer,core,0001558370-18-006163,10-Q,2018-08-02,RISK_FACTORS,FLAGGED,heading_regex_fallback,heading_regex_fallback,heading_regex,low,122,0.9672,0.0,0.55172,ecl-20180630x10q.htm,
64803,CVS HEALTH Corp,consumer,core,0001558370-18-006683,10-Q,2018-08-08,MDA,FLAGGED,head_keyword_absent,head_keyword_absent,anchor,medium,11025,0.7082,0.0,0.51748,cvs-20180630x10q.htm,
315189,DEERE & CO,industrials,extension,0001558370-18-007303,10-Q,2018-08-30,MDA,FLAGGED,heading_regex_fallback,heading_regex_fallback,heading_regex,low,7064,0.9543,0.0,0.55072,de-20180729x10q.htm,
315189,DEERE & CO,industrials,extension,0001558370-18-007303,10-Q,2018-08-30,RISK_FACTORS,FLAGGED,heading_regex_fallback,heading_regex_fallback,heading_regex,low,88,0.9545,0.0,0.57317,de-20180729x10q.htm,
823768,WASTE MANAGEMENT INC,utilities,extension,0001558370-18-007858,10-Q,2018-10-25,MDA,FLAGGED,heading_regex_fallback,heading_regex_fallback,heading_regex,low,8405,0.6639,0.0,0.53708,wm-20180930x10q.htm,
823768,WASTE MANAGEMENT INC,utilities,extension,0001558370-18-007858,10-Q,2018-10-25,RISK_FACTORS,FLAGGED,heading_regex_fallback,heading_regex_fallback,heading_regex,low,41,0.0,0.0,,wm-20180930x10q.htm,
31462,ECOLAB INC.,consumer,core,0001558370-18-008282,10-Q,2018-11-01,MDA,FLAGGED,heading_regex_fallback,heading_regex_fallback,heading_regex,low,9792,0.6291,0.0,0.5216,ecl-20180930x10q.htm,
31462,ECOLAB INC.,consumer,core,0001558370-18-008282,10-Q,2018-11-01,RISK_FACTORS,FLAGGED,heading_regex_fallback,heading_regex_fallback,heading_regex,low,122,0.9672,0.0,0.55172,ecl-20180930x10q.htm,
1063761,SIMON PROPERTY GROUP INC.,materials_realestate,extension,0001558370-18-008301,10-Q,2018-11-02,MDA,FLAGGED,head_keyword_absent,head_keyword_absent,anchor,medium,9026,0.605,0.0,0.48694,spg-20180930x10q.htm,
64803,CVS HEALTH Corp,consumer,core,0001558370-18-008642,10-Q,2018-11-06,MDA,FLAGGED,head_keyword_absent,head_keyword_absent,anchor,medium,11206,0.7184,0.0,0.51943,cvs-20180930x10q.htm,
315189,DEERE & CO,industrials,extension,0001558370-19-001282,10-Q,2019-02-28,MDA,FLAGGED,heading_regex_fallback,heading_regex_fallback,heading_regex,low,6015,0.87,0.0,0.5195,de-20190127x10q.htm,
315189,DEERE & CO,industrials,extension,0001558370-19-001282,10-Q,2019-02-28,RISK_FACTORS,FLAGGED,heading_regex_fallback,heading_regex_fallback,heading_regex,low,88,0.9545,0.0,0.57317,de-20190127x10q.htm,
1318220,"Waste Connections, Inc.",utilities,extension,0001558370-19-003257,10-Q,2019-04-25,MDA,FLAGGED,head_keyword_absent,head_keyword_absent,anchor,medium,12395,0.7472,0.0,0.55702,wcn-20190331x10q.htm,
823768,WASTE MANAGEMENT INC,utilities,extension,0001558370-19-003279,10-Q,2019-04-25,MDA,FLAGGED,heading_regex_fallback,heading_regex_fallback,heading_regex,low,7585,0.6589,0.0,0.51984,wm-20190331x10q.htm,
823768,WASTE MANAGEMENT INC,utilities,extension,0001558370-19-003279,10-Q,2019-04-25,RISK_FACTORS,FLAGGED,heading_regex_fallback,heading_regex_fallback,heading_regex,low,663,0.8688,0.0,0.5131,wm-20190331x10q.htm,
31462,ECOLAB INC.,consumer,core,0001558370-19-003797,10-Q,2019-05-02,MDA,FLAGGED,heading_regex_fallback,heading_regex_fallback,heading_regex,low,7468,0.5615,0.0,0.49656,ecl-20190331x10q.htm,
31462,ECOLAB INC.,consumer,core,0001558370-19-003797,10-Q,2019-05-02,RISK_FACTORS,FLAGGED,heading_regex_fallback,heading_regex_fallback,heading_regex,low,122,0.9672,0.0,0.56034,ecl-20190331x10q.htm,
1063761,SIMON PROPERTY GROUP INC.,materials_realestate,extension,0001558370-19-004352,10-Q,2019-05-08,MDA,FLAGGED,head_keyword_absent,head_keyword_absent,anchor,medium,7279,0.6006,0.0,0.47384,spg-20190331x10q.htm,
315189,DEERE & CO,industrials,extension,0001558370-19-005380,10-Q,2019-05-30,MDA,FLAGGED,heading_regex_fallback,heading_regex_fallback,heading_regex,low,6450,0.8657,0.0,0.52088,de-20190428x10q.htm,
315189,DEERE & CO,industrials,extension,0001558370-19-005380,10-Q,2019-05-30,RISK_FACTORS,FLAGGED,heading_regex_fallback,heading_regex_fallback,heading_regex,low,88,0.9545,0.0,0.57317,de-20190428x10q.htm,
823768,WASTE MANAGEMENT INC,utilities,extension,0001558370-19-006306,10-Q,2019-07-25,MDA,FLAGGED,heading_regex_fallback,heading_regex_fallback,heading_regex,low,7585,0.6646,0.0,0.54527,wm-20190630x10q.htm,
823768,WASTE MANAGEMENT INC,utilities,extension,0001558370-19-006306,10-Q,2019-07-25,RISK_FACTORS,FLAGGED,heading_regex_fallback,heading_regex_fallback,heading_regex,low,55,0.9273,0.0,,wm-20190630x10q.htm,
31462,ECOLAB INC.,consumer,core,0001558370-19-006736,10-Q,2019-08-01,MDA,FLAGGED,heading_regex_fallback,heading_regex_fallback,heading_regex,low,8920,0.5728,0.0,0.52827,ecl-20190630x10q.htm,
31462,ECOLAB INC.,consumer,core,0001558370-19-006736,10-Q,2019-08-01,RISK_FACTORS,FLAGGED,heading_regex_fallback,heading_regex_fallback,heading_regex,low,122,0.959,0.0,0.56034,ecl-20190630x10q.htm,
1063761,SIMON PROPERTY GROUP INC.,materials_realestate,extension,0001558370-19-007355,10-Q,2019-08-07,MDA,FLAGGED,heading_regex_fallback,heading_regex_fallback,heading_regex,low,8253,0.6316,0.0,0.48361,spg-20190630x10q.htm,
1063761,SIMON PROPERTY GROUP INC.,materials_realestate,extension,0001558370-19-007355,10-Q,2019-08-07,RISK_FACTORS,FLAGGED,heading_regex_fallback,heading_regex_fallback,heading_regex,low,22,0.0,0.0,,spg-20190630x10q.htm,
315189,DEERE & CO,industrials,extension,0001558370-19-008382,10-Q,2019-08-29,MDA,FLAGGED,heading_regex_fallback,heading_regex_fallback,heading_regex,low,6512,0.86,0.0,0.52008,de-20190728x10q.htm,
315189,DEERE & CO,industrials,extension,0001558370-19-008382,10-Q,2019-08-29,RISK_FACTORS,FLAGGED,heading_regex_fallback,heading_regex_fallback,heading_regex,low,88,0.9545,0.0,0.57317,de-20190728x10q.htm,
823768,WASTE MANAGEMENT INC,utilities,extension,0001558370-19-009032,10-Q,2019-10-23,MDA,FLAGGED,heading_regex_fallback,heading_regex_fallback,heading_regex,low,7899,0.6911,0.0,0.54573,wm-20190930x10q.htm,
823768,WASTE MANAGEMENT INC,utilities,extension,0001558370-19-009032,10-Q,2019-10-23,RISK_FACTORS,FLAGGED,heading_regex_fallback,heading_regex_fallback,heading_regex,low,55,0.9273,0.0,,wm-20190930x10q.htm,
31462,ECOLAB INC.,consumer,core,0001558370-19-009602,10-Q,2019-10-31,MDA,FLAGGED,heading_regex_fallback,heading_regex_fallback,heading_regex,low,9127,0.5701,0.0,0.52715,ecl-20190930x10q9b7443.htm,
31462,ECOLAB INC.,consumer,core,0001558370-19-009602,10-Q,2019-10-31,RISK_FACTORS,FLAGGED,heading_regex_fallback,heading_regex_fallback,heading_regex,low,122,0.959,0.0,0.56034,ecl-20190930x10q9b7443.htm,
1063761,SIMON PROPERTY GROUP INC.,materials_realestate,extension,0001558370-19-010077,10-Q,2019-11-06,MDA,FLAGGED,heading_regex_fallback,heading_regex_fallback,heading_regex,low,8748,0.6291,0.0,0.48713,spg-20190930x10q.htm,
1063761,SIMON PROPERTY GROUP INC.,materials_realestate,extension,0001558370-19-010077,10-Q,2019-11-06,RISK_FACTORS,FLAGGED,heading_regex_fallback,heading_regex_fallback,heading_regex,low,459,0.8845,0.0,0.48975,spg-20190930x10q.htm,
315189,DEERE & CO,industrials,extension,0001558370-20-001593,10-Q,2020-02-27,MDA,FLAGGED,heading_regex_fallback,heading_regex_fallback,heading_regex,low,5942,0.8866,0.0,0.51102,de-20200202x10qf1ac75.htm,
315189,DEERE & CO,industrials,extension,0001558370-20-001593,10-Q,2020-02-27,RISK_FACTORS,FLAGGED,heading_regex_fallback,heading_regex_fallback,heading_regex,low,88,0.9545,0.0,0.57317,de-20200202x10qf1ac75.htm,
823768,WASTE MANAGEMENT INC,utilities,extension,0001558370-20-005352,10-Q,2020-05-06,MDA,FLAGGED,heading_regex_fallback,heading_regex_fallback,heading_regex,low,8433,0.7689,0.0,0.5349,wm-20200506x10q.htm,
823768,WASTE MANAGEMENT INC,utilities,extension,0001558370-20-005352,10-Q,2020-05-06,RISK_FACTORS,FLAGGED,heading_regex_fallback,heading_regex_fallback,heading_regex,low,696,0.8621,0.0,0.49926,wm-20200506x10q.htm,
31462,ECOLAB INC.,consumer,core,0001558370-20-005691,10-Q,2020-05-07,MDA,FLAGGED,heading_regex_fallback,heading_regex_fallback,heading_regex,low,9879,0.5907,0.0,0.48936,ecl-20200507x10q.htm,
31462,ECOLAB INC.,consumer,core,0001558370-20-005691,10-Q,2020-05-07,RISK_FACTORS,FLAGGED,heading_regex_fallback,heading_regex_fallback,heading_regex,low,928,0.9418,0.0,0.47469,ecl-20200507x10q.htm,
1063761,SIMON PROPERTY GROUP INC.,materials_realestate,extension,0001558370-20-006251,10-Q,2020-05-11,MDA,FLAGGED,heading_regex_fallback,heading_regex_fallback,heading_regex,low,9173,0.7082,0.0,0.47886,spg-20200331x10q.htm,
1063761,SIMON PROPERTY GROUP INC.,materials_realestate,extension,0001558370-20-006251,10-Q,2020-05-11,RISK_FACTORS,FLAGGED,heading_regex_fallback,heading_regex_fallback,heading_regex,low,914,0.7265,0.0,0.42857,spg-20200331x10q.htm,
315189,DEERE & CO,industrials,extension,0001558370-20-007066,10-Q,2020-05-28,MDA,FLAGGED,heading_regex_fallback,heading_regex_fallback,heading_regex,low,7900,0.8741,0.0,0.50567,de-20200503x10q.htm,
315189,DEERE & CO,industrials,extension,0001558370-20-007066,10-Q,2020-05-28,RISK_FACTORS,FLAGGED,heading_regex_fallback,heading_regex_fallback,heading_regex,low,839,0.9487,0.0,0.53293,de-20200503x10q.htm,
823768,WASTE MANAGEMENT INC,utilities,extension,0001558370-20-008751,10-Q,2020-07-30,MDA,FLAGGED,heading_regex_fallback,heading_regex_fallback,heading_regex,low,11867,0.8021,0.0,0.53117,wm-20200630x10q.htm,
823768,WASTE MANAGEMENT INC,utilities,extension,0001558370-20-008751,10-Q,2020-07-30,RISK_FACTORS,FLAGGED,heading_regex_fallback,heading_regex_fallback,heading_regex,low,610,0.9066,0.0,0.51203,wm-20200630x10q.htm,
31462,ECOLAB INC.,consumer,core,0001558370-20-009506,10-Q,2020-08-06,MDA,FLAGGED,heading_regex_fallback,heading_regex_fallback,heading_regex,low,10793,0.6394,0.0,0.52428,ecl-20200630x10q.htm,
31462,ECOLAB INC.,consumer,core,0001558370-20-009506,10-Q,2020-08-06,RISK_FACTORS,FLAGGED,heading_regex_fallback,heading_regex_fallback,heading_regex,low,763,0.6592,0.0,0.53533,ecl-20200630x10q.htm,
1063761,SIMON PROPERTY GROUP INC.,materials_realestate,extension,0001558370-20-010195,10-Q,2020-08-10,MDA,FLAGGED,heading_regex_fallback,heading_regex_fallback,heading_regex,low,10066,0.6659,0.0,0.48874,spg-20200630x10q.htm,
1063761,SIMON PROPERTY GROUP INC.,materials_realestate,extension,0001558370-20-010195,10-Q,2020-08-10,RISK_FACTORS,FLAGGED,heading_regex_fallback,heading_regex_fallback,heading_regex,low,863,0.6651,0.0,0.42925,spg-20200630x10q.htm,
315189,DEERE & CO,industrials,extension,0001558370-20-010868,10-Q,2020-08-27,MDA,FLAGGED,heading_regex_fallback,heading_regex_fallback,heading_regex,low,7368,0.8574,0.0,0.51654,de-20200802x10q.htm,
315189,DEERE & CO,industrials,extension,0001558370-20-010868,10-Q,2020-08-27,RISK_FACTORS,FLAGGED,heading_regex_fallback,heading_regex_fallback,heading_regex,low,846,0.9492,0.0,0.52369,de-20200802x10q.htm,
31462,ECOLAB INC.,consumer,core,0001558370-20-012094,10-Q,2020-10-30,MDA,FLAGGED,heading_regex_fallback,heading_regex_fallback,heading_regex,low,11057,0.6422,0.0,0.5227,ecl-20200930x10q.htm,
31462,ECOLAB INC.,consumer,core,0001558370-20-012094,10-Q,2020-10-30,RISK_FACTORS,FLAGGED,heading_regex_fallback,heading_regex_fallback,heading_regex,low,5416,0.834,0.0,0.50332,ecl-20200930x10q.htm,
823768,WASTE MANAGEMENT INC,utilities,extension,0001558370-20-012210,10-Q,2020-11-02,MDA,FLAGGED,heading_regex_fallback,heading_regex_fallback,heading_regex,low,12551,0.8068,0.0,0.5344,wm-20200930x10q.htm,
823768,WASTE MANAGEMENT INC,utilities,extension,0001558370-20-012210,10-Q,2020-11-02,RISK_FACTORS,FLAGGED,heading_regex_fallback,heading_regex_fallback,heading_regex,low,60,0.9333,0.0,,wm-20200930x10q.htm,
1063761,SIMON PROPERTY GROUP INC.,materials_realestate,extension,0001558370-20-013364,10-Q,2020-11-09,MDA,FLAGGED,heading_regex_fallback,heading_regex_fallback,heading_regex,low,10189,0.6793,0.0,0.49022,spg-20200930x10q.htm,
1063761,SIMON PROPERTY GROUP INC.,materials_realestate,extension,0001558370-20-013364,10-Q,2020-11-09,RISK_FACTORS,FLAGGED,heading_regex_fallback,heading_regex_fallback,heading_regex,low,889,0.6659,0.0,0.4289,spg-20200930x10q.htm,
315189,DEERE & CO,industrials,extension,0001558370-21-001774,10-Q,2021-02-25,MDA,FLAGGED,heading_regex_fallback,heading_regex_fallback,heading_regex,low,8478,0.7274,0.0,0.50209,de-20210131x10q.htm,
315189,DEERE & CO,industrials,extension,0001558370-21-001774,10-Q,2021-02-25,RISK_FACTORS,FLAGGED,heading_regex_fallback,heading_regex_fallback,heading_regex,low,89,0.9438,0.0,0.57317,de-20210131x10q.htm,
823768,WASTE MANAGEMENT INC,utilities,extension,0001558370-21-004862,10-Q,2021-04-27,MDA,FLAGGED,heading_regex_fallback,heading_regex_fallback,heading_regex,low,8172,0.7613,0.0,0.53639,wm-20210331x10q.htm,
823768,WASTE MANAGEMENT INC,utilities,extension,0001558370-21-004862,10-Q,2021-04-27,RISK_FACTORS,FLAGGED,heading_regex_fallback,heading_regex_fallback,heading_regex,low,36,0.0,0.0,,wm-20210331x10q.htm,
31462,ECOLAB INC.,consumer,core,0001558370-21-006198,10-Q,2021-05-06,MDA,FLAGGED,heading_regex_fallback,heading_regex_fallback,heading_regex,low,8923,0.5962,0.0,0.49641,ecl-20210331x10q.htm,
31462,ECOLAB INC.,consumer,core,0001558370-21-006198,10-Q,2021-05-06,RISK_FACTORS,FLAGGED,heading_regex_fallback,heading_regex_fallback,heading_regex,low,122,0.6311,0.0,0.55172,ecl-20210331x10q.htm,
1063761,SIMON PROPERTY GROUP INC.,materials_realestate,extension,0001558370-21-006672,10-Q,2021-05-10,MDA,FLAGGED,heading_regex_fallback,heading_regex_fallback,heading_regex,low,8866,0.7177,0.0,0.48891,spg-20210331x10q.htm,
1063761,SIMON PROPERTY GROUP INC.,materials_realestate,extension,0001558370-21-006672,10-Q,2021-05-10,RISK_FACTORS,FLAGGED,heading_regex_fallback,heading_regex_fallback,heading_regex,low,22,0.0,0.0,,spg-20210331x10q.htm,
315189,DEERE & CO,industrials,extension,0001558370-21-007781,10-Q,2021-05-27,MDA,FLAGGED,heading_regex_fallback,heading_regex_fallback,heading_regex,low,9677,0.7177,0.0,0.51679,de-20210502x10q.htm,
315189,DEERE & CO,industrials,extension,0001558370-21-007781,10-Q,2021-05-27,RISK_FACTORS,FLAGGED,heading_regex_fallback,heading_regex_fallback,heading_regex,low,88,0.9545,0.0,0.57317,de-20210502x10q.htm,
823768,WASTE MANAGEMENT INC,utilities,extension,0001558370-21-009319,10-Q,2021-07-27,MDA,FLAGGED,heading_regex_fallback,heading_regex_fallback,heading_regex,low,10204,0.7835,0.0,0.54237,wm-20210630x10q.htm,
823768,WASTE MANAGEMENT INC,utilities,extension,0001558370-21-009319,10-Q,2021-07-27,RISK_FACTORS,FLAGGED,heading_regex_fallback,heading_regex_fallback,heading_regex,low,35,0.0,0.0,,wm-20210630x10q.htm,
1063761,SIMON PROPERTY GROUP INC.,materials_realestate,extension,0001558370-21-010076,10-Q,2021-08-04,MDA,FLAGGED,heading_regex_fallback,heading_regex_fallback,heading_regex,low,9947,0.7011,0.0,0.50022,spg-20210630x10q.htm,
1063761,SIMON PROPERTY GROUP INC.,materials_realestate,extension,0001558370-21-010076,10-Q,2021-08-04,RISK_FACTORS,FLAGGED,heading_regex_fallback,heading_regex_fallback,heading_regex,low,22,0.0,0.0,,spg-20210630x10q.htm,
31462,ECOLAB INC.,consumer,core,0001558370-21-010420,10-Q,2021-08-05,MDA,FLAGGED,heading_regex_fallback,heading_regex_fallback,heading_regex,low,10911,0.6175,0.0,0.52125,ecl-20210630x10q.htm,
31462,ECOLAB INC.,consumer,core,0001558370-21-010420,10-Q,2021-08-05,RISK_FACTORS,FLAGGED,heading_regex_fallback,heading_regex_fallback,heading_regex,low,924,0.9091,0.0,0.51336,ecl-20210630x10q.htm,
315189,DEERE & CO,industrials,extension,0001558370-21-012088,10-Q,2021-08-26,MDA,FLAGGED,heading_regex_fallback,heading_regex_fallback,heading_regex,low,10138,0.7282,0.0,0.50696,de-20210801x10q.htm,
315189,DEERE & CO,industrials,extension,0001558370-21-012088,10-Q,2021-08-26,RISK_FACTORS,FLAGGED,heading_regex_fallback,heading_regex_fallback,heading_regex,low,88,0.9545,0.0,0.57317,de-20210801x10q.htm,
823768,WASTE MANAGEMENT INC,utilities,extension,0001558370-21-013486,10-Q,2021-10-26,MDA,FLAGGED,heading_regex_fallback,heading_regex_fallback,heading_regex,low,11181,0.7958,0.0,0.54032,wm-20210930x10q.htm,
823768,WASTE MANAGEMENT INC,utilities,extension,0001558370-21-013486,10-Q,2021-10-26,RISK_FACTORS,FLAGGED,heading_regex_fallback,heading_regex_fallback,heading_regex,low,369,0.8537,0.0,0.52514,wm-20210930x10q.htm,
31462,ECOLAB INC.,consumer,core,0001558370-21-013798,10-Q,2021-10-29,MDA,FLAGGED,heading_regex_fallback,heading_regex_fallback,heading_regex,low,11080,0.6012,0.0,0.52614,ecl-20210930x10q.htm,
31462,ECOLAB INC.,consumer,core,0001558370-21-013798,10-Q,2021-10-29,RISK_FACTORS,FLAGGED,heading_regex_fallback,heading_regex_fallback,heading_regex,low,1378,0.9274,0.0,0.48848,ecl-20210930x10q.htm,
1063761,SIMON PROPERTY GROUP INC.,materials_realestate,extension,0001558370-21-014198,10-Q,2021-11-03,MDA,FLAGGED,heading_regex_fallback,heading_regex_fallback,heading_regex,low,10914,0.7082,0.0,0.49954,spg-20210930x10q.htm,
1063761,SIMON PROPERTY GROUP INC.,materials_realestate,extension,0001558370-21-014198,10-Q,2021-11-03,RISK_FACTORS,FLAGGED,heading_regex_fallback,heading_regex_fallback,heading_regex,low,22,0.0,0.0,,spg-20210930x10q.htm,
315189,DEERE & CO,industrials,extension,0001558370-22-001900,10-Q,2022-02-24,MDA,FLAGGED,heading_regex_fallback,heading_regex_fallback,heading_regex,low,7151,0.6979,0.0,0.49168,de-20220130x10q.htm,
315189,DEERE & CO,industrials,extension,0001558370-22-001900,10-Q,2022-02-24,RISK_FACTORS,FLAGGED,heading_regex_fallback,heading_regex_fallback,heading_regex,low,89,0.9438,0.0,0.57317,de-20220130x10q.htm,
823768,WASTE MANAGEMENT INC,utilities,extension,0001558370-22-005976,10-Q,2022-04-26,MDA,FLAGGED,heading_regex_fallback,heading_regex_fallback,heading_regex,low,8461,0.7787,0.0,0.51847,wm-20220331x10q.htm,
823768,WASTE MANAGEMENT INC,utilities,extension,0001558370-22-005976,10-Q,2022-04-26,RISK_FACTORS,FLAGGED,heading_regex_fallback,heading_regex_fallback,heading_regex,low,37,0.0,0.0,,wm-20220331x10q.htm,
31462,ECOLAB INC.,consumer,core,0001558370-22-007407,10-Q,2022-05-05,MDA,FLAGGED,heading_regex_fallback,heading_regex_fallback,heading_regex,low,8523,0.5979,0.0,0.49504,ecl-20220331x10q.htm,
31462,ECOLAB INC.,consumer,core,0001558370-22-007407,10-Q,2022-05-05,RISK_FACTORS,FLAGGED,heading_regex_fallback,heading_regex_fallback,heading_regex,low,1118,0.7701,0.0,0.47539,ecl-20220331x10q.htm,
1063761,SIMON PROPERTY GROUP INC.,materials_realestate,extension,0001558370-22-007828,10-Q,2022-05-09,MDA,FLAGGED,heading_regex_fallback,heading_regex_fallback,heading_regex,low,8336,0.6488,0.0,0.48379,spg-20220331x10q.htm,
1063761,SIMON PROPERTY GROUP INC.,materials_realestate,extension,0001558370-22-007828,10-Q,2022-05-09,RISK_FACTORS,FLAGGED,heading_regex_fallback,heading_regex_fallback,heading_regex,low,22,0.0,0.0,,spg-20220331x10q.htm,
315189,DEERE & CO,industrials,extension,0001558370-22-009375,10-Q,2022-05-26,MDA,FLAGGED,heading_regex_fallback,heading_regex_fallback,heading_regex,low,7692,0.6647,0.0,0.51225,de-20220501x10q.htm,
315189,DEERE & CO,industrials,extension,0001558370-22-009375,10-Q,2022-05-26,RISK_FACTORS,FLAGGED,heading_regex_fallback,heading_regex_fallback,heading_regex,low,87,0.954,0.0,0.58537,de-20220501x10q.htm,
823768,WASTE MANAGEMENT INC,utilities,extension,0001558370-22-011119,10-Q,2022-07-27,MDA,FLAGGED,heading_regex_fallback,heading_regex_fallback,heading_regex,low,9555,0.7763,0.0,0.53,wm-20220630x10q.htm,
823768,WASTE MANAGEMENT INC,utilities,extension,0001558370-22-011119,10-Q,2022-07-27,RISK_FACTORS,FLAGGED,heading_regex_fallback,heading_regex_fallback,heading_regex,low,36,0.0,0.0,,wm-20220630x10q.htm,
1063761,SIMON PROPERTY GROUP INC.,materials_realestate,extension,0001558370-22-012019,10-Q,2022-08-04,MDA,FLAGGED,heading_regex_fallback,heading_regex_fallback,heading_regex,low,9273,0.6672,0.0,0.49437,spg-20220630x10q.htm,
1063761,SIMON PROPERTY GROUP INC.,materials_realestate,extension,0001558370-22-012019,10-Q,2022-08-04,RISK_FACTORS,FLAGGED,heading_regex_fallback,heading_regex_fallback,heading_regex,low,22,0.0,0.0,,spg-20220630x10q.htm,
31462,ECOLAB INC.,consumer,core,0001558370-22-012280,10-Q,2022-08-04,MDA,FLAGGED,heading_regex_fallback,heading_regex_fallback,heading_regex,low,10245,0.6155,0.0,0.5206,ecl-20220630x10q.htm,
31462,ECOLAB INC.,consumer,core,0001558370-22-012280,10-Q,2022-08-04,RISK_FACTORS,FLAGGED,heading_regex_fallback,heading_regex_fallback,heading_regex,low,2169,0.8658,0.0,0.48263,ecl-20220630x10q.htm,
315189,DEERE & CO,industrials,extension,0001558370-22-014113,10-Q,2022-09-01,MDA,FLAGGED,heading_regex_fallback,heading_regex_fallback,heading_regex,low,6746,0.5802,0.0,0.48891,de-20220731x10q.htm,
315189,DEERE & CO,industrials,extension,0001558370-22-014113,10-Q,2022-09-01,RISK_FACTORS,FLAGGED,heading_regex_fallback,heading_regex_fallback,heading_regex,low,87,0.954,0.0,0.58537,de-20220731x10q.htm,
823768,WASTE MANAGEMENT INC,utilities,extension,0001558370-22-015389,10-Q,2022-10-26,MDA,FLAGGED,heading_regex_fallback,heading_regex_fallback,heading_regex,low,10273,0.767,0.0,0.53611,wm-20220930x10q.htm,
823768,WASTE MANAGEMENT INC,utilities,extension,0001558370-22-015389,10-Q,2022-10-26,RISK_FACTORS,FLAGGED,heading_regex_fallback,heading_regex_fallback,heading_regex,low,36,0.0,0.0,,wm-20220930x10q.htm,
1063761,SIMON PROPERTY GROUP INC.,materials_realestate,extension,0001558370-22-016109,10-Q,2022-11-03,MDA,FLAGGED,heading_regex_fallback,heading_regex_fallback,heading_regex,low,9830,0.683,0.0,0.49629,spg-20220930x10q.htm,
1063761,SIMON PROPERTY GROUP INC.,materials_realestate,extension,0001558370-22-016109,10-Q,2022-11-03,RISK_FACTORS,FLAGGED,heading_regex_fallback,heading_regex_fallback,heading_regex,low,22,0.0,0.0,,spg-20220930x10q.htm,
31462,ECOLAB INC.,consumer,core,0001558370-22-016340,10-Q,2022-11-04,MDA,FLAGGED,heading_regex_fallback,heading_regex_fallback,heading_regex,low,10784,0.622,0.0,0.52442,ecl-20220930x10q.htm,
31462,ECOLAB INC.,consumer,core,0001558370-22-016340,10-Q,2022-11-04,RISK_FACTORS,FLAGGED,heading_regex_fallback,heading_regex_fallback,heading_regex,low,3087,0.8338,0.0,0.49466,ecl-20220930x10q.htm,
315189,DEERE & CO,industrials,extension,0001558370-23-001877,10-Q,2023-02-23,MDA,FLAGGED,heading_regex_fallback,heading_regex_fallback,heading_regex,low,6029,0.5014,0.0,0.47179,de-20230129x10q.htm,
315189,DEERE & CO,industrials,extension,0001558370-23-001877,10-Q,2023-02-23,RISK_FACTORS,FLAGGED,heading_regex_fallback,heading_regex_fallback,heading_regex,low,87,0.954,0.0,0.58537,de-20230129x10q.htm,
823768,WASTE MANAGEMENT INC,utilities,extension,0001558370-23-007024,10-Q,2023-04-27,MDA,FLAGGED,heading_regex_fallback,heading_regex_fallback,heading_regex,low,8826,0.7947,0.0,0.51157,wm-20230331x10q.htm,
823768,WASTE MANAGEMENT INC,utilities,extension,0001558370-23-007024,10-Q,2023-04-27,RISK_FACTORS,FLAGGED,heading_regex_fallback,heading_regex_fallback,heading_regex,low,306,0.866,0.0,0.51536,wm-20230331x10q.htm,
1063761,SIMON PROPERTY GROUP INC.,materials_realestate,extension,0001558370-23-007951,10-Q,2023-05-04,MDA,FLAGGED,heading_regex_fallback,heading_regex_fallback,heading_regex,low,7893,0.6801,0.0,0.4799,spg-20230331x10q.htm,
1063761,SIMON PROPERTY GROUP INC.,materials_realestate,extension,0001558370-23-007951,10-Q,2023-05-04,RISK_FACTORS,FLAGGED,heading_regex_fallback,heading_regex_fallback,heading_regex,low,22,0.0,0.0,,spg-20230331x10q.htm,
31462,ECOLAB INC.,consumer,core,0001558370-23-008089,10-Q,2023-05-04,MDA,FLAGGED,heading_regex_fallback,heading_regex_fallback,heading_regex,low,7757,0.5617,0.0,0.50293,ecl-20230331x10q.htm,
31462,ECOLAB INC.,consumer,core,0001558370-23-008089,10-Q,2023-05-04,RISK_FACTORS,FLAGGED,heading_regex_fallback,heading_regex_fallback,heading_regex,low,122,0.6311,0.0,0.55172,ecl-20230331x10q.htm,
315189,DEERE & CO,industrials,extension,0001558370-23-010713,10-Q,2023-06-01,MDA,FLAGGED,heading_regex_fallback,heading_regex_fallback,heading_regex,low,7021,0.4932,0.0,0.48137,de-20230430x10q.htm,
315189,DEERE & CO,industrials,extension,0001558370-23-010713,10-Q,2023-06-01,RISK_FACTORS,FLAGGED,heading_regex_fallback,heading_regex_fallback,heading_regex,low,87,0.954,0.0,0.58537,de-20230430x10q.htm,
823768,WASTE MANAGEMENT INC,utilities,extension,0001558370-23-012266,10-Q,2023-07-26,MDA,FLAGGED,heading_regex_fallback,heading_regex_fallback,heading_regex,low,9246,0.7578,0.0,0.51755,wm-20230630x10q.htm,
823768,WASTE MANAGEMENT INC,utilities,extension,0001558370-23-012266,10-Q,2023-07-26,RISK_FACTORS,FLAGGED,heading_regex_fallback,heading_regex_fallback,heading_regex,low,57,0.9123,0.0,,wm-20230630x10q.htm,
1063761,SIMON PROPERTY GROUP INC.,materials_realestate,extension,0001558370-23-013069,10-Q,2023-08-03,MDA,FLAGGED,heading_regex_fallback,heading_regex_fallback,heading_regex,low,8819,0.6671,0.0,0.48967,spg-20230630x10q.htm,
1063761,SIMON PROPERTY GROUP INC.,materials_realestate,extension,0001558370-23-013069,10-Q,2023-08-03,RISK_FACTORS,FLAGGED,heading_regex_fallback,heading_regex_fallback,heading_regex,low,22,0.0,0.0,,spg-20230630x10q.htm,
31462,ECOLAB INC.,consumer,core,0001558370-23-013204,10-Q,2023-08-03,MDA,FLAGGED,heading_regex_fallback,heading_regex_fallback,heading_regex,low,9232,0.5588,0.0,0.52435,ecl-20230630x10q.htm,
31462,ECOLAB INC.,consumer,core,0001558370-23-013204,10-Q,2023-08-03,RISK_FACTORS,FLAGGED,heading_regex_fallback,heading_regex_fallback,heading_regex,low,122,0.6311,0.0,0.55172,ecl-20230630x10q.htm,
315189,DEERE & CO,industrials,extension,0001558370-23-015380,10-Q,2023-08-31,MDA,FLAGGED,heading_regex_fallback,heading_regex_fallback,heading_regex,low,6606,0.4852,0.0,0.48652,de-20230730x10q.htm,
315189,DEERE & CO,industrials,extension,0001558370-23-015380,10-Q,2023-08-31,RISK_FACTORS,FLAGGED,heading_regex_fallback,heading_regex_fallback,heading_regex,low,87,0.954,0.0,0.58537,de-20230730x10q.htm,
823768,WASTE MANAGEMENT INC,utilities,extension,0001558370-23-016700,10-Q,2023-10-25,MDA,FLAGGED,heading_regex_fallback,heading_regex_fallback,heading_regex,low,9812,0.7816,0.0,0.52609,wm-20230930x10q.htm,
823768,WASTE MANAGEMENT INC,utilities,extension,0001558370-23-016700,10-Q,2023-10-25,RISK_FACTORS,FLAGGED,heading_regex_fallback,heading_regex_fallback,heading_regex,low,56,0.9286,0.0,,wm-20230930x10q.htm,
1063761,SIMON PROPERTY GROUP INC.,materials_realestate,extension,0001558370-23-017324,10-Q,2023-11-02,MDA,FLAGGED,heading_regex_fallback,heading_regex_fallback,heading_regex,low,9712,0.6812,0.0,0.49531,spg-20230930x10q.htm,
1063761,SIMON PROPERTY GROUP INC.,materials_realestate,extension,0001558370-23-017324,10-Q,2023-11-02,RISK_FACTORS,FLAGGED,heading_regex_fallback,heading_regex_fallback,heading_regex,low,22,0.0,0.0,,spg-20230930x10q.htm,
31462,ECOLAB INC.,consumer,core,0001558370-23-017421,10-Q,2023-11-02,MDA,FLAGGED,heading_regex_fallback,heading_regex_fallback,heading_regex,low,9393,0.5466,0.0,0.52831,ecl-20230930x10q.htm,
31462,ECOLAB INC.,consumer,core,0001558370-23-017421,10-Q,2023-11-02,RISK_FACTORS,FLAGGED,heading_regex_fallback,heading_regex_fallback,heading_regex,low,122,0.6311,0.0,0.55172,ecl-20230930x10q.htm,
315189,DEERE & CO,industrials,extension,0001558370-24-002149,10-Q,2024-02-29,MDA,FLAGGED,heading_regex_fallback,heading_regex_fallback,heading_regex,low,5793,0.3931,0.0,0.46715,de-20240128x10q.htm,
315189,DEERE & CO,industrials,extension,0001558370-24-002149,10-Q,2024-02-29,RISK_FACTORS,FLAGGED,heading_regex_fallback,heading_regex_fallback,heading_regex,low,83,0.9518,0.0,0.5641,de-20240128x10q.htm,
823768,WASTE MANAGEMENT INC,utilities,extension,0001558370-24-005734,10-Q,2024-04-25,MDA,FLAGGED,heading_regex_fallback,heading_regex_fallback,heading_regex,low,7931,0.7346,0.0,0.50899,wm-20240331x10q.htm,
823768,WASTE MANAGEMENT INC,utilities,extension,0001558370-24-005734,10-Q,2024-04-25,RISK_FACTORS,FLAGGED,heading_regex_fallback,heading_regex_fallback,heading_regex,low,36,0.0,0.0,,wm-20240331x10q.htm,
31462,ECOLAB INC.,consumer,core,0001558370-24-006535,10-Q,2024-05-02,MDA,FLAGGED,heading_regex_fallback,heading_regex_fallback,heading_regex,low,7120,0.5506,0.0,0.49881,ecl-20240331x10q.htm,
31462,ECOLAB INC.,consumer,core,0001558370-24-006535,10-Q,2024-05-02,RISK_FACTORS,FLAGGED,heading_regex_fallback,heading_regex_fallback,heading_regex,low,122,0.6311,0.0,0.55172,ecl-20240331x10q.htm,
1063761,SIMON PROPERTY GROUP INC.,materials_realestate,extension,0001558370-24-007058,10-Q,2024-05-07,MDA,FLAGGED,heading_regex_fallback,heading_regex_fallback,heading_regex,low,8713,0.6693,0.0,0.4859,spg-20240331x10q.htm,
1063761,SIMON PROPERTY GROUP INC.,materials_realestate,extension,0001558370-24-007058,10-Q,2024-05-07,RISK_FACTORS,FLAGGED,heading_regex_fallback,heading_regex_fallback,heading_regex,low,22,0.0,0.0,,spg-20240331x10q.htm,
315189,DEERE & CO,industrials,extension,0001558370-24-008770,10-Q,2024-05-30,MDA,FLAGGED,heading_regex_fallback,heading_regex_fallback,heading_regex,low,6651,0.3822,0.0,0.47344,de-20240428x10q.htm,
315189,DEERE & CO,industrials,extension,0001558370-24-008770,10-Q,2024-05-30,RISK_FACTORS,FLAGGED,heading_regex_fallback,heading_regex_fallback,heading_regex,low,83,0.9518,0.0,0.5641,de-20240428x10q.htm,
823768,WASTE MANAGEMENT INC,utilities,extension,0001558370-24-010155,10-Q,2024-07-25,MDA,FLAGGED,heading_regex_fallback,heading_regex_fallback,heading_regex,low,9354,0.735,0.0,0.51794,wm-20240630x10q.htm,
823768,WASTE MANAGEMENT INC,utilities,extension,0001558370-24-010155,10-Q,2024-07-25,RISK_FACTORS,FLAGGED,heading_regex_fallback,heading_regex_fallback,heading_regex,low,1080,0.8769,0.0,0.50236,wm-20240630x10q.htm,
31462,ECOLAB INC.,consumer,core,0001558370-24-010647,10-Q,2024-08-02,MDA,FLAGGED,heading_regex_fallback,heading_regex_fallback,heading_regex,low,8682,0.5238,0.0,0.51919,ecl-20240630x10q.htm,
31462,ECOLAB INC.,consumer,core,0001558370-24-010647,10-Q,2024-08-02,RISK_FACTORS,FLAGGED,heading_regex_fallback,heading_regex_fallback,heading_regex,low,122,0.6311,0.0,0.55172,ecl-20240630x10q.htm,
1063761,SIMON PROPERTY GROUP INC.,materials_realestate,extension,0001558370-24-011208,10-Q,2024-08-07,MDA,FLAGGED,heading_regex_fallback,heading_regex_fallback,heading_regex,low,9641,0.6695,0.0,0.49755,spg-20240630x10q.htm,
1063761,SIMON PROPERTY GROUP INC.,materials_realestate,extension,0001558370-24-011208,10-Q,2024-08-07,RISK_FACTORS,FLAGGED,heading_regex_fallback,heading_regex_fallback,heading_regex,low,22,0.0,0.0,,spg-20240630x10q.htm,
315189,DEERE & CO,industrials,extension,0001558370-24-012529,10-Q,2024-08-29,MDA,FLAGGED,heading_regex_fallback,heading_regex_fallback,heading_regex,low,6873,0.3808,0.0,0.47553,de-20240728x10q.htm,
315189,DEERE & CO,industrials,extension,0001558370-24-012529,10-Q,2024-08-29,RISK_FACTORS,FLAGGED,heading_regex_fallback,heading_regex_fallback,heading_regex,low,74,0.9459,0.0,0.56522,de-20240728x10q.htm,
823768,WASTE MANAGEMENT INC,utilities,extension,0001558370-24-013762,10-Q,2024-10-28,MDA,FLAGGED,heading_regex_fallback,heading_regex_fallback,heading_regex,low,8843,0.7485,0.0,0.52022,wm-20240930x10q.htm,
823768,WASTE MANAGEMENT INC,utilities,extension,0001558370-24-013762,10-Q,2024-10-28,RISK_FACTORS,FLAGGED,heading_regex_fallback,heading_regex_fallback,heading_regex,low,56,0.9286,0.0,,wm-20240930x10q.htm,
31462,ECOLAB INC.,consumer,core,0001558370-24-014051,10-Q,2024-10-31,MDA,FLAGGED,heading_regex_fallback,heading_regex_fallback,heading_regex,low,9134,0.5328,0.0,0.52577,ecl-20240930x10q.htm,
31462,ECOLAB INC.,consumer,core,0001558370-24-014051,10-Q,2024-10-31,RISK_FACTORS,FLAGGED,heading_regex_fallback,heading_regex_fallback,heading_regex,low,591,0.6751,0.0,0.46771,ecl-20240930x10q.htm,
1063761,SIMON PROPERTY GROUP INC.,materials_realestate,extension,0001558370-24-014946,10-Q,2024-11-08,MDA,FLAGGED,heading_regex_fallback,heading_regex_fallback,heading_regex,low,9897,0.6496,0.0,0.49812,spg-20240930x10q.htm,
1063761,SIMON PROPERTY GROUP INC.,materials_realestate,extension,0001558370-24-014946,10-Q,2024-11-08,RISK_FACTORS,FLAGGED,heading_regex_fallback,heading_regex_fallback,heading_regex,low,22,0.0,0.0,,spg-20240930x10q.htm,
315189,DEERE & CO,industrials,extension,0001558370-25-001714,10-Q,2025-02-27,MDA,FLAGGED,heading_regex_fallback,heading_regex_fallback,heading_regex,low,6185,0.4475,0.0,0.46772,de-20250126x10q.htm,
315189,DEERE & CO,industrials,extension,0001558370-25-001714,10-Q,2025-02-27,RISK_FACTORS,FLAGGED,heading_regex_fallback,heading_regex_fallback,heading_regex,low,333,0.8228,0.0,0.43653,de-20250126x10q.htm,
823768,WASTE MANAGEMENT INC,utilities,extension,0001558370-25-005805,10-Q,2025-04-29,MDA,FLAGGED,heading_regex_fallback,heading_regex_fallback,heading_regex,low,8056,0.6493,0.0,0.50742,wm-20250331x10q.htm,
823768,WASTE MANAGEMENT INC,utilities,extension,0001558370-25-005805,10-Q,2025-04-29,RISK_FACTORS,FLAGGED,heading_regex_fallback,heading_regex_fallback,heading_regex,low,36,0.0,0.0,,wm-20250331x10q.htm,
31462,ECOLAB INC.,consumer,core,0001558370-25-006969,10-Q,2025-05-08,MDA,FLAGGED,heading_regex_fallback,heading_regex_fallback,heading_regex,low,7369,0.553,0.0,0.5034,ecl-20250331x10q.htm,
31462,ECOLAB INC.,consumer,core,0001558370-25-006969,10-Q,2025-05-08,RISK_FACTORS,FLAGGED,heading_regex_fallback,heading_regex_fallback,heading_regex,low,122,0.6311,0.0,0.55172,ecl-20250331x10q.htm,
1063761,SIMON PROPERTY GROUP INC.,materials_realestate,extension,0001558370-25-007380,10-Q,2025-05-12,MDA,FLAGGED,heading_regex_fallback,heading_regex_fallback,heading_regex,low,8599,0.6507,0.0,0.48305,spg-20250331x10q.htm,
1063761,SIMON PROPERTY GROUP INC.,materials_realestate,extension,0001558370-25-007380,10-Q,2025-05-12,RISK_FACTORS,FLAGGED,heading_regex_fallback,heading_regex_fallback,heading_regex,low,22,0.0,0.0,,spg-20250331x10q.htm,
315189,DEERE & CO,industrials,extension,0001558370-25-008218,10-Q,2025-05-29,MDA,FLAGGED,heading_regex_fallback,heading_regex_fallback,heading_regex,low,7271,0.4551,0.0,0.47633,de-20250427x10q.htm,
315189,DEERE & CO,industrials,extension,0001558370-25-008218,10-Q,2025-05-29,RISK_FACTORS,FLAGGED,heading_regex_fallback,heading_regex_fallback,heading_regex,low,315,0.8698,0.0,0.42997,de-20250427x10q.htm,
823768,WASTE MANAGEMENT INC,utilities,extension,0001558370-25-009726,10-Q,2025-07-29,MDA,FLAGGED,heading_regex_fallback,heading_regex_fallback,heading_regex,low,9354,0.6857,0.0,0.5229,wm-20250630x10q.htm,
823768,WASTE MANAGEMENT INC,utilities,extension,0001558370-25-009726,10-Q,2025-07-29,RISK_FACTORS,FLAGGED,heading_regex_fallback,heading_regex_fallback,heading_regex,low,35,0.0,0.0,,wm-20250630x10q.htm,
1063761,SIMON PROPERTY GROUP INC.,materials_realestate,extension,0001558370-25-010639,10-Q,2025-08-07,MDA,FLAGGED,heading_regex_fallback,heading_regex_fallback,heading_regex,low,9612,0.6349,0.0,0.49445,spg-20250630x10q.htm,
1063761,SIMON PROPERTY GROUP INC.,materials_realestate,extension,0001558370-25-010639,10-Q,2025-08-07,RISK_FACTORS,FLAGGED,heading_regex_fallback,heading_regex_fallback,heading_regex,low,22,0.0,0.0,,spg-20250630x10q.htm,
31462,ECOLAB INC.,consumer,core,0001558370-25-010768,10-Q,2025-08-07,MDA,FLAGGED,heading_regex_fallback,heading_regex_fallback,heading_regex,low,8834,0.5803,0.0,0.52642,ecl-20250630x10q.htm,
31462,ECOLAB INC.,consumer,core,0001558370-25-010768,10-Q,2025-08-07,RISK_FACTORS,FLAGGED,heading_regex_fallback,heading_regex_fallback,heading_regex,low,122,0.6311,0.0,0.55172,ecl-20250630x10q.htm,
315189,DEERE & CO,industrials,extension,0001558370-25-011789,10-Q,2025-08-28,MDA,FLAGGED,heading_regex_fallback,heading_regex_fallback,heading_regex,low,7229,0.4298,0.0,0.47805,de-20250727x10q.htm,
315189,DEERE & CO,industrials,extension,0001558370-25-011789,10-Q,2025-08-28,RISK_FACTORS,FLAGGED,heading_regex_fallback,heading_regex_fallback,heading_regex,low,319,0.8715,0.0,0.42765,de-20250727x10q.htm,
1099590,MERCADOLIBRE INC,financials,core,0001562762-16-000383,10-Q,2016-05-06,MDA,FAIL,item_absent_from_toc,item_absent_from_toc,none,low,0,0.0,,,meli-20160331x10q.htm,
1099590,MERCADOLIBRE INC,financials,core,0001562762-16-000414,10-Q,2016-08-05,MDA,FAIL,item_absent_from_toc,item_absent_from_toc,none,low,0,0.0,,,meli-20160630x10q.htm,
1099590,MERCADOLIBRE INC,financials,core,0001562762-16-000445,10-Q,2016-11-04,MDA,FAIL,item_absent_from_toc,item_absent_from_toc,none,low,0,0.0,,,meli-20160930x10q.htm,
1099590,MERCADOLIBRE INC,financials,core,0001562762-17-000054,10-Q,2017-05-05,MDA,FAIL,item_absent_from_toc,item_absent_from_toc,none,low,0,0.0,,,meli-20170331x10q.htm,
1099590,MERCADOLIBRE INC,financials,core,0001562762-17-000120,10-Q,2017-08-04,MDA,FAIL,item_absent_from_toc,item_absent_from_toc,none,low,0,0.0,,,meli-20170630x10q.htm,
1099590,MERCADOLIBRE INC,financials,core,0001562762-17-000173,10-Q,2017-11-03,MDA,FAIL,item_absent_from_toc,item_absent_from_toc,none,low,0,0.0,,,meli-20170930x10q.htm,
1099590,MERCADOLIBRE INC,financials,core,0001562762-18-000158,10-Q,2018-05-10,MDA,FAIL,item_absent_from_toc,item_absent_from_toc,none,low,0,0.0,,,meli-20180331x10q.htm,
1099590,MERCADOLIBRE INC,financials,core,0001562762-18-000229,10-Q,2018-08-09,MDA,FAIL,item_absent_from_toc,item_absent_from_toc,none,low,0,0.0,,,meli-20180630x10q.htm,
1099590,MERCADOLIBRE INC,financials,core,0001562762-18-000323,10-Q,2018-11-02,MDA,FAIL,item_absent_from_toc,item_absent_from_toc,none,low,0,0.0,,,meli-20180930x10q.htm,
1099590,MERCADOLIBRE INC,financials,core,0001562762-19-000123,10-Q,2019-05-03,MDA,FAIL,item_absent_from_toc,item_absent_from_toc,none,low,0,0.0,,,meli-20190331x10q.htm,
732717,AT&T INC.,utilities,extension,0001562762-19-000164,10-Q,2019-08-05,MDA,FLAGGED,heading_regex_fallback,heading_regex_fallback,heading_regex,low,11015,0.4802,0.00043,0.55929,t-20190630.htm,
732717,AT&T INC.,utilities,extension,0001562762-19-000164,10-Q,2019-08-05,RISK_FACTORS,FLAGGED,heading_regex_fallback,heading_regex_fallback,heading_regex,low,51,0.9216,0.0,,t-20190630.htm,
1163165,CONOCOPHILLIPS,energy,core,0001562762-20-000162,10-Q,2020-05-05,MDA,FLAGGED,heading_regex_fallback,heading_regex_fallback,heading_regex,low,10943,0.0,0.0,0.47912,cop-20200331.htm,
1163165,CONOCOPHILLIPS,energy,core,0001562762-20-000162,10-Q,2020-05-05,RISK_FACTORS,FLAGGED,heading_regex_fallback,heading_regex_fallback,heading_regex,low,1208,0.0,0.0,0.47222,cop-20200331.htm,
732717,AT&T INC.,utilities,extension,0001562762-20-000171,10-Q,2020-05-06,MDA,FLAGGED,heading_regex_fallback,heading_regex_fallback,heading_regex,low,9575,0.4615,0.00028,0.52821,t-20200331.htm,
732717,AT&T INC.,utilities,extension,0001562762-20-000171,10-Q,2020-05-06,RISK_FACTORS,FLAGGED,heading_regex_fallback,heading_regex_fallback,heading_regex,low,781,0.8694,0.0,0.49281,t-20200331.htm,
1163165,CONOCOPHILLIPS,energy,core,0001562762-20-000267,10-Q,2020-08-04,MDA,FLAGGED,heading_regex_fallback,heading_regex_fallback,heading_regex,low,11964,0.0,0.0,0.48997,COP20202q10q.htm,
1163165,CONOCOPHILLIPS,energy,core,0001562762-20-000267,10-Q,2020-08-04,RISK_FACTORS,FLAGGED,heading_regex_fallback,heading_regex_fallback,heading_regex,low,1190,0.0,0.0,0.47315,COP20202q10q.htm,
732717,AT&T INC.,utilities,extension,0001562762-20-000279,10-Q,2020-08-05,MDA,FLAGGED,heading_regex_fallback,heading_regex_fallback,heading_regex,low,12273,0.4526,0.00067,0.56071,T2q2010q.htm,
732717,AT&T INC.,utilities,extension,0001562762-20-000279,10-Q,2020-08-05,RISK_FACTORS,FLAGGED,heading_regex_fallback,heading_regex_fallback,heading_regex,low,88,0.5909,0.0,0.62162,T2q2010q.htm,
1163165,CONOCOPHILLIPS,energy,core,0001562762-20-000367,10-Q,2020-11-03,MDA,FLAGGED,heading_regex_fallback,heading_regex_fallback,heading_regex,low,13659,0.0,0.0,0.48872,COP20203q10q.htm,
1163165,CONOCOPHILLIPS,energy,core,0001562762-20-000367,10-Q,2020-11-03,RISK_FACTORS,FLAGGED,heading_regex_fallback,heading_regex_fallback,heading_regex,low,3365,0.0,0.0,0.49412,COP20203q10q.htm,
1163165,CONOCOPHILLIPS,energy,core,0001562762-21-000193,10-Q,2021-05-06,MDA,FLAGGED,heading_regex_fallback,heading_regex_fallback,heading_regex,low,11491,0.0,0.0,0.47894,COP20211q10q.htm,
1163165,CONOCOPHILLIPS,energy,core,0001562762-21-000193,10-Q,2021-05-06,RISK_FACTORS,FLAGGED,heading_regex_fallback,heading_regex_fallback,heading_regex,low,27,0.0,0.0,,COP20211q10q.htm,
1163165,CONOCOPHILLIPS,energy,core,0001562762-21-000304,10-Q,2021-08-05,MDA,FLAGGED,heading_regex_fallback,heading_regex_fallback,heading_regex,low,12093,0.0,0.0,0.48226,cop20212q10q.htm,
1163165,CONOCOPHILLIPS,energy,core,0001562762-21-000304,10-Q,2021-08-05,RISK_FACTORS,FLAGGED,heading_regex_fallback,heading_regex_fallback,heading_regex,low,27,0.0,0.0,,cop20212q10q.htm,
1163165,CONOCOPHILLIPS,energy,core,0001562762-21-000409,10-Q,2021-11-04,MDA,FLAGGED,heading_regex_fallback,heading_regex_fallback,heading_regex,low,12809,0.0,0.0,0.48255,cop20213q10q.htm,
1163165,CONOCOPHILLIPS,energy,core,0001562762-21-000409,10-Q,2021-11-04,RISK_FACTORS,FLAGGED,heading_regex_fallback,heading_regex_fallback,heading_regex,low,787,0.0,0.0,0.50654,cop20213q10q.htm,
1099590,MERCADOLIBRE INC,financials,core,0001562762-22-000223,10-Q,2022-05-06,RISK_FACTORS,FLAGGED,head_foreign_item,head_foreign_item,anchor,medium,38,0.0,0.0,,meli-20220331x10q.htm,
1099590,MERCADOLIBRE INC,financials,core,0001562762-22-000334,10-Q,2022-08-04,RISK_FACTORS,FLAGGED,head_foreign_item,head_foreign_item,anchor,medium,38,0.0,0.0,,meli-20220630x10q.htm,
1099590,MERCADOLIBRE INC,financials,core,0001562762-22-000430,10-Q,2022-11-04,RISK_FACTORS,FLAGGED,head_foreign_item,head_foreign_item,anchor,medium,38,0.0,0.0,,meli-20220930x10q.htm,
97476,TEXAS INSTRUMENTS INC,tech,core,0001564590-15-006014,10-Q,2015-08-04,MDA,FLAGGED,heading_regex_fallback,heading_regex_fallback,heading_regex,low,2755,0.5499,0.0,0.56831,txn-10q_20150630.htm,
97476,TEXAS INSTRUMENTS INC,tech,core,0001564590-15-006014,10-Q,2015-08-04,RISK_FACTORS,FLAGGED,heading_regex_fallback,heading_regex_fallback,heading_regex,low,31,0.0,0.0,,txn-10q_20150630.htm,
97476,TEXAS INSTRUMENTS INC,tech,core,0001564590-15-009541,10-Q,2015-11-05,MDA,FLAGGED,heading_regex_fallback,heading_regex_fallback,heading_regex,low,2852,0.5231,0.0,0.5661,txn-10q_20150930.htm,
97476,TEXAS INSTRUMENTS INC,tech,core,0001564590-15-009541,10-Q,2015-11-05,RISK_FACTORS,FLAGGED,heading_regex_fallback,heading_regex_fallback,heading_regex,low,31,0.0,0.0,,txn-10q_20150930.htm,
1578845,Allergan plc,healthcare,core,0001564590-15-009844,10-Q,2015-11-06,RISK_FACTORS,FLAGGED,head_foreign_item,head_foreign_item,anchor,medium,35,0.0,0.0,,agn-10q_20150930.htm,
97476,TEXAS INSTRUMENTS INC,tech,core,0001564590-16-017570,10-Q,2016-05-04,MDA,FLAGGED,heading_regex_fallback,heading_regex_fallback,heading_regex,low,2355,0.5817,0.0,0.55658,txn-10q_20160331.htm,
97476,TEXAS INSTRUMENTS INC,tech,core,0001564590-16-017570,10-Q,2016-05-04,RISK_FACTORS,FLAGGED,heading_regex_fallback,heading_regex_fallback,heading_regex,low,31,0.0,0.0,,txn-10q_20160331.htm,
1578845,Allergan plc,healthcare,core,0001564590-16-018775,10-Q,2016-05-10,RISK_FACTORS,FLAGGED,head_foreign_item,head_foreign_item,anchor,medium,35,0.0,0.0,,agn-10q_20160331.htm,
87347,SLB LIMITED/NV,energy,core,0001564590-16-021567,10-Q,2016-07-27,RISK_FACTORS,FAIL,anchor_span_below_min_chars,anchor_span_below_min_chars,none,low,0,0.0,,,slb-10q_20160630.htm,
97476,TEXAS INSTRUMENTS INC,tech,core,0001564590-16-022552,10-Q,2016-08-04,MDA,FLAGGED,heading_regex_fallback,heading_regex_fallback,heading_regex,low,2844,0.5176,0.0,0.56493,txn-10q_20160630.htm,
97476,TEXAS INSTRUMENTS INC,tech,core,0001564590-16-022552,10-Q,2016-08-04,RISK_FACTORS,FLAGGED,heading_regex_fallback,heading_regex_fallback,heading_regex,low,31,0.0,0.0,,txn-10q_20160630.htm,
1578845,Allergan plc,healthcare,core,0001564590-16-023337,10-Q,2016-08-08,RISK_FACTORS,FLAGGED,head_foreign_item,head_foreign_item,anchor,medium,35,0.0,0.0,,agn-10q_20160630.htm,
87347,SLB LIMITED/NV,energy,core,0001564590-16-026174,10-Q,2016-10-26,RISK_FACTORS,FAIL,anchor_span_below_min_chars,anchor_span_below_min_chars,none,low,0,0.0,,,slb-10q_20160930.htm,
97476,TEXAS INSTRUMENTS INC,tech,core,0001564590-16-027067,10-Q,2016-11-03,MDA,FLAGGED,heading_regex_fallback,heading_regex_fallback,heading_regex,low,2908,0.542,0.0,0.57044,txn-10q_20160930.htm,
97476,TEXAS INSTRUMENTS INC,tech,core,0001564590-16-027067,10-Q,2016-11-03,RISK_FACTORS,FLAGGED,heading_regex_fallback,heading_regex_fallback,heading_regex,low,31,0.0,0.0,,txn-10q_20160930.htm,
1578845,Allergan plc,healthcare,core,0001564590-16-027705,10-Q,2016-11-04,RISK_FACTORS,FLAGGED,head_foreign_item,head_foreign_item,anchor,medium,35,0.0,0.0,,agn-10q_20160930.htm,
87347,SLB LIMITED/NV,energy,core,0001564590-17-007214,10-Q,2017-04-26,RISK_FACTORS,FAIL,anchor_span_below_min_chars,anchor_span_below_min_chars,none,low,0,0.0,,,slb-10q_20170331.htm,
97476,TEXAS INSTRUMENTS INC,tech,core,0001564590-17-008260,10-Q,2017-05-03,MDA,FLAGGED,heading_regex_fallback,heading_regex_fallback,heading_regex,low,2890,0.5536,0.0,0.53112,txn-10q_20170331.htm,
97476,TEXAS INSTRUMENTS INC,tech,core,0001564590-17-008260,10-Q,2017-05-03,RISK_FACTORS,FLAGGED,heading_regex_fallback,heading_regex_fallback,heading_regex,low,31,0.0,0.0,,txn-10q_20170331.htm,
1578845,Allergan plc,healthcare,core,0001564590-17-009870,10-Q,2017-05-09,RISK_FACTORS,FLAGGED,head_foreign_item,head_foreign_item,anchor,medium,35,0.0,0.0,,agn-10q_20170331.htm,
87347,SLB LIMITED/NV,energy,core,0001564590-17-014007,10-Q,2017-07-26,RISK_FACTORS,FAIL,anchor_span_below_min_chars,anchor_span_below_min_chars,none,low,0,0.0,,,slb-10q_20170630.htm,
97476,TEXAS INSTRUMENTS INC,tech,core,0001564590-17-015153,10-Q,2017-08-03,MDA,FLAGGED,heading_regex_fallback,heading_regex_fallback,heading_regex,low,3302,0.4958,0.0,0.54176,txn-10q_20170630.htm,
97476,TEXAS INSTRUMENTS INC,tech,core,0001564590-17-015153,10-Q,2017-08-03,RISK_FACTORS,FLAGGED,heading_regex_fallback,heading_regex_fallback,heading_regex,low,31,0.0,0.0,,txn-10q_20170630.htm,
1578845,Allergan plc,healthcare,core,0001564590-17-016759,10-Q,2017-08-09,RISK_FACTORS,FLAGGED,head_foreign_item,head_foreign_item,anchor,medium,35,0.0,0.0,,agn-10q_20170630.htm,
87347,SLB LIMITED/NV,energy,core,0001564590-17-019977,10-Q,2017-10-25,RISK_FACTORS,FAIL,anchor_span_below_min_chars,anchor_span_below_min_chars,none,low,0,0.0,,,slb-10q_20170930.htm,
1578845,Allergan plc,healthcare,core,0001564590-17-020864,10-Q,2017-11-02,RISK_FACTORS,FLAGGED,head_foreign_item,head_foreign_item,anchor,medium,35,0.0,0.0,,agn-10q_20170930.htm,
97476,TEXAS INSTRUMENTS INC,tech,core,0001564590-17-021032,10-Q,2017-11-02,MDA,FLAGGED,heading_regex_fallback,heading_regex_fallback,heading_regex,low,3345,0.533,0.0,0.53971,txn-10q_20170930.htm,
97476,TEXAS INSTRUMENTS INC,tech,core,0001564590-17-021032,10-Q,2017-11-02,RISK_FACTORS,FLAGGED,heading_regex_fallback,heading_regex_fallback,heading_regex,low,31,0.0,0.0,,txn-10q_20170930.htm,
87347,SLB LIMITED/NV,energy,core,0001564590-18-008981,10-Q,2018-04-25,RISK_FACTORS,FAIL,anchor_span_below_min_chars,anchor_span_below_min_chars,none,low,0,0.0,,,slb-10q_20180331.htm,
97476,TEXAS INSTRUMENTS INC,tech,core,0001564590-18-010545,10-Q,2018-05-03,MDA,FLAGGED,heading_regex_fallback,heading_regex_fallback,heading_regex,low,2505,0.5669,0.0,0.55917,txn-10q_20180331.htm,
97476,TEXAS INSTRUMENTS INC,tech,core,0001564590-18-010545,10-Q,2018-05-03,RISK_FACTORS,FLAGGED,heading_regex_fallback,heading_regex_fallback,heading_regex,low,31,0.0,0.0,,txn-10q_20180331.htm,
1578845,Allergan plc,healthcare,core,0001564590-18-010702,10-Q,2018-05-03,RISK_FACTORS,FLAGGED,head_foreign_item,head_foreign_item,anchor,medium,35,0.0,0.0,,agn-10q_20180331.htm,
87347,SLB LIMITED/NV,energy,core,0001564590-18-017379,10-Q,2018-07-25,RISK_FACTORS,FAIL,anchor_span_below_min_chars,anchor_span_below_min_chars,none,low,0,0.0,,,slb-10q_20180630.htm,
97476,TEXAS INSTRUMENTS INC,tech,core,0001564590-18-018753,10-Q,2018-08-02,MDA,FLAGGED,heading_regex_fallback,heading_regex_fallback,heading_regex,low,2862,0.551,0.0,0.57014,txn-10q_20180630.htm,
97476,TEXAS INSTRUMENTS INC,tech,core,0001564590-18-018753,10-Q,2018-08-02,RISK_FACTORS,FLAGGED,heading_regex_fallback,heading_regex_fallback,heading_regex,low,31,0.0,0.0,,txn-10q_20180630.htm,
1578845,Allergan plc,healthcare,core,0001564590-18-018996,10-Q,2018-08-03,RISK_FACTORS,FLAGGED,head_foreign_item,head_foreign_item,anchor,medium,30,0.0,0.0,,agn-10q_20180630.htm,
87347,SLB LIMITED/NV,energy,core,0001564590-18-024846,10-Q,2018-10-24,RISK_FACTORS,FAIL,anchor_span_below_min_chars,anchor_span_below_min_chars,none,low,0,0.0,,,slb-10q_20180930.htm,
1578845,Allergan plc,healthcare,core,0001564590-18-025723,10-Q,2018-10-31,RISK_FACTORS,FLAGGED,head_foreign_item,head_foreign_item,anchor,medium,30,0.0,0.0,,agn-10q_20180930.htm,
97476,TEXAS INSTRUMENTS INC,tech,core,0001564590-18-026405,10-Q,2018-11-02,MDA,FLAGGED,heading_regex_fallback,heading_regex_fallback,heading_regex,low,2980,0.5017,0.0,0.57143,txn-10q_20180930.htm,
97476,TEXAS INSTRUMENTS INC,tech,core,0001564590-18-026405,10-Q,2018-11-02,RISK_FACTORS,FLAGGED,heading_regex_fallback,heading_regex_fallback,heading_regex,low,31,0.0,0.0,,txn-10q_20180930.htm,
87347,SLB LIMITED/NV,energy,core,0001564590-19-012635,10-Q,2019-04-24,RISK_FACTORS,FAIL,anchor_span_below_min_chars,anchor_span_below_min_chars,none,low,0,0.0,,,slb-10q_20190331.htm,
97476,TEXAS INSTRUMENTS INC,tech,core,0001564590-19-014051,10-Q,2019-04-30,MDA,FAIL,no_toc_and_no_heading_match,no_toc_and_no_heading_match,none,low,0,0.0,,,txn-10q_20190331.htm,
97476,TEXAS INSTRUMENTS INC,tech,core,0001564590-19-014051,10-Q,2019-04-30,RISK_FACTORS,FLAGGED,heading_regex_fallback,heading_regex_fallback,heading_regex,low,31,0.0,0.0,,txn-10q_20190331.htm,
1578845,Allergan plc,healthcare,core,0001564590-19-016635,10-Q,2019-05-07,RISK_FACTORS,FLAGGED,head_foreign_item,head_foreign_item,anchor,medium,30,0.0,0.0,,agn-10q_20190331.htm,
87347,SLB LIMITED/NV,energy,core,0001564590-19-025739,10-Q,2019-07-24,RISK_FACTORS,FAIL,anchor_span_below_min_chars,anchor_span_below_min_chars,none,low,0,0.0,,,slb-10q_20190630.htm,
97476,TEXAS INSTRUMENTS INC,tech,core,0001564590-19-027328,10-Q,2019-07-31,MDA,FLAGGED,heading_regex_fallback,heading_regex_fallback,heading_regex,low,2672,0.4839,0.0,0.56489,txn-10q_20190630.htm,
97476,TEXAS INSTRUMENTS INC,tech,core,0001564590-19-027328,10-Q,2019-07-31,RISK_FACTORS,FLAGGED,heading_regex_fallback,heading_regex_fallback,heading_regex,low,31,0.0,0.0,,txn-10q_20190630.htm,
87347,SLB LIMITED/NV,energy,core,0001564590-19-037505,10-Q,2019-10-23,RISK_FACTORS,FAIL,anchor_span_below_min_chars,anchor_span_below_min_chars,none,low,0,0.0,,,slb-10q_20190930.htm,
21665,COLGATE PALMOLIVE CO,consumer,core,0001628280-15-005578,10-Q,2015-07-30,MDA,FAIL,no_toc_and_no_heading_match,no_toc_and_no_heading_match,none,low,0,0.0,,,cl-6302015x10q.htm,
21665,COLGATE PALMOLIVE CO,consumer,core,0001628280-15-005578,10-Q,2015-07-30,RISK_FACTORS,FLAGGED,heading_regex_fallback,heading_regex_fallback,heading_regex,low,35,0.0,0.0,,cl-6302015x10q.htm,
315293,Aon plc,financials,core,0001628280-15-005806,10-Q,2015-07-31,MDA,FLAGGED,heading_regex_fallback,heading_regex_fallback,heading_regex,low,10995,0.3096,0.0,0.57148,q22015aonplc10-q.htm,
315293,Aon plc,financials,core,0001628280-15-005806,10-Q,2015-07-31,RISK_FACTORS,FLAGGED,heading_regex_fallback,heading_regex_fallback,heading_regex,low,77,0.7662,0.0,0.59722,q22015aonplc10-q.htm,
21665,COLGATE PALMOLIVE CO,consumer,core,0001628280-15-008062,10-Q,2015-10-30,MDA,FAIL,no_toc_and_no_heading_match,no_toc_and_no_heading_match,none,low,0,0.0,,,cl-9302015x10q.htm,
21665,COLGATE PALMOLIVE CO,consumer,core,0001628280-15-008062,10-Q,2015-10-30,RISK_FACTORS,FLAGGED,heading_regex_fallback,heading_regex_fallback,heading_regex,low,35,0.0,0.0,,cl-9302015x10q.htm,
315293,Aon plc,financials,core,0001628280-15-008083,10-Q,2015-10-30,MDA,FLAGGED,heading_regex_fallback,heading_regex_fallback,heading_regex,low,11274,0.2641,0.0,0.5763,q32015aonplc10-q.htm,
315293,Aon plc,financials,core,0001628280-15-008083,10-Q,2015-10-30,RISK_FACTORS,FLAGGED,heading_regex_fallback,heading_regex_fallback,heading_regex,low,77,0.7662,0.0,0.59722,q32015aonplc10-q.htm,
21665,COLGATE PALMOLIVE CO,consumer,core,0001628280-16-014877,10-Q,2016-04-28,MDA,FAIL,no_toc_and_no_heading_match,no_toc_and_no_heading_match,none,low,0,0.0,,,cl-3312016x10q.htm,
21665,COLGATE PALMOLIVE CO,consumer,core,0001628280-16-014877,10-Q,2016-04-28,RISK_FACTORS,FLAGGED,heading_regex_fallback,heading_regex_fallback,heading_regex,low,35,0.0,0.0,,cl-3312016x10q.htm,
315293,Aon plc,financials,core,0001628280-16-015092,10-Q,2016-04-29,MDA,FLAGGED,heading_regex_fallback,heading_regex_fallback,heading_regex,low,8593,0.3533,0.0,0.54541,q12016aonplc10-q.htm,
315293,Aon plc,financials,core,0001628280-16-015092,10-Q,2016-04-29,RISK_FACTORS,FLAGGED,heading_regex_fallback,heading_regex_fallback,heading_regex,low,77,0.7662,0.0,0.59722,q12016aonplc10-q.htm,
21665,COLGATE PALMOLIVE CO,consumer,core,0001628280-16-017856,10-Q,2016-07-28,MDA,FAIL,no_toc_and_no_heading_match,no_toc_and_no_heading_match,none,low,0,0.0,,,cl-6302016x10q.htm,
21665,COLGATE PALMOLIVE CO,consumer,core,0001628280-16-017856,10-Q,2016-07-28,RISK_FACTORS,FLAGGED,heading_regex_fallback,heading_regex_fallback,heading_regex,low,35,0.0,0.0,,cl-6302016x10q.htm,
315293,Aon plc,financials,core,0001628280-16-017965,10-Q,2016-07-29,MDA,FLAGGED,heading_regex_fallback,heading_regex_fallback,heading_regex,low,10887,0.3139,0.0,0.5774,q22016aonplc10-q.htm,
315293,Aon plc,financials,core,0001628280-16-017965,10-Q,2016-07-29,RISK_FACTORS,FLAGGED,heading_regex_fallback,heading_regex_fallback,heading_regex,low,77,0.7662,0.0,0.59722,q22016aonplc10-q.htm,
315293,Aon plc,financials,core,0001628280-16-020443,10-Q,2016-10-28,MDA,FLAGGED,heading_regex_fallback,heading_regex_fallback,heading_regex,low,11348,0.3232,0.0,0.57668,q32016aonplc10-q.htm,
315293,Aon plc,financials,core,0001628280-16-020443,10-Q,2016-10-28,RISK_FACTORS,FLAGGED,heading_regex_fallback,heading_regex_fallback,heading_regex,low,77,0.7662,0.0,0.59722,q32016aonplc10-q.htm,
1001039,TWDC Enterprises 18 Corp.,consumer,core,0001628280-18-001147,10-Q,2018-02-06,MDA,FLAGGED,heading_regex_fallback,heading_regex_fallback,heading_regex,low,8638,0.5113,0.0,0.5167,fy2018_q1x10qxdoc.htm,
1001039,TWDC Enterprises 18 Corp.,consumer,core,0001628280-18-001147,10-Q,2018-02-06,RISK_FACTORS,FLAGGED,heading_regex_fallback,heading_regex_fallback,heading_regex,low,2275,0.8224,0.0,0.53038,fy2018_q1x10qxdoc.htm,
109198,TJX COMPANIES INC /DE/,consumer,core,0001628280-18-011568,10-Q,2018-08-31,MDA,FLAGGED,heading_regex_fallback,heading_regex_fallback,heading_regex,low,5776,0.3702,0.0,0.5522,tjx-10qx20180804.htm,
109198,TJX COMPANIES INC /DE/,consumer,core,0001628280-18-011568,10-Q,2018-08-31,RISK_FACTORS,FLAGGED,heading_regex_fallback,heading_regex_fallback,heading_regex,low,46,0.0,0.0,,tjx-10qx20180804.htm,
109198,TJX COMPANIES INC /DE/,consumer,core,0001628280-18-014818,10-Q,2018-12-04,MDA,FLAGGED,heading_regex_fallback,heading_regex_fallback,heading_regex,low,5938,0.3575,0.0,0.54789,tjx-10qx20181103.htm,
109198,TJX COMPANIES INC /DE/,consumer,core,0001628280-18-014818,10-Q,2018-12-04,RISK_FACTORS,FLAGGED,heading_regex_fallback,heading_regex_fallback,heading_regex,low,46,0.0,0.0,,tjx-10qx20181103.htm,
109198,TJX COMPANIES INC /DE/,consumer,core,0001628280-19-007432,10-Q,2019-05-31,MDA,FLAGGED,heading_regex_fallback,heading_regex_fallback,heading_regex,low,4886,0.4376,0.0,0.52788,tjx-10qx20190504.htm,
109198,TJX COMPANIES INC /DE/,consumer,core,0001628280-19-007432,10-Q,2019-05-31,RISK_FACTORS,FLAGGED,heading_regex_fallback,heading_regex_fallback,heading_regex,low,46,0.0,0.0,,tjx-10qx20190504.htm,
895421,MORGAN STANLEY,financials,core,0001628280-19-009973,10-Q,2019-08-05,MDA,FAIL,item_absent_from_toc,item_absent_from_toc,none,low,0,0.0,,,msq20630201910-q.htm,
109198,TJX COMPANIES INC /DE/,consumer,core,0001628280-19-011321,10-Q,2019-08-30,MDA,FLAGGED,heading_regex_fallback,heading_regex_fallback,heading_regex,low,5937,0.3391,0.0,0.53735,tjx-10qx20190803.htm,
109198,TJX COMPANIES INC /DE/,consumer,core,0001628280-19-011321,10-Q,2019-08-30,RISK_FACTORS,FLAGGED,heading_regex_fallback,heading_regex_fallback,heading_regex,low,46,0.0,0.0,,tjx-10qx20190803.htm,
895421,MORGAN STANLEY,financials,core,0001628280-19-013331,10-Q,2019-11-05,MDA,FAIL,item_absent_from_toc,item_absent_from_toc,none,low,0,0.0,,,msq30930201910-q.htm,
109198,TJX COMPANIES INC /DE/,consumer,core,0001628280-19-014690,10-Q,2019-12-03,MDA,FLAGGED,heading_regex_fallback,heading_regex_fallback,heading_regex,low,6352,0.8116,0.0,0.52633,tjx-20191102.htm,
109198,TJX COMPANIES INC /DE/,consumer,core,0001628280-19-014690,10-Q,2019-12-03,RISK_FACTORS,FLAGGED,heading_regex_fallback,heading_regex_fallback,heading_regex,low,46,0.0,0.0,,tjx-20191102.htm,
97476,TEXAS INSTRUMENTS INC,tech,core,0001628280-20-014630,10-Q,2020-10-21,MDA,FLAGGED,heading_regex_fallback,heading_regex_fallback,heading_regex,low,3093,0.6107,0.0,0.55552,txn-20200930.htm,
97476,TEXAS INSTRUMENTS INC,tech,core,0001628280-20-014630,10-Q,2020-10-21,RISK_FACTORS,FLAGGED,heading_regex_fallback,heading_regex_fallback,heading_regex,low,31,0.0,0.0,,txn-20200930.htm,
1318605,"Tesla, Inc.",consumer,core,0001628280-24-017503,10-Q,2024-04-24,MDA,FLAGGED,head_foreign_item,head_foreign_item|head_keyword_absent,anchor,medium,1136,0.5114,0.0,0.44886,tsla-20240331.htm,
1318605,"Tesla, Inc.",consumer,core,0001628280-24-032662,10-Q,2024-07-24,MDA,FLAGGED,head_foreign_item,head_foreign_item|head_keyword_absent,anchor,medium,1086,0.4696,0.0,0.44857,tsla-20240630.htm,
1318605,"Tesla, Inc.",consumer,core,0001628280-24-043486,10-Q,2024-10-24,MDA,FLAGGED,head_foreign_item,head_foreign_item|head_keyword_absent,anchor,medium,1209,0.4706,0.0,0.44709,tsla-20240930.htm,
1318605,"Tesla, Inc.",consumer,core,0001628280-25-018911,10-Q,2025-04-23,MDA,FLAGGED,head_foreign_item,head_foreign_item|head_keyword_absent,anchor,medium,1690,0.6651,0.0,0.46424,tsla-20250331.htm,
713676,"PNC FINANCIAL SERVICES GROUP, INC.",financials,core,0001628280-25-021752,10-Q,2025-05-02,MDA,FLAGGED,head_keyword_absent,head_keyword_absent,anchor,medium,22643,0.532,0.0,0.45588,pnc-20250331.htm,
1318605,"Tesla, Inc.",consumer,core,0001628280-25-035806,10-Q,2025-07-24,MDA,FLAGGED,head_foreign_item,head_foreign_item|head_keyword_absent,anchor,medium,1478,0.6265,0.0,0.4715,tsla-20250630.htm,
72741,EVERSOURCE ENERGY,utilities,extension,0001628280-25-037369,10-Q,2025-08-04,RISK_FACTORS,FLAGGED,head_keyword_absent,head_keyword_absent,anchor,medium,179,0.933,0.0,0.53086,es-20250630.htm,
1318605,"Tesla, Inc.",consumer,core,0001628280-25-045968,10-Q,2025-10-23,MDA,FLAGGED,head_foreign_item,head_foreign_item|head_keyword_absent,anchor,medium,1029,0.5015,0.0,0.4519,tsla-20250930.htm,
1060391,"REPUBLIC SERVICES, INC.",utilities,extension,0001628280-25-047655,10-Q,2025-10-31,MDA,FLAGGED,head_keyword_absent,head_keyword_absent,anchor,medium,10551,0.5811,0.0,0.56292,rsg-20250930.htm,
72741,EVERSOURCE ENERGY,utilities,extension,0001628280-25-050033,10-Q,2025-11-06,RISK_FACTORS,FLAGGED,head_keyword_absent,head_keyword_absent,anchor,medium,180,0.9278,0.0,0.53086,es-20250930.htm,
1318605,"Tesla, Inc.",consumer,core,0001628280-26-026673,10-Q,2026-04-23,MDA,FLAGGED,head_foreign_item,head_foreign_item|head_keyword_absent,anchor,medium,1770,0.7153,0.0,0.44543,tsla-20260331.htm,
72741,EVERSOURCE ENERGY,utilities,extension,0001628280-26-032278,10-Q,2026-05-07,RISK_FACTORS,FLAGGED,head_keyword_absent,head_keyword_absent,anchor,medium,422,0.8152,0.0,0.50633,es-20260331.htm,
1318605,"Tesla, Inc.",consumer,core,0001628280-26-049270,10-Q,2026-07-23,MDA,FLAGGED,head_foreign_item,below_length_floor|head_foreign_item|head_keyword_absent,anchor,medium,944,0.4894,0.0,0.44765,tsla-20260630.htm,
72741,EVERSOURCE ENERGY,utilities,extension,0001628280-26-051906,10-Q,2026-08-03,RISK_FACTORS,FLAGGED,head_keyword_absent,head_keyword_absent,anchor,medium,423,0.7352,0.0,0.50633,es-20260630.htm,
1633917,"PayPal Holdings, Inc.",financials,core,0001633917-15-000008,10-Q,2015-07-29,MDA,FLAGGED,heading_regex_fallback,heading_regex_fallback,heading_regex,low,9775,0.4763,0.0,0.57481,pypl10-qq22015.htm,
1633917,"PayPal Holdings, Inc.",financials,core,0001633917-15-000008,10-Q,2015-07-29,RISK_FACTORS,FLAGGED,heading_regex_fallback,heading_regex_fallback,heading_regex,low,17851,0.867,0.0,0.47277,pypl10-qq22015.htm,
1633917,"PayPal Holdings, Inc.",financials,core,0001633917-15-000052,10-Q,2015-10-29,MDA,FLAGGED,heading_regex_fallback,heading_regex_fallback,heading_regex,low,10817,0.5307,0.0,0.57748,pypl10-qq32015.htm,
1633917,"PayPal Holdings, Inc.",financials,core,0001633917-15-000052,10-Q,2015-10-29,RISK_FACTORS,FLAGGED,heading_regex_fallback,heading_regex_fallback,heading_regex,low,18568,0.8618,0.0,0.47018,pypl10-qq32015.htm,
1633917,"PayPal Holdings, Inc.",financials,core,0001633917-16-000161,10-Q,2016-04-28,MDA,FLAGGED,heading_regex_fallback,heading_regex_fallback,heading_regex,low,9887,0.5456,0.0,0.54532,pypl10-qq12016.htm,
1633917,"PayPal Holdings, Inc.",financials,core,0001633917-16-000161,10-Q,2016-04-28,RISK_FACTORS,FLAGGED,heading_regex_fallback,heading_regex_fallback,heading_regex,low,2712,0.9683,0.0,0.45499,pypl10-qq12016.htm,
1637459,Kraft Heinz Co,consumer,core,0001637459-15-000021,10-Q,2015-08-10,MDA,FLAGGED,heading_regex_fallback,heading_regex_fallback,heading_regex,low,8350,0.7721,0.0,0.51202,khc10q62815.htm,
1637459,Kraft Heinz Co,consumer,core,0001637459-15-000021,10-Q,2015-08-10,RISK_FACTORS,FLAGGED,heading_regex_fallback,heading_regex_fallback,heading_regex,low,7070,0.8573,0.0,0.48379,khc10q62815.htm,
1637459,Kraft Heinz Co,consumer,core,0001637459-17-000081,10-Q,2017-05-04,MDA,FLAGGED,head_keyword_absent,head_keyword_absent,anchor,medium,5857,0.4627,0.0,0.4839,khc2017q110q.htm,
6769,APACHE CORP,energy,core,0001673379-21-000027,10-Q,2021-11-05,MDA,FAIL,item_absent_from_toc,item_absent_from_toc,none,low,0,0.0,,,apa-20210930.htm,
1682852,"Moderna, Inc.",healthcare,core,0001682852-19-000023,10-Q,2019-05-09,MDA,FLAGGED,toc_recovered_f1,toc_recovered_f1,anchor_resolving_entry,medium,10471,0.6724,0.0,0.45425,moderna10-q3312019.htm,
1707925,LINDE PLC,materials_realestate,extension,0001707925-17-000008,10-Q,2017-10-30,MDA,FLAGGED,below_length_floor,below_length_floor,anchor,medium,836,0.6352,0.0,0.44362,lindeplcq3201710q.htm,
1707925,LINDE PLC,materials_realestate,extension,0001707925-18-000033,10-Q,2018-11-09,MDA,FLAGGED,below_length_floor,below_length_floor,anchor,medium,655,0.829,0.0,0.50242,lindeplcq3201810q.htm,
6769,APACHE CORP,energy,core,0001733037-21-000009,10-Q,2021-05-07,MDA,FAIL,item_absent_from_toc,item_absent_from_toc,none,low,0,0.0,,,apa-20210331.htm,
1739940,Cigna Group,healthcare,core,0001739940-19-000007,10-Q,2019-08-01,MDA,FLAGGED,heading_regex_fallback,heading_regex_fallback,heading_regex,low,10175,0.5629,0.0008,0.49175,ci-20190630.htm,
1739940,Cigna Group,healthcare,core,0001739940-19-000007,10-Q,2019-08-01,RISK_FACTORS,FLAGGED,heading_regex_fallback,heading_regex_fallback,heading_regex,low,25,0.0,0.0,,ci-20190630.htm,
1739940,Cigna Group,healthcare,core,0001739940-19-000012,10-Q,2019-10-31,MDA,FLAGGED,heading_regex_fallback,heading_regex_fallback,heading_regex,low,10619,0.5663,0.00076,0.49454,ci-20190930.htm,
1739940,Cigna Group,healthcare,core,0001739940-19-000012,10-Q,2019-10-31,RISK_FACTORS,FLAGGED,heading_regex_fallback,heading_regex_fallback,heading_regex,low,46,0.913,0.0,,ci-20190930.htm,
1744489,Walt Disney Co,consumer,core,0001744489-19-000100,10-Q,2019-05-08,MDA,FLAGGED,heading_regex_fallback,heading_regex_fallback,heading_regex,low,14820,0.3979,0.0,0.53459,fy2019q210qdoc.htm,
1744489,Walt Disney Co,consumer,core,0001744489-19-000100,10-Q,2019-05-08,RISK_FACTORS,FLAGGED,heading_regex_fallback,heading_regex_fallback,heading_regex,low,728,0.8448,0.0,0.5014,fy2019q210qdoc.htm,
1744489,Walt Disney Co,consumer,core,0001744489-19-000167,10-Q,2019-08-06,MDA,FLAGGED,heading_regex_fallback,heading_regex_fallback,heading_regex,low,15682,0.3399,0.0,0.53873,fy2019q310qdoc.htm,
1744489,Walt Disney Co,consumer,core,0001744489-19-000167,10-Q,2019-08-06,RISK_FACTORS,FLAGGED,heading_regex_fallback,heading_regex_fallback,heading_regex,low,732,0.8429,0.0,0.49861,fy2019q310qdoc.htm,
1744489,Walt Disney Co,consumer,core,0001744489-20-000046,10-Q,2020-02-04,MDA,FLAGGED,heading_regex_fallback,heading_regex_fallback,heading_regex,low,9665,0.4717,0.0,0.52903,dis-20191228.htm,
1744489,Walt Disney Co,consumer,core,0001744489-20-000046,10-Q,2020-02-04,RISK_FACTORS,FLAGGED,heading_regex_fallback,heading_regex_fallback,heading_regex,low,747,0.9264,0.0,0.4885,dis-20191228.htm,
1744489,Walt Disney Co,consumer,core,0001744489-20-000102,10-Q,2020-05-05,MDA,FLAGGED,heading_regex_fallback,heading_regex_fallback,heading_regex,low,19088,0.531,0.0,0.52816,dis-20200328.htm,
1744489,Walt Disney Co,consumer,core,0001744489-20-000102,10-Q,2020-05-05,RISK_FACTORS,FLAGGED,heading_regex_fallback,heading_regex_fallback,heading_regex,low,7477,0.882,0.0,0.49241,dis-20200328.htm,
1744489,Walt Disney Co,consumer,core,0001744489-20-000151,10-Q,2020-08-04,MDA,FLAGGED,heading_regex_fallback,heading_regex_fallback,heading_regex,low,19909,0.5637,0.0,0.51938,dis-20200627.htm,
1744489,Walt Disney Co,consumer,core,0001744489-20-000151,10-Q,2020-08-04,RISK_FACTORS,FLAGGED,heading_regex_fallback,heading_regex_fallback,heading_regex,low,7903,0.8833,0.0,0.49449,dis-20200627.htm,
1744489,Walt Disney Co,consumer,core,0001744489-21-000047,10-Q,2021-02-11,MDA,FLAGGED,heading_regex_fallback,heading_regex_fallback,heading_regex,low,11664,0.5772,0.0,0.50948,dis-20210102.htm,
1744489,Walt Disney Co,consumer,core,0001744489-21-000047,10-Q,2021-02-11,RISK_FACTORS,FLAGGED,heading_regex_fallback,heading_regex_fallback,heading_regex,low,5448,0.913,0.0,0.49173,dis-20210102.htm,
1744489,Walt Disney Co,consumer,core,0001744489-21-000108,10-Q,2021-05-13,MDA,FLAGGED,heading_regex_fallback,heading_regex_fallback,heading_regex,low,17548,0.5244,0.0,0.51883,dis-20210403.htm,
1744489,Walt Disney Co,consumer,core,0001744489-21-000108,10-Q,2021-05-13,RISK_FACTORS,FLAGGED,heading_regex_fallback,heading_regex_fallback,heading_regex,low,5508,0.9139,0.0,0.49011,dis-20210403.htm,
1744489,Walt Disney Co,consumer,core,0001744489-21-000181,10-Q,2021-08-12,MDA,FLAGGED,heading_regex_fallback,heading_regex_fallback,heading_regex,low,17731,0.5167,0.0,0.52085,dis-20210703.htm,
1744489,Walt Disney Co,consumer,core,0001744489-21-000181,10-Q,2021-08-12,RISK_FACTORS,FLAGGED,heading_regex_fallback,heading_regex_fallback,heading_regex,low,6084,0.8953,0.0,0.48902,dis-20210703.htm,
1744489,Walt Disney Co,consumer,core,0001744489-22-000059,10-Q,2022-02-09,MDA,FLAGGED,heading_regex_fallback,heading_regex_fallback,heading_regex,low,13233,0.584,0.0,0.49926,dis-20220101.htm,
1744489,Walt Disney Co,consumer,core,0001744489-22-000059,10-Q,2022-02-09,RISK_FACTORS,FLAGGED,heading_regex_fallback,heading_regex_fallback,heading_regex,low,92,0.9457,0.0,0.61176,dis-20220101.htm,
1744489,Walt Disney Co,consumer,core,0001744489-22-000100,10-Q,2022-05-11,MDA,FLAGGED,heading_regex_fallback,heading_regex_fallback,heading_regex,low,18779,0.5297,0.0,0.5139,dis-20220402.htm,
1744489,Walt Disney Co,consumer,core,0001744489-22-000100,10-Q,2022-05-11,RISK_FACTORS,FLAGGED,heading_regex_fallback,heading_regex_fallback,heading_regex,low,92,0.9457,0.0,0.61176,dis-20220402.htm,
1744489,Walt Disney Co,consumer,core,0001744489-22-000161,10-Q,2022-08-10,MDA,FLAGGED,heading_regex_fallback,heading_regex_fallback,heading_regex,low,19179,0.5513,0.0,0.51431,dis-20220702.htm,
1744489,Walt Disney Co,consumer,core,0001744489-22-000161,10-Q,2022-08-10,RISK_FACTORS,FLAGGED,heading_regex_fallback,heading_regex_fallback,heading_regex,low,92,0.9457,0.0,0.61176,dis-20220702.htm,
1744489,Walt Disney Co,consumer,core,0001744489-23-000049,10-Q,2023-02-08,MDA,FLAGGED,heading_regex_fallback,heading_regex_fallback,heading_regex,low,11542,0.5791,0.0,0.50551,dis-20221231.htm,
1744489,Walt Disney Co,consumer,core,0001744489-23-000049,10-Q,2023-02-08,RISK_FACTORS,FLAGGED,heading_regex_fallback,heading_regex_fallback,heading_regex,low,1430,0.8587,0.0,0.48023,dis-20221231.htm,
1744489,Walt Disney Co,consumer,core,0001744489-23-000099,10-Q,2023-05-10,MDA,FLAGGED,heading_regex_fallback,heading_regex_fallback,heading_regex,low,16807,0.4759,0.0,0.51174,dis-20230401.htm,
1744489,Walt Disney Co,consumer,core,0001744489-23-000099,10-Q,2023-05-10,RISK_FACTORS,FLAGGED,heading_regex_fallback,heading_regex_fallback,heading_regex,low,2745,0.8849,0.0,0.48036,dis-20230401.htm,
1744489,Walt Disney Co,consumer,core,0001744489-23-000171,10-Q,2023-08-09,MDA,FLAGGED,heading_regex_fallback,heading_regex_fallback,heading_regex,low,17402,0.4779,0.0,0.50879,dis-20230701.htm,
1744489,Walt Disney Co,consumer,core,0001744489-23-000171,10-Q,2023-08-09,RISK_FACTORS,FLAGGED,heading_regex_fallback,heading_regex_fallback,heading_regex,low,2777,0.8992,0.0,0.47874,dis-20230701.htm,
1744489,Walt Disney Co,consumer,core,0001744489-24-000081,10-Q,2024-02-07,MDA,FLAGGED,heading_regex_fallback,heading_regex_fallback,heading_regex,low,12732,0.5154,0.0,0.50455,dis-20231230.htm,
1744489,Walt Disney Co,consumer,core,0001744489-24-000081,10-Q,2024-02-07,RISK_FACTORS,FLAGGED,heading_regex_fallback,heading_regex_fallback,heading_regex,low,657,0.6286,0.0,0.45353,dis-20231230.htm,
1744489,Walt Disney Co,consumer,core,0001744489-24-000152,10-Q,2024-05-07,MDA,FLAGGED,heading_regex_fallback,heading_regex_fallback,heading_regex,low,17718,0.4352,0.0,0.51365,dis-20240330.htm,
1744489,Walt Disney Co,consumer,core,0001744489-24-000152,10-Q,2024-05-07,RISK_FACTORS,FLAGGED,heading_regex_fallback,heading_regex_fallback,heading_regex,low,616,0.6705,0.0,0.45424,dis-20240330.htm,
1744489,Walt Disney Co,consumer,core,0001744489-24-000232,10-Q,2024-08-07,MDA,FLAGGED,heading_regex_fallback,heading_regex_fallback,heading_regex,low,17739,0.4173,0.0,0.51355,dis-20240629.htm,
1744489,Walt Disney Co,consumer,core,0001744489-24-000232,10-Q,2024-08-07,RISK_FACTORS,FLAGGED,heading_regex_fallback,heading_regex_fallback,heading_regex,low,565,0.6372,0.0,0.44341,dis-20240629.htm,
6769,APACHE CORP,energy,core,0001784031-22-000016,10-Q,2022-05-05,MDA,FAIL,item_absent_from_toc,item_absent_from_toc,none,low,0,0.0,,,apa-20220331.htm,
6769,APACHE CORP,energy,core,0001784031-22-000022,10-Q,2022-08-04,MDA,FAIL,item_absent_from_toc,item_absent_from_toc,none,low,0,0.0,,,apa-20220630.htm,
6769,APACHE CORP,energy,core,0001784031-22-000029,10-Q,2022-11-03,MDA,FAIL,item_absent_from_toc,item_absent_from_toc,none,low,0,0.0,,,apa-20220930.htm,
6769,APACHE CORP,energy,core,0001784031-23-000014,10-Q,2023-05-04,MDA,FAIL,item_absent_from_toc,item_absent_from_toc,none,low,0,0.0,,,apa-20230331.htm,
6769,APACHE CORP,energy,core,0001784031-23-000020,10-Q,2023-08-03,MDA,FAIL,item_absent_from_toc,item_absent_from_toc,none,low,0,0.0,,,apa-20230630.htm,
6769,APACHE CORP,energy,core,0001784031-23-000026,10-Q,2023-11-02,MDA,FAIL,item_absent_from_toc,item_absent_from_toc,none,low,0,0.0,,,apa-20230930.htm,
6769,APACHE CORP,energy,core,0001784031-24-000009,10-Q,2024-05-02,MDA,FAIL,item_absent_from_toc,item_absent_from_toc,none,low,0,0.0,,,apa-20240331.htm,
6769,APACHE CORP,energy,core,0001784031-24-000014,10-Q,2024-08-02,MDA,FAIL,item_absent_from_toc,item_absent_from_toc,none,low,0,0.0,,,apa-20240630.htm,
6769,APACHE CORP,energy,core,0001871133-21-000008,10-Q,2021-08-05,MDA,FAIL,item_absent_from_toc,item_absent_from_toc,none,low,0,0.0,,,apa-20210630.htm,
6769,APACHE CORP,energy,core,0002040266-24-000004,10-Q,2024-11-07,MDA,FAIL,item_absent_from_toc,item_absent_from_toc,none,low,0,0.0,,,apa-20240930.htm,
2488,ADVANCED MICRO DEVICES INC,tech,core,0000002488-15-000035,8-K,2015-07-06,EX99_PRESS_RELEASE,FLAGGED,earnings_population_gate,earnings_population_gate,whole_document,medium,1261,0.9183,0.0,0.45647,a20150706ex991to8-kamdupda.htm,
2488,ADVANCED MICRO DEVICES INC,tech,core,0000002488-15-000040,8-K,2015-07-16,EX99_PRESS_RELEASE,FLAGGED,earnings_population_gate,earnings_population_gate,whole_document,medium,5591,0.54,0.0,0.45868,q215991.htm,
2488,ADVANCED MICRO DEVICES INC,tech,core,0000002488-18-000014,8-K,2018-01-30,EX99_PRESS_RELEASE,FLAGGED,earnings_population_gate,earnings_population_gate,whole_document,medium,5920,0.5096,0.0,0.49628,q417991.htm,
2488,ADVANCED MICRO DEVICES INC,tech,core,0000002488-18-000043,8-K,2018-02-27,EX99_PRESS_RELEASE,FLAGGED,earnings_population_gate,earnings_population_gate,whole_document,medium,1279,0.1892,0.0,0.52515,asc606overview.htm,
2488,ADVANCED MICRO DEVICES INC,tech,core,0000002488-22-000163,8-K,2022-10-06,EX99_PRESS_RELEASE,FLAGGED,earnings_population_gate,earnings_population_gate,whole_document,medium,1927,1.0,0.0,0.42136,q322earnings_prelimxfina.htm,
2488,ADVANCED MICRO DEVICES INC,tech,core,0000002488-22-000168,8-K,2022-11-01,EX99_PRESS_RELEASE,FLAGGED,earnings_population_gate,earnings_population_gate,whole_document,medium,4423,0.5089,0.0,0.46643,q32022991.htm,
2969,"Air Products & Chemicals, Inc.",materials_realestate,extension,0000002969-17-000016,8-K,2017-04-27,EX99_PRESS_RELEASE,FLAGGED,earnings_population_gate,earnings_population_gate,whole_document,medium,7272,0.3225,0.0,0.49206,exhibit99131mar2017.htm,
2969,"Air Products & Chemicals, Inc.",materials_realestate,extension,0000002969-17-000024,8-K,2017-06-05,EX99_PRESS_RELEASE,FLAGGED,earnings_population_gate,earnings_population_gate,whole_document,medium,56082,0.5406,0.0,0.48216,exhibit991-revised10xkx930.htm,
2969,"Air Products & Chemicals, Inc.",materials_realestate,extension,0000002969-25-000012,8-K,2025-02-06,EX99_PRESS_RELEASE,FLAGGED,earnings_population_gate,earnings_population_gate,whole_document,medium,5559,0.5566,0.0,0.47205,exhibit99131dec24.htm,
10795,BECTON DICKINSON & CO,healthcare,core,0000010795-18-000005,8-K,2018-02-06,EX99_PRESS_RELEASE,FLAGGED,earnings_population_gate,earnings_population_gate,whole_document,medium,3343,0.4993,0.0,0.4531,ex99112312017.htm,
10795,BECTON DICKINSON & CO,healthcare,core,0000010795-19-000002,8-K,2019-01-17,EX99_PRESS_RELEASE,FLAGGED,earnings_population_gate,earnings_population_gate,whole_document,medium,2183,0.5506,0.0,0.45604,ex99112312018preliminary.htm,
10795,BECTON DICKINSON & CO,healthcare,core,0000010795-19-000007,8-K,2019-02-05,EX99_PRESS_RELEASE,FLAGGED,earnings_population_gate,earnings_population_gate,whole_document,medium,5471,0.3058,0.0,0.4552,ex99112312018.htm,
10795,BECTON DICKINSON & CO,healthcare,core,0000010795-21-000013,8-K,2021-01-12,EX99_PRESS_RELEASE,FLAGGED,earnings_population_gate,earnings_population_gate,whole_document,medium,2233,0.7989,0.0,0.45783,ex99112312020-preliminaryr.htm,
10795,BECTON DICKINSON & CO,healthcare,core,0000010795-21-000025,8-K,2021-02-04,EX99_PRESS_RELEASE,FLAGGED,earnings_population_gate,earnings_population_gate,whole_document,medium,4297,0.5138,0.0,0.42288,ex99112312020-nextgen.htm,
10795,BECTON DICKINSON & CO,healthcare,core,0000010795-22-000031,8-K,2022-04-14,EX99_PRESS_RELEASE,FLAGGED,earnings_population_gate,earnings_population_gate|earnings_supplemental_diluted,whole_document,medium,2892,0.0405,0.0,0.49796,ex991042022.htm,
10795,BECTON DICKINSON & CO,healthcare,core,0000010795-22-000038,8-K,2022-05-05,EX99_PRESS_RELEASE,FLAGGED,earnings_population_gate,earnings_population_gate,whole_document,medium,6998,0.3588,0.0,0.43453,ex99103312022.htm,
10795,BECTON DICKINSON & CO,healthcare,core,0000010795-22-000042,8-K,2022-05-31,EX99_PRESS_RELEASE,FLAGGED,earnings_population_gate,earnings_population_gate|earnings_supplemental_diluted,whole_document,medium,1093,0.0659,0.0,0.49801,ex991052022_03312022recast.htm,
12927,BOEING CO,industrials,extension,0000012927-15-000050,8-K,2015-07-17,EX99_PRESS_RELEASE,FLAGGED,earnings_population_gate,earnings_population_gate,whole_document,medium,979,0.7497,0.0,0.42734,a201507jul17exhibit991.htm,
12927,BOEING CO,industrials,extension,0000012927-16-000086,8-K,2016-01-21,EX99_PRESS_RELEASE,FLAGGED,earnings_population_gate,earnings_population_gate,whole_document,medium,655,0.8092,0.0,0.4496,a201601jan21exhibit991.htm,
12927,BOEING CO,industrials,extension,0000012927-16-000137,8-K,2016-07-21,EX99_PRESS_RELEASE,FLAGGED,earnings_population_gate,earnings_population_gate,whole_document,medium,856,0.7488,0.0,0.44226,a201607jul21exhibit991.htm,
12927,BOEING CO,industrials,extension,0000012927-19-000053,8-K,2019-07-18,EX99_PRESS_RELEASE,FLAGGED,earnings_population_gate,earnings_population_gate,whole_document,medium,875,0.7211,0.0,0.48503,a201907jul18exhibit991.htm,
12927,BOEING CO,industrials,extension,0000012927-24-000067,8-K,2024-10-11,EX99_PRESS_RELEASE,FLAGGED,earnings_population_gate,earnings_population_gate,whole_document,medium,1116,0.9579,0.0,0.46948,a202410oct118kexhibit991.htm,
12927,BOEING CO,industrials,extension,0000012927-24-000079,8-K,2024-10-23,EX99_PRESS_RELEASE,FLAGGED,earnings_population_gate,earnings_population_gate,whole_document,medium,3890,0.3342,0.0,0.45266,a202409sep308kprex991.htm,
14272,BRISTOL MYERS SQUIBB CO,healthcare,core,0000014272-22-000112,8-K,2022-04-29,EX99_PRESS_RELEASE,FLAGGED,earnings_population_gate,earnings_population_gate,whole_document,medium,6359,0.5248,0.0,0.45734,q12022ex991.htm,
18230,CATERPILLAR INC,industrials,extension,0000018230-18-000277,8-K,2018-10-23,EX99_PRESS_RELEASE,FLAGGED,earnings_population_gate,earnings_population_gate,whole_document,medium,9912,0.3514,0.0,0.4786,cat_exx991x3qx2018xearning.htm,
18230,CATERPILLAR INC,industrials,extension,0000018230-18-000280,8-K,2018-10-23,EX99_PRESS_RELEASE,FLAGGED,earnings_population_gate,earnings_population_gate,whole_document,medium,9912,0.3514,0.0,0.4786,cat_exx991x3qx2018xearning.htm,
18230,CATERPILLAR INC,industrials,extension,0000018230-24-000047,8-K,2024-10-11,EX99_PRESS_RELEASE,FLAGGED,earnings_population_gate,earnings_population_gate,whole_document,medium,862,0.9188,0.0,0.39858,ex991toformcatdirectorelec.htm,
18230,CATERPILLAR INC,industrials,extension,0000018230-24-000050,8-K,2024-10-30,EX99_PRESS_RELEASE,FLAGGED,earnings_population_gate,earnings_population_gate,whole_document,medium,8370,0.2895,0.0,0.50569,ex991toformcat3q2024earnin.htm,
27419,TARGET CORP,consumer,core,0000027419-26-000009,8-K,2026-02-11,EX99_PRESS_RELEASE,FLAGGED,earnings_population_gate,earnings_population_gate,whole_document,medium,522,0.7184,0.0,0.33725,trgtannouncesexecutivelead.htm,
27419,TARGET CORP,consumer,core,0000027419-26-000012,8-K,2026-03-03,EX99_PRESS_RELEASE,FLAGGED,earnings_population_gate,earnings_population_gate,whole_document,medium,4134,0.4344,0.0,0.47219,a2025q4ex-99.htm,
30554,"EIDP, Inc.",materials_realestate,extension,0000030554-15-000081,8-K,2015-10-27,EX99_PRESS_RELEASE,FLAGGED,earnings_population_gate,earnings_population_gate,whole_document,medium,6273,0.3195,0.0,0.46152,a93015enr.htm,
31462,ECOLAB INC.,consumer,core,0000031462-16-000004,8-K,2016-03-23,EX99_PRESS_RELEASE,FLAGGED,earnings_population_gate,earnings_population_gate,whole_document,medium,578,0.4394,0.0,0.38764,ecl-20160323ex991dca9c8.htm,
32604,EMERSON ELECTRIC CO,industrials,extension,0000032604-16-000101,8-K,2016-11-01,EX99_PRESS_RELEASE,FLAGGED,earnings_population_gate,earnings_population_gate,whole_document,medium,3892,0.4964,0.0,0.44662,a2016q4release_ex991.htm,
32604,EMERSON ELECTRIC CO,industrials,extension,0000032604-16-000113,8-K,2016-12-19,EX99_PRESS_RELEASE,FLAGGED,earnings_population_gate,earnings_population_gate,whole_document,medium,1386,0.0368,0.0,0.40027,exhibit991.htm,
32604,EMERSON ELECTRIC CO,industrials,extension,0000032604-17-000040,8-K,2017-10-23,EX99_PRESS_RELEASE,FLAGGED,earnings_population_gate,earnings_population_gate,whole_document,medium,940,0.6309,0.0,0.4592,a2017q4pre_ex991.htm,
32604,EMERSON ELECTRIC CO,industrials,extension,0000032604-17-000042,8-K,2017-11-07,EX99_PRESS_RELEASE,FLAGGED,earnings_population_gate,earnings_population_gate,whole_document,medium,3262,0.4286,0.0,0.45004,a2017q4release_ex991.htm,
32604,EMERSON ELECTRIC CO,industrials,extension,0000032604-19-000022,8-K,2019-07-29,8K_BODY,FLAGGED,earnings_item202_block_thin,earnings_population_gate|earnings_item202_block_thin,item202_slice,medium,959,0.658,0.0,0.40508,fy2019orders8-kjulyrelease.htm,
32604,EMERSON ELECTRIC CO,industrials,extension,0000032604-19-000024,8-K,2019-08-06,EX99_PRESS_RELEASE,FLAGGED,earnings_population_gate,earnings_population_gate,whole_document,medium,3116,0.4718,0.0,0.42503,a2019q3release_ex991.htm,
32604,EMERSON ELECTRIC CO,industrials,extension,0000032604-19-000040,8-K,2019-10-01,EX99_PRESS_RELEASE,FLAGGED,earnings_population_gate,earnings_population_gate,whole_document,medium,707,0.8161,0.0,0.41159,reviewannouncementex991.htm,
32604,EMERSON ELECTRIC CO,industrials,extension,0000032604-19-000045,8-K,2019-11-05,EX99_PRESS_RELEASE,FLAGGED,earnings_population_gate,earnings_population_gate,whole_document,medium,3488,0.3443,0.0,0.4012,a2019q4releaseex991.htm,
32604,EMERSON ELECTRIC CO,industrials,extension,0000032604-21-000033,8-K,2021-11-03,EX99_PRESS_RELEASE,FLAGGED,earnings_population_gate,earnings_population_gate,whole_document,medium,4163,0.2724,0.0,0.40575,a2021q4release_ex991.htm,
32604,EMERSON ELECTRIC CO,industrials,extension,0000032604-22-000045,8-K,2022-11-29,EX99_PRESS_RELEASE,FLAGGED,earnings_population_gate,earnings_population_gate,whole_document,medium,1047,0.0,0.0,0.4,emr-9302022xcontinuingopsx.htm,
32604,EMERSON ELECTRIC CO,industrials,extension,0000032604-23-000027,8-K,2023-04-06,EX99_PRESS_RELEASE,FLAGGED,earnings_population_gate,earnings_population_gate,whole_document,medium,2988,0.1416,0.0,0.34466,anewpressreleasetablesxex9.htm,
32604,EMERSON ELECTRIC CO,industrials,extension,0000032604-25-000079,8-K,2025-11-05,EX99_PRESS_RELEASE,FLAGGED,earnings_population_gate,earnings_population_gate,whole_document,medium,4996,0.1713,0.0,0.39379,a2025q4release_ex991.htm,
32604,EMERSON ELECTRIC CO,industrials,extension,0000032604-25-000094,8-K,2025-11-20,EX99_PRESS_RELEASE,FLAGGED,garbled_text,earnings_population_gate|garbled_text,whole_document,medium,3109,0.0,0.0,0.11111,a2025updatedsegmentrelease.htm,
33213,EQT Corp,energy,core,0000033213-19-000004,8-K,2019-02-14,EX99_PRESS_RELEASE,FLAGGED,earnings_population_gate,earnings_population_gate,whole_document,medium,6925,0.4771,0.0,0.46433,ex991eqt12312018earningsre.htm,
33213,EQT Corp,energy,core,0000033213-20-000004,8-K,2020-02-27,EX99_PRESS_RELEASE,FLAGGED,earnings_population_gate,earnings_population_gate,whole_document,medium,8575,0.5532,0.0,0.45429,ex99112312019earningsr.htm,
33213,EQT Corp,energy,core,0000033213-20-000013,8-K,2020-05-07,EX99_PRESS_RELEASE,FLAGGED,earnings_population_gate,earnings_population_gate,whole_document,medium,5944,0.6082,0.0,0.46471,ex9913312020earningsre.htm,
33213,EQT Corp,energy,core,0000033213-22-000020,8-K,2022-07-27,EX99_PRESS_RELEASE,FLAGGED,earnings_population_gate,earnings_population_gate,whole_document,medium,5996,0.5292,0.0,0.48673,ex9916302022earningsrelease.htm,
33213,EQT Corp,energy,core,0000033213-22-000026,8-K,2022-10-26,EX99_PRESS_RELEASE,FLAGGED,earnings_population_gate,earnings_population_gate,whole_document,medium,6374,0.557,0.0,0.47657,ex9919302022earningsrelease.htm,
33213,EQT Corp,energy,core,0000033213-23-000002,8-K,2023-01-24,8K_BODY,FLAGGED,below_length_floor,earnings_population_gate|below_length_floor,item202_slice,medium,280,0.5571,0.0,0.57371,eqt-20230124.htm,
33213,EQT Corp,energy,core,0000033213-23-000005,8-K,2023-02-15,EX99_PRESS_RELEASE,FLAGGED,earnings_population_gate,earnings_population_gate,whole_document,medium,7505,0.5628,0.0,0.46156,ex99112312022eqt.htm,
33213,EQT Corp,energy,core,0000033213-23-000010,8-K,2023-04-13,8K_BODY,FLAGGED,below_length_floor,earnings_population_gate|earnings_thin_document|below_length_floor,item202_slice,medium,244,0.5287,0.0,0.54338,eqt-20230413.htm,
33213,EQT Corp,energy,core,0000033213-23-000014,8-K,2023-04-26,EX99_PRESS_RELEASE,FLAGGED,earnings_population_gate,earnings_population_gate,whole_document,medium,5942,0.6008,0.0,0.47518,ex9913312023earningsrelease.htm,
33213,EQT Corp,energy,core,0000033213-23-000019,8-K,2023-07-13,8K_BODY,FLAGGED,below_length_floor,earnings_population_gate|below_length_floor,item202_slice,medium,358,0.7626,0.0,0.5528,eqt-20230713.htm,
33213,EQT Corp,energy,core,0000033213-23-000025,8-K,2023-07-25,EX99_PRESS_RELEASE,FLAGGED,earnings_population_gate,earnings_population_gate,whole_document,medium,6404,0.565,0.0,0.47703,ex9916302023earningsrelease.htm,
33213,EQT Corp,energy,core,0000033213-23-000031,8-K,2023-10-12,8K_BODY,FLAGGED,below_length_floor,earnings_population_gate|below_length_floor,item202_slice,medium,376,0.7367,0.0,0.55193,eqt-20231012.htm,
33213,EQT Corp,energy,core,0000033213-23-000038,8-K,2023-10-25,EX99_PRESS_RELEASE,FLAGGED,earnings_population_gate,earnings_population_gate,whole_document,medium,6078,0.5472,0.0,0.47371,ex9919302023earningsrelease.htm,
33213,EQT Corp,energy,core,0000033213-24-000005,8-K,2024-02-13,EX99_PRESS_RELEASE,FLAGGED,earnings_population_gate,earnings_population_gate,whole_document,medium,7547,0.5573,0.0,0.45374,ex99112312023earningsrelea.htm,
33213,EQT Corp,energy,core,0000033213-24-000011,8-K,2024-04-11,8K_BODY,FLAGGED,below_length_floor,earnings_population_gate|below_length_floor,item202_slice,medium,301,0.4485,0.0,0.53358,eqt-20240411.htm,
33213,EQT Corp,energy,core,0000033213-24-000018,8-K,2024-04-23,EX99_PRESS_RELEASE,FLAGGED,earnings_population_gate,earnings_population_gate,whole_document,medium,5818,0.6085,0.0,0.45701,ex9913312024earningsrelease.htm,
33213,EQT Corp,energy,core,0000033213-24-000023,8-K,2024-07-11,8K_BODY,FLAGGED,below_length_floor,earnings_population_gate|below_length_floor,item202_slice,medium,301,0.4485,0.0,0.53358,eqt-20240711.htm,
33213,EQT Corp,energy,core,0000033213-24-000030,8-K,2024-07-23,EX99_PRESS_RELEASE,FLAGGED,earnings_population_gate,earnings_population_gate,whole_document,medium,5433,0.5168,0.0,0.45884,ex9916302024earningsrelease.htm,
33213,EQT Corp,energy,core,0000033213-24-000035,8-K,2024-10-17,8K_BODY,FLAGGED,below_length_floor,earnings_population_gate|below_length_floor,item202_slice,medium,301,0.4485,0.0,0.53358,eqt-20241017.htm,
33213,EQT Corp,energy,core,0000033213-24-000042,8-K,2024-10-29,EX99_PRESS_RELEASE,FLAGGED,earnings_population_gate,earnings_population_gate,whole_document,medium,6267,0.5786,0.0,0.46521,ex9919302024earningsrelease.htm,
33213,EQT Corp,energy,core,0000033213-25-000002,8-K,2025-01-30,8K_BODY,FLAGGED,below_length_floor,earnings_population_gate|below_length_floor,item202_slice,medium,301,0.4485,0.0,0.53731,eqt-20250130.htm,
33213,EQT Corp,energy,core,0000033213-25-000008,8-K,2025-02-18,EX99_PRESS_RELEASE,FLAGGED,earnings_population_gate,earnings_population_gate,whole_document,medium,7911,0.5818,0.0,0.46306,ex99112312024earningsrelea.htm,
33213,EQT Corp,energy,core,0000033213-25-000014,8-K,2025-04-10,8K_BODY,FLAGGED,below_length_floor,earnings_population_gate|below_length_floor,item202_slice,medium,302,0.447,0.0,0.53704,eqt-20250410.htm,
33213,EQT Corp,energy,core,0000033213-25-000021,8-K,2025-04-22,EX99_PRESS_RELEASE,FLAGGED,earnings_population_gate,earnings_population_gate,whole_document,medium,7838,0.6184,0.0,0.45543,ex9913312025earningsrelease.htm,
33213,EQT Corp,energy,core,0000033213-25-000026,8-K,2025-07-10,8K_BODY,FLAGGED,below_length_floor,earnings_population_gate|below_length_floor,item202_slice,medium,302,0.447,0.0,0.53333,eqt-20250710.htm,
33213,EQT Corp,energy,core,0000033213-25-000030,8-K,2025-07-22,EX99_PRESS_RELEASE,FLAGGED,earnings_population_gate,earnings_population_gate,whole_document,medium,8356,0.5212,0.0,0.46366,ex9916302025earningsrelease.htm,
33213,EQT Corp,energy,core,0000033213-25-000040,8-K,2025-10-14,8K_BODY,FLAGGED,below_length_floor,earnings_population_gate|below_length_floor,item202_slice,medium,302,0.447,0.0,0.53333,eqt-20251014.htm,
33213,EQT Corp,energy,core,0000033213-25-000047,8-K,2025-10-21,EX99_PRESS_RELEASE,FLAGGED,earnings_population_gate,earnings_population_gate,whole_document,medium,8321,0.5332,0.0,0.4641,ex9919302025earningsrelease.htm,
33213,EQT Corp,energy,core,0000033213-26-000005,8-K,2026-01-29,8K_BODY,FLAGGED,below_length_floor,earnings_population_gate|below_length_floor,item202_slice,medium,302,0.447,0.0,0.53532,eqt-20260129.htm,
33213,EQT Corp,energy,core,0000033213-26-000012,8-K,2026-02-17,EX99_PRESS_RELEASE,FLAGGED,earnings_population_gate,earnings_population_gate,whole_document,medium,9764,0.5619,0.0,0.45894,ex99112312025earningsrelea.htm,
33213,EQT Corp,energy,core,0000033213-26-000022,8-K,2026-04-14,8K_BODY,FLAGGED,below_length_floor,earnings_population_gate|below_length_floor,item202_slice,medium,302,0.447,0.0,0.53704,eqt-20260414.htm,
33213,EQT Corp,energy,core,0000033213-26-000028,8-K,2026-04-21,EX99_PRESS_RELEASE,FLAGGED,earnings_population_gate,earnings_population_gate,whole_document,medium,6163,0.4985,0.0,0.44496,ex9913312026earningsrelease.htm,
33213,EQT Corp,energy,core,0000033213-26-000035,8-K,2026-07-14,8K_BODY,FLAGGED,below_length_floor,earnings_population_gate|below_length_floor,item202_slice,medium,302,0.447,0.0,0.53333,eqt-20260714.htm,
33213,EQT Corp,energy,core,0000033213-26-000041,8-K,2026-07-21,EX99_PRESS_RELEASE,FLAGGED,earnings_population_gate,earnings_population_gate,whole_document,medium,7554,0.4923,0.0,0.45589,ex9916302026earningsrelease.htm,
34088,EXXON MOBIL CORP,energy,core,0000034088-16-000053,8-K,2016-02-02,EX99_PRESS_RELEASE,FLAGGED,earnings_population_gate,earnings_population_gate,whole_document,medium,3016,0.0,0.0,0.47543,f8k4q991.htm,
34088,EXXON MOBIL CORP,energy,core,0000034088-16-000060,8-K,2016-02-19,EX99_PRESS_RELEASE,FLAGGED,earnings_population_gate,earnings_population_gate,whole_document,medium,668,0.0,0.0,0.35748,r021916ex99.htm,
34088,EXXON MOBIL CORP,energy,core,0000034088-17-000014,8-K,2017-01-31,EX99_PRESS_RELEASE,FLAGGED,earnings_population_gate,earnings_population_gate,whole_document,medium,3926,0.0,0.0,0.45549,f8k4q991.htm,
34088,EXXON MOBIL CORP,energy,core,0000034088-17-000019,8-K,2017-02-23,EX99_PRESS_RELEASE,FLAGGED,earnings_population_gate,earnings_population_gate,whole_document,medium,678,0.0,0.0,0.38117,r022217ex99.htm,
34088,EXXON MOBIL CORP,energy,core,0000034088-18-000006,8-K,2018-02-02,EX99_PRESS_RELEASE,FLAGGED,earnings_population_gate,earnings_population_gate,whole_document,medium,4888,0.0,0.0,0.47692,f8k4q991.htm,
34088,EXXON MOBIL CORP,energy,core,0000034088-18-000012,8-K,2018-02-09,EX99_PRESS_RELEASE,FLAGGED,earnings_population_gate,earnings_population_gate,whole_document,medium,883,0.0,0.0,0.36928,r020918ex99.htm,
34088,EXXON MOBIL CORP,energy,core,0000034088-19-000002,8-K,2019-02-01,EX99_PRESS_RELEASE,FLAGGED,earnings_population_gate,earnings_population_gate,whole_document,medium,4203,0.0,0.0,0.39863,f8k4q991.htm,
34088,EXXON MOBIL CORP,energy,core,0000034088-19-000007,8-K,2019-02-26,EX99_PRESS_RELEASE,FLAGGED,earnings_population_gate,earnings_population_gate,whole_document,medium,702,0.0,0.0,0.3708,r022619ex99.htm,
37996,FORD MOTOR CO,consumer,core,0000037996-18-000006,8-K,2018-01-16,EX99_PRESS_RELEASE,FLAGGED,earnings_population_gate,earnings_population_gate,whole_document,medium,2191,0.0,0.0,0.42688,exhibit991todeutschebank.htm,
37996,FORD MOTOR CO,consumer,core,0000037996-18-000008,8-K,2018-01-24,EX99_PRESS_RELEASE,FLAGGED,earnings_population_gate,earnings_population_gate,whole_document,medium,3205,0.0,0.00288,0.51561,exhibit991pressreleasefo.htm,
37996,FORD MOTOR CO,consumer,core,0000037996-18-000033,8-K,2018-04-25,EX99_PRESS_RELEASE,FLAGGED,earnings_supplemental_diluted,earnings_supplemental_diluted,whole_document,medium,6061,0.0,0.0006,0.44862,exhibit991pressreleasefo.htm,
37996,FORD MOTOR CO,consumer,core,0000037996-18-000082,8-K,2018-10-24,EX99_PRESS_RELEASE,FLAGGED,garbled_text,garbled_text,whole_document,medium,3333,1.0,0.33539,0.0,exhibit991pressreleasefo.htm,
37996,FORD MOTOR CO,consumer,core,0000037996-19-000005,8-K,2019-01-16,EX99_PRESS_RELEASE,FAIL,empty_after_extraction,empty_after_extraction,none,low,0,0.0,,,exhibit991todeutschebank.htm,0 chars of extractable text
37996,FORD MOTOR CO,consumer,core,0000037996-19-000008,8-K,2019-01-23,EX99_PRESS_RELEASE,FLAGGED,earnings_population_gate,earnings_population_gate,whole_document,medium,6309,1.0,0.0,0.44116,exhibit991tojanuary2019e.htm,
37996,FORD MOTOR CO,consumer,core,0000037996-19-000065,8-K,2019-07-24,EX99_PRESS_RELEASE,FLAGGED,garbled_text,garbled_text,whole_document,medium,2609,1.0,0.24177,0.00743,exhibit991tojuly2019earn.htm,
37996,FORD MOTOR CO,consumer,core,0000037996-20-000031,8-K,2020-04-13,EX99_PRESS_RELEASE,FLAGGED,earnings_population_gate,earnings_population_gate,whole_document,medium,1394,1.0,0.0,0.42699,exhibit99toapril1320208k.htm,
37996,FORD MOTOR CO,consumer,core,0000037996-20-000039,8-K,2020-04-28,EX99_PRESS_RELEASE,FLAGGED,earnings_population_gate,earnings_population_gate,whole_document,medium,6962,1.0,0.0,0.44211,exhibit99toapril282020ea.htm,
45012,HALLIBURTON CO,energy,core,0000045012-16-000288,8-K,2016-04-25,8K_BODY,FLAGGED,earnings_population_gate,earnings_population_gate,item202_slice,medium,4658,0.8566,0.0,0.4492,hal_3312016-pressrelease.htm,
45012,HALLIBURTON CO,energy,core,0000045012-16-000290,8-K,2016-05-03,8K_BODY,FLAGGED,earnings_population_gate,earnings_population_gate,item202_slice,medium,3021,0.5002,0.0,0.54595,hal_03312016-er8k.htm,
47217,HP INC,tech,core,0000047217-26-000009,8-K,2026-02-24,EX99_PRESS_RELEASE,FLAGGED,earnings_population_gate,earnings_population_gate,whole_document,medium,7958,0.5667,0.0,0.455,hp13126exhibit991q126.htm,
49071,HUMANA INC,healthcare,core,0000049071-15-000072,8-K,2015-07-06,8K_BODY,FLAGGED,earnings_population_gate,earnings_population_gate,item202_slice,medium,505,0.6911,0.0,0.49455,humana8-k07062015.htm,
49071,HUMANA INC,healthcare,core,0000049071-16-000113,8-K,2016-01-08,8K_BODY,FLAGGED,earnings_item202_block_thin,earnings_population_gate|earnings_item202_block_thin,item202_slice,medium,535,0.5495,0.0,0.45062,humana8-k01082016.htm,
49071,HUMANA INC,healthcare,core,0000049071-24-000005,8-K,2024-01-18,8K_BODY,FLAGGED,earnings_item202_block_thin,earnings_population_gate|earnings_item202_block_thin,item202_slice,medium,1466,0.472,0.0,0.43931,hum-20240118.htm,
49071,HUMANA INC,healthcare,core,0000049071-24-000007,8-K,2024-01-25,EX99_PRESS_RELEASE,FLAGGED,earnings_population_gate,earnings_population_gate,whole_document,medium,4123,0.47,0.0,0.41865,hum-2023q48kxex99x1brief.htm,
50863,INTEL CORP,tech,core,0000050863-16-000138,8-K,2016-07-20,EX99_PRESS_RELEASE,FLAGGED,earnings_supplemental_diluted,earnings_supplemental_diluted,whole_document,medium,5834,0.3236,0.0,0.43988,earningsreleaseq22016.htm,
50863,INTEL CORP,tech,core,0000050863-16-000150,8-K,2016-10-18,EX99_PRESS_RELEASE,FLAGGED,earnings_supplemental_diluted,earnings_supplemental_diluted,whole_document,medium,5833,0.349,0.0,0.44411,earningsreleaseq32016.htm,
50863,INTEL CORP,tech,core,0000050863-17-000040,8-K,2017-07-27,EX99_PRESS_RELEASE,FLAGGED,earnings_supplemental_diluted,earnings_supplemental_diluted,whole_document,medium,5551,0.3383,0.0,0.43567,newearningsreleaseq22017.htm,
50863,INTEL CORP,tech,core,0000050863-17-000047,8-K,2017-10-26,EX99_PRESS_RELEASE,FLAGGED,earnings_supplemental_diluted,earnings_supplemental_diluted,whole_document,medium,5003,0.3862,0.0,0.4348,a2017q3-earningsrelease.htm,
50863,INTEL CORP,tech,core,0000050863-21-000009,8-K,2021-01-21,EX99_PRESS_RELEASE,FLAGGED,earnings_population_gate,earnings_population_gate,whole_document,medium,5761,0.4727,0.0,0.43946,q420_earningsrelease.htm,
51143,INTERNATIONAL BUSINESS MACHINES CORP,tech,core,0000051143-26-000070,8-K,2026-07-14,EX99_PRESS_RELEASE,FLAGGED,earnings_population_gate,earnings_population_gate,whole_document,medium,1682,0.4703,0.0,0.43151,ibm-20260714xex991.htm,
51143,INTERNATIONAL BUSINESS MACHINES CORP,tech,core,0000051143-26-000077,8-K,2026-07-22,EX99_PRESS_RELEASE,FLAGGED,earnings_population_gate,earnings_population_gate,whole_document,medium,4223,0.2406,0.0,0.47333,ibm-20260722xex991.htm,
59478,ELI LILLY & Co,healthcare,core,0000059478-17-000201,8-K,2017-10-24,EX99_PRESS_RELEASE,FLAGGED,earnings_population_gate,earnings_population_gate,whole_document,medium,6974,0.3641,0.0,0.4946,q317lillysalesandearningsp.htm,
59478,ELI LILLY & Co,healthcare,core,0000059478-17-000255,8-K,2017-12-13,EX99_PRESS_RELEASE,FLAGGED,earnings_population_gate,earnings_population_gate,whole_document,medium,1676,0.5412,0.0,0.45233,a2018financeguidancereleas.htm,
59478,ELI LILLY & Co,healthcare,core,0000059478-18-000253,8-K,2018-11-06,EX99_PRESS_RELEASE,FLAGGED,earnings_population_gate,earnings_population_gate,whole_document,medium,7062,0.3597,0.0,0.49137,q318lillysalesandearningsp.htm,
59478,ELI LILLY & Co,healthcare,core,0000059478-18-000295,8-K,2018-12-19,EX99_PRESS_RELEASE,FLAGGED,earnings_population_gate,earnings_population_gate,whole_document,medium,2642,1.0,0.00045,0.43763,b2018invctymeetingpr.htm,
59478,ELI LILLY & Co,healthcare,core,0000059478-19-000269,8-K,2019-10-23,EX99_PRESS_RELEASE,FLAGGED,earnings_population_gate,earnings_population_gate,whole_document,medium,7142,0.3036,0.0,0.50374,q319lillysalesandearni.htm,
59478,ELI LILLY & Co,healthcare,core,0000059478-19-000322,8-K,2019-12-17,EX99_PRESS_RELEASE,FLAGGED,earnings_population_gate,earnings_population_gate,whole_document,medium,2003,0.6066,0.0,0.47247,lilly2020financialguid.htm,
59478,ELI LILLY & Co,healthcare,core,0000059478-20-000152,8-K,2020-10-27,EX99_PRESS_RELEASE,FLAGGED,earnings_population_gate,earnings_population_gate,whole_document,medium,7318,0.5403,0.0,0.50064,q320lillysalesandearni.htm,
59478,ELI LILLY & Co,healthcare,core,0000059478-20-000190,8-K,2020-12-15,EX99_PRESS_RELEASE,FLAGGED,earnings_population_gate,earnings_population_gate,whole_document,medium,2581,0.6122,0.0,0.48107,lly-2021financialguida.htm,
59478,ELI LILLY & Co,healthcare,core,0000059478-21-000213,8-K,2021-10-26,EX99_PRESS_RELEASE,FLAGGED,earnings_population_gate,earnings_population_gate,whole_document,medium,7284,0.5373,0.0,0.49952,q321lillysalesandearningsp.htm,
59478,ELI LILLY & Co,healthcare,core,0000059478-22-000117,8-K,2022-04-14,8K_BODY,FLAGGED,earnings_population_gate,earnings_population_gate,item202_slice,medium,512,0.7988,0.0,0.51927,lly-20220414.htm,
59478,ELI LILLY & Co,healthcare,core,0000059478-22-000130,8-K,2022-04-28,EX99_PRESS_RELEASE,FLAGGED,earnings_population_gate,earnings_population_gate,whole_document,medium,5475,0.5501,0.0,0.46159,q122lillysalesandearningsp.htm,
59478,ELI LILLY & Co,healthcare,core,0000059478-22-000248,8-K,2022-11-01,EX99_PRESS_RELEASE,FLAGGED,earnings_population_gate,earnings_population_gate,whole_document,medium,6187,0.5033,0.0,0.45449,q322lillysalesandearningsp.htm,
59478,ELI LILLY & Co,healthcare,core,0000059478-22-000277,8-K,2022-12-13,EX99_PRESS_RELEASE,FLAGGED,earnings_population_gate,earnings_population_gate,whole_document,medium,2244,0.6422,0.0,0.44582,lly-2023financialguidancep.htm,
59478,ELI LILLY & Co,healthcare,core,0000059478-25-000005,8-K,2025-01-14,EX99_PRESS_RELEASE,FLAGGED,earnings_population_gate,earnings_population_gate,whole_document,medium,1517,0.8253,0.0,0.46053,jpm_2025guidancexpressrele.htm,
59478,ELI LILLY & Co,healthcare,core,0000059478-25-000037,8-K,2025-02-06,EX99_PRESS_RELEASE,FLAGGED,earnings_population_gate,earnings_population_gate,whole_document,medium,4076,0.564,0.0,0.4672,q424lillysalesandearningsp.htm,
62709,"MARSH & MCLENNAN COMPANIES, INC.",financials,core,0000062709-15-000021,8-K,2015-07-28,EX99_PRESS_RELEASE,FLAGGED,earnings_supplemental_diluted,earnings_supplemental_diluted,whole_document,medium,3961,0.3507,0.0,0.53359,a2q15ex991newsrelease.htm,
62709,"MARSH & MCLENNAN COMPANIES, INC.",financials,core,0000062709-15-000030,8-K,2015-10-27,EX99_PRESS_RELEASE,FLAGGED,earnings_supplemental_diluted,earnings_supplemental_diluted,whole_document,medium,4012,0.3811,0.0,0.53368,a3q15ex991newsrelease.htm,
62709,"MARSH & MCLENNAN COMPANIES, INC.",financials,core,0000062709-16-000037,8-K,2016-02-04,EX99_PRESS_RELEASE,FLAGGED,earnings_supplemental_diluted,earnings_supplemental_diluted,whole_document,medium,4040,0.4248,0.0,0.52913,a4q15ex991newsrelease.htm,
62709,"MARSH & MCLENNAN COMPANIES, INC.",financials,core,0000062709-16-000066,8-K,2016-07-28,EX99_PRESS_RELEASE,FLAGGED,earnings_supplemental_diluted,earnings_supplemental_diluted,whole_document,medium,4047,0.3052,0.0,0.52733,a2q16ex991newsrelease.htm,
62709,"MARSH & MCLENNAN COMPANIES, INC.",financials,core,0000062709-16-000080,8-K,2016-10-25,EX99_PRESS_RELEASE,FLAGGED,earnings_supplemental_diluted,earnings_supplemental_diluted,whole_document,medium,3900,0.2833,0.0,0.5307,a3q16ex991newsrelease.htm,
62709,"MARSH & MCLENNAN COMPANIES, INC.",financials,core,0000062709-17-000005,8-K,2017-02-02,EX99_PRESS_RELEASE,FLAGGED,earnings_supplemental_diluted,earnings_supplemental_diluted,whole_document,medium,4284,0.3343,0.0,0.52719,a4q16ex991newsrelease.htm,
62709,"MARSH & MCLENNAN COMPANIES, INC.",financials,core,0000062709-17-000013,8-K,2017-04-27,EX99_PRESS_RELEASE,FLAGGED,earnings_supplemental_diluted,earnings_supplemental_diluted,whole_document,medium,3766,0.3941,0.0,0.5071,a1q17ex991newsrelease.htm,
62709,"MARSH & MCLENNAN COMPANIES, INC.",financials,core,0000062709-17-000027,8-K,2017-07-27,EX99_PRESS_RELEASE,FLAGGED,earnings_supplemental_diluted,earnings_supplemental_diluted,whole_document,medium,4236,0.3654,0.0,0.52963,a2q17ex991newsrelease.htm,
62709,"MARSH & MCLENNAN COMPANIES, INC.",financials,core,0000062709-17-000032,8-K,2017-10-26,EX99_PRESS_RELEASE,FLAGGED,earnings_supplemental_diluted,earnings_supplemental_diluted,whole_document,medium,4397,0.3941,0.0,0.52776,a3q17ex991newsrelease.htm,
62709,"MARSH & MCLENNAN COMPANIES, INC.",financials,core,0000062709-18-000004,8-K,2018-02-01,EX99_PRESS_RELEASE,FLAGGED,earnings_supplemental_diluted,earnings_supplemental_diluted,whole_document,medium,5249,0.3124,0.0,0.51564,a4q17ex991newsrelease.htm,
62709,"MARSH & MCLENNAN COMPANIES, INC.",financials,core,0000062709-18-000014,8-K,2018-04-26,EX99_PRESS_RELEASE,FLAGGED,earnings_supplemental_diluted,earnings_supplemental_diluted,whole_document,medium,4470,0.3394,0.0,0.51197,mmc1q18ex991newsrelease.htm,
62709,"MARSH & MCLENNAN COMPANIES, INC.",financials,core,0000062709-18-000029,8-K,2018-07-26,EX99_PRESS_RELEASE,FLAGGED,earnings_supplemental_diluted,earnings_supplemental_diluted,whole_document,medium,6508,0.34,0.0,0.52225,mmc2q18ex991newsrelease.htm,
62709,"MARSH & MCLENNAN COMPANIES, INC.",financials,core,0000062709-18-000037,8-K,2018-10-25,EX99_PRESS_RELEASE,FLAGGED,earnings_supplemental_diluted,earnings_supplemental_diluted,whole_document,medium,7536,0.3729,0.0,0.52067,mmc3q18ex991newsrelease.htm,
62709,"MARSH & MCLENNAN COMPANIES, INC.",financials,core,0000062709-19-000008,8-K,2019-01-31,EX99_PRESS_RELEASE,FLAGGED,earnings_supplemental_diluted,earnings_supplemental_diluted,whole_document,medium,8198,0.3925,0.0,0.51277,a4q18ex991newsrelease.htm,
62709,"MARSH & MCLENNAN COMPANIES, INC.",financials,core,0000062709-19-000013,8-K,2019-04-25,EX99_PRESS_RELEASE,FLAGGED,earnings_supplemental_diluted,earnings_supplemental_diluted,whole_document,medium,4378,0.2494,0.0,0.51217,mmc1q19ex991newsrelease.htm,
62709,"MARSH & MCLENNAN COMPANIES, INC.",financials,core,0000062709-19-000033,8-K,2019-07-30,EX99_PRESS_RELEASE,FLAGGED,earnings_supplemental_diluted,earnings_supplemental_diluted,whole_document,medium,6289,0.339,0.0,0.53405,mmc2q19ex991newsrelease.htm,
62709,"MARSH & MCLENNAN COMPANIES, INC.",financials,core,0000062709-19-000041,8-K,2019-10-29,EX99_PRESS_RELEASE,FLAGGED,earnings_supplemental_diluted,earnings_supplemental_diluted,whole_document,medium,6454,0.3547,0.0,0.54125,mmc3q19ex991newsrelease.htm,
62709,"MARSH & MCLENNAN COMPANIES, INC.",financials,core,0000062709-20-000004,8-K,2020-01-30,EX99_PRESS_RELEASE,FLAGGED,earnings_supplemental_diluted,earnings_supplemental_diluted,whole_document,medium,6482,0.3991,0.0,0.52687,a4q19ex991newsrelease.htm,
62709,"MARSH & MCLENNAN COMPANIES, INC.",financials,core,0000062709-20-000020,8-K,2020-04-30,EX99_PRESS_RELEASE,FLAGGED,earnings_supplemental_diluted,earnings_supplemental_diluted,whole_document,medium,4587,0.3464,0.0,0.51499,mmc1q20ex991newsrelease.htm,
62709,"MARSH & MCLENNAN COMPANIES, INC.",financials,core,0000062709-20-000039,8-K,2020-07-30,EX99_PRESS_RELEASE,FLAGGED,earnings_supplemental_diluted,earnings_supplemental_diluted,whole_document,medium,6086,0.3705,0.0,0.53535,mmc2q20ex991newsrelease.htm,
62709,"MARSH & MCLENNAN COMPANIES, INC.",financials,core,0000062709-20-000050,8-K,2020-10-29,EX99_PRESS_RELEASE,FLAGGED,earnings_supplemental_diluted,earnings_supplemental_diluted,whole_document,medium,5943,0.3756,0.0,0.53422,mmc3q20ex991newsrelease.htm,
62709,"MARSH & MCLENNAN COMPANIES, INC.",financials,core,0000062709-21-000003,8-K,2021-01-28,EX99_PRESS_RELEASE,FLAGGED,earnings_supplemental_diluted,earnings_supplemental_diluted,whole_document,medium,5993,0.3578,0.0,0.51835,a4q20ex991newsrelease.htm,
62709,"MARSH & MCLENNAN COMPANIES, INC.",financials,core,0000062709-21-000012,8-K,2021-04-27,EX99_PRESS_RELEASE,FLAGGED,earnings_supplemental_diluted,earnings_supplemental_diluted,whole_document,medium,3380,0.3491,0.0,0.51128,mmc1q2021ex991newsrelease.htm,
62709,"MARSH & MCLENNAN COMPANIES, INC.",financials,core,0000062709-21-000035,8-K,2021-07-22,EX99_PRESS_RELEASE,FLAGGED,earnings_supplemental_diluted,earnings_supplemental_diluted,whole_document,medium,4828,0.3351,0.0,0.53471,mmc2q2021ex991newsrelease.htm,
62709,"MARSH & MCLENNAN COMPANIES, INC.",financials,core,0000062709-21-000044,8-K,2021-10-21,EX99_PRESS_RELEASE,FLAGGED,earnings_supplemental_diluted,earnings_supplemental_diluted,whole_document,medium,4820,0.3228,0.0,0.53127,mmc3q2021ex991newsrelease.htm,
62709,"MARSH & MCLENNAN COMPANIES, INC.",financials,core,0000062709-22-000003,8-K,2022-01-27,EX99_PRESS_RELEASE,FLAGGED,earnings_supplemental_diluted,earnings_supplemental_diluted,whole_document,medium,5347,0.3503,0.0,0.5225,a4q21ex991newsrelease.htm,
62709,"MARSH & MCLENNAN COMPANIES, INC.",financials,core,0000062709-22-000020,8-K,2022-04-21,EX99_PRESS_RELEASE,FLAGGED,earnings_supplemental_diluted,earnings_supplemental_diluted,whole_document,medium,3451,0.2938,0.0,0.51308,mmc1q2022ex991newsrelease.htm,
62709,"MARSH & MCLENNAN COMPANIES, INC.",financials,core,0000062709-22-000061,8-K,2022-07-21,EX99_PRESS_RELEASE,FLAGGED,earnings_supplemental_diluted,earnings_supplemental_diluted,whole_document,medium,4932,0.3106,0.0,0.53055,mmc2q2022ex991newsrelease.htm,
62709,"MARSH & MCLENNAN COMPANIES, INC.",financials,core,0000062709-22-000078,8-K,2022-10-20,EX99_PRESS_RELEASE,FLAGGED,earnings_supplemental_diluted,earnings_supplemental_diluted,whole_document,medium,4977,0.3191,0.0,0.52706,mmc3q2022ex991newsrelease.htm,
62709,"MARSH & MCLENNAN COMPANIES, INC.",financials,core,0000062709-23-000006,8-K,2023-01-26,EX99_PRESS_RELEASE,FLAGGED,earnings_supplemental_diluted,earnings_supplemental_diluted,whole_document,medium,5318,0.295,0.0,0.51916,mmc4q2022ex991newsrelease.htm,
62709,"MARSH & MCLENNAN COMPANIES, INC.",financials,core,0000062709-23-000033,8-K,2023-04-20,EX99_PRESS_RELEASE,FLAGGED,earnings_supplemental_diluted,earnings_supplemental_diluted,whole_document,medium,4347,0.277,0.0,0.50986,mmc1q2023ex991newsrelease.htm,
62709,"MARSH & MCLENNAN COMPANIES, INC.",financials,core,0000062709-23-000072,8-K,2023-07-20,EX99_PRESS_RELEASE,FLAGGED,earnings_supplemental_diluted,earnings_supplemental_diluted,whole_document,medium,6189,0.2949,0.0,0.52076,mmc2q2023ex991newsrelease.htm,
62709,"MARSH & MCLENNAN COMPANIES, INC.",financials,core,0000062709-23-000093,8-K,2023-10-19,EX99_PRESS_RELEASE,FLAGGED,earnings_supplemental_diluted,earnings_supplemental_diluted,whole_document,medium,6093,0.3036,0.0,0.51908,mmc3q2023ex991newsrelease.htm,
62709,"MARSH & MCLENNAN COMPANIES, INC.",financials,core,0000062709-24-000005,8-K,2024-01-25,EX99_PRESS_RELEASE,FLAGGED,earnings_supplemental_diluted,earnings_supplemental_diluted,whole_document,medium,6252,0.2863,0.0,0.50404,mmc4q2023ex991newsrelease.htm,
62709,"MARSH & MCLENNAN COMPANIES, INC.",financials,core,0000062709-24-000032,8-K,2024-04-18,EX99_PRESS_RELEASE,FLAGGED,earnings_supplemental_diluted,earnings_supplemental_diluted,whole_document,medium,4232,0.3171,0.0,0.49584,mmc1q2024ex991newsrelease.htm,
62709,"MARSH & MCLENNAN COMPANIES, INC.",financials,core,0000062709-24-000068,8-K,2024-07-18,EX99_PRESS_RELEASE,FLAGGED,earnings_supplemental_diluted,earnings_supplemental_diluted,whole_document,medium,5659,0.2893,0.0,0.51252,mmc2q2024ex991newsrelease.htm,
62709,"MARSH & MCLENNAN COMPANIES, INC.",financials,core,0000062709-24-000089,8-K,2024-10-17,EX99_PRESS_RELEASE,FLAGGED,earnings_supplemental_diluted,earnings_supplemental_diluted,whole_document,medium,5750,0.3104,0.0,0.51189,mmc3q2024ex991newsrelease.htm,
62709,"MARSH & MCLENNAN COMPANIES, INC.",financials,core,0000062709-25-000006,8-K,2025-01-30,EX99_PRESS_RELEASE,FLAGGED,earnings_supplemental_diluted,earnings_supplemental_diluted,whole_document,medium,6476,0.2698,0.0,0.50022,mmc4q2024ex991newsrelease.htm,
62709,"MARSH & MCLENNAN COMPANIES, INC.",financials,core,0000062709-25-000024,8-K,2025-04-17,EX99_PRESS_RELEASE,FLAGGED,earnings_supplemental_diluted,earnings_supplemental_diluted,whole_document,medium,4147,0.3029,0.0,0.50902,mmc1q2025ex991newsrelease.htm,
62709,"MARSH & MCLENNAN COMPANIES, INC.",financials,core,0000062709-25-000067,8-K,2025-07-17,EX99_PRESS_RELEASE,FLAGGED,earnings_supplemental_diluted,earnings_supplemental_diluted,whole_document,medium,5820,0.295,0.0,0.51491,mmc2q2025ex991newsrelease.htm,
62709,"MARSH & MCLENNAN COMPANIES, INC.",financials,core,0000062709-25-000123,8-K,2025-10-16,EX99_PRESS_RELEASE,FLAGGED,earnings_supplemental_diluted,earnings_supplemental_diluted,whole_document,medium,5959,0.3292,0.0,0.51332,mmc3q2025ex991newsrelease.htm,
62709,"MARSH & MCLENNAN COMPANIES, INC.",financials,core,0000062709-26-000014,8-K,2026-01-29,EX99_PRESS_RELEASE,FLAGGED,earnings_supplemental_diluted,earnings_supplemental_diluted,whole_document,medium,6070,0.2914,0.0,0.51244,mmc4q2025ex991newsrelease.htm,
62709,"MARSH & MCLENNAN COMPANIES, INC.",financials,core,0000062709-26-000096,8-K,2026-04-16,EX99_PRESS_RELEASE,FLAGGED,earnings_supplemental_diluted,earnings_supplemental_diluted,whole_document,medium,4018,0.2964,0.0,0.5124,mmc1q2026ex991newsrelease.htm,
62709,"MARSH & MCLENNAN COMPANIES, INC.",financials,core,0000062709-26-000193,8-K,2026-07-21,EX99_PRESS_RELEASE,FLAGGED,earnings_supplemental_diluted,earnings_supplemental_diluted,whole_document,medium,5616,0.2881,0.0,0.51823,mmc2q2026ex991newsrelease.htm,
63908,MCDONALDS CORP,consumer,core,0000063908-20-000035,8-K,2020-04-08,EX99_PRESS_RELEASE,FLAGGED,earnings_population_gate,earnings_population_gate,whole_document,medium,2454,0.7119,0.0,0.48355,exhibit991-4082020.htm,
63908,MCDONALDS CORP,consumer,core,0000063908-20-000039,8-K,2020-04-30,EX99_PRESS_RELEASE,FLAGGED,earnings_population_gate,earnings_population_gate,whole_document,medium,1853,0.4269,0.0,0.46279,exhibit991-3312020.htm,
63908,MCDONALDS CORP,consumer,core,0000063908-20-000066,8-K,2020-10-08,EX99_PRESS_RELEASE,FLAGGED,earnings_population_gate,earnings_population_gate,whole_document,medium,1196,0.6237,0.0,0.41171,exhibit991-10082020.htm,
63908,MCDONALDS CORP,consumer,core,0000063908-20-000074,8-K,2020-11-09,EX99_PRESS_RELEASE,FLAGGED,earnings_population_gate,earnings_population_gate,whole_document,medium,2939,0.2691,0.0,0.47182,exhibit991-9302020.htm,
64040,S&P Global Inc.,industrials,extension,0000064040-20-000052,8-K,2020-02-06,EX99_PRESS_RELEASE,FLAGGED,earnings_population_gate,earnings_population_gate,whole_document,medium,7483,0.2109,0.0,0.50553,a4q2019earningsrelease.htm,
64040,S&P Global Inc.,industrials,extension,0000064040-20-000084,8-K,2020-03-26,EX99_PRESS_RELEASE,FLAGGED,earnings_population_gate,earnings_population_gate,whole_document,medium,700,0.0,0.0,0.40923,spgiform8-kmarch2020xe.htm,
64040,S&P Global Inc.,industrials,extension,0000064040-22-000051,8-K,2022-02-08,EX99_PRESS_RELEASE,FLAGGED,earnings_population_gate,earnings_population_gate,whole_document,medium,8059,0.5037,0.0,0.5099,a4q2021earningsrelease.htm,
64040,S&P Global Inc.,industrials,extension,0000064040-22-000059,8-K,2022-02-28,EX99_PRESS_RELEASE,FLAGGED,earnings_population_gate,earnings_population_gate,whole_document,medium,11819,0.1104,0.0,0.4637,spgiform8-kfebruary2022xex.htm,
64040,S&P Global Inc.,industrials,extension,0000064040-25-000122,8-K,2025-04-29,EX99_PRESS_RELEASE,FLAGGED,earnings_supplemental_diluted,earnings_supplemental_diluted,whole_document,medium,5992,0.3969,0.0,0.45987,spgi1q2025-earningsrelease.htm,
64803,CVS HEALTH Corp,consumer,core,0000064803-15-000062,8-K,2015-10-30,EX99_PRESS_RELEASE,FLAGGED,earnings_population_gate,earnings_population_gate,whole_document,medium,5526,0.3945,0.0,0.5231,exhibit991pressreleasedate.htm,
64803,CVS HEALTH Corp,consumer,core,0000064803-15-000066,8-K,2015-12-16,EX99_PRESS_RELEASE,FLAGGED,earnings_population_gate,earnings_population_gate,whole_document,medium,1490,0.8201,0.0,0.42897,exhibit9912015analystdaypr.htm,
64803,CVS HEALTH Corp,consumer,core,0000064803-18-000012,8-K,2018-02-08,EX99_PRESS_RELEASE,FLAGGED,earnings_population_gate,earnings_population_gate,whole_document,medium,7588,0.6405,0.0,0.50934,cvs-20180208ex9914c5024.htm,
64803,CVS HEALTH Corp,consumer,core,0000064803-22-000002,8-K,2022-01-11,8K_BODY,FLAGGED,earnings_population_gate,earnings_population_gate,item202_slice,medium,1607,0.7654,0.0,0.48568,cvs-20220111.htm,
64803,CVS HEALTH Corp,consumer,core,0000064803-22-000007,8-K,2022-02-09,EX99_PRESS_RELEASE,FLAGGED,earnings_population_gate,earnings_population_gate,whole_document,medium,10012,0.5002,0.0,0.50826,cvs_ex99x1q4-21.htm,
64803,CVS HEALTH Corp,consumer,core,0000064803-23-000003,8-K,2023-01-09,8K_BODY,FLAGGED,earnings_population_gate,earnings_population_gate,item202_slice,medium,1544,0.9339,0.0,0.5,cvs-20230109.htm,
64803,CVS HEALTH Corp,consumer,core,0000064803-23-000008,8-K,2023-02-08,EX99_PRESS_RELEASE,FLAGGED,earnings_population_gate,earnings_population_gate,whole_document,medium,9787,0.5065,0.0,0.50744,cvs_ex99x1q4-22.htm,
64803,CVS HEALTH Corp,consumer,core,0000064803-24-000006,8-K,2024-02-07,EX99_PRESS_RELEASE,FLAGGED,earnings_population_gate,earnings_population_gate,whole_document,medium,10533,0.5102,0.0,0.49589,cvs_ex99x1q4-23.htm,
64803,CVS HEALTH Corp,consumer,core,0000064803-24-000033,8-K,2024-11-06,EX99_PRESS_RELEASE,FLAGGED,earnings_population_gate,earnings_population_gate,whole_document,medium,8791,0.4675,0.0,0.49767,cvs_ex99x1q3-24.htm,
66740,3M CO,healthcare,core,0000066740-21-000009,8-K,2021-10-26,EX99_PRESS_RELEASE,FLAGGED,earnings_supplemental_diluted,earnings_supplemental_diluted,whole_document,medium,5692,0.412,0.0,0.46826,a2021q3-8kerexx991.htm,
66740,3M CO,healthcare,core,0000066740-22-000003,8-K,2022-01-25,EX99_PRESS_RELEASE,FLAGGED,earnings_population_gate,earnings_population_gate|earnings_supplemental_diluted,whole_document,medium,6161,0.4439,0.0,0.47088,a2021q4-8kerexx991.htm,
66740,3M CO,healthcare,core,0000066740-22-000017,8-K,2022-02-11,EX99_PRESS_RELEASE,FLAGGED,earnings_population_gate,earnings_population_gate,whole_document,medium,1414,0.3784,0.0,0.46939,a21122mini8-kex99.htm,
66740,3M CO,healthcare,core,0000066740-22-000030,8-K,2022-04-26,EX99_PRESS_RELEASE,FLAGGED,earnings_population_gate,earnings_population_gate,whole_document,medium,3733,0.3935,0.0,0.47726,a42622mini8-kex99.htm,
66740,3M CO,healthcare,core,0000066740-22-000032,8-K,2022-04-26,EX99_PRESS_RELEASE,FLAGGED,earnings_population_gate,earnings_population_gate|earnings_supplemental_diluted,whole_document,medium,5197,0.5374,0.0,0.46506,a2022q1-8kerexx991.htm,
66740,3M CO,healthcare,core,0000066740-22-000061,8-K,2022-07-26,EX99_PRESS_RELEASE,FLAGGED,earnings_supplemental_diluted,earnings_supplemental_diluted,whole_document,medium,6494,0.5162,0.0,0.46553,a2022q2-8kerexx991.htm,
66740,3M CO,healthcare,core,0000066740-22-000073,8-K,2022-10-25,EX99_PRESS_RELEASE,FLAGGED,earnings_supplemental_diluted,earnings_supplemental_diluted,whole_document,medium,6734,0.4862,0.0,0.46213,a2022q3-8kerexx991.htm,
66740,3M CO,healthcare,core,0000066740-23-000003,8-K,2023-01-24,EX99_PRESS_RELEASE,FLAGGED,earnings_population_gate,earnings_population_gate|earnings_supplemental_diluted,whole_document,medium,9632,0.4985,0.0,0.45667,a2022q4-8kerexx991.htm,
66740,3M CO,healthcare,core,0000066740-23-000018,8-K,2023-02-21,EX99_PRESS_RELEASE,FLAGGED,earnings_population_gate,earnings_population_gate,whole_document,medium,5450,0.3217,0.0,0.42544,a22123mini8-kex99.htm,
66740,3M CO,healthcare,core,0000066740-23-000023,8-K,2023-04-25,EX99_PRESS_RELEASE,FLAGGED,earnings_supplemental_diluted,earnings_supplemental_diluted,whole_document,medium,5991,0.4443,0.0,0.43804,a2023q1-8kerexx991.htm,
66740,3M CO,healthcare,core,0000066740-23-000056,8-K,2023-07-25,EX99_PRESS_RELEASE,FLAGGED,earnings_supplemental_diluted,earnings_supplemental_diluted,whole_document,medium,7579,0.3623,0.0,0.43429,a2023q2-8kerexx991.htm,
66740,3M CO,healthcare,core,0000066740-23-000088,8-K,2023-10-24,EX99_PRESS_RELEASE,FLAGGED,earnings_supplemental_diluted,earnings_supplemental_diluted,whole_document,medium,8310,0.3531,0.0,0.43729,a2023q3-8kerexx991.htm,
66740,3M CO,healthcare,core,0000066740-24-000005,8-K,2024-01-23,EX99_PRESS_RELEASE,FLAGGED,earnings_supplemental_diluted,earnings_supplemental_diluted,whole_document,medium,8802,0.3798,0.0,0.44167,a2023q4-8kerexx991.htm,
66740,3M CO,healthcare,core,0000066740-24-000051,8-K,2024-04-30,EX99_PRESS_RELEASE,FLAGGED,earnings_supplemental_diluted,earnings_supplemental_diluted,whole_document,medium,7452,0.3998,0.0,0.44628,q12024-8kerexx991.htm,
66740,3M CO,healthcare,core,0000066740-24-000077,8-K,2024-07-26,EX99_PRESS_RELEASE,FLAGGED,earnings_supplemental_diluted,earnings_supplemental_diluted,whole_document,medium,10460,0.3316,0.0,0.45885,q22024-8kerexx991.htm,
66740,3M CO,healthcare,core,0000066740-24-000098,8-K,2024-10-22,EX99_PRESS_RELEASE,FLAGGED,earnings_supplemental_diluted,earnings_supplemental_diluted,whole_document,medium,8496,0.3685,0.0,0.4512,q32024-8kerexx991.htm,
66740,3M CO,healthcare,core,0000066740-25-000002,8-K,2025-01-21,EX99_PRESS_RELEASE,FLAGGED,earnings_supplemental_diluted,earnings_supplemental_diluted,whole_document,medium,8944,0.3502,0.0,0.44806,q42024-8kerexx991.htm,
66740,3M CO,healthcare,core,0000066740-25-000036,8-K,2025-04-22,EX99_PRESS_RELEASE,FLAGGED,earnings_supplemental_diluted,earnings_supplemental_diluted,whole_document,medium,5297,0.4538,0.0,0.44966,q12025-8kerexx991.htm,
66740,3M CO,healthcare,core,0000066740-25-000061,8-K,2025-07-18,EX99_PRESS_RELEASE,FLAGGED,earnings_supplemental_diluted,earnings_supplemental_diluted,whole_document,medium,6894,0.3645,0.0,0.44321,q22025-8kerexx991.htm,
66740,3M CO,healthcare,core,0000066740-25-000086,8-K,2025-10-21,EX99_PRESS_RELEASE,FLAGGED,earnings_supplemental_diluted,earnings_supplemental_diluted,whole_document,medium,7034,0.3657,0.0,0.44399,q32025-8kerexx991.htm,
66740,3M CO,healthcare,core,0000066740-26-000003,8-K,2026-01-20,EX99_PRESS_RELEASE,FLAGGED,earnings_supplemental_diluted,earnings_supplemental_diluted,whole_document,medium,7341,0.3418,0.0,0.44248,q42025-8kerexx991.htm,
66740,3M CO,healthcare,core,0000066740-26-000242,8-K,2026-07-21,EX99_PRESS_RELEASE,FLAGGED,earnings_supplemental_diluted,earnings_supplemental_diluted,whole_document,medium,6844,0.3391,0.0,0.42852,q22026-8kerexx991.htm,
70858,BANK OF AMERICA CORP /DE/,financials,core,0000070858-24-000006,8-K,2024-01-08,8K_BODY,FLAGGED,earnings_item202_block_thin,earnings_population_gate|earnings_item202_block_thin|earnings_item202_prefix_large,item202_slice,medium,665,0.7474,0.0,0.45755,bac-20240108.htm,
70858,BANK OF AMERICA CORP /DE/,financials,core,0000070858-24-000011,8-K,2024-01-12,EX99_PRESS_RELEASE,FLAGGED,earnings_population_gate,earnings_population_gate,whole_document,medium,10373,1.0,0.0,0.42195,bac12312023ex991.htm,
72903,XCEL ENERGY INC,utilities,extension,0000072903-18-000003,8-K,2018-01-11,8K_BODY,FLAGGED,earnings_item202_block_thin,earnings_population_gate|earnings_item202_block_thin,item202_slice,medium,1419,0.6688,0.0,0.46063,a8-ktaxreformjan2018.htm,
72903,XCEL ENERGY INC,utilities,extension,0000072903-18-000006,8-K,2018-02-07,EX99_PRESS_RELEASE,FLAGGED,earnings_population_gate,earnings_population_gate,whole_document,medium,10055,0.5234,0.0,0.43568,xcelq42017earningsrelease.htm,
72971,WELLS FARGO & COMPANY/MN,financials,core,0000072971-16-000779,8-K,2016-01-15,EX99_PRESS_RELEASE,FLAGGED,earnings_population_gate,earnings_population_gate,whole_document,medium,19043,0.1892,0.0,0.43446,wfc4qer1-15x2016exx991.htm,
72971,WELLS FARGO & COMPANY/MN,financials,core,0000072971-16-000967,8-K,2016-02-03,8K_BODY,FLAGGED,below_length_floor,earnings_population_gate|below_length_floor,item202_slice,medium,450,0.7067,0.0,0.51402,form8k232016.htm,
72971,WELLS FARGO & COMPANY/MN,financials,core,0000072971-18-000006,8-K,2018-01-12,EX99_PRESS_RELEASE,FLAGGED,earnings_population_gate,earnings_population_gate,whole_document,medium,21266,0.1876,0.0,0.44326,wfc4qer1-12x2018exx991.htm,
72971,WELLS FARGO & COMPANY/MN,financials,core,0000072971-18-000280,8-K,2018-03-29,EX99_PRESS_RELEASE,FLAGGED,earnings_population_gate,earnings_population_gate,whole_document,medium,8701,0.1036,0.0,0.46177,wfc-03292018xexhibit991.htm,
72971,WELLS FARGO & COMPANY/MN,financials,core,0000072971-18-000299,8-K,2018-04-13,EX99_PRESS_RELEASE,FLAGGED,earnings_population_gate,earnings_population_gate,whole_document,medium,21460,0.2433,0.0,0.4592,wfc1qer4-13x2018exx991.htm,
72971,WELLS FARGO & COMPANY/MN,financials,core,0000072971-18-000305,8-K,2018-04-20,EX99_PRESS_RELEASE,FLAGGED,earnings_population_gate,earnings_population_gate,whole_document,medium,481,0.0,0.0,0.4364,ex991pressrelease.htm,
77476,PEPSICO INC,consumer,core,0000077476-15-000032,8-K,2015-07-09,EX99_PRESS_RELEASE,FLAGGED,earnings_supplemental_diluted,earnings_supplemental_diluted,whole_document,medium,9149,0.3309,0.0,0.4235,q220158-kxexhibit991.htm,
77476,PEPSICO INC,consumer,core,0000077476-15-000046,8-K,2015-10-06,EX99_PRESS_RELEASE,FLAGGED,earnings_supplemental_diluted,earnings_supplemental_diluted,whole_document,medium,10556,0.361,0.0,0.42808,q320158-kxexhibit991.htm,
77476,PEPSICO INC,consumer,core,0000077476-16-000060,8-K,2016-02-11,EX99_PRESS_RELEASE,FLAGGED,earnings_supplemental_diluted,earnings_supplemental_diluted,whole_document,medium,10546,0.3102,0.0,0.43415,q420158-kxexhibit991.htm,
77476,PEPSICO INC,consumer,core,0000077476-16-000071,8-K,2016-04-18,EX99_PRESS_RELEASE,FLAGGED,earnings_supplemental_diluted,earnings_supplemental_diluted,whole_document,medium,7471,0.3006,0.0,0.43793,q120168-kxexhibit991.htm,
77476,PEPSICO INC,consumer,core,0000077476-16-000091,8-K,2016-07-07,EX99_PRESS_RELEASE,FLAGGED,earnings_population_gate,earnings_population_gate|earnings_supplemental_diluted,whole_document,medium,9020,0.2876,0.0,0.41909,q220168-kxexhibit991.htm,
77476,PEPSICO INC,consumer,core,0000077476-16-000103,8-K,2016-09-29,EX99_PRESS_RELEASE,FLAGGED,earnings_population_gate,earnings_population_gate|earnings_supplemental_diluted,whole_document,medium,10297,0.2968,0.0,0.42755,q320168-kxexhibit991.htm,
77476,PEPSICO INC,consumer,core,0000077476-17-000005,8-K,2017-02-15,EX99_PRESS_RELEASE,FLAGGED,earnings_supplemental_diluted,earnings_supplemental_diluted,whole_document,medium,10811,0.3253,0.0,0.43401,q420168-kxexhibit991.htm,
77476,PEPSICO INC,consumer,core,0000077476-17-000014,8-K,2017-04-26,EX99_PRESS_RELEASE,FLAGGED,earnings_supplemental_diluted,earnings_supplemental_diluted,whole_document,medium,6299,0.3331,0.0,0.43069,q120178-kxexhibit991.htm,
77476,PEPSICO INC,consumer,core,0000077476-17-000030,8-K,2017-07-11,EX99_PRESS_RELEASE,FLAGGED,earnings_supplemental_diluted,earnings_supplemental_diluted,whole_document,medium,8614,0.311,0.0,0.41692,q220178-kxexhibit991.htm,
77476,PEPSICO INC,consumer,core,0000077476-17-000044,8-K,2017-10-04,EX99_PRESS_RELEASE,FLAGGED,earnings_supplemental_diluted,earnings_supplemental_diluted,whole_document,medium,8489,0.2965,0.0,0.41577,q320178-kxexhibit991.htm,
77476,PEPSICO INC,consumer,core,0000077476-18-000007,8-K,2018-02-13,EX99_PRESS_RELEASE,FLAGGED,earnings_supplemental_diluted,earnings_supplemental_diluted,whole_document,medium,9768,0.3376,0.0,0.44143,q420178-kxexhibit991.htm,
77476,PEPSICO INC,consumer,core,0000077476-18-000027,8-K,2018-04-26,EX99_PRESS_RELEASE,FLAGGED,earnings_supplemental_diluted,earnings_supplemental_diluted,whole_document,medium,7027,0.3874,0.0,0.43889,q120188-kxexhibit991.htm,
77476,PEPSICO INC,consumer,core,0000077476-18-000051,8-K,2018-07-10,EX99_PRESS_RELEASE,FLAGGED,earnings_supplemental_diluted,earnings_supplemental_diluted,whole_document,medium,10030,0.4008,0.0,0.42924,q220188-kxexhibit991.htm,
77476,PEPSICO INC,consumer,core,0000077476-18-000072,8-K,2018-10-02,EX99_PRESS_RELEASE,FLAGGED,earnings_supplemental_diluted,earnings_supplemental_diluted,whole_document,medium,9829,0.3892,0.0,0.42996,q320188-kxexhibit991.htm,
77476,PEPSICO INC,consumer,core,0000077476-19-000013,8-K,2019-02-15,EX99_PRESS_RELEASE,FLAGGED,earnings_supplemental_diluted,earnings_supplemental_diluted,whole_document,medium,11009,0.3805,0.0,0.45013,q420188-kxexhibit991.htm,
77476,PEPSICO INC,consumer,core,0000077476-20-000016,8-K,2020-02-13,EX99_PRESS_RELEASE,FLAGGED,earnings_supplemental_diluted,earnings_supplemental_diluted,whole_document,medium,10156,0.2417,0.0,0.40409,q420198-kxexhibit991.htm,
77476,PEPSICO INC,consumer,core,0000077476-20-000042,8-K,2020-04-28,EX99_PRESS_RELEASE,FLAGGED,earnings_supplemental_diluted,earnings_supplemental_diluted,whole_document,medium,5178,0.3434,0.0,0.42493,q120208-kxexhibit991.htm,
77476,PEPSICO INC,consumer,core,0000077476-20-000061,8-K,2020-07-13,EX99_PRESS_RELEASE,FLAGGED,earnings_supplemental_diluted,earnings_supplemental_diluted,whole_document,medium,6383,0.2353,0.0,0.40833,q220208-kxexhibit991.htm,
77476,PEPSICO INC,consumer,core,0000077476-20-000072,8-K,2020-10-01,EX99_PRESS_RELEASE,FLAGGED,earnings_supplemental_diluted,earnings_supplemental_diluted,whole_document,medium,6733,0.2777,0.0,0.41953,q320208-kxexhibit991.htm,
77476,PEPSICO INC,consumer,core,0000077476-21-000009,8-K,2021-02-11,EX99_PRESS_RELEASE,FLAGGED,earnings_supplemental_diluted,earnings_supplemental_diluted,whole_document,medium,7773,0.3465,0.0,0.41123,q420208-kxexhibit991.htm,
77476,PEPSICO INC,consumer,core,0000077476-21-000021,8-K,2021-04-15,EX99_PRESS_RELEASE,FLAGGED,earnings_supplemental_diluted,earnings_supplemental_diluted,whole_document,medium,4560,0.3546,0.0,0.41642,q120218-kxexhibit991.htm,
77476,PEPSICO INC,consumer,core,0000077476-21-000041,8-K,2021-07-13,EX99_PRESS_RELEASE,FLAGGED,earnings_supplemental_diluted,earnings_supplemental_diluted,whole_document,medium,6638,0.3052,0.0,0.41075,q220218-kxexhibit991.htm,
77476,PEPSICO INC,consumer,core,0000077476-21-000051,8-K,2021-10-05,EX99_PRESS_RELEASE,FLAGGED,earnings_supplemental_diluted,earnings_supplemental_diluted,whole_document,medium,6674,0.3235,0.0,0.41609,q320218-kxexhibit991.htm,
77476,PEPSICO INC,consumer,core,0000077476-22-000011,8-K,2022-02-10,EX99_PRESS_RELEASE,FLAGGED,earnings_supplemental_diluted,earnings_supplemental_diluted,whole_document,medium,8200,0.3799,0.0,0.42211,q420218-kxexhibit991.htm,
77476,PEPSICO INC,consumer,core,0000077476-22-000021,8-K,2022-04-26,EX99_PRESS_RELEASE,FLAGGED,earnings_supplemental_diluted,earnings_supplemental_diluted,whole_document,medium,5444,0.3696,0.0,0.42202,q120228-kxexhibit991.htm,
77476,PEPSICO INC,consumer,core,0000077476-22-000045,8-K,2022-07-12,EX99_PRESS_RELEASE,FLAGGED,earnings_supplemental_diluted,earnings_supplemental_diluted,whole_document,medium,7224,0.2835,0.0,0.40866,q220228-kxexhibit991.htm,
77476,PEPSICO INC,consumer,core,0000077476-22-000054,8-K,2022-10-12,EX99_PRESS_RELEASE,FLAGGED,earnings_supplemental_diluted,earnings_supplemental_diluted,whole_document,medium,7547,0.276,0.0,0.4123,q320228-kxexhibit991.htm,
77476,PEPSICO INC,consumer,core,0000077476-23-000009,8-K,2023-02-09,EX99_PRESS_RELEASE,FLAGGED,earnings_supplemental_diluted,earnings_supplemental_diluted,whole_document,medium,9285,0.3697,0.0,0.4205,q420228-kxexhibit991.htm,
77476,PEPSICO INC,consumer,core,0000077476-23-000025,8-K,2023-04-25,EX99_PRESS_RELEASE,FLAGGED,earnings_supplemental_diluted,earnings_supplemental_diluted,whole_document,medium,5462,0.3246,0.0,0.43212,q120238-kxexhibit991.htm,
77476,PEPSICO INC,consumer,core,0000077476-23-000048,8-K,2023-07-13,EX99_PRESS_RELEASE,FLAGGED,earnings_supplemental_diluted,earnings_supplemental_diluted,whole_document,medium,7235,0.2648,0.0,0.41915,q220238-kxexhibit991.htm,
77476,PEPSICO INC,consumer,core,0000077476-23-000060,8-K,2023-10-10,EX99_PRESS_RELEASE,FLAGGED,earnings_supplemental_diluted,earnings_supplemental_diluted,whole_document,medium,7606,0.2858,0.0,0.41903,q320238-kxexhibit991.htm,
77476,PEPSICO INC,consumer,core,0000077476-24-000010,8-K,2024-02-09,EX99_PRESS_RELEASE,FLAGGED,earnings_supplemental_diluted,earnings_supplemental_diluted,whole_document,medium,9309,0.3613,0.0,0.42321,q420238-kxexhibit991.htm,
77476,PEPSICO INC,consumer,core,0000077476-24-000019,8-K,2024-04-23,EX99_PRESS_RELEASE,FLAGGED,earnings_supplemental_diluted,earnings_supplemental_diluted,whole_document,medium,5075,0.3525,0.0,0.42625,q120248-kxexhibit991.htm,
77476,PEPSICO INC,consumer,core,0000077476-24-000043,8-K,2024-07-11,EX99_PRESS_RELEASE,FLAGGED,earnings_supplemental_diluted,earnings_supplemental_diluted,whole_document,medium,6700,0.284,0.0,0.40951,q220248-kxexhibit991.htm,
77476,PEPSICO INC,consumer,core,0000077476-24-000054,8-K,2024-10-08,EX99_PRESS_RELEASE,FLAGGED,earnings_supplemental_diluted,earnings_supplemental_diluted,whole_document,medium,6805,0.2799,0.0,0.41113,q320248-kxexhibit991.htm,
77476,PEPSICO INC,consumer,core,0000077476-25-000008,8-K,2025-02-04,EX99_PRESS_RELEASE,FLAGGED,earnings_supplemental_diluted,earnings_supplemental_diluted,whole_document,medium,8207,0.3475,0.0,0.41008,q420248-kxexhibit991.htm,
78003,PFIZER INC,healthcare,core,0000078003-16-000056,8-K,2016-02-02,EX99_PRESS_RELEASE,FLAGGED,earnings_population_gate,earnings_population_gate,whole_document,medium,21620,0.312,0.0,0.46972,pfe-12312015xex99.htm,
78003,PFIZER INC,healthcare,core,0000078003-16-000072,8-K,2016-02-16,EX99_PRESS_RELEASE,FLAGGED,earnings_population_gate,earnings_population_gate,whole_document,medium,2675,0.391,0.0,0.51229,pfe-12312015xex99.htm,
78003,PFIZER INC,healthcare,core,0000078003-22-000062,8-K,2022-04-20,8K_BODY,FLAGGED,earnings_population_gate,earnings_population_gate,item202_slice,medium,823,0.8797,0.0,0.52434,pfe-20220420.htm,
78003,PFIZER INC,healthcare,core,0000078003-22-000068,8-K,2022-05-03,EX99_PRESS_RELEASE,FLAGGED,earnings_population_gate,earnings_population_gate,whole_document,medium,15385,0.5356,0.0,0.44261,pfe-04032022xex99.htm,
78003,PFIZER INC,healthcare,core,0000078003-23-000099,8-K,2023-10-13,EX99_PRESS_RELEASE,FLAGGED,earnings_population_gate,earnings_population_gate,whole_document,medium,6447,0.566,0.0,0.39987,ex99_pressrelease1013.htm,
78003,PFIZER INC,healthcare,core,0000078003-23-000111,8-K,2023-10-31,EX99_PRESS_RELEASE,FLAGGED,earnings_population_gate,earnings_population_gate,whole_document,medium,17094,0.4623,0.0,0.45301,pfe-10012023xex99.htm,
79879,PPG INDUSTRIES INC,materials_realestate,extension,0000079879-16-000090,8-K,2016-07-21,EX99_PRESS_RELEASE,FLAGGED,earnings_population_gate,earnings_population_gate,whole_document,medium,3826,0.5714,0.0,0.47968,a2q2016earningsrelease-ex99.htm,
79879,PPG INDUSTRIES INC,materials_realestate,extension,0000079879-16-000109,8-K,2016-09-16,EX99_PRESS_RELEASE,FLAGGED,earnings_population_gate,earnings_population_gate,whole_document,medium,1193,0.1484,0.0,0.52665,exhibit991discontinuedoper.htm,
79879,PPG INDUSTRIES INC,materials_realestate,extension,0000079879-16-000112,8-K,2016-10-07,EX99_PRESS_RELEASE,FLAGGED,earnings_population_gate,earnings_population_gate,whole_document,medium,1304,0.8612,0.0,0.48229,ex99-prexreleaseoctober720.htm,
79879,PPG INDUSTRIES INC,materials_realestate,extension,0000079879-16-000114,8-K,2016-10-20,EX99_PRESS_RELEASE,FLAGGED,earnings_population_gate,earnings_population_gate,whole_document,medium,3467,0.6164,0.0,0.4818,a3q2016earningsrelease-ex99.htm,
79879,PPG INDUSTRIES INC,materials_realestate,extension,0000079879-17-000068,8-K,2017-07-12,EX99_PRESS_RELEASE,FLAGGED,earnings_population_gate,earnings_population_gate,whole_document,medium,1418,0.1255,0.0,0.52132,a2q2017exhibit991discontin.htm,
79879,PPG INDUSTRIES INC,materials_realestate,extension,0000079879-17-000070,8-K,2017-07-20,EX99_PRESS_RELEASE,FLAGGED,earnings_population_gate,earnings_population_gate,whole_document,medium,3802,0.5997,0.0,0.47725,a2q2017earningsrelease-ex99.htm,
79879,PPG INDUSTRIES INC,materials_realestate,extension,0000079879-18-000018,8-K,2018-04-19,EX99_PRESS_RELEASE,FLAGGED,earnings_population_gate,earnings_population_gate,whole_document,medium,3310,0.6453,0.0,0.47372,a1q2018earningsrelease-ex99.htm,
79879,PPG INDUSTRIES INC,materials_realestate,extension,0000079879-18-000041,8-K,2018-06-28,EX99_PRESS_RELEASE,FLAGGED,earnings_population_gate,earnings_population_gate,whole_document,medium,1747,0.688,0.0,0.54892,exhibit991june282018.htm,
79879,PPG INDUSTRIES INC,materials_realestate,extension,0000079879-18-000053,8-K,2018-10-09,EX99_PRESS_RELEASE,FLAGGED,earnings_population_gate,earnings_population_gate,whole_document,medium,1399,0.8628,0.0,0.48157,exhibit99-3q2018preearning.htm,
79879,PPG INDUSTRIES INC,materials_realestate,extension,0000079879-18-000055,8-K,2018-10-18,EX99_PRESS_RELEASE,FLAGGED,earnings_population_gate,earnings_population_gate,whole_document,medium,2997,0.5499,0.0,0.4645,a3q2018earningsrelease-ex99.htm,
79879,PPG INDUSTRIES INC,materials_realestate,extension,0000079879-20-000048,8-K,2020-10-08,EX99_PRESS_RELEASE,FLAGGED,earnings_population_gate,earnings_population_gate,whole_document,medium,932,0.8605,0.0,0.44383,exhibit993q20pre-relea.htm,
79879,PPG INDUSTRIES INC,materials_realestate,extension,0000079879-20-000051,8-K,2020-10-19,EX99_PRESS_RELEASE,FLAGGED,earnings_population_gate,earnings_population_gate,whole_document,medium,3335,0.5943,0.0,0.46758,exhibit99-3q2020earnin.htm,
79879,PPG INDUSTRIES INC,materials_realestate,extension,0000079879-22-000067,8-K,2022-10-11,EX99_PRESS_RELEASE,FLAGGED,earnings_population_gate,earnings_population_gate,whole_document,medium,1106,0.9241,0.0,0.45775,exhibit99-octsalesearnings.htm,
79879,PPG INDUSTRIES INC,materials_realestate,extension,0000079879-22-000075,8-K,2022-10-19,EX99_PRESS_RELEASE,FLAGGED,earnings_population_gate,earnings_population_gate,whole_document,medium,3780,0.5479,0.0,0.45912,exhibit99-3q2022earningsre.htm,
79879,PPG INDUSTRIES INC,materials_realestate,extension,0000079879-23-000016,8-K,2023-04-03,EX99_PRESS_RELEASE,FLAGGED,earnings_population_gate,earnings_population_gate,whole_document,medium,1283,0.7046,0.0,0.42608,exhibit99-q12023updatedgui.htm,
79879,PPG INDUSTRIES INC,materials_realestate,extension,0000079879-23-000023,8-K,2023-04-20,EX99_PRESS_RELEASE,FLAGGED,earnings_population_gate,earnings_population_gate,whole_document,medium,3426,0.4691,0.0,0.44859,exhibit99-1q2023earningsre.htm,
79879,PPG INDUSTRIES INC,materials_realestate,extension,0000079879-26-000129,8-K,2026-04-15,EX99_PRESS_RELEASE,FLAGGED,earnings_population_gate,earnings_population_gate,whole_document,medium,1266,0.8239,0.0,0.45538,exhibit99-ppgq12026earning.htm,
79879,PPG INDUSTRIES INC,materials_realestate,extension,0000079879-26-000167,8-K,2026-04-28,EX99_PRESS_RELEASE,FLAGGED,earnings_population_gate,earnings_population_gate,whole_document,medium,3935,0.5413,0.0,0.43942,exhibit99-1q2026earningsre.htm,
80661,PROGRESSIVE CORP/OH/,financials,core,0000080661-15-000037,8-K,2015-07-17,EX99_PRESS_RELEASE,FLAGGED,earnings_supplemental_diluted,earnings_supplemental_diluted,whole_document,medium,2948,0.3389,0.0,0.43604,exhibit99june2015earningsr.htm,
80661,PROGRESSIVE CORP/OH/,financials,core,0000080661-15-000052,8-K,2015-10-16,EX99_PRESS_RELEASE,FLAGGED,earnings_supplemental_diluted,earnings_supplemental_diluted,whole_document,medium,2939,0.342,0.0,0.43377,exhibit99september2015earn.htm,
80661,PROGRESSIVE CORP/OH/,financials,core,0000080661-16-000068,8-K,2016-01-27,EX99_PRESS_RELEASE,FLAGGED,earnings_supplemental_diluted,earnings_supplemental_diluted,whole_document,medium,3365,0.3765,0.0,0.45475,exhibit99december2015earni.htm,
80661,PROGRESSIVE CORP/OH/,financials,core,0000080661-16-000093,8-K,2016-04-14,EX99_PRESS_RELEASE,FLAGGED,earnings_supplemental_diluted,earnings_supplemental_diluted,whole_document,medium,2855,0.3426,0.0,0.44186,exhibit99march2016earnings.htm,
80661,PROGRESSIVE CORP/OH/,financials,core,0000080661-16-000113,8-K,2016-07-14,EX99_PRESS_RELEASE,FLAGGED,earnings_supplemental_diluted,earnings_supplemental_diluted,whole_document,medium,3088,0.2872,0.0,0.4461,exhibit99june2016earningsr.htm,
80661,PROGRESSIVE CORP/OH/,financials,core,0000080661-16-000125,8-K,2016-10-13,EX99_PRESS_RELEASE,FLAGGED,earnings_supplemental_diluted,earnings_supplemental_diluted,whole_document,medium,2988,0.329,0.0,0.44534,exhibit99september2016earn.htm,
80661,PROGRESSIVE CORP/OH/,financials,core,0000080661-17-000004,8-K,2017-01-25,EX99_PRESS_RELEASE,FLAGGED,earnings_supplemental_diluted,earnings_supplemental_diluted,whole_document,medium,3178,0.3191,0.0,0.4392,exhibit99december2016earni.htm,
80661,PROGRESSIVE CORP/OH/,financials,core,0000080661-17-000023,8-K,2017-04-18,EX99_PRESS_RELEASE,FLAGGED,earnings_supplemental_diluted,earnings_supplemental_diluted,whole_document,medium,3016,0.3475,0.0,0.44346,exhibit99march2017earnings.htm,
80661,PROGRESSIVE CORP/OH/,financials,core,0000080661-17-000047,8-K,2017-07-18,EX99_PRESS_RELEASE,FLAGGED,earnings_supplemental_diluted,earnings_supplemental_diluted,whole_document,medium,3345,0.3782,0.0,0.45522,exhibit99june2017earningsr.htm,
80661,PROGRESSIVE CORP/OH/,financials,core,0000080661-17-000063,8-K,2017-10-17,EX99_PRESS_RELEASE,FLAGGED,earnings_supplemental_diluted,earnings_supplemental_diluted,whole_document,medium,3066,0.3464,0.0,0.43959,exhibit99september2017earn.htm,
80661,PROGRESSIVE CORP/OH/,financials,core,0000080661-18-000002,8-K,2018-01-24,EX99_PRESS_RELEASE,FLAGGED,earnings_supplemental_diluted,earnings_supplemental_diluted,whole_document,medium,3164,0.3404,0.0,0.44768,pgr20171231exhibit99earnin.htm,
80661,PROGRESSIVE CORP/OH/,financials,core,0000080661-18-000022,8-K,2018-04-17,EX99_PRESS_RELEASE,FLAGGED,earnings_supplemental_diluted,earnings_supplemental_diluted,whole_document,medium,3121,0.3851,0.0,0.43997,pgr20180331exhibit99earnin.htm,
80661,PROGRESSIVE CORP/OH/,financials,core,0000080661-18-000036,8-K,2018-07-17,EX99_PRESS_RELEASE,FLAGGED,earnings_supplemental_diluted,earnings_supplemental_diluted,whole_document,medium,3127,0.3943,0.0,0.43717,pgr2018630exhibit99earning.htm,
80661,PROGRESSIVE CORP/OH/,financials,core,0000080661-18-000047,8-K,2018-10-16,EX99_PRESS_RELEASE,FLAGGED,earnings_supplemental_diluted,earnings_supplemental_diluted,whole_document,medium,3287,0.4268,0.0,0.43523,pgr2018930exhibit99earning.htm,
80661,PROGRESSIVE CORP/OH/,financials,core,0000080661-19-000003,8-K,2019-01-23,EX99_PRESS_RELEASE,FLAGGED,earnings_supplemental_diluted,earnings_supplemental_diluted,whole_document,medium,3333,0.3873,0.0,0.4386,pgr20181231exhibit99earnin.htm,
80661,PROGRESSIVE CORP/OH/,financials,core,0000080661-19-000020,8-K,2019-04-16,EX99_PRESS_RELEASE,FLAGGED,earnings_supplemental_diluted,earnings_supplemental_diluted,whole_document,medium,3318,0.44,0.0,0.44286,pgr20190331exhibit99earnin.htm,
80661,PROGRESSIVE CORP/OH/,financials,core,0000080661-19-000032,8-K,2019-07-17,EX99_PRESS_RELEASE,FLAGGED,earnings_supplemental_diluted,earnings_supplemental_diluted,whole_document,medium,3069,0.4076,0.0,0.43364,pgr20190630exhibit99earnin.htm,
80661,PROGRESSIVE CORP/OH/,financials,core,0000080661-19-000041,8-K,2019-10-16,EX99_PRESS_RELEASE,FLAGGED,earnings_supplemental_diluted,earnings_supplemental_diluted,whole_document,medium,3039,0.3778,0.0,0.43179,pgr20190930exhibit99ea.htm,
80661,PROGRESSIVE CORP/OH/,financials,core,0000080661-20-000002,8-K,2020-01-29,EX99_PRESS_RELEASE,FLAGGED,earnings_supplemental_diluted,earnings_supplemental_diluted,whole_document,medium,3415,0.3736,0.0,0.44225,pgr20191231exhibit99ea.htm,
80661,PROGRESSIVE CORP/OH/,financials,core,0000080661-20-000018,8-K,2020-04-15,EX99_PRESS_RELEASE,FLAGGED,earnings_supplemental_diluted,earnings_supplemental_diluted,whole_document,medium,3520,0.3474,0.0,0.44925,pgr20200331exhibit99ea.htm,
80661,PROGRESSIVE CORP/OH/,financials,core,0000080661-20-000030,8-K,2020-07-15,EX99_PRESS_RELEASE,FLAGGED,earnings_supplemental_diluted,earnings_supplemental_diluted,whole_document,medium,2992,0.262,0.0,0.43302,pgr20200630exhibit99ea.htm,
80661,PROGRESSIVE CORP/OH/,financials,core,0000080661-20-000038,8-K,2020-10-14,EX99_PRESS_RELEASE,FLAGGED,earnings_supplemental_diluted,earnings_supplemental_diluted,whole_document,medium,3079,0.2705,0.0,0.43426,pgr20200930exhibit99ea.htm,
80661,PROGRESSIVE CORP/OH/,financials,core,0000080661-21-000006,8-K,2021-01-27,EX99_PRESS_RELEASE,FLAGGED,earnings_supplemental_diluted,earnings_supplemental_diluted,whole_document,medium,3411,0.3254,0.0,0.447,pgr20201231ex99earningsrel.htm,
80661,PROGRESSIVE CORP/OH/,financials,core,0000080661-21-000028,8-K,2021-04-15,EX99_PRESS_RELEASE,FLAGGED,earnings_supplemental_diluted,earnings_supplemental_diluted,whole_document,medium,2999,0.3008,0.0,0.44426,pgr20210331ex99earningsrel.htm,
80661,PROGRESSIVE CORP/OH/,financials,core,0000080661-21-000042,8-K,2021-07-15,EX99_PRESS_RELEASE,FLAGGED,earnings_supplemental_diluted,earnings_supplemental_diluted,whole_document,medium,3007,0.281,0.0,0.43787,pgr20210630ex99earningsrel.htm,
80661,PROGRESSIVE CORP/OH/,financials,core,0000080661-21-000051,8-K,2021-10-14,EX99_PRESS_RELEASE,FLAGGED,earnings_supplemental_diluted,earnings_supplemental_diluted,whole_document,medium,2920,0.2651,0.0,0.43624,pgr20210930ex99earningsrel.htm,
80661,PROGRESSIVE CORP/OH/,financials,core,0000080661-22-000042,8-K,2022-01-26,EX99_PRESS_RELEASE,FLAGGED,earnings_supplemental_diluted,earnings_supplemental_diluted,whole_document,medium,2890,0.2585,0.0,0.43271,pgr20211231ex99earningsrel.htm,
80661,PROGRESSIVE CORP/OH/,financials,core,0000080661-22-000056,8-K,2022-04-14,EX99_PRESS_RELEASE,FLAGGED,earnings_supplemental_diluted,earnings_supplemental_diluted,whole_document,medium,2839,0.2445,0.0,0.43326,pgr2022331ex99earningsrele.htm,
80661,PROGRESSIVE CORP/OH/,financials,core,0000080661-22-000069,8-K,2022-07-15,EX99_PRESS_RELEASE,FLAGGED,earnings_supplemental_diluted,earnings_supplemental_diluted,whole_document,medium,2949,0.2577,0.0,0.43912,pgr2022630ex99earningsrele.htm,
80661,PROGRESSIVE CORP/OH/,financials,core,0000080661-22-000077,8-K,2022-10-13,EX99_PRESS_RELEASE,FLAGGED,earnings_supplemental_diluted,earnings_supplemental_diluted,whole_document,medium,3200,0.335,0.0,0.44314,pgr2022930ex99earningsrele.htm,
80661,PROGRESSIVE CORP/OH/,financials,core,0000080661-23-000002,8-K,2023-01-25,EX99_PRESS_RELEASE,FLAGGED,earnings_supplemental_diluted,earnings_supplemental_diluted,whole_document,medium,3042,0.2531,0.0,0.4382,pgr20221230ex99earningsrel.htm,
80661,PROGRESSIVE CORP/OH/,financials,core,0000080661-23-000019,8-K,2023-04-13,EX99_PRESS_RELEASE,FLAGGED,earnings_supplemental_diluted,earnings_supplemental_diluted,whole_document,medium,3267,0.3511,0.0,0.44183,pgr2023331ex99earningsrele.htm,
80661,PROGRESSIVE CORP/OH/,financials,core,0000080661-23-000034,8-K,2023-07-13,EX99_PRESS_RELEASE,FLAGGED,earnings_supplemental_diluted,earnings_supplemental_diluted,whole_document,medium,3153,0.3064,0.0,0.43723,pgr2023630ex99earningsrele.htm,
80661,PROGRESSIVE CORP/OH/,financials,core,0000080661-23-000047,8-K,2023-10-13,EX99_PRESS_RELEASE,FLAGGED,earnings_supplemental_diluted,earnings_supplemental_diluted,whole_document,medium,2920,0.2521,0.0,0.42987,pgr2023930ex99earningsrele.htm,
80661,PROGRESSIVE CORP/OH/,financials,core,0000080661-24-000002,8-K,2024-01-24,EX99_PRESS_RELEASE,FLAGGED,earnings_supplemental_diluted,earnings_supplemental_diluted,whole_document,medium,3072,0.305,0.0,0.43329,pgr20231231ex99earningsrel.htm,
80661,PROGRESSIVE CORP/OH/,financials,core,0000080661-24-000016,8-K,2024-04-12,EX99_PRESS_RELEASE,FLAGGED,earnings_supplemental_diluted,earnings_supplemental_diluted,whole_document,medium,3073,0.3127,0.0,0.44268,pgr20240331ex99earningsrel.htm,
80661,PROGRESSIVE CORP/OH/,financials,core,0000080661-24-000028,8-K,2024-07-16,EX99_PRESS_RELEASE,FLAGGED,earnings_supplemental_diluted,earnings_supplemental_diluted,whole_document,medium,3053,0.3108,0.0,0.44591,pgr20240630ex99earningsrel.htm,
80661,PROGRESSIVE CORP/OH/,financials,core,0000080661-24-000042,8-K,2024-10-15,EX99_PRESS_RELEASE,FLAGGED,earnings_supplemental_diluted,earnings_supplemental_diluted,whole_document,medium,3218,0.3334,0.0,0.4452,pgr20240930ex99earningsrel.htm,
80661,PROGRESSIVE CORP/OH/,financials,core,0000080661-25-000002,8-K,2025-01-29,EX99_PRESS_RELEASE,FLAGGED,earnings_supplemental_diluted,earnings_supplemental_diluted,whole_document,medium,2989,0.261,0.0,0.43987,pgr20241231ex99earningsrel.htm,
80661,PROGRESSIVE CORP/OH/,financials,core,0000080661-25-000020,8-K,2025-04-16,EX99_PRESS_RELEASE,FLAGGED,earnings_supplemental_diluted,earnings_supplemental_diluted,whole_document,medium,2845,0.2678,0.0,0.43935,pgr20250331ex99earningsrel.htm,
80661,PROGRESSIVE CORP/OH/,financials,core,0000080661-25-000038,8-K,2025-07-16,EX99_PRESS_RELEASE,FLAGGED,earnings_supplemental_diluted,earnings_supplemental_diluted,whole_document,medium,2874,0.2662,0.0,0.44123,pgr20250630ex99earningsrel.htm,
80661,PROGRESSIVE CORP/OH/,financials,core,0000080661-25-000126,8-K,2025-10-15,EX99_PRESS_RELEASE,FLAGGED,earnings_supplemental_diluted,earnings_supplemental_diluted,whole_document,medium,3213,0.3243,0.0,0.44109,pgr20250930ex99earningsrel.htm,
80661,PROGRESSIVE CORP/OH/,financials,core,0000080661-26-000071,8-K,2026-01-28,EX99_PRESS_RELEASE,FLAGGED,earnings_supplemental_diluted,earnings_supplemental_diluted,whole_document,medium,2856,0.2349,0.0,0.43572,pgr202512ex991earningsrele.htm,
80661,PROGRESSIVE CORP/OH/,financials,core,0000080661-26-000173,8-K,2026-04-15,EX99_PRESS_RELEASE,FLAGGED,earnings_supplemental_diluted,earnings_supplemental_diluted,whole_document,medium,2813,0.2087,0.0,0.43764,pgr202603ex99earningsrelea.htm,
80661,PROGRESSIVE CORP/OH/,financials,core,0000080661-26-000262,8-K,2026-07-15,EX99_PRESS_RELEASE,FLAGGED,earnings_supplemental_diluted,earnings_supplemental_diluted,whole_document,medium,2804,0.2525,0.0,0.43419,pgr202606ex99earningsrelea.htm,
86312,"TRAVELERS COMPANIES, INC.",financials,core,0000086312-20-000038,8-K,2020-07-23,EX99_PRESS_RELEASE,FLAGGED,earnings_population_gate,earnings_population_gate,whole_document,medium,10657,0.4403,0.0,0.48627,a991pressrelease63020.htm,
86312,"TRAVELERS COMPANIES, INC.",financials,core,0000086312-23-000005,8-K,2023-01-24,EX99_PRESS_RELEASE,FLAGGED,earnings_population_gate,earnings_population_gate,whole_document,medium,9850,0.3795,0.0,0.48215,a991pressrelease123122.htm,
89800,SHERWIN WILLIAMS CO,consumer,core,0000089800-22-000003,8-K,2022-01-27,EX99_PRESS_RELEASE,FLAGGED,earnings_population_gate,earnings_population_gate,whole_document,medium,3485,0.4907,0.0,0.48633,shwyepressrelease.htm,
92122,SOUTHERN CO,utilities,extension,0000092122-15-000061,8-K,2015-07-28,EX99_PRESS_RELEASE,FLAGGED,below_length_floor,earnings_population_gate|earnings_thin_document|below_length_floor,whole_document,medium,184,0.0,0.0,0.20231,msmonthlyreport8-k7x15ex99.htm,
92122,SOUTHERN CO,utilities,extension,0000092122-15-000063,8-K,2015-07-29,EX99_PRESS_RELEASE,FLAGGED,earnings_population_gate,earnings_population_gate,whole_document,medium,966,0.911,0.0,0.52055,ex9901-pressreleaseq22015.htm,
92122,SOUTHERN CO,utilities,extension,0000092122-15-000100,8-K,2015-10-27,EX99_PRESS_RELEASE,FLAGGED,below_length_floor,earnings_population_gate|earnings_thin_document|below_length_floor,whole_document,medium,209,0.0,0.0,0.23757,msmonthlyreportx99-0110x15.htm,
92122,SOUTHERN CO,utilities,extension,0000092122-15-000104,8-K,2015-10-28,EX99_PRESS_RELEASE,FLAGGED,earnings_population_gate,earnings_population_gate,whole_document,medium,2256,0.9193,0.0,0.47364,ex9901-pressreleaseq32015.htm,
92122,SOUTHERN CO,utilities,extension,0000092122-16-000119,8-K,2016-02-02,EX99_PRESS_RELEASE,FLAGGED,below_length_floor,earnings_population_gate|earnings_thin_document|below_length_floor,whole_document,medium,209,0.0,0.0,0.23757,msmonthlyreport8-k99x011x16.htm,
92122,SOUTHERN CO,utilities,extension,0000092122-16-000121,8-K,2016-02-03,EX99_PRESS_RELEASE,FLAGGED,earnings_population_gate,earnings_population_gate,whole_document,medium,2235,0.9159,0.0,0.47297,ex9901-pressreleaseq42015.htm,
92122,SOUTHERN CO,utilities,extension,0000092122-16-000138,8-K,2016-04-26,EX99_PRESS_RELEASE,FLAGGED,below_length_floor,earnings_population_gate|earnings_thin_document|below_length_floor,whole_document,medium,216,0.0,0.0,0.22751,msmonthlyreport8-kex99x014.htm,
92122,SOUTHERN CO,utilities,extension,0000092122-16-000140,8-K,2016-04-27,EX99_PRESS_RELEASE,FLAGGED,earnings_population_gate,earnings_population_gate,whole_document,medium,790,0.7089,0.0,0.47568,ex9901-pressreleaseq12016.htm,
92122,SOUTHERN CO,utilities,extension,0000092122-16-000172,8-K,2016-07-26,EX99_PRESS_RELEASE,FLAGGED,below_length_floor,earnings_population_gate|earnings_thin_document|below_length_floor,whole_document,medium,209,0.0,0.0,0.23757,msmonthlyreport8-kex99x017.htm,
92122,SOUTHERN CO,utilities,extension,0000092122-16-000174,8-K,2016-07-27,EX99_PRESS_RELEASE,FLAGGED,earnings_population_gate,earnings_population_gate,whole_document,medium,2379,0.8806,0.0,0.47908,ex9901-pressreleaseq22016.htm,
92122,SOUTHERN CO,utilities,extension,0000092122-16-000208,8-K,2016-10-28,EX99_PRESS_RELEASE,FLAGGED,below_length_floor,earnings_population_gate|earnings_thin_document|below_length_floor,whole_document,medium,209,0.0,0.0,0.23757,msmonthlyreport8-kex99x011.htm,
92122,SOUTHERN CO,utilities,extension,0000092122-16-000210,8-K,2016-10-31,EX99_PRESS_RELEASE,FLAGGED,earnings_population_gate,earnings_population_gate,whole_document,medium,962,0.7328,0.0,0.49031,ex9901-pressreleaseq32016.htm,
92122,SOUTHERN CO,utilities,extension,0000092122-17-000019,8-K,2017-05-01,EX99_PRESS_RELEASE,FLAGGED,below_length_floor,earnings_population_gate|earnings_thin_document|below_length_floor,whole_document,medium,209,0.0,0.0,0.23757,msmonthlyreport8-kex99x010.htm,
92122,SOUTHERN CO,utilities,extension,0000092122-17-000026,8-K,2017-05-03,EX99_PRESS_RELEASE,FLAGGED,earnings_population_gate,earnings_population_gate,whole_document,medium,1906,0.8688,0.0,0.44244,ex9901-pressreleaseq12017.htm,
92122,SOUTHERN CO,utilities,extension,0000092122-23-000095,8-K,2023-10-06,8K_BODY,FLAGGED,earnings_item202_block_thin,earnings_population_gate|earnings_item202_block_thin,item202_slice,medium,1740,0.8609,0.0,0.42542,so-20231005.htm,
92122,SOUTHERN CO,utilities,extension,0000092122-23-000103,8-K,2023-11-02,EX99_PRESS_RELEASE,FLAGGED,earnings_population_gate,earnings_population_gate,whole_document,medium,1485,0.8256,0.0,0.4748,ex9901-pressreleaseq32023.htm,
93410,CHEVRON CORP,energy,core,0000093410-23-000076,8-K,2023-07-28,EX99_PRESS_RELEASE,FLAGGED,earnings_population_gate,earnings_population_gate,whole_document,medium,4559,0.3744,0.0,0.44538,a06302023ex9918-k.htm,
93410,CHEVRON CORP,energy,core,0000093410-24-000002,8-K,2024-01-02,8K_BODY,FLAGGED,earnings_population_gate,earnings_population_gate,item202_slice,medium,1297,0.9314,0.0,0.4637,cvx-20240102.htm,
93410,CHEVRON CORP,energy,core,0000093410-24-000006,8-K,2024-02-02,EX99_PRESS_RELEASE,FLAGGED,earnings_population_gate,earnings_population_gate,whole_document,medium,4906,0.4274,0.0,0.45641,a12312023ex9918-k.htm,
93410,CHEVRON CORP,energy,core,0000093410-26-000108,8-K,2026-04-09,8K_BODY,FLAGGED,earnings_population_gate,earnings_population_gate,item202_slice,medium,1700,0.8118,0.0,0.46032,cvx-20260409.htm,
93410,CHEVRON CORP,energy,core,0000093410-26-000110,8-K,2026-05-01,EX99_PRESS_RELEASE,FLAGGED,earnings_population_gate,earnings_population_gate,whole_document,medium,4404,0.4564,0.0,0.4427,a03312026ex9918-k.htm,
97476,TEXAS INSTRUMENTS INC,tech,core,0000097476-19-000006,8-K,2019-10-22,EX99_PRESS_RELEASE,FLAGGED,earnings_supplemental_diluted,earnings_supplemental_diluted,whole_document,medium,2558,0.2998,0.0,0.47025,form8-kex992019x10x22.htm,
97476,TEXAS INSTRUMENTS INC,tech,core,0000097476-20-000006,8-K,2020-01-22,EX99_PRESS_RELEASE,FLAGGED,earnings_supplemental_diluted,earnings_supplemental_diluted,whole_document,medium,2748,0.2711,0.0,0.46835,q42019txnex99-8xker.htm,
97476,TEXAS INSTRUMENTS INC,tech,core,0000097476-20-000014,8-K,2020-04-21,EX99_PRESS_RELEASE,FLAGGED,earnings_supplemental_diluted,earnings_supplemental_diluted,whole_document,medium,2411,0.3073,0.0,0.47023,q12020txnex99-er8k1.htm,
97476,TEXAS INSTRUMENTS INC,tech,core,0000097476-20-000025,8-K,2020-07-21,EX99_PRESS_RELEASE,FLAGGED,earnings_supplemental_diluted,earnings_supplemental_diluted,whole_document,medium,2413,0.2831,0.0,0.46769,q22020txnex99-er1.htm,
97476,TEXAS INSTRUMENTS INC,tech,core,0000097476-21-000003,8-K,2021-01-26,EX99_PRESS_RELEASE,FLAGGED,earnings_supplemental_diluted,earnings_supplemental_diluted,whole_document,medium,2546,0.2671,0.0,0.47157,q42020txnex99-er1.htm,
97476,TEXAS INSTRUMENTS INC,tech,core,0000097476-21-000011,8-K,2021-04-27,EX99_PRESS_RELEASE,FLAGGED,earnings_supplemental_diluted,earnings_supplemental_diluted,whole_document,medium,2304,0.2739,0.0,0.47189,q12021txnex99-er2.htm,
97476,TEXAS INSTRUMENTS INC,tech,core,0000097476-21-000019,8-K,2021-07-21,EX99_PRESS_RELEASE,FLAGGED,earnings_supplemental_diluted,earnings_supplemental_diluted,whole_document,medium,2308,0.273,0.0,0.47224,q22021txnex99-er1.htm,
97476,TEXAS INSTRUMENTS INC,tech,core,0000097476-21-000030,8-K,2021-10-26,EX99_PRESS_RELEASE,FLAGGED,earnings_supplemental_diluted,earnings_supplemental_diluted,whole_document,medium,2273,0.2745,0.0,0.47262,q32021txnex99-er1.htm,
97476,TEXAS INSTRUMENTS INC,tech,core,0000097476-22-000004,8-K,2022-01-25,EX99_PRESS_RELEASE,FLAGGED,earnings_supplemental_diluted,earnings_supplemental_diluted,whole_document,medium,2483,0.2702,0.0,0.4732,q42021txnex99-er1.htm,
97476,TEXAS INSTRUMENTS INC,tech,core,0000097476-22-000026,8-K,2022-04-26,EX99_PRESS_RELEASE,FLAGGED,earnings_supplemental_diluted,earnings_supplemental_diluted,whole_document,medium,2261,0.3189,0.0,0.47441,q12022txnex99-er1.htm,
97476,TEXAS INSTRUMENTS INC,tech,core,0000097476-22-000038,8-K,2022-07-26,EX99_PRESS_RELEASE,FLAGGED,earnings_supplemental_diluted,earnings_supplemental_diluted,whole_document,medium,2204,0.2809,0.0,0.47333,q22022txnex99-er1.htm,
97476,TEXAS INSTRUMENTS INC,tech,core,0000097476-22-000047,8-K,2022-10-25,EX99_PRESS_RELEASE,FLAGGED,earnings_supplemental_diluted,earnings_supplemental_diluted,whole_document,medium,2223,0.2996,0.0,0.47191,q32022txnex99-er1.htm,
97476,TEXAS INSTRUMENTS INC,tech,core,0000097476-23-000003,8-K,2023-01-24,EX99_PRESS_RELEASE,FLAGGED,earnings_supplemental_diluted,earnings_supplemental_diluted,whole_document,medium,2424,0.2727,0.0,0.47371,q42022txnex99-er1.htm,
97476,TEXAS INSTRUMENTS INC,tech,core,0000097476-23-000023,8-K,2023-04-25,EX99_PRESS_RELEASE,FLAGGED,earnings_supplemental_diluted,earnings_supplemental_diluted,whole_document,medium,2193,0.3037,0.0,0.47432,q12023txnex99-er1.htm,
97476,TEXAS INSTRUMENTS INC,tech,core,0000097476-23-000033,8-K,2023-07-25,EX99_PRESS_RELEASE,FLAGGED,earnings_supplemental_diluted,earnings_supplemental_diluted,whole_document,medium,2169,0.2803,0.0,0.4725,q22023txnex99-er1.htm,
97476,TEXAS INSTRUMENTS INC,tech,core,0000097476-23-000039,8-K,2023-10-24,EX99_PRESS_RELEASE,FLAGGED,earnings_supplemental_diluted,earnings_supplemental_diluted,whole_document,medium,2164,0.3008,0.0,0.47192,q32023txnex99-er1.htm,
97476,TEXAS INSTRUMENTS INC,tech,core,0000097476-24-000004,8-K,2024-01-23,EX99_PRESS_RELEASE,FLAGGED,earnings_supplemental_diluted,earnings_supplemental_diluted,whole_document,medium,2370,0.2738,0.0,0.47072,q42023txnex99-er1.htm,
97476,TEXAS INSTRUMENTS INC,tech,core,0000097476-24-000020,8-K,2024-04-23,EX99_PRESS_RELEASE,FLAGGED,earnings_supplemental_diluted,earnings_supplemental_diluted,whole_document,medium,2128,0.3059,0.0,0.46864,q12024txnex99-er1.htm,
97476,TEXAS INSTRUMENTS INC,tech,core,0000097476-24-000029,8-K,2024-07-23,EX99_PRESS_RELEASE,FLAGGED,earnings_supplemental_diluted,earnings_supplemental_diluted,whole_document,medium,2189,0.2919,0.0,0.46828,q22024txnex99-er1.htm,
97476,TEXAS INSTRUMENTS INC,tech,core,0000097476-24-000040,8-K,2024-10-22,EX99_PRESS_RELEASE,FLAGGED,earnings_supplemental_diluted,earnings_supplemental_diluted,whole_document,medium,2167,0.2944,0.0,0.46884,q32024txnex99-er1.htm,
97476,TEXAS INSTRUMENTS INC,tech,core,0000097476-25-000003,8-K,2025-01-23,EX99_PRESS_RELEASE,FLAGGED,earnings_supplemental_diluted,earnings_supplemental_diluted,whole_document,medium,2371,0.2682,0.0,0.46751,q42024txnex99-eredgar.htm,
97476,TEXAS INSTRUMENTS INC,tech,core,0000097476-25-000025,8-K,2025-04-23,EX99_PRESS_RELEASE,FLAGGED,earnings_supplemental_diluted,earnings_supplemental_diluted,whole_document,medium,2226,0.3041,0.0,0.46852,q12025txnex99-er1.htm,
97476,TEXAS INSTRUMENTS INC,tech,core,0000097476-25-000033,8-K,2025-07-22,EX99_PRESS_RELEASE,FLAGGED,earnings_supplemental_diluted,earnings_supplemental_diluted,whole_document,medium,2215,0.3052,0.0,0.46971,q22025txnex99-er1.htm,
97745,THERMO FISHER SCIENTIFIC INC.,industrials,extension,0000097745-20-000012,8-K,2020-04-06,EX99_PRESS_RELEASE,FLAGGED,earnings_population_gate,earnings_population_gate,whole_document,medium,787,0.8208,0.0,0.43536,a8kdated4620ex991.htm,
97745,THERMO FISHER SCIENTIFIC INC.,industrials,extension,0000097745-20-000015,8-K,2020-04-22,EX99_PRESS_RELEASE,FLAGGED,earnings_population_gate,earnings_population_gate,whole_document,medium,3446,0.5354,0.0,0.50379,q120earnings8kex991.htm,
97745,THERMO FISHER SCIENTIFIC INC.,industrials,extension,0000097745-20-000032,8-K,2020-07-06,EX99_PRESS_RELEASE,FLAGGED,earnings_population_gate,earnings_population_gate,whole_document,medium,660,0.8197,0.0,0.43662,a8kdated7620ex991.htm,
97745,THERMO FISHER SCIENTIFIC INC.,industrials,extension,0000097745-20-000035,8-K,2020-07-22,EX99_PRESS_RELEASE,FLAGGED,earnings_population_gate,earnings_population_gate,whole_document,medium,4634,0.4873,0.0,0.51193,q220earnings8kex991.htm,
97745,THERMO FISHER SCIENTIFIC INC.,industrials,extension,0000097745-21-000002,8-K,2021-01-11,8K_BODY,FLAGGED,earnings_population_gate,earnings_population_gate,item202_slice,medium,629,0.6264,0.0,0.4698,tmo-20210111.htm,
97745,THERMO FISHER SCIENTIFIC INC.,industrials,extension,0000097745-21-000006,8-K,2021-02-01,EX99_PRESS_RELEASE,FLAGGED,earnings_population_gate,earnings_population_gate,whole_document,medium,5105,0.5038,0.0,0.51089,q420earnings8kex99_1.htm,
100885,UNION PACIFIC CORP,industrials,extension,0000100885-15-000139,8-K,2015-07-23,EX99_PRESS_RELEASE,FLAGGED,earnings_supplemental_diluted,earnings_supplemental_diluted,whole_document,medium,2797,0.2306,0.0,0.47609,unp-20150723ex991fc519a.htm,
100885,UNION PACIFIC CORP,industrials,extension,0000100885-15-000186,8-K,2015-10-22,EX99_PRESS_RELEASE,FLAGGED,earnings_supplemental_diluted,earnings_supplemental_diluted,whole_document,medium,2887,0.3142,0.0,0.47379,unp-20151022ex991150c16.htm,
100885,UNION PACIFIC CORP,industrials,extension,0000100885-16-000237,8-K,2016-01-21,EX99_PRESS_RELEASE,FLAGGED,earnings_supplemental_diluted,earnings_supplemental_diluted,whole_document,medium,3650,0.2027,0.0,0.48662,unp-20160121ex99151ea8f.htm,
100885,UNION PACIFIC CORP,industrials,extension,0000100885-16-000336,8-K,2016-04-21,EX99_PRESS_RELEASE,FLAGGED,earnings_supplemental_diluted,earnings_supplemental_diluted,whole_document,medium,2426,0.3549,0.0,0.47422,unp-20160421xex99_1.htm,
100885,UNION PACIFIC CORP,industrials,extension,0000100885-16-000397,8-K,2016-07-21,EX99_PRESS_RELEASE,FLAGGED,earnings_supplemental_diluted,earnings_supplemental_diluted,whole_document,medium,2917,0.3277,0.0,0.4772,unp-20160721xex99_1.htm,
100885,UNION PACIFIC CORP,industrials,extension,0000100885-16-000451,8-K,2016-10-20,EX99_PRESS_RELEASE,FLAGGED,earnings_supplemental_diluted,earnings_supplemental_diluted,whole_document,medium,3032,0.2615,0.0,0.46633,unp-20161020xex99_1.htm,
100885,UNION PACIFIC CORP,industrials,extension,0000100885-17-000029,8-K,2017-01-19,EX99_PRESS_RELEASE,FLAGGED,earnings_supplemental_diluted,earnings_supplemental_diluted,whole_document,medium,3656,0.262,0.0,0.47641,unp-20170119xex99_1.htm,
100885,UNION PACIFIC CORP,industrials,extension,0000100885-17-000110,8-K,2017-04-27,EX99_PRESS_RELEASE,FLAGGED,earnings_supplemental_diluted,earnings_supplemental_diluted,whole_document,medium,2318,0.3645,0.0,0.47105,unp-20170427xex99_1.htm,
100885,UNION PACIFIC CORP,industrials,extension,0000100885-17-000169,8-K,2017-07-20,EX99_PRESS_RELEASE,FLAGGED,earnings_supplemental_diluted,earnings_supplemental_diluted,whole_document,medium,2910,0.2959,0.0,0.47139,unp-20170720xex99_1.htm,
100885,UNION PACIFIC CORP,industrials,extension,0000100885-17-000241,8-K,2017-10-26,EX99_PRESS_RELEASE,FLAGGED,earnings_supplemental_diluted,earnings_supplemental_diluted,whole_document,medium,3028,0.2596,0.0,0.45975,unp-20171026xex99_1.htm,
100885,UNION PACIFIC CORP,industrials,extension,0000100885-18-000033,8-K,2018-01-25,EX99_PRESS_RELEASE,FLAGGED,earnings_supplemental_diluted,earnings_supplemental_diluted,whole_document,medium,4083,0.2912,0.0,0.46763,unp-20180125xex99_1.htm,
100885,UNION PACIFIC CORP,industrials,extension,0000100885-18-000120,8-K,2018-04-26,EX99_PRESS_RELEASE,FLAGGED,earnings_supplemental_diluted,earnings_supplemental_diluted,whole_document,medium,2320,0.3427,0.0,0.476,unp-20180426xex99_1.htm,
100885,UNION PACIFIC CORP,industrials,extension,0000100885-18-000181,8-K,2018-07-19,EX99_PRESS_RELEASE,FLAGGED,earnings_supplemental_diluted,earnings_supplemental_diluted,whole_document,medium,2853,0.2303,0.0,0.47248,unp-20180719xex99_1.htm,
100885,UNION PACIFIC CORP,industrials,extension,0000100885-19-000028,8-K,2019-01-09,8K_BODY,FLAGGED,below_length_floor,earnings_population_gate|below_length_floor,item202_slice,medium,354,0.1864,0.0,0.40656,unp-20190109x8k.htm,
100885,UNION PACIFIC CORP,industrials,extension,0000100885-19-000036,8-K,2019-01-24,EX99_PRESS_RELEASE,FLAGGED,earnings_population_gate,earnings_population_gate|earnings_supplemental_diluted,whole_document,medium,4218,0.3193,0.0,0.47204,unp-20190124xex99_1.htm,
100885,UNION PACIFIC CORP,industrials,extension,0000100885-19-000125,8-K,2019-04-18,EX99_PRESS_RELEASE,FLAGGED,earnings_supplemental_diluted,earnings_supplemental_diluted,whole_document,medium,2387,0.3729,0.0,0.47733,unp-20190418xex99_1.htm,
100885,UNION PACIFIC CORP,industrials,extension,0000100885-19-000191,8-K,2019-07-18,EX99_PRESS_RELEASE,FLAGGED,earnings_supplemental_diluted,earnings_supplemental_diluted,whole_document,medium,2932,0.2841,0.0,0.47329,unp-20190718xex99_1.htm,
100885,UNION PACIFIC CORP,industrials,extension,0000100885-19-000249,8-K,2019-10-17,EX99_PRESS_RELEASE,FLAGGED,earnings_supplemental_diluted,earnings_supplemental_diluted,whole_document,medium,2980,0.25,0.0,0.47626,unp-20191017xex99_1.htm,
100885,UNION PACIFIC CORP,industrials,extension,0000100885-20-000035,8-K,2020-01-23,EX99_PRESS_RELEASE,FLAGGED,earnings_supplemental_diluted,earnings_supplemental_diluted,whole_document,medium,3582,0.2811,0.0,0.47054,unp-20200123xex99_1.htm,
100885,UNION PACIFIC CORP,industrials,extension,0000100885-20-000139,8-K,2020-04-23,EX99_PRESS_RELEASE,FLAGGED,earnings_supplemental_diluted,earnings_supplemental_diluted,whole_document,medium,2732,0.1995,0.0,0.45387,unp-20200423xex99_1.htm,
100885,UNION PACIFIC CORP,industrials,extension,0000100885-20-000219,8-K,2020-07-23,EX99_PRESS_RELEASE,FLAGGED,earnings_supplemental_diluted,earnings_supplemental_diluted,whole_document,medium,3486,0.2111,0.0,0.44561,unp-20200723xex99_1.htm,
100885,UNION PACIFIC CORP,industrials,extension,0000100885-21-000027,8-K,2021-01-08,EX99_PRESS_RELEASE,FLAGGED,earnings_population_gate,earnings_population_gate,whole_document,medium,306,0.634,0.0,0.47331,unp-20210108xex99_1.htm,
100885,UNION PACIFIC CORP,industrials,extension,0000100885-21-000038,8-K,2021-01-21,EX99_PRESS_RELEASE,FLAGGED,earnings_population_gate,earnings_population_gate|earnings_supplemental_diluted,whole_document,medium,4740,0.2498,0.0,0.4447,unp-20210121xex99_1.htm,
100885,UNION PACIFIC CORP,industrials,extension,0000100885-21-000157,8-K,2021-04-22,EX99_PRESS_RELEASE,FLAGGED,earnings_supplemental_diluted,earnings_supplemental_diluted,whole_document,medium,2885,0.3338,0.0,0.45345,unp-20210422xex99_1.htm,
100885,UNION PACIFIC CORP,industrials,extension,0000100885-25-000150,8-K,2025-04-24,EX99_PRESS_RELEASE,FLAGGED,earnings_supplemental_diluted,earnings_supplemental_diluted,whole_document,medium,2738,0.3638,0.0,0.44665,a2025-04x248xkex991earning.htm,
104169,Walmart Inc.,consumer,core,0000104169-24-000019,8-K,2024-02-20,EX99_PRESS_RELEASE,FLAGGED,earnings_supplemental_diluted,earnings_supplemental_diluted,whole_document,medium,6926,0.4729,0.0,0.47215,earningsreleasefy24q4.htm,
104169,Walmart Inc.,consumer,core,0000104169-25-000177,8-K,2025-11-20,EX99_PRESS_RELEASE,FLAGGED,earnings_supplemental_diluted,earnings_supplemental_diluted,whole_document,medium,7461,0.4131,0.0,0.4667,earningsreleasefy26q3.htm,
104169,Walmart Inc.,consumer,core,0000104169-26-000032,8-K,2026-02-19,EX99_PRESS_RELEASE,FLAGGED,earnings_supplemental_diluted,earnings_supplemental_diluted,whole_document,medium,7576,0.404,0.0,0.45917,earningsreleasefy26q4.htm,
106040,WESTERN DIGITAL CORP,tech,core,0000106040-25-000005,8-K,2025-01-29,EX99_PRESS_RELEASE,FLAGGED,earnings_population_gate,earnings_population_gate,whole_document,medium,4585,0.5036,0.0,0.48817,a4ex991-pressreleaseq225.htm,
200406,JOHNSON & JOHNSON,healthcare,core,0000200406-19-000061,8-K,2019-10-15,EX99_PRESS_RELEASE,FLAGGED,earnings_population_gate,earnings_population_gate,whole_document,medium,2051,0.5524,0.0,0.35594,a2019q3exhibit991.htm,
200406,JOHNSON & JOHNSON,healthcare,core,0000200406-19-000063,8-K,2019-10-23,EX99_PRESS_RELEASE,FLAGGED,earnings_population_gate,earnings_population_gate,whole_document,medium,1890,0.4042,0.0,0.44313,a2019q3exhibit992tobeu.htm,
200406,JOHNSON & JOHNSON,healthcare,core,0000200406-23-000073,8-K,2023-07-20,EX99_PRESS_RELEASE,FLAGGED,earnings_population_gate,earnings_population_gate,whole_document,medium,2126,0.4393,0.0,0.35972,a2023q2exhibit991.htm,
200406,JOHNSON & JOHNSON,healthcare,core,0000200406-23-000091,8-K,2023-08-30,EX99_PRESS_RELEASE,FLAGGED,earnings_population_gate,earnings_population_gate,whole_document,medium,1801,0.5125,0.0,0.39762,post-splitguidanceex991.htm,
200406,JOHNSON & JOHNSON,healthcare,core,0000200406-24-000031,8-K,2024-04-16,EX99_PRESS_RELEASE,FLAGGED,earnings_population_gate,earnings_population_gate,whole_document,medium,2194,0.356,0.0,0.3435,a2024q1exhibit991.htm,
200406,JOHNSON & JOHNSON,healthcare,core,0000200406-24-000048,8-K,2024-05-01,EX99_PRESS_RELEASE,FLAGGED,earnings_population_gate,earnings_population_gate,whole_document,medium,1660,0.3976,0.0,0.48142,a2024q1exhibit9912.htm,
310764,STRYKER CORP,healthcare,core,0000310764-16-000195,8-K,2016-01-12,EX99_PRESS_RELEASE,FLAGGED,earnings_population_gate,earnings_population_gate,whole_document,medium,1224,0.7998,0.0,0.50138,sykexhibit99101122016.htm,
310764,STRYKER CORP,healthcare,core,0000310764-16-000203,8-K,2016-01-26,EX99_PRESS_RELEASE,FLAGGED,earnings_population_gate,earnings_population_gate,whole_document,medium,3549,0.419,0.0,0.46312,sykexhibit99101262016.htm,
310764,STRYKER CORP,healthcare,core,0000310764-17-000008,8-K,2017-01-10,EX99_PRESS_RELEASE,FLAGGED,earnings_population_gate,earnings_population_gate,whole_document,medium,1695,0.5929,0.0,0.46311,sykexhibit99111017.htm,
310764,STRYKER CORP,healthcare,core,0000310764-17-000014,8-K,2017-01-24,EX99_PRESS_RELEASE,FLAGGED,earnings_population_gate,earnings_population_gate,whole_document,medium,3793,0.3862,0.0,0.46635,sykex991earningsrelease12417.htm,
310764,STRYKER CORP,healthcare,core,0000310764-18-000006,8-K,2018-01-09,EX99_PRESS_RELEASE,FLAGGED,earnings_population_gate,earnings_population_gate,whole_document,medium,1515,0.5855,0.0,0.46753,exhibit9911918.htm,
310764,STRYKER CORP,healthcare,core,0000310764-18-000014,8-K,2018-01-30,EX99_PRESS_RELEASE,FLAGGED,earnings_population_gate,earnings_population_gate,whole_document,medium,3866,0.2625,0.0,0.46851,sykex991earningsrelea13017.htm,
313616,DANAHER CORP /DE/,industrials,extension,0000313616-16-000132,8-K,2016-01-26,EX99_PRESS_RELEASE,FLAGGED,earnings_population_gate,earnings_population_gate,whole_document,medium,3765,0.5394,0.0,0.50846,dhr-2016126xex991.htm,
313616,DANAHER CORP /DE/,industrials,extension,0000313616-17-000023,8-K,2017-01-31,EX99_PRESS_RELEASE,FLAGGED,earnings_population_gate,earnings_population_gate,whole_document,medium,4166,0.5108,0.0,0.49257,dhr-2017131xex991.htm,
313616,DANAHER CORP /DE/,industrials,extension,0000313616-18-000012,8-K,2018-01-09,EX99_PRESS_RELEASE,FLAGGED,earnings_population_gate,earnings_population_gate,whole_document,medium,786,0.916,0.0,0.46719,dhr-201818xex991.htm,
313616,DANAHER CORP /DE/,industrials,extension,0000313616-18-000023,8-K,2018-01-30,EX99_PRESS_RELEASE,FLAGGED,earnings_population_gate,earnings_population_gate,whole_document,medium,4619,0.5146,0.0,0.5022,dhr-2018130xex991.htm,
313616,DANAHER CORP /DE/,industrials,extension,0000313616-19-000004,8-K,2019-01-08,EX99_PRESS_RELEASE,FLAGGED,earnings_population_gate,earnings_population_gate,whole_document,medium,830,0.9229,0.0,0.46724,exhibit991.htm,
313616,DANAHER CORP /DE/,industrials,extension,0000313616-19-000006,8-K,2019-01-29,EX99_PRESS_RELEASE,FLAGGED,earnings_population_gate,earnings_population_gate,whole_document,medium,5135,0.5922,0.0,0.50484,dhr-2019129xex991.htm,
313616,DANAHER CORP /DE/,industrials,extension,0000313616-20-000002,8-K,2020-01-13,EX99_PRESS_RELEASE,FLAGGED,earnings_population_gate,earnings_population_gate,whole_document,medium,864,0.9086,0.0,0.4689,dhr-2020113xex991.htm,
313616,DANAHER CORP /DE/,industrials,extension,0000313616-20-000005,8-K,2020-01-30,EX99_PRESS_RELEASE,FLAGGED,earnings_population_gate,earnings_population_gate,whole_document,medium,5155,0.5389,0.0,0.48737,dhr-2020130xex991.htm,
313616,DANAHER CORP /DE/,industrials,extension,0000313616-20-000081,8-K,2020-04-13,EX99_PRESS_RELEASE,FLAGGED,earnings_population_gate,earnings_population_gate,whole_document,medium,1509,0.8641,0.0,0.47904,dhr-2020413xex991.htm,
313616,DANAHER CORP /DE/,industrials,extension,0000313616-20-000091,8-K,2020-05-06,EX99_PRESS_RELEASE,FLAGGED,earnings_population_gate,earnings_population_gate,whole_document,medium,3835,0.745,0.0,0.47928,dhr-202056xex991.htm,
313616,DANAHER CORP /DE/,industrials,extension,0000313616-21-000004,8-K,2021-01-13,EX99_PRESS_RELEASE,FLAGGED,earnings_population_gate,earnings_population_gate,whole_document,medium,1380,0.85,0.0,0.4698,dhr-202113xex991.htm,
313616,DANAHER CORP /DE/,industrials,extension,0000313616-21-000006,8-K,2021-01-28,EX99_PRESS_RELEASE,FLAGGED,earnings_population_gate,earnings_population_gate,whole_document,medium,5917,0.5871,0.0,0.48019,dhr-2021128xex991.htm,
313616,DANAHER CORP /DE/,industrials,extension,0000313616-22-000003,8-K,2022-01-11,EX99_PRESS_RELEASE,FLAGGED,earnings_population_gate,earnings_population_gate,whole_document,medium,1304,0.8014,0.0,0.4661,dhr-20220111xex991.htm,
313616,DANAHER CORP /DE/,industrials,extension,0000313616-22-000005,8-K,2022-01-27,EX99_PRESS_RELEASE,FLAGGED,earnings_population_gate,earnings_population_gate,whole_document,medium,6790,0.6513,0.0,0.48851,dhr-20220127xex991.htm,
313616,DANAHER CORP /DE/,industrials,extension,0000313616-23-000002,8-K,2023-01-09,EX99_PRESS_RELEASE,FLAGGED,earnings_population_gate,earnings_population_gate,whole_document,medium,1550,0.88,0.0,0.46771,dhr-20230109xex991.htm,
313616,DANAHER CORP /DE/,industrials,extension,0000313616-23-000006,8-K,2023-01-24,EX99_PRESS_RELEASE,FLAGGED,earnings_population_gate,earnings_population_gate,whole_document,medium,7319,0.5788,0.0,0.48953,dhr-20230124xex991.htm,
313616,DANAHER CORP /DE/,industrials,extension,0000313616-23-000129,8-K,2023-04-25,EX99_PRESS_RELEASE,FLAGGED,earnings_population_gate,earnings_population_gate,whole_document,medium,4576,0.6938,0.0,0.4677,dhr-20230425xex991.htm,
313616,DANAHER CORP /DE/,industrials,extension,0000313616-23-000175,8-K,2023-05-11,8K_BODY,FLAGGED,earnings_population_gate,earnings_population_gate,item202_slice,medium,730,0.3329,0.0,0.38737,dhr-20230509.htm,
313616,DANAHER CORP /DE/,industrials,extension,0000313616-24-000004,8-K,2024-01-08,EX99_PRESS_RELEASE,FLAGGED,earnings_population_gate,earnings_population_gate,whole_document,medium,1534,0.8266,0.0,0.45532,dhr-20240108xex991.htm,
313616,DANAHER CORP /DE/,industrials,extension,0000313616-24-000006,8-K,2024-01-30,EX99_PRESS_RELEASE,FLAGGED,earnings_population_gate,earnings_population_gate,whole_document,medium,6972,0.574,0.0,0.49039,dhr-20240130xex991.htm,
313616,DANAHER CORP /DE/,industrials,extension,0000313616-25-000002,8-K,2025-01-13,EX99_PRESS_RELEASE,FLAGGED,earnings_population_gate,earnings_population_gate,whole_document,medium,1300,0.8146,0.0,0.44884,dhr-20250113xex991.htm,
313616,DANAHER CORP /DE/,industrials,extension,0000313616-25-000004,8-K,2025-01-29,EX99_PRESS_RELEASE,FLAGGED,earnings_population_gate,earnings_population_gate,whole_document,medium,5520,0.5402,0.0,0.48428,dhr-20250129xex991.htm,
313616,DANAHER CORP /DE/,industrials,extension,0000313616-26-000002,8-K,2026-01-12,EX99_PRESS_RELEASE,FLAGGED,earnings_population_gate,earnings_population_gate,whole_document,medium,1447,0.774,0.0,0.44755,dhr-20260112xex991.htm,
313616,DANAHER CORP /DE/,industrials,extension,0000313616-26-000004,8-K,2026-01-28,EX99_PRESS_RELEASE,FLAGGED,earnings_population_gate,earnings_population_gate,whole_document,medium,6348,0.4891,0.0,0.47876,dhr-20260128xex991.htm,
320187,"NIKE, Inc.",consumer,core,0000320187-15-000188,8-K,2015-09-24,EX99_PRESS_RELEASE,FLAGGED,earnings_population_gate,earnings_population_gate,whole_document,medium,2182,0.4372,0.0,0.44886,exhibit991erq12016.htm,
320187,"NIKE, Inc.",consumer,core,0000320187-15-000194,8-K,2015-09-29,EX99_PRESS_RELEASE,FLAGGED,earnings_population_gate,earnings_population_gate,whole_document,medium,8720,0.8882,0.0,0.42361,exhibit991ercc.htm,
320187,"NIKE, Inc.",consumer,core,0000320187-15-000229,8-K,2015-12-22,EX99_PRESS_RELEASE,FLAGGED,earnings_population_gate,earnings_population_gate,whole_document,medium,2608,0.4421,0.0,0.44713,exhibit991erq22016.htm,
320187,"NIKE, Inc.",consumer,core,0000320187-15-000231,8-K,2015-12-29,EX99_PRESS_RELEASE,FLAGGED,earnings_population_gate,earnings_population_gate,whole_document,medium,8876,0.9145,0.0,0.42947,a8-kq2fy16erccexhibit991.htm,
320187,"NIKE, Inc.",consumer,core,0000320187-16-000257,8-K,2016-03-22,EX99_PRESS_RELEASE,FLAGGED,earnings_population_gate,earnings_population_gate,whole_document,medium,2831,0.4196,0.0,0.45426,exhibit991erq32016.htm,
320187,"NIKE, Inc.",consumer,core,0000320187-16-000259,8-K,2016-03-25,EX99_PRESS_RELEASE,FLAGGED,earnings_population_gate,earnings_population_gate,whole_document,medium,9179,0.8874,0.0,0.41722,a8-kq3fy16erccexhibit991.htm,
320187,"NIKE, Inc.",consumer,core,0000320187-16-000314,8-K,2016-07-05,EX99_PRESS_RELEASE,FLAGGED,earnings_population_gate,earnings_population_gate,whole_document,medium,9217,0.8843,0.0,0.42461,q4fy16ercctranscript.htm,
320187,"NIKE, Inc.",consumer,core,0000320187-16-000372,8-K,2016-09-27,EX99_PRESS_RELEASE,FLAGGED,earnings_population_gate,earnings_population_gate,whole_document,medium,2455,0.4798,0.0,0.43689,exhibit991erq12017.htm,
320187,"NIKE, Inc.",consumer,core,0000320187-16-000376,8-K,2016-09-30,EX99_PRESS_RELEASE,FLAGGED,earnings_population_gate,earnings_population_gate,whole_document,medium,9052,0.8827,0.0,0.42716,a8-kq1fy17erccexhibit9911.htm,
320187,"NIKE, Inc.",consumer,core,0000320187-16-000390,8-K,2016-12-20,EX99_PRESS_RELEASE,FLAGGED,earnings_population_gate,earnings_population_gate,whole_document,medium,2345,0.3586,0.0,0.4466,exhibit991erq22017.htm,
320187,"NIKE, Inc.",consumer,core,0000320187-16-000392,8-K,2016-12-23,EX99_PRESS_RELEASE,FLAGGED,earnings_population_gate,earnings_population_gate,whole_document,medium,9522,0.9169,0.0,0.4286,a8-kq2fy17erccexhibit991.htm,
320187,"NIKE, Inc.",consumer,core,0000320187-17-000020,8-K,2017-03-21,EX99_PRESS_RELEASE,FLAGGED,earnings_population_gate,earnings_population_gate,whole_document,medium,2351,0.3811,0.0,0.44997,exhibit991erq32017.htm,
320187,"NIKE, Inc.",consumer,core,0000320187-17-000022,8-K,2017-03-23,EX99_PRESS_RELEASE,FLAGGED,earnings_population_gate,earnings_population_gate,whole_document,medium,9711,0.9227,0.0,0.42159,a8-kq3fy17erccexhibit991.htm,
320187,"NIKE, Inc.",consumer,core,0000320187-17-000059,8-K,2017-07-05,EX99_PRESS_RELEASE,FLAGGED,earnings_population_gate,earnings_population_gate,whole_document,medium,9759,0.8806,0.0,0.42821,q4fy17erccexhibit991.htm,
320187,"NIKE, Inc.",consumer,core,0000320187-17-000176,8-K,2017-09-26,EX99_PRESS_RELEASE,FLAGGED,earnings_population_gate,earnings_population_gate,whole_document,medium,1950,0.439,0.0,0.43728,exhibit991erq1fy18.htm,
320187,"NIKE, Inc.",consumer,core,0000320187-17-000180,8-K,2017-09-29,EX99_PRESS_RELEASE,FLAGGED,earnings_population_gate,earnings_population_gate,whole_document,medium,10729,0.9371,0.0,0.43068,q1fy18erccex991.htm,
320187,"NIKE, Inc.",consumer,core,0000320187-17-000202,8-K,2017-12-21,EX99_PRESS_RELEASE,FLAGGED,earnings_population_gate,earnings_population_gate,whole_document,medium,2196,0.3365,0.0,0.4524,exhibit991erq2fy18.htm,
320187,"NIKE, Inc.",consumer,core,0000320187-17-000204,8-K,2017-12-27,EX99_PRESS_RELEASE,FLAGGED,earnings_population_gate,earnings_population_gate,whole_document,medium,9392,0.849,0.0,0.42614,q2fy18erccexhibit991.htm,
320187,"NIKE, Inc.",consumer,core,0000320187-18-000034,8-K,2018-03-22,EX99_PRESS_RELEASE,FLAGGED,earnings_population_gate,earnings_population_gate,whole_document,medium,2204,0.338,0.0,0.45157,exhibit991erq3fy18.htm,
320187,"NIKE, Inc.",consumer,core,0000320187-18-000037,8-K,2018-03-27,EX99_PRESS_RELEASE,FLAGGED,earnings_population_gate,earnings_population_gate,whole_document,medium,8665,0.9002,0.0,0.41656,q3fy18erccexhibit991.htm,
320187,"NIKE, Inc.",consumer,core,0000320187-18-000065,8-K,2018-07-03,EX99_PRESS_RELEASE,FLAGGED,earnings_population_gate,earnings_population_gate,whole_document,medium,9066,0.7525,0.0,0.41402,q4fy18erccexhibit991.htm,
320187,"NIKE, Inc.",consumer,core,0000320187-18-000206,8-K,2018-09-25,EX99_PRESS_RELEASE,FLAGGED,earnings_population_gate,earnings_population_gate,whole_document,medium,1807,0.3752,0.0,0.42232,exhibit991erq1fy19.htm,
320187,"NIKE, Inc.",consumer,core,0000320187-24-000062,8-K,2024-10-01,EX99_PRESS_RELEASE,FLAGGED,earnings_population_gate,earnings_population_gate,whole_document,medium,2136,0.3516,0.0,0.45081,q1fy25exhibit991er.htm,
320187,"NIKE, Inc.",consumer,core,0000320187-24-000069,8-K,2024-12-19,EX99_PRESS_RELEASE,FLAGGED,earnings_population_gate,earnings_population_gate,whole_document,medium,2416,0.2881,0.0,0.44417,q2fy25exhibit991er.htm,
320187,"NIKE, Inc.",consumer,core,0000320187-26-000070,8-K,2026-06-23,EX99_PRESS_RELEASE,FLAGGED,earnings_population_gate,earnings_population_gate,whole_document,medium,651,0.8925,0.0,0.34633,pressrelease062326.htm,
320187,"NIKE, Inc.",consumer,core,0000320187-26-000076,8-K,2026-06-30,EX99_PRESS_RELEASE,FLAGGED,earnings_population_gate,earnings_population_gate,whole_document,medium,3074,0.2983,0.0,0.4594,q4fy26exhibit991er.htm,
320193,Apple Inc.,tech,core,0000320193-19-000002,8-K,2019-01-02,EX99_PRESS_RELEASE,FLAGGED,earnings_population_gate,earnings_population_gate,whole_document,medium,2224,0.7842,0.0,0.4826,a8-kexhibit991122019.htm,
320193,Apple Inc.,tech,core,0000320193-19-000007,8-K,2019-01-29,EX99_PRESS_RELEASE,FLAGGED,earnings_population_gate,earnings_population_gate,whole_document,medium,2009,0.5212,0.0,0.51483,a8-kexhibit991q12019122920.htm,
712515,ELECTRONIC ARTS INC.,tech,core,0000712515-18-000038,8-K,2018-07-26,EX99_PRESS_RELEASE,FLAGGED,earnings_population_gate,earnings_population_gate,whole_document,medium,4608,0.3518,0.0,0.47841,earningsrelease072618.htm,
712515,ELECTRONIC ARTS INC.,tech,core,0000712515-18-000052,8-K,2018-08-30,EX99_PRESS_RELEASE,FLAGGED,earnings_population_gate,earnings_population_gate,whole_document,medium,1011,0.6736,0.0,0.40391,pressrelease20180830.htm,
712515,ELECTRONIC ARTS INC.,tech,core,0000712515-25-000007,8-K,2025-01-22,EX99_PRESS_RELEASE,FLAGGED,earnings_population_gate,earnings_population_gate,whole_document,medium,912,0.6228,0.0,0.40668,exhibit991pressrelease2025.htm,
712515,ELECTRONIC ARTS INC.,tech,core,0000712515-25-000010,8-K,2025-02-04,EX99_PRESS_RELEASE,FLAGGED,earnings_population_gate,earnings_population_gate,whole_document,medium,4189,0.2841,0.0,0.47823,earningspressrelease2025_0.htm,
713676,"PNC FINANCIAL SERVICES GROUP, INC.",financials,core,0000713676-17-000017,8-K,2017-11-02,EX99_PRESS_RELEASE,FAIL,empty_after_extraction,empty_after_extraction,none,low,0,0.0,,,baab20178k.htm,12 chars of extractable text
713676,"PNC FINANCIAL SERVICES GROUP, INC.",financials,core,0000713676-18-000014,8-K,2018-01-12,EX99_PRESS_RELEASE,FLAGGED,earnings_population_gate,earnings_population_gate,whole_document,medium,9881,0.5281,0.0,0.4948,a4q17financialhighlightsan.htm,
713676,"PNC FINANCIAL SERVICES GROUP, INC.",financials,core,0000713676-18-000016,8-K,2018-01-12,EX99_PRESS_RELEASE,FLAGGED,earnings_population_gate,earnings_population_gate|earnings_supplemental_diluted,whole_document,medium,10536,0.2341,0.0,0.42009,a4q17financialsupplement.htm,
713676,"PNC FINANCIAL SERVICES GROUP, INC.",financials,core,0000713676-18-000036,8-K,2018-04-13,EX99_PRESS_RELEASE,FLAGGED,earnings_population_gate,earnings_population_gate,whole_document,medium,9331,0.5671,0.0,0.50612,q12018financialhighlightsa.htm,
713676,"PNC FINANCIAL SERVICES GROUP, INC.",financials,core,0000713676-18-000041,8-K,2018-04-13,EX99_PRESS_RELEASE,FLAGGED,earnings_population_gate,earnings_population_gate|earnings_supplemental_diluted,whole_document,medium,9815,0.263,0.0,0.41987,q12018financialsupplement.htm,
713676,"PNC FINANCIAL SERVICES GROUP, INC.",financials,core,0000713676-18-000056,8-K,2018-07-13,EX99_PRESS_RELEASE,FLAGGED,earnings_population_gate,earnings_population_gate,whole_document,medium,8970,0.5201,0.0,0.50388,q22018financialhighlightsa.htm,
713676,"PNC FINANCIAL SERVICES GROUP, INC.",financials,core,0000713676-18-000059,8-K,2018-07-13,EX99_PRESS_RELEASE,FLAGGED,earnings_population_gate,earnings_population_gate|earnings_supplemental_diluted,whole_document,medium,10648,0.2514,0.0,0.42804,q22018financialsupplement.htm,
713676,"PNC FINANCIAL SERVICES GROUP, INC.",financials,core,0000713676-18-000071,8-K,2018-10-12,EX99_PRESS_RELEASE,FLAGGED,earnings_population_gate,earnings_population_gate,whole_document,medium,8929,0.5277,0.0,0.50231,q32018financialhighlightsa.htm,
713676,"PNC FINANCIAL SERVICES GROUP, INC.",financials,core,0000713676-18-000073,8-K,2018-10-12,EX99_PRESS_RELEASE,FLAGGED,earnings_population_gate,earnings_population_gate|earnings_supplemental_diluted,whole_document,medium,10643,0.2506,0.0,0.42704,q32018financialsupplement.htm,
713676,"PNC FINANCIAL SERVICES GROUP, INC.",financials,core,0000713676-18-000084,8-K,2018-11-08,EX99_PRESS_RELEASE,FLAGGED,earnings_population_gate,earnings_population_gate,whole_document,medium,2679,0.9757,0.0,0.42466,baab20188k.htm,
713676,"PNC FINANCIAL SERVICES GROUP, INC.",financials,core,0000713676-19-000005,8-K,2019-01-16,EX99_PRESS_RELEASE,FLAGGED,earnings_population_gate,earnings_population_gate,whole_document,medium,9790,0.5596,0.0,0.50568,q42018financialhighlightsa.htm,
713676,"PNC FINANCIAL SERVICES GROUP, INC.",financials,core,0000713676-19-000008,8-K,2019-01-16,EX99_PRESS_RELEASE,FLAGGED,earnings_population_gate,earnings_population_gate|earnings_supplemental_diluted,whole_document,medium,10755,0.2536,0.0,0.42743,q42018financialsupplement.htm,
713676,"PNC FINANCIAL SERVICES GROUP, INC.",financials,core,0000713676-19-000020,8-K,2019-03-13,EX99_PRESS_RELEASE,FAIL,empty_after_extraction,empty_after_extraction,none,low,0,0.0,,,rbcpresentation8k.htm,12 chars of extractable text
713676,"PNC FINANCIAL SERVICES GROUP, INC.",financials,core,0000713676-19-000025,8-K,2019-04-12,EX99_PRESS_RELEASE,FLAGGED,earnings_population_gate,earnings_population_gate,whole_document,medium,8333,0.5181,0.0,0.50717,q12019financialhighlightsa.htm,
713676,"PNC FINANCIAL SERVICES GROUP, INC.",financials,core,0000713676-19-000027,8-K,2019-04-12,EX99_PRESS_RELEASE,FLAGGED,earnings_population_gate,earnings_population_gate|earnings_supplemental_diluted,whole_document,medium,9423,0.2342,0.0,0.40525,q12019financialsupplement.htm,
713676,"PNC FINANCIAL SERVICES GROUP, INC.",financials,core,0000713676-19-000045,8-K,2019-07-17,EX99_PRESS_RELEASE,FLAGGED,earnings_population_gate,earnings_population_gate,whole_document,medium,8505,0.4991,0.0,0.5129,q22019financialhighlightsa.htm,
713676,"PNC FINANCIAL SERVICES GROUP, INC.",financials,core,0000713676-19-000047,8-K,2019-07-17,EX99_PRESS_RELEASE,FLAGGED,earnings_population_gate,earnings_population_gate|earnings_supplemental_diluted,whole_document,medium,10291,0.206,0.0,0.41548,q22019financialsupplement.htm,
713676,"PNC FINANCIAL SERVICES GROUP, INC.",financials,core,0000713676-19-000061,8-K,2019-10-16,EX99_PRESS_RELEASE,FLAGGED,earnings_population_gate,earnings_population_gate,whole_document,medium,8501,0.4902,0.0,0.51052,q32019financialhighlig.htm,
713676,"PNC FINANCIAL SERVICES GROUP, INC.",financials,core,0000713676-19-000064,8-K,2019-10-16,EX99_PRESS_RELEASE,FLAGGED,earnings_population_gate,earnings_population_gate|earnings_supplemental_diluted,whole_document,medium,10294,0.1995,0.0,0.41534,q32019financialsupplem.htm,
713676,"PNC FINANCIAL SERVICES GROUP, INC.",financials,core,0000713676-19-000081,8-K,2019-11-07,EX99_PRESS_RELEASE,FLAGGED,earnings_population_gate,earnings_population_gate,whole_document,medium,4287,0.9872,0.0,0.38576,a2019baab8k.htm,
713676,"PNC FINANCIAL SERVICES GROUP, INC.",financials,core,0000713676-20-000015,8-K,2020-01-15,EX99_PRESS_RELEASE,FLAGGED,earnings_population_gate,earnings_population_gate,whole_document,medium,8877,0.526,0.0,0.49812,q42019financialhighlig.htm,
713676,"PNC FINANCIAL SERVICES GROUP, INC.",financials,core,0000713676-20-000017,8-K,2020-01-15,EX99_PRESS_RELEASE,FLAGGED,earnings_population_gate,earnings_population_gate|earnings_supplemental_diluted,whole_document,medium,10279,0.1992,0.0,0.4129,q42019financialsupplem.htm,
713676,"PNC FINANCIAL SERVICES GROUP, INC.",financials,core,0000713676-20-000068,8-K,2020-04-15,EX99_PRESS_RELEASE,FLAGGED,earnings_population_gate,earnings_population_gate,whole_document,medium,10343,0.5447,0.0,0.49915,q12020financialhighlig.htm,
713676,"PNC FINANCIAL SERVICES GROUP, INC.",financials,core,0000713676-20-000070,8-K,2020-04-15,EX99_PRESS_RELEASE,FLAGGED,earnings_population_gate,earnings_population_gate|earnings_supplemental_diluted,whole_document,medium,10305,0.2272,0.0,0.40857,q12020financialsupplem.htm,
713676,"PNC FINANCIAL SERVICES GROUP, INC.",financials,core,0000713676-20-000096,8-K,2020-07-15,EX99_PRESS_RELEASE,FLAGGED,earnings_population_gate,earnings_population_gate,whole_document,medium,10350,0.5338,0.0,0.50267,q22020financialhighlightsa.htm,
713676,"PNC FINANCIAL SERVICES GROUP, INC.",financials,core,0000713676-20-000100,8-K,2020-07-15,EX99_PRESS_RELEASE,FLAGGED,earnings_population_gate,earnings_population_gate|earnings_supplemental_diluted,whole_document,medium,11832,0.2189,0.0,0.42709,q22020financialsupplem.htm,
713676,"PNC FINANCIAL SERVICES GROUP, INC.",financials,core,0000713676-20-000130,8-K,2020-10-14,EX99_PRESS_RELEASE,FLAGGED,earnings_population_gate,earnings_population_gate,whole_document,medium,10206,0.523,0.0,0.50069,q32020financialhighlig.htm,
713676,"PNC FINANCIAL SERVICES GROUP, INC.",financials,core,0000713676-20-000135,8-K,2020-10-14,EX99_PRESS_RELEASE,FLAGGED,earnings_population_gate,earnings_population_gate|earnings_supplemental_diluted,whole_document,medium,12034,0.2081,0.0,0.42898,q32020financialsupplement.htm,
713676,"PNC FINANCIAL SERVICES GROUP, INC.",financials,core,0000713676-21-000011,8-K,2021-01-15,EX99_PRESS_RELEASE,FLAGGED,earnings_population_gate,earnings_population_gate,whole_document,medium,10127,0.5232,0.0,0.49702,q420inancialhighlightsandn.htm,
713676,"PNC FINANCIAL SERVICES GROUP, INC.",financials,core,0000713676-21-000016,8-K,2021-01-15,EX99_PRESS_RELEASE,FLAGGED,earnings_population_gate,earnings_population_gate|earnings_supplemental_diluted,whole_document,medium,11825,0.2313,0.0,0.42409,q42020financialsupplement.htm,
713676,"PNC FINANCIAL SERVICES GROUP, INC.",financials,core,0000713676-21-000037,8-K,2021-04-16,EX99_PRESS_RELEASE,FLAGGED,earnings_population_gate,earnings_population_gate,whole_document,medium,9838,0.5138,0.0,0.49249,q12021financialhighlightsa.htm,
713676,"PNC FINANCIAL SERVICES GROUP, INC.",financials,core,0000713676-21-000039,8-K,2021-04-16,EX99_PRESS_RELEASE,FLAGGED,earnings_population_gate,earnings_population_gate|earnings_supplemental_diluted,whole_document,medium,9908,0.1941,0.0,0.41654,q12021financialsupplement.htm,
713676,"PNC FINANCIAL SERVICES GROUP, INC.",financials,core,0000713676-21-000083,8-K,2021-07-14,EX99_PRESS_RELEASE,FLAGGED,earnings_population_gate,earnings_population_gate,whole_document,medium,9001,0.4731,0.0,0.4864,q22021financialhighlightsa.htm,
713676,"PNC FINANCIAL SERVICES GROUP, INC.",financials,core,0000713676-21-000086,8-K,2021-07-14,EX99_PRESS_RELEASE,FLAGGED,earnings_population_gate,earnings_population_gate,whole_document,medium,8071,0.2049,0.0,0.43143,q22021financialsupplement.htm,
713676,"PNC FINANCIAL SERVICES GROUP, INC.",financials,core,0000713676-21-000109,8-K,2021-10-15,EX99_PRESS_RELEASE,FLAGGED,earnings_population_gate,earnings_population_gate,whole_document,medium,10952,0.4284,0.0,0.48415,q32021financialhighlightsa.htm,
713676,"PNC FINANCIAL SERVICES GROUP, INC.",financials,core,0000713676-21-000112,8-K,2021-10-15,EX99_PRESS_RELEASE,FLAGGED,earnings_population_gate,earnings_population_gate|earnings_supplemental_diluted,whole_document,medium,11233,0.2321,0.0,0.43783,q32021financialsupplement.htm,
713676,"PNC FINANCIAL SERVICES GROUP, INC.",financials,core,0000713676-22-000005,8-K,2022-01-18,EX99_PRESS_RELEASE,FLAGGED,earnings_population_gate,earnings_population_gate,whole_document,medium,10076,0.3968,0.0,0.48085,q42021financialhighlightsa.htm,
713676,"PNC FINANCIAL SERVICES GROUP, INC.",financials,core,0000713676-22-000007,8-K,2022-01-18,EX99_PRESS_RELEASE,FLAGGED,earnings_population_gate,earnings_population_gate|earnings_supplemental_diluted,whole_document,medium,10429,0.2199,0.0,0.42903,q42021financialsupplement.htm,
713676,"PNC FINANCIAL SERVICES GROUP, INC.",financials,core,0000713676-22-000031,8-K,2022-04-14,EX99_PRESS_RELEASE,FLAGGED,earnings_population_gate,earnings_population_gate,whole_document,medium,9468,0.4163,0.0,0.48928,q12022financialhighlightsa.htm,
713676,"PNC FINANCIAL SERVICES GROUP, INC.",financials,core,0000713676-22-000033,8-K,2022-04-14,EX99_PRESS_RELEASE,FLAGGED,earnings_population_gate,earnings_population_gate|earnings_supplemental_diluted,whole_document,medium,9056,0.2002,0.0,0.41342,q12022financialsupplement.htm,
713676,"PNC FINANCIAL SERVICES GROUP, INC.",financials,core,0000713676-22-000066,8-K,2022-07-15,EX99_PRESS_RELEASE,FLAGGED,earnings_population_gate,earnings_population_gate,whole_document,medium,9452,0.4199,0.0,0.48065,q22022financialhighlightsa.htm,
713676,"PNC FINANCIAL SERVICES GROUP, INC.",financials,core,0000713676-22-000068,8-K,2022-07-15,EX99_PRESS_RELEASE,FLAGGED,earnings_population_gate,earnings_population_gate|earnings_supplemental_diluted,whole_document,medium,9968,0.1868,0.0,0.42177,q22022financialsupplement.htm,
713676,"PNC FINANCIAL SERVICES GROUP, INC.",financials,core,0000713676-22-000085,8-K,2022-10-14,EX99_PRESS_RELEASE,FLAGGED,earnings_population_gate,earnings_population_gate,whole_document,medium,9246,0.3801,0.0,0.47022,q32022financialhighlightsa.htm,
713676,"PNC FINANCIAL SERVICES GROUP, INC.",financials,core,0000713676-22-000094,8-K,2022-11-03,EX99_PRESS_RELEASE,FLAGGED,earnings_population_gate,earnings_population_gate,whole_document,medium,396,0.8207,0.0,0.45961,baab2022_finalexhibit991.htm,
713676,"PNC FINANCIAL SERVICES GROUP, INC.",financials,core,0000713676-23-000069,8-K,2023-10-13,EX99_PRESS_RELEASE,FLAGGED,earnings_population_gate,earnings_population_gate,whole_document,medium,8450,1.0,0.0,0.47155,q32023financialhighlight.htm,
713676,"PNC FINANCIAL SERVICES GROUP, INC.",financials,core,0000713676-23-000082,8-K,2023-12-05,EX99_PRESS_RELEASE,FLAGGED,earnings_population_gate,earnings_population_gate,whole_document,medium,2571,0.9942,0.00077,0.41009,goldmanslides_final.htm,
713676,"PNC FINANCIAL SERVICES GROUP, INC.",financials,core,0000713676-24-000006,8-K,2024-01-16,EX99_PRESS_RELEASE,FLAGGED,earnings_population_gate,earnings_population_gate,whole_document,medium,9779,0.4182,0.0,0.4645,q42023financialhighlightsa.htm,
713676,"PNC FINANCIAL SERVICES GROUP, INC.",financials,core,0000713676-24-000034,8-K,2024-03-05,EX99_PRESS_RELEASE,FLAGGED,earnings_population_gate,earnings_population_gate,whole_document,medium,4299,0.9891,0.00185,0.37667,exhibit991.htm,
713676,"PNC FINANCIAL SERVICES GROUP, INC.",financials,core,0000713676-24-000070,8-K,2024-10-15,EX99_PRESS_RELEASE,FLAGGED,earnings_population_gate,earnings_population_gate,whole_document,medium,8609,0.3819,0.0,0.47804,q32024financialhighlightsa.htm,
713676,"PNC FINANCIAL SERVICES GROUP, INC.",financials,core,0000713676-24-000084,8-K,2024-11-08,EX99_PRESS_RELEASE,FLAGGED,earnings_population_gate,earnings_population_gate,whole_document,medium,5226,0.9839,9e-05,0.38445,a2024baabconference_8k.htm,
713676,"PNC FINANCIAL SERVICES GROUP, INC.",financials,core,0000713676-25-000126,8-K,2025-10-15,EX99_PRESS_RELEASE,FLAGGED,earnings_population_gate,earnings_population_gate,whole_document,medium,8706,0.372,0.0,0.47824,q32025financialhighlightsa.htm,
713676,"PNC FINANCIAL SERVICES GROUP, INC.",financials,core,0000713676-25-000136,8-K,2025-11-07,EX99_PRESS_RELEASE,FLAGGED,earnings_population_gate,earnings_population_gate,whole_document,medium,3630,0.9882,0.00054,0.39269,a2025_11x07xbaabxvf.htm,
723125,MICRON TECHNOLOGY INC,tech,core,0000723125-15-000077,8-K,2015-10-01,EX99_PRESS_RELEASE,FLAGGED,earnings_population_gate,earnings_population_gate,whole_document,medium,2720,0.4496,0.0,0.53346,a2015q4exhibit991-pressrel.htm,
723125,MICRON TECHNOLOGY INC,tech,core,0000723125-15-000136,8-K,2015-12-22,EX99_PRESS_RELEASE,FLAGGED,earnings_population_gate,earnings_population_gate,whole_document,medium,1841,0.4715,0.0,0.53131,a2016q1exhibit991-pressrel.htm,
723125,MICRON TECHNOLOGY INC,tech,core,0000723125-16-000225,8-K,2016-10-04,EX99_PRESS_RELEASE,FLAGGED,earnings_population_gate,earnings_population_gate,whole_document,medium,2403,0.5372,0.0,0.53487,a2016q4exhibit991-pressrel.htm,
723125,MICRON TECHNOLOGY INC,tech,core,0000723125-16-000306,8-K,2016-12-21,EX99_PRESS_RELEASE,FLAGGED,earnings_population_gate,earnings_population_gate,whole_document,medium,2425,0.5142,0.0,0.52021,a2017q1exhibit991-pressrel.htm,
723125,MICRON TECHNOLOGY INC,tech,core,0000723125-21-000009,8-K,2021-01-07,EX99_PRESS_RELEASE,FLAGGED,earnings_population_gate,earnings_population_gate,whole_document,medium,2530,0.2885,0.0,0.46653,a2021q1ex991-pressrelease.htm,
723125,MICRON TECHNOLOGY INC,tech,core,0000723125-21-000028,8-K,2021-03-31,EX99_PRESS_RELEASE,FLAGGED,earnings_population_gate,earnings_population_gate,whole_document,medium,3223,0.3878,0.0,0.47613,a2021q2ex991-pressrelease.htm,
726728,REALTY INCOME CORP,materials_realestate,extension,0000726728-20-000069,8-K,2020-07-02,EX99_PRESS_RELEASE,FLAGGED,earnings_population_gate,earnings_population_gate,whole_document,medium,737,0.6242,0.0,0.46708,pressreleasedatejuly22.htm,
726728,REALTY INCOME CORP,materials_realestate,extension,0000726728-20-000075,8-K,2020-08-03,EX99_PRESS_RELEASE,FLAGGED,earnings_population_gate,earnings_population_gate,whole_document,medium,5372,0.4058,0.0,0.48716,realtyincomeexhibit991.htm,
726728,REALTY INCOME CORP,materials_realestate,extension,0000726728-21-000037,8-K,2021-02-22,EX99_PRESS_RELEASE,FLAGGED,earnings_population_gate,earnings_population_gate,whole_document,medium,6223,0.4525,0.0,0.48674,realtyincomeex991q42020.htm,
732717,AT&T INC.,utilities,extension,0000732717-21-000054,8-K,2021-07-21,EX99_PRESS_RELEASE,FLAGGED,earnings_population_gate,earnings_population_gate,whole_document,medium,1268,0.8091,0.0,0.40016,exhibit991pressrelease.htm,
732717,AT&T INC.,utilities,extension,0000732717-21-000060,8-K,2021-07-22,EX99_PRESS_RELEASE,FLAGGED,earnings_population_gate,earnings_population_gate,whole_document,medium,3284,0.3855,0.0,0.51577,t-2q2021exhibit991.htm,
732717,AT&T INC.,utilities,extension,0000732717-22-000004,8-K,2022-01-05,EX99_PRESS_RELEASE,FLAGGED,earnings_population_gate,earnings_population_gate,whole_document,medium,680,0.5456,0.0,0.43865,exhibit991pressreleaseofat.htm,
732717,AT&T INC.,utilities,extension,0000732717-22-000010,8-K,2022-01-26,EX99_PRESS_RELEASE,FLAGGED,earnings_population_gate,earnings_population_gate,whole_document,medium,3909,0.5242,0.0,0.54631,t-4q2021exhibit991.htm,
753308,NEXTERA ENERGY INC,utilities,extension,0000753308-26-000004,8-K,2026-01-02,8K_BODY,FLAGGED,earnings_item202_block_thin,earnings_population_gate|earnings_item202_block_thin,item202_slice,medium,1952,0.9447,0.0,0.41484,nee-20260102.htm,
753308,NEXTERA ENERGY INC,utilities,extension,0000753308-26-000007,8-K,2026-01-27,EX99_PRESS_RELEASE,FLAGGED,earnings_population_gate,earnings_population_gate,whole_document,medium,8414,0.4601,0.0,0.43365,neeq42025exhibit99.htm,
764180,"ALTRIA GROUP, INC.",consumer,core,0000764180-20-000005,8-K,2020-01-30,EX99_PRESS_RELEASE,FLAGGED,earnings_population_gate,earnings_population_gate,whole_document,medium,10070,0.3425,0.0,0.4438,exhibit991erq42019.htm,
764180,"ALTRIA GROUP, INC.",consumer,core,0000764180-20-000009,8-K,2020-01-30,EX99_PRESS_RELEASE,FLAGGED,earnings_population_gate,earnings_population_gate,whole_document,medium,35613,0.3646,0.0,0.44369,exhibit9912019financia.htm,
766704,WELLTOWER INC.,materials_realestate,extension,0000766704-20-000029,8-K,2020-05-06,EX99_PRESS_RELEASE,FLAGGED,earnings_population_gate,earnings_population_gate,whole_document,medium,4556,0.6288,0.0,0.43673,a1q20earningsrelease991.htm,
766704,WELLTOWER INC.,materials_realestate,extension,0000766704-20-000060,8-K,2020-10-28,EX99_PRESS_RELEASE,FLAGGED,earnings_population_gate,earnings_population_gate,whole_document,medium,5403,0.6174,0.0,0.42745,a3q20earningsrelease991.htm,
766704,WELLTOWER INC.,materials_realestate,extension,0000766704-21-000015,8-K,2021-02-09,EX99_PRESS_RELEASE,FLAGGED,earnings_population_gate,earnings_population_gate,whole_document,medium,5232,0.6296,0.0,0.4416,a4q20earningsrelease991.htm,
766704,WELLTOWER INC.,materials_realestate,extension,0000766704-21-000029,8-K,2021-04-28,EX99_PRESS_RELEASE,FLAGGED,earnings_population_gate,earnings_population_gate,whole_document,medium,5390,0.7,0.0,0.4362,a1q21earningsrelease991.htm,
766704,WELLTOWER INC.,materials_realestate,extension,0000766704-22-000010,8-K,2022-02-15,EX99_PRESS_RELEASE,FLAGGED,earnings_population_gate,earnings_population_gate,whole_document,medium,6013,0.5769,0.0,0.43001,a4q21earningsrelease991.htm,
766704,WELLTOWER INC.,materials_realestate,extension,0000766704-22-000030,8-K,2022-05-10,EX99_PRESS_RELEASE,FLAGGED,earnings_population_gate,earnings_population_gate,whole_document,medium,5710,0.5862,0.0,0.42433,a1q22earningsrelease991.htm,
766704,WELLTOWER INC.,materials_realestate,extension,0000766704-22-000046,8-K,2022-08-09,EX99_PRESS_RELEASE,FLAGGED,earnings_population_gate,earnings_population_gate,whole_document,medium,5913,0.5512,0.0,0.42434,a2q22earningsrelease991.htm,
766704,WELLTOWER INC.,materials_realestate,extension,0000766704-22-000059,8-K,2022-11-07,EX99_PRESS_RELEASE,FLAGGED,earnings_population_gate,earnings_population_gate,whole_document,medium,5415,0.5461,0.0,0.42888,a3q22earningsrelease991.htm,
766704,WELLTOWER INC.,materials_realestate,extension,0000766704-23-000015,8-K,2023-05-02,EX99_PRESS_RELEASE,FLAGGED,earnings_population_gate,earnings_population_gate,whole_document,medium,5353,0.5352,0.0,0.42245,a1q23earningsrelease991.htm,
766704,WELLTOWER INC.,materials_realestate,extension,0000766704-24-000004,8-K,2024-02-13,EX99_PRESS_RELEASE,FLAGGED,earnings_population_gate,earnings_population_gate,whole_document,medium,6135,0.5169,0.0,0.4225,a4q23earningsrelease991.htm,
769397,"Autodesk, Inc.",tech,core,0000769397-16-000055,8-K,2016-02-03,EX99_PRESS_RELEASE,FLAGGED,earnings_population_gate,earnings_population_gate,whole_document,medium,937,0.6638,0.0,0.44679,exh991feb2016restructuring.htm,
769397,"Autodesk, Inc.",tech,core,0000769397-16-000059,8-K,2016-02-25,EX99_PRESS_RELEASE,FLAGGED,earnings_population_gate,earnings_population_gate,whole_document,medium,6066,0.2985,0.0,0.50625,q416pressrelease.htm,
769397,"Autodesk, Inc.",tech,core,0000769397-17-000009,8-K,2017-03-02,EX99_PRESS_RELEASE,FLAGGED,earnings_population_gate,earnings_population_gate,whole_document,medium,4884,0.3878,0.0,0.48026,q417pressrelease.htm,
769397,"Autodesk, Inc.",tech,core,0000769397-20-000036,8-K,2020-11-24,EX99_PRESS_RELEASE,FLAGGED,earnings_population_gate,earnings_population_gate,whole_document,medium,5071,0.4256,0.0,0.46479,q321pressrelease.htm,
769397,"Autodesk, Inc.",tech,core,0000769397-24-000095,8-K,2024-06-11,EX99_PRESS_RELEASE,FLAGGED,earnings_population_gate,earnings_population_gate,whole_document,medium,4588,0.5281,0.0,0.47094,q125pressrelease.htm,
773840,HONEYWELL INTERNATIONAL INC,industrials,extension,0000773840-20-000041,8-K,2020-10-23,8K_BODY,FLAGGED,earnings_item202_block_thin,earnings_population_gate|earnings_item202_block_thin,item202_slice,medium,3528,0.9229,0.0,0.47571,hon-20201023.htm,
773840,HONEYWELL INTERNATIONAL INC,industrials,extension,0000773840-20-000047,8-K,2020-10-30,EX99_PRESS_RELEASE,FLAGGED,earnings_population_gate,earnings_population_gate,whole_document,medium,5220,0.4397,0.0,0.47511,exhibit99-q32020earnin.htm,
773840,HONEYWELL INTERNATIONAL INC,industrials,extension,0000773840-23-000076,8-K,2023-10-10,EX99_PRESS_RELEASE,FLAGGED,earnings_population_gate,earnings_population_gate,whole_document,medium,1248,0.7348,0.0,0.40924,exhibit99-projectvictorxpr.htm,
773840,HONEYWELL INTERNATIONAL INC,industrials,extension,0000773840-23-000083,8-K,2023-10-26,EX99_PRESS_RELEASE,FLAGGED,earnings_population_gate,earnings_population_gate,whole_document,medium,5888,0.4876,0.0,0.47261,exhibit99-q32023earningsre.htm,
773840,HONEYWELL INTERNATIONAL INC,industrials,extension,0000773840-23-000092,8-K,2023-12-11,EX99_PRESS_RELEASE,FLAGGED,earnings_population_gate,earnings_population_gate,whole_document,medium,2092,0.4388,0.0,0.45561,exhibit99-december8kxvictor.htm,
773840,HONEYWELL INTERNATIONAL INC,industrials,extension,0000773840-24-000045,8-K,2024-04-25,EX99_PRESS_RELEASE,FLAGGED,earnings_population_gate,earnings_population_gate,whole_document,medium,5167,0.498,0.0,0.47033,exhibit99-q12024earningsre.htm,
773840,HONEYWELL INTERNATIONAL INC,industrials,extension,0000773840-24-000066,8-K,2024-06-03,EX99_PRESS_RELEASE,FLAGGED,earnings_population_gate,earnings_population_gate,whole_document,medium,3867,0.7264,0.0,0.48536,exhibit99-carrieracquisiti.htm,
773840,HONEYWELL INTERNATIONAL INC,industrials,extension,0000773840-24-000075,8-K,2024-07-10,EX99_PRESS_RELEASE,FLAGGED,earnings_population_gate,earnings_population_gate,whole_document,medium,2651,0.5651,0.0,0.52248,exhibit99-segmentprofitand.htm,
773840,HONEYWELL INTERNATIONAL INC,industrials,extension,0000773840-24-000081,8-K,2024-07-25,EX99_PRESS_RELEASE,FLAGGED,earnings_population_gate,earnings_population_gate,whole_document,medium,5830,0.5331,0.0,0.47805,exhibit99-q22024earningsre.htm,
773840,HONEYWELL INTERNATIONAL INC,industrials,extension,0000773840-25-000104,8-K,2025-10-23,EX99_PRESS_RELEASE,FLAGGED,earnings_population_gate,earnings_population_gate,whole_document,medium,6998,0.4967,0.0,0.48647,exhibit99-q32025earningsre.htm,
773840,HONEYWELL INTERNATIONAL INC,industrials,extension,0000773840-25-000125,8-K,2025-12-22,EX99_PRESS_RELEASE,FLAGGED,earnings_population_gate,earnings_population_gate,whole_document,medium,2956,0.2629,0.0,0.46445,exhibit991-decemberxsummer.htm,
773840,HONEYWELL INTERNATIONAL INC,industrials,extension,0000773840-26-000055,8-K,2026-04-23,EX99_PRESS_RELEASE,FLAGGED,earnings_population_gate,earnings_population_gate,whole_document,medium,7248,0.5239,0.0,0.48729,exhibit99-q12026earningsre.htm,
773840,HONEYWELL INTERNATIONAL INC,industrials,extension,0000773840-26-000084,8-K,2026-06-29,EX99_PRESS_RELEASE,FLAGGED,earnings_population_gate,earnings_population_gate,whole_document,medium,1620,0.8401,0.0,0.41243,exhibit991-pressrelease629.htm,
790070,EMC CORP,tech,core,0000790070-15-000165,8-K,2015-10-21,EX99_PRESS_RELEASE,FLAGGED,earnings_population_gate,earnings_population_gate,whole_document,medium,6516,0.3631,0.0,0.44807,exhibit991q32015.htm,
797468,OCCIDENTAL PETROLEUM CORP /DE/,energy,core,0000797468-23-000086,8-K,2023-10-10,EX99_PRESS_RELEASE,FLAGGED,earnings_population_gate,earnings_population_gate,whole_document,medium,1067,0.8519,0.0,0.4064,oxyex9919-30x23earningsrel.htm,
797468,OCCIDENTAL PETROLEUM CORP /DE/,energy,core,0000797468-23-000091,8-K,2023-11-07,EX99_PRESS_RELEASE,FLAGGED,earnings_population_gate,earnings_population_gate,whole_document,medium,8699,0.223,0.0,0.37317,oxyex9919-30x23earningsrel.htm,
797468,OCCIDENTAL PETROLEUM CORP /DE/,energy,core,0000797468-24-000003,8-K,2024-01-10,EX99_PRESS_RELEASE,FLAGGED,earnings_population_gate,earnings_population_gate,whole_document,medium,1284,0.7617,0.0,0.42461,oxyex991123123preearningsr.htm,
797468,OCCIDENTAL PETROLEUM CORP /DE/,energy,core,0000797468-24-000033,8-K,2024-02-14,EX99_PRESS_RELEASE,FLAGGED,earnings_population_gate,earnings_population_gate,whole_document,medium,11687,0.2057,0.0,0.38354,oxyex99112-31x23earningsre.htm,
797468,OCCIDENTAL PETROLEUM CORP /DE/,energy,core,0000797468-24-000083,8-K,2024-04-10,EX99_PRESS_RELEASE,FLAGGED,earnings_population_gate,earnings_population_gate,whole_document,medium,1318,0.786,0.0,0.42189,oxyex99133124preearningsre.htm,
797468,OCCIDENTAL PETROLEUM CORP /DE/,energy,core,0000797468-24-000093,8-K,2024-05-07,EX99_PRESS_RELEASE,FLAGGED,earnings_population_gate,earnings_population_gate,whole_document,medium,8201,0.2517,0.0,0.38213,oxyex99103-31x24earningsre.htm,
797468,OCCIDENTAL PETROLEUM CORP /DE/,energy,core,0000797468-24-000121,8-K,2024-07-10,EX99_PRESS_RELEASE,FLAGGED,earnings_population_gate,earnings_population_gate,whole_document,medium,1149,0.8625,0.0,0.42034,oxyex99163024preearningsre.htm,
797468,OCCIDENTAL PETROLEUM CORP /DE/,energy,core,0000797468-24-000134,8-K,2024-08-07,EX99_PRESS_RELEASE,FLAGGED,earnings_population_gate,earnings_population_gate,whole_document,medium,8702,0.2259,0.0,0.37745,oxyex99106-30x24earningsre.htm,
797468,OCCIDENTAL PETROLEUM CORP /DE/,energy,core,0000797468-24-000158,8-K,2024-10-09,EX99_PRESS_RELEASE,FLAGGED,earnings_population_gate,earnings_population_gate,whole_document,medium,1152,0.8628,0.0,0.41959,oxyex99193024preearningsre.htm,
797468,OCCIDENTAL PETROLEUM CORP /DE/,energy,core,0000797468-24-000163,8-K,2024-11-12,EX99_PRESS_RELEASE,FLAGGED,earnings_population_gate,earnings_population_gate,whole_document,medium,9292,0.2062,0.0,0.3809,oxyex99109-30x24earningsre.htm,
797468,OCCIDENTAL PETROLEUM CORP /DE/,energy,core,0000797468-25-000003,8-K,2025-01-10,EX99_PRESS_RELEASE,FLAGGED,earnings_population_gate,earnings_population_gate,whole_document,medium,1143,0.8294,0.0,0.41953,oxyex991123124preearningsr.htm,
797468,OCCIDENTAL PETROLEUM CORP /DE/,energy,core,0000797468-25-000028,8-K,2025-02-18,EX99_PRESS_RELEASE,FLAGGED,earnings_population_gate,earnings_population_gate,whole_document,medium,12312,0.1949,0.0,0.39254,oxyex99112-31x24earningsre.htm,
797468,OCCIDENTAL PETROLEUM CORP /DE/,energy,core,0000797468-25-000067,8-K,2025-04-09,EX99_PRESS_RELEASE,FLAGGED,earnings_population_gate,earnings_population_gate,whole_document,medium,1157,0.8634,0.0,0.42181,oxyex99133125preearningsre.htm,
797468,OCCIDENTAL PETROLEUM CORP /DE/,energy,core,0000797468-25-000075,8-K,2025-05-07,EX99_PRESS_RELEASE,FLAGGED,earnings_population_gate,earnings_population_gate,whole_document,medium,8778,0.2342,0.0,0.39198,oxyex99103-31x25earningsre.htm,
797468,OCCIDENTAL PETROLEUM CORP /DE/,energy,core,0000797468-25-000101,8-K,2025-07-14,EX99_PRESS_RELEASE,FLAGGED,earnings_population_gate,earnings_population_gate,whole_document,medium,1258,0.8378,0.0,0.42634,oxyex99163025preearningsre.htm,
797468,OCCIDENTAL PETROLEUM CORP /DE/,energy,core,0000797468-25-000109,8-K,2025-08-06,EX99_PRESS_RELEASE,FLAGGED,earnings_population_gate,earnings_population_gate,whole_document,medium,9245,0.231,0.0,0.39109,oxyex99106-30x25earningsre.htm,
798354,FISERV INC,financials,core,0000798354-19-000002,8-K,2019-02-07,EX99_PRESS_RELEASE,FLAGGED,earnings_population_gate,earnings_population_gate,whole_document,medium,5236,0.4358,0.0,0.53275,fisv4q18earningsrelease.htm,
798354,FISERV INC,financials,core,0000798354-19-000021,8-K,2019-10-03,EX99_PRESS_RELEASE,FLAGGED,earnings_population_gate,earnings_population_gate,whole_document,medium,5280,0.4345,0.0,0.50826,exhibit991combinedcomp.htm,
798354,FISERV INC,financials,core,0000798354-19-000023,8-K,2019-11-06,EX99_PRESS_RELEASE,FLAGGED,earnings_population_gate,earnings_population_gate,whole_document,medium,7517,0.4455,0.0,0.52197,fisvq319earningsrelease.htm,
798354,FISERV INC,financials,core,0000798354-20-000009,8-K,2020-04-01,EX99_PRESS_RELEASE,FLAGGED,earnings_population_gate,earnings_population_gate,whole_document,medium,3389,0.3473,0.0,0.5095,exhibit991.htm,
798354,FISERV INC,financials,core,0000798354-20-000011,8-K,2020-05-07,EX99_PRESS_RELEASE,FLAGGED,earnings_population_gate,earnings_population_gate,whole_document,medium,5729,0.4554,0.0,0.5123,fisvq120earningsrelease.htm,
798354,FISERV INC,financials,core,0000798354-23-000016,8-K,2023-10-24,EX99_PRESS_RELEASE,FLAGGED,earnings_population_gate,earnings_population_gate,whole_document,medium,5498,0.4476,0.0,0.52195,fisvq323earningsrelease.htm,
798354,FISERV INC,financials,core,0000798354-24-000021,8-K,2024-02-06,EX99_PRESS_RELEASE,FLAGGED,earnings_population_gate,earnings_population_gate,whole_document,medium,5097,0.4679,0.0,0.51391,fi4q23earningsrelease.htm,
821189,EOG RESOURCES INC,energy,core,0000821189-18-000003,8-K,2018-01-04,8K_BODY,FLAGGED,earnings_item202_block_thin,earnings_population_gate|earnings_item202_block_thin,item202_slice,medium,824,0.8228,0.0,0.4852,eog8-k_010418taxreform.htm,
821189,EOG RESOURCES INC,energy,core,0000821189-18-000011,8-K,2018-02-27,EX99_PRESS_RELEASE,FLAGGED,earnings_population_gate,earnings_population_gate,whole_document,medium,10989,0.4188,0.0,0.40571,exh99-1022718.htm,
821189,EOG RESOURCES INC,energy,core,0000821189-25-000015,8-K,2025-04-10,8K_BODY,FLAGGED,earnings_population_gate,earnings_population_gate,item202_slice,medium,1697,0.6223,0.0,0.44631,eog-20250410.htm,
821189,EOG RESOURCES INC,energy,core,0000821189-25-000019,8-K,2025-05-01,EX99_PRESS_RELEASE,FLAGGED,earnings_population_gate,earnings_population_gate,whole_document,medium,6907,0.2347,0.0,0.46371,exh99-1050125.htm,
821189,EOG RESOURCES INC,energy,core,0000821189-25-000036,8-K,2025-07-09,8K_BODY,FLAGGED,earnings_population_gate,earnings_population_gate,item202_slice,medium,1697,0.6223,0.0,0.44631,eog-20250709.htm,
821189,EOG RESOURCES INC,energy,core,0000821189-25-000069,8-K,2025-08-07,EX99_PRESS_RELEASE,FLAGGED,earnings_population_gate,earnings_population_gate,whole_document,medium,7967,0.2611,0.0,0.45533,exh99-1080725.htm,
821189,EOG RESOURCES INC,energy,core,0000821189-25-000101,8-K,2025-10-08,8K_BODY,FLAGGED,earnings_population_gate,earnings_population_gate,item202_slice,medium,1805,0.6438,0.0,0.45034,eog-20251008.htm,
821189,EOG RESOURCES INC,energy,core,0000821189-25-000129,8-K,2025-11-06,EX99_PRESS_RELEASE,FLAGGED,earnings_population_gate,earnings_population_gate,whole_document,medium,8247,0.2538,0.0,0.45464,exh99-1110625.htm,
821189,EOG RESOURCES INC,energy,core,0000821189-26-000012,8-K,2026-01-12,8K_BODY,FLAGGED,earnings_population_gate,earnings_population_gate,item202_slice,medium,1805,0.6438,0.0,0.45034,eog-20260112.htm,
821189,EOG RESOURCES INC,energy,core,0000821189-26-000052,8-K,2026-02-24,EX99_PRESS_RELEASE,FLAGGED,earnings_population_gate,earnings_population_gate,whole_document,medium,11620,0.2241,0.0,0.44275,exh99-1022426.htm,
821189,EOG RESOURCES INC,energy,core,0000821189-26-000078,8-K,2026-04-09,8K_BODY,FLAGGED,earnings_population_gate,earnings_population_gate,item202_slice,medium,737,0.4763,0.0,0.48834,eog-20260409.htm,
821189,EOG RESOURCES INC,energy,core,0000821189-26-000102,8-K,2026-05-05,EX99_PRESS_RELEASE,FLAGGED,earnings_population_gate,earnings_population_gate,whole_document,medium,8492,0.2757,0.0,0.45407,exh99-1050526.htm,
821189,EOG RESOURCES INC,energy,core,0000821189-26-000140,8-K,2026-07-09,8K_BODY,FLAGGED,earnings_population_gate,earnings_population_gate,item202_slice,medium,583,0.4871,0.0,0.46583,eog-20260709.htm,
821189,EOG RESOURCES INC,energy,core,0000821189-26-000147,8-K,2026-08-04,EX99_PRESS_RELEASE,FLAGGED,earnings_population_gate,earnings_population_gate,whole_document,medium,8657,0.2659,0.0,0.45413,exh99-1080426.htm,
829224,STARBUCKS CORP,consumer,core,0000829224-20-000031,8-K,2020-04-08,EX99_PRESS_RELEASE,FLAGGED,earnings_population_gate,earnings_population_gate,whole_document,medium,2997,0.5419,0.0,0.47684,sbux-04082020ex991.htm,
829224,STARBUCKS CORP,consumer,core,0000829224-20-000042,8-K,2020-04-28,EX99_PRESS_RELEASE,FLAGGED,earnings_population_gate,earnings_population_gate,whole_document,medium,6239,0.4001,0.0,0.46407,sbux-3292020xexhibit991.htm,
829224,STARBUCKS CORP,consumer,core,0000829224-24-000047,8-K,2024-10-22,EX99_PRESS_RELEASE,FLAGGED,earnings_population_gate,earnings_population_gate,whole_document,medium,2655,0.6143,0.0,0.44383,a4q24earlyannouncement.htm,
829224,STARBUCKS CORP,consumer,core,0000829224-24-000051,8-K,2024-10-30,EX99_PRESS_RELEASE,FLAGGED,earnings_population_gate,earnings_population_gate,whole_document,medium,6109,0.3117,0.0,0.4539,sbux-9292024xexhibit991.htm,
831259,FREEPORT-MCMORAN INC,materials_realestate,extension,0000831259-19-000028,8-K,2019-07-01,EX99_PRESS_RELEASE,FLAGGED,earnings_population_gate,earnings_population_gate,whole_document,medium,2364,0.8549,0.0,0.41813,exhibit991-7x1x2019.htm,
831259,FREEPORT-MCMORAN INC,materials_realestate,extension,0000831259-19-000030,8-K,2019-07-24,EX99_PRESS_RELEASE,FLAGGED,earnings_population_gate,earnings_population_gate,whole_document,medium,18040,0.2132,0.0,0.45197,a2q2019exhibit991.htm,
831259,FREEPORT-MCMORAN INC,materials_realestate,extension,0000831259-20-000026,8-K,2020-07-06,EX99_PRESS_RELEASE,FLAGGED,earnings_population_gate,earnings_population_gate,whole_document,medium,1921,0.8876,0.0,0.42689,exhibit991-7x6x2020.htm,
831259,FREEPORT-MCMORAN INC,materials_realestate,extension,0000831259-20-000030,8-K,2020-07-23,EX99_PRESS_RELEASE,FLAGGED,earnings_population_gate,earnings_population_gate,whole_document,medium,19496,0.2168,0.0,0.46096,a2q2020exhibit991.htm,
831259,FREEPORT-MCMORAN INC,materials_realestate,extension,0000831259-24-000026,8-K,2024-07-02,EX99_PRESS_RELEASE,FLAGGED,garbled_text,earnings_population_gate|below_length_floor|garbled_text,whole_document,medium,167,1.0,0.2289,0.00629,fcx_240702.htm,
831259,FREEPORT-MCMORAN INC,materials_realestate,extension,0000831259-24-000028,8-K,2024-07-23,EX99_PRESS_RELEASE,FLAGGED,earnings_population_gate,earnings_population_gate,whole_document,medium,20259,0.4026,0.0,0.4565,a2q2024exhibit991.htm,
831259,FREEPORT-MCMORAN INC,materials_realestate,extension,0000831259-25-000002,8-K,2025-01-23,EX99_PRESS_RELEASE,FLAGGED,earnings_population_gate,earnings_population_gate,whole_document,medium,20976,0.4175,0.0,0.44655,a4q2024exhibit991.htm,
831259,FREEPORT-MCMORAN INC,materials_realestate,extension,0000831259-25-000011,8-K,2025-03-31,EX99_PRESS_RELEASE,FLAGGED,earnings_population_gate,earnings_population_gate,whole_document,medium,901,1.0,0.0,0.41419,fcx_250331.htm,
872589,"REGENERON PHARMACEUTICALS, INC.",healthcare,core,0000872589-25-000026,8-K,2025-10-28,EX99_PRESS_RELEASE,FLAGGED,earnings_population_gate,earnings_population_gate,whole_document,medium,5805,0.5053,0.0,0.45121,exhibit991q32025.htm,
872589,"REGENERON PHARMACEUTICALS, INC.",healthcare,core,0000872589-26-000004,8-K,2026-01-30,EX99_PRESS_RELEASE,FLAGGED,earnings_population_gate,earnings_population_gate,whole_document,medium,6451,0.4643,0.0,0.44628,exhibit991q42025.htm,
872589,"REGENERON PHARMACEUTICALS, INC.",healthcare,core,0000872589-26-000014,8-K,2026-04-29,EX99_PRESS_RELEASE,FLAGGED,earnings_population_gate,earnings_population_gate,whole_document,medium,5584,0.536,0.0,0.44681,exhibit991q12026.htm,
872589,"REGENERON PHARMACEUTICALS, INC.",healthcare,core,0000872589-26-000023,8-K,2026-07-30,EX99_PRESS_RELEASE,FLAGGED,earnings_population_gate,earnings_population_gate,whole_document,medium,5321,0.4608,0.0,0.455,exhibit991q22026.htm,
875045,BIOGEN INC.,healthcare,core,0000875045-25-000027,8-K,2025-07-07,8K_BODY,FLAGGED,earnings_population_gate,earnings_population_gate,item202_slice,medium,689,0.8636,0.0,0.46529,biib-20250707.htm,
875045,BIOGEN INC.,healthcare,core,0000875045-25-000035,8-K,2025-07-31,EX99_PRESS_RELEASE,FLAGGED,earnings_population_gate,earnings_population_gate,whole_document,medium,6304,0.4307,0.0,0.44984,exhibit991-q22025pressrele.htm,
875045,BIOGEN INC.,healthcare,core,0000875045-25-000040,8-K,2025-10-14,8K_BODY,FLAGGED,earnings_population_gate,earnings_population_gate,item202_slice,medium,689,0.8636,0.0,0.46529,biib-20251014.htm,
875045,BIOGEN INC.,healthcare,core,0000875045-25-000047,8-K,2025-10-30,EX99_PRESS_RELEASE,FLAGGED,earnings_population_gate,earnings_population_gate,whole_document,medium,6757,0.453,0.0,0.44632,exhibit991-q32025pressrele.htm,
875045,BIOGEN INC.,healthcare,core,0000875045-26-000003,8-K,2026-01-14,8K_BODY,FLAGGED,earnings_population_gate,earnings_population_gate,item202_slice,medium,651,0.914,0.0,0.47123,biib-20260113.htm,
875045,BIOGEN INC.,healthcare,core,0000875045-26-000011,8-K,2026-02-06,EX99_PRESS_RELEASE,FLAGGED,earnings_population_gate,earnings_population_gate,whole_document,medium,6638,0.4321,0.0,0.44911,exhibit991-q42025pressrele.htm,
875045,BIOGEN INC.,healthcare,core,0000875045-26-000039,8-K,2026-04-06,8K_BODY,FLAGGED,earnings_population_gate,earnings_population_gate,item202_slice,medium,622,0.91,0.0,0.46992,biib-20260406.htm,
875045,BIOGEN INC.,healthcare,core,0000875045-26-000042,8-K,2026-04-29,EX99_PRESS_RELEASE,FLAGGED,earnings_population_gate,earnings_population_gate,whole_document,medium,5883,0.4953,0.0,0.44591,exhibit991-q12026pressrele.htm,
875045,BIOGEN INC.,healthcare,core,0000875045-26-000068,8-K,2026-07-01,8K_BODY,FLAGGED,earnings_population_gate,earnings_population_gate,item202_slice,medium,695,0.9194,0.0,0.47737,biib-20260701.htm,
875045,BIOGEN INC.,healthcare,core,0000875045-26-000073,8-K,2026-07-29,EX99_PRESS_RELEASE,FLAGGED,earnings_population_gate,earnings_population_gate,whole_document,medium,6583,0.4366,0.0,0.45071,exhibit991-q22026pressrele.htm,
875320,VERTEX PHARMACEUTICALS INC / MA,healthcare,core,0000875320-16-000061,8-K,2016-01-11,EX99_PRESS_RELEASE,FLAGGED,earnings_population_gate,earnings_population_gate,whole_document,medium,4538,0.6807,0.0,0.41115,jpm16_011016x228pmetxfinal.htm,
875320,VERTEX PHARMACEUTICALS INC / MA,healthcare,core,0000875320-16-000063,8-K,2016-01-27,EX99_PRESS_RELEASE,FLAGGED,earnings_population_gate,earnings_population_gate,whole_document,medium,5130,0.4312,0.0,0.4934,ex-991_q42015.htm,
875320,VERTEX PHARMACEUTICALS INC / MA,healthcare,core,0000875320-17-000003,8-K,2017-01-09,EX99_PRESS_RELEASE,FLAGGED,earnings_population_gate,earnings_population_gate,whole_document,medium,3905,0.5939,0.0,0.41617,jpmpr_final.htm,
875320,VERTEX PHARMACEUTICALS INC / MA,healthcare,core,0000875320-17-000009,8-K,2017-01-25,EX99_PRESS_RELEASE,FLAGGED,earnings_population_gate,earnings_population_gate,whole_document,medium,3871,0.4146,0.0,0.52587,ex-991_q42016.htm,
882095,"GILEAD SCIENCES, INC.",healthcare,core,0000882095-21-000002,8-K,2021-01-11,EX99_PRESS_RELEASE,FLAGGED,earnings_population_gate,earnings_population_gate,whole_document,medium,2044,0.593,0.0,0.42567,exhibit991guidancepressrel.htm,
882095,"GILEAD SCIENCES, INC.",healthcare,core,0000882095-21-000005,8-K,2021-02-04,EX99_PRESS_RELEASE,FLAGGED,earnings_population_gate,earnings_population_gate,whole_document,medium,8784,0.3777,0.0,0.45255,exhibit991earningspressrel.htm,
882095,"GILEAD SCIENCES, INC.",healthcare,core,0000882095-22-000003,8-K,2022-02-01,EX99_PRESS_RELEASE,FLAGGED,earnings_population_gate,earnings_population_gate,whole_document,medium,7450,0.3811,0.0,0.45278,exhibit991earningspressrel.htm,
885725,BOSTON SCIENTIFIC CORP,healthcare,core,0000885725-18-000003,8-K,2018-01-09,EX99_PRESS_RELEASE,FLAGGED,earnings_population_gate,earnings_population_gate,whole_document,medium,2066,0.5716,0.0,0.43562,pressrelease2017preliminar.htm,
885725,BOSTON SCIENTIFIC CORP,healthcare,core,0000885725-18-000006,8-K,2018-02-01,EX99_PRESS_RELEASE,FLAGGED,earnings_population_gate,earnings_population_gate,whole_document,medium,5091,0.448,0.0,0.47883,q42017earningsrelease.htm,
885725,BOSTON SCIENTIFIC CORP,healthcare,core,0000885725-19-000003,8-K,2019-01-08,EX99_PRESS_RELEASE,FLAGGED,earnings_population_gate,earnings_population_gate,whole_document,medium,2223,0.453,0.0,0.42826,pressrelease2018preliminar.htm,
885725,BOSTON SCIENTIFIC CORP,healthcare,core,0000885725-19-000009,8-K,2019-02-06,EX99_PRESS_RELEASE,FLAGGED,earnings_population_gate,earnings_population_gate,whole_document,medium,4803,0.3639,0.0,0.46031,q42018earningsrelease.htm,
885725,BOSTON SCIENTIFIC CORP,healthcare,core,0000885725-20-000003,8-K,2020-01-14,EX99_PRESS_RELEASE,FLAGGED,earnings_population_gate,earnings_population_gate,whole_document,medium,3727,0.616,0.0,0.45443,pressrelease2019prelim.htm,
885725,BOSTON SCIENTIFIC CORP,healthcare,core,0000885725-20-000009,8-K,2020-02-05,EX99_PRESS_RELEASE,FLAGGED,earnings_population_gate,earnings_population_gate,whole_document,medium,5656,0.3851,0.0,0.45012,q42019earningsrelease.htm,
885725,BOSTON SCIENTIFIC CORP,healthcare,core,0000885725-20-000014,8-K,2020-03-30,8K_BODY,FLAGGED,earnings_population_gate,earnings_population_gate,item202_slice,medium,580,0.8328,0.0,0.45307,a8-kmarch2020.htm,
885725,BOSTON SCIENTIFIC CORP,healthcare,core,0000885725-20-000017,8-K,2020-04-02,EX99_PRESS_RELEASE,FLAGGED,earnings_population_gate,earnings_population_gate,whole_document,medium,1456,0.7466,0.0,0.41015,pressreleaseapril22020.htm,
885725,BOSTON SCIENTIFIC CORP,healthcare,core,0000885725-20-000019,8-K,2020-04-29,EX99_PRESS_RELEASE,FLAGGED,earnings_population_gate,earnings_population_gate,whole_document,medium,3369,0.4725,0.0,0.4404,q12020earningsrelease.htm,
885725,BOSTON SCIENTIFIC CORP,healthcare,core,0000885725-21-000002,8-K,2021-01-12,EX99_PRESS_RELEASE,FLAGGED,earnings_population_gate,earnings_population_gate,whole_document,medium,2792,0.6082,0.0,0.42044,pressrelease-2020prelimina.htm,
885725,BOSTON SCIENTIFIC CORP,healthcare,core,0000885725-21-000006,8-K,2021-02-03,EX99_PRESS_RELEASE,FLAGGED,earnings_population_gate,earnings_population_gate,whole_document,medium,6884,0.5487,0.0,0.4477,q42020earningsrelease.htm,
886982,GOLDMAN SACHS GROUP INC,financials,core,0000886982-26-000004,8-K,2026-01-08,8K_BODY,FLAGGED,earnings_item202_block_thin,earnings_population_gate|earnings_item202_block_thin,item202_slice,medium,2225,0.0,0.0,0.45563,gs-20260107.htm,
886982,GOLDMAN SACHS GROUP INC,financials,core,0000886982-26-000008,8-K,2026-01-15,EX99_PRESS_RELEASE,FLAGGED,earnings_population_gate,earnings_population_gate,whole_document,medium,5080,0.0,0.0,0.54819,a4q25gsearningsresults.htm,
895126,EXPAND ENERGY Corp,energy,core,0000895126-16-000514,8-K,2016-08-04,EX99_PRESS_RELEASE,FLAGGED,earnings_supplemental_diluted,earnings_supplemental_diluted,whole_document,medium,8593,0.4043,0.0,0.45134,chk-ex_991x20160630x8kxpr.htm,
895126,EXPAND ENERGY Corp,energy,core,0000895126-16-000590,8-K,2016-11-03,EX99_PRESS_RELEASE,FLAGGED,earnings_supplemental_diluted,earnings_supplemental_diluted,whole_document,medium,9906,0.3969,0.0,0.45085,chk-ex_991x20160930x8kxpr.htm,
895126,EXPAND ENERGY Corp,energy,core,0000895126-17-000055,8-K,2017-02-23,EX99_PRESS_RELEASE,FLAGGED,earnings_supplemental_diluted,earnings_supplemental_diluted,whole_document,medium,9926,0.3935,0.0,0.44677,chk-ex_991x20161231x8kxpr.htm,
895126,EXPAND ENERGY Corp,energy,core,0000895126-18-000044,8-K,2018-02-06,EX99_PRESS_RELEASE,FLAGGED,earnings_population_gate,earnings_population_gate,whole_document,medium,1785,0.9053,0.0,0.43496,ex9912018-02x02prfebruary2.htm,
895126,EXPAND ENERGY Corp,energy,core,0000895126-18-000049,8-K,2018-02-13,EX99_PRESS_RELEASE,FLAGGED,earnings_population_gate,earnings_population_gate,whole_document,medium,4321,0.0,0.0,0.237,creditsuissefeb18finalv2.htm,
895126,EXPAND ENERGY Corp,energy,core,0000895126-18-000058,8-K,2018-02-22,EX99_PRESS_RELEASE,FLAGGED,earnings_population_gate,earnings_population_gate,whole_document,medium,9467,0.4147,0.0,0.44875,chk-ex_991x20171231x8kxpr.htm,
895126,EXPAND ENERGY Corp,energy,core,0000895126-19-000032,8-K,2019-01-09,EX99_PRESS_RELEASE,FLAGGED,earnings_population_gate,earnings_population_gate,whole_document,medium,2785,0.9408,0.0,0.44098,ex9912019-01x09prprelimina.htm,
895126,EXPAND ENERGY Corp,energy,core,0000895126-19-000068,8-K,2019-02-27,EX99_PRESS_RELEASE,FLAGGED,earnings_population_gate,earnings_population_gate,whole_document,medium,9781,0.4615,0.0,0.45599,chk-ex_991x20181231x8kxpr.htm,
895126,EXPAND ENERGY Corp,energy,core,0000895126-20-000037,8-K,2020-01-29,EX99_PRESS_RELEASE,FLAGGED,earnings_population_gate,earnings_population_gate,whole_document,medium,2058,0.8129,0.0,0.44862,ex9912020-01x29reprexr.htm,
895126,EXPAND ENERGY Corp,energy,core,0000895126-20-000058,8-K,2020-02-26,EX99_PRESS_RELEASE,FLAGGED,earnings_population_gate,earnings_population_gate,whole_document,medium,8261,0.4039,0.0,0.45182,chk-ex991201912318kpr.htm,
896878,INTUIT INC.,tech,core,0000896878-17-000024,8-K,2017-02-08,EX99_PRESS_RELEASE,FLAGGED,earnings_population_gate,earnings_population_gate,whole_document,medium,2657,0.6741,0.0,0.48264,fy17q2earningsupdatepressr.htm,
896878,INTUIT INC.,tech,core,0000896878-17-000028,8-K,2017-02-23,EX99_PRESS_RELEASE,FLAGGED,earnings_population_gate,earnings_population_gate,whole_document,medium,5654,0.4079,0.0,0.49039,fy17q2exhibit9901.htm,
896878,INTUIT INC.,tech,core,0000896878-18-000030,8-K,2018-02-09,EX99_PRESS_RELEASE,FLAGGED,earnings_population_gate,earnings_population_gate,whole_document,medium,3240,0.6636,0.0,0.50388,fy18q2earningsupdatepressr.htm,
896878,INTUIT INC.,tech,core,0000896878-18-000034,8-K,2018-02-22,EX99_PRESS_RELEASE,FLAGGED,earnings_population_gate,earnings_population_gate,whole_document,medium,5652,0.4122,0.0,0.48814,fy18q2earningspressrelease.htm,
896878,INTUIT INC.,tech,core,0000896878-18-000109,8-K,2018-07-18,EX99_PRESS_RELEASE,FLAGGED,earnings_population_gate,earnings_population_gate,whole_document,medium,2771,0.6875,0.0,0.47564,fy18q4projectchalkpressrel.htm,
896878,INTUIT INC.,tech,core,0000896878-18-000162,8-K,2018-08-23,EX99_PRESS_RELEASE,FLAGGED,earnings_population_gate,earnings_population_gate,whole_document,medium,8578,0.337,0.0,0.48938,fy18q4earningspressrelease.htm,
896878,INTUIT INC.,tech,core,0000896878-20-000053,8-K,2020-05-07,EX99_PRESS_RELEASE,FLAGGED,earnings_population_gate,earnings_population_gate,whole_document,medium,2633,0.7,0.0,0.47762,fy20q3guidanceupdatepr.htm,
896878,INTUIT INC.,tech,core,0000896878-20-000063,8-K,2020-05-21,EX99_PRESS_RELEASE,FLAGGED,earnings_population_gate,earnings_population_gate,whole_document,medium,4693,0.4029,0.0,0.48419,fy20q3earningspressrel.htm,
896878,INTUIT INC.,tech,core,0000896878-20-000221,8-K,2020-11-19,EX99_PRESS_RELEASE,FLAGGED,earnings_population_gate,earnings_population_gate,whole_document,medium,4737,0.3984,0.0,0.48212,fy21q1earningspressrel.htm,
896878,INTUIT INC.,tech,core,0000896878-21-000049,8-K,2021-02-09,EX99_PRESS_RELEASE,FLAGGED,earnings_population_gate,earnings_population_gate,whole_document,medium,2370,0.5418,0.0,0.47922,feb92021preannounceearning.htm,
896878,INTUIT INC.,tech,core,0000896878-21-000057,8-K,2021-02-23,EX99_PRESS_RELEASE,FLAGGED,earnings_population_gate,earnings_population_gate,whole_document,medium,5018,0.4071,0.0,0.48366,fy21q2earningspressrelease.htm,
896878,INTUIT INC.,tech,core,0000896878-21-000108,8-K,2021-05-11,EX99_PRESS_RELEASE,FLAGGED,earnings_population_gate,earnings_population_gate,whole_document,medium,2295,0.6174,0.0,0.47747,q32021preannounceearningsr.htm,
896878,INTUIT INC.,tech,core,0000896878-21-000114,8-K,2021-05-25,EX99_PRESS_RELEASE,FLAGGED,earnings_population_gate,earnings_population_gate,whole_document,medium,5223,0.3973,0.0,0.48673,fy21q3earningspressrelease.htm,
896878,INTUIT INC.,tech,core,0000896878-22-000005,8-K,2022-02-14,EX99_PRESS_RELEASE,FLAGGED,earnings_population_gate,earnings_population_gate,whole_document,medium,1030,0.6806,0.0,0.49798,feb142022preannounceearnin.htm,
896878,INTUIT INC.,tech,core,0000896878-22-000007,8-K,2022-02-24,EX99_PRESS_RELEASE,FLAGGED,earnings_population_gate,earnings_population_gate,whole_document,medium,5147,0.3977,0.0,0.49035,fy22q2earningspressrelease.htm,
896878,INTUIT INC.,tech,core,0000896878-22-000030,8-K,2022-11-01,EX99_PRESS_RELEASE,FLAGGED,earnings_population_gate,earnings_population_gate,whole_document,medium,2413,0.6345,0.0,0.47916,nov1pressrelease-ex9901.htm,
896878,INTUIT INC.,tech,core,0000896878-22-000035,8-K,2022-11-29,EX99_PRESS_RELEASE,FLAGGED,earnings_population_gate,earnings_population_gate,whole_document,medium,4925,0.372,0.0,0.48762,fy23q1earningspressrelease.htm,
1099590,MERCADOLIBRE INC,financials,core,0000903423-18-000580,8-K,2018-11-02,EX99_PRESS_RELEASE,FLAGGED,earnings_population_gate,earnings_population_gate,whole_document,medium,2204,0.0,0.0,0.45385,earnings-call.htm,
922224,PPL Corp,utilities,extension,0000922224-16-000121,8-K,2016-02-04,EX99_PRESS_RELEASE,FLAGGED,earnings_population_gate,earnings_population_gate,whole_document,medium,5136,0.0,0.0,0.46313,exhibit99_1.htm,
922224,PPL Corp,utilities,extension,0000922224-16-000132,8-K,2016-02-19,EX99_PRESS_RELEASE,FLAGGED,earnings_population_gate,earnings_population_gate,whole_document,medium,842,0.0,0.0,0.54116,exhibit99_1.htm,
922224,PPL Corp,utilities,extension,0000922224-17-000007,8-K,2017-02-01,EX99_PRESS_RELEASE,FLAGGED,earnings_population_gate,earnings_population_gate,whole_document,medium,5554,0.2784,0.0,0.46014,ppl-12312016exhibit991.htm,
922224,PPL Corp,utilities,extension,0000922224-17-000012,8-K,2017-02-17,EX99_PRESS_RELEASE,FLAGGED,earnings_population_gate,earnings_population_gate,whole_document,medium,1319,0.4276,0.0,0.50809,exhibit991.htm,
922224,PPL Corp,utilities,extension,0000922224-18-000021,8-K,2018-02-22,EX99_PRESS_RELEASE,FLAGGED,earnings_population_gate,earnings_population_gate,whole_document,medium,5413,0.3748,0.0,0.46431,ppl-12312017exhibit991.htm,
922224,PPL Corp,utilities,extension,0000922224-18-000026,8-K,2018-02-22,EX99_PRESS_RELEASE,FLAGGED,earnings_population_gate,earnings_population_gate,whole_document,medium,1333,0.4659,0.0,0.51026,exh991.htm,
922224,PPL Corp,utilities,extension,0000922224-19-000010,8-K,2019-02-14,EX99_PRESS_RELEASE,FLAGGED,earnings_population_gate,earnings_population_gate,whole_document,medium,5288,0.3037,0.0,0.45799,ppl-12312018exhibit991.htm,
922224,PPL Corp,utilities,extension,0000922224-19-000017,8-K,2019-02-14,EX99_PRESS_RELEASE,FLAGGED,earnings_population_gate,earnings_population_gate,whole_document,medium,1235,0.4283,0.0,0.50352,exhibit991.htm,
922224,PPL Corp,utilities,extension,0000922224-20-000002,8-K,2020-02-14,EX99_PRESS_RELEASE,FLAGGED,earnings_population_gate,earnings_population_gate,whole_document,medium,5269,0.3355,0.0,0.44444,ppl-12312019exhibit991.htm,
922224,PPL Corp,utilities,extension,0000922224-20-000007,8-K,2020-02-14,EX99_PRESS_RELEASE,FLAGGED,earnings_population_gate,earnings_population_gate,whole_document,medium,1167,0.4233,0.0,0.508,ppl-02142020exhibit991.htm,
922224,PPL Corp,utilities,extension,0000922224-21-000004,8-K,2021-02-18,EX99_PRESS_RELEASE,FLAGGED,earnings_population_gate,earnings_population_gate,whole_document,medium,4718,0.3819,0.0,0.44119,ppl-12312020exhibit991.htm,
922224,PPL Corp,utilities,extension,0000922224-21-000008,8-K,2021-02-18,EX99_PRESS_RELEASE,FLAGGED,earnings_population_gate,earnings_population_gate,whole_document,medium,1289,0.4391,0.0,0.50188,ppl-02182021xex991global.htm,
927653,MCKESSON CORP,healthcare,core,0000927653-20-000058,8-K,2020-08-03,EX99_PRESS_RELEASE,FLAGGED,earnings_population_gate,earnings_population_gate,whole_document,medium,6095,0.4804,0.0,0.46291,mckexhibit9916302020ne.htm,
927653,MCKESSON CORP,healthcare,core,0000927653-20-000067,8-K,2020-09-22,EX99_PRESS_RELEASE,FLAGGED,earnings_population_gate,earnings_population_gate,whole_document,medium,1907,0.517,0.0,0.46818,mckexhibit991projectsu.htm,
927653,MCKESSON CORP,healthcare,core,0000927653-25-000105,8-K,2025-08-06,EX99_PRESS_RELEASE,FLAGGED,earnings_population_gate,earnings_population_gate,whole_document,medium,6059,0.5271,0.0,0.46,mck_exhibit991x6302025.htm,
927653,MCKESSON CORP,healthcare,core,0000927653-25-000121,8-K,2025-09-18,EX99_PRESS_RELEASE,FLAGGED,earnings_population_gate,earnings_population_gate,whole_document,medium,1818,0.5127,0.0,0.45,mck_ex991resegementation.htm,
773840,HONEYWELL INTERNATIONAL INC,industrials,extension,0000930413-16-008408,8-K,2016-10-06,EX99_PRESS_RELEASE,FLAGGED,earnings_population_gate,earnings_population_gate,whole_document,medium,2178,0.0,0.0,0.39231,c86220_ex99-1.htm,
773840,HONEYWELL INTERNATIONAL INC,industrials,extension,0000930413-16-008528,8-K,2016-10-21,EX99_PRESS_RELEASE,FLAGGED,earnings_population_gate,earnings_population_gate,whole_document,medium,3916,0.0,0.0,0.4552,c86388_ex99.htm,
773840,HONEYWELL INTERNATIONAL INC,industrials,extension,0000930413-17-003540,8-K,2017-10-11,EX99_PRESS_RELEASE,FLAGGED,earnings_population_gate,earnings_population_gate,whole_document,medium,2166,0.0,0.0,0.42994,c89514_ex99-1.htm,
773840,HONEYWELL INTERNATIONAL INC,industrials,extension,0000930413-17-003584,8-K,2017-10-20,EX99_PRESS_RELEASE,FLAGGED,earnings_population_gate,earnings_population_gate,whole_document,medium,4247,0.0,0.0,0.47052,c89546_ex99-1.htm,
773840,HONEYWELL INTERNATIONAL INC,industrials,extension,0000930413-17-004027,8-K,2017-12-12,EX99_PRESS_RELEASE,FLAGGED,earnings_population_gate,earnings_population_gate,whole_document,medium,2084,0.0,0.0,0.39309,c89878_ex99-1.htm,
773840,HONEYWELL INTERNATIONAL INC,industrials,extension,0000930413-18-003108,8-K,2018-10-19,EX99_PRESS_RELEASE,FLAGGED,earnings_population_gate,earnings_population_gate,whole_document,medium,5294,0.0,0.0,0.47709,c92184_ex99.htm,
773840,HONEYWELL INTERNATIONAL INC,industrials,extension,0000930413-18-003112,8-K,2018-10-19,EX99_PRESS_RELEASE,FLAGGED,earnings_population_gate,earnings_population_gate,whole_document,medium,868,0.0,0.0,0.49522,c92180_ex99.htm,
872589,"REGENERON PHARMACEUTICALS, INC.",healthcare,core,0000930413-20-000068,8-K,2020-01-13,EX99_PRESS_RELEASE,FLAGGED,earnings_population_gate,earnings_population_gate,whole_document,medium,5125,0.9912,0.0,0.27701,c94939_ex99-1.htm,
936468,LOCKHEED MARTIN CORP,industrials,extension,0000936468-22-000044,8-K,2022-04-19,EX99_PRESS_RELEASE,FLAGGED,earnings_population_gate,earnings_population_gate,whole_document,medium,5996,0.5254,0.0,0.50461,ex991q12022.htm,
936468,LOCKHEED MARTIN CORP,industrials,extension,0000936468-22-000084,8-K,2022-06-27,EX99_PRESS_RELEASE,FLAGGED,earnings_population_gate,earnings_population_gate,whole_document,medium,747,0.8715,0.0,0.43033,lmtpressrelease06272022.htm,
1099219,METLIFE INC,financials,core,0000937834-18-000014,8-K,2018-03-29,EX99_PRESS_RELEASE,FLAGGED,earnings_population_gate,earnings_population_gate,whole_document,medium,25155,0.1156,0.0,0.45612,ex991qfsq417docupdated.htm,
1099219,METLIFE INC,financials,core,0000937834-18-000032,8-K,2018-08-01,EX99_PRESS_RELEASE,FLAGGED,earnings_population_gate,earnings_population_gate,whole_document,medium,10232,0.3429,0.0,0.43152,ex991earningsreleasetables.htm,
1099219,METLIFE INC,financials,core,0000937834-18-000045,8-K,2018-11-01,EX99_PRESS_RELEASE,FLAGGED,earnings_population_gate,earnings_population_gate,whole_document,medium,10574,0.3356,0.0,0.43218,ex991earningsreleasetables.htm,
64803,CVS HEALTH Corp,consumer,core,0000947871-24-000009,8-K,2024-01-05,EX99_PRESS_RELEASE,FLAGGED,earnings_population_gate,earnings_population_gate,whole_document,medium,541,0.0,0.0,0.34109,ss2874786_ex9901.htm,
32604,EMERSON ELECTRIC CO,industrials,extension,0000950103-21-015731,8-K,2021-10-12,8K_BODY,FLAGGED,earnings_item202_prefix_large,earnings_population_gate|earnings_item202_prefix_large,item202_slice,medium,2062,0.0,0.0,0.43728,dp159638_8k.htm,
32604,EMERSON ELECTRIC CO,industrials,extension,0000950103-22-018712,8-K,2022-10-31,EX99_PRESS_RELEASE,FLAGGED,earnings_population_gate,earnings_population_gate,whole_document,medium,5298,0.0,0.0,0.42383,dp183410_ex9901.htm,
32604,EMERSON ELECTRIC CO,industrials,extension,0000950103-23-005624,8-K,2023-04-12,8K_BODY,FLAGGED,earnings_population_gate,earnings_population_gate,item202_slice,medium,1730,0.0,0.0,0.4563,dp192153_8k.htm,
12927,BOEING CO,industrials,extension,0000950123-15-007564,8-K,2015-07-22,EX99_PRESS_RELEASE,FLAGGED,earnings_population_gate,earnings_population_gate,whole_document,medium,4312,0.2572,0.0,0.4586,2015Q2pressrelease.htm,
12927,BOEING CO,industrials,extension,0000950123-16-013052,8-K,2016-01-27,EX99_PRESS_RELEASE,FLAGGED,earnings_population_gate,earnings_population_gate,whole_document,medium,4517,0.286,0.0,0.46198,a201512dec318kpressrelease.htm,
12927,BOEING CO,industrials,extension,0000950123-16-018547,8-K,2016-07-27,EX99_PRESS_RELEASE,FLAGGED,earnings_population_gate,earnings_population_gate,whole_document,medium,4775,0.2999,0.0,0.46559,a201606jun308kpressrelease.htm,
1364742,"BlackRock Finance, Inc.",financials,core,0000950123-17-006151,8-K,2017-07-17,EX99_PRESS_RELEASE,FLAGGED,earnings_supplemental_diluted,earnings_supplemental_diluted,whole_document,medium,8633,0.2566,0.0,0.4456,blk-ex991_6.htm,
12927,BOEING CO,industrials,extension,0000950123-19-006601,8-K,2019-07-24,EX99_PRESS_RELEASE,FLAGGED,earnings_population_gate,earnings_population_gate,whole_document,medium,4560,0.3461,0.0,0.44949,a201906jun308kpressrelease.htm,
93410,CHEVRON CORP,energy,core,0000950142-23-002083,8-K,2023-07-24,EX99_PRESS_RELEASE,FLAGGED,earnings_population_gate,earnings_population_gate,whole_document,medium,2285,0.0,0.0,0.43016,eh230384172_ex9901.htm,
1105705,"WARNER MEDIA, LLC",consumer,core,0000950157-16-002366,8-K,2016-10-24,EX99_PRESS_RELEASE,FLAGGED,earnings_population_gate,earnings_population_gate,whole_document,medium,2749,0.7454,0.0,0.42852,ex99-1.htm,
701221,Cigna Holding Co,healthcare,core,0000950159-15-000193,8-K,2015-07-24,EX99_PRESS_RELEASE,FLAGGED,earnings_population_gate,earnings_population_gate,whole_document,medium,1384,0.7269,0.0,0.5127,ex99-1.htm,
701221,Cigna Holding Co,healthcare,core,0000950159-15-000242,8-K,2015-07-30,EX99_PRESS_RELEASE,FLAGGED,earnings_population_gate,earnings_population_gate,whole_document,medium,3948,0.3599,0.0,0.51373,ex99-1.htm,
701221,Cigna Holding Co,healthcare,core,0000950159-17-000004,8-K,2017-01-10,8K_BODY,FLAGGED,earnings_item202_block_thin,earnings_population_gate|earnings_item202_block_thin,item202_slice,medium,1388,0.8314,0.0,0.46463,cigna8k.htm,
701221,Cigna Holding Co,healthcare,core,0000950159-17-000026,8-K,2017-02-02,EX99_PRESS_RELEASE,FLAGGED,earnings_population_gate,earnings_population_gate,whole_document,medium,4580,0.3179,0.0,0.5038,ex99-1.htm,
701221,Cigna Holding Co,healthcare,core,0000950159-18-000018,8-K,2018-01-09,8K_BODY,FLAGGED,earnings_item202_block_thin,earnings_population_gate|earnings_item202_block_thin,item202_slice,medium,1264,0.7611,0.0,0.45507,cigna8k.htm,
701221,Cigna Holding Co,healthcare,core,0000950159-18-000039,8-K,2018-02-01,EX99_PRESS_RELEASE,FLAGGED,earnings_population_gate,earnings_population_gate,whole_document,medium,4726,0.357,0.0,0.49432,ex99-1.htm,
1739940,Cigna Group,healthcare,core,0000950159-22-000107,8-K,2022-05-06,EX99_PRESS_RELEASE,FAIL,empty_after_extraction,empty_after_extraction,none,low,0,0.0,,,ex99-1.htm,12 chars of extractable text
1318605,"Tesla, Inc.",consumer,core,0000950170-21-000423,8-K,2021-07-02,EX99_PRESS_RELEASE,FLAGGED,below_length_floor,earnings_population_gate|earnings_thin_document|below_length_floor,whole_document,medium,169,0.6391,0.0,0.44667,tsla-20210702ex99_1.htm,
1318605,"Tesla, Inc.",consumer,core,0000950170-23-031241,8-K,2023-07-03,EX99_PRESS_RELEASE,FLAGGED,earnings_population_gate,earnings_population_gate,whole_document,medium,271,0.5387,0.0,0.4329,tsla-ex99_1.htm,
1364742,"BlackRock Finance, Inc.",financials,core,0000950170-23-032924,8-K,2023-07-14,EX99_PRESS_RELEASE,FLAGGED,earnings_supplemental_diluted,earnings_supplemental_diluted,whole_document,medium,8773,0.3246,0.0,0.44302,blk-ex99_1.htm,
1318605,"Tesla, Inc.",consumer,core,0000950170-23-033544,8-K,2023-07-19,EX99_PRESS_RELEASE,FLAGGED,earnings_population_gate,earnings_population_gate,whole_document,medium,5237,0.966,0.00032,0.42734,tsla-ex99_1.htm,
1318605,"Tesla, Inc.",consumer,core,0000950170-23-050938,8-K,2023-10-02,EX99_PRESS_RELEASE,FLAGGED,earnings_population_gate,earnings_population_gate,whole_document,medium,304,0.6316,0.0,0.42308,tsla-ex99_1.htm,
1364742,"BlackRock Finance, Inc.",financials,core,0000950170-23-053207,8-K,2023-10-13,EX99_PRESS_RELEASE,FLAGGED,earnings_supplemental_diluted,earnings_supplemental_diluted,whole_document,medium,9386,0.3242,0.0,0.44606,blk-ex99_1.htm,
1318605,"Tesla, Inc.",consumer,core,0000950170-24-000282,8-K,2024-01-02,EX99_PRESS_RELEASE,FLAGGED,earnings_population_gate,earnings_population_gate,whole_document,medium,334,0.6108,0.0,0.43273,tsla-ex99_1.htm,
1364742,"BlackRock Finance, Inc.",financials,core,0000950170-24-004107,8-K,2024-01-12,EX99_PRESS_RELEASE,FLAGGED,earnings_supplemental_diluted,earnings_supplemental_diluted,whole_document,medium,9066,0.3601,0.0,0.45102,blk-ex99_1.htm,
1318605,"Tesla, Inc.",consumer,core,0000950170-24-007073,8-K,2024-01-24,EX99_PRESS_RELEASE,FLAGGED,earnings_population_gate,earnings_population_gate,whole_document,medium,5865,0.9608,0.00028,0.42239,tsla-ex99_1.htm,
1318605,"Tesla, Inc.",consumer,core,0000950170-24-040274,8-K,2024-04-02,EX99_PRESS_RELEASE,FLAGGED,earnings_population_gate,earnings_population_gate,whole_document,medium,348,0.5891,0.0,0.44518,tsla-ex99_1.htm,
1318605,"Tesla, Inc.",consumer,core,0000950170-24-046895,8-K,2024-04-23,EX99_PRESS_RELEASE,FLAGGED,earnings_population_gate,earnings_population_gate,whole_document,medium,5575,0.9632,0.0003,0.42738,tsla-ex99_1.htm,
1364742,"BlackRock Finance, Inc.",financials,core,0000950170-24-083381,8-K,2024-07-15,EX99_PRESS_RELEASE,FLAGGED,earnings_supplemental_diluted,earnings_supplemental_diluted,whole_document,medium,9619,0.3462,0.0,0.44383,blk-ex99_1.htm,
1012569,"Energy Transfer, LP",energy,core,0001012569-15-000091,8-K,2015-08-05,EX99_PRESS_RELEASE,FLAGGED,earnings_supplemental_diluted,earnings_supplemental_diluted,whole_document,medium,7349,0.3021,0.0,0.45573,etper-06x30x2015xex991.htm,
1012569,"Energy Transfer, LP",energy,core,0001012569-15-000112,8-K,2015-11-04,EX99_PRESS_RELEASE,FLAGGED,earnings_supplemental_diluted,earnings_supplemental_diluted,whole_document,medium,6969,0.2784,0.0,0.45722,etper-09x30x2015xex991.htm,
1012569,"Energy Transfer, LP",energy,core,0001012569-16-000136,8-K,2016-01-28,EX99_PRESS_RELEASE,FLAGGED,earnings_population_gate,earnings_population_gate,whole_document,medium,1035,0.7884,0.0,0.39831,etp2015q4cashdistributionp.htm,
1012569,"Energy Transfer, LP",energy,core,0001012569-16-000148,8-K,2016-02-24,EX99_PRESS_RELEASE,FLAGGED,earnings_population_gate,earnings_population_gate|earnings_supplemental_diluted,whole_document,medium,7063,0.3399,0.0,0.4792,etpq42015-ex991.htm,
1012569,"Energy Transfer, LP",energy,core,0001012569-16-000169,8-K,2016-05-04,EX99_PRESS_RELEASE,FLAGGED,earnings_supplemental_diluted,earnings_supplemental_diluted,whole_document,medium,5995,0.3418,0.0,0.46567,etper-03x31x2016xex991.htm,
1012569,"Energy Transfer, LP",energy,core,0001012569-16-000187,8-K,2016-08-04,EX99_PRESS_RELEASE,FLAGGED,earnings_supplemental_diluted,earnings_supplemental_diluted,whole_document,medium,6331,0.3126,0.0,0.47523,etper-06x30x2016xex991.htm,
1012569,"Energy Transfer, LP",energy,core,0001012569-16-000222,8-K,2016-11-09,EX99_PRESS_RELEASE,FLAGGED,earnings_supplemental_diluted,earnings_supplemental_diluted,whole_document,medium,5809,0.2727,0.0,0.46705,etper-09x30x2016xex991.htm,
1012569,"Energy Transfer, LP",energy,core,0001012569-17-000018,8-K,2017-02-22,EX99_PRESS_RELEASE,FLAGGED,earnings_supplemental_diluted,earnings_supplemental_diluted,whole_document,medium,6674,0.3908,0.0,0.47324,etp-12312016xex991.htm,
1035002,VALERO ENERGY CORP/TX,energy,core,0001035002-20-000011,8-K,2020-04-13,8K_BODY,FLAGGED,earnings_item202_block_thin,earnings_population_gate|earnings_item202_block_thin,item202_slice,medium,3938,0.7636,0.0,0.49418,a04-13x20208xkdoc.htm,
1035002,VALERO ENERGY CORP/TX,energy,core,0001035002-20-000014,8-K,2020-04-29,EX99_PRESS_RELEASE,FLAGGED,earnings_population_gate,earnings_population_gate,whole_document,medium,6786,0.4349,0.0,0.43909,vloq12020earningsrelease.htm,
1035002,VALERO ENERGY CORP/TX,energy,core,0001035002-21-000064,8-K,2021-04-22,EX99_PRESS_RELEASE,FLAGGED,earnings_population_gate,earnings_population_gate,whole_document,medium,7016,0.4354,0.0,0.43427,a3312021exh9901earningsrel.htm,
1035002,VALERO ENERGY CORP/TX,energy,core,0001035002-25-000016,8-K,2025-04-24,EX99_PRESS_RELEASE,FLAGGED,earnings_population_gate,earnings_population_gate,whole_document,medium,6730,0.4195,0.0,0.44636,a3312025exh9901earningsrel.htm,
1035267,INTUITIVE SURGICAL INC,healthcare,core,0001035267-16-000119,8-K,2016-01-13,EX99_PRESS_RELEASE,FLAGGED,earnings_population_gate,earnings_population_gate,whole_document,medium,1429,0.6725,0.0,0.48385,a20151231ex-991q4prerelease.htm,
1035267,INTUITIVE SURGICAL INC,healthcare,core,0001035267-16-000121,8-K,2016-01-21,EX99_PRESS_RELEASE,FLAGGED,earnings_population_gate,earnings_population_gate,whole_document,medium,2872,0.4697,0.0,0.50477,a20151231-exx991.htm,
1035267,INTUITIVE SURGICAL INC,healthcare,core,0001035267-17-000004,8-K,2017-01-11,EX99_PRESS_RELEASE,FLAGGED,earnings_population_gate,earnings_population_gate,whole_document,medium,1319,0.4284,0.0,0.47126,a20161231ex-991q4prerelease.htm,
1035267,INTUITIVE SURGICAL INC,healthcare,core,0001035267-17-000007,8-K,2017-01-24,EX99_PRESS_RELEASE,FLAGGED,earnings_population_gate,earnings_population_gate,whole_document,medium,3044,0.4711,0.0,0.50872,a20161231ex-991.htm,
1035267,INTUITIVE SURGICAL INC,healthcare,core,0001035267-18-000003,8-K,2018-01-10,EX99_PRESS_RELEASE,FLAGGED,earnings_population_gate,earnings_population_gate,whole_document,medium,1452,0.3967,0.0,0.47876,a20171231ex-991q4prerelease.htm,
1035267,INTUITIVE SURGICAL INC,healthcare,core,0001035267-18-000005,8-K,2018-01-25,EX99_PRESS_RELEASE,FLAGGED,earnings_population_gate,earnings_population_gate,whole_document,medium,3524,0.4152,0.0,0.52083,a20171231ex-991.htm,
1035267,INTUITIVE SURGICAL INC,healthcare,core,0001035267-19-000002,8-K,2019-01-09,EX99_PRESS_RELEASE,FLAGGED,earnings_population_gate,earnings_population_gate,whole_document,medium,1598,0.5138,0.0,0.49067,a20181231ex-991q4prerelease.htm,
1035267,INTUITIVE SURGICAL INC,healthcare,core,0001035267-19-000005,8-K,2019-01-24,EX99_PRESS_RELEASE,FLAGGED,earnings_population_gate,earnings_population_gate,whole_document,medium,3571,0.4621,0.0,0.52071,a20181231ex-991.htm,
1035267,INTUITIVE SURGICAL INC,healthcare,core,0001035267-20-000003,8-K,2020-01-09,EX99_PRESS_RELEASE,FLAGGED,earnings_population_gate,earnings_population_gate,whole_document,medium,1456,0.7843,0.0,0.49588,a20191231ex-991q4prere.htm,
1035267,INTUITIVE SURGICAL INC,healthcare,core,0001035267-20-000011,8-K,2020-01-23,EX99_PRESS_RELEASE,FLAGGED,earnings_population_gate,earnings_population_gate,whole_document,medium,3296,0.5133,0.0,0.51818,a20191231ex-991.htm,
1035267,INTUITIVE SURGICAL INC,healthcare,core,0001035267-20-000071,8-K,2020-04-08,EX99_PRESS_RELEASE,FLAGGED,earnings_population_gate,earnings_population_gate,whole_document,medium,1122,0.8128,0.0,0.47834,a20200331ex-991prelimi.htm,
1035267,INTUITIVE SURGICAL INC,healthcare,core,0001035267-20-000073,8-K,2020-04-16,EX99_PRESS_RELEASE,FLAGGED,earnings_population_gate,earnings_population_gate,whole_document,medium,3219,0.6611,0.0,0.51246,a20200331ex-991.htm,
1035267,INTUITIVE SURGICAL INC,healthcare,core,0001035267-21-000008,8-K,2021-01-13,EX99_PRESS_RELEASE,FLAGGED,earnings_population_gate,earnings_population_gate,whole_document,medium,1575,0.8444,0.0,0.50204,a20201231ex-991q4prexrelea.htm,
1035267,INTUITIVE SURGICAL INC,healthcare,core,0001035267-21-000011,8-K,2021-01-21,EX99_PRESS_RELEASE,FLAGGED,earnings_population_gate,earnings_population_gate,whole_document,medium,3843,0.5636,0.0,0.51399,a20201231ex-991.htm,
1035267,INTUITIVE SURGICAL INC,healthcare,core,0001035267-22-000003,8-K,2022-01-12,EX99_PRESS_RELEASE,FLAGGED,earnings_population_gate,earnings_population_gate,whole_document,medium,2136,0.875,0.0,0.5028,a20211231ex-991q4prexrelea.htm,
1035267,INTUITIVE SURGICAL INC,healthcare,core,0001035267-22-000006,8-K,2022-01-20,EX99_PRESS_RELEASE,FLAGGED,earnings_population_gate,earnings_population_gate,whole_document,medium,4271,0.58,0.0,0.49606,a20211231ex-991.htm,
1035267,INTUITIVE SURGICAL INC,healthcare,core,0001035267-23-000003,8-K,2023-01-11,EX99_PRESS_RELEASE,FLAGGED,earnings_population_gate,earnings_population_gate,whole_document,medium,1862,0.928,0.0,0.52174,q422ex-991q4prexreleaseq4o.htm,
1035267,INTUITIVE SURGICAL INC,healthcare,core,0001035267-23-000006,8-K,2023-01-24,EX99_PRESS_RELEASE,FLAGGED,earnings_population_gate,earnings_population_gate,whole_document,medium,4376,0.5953,0.0,0.51168,q422ex-991earningsrelease.htm,
1035267,INTUITIVE SURGICAL INC,healthcare,core,0001035267-24-000006,8-K,2024-01-09,EX99_PRESS_RELEASE,FLAGGED,earnings_population_gate,earnings_population_gate,whole_document,medium,1809,0.8668,0.0,0.50119,q423ex-991q4prexreleaseq4o.htm,
1035267,INTUITIVE SURGICAL INC,healthcare,core,0001035267-24-000009,8-K,2024-01-23,EX99_PRESS_RELEASE,FLAGGED,earnings_population_gate,earnings_population_gate,whole_document,medium,4258,0.5733,0.0,0.50194,q423ex-991earningsrelease.htm,
1035267,INTUITIVE SURGICAL INC,healthcare,core,0001035267-25-000005,8-K,2025-01-15,EX99_PRESS_RELEASE,FLAGGED,earnings_population_gate,earnings_population_gate,whole_document,medium,1820,0.8615,0.0,0.50659,q424ex-991q4prexreleaseq4o.htm,
1035267,INTUITIVE SURGICAL INC,healthcare,core,0001035267-25-000008,8-K,2025-01-23,EX99_PRESS_RELEASE,FLAGGED,earnings_population_gate,earnings_population_gate,whole_document,medium,4775,0.5809,0.0,0.50529,q424ex-991earningsrelease.htm,
1035267,INTUITIVE SURGICAL INC,healthcare,core,0001035267-26-000003,8-K,2026-01-14,EX99_PRESS_RELEASE,FLAGGED,earnings_population_gate,earnings_population_gate,whole_document,medium,1968,0.9111,0.0,0.49359,q425ex-991q4prexreleaseq4o.htm,
1035267,INTUITIVE SURGICAL INC,healthcare,core,0001035267-26-000006,8-K,2026-01-22,EX99_PRESS_RELEASE,FLAGGED,earnings_population_gate,earnings_population_gate,whole_document,medium,4413,0.6211,0.0,0.50546,q425ex-991earningsrelease.htm,
1038357,PIONEER NATURAL RESOURCES CO,energy,core,0001038357-15-000057,8-K,2015-07-22,EX99_PRESS_RELEASE,FLAGGED,earnings_population_gate,earnings_population_gate,whole_document,medium,2083,0.6356,0.0,0.39647,pxdjuly_22x20158kexhibit.htm,
1038357,PIONEER NATURAL RESOURCES CO,energy,core,0001038357-15-000064,8-K,2015-08-04,EX99_PRESS_RELEASE,FLAGGED,earnings_population_gate,earnings_population_gate,whole_document,medium,8354,0.6517,0.0,0.44169,pxdq22015earningsreleaseex.htm,
1038357,PIONEER NATURAL RESOURCES CO,energy,core,0001038357-15-000074,8-K,2015-10-16,8K_BODY,FLAGGED,earnings_population_gate,earnings_population_gate,item202_slice,medium,1294,0.4235,0.0,0.40551,pxdderiv8-k20150930.htm,
1038357,PIONEER NATURAL RESOURCES CO,energy,core,0001038357-15-000080,8-K,2015-11-03,EX99_PRESS_RELEASE,FLAGGED,earnings_population_gate,earnings_population_gate,whole_document,medium,7527,0.5885,0.0,0.44556,pxdq32015earningsreleaseex.htm,
1038357,PIONEER NATURAL RESOURCES CO,energy,core,0001038357-16-000092,8-K,2016-01-20,8K_BODY,FLAGGED,earnings_population_gate,earnings_population_gate,item202_slice,medium,1050,0.3724,0.0,0.39852,pxdderiv8-k20151231.htm,
1038357,PIONEER NATURAL RESOURCES CO,energy,core,0001038357-16-000096,8-K,2016-02-10,EX99_PRESS_RELEASE,FLAGGED,earnings_population_gate,earnings_population_gate,whole_document,medium,7202,0.5989,0.0,0.44188,pxdq42015earningsreleaseex.htm,
1038357,PIONEER NATURAL RESOURCES CO,energy,core,0001038357-16-000119,8-K,2016-04-18,8K_BODY,FLAGGED,earnings_item202_block_thin,earnings_population_gate|earnings_item202_block_thin,item202_slice,medium,1129,0.3915,0.0,0.40956,pxdderiv8-k20160331.htm,
1038357,PIONEER NATURAL RESOURCES CO,energy,core,0001038357-16-000126,8-K,2016-04-26,EX99_PRESS_RELEASE,FLAGGED,earnings_population_gate,earnings_population_gate,whole_document,medium,6074,0.556,0.0,0.43993,pxdq12016earningsreleaseex.htm,
1038357,PIONEER NATURAL RESOURCES CO,energy,core,0001038357-16-000147,8-K,2016-07-18,8K_BODY,FLAGGED,earnings_item202_block_thin,earnings_population_gate|earnings_item202_block_thin,item202_slice,medium,1223,0.3892,0.0,0.40476,pxdderiv8-k20160630.htm,
1038357,PIONEER NATURAL RESOURCES CO,energy,core,0001038357-16-000152,8-K,2016-07-28,EX99_PRESS_RELEASE,FLAGGED,earnings_population_gate,earnings_population_gate,whole_document,medium,6289,0.5448,0.0,0.44919,pxdq22016earningsreleaseex.htm,
1038357,PIONEER NATURAL RESOURCES CO,energy,core,0001038357-16-000166,8-K,2016-10-18,8K_BODY,FLAGGED,earnings_item202_block_thin,earnings_population_gate|earnings_item202_block_thin,item202_slice,medium,1294,0.4019,0.0,0.39793,pxdderiv8-k20160930.htm,
1038357,PIONEER NATURAL RESOURCES CO,energy,core,0001038357-16-000169,8-K,2016-11-01,EX99_PRESS_RELEASE,FLAGGED,earnings_population_gate,earnings_population_gate,whole_document,medium,6720,0.5448,0.0,0.4468,pxdq32016earningsreleaseex.htm,
1038357,PIONEER NATURAL RESOURCES CO,energy,core,0001038357-17-000003,8-K,2017-01-17,8K_BODY,FLAGGED,earnings_population_gate,earnings_population_gate,item202_slice,medium,1377,0.3493,0.0,0.39406,pxdderiv8-k20161231.htm,
1038357,PIONEER NATURAL RESOURCES CO,energy,core,0001038357-17-000007,8-K,2017-02-07,EX99_PRESS_RELEASE,FLAGGED,earnings_population_gate,earnings_population_gate,whole_document,medium,8047,0.5697,0.0,0.43821,pxdq42016earningsreleaseex.htm,
1038357,PIONEER NATURAL RESOURCES CO,energy,core,0001038357-17-000033,8-K,2017-04-18,8K_BODY,FLAGGED,earnings_item202_block_thin,earnings_population_gate|earnings_item202_block_thin,item202_slice,medium,1430,0.4469,0.0,0.40444,pxdderiv8-k20170331.htm,
1038357,PIONEER NATURAL RESOURCES CO,energy,core,0001038357-17-000039,8-K,2017-05-03,EX99_PRESS_RELEASE,FLAGGED,earnings_population_gate,earnings_population_gate,whole_document,medium,7128,0.6073,0.0,0.43921,pxdq12017earningsreleaseex.htm,
1038357,PIONEER NATURAL RESOURCES CO,energy,core,0001038357-17-000059,8-K,2017-07-18,8K_BODY,FLAGGED,earnings_item202_block_thin,earnings_population_gate|earnings_item202_block_thin,item202_slice,medium,1291,0.3966,0.0,0.40922,pxdderiv8-k20170630.htm,
1038357,PIONEER NATURAL RESOURCES CO,energy,core,0001038357-17-000063,8-K,2017-08-01,EX99_PRESS_RELEASE,FLAGGED,earnings_population_gate,earnings_population_gate,whole_document,medium,6961,0.6281,0.0,0.45128,pxdq22017earningsreleaseex.htm,
1038357,PIONEER NATURAL RESOURCES CO,energy,core,0001038357-17-000073,8-K,2017-10-12,EX99_PRESS_RELEASE,FLAGGED,earnings_population_gate,earnings_population_gate,whole_document,medium,1452,0.6928,0.0,0.42846,a10122017productionupdatee.htm,
1038357,PIONEER NATURAL RESOURCES CO,energy,core,0001038357-17-000075,8-K,2017-10-17,8K_BODY,FLAGGED,earnings_population_gate,earnings_population_gate,item202_slice,medium,1264,0.4272,0.0,0.39022,pxdderiv8-k20170930.htm,
1038357,PIONEER NATURAL RESOURCES CO,energy,core,0001038357-17-000080,8-K,2017-11-01,EX99_PRESS_RELEASE,FLAGGED,earnings_population_gate,earnings_population_gate,whole_document,medium,6509,0.5631,0.0,0.4503,pxdq32017earningsreleaseex.htm,
1038357,PIONEER NATURAL RESOURCES CO,energy,core,0001038357-18-000003,8-K,2018-01-10,8K_BODY,FLAGGED,earnings_item202_block_thin,earnings_population_gate|earnings_item202_block_thin,item202_slice,medium,653,0.8285,0.0,0.52623,form8-ktaxreform.htm,
1038357,PIONEER NATURAL RESOURCES CO,energy,core,0001038357-18-000005,8-K,2018-01-16,8K_BODY,FLAGGED,earnings_population_gate,earnings_population_gate,item202_slice,medium,1194,0.3987,0.0,0.37811,pxdderiv8-k20171231.htm,
1038357,PIONEER NATURAL RESOURCES CO,energy,core,0001038357-18-000010,8-K,2018-02-06,EX99_PRESS_RELEASE,FLAGGED,earnings_population_gate,earnings_population_gate,whole_document,medium,8183,0.5789,0.0,0.4413,pxdq42017earningsreleaseex.htm,
1038357,PIONEER NATURAL RESOURCES CO,energy,core,0001038357-18-000026,8-K,2018-04-17,8K_BODY,FLAGGED,earnings_item202_block_thin,earnings_population_gate|earnings_item202_block_thin,item202_slice,medium,1128,0.3901,0.0,0.37768,pxdderiv8-k20180331.htm,
1038357,PIONEER NATURAL RESOURCES CO,energy,core,0001038357-18-000030,8-K,2018-05-02,EX99_PRESS_RELEASE,FLAGGED,earnings_population_gate,earnings_population_gate,whole_document,medium,5763,0.5993,0.0,0.44315,pxdq12018earningsreleaseex.htm,
1038357,PIONEER NATURAL RESOURCES CO,energy,core,0001038357-18-000046,8-K,2018-07-25,8K_BODY,FLAGGED,earnings_population_gate,earnings_population_gate,item202_slice,medium,1104,0.3967,0.0,0.3842,pxdderiv8-k20180630.htm,
1038357,PIONEER NATURAL RESOURCES CO,energy,core,0001038357-18-000050,8-K,2018-07-31,8K_BODY,FLAGGED,earnings_population_gate,earnings_population_gate,item202_slice,medium,643,0.8585,0.0,0.4951,pricerealization8-k.htm,
1038357,PIONEER NATURAL RESOURCES CO,energy,core,0001038357-18-000055,8-K,2018-08-07,EX99_PRESS_RELEASE,FLAGGED,earnings_population_gate,earnings_population_gate,whole_document,medium,6195,0.5688,0.0,0.44279,pxdq22018earningsreleaseex.htm,
1038357,PIONEER NATURAL RESOURCES CO,energy,core,0001038357-18-000066,8-K,2018-10-24,8K_BODY,FLAGGED,earnings_population_gate,earnings_population_gate,item202_slice,medium,1257,0.4853,0.0,0.41318,pxdderiv8-k20180930.htm,
1038357,PIONEER NATURAL RESOURCES CO,energy,core,0001038357-18-000072,8-K,2018-11-06,EX99_PRESS_RELEASE,FLAGGED,earnings_population_gate,earnings_population_gate,whole_document,medium,5702,0.5289,0.0,0.44347,pxdq32018earningsreleaseex.htm,
1038357,PIONEER NATURAL RESOURCES CO,energy,core,0001038357-19-000003,8-K,2019-01-29,8K_BODY,FLAGGED,earnings_population_gate,earnings_population_gate,item202_slice,medium,1251,0.5028,0.0,0.42725,pxdderiv8-k20181231.htm,
1038357,PIONEER NATURAL RESOURCES CO,energy,core,0001038357-19-000006,8-K,2019-02-13,EX99_PRESS_RELEASE,FLAGGED,earnings_population_gate,earnings_population_gate,whole_document,medium,6695,0.4862,0.0,0.43318,pxdq42018earningsreleaseex.htm,
1038357,PIONEER NATURAL RESOURCES CO,energy,core,0001038357-19-000023,8-K,2019-04-30,8K_BODY,FLAGGED,earnings_population_gate,earnings_population_gate,item202_slice,medium,1083,0.5577,0.0,0.44038,pxdderiv8-k20190331.htm,
1038357,PIONEER NATURAL RESOURCES CO,energy,core,0001038357-19-000025,8-K,2019-05-06,EX99_PRESS_RELEASE,FLAGGED,earnings_population_gate,earnings_population_gate,whole_document,medium,5291,0.525,0.0,0.45497,pxdq12019earningsreleaseex.htm,
1038357,PIONEER NATURAL RESOURCES CO,energy,core,0001038357-19-000040,8-K,2019-07-25,8K_BODY,FLAGGED,earnings_population_gate,earnings_population_gate,item202_slice,medium,1055,0.4664,0.0,0.45092,pxdderiv8-k20190630.htm,
1038357,PIONEER NATURAL RESOURCES CO,energy,core,0001038357-19-000043,8-K,2019-08-06,EX99_PRESS_RELEASE,FLAGGED,earnings_population_gate,earnings_population_gate,whole_document,medium,5306,0.4879,0.0,0.46057,pxdq22019earningsreleaseex.htm,
1038357,PIONEER NATURAL RESOURCES CO,energy,core,0001038357-19-000054,8-K,2019-10-21,8K_BODY,FLAGGED,earnings_population_gate,earnings_population_gate,item202_slice,medium,1315,0.7019,0.0,0.47044,pxd-20191021.htm,
1038357,PIONEER NATURAL RESOURCES CO,energy,core,0001038357-19-000059,8-K,2019-11-04,EX99_PRESS_RELEASE,FLAGGED,earnings_population_gate,earnings_population_gate,whole_document,medium,5522,0.5377,0.0,0.4549,pxdq32019earningsrelea.htm,
1038357,PIONEER NATURAL RESOURCES CO,energy,core,0001038357-20-000004,8-K,2020-02-05,8K_BODY,FLAGGED,earnings_population_gate,earnings_population_gate,item202_slice,medium,1163,0.6303,0.0,0.47242,pxd-20200205.htm,
1038357,PIONEER NATURAL RESOURCES CO,energy,core,0001038357-20-000007,8-K,2020-02-19,EX99_PRESS_RELEASE,FLAGGED,earnings_population_gate,earnings_population_gate,whole_document,medium,6324,0.4445,0.0,0.44481,pxdq42019earningsrelea.htm,
1038357,PIONEER NATURAL RESOURCES CO,energy,core,0001038357-20-000013,8-K,2020-04-06,8K_BODY,FLAGGED,earnings_item202_block_thin,earnings_population_gate|earnings_item202_block_thin,item202_slice,medium,891,0.5174,0.0,0.42368,pxd-20200406.htm,
1038357,PIONEER NATURAL RESOURCES CO,energy,core,0001038357-20-000024,8-K,2020-04-24,8K_BODY,FLAGGED,earnings_population_gate,earnings_population_gate,item202_slice,medium,1413,0.6929,0.0,0.46553,pxd-20200424.htm,
1038357,PIONEER NATURAL RESOURCES CO,energy,core,0001038357-20-000028,8-K,2020-05-06,EX99_PRESS_RELEASE,FLAGGED,earnings_population_gate,earnings_population_gate,whole_document,medium,4875,0.5325,0.0,0.44749,pxdq12020earningsrelea.htm,
1038357,PIONEER NATURAL RESOURCES CO,energy,core,0001038357-20-000044,8-K,2020-07-22,8K_BODY,FLAGGED,earnings_population_gate,earnings_population_gate,item202_slice,medium,1284,0.6573,0.0,0.46619,pxd-20200722.htm,
1038357,PIONEER NATURAL RESOURCES CO,energy,core,0001038357-20-000047,8-K,2020-08-04,EX99_PRESS_RELEASE,FLAGGED,earnings_population_gate,earnings_population_gate,whole_document,medium,5308,0.5038,0.0,0.4479,pxdq22020earningsrelea.htm,
1038357,PIONEER NATURAL RESOURCES CO,energy,core,0001038357-20-000067,8-K,2020-10-22,8K_BODY,FLAGGED,earnings_population_gate,earnings_population_gate,item202_slice,medium,1316,0.655,0.0,0.47927,pxd-20201022.htm,
1038357,PIONEER NATURAL RESOURCES CO,energy,core,0001038357-21-000004,8-K,2021-02-09,8K_BODY,FLAGGED,earnings_population_gate,earnings_population_gate,item202_slice,medium,1662,0.5734,0.0,0.46114,pxd-20210209.htm,
1038357,PIONEER NATURAL RESOURCES CO,energy,core,0001038357-21-000009,8-K,2021-02-23,EX99_PRESS_RELEASE,FLAGGED,earnings_population_gate,earnings_population_gate,whole_document,medium,7117,0.5456,0.0,0.4468,pxdq42020earningsreleaseex.htm,
1038357,PIONEER NATURAL RESOURCES CO,energy,core,0001038357-21-000026,8-K,2021-04-27,8K_BODY,FLAGGED,earnings_population_gate,earnings_population_gate,item202_slice,medium,1455,0.6268,0.0,0.46,pxd-20210427.htm,
1038357,PIONEER NATURAL RESOURCES CO,energy,core,0001038357-21-000029,8-K,2021-05-04,EX99_PRESS_RELEASE,FLAGGED,earnings_population_gate,earnings_population_gate,whole_document,medium,5538,0.5507,0.0,0.45279,pxdq12021earningsreleaseex.htm,
1038357,PIONEER NATURAL RESOURCES CO,energy,core,0001038357-21-000047,8-K,2021-07-27,8K_BODY,FLAGGED,earnings_population_gate,earnings_population_gate,item202_slice,medium,1737,0.544,0.0,0.45298,pxd-20210726.htm,
1038357,PIONEER NATURAL RESOURCES CO,energy,core,0001038357-21-000050,8-K,2021-08-02,EX99_PRESS_RELEASE,FLAGGED,earnings_population_gate,earnings_population_gate,whole_document,medium,6203,0.3271,0.0,0.45269,pxdq22021earningsreleaseex.htm,
1038357,PIONEER NATURAL RESOURCES CO,energy,core,0001038357-21-000063,8-K,2021-10-25,8K_BODY,FLAGGED,earnings_population_gate,earnings_population_gate,item202_slice,medium,1817,0.6021,0.0,0.45215,pxd-20211025.htm,
1038357,PIONEER NATURAL RESOURCES CO,energy,core,0001038357-21-000065,8-K,2021-11-03,EX99_PRESS_RELEASE,FLAGGED,earnings_population_gate,earnings_population_gate,whole_document,medium,6578,0.3568,0.0,0.45352,pxdq32021earningsreleaseex.htm,
1038357,PIONEER NATURAL RESOURCES CO,energy,core,0001038357-22-000012,8-K,2022-01-05,8K_BODY,FLAGGED,earnings_population_gate,earnings_population_gate,item202_slice,medium,1176,0.6446,0.0,0.48505,pxd-20220105.htm,
1038357,PIONEER NATURAL RESOURCES CO,energy,core,0001038357-22-000014,8-K,2022-01-27,8K_BODY,FLAGGED,earnings_population_gate,earnings_population_gate,item202_slice,medium,1681,0.7067,0.0,0.48548,pxd-20220126.htm,
1038357,PIONEER NATURAL RESOURCES CO,energy,core,0001038357-22-000026,8-K,2022-02-16,EX99_PRESS_RELEASE,FLAGGED,earnings_population_gate,earnings_population_gate,whole_document,medium,7144,0.3938,0.0,0.4547,pxdq42021earningsreleaseex.htm,
1038357,PIONEER NATURAL RESOURCES CO,energy,core,0001038357-22-000070,8-K,2022-04-28,8K_BODY,FLAGGED,earnings_population_gate,earnings_population_gate,item202_slice,medium,1603,0.7461,0.0,0.48922,pxd-20220427.htm,
1038357,PIONEER NATURAL RESOURCES CO,energy,core,0001038357-22-000072,8-K,2022-05-04,EX99_PRESS_RELEASE,FLAGGED,earnings_population_gate,earnings_population_gate,whole_document,medium,5073,0.6024,0.0,0.4723,pxdq12022earningsreleaseex.htm,
1038357,PIONEER NATURAL RESOURCES CO,energy,core,0001038357-22-000112,8-K,2022-07-21,8K_BODY,FLAGGED,earnings_population_gate,earnings_population_gate,item202_slice,medium,1521,0.7574,0.0,0.48132,pxd-20220721.htm,
1038357,PIONEER NATURAL RESOURCES CO,energy,core,0001038357-22-000116,8-K,2022-08-02,EX99_PRESS_RELEASE,FLAGGED,earnings_population_gate,earnings_population_gate,whole_document,medium,5638,0.5685,0.0,0.4679,pxdq22022earningsreleaseex.htm,
1038357,PIONEER NATURAL RESOURCES CO,energy,core,0001038357-22-000128,8-K,2022-10-19,8K_BODY,FLAGGED,earnings_population_gate,earnings_population_gate,item202_slice,medium,1353,0.7221,0.0,0.48644,pxd-20221019.htm,
1038357,PIONEER NATURAL RESOURCES CO,energy,core,0001038357-22-000133,8-K,2022-10-27,EX99_PRESS_RELEASE,FLAGGED,earnings_population_gate,earnings_population_gate,whole_document,medium,5773,0.5645,0.0,0.46361,pxdq32022earningsreleaseex.htm,
1038357,PIONEER NATURAL RESOURCES CO,energy,core,0001038357-23-000013,8-K,2023-01-26,8K_BODY,FLAGGED,earnings_population_gate,earnings_population_gate,item202_slice,medium,1656,0.7675,0.0,0.47579,pxd-20230126.htm,
1038357,PIONEER NATURAL RESOURCES CO,energy,core,0001038357-23-000026,8-K,2023-02-22,EX99_PRESS_RELEASE,FLAGGED,earnings_population_gate,earnings_population_gate,whole_document,medium,6916,0.5481,0.0,0.46089,earningsreleaseex20221231.htm,
1038357,PIONEER NATURAL RESOURCES CO,energy,core,0001038357-23-000055,8-K,2023-04-18,8K_BODY,FLAGGED,earnings_population_gate,earnings_population_gate,item202_slice,medium,1461,0.8378,0.0,0.48392,pxd-20230418.htm,
1038357,PIONEER NATURAL RESOURCES CO,energy,core,0001038357-23-000059,8-K,2023-04-26,EX99_PRESS_RELEASE,FLAGGED,earnings_population_gate,earnings_population_gate,whole_document,medium,5335,0.5741,0.0,0.46981,earningsreleaseex20230331.htm,
1038357,PIONEER NATURAL RESOURCES CO,energy,core,0001038357-23-000078,8-K,2023-07-20,8K_BODY,FLAGGED,earnings_population_gate,earnings_population_gate,item202_slice,medium,1528,0.8148,0.0,0.49222,pxd-20230720.htm,
1038357,PIONEER NATURAL RESOURCES CO,energy,core,0001038357-23-000083,8-K,2023-08-01,EX99_PRESS_RELEASE,FLAGGED,earnings_population_gate,earnings_population_gate,whole_document,medium,5689,0.5929,0.0,0.47112,earningsreleaseex20230630.htm,
1038357,PIONEER NATURAL RESOURCES CO,energy,core,0001038357-24-000005,8-K,2024-02-01,8K_BODY,FLAGGED,earnings_population_gate,earnings_population_gate,item202_slice,medium,1534,0.8129,0.0,0.48988,pxd-20240201.htm,
1038357,PIONEER NATURAL RESOURCES CO,energy,core,0001038357-24-000019,8-K,2024-02-22,EX99_PRESS_RELEASE,FLAGGED,earnings_population_gate,earnings_population_gate,whole_document,medium,5917,0.4926,0.0,0.46838,earningsreleaseex20231231.htm,
1039684,ONEOK INC /NEW/,energy,core,0001039684-17-000012,8-K,2017-02-27,EX99_PRESS_RELEASE,FLAGGED,earnings_population_gate,earnings_population_gate,whole_document,medium,8520,0.3223,0.0,0.45461,okeq42016earningsreleasenr.htm,
1045810,NVIDIA CORP,tech,core,0001045810-19-000004,8-K,2019-01-28,EX99_PRESS_RELEASE,FLAGGED,earnings_population_gate,earnings_population_gate,whole_document,medium,1390,0.6317,0.0,0.44378,pressrelease.htm,
1045810,NVIDIA CORP,tech,core,0001045810-19-000007,8-K,2019-02-14,EX99_PRESS_RELEASE,FLAGGED,earnings_population_gate,earnings_population_gate,whole_document,medium,3016,0.4012,0.0,0.42821,q4fy19pr.htm,
1045810,NVIDIA CORP,tech,core,0001045810-22-000133,8-K,2022-08-08,EX99_PRESS_RELEASE,FLAGGED,earnings_population_gate,earnings_population_gate,whole_document,medium,1566,0.5798,0.0,0.46865,pressrelease.htm,
1045810,NVIDIA CORP,tech,core,0001045810-22-000136,8-K,2022-08-24,EX99_PRESS_RELEASE,FLAGGED,earnings_population_gate,earnings_population_gate,whole_document,medium,3485,0.3225,0.0,0.44387,q2fy23pr.htm,
1047862,CONSOLIDATED EDISON INC,utilities,extension,0001047862-21-000028,8-K,2021-01-21,EX99_PRESS_RELEASE,FLAGGED,earnings_population_gate,earnings_population_gate,whole_document,medium,897,0.922,0.0,0.45023,pressrelease-exhibit99.htm,
1047862,CONSOLIDATED EDISON INC,utilities,extension,0001047862-21-000051,8-K,2021-02-18,EX99_PRESS_RELEASE,FLAGGED,earnings_population_gate,earnings_population_gate,whole_document,medium,3422,0.5745,0.0,0.50138,ed-20201231xexx991.htm,
1051470,CROWN CASTLE INC.,materials_realestate,extension,0001051470-21-000122,8-K,2021-04-21,EX99_PRESS_RELEASE,FLAGGED,earnings_population_gate,earnings_population_gate,whole_document,medium,9511,0.4207,0.0,0.4666,q12021earningsrelease.htm,
1051470,CROWN CASTLE INC.,materials_realestate,extension,0001051470-21-000125,8-K,2021-04-26,8K_BODY,FLAGGED,earnings_population_gate,earnings_population_gate,item202_slice,medium,511,0.8787,0.0,0.57675,cci-20210426.htm,
1051470,CROWN CASTLE INC.,materials_realestate,extension,0001051470-26-000003,8-K,2026-01-12,EX99_PRESS_RELEASE,FLAGGED,earnings_population_gate,earnings_population_gate,whole_document,medium,519,0.7938,0.0,0.3631,exhibit991-pressreleasedat.htm,
1051470,CROWN CASTLE INC.,materials_realestate,extension,0001051470-26-000008,8-K,2026-02-04,EX99_PRESS_RELEASE,FLAGGED,earnings_population_gate,earnings_population_gate,whole_document,medium,9639,0.3816,0.0,0.46457,q42025earningsrelease.htm,
1051470,CROWN CASTLE INC.,materials_realestate,extension,0001051470-26-000046,8-K,2026-04-22,EX99_PRESS_RELEASE,FLAGGED,earnings_population_gate,earnings_population_gate,whole_document,medium,8996,0.3736,0.0,0.46425,q12026earningsrelease.htm,
1051470,CROWN CASTLE INC.,materials_realestate,extension,0001051470-26-000052,8-K,2026-05-01,EX99_PRESS_RELEASE,FLAGGED,earnings_population_gate,earnings_population_gate,whole_document,medium,5719,0.4593,0.0,0.45713,may2026release.htm,
1058290,COGNIZANT TECHNOLOGY SOLUTIONS CORP,tech,core,0001058290-20-000020,8-K,2020-04-09,EX99_PRESS_RELEASE,FLAGGED,earnings_population_gate,earnings_population_gate,whole_document,medium,2004,0.7685,0.0,0.4683,exhibit991492020.htm,
1058290,COGNIZANT TECHNOLOGY SOLUTIONS CORP,tech,core,0001058290-20-000029,8-K,2020-05-07,EX99_PRESS_RELEASE,FLAGGED,earnings_population_gate,earnings_population_gate,whole_document,medium,3810,0.5328,0.0,0.48358,exhibit9913312020.htm,
1058290,COGNIZANT TECHNOLOGY SOLUTIONS CORP,tech,core,0001058290-23-000008,8-K,2023-01-12,EX99_PRESS_RELEASE,FLAGGED,earnings_population_gate,earnings_population_gate,whole_document,medium,2401,0.8684,0.0,0.42245,exhibit9911923.htm,
1058290,COGNIZANT TECHNOLOGY SOLUTIONS CORP,tech,core,0001058290-23-000019,8-K,2023-02-02,EX99_PRESS_RELEASE,FLAGGED,earnings_population_gate,earnings_population_gate,whole_document,medium,4306,0.5386,0.0,0.49292,exhibit99112312022.htm,
1065088,EBAY INC,financials,core,0001065088-24-000033,8-K,2024-02-27,EX99_PRESS_RELEASE,FLAGGED,earnings_population_gate,earnings_population_gate,whole_document,medium,5858,0.4684,0.0,0.49538,exhibit991erebayq42023.htm,
1065280,NETFLIX INC,consumer,core,0001065280-19-000001,8-K,2019-01-03,EX99_PRESS_RELEASE,FLAGGED,earnings_population_gate,earnings_population_gate,whole_document,medium,1620,0.0,0.0,0.52871,reclass8-k_ex991.htm,
1065280,NETFLIX INC,consumer,core,0001065280-19-000040,8-K,2019-01-17,EX99_PRESS_RELEASE,FLAGGED,earnings_population_gate,earnings_population_gate,whole_document,medium,4461,0.3909,0.0,0.4279,ex991_q418.htm,
1065280,NETFLIX INC,consumer,core,0001065280-19-000366,8-K,2019-10-16,EX99_PRESS_RELEASE,FLAGGED,earnings_population_gate,earnings_population_gate,whole_document,medium,4987,0.4885,0.0,0.41905,ex991q319.htm,
1065280,NETFLIX INC,consumer,core,0001065280-19-000441,8-K,2019-12-16,EX99_PRESS_RELEASE,FLAGGED,earnings_population_gate,earnings_population_gate,whole_document,medium,1363,0.044,0.0,0.49194,a2019regionalreporting.htm,
1075531,Booking Holdings Inc.,industrials,extension,0001075531-16-000113,8-K,2016-10-06,EX99_PRESS_RELEASE,FLAGGED,earnings_population_gate,earnings_population_gate,whole_document,medium,672,0.0,0.0,0.48429,ex991recastnon-gaap.htm,
1075531,Booking Holdings Inc.,industrials,extension,0001075531-16-000116,8-K,2016-11-07,EX99_PRESS_RELEASE,FLAGGED,earnings_population_gate,earnings_population_gate,whole_document,medium,4866,0.193,0.0,0.48302,ex99193016.htm,
1099219,METLIFE INC,financials,core,0001099219-19-000004,8-K,2019-02-06,EX99_PRESS_RELEASE,FLAGGED,earnings_population_gate,earnings_population_gate,whole_document,medium,11640,0.3468,0.0,0.43735,ex991earningsreleasetables.htm,
1099219,METLIFE INC,financials,core,0001099219-19-000023,8-K,2019-05-01,EX99_PRESS_RELEASE,FLAGGED,earnings_population_gate,earnings_population_gate,whole_document,medium,8942,0.3281,0.0,0.43124,ex991earningsreleasetables.htm,
1099219,METLIFE INC,financials,core,0001099219-19-000133,8-K,2019-07-31,EX99_PRESS_RELEASE,FLAGGED,earnings_population_gate,earnings_population_gate,whole_document,medium,9267,0.3352,0.0,0.43429,ex991earningsreleasetables.htm,
1099219,METLIFE INC,financials,core,0001099219-19-000220,8-K,2019-10-30,EX99_PRESS_RELEASE,FLAGGED,earnings_population_gate,earnings_population_gate,whole_document,medium,9577,0.3197,0.0,0.43362,ex991earningsreleaseta.htm,
1099219,METLIFE INC,financials,core,0001099219-19-000237,8-K,2019-12-17,EX99_PRESS_RELEASE,FLAGGED,earnings_population_gate,earnings_population_gate,whole_document,medium,1358,1.0,0.0,0.34221,a9913q19mimtotalinvestme.htm,
1099219,METLIFE INC,financials,core,0001099219-20-000050,8-K,2020-02-05,EX99_PRESS_RELEASE,FLAGGED,earnings_population_gate,earnings_population_gate,whole_document,medium,11434,0.3054,0.0,0.4484,ex991earningsreleaseta.htm,
1099219,METLIFE INC,financials,core,0001099219-20-000058,8-K,2020-02-14,EX99_PRESS_RELEASE,FLAGGED,earnings_population_gate,earnings_population_gate,whole_document,medium,716,1.0,0.0,0.34738,a9914q19totalaum02142020.htm,
1099219,METLIFE INC,financials,core,0001099219-20-000200,8-K,2020-05-06,EX99_PRESS_RELEASE,FLAGGED,earnings_population_gate,earnings_population_gate,whole_document,medium,10272,0.3383,0.0,0.43358,ex991earningsreleaseta.htm,
1099219,METLIFE INC,financials,core,0001099219-20-000206,8-K,2020-05-11,EX99_PRESS_RELEASE,FLAGGED,earnings_population_gate,earnings_population_gate,whole_document,medium,722,1.0,0.0,0.34577,q12020totalaum05112020.htm,
1099219,METLIFE INC,financials,core,0001099219-20-000285,8-K,2020-08-05,EX99_PRESS_RELEASE,FLAGGED,earnings_population_gate,earnings_population_gate,whole_document,medium,10056,0.3441,0.0,0.43442,ex991earningsreleaseta.htm,
1099219,METLIFE INC,financials,core,0001099219-20-000289,8-K,2020-08-11,EX99_PRESS_RELEASE,FLAGGED,earnings_population_gate,earnings_population_gate,whole_document,medium,722,1.0,0.0,0.34577,q22020totalaumfinalld080.htm,
1099219,METLIFE INC,financials,core,0001099219-20-000355,8-K,2020-11-04,EX99_PRESS_RELEASE,FLAGGED,earnings_population_gate,earnings_population_gate,whole_document,medium,9846,0.3402,0.0,0.42973,ex991earningsreleaseta.htm,
1099219,METLIFE INC,financials,core,0001099219-20-000362,8-K,2020-11-09,EX99_PRESS_RELEASE,FLAGGED,earnings_population_gate,earnings_population_gate,whole_document,medium,726,1.0,0.0,0.34665,q32020totalaum11052020.htm,
1099219,METLIFE INC,financials,core,0001099219-21-000036,8-K,2021-02-03,EX99_PRESS_RELEASE,FLAGGED,earnings_population_gate,earnings_population_gate,whole_document,medium,11197,0.2714,0.0,0.43283,ex991earningsreleasetables.htm,
1099219,METLIFE INC,financials,core,0001099219-21-000041,8-K,2021-02-09,EX99_PRESS_RELEASE,FLAGGED,earnings_population_gate,earnings_population_gate,whole_document,medium,724,1.0,0.0,0.34764,q42020totalaum02032021.htm,
1099219,METLIFE INC,financials,core,0001099219-21-000173,8-K,2021-05-05,EX99_PRESS_RELEASE,FLAGGED,earnings_population_gate,earnings_population_gate,whole_document,medium,9687,0.3296,0.0,0.42771,ex991earningsreleasetables.htm,
1099219,METLIFE INC,financials,core,0001099219-21-000183,8-K,2021-05-14,EX99_PRESS_RELEASE,FLAGGED,earnings_population_gate,earnings_population_gate,whole_document,medium,676,1.0,0.0,0.35222,q12021totalaumpc05122021.htm,
1099219,METLIFE INC,financials,core,0001099219-21-000268,8-K,2021-08-04,EX99_PRESS_RELEASE,FLAGGED,earnings_population_gate,earnings_population_gate,whole_document,medium,9586,0.3331,0.0,0.42854,ex991earningsreleasetables.htm,
1099219,METLIFE INC,financials,core,0001099219-21-000274,8-K,2021-08-09,EX99_PRESS_RELEASE,FLAGGED,earnings_population_gate,earnings_population_gate,whole_document,medium,675,1.0,0.0,0.35276,q22021totalaumwithgp0805.htm,
1099219,METLIFE INC,financials,core,0001099219-21-000330,8-K,2021-11-03,EX99_PRESS_RELEASE,FLAGGED,earnings_population_gate,earnings_population_gate,whole_document,medium,9688,0.2988,0.0,0.42256,ex991earningsreleasetables.htm,
1099219,METLIFE INC,financials,core,0001099219-21-000338,8-K,2021-11-09,EX99_PRESS_RELEASE,FLAGGED,earnings_population_gate,earnings_population_gate,whole_document,medium,675,1.0,0.0,0.35276,q32021totalaumwithgp1104.htm,
1099219,METLIFE INC,financials,core,0001099219-22-000003,8-K,2022-02-02,EX99_PRESS_RELEASE,FLAGGED,earnings_population_gate,earnings_population_gate,whole_document,medium,11487,0.299,0.0,0.44068,ex991earningsreleasetables.htm,
1099219,METLIFE INC,financials,core,0001099219-22-000006,8-K,2022-02-08,EX99_PRESS_RELEASE,FLAGGED,earnings_population_gate,earnings_population_gate,whole_document,medium,675,1.0,0.0,0.35276,q42021totalaumwithgp0204.htm,
1099219,METLIFE INC,financials,core,0001099219-22-000106,8-K,2022-05-04,EX99_PRESS_RELEASE,FLAGGED,earnings_population_gate,earnings_population_gate,whole_document,medium,9346,0.3132,0.0,0.42602,ex991earningsreleasetables.htm,
1099219,METLIFE INC,financials,core,0001099219-22-000110,8-K,2022-05-09,EX99_PRESS_RELEASE,FLAGGED,earnings_population_gate,earnings_population_gate,whole_document,medium,675,1.0,0.0,0.35276,q12022totalaum05062022.htm,
1099219,METLIFE INC,financials,core,0001099219-22-000112,8-K,2022-08-03,EX99_PRESS_RELEASE,FLAGGED,earnings_population_gate,earnings_population_gate,whole_document,medium,9575,0.3151,0.0,0.4279,ex991earningsreleasetables.htm,
1099219,METLIFE INC,financials,core,0001099219-22-000118,8-K,2022-08-08,EX99_PRESS_RELEASE,FLAGGED,earnings_population_gate,earnings_population_gate,whole_document,medium,679,1.0,0.0,0.35061,q22022totalaum08032022.htm,
1099219,METLIFE INC,financials,core,0001099219-22-000172,8-K,2022-11-02,EX99_PRESS_RELEASE,FLAGGED,earnings_population_gate,earnings_population_gate,whole_document,medium,9863,0.3312,0.0,0.42453,ex991earningsreleasetables.htm,
1099219,METLIFE INC,financials,core,0001099219-22-000176,8-K,2022-11-07,EX99_PRESS_RELEASE,FLAGGED,earnings_population_gate,earnings_population_gate,whole_document,medium,679,1.0,0.0,0.35061,q32022totalaum11032022.htm,
1099219,METLIFE INC,financials,core,0001099219-23-000039,8-K,2023-02-01,EX99_PRESS_RELEASE,FLAGGED,earnings_population_gate,earnings_population_gate,whole_document,medium,11112,0.3113,0.0,0.434,ex991earningsreleasetables.htm,
1099219,METLIFE INC,financials,core,0001099219-23-000041,8-K,2023-02-07,EX99_PRESS_RELEASE,FAIL,empty_after_extraction,empty_after_extraction,none,low,0,0.0,,,q42022totalaum1312022.htm,0 chars of extractable text
1137789,Seagate Technology Holdings plc,tech,core,0001104659-15-050755,8-K,2015-07-13,EX99_PRESS_RELEASE,FLAGGED,earnings_population_gate,earnings_population_gate,whole_document,medium,1070,0.6963,0.0,0.48188,a15-15566_1ex99d1.htm,
51143,INTERNATIONAL BUSINESS MACHINES CORP,tech,core,0001104659-15-051905,8-K,2015-07-20,8K_BODY,FLAGGED,earnings_population_gate,earnings_population_gate,item202_slice,medium,9618,0.6619,0.0,0.47052,a15-15649_28k.htm,
51143,INTERNATIONAL BUSINESS MACHINES CORP,tech,core,0001104659-15-052063,8-K,2015-07-21,8K_BODY,FLAGGED,earnings_population_gate,earnings_population_gate,item202_slice,medium,4938,0.8475,0.0,0.49109,a15-15649_18k.htm,
1137789,Seagate Technology Holdings plc,tech,core,0001104659-15-055040,8-K,2015-07-31,EX99_PRESS_RELEASE,FLAGGED,earnings_population_gate,earnings_population_gate,whole_document,medium,2856,0.6096,0.0,0.51789,a15-16497_2ex99d1.htm,
30554,"EIDP, Inc.",materials_realestate,extension,0001104659-15-069137,8-K,2015-10-05,EX99_PRESS_RELEASE,FLAGGED,earnings_population_gate,earnings_population_gate,whole_document,medium,1789,0.8211,0.0,0.43588,a15-20772_1ex99d1.htm,
1137789,Seagate Technology Holdings plc,tech,core,0001104659-15-070776,8-K,2015-10-15,EX99_PRESS_RELEASE,FLAGGED,earnings_population_gate,earnings_population_gate,whole_document,medium,1305,0.8506,0.0,0.48817,a15-21194_1ex99d1.htm,
51143,INTERNATIONAL BUSINESS MACHINES CORP,tech,core,0001104659-15-071368,8-K,2015-10-19,8K_BODY,FLAGGED,earnings_population_gate,earnings_population_gate,item202_slice,medium,9291,0.6688,0.0,0.46953,a15-21080_18k.htm,
51143,INTERNATIONAL BUSINESS MACHINES CORP,tech,core,0001104659-15-071586,8-K,2015-10-20,8K_BODY,FLAGGED,earnings_population_gate,earnings_population_gate,item202_slice,medium,5607,0.8259,0.0,0.47989,a15-21080_28k.htm,
1137789,Seagate Technology Holdings plc,tech,core,0001104659-15-074350,8-K,2015-10-30,EX99_PRESS_RELEASE,FLAGGED,earnings_population_gate,earnings_population_gate,whole_document,medium,2181,0.5461,0.0,0.5111,a15-22059_1ex99d1.htm,
31462,ECOLAB INC.,consumer,core,0001104659-16-088135,8-K,2016-01-05,EX99_PRESS_RELEASE,FLAGGED,earnings_population_gate,earnings_population_gate,whole_document,medium,1229,0.8389,0.0,0.4481,a15-25708_1ex99d1.htm,
816284,CELGENE CORP /DE/,healthcare,core,0001104659-16-089061,8-K,2016-01-11,EX99_PRESS_RELEASE,FLAGGED,earnings_population_gate,earnings_population_gate,whole_document,medium,2628,0.403,0.0,0.41354,a16-1638_1ex99d1.htm,
872589,"REGENERON PHARMACEUTICALS, INC.",healthcare,core,0001104659-16-089230,8-K,2016-01-12,EX99_PRESS_RELEASE,FLAGGED,earnings_population_gate,earnings_population_gate,whole_document,medium,3567,0.9849,0.0,0.30671,a16-1714_1ex99d1.htm,
51143,INTERNATIONAL BUSINESS MACHINES CORP,tech,core,0001104659-16-090410,8-K,2016-01-19,8K_BODY,FLAGGED,earnings_population_gate,earnings_population_gate,item202_slice,medium,10599,0.6897,0.0,0.45263,a16-1789_18k.htm,
51143,INTERNATIONAL BUSINESS MACHINES CORP,tech,core,0001104659-16-090528,8-K,2016-01-20,8K_BODY,FLAGGED,earnings_population_gate,earnings_population_gate,item202_slice,medium,5447,0.8753,0.0,0.49924,a16-1789_28k.htm,
51143,INTERNATIONAL BUSINESS MACHINES CORP,tech,core,0001104659-16-090677,8-K,2016-01-20,8K_BODY,FLAGGED,earnings_population_gate,earnings_population_gate,item202_slice,medium,614,0.8371,0.0,0.49831,a16-1789_38k.htm,
66740,3M CO,healthcare,core,0001104659-16-091334,8-K,2016-01-26,EX99_PRESS_RELEASE,FLAGGED,earnings_population_gate,earnings_population_gate,whole_document,medium,3695,0.3943,0.0,0.48511,a16-2884_1ex99d1.htm,
816284,CELGENE CORP /DE/,healthcare,core,0001104659-16-091858,8-K,2016-01-28,EX99_PRESS_RELEASE,FLAGGED,earnings_population_gate,earnings_population_gate,whole_document,medium,5214,0.4014,0.0,0.46036,a16-3061_1ex99d1.htm,
31462,ECOLAB INC.,consumer,core,0001104659-16-099071,8-K,2016-02-23,EX99_PRESS_RELEASE,FLAGGED,earnings_population_gate,earnings_population_gate,whole_document,medium,5634,0.6565,0.0,0.4982,a16-5069_1ex99d1.htm,
1645590,Hewlett Packard Enterprise Co,tech,core,0001104659-16-101503,8-K,2016-03-02,EX99_PRESS_RELEASE,FLAGGED,earnings_population_gate,earnings_population_gate,whole_document,medium,3813,0.2539,0.0,0.43853,a16-5570_1ex99d1.htm,
1645590,Hewlett Packard Enterprise Co,tech,core,0001104659-16-102254,8-K,2016-03-03,EX99_PRESS_RELEASE,FLAGGED,earnings_population_gate,earnings_population_gate,whole_document,medium,6447,0.6536,0.0,0.44602,a16-5654_1ex99d1.htm,
831001,CITIGROUP INC,financials,core,0001104659-16-110864,8-K,2016-04-12,EX99_PRESS_RELEASE,FLAGGED,earnings_population_gate,earnings_population_gate,whole_document,medium,57962,0.0667,0.0,0.44656,a16-8238_1ex99d1.htm,
1137789,Seagate Technology Holdings plc,tech,core,0001104659-16-111266,8-K,2016-04-13,EX99_PRESS_RELEASE,FLAGGED,earnings_population_gate,earnings_population_gate,whole_document,medium,1433,0.7865,0.0,0.48273,a16-8388_1ex99d1.htm,
831001,CITIGROUP INC,financials,core,0001104659-16-111627,8-K,2016-04-15,EX99_PRESS_RELEASE,FLAGGED,earnings_population_gate,earnings_population_gate,whole_document,medium,6777,0.3302,0.0,0.45992,a16-8444_1ex99d1.htm,
51143,INTERNATIONAL BUSINESS MACHINES CORP,tech,core,0001104659-16-112120,8-K,2016-04-18,8K_BODY,FLAGGED,earnings_population_gate,earnings_population_gate,item202_slice,medium,6801,0.7239,0.0,0.41111,a16-8475_18k.htm,
51143,INTERNATIONAL BUSINESS MACHINES CORP,tech,core,0001104659-16-112501,8-K,2016-04-19,8K_BODY,FLAGGED,earnings_population_gate,earnings_population_gate,item202_slice,medium,6735,0.8949,0.0,0.48326,a16-8475_28k.htm,
1137789,Seagate Technology Holdings plc,tech,core,0001104659-16-115593,8-K,2016-04-29,EX99_PRESS_RELEASE,FLAGGED,earnings_population_gate,earnings_population_gate,whole_document,medium,2427,0.5694,0.0,0.51897,a16-9885_1ex99d1.htm,
1137789,Seagate Technology Holdings plc,tech,core,0001104659-16-131996,8-K,2016-07-11,EX99_PRESS_RELEASE,FLAGGED,earnings_population_gate,earnings_population_gate,whole_document,medium,1492,0.7768,0.0,0.47467,a16-14729_1ex99d1.htm,
1137789,Seagate Technology Holdings plc,tech,core,0001104659-16-135908,8-K,2016-08-02,EX99_PRESS_RELEASE,FLAGGED,earnings_population_gate,earnings_population_gate,whole_document,medium,2506,0.5555,0.0,0.52232,a16-15790_1ex99d1.htm,
872589,"REGENERON PHARMACEUTICALS, INC.",healthcare,core,0001104659-17-001558,8-K,2017-01-09,EX99_PRESS_RELEASE,FLAGGED,earnings_population_gate,earnings_population_gate,whole_document,medium,3654,0.9721,0.0,0.31179,a17-1670_1ex99d1.htm,
66740,3M CO,healthcare,core,0001104659-17-003686,8-K,2017-01-24,EX99_PRESS_RELEASE,FLAGGED,earnings_population_gate,earnings_population_gate,whole_document,medium,3901,0.384,0.0,0.48258,a17-3065_1ex99.htm,
1800,ABBOTT LABORATORIES,healthcare,core,0001104659-17-003742,8-K,2017-01-24,EX99_PRESS_RELEASE,FLAGGED,below_length_floor,earnings_population_gate|below_length_floor,whole_document,medium,234,0.4274,0.0,0.33951,a17-2745_1ex99d1.htm,
1800,ABBOTT LABORATORIES,healthcare,core,0001104659-17-003920,8-K,2017-01-25,EX99_PRESS_RELEASE,FLAGGED,earnings_population_gate,earnings_population_gate,whole_document,medium,4775,0.3485,0.0,0.45776,a17-3070_1ex99d1.htm,
1800,ABBOTT LABORATORIES,healthcare,core,0001104659-17-003925,8-K,2017-01-25,EX99_PRESS_RELEASE,FLAGGED,below_length_floor,earnings_population_gate|below_length_floor,whole_document,medium,245,0.4041,0.0,0.34783,a17-2745_2ex99d1.htm,
816284,CELGENE CORP /DE/,healthcare,core,0001104659-17-004128,8-K,2017-01-26,EX99_PRESS_RELEASE,FLAGGED,earnings_population_gate,earnings_population_gate,whole_document,medium,6215,0.511,0.0,0.46534,a17-3242_1ex99d1.htm,
797468,OCCIDENTAL PETROLEUM CORP /DE/,energy,core,0001104659-17-006665,8-K,2017-02-06,EX99_PRESS_RELEASE,FLAGGED,earnings_population_gate,earnings_population_gate,whole_document,medium,2690,0.3052,0.0,0.36897,a17-3056_2ex99d1.htm,
797468,OCCIDENTAL PETROLEUM CORP /DE/,energy,core,0001104659-17-007592,8-K,2017-02-09,EX99_PRESS_RELEASE,FLAGGED,earnings_population_gate,earnings_population_gate,whole_document,medium,10993,0.1613,0.0,0.41847,a17-3056_1ex99d1.htm,
831001,CITIGROUP INC,financials,core,0001104659-17-022014,8-K,2017-04-06,EX99_PRESS_RELEASE,FLAGGED,earnings_population_gate,earnings_population_gate,whole_document,medium,54173,0.096,0.0,0.45895,a17-11000_1ex99d1.htm,
831001,CITIGROUP INC,financials,core,0001104659-17-023234,8-K,2017-04-13,EX99_PRESS_RELEASE,FLAGGED,earnings_population_gate,earnings_population_gate,whole_document,medium,5059,0.3216,0.0,0.4591,a17-11263_1ex99d1.htm,
1800,ABBOTT LABORATORIES,healthcare,core,0001104659-17-023826,8-K,2017-04-18,EX99_PRESS_RELEASE,FLAGGED,earnings_population_gate,earnings_population_gate,whole_document,medium,288,0.3472,0.0,0.31646,a17-11419_1ex99d1.htm,
1800,ABBOTT LABORATORIES,healthcare,core,0001104659-17-024344,8-K,2017-04-19,EX99_PRESS_RELEASE,FLAGGED,earnings_population_gate,earnings_population_gate,whole_document,medium,4084,0.4119,0.0,0.44279,a17-11463_1ex99d1.htm,
797468,OCCIDENTAL PETROLEUM CORP /DE/,energy,core,0001104659-17-065207,8-K,2017-11-01,EX99_PRESS_RELEASE,FLAGGED,earnings_population_gate,earnings_population_gate,whole_document,medium,9444,0.1444,0.0,0.37967,a17-24188_1ex99d1.htm,
872589,"REGENERON PHARMACEUTICALS, INC.",healthcare,core,0001104659-18-001100,8-K,2018-01-08,EX99_PRESS_RELEASE,FLAGGED,earnings_population_gate,earnings_population_gate,whole_document,medium,4265,0.9491,0.0,0.29957,a18-2403_1ex99d1.htm,
816284,CELGENE CORP /DE/,healthcare,core,0001104659-18-001157,8-K,2018-01-08,EX99_PRESS_RELEASE,FLAGGED,earnings_population_gate,earnings_population_gate,whole_document,medium,3786,0.5631,0.0,0.44875,a18-2404_1ex99d1.htm,
1163165,CONOCOPHILLIPS,energy,core,0001104659-18-001245,8-K,2018-01-08,8K_BODY,FLAGGED,earnings_item202_block_thin,earnings_population_gate|earnings_item202_block_thin,item202_slice,medium,685,0.8745,0.0,0.47598,a18-2394_18k.htm,
66740,3M CO,healthcare,core,0001104659-18-003876,8-K,2018-01-25,EX99_PRESS_RELEASE,FLAGGED,earnings_population_gate,earnings_population_gate,whole_document,medium,4888,0.4532,0.0,0.48161,a18-3781_1ex99d1.htm,
816284,CELGENE CORP /DE/,healthcare,core,0001104659-18-003877,8-K,2018-01-25,EX99_PRESS_RELEASE,FLAGGED,earnings_population_gate,earnings_population_gate,whole_document,medium,6200,0.4881,0.0,0.47394,a18-3800_1ex99d1.htm,
831001,CITIGROUP INC,financials,core,0001104659-18-022998,8-K,2018-04-09,EX99_PRESS_RELEASE,FLAGGED,earnings_population_gate,earnings_population_gate,whole_document,medium,43971,0.0421,0.0,0.4284,a18-9779_1ex99d1.htm,
831001,CITIGROUP INC,financials,core,0001104659-18-023840,8-K,2018-04-13,EX99_PRESS_RELEASE,FLAGGED,earnings_population_gate,earnings_population_gate,whole_document,medium,4842,0.2939,0.0,0.45771,a18-9986_1ex99d1.htm,
872589,"REGENERON PHARMACEUTICALS, INC.",healthcare,core,0001104659-19-000977,8-K,2019-01-07,EX99_PRESS_RELEASE,FLAGGED,earnings_population_gate,earnings_population_gate,whole_document,medium,2473,0.7707,0.0,0.39672,a19-1325_1ex99d1.htm,
816284,CELGENE CORP /DE/,healthcare,core,0001104659-19-000985,8-K,2019-01-07,EX99_PRESS_RELEASE,FLAGGED,earnings_population_gate,earnings_population_gate,whole_document,medium,3137,0.5971,0.0,0.42765,a19-1334_1ex99d1.htm,
33213,EQT Corp,energy,core,0001104659-19-002596,8-K,2019-01-22,EX99_PRESS_RELEASE,FLAGGED,earnings_population_gate,earnings_population_gate,whole_document,medium,2605,0.7086,0.0,0.42839,a19-1335_2ex99d1.htm,
1166691,COMCAST CORP,consumer,core,0001104659-19-002843,8-K,2019-01-23,EX99_PRESS_RELEASE,FLAGGED,earnings_population_gate,earnings_population_gate,whole_document,medium,7687,0.5058,0.0,0.51477,a19-3249_1ex99d1.htm,
66740,3M CO,healthcare,core,0001104659-19-003838,8-K,2019-01-29,EX99_PRESS_RELEASE,FLAGGED,earnings_population_gate,earnings_population_gate,whole_document,medium,5407,0.4537,0.0,0.49088,a19-3621_1ex99d1.htm,
816284,CELGENE CORP /DE/,healthcare,core,0001104659-19-004612,8-K,2019-01-31,EX99_PRESS_RELEASE,FLAGGED,earnings_population_gate,earnings_population_gate,whole_document,medium,5750,0.4456,0.0,0.48095,a19-3717_1ex99d1.htm,
1166691,COMCAST CORP,consumer,core,0001104659-19-005315,8-K,2019-02-04,EX99_PRESS_RELEASE,FLAGGED,earnings_population_gate,earnings_population_gate,whole_document,medium,1375,0.5993,0.0,0.54757,a19-3914_1ex99d1.htm,
66740,3M CO,healthcare,core,0001104659-19-023560,8-K,2019-04-25,EX99_PRESS_RELEASE,FLAGGED,earnings_population_gate,earnings_population_gate,whole_document,medium,4569,0.4717,0.0,0.47777,a19-8856_1ex99d1.htm,
66740,3M CO,healthcare,core,0001104659-19-041709,8-K,2019-07-25,EX99_PRESS_RELEASE,FLAGGED,earnings_supplemental_diluted,earnings_supplemental_diluted,whole_document,medium,5101,0.4244,0.0,0.47522,a19-13288_1ex99.htm,
66740,3M CO,healthcare,core,0001104659-19-055973,8-K,2019-10-24,EX99_PRESS_RELEASE,FLAGGED,earnings_supplemental_diluted,earnings_supplemental_diluted,whole_document,medium,4871,0.0501,0.0,0.46547,tm19208561_ex99.htm,
4281,Howmet Aerospace Inc.,materials_realestate,extension,0001104659-19-057340,8-K,2019-10-29,EX99_PRESS_RELEASE,FLAGGED,earnings_population_gate,earnings_population_gate,whole_document,medium,568,0.0,0.0,0.43424,tm1921388d1_ex99-1.htm,
797468,OCCIDENTAL PETROLEUM CORP /DE/,energy,core,0001104659-19-059568,8-K,2019-11-04,EX99_PRESS_RELEASE,FLAGGED,earnings_population_gate,earnings_population_gate,whole_document,medium,9643,0.0,0.0,0.39026,tm1921336d1_ex99-1.htm,
1578845,Allergan plc,healthcare,core,0001104659-19-059814,8-K,2019-11-05,EX99_PRESS_RELEASE,FLAGGED,earnings_population_gate,earnings_population_gate,whole_document,medium,11104,0.1698,0.0,0.47622,tm1921828d1_ex99-1.htm,
33213,EQT Corp,energy,core,0001104659-20-003265,8-K,2020-01-13,EX99_PRESS_RELEASE,FLAGGED,earnings_population_gate,earnings_population_gate,whole_document,medium,2180,0.0,0.0,0.45214,tm201905d1_ex99-1.htm,
896159,Chubb Ltd,financials,core,0001104659-20-003943,8-K,2020-01-14,EX99_PRESS_RELEASE,FLAGGED,earnings_population_gate,earnings_population_gate,whole_document,medium,605,0.0,0.0,0.43248,tv536416_ex99-1.htm,
797468,OCCIDENTAL PETROLEUM CORP /DE/,energy,core,0001104659-20-026174,8-K,2020-02-27,EX99_PRESS_RELEASE,FLAGGED,earnings_population_gate,earnings_population_gate,whole_document,medium,10279,0.0,0.0,0.38436,tm209691d1_ex99-1.htm,
1489393,LyondellBasell Industries N.V.,materials_realestate,extension,0001104659-20-046638,8-K,2020-04-15,EX99_PRESS_RELEASE,FLAGGED,earnings_population_gate,earnings_population_gate,whole_document,medium,1613,0.0,0.0,0.49259,tm2015791d1_ex99-1.htm,
33213,EQT Corp,energy,core,0001104659-20-049972,8-K,2020-04-23,EX99_PRESS_RELEASE,FLAGGED,earnings_population_gate,earnings_population_gate,whole_document,medium,2182,0.0,0.0,0.4476,tm2016702d1_ex99-1.htm,
1318220,"Waste Connections, Inc.",utilities,extension,0001104659-20-082270,8-K,2020-07-09,EX99_PRESS_RELEASE,FLAGGED,earnings_population_gate,earnings_population_gate,whole_document,medium,1443,0.0,0.0,0.44597,tm2024440d1_ex99-1.htm,
86312,"TRAVELERS COMPANIES, INC.",financials,core,0001104659-20-083230,8-K,2020-07-14,EX99_PRESS_RELEASE,FLAGGED,earnings_population_gate,earnings_population_gate,whole_document,medium,1332,0.0,0.0,0.52863,tm2024683d1_ex99-1.htm,
66740,3M CO,healthcare,core,0001104659-20-087014,8-K,2020-07-28,EX99_PRESS_RELEASE,FLAGGED,earnings_supplemental_diluted,earnings_supplemental_diluted,whole_document,medium,6442,0.0,0.0,0.45835,tm2025851d1_ex99-1.htm,
1551152,AbbVie Inc.,healthcare,core,0001104659-20-087827,8-K,2020-07-29,EX99_PRESS_RELEASE,FLAGGED,earnings_population_gate,earnings_population_gate,whole_document,medium,1514,0.0,0.0,0.31034,tm2025879d1_ex99-1.htm,
51143,INTERNATIONAL BUSINESS MACHINES CORP,tech,core,0001104659-20-113260,8-K,2020-10-08,EX99_PRESS_RELEASE,FLAGGED,earnings_population_gate,earnings_population_gate,whole_document,medium,1838,0.0,0.0,0.43612,tm2032661d1_ex99-1.htm,
831001,CITIGROUP INC,financials,core,0001104659-20-114299,8-K,2020-10-13,EX99_PRESS_RELEASE,FLAGGED,earnings_population_gate,earnings_population_gate,whole_document,medium,4708,0.3649,0.0,0.45665,c-20201013xex99d1.htm,
831001,CITIGROUP INC,financials,core,0001104659-20-115678,8-K,2020-10-16,EX99_PRESS_RELEASE,FLAGGED,earnings_population_gate,earnings_population_gate,whole_document,medium,7437,0.998,0.00036,0.33545,c-20201015xex99d1.htm,
5272,"AMERICAN INTERNATIONAL GROUP, INC.",financials,core,0001104659-20-118179,8-K,2020-10-26,EX99_PRESS_RELEASE,FLAGGED,earnings_population_gate,earnings_population_gate,whole_document,medium,1004,0.0,0.0,0.41582,tm2034245d1_ex99-1.htm,
66740,3M CO,healthcare,core,0001104659-20-118371,8-K,2020-10-27,EX99_PRESS_RELEASE,FLAGGED,earnings_supplemental_diluted,earnings_supplemental_diluted,whole_document,medium,6216,0.0,0.0,0.47167,tm2034314d1_ex99-1.htm,
5272,"AMERICAN INTERNATIONAL GROUP, INC.",financials,core,0001104659-20-121833,8-K,2020-11-05,EX99_PRESS_RELEASE,FLAGGED,earnings_population_gate,earnings_population_gate,whole_document,medium,10319,0.0075,0.0,0.44421,tm2035086d1_ex99-1.htm,
872589,"REGENERON PHARMACEUTICALS, INC.",healthcare,core,0001104659-21-002614,8-K,2021-01-11,EX99_PRESS_RELEASE,FLAGGED,earnings_population_gate,earnings_population_gate,whole_document,medium,5035,0.7503,0.0,0.25187,tm211603d2_ex99-1.htm,
726728,REALTY INCOME CORP,materials_realestate,extension,0001104659-21-002975,8-K,2021-01-11,8K_BODY,FLAGGED,earnings_item202_block_thin,earnings_population_gate|earnings_item202_block_thin,item202_slice,medium,1526,0.0,0.0,0.49567,tm212119d2_8k.htm,
66740,3M CO,healthcare,core,0001104659-21-007403,8-K,2021-01-26,EX99_PRESS_RELEASE,FLAGGED,earnings_population_gate,earnings_population_gate|earnings_supplemental_diluted,whole_document,medium,7402,0.0,0.0,0.46567,tm214183d1_ex99-1.htm,
66740,3M CO,healthcare,core,0001104659-21-055169,8-K,2021-04-27,EX99_PRESS_RELEASE,FLAGGED,earnings_supplemental_diluted,earnings_supplemental_diluted,whole_document,medium,5253,0.0,0.0,0.46961,tm2114233d1_ex99-1.htm,
66740,3M CO,healthcare,core,0001104659-21-096084,8-K,2021-07-27,EX99_PRESS_RELEASE,FLAGGED,earnings_supplemental_diluted,earnings_supplemental_diluted,whole_document,medium,5872,0.0,0.0,0.47024,tm2123306d1_ex99-1.htm,
872589,"REGENERON PHARMACEUTICALS, INC.",healthcare,core,0001104659-22-002403,8-K,2022-01-10,EX99_PRESS_RELEASE,FLAGGED,earnings_population_gate,earnings_population_gate,whole_document,medium,4960,0.9794,0.0,0.24413,tm222431d1_ex99-1.htm,
882095,"GILEAD SCIENCES, INC.",healthcare,core,0001104659-22-010300,8-K,2022-02-01,8K_BODY,FLAGGED,below_length_floor,earnings_population_gate|below_length_floor,item202_slice,medium,495,0.0,0.0,0.46022,tm224824d1_8k.htm,
310158,"Merck & Co., Inc.",healthcare,core,0001104659-22-047977,8-K,2022-04-21,EX99_PRESS_RELEASE,FLAGGED,earnings_population_gate,earnings_population_gate,whole_document,medium,2414,0.0,0.0,0.47993,tm2212593d1_ex99-1.htm,
1551152,AbbVie Inc.,healthcare,core,0001104659-22-048450,8-K,2022-04-21,EX99_PRESS_RELEASE,FLAGGED,earnings_population_gate,earnings_population_gate,whole_document,medium,1285,0.0,0.0,0.38574,tm2213254d1_ex99-1.htm,
310158,"Merck & Co., Inc.",healthcare,core,0001104659-22-051588,8-K,2022-04-28,EX99_PRESS_RELEASE,FLAGGED,earnings_population_gate,earnings_population_gate,whole_document,medium,6132,0.0,0.0,0.45542,tm2213615d1_ex99-1.htm,
33213,EQT Corp,energy,core,0001104659-22-078814,8-K,2022-07-11,8K_BODY,FLAGGED,below_length_floor,earnings_population_gate|below_length_floor,item202_slice,medium,278,0.0,0.0,0.53086,tm2220702d2_8k.htm,
33213,EQT Corp,energy,core,0001104659-22-107727,8-K,2022-10-11,8K_BODY,FLAGGED,below_length_floor,earnings_population_gate|below_length_floor,item202_slice,medium,247,0.0,0.0,0.55204,tm2227907d1_8k.htm,
1571949,"Intercontinental Exchange, Inc.",financials,core,0001104659-22-112514,8-K,2022-10-28,8K_BODY,FLAGGED,below_length_floor,earnings_population_gate|below_length_floor,item202_slice,medium,301,0.0,0.0,0.52091,tm2229179d1_8k.htm,
1571949,"Intercontinental Exchange, Inc.",financials,core,0001104659-22-114211,8-K,2022-11-03,EX99_PRESS_RELEASE,FLAGGED,earnings_population_gate,earnings_population_gate,whole_document,medium,3764,0.0,0.0,0.51411,tm2229405d1_ex99-1.htm,
872589,"REGENERON PHARMACEUTICALS, INC.",healthcare,core,0001104659-23-002091,8-K,2023-01-09,EX99_PRESS_RELEASE,FLAGGED,earnings_population_gate,earnings_population_gate,whole_document,medium,7453,0.9851,0.0,0.25937,tm231703d1_ex99-1.htm,
86312,"TRAVELERS COMPANIES, INC.",financials,core,0001104659-23-004040,8-K,2023-01-17,EX99_PRESS_RELEASE,FLAGGED,earnings_population_gate,earnings_population_gate,whole_document,medium,1887,0.0,0.0,0.51147,tm233040d1_ex99-1.htm,
872589,"REGENERON PHARMACEUTICALS, INC.",healthcare,core,0001104659-23-043287,8-K,2023-04-10,8K_BODY,FLAGGED,earnings_population_gate,earnings_population_gate,item202_slice,medium,734,0.0,0.0,0.47245,tm2312136d1_8k.htm,
872589,"REGENERON PHARMACEUTICALS, INC.",healthcare,core,0001104659-23-107161,8-K,2023-10-05,8K_BODY,FLAGGED,earnings_population_gate,earnings_population_gate,item202_slice,medium,752,0.0,0.0,0.4698,tm2327767d1_8k.htm,
872589,"REGENERON PHARMACEUTICALS, INC.",healthcare,core,0001104659-24-002037,8-K,2024-01-08,EX99_PRESS_RELEASE,FLAGGED,earnings_population_gate,earnings_population_gate,whole_document,medium,7186,0.9859,0.0,0.25096,tm242296d1_ex99-1.htm,
72741,EVERSOURCE ENERGY,utilities,extension,0001104659-24-002248,8-K,2024-01-08,EX99_PRESS_RELEASE,FLAGGED,earnings_population_gate,earnings_population_gate,whole_document,medium,1678,0.0,0.0,0.44397,tm242419d1_ex99-1.htm,
831001,CITIGROUP INC,financials,core,0001104659-24-002981,8-K,2024-01-10,EX99_PRESS_RELEASE,FLAGGED,earnings_population_gate,earnings_population_gate,whole_document,medium,17651,0.0823,0.0,0.43048,c-20220301xex99d1.htm,
831001,CITIGROUP INC,financials,core,0001104659-24-003564,8-K,2024-01-12,EX99_PRESS_RELEASE,FLAGGED,earnings_population_gate,earnings_population_gate,whole_document,medium,7840,0.3282,0.0,0.47484,c-20240112xex99d1.htm,
33213,EQT Corp,energy,core,0001104659-24-004320,8-K,2024-01-17,EX99_PRESS_RELEASE,FLAGGED,earnings_population_gate,earnings_population_gate,whole_document,medium,2275,0.0,0.0,0.43874,tm243319d1_ex99-1.htm,
72741,EVERSOURCE ENERGY,utilities,extension,0001104659-24-006305,8-K,2024-01-24,EX99_PRESS_RELEASE,FLAGGED,earnings_population_gate,earnings_population_gate,whole_document,medium,1296,0.0,0.0,0.4,tm244047d1_ex99-1.htm,
72741,EVERSOURCE ENERGY,utilities,extension,0001104659-24-022557,8-K,2024-02-14,EX99_PRESS_RELEASE,FLAGGED,earnings_population_gate,earnings_population_gate,whole_document,medium,2534,0.0,0.0,0.48319,tm245877d1_ex99-1.htm,
872589,"REGENERON PHARMACEUTICALS, INC.",healthcare,core,0001104659-24-078172,8-K,2024-07-08,8K_BODY,FLAGGED,earnings_population_gate,earnings_population_gate,item202_slice,medium,740,0.0,0.0,0.47196,tm2418837d1_8k.htm,
72741,EVERSOURCE ENERGY,utilities,extension,0001104659-24-084368,8-K,2024-07-31,EX99_PRESS_RELEASE,FLAGGED,earnings_population_gate,earnings_population_gate,whole_document,medium,2302,0.0,0.0,0.49853,tm2420517d1_ex99-1.htm,
72741,EVERSOURCE ENERGY,utilities,extension,0001104659-24-104387,8-K,2024-09-30,EX99_PRESS_RELEASE,FLAGGED,earnings_population_gate,earnings_population_gate,whole_document,medium,1747,0.0,0.0,0.43988,tm2425236d1_ex99-1.htm,
872589,"REGENERON PHARMACEUTICALS, INC.",healthcare,core,0001104659-24-106432,8-K,2024-10-07,8K_BODY,FLAGGED,earnings_population_gate,earnings_population_gate,item202_slice,medium,734,0.0,0.0,0.47107,tm2419098d1_8k.htm,
872589,"REGENERON PHARMACEUTICALS, INC.",healthcare,core,0001104659-25-002826,8-K,2025-01-13,EX99_PRESS_RELEASE,FLAGGED,earnings_population_gate,earnings_population_gate,whole_document,medium,6045,0.0,0.0,0.36073,tm253014d1_ex99-1.htm,
1123360,GLOBAL PAYMENTS INC,financials,core,0001104659-25-035771,8-K,2025-04-17,EX99_PRESS_RELEASE,FLAGGED,earnings_population_gate,earnings_population_gate,whole_document,medium,3170,0.0,0.0,0.43576,tm2512552d1_ex99-1.htm,
1535527,"CrowdStrike Holdings, Inc.",tech,core,0001104659-25-045244,8-K,2025-05-07,EX99_PRESS_RELEASE,FLAGGED,earnings_population_gate,earnings_population_gate,whole_document,medium,613,0.0,0.0,0.42251,tm2514190d1_ex99-1.htm,
872589,"REGENERON PHARMACEUTICALS, INC.",healthcare,core,0001104659-25-096921,8-K,2025-10-06,8K_BODY,FLAGGED,earnings_population_gate,earnings_population_gate,item202_slice,medium,750,0.0,0.0,0.47131,tm2528010d1_8k.htm,
72741,EVERSOURCE ENERGY,utilities,extension,0001104659-25-098981,8-K,2025-10-14,EX99_PRESS_RELEASE,FLAGGED,earnings_population_gate,earnings_population_gate,whole_document,medium,1634,0.0,0.0,0.43203,tm2528570d1_ex99-1.htm,
72741,EVERSOURCE ENERGY,utilities,extension,0001104659-25-106306,8-K,2025-11-04,EX99_PRESS_RELEASE,FLAGGED,earnings_population_gate,earnings_population_gate,whole_document,medium,2458,0.0,0.0,0.51855,tm2530139d1_ex99-1.htm,
872589,"REGENERON PHARMACEUTICALS, INC.",healthcare,core,0001104659-26-002691,8-K,2026-01-12,EX99_PRESS_RELEASE,FLAGGED,earnings_population_gate,earnings_population_gate,whole_document,medium,4842,0.0,0.0,0.26716,tm262861d1_ex99-1.htm,
31462,ECOLAB INC.,consumer,core,0001104659-26-012358,8-K,2026-02-10,EX99_PRESS_RELEASE,FLAGGED,earnings_population_gate,earnings_population_gate,whole_document,medium,6490,0.4692,0.0,0.44203,ecl-20260210xex99d1.htm,
31462,ECOLAB INC.,consumer,core,0001104659-26-032446,8-K,2026-03-20,EX99_PRESS_RELEASE,FLAGGED,earnings_population_gate,earnings_population_gate,whole_document,medium,2144,0.0,0.0,0.41467,tm269446d1_ex99-1.htm,
31462,ECOLAB INC.,consumer,core,0001104659-26-035705,8-K,2026-03-27,EX99_PRESS_RELEASE,FLAGGED,earnings_population_gate,earnings_population_gate,whole_document,medium,733,0.4065,0.0,0.371,ecl-20260327xex99d1.htm,
872589,"REGENERON PHARMACEUTICALS, INC.",healthcare,core,0001104659-26-040661,8-K,2026-04-08,8K_BODY,FLAGGED,earnings_population_gate,earnings_population_gate,item202_slice,medium,751,0.0,0.0,0.47211,tm2611354d1_8k.htm,
72741,EVERSOURCE ENERGY,utilities,extension,0001104659-26-079426,8-K,2026-07-01,EX99_PRESS_RELEASE,FLAGGED,earnings_population_gate,earnings_population_gate,whole_document,medium,1746,0.0,0.0,0.44283,tm2619364d1_ex99-1.htm,
872589,"REGENERON PHARMACEUTICALS, INC.",healthcare,core,0001104659-26-080562,8-K,2026-07-06,8K_BODY,FLAGGED,earnings_population_gate,earnings_population_gate,item202_slice,medium,741,0.0,0.0,0.47245,tm2619682d1_8k.htm,
72741,EVERSOURCE ENERGY,utilities,extension,0001104659-26-088698,8-K,2026-07-30,EX99_PRESS_RELEASE,FLAGGED,earnings_population_gate,earnings_population_gate,whole_document,medium,2592,0.0,0.0,0.48078,tm2621633d1_ex99-1.htm,
1108524,"Salesforce, Inc.",tech,core,0001108524-18-000017,8-K,2018-04-02,EX99_PRESS_RELEASE,FLAGGED,earnings_population_gate,earnings_population_gate,whole_document,medium,2578,0.7618,0.0,0.47236,ex991-revisedguidancepress.htm,
1108524,"Salesforce, Inc.",tech,core,0001108524-18-000032,8-K,2018-05-29,EX99_PRESS_RELEASE,FLAGGED,earnings_population_gate,earnings_population_gate,whole_document,medium,7409,0.3698,0.0,0.49448,crm-q1fy19xexhibit991.htm,
1110803,"ILLUMINA, INC.",healthcare,core,0001110803-15-000133,8-K,2015-07-21,EX99_PRESS_RELEASE,FLAGGED,earnings_population_gate,earnings_population_gate,whole_document,medium,3562,0.2824,0.0,0.5019,a2q15earningsrelease.htm,
1110803,"ILLUMINA, INC.",healthcare,core,0001110803-15-000136,8-K,2015-07-22,8K_BODY,FLAGGED,below_length_floor,earnings_population_gate|below_length_floor,item202_slice,medium,372,0.4113,0.0,0.40252,a8-k_july2015.htm,
1110803,"ILLUMINA, INC.",healthcare,core,0001110803-15-000146,8-K,2015-10-05,EX99_PRESS_RELEASE,FLAGGED,earnings_population_gate,earnings_population_gate,whole_document,medium,803,0.8941,0.0,0.4409,pressrelease-5oct2015.htm,
1110803,"ILLUMINA, INC.",healthcare,core,0001110803-15-000153,8-K,2015-10-20,EX99_PRESS_RELEASE,FLAGGED,earnings_population_gate,earnings_population_gate,whole_document,medium,4001,0.2934,0.0,0.47102,a3q15earningsrelease.htm,
1110803,"ILLUMINA, INC.",healthcare,core,0001110803-16-000165,8-K,2016-01-14,EX99_PRESS_RELEASE,FLAGGED,earnings_population_gate,earnings_population_gate,whole_document,medium,9456,0.8307,0.0,0.41778,a8-k_exhibitxilmnxtranscri.htm,
1110803,"ILLUMINA, INC.",healthcare,core,0001110803-16-000170,8-K,2016-02-02,EX99_PRESS_RELEASE,FLAGGED,earnings_population_gate,earnings_population_gate,whole_document,medium,4472,0.2869,0.0,0.4689,a4q15earningsrelease.htm,
1110803,"ILLUMINA, INC.",healthcare,core,0001110803-16-000183,8-K,2016-04-18,EX99_PRESS_RELEASE,FLAGGED,earnings_population_gate,earnings_population_gate,whole_document,medium,794,0.8186,0.0,0.45,pressrelease-18apr2016.htm,
1110803,"ILLUMINA, INC.",healthcare,core,0001110803-16-000185,8-K,2016-05-03,EX99_PRESS_RELEASE,FLAGGED,earnings_population_gate,earnings_population_gate,whole_document,medium,3287,0.321,0.0,0.47398,a1q16earningsrelease.htm,
1110803,"ILLUMINA, INC.",healthcare,core,0001110803-16-000194,8-K,2016-07-26,EX99_PRESS_RELEASE,FLAGGED,earnings_population_gate,earnings_population_gate,whole_document,medium,3861,0.2919,0.0,0.48259,a2q16earningsrelease.htm,
1110803,"ILLUMINA, INC.",healthcare,core,0001110803-16-000196,8-K,2016-07-27,8K_BODY,FLAGGED,earnings_population_gate,earnings_population_gate,item202_slice,medium,536,0.681,0.0,0.51101,a8-k_july2016.htm,
1110803,"ILLUMINA, INC.",healthcare,core,0001110803-16-000207,8-K,2016-10-11,EX99_PRESS_RELEASE,FLAGGED,earnings_population_gate,earnings_population_gate,whole_document,medium,693,0.8874,0.0,0.44822,pressrelease-10oct2016.htm,
1110803,"ILLUMINA, INC.",healthcare,core,0001110803-16-000211,8-K,2016-11-01,EX99_PRESS_RELEASE,FLAGGED,earnings_population_gate,earnings_population_gate,whole_document,medium,4192,0.3027,0.0,0.48669,a3q16earningsrelease.htm,
1110803,"ILLUMINA, INC.",healthcare,core,0001110803-17-000003,8-K,2017-01-11,EX99_PRESS_RELEASE,FLAGGED,earnings_population_gate,earnings_population_gate,whole_document,medium,8006,0.8715,0.0,0.40788,ilmn-transcript.htm,
1110803,"ILLUMINA, INC.",healthcare,core,0001110803-17-000008,8-K,2017-01-31,EX99_PRESS_RELEASE,FLAGGED,earnings_population_gate,earnings_population_gate,whole_document,medium,4715,0.2865,0.0,0.48819,a4q16earningsrelease.htm,
1110803,"ILLUMINA, INC.",healthcare,core,0001110803-18-000003,8-K,2018-01-11,EX99_PRESS_RELEASE,FLAGGED,earnings_population_gate,earnings_population_gate,whole_document,medium,8524,0.9015,0.0,0.42722,ilmntranscript18.htm,
1110803,"ILLUMINA, INC.",healthcare,core,0001110803-18-000005,8-K,2018-01-30,EX99_PRESS_RELEASE,FLAGGED,earnings_population_gate,earnings_population_gate,whole_document,medium,4662,0.2559,0.0,0.48775,a4q17earningsrelease.htm,
1110803,"ILLUMINA, INC.",healthcare,core,0001110803-19-000002,8-K,2019-01-09,EX99_PRESS_RELEASE,FLAGGED,earnings_population_gate,earnings_population_gate,whole_document,medium,8211,0.855,0.0,0.41772,ilmntranscript19.htm,
1110803,"ILLUMINA, INC.",healthcare,core,0001110803-19-000006,8-K,2019-01-29,EX99_PRESS_RELEASE,FLAGGED,earnings_population_gate,earnings_population_gate,whole_document,medium,4205,0.2571,0.0,0.49684,a4q18earningsrelease.htm,
1110803,"ILLUMINA, INC.",healthcare,core,0001110803-19-000035,8-K,2019-07-11,EX99_PRESS_RELEASE,FLAGGED,earnings_population_gate,earnings_population_gate,whole_document,medium,1008,0.6756,0.0,0.47921,ex991-11july2019.htm,
1110803,"ILLUMINA, INC.",healthcare,core,0001110803-19-000037,8-K,2019-07-29,EX99_PRESS_RELEASE,FLAGGED,earnings_population_gate,earnings_population_gate,whole_document,medium,3634,0.4188,0.0,0.5076,a2q19earningsrelease.htm,
1110803,"ILLUMINA, INC.",healthcare,core,0001110803-20-000009,8-K,2020-01-16,EX99_PRESS_RELEASE,FLAGGED,earnings_population_gate,earnings_population_gate,whole_document,medium,7292,0.8771,0.0,0.42469,ilmntranscript20.htm,
1110803,"ILLUMINA, INC.",healthcare,core,0001110803-20-000011,8-K,2020-01-29,EX99_PRESS_RELEASE,FLAGGED,earnings_population_gate,earnings_population_gate,whole_document,medium,3867,0.4125,0.0,0.51427,a4q19earningsrelease.htm,
1110803,"ILLUMINA, INC.",healthcare,core,0001110803-20-000026,8-K,2020-04-14,EX99_PRESS_RELEASE,FLAGGED,earnings_population_gate,earnings_population_gate,whole_document,medium,818,0.7445,0.0,0.48995,pressreleaseapril142020.htm,
1110803,"ILLUMINA, INC.",healthcare,core,0001110803-20-000030,8-K,2020-04-30,EX99_PRESS_RELEASE,FLAGGED,earnings_population_gate,earnings_population_gate,whole_document,medium,2897,0.4294,0.0,0.50536,a1q20earningsrelease.htm,
1110803,"ILLUMINA, INC.",healthcare,core,0001110803-21-000003,8-K,2021-01-12,EX99_PRESS_RELEASE,FLAGGED,earnings_population_gate,earnings_population_gate,whole_document,medium,7853,0.1346,0.0,0.42168,exhibit991transcript2021.htm,
1110803,"ILLUMINA, INC.",healthcare,core,0001110803-21-000012,8-K,2021-02-11,EX99_PRESS_RELEASE,FLAGGED,earnings_population_gate,earnings_population_gate,whole_document,medium,4173,0.4143,0.0,0.51104,a4q20earningsrelease.htm,
1110803,"ILLUMINA, INC.",healthcare,core,0001110803-21-000022,8-K,2021-04-05,EX99_PRESS_RELEASE,FLAGGED,earnings_population_gate,earnings_population_gate,whole_document,medium,837,0.724,0.0,0.48886,pressreleaseapril52021.htm,
1110803,"ILLUMINA, INC.",healthcare,core,0001110803-21-000028,8-K,2021-04-27,EX99_PRESS_RELEASE,FLAGGED,earnings_population_gate,earnings_population_gate,whole_document,medium,3492,0.4542,0.0,0.4973,a1q21earningsrelease.htm,
1110803,"ILLUMINA, INC.",healthcare,core,0001110803-22-000003,8-K,2022-01-11,EX99_PRESS_RELEASE,FLAGGED,earnings_population_gate,earnings_population_gate,whole_document,medium,6588,1.0,0.0,0.40039,exhibit991transcript2022.htm,
1110803,"ILLUMINA, INC.",healthcare,core,0001110803-22-000007,8-K,2022-02-10,EX99_PRESS_RELEASE,FLAGGED,earnings_population_gate,earnings_population_gate,whole_document,medium,5805,0.373,0.0,0.47165,a4q21earningsrelease.htm,
1110803,"ILLUMINA, INC.",healthcare,core,0001110803-23-000003,8-K,2023-01-11,EX99_PRESS_RELEASE,FLAGGED,earnings_population_gate,earnings_population_gate,whole_document,medium,5903,0.9026,0.0,0.43642,ex991transcriptjpm2023.htm,
1110803,"ILLUMINA, INC.",healthcare,core,0001110803-23-000017,8-K,2023-02-07,EX99_PRESS_RELEASE,FLAGGED,earnings_population_gate,earnings_population_gate,whole_document,medium,7427,0.3505,0.0,0.45999,a4q22earningsrelease.htm,
1110803,"ILLUMINA, INC.",healthcare,core,0001110803-24-000002,8-K,2024-01-09,EX99_PRESS_RELEASE,FLAGGED,earnings_population_gate,earnings_population_gate,whole_document,medium,1686,0.6222,0.0,0.48997,ex991pressrelease192024.htm,
1110803,"ILLUMINA, INC.",healthcare,core,0001110803-24-000007,8-K,2024-02-08,EX99_PRESS_RELEASE,FLAGGED,earnings_population_gate,earnings_population_gate,whole_document,medium,7250,0.3501,0.0,0.44523,a4q23earningsrelease.htm,
1110803,"ILLUMINA, INC.",healthcare,core,0001110803-25-000009,8-K,2025-01-14,EX99_PRESS_RELEASE,FLAGGED,earnings_population_gate,earnings_population_gate,whole_document,medium,1903,0.6316,0.0,0.47952,ex991pressrelease1142025.htm,
1110803,"ILLUMINA, INC.",healthcare,core,0001110803-25-000014,8-K,2025-02-06,EX99_PRESS_RELEASE,FLAGGED,earnings_population_gate,earnings_population_gate,whole_document,medium,6481,0.2182,0.0,0.45935,a4q24earningsrelease.htm,
1110803,"ILLUMINA, INC.",healthcare,core,0001110803-26-000009,8-K,2026-01-13,EX99_PRESS_RELEASE,FLAGGED,earnings_population_gate,earnings_population_gate,whole_document,medium,1931,0.6572,0.0,0.47736,ex991pressrelease1132026.htm,
1110803,"ILLUMINA, INC.",healthcare,core,0001110803-26-000018,8-K,2026-02-05,EX99_PRESS_RELEASE,FLAGGED,earnings_population_gate,earnings_population_gate,whole_document,medium,5246,0.3414,0.0,0.47277,q4fy25earningsrelease.htm,
1122304,AETNA INC /PA/,healthcare,core,0001122304-16-000181,8-K,2016-01-11,EX99_PRESS_RELEASE,FLAGGED,earnings_population_gate,earnings_population_gate,whole_document,medium,3457,0.9688,0.0006,0.39897,exhibit99_1.htm,
1122304,AETNA INC /PA/,healthcare,core,0001122304-16-000184,8-K,2016-02-01,EX99_PRESS_RELEASE,FLAGGED,earnings_population_gate,earnings_population_gate,whole_document,medium,7163,0.4575,0.0,0.52583,exhibit99_1.htm,
1123360,GLOBAL PAYMENTS INC,financials,core,0001123360-15-000035,8-K,2015-10-07,EX99_PRESS_RELEASE,FLAGGED,earnings_population_gate,earnings_population_gate,whole_document,medium,4372,0.2756,0.0,0.50472,exhibit99120150831.htm,
1123360,GLOBAL PAYMENTS INC,financials,core,0001123360-20-000002,8-K,2020-01-15,EX99_PRESS_RELEASE,FLAGGED,earnings_population_gate,earnings_population_gate,whole_document,medium,2549,0.5606,0.0,0.47471,ex991.htm,
1123360,GLOBAL PAYMENTS INC,financials,core,0001123360-20-000005,8-K,2020-02-12,EX99_PRESS_RELEASE,FLAGGED,earnings_population_gate,earnings_population_gate,whole_document,medium,5881,0.4169,0.0,0.50331,ex991earningsrelease12.htm,
1123360,GLOBAL PAYMENTS INC,financials,core,0001123360-20-000011,8-K,2020-04-06,EX99_PRESS_RELEASE,FLAGGED,earnings_population_gate,earnings_population_gate,whole_document,medium,1925,0.8364,0.0,0.47943,ex991.htm,
1123360,GLOBAL PAYMENTS INC,financials,core,0001123360-20-000018,8-K,2020-05-06,EX99_PRESS_RELEASE,FLAGGED,earnings_population_gate,earnings_population_gate,whole_document,medium,4162,0.4935,0.0,0.50294,exhibit99120200331.htm,
1123360,GLOBAL PAYMENTS INC,financials,core,0001123360-25-000028,8-K,2025-05-06,EX99_PRESS_RELEASE,FLAGGED,earnings_population_gate,earnings_population_gate,whole_document,medium,5097,0.5725,0.0,0.49048,exhibit99120250331.htm,
1136893,"Fidelity National Information Services, Inc.",financials,core,0001136893-16-000065,8-K,2016-05-03,EX99_PRESS_RELEASE,FLAGGED,earnings_population_gate,earnings_population_gate,whole_document,medium,5016,0.3098,0.0,0.48635,q12016ex991.htm,
1136893,"Fidelity National Information Services, Inc.",financials,core,0001136893-16-000074,8-K,2016-05-10,EX99_PRESS_RELEASE,FLAGGED,earnings_population_gate,earnings_population_gate,whole_document,medium,12818,0.9806,7e-05,0.34339,ex991investorday2016fina.htm,
1136893,"Fidelity National Information Services, Inc.",financials,core,0001136893-18-000019,8-K,2018-05-01,EX99_PRESS_RELEASE,FLAGGED,earnings_population_gate,earnings_population_gate,whole_document,medium,4803,0.4287,0.0,0.48934,q12018ex991.htm,
1136893,"Fidelity National Information Services, Inc.",financials,core,0001136893-18-000025,8-K,2018-05-08,EX99_PRESS_RELEASE,FLAGGED,earnings_population_gate,earnings_population_gate,whole_document,medium,8369,0.9769,0.0,0.3447,a2018investordayconsolid.htm,
1136893,"Fidelity National Information Services, Inc.",financials,core,0001136893-20-000086,8-K,2020-04-13,EX99_PRESS_RELEASE,FLAGGED,earnings_population_gate,earnings_population_gate,whole_document,medium,2479,0.7471,0.0,0.47992,ex991pr-fiscoronavirus.htm,
1136893,"Fidelity National Information Services, Inc.",financials,core,0001136893-20-000105,8-K,2020-05-07,EX99_PRESS_RELEASE,FLAGGED,earnings_population_gate,earnings_population_gate,whole_document,medium,5165,0.4908,0.0,0.48119,q12020ex991.htm,
1136893,"Fidelity National Information Services, Inc.",financials,core,0001136893-22-000173,8-K,2022-10-19,EX99_PRESS_RELEASE,FLAGGED,earnings_population_gate,earnings_population_gate,whole_document,medium,947,1.0,0.0,0.39606,ceotransitionrelease_101.htm,
1136893,"Fidelity National Information Services, Inc.",financials,core,0001136893-22-000177,8-K,2022-11-03,EX99_PRESS_RELEASE,FLAGGED,earnings_population_gate,earnings_population_gate,whole_document,medium,5925,0.5112,0.0,0.50191,q32022ex991.htm,
1136893,"Fidelity National Information Services, Inc.",financials,core,0001136893-24-000060,8-K,2024-05-06,EX99_PRESS_RELEASE,FLAGGED,earnings_population_gate,earnings_population_gate,whole_document,medium,7888,0.4435,0.0,0.49707,q12024ex991.htm,
1136893,"Fidelity National Information Services, Inc.",financials,core,0001136893-25-000053,8-K,2025-05-06,EX99_PRESS_RELEASE,FLAGGED,earnings_population_gate,earnings_population_gate,whole_document,medium,7289,0.4416,0.0,0.49919,q12025ex991.htm,
1136893,"Fidelity National Information Services, Inc.",financials,core,0001136893-26-000009,8-K,2026-02-24,EX99_PRESS_RELEASE,FLAGGED,earnings_population_gate,earnings_population_gate,whole_document,medium,8583,0.4058,0.0,0.49845,q42025ex991.htm,
1137774,PRUDENTIAL FINANCIAL INC,financials,core,0001137774-25-000013,8-K,2025-01-15,EX99_PRESS_RELEASE,FLAGGED,earnings_population_gate,earnings_population_gate,whole_document,medium,18134,0.2348,0.0,0.44957,exhibit991-3q24qfsrestatem.htm,
1137774,PRUDENTIAL FINANCIAL INC,financials,core,0001137774-25-000021,8-K,2025-02-04,EX99_PRESS_RELEASE,FLAGGED,earnings_population_gate,earnings_population_gate,whole_document,medium,4757,0.5316,0.0,0.50367,exhibit991-4q24earningspre.htm,
1137774,PRUDENTIAL FINANCIAL INC,financials,core,0001137774-25-000095,8-K,2025-07-15,8K_BODY,FLAGGED,earnings_item202_block_thin,earnings_population_gate|earnings_item202_block_thin,item202_slice,medium,955,0.7539,0.0,0.51613,pru-20250715.htm,
1137774,PRUDENTIAL FINANCIAL INC,financials,core,0001137774-25-000104,8-K,2025-07-30,EX99_PRESS_RELEASE,FLAGGED,earnings_population_gate,earnings_population_gate,whole_document,medium,4672,0.5454,0.0,0.4995,exhibit991-2q25earningspre.htm,
1137774,PRUDENTIAL FINANCIAL INC,financials,core,0001137774-25-000168,8-K,2025-10-14,8K_BODY,FLAGGED,earnings_item202_block_thin,earnings_population_gate|earnings_item202_block_thin,item202_slice,medium,773,0.7749,0.0,0.52497,pru-20251014.htm,
1137774,PRUDENTIAL FINANCIAL INC,financials,core,0001137774-25-000174,8-K,2025-10-29,EX99_PRESS_RELEASE,FLAGGED,earnings_population_gate,earnings_population_gate,whole_document,medium,4465,0.5532,0.0,0.49663,exhibit991-3q25earningspre.htm,
1137774,PRUDENTIAL FINANCIAL INC,financials,core,0001137774-26-000005,8-K,2026-01-15,8K_BODY,FLAGGED,earnings_item202_block_thin,earnings_population_gate|earnings_item202_block_thin,item202_slice,medium,773,0.7749,0.0,0.52497,pru-20260115.htm,
1137774,PRUDENTIAL FINANCIAL INC,financials,core,0001137774-26-000012,8-K,2026-02-03,EX99_PRESS_RELEASE,FLAGGED,earnings_population_gate,earnings_population_gate,whole_document,medium,5059,0.576,0.0,0.49943,exhibit991-4q25earningspre.htm,
1137774,PRUDENTIAL FINANCIAL INC,financials,core,0001137774-26-000087,8-K,2026-04-14,EX99_PRESS_RELEASE,FLAGGED,earnings_population_gate,earnings_population_gate,whole_document,medium,16302,0.2475,0.0,0.4466,exhibit991-4q25qfsrestatem.htm,
1137774,PRUDENTIAL FINANCIAL INC,financials,core,0001137774-26-000093,8-K,2026-05-05,EX99_PRESS_RELEASE,FLAGGED,earnings_population_gate,earnings_population_gate,whole_document,medium,4633,0.5914,0.0,0.4859,exhibit991-1q26earningspre.htm,
1137774,PRUDENTIAL FINANCIAL INC,financials,core,0001137774-26-000157,8-K,2026-07-15,8K_BODY,FLAGGED,earnings_item202_block_thin,earnings_population_gate|earnings_item202_block_thin,item202_slice,medium,961,0.7419,0.0,0.51204,pru-20260715.htm,
1137774,PRUDENTIAL FINANCIAL INC,financials,core,0001137774-26-000170,8-K,2026-08-04,EX99_PRESS_RELEASE,FLAGGED,earnings_population_gate,earnings_population_gate,whole_document,medium,5089,0.6078,0.0,0.4881,exhibit991-2q26earningspre.htm,
1137789,Seagate Technology Holdings plc,tech,core,0001137789-18-000004,8-K,2018-01-08,EX99_PRESS_RELEASE,FLAGGED,earnings_population_gate,earnings_population_gate,whole_document,medium,1532,0.6658,0.0,0.44756,pressrelease.htm,
1137789,Seagate Technology Holdings plc,tech,core,0001137789-18-000009,8-K,2018-01-09,EX99_PRESS_RELEASE,FLAGGED,earnings_population_gate,earnings_population_gate,whole_document,medium,1529,0.6324,0.0,0.44756,pressrelease.htm,
1137789,Seagate Technology Holdings plc,tech,core,0001137789-23-000025,8-K,2023-04-20,EX99_PRESS_RELEASE,FLAGGED,earnings_population_gate,earnings_population_gate,whole_document,medium,4354,0.5161,0.0,0.48607,stxq323pressreleasefinanci.htm,
1137789,Seagate Technology Holdings plc,tech,core,0001137789-25-000148,8-K,2025-07-29,EX99_PRESS_RELEASE,FLAGGED,earnings_population_gate,earnings_population_gate,whole_document,medium,4595,0.4794,0.0,0.49676,stxq42025pressreleasefinan.htm,
1137789,Seagate Technology Holdings plc,tech,core,0001137789-25-000150,8-K,2025-07-30,EX99_PRESS_RELEASE,FLAGGED,earnings_population_gate,earnings_population_gate,whole_document,medium,2679,0.5566,0.0,0.43118,fq425consolidatedscript-8x.htm,
1404912,KKR & Co. Inc.,financials,core,0001140361-19-006520,8-K,2019-04-04,EX99_PRESS_RELEASE,FLAGGED,earnings_population_gate,earnings_population_gate,whole_document,medium,384,0.0,0.0,0.41755,ex99_1.htm,
797468,OCCIDENTAL PETROLEUM CORP /DE/,energy,core,0001140361-19-018395,8-K,2019-10-15,8K_BODY,FLAGGED,earnings_population_gate,earnings_population_gate,item202_slice,medium,1307,0.065,0.0,0.47428,form8k.htm,
797468,OCCIDENTAL PETROLEUM CORP /DE/,energy,core,0001140361-20-002770,8-K,2020-02-11,8K_BODY,FLAGGED,earnings_population_gate,earnings_population_gate,item202_slice,medium,1386,0.0592,0.0,0.49389,form8k.htm,
1404912,KKR & Co. Inc.,financials,core,0001140361-20-008805,8-K,2020-04-14,8K_BODY,FLAGGED,earnings_item202_block_thin,earnings_population_gate|earnings_item202_block_thin,item202_slice,medium,1853,0.0443,0.0,0.50586,nc10010939x1_8k.htm,
1404912,KKR & Co. Inc.,financials,core,0001140361-21-015625,8-K,2021-05-04,EX99_PRESS_RELEASE,FLAGGED,earnings_supplemental_diluted,earnings_supplemental_diluted,whole_document,medium,8299,0.1704,0.0,0.43776,brhc10023921_ex99-1.htm,
14272,BRISTOL MYERS SQUIBB CO,healthcare,core,0001140361-22-014868,8-K,2022-04-18,EX99_PRESS_RELEASE,FLAGGED,earnings_population_gate,earnings_population_gate,whole_document,medium,2177,0.0377,0.0,0.43213,brhc10036367_ex99-1.htm,
797468,OCCIDENTAL PETROLEUM CORP /DE/,energy,core,0001140361-23-000463,8-K,2023-01-04,8K_BODY,FLAGGED,earnings_item202_block_thin,earnings_item202_block_thin,item202_slice,medium,572,0.0734,0.0,0.46679,brhc10046285_8k.htm,
1539838,"Diamondback Energy, Inc.",energy,core,0001140361-24-006881,8-K,2024-02-12,EX99_PRESS_RELEASE,FLAGGED,earnings_population_gate,earnings_population_gate,whole_document,medium,19920,0.2235,0.0,0.47582,ny20021341x1_ex99-1.htm,
47217,HP INC,tech,core,0001140361-26-003514,8-K,2026-02-03,EX99_PRESS_RELEASE,FLAGGED,earnings_population_gate,earnings_population_gate,whole_document,medium,1197,0.2749,0.0,0.4176,ef20064653_ex99-1.htm,
1141391,Mastercard Inc,financials,core,0001141391-16-000194,8-K,2016-07-14,EX99_PRESS_RELEASE,FLAGGED,earnings_population_gate,earnings_population_gate,whole_document,medium,359,0.7187,0.0,0.42151,exhibit991.htm,
1141391,Mastercard Inc,financials,core,0001141391-16-000204,8-K,2016-07-28,EX99_PRESS_RELEASE,FLAGGED,earnings_population_gate,earnings_population_gate,whole_document,medium,4730,0.2055,0.0,0.47795,ma06302016-exx991xearnings.htm,
1578845,Allergan plc,healthcare,core,0001144204-16-117011,8-K,2016-08-08,EX99_PRESS_RELEASE,FLAGGED,earnings_population_gate,earnings_population_gate,whole_document,medium,9863,0.1853,0.0,0.4607,v446159_ex99-1.htm,
1578845,Allergan plc,healthcare,core,0001144204-16-130932,8-K,2016-11-02,EX99_PRESS_RELEASE,FLAGGED,earnings_population_gate,earnings_population_gate,whole_document,medium,10553,0.2296,0.0,0.46855,v451831_ex99-1.htm,
1578845,Allergan plc,healthcare,core,0001144204-18-005850,8-K,2018-02-06,EX99_PRESS_RELEASE,FLAGGED,earnings_population_gate,earnings_population_gate,whole_document,medium,13239,0.1777,0.0,0.48529,tv484870_ex99-1.htm,
5272,"AMERICAN INTERNATIONAL GROUP, INC.",financials,core,0001144204-18-054396,8-K,2018-10-18,EX99_PRESS_RELEASE,FLAGGED,earnings_population_gate,earnings_population_gate,whole_document,medium,804,0.0,0.0,0.40025,tv505024_ex99-1.htm,
5272,"AMERICAN INTERNATIONAL GROUP, INC.",financials,core,0001144204-18-056472,8-K,2018-10-31,EX99_PRESS_RELEASE,FLAGGED,earnings_population_gate,earnings_population_gate,whole_document,medium,7568,0.0,0.0,0.4527,tv505894_ex99-1.htm,
4281,Howmet Aerospace Inc.,materials_realestate,extension,0001144204-19-005356,8-K,2019-02-06,EX99_PRESS_RELEASE,FLAGGED,earnings_population_gate,earnings_population_gate,whole_document,medium,1114,0.0,0.0,0.41729,tv512627_ex99-1.htm,
1578845,Allergan plc,healthcare,core,0001144204-19-037749,8-K,2019-08-06,EX99_PRESS_RELEASE,FLAGGED,earnings_population_gate,earnings_population_gate,whole_document,medium,11027,0.1672,0.0,0.47875,tv526820_ex99-1.htm,
1156039,"Elevance Health, Inc.",healthcare,core,0001156039-24-000101,8-K,2024-07-17,EX99_PRESS_RELEASE,FLAGGED,earnings_supplemental_diluted,earnings_supplemental_diluted,whole_document,medium,4831,0.4376,0.0,0.48698,a2q2024elvearningsrelease.htm,
1156039,"Elevance Health, Inc.",healthcare,core,0001156039-24-000119,8-K,2024-10-17,EX99_PRESS_RELEASE,FLAGGED,earnings_supplemental_diluted,earnings_supplemental_diluted,whole_document,medium,4681,0.4014,0.0,0.477,a3q2024elvearningsrelease.htm,
1156039,"Elevance Health, Inc.",healthcare,core,0001156039-25-000007,8-K,2025-01-23,EX99_PRESS_RELEASE,FLAGGED,earnings_supplemental_diluted,earnings_supplemental_diluted,whole_document,medium,5519,0.4115,0.0,0.49288,a4q2024elvearningsrelease.htm,
1156039,"Elevance Health, Inc.",healthcare,core,0001156039-25-000051,8-K,2025-04-17,8K_BODY,FLAGGED,earnings_item202_block_thin,earnings_population_gate|earnings_item202_block_thin,item202_slice,medium,1053,0.9278,0.0,0.4723,elv-20250417.htm,
1156039,"Elevance Health, Inc.",healthcare,core,0001156039-25-000056,8-K,2025-04-22,EX99_PRESS_RELEASE,FLAGGED,earnings_population_gate,earnings_population_gate|earnings_supplemental_diluted,whole_document,medium,4494,0.439,0.0,0.48031,a1q2025elvearningsrelease.htm,
1156039,"Elevance Health, Inc.",healthcare,core,0001156039-25-000111,8-K,2025-07-17,EX99_PRESS_RELEASE,FLAGGED,earnings_supplemental_diluted,earnings_supplemental_diluted,whole_document,medium,4965,0.4107,0.0,0.47875,a2q2025elvearningsrelease.htm,
1156039,"Elevance Health, Inc.",healthcare,core,0001156039-26-000006,8-K,2026-01-28,EX99_PRESS_RELEASE,FLAGGED,earnings_supplemental_diluted,earnings_supplemental_diluted,whole_document,medium,5585,0.39,0.0,0.48773,a4q2025elvearningsrelease.htm,
1404912,KKR & Co. Inc.,financials,core,0001157523-15-003454,8-K,2015-10-27,EX99_PRESS_RELEASE,FLAGGED,earnings_supplemental_diluted,earnings_supplemental_diluted,whole_document,medium,10948,0.0,0.0,0.47177,a51209752ex99_1.htm,
1551182,Eaton Corp plc,industrials,extension,0001157523-15-003577,8-K,2015-10-30,EX99_PRESS_RELEASE,FLAGGED,earnings_population_gate,earnings_population_gate,whole_document,medium,2959,0.0,0.0,0.53408,a51213200ex99.htm,
849399,Gen Digital Inc.,tech,core,0001157523-16-004470,8-K,2016-02-04,EX99_PRESS_RELEASE,FLAGGED,earnings_population_gate,earnings_population_gate,whole_document,medium,5085,0.4612,0.0,0.4691,a51271790ex99_01.htm,
1373715,"ServiceNow, Inc.",tech,core,0001157523-16-005153,8-K,2016-04-20,EX99_PRESS_RELEASE,FLAGGED,earnings_population_gate,earnings_population_gate,whole_document,medium,3940,0.0,0.0,0.50703,a51324175ex99_1.htm,
849399,Gen Digital Inc.,tech,core,0001157523-16-005293,8-K,2016-04-28,EX99_PRESS_RELEASE,FLAGGED,earnings_population_gate,earnings_population_gate,whole_document,medium,853,0.7866,0.0,0.44471,a51330567ex99_01.htm,
849399,Gen Digital Inc.,tech,core,0001157523-16-005590,8-K,2016-05-12,EX99_PRESS_RELEASE,FLAGGED,earnings_population_gate,earnings_population_gate,whole_document,medium,7367,0.3924,0.0,0.4703,a51339694ex99_01.htm,
4281,Howmet Aerospace Inc.,materials_realestate,extension,0001157523-16-006851,8-K,2016-10-11,EX99_PRESS_RELEASE,FLAGGED,earnings_population_gate,earnings_population_gate,whole_document,medium,10573,0.0,0.0,0.47363,a51436203ex99_1.htm,
1551182,Eaton Corp plc,industrials,extension,0001157523-17-002887,8-K,2017-10-31,EX99_PRESS_RELEASE,FLAGGED,earnings_population_gate,earnings_population_gate,whole_document,medium,2994,0.0,0.0,0.53063,a51707835ex99.htm,
1163165,CONOCOPHILLIPS,energy,core,0001157523-18-000186,8-K,2018-02-01,EX99_PRESS_RELEASE,FLAGGED,earnings_population_gate,earnings_population_gate,whole_document,medium,3778,0.6903,0.0,0.48351,a51751291ex99_1.htm,
849399,Gen Digital Inc.,tech,core,0001157523-18-001691,8-K,2018-08-02,EX99_PRESS_RELEASE,FLAGGED,earnings_population_gate,earnings_population_gate,whole_document,medium,5948,0.5777,0.0,0.48679,a51847187ex99_01.htm,
4281,Howmet Aerospace Inc.,materials_realestate,extension,0001157523-19-000268,8-K,2019-02-08,EX99_PRESS_RELEASE,FLAGGED,earnings_population_gate,earnings_population_gate,whole_document,medium,8802,0.0,0.0,0.50301,a51937812ex99_1.htm,
1358071,CONCHO RESOURCES INC,energy,core,0001157523-19-001646,8-K,2019-07-31,EX99_PRESS_RELEASE,FLAGGED,earnings_population_gate,earnings_population_gate,whole_document,medium,5106,0.0247,0.0,0.47056,a52021945ex99_1.htm,
4281,Howmet Aerospace Inc.,materials_realestate,extension,0001157523-19-002184,8-K,2019-11-05,EX99_PRESS_RELEASE,FLAGGED,earnings_population_gate,earnings_population_gate,whole_document,medium,7848,0.0417,0.0,0.50449,a52122968ex99_1.htm,
1551182,Eaton Corp plc,industrials,extension,0001157523-20-000141,8-K,2020-02-04,EX99_PRESS_RELEASE,FLAGGED,earnings_population_gate,earnings_population_gate,whole_document,medium,4028,0.0601,0.0,0.51437,a52167789ex99.htm,
4281,Howmet Aerospace Inc.,materials_realestate,extension,0001157523-20-000509,8-K,2020-04-14,EX99_PRESS_RELEASE,FLAGGED,earnings_population_gate,earnings_population_gate,whole_document,medium,3678,0.0791,0.0,0.47508,a52203491ex99_1.htm,
4281,Howmet Aerospace Inc.,materials_realestate,extension,0001157523-20-000649,8-K,2020-05-05,EX99_PRESS_RELEASE,FLAGGED,earnings_population_gate,earnings_population_gate,whole_document,medium,6445,0.0763,0.0,0.48427,a52214500ex99_1.htm,
1161154,"Energy Transfer Operating, L.P.",energy,core,0001161154-16-000079,8-K,2016-10-31,EX99_PRESS_RELEASE,FLAGGED,earnings_population_gate,earnings_population_gate,whole_document,medium,715,0.8783,0.0,0.39039,ex991-q32016quarterlydistr.htm,
1161154,"Energy Transfer Operating, L.P.",energy,core,0001161154-16-000082,8-K,2016-11-09,EX99_PRESS_RELEASE,FLAGGED,earnings_population_gate,earnings_population_gate,whole_document,medium,3731,0.5797,0.0,0.47344,q32016pressrelease8-kexhib.htm,
1161154,"Energy Transfer Operating, L.P.",energy,core,0001161154-17-000020,8-K,2017-05-03,EX99_PRESS_RELEASE,FLAGGED,earnings_supplemental_diluted,earnings_supplemental_diluted,whole_document,medium,5248,0.2683,0.0,0.46508,etper03-31x2017ex9911.htm,
1161154,"Energy Transfer Operating, L.P.",energy,core,0001161154-17-000042,8-K,2017-08-08,EX99_PRESS_RELEASE,FLAGGED,earnings_supplemental_diluted,earnings_supplemental_diluted,whole_document,medium,5938,0.3279,0.0,0.47183,etper06-30x2017ex991.htm,
1161154,"Energy Transfer Operating, L.P.",energy,core,0001161154-17-000070,8-K,2017-11-07,EX99_PRESS_RELEASE,FLAGGED,earnings_supplemental_diluted,earnings_supplemental_diluted,whole_document,medium,5795,0.3122,0.0,0.47675,etper09-30x2017ex991.htm,
1161154,"Energy Transfer Operating, L.P.",energy,core,0001161154-18-000013,8-K,2018-02-21,EX99_PRESS_RELEASE,FLAGGED,earnings_supplemental_diluted,earnings_supplemental_diluted,whole_document,medium,6131,0.3895,0.0,0.48974,etp-12312017xex991.htm,
1161154,"Energy Transfer Operating, L.P.",energy,core,0001161154-18-000034,8-K,2018-05-09,EX99_PRESS_RELEASE,FLAGGED,earnings_supplemental_diluted,earnings_supplemental_diluted,whole_document,medium,5773,0.3127,0.0,0.48853,etper03-31x2018ex991.htm,
1161154,"Energy Transfer Operating, L.P.",energy,core,0001161154-18-000048,8-K,2018-08-08,EX99_PRESS_RELEASE,FLAGGED,earnings_supplemental_diluted,earnings_supplemental_diluted,whole_document,medium,6227,0.3079,0.0,0.48781,etper06-30x2018ex991.htm,
1099590,MERCADOLIBRE INC,financials,core,0001171843-18-007491,8-K,2018-11-02,EX99_PRESS_RELEASE,FLAGGED,earnings_population_gate,earnings_population_gate,whole_document,medium,4288,0.2577,0.0,0.49057,exh_991.htm,
1099590,MERCADOLIBRE INC,financials,core,0001171843-22-005321,8-K,2022-08-03,EX99_PRESS_RELEASE,FLAGGED,earnings_population_gate,earnings_population_gate,whole_document,medium,5917,0.6355,0.0,0.46904,exh_991.htm,
1318605,"Tesla, Inc.",consumer,core,0001193125-15-243538,8-K,2015-07-02,EX99_PRESS_RELEASE,FLAGGED,below_length_floor,earnings_population_gate|earnings_thin_document|below_length_floor,whole_document,medium,122,0.0,0.0,0.46903,d79943dex991.htm,
1103982,"Mondelez International, Inc.",consumer,core,0001193125-15-247376,8-K,2015-07-08,EX99_PRESS_RELEASE,FLAGGED,earnings_population_gate,earnings_population_gate,whole_document,medium,2641,0.1556,0.0,0.53083,d32628dex991.htm,
4281,Howmet Aerospace Inc.,materials_realestate,extension,0001193125-15-249098,8-K,2015-07-09,EX99_PRESS_RELEASE,FLAGGED,earnings_population_gate,earnings_population_gate,whole_document,medium,8877,0.029,0.0,0.47329,d29647dex99.htm,
4281,Howmet Aerospace Inc.,materials_realestate,extension,0001193125-15-251334,8-K,2015-07-13,EX99_PRESS_RELEASE,FLAGGED,earnings_population_gate,earnings_population_gate,whole_document,medium,12031,0.2566,0.0,0.41578,d41367dex991.htm,
713676,"PNC FINANCIAL SERVICES GROUP, INC.",financials,core,0001193125-15-252913,8-K,2015-07-15,EX99_PRESS_RELEASE,FLAGGED,earnings_population_gate,earnings_population_gate,whole_document,medium,10357,0.0442,0.0,0.49687,d20821dex991.htm,
1364742,"BlackRock Finance, Inc.",financials,core,0001193125-15-253067,8-K,2015-07-15,EX99_PRESS_RELEASE,FLAGGED,earnings_supplemental_diluted,earnings_supplemental_diluted,whole_document,medium,8484,0.0,0.0,0.45727,d50688dex991.htm,
713676,"PNC FINANCIAL SERVICES GROUP, INC.",financials,core,0001193125-15-253398,8-K,2015-07-15,EX99_PRESS_RELEASE,FLAGGED,earnings_population_gate,earnings_population_gate|earnings_supplemental_diluted,whole_document,medium,15179,0.0191,0.0,0.42105,d81108dex991.htm,
1156039,"Elevance Health, Inc.",healthcare,core,0001193125-15-261907,8-K,2015-07-24,EX99_PRESS_RELEASE,FLAGGED,earnings_population_gate,earnings_population_gate,whole_document,medium,3109,0.0534,0.0,0.42782,d15785dex991.htm,
1156039,"Elevance Health, Inc.",healthcare,core,0001193125-15-266931,8-K,2015-07-29,EX99_PRESS_RELEASE,FLAGGED,earnings_population_gate,earnings_population_gate,whole_document,medium,5555,0.0365,0.0,0.50435,d85101dex991.htm,
49071,HUMANA INC,healthcare,core,0001193125-15-267065,8-K,2015-07-29,EX99_PRESS_RELEASE,FLAGGED,earnings_population_gate,earnings_population_gate,whole_document,medium,7637,0.0491,0.0,0.49796,d152816dex991.htm,
1103982,"Mondelez International, Inc.",consumer,core,0001193125-15-269412,8-K,2015-07-30,EX99_PRESS_RELEASE,FLAGGED,earnings_population_gate,earnings_population_gate,whole_document,medium,10644,0.0616,0.0,0.49125,d51642dex991.htm,
1318605,"Tesla, Inc.",consumer,core,0001193125-15-278803,8-K,2015-08-05,EX99_PRESS_RELEASE,FLAGGED,earnings_population_gate,earnings_population_gate,whole_document,medium,5635,0.1354,0.0,0.46464,d91160dex991.htm,
713676,"PNC FINANCIAL SERVICES GROUP, INC.",financials,core,0001193125-15-322113,8-K,2015-09-17,EX99_PRESS_RELEASE,FLAGGED,earnings_population_gate,earnings_population_gate,whole_document,medium,4097,0.0,0.0,0.4328,d50603dex991.htm,
1318605,"Tesla, Inc.",consumer,core,0001193125-15-336526,8-K,2015-10-02,EX99_PRESS_RELEASE,FLAGGED,below_length_floor,earnings_population_gate|earnings_thin_document|below_length_floor,whole_document,medium,135,0.0,0.0,0.45238,d12944dex991.htm,
4281,Howmet Aerospace Inc.,materials_realestate,extension,0001193125-15-341364,8-K,2015-10-09,EX99_PRESS_RELEASE,FLAGGED,earnings_population_gate,earnings_population_gate,whole_document,medium,9797,0.047,0.0,0.47121,d35292dex99.htm,
790070,EMC CORP,tech,core,0001193125-15-342168,8-K,2015-10-13,EX99_PRESS_RELEASE,FLAGGED,earnings_population_gate,earnings_population_gate,whole_document,medium,28279,0.3307,0.0,0.47545,d84913dex991.htm,
4281,Howmet Aerospace Inc.,materials_realestate,extension,0001193125-15-342830,8-K,2015-10-13,EX99_PRESS_RELEASE,FLAGGED,earnings_population_gate,earnings_population_gate,whole_document,medium,12740,0.4174,0.0,0.43669,d47305dex991.htm,
713676,"PNC FINANCIAL SERVICES GROUP, INC.",financials,core,0001193125-15-343181,8-K,2015-10-14,EX99_PRESS_RELEASE,FLAGGED,earnings_population_gate,earnings_population_gate,whole_document,medium,10868,0.0494,0.0,0.50542,d83091dex991.htm,
1364742,"BlackRock Finance, Inc.",financials,core,0001193125-15-343326,8-K,2015-10-14,EX99_PRESS_RELEASE,FLAGGED,earnings_supplemental_diluted,earnings_supplemental_diluted,whole_document,medium,8641,0.014,0.0,0.45924,d82682dex991.htm,
713676,"PNC FINANCIAL SERVICES GROUP, INC.",financials,core,0001193125-15-343684,8-K,2015-10-14,EX99_PRESS_RELEASE,FLAGGED,earnings_population_gate,earnings_population_gate|earnings_supplemental_diluted,whole_document,medium,15260,0.019,0.0,0.42087,d83088dex991.htm,
1551182,Eaton Corp plc,industrials,extension,0001193125-15-347128,8-K,2015-10-19,EX99_PRESS_RELEASE,FLAGGED,earnings_population_gate,earnings_population_gate,whole_document,medium,425,0.1953,0.0,0.50639,d88428dex99.htm,
106040,WESTERN DIGITAL CORP,tech,core,0001193125-15-348802,8-K,2015-10-21,EX99_PRESS_RELEASE,FLAGGED,earnings_population_gate,earnings_population_gate,whole_document,medium,769,0.0,0.0,0.43793,d84586dex991.htm,
106040,WESTERN DIGITAL CORP,tech,core,0001193125-15-356330,8-K,2015-10-28,EX99_PRESS_RELEASE,FLAGGED,earnings_population_gate,earnings_population_gate,whole_document,medium,2515,0.0509,0.0,0.45312,d32109dex991.htm,
1318605,"Tesla, Inc.",consumer,core,0001193125-15-364285,8-K,2015-11-03,EX99_PRESS_RELEASE,FLAGGED,earnings_population_gate,earnings_population_gate,whole_document,medium,5212,0.1119,0.0,0.45411,d50904dex991.htm,
1099219,METLIFE INC,financials,core,0001193125-15-366295,8-K,2015-11-04,EX99_PRESS_RELEASE,FLAGGED,earnings_population_gate,earnings_population_gate,whole_document,medium,7648,0.0214,0.0,0.46777,d28934dex991.htm,
713676,"PNC FINANCIAL SERVICES GROUP, INC.",financials,core,0001193125-15-367608,8-K,2015-11-05,EX99_PRESS_RELEASE,FLAGGED,earnings_population_gate,earnings_population_gate,whole_document,medium,3625,0.1131,0.0,0.41858,d70930dex991.htm,
1099219,METLIFE INC,financials,core,0001193125-15-400755,8-K,2015-12-11,EX99_PRESS_RELEASE,FLAGGED,earnings_population_gate,earnings_population_gate,whole_document,medium,7296,0.0746,0.0,0.40444,d49014dex991.htm,
1123360,GLOBAL PAYMENTS INC,financials,core,0001193125-15-403794,8-K,2015-12-15,EX99_PRESS_RELEASE,FLAGGED,earnings_population_gate,earnings_population_gate,whole_document,medium,2864,0.0604,0.0,0.45011,d105384dex991.htm,
1318605,"Tesla, Inc.",consumer,core,0001193125-16-418701,8-K,2016-01-04,EX99_PRESS_RELEASE,FLAGGED,below_length_floor,earnings_population_gate|earnings_thin_document|below_length_floor,whole_document,medium,206,0.3981,0.0,0.43646,d106308dex991.htm,
1038357,PIONEER NATURAL RESOURCES CO,energy,core,0001193125-16-421412,8-K,2016-01-05,EX99_PRESS_RELEASE,FLAGGED,earnings_population_gate,earnings_population_gate,whole_document,medium,2024,0.1902,0.0,0.44797,d109031dex991.htm,
1156039,"Elevance Health, Inc.",healthcare,core,0001193125-16-427226,8-K,2016-01-12,8K_BODY,FLAGGED,earnings_population_gate,earnings_population_gate,item202_slice,medium,1361,0.0889,0.0,0.47161,d43506d8k.htm,
313616,DANAHER CORP /DE/,industrials,extension,0001193125-16-427271,8-K,2016-01-12,EX99_PRESS_RELEASE,FLAGGED,earnings_population_gate,earnings_population_gate,whole_document,medium,704,0.0,0.0,0.46667,d115160dex991.htm,
4281,Howmet Aerospace Inc.,materials_realestate,extension,0001193125-16-428061,8-K,2016-01-12,EX99_PRESS_RELEASE,FLAGGED,earnings_population_gate,earnings_population_gate,whole_document,medium,11182,0.0443,0.0,0.48944,d61228dex99.htm,
1390777,Bank of New York Mellon Corp,financials,core,0001193125-16-430028,8-K,2016-01-14,8K_BODY,FLAGGED,below_length_floor,earnings_population_gate|below_length_floor,item202_slice,medium,438,0.2877,0.0,0.46489,d116759d8k.htm,
4281,Howmet Aerospace Inc.,materials_realestate,extension,0001193125-16-430046,8-K,2016-01-14,EX99_PRESS_RELEASE,FLAGGED,earnings_population_gate,earnings_population_gate,whole_document,medium,13569,0.2103,0.0,0.4328,d115264dex991.htm,
713676,"PNC FINANCIAL SERVICES GROUP, INC.",financials,core,0001193125-16-430398,8-K,2016-01-15,EX99_PRESS_RELEASE,FLAGGED,earnings_population_gate,earnings_population_gate,whole_document,medium,10902,0.0373,0.0,0.49814,d38840dex991.htm,
1364742,"BlackRock Finance, Inc.",financials,core,0001193125-16-430525,8-K,2016-01-15,EX99_PRESS_RELEASE,FLAGGED,earnings_supplemental_diluted,earnings_supplemental_diluted,whole_document,medium,8103,0.0201,0.0,0.45626,d117210dex991.htm,
713676,"PNC FINANCIAL SERVICES GROUP, INC.",financials,core,0001193125-16-430799,8-K,2016-01-15,EX99_PRESS_RELEASE,FLAGGED,earnings_population_gate,earnings_population_gate|earnings_supplemental_diluted,whole_document,medium,14549,0.0199,0.0,0.41714,d123341dex991.htm,
849399,Gen Digital Inc.,tech,core,0001193125-16-432742,8-K,2016-01-20,EX99_PRESS_RELEASE,FLAGGED,earnings_population_gate,earnings_population_gate,whole_document,medium,2225,0.1492,0.0,0.54018,d105587dex991.htm,
5272,"AMERICAN INTERNATIONAL GROUP, INC.",financials,core,0001193125-16-437433,8-K,2016-01-26,EX99_PRESS_RELEASE,FLAGGED,earnings_population_gate,earnings_population_gate,whole_document,medium,4082,0.06,0.0,0.42967,d123182dex991.htm,
1156039,"Elevance Health, Inc.",healthcare,core,0001193125-16-438986,8-K,2016-01-27,EX99_PRESS_RELEASE,FLAGGED,earnings_population_gate,earnings_population_gate,whole_document,medium,5789,0.0358,0.0,0.50384,d44230dex991.htm,
5272,"AMERICAN INTERNATIONAL GROUP, INC.",financials,core,0001193125-16-446781,8-K,2016-02-02,EX99_PRESS_RELEASE,FLAGGED,earnings_population_gate,earnings_population_gate,whole_document,medium,13621,0.1907,0.0,0.38394,d124219dex991.htm,
1389170,Targa Resources Corp.,energy,core,0001193125-16-455516,8-K,2016-02-09,EX99_PRESS_RELEASE,FLAGGED,earnings_population_gate,earnings_population_gate,whole_document,medium,1094,0.074,0.0,0.43403,d137416dex991.htm,
49071,HUMANA INC,healthcare,core,0001193125-16-456375,8-K,2016-02-10,EX99_PRESS_RELEASE,FLAGGED,earnings_population_gate,earnings_population_gate,whole_document,medium,1346,0.1226,0.0,0.43619,d124848dex991.htm,
1318605,"Tesla, Inc.",consumer,core,0001193125-16-457674,8-K,2016-02-10,EX99_PRESS_RELEASE,FLAGGED,earnings_population_gate,earnings_population_gate,whole_document,medium,5409,0.0941,0.0,0.46555,d124215dex991.htm,
5272,"AMERICAN INTERNATIONAL GROUP, INC.",financials,core,0001193125-16-459857,8-K,2016-02-11,EX99_PRESS_RELEASE,FLAGGED,earnings_population_gate,earnings_population_gate,whole_document,medium,7174,0.057,0.0,0.47728,d137484dex991.htm,
1389170,Targa Resources Corp.,energy,core,0001193125-16-476903,8-K,2016-02-25,EX99_PRESS_RELEASE,FLAGGED,earnings_population_gate,earnings_population_gate,whole_document,medium,11710,0.0394,0.0,0.46649,d143206dex991.htm,
34088,EXXON MOBIL CORP,energy,core,0001193125-16-496516,8-K,2016-03-08,EX99_PRESS_RELEASE,FLAGGED,earnings_population_gate,earnings_population_gate,whole_document,medium,21009,0.2296,0.0,0.42001,d144223dex991.htm,
4281,Howmet Aerospace Inc.,materials_realestate,extension,0001193125-16-537864,8-K,2016-04-12,EX99_PRESS_RELEASE,FLAGGED,earnings_population_gate,earnings_population_gate,whole_document,medium,7784,0.2013,0.0,0.4778,d163404dex99.htm,
713676,"PNC FINANCIAL SERVICES GROUP, INC.",financials,core,0001193125-16-540614,8-K,2016-04-14,EX99_PRESS_RELEASE,FLAGGED,earnings_population_gate,earnings_population_gate,whole_document,medium,10060,0.0445,0.0,0.4995,d171854dex991.htm,
1364742,"BlackRock Finance, Inc.",financials,core,0001193125-16-540764,8-K,2016-04-14,EX99_PRESS_RELEASE,FLAGGED,earnings_supplemental_diluted,earnings_supplemental_diluted,whole_document,medium,7192,0.0171,0.0,0.45492,d171154dex991.htm,
713676,"PNC FINANCIAL SERVICES GROUP, INC.",financials,core,0001193125-16-541135,8-K,2016-04-14,EX99_PRESS_RELEASE,FLAGGED,earnings_population_gate,earnings_population_gate|earnings_supplemental_diluted,whole_document,medium,11847,0.0279,0.0,0.41424,d171826dex991.htm,
4281,Howmet Aerospace Inc.,materials_realestate,extension,0001193125-16-541774,8-K,2016-04-15,EX99_PRESS_RELEASE,FLAGGED,earnings_population_gate,earnings_population_gate,whole_document,medium,9444,0.2902,0.0,0.44972,d180649dex991.htm,
713676,"PNC FINANCIAL SERVICES GROUP, INC.",financials,core,0001193125-16-556144,8-K,2016-04-26,EX99_PRESS_RELEASE,FAIL,empty_after_extraction,empty_after_extraction,none,low,0,0.0,,,d185935dex991.htm,12 chars of extractable text
896159,Chubb Ltd,financials,core,0001193125-16-564757,8-K,2016-04-29,EX99_PRESS_RELEASE,FLAGGED,earnings_population_gate,earnings_population_gate,whole_document,medium,6278,0.0064,0.0,0.34788,d174521dex991.htm,
1318605,"Tesla, Inc.",consumer,core,0001193125-16-577582,8-K,2016-05-04,EX99_PRESS_RELEASE,FLAGGED,earnings_population_gate,earnings_population_gate,whole_document,medium,4803,0.1064,0.0,0.4567,d158845dex991.htm,
896159,Chubb Ltd,financials,core,0001193125-16-577986,8-K,2016-05-05,EX99_PRESS_RELEASE,FLAGGED,earnings_population_gate,earnings_population_gate,whole_document,medium,5659,0.0233,0.0,0.46129,d162409dex991.htm,
896159,Chubb Ltd,financials,core,0001193125-16-623725,8-K,2016-06-16,EX99_PRESS_RELEASE,FLAGGED,earnings_population_gate,earnings_population_gate,whole_document,medium,4482,0.0,0.0,0.32502,d182226dex991.htm,
106040,WESTERN DIGITAL CORP,tech,core,0001193125-16-642507,8-K,2016-07-06,EX99_PRESS_RELEASE,FLAGGED,earnings_population_gate,earnings_population_gate,whole_document,medium,1361,0.0904,0.0,0.4354,d220141dex991.htm,
1364742,"BlackRock Finance, Inc.",financials,core,0001193125-16-647832,8-K,2016-07-14,EX99_PRESS_RELEASE,FLAGGED,earnings_supplemental_diluted,earnings_supplemental_diluted,whole_document,medium,8467,0.0048,0.0,0.44592,d183296dex991.htm,
713676,"PNC FINANCIAL SERVICES GROUP, INC.",financials,core,0001193125-16-648803,8-K,2016-07-15,EX99_PRESS_RELEASE,FLAGGED,earnings_population_gate,earnings_population_gate,whole_document,medium,10699,0.0621,0.0,0.50542,d216838dex991.htm,
713676,"PNC FINANCIAL SERVICES GROUP, INC.",financials,core,0001193125-16-649258,8-K,2016-07-15,EX99_PRESS_RELEASE,FLAGGED,earnings_population_gate,earnings_population_gate|earnings_supplemental_diluted,whole_document,medium,12976,0.016,0.0,0.42319,d216821dex991.htm,
106040,WESTERN DIGITAL CORP,tech,core,0001193125-16-662249,8-K,2016-07-28,EX99_PRESS_RELEASE,FLAGGED,earnings_population_gate,earnings_population_gate,whole_document,medium,2552,0.0831,0.0,0.50072,d202103dex991.htm,
1578845,Allergan plc,healthcare,core,0001193125-16-669118,8-K,2016-08-03,EX99_PRESS_RELEASE,FLAGGED,earnings_population_gate,earnings_population_gate,whole_document,medium,998,0.0411,0.0,0.40187,d228201dex991.htm,
1318605,"Tesla, Inc.",consumer,core,0001193125-16-670068,8-K,2016-08-03,EX99_PRESS_RELEASE,FLAGGED,earnings_population_gate,earnings_population_gate,whole_document,medium,5007,0.1418,0.0,0.45398,d234162dex991.htm,
1099219,METLIFE INC,financials,core,0001193125-16-670266,8-K,2016-08-03,EX99_PRESS_RELEASE,FLAGGED,earnings_population_gate,earnings_population_gate,whole_document,medium,8140,0.03,0.0,0.45685,d231705dex991.htm,
1099219,METLIFE INC,financials,core,0001193125-16-671089,8-K,2016-08-04,EX99_PRESS_RELEASE,FLAGGED,earnings_population_gate,earnings_population_gate,whole_document,medium,906,0.0442,0.0,0.47929,d235576dex991.htm,
1578845,Allergan plc,healthcare,core,0001193125-16-674267,8-K,2016-08-08,EX99_PRESS_RELEASE,FLAGGED,earnings_population_gate,earnings_population_gate,whole_document,medium,963,0.0,0.0,0.36658,d230870dex991.htm,
713676,"PNC FINANCIAL SERVICES GROUP, INC.",financials,core,0001193125-16-709397,8-K,2016-09-14,EX99_PRESS_RELEASE,FAIL,empty_after_extraction,empty_after_extraction,none,low,0,0.0,,,d255519dex991.htm,12 chars of extractable text
1578845,Allergan plc,healthcare,core,0001193125-16-732764,8-K,2016-10-06,EX99_PRESS_RELEASE,FLAGGED,earnings_population_gate,earnings_population_gate,whole_document,medium,1009,0.0,0.0,0.48896,d261256dex991.htm,
1137789,Seagate Technology Holdings plc,tech,core,0001193125-16-734835,8-K,2016-10-11,EX99_PRESS_RELEASE,FLAGGED,earnings_population_gate,earnings_population_gate,whole_document,medium,1348,0.0,0.0,0.4836,d250093dex991.htm,
713676,"PNC FINANCIAL SERVICES GROUP, INC.",financials,core,0001193125-16-738130,8-K,2016-10-14,EX99_PRESS_RELEASE,FLAGGED,earnings_population_gate,earnings_population_gate,whole_document,medium,10015,0.0574,0.0,0.49576,d238818dex991.htm,
713676,"PNC FINANCIAL SERVICES GROUP, INC.",financials,core,0001193125-16-738480,8-K,2016-10-14,EX99_PRESS_RELEASE,FLAGGED,earnings_population_gate,earnings_population_gate|earnings_supplemental_diluted,whole_document,medium,13362,0.0218,0.0,0.42348,d154348dex991.htm,
1364742,"BlackRock Finance, Inc.",financials,core,0001193125-16-740254,8-K,2016-10-18,EX99_PRESS_RELEASE,FLAGGED,earnings_supplemental_diluted,earnings_supplemental_diluted,whole_document,medium,8419,0.0146,0.0,0.44966,d260965dex991.htm,
1137789,Seagate Technology Holdings plc,tech,core,0001193125-16-741277,8-K,2016-10-19,EX99_PRESS_RELEASE,FLAGGED,earnings_population_gate,earnings_population_gate,whole_document,medium,2253,0.055,0.0,0.53064,d88779dex991.htm,
1099219,METLIFE INC,financials,core,0001193125-16-742878,8-K,2016-10-20,EX99_PRESS_RELEASE,FLAGGED,earnings_population_gate,earnings_population_gate,whole_document,medium,13503,0.0091,0.0,0.50381,d254741dex991.htm,
1318605,"Tesla, Inc.",consumer,core,0001193125-16-747973,8-K,2016-10-26,EX99_PRESS_RELEASE,FLAGGED,earnings_population_gate,earnings_population_gate,whole_document,medium,4805,0.1305,0.0,0.45201,d273228dex991.htm,
1090012,DEVON ENERGY CORP/DE,energy,core,0001193125-16-755373,8-K,2016-11-01,EX99_PRESS_RELEASE,FLAGGED,earnings_population_gate,earnings_population_gate,whole_document,medium,5558,0.023,0.0,0.43857,d283589dex991.htm,
1105705,"WARNER MEDIA, LLC",consumer,core,0001193125-16-756162,8-K,2016-11-02,EX99_PRESS_RELEASE,FLAGGED,earnings_population_gate,earnings_population_gate,whole_document,medium,7568,0.1148,0.0,0.52987,d264540dex991.htm,
1099219,METLIFE INC,financials,core,0001193125-16-757271,8-K,2016-11-02,EX99_PRESS_RELEASE,FLAGGED,earnings_population_gate,earnings_population_gate,whole_document,medium,8427,0.0494,0.0,0.46208,d268923dex991.htm,
1090012,DEVON ENERGY CORP/DE,energy,core,0001193125-16-757904,8-K,2016-11-03,EX99_PRESS_RELEASE,FLAGGED,earnings_population_gate,earnings_population_gate,whole_document,medium,11879,0.401,0.0,0.37426,d280880dex991.htm,
713676,"PNC FINANCIAL SERVICES GROUP, INC.",financials,core,0001193125-16-758662,8-K,2016-11-03,EX99_PRESS_RELEASE,FAIL,empty_after_extraction,empty_after_extraction,none,low,0,0.0,,,d284249dex991.htm,12 chars of extractable text
1099219,METLIFE INC,financials,core,0001193125-16-765107,8-K,2016-11-10,EX99_PRESS_RELEASE,FLAGGED,earnings_population_gate,earnings_population_gate,whole_document,medium,6373,0.0639,0.0,0.4098,d282827dex991.htm,
4281,Howmet Aerospace Inc.,materials_realestate,extension,0001193125-16-792454,8-K,2016-12-14,EX99_PRESS_RELEASE,FLAGGED,earnings_population_gate,earnings_population_gate,whole_document,medium,761,0.4586,0.0,0.44222,d311535dex991.htm,
1099219,METLIFE INC,financials,core,0001193125-16-794462,8-K,2016-12-15,EX99_PRESS_RELEASE,FLAGGED,earnings_population_gate,earnings_population_gate,whole_document,medium,5080,0.0404,0.0,0.41083,d313112dex991.htm,
1156039,"Elevance Health, Inc.",healthcare,core,0001193125-17-006246,8-K,2017-01-10,8K_BODY,FLAGGED,earnings_population_gate,earnings_population_gate,item202_slice,medium,1237,0.0323,0.0,0.45726,d310823d8k.htm,
313616,DANAHER CORP /DE/,industrials,extension,0001193125-17-006335,8-K,2017-01-10,EX99_PRESS_RELEASE,FLAGGED,below_length_floor,earnings_population_gate|earnings_thin_document|below_length_floor,whole_document,medium,162,0.0,0.0,0.31111,d328490dex991.htm,
713676,"PNC FINANCIAL SERVICES GROUP, INC.",financials,core,0001193125-17-009255,8-K,2017-01-13,EX99_PRESS_RELEASE,FLAGGED,earnings_population_gate,earnings_population_gate,whole_document,medium,9676,0.0125,0.0,0.48675,d301855dex991.htm,
1364742,"BlackRock Finance, Inc.",financials,core,0001193125-17-009387,8-K,2017-01-13,EX99_PRESS_RELEASE,FLAGGED,earnings_supplemental_diluted,earnings_supplemental_diluted,whole_document,medium,8274,0.0048,0.0,0.45757,d264074dex991.htm,
713676,"PNC FINANCIAL SERVICES GROUP, INC.",financials,core,0001193125-17-009658,8-K,2017-01-13,EX99_PRESS_RELEASE,FLAGGED,earnings_population_gate,earnings_population_gate|earnings_supplemental_diluted,whole_document,medium,13062,0.022,0.0,0.42611,d315037dex991.htm,
5272,"AMERICAN INTERNATIONAL GROUP, INC.",financials,core,0001193125-17-013683,8-K,2017-01-20,EX99_PRESS_RELEASE,FLAGGED,earnings_population_gate,earnings_population_gate,whole_document,medium,902,0.0,0.0,0.41715,d321863dex991.htm,
1389170,Targa Resources Corp.,energy,core,0001193125-17-014623,8-K,2017-01-23,EX99_PRESS_RELEASE,FLAGGED,earnings_population_gate,earnings_population_gate,whole_document,medium,1265,0.0,0.0,0.40589,d333905dex991.htm,
1156039,"Elevance Health, Inc.",healthcare,core,0001193125-17-026526,8-K,2017-02-01,EX99_PRESS_RELEASE,FLAGGED,earnings_population_gate,earnings_population_gate,whole_document,medium,5659,0.0221,0.0,0.49327,d337747dex991.htm,
1099219,METLIFE INC,financials,core,0001193125-17-027624,8-K,2017-02-01,EX99_PRESS_RELEASE,FLAGGED,earnings_population_gate,earnings_population_gate,whole_document,medium,10277,0.0121,0.0,0.45784,d297338dex991.htm,
1039684,ONEOK INC /NEW/,energy,core,0001193125-17-027652,8-K,2017-02-01,EX99_PRESS_RELEASE,FLAGGED,earnings_population_gate,earnings_population_gate,whole_document,medium,4403,0.0461,0.0,0.42791,d185717dex991.htm,
1099219,METLIFE INC,financials,core,0001193125-17-028367,8-K,2017-02-02,EX99_PRESS_RELEASE,FLAGGED,earnings_population_gate,earnings_population_gate,whole_document,medium,1151,0.0356,0.0,0.47686,d308320dex991.htm,
769397,"Autodesk, Inc.",tech,core,0001193125-17-032583,8-K,2017-02-07,EX99_PRESS_RELEASE,FLAGGED,earnings_population_gate,earnings_population_gate,whole_document,medium,7975,0.2038,0.0,0.47937,d344569dex991.htm,
1532063,Express Scripts Holding Co.,consumer,core,0001193125-17-043382,8-K,2017-02-14,EX99_PRESS_RELEASE,FLAGGED,earnings_supplemental_diluted,earnings_supplemental_diluted,whole_document,medium,4944,0.0498,0.0,0.49974,d311542dex991.htm,
5272,"AMERICAN INTERNATIONAL GROUP, INC.",financials,core,0001193125-17-043498,8-K,2017-02-14,EX99_PRESS_RELEASE,FLAGGED,earnings_population_gate,earnings_population_gate,whole_document,medium,7918,0.0104,0.0,0.44074,d290381dex991.htm,
1318605,"Tesla, Inc.",consumer,core,0001193125-17-052093,8-K,2017-02-22,EX99_PRESS_RELEASE,FLAGGED,earnings_population_gate,earnings_population_gate,whole_document,medium,5703,0.0968,0.0,0.43879,d322970dex991.htm,
713676,"PNC FINANCIAL SERVICES GROUP, INC.",financials,core,0001193125-17-073082,8-K,2017-03-07,EX99_PRESS_RELEASE,FAIL,empty_after_extraction,empty_after_extraction,none,low,0,0.0,,,d354105dex991.htm,12 chars of extractable text
1618921,"Walgreens Boots Alliance, Inc.",consumer,core,0001193125-17-110881,8-K,2017-04-05,EX99_PRESS_RELEASE,FLAGGED,earnings_population_gate,earnings_population_gate,whole_document,medium,6968,0.0238,0.0,0.46448,d363073dex991.htm,
713676,"PNC FINANCIAL SERVICES GROUP, INC.",financials,core,0001193125-17-122062,8-K,2017-04-13,EX99_PRESS_RELEASE,FLAGGED,earnings_population_gate,earnings_population_gate,whole_document,medium,8763,0.0235,0.0,0.48865,d352161dex991.htm,
713676,"PNC FINANCIAL SERVICES GROUP, INC.",financials,core,0001193125-17-122738,8-K,2017-04-13,EX99_PRESS_RELEASE,FLAGGED,earnings_population_gate,earnings_population_gate|earnings_supplemental_diluted,whole_document,medium,9759,0.0126,0.0,0.41315,d370143dex991.htm,
1364742,"BlackRock Finance, Inc.",financials,core,0001193125-17-128135,8-K,2017-04-19,EX99_PRESS_RELEASE,FLAGGED,earnings_supplemental_diluted,earnings_supplemental_diluted,whole_document,medium,7119,0.0,0.0,0.45011,d354098dex991.htm,
5272,"AMERICAN INTERNATIONAL GROUP, INC.",financials,core,0001193125-17-128826,8-K,2017-04-19,EX99_PRESS_RELEASE,FLAGGED,earnings_population_gate,earnings_population_gate,whole_document,medium,550,0.0,0.0,0.38674,d380088dex991.htm,
1532063,Express Scripts Holding Co.,consumer,core,0001193125-17-134558,8-K,2017-04-24,EX99_PRESS_RELEASE,FLAGGED,earnings_supplemental_diluted,earnings_supplemental_diluted,whole_document,medium,8102,0.0799,0.0,0.45869,d346351dex991.htm,
713676,"PNC FINANCIAL SERVICES GROUP, INC.",financials,core,0001193125-17-136399,8-K,2017-04-25,EX99_PRESS_RELEASE,FLAGGED,earnings_population_gate,earnings_population_gate,whole_document,medium,2259,0.0903,0.0,0.44495,d385775dex991.htm,
5272,"AMERICAN INTERNATIONAL GROUP, INC.",financials,core,0001193125-17-156268,8-K,2017-05-03,EX99_PRESS_RELEASE,FLAGGED,earnings_population_gate,earnings_population_gate,whole_document,medium,6890,0.0242,0.0,0.44343,d369711dex991.htm,
1618921,"Walgreens Boots Alliance, Inc.",consumer,core,0001193125-17-217406,8-K,2017-06-29,EX99_PRESS_RELEASE,FLAGGED,earnings_population_gate,earnings_population_gate,whole_document,medium,6851,0.0353,0.0,0.46863,d418387dex991.htm,
713676,"PNC FINANCIAL SERVICES GROUP, INC.",financials,core,0001193125-17-227952,8-K,2017-07-14,EX99_PRESS_RELEASE,FLAGGED,earnings_population_gate,earnings_population_gate,whole_document,medium,9097,0.0453,0.0,0.49491,d421813dex991.htm,
713676,"PNC FINANCIAL SERVICES GROUP, INC.",financials,core,0001193125-17-228257,8-K,2017-07-14,EX99_PRESS_RELEASE,FLAGGED,earnings_population_gate,earnings_population_gate|earnings_supplemental_diluted,whole_document,medium,10416,0.0118,0.0,0.41642,d421883dex991.htm,
1099219,METLIFE INC,financials,core,0001193125-17-234225,8-K,2017-07-25,8K_BODY,FLAGGED,below_length_floor,earnings_population_gate|earnings_thin_document|below_length_floor,item202_slice,medium,107,0.0,0.0,0.43478,d426826d8k.htm,
1532063,Express Scripts Holding Co.,consumer,core,0001193125-17-234987,8-K,2017-07-25,EX99_PRESS_RELEASE,FLAGGED,earnings_supplemental_diluted,earnings_supplemental_diluted,whole_document,medium,5870,0.0559,0.0,0.4781,d415026dex991.htm,
1099219,METLIFE INC,financials,core,0001193125-17-245833,8-K,2017-08-02,EX99_PRESS_RELEASE,FLAGGED,earnings_population_gate,earnings_population_gate,whole_document,medium,9757,0.0377,0.0,0.45719,d431267dex991.htm,
713676,"PNC FINANCIAL SERVICES GROUP, INC.",financials,core,0001193125-17-283876,8-K,2017-09-13,EX99_PRESS_RELEASE,FAIL,empty_after_extraction,empty_after_extraction,none,low,0,0.0,,,d455318dex991.htm,12 chars of extractable text
896159,Chubb Ltd,financials,core,0001193125-17-300696,8-K,2017-10-02,EX99_PRESS_RELEASE,FLAGGED,earnings_population_gate,earnings_population_gate,whole_document,medium,646,0.0,0.0,0.44392,d462610dex991.htm,
797468,OCCIDENTAL PETROLEUM CORP /DE/,energy,core,0001193125-17-301637,8-K,2017-10-03,EX99_PRESS_RELEASE,FLAGGED,earnings_population_gate,earnings_population_gate,whole_document,medium,773,0.0,0.0,0.37337,d402356dex991.htm,
5272,"AMERICAN INTERNATIONAL GROUP, INC.",financials,core,0001193125-17-306449,8-K,2017-10-10,EX99_PRESS_RELEASE,FLAGGED,earnings_population_gate,earnings_population_gate,whole_document,medium,610,0.0672,0.0,0.40362,d417501dex991.htm,
5272,"AMERICAN INTERNATIONAL GROUP, INC.",financials,core,0001193125-17-306980,8-K,2017-10-10,EX99_PRESS_RELEASE,FLAGGED,earnings_population_gate,earnings_population_gate,whole_document,medium,610,0.0672,0.0,0.40362,d417501dex991.htm,
896159,Chubb Ltd,financials,core,0001193125-17-321296,8-K,2017-10-26,EX99_PRESS_RELEASE,FLAGGED,earnings_population_gate,earnings_population_gate,whole_document,medium,5517,0.0232,0.0,0.47524,d484125dex991.htm,
1099219,METLIFE INC,financials,core,0001193125-17-329468,8-K,2017-11-01,EX99_PRESS_RELEASE,FLAGGED,earnings_population_gate,earnings_population_gate,whole_document,medium,10162,0.0238,0.0,0.46338,d416328dex991.htm,
5272,"AMERICAN INTERNATIONAL GROUP, INC.",financials,core,0001193125-17-331048,8-K,2017-11-02,EX99_PRESS_RELEASE,FLAGGED,earnings_population_gate,earnings_population_gate,whole_document,medium,7793,0.0105,0.0,0.45582,d478521dex991.htm,
1099219,METLIFE INC,financials,core,0001193125-17-369518,8-K,2017-12-14,EX99_PRESS_RELEASE,FLAGGED,earnings_population_gate,earnings_population_gate,whole_document,medium,4862,0.0514,0.0,0.40675,d480379dex991.htm,
1578845,Allergan plc,healthcare,core,0001193125-18-001247,8-K,2018-01-03,8K_BODY,FLAGGED,earnings_item202_block_thin,earnings_population_gate|earnings_item202_block_thin,item202_slice,medium,596,0.0705,0.0,0.48759,d466315d8k.htm,
1618921,"Walgreens Boots Alliance, Inc.",consumer,core,0001193125-18-002175,8-K,2018-01-04,EX99_PRESS_RELEASE,FLAGGED,earnings_population_gate,earnings_population_gate,whole_document,medium,5464,0.0227,0.0,0.47064,d506112dex991.htm,
64803,CVS HEALTH Corp,consumer,core,0001193125-18-002185,8-K,2018-01-04,EX99_PRESS_RELEASE,FLAGGED,earnings_population_gate,earnings_population_gate,whole_document,medium,2984,0.1401,0.0,0.47498,d509472dex991.htm,
1578845,Allergan plc,healthcare,core,0001193125-18-006041,8-K,2018-01-08,EX99_PRESS_RELEASE,FLAGGED,earnings_population_gate,earnings_population_gate,whole_document,medium,1627,0.0498,0.0,0.45059,d522451dex991.htm,
1137789,Seagate Technology Holdings plc,tech,core,0001193125-18-022528,8-K,2018-01-29,EX99_PRESS_RELEASE,FLAGGED,earnings_population_gate,earnings_population_gate,whole_document,medium,2348,0.017,0.0,0.5349,d502131dex991.htm,
1578845,Allergan plc,healthcare,core,0001193125-18-028327,8-K,2018-02-01,8K_BODY,FLAGGED,below_length_floor,earnings_population_gate|earnings_item202_block_thin|below_length_floor,item202_slice,medium,238,0.1681,0.0,0.49533,d522730d8k.htm,
10795,BECTON DICKINSON & CO,healthcare,core,0001193125-18-031434,8-K,2018-02-05,EX99_PRESS_RELEASE,FLAGGED,earnings_population_gate,earnings_population_gate|earnings_supplemental_diluted,whole_document,medium,4090,0.0,0.0,0.31363,d532047dex991.htm,
1099219,METLIFE INC,financials,core,0001193125-18-042752,8-K,2018-02-13,EX99_PRESS_RELEASE,FLAGGED,earnings_population_gate,earnings_population_gate,whole_document,medium,11180,0.0145,0.0,0.44286,d460978dex991.htm,
1532063,Express Scripts Holding Co.,consumer,core,0001193125-18-060880,8-K,2018-02-27,EX99_PRESS_RELEASE,FLAGGED,earnings_supplemental_diluted,earnings_supplemental_diluted,whole_document,medium,6619,0.0557,0.0,0.49802,d538993dex991.htm,
1618921,"Walgreens Boots Alliance, Inc.",consumer,core,0001193125-18-098453,8-K,2018-03-28,EX99_PRESS_RELEASE,FLAGGED,earnings_population_gate,earnings_population_gate,whole_document,medium,7008,0.0415,0.0,0.47396,d331875dex991.htm,
896159,Chubb Ltd,financials,core,0001193125-18-106360,8-K,2018-04-03,EX99_PRESS_RELEASE,FLAGGED,earnings_population_gate,earnings_population_gate,whole_document,medium,546,0.0733,0.0,0.42777,d562694dex991.htm,
896159,Chubb Ltd,financials,core,0001193125-18-128839,8-K,2018-04-24,EX99_PRESS_RELEASE,FLAGGED,earnings_population_gate,earnings_population_gate,whole_document,medium,4464,0.0181,0.0,0.44564,d556470dex991.htm,
97476,TEXAS INSTRUMENTS INC,tech,core,0001193125-18-219973,8-K,2018-07-18,8K_BODY,FLAGGED,below_length_floor,earnings_population_gate|earnings_item202_block_thin|earnings_thin_document|below_length_floor,item202_slice,medium,215,0.0,0.0,0.4555,d551235d8k.htm,
1532063,Express Scripts Holding Co.,consumer,core,0001193125-18-234916,8-K,2018-08-01,EX99_PRESS_RELEASE,FLAGGED,earnings_supplemental_diluted,earnings_supplemental_diluted,whole_document,medium,7393,0.1001,0.0,0.48036,d585346dex991.htm,
849399,Gen Digital Inc.,tech,core,0001193125-18-282558,8-K,2018-09-25,8K_BODY,FLAGGED,below_length_floor,earnings_population_gate|below_length_floor,item202_slice,medium,319,0.1317,0.0,0.55052,d627713d8k.htm,
1099219,METLIFE INC,financials,core,0001193125-18-283973,8-K,2018-09-26,EX99_PRESS_RELEASE,FLAGGED,earnings_population_gate,earnings_population_gate,whole_document,medium,18916,0.2386,0.0,0.37377,d627126dex991.htm,
896159,Chubb Ltd,financials,core,0001193125-18-296808,8-K,2018-10-10,EX99_PRESS_RELEASE,FLAGGED,earnings_population_gate,earnings_population_gate,whole_document,medium,512,0.0,0.0,0.39839,d635852dex991.htm,
1618921,"Walgreens Boots Alliance, Inc.",consumer,core,0001193125-18-297200,8-K,2018-10-11,EX99_PRESS_RELEASE,FLAGGED,earnings_population_gate,earnings_population_gate,whole_document,medium,6876,0.0118,0.0,0.45628,d635732dex991.htm,
1090012,DEVON ENERGY CORP/DE,energy,core,0001193125-18-299756,8-K,2018-10-16,EX99_PRESS_RELEASE,FLAGGED,earnings_population_gate,earnings_population_gate,whole_document,medium,670,0.0597,0.0,0.46958,d589846dex991.htm,
896159,Chubb Ltd,financials,core,0001193125-18-305314,8-K,2018-10-23,EX99_PRESS_RELEASE,FLAGGED,earnings_population_gate,earnings_population_gate,whole_document,medium,5129,0.024,0.0,0.4612,d644413dex991.htm,
1532063,Express Scripts Holding Co.,consumer,core,0001193125-18-313977,8-K,2018-10-31,EX99_PRESS_RELEASE,FLAGGED,earnings_supplemental_diluted,earnings_supplemental_diluted,whole_document,medium,4934,0.0486,0.0,0.49675,d646897dex991.htm,
1090012,DEVON ENERGY CORP/DE,energy,core,0001193125-18-319585,8-K,2018-11-06,EX99_PRESS_RELEASE,FLAGGED,earnings_population_gate,earnings_population_gate,whole_document,medium,5337,0.0075,0.0,0.43453,d573072dex991.htm,
1099219,METLIFE INC,financials,core,0001193125-18-348929,8-K,2018-12-13,EX99_PRESS_RELEASE,FLAGGED,earnings_population_gate,earnings_population_gate,whole_document,medium,6054,0.0672,0.0,0.39092,d666009dex991.htm,
1618921,"Walgreens Boots Alliance, Inc.",consumer,core,0001193125-18-353826,8-K,2018-12-20,EX99_PRESS_RELEASE,FLAGGED,earnings_population_gate,earnings_population_gate,whole_document,medium,5882,0.0207,0.0,0.46978,d660646dex991.htm,
1682852,"Moderna, Inc.",healthcare,core,0001193125-19-004268,8-K,2019-01-08,EX99_PRESS_RELEASE,FLAGGED,earnings_population_gate,earnings_population_gate,whole_document,medium,1916,0.0877,0.0,0.36264,d679424dex991.htm,
89800,SHERWIN WILLIAMS CO,consumer,core,0001193125-19-009366,8-K,2019-01-15,EX99_PRESS_RELEASE,FLAGGED,earnings_population_gate,earnings_population_gate,whole_document,medium,1616,0.0761,0.0,0.48952,d617066dex99.htm,
798354,FISERV INC,financials,core,0001193125-19-010301,8-K,2019-01-16,EX99_PRESS_RELEASE,FLAGGED,earnings_population_gate,earnings_population_gate,whole_document,medium,3665,0.0573,0.0,0.52338,d680169dex991.htm,
896159,Chubb Ltd,financials,core,0001193125-19-012931,8-K,2019-01-18,EX99_PRESS_RELEASE,FLAGGED,earnings_population_gate,earnings_population_gate,whole_document,medium,591,0.1438,0.0,0.44041,d693886dex991.htm,
766704,WELLTOWER INC.,materials_realestate,extension,0001193125-19-013531,8-K,2019-01-22,8K_BODY,FLAGGED,earnings_item202_block_thin,earnings_item202_block_thin,item202_slice,medium,694,0.0576,0.0,0.42647,d693932d8k.htm,
89800,SHERWIN WILLIAMS CO,consumer,core,0001193125-19-023138,8-K,2019-01-31,EX99_PRESS_RELEASE,FLAGGED,earnings_population_gate,earnings_population_gate,whole_document,medium,4266,0.0673,0.0,0.52894,d699691dex99.htm,
896159,Chubb Ltd,financials,core,0001193125-19-028326,8-K,2019-02-05,EX99_PRESS_RELEASE,FLAGGED,earnings_population_gate,earnings_population_gate,whole_document,medium,5847,0.0352,0.0,0.46453,d701169dex991.htm,
1099219,METLIFE INC,financials,core,0001193125-19-044222,8-K,2019-02-19,EX99_PRESS_RELEASE,FLAGGED,earnings_population_gate,earnings_population_gate,whole_document,medium,912,0.0439,0.0,0.35904,d705527dex991.htm,
1618921,"Walgreens Boots Alliance, Inc.",consumer,core,0001193125-19-095094,8-K,2019-04-02,EX99_PRESS_RELEASE,FLAGGED,earnings_population_gate,earnings_population_gate,whole_document,medium,7681,0.0322,0.0,0.46404,d929434dex991.htm,
1099219,METLIFE INC,financials,core,0001193125-19-155928,8-K,2019-05-24,EX99_PRESS_RELEASE,FLAGGED,earnings_population_gate,earnings_population_gate,whole_document,medium,1589,0.129,0.0,0.36693,d632685dex991.htm,
1618921,"Walgreens Boots Alliance, Inc.",consumer,core,0001193125-19-183400,8-K,2019-06-27,EX99_PRESS_RELEASE,FLAGGED,earnings_population_gate,earnings_population_gate,whole_document,medium,7386,0.0334,0.0,0.47055,d766683dex991.htm,
1358071,CONCHO RESOURCES INC,energy,core,0001193125-19-196537,8-K,2019-07-18,8K_BODY,FLAGGED,below_length_floor,earnings_population_gate|below_length_floor,item202_slice,medium,396,0.101,0.0,0.49565,d779639d8k.htm,
1578845,Allergan plc,healthcare,core,0001193125-19-213617,8-K,2019-08-06,EX99_PRESS_RELEASE,FLAGGED,earnings_population_gate,earnings_population_gate,whole_document,medium,3035,0.0534,0.0,0.43469,d788632dex991.htm,
1099219,METLIFE INC,financials,core,0001193125-19-219280,8-K,2019-08-13,EX99_PRESS_RELEASE,FLAGGED,earnings_population_gate,earnings_population_gate,whole_document,medium,1561,0.212,0.0,0.36895,d757732dex991.htm,
1373715,"ServiceNow, Inc.",tech,core,0001193125-19-271896,8-K,2019-10-23,EX99_PRESS_RELEASE,FLAGGED,earnings_population_gate,earnings_population_gate,whole_document,medium,2370,0.0523,0.0,0.45023,d805784dex991.htm,
1578845,Allergan plc,healthcare,core,0001193125-19-284117,8-K,2019-11-05,EX99_PRESS_RELEASE,FLAGGED,earnings_population_gate,earnings_population_gate,whole_document,medium,2779,0.0435,0.0,0.45912,d830505dex991.htm,
1682852,"Moderna, Inc.",healthcare,core,0001193125-20-001732,8-K,2020-01-06,EX99_PRESS_RELEASE,FLAGGED,earnings_population_gate,earnings_population_gate,whole_document,medium,4929,0.1445,0.0,0.40202,d117801dex991.htm,
896159,Chubb Ltd,financials,core,0001193125-20-024311,8-K,2020-02-04,EX99_PRESS_RELEASE,FLAGGED,earnings_population_gate,earnings_population_gate,whole_document,medium,5145,0.0237,0.0,0.4581,d722110dex991.htm,
1682852,"Moderna, Inc.",healthcare,core,0001193125-20-049112,8-K,2020-02-26,EX99_PRESS_RELEASE,FLAGGED,earnings_population_gate,earnings_population_gate,whole_document,medium,4297,0.0379,0.0,0.42278,d891209dex991.htm,
766704,WELLTOWER INC.,materials_realestate,extension,0001193125-20-096052,8-K,2020-04-02,EX99_PRESS_RELEASE,FLAGGED,earnings_population_gate,earnings_population_gate,whole_document,medium,1427,0.0,0.0,0.41619,d911561dex991.htm,
766704,WELLTOWER INC.,materials_realestate,extension,0001193125-20-110825,8-K,2020-04-17,EX99_PRESS_RELEASE,FLAGGED,earnings_population_gate,earnings_population_gate,whole_document,medium,1161,0.0,0.0,0.38831,d159760dex991.htm,
1666700,"DuPont de Nemours, Inc.",materials_realestate,extension,0001193125-20-111531,8-K,2020-04-20,EX99_PRESS_RELEASE,FLAGGED,earnings_population_gate,earnings_population_gate,whole_document,medium,2710,0.0151,0.0,0.44984,d917730dex991.htm,
896159,Chubb Ltd,financials,core,0001193125-20-187916,8-K,2020-07-06,EX99_PRESS_RELEASE,FLAGGED,earnings_population_gate,earnings_population_gate,whole_document,medium,879,0.0455,0.0,0.43488,d939387dex991.htm,
886982,GOLDMAN SACHS GROUP INC,financials,core,0001193125-20-192968,8-K,2020-07-15,EX99_PRESS_RELEASE,FLAGGED,earnings_population_gate,earnings_population_gate,whole_document,medium,5073,0.0408,0.0,0.52376,d53148dex991.htm,
886982,GOLDMAN SACHS GROUP INC,financials,core,0001193125-20-198162,8-K,2020-07-24,EX99_PRESS_RELEASE,FLAGGED,earnings_population_gate,earnings_population_gate,whole_document,medium,646,0.0619,0.0,0.4918,d87255dex991.htm,
896159,Chubb Ltd,financials,core,0001193125-20-201001,8-K,2020-07-28,EX99_PRESS_RELEASE,FLAGGED,earnings_population_gate,earnings_population_gate,whole_document,medium,4801,0.0417,0.0,0.46856,d947899dex991.htm,
766704,WELLTOWER INC.,materials_realestate,extension,0001193125-20-264008,8-K,2020-10-05,EX99_PRESS_RELEASE,FLAGGED,earnings_population_gate,earnings_population_gate,whole_document,medium,1887,0.1341,0.0,0.3786,d939440dex991.htm,
886982,GOLDMAN SACHS GROUP INC,financials,core,0001193125-20-268983,8-K,2020-10-14,EX99_PRESS_RELEASE,FLAGGED,earnings_population_gate,earnings_population_gate,whole_document,medium,4715,0.0356,0.0,0.52442,d38229dex991.htm,
1358071,CONCHO RESOURCES INC,energy,core,0001193125-20-271651,8-K,2020-10-19,8K_BODY,FLAGGED,earnings_population_gate,earnings_population_gate,item202_slice,medium,1975,0.8122,0.0,0.4755,d68547d8k.htm,
886982,GOLDMAN SACHS GROUP INC,financials,core,0001193125-20-274226,8-K,2020-10-22,EX99_PRESS_RELEASE,FLAGGED,earnings_population_gate,earnings_population_gate,whole_document,medium,737,0.2212,0.0,0.43845,d73654dex991.htm,
1038357,PIONEER NATURAL RESOURCES CO,energy,core,0001193125-20-285688,8-K,2020-11-04,EX99_PRESS_RELEASE,FLAGGED,earnings_population_gate,earnings_population_gate,whole_document,medium,6353,0.0449,0.0,0.45152,d275259dex991.htm,
1682852,"Moderna, Inc.",healthcare,core,0001193125-21-000332,8-K,2021-01-04,EX99_PRESS_RELEASE,FLAGGED,earnings_population_gate,earnings_population_gate,whole_document,medium,5394,0.1246,0.0,0.42678,d101641dex991.htm,
1618921,"Walgreens Boots Alliance, Inc.",consumer,core,0001193125-21-003695,8-K,2021-01-07,EX99_PRESS_RELEASE,FLAGGED,earnings_population_gate,earnings_population_gate,whole_document,medium,7015,0.0298,0.0,0.47068,d104940dex991.htm,
50863,INTEL CORP,tech,core,0001193125-21-009142,8-K,2021-01-14,EX99_PRESS_RELEASE,FLAGGED,earnings_population_gate,earnings_population_gate,whole_document,medium,1181,0.0694,0.0,0.3993,d82915dex991.htm,
766704,WELLTOWER INC.,materials_realestate,extension,0001193125-21-010767,8-K,2021-01-19,EX99_PRESS_RELEASE,FLAGGED,earnings_population_gate,earnings_population_gate,whole_document,medium,5825,0.2874,0.0,0.32801,d101636dex991.htm,
1782754,AZEK Co Inc.,consumer,core,0001193125-21-011622,8-K,2021-01-19,EX99_PRESS_RELEASE,FLAGGED,earnings_population_gate,earnings_population_gate,whole_document,medium,1308,0.0329,0.0,0.57831,d111225dex991.htm,
1666700,"DuPont de Nemours, Inc.",materials_realestate,extension,0001193125-21-016937,8-K,2021-01-26,EX99_PRESS_RELEASE,FLAGGED,earnings_population_gate,earnings_population_gate,whole_document,medium,2325,0.0172,0.0,0.46962,d65852dex991.htm,
1666700,"DuPont de Nemours, Inc.",materials_realestate,extension,0001193125-21-024548,8-K,2021-02-01,EX99_PRESS_RELEASE,FLAGGED,earnings_population_gate,earnings_population_gate,whole_document,medium,2434,0.1002,0.0,0.45873,d110535dex991.htm,
1782754,AZEK Co Inc.,consumer,core,0001193125-21-037393,8-K,2021-02-11,EX99_PRESS_RELEASE,FLAGGED,earnings_population_gate,earnings_population_gate,whole_document,medium,5336,0.0469,0.0,0.51809,d118485dex991.htm,
1389170,Targa Resources Corp.,energy,core,0001193125-21-054813,8-K,2021-02-24,EX99_PRESS_RELEASE,FLAGGED,earnings_population_gate,earnings_population_gate,whole_document,medium,10107,0.2539,0.0,0.38374,d110705dex991.htm,
1682852,"Moderna, Inc.",healthcare,core,0001193125-21-055687,8-K,2021-02-25,EX99_PRESS_RELEASE,FLAGGED,earnings_population_gate,earnings_population_gate,whole_document,medium,5923,0.0206,0.0,0.39862,d118084dex991.htm,
1618921,"Walgreens Boots Alliance, Inc.",consumer,core,0001193125-21-101287,8-K,2021-03-31,EX99_PRESS_RELEASE,FLAGGED,earnings_population_gate,earnings_population_gate,whole_document,medium,9091,0.0179,0.0,0.47274,d132413dex991.htm,
1618921,"Walgreens Boots Alliance, Inc.",consumer,core,0001193125-21-101289,8-K,2021-03-31,EX99_PRESS_RELEASE,FLAGGED,earnings_population_gate,earnings_population_gate,whole_document,medium,8219,0.0049,0.0,0.42401,d149076dex991.htm,
766704,WELLTOWER INC.,materials_realestate,extension,0001193125-21-106945,8-K,2021-04-06,EX99_PRESS_RELEASE,FLAGGED,earnings_population_gate,earnings_population_gate,whole_document,medium,9145,0.3036,0.0,0.3461,d93033dex991.htm,
1035002,VALERO ENERGY CORP/TX,energy,core,0001193125-21-109599,8-K,2021-04-08,EX99_PRESS_RELEASE,FLAGGED,earnings_population_gate,earnings_population_gate,whole_document,medium,944,0.1769,0.0,0.4525,d82001dex9901.htm,
1682852,"Moderna, Inc.",healthcare,core,0001193125-21-114845,8-K,2021-04-13,EX99_PRESS_RELEASE,FLAGGED,earnings_population_gate,earnings_population_gate,whole_document,medium,2590,0.0162,0.0,0.37379,d113560dex991.htm,
1682852,"Moderna, Inc.",healthcare,core,0001193125-21-152536,8-K,2021-05-06,EX99_PRESS_RELEASE,FLAGGED,earnings_population_gate,earnings_population_gate,whole_document,medium,6399,0.0255,0.0,0.39321,d343911dex991.htm,
1618921,"Walgreens Boots Alliance, Inc.",consumer,core,0001193125-21-205520,8-K,2021-07-01,EX99_PRESS_RELEASE,FLAGGED,earnings_supplemental_diluted,earnings_supplemental_diluted,whole_document,medium,9569,0.0086,0.0,0.48491,d488366dex991.htm,
1618921,"Walgreens Boots Alliance, Inc.",consumer,core,0001193125-21-298308,8-K,2021-10-14,EX99_PRESS_RELEASE,FLAGGED,earnings_supplemental_diluted,earnings_supplemental_diluted,whole_document,medium,8367,0.0049,0.0,0.46778,d97976dex991.htm,
59478,ELI LILLY & Co,healthcare,core,0001193125-21-357380,8-K,2021-12-15,EX99_PRESS_RELEASE,FLAGGED,earnings_population_gate,earnings_population_gate,whole_document,medium,3367,0.0244,0.0,0.44037,d212746dex991.htm,
1618921,"Walgreens Boots Alliance, Inc.",consumer,core,0001193125-22-003135,8-K,2022-01-06,EX99_PRESS_RELEASE,FLAGGED,earnings_population_gate,earnings_population_gate,whole_document,medium,6594,0.0064,0.0,0.46131,d265415dex991.htm,
766704,WELLTOWER INC.,materials_realestate,extension,0001193125-22-006311,8-K,2022-01-11,EX99_PRESS_RELEASE,FLAGGED,earnings_population_gate,earnings_population_gate,whole_document,medium,9519,0.2594,0.0,0.33536,d175982dex991.htm,
89800,SHERWIN WILLIAMS CO,consumer,core,0001193125-22-009295,8-K,2022-01-14,EX99_PRESS_RELEASE,FLAGGED,earnings_population_gate,earnings_population_gate,whole_document,medium,1763,0.0465,0.0,0.4682,d293301dex99.htm,
766704,WELLTOWER INC.,materials_realestate,extension,0001193125-22-015495,8-K,2022-01-24,EX99_PRESS_RELEASE,FLAGGED,earnings_population_gate,earnings_population_gate,whole_document,medium,9711,0.2633,0.0,0.33608,d245379dex991.htm,
1682852,"Moderna, Inc.",healthcare,core,0001193125-22-051058,8-K,2022-02-24,EX99_PRESS_RELEASE,FLAGGED,earnings_population_gate,earnings_population_gate,whole_document,medium,6738,0.0248,0.0,0.39843,d318366dex991.htm,
1618921,"Walgreens Boots Alliance, Inc.",consumer,core,0001193125-22-090675,8-K,2022-03-31,EX99_PRESS_RELEASE,FLAGGED,earnings_population_gate,earnings_population_gate|earnings_supplemental_diluted,whole_document,medium,8817,0.0047,0.0,0.4672,d284306dex991.htm,
766704,WELLTOWER INC.,materials_realestate,extension,0001193125-22-095657,8-K,2022-04-05,EX99_PRESS_RELEASE,FLAGGED,earnings_population_gate,earnings_population_gate,whole_document,medium,5220,0.1782,0.0,0.32527,d285972dex991.htm,
766704,WELLTOWER INC.,materials_realestate,extension,0001193125-22-113084,8-K,2022-04-21,EX99_PRESS_RELEASE,FLAGGED,earnings_population_gate,earnings_population_gate,whole_document,medium,4687,0.0352,0.0,0.33637,d693205dex991.htm,
766704,WELLTOWER INC.,materials_realestate,extension,0001193125-22-146649,8-K,2022-05-11,EX99_PRESS_RELEASE,FLAGGED,earnings_population_gate,earnings_population_gate,whole_document,medium,7832,0.031,0.0,0.35307,d320796dex991.htm,
766704,WELLTOWER INC.,materials_realestate,extension,0001193125-22-168606,8-K,2022-06-07,EX99_PRESS_RELEASE,FLAGGED,earnings_population_gate,earnings_population_gate,whole_document,medium,8329,0.2083,0.0,0.3526,d306291dex991.htm,
1618921,"Walgreens Boots Alliance, Inc.",consumer,core,0001193125-22-185566,8-K,2022-06-30,EX99_PRESS_RELEASE,FLAGGED,earnings_supplemental_diluted,earnings_supplemental_diluted,whole_document,medium,9640,0.0214,0.0,0.47797,d698857dex991.htm,
1341439,ORACLE CORP,tech,core,0001193125-22-191296,8-K,2022-07-11,EX99_PRESS_RELEASE,FLAGGED,earnings_population_gate,earnings_population_gate,whole_document,medium,475,0.1789,0.0,0.40133,d331231dex991.htm,
766704,WELLTOWER INC.,materials_realestate,extension,0001193125-22-192860,8-K,2022-07-13,EX99_PRESS_RELEASE,FLAGGED,earnings_population_gate,earnings_population_gate|earnings_supplemental_diluted,whole_document,medium,5186,0.1238,0.0,0.32569,d370435dex991.htm,
1564408,Snap Inc,tech,core,0001193125-22-234696,8-K,2022-08-31,EX99_PRESS_RELEASE,FLAGGED,earnings_population_gate,earnings_population_gate,whole_document,medium,1041,0.3141,0.0,0.43965,d400240dex991.htm,
766704,WELLTOWER INC.,materials_realestate,extension,0001193125-22-257269,8-K,2022-10-04,EX99_PRESS_RELEASE,FLAGGED,earnings_population_gate,earnings_population_gate,whole_document,medium,4934,0.1255,0.0,0.36292,d250345dex991.htm,
1618921,"Walgreens Boots Alliance, Inc.",consumer,core,0001193125-22-261830,8-K,2022-10-13,EX99_PRESS_RELEASE,FLAGGED,earnings_supplemental_diluted,earnings_supplemental_diluted,whole_document,medium,9887,0.0121,0.0,0.46999,d562346dex991.htm,
1618921,"Walgreens Boots Alliance, Inc.",consumer,core,0001193125-23-001957,8-K,2023-01-05,EX99_PRESS_RELEASE,FLAGGED,earnings_population_gate,earnings_population_gate,whole_document,medium,7624,0.0,0.0,0.45771,d424631dex991.htm,
1618921,"Walgreens Boots Alliance, Inc.",consumer,core,0001193125-23-081355,8-K,2023-03-28,EX99_PRESS_RELEASE,FLAGGED,earnings_population_gate,earnings_population_gate|earnings_supplemental_diluted,whole_document,medium,8906,0.0,0.0,0.45921,d488903dex991.htm,
1137789,Seagate Technology Holdings plc,tech,core,0001193125-23-106624,8-K,2023-04-19,EX99_PRESS_RELEASE,FLAGGED,earnings_population_gate,earnings_population_gate,whole_document,medium,897,0.1371,0.0,0.42268,d497922dex991.htm,
32604,EMERSON ELECTRIC CO,industrials,extension,0001193125-23-133091,8-K,2023-05-03,EX99_PRESS_RELEASE,FLAGGED,earnings_population_gate,earnings_population_gate,whole_document,medium,4712,0.0,0.0,0.39614,d476266dex991.htm,
766704,WELLTOWER INC.,materials_realestate,extension,0001193125-23-161225,8-K,2023-06-06,EX99_PRESS_RELEASE,FLAGGED,earnings_population_gate,earnings_population_gate,whole_document,medium,5078,0.1845,0.0,0.33063,d475346dex991.htm,
1618921,"Walgreens Boots Alliance, Inc.",consumer,core,0001193125-23-175558,8-K,2023-06-27,EX99_PRESS_RELEASE,FLAGGED,earnings_supplemental_diluted,earnings_supplemental_diluted,whole_document,medium,9965,0.0,0.0,0.46142,d504570dex991.htm,
1618921,"Walgreens Boots Alliance, Inc.",consumer,core,0001193125-23-254615,8-K,2023-10-12,EX99_PRESS_RELEASE,FLAGGED,earnings_supplemental_diluted,earnings_supplemental_diluted,whole_document,medium,9342,0.0,0.0,0.46037,d558457dex991.htm,
798354,FISERV INC,financials,core,0001193125-23-277510,8-K,2023-11-15,EX99_PRESS_RELEASE,FLAGGED,earnings_population_gate,earnings_population_gate,whole_document,medium,1419,0.0,0.0,0.50136,d416532dex991.htm,
78003,PFIZER INC,healthcare,core,0001193125-23-294930,8-K,2023-12-14,EX99_PRESS_RELEASE,FLAGGED,earnings_population_gate,earnings_population_gate,whole_document,medium,1472,0.0285,0.0,0.39777,d553734dex991.htm,
1618921,"Walgreens Boots Alliance, Inc.",consumer,core,0001193125-24-001901,8-K,2024-01-04,EX99_PRESS_RELEASE,FLAGGED,earnings_population_gate,earnings_population_gate|earnings_supplemental_diluted,whole_document,medium,6771,0.0062,0.0,0.45894,d605513dex991.htm,
766704,WELLTOWER INC.,materials_realestate,extension,0001193125-24-011737,8-K,2024-01-22,EX99_PRESS_RELEASE,FLAGGED,earnings_population_gate,earnings_population_gate,whole_document,medium,4973,0.1625,0.0,0.3418,d296359dex991.htm,
1156039,"Elevance Health, Inc.",healthcare,core,0001193125-24-013498,8-K,2024-01-24,EX99_PRESS_RELEASE,FLAGGED,earnings_supplemental_diluted,earnings_supplemental_diluted,whole_document,medium,5638,0.0427,0.0,0.51122,d736006dex991.htm,
798354,FISERV INC,financials,core,0001193125-24-077703,8-K,2024-03-26,EX99_PRESS_RELEASE,FLAGGED,earnings_population_gate,earnings_population_gate,whole_document,medium,3480,0.0,0.0,0.50055,d817941dex991.htm,
1618921,"Walgreens Boots Alliance, Inc.",consumer,core,0001193125-24-079608,8-K,2024-03-28,EX99_PRESS_RELEASE,FLAGGED,earnings_population_gate,earnings_population_gate|earnings_supplemental_diluted,whole_document,medium,9174,0.0088,0.0,0.46128,d817592dex991.htm,
1156039,"Elevance Health, Inc.",healthcare,core,0001193125-24-099824,8-K,2024-04-18,EX99_PRESS_RELEASE,FLAGGED,earnings_supplemental_diluted,earnings_supplemental_diluted,whole_document,medium,4563,0.0618,0.0,0.48567,d813732dex991.htm,
1136893,"Fidelity National Information Services, Inc.",financials,core,0001193125-24-133216,8-K,2024-05-07,EX99_PRESS_RELEASE,FLAGGED,earnings_population_gate,earnings_population_gate,whole_document,medium,13351,0.0846,0.0,0.28077,d832826dex991.htm,
1618921,"Walgreens Boots Alliance, Inc.",consumer,core,0001193125-24-169687,8-K,2024-06-27,EX99_PRESS_RELEASE,FLAGGED,earnings_supplemental_diluted,earnings_supplemental_diluted,whole_document,medium,9225,0.0089,0.0,0.47051,d787007dex991.htm,
1393612,Discover Financial Services,financials,core,0001193125-24-180198,8-K,2024-07-17,EX99_PRESS_RELEASE,FLAGGED,earnings_population_gate,earnings_population_gate,whole_document,medium,894,0.0447,0.0,0.47685,d873146dex991.htm,
1618921,"Walgreens Boots Alliance, Inc.",consumer,core,0001193125-24-237203,8-K,2024-10-15,EX99_PRESS_RELEASE,FLAGGED,earnings_supplemental_diluted,earnings_supplemental_diluted,whole_document,medium,10015,0.0042,0.0,0.46088,d870298dex991.htm,
64803,CVS HEALTH Corp,consumer,core,0001193125-24-239193,8-K,2024-10-18,EX99_PRESS_RELEASE,FLAGGED,earnings_population_gate,earnings_population_gate,whole_document,medium,1892,0.0682,0.0,0.44245,d837701dex991.htm,
1618921,"Walgreens Boots Alliance, Inc.",consumer,core,0001193125-25-004072,8-K,2025-01-10,EX99_PRESS_RELEASE,FLAGGED,earnings_supplemental_diluted,earnings_supplemental_diluted,whole_document,medium,7305,0.0055,0.0,0.4583,d880765dex991.htm,
2969,"Air Products & Chemicals, Inc.",materials_realestate,extension,0001193125-25-006210,8-K,2025-01-14,EX99_PRESS_RELEASE,FLAGGED,earnings_population_gate,earnings_population_gate,whole_document,medium,2324,0.0865,0.0,0.44221,d899427dex991.htm,
106040,WESTERN DIGITAL CORP,tech,core,0001193125-25-007725,8-K,2025-01-16,8K_BODY,FLAGGED,earnings_population_gate,earnings_population_gate,item202_slice,medium,1030,0.7913,0.0,0.49248,d856730d8k.htm,
1618921,"Walgreens Boots Alliance, Inc.",consumer,core,0001193125-25-075095,8-K,2025-04-08,EX99_PRESS_RELEASE,FLAGGED,earnings_population_gate,earnings_population_gate|earnings_supplemental_diluted,whole_document,medium,9192,0.0088,0.0,0.47336,d894297dex991.htm,
1035002,VALERO ENERGY CORP/TX,energy,core,0001193125-25-082159,8-K,2025-04-16,8K_BODY,FLAGGED,earnings_item202_block_thin,earnings_population_gate|earnings_item202_block_thin,item202_slice,medium,608,0.7188,0.0,0.46897,d84892d8k.htm,
1136893,"Fidelity National Information Services, Inc.",financials,core,0001193125-25-083595,8-K,2025-04-17,EX99_PRESS_RELEASE,FLAGGED,earnings_population_gate,earnings_population_gate,whole_document,medium,2986,0.0,0.0,0.46103,d934755dex991.htm,
1618921,"Walgreens Boots Alliance, Inc.",consumer,core,0001193125-25-147528,8-K,2025-06-26,EX99_PRESS_RELEASE,FLAGGED,earnings_population_gate,earnings_population_gate|earnings_supplemental_diluted,whole_document,medium,9235,0.0044,0.0,0.47759,d919053dex991.htm,
1136893,"Fidelity National Information Services, Inc.",financials,core,0001193125-26-065257,8-K,2026-02-24,EX99_PRESS_RELEASE,FLAGGED,earnings_population_gate,earnings_population_gate,whole_document,medium,2109,0.019,0.0,0.43314,d78935dex991.htm,
1564408,Snap Inc,tech,core,0001193125-26-155861,8-K,2026-04-15,EX99_PRESS_RELEASE,FLAGGED,earnings_population_gate,earnings_population_gate,whole_document,medium,419,0.2936,0.0,0.39216,d36756dex991.htm,
1137774,PRUDENTIAL FINANCIAL INC,financials,core,0001193125-26-166839,8-K,2026-04-21,EX99_PRESS_RELEASE,FLAGGED,earnings_population_gate,earnings_population_gate,whole_document,medium,1202,0.0,0.0,0.40913,d143575dex991.htm,
24741,CORNING INC /NY,materials_realestate,extension,0001206774-24-000650,8-K,2024-07-08,EX99_PRESS_RELEASE,FLAGGED,earnings_population_gate,earnings_population_gate,whole_document,medium,1745,0.0,0.0,0.42726,glw4353151-ex991.htm,
769397,"Autodesk, Inc.",tech,core,0001213900-24-049057,8-K,2024-06-03,EX99_PRESS_RELEASE,FLAGGED,earnings_population_gate,earnings_population_gate,whole_document,medium,2032,0.0,0.0,0.44806,ea020725401ex99-1_autodesk.htm,
804328,QUALCOMM INC/DE,tech,core,0001234452-16-000482,8-K,2016-07-20,EX99_PRESS_RELEASE,FLAGGED,earnings_supplemental_diluted,earnings_supplemental_diluted,whole_document,medium,5108,0.4119,0.0,0.49239,qcom62616erex991.htm,
804328,QUALCOMM INC/DE,tech,core,0001234452-16-000551,8-K,2016-11-02,EX99_PRESS_RELEASE,FLAGGED,earnings_supplemental_diluted,earnings_supplemental_diluted,whole_document,medium,5718,0.3513,0.0,0.50056,qcom92516erex991.htm,
804328,QUALCOMM INC/DE,tech,core,0001234452-17-000026,8-K,2017-01-25,EX99_PRESS_RELEASE,FLAGGED,earnings_supplemental_diluted,earnings_supplemental_diluted,whole_document,medium,4687,0.4487,0.0,0.49417,qcom122516erex991.htm,
804328,QUALCOMM INC/DE,tech,core,0001234452-17-000075,8-K,2017-04-19,EX99_PRESS_RELEASE,FLAGGED,earnings_supplemental_diluted,earnings_supplemental_diluted,whole_document,medium,5385,0.4715,0.0,0.49661,qcom032617erex991.htm,
804328,QUALCOMM INC/DE,tech,core,0001234452-17-000153,8-K,2017-07-19,EX99_PRESS_RELEASE,FLAGGED,earnings_supplemental_diluted,earnings_supplemental_diluted,whole_document,medium,4947,0.4669,0.0,0.49247,qcom062517erex991.htm,
804328,QUALCOMM INC/DE,tech,core,0001234452-17-000189,8-K,2017-11-01,EX99_PRESS_RELEASE,FLAGGED,earnings_supplemental_diluted,earnings_supplemental_diluted,whole_document,medium,5740,0.4261,0.0,0.50197,qcom092417erex991.htm,
1276187,Energy Transfer LP,energy,core,0001276187-18-000064,8-K,2018-11-07,EX99_PRESS_RELEASE,FLAGGED,earnings_supplemental_diluted,earnings_supplemental_diluted,whole_document,medium,7442,0.3236,0.0,0.47216,ex991eterq32018.htm,
1276187,Energy Transfer LP,energy,core,0001276187-19-000008,8-K,2019-02-20,EX99_PRESS_RELEASE,FLAGGED,earnings_supplemental_diluted,earnings_supplemental_diluted,whole_document,medium,7009,0.2918,0.0,0.47363,ex991eterq42018.htm,
1276187,Energy Transfer LP,energy,core,0001276187-19-000019,8-K,2019-05-08,EX99_PRESS_RELEASE,FLAGGED,earnings_supplemental_diluted,earnings_supplemental_diluted,whole_document,medium,6371,0.2665,0.0,0.47598,ex991eterq12019.htm,
1276187,Energy Transfer LP,energy,core,0001276187-19-000030,8-K,2019-08-07,EX99_PRESS_RELEASE,FLAGGED,earnings_supplemental_diluted,earnings_supplemental_diluted,whole_document,medium,6446,0.2616,0.0,0.48472,ex991eterq22019.htm,
1276187,Energy Transfer LP,energy,core,0001276187-19-000047,8-K,2019-11-06,EX99_PRESS_RELEASE,FLAGGED,earnings_supplemental_diluted,earnings_supplemental_diluted,whole_document,medium,6547,0.3247,0.0,0.48105,ex991eterq32019.htm,
1276187,Energy Transfer LP,energy,core,0001276187-20-000009,8-K,2020-02-19,EX99_PRESS_RELEASE,FLAGGED,earnings_supplemental_diluted,earnings_supplemental_diluted,whole_document,medium,6950,0.4505,0.0,0.48729,ex991eterq42019.htm,
1276187,Energy Transfer LP,energy,core,0001276187-20-000019,8-K,2020-05-11,EX99_PRESS_RELEASE,FLAGGED,earnings_supplemental_diluted,earnings_supplemental_diluted,whole_document,medium,6785,0.3742,0.0,0.49633,ex991eterq12020.htm,
1276187,Energy Transfer LP,energy,core,0001276187-20-000022,8-K,2020-08-05,EX99_PRESS_RELEASE,FLAGGED,earnings_supplemental_diluted,earnings_supplemental_diluted,whole_document,medium,6721,0.3589,0.0,0.48721,ex991eterq22020.htm,
1276187,Energy Transfer LP,energy,core,0001276187-20-000041,8-K,2020-11-04,EX99_PRESS_RELEASE,FLAGGED,earnings_supplemental_diluted,earnings_supplemental_diluted,whole_document,medium,6603,0.448,0.0,0.48674,ex991eterq32020.htm,
1276187,Energy Transfer LP,energy,core,0001276187-21-000023,8-K,2021-02-17,EX99_PRESS_RELEASE,FLAGGED,earnings_supplemental_diluted,earnings_supplemental_diluted,whole_document,medium,6829,0.4457,0.0,0.4838,et12312020ex991er.htm,
1276187,Energy Transfer LP,energy,core,0001276187-21-000043,8-K,2021-05-06,EX99_PRESS_RELEASE,FLAGGED,earnings_supplemental_diluted,earnings_supplemental_diluted,whole_document,medium,6722,0.5134,0.0,0.47453,ex991eterq12021.htm,
1276187,Energy Transfer LP,energy,core,0001276187-21-000062,8-K,2021-08-03,EX99_PRESS_RELEASE,FLAGGED,earnings_supplemental_diluted,earnings_supplemental_diluted,whole_document,medium,6300,0.4468,0.0,0.48074,ex991eterq22021.htm,
1276187,Energy Transfer LP,energy,core,0001276187-21-000073,8-K,2021-11-03,EX99_PRESS_RELEASE,FLAGGED,earnings_supplemental_diluted,earnings_supplemental_diluted,whole_document,medium,6370,0.4166,0.0,0.4841,ex991eterq32021.htm,
1276187,Energy Transfer LP,energy,core,0001276187-22-000010,8-K,2022-02-16,EX99_PRESS_RELEASE,FLAGGED,earnings_supplemental_diluted,earnings_supplemental_diluted,whole_document,medium,7042,0.4847,0.0,0.48868,et12312021ex991er.htm,
1276187,Energy Transfer LP,energy,core,0001276187-22-000039,8-K,2022-05-04,EX99_PRESS_RELEASE,FLAGGED,earnings_supplemental_diluted,earnings_supplemental_diluted,whole_document,medium,6747,0.4996,0.0,0.48264,ex991eterq12022.htm,
1276187,Energy Transfer LP,energy,core,0001276187-22-000054,8-K,2022-08-03,EX99_PRESS_RELEASE,FLAGGED,earnings_supplemental_diluted,earnings_supplemental_diluted,whole_document,medium,6601,0.4564,0.0,0.4857,ex991eterq22022.htm,
1276187,Energy Transfer LP,energy,core,0001276187-22-000068,8-K,2022-11-01,EX99_PRESS_RELEASE,FLAGGED,earnings_supplemental_diluted,earnings_supplemental_diluted,whole_document,medium,6616,0.4645,0.0,0.48081,ex991eterq32022.htm,
1276187,Energy Transfer LP,energy,core,0001276187-23-000008,8-K,2023-02-15,EX99_PRESS_RELEASE,FLAGGED,earnings_supplemental_diluted,earnings_supplemental_diluted,whole_document,medium,6267,0.4292,0.0,0.47315,et12312022ex991er.htm,
1276187,Energy Transfer LP,energy,core,0001276187-23-000029,8-K,2023-05-02,EX99_PRESS_RELEASE,FLAGGED,earnings_supplemental_diluted,earnings_supplemental_diluted,whole_document,medium,5803,0.3943,0.0,0.47967,ex991eterq12023.htm,
1276187,Energy Transfer LP,energy,core,0001276187-23-000056,8-K,2023-08-02,EX99_PRESS_RELEASE,FLAGGED,earnings_supplemental_diluted,earnings_supplemental_diluted,whole_document,medium,5985,0.3719,0.0,0.47893,ex991eterq22023.htm,
1276187,Energy Transfer LP,energy,core,0001276187-23-000088,8-K,2023-11-01,EX99_PRESS_RELEASE,FLAGGED,earnings_supplemental_diluted,earnings_supplemental_diluted,whole_document,medium,6103,0.3998,0.0,0.4766,ex991eterq32023.htm,
1276187,Energy Transfer LP,energy,core,0001276187-24-000016,8-K,2024-02-14,EX99_PRESS_RELEASE,FLAGGED,earnings_supplemental_diluted,earnings_supplemental_diluted,whole_document,medium,6088,0.4427,0.0,0.48018,et12312023ex991er.htm,
1276187,Energy Transfer LP,energy,core,0001276187-24-000035,8-K,2024-05-08,EX99_PRESS_RELEASE,FLAGGED,earnings_supplemental_diluted,earnings_supplemental_diluted,whole_document,medium,5778,0.3854,0.0,0.47595,ex991eterq12024.htm,
1276187,Energy Transfer LP,energy,core,0001276187-24-000074,8-K,2024-08-07,EX99_PRESS_RELEASE,FLAGGED,earnings_supplemental_diluted,earnings_supplemental_diluted,whole_document,medium,6093,0.4055,0.0,0.4794,ex991eterq22024.htm,
1276187,Energy Transfer LP,energy,core,0001276187-24-000102,8-K,2024-11-06,EX99_PRESS_RELEASE,FLAGGED,earnings_supplemental_diluted,earnings_supplemental_diluted,whole_document,medium,6003,0.4068,0.0,0.4779,ex991eterq32024.htm,
1276187,Energy Transfer LP,energy,core,0001276187-25-000008,8-K,2025-02-11,EX99_PRESS_RELEASE,FLAGGED,earnings_supplemental_diluted,earnings_supplemental_diluted,whole_document,medium,6094,0.4163,0.0,0.47429,et12312024ex991er.htm,
1276187,Energy Transfer LP,energy,core,0001276187-25-000048,8-K,2025-05-06,EX99_PRESS_RELEASE,FLAGGED,earnings_supplemental_diluted,earnings_supplemental_diluted,whole_document,medium,5448,0.3849,0.0,0.47413,ex991eterq12025.htm,
1276187,Energy Transfer LP,energy,core,0001276187-25-000080,8-K,2025-08-06,EX99_PRESS_RELEASE,FLAGGED,earnings_supplemental_diluted,earnings_supplemental_diluted,whole_document,medium,6105,0.4167,0.0,0.46622,ex991eterq22025.htm,
1276187,Energy Transfer LP,energy,core,0001276187-25-000116,8-K,2025-11-05,EX99_PRESS_RELEASE,FLAGGED,earnings_supplemental_diluted,earnings_supplemental_diluted,whole_document,medium,6018,0.4164,0.0,0.47199,ex991eterq32025.htm,
1276187,Energy Transfer LP,energy,core,0001276187-26-000004,8-K,2026-02-17,EX99_PRESS_RELEASE,FLAGGED,earnings_supplemental_diluted,earnings_supplemental_diluted,whole_document,medium,6370,0.4397,0.0,0.47418,et12312025ex991er.htm,
1276187,Energy Transfer LP,energy,core,0001276187-26-000021,8-K,2026-05-05,EX99_PRESS_RELEASE,FLAGGED,earnings_supplemental_diluted,earnings_supplemental_diluted,whole_document,medium,6283,0.4504,0.0,0.47654,ex991eterq12026.htm,
1276187,Energy Transfer LP,energy,core,0001276187-26-000033,8-K,2026-08-04,EX99_PRESS_RELEASE,FLAGGED,earnings_supplemental_diluted,earnings_supplemental_diluted,whole_document,medium,6210,0.3921,0.0,0.47431,ex991eterq22026.htm,
1297996,"DIGITAL REALTY TRUST, INC.",materials_realestate,extension,0001297996-15-000065,8-K,2015-07-30,EX99_PRESS_RELEASE,FLAGGED,earnings_population_gate,earnings_population_gate,whole_document,medium,24521,0.2404,0.0,0.36034,a2q15financialsupplemental.htm,
1297996,"DIGITAL REALTY TRUST, INC.",materials_realestate,extension,0001297996-15-000069,8-K,2015-07-30,EX99_PRESS_RELEASE,FLAGGED,earnings_population_gate,earnings_population_gate,whole_document,medium,6800,0.9979,0.00066,0.37384,a2q15earningsdeck.htm,
1297996,"DIGITAL REALTY TRUST, INC.",materials_realestate,extension,0001297996-15-000084,8-K,2015-10-29,EX99_PRESS_RELEASE,FLAGGED,earnings_population_gate,earnings_population_gate,whole_document,medium,24643,0.2325,0.0,0.36011,a3q15financialsupplemental.htm,
1297996,"DIGITAL REALTY TRUST, INC.",materials_realestate,extension,0001297996-15-000086,8-K,2015-10-29,EX99_PRESS_RELEASE,FLAGGED,earnings_population_gate,earnings_population_gate,whole_document,medium,5105,0.998,0.0006,0.38852,a3q15earningsdeck.htm,
1297996,"DIGITAL REALTY TRUST, INC.",materials_realestate,extension,0001297996-16-000119,8-K,2016-02-25,EX99_PRESS_RELEASE,FLAGGED,earnings_population_gate,earnings_population_gate,whole_document,medium,25319,0.2516,0.0,0.36278,a4q15financialsupplemental.htm,
1297996,"DIGITAL REALTY TRUST, INC.",materials_realestate,extension,0001297996-16-000121,8-K,2016-02-25,EX99_PRESS_RELEASE,FLAGGED,earnings_population_gate,earnings_population_gate,whole_document,medium,6249,0.999,0.00012,0.3987,a4q15earningsdeck.htm,
1297996,"DIGITAL REALTY TRUST, INC.",materials_realestate,extension,0001297996-16-000164,8-K,2016-04-28,EX99_PRESS_RELEASE,FLAGGED,earnings_population_gate,earnings_population_gate,whole_document,medium,24245,0.2396,0.0,0.3581,a1q16financialsupplemental.htm,
1297996,"DIGITAL REALTY TRUST, INC.",materials_realestate,extension,0001297996-16-000166,8-K,2016-04-28,EX99_PRESS_RELEASE,FLAGGED,earnings_population_gate,earnings_population_gate,whole_document,medium,5021,0.9988,0.00012,0.38879,a1q16earningsdeck.htm,
1297996,"DIGITAL REALTY TRUST, INC.",materials_realestate,extension,0001297996-16-000201,8-K,2016-07-28,EX99_PRESS_RELEASE,FLAGGED,earnings_population_gate,earnings_population_gate,whole_document,medium,24588,0.238,0.0,0.35963,a2q16financialsupplemental.htm,
1297996,"DIGITAL REALTY TRUST, INC.",materials_realestate,extension,0001297996-16-000203,8-K,2016-07-28,EX99_PRESS_RELEASE,FLAGGED,garbled_text,earnings_population_gate|earnings_thin_document|below_length_floor|garbled_text,whole_document,medium,108,0.0,0.01572,0.33333,a2q16earningsdeck.htm,
1297996,"DIGITAL REALTY TRUST, INC.",materials_realestate,extension,0001297996-16-000264,8-K,2016-10-27,EX99_PRESS_RELEASE,FLAGGED,earnings_population_gate,earnings_population_gate,whole_document,medium,25346,0.2479,0.0,0.36143,a3q16financialsupplemental.htm,
1297996,"DIGITAL REALTY TRUST, INC.",materials_realestate,extension,0001297996-16-000265,8-K,2016-10-27,EX99_PRESS_RELEASE,FLAGGED,earnings_population_gate,earnings_population_gate,whole_document,medium,3886,0.0,0.00038,0.43107,a3q16earningsdecka01.htm,
1297996,"DIGITAL REALTY TRUST, INC.",materials_realestate,extension,0001297996-18-000122,8-K,2018-07-26,EX99_PRESS_RELEASE,FLAGGED,earnings_population_gate,earnings_population_gate,whole_document,medium,19796,0.2474,0.0,0.37802,a2q18financialsupplemental.htm,
1297996,"DIGITAL REALTY TRUST, INC.",materials_realestate,extension,0001297996-18-000125,8-K,2018-07-26,EX99_PRESS_RELEASE,FLAGGED,garbled_text,earnings_population_gate|garbled_text,whole_document,medium,2063,0.9312,0.0,0.03635,a2q18earningsdecka01c.htm,
1297996,"DIGITAL REALTY TRUST, INC.",materials_realestate,extension,0001297996-19-000144,8-K,2019-10-29,EX99_PRESS_RELEASE,FLAGGED,earnings_population_gate,earnings_population_gate,whole_document,medium,20370,0.2404,0.0,0.37888,a3q19financialsupplemental.htm,
1297996,"DIGITAL REALTY TRUST, INC.",materials_realestate,extension,0001297996-19-000146,8-K,2019-10-29,EX99_PRESS_RELEASE,FLAGGED,earnings_population_gate,earnings_population_gate,whole_document,medium,4845,0.9975,0.0,0.38282,a3q19investordecka01y.htm,
1358071,CONCHO RESOURCES INC,energy,core,0001358071-19-000013,8-K,2019-10-10,8K_BODY,FLAGGED,below_length_floor,earnings_population_gate|below_length_floor,item202_slice,medium,396,0.3434,0.0,0.49565,a8-k10x10x2019.htm,
1358071,CONCHO RESOURCES INC,energy,core,0001358071-19-000019,8-K,2019-10-30,EX99_PRESS_RELEASE,FLAGGED,earnings_population_gate,earnings_population_gate,whole_document,medium,5335,0.3166,0.0,0.47568,pressrelease9-30x2019.htm,
1358071,CONCHO RESOURCES INC,energy,core,0001358071-20-000004,8-K,2020-01-17,8K_BODY,FLAGGED,below_length_floor,earnings_population_gate|below_length_floor,item202_slice,medium,400,0.34,0.0,0.49856,a8-k1172020.htm,
1358071,CONCHO RESOURCES INC,energy,core,0001358071-20-000008,8-K,2020-02-18,EX99_PRESS_RELEASE,FLAGGED,earnings_population_gate,earnings_population_gate,whole_document,medium,6246,0.3021,0.0,0.46681,pressrelease12312019.htm,
1358071,CONCHO RESOURCES INC,energy,core,0001358071-20-000013,8-K,2020-04-09,8K_BODY,FLAGGED,below_length_floor,earnings_population_gate|below_length_floor,item202_slice,medium,433,0.3141,0.0,0.49737,a8-k492020.htm,
1358071,CONCHO RESOURCES INC,energy,core,0001358071-20-000028,8-K,2020-04-30,EX99_PRESS_RELEASE,FLAGGED,earnings_population_gate,earnings_population_gate,whole_document,medium,5278,0.3736,0.0,0.46164,pressrelease3-31x2020.htm,
1358071,CONCHO RESOURCES INC,energy,core,0001358071-20-000036,8-K,2020-07-13,8K_BODY,FLAGGED,below_length_floor,earnings_population_gate|below_length_floor,item202_slice,medium,433,0.3141,0.0,0.5,a8-k792020.htm,
1358071,CONCHO RESOURCES INC,energy,core,0001358071-20-000040,8-K,2020-07-29,EX99_PRESS_RELEASE,FLAGGED,earnings_population_gate,earnings_population_gate,whole_document,medium,5913,0.3562,0.0,0.47148,pressrelease6-30x2020.htm,
1358071,CONCHO RESOURCES INC,energy,core,0001358071-20-000050,8-K,2020-10-08,8K_BODY,FLAGGED,below_length_floor,earnings_population_gate|below_length_floor,item202_slice,medium,452,0.3009,0.0,0.48232,cxo-20201008.htm,
1358071,CONCHO RESOURCES INC,energy,core,0001358071-20-000058,8-K,2020-10-27,EX99_PRESS_RELEASE,FLAGGED,earnings_population_gate,earnings_population_gate,whole_document,medium,4451,0.3503,0.0,0.46026,pressrelease9-30x2020.htm,
1373715,"ServiceNow, Inc.",tech,core,0001373715-16-000345,8-K,2016-04-13,8K_BODY,FLAGGED,below_length_floor,earnings_population_gate|earnings_thin_document|below_length_floor,item202_slice,medium,199,0.7085,0.0,0.52174,a8k20160416.htm,
1373715,"ServiceNow, Inc.",tech,core,0001373715-19-000265,8-K,2019-10-23,EX99_PRESS_RELEASE,FLAGGED,earnings_population_gate,earnings_population_gate,whole_document,medium,5851,0.3234,0.0,0.4791,erq3fy19-document.htm,
1390777,Bank of New York Mellon Corp,financials,core,0001390777-16-000144,8-K,2016-01-21,EX99_PRESS_RELEASE,FLAGGED,earnings_population_gate,earnings_population_gate,whole_document,medium,14919,0.2058,0.0,0.4358,ex991_earningsrelease4q15.htm,
1393612,Discover Financial Services,financials,core,0001393612-24-000042,8-K,2024-07-17,EX99_PRESS_RELEASE,FLAGGED,earnings_population_gate,earnings_population_gate,whole_document,medium,2676,0.8565,0.0,0.46429,dfs-earningsreleasex2q24ex.htm,
1393612,Discover Financial Services,financials,core,0001393612-24-000055,8-K,2024-10-16,EX99_PRESS_RELEASE,FLAGGED,earnings_population_gate,earnings_population_gate,whole_document,medium,2523,0.849,0.0,0.46179,dfs-earningsreleasex3q24ex.htm,
1393612,Discover Financial Services,financials,core,0001393612-24-000077,8-K,2024-12-23,EX99_PRESS_RELEASE,FLAGGED,earnings_population_gate,earnings_population_gate,whole_document,medium,2285,0.1295,0.0,0.49188,dfsex991_updatedfinancials.htm,
1404912,KKR & Co. Inc.,financials,core,0001404912-19-000008,8-K,2019-04-30,EX99_PRESS_RELEASE,FLAGGED,earnings_population_gate,earnings_population_gate,whole_document,medium,8950,0.4427,0.0,0.45342,q119earningsrelease.htm,
1404912,KKR & Co. Inc.,financials,core,0001404912-20-000009,8-K,2020-05-06,EX99_PRESS_RELEASE,FLAGGED,earnings_population_gate,earnings_population_gate,whole_document,medium,8822,0.4687,0.0,0.47099,q120earningsrelease.htm,
1404912,KKR & Co. Inc.,financials,core,0001404912-21-000025,8-K,2021-08-03,EX99_PRESS_RELEASE,FLAGGED,earnings_supplemental_diluted,earnings_supplemental_diluted,whole_document,medium,12462,0.9978,0.0,0.4195,q221earningsrelease_vf.htm,
1404912,KKR & Co. Inc.,financials,core,0001404912-21-000033,8-K,2021-11-02,EX99_PRESS_RELEASE,FLAGGED,earnings_supplemental_diluted,earnings_supplemental_diluted,whole_document,medium,12564,0.9979,0.0,0.41662,q321earningsrelease_vf.htm,
1404912,KKR & Co. Inc.,financials,core,0001404912-22-000002,8-K,2022-02-08,EX99_PRESS_RELEASE,FLAGGED,earnings_supplemental_diluted,earnings_supplemental_diluted,whole_document,medium,12614,0.9979,0.0,0.42597,q421earningsrelease_vf.htm,
1404912,KKR & Co. Inc.,financials,core,0001404912-22-000007,8-K,2022-05-03,EX99_PRESS_RELEASE,FLAGGED,earnings_supplemental_diluted,earnings_supplemental_diluted,whole_document,medium,12436,0.9978,0.0,0.42463,q122earningsrelease_vf.htm,
1404912,KKR & Co. Inc.,financials,core,0001404912-22-000012,8-K,2022-08-02,EX99_PRESS_RELEASE,FLAGGED,earnings_supplemental_diluted,earnings_supplemental_diluted,whole_document,medium,13239,0.998,0.0,0.42221,q222earningsrelease_vf.htm,
1404912,KKR & Co. Inc.,financials,core,0001404912-22-000017,8-K,2022-11-01,EX99_PRESS_RELEASE,FLAGGED,earnings_supplemental_diluted,earnings_supplemental_diluted,whole_document,medium,13213,0.998,0.0,0.42144,q322earningsrelease_vf.htm,
1404912,KKR & Co. Inc.,financials,core,0001404912-23-000002,8-K,2023-02-07,EX99_PRESS_RELEASE,FLAGGED,earnings_supplemental_diluted,earnings_supplemental_diluted,whole_document,medium,13629,0.998,0.0,0.42546,q422earningsrelease_vf.htm,
1404912,KKR & Co. Inc.,financials,core,0001404912-23-000011,8-K,2023-05-08,EX99_PRESS_RELEASE,FLAGGED,earnings_supplemental_diluted,earnings_supplemental_diluted,whole_document,medium,13232,0.998,0.0,0.42791,q123earningsrelease_vf.htm,
1404912,KKR & Co. Inc.,financials,core,0001404912-23-000017,8-K,2023-08-07,EX99_PRESS_RELEASE,FLAGGED,earnings_supplemental_diluted,earnings_supplemental_diluted,whole_document,medium,13398,0.998,0.0,0.4272,q223earningsrelease_vf.htm,
1404912,KKR & Co. Inc.,financials,core,0001404912-23-000022,8-K,2023-11-07,EX99_PRESS_RELEASE,FLAGGED,earnings_supplemental_diluted,earnings_supplemental_diluted,whole_document,medium,13577,0.998,0.0,0.42679,q323earningsrelease_vf.htm,
1404912,KKR & Co. Inc.,financials,core,0001404912-24-000002,8-K,2024-02-06,EX99_PRESS_RELEASE,FLAGGED,earnings_supplemental_diluted,earnings_supplemental_diluted,whole_document,medium,13790,0.9978,0.0,0.43142,q423earningsrelease_vf.htm,
1404912,KKR & Co. Inc.,financials,core,0001404912-24-000008,8-K,2024-05-01,EX99_PRESS_RELEASE,FLAGGED,earnings_supplemental_diluted,earnings_supplemental_diluted,whole_document,medium,14123,0.9974,0.0,0.43134,q124earningsrelease_vf.htm,
1404912,KKR & Co. Inc.,financials,core,0001404912-24-000014,8-K,2024-07-31,EX99_PRESS_RELEASE,FLAGGED,earnings_supplemental_diluted,earnings_supplemental_diluted,whole_document,medium,14605,0.9975,0.0,0.4321,q224earningsrelease_vf.htm,
1404912,KKR & Co. Inc.,financials,core,0001404912-24-000022,8-K,2024-10-24,EX99_PRESS_RELEASE,FLAGGED,earnings_supplemental_diluted,earnings_supplemental_diluted,whole_document,medium,14339,0.9974,0.0,0.43061,q324earningsrelease_vf.htm,
1404912,KKR & Co. Inc.,financials,core,0001404912-25-000003,8-K,2025-02-04,EX99_PRESS_RELEASE,FLAGGED,earnings_supplemental_diluted,earnings_supplemental_diluted,whole_document,medium,14536,0.9975,0.0,0.43594,q424earningsrelease_vff.htm,
1404912,KKR & Co. Inc.,financials,core,0001404912-25-000019,8-K,2025-05-01,EX99_PRESS_RELEASE,FLAGGED,earnings_supplemental_diluted,earnings_supplemental_diluted,whole_document,medium,14707,0.9975,0.0,0.43046,q125earningsrelease_vg.htm,
1404912,KKR & Co. Inc.,financials,core,0001404912-25-000025,8-K,2025-07-31,EX99_PRESS_RELEASE,FLAGGED,earnings_supplemental_diluted,earnings_supplemental_diluted,whole_document,medium,14551,0.9975,0.0,0.42808,q225earningsrelease_vf.htm,
1404912,KKR & Co. Inc.,financials,core,0001404912-25-000040,8-K,2025-11-07,EX99_PRESS_RELEASE,FLAGGED,earnings_supplemental_diluted,earnings_supplemental_diluted,whole_document,medium,15294,0.9976,0.0,0.43043,q325earningsrelease_vf.htm,
1404912,KKR & Co. Inc.,financials,core,0001404912-26-000002,8-K,2026-02-05,EX99_PRESS_RELEASE,FLAGGED,earnings_supplemental_diluted,earnings_supplemental_diluted,whole_document,medium,15163,0.9976,0.0,0.43359,q425earningsrelease_vf.htm,
1404912,KKR & Co. Inc.,financials,core,0001404912-26-000011,8-K,2026-05-05,EX99_PRESS_RELEASE,FLAGGED,earnings_supplemental_diluted,earnings_supplemental_diluted,whole_document,medium,15579,0.9978,0.0,0.42705,q126earningsrelease_vf.htm,
1404912,KKR & Co. Inc.,financials,core,0001404912-26-000022,8-K,2026-07-30,EX99_PRESS_RELEASE,FLAGGED,earnings_supplemental_diluted,earnings_supplemental_diluted,whole_document,medium,15825,0.9982,0.0,0.42804,q226earningsrelease_vf.htm,
100885,UNION PACIFIC CORP,industrials,extension,0001437749-22-001269,8-K,2022-01-20,EX99_PRESS_RELEASE,FLAGGED,earnings_supplemental_diluted,earnings_supplemental_diluted,whole_document,medium,4609,0.2434,0.0,0.44304,ex_318217.htm,
100885,UNION PACIFIC CORP,industrials,extension,0001437749-22-009378,8-K,2022-04-21,EX99_PRESS_RELEASE,FLAGGED,earnings_supplemental_diluted,earnings_supplemental_diluted,whole_document,medium,2518,0.247,0.0,0.44859,ex_350601.htm,
100885,UNION PACIFIC CORP,industrials,extension,0001437749-23-001638,8-K,2023-01-24,EX99_PRESS_RELEASE,FLAGGED,earnings_supplemental_diluted,earnings_supplemental_diluted,whole_document,medium,4661,0.2141,0.0,0.44541,ex_457715.htm,
100885,UNION PACIFIC CORP,industrials,extension,0001437749-23-010684,8-K,2023-04-20,EX99_PRESS_RELEASE,FLAGGED,earnings_supplemental_diluted,earnings_supplemental_diluted,whole_document,medium,2740,0.2478,0.0,0.45185,ex_492258.htm,
100885,UNION PACIFIC CORP,industrials,extension,0001437749-24-013124,8-K,2024-04-25,EX99_PRESS_RELEASE,FLAGGED,earnings_supplemental_diluted,earnings_supplemental_diluted,whole_document,medium,2774,0.2552,0.0,0.4472,ex_634346.htm,
24741,CORNING INC /NY,materials_realestate,extension,0001437749-24-023825,8-K,2024-07-30,EX99_PRESS_RELEASE,FLAGGED,earnings_population_gate,earnings_population_gate,whole_document,medium,6217,0.4226,0.0,0.45322,ex_672532.htm,
1467858,General Motors Co,consumer,core,0001467858-18-000012,8-K,2018-01-16,EX99_PRESS_RELEASE,FLAGGED,earnings_population_gate,earnings_population_gate,whole_document,medium,1396,0.0,0.0,0.43389,dbpresentation01162018.htm,
1467858,General Motors Co,consumer,core,0001467858-18-000019,8-K,2018-02-06,EX99_PRESS_RELEASE,FLAGGED,earnings_population_gate,earnings_population_gate,whole_document,medium,2005,0.0474,0.0,0.44024,q42017earnings020618.htm,
1467858,General Motors Co,consumer,core,0001467858-19-000026,8-K,2019-01-11,8K_BODY,FLAGGED,below_length_floor,earnings_population_gate|below_length_floor,item202_slice,medium,497,0.8592,0.0,0.44118,a20190111form8k.htm,
1467858,General Motors Co,consumer,core,0001467858-19-000029,8-K,2019-02-06,EX99_PRESS_RELEASE,FLAGGED,earnings_population_gate,earnings_population_gate,whole_document,medium,1419,1.0,0.0,0.41186,q42018earnings020619.htm,
1467858,General Motors Co,consumer,core,0001467858-22-000088,8-K,2022-07-01,8K_BODY,FLAGGED,earnings_population_gate,earnings_population_gate,item202_slice,medium,896,0.6194,0.0,0.47312,gm-20220701.htm,
1467858,General Motors Co,consumer,core,0001467858-22-000091,8-K,2022-07-26,EX99_PRESS_RELEASE,FLAGGED,earnings_population_gate,earnings_population_gate,whole_document,medium,1772,1.0,0.0,0.4402,q22022earnings07262022.htm,
1489393,LyondellBasell Industries N.V.,materials_realestate,extension,0001489393-20-000027,8-K,2020-05-01,EX99_PRESS_RELEASE,FLAGGED,earnings_population_gate,earnings_population_gate,whole_document,medium,4396,0.4929,0.0,0.47513,a2020q1exhibit991.htm,
1510295,Marathon Petroleum Corp,energy,core,0001510295-16-000095,8-K,2016-04-28,EX99_PRESS_RELEASE,FLAGGED,earnings_population_gate,earnings_population_gate,whole_document,medium,4424,0.5111,0.0,0.45814,mpcq12016earningsrelease.htm,
1510295,Marathon Petroleum Corp,energy,core,0001510295-16-000105,8-K,2016-05-02,EX99_PRESS_RELEASE,FLAGGED,earnings_population_gate,earnings_population_gate,whole_document,medium,5272,1.0,0.0,0.43936,mpcq12016irpacketworkboo.htm,
1510295,Marathon Petroleum Corp,energy,core,0001510295-17-000038,8-K,2017-04-27,EX99_PRESS_RELEASE,FLAGGED,earnings_population_gate,earnings_population_gate,whole_document,medium,4352,0.5836,0.0,0.47663,mpcq12017earningsrelease.htm,
1510295,Marathon Petroleum Corp,energy,core,0001510295-17-000055,8-K,2017-05-01,EX99_PRESS_RELEASE,FLAGGED,earnings_population_gate,earnings_population_gate,whole_document,medium,5422,0.0773,0.0,0.44424,mpcq12017irpacketworkboo.htm,
1510295,Marathon Petroleum Corp,energy,core,0001510295-20-000042,8-K,2020-04-22,8K_BODY,FLAGGED,earnings_item202_block_thin,earnings_population_gate|earnings_item202_block_thin,item202_slice,medium,4677,0.829,0.0,0.48393,mpc8-k41720.htm,
1510295,Marathon Petroleum Corp,energy,core,0001510295-20-000062,8-K,2020-05-05,EX99_PRESS_RELEASE,FLAGGED,earnings_population_gate,earnings_population_gate,whole_document,medium,6222,0.4261,0.0,0.48003,mpcq12020earningsrelea.htm,
1510295,Marathon Petroleum Corp,energy,core,0001510295-20-000102,8-K,2020-11-02,EX99_PRESS_RELEASE,FLAGGED,earnings_population_gate,earnings_population_gate,whole_document,medium,7754,0.3305,0.0,0.50378,mpcq32020earningsrelea.htm,
1510295,Marathon Petroleum Corp,energy,core,0001510295-20-000107,8-K,2020-11-06,8K_BODY,FLAGGED,below_length_floor,earnings_population_gate|below_length_floor,item202_slice,medium,379,0.6253,0.0,0.5407,mpc8-krevisedearnings.htm,
1510295,Marathon Petroleum Corp,energy,core,0001510295-21-000014,8-K,2021-01-25,EX99_PRESS_RELEASE,FLAGGED,earnings_population_gate,earnings_population_gate,whole_document,medium,5720,0.6206,0.0,0.52387,ex991speedwayfinancials.htm,
1510295,Marathon Petroleum Corp,energy,core,0001510295-21-000019,8-K,2021-02-02,EX99_PRESS_RELEASE,FLAGGED,earnings_population_gate,earnings_population_gate,whole_document,medium,7723,0.4492,0.0,0.49463,mpcq42020earningsrelease.htm,
1510295,Marathon Petroleum Corp,energy,core,0001510295-21-000026,8-K,2021-02-26,8K_BODY,FLAGGED,below_length_floor,earnings_population_gate|below_length_floor,item202_slice,medium,330,0.5697,0.0,0.53356,mpc-20210226.htm,
1510295,Marathon Petroleum Corp,energy,core,0001510295-26-000029,8-K,2026-04-13,8K_BODY,FLAGGED,earnings_item202_block_thin,earnings_population_gate|earnings_item202_block_thin|earnings_item202_prefix_large,item202_slice,medium,540,0.0,0.0,0.33806,mpc-20260407.htm,
1510295,Marathon Petroleum Corp,energy,core,0001510295-26-000039,8-K,2026-05-05,EX99_PRESS_RELEASE,FLAGGED,earnings_population_gate,earnings_population_gate,whole_document,medium,5461,0.4278,0.0,0.42692,mpcq12026earningsrelease.htm,
872589,"REGENERON PHARMACEUTICALS, INC.",healthcare,core,0001532176-16-000041,8-K,2016-02-09,EX99_PRESS_RELEASE,FLAGGED,earnings_population_gate,earnings_population_gate,whole_document,medium,4845,0.4237,0.0,0.5139,exhibit991q42015.htm,
872589,"REGENERON PHARMACEUTICALS, INC.",healthcare,core,0001532176-17-000006,8-K,2017-02-09,EX99_PRESS_RELEASE,FLAGGED,earnings_population_gate,earnings_population_gate,whole_document,medium,5935,0.49,0.0,0.49222,exhibit991q42016.htm,
872589,"REGENERON PHARMACEUTICALS, INC.",healthcare,core,0001532176-18-000010,8-K,2018-02-08,EX99_PRESS_RELEASE,FLAGGED,earnings_population_gate,earnings_population_gate,whole_document,medium,5529,0.4534,0.0,0.48895,exhibit991q42017.htm,
872589,"REGENERON PHARMACEUTICALS, INC.",healthcare,core,0001532176-19-000005,8-K,2019-02-06,EX99_PRESS_RELEASE,FLAGGED,earnings_population_gate,earnings_population_gate,whole_document,medium,5389,0.4376,0.0,0.49833,exhibit991q42018.htm,
872589,"REGENERON PHARMACEUTICALS, INC.",healthcare,core,0001532176-20-000005,8-K,2020-02-06,EX99_PRESS_RELEASE,FLAGGED,earnings_population_gate,earnings_population_gate,whole_document,medium,4882,0.3632,0.0,0.50465,exhibit991q42019.htm,
1534701,Phillips 66,energy,core,0001534701-21-000093,8-K,2021-04-05,EX99_PRESS_RELEASE,FLAGGED,earnings_population_gate,earnings_population_gate,whole_document,medium,1176,0.6429,0.0,0.46654,psx-2021_q1ex991prexrelease.htm,
1534701,Phillips 66,energy,core,0001534701-21-000103,8-K,2021-04-30,EX99_PRESS_RELEASE,FLAGGED,earnings_population_gate,earnings_population_gate,whole_document,medium,3944,0.6055,0.0,0.48209,psx-2021331_ex991.htm,
1534701,Phillips 66,energy,core,0001534701-26-000015,8-K,2026-04-06,EX99_PRESS_RELEASE,FLAGGED,earnings_population_gate,earnings_population_gate,whole_document,medium,1228,0.7036,0.0,0.4844,psx-2026_q1prexrelease.htm,
1534701,Phillips 66,energy,core,0001534701-26-000020,8-K,2026-04-29,EX99_PRESS_RELEASE,FLAGGED,earnings_population_gate,earnings_population_gate,whole_document,medium,3804,0.423,0.0,0.41048,psx-2026331_ex991.htm,
1535527,"CrowdStrike Holdings, Inc.",tech,core,0001535527-25-000017,8-K,2025-06-03,EX99_PRESS_RELEASE,FLAGGED,earnings_population_gate,earnings_population_gate,whole_document,medium,6111,0.4165,0.0,0.45816,crwd-20250603xex991.htm,
1539838,"Diamondback Energy, Inc.",energy,core,0001539838-16-000111,8-K,2016-01-19,EX99_PRESS_RELEASE,FLAGGED,earnings_population_gate,earnings_population_gate,whole_document,medium,765,0.8301,0.0,0.4221,ex991-1x19x16.htm,
1539838,"Diamondback Energy, Inc.",energy,core,0001539838-16-000127,8-K,2016-02-17,EX99_PRESS_RELEASE,FLAGGED,earnings_population_gate,earnings_population_gate,whole_document,medium,3871,0.4578,0.0,0.4599,diamondbackex991-2x17x16.htm,
1539838,"Diamondback Energy, Inc.",energy,core,0001539838-21-000059,8-K,2021-04-16,EX99_PRESS_RELEASE,FLAGGED,earnings_population_gate,earnings_population_gate,whole_document,medium,1629,0.4506,0.0,0.36137,diamondbackex991-4x12x21.htm,
1539838,"Diamondback Energy, Inc.",energy,core,0001539838-21-000063,8-K,2021-05-04,EX99_PRESS_RELEASE,FLAGGED,earnings_population_gate,earnings_population_gate,whole_document,medium,5194,0.3668,0.0,0.45432,diamondbackex991-5x3x21.htm,
1539838,"Diamondback Energy, Inc.",energy,core,0001539838-22-000050,8-K,2022-04-07,8K_BODY,FLAGGED,earnings_item202_block_thin,earnings_population_gate|earnings_item202_block_thin,item202_slice,medium,1252,0.6158,0.0,0.38797,fang-20220407.htm,
1539838,"Diamondback Energy, Inc.",energy,core,0001539838-22-000054,8-K,2022-05-02,EX99_PRESS_RELEASE,FLAGGED,earnings_population_gate,earnings_population_gate,whole_document,medium,6079,0.4925,0.0,0.45609,diamondbackex991-5x2x22.htm,
1539838,"Diamondback Energy, Inc.",energy,core,0001539838-23-000034,8-K,2023-04-20,8K_BODY,FLAGGED,earnings_population_gate,earnings_population_gate,item202_slice,medium,999,0.6927,0.0,0.44115,fang-20230420.htm,
1539838,"Diamondback Energy, Inc.",energy,core,0001539838-23-000042,8-K,2023-05-01,EX99_PRESS_RELEASE,FLAGGED,earnings_population_gate,earnings_population_gate,whole_document,medium,5268,0.4508,0.0,0.46864,diamondbackex991-5x1x23.htm,
1539838,"Diamondback Energy, Inc.",energy,core,0001539838-23-000095,8-K,2023-07-11,8K_BODY,FLAGGED,earnings_population_gate,earnings_population_gate,item202_slice,medium,1017,0.6804,0.0,0.44084,fang-20230711.htm,
1539838,"Diamondback Energy, Inc.",energy,core,0001539838-23-000098,8-K,2023-07-31,EX99_PRESS_RELEASE,FLAGGED,earnings_population_gate,earnings_population_gate,whole_document,medium,5709,0.4637,0.0,0.47461,diamondbackex991-7x31x23.htm,
1539838,"Diamondback Energy, Inc.",energy,core,0001539838-23-000126,8-K,2023-10-10,8K_BODY,FLAGGED,earnings_population_gate,earnings_population_gate,item202_slice,medium,967,0.6691,0.0,0.44178,fang-20231010.htm,
1539838,"Diamondback Energy, Inc.",energy,core,0001539838-23-000129,8-K,2023-11-06,EX99_PRESS_RELEASE,FLAGGED,earnings_population_gate,earnings_population_gate,whole_document,medium,5772,0.465,0.0,0.47367,diamondbackex991-11x6x23.htm,
1539838,"Diamondback Energy, Inc.",energy,core,0001539838-24-000009,8-K,2024-01-10,8K_BODY,FLAGGED,earnings_population_gate,earnings_population_gate,item202_slice,medium,975,0.6677,0.0,0.43892,fang-20240110.htm,
1539838,"Diamondback Energy, Inc.",energy,core,0001539838-24-000013,8-K,2024-02-20,EX99_PRESS_RELEASE,FLAGGED,earnings_population_gate,earnings_population_gate,whole_document,medium,6422,0.4944,0.0,0.4712,diamondbackex991-2x20x24.htm,
1539838,"Diamondback Energy, Inc.",energy,core,0001539838-24-000075,8-K,2024-04-10,8K_BODY,FLAGGED,earnings_population_gate,earnings_population_gate,item202_slice,medium,961,0.6774,0.0,0.4373,fang-20240410.htm,
1539838,"Diamondback Energy, Inc.",energy,core,0001539838-24-000088,8-K,2024-04-30,EX99_PRESS_RELEASE,FLAGGED,earnings_population_gate,earnings_population_gate,whole_document,medium,5384,0.4944,0.0,0.47612,diamondbackex991-4x30x24.htm,
1539838,"Diamondback Energy, Inc.",energy,core,0001539838-24-000144,8-K,2024-07-11,8K_BODY,FLAGGED,earnings_population_gate,earnings_population_gate,item202_slice,medium,1306,0.7075,0.0,0.44158,fang-20240711.htm,
1539838,"Diamondback Energy, Inc.",energy,core,0001539838-24-000147,8-K,2024-08-05,EX99_PRESS_RELEASE,FLAGGED,earnings_population_gate,earnings_population_gate,whole_document,medium,6061,0.4965,0.0,0.47327,diamondbackex991-8x5x24.htm,
1539838,"Diamondback Energy, Inc.",energy,core,0001539838-24-000188,8-K,2024-10-01,EX99_PRESS_RELEASE,FLAGGED,earnings_population_gate,earnings_population_gate,whole_document,medium,387,0.8475,0.0,0.38753,diamondbackex991-10x1x24.htm,
1539838,"Diamondback Energy, Inc.",energy,core,0001539838-24-000191,8-K,2024-10-10,8K_BODY,FLAGGED,earnings_population_gate,earnings_population_gate,item202_slice,medium,1290,0.7085,0.0,0.4449,fang-20241010.htm,
1539838,"Diamondback Energy, Inc.",energy,core,0001539838-24-000195,8-K,2024-11-04,EX99_PRESS_RELEASE,FLAGGED,earnings_population_gate,earnings_population_gate,whole_document,medium,5889,0.4741,0.0,0.47535,diamondbackex991-11x4x24.htm,
1539838,"Diamondback Energy, Inc.",energy,core,0001539838-25-000003,8-K,2025-01-13,8K_BODY,FLAGGED,earnings_population_gate,earnings_population_gate,item202_slice,medium,1238,0.6979,0.0,0.44397,fang-20250113.htm,
1539838,"Diamondback Energy, Inc.",energy,core,0001539838-25-000016,8-K,2025-02-24,EX99_PRESS_RELEASE,FLAGGED,earnings_population_gate,earnings_population_gate,whole_document,medium,6920,0.4887,0.0,0.47323,diamondbackex991-2x24x25.htm,
1539838,"Diamondback Energy, Inc.",energy,core,0001539838-25-000058,8-K,2025-04-16,EX99_PRESS_RELEASE,FLAGGED,earnings_population_gate,earnings_population_gate,whole_document,medium,1305,0.5977,0.0,0.41729,diamondbackex991-4x16x25.htm,
1539838,"Diamondback Energy, Inc.",energy,core,0001539838-25-000063,8-K,2025-05-05,EX99_PRESS_RELEASE,FLAGGED,earnings_population_gate,earnings_population_gate,whole_document,medium,5559,0.4855,0.0,0.47158,diamondbackex991-5x5x25.htm,
1539838,"Diamondback Energy, Inc.",energy,core,0001539838-25-000120,8-K,2025-07-10,8K_BODY,FLAGGED,earnings_population_gate,earnings_population_gate,item202_slice,medium,1048,0.6899,0.0,0.42987,fang-20250710.htm,
1539838,"Diamondback Energy, Inc.",energy,core,0001539838-25-000124,8-K,2025-08-04,EX99_PRESS_RELEASE,FLAGGED,earnings_population_gate,earnings_population_gate,whole_document,medium,6071,0.4711,0.0,0.48159,diamondbackex991-8x4x25.htm,
1539838,"Diamondback Energy, Inc.",energy,core,0001539838-25-000141,8-K,2025-10-09,8K_BODY,FLAGGED,earnings_population_gate,earnings_population_gate,item202_slice,medium,1127,0.6797,0.0,0.42655,fang-20251009.htm,
1539838,"Diamondback Energy, Inc.",energy,core,0001539838-25-000144,8-K,2025-11-03,EX99_PRESS_RELEASE,FLAGGED,earnings_population_gate,earnings_population_gate,whole_document,medium,6565,0.4369,0.0,0.45487,diamondbackex991-11x3x25.htm,
1539838,"Diamondback Energy, Inc.",energy,core,0001539838-26-000003,8-K,2026-01-12,8K_BODY,FLAGGED,earnings_population_gate,earnings_population_gate,item202_slice,medium,1010,0.6851,0.0,0.425,fang-20260112.htm,
1539838,"Diamondback Energy, Inc.",energy,core,0001539838-26-000006,8-K,2026-02-23,EX99_PRESS_RELEASE,FLAGGED,earnings_population_gate,earnings_population_gate,whole_document,medium,7488,0.4292,0.0,0.45541,diamondbackex991-2x23x26.htm,
1539838,"Diamondback Energy, Inc.",energy,core,0001539838-26-000070,8-K,2026-04-13,8K_BODY,FLAGGED,earnings_population_gate,earnings_population_gate,item202_slice,medium,1030,0.6767,0.0,0.41939,fang-20260413.htm,
1539838,"Diamondback Energy, Inc.",energy,core,0001539838-26-000073,8-K,2026-05-04,EX99_PRESS_RELEASE,FLAGGED,earnings_population_gate,earnings_population_gate,whole_document,medium,6063,0.463,0.0,0.45135,diamondbackex991-5x4x26.htm,
1539838,"Diamondback Energy, Inc.",energy,core,0001539838-26-000134,8-K,2026-07-13,8K_BODY,FLAGGED,earnings_population_gate,earnings_population_gate,item202_slice,medium,1012,0.6828,0.0,0.42029,fang-20260713.htm,
1539838,"Diamondback Energy, Inc.",energy,core,0001539838-26-000137,8-K,2026-08-03,EX99_PRESS_RELEASE,FLAGGED,earnings_population_gate,earnings_population_gate,whole_document,medium,6266,0.4599,0.0,0.45594,diamondbackex991-8x3x26.htm,
1543151,"Uber Technologies, Inc",financials,core,0001543151-20-000005,8-K,2020-02-06,EX99_PRESS_RELEASE,FLAGGED,earnings_population_gate,earnings_population_gate,whole_document,medium,7183,0.4009,0.0,0.45343,uberq419earningspressrelea.htm,
1543151,"Uber Technologies, Inc",financials,core,0001543151-20-000020,8-K,2020-05-07,EX99_PRESS_RELEASE,FLAGGED,earnings_population_gate,earnings_population_gate,whole_document,medium,7290,0.5361,0.0,0.45661,uberq120earningspressr.htm,
1543151,"Uber Technologies, Inc",financials,core,0001543151-20-000027,8-K,2020-08-06,EX99_PRESS_RELEASE,FLAGGED,earnings_population_gate,earnings_population_gate,whole_document,medium,8417,0.5673,0.0,0.44364,uberq220earningspressr.htm,
1543151,"Uber Technologies, Inc",financials,core,0001543151-21-000024,8-K,2021-05-05,EX99_PRESS_RELEASE,FLAGGED,earnings_population_gate,earnings_population_gate,whole_document,medium,8106,0.5141,0.0,0.44281,uberq121earningspressrelea.htm,
1551152,AbbVie Inc.,healthcare,core,0001551152-20-000019,8-K,2020-07-31,EX99_PRESS_RELEASE,FLAGGED,earnings_population_gate,earnings_population_gate,whole_document,medium,6947,0.5119,0.0,0.41216,abbv-20200630xexhibit991.htm,
1551152,AbbVie Inc.,healthcare,core,0001551152-22-000010,8-K,2022-04-29,EX99_PRESS_RELEASE,FLAGGED,earnings_population_gate,earnings_population_gate,whole_document,medium,4629,0.6047,0.0,0.45136,abbv-20220331xexhibit991.htm,
1551152,AbbVie Inc.,healthcare,core,0001551152-22-000012,8-K,2022-04-29,EX99_PRESS_RELEASE,FLAGGED,earnings_population_gate,earnings_population_gate,whole_document,medium,4559,0.5988,0.0,0.45296,abbv-20220331xexhibit991.htm,
1551152,AbbVie Inc.,healthcare,core,0001551152-22-000023,8-K,2022-07-06,EX99_PRESS_RELEASE,FLAGGED,below_length_floor,earnings_population_gate|earnings_thin_document|below_length_floor,whole_document,medium,150,0.0,0.0,0.3619,abbv-20220630nonxgaapxex991.htm,
1551152,AbbVie Inc.,healthcare,core,0001551152-22-000026,8-K,2022-07-29,EX99_PRESS_RELEASE,FLAGGED,earnings_population_gate,earnings_population_gate,whole_document,medium,5531,0.4968,0.0,0.43998,abbv-20220630xexhibit991.htm,
1551152,AbbVie Inc.,healthcare,core,0001551152-22-000034,8-K,2022-10-05,EX99_PRESS_RELEASE,FLAGGED,below_length_floor,earnings_population_gate|earnings_thin_document|below_length_floor,whole_document,medium,143,0.0,0.0,0.33333,abbv-20220930nonxgaapxex991.htm,
1551152,AbbVie Inc.,healthcare,core,0001551152-22-000038,8-K,2022-10-28,EX99_PRESS_RELEASE,FLAGGED,earnings_population_gate,earnings_population_gate,whole_document,medium,5280,0.4648,0.0,0.45779,abbv-20220930xexhibit991.htm,
1551152,AbbVie Inc.,healthcare,core,0001551152-23-000004,8-K,2023-01-06,EX99_PRESS_RELEASE,FLAGGED,below_length_floor,earnings_population_gate|earnings_thin_document|below_length_floor,whole_document,medium,109,0.0,0.0,0.27536,abbv-20221231nonxgaapxex991.htm,
1551152,AbbVie Inc.,healthcare,core,0001551152-23-000006,8-K,2023-02-09,EX99_PRESS_RELEASE,FLAGGED,earnings_population_gate,earnings_population_gate,whole_document,medium,5230,0.4621,0.0,0.4461,abbv-20221231xexhibit991.htm,
1551152,AbbVie Inc.,healthcare,core,0001551152-23-000015,8-K,2023-04-05,EX99_PRESS_RELEASE,FLAGGED,below_length_floor,earnings_population_gate|earnings_thin_document|below_length_floor,whole_document,medium,143,0.0,0.0,0.33333,abbv-20230331nonxgaapxex991.htm,
1551152,AbbVie Inc.,healthcare,core,0001551152-23-000019,8-K,2023-04-27,EX99_PRESS_RELEASE,FLAGGED,earnings_population_gate,earnings_population_gate,whole_document,medium,3536,0.489,0.0,0.45403,abbv-20230331xexhibit991.htm,
1551152,AbbVie Inc.,healthcare,core,0001551152-23-000026,8-K,2023-07-06,EX99_PRESS_RELEASE,FLAGGED,below_length_floor,earnings_population_gate|earnings_thin_document|below_length_floor,whole_document,medium,143,0.0,0.0,0.33333,abbv-20230630nonxgaapxex991.htm,
1551152,AbbVie Inc.,healthcare,core,0001551152-23-000028,8-K,2023-07-27,EX99_PRESS_RELEASE,FLAGGED,earnings_population_gate,earnings_population_gate,whole_document,medium,4894,0.4273,0.0,0.44886,abbv-20230630xexhibit991.htm,
1551152,AbbVie Inc.,healthcare,core,0001551152-23-000036,8-K,2023-10-04,EX99_PRESS_RELEASE,FLAGGED,below_length_floor,earnings_population_gate|earnings_thin_document|below_length_floor,whole_document,medium,143,0.0,0.0,0.33333,abbv-20230930nonxgaapxex991.htm,
1551152,AbbVie Inc.,healthcare,core,0001551152-23-000040,8-K,2023-10-27,EX99_PRESS_RELEASE,FLAGGED,earnings_population_gate,earnings_population_gate,whole_document,medium,5431,0.4693,0.0,0.44844,abbv-20230930xexhibit991.htm,
1551152,AbbVie Inc.,healthcare,core,0001551152-24-000002,8-K,2024-01-05,EX99_PRESS_RELEASE,FLAGGED,below_length_floor,earnings_population_gate|earnings_thin_document|below_length_floor,whole_document,medium,109,0.0,0.0,0.27536,abbv-20231231nonxgaapxex991.htm,
1551152,AbbVie Inc.,healthcare,core,0001551152-24-000007,8-K,2024-02-02,EX99_PRESS_RELEASE,FLAGGED,earnings_population_gate,earnings_population_gate,whole_document,medium,5513,0.4489,0.0,0.44558,abbv-20231231xexhibit991.htm,
1551152,AbbVie Inc.,healthcare,core,0001551152-24-000013,8-K,2024-04-03,EX99_PRESS_RELEASE,FLAGGED,below_length_floor,earnings_population_gate|earnings_thin_document|below_length_floor,whole_document,medium,143,0.0,0.0,0.33333,abbv-20240331nonxgaapxex991.htm,
1551152,AbbVie Inc.,healthcare,core,0001551152-24-000016,8-K,2024-04-26,EX99_PRESS_RELEASE,FLAGGED,earnings_population_gate,earnings_population_gate,whole_document,medium,4206,0.5247,0.0,0.45231,abbv-20240331xexhibit991.htm,
1551152,AbbVie Inc.,healthcare,core,0001551152-24-000024,8-K,2024-07-03,EX99_PRESS_RELEASE,FLAGGED,below_length_floor,earnings_population_gate|earnings_thin_document|below_length_floor,whole_document,medium,143,0.0,0.0,0.33333,abbv-20240630nonxgaapxex991.htm,
1551152,AbbVie Inc.,healthcare,core,0001551152-24-000026,8-K,2024-07-25,EX99_PRESS_RELEASE,FLAGGED,earnings_population_gate,earnings_population_gate,whole_document,medium,5137,0.4361,0.0,0.45415,abbv-20240630xexhibit991.htm,
1551152,AbbVie Inc.,healthcare,core,0001551152-24-000033,8-K,2024-10-03,EX99_PRESS_RELEASE,FLAGGED,below_length_floor,earnings_population_gate|earnings_thin_document|below_length_floor,whole_document,medium,143,0.0,0.0,0.33333,abbv-20240930nonxgaapxex991.htm,
1551152,AbbVie Inc.,healthcare,core,0001551152-24-000036,8-K,2024-10-30,EX99_PRESS_RELEASE,FLAGGED,earnings_population_gate,earnings_population_gate,whole_document,medium,5353,0.4455,0.0,0.43799,abbv-20240930xexhibit991.htm,
1551152,AbbVie Inc.,healthcare,core,0001551152-25-000002,8-K,2025-01-06,EX99_PRESS_RELEASE,FLAGGED,below_length_floor,earnings_population_gate|earnings_thin_document|below_length_floor,whole_document,medium,109,0.0,0.0,0.27536,abbv-20241231nonxgaapxex991.htm,
1551152,AbbVie Inc.,healthcare,core,0001551152-25-000011,8-K,2025-01-31,EX99_PRESS_RELEASE,FLAGGED,earnings_population_gate,earnings_population_gate,whole_document,medium,5141,0.3777,0.0,0.44882,abbv-20241231xexhibit991.htm,
1551152,AbbVie Inc.,healthcare,core,0001551152-25-000023,8-K,2025-04-03,EX99_PRESS_RELEASE,FLAGGED,below_length_floor,earnings_population_gate|earnings_thin_document|below_length_floor,whole_document,medium,170,0.3471,0.0,0.368,abbv-20250331nonxgaapxex991.htm,
1551152,AbbVie Inc.,healthcare,core,0001551152-25-000026,8-K,2025-04-25,EX99_PRESS_RELEASE,FLAGGED,earnings_population_gate,earnings_population_gate,whole_document,medium,3328,0.4375,0.0,0.47019,abbv-20250331xexhibit991.htm,
1551152,AbbVie Inc.,healthcare,core,0001551152-25-000034,8-K,2025-07-03,EX99_PRESS_RELEASE,FLAGGED,below_length_floor,earnings_population_gate|earnings_thin_document|below_length_floor,whole_document,medium,143,0.0,0.0,0.33333,abbv-20250630nonxgaapxex991.htm,
1551152,AbbVie Inc.,healthcare,core,0001551152-25-000036,8-K,2025-07-31,EX99_PRESS_RELEASE,FLAGGED,earnings_population_gate,earnings_population_gate,whole_document,medium,4625,0.3842,0.0,0.44373,abbv-20250630xexhibit991.htm,
1551152,AbbVie Inc.,healthcare,core,0001551152-25-000043,8-K,2025-10-03,EX99_PRESS_RELEASE,FLAGGED,below_length_floor,earnings_population_gate|earnings_thin_document|below_length_floor,whole_document,medium,143,0.0,0.0,0.33333,abbv-20250930nonxgaapxex991.htm,
1551152,AbbVie Inc.,healthcare,core,0001551152-25-000047,8-K,2025-10-31,EX99_PRESS_RELEASE,FLAGGED,earnings_population_gate,earnings_population_gate,whole_document,medium,5327,0.4425,0.0,0.43983,abbv-20250930xexhibit991.htm,
1551152,AbbVie Inc.,healthcare,core,0001551152-26-000002,8-K,2026-01-07,EX99_PRESS_RELEASE,FLAGGED,below_length_floor,earnings_population_gate|earnings_thin_document|below_length_floor,whole_document,medium,109,0.0,0.0,0.27536,abbv-20251231nonxgaapxex991.htm,
1551152,AbbVie Inc.,healthcare,core,0001551152-26-000004,8-K,2026-02-04,EX99_PRESS_RELEASE,FLAGGED,earnings_population_gate,earnings_population_gate,whole_document,medium,4766,0.3483,0.0,0.45481,abbv-20251231xexhibit991.htm,
1551152,AbbVie Inc.,healthcare,core,0001551152-26-000011,8-K,2026-04-03,EX99_PRESS_RELEASE,FLAGGED,below_length_floor,earnings_population_gate|earnings_thin_document|below_length_floor,whole_document,medium,143,0.0,0.0,0.33333,abbv-20260331nonxgaapxex991.htm,
1551152,AbbVie Inc.,healthcare,core,0001551152-26-000013,8-K,2026-04-29,EX99_PRESS_RELEASE,FLAGGED,earnings_population_gate,earnings_population_gate,whole_document,medium,3430,0.4808,0.0,0.46055,abbv-20260331xexhibit991.htm,
1551152,AbbVie Inc.,healthcare,core,0001551152-26-000021,8-K,2026-07-06,EX99_PRESS_RELEASE,FLAGGED,below_length_floor,earnings_population_gate|earnings_thin_document|below_length_floor,whole_document,medium,143,0.0,0.0,0.33333,abbv-20260630nonxgaapxex991.htm,
1551152,AbbVie Inc.,healthcare,core,0001551152-26-000023,8-K,2026-07-31,EX99_PRESS_RELEASE,FLAGGED,earnings_population_gate,earnings_population_gate,whole_document,medium,5312,0.4974,0.0,0.44315,abbv-20260630xexhibit991.htm,
1551182,Eaton Corp plc,industrials,extension,0001551182-17-000176,8-K,2017-10-13,EX99_PRESS_RELEASE,FLAGGED,earnings_population_gate,earnings_population_gate,whole_document,medium,555,0.8036,0.0,0.43691,october2017pressrelease.htm,
1551182,Eaton Corp plc,industrials,extension,0001551182-20-000011,8-K,2020-01-27,EX99_PRESS_RELEASE,FLAGGED,earnings_population_gate,earnings_population_gate,whole_document,medium,564,0.7801,0.0,0.45019,a991hydraulicsannounce.htm,
1552000,MPLX LP,energy,core,0001552000-16-000148,8-K,2016-04-28,EX99_PRESS_RELEASE,FLAGGED,earnings_population_gate,earnings_population_gate,whole_document,medium,5063,0.4975,0.0,0.43624,mplxq12016earningsrelease.htm,
1552000,MPLX LP,energy,core,0001552000-16-000164,8-K,2016-05-02,EX99_PRESS_RELEASE,FLAGGED,earnings_population_gate,earnings_population_gate,whole_document,medium,1501,0.0326,0.0,0.53727,ex9912015quarterlyproformais.htm,
1552000,MPLX LP,energy,core,0001552000-17-000022,8-K,2017-04-27,EX99_PRESS_RELEASE,FLAGGED,earnings_population_gate,earnings_population_gate,whole_document,medium,5544,0.4854,0.0,0.43943,mplxq12017earningsrelease.htm,
1552000,MPLX LP,energy,core,0001552000-17-000028,8-K,2017-05-01,EX99_PRESS_RELEASE,FLAGGED,earnings_population_gate,earnings_population_gate,whole_document,medium,1289,0.0,0.0,0.55869,ex9912016quarterlyis.htm,
1552000,MPLX LP,energy,core,0001552000-26-000017,8-K,2026-04-13,8K_BODY,FLAGGED,below_length_floor,earnings_population_gate|earnings_item202_block_thin|earnings_item202_prefix_large|below_length_floor,item202_slice,medium,415,0.0,0.0,0.38196,mplx-20260407.htm,
1552000,MPLX LP,energy,core,0001552000-26-000023,8-K,2026-05-05,EX99_PRESS_RELEASE,FLAGGED,earnings_population_gate,earnings_population_gate,whole_document,medium,5225,0.4335,0.0,0.43324,mplxq12026earningsrelease.htm,
1543151,"Uber Technologies, Inc",financials,core,0001552781-20-000094,8-K,2020-01-21,EX99_PRESS_RELEASE,FLAGGED,earnings_population_gate,earnings_population_gate,whole_document,medium,982,0.0,0.0,0.47016,e19525_ex99-1.htm,
1543151,"Uber Technologies, Inc",financials,core,0001552781-20-000269,8-K,2020-04-17,EX99_PRESS_RELEASE,FLAGGED,earnings_population_gate,earnings_population_gate,whole_document,medium,1174,0.0,0.0,0.49384,e20231_ex99-1.htm,
1543151,"Uber Technologies, Inc",financials,core,0001552781-20-000297,8-K,2020-05-04,8K_BODY,FLAGGED,earnings_item202_block_thin,earnings_population_gate|earnings_item202_block_thin,item202_slice,medium,686,0.0,0.0,0.48421,e20299_uber-8k.htm,
1543151,"Uber Technologies, Inc",financials,core,0001552781-20-000412,8-K,2020-07-06,EX99_PRESS_RELEASE,FLAGGED,earnings_population_gate,earnings_population_gate,whole_document,medium,5182,0.0,0.0,0.42408,e20423_ex99-1.htm,
1543151,"Uber Technologies, Inc",financials,core,0001552781-20-000563,8-K,2020-11-13,8K_BODY,FLAGGED,below_length_floor,earnings_population_gate|earnings_thin_document|below_length_floor,item202_slice,medium,180,0.0,0.0,0.49091,e20571_uber-8k.htm,
1543151,"Uber Technologies, Inc",financials,core,0001552781-21-000198,8-K,2021-04-12,8K_BODY,FLAGGED,earnings_population_gate,earnings_population_gate,item202_slice,medium,1037,0.0,0.0,0.47146,e21218_uber-8k.htm,
1065088,EBAY INC,financials,core,0001552781-24-000014,8-K,2024-01-24,EX99_PRESS_RELEASE,FLAGGED,earnings_population_gate,earnings_population_gate,whole_document,medium,460,0.0,0.0,0.4292,e24018_ex99-1.htm,
1555280,Zoetis Inc.,healthcare,core,0001555280-15-000197,8-K,2015-07-10,EX99_PRESS_RELEASE,FLAGGED,earnings_population_gate,earnings_population_gate,whole_document,medium,974,0.0852,0.0,0.46154,exhibit991updatetosegments.htm,
1555280,Zoetis Inc.,healthcare,core,0001555280-15-000208,8-K,2015-08-04,EX99_PRESS_RELEASE,FLAGGED,earnings_population_gate,earnings_population_gate,whole_document,medium,7491,0.3309,0.0,0.48396,exhibit996-28x15q2.htm,
66740,3M CO,healthcare,core,0001558370-16-004144,8-K,2016-03-15,EX99_PRESS_RELEASE,FLAGGED,earnings_population_gate,earnings_population_gate,whole_document,medium,1210,0.4041,0.0,0.50269,mmm-20160315xex99.htm,
66740,3M CO,healthcare,core,0001558370-17-001519,8-K,2017-03-09,EX99_PRESS_RELEASE,FLAGGED,earnings_population_gate,earnings_population_gate,whole_document,medium,1463,0.5195,0.0,0.47683,mmm_ex99.htm,
31462,ECOLAB INC.,consumer,core,0001558370-17-002531,8-K,2017-04-07,EX99_PRESS_RELEASE,FLAGGED,earnings_population_gate,earnings_population_gate,whole_document,medium,627,0.6061,0.0,0.41113,ecl_ex99104052017.htm,
31462,ECOLAB INC.,consumer,core,0001558370-17-003223,8-K,2017-05-02,EX99_PRESS_RELEASE,FLAGGED,earnings_population_gate,earnings_population_gate,whole_document,medium,5496,0.5804,0.0,0.46731,ex-99d1.htm,
31462,ECOLAB INC.,consumer,core,0001558370-18-000180,8-K,2018-01-23,EX99_PRESS_RELEASE,FLAGGED,earnings_population_gate,earnings_population_gate,whole_document,medium,2322,0.8936,0.0,0.47869,ex-99d1.htm,
31462,ECOLAB INC.,consumer,core,0001558370-18-000772,8-K,2018-02-20,EX99_PRESS_RELEASE,FLAGGED,earnings_population_gate,earnings_population_gate,whole_document,medium,6912,0.5175,0.0,0.47035,ex-99d1.htm,
66740,3M CO,healthcare,core,0001558370-18-002122,8-K,2018-03-15,EX99_PRESS_RELEASE,FLAGGED,earnings_population_gate,earnings_population_gate,whole_document,medium,1893,0.4712,0.0,0.49438,ex-99.htm,
31462,ECOLAB INC.,consumer,core,0001558370-18-003046,8-K,2018-04-18,EX99_PRESS_RELEASE,FLAGGED,earnings_population_gate,earnings_population_gate,whole_document,medium,681,0.351,0.0,0.48871,ex-99d1.htm,
31462,ECOLAB INC.,consumer,core,0001558370-18-003587,8-K,2018-05-01,EX99_PRESS_RELEASE,FLAGGED,earnings_population_gate,earnings_population_gate,whole_document,medium,5944,0.5562,0.0,0.46884,ex-99d1.htm,
31462,ECOLAB INC.,consumer,core,0001558370-19-000341,8-K,2019-02-04,EX99_PRESS_RELEASE,FLAGGED,earnings_population_gate,earnings_population_gate,whole_document,medium,3143,0.8521,0.0,0.45648,ex-99d1.htm,
31462,ECOLAB INC.,consumer,core,0001558370-19-000728,8-K,2019-02-19,EX99_PRESS_RELEASE,FLAGGED,earnings_population_gate,earnings_population_gate,whole_document,medium,7066,0.518,0.0,0.46556,ecl-20190219ex991b64300.htm,
66740,3M CO,healthcare,core,0001558370-19-001708,8-K,2019-03-08,EX99_PRESS_RELEASE,FLAGGED,earnings_population_gate,earnings_population_gate,whole_document,medium,1670,0.4509,0.0,0.45671,ex-99.htm,
31462,ECOLAB INC.,consumer,core,0001558370-19-003331,8-K,2019-04-26,EX99_PRESS_RELEASE,FLAGGED,earnings_population_gate,earnings_population_gate,whole_document,medium,252,0.3849,0.0,0.55676,ex-99d1.htm,
31462,ECOLAB INC.,consumer,core,0001558370-19-003538,8-K,2019-04-30,EX99_PRESS_RELEASE,FLAGGED,earnings_population_gate,earnings_population_gate,whole_document,medium,5671,0.5114,0.0,0.46112,ex-99d1.htm,
66740,3M CO,healthcare,core,0001558370-19-005388,8-K,2019-05-30,EX99_PRESS_RELEASE,FLAGGED,earnings_population_gate,earnings_population_gate,whole_document,medium,2104,0.3137,0.0,0.42317,ex-99.htm,
1535527,"CrowdStrike Holdings, Inc.",tech,core,0001558370-19-006148,8-K,2019-07-18,EX99_PRESS_RELEASE,FLAGGED,earnings_population_gate,earnings_population_gate,whole_document,medium,3511,0.4084,0.0,0.47711,ex-99d1.htm,
1535527,"CrowdStrike Holdings, Inc.",tech,core,0001558370-19-008509,8-K,2019-09-05,EX99_PRESS_RELEASE,FLAGGED,earnings_population_gate,earnings_population_gate,whole_document,medium,3921,0.3831,0.0,0.47448,ex-99d1.htm,
31462,ECOLAB INC.,consumer,core,0001558370-20-004073,8-K,2020-04-20,EX99_PRESS_RELEASE,FLAGGED,earnings_population_gate,earnings_population_gate,whole_document,medium,789,0.6312,0.0,0.41345,ecl-20200420xex99d1.htm,
31462,ECOLAB INC.,consumer,core,0001558370-20-004432,8-K,2020-04-28,EX99_PRESS_RELEASE,FLAGGED,earnings_population_gate,earnings_population_gate,whole_document,medium,6442,0.5601,0.0,0.45871,ecl-20200428xex99d1.htm,
31462,ECOLAB INC.,consumer,core,0001558370-20-008370,8-K,2020-07-24,EX99_PRESS_RELEASE,FLAGGED,earnings_population_gate,earnings_population_gate,whole_document,medium,585,0.3726,0.0,0.46209,ecl-20200724xex99d1.htm,
31462,ECOLAB INC.,consumer,core,0001558370-20-008479,8-K,2020-07-28,EX99_PRESS_RELEASE,FLAGGED,earnings_population_gate,earnings_population_gate,whole_document,medium,6742,0.4528,0.0,0.46302,ecl-20200728xex99d1.htm,
1318220,"Waste Connections, Inc.",utilities,extension,0001558370-20-009659,8-K,2020-08-06,EX99_PRESS_RELEASE,FLAGGED,earnings_population_gate,earnings_population_gate,whole_document,medium,4989,0.4841,0.0,0.50425,wcn-20200806xex99d1.htm,
51143,INTERNATIONAL BUSINESS MACHINES CORP,tech,core,0001558370-20-011556,8-K,2020-10-19,EX99_PRESS_RELEASE,FLAGGED,earnings_population_gate,earnings_population_gate,whole_document,medium,4100,0.2005,0.0,0.469,ibm-20201019xex99d1.htm,
31462,ECOLAB INC.,consumer,core,0001558370-21-001022,8-K,2021-02-16,EX99_PRESS_RELEASE,FLAGGED,earnings_population_gate,earnings_population_gate,whole_document,medium,6860,0.4704,0.0,0.4572,ecl-20210216xex99d1.htm,
66740,3M CO,healthcare,core,0001558370-21-003283,8-K,2021-03-22,EX99_PRESS_RELEASE,FLAGGED,earnings_population_gate,earnings_population_gate,whole_document,medium,1886,0.6649,0.0,0.50277,mmm-20210322xex99.htm,
31462,ECOLAB INC.,consumer,core,0001558370-21-003685,8-K,2021-03-30,EX99_PRESS_RELEASE,FLAGGED,earnings_population_gate,earnings_population_gate,whole_document,medium,530,0.517,0.0,0.40051,ecl-20210330xex99d1.htm,
51143,INTERNATIONAL BUSINESS MACHINES CORP,tech,core,0001558370-21-013312,8-K,2021-10-20,EX99_PRESS_RELEASE,FLAGGED,earnings_population_gate,earnings_population_gate,whole_document,medium,4548,0.2524,0.0,0.47451,ibm-20211020xex99d1.htm,
51143,INTERNATIONAL BUSINESS MACHINES CORP,tech,core,0001558370-21-017039,8-K,2021-12-27,EX99_PRESS_RELEASE,FLAGGED,earnings_population_gate,earnings_population_gate,whole_document,medium,2880,0.9924,0.0,0.40948,ibm-20211227xex99d1.htm,
31462,ECOLAB INC.,consumer,core,0001558370-22-000335,8-K,2022-01-20,EX99_PRESS_RELEASE,FLAGGED,earnings_population_gate,earnings_population_gate,whole_document,medium,2243,0.852,0.0,0.4574,ecl-20220120xex99d1.htm,
31462,ECOLAB INC.,consumer,core,0001558370-22-001159,8-K,2022-02-15,EX99_PRESS_RELEASE,FLAGGED,earnings_population_gate,earnings_population_gate,whole_document,medium,6461,0.4801,0.0,0.45053,ecl-20220215xex99d1.htm,
31462,ECOLAB INC.,consumer,core,0001558370-22-004741,8-K,2022-03-30,EX99_PRESS_RELEASE,FLAGGED,earnings_population_gate,earnings_population_gate,whole_document,medium,540,0.5074,0.0,0.40051,ecl-20220330xex99d1.htm,
31462,ECOLAB INC.,consumer,core,0001558370-23-005492,8-K,2023-04-05,EX99_PRESS_RELEASE,FLAGGED,earnings_population_gate,earnings_population_gate,whole_document,medium,540,0.5074,0.0,0.40051,ecl-20230405xex99d1.htm,
31462,ECOLAB INC.,consumer,core,0001558370-23-007574,8-K,2023-05-02,EX99_PRESS_RELEASE,FLAGGED,earnings_population_gate,earnings_population_gate,whole_document,medium,5060,0.4208,0.0,0.44458,ecl-20230502xex99d1.htm,
31462,ECOLAB INC.,consumer,core,0001558370-24-001019,8-K,2024-02-13,EX99_PRESS_RELEASE,FLAGGED,earnings_population_gate,earnings_population_gate,whole_document,medium,6043,0.3738,0.0,0.44526,ecl-20240213xex99d1.htm,
31462,ECOLAB INC.,consumer,core,0001558370-24-003421,8-K,2024-03-15,EX99_PRESS_RELEASE,FLAGGED,earnings_population_gate,earnings_population_gate,whole_document,medium,604,0.5629,0.0,0.39729,ecl-20240315xex99d1.htm,
31462,ECOLAB INC.,consumer,core,0001558370-25-000782,8-K,2025-02-11,EX99_PRESS_RELEASE,FLAGGED,earnings_population_gate,earnings_population_gate,whole_document,medium,6282,0.4502,0.0,0.44656,ecl-20250211xex99d1.htm,
31462,ECOLAB INC.,consumer,core,0001558370-25-004009,8-K,2025-03-28,EX99_PRESS_RELEASE,FLAGGED,earnings_population_gate,earnings_population_gate,whole_document,medium,749,0.3979,0.0,0.37681,ecl-20250328xex99d1.htm,
1099590,MERCADOLIBRE INC,financials,core,0001562762-22-000324,8-K,2022-08-03,EX99_PRESS_RELEASE,FLAGGED,earnings_population_gate,earnings_population_gate,whole_document,medium,5944,0.5861,0.0,0.46896,meli-20220803xex99_1.htm,
1564408,Snap Inc,tech,core,0001564408-26-000024,8-K,2026-05-06,EX99_PRESS_RELEASE,FLAGGED,earnings_population_gate,earnings_population_gate,whole_document,medium,4426,0.3073,0.0,0.45646,snap-20260506xexx991pressr.htm,
1418091,"TWITTER, INC.",tech,core,0001564590-15-008360,8-K,2015-10-13,EX99_PRESS_RELEASE,FLAGGED,earnings_population_gate,earnings_population_gate,whole_document,medium,361,0.9474,0.0,0.43966,twtr-ex991_6.htm,
1418091,"TWITTER, INC.",tech,core,0001564590-15-008670,8-K,2015-10-27,EX99_PRESS_RELEASE,FLAGGED,earnings_population_gate,earnings_population_gate,whole_document,medium,3480,0.4043,0.0,0.48353,twtr-ex991_6.htm,
1318605,"Tesla, Inc.",consumer,core,0001564590-16-015857,8-K,2016-04-04,EX99_PRESS_RELEASE,FLAGGED,earnings_population_gate,earnings_population_gate,whole_document,medium,369,0.7561,0.0,0.39521,tsla-ex991_6.htm,
1318605,"Tesla, Inc.",consumer,core,0001564590-16-021035,8-K,2016-07-05,EX99_PRESS_RELEASE,FLAGGED,earnings_population_gate,earnings_population_gate,whole_document,medium,359,0.8524,0.0,0.48,tsla-ex991_6.htm,
1318605,"Tesla, Inc.",consumer,core,0001564590-16-025573,8-K,2016-10-03,EX99_PRESS_RELEASE,FLAGGED,earnings_population_gate,earnings_population_gate,whole_document,medium,324,0.7778,0.0,0.48649,tsla-ex991_6.htm,
1318605,"Tesla, Inc.",consumer,core,0001564590-17-000024,8-K,2017-01-03,EX99_PRESS_RELEASE,FLAGGED,earnings_population_gate,earnings_population_gate,whole_document,medium,362,0.7182,0.0,0.48447,tsla-ex991_6.htm,
1389170,Targa Resources Corp.,energy,core,0001564590-17-001585,8-K,2017-02-15,EX99_PRESS_RELEASE,FLAGGED,earnings_population_gate,earnings_population_gate,whole_document,medium,10251,0.538,0.0,0.46869,trgp-ex991_25.htm,
1318605,"Tesla, Inc.",consumer,core,0001564590-17-005875,8-K,2017-04-03,EX99_PRESS_RELEASE,FLAGGED,below_length_floor,earnings_population_gate|earnings_thin_document|below_length_floor,whole_document,medium,176,0.6818,0.0,0.5034,tsla-ex991_6.htm,
97476,TEXAS INSTRUMENTS INC,tech,core,0001564590-17-007157,8-K,2017-04-25,EX99_PRESS_RELEASE,FLAGGED,earnings_supplemental_diluted,earnings_supplemental_diluted,whole_document,medium,2666,0.2498,0.0,0.47158,txn-ex99_15.htm,
1318605,"Tesla, Inc.",consumer,core,0001564590-17-008395,8-K,2017-05-03,EX99_PRESS_RELEASE,FLAGGED,earnings_population_gate,earnings_population_gate,whole_document,medium,4834,0.5629,0.0,0.44729,tsla-ex991_148.htm,
1318605,"Tesla, Inc.",consumer,core,0001564590-17-013176,8-K,2017-07-03,EX99_PRESS_RELEASE,FLAGGED,earnings_population_gate,earnings_population_gate,whole_document,medium,499,0.8016,0.0,0.42699,tsla-ex991_17.htm,
1318605,"Tesla, Inc.",consumer,core,0001564590-17-013276,8-K,2017-07-07,EX99_PRESS_RELEASE,FLAGGED,earnings_population_gate,earnings_population_gate,whole_document,medium,575,0.7704,0.0,0.44681,tsla-ex991_6.htm,
97476,TEXAS INSTRUMENTS INC,tech,core,0001564590-17-013942,8-K,2017-07-25,EX99_PRESS_RELEASE,FLAGGED,earnings_supplemental_diluted,earnings_supplemental_diluted,whole_document,medium,2665,0.2184,0.0,0.47051,txn-ex99_6.htm,
1318605,"Tesla, Inc.",consumer,core,0001564590-17-014920,8-K,2017-08-02,EX99_PRESS_RELEASE,FLAGGED,earnings_population_gate,earnings_population_gate,whole_document,medium,5328,0.5616,0.0,0.44839,tsla-ex991_90.htm,
1318605,"Tesla, Inc.",consumer,core,0001564590-17-019158,8-K,2017-10-02,EX99_PRESS_RELEASE,FLAGGED,earnings_population_gate,earnings_population_gate,whole_document,medium,395,0.6506,0.0,0.46957,tsla-ex991_6.htm,
1364742,"BlackRock Finance, Inc.",financials,core,0001564590-17-019389,8-K,2017-10-11,EX99_PRESS_RELEASE,FLAGGED,earnings_supplemental_diluted,earnings_supplemental_diluted,whole_document,medium,8451,0.2861,0.0,0.45022,blk-ex991_241.htm,
97476,TEXAS INSTRUMENTS INC,tech,core,0001564590-17-019876,8-K,2017-10-24,EX99_PRESS_RELEASE,FLAGGED,earnings_supplemental_diluted,earnings_supplemental_diluted,whole_document,medium,2635,0.2584,0.0,0.46854,txn-ex99_6.htm,
1318605,"Tesla, Inc.",consumer,core,0001564590-17-020822,8-K,2017-11-01,EX99_PRESS_RELEASE,FLAGGED,earnings_population_gate,earnings_population_gate,whole_document,medium,5354,0.5676,0.0,0.45498,tsla-ex991_6.htm,
1318605,"Tesla, Inc.",consumer,core,0001564590-18-000054,8-K,2018-01-03,EX99_PRESS_RELEASE,FLAGGED,earnings_population_gate,earnings_population_gate,whole_document,medium,566,0.6908,0.0,0.48111,tsla-ex991_6.htm,
1364742,"BlackRock Finance, Inc.",financials,core,0001564590-18-000432,8-K,2018-01-12,EX99_PRESS_RELEASE,FLAGGED,earnings_supplemental_diluted,earnings_supplemental_diluted,whole_document,medium,8124,0.3145,0.0,0.45753,blk-ex991_24.htm,
97476,TEXAS INSTRUMENTS INC,tech,core,0001564590-18-000785,8-K,2018-01-23,EX99_PRESS_RELEASE,FLAGGED,earnings_supplemental_diluted,earnings_supplemental_diluted,whole_document,medium,3049,0.2316,0.0,0.47213,txn-ex99_6.htm,
1318605,"Tesla, Inc.",consumer,core,0001564590-18-001521,8-K,2018-02-07,EX99_PRESS_RELEASE,FLAGGED,earnings_population_gate,earnings_population_gate,whole_document,medium,5734,0.625,0.0,0.46229,tsla-ex991_8.htm,
1318605,"Tesla, Inc.",consumer,core,0001564590-18-007463,8-K,2018-04-03,EX99_PRESS_RELEASE,FLAGGED,earnings_population_gate,earnings_population_gate,whole_document,medium,676,0.7855,0.0,0.45605,tsla-ex991_6.htm,
1364742,"BlackRock Finance, Inc.",financials,core,0001564590-18-008028,8-K,2018-04-12,EX99_PRESS_RELEASE,FLAGGED,earnings_supplemental_diluted,earnings_supplemental_diluted,whole_document,medium,7026,0.3217,0.0,0.45678,blk-ex991_71.htm,
97476,TEXAS INSTRUMENTS INC,tech,core,0001564590-18-008880,8-K,2018-04-24,EX99_PRESS_RELEASE,FLAGGED,earnings_supplemental_diluted,earnings_supplemental_diluted,whole_document,medium,2565,0.2682,0.0,0.47053,txn-ex99_7.htm,
1318605,"Tesla, Inc.",consumer,core,0001564590-18-010306,8-K,2018-05-02,EX99_PRESS_RELEASE,FLAGGED,earnings_population_gate,earnings_population_gate,whole_document,medium,5530,0.6749,0.0,0.45321,tsla-ex991_7.htm,
1318605,"Tesla, Inc.",consumer,core,0001564590-18-016465,8-K,2018-07-02,EX99_PRESS_RELEASE,FLAGGED,earnings_population_gate,earnings_population_gate,whole_document,medium,672,0.9107,0.0,0.46141,tsla-ex991_6.htm,
1364742,"BlackRock Finance, Inc.",financials,core,0001564590-18-016854,8-K,2018-07-16,EX99_PRESS_RELEASE,FLAGGED,earnings_supplemental_diluted,earnings_supplemental_diluted,whole_document,medium,7488,0.2265,0.0,0.43844,blk-ex991_54.htm,
97476,TEXAS INSTRUMENTS INC,tech,core,0001564590-18-017305,8-K,2018-07-24,EX99_PRESS_RELEASE,FLAGGED,earnings_population_gate,earnings_population_gate|earnings_supplemental_diluted,whole_document,medium,2528,0.2911,0.0,0.46893,txn-ex99_6.htm,
1318605,"Tesla, Inc.",consumer,core,0001564590-18-018490,8-K,2018-08-01,EX99_PRESS_RELEASE,FLAGGED,earnings_population_gate,earnings_population_gate,whole_document,medium,6001,0.6459,0.0,0.455,tsla-ex991_6.htm,
1318605,"Tesla, Inc.",consumer,core,0001564590-18-023716,8-K,2018-10-01,EX99_PRESS_RELEASE,FLAGGED,below_length_floor,earnings_population_gate|earnings_thin_document|below_length_floor,whole_document,medium,67,0.0,0.0,0.40625,tsla-ex991_6.htm,
1318605,"Tesla, Inc.",consumer,core,0001564590-18-023815,8-K,2018-10-02,EX99_PRESS_RELEASE,FLAGGED,earnings_population_gate,earnings_population_gate,whole_document,medium,801,0.9101,0.0,0.46658,tsla-ex991_6.htm,
1364742,"BlackRock Finance, Inc.",financials,core,0001564590-18-024298,8-K,2018-10-16,EX99_PRESS_RELEASE,FLAGGED,earnings_supplemental_diluted,earnings_supplemental_diluted,whole_document,medium,8098,0.2536,0.0,0.44234,blk-ex991_6.htm,
97476,TEXAS INSTRUMENTS INC,tech,core,0001564590-18-024767,8-K,2018-10-23,EX99_PRESS_RELEASE,FLAGGED,earnings_supplemental_diluted,earnings_supplemental_diluted,whole_document,medium,2537,0.2696,0.0,0.472,txn-ex99_7.htm,
1318605,"Tesla, Inc.",consumer,core,0001564590-18-024902,8-K,2018-10-24,EX99_PRESS_RELEASE,FLAGGED,earnings_population_gate,earnings_population_gate,whole_document,medium,5484,0.6047,0.0,0.45747,tsla-ex991_6.htm,
1318605,"Tesla, Inc.",consumer,core,0001564590-19-000013,8-K,2019-01-02,EX99_PRESS_RELEASE,FLAGGED,earnings_population_gate,earnings_population_gate,whole_document,medium,752,0.7553,0.0,0.49028,tsla-ex991_6.htm,
1564408,Snap Inc,tech,core,0001564590-19-000673,8-K,2019-01-15,8K_BODY,FLAGGED,below_length_floor,earnings_population_gate|earnings_item202_block_thin|below_length_floor,item202_slice,medium,302,0.6225,0.0,0.50178,snap-8k_20190115.htm,
1364742,"BlackRock Finance, Inc.",financials,core,0001564590-19-000682,8-K,2019-01-16,EX99_PRESS_RELEASE,FLAGGED,earnings_supplemental_diluted,earnings_supplemental_diluted,whole_document,medium,7773,0.2688,0.0,0.45678,blk-ex991_6.htm,
1318605,"Tesla, Inc.",consumer,core,0001564590-19-000740,8-K,2019-01-18,EX99_PRESS_RELEASE,FLAGGED,earnings_population_gate,earnings_population_gate,whole_document,medium,795,0.917,0.0,0.41711,tsla-ex991_6.htm,
97476,TEXAS INSTRUMENTS INC,tech,core,0001564590-19-000975,8-K,2019-01-23,EX99_PRESS_RELEASE,FLAGGED,earnings_supplemental_diluted,earnings_supplemental_diluted,whole_document,medium,2896,0.2483,0.0,0.47349,txn-ex99_6.htm,
1318605,"Tesla, Inc.",consumer,core,0001564590-19-001399,8-K,2019-01-30,EX99_PRESS_RELEASE,FLAGGED,earnings_population_gate,earnings_population_gate,whole_document,medium,6200,0.6835,0.0,0.46381,tsla-ex991_6.htm,
1564408,Snap Inc,tech,core,0001564590-19-002000,8-K,2019-02-05,EX99_PRESS_RELEASE,FLAGGED,earnings_population_gate,earnings_population_gate,whole_document,medium,5690,0.2907,0.0,0.4635,snap-ex991_6.htm,
1318605,"Tesla, Inc.",consumer,core,0001564590-19-010743,8-K,2019-04-04,EX99_PRESS_RELEASE,FLAGGED,earnings_population_gate,earnings_population_gate,whole_document,medium,571,0.8284,0.0,0.47834,tsla-ex991_6.htm,
1364742,"BlackRock Finance, Inc.",financials,core,0001564590-19-011670,8-K,2019-04-16,EX99_PRESS_RELEASE,FLAGGED,earnings_supplemental_diluted,earnings_supplemental_diluted,whole_document,medium,6494,0.3112,0.0,0.43747,blk-ex991_6.htm,
97476,TEXAS INSTRUMENTS INC,tech,core,0001564590-19-012514,8-K,2019-04-23,EX99_PRESS_RELEASE,FLAGGED,earnings_supplemental_diluted,earnings_supplemental_diluted,whole_document,medium,2540,0.2827,0.0,0.46562,txn-ex99_6.htm,
1318605,"Tesla, Inc.",consumer,core,0001564590-19-012758,8-K,2019-04-24,EX99_PRESS_RELEASE,FLAGGED,earnings_population_gate,earnings_population_gate,whole_document,medium,5200,0.575,0.0,0.4601,tsla-ex991_6.htm,
1318605,"Tesla, Inc.",consumer,core,0001564590-19-024414,8-K,2019-07-02,EX99_PRESS_RELEASE,FLAGGED,earnings_population_gate,earnings_population_gate,whole_document,medium,362,0.8343,0.0,0.4645,tsla-ex991_14.htm,
1364742,"BlackRock Finance, Inc.",financials,core,0001564590-19-025278,8-K,2019-07-19,EX99_PRESS_RELEASE,FLAGGED,earnings_supplemental_diluted,earnings_supplemental_diluted,whole_document,medium,7833,0.2719,0.0,0.43737,blk-ex991_7.htm,
97476,TEXAS INSTRUMENTS INC,tech,core,0001564590-19-025627,8-K,2019-07-23,EX99_PRESS_RELEASE,FLAGGED,earnings_supplemental_diluted,earnings_supplemental_diluted,whole_document,medium,2575,0.2909,0.0,0.47011,txn-ex99_6.htm,
1318605,"Tesla, Inc.",consumer,core,0001564590-19-025855,8-K,2019-07-24,EX99_PRESS_RELEASE,FLAGGED,earnings_population_gate,earnings_population_gate,whole_document,medium,4626,0.4691,0.0,0.46714,tsla-ex991_22.htm,
1318605,"Tesla, Inc.",consumer,core,0001564590-19-036274,8-K,2019-10-02,EX99_PRESS_RELEASE,FLAGGED,below_length_floor,earnings_population_gate|earnings_thin_document|below_length_floor,whole_document,medium,220,0.7864,0.0,0.48969,tsla-ex991_34.htm,
1364742,"BlackRock Finance, Inc.",financials,core,0001564590-19-036898,8-K,2019-10-15,EX99_PRESS_RELEASE,FLAGGED,earnings_supplemental_diluted,earnings_supplemental_diluted,whole_document,medium,7807,0.2499,0.0,0.43677,blk-ex991_24.htm,
1318605,"Tesla, Inc.",consumer,core,0001564590-19-037581,8-K,2019-10-23,EX99_PRESS_RELEASE,FLAGGED,earnings_population_gate,earnings_population_gate,whole_document,medium,4845,0.9368,0.0,0.43701,tsla-ex991_154.htm,
1318605,"Tesla, Inc.",consumer,core,0001564590-20-000161,8-K,2020-01-03,EX99_PRESS_RELEASE,FLAGGED,earnings_population_gate,earnings_population_gate,whole_document,medium,265,0.6679,0.0,0.45188,tsla-ex991_24.htm,
1364742,"BlackRock Finance, Inc.",financials,core,0001564590-20-001144,8-K,2020-01-15,EX99_PRESS_RELEASE,FLAGGED,earnings_supplemental_diluted,earnings_supplemental_diluted,whole_document,medium,7291,0.2843,0.0,0.44233,blk-ex991_6.htm,
1318605,"Tesla, Inc.",consumer,core,0001564590-20-002489,8-K,2020-01-29,EX99_PRESS_RELEASE,FLAGGED,earnings_population_gate,earnings_population_gate,whole_document,medium,5102,0.9708,0.0,0.42762,tsla-ex991_340.htm,
1318605,"Tesla, Inc.",consumer,core,0001564590-20-014992,8-K,2020-04-02,EX99_PRESS_RELEASE,FLAGGED,below_length_floor,earnings_population_gate|earnings_thin_document|below_length_floor,whole_document,medium,189,0.5714,0.0,0.45181,tsla-ex991_6.htm,
715957,"DOMINION ENERGY, INC",utilities,extension,0001564590-20-015128,8-K,2020-04-03,8K_BODY,FLAGGED,earnings_item202_block_thin,earnings_population_gate|earnings_item202_block_thin,item202_slice,medium,562,0.6352,0.0,0.41718,d-8k_20200331.htm,
1364742,"BlackRock Finance, Inc.",financials,core,0001564590-20-016955,8-K,2020-04-16,EX99_PRESS_RELEASE,FLAGGED,earnings_supplemental_diluted,earnings_supplemental_diluted,whole_document,medium,7315,0.3569,0.0,0.44789,blk-ex991_6.htm,
1318605,"Tesla, Inc.",consumer,core,0001564590-20-019776,8-K,2020-04-29,EX99_PRESS_RELEASE,FLAGGED,earnings_population_gate,earnings_population_gate,whole_document,medium,4930,0.9811,0.0,0.43239,tsla-ex9901_96.htm,
715957,"DOMINION ENERGY, INC",utilities,extension,0001564590-20-021004,8-K,2020-05-05,EX99_PRESS_RELEASE,FLAGGED,earnings_population_gate,earnings_population_gate,whole_document,medium,2995,0.4638,0.0,0.47509,d-ex99_6.htm,
1318605,"Tesla, Inc.",consumer,core,0001564590-20-031568,8-K,2020-07-02,EX99_PRESS_RELEASE,FLAGGED,below_length_floor,earnings_population_gate|earnings_thin_document|below_length_floor,whole_document,medium,175,0.6171,0.0,0.47059,tsla-ex991_24.htm,
1364742,"BlackRock Finance, Inc.",financials,core,0001564590-20-032541,8-K,2020-07-17,EX99_PRESS_RELEASE,FLAGGED,earnings_supplemental_diluted,earnings_supplemental_diluted,whole_document,medium,8596,0.2798,0.0,0.4401,blk-ex991_7.htm,
1318605,"Tesla, Inc.",consumer,core,0001564590-20-033069,8-K,2020-07-22,EX99_PRESS_RELEASE,FLAGGED,earnings_population_gate,earnings_population_gate,whole_document,medium,4975,0.9811,0.0,0.43019,tsla-ex991_63.htm,
1318605,"Tesla, Inc.",consumer,core,0001564590-20-045592,8-K,2020-10-02,EX99_PRESS_RELEASE,FLAGGED,below_length_floor,earnings_population_gate|earnings_thin_document|below_length_floor,whole_document,medium,175,0.6171,0.0,0.47368,tsla-ex991_34.htm,
1364742,"BlackRock Finance, Inc.",financials,core,0001564590-20-046252,8-K,2020-10-13,EX99_PRESS_RELEASE,FLAGGED,earnings_supplemental_diluted,earnings_supplemental_diluted,whole_document,medium,8313,0.2962,0.0,0.44108,blk-ex991_7.htm,
1318605,"Tesla, Inc.",consumer,core,0001564590-20-047108,8-K,2020-10-21,EX99_PRESS_RELEASE,FLAGGED,earnings_population_gate,earnings_population_gate,whole_document,medium,5246,0.9491,0.0,0.40772,tsla-ex991_57.htm,
1318605,"Tesla, Inc.",consumer,core,0001564590-21-000008,8-K,2021-01-04,EX99_PRESS_RELEASE,FLAGGED,earnings_population_gate,earnings_population_gate,whole_document,medium,263,0.6046,0.0,0.43348,tsla-ex991_7.htm,
1364742,"BlackRock Finance, Inc.",financials,core,0001564590-21-001137,8-K,2021-01-14,EX99_PRESS_RELEASE,FLAGGED,earnings_supplemental_diluted,earnings_supplemental_diluted,whole_document,medium,7926,0.3085,0.0,0.44897,blk-ex991_6.htm,
1318605,"Tesla, Inc.",consumer,core,0001564590-21-002645,8-K,2021-01-27,EX99_PRESS_RELEASE,FLAGGED,earnings_population_gate,earnings_population_gate,whole_document,medium,3523,0.7122,0.0,0.4229,tsla-ex991_99.htm,
1389170,Targa Resources Corp.,energy,core,0001564590-21-006487,8-K,2021-02-18,EX99_PRESS_RELEASE,FLAGGED,earnings_population_gate,earnings_population_gate,whole_document,medium,8662,0.5927,0.0,0.47685,trgp-ex991_19.htm,
1318605,"Tesla, Inc.",consumer,core,0001564590-21-017443,8-K,2021-04-02,EX99_PRESS_RELEASE,FLAGGED,earnings_population_gate,earnings_population_gate,whole_document,medium,275,0.8655,0.0,0.46,tsla-ex991_7.htm,
1364742,"BlackRock Finance, Inc.",financials,core,0001564590-21-018904,8-K,2021-04-15,EX99_PRESS_RELEASE,FLAGGED,earnings_supplemental_diluted,earnings_supplemental_diluted,whole_document,medium,7672,0.3841,0.0,0.44873,blk-ex991_6.htm,
1318605,"Tesla, Inc.",consumer,core,0001564590-21-020558,8-K,2021-04-26,EX99_PRESS_RELEASE,FLAGGED,earnings_population_gate,earnings_population_gate,whole_document,medium,3312,0.7388,0.0,0.42389,tsla-ex99_136.htm,
1364742,"BlackRock Finance, Inc.",financials,core,0001564590-21-036497,8-K,2021-07-14,EX99_PRESS_RELEASE,FLAGGED,earnings_supplemental_diluted,earnings_supplemental_diluted,whole_document,medium,8727,0.3195,0.0,0.44118,blk-ex991_6.htm,
1318605,"Tesla, Inc.",consumer,core,0001564590-21-037953,8-K,2021-07-26,EX99_PRESS_RELEASE,FLAGGED,earnings_population_gate,earnings_population_gate,whole_document,medium,3240,0.7512,0.0,0.42221,tsla-ex991_89.htm,
1318605,"Tesla, Inc.",consumer,core,0001564590-21-049874,8-K,2021-10-04,EX99_PRESS_RELEASE,FLAGGED,below_length_floor,earnings_population_gate|earnings_thin_document|below_length_floor,whole_document,medium,177,0.6102,0.0,0.4586,tsla-ex991_6.htm,
1364742,"BlackRock Finance, Inc.",financials,core,0001564590-21-050661,8-K,2021-10-13,EX99_PRESS_RELEASE,FLAGGED,earnings_supplemental_diluted,earnings_supplemental_diluted,whole_document,medium,8866,0.321,0.0,0.43909,blk-ex991_7.htm,
1318605,"Tesla, Inc.",consumer,core,0001564590-21-051307,8-K,2021-10-20,EX99_PRESS_RELEASE,FLAGGED,earnings_population_gate,earnings_population_gate,whole_document,medium,3212,0.7656,0.0,0.42246,tsla-ex991_85.htm,
1318605,"Tesla, Inc.",consumer,core,0001564590-22-000009,8-K,2022-01-03,EX99_PRESS_RELEASE,FLAGGED,below_length_floor,earnings_population_gate|earnings_thin_document|below_length_floor,whole_document,medium,203,0.532,0.0,0.46154,tsla-ex991_6.htm,
1364742,"BlackRock Finance, Inc.",financials,core,0001564590-22-001270,8-K,2022-01-14,EX99_PRESS_RELEASE,FLAGGED,earnings_supplemental_diluted,earnings_supplemental_diluted,whole_document,medium,8469,0.3046,0.0,0.44769,blk-ex991_7.htm,
1318605,"Tesla, Inc.",consumer,core,0001564590-22-002476,8-K,2022-01-26,EX99_PRESS_RELEASE,FLAGGED,earnings_population_gate,earnings_population_gate,whole_document,medium,3488,0.6399,0.0,0.41653,tsla-ex991_209.htm,
1318605,"Tesla, Inc.",consumer,core,0001564590-22-013264,8-K,2022-04-04,EX99_PRESS_RELEASE,FLAGGED,earnings_population_gate,earnings_population_gate,whole_document,medium,276,0.529,0.0,0.42259,tsla-ex991_6.htm,
1318605,"Tesla, Inc.",consumer,core,0001564590-22-014917,8-K,2022-04-20,EX99_PRESS_RELEASE,FLAGGED,earnings_population_gate,earnings_population_gate,whole_document,medium,3237,0.7368,0.0,0.41157,tsla-ex991_151.htm,
1318605,"Tesla, Inc.",consumer,core,0001564590-22-025153,8-K,2022-07-05,EX99_PRESS_RELEASE,FLAGGED,earnings_population_gate,earnings_population_gate,whole_document,medium,296,0.4932,0.0,0.42063,tsla-ex991_6.htm,
1364742,"BlackRock Finance, Inc.",financials,core,0001564590-22-025811,8-K,2022-07-15,EX99_PRESS_RELEASE,FLAGGED,earnings_supplemental_diluted,earnings_supplemental_diluted,whole_document,medium,9035,0.3388,0.0,0.44119,blk-ex991_6.htm,
1318605,"Tesla, Inc.",consumer,core,0001564590-22-026048,8-K,2022-07-20,EX99_PRESS_RELEASE,FLAGGED,earnings_population_gate,earnings_population_gate,whole_document,medium,3203,0.715,0.0,0.42448,tsla-ex991_130.htm,
1564408,Snap Inc,tech,core,0001564590-22-026167,8-K,2022-07-21,EX99_PRESS_RELEASE,FLAGGED,earnings_population_gate,earnings_population_gate,whole_document,medium,5633,0.2887,0.0,0.45404,snap-ex991_7.htm,
1341439,ORACLE CORP,tech,core,0001564590-22-031466,8-K,2022-09-12,EX99_PRESS_RELEASE,FLAGGED,earnings_population_gate,earnings_population_gate,whole_document,medium,4082,0.4865,0.0,0.48266,orcl-ex991_6.htm,
1318605,"Tesla, Inc.",consumer,core,0001564590-22-033053,8-K,2022-10-03,EX99_PRESS_RELEASE,FLAGGED,earnings_population_gate,earnings_population_gate,whole_document,medium,416,0.6923,0.0,0.4385,tsla-ex991_6.htm,
1364742,"BlackRock Finance, Inc.",financials,core,0001564590-22-034147,8-K,2022-10-13,EX99_PRESS_RELEASE,FLAGGED,earnings_supplemental_diluted,earnings_supplemental_diluted,whole_document,medium,9006,0.3281,0.0,0.44104,blk-ex991_7.htm,
1318605,"Tesla, Inc.",consumer,core,0001564590-22-034639,8-K,2022-10-19,EX99_PRESS_RELEASE,FLAGGED,earnings_population_gate,earnings_population_gate,whole_document,medium,2119,0.6102,0.0,0.40805,tsla-ex991_89.htm,
1318605,"Tesla, Inc.",consumer,core,0001564590-23-000002,8-K,2023-01-03,EX99_PRESS_RELEASE,FLAGGED,earnings_population_gate,earnings_population_gate,whole_document,medium,436,0.4748,0.0,0.4385,tsla-ex991_6.htm,
1364742,"BlackRock Finance, Inc.",financials,core,0001564590-23-000399,8-K,2023-01-13,EX99_PRESS_RELEASE,FLAGGED,earnings_supplemental_diluted,earnings_supplemental_diluted,whole_document,medium,8434,0.3513,0.0,0.45351,blk-ex991_6.htm,
1318605,"Tesla, Inc.",consumer,core,0001564590-23-000799,8-K,2023-01-25,EX99_PRESS_RELEASE,FLAGGED,earnings_population_gate,earnings_population_gate,whole_document,medium,2467,0.5999,0.0,0.41133,tsla-ex991_127.htm,
1318605,"Tesla, Inc.",consumer,core,0001564590-23-005126,8-K,2023-04-03,EX99_PRESS_RELEASE,FLAGGED,earnings_population_gate,earnings_population_gate,whole_document,medium,295,0.4949,0.0,0.42857,tsla-ex991_7.htm,
1364742,"BlackRock Finance, Inc.",financials,core,0001564590-23-005711,8-K,2023-04-14,EX99_PRESS_RELEASE,FLAGGED,earnings_supplemental_diluted,earnings_supplemental_diluted,whole_document,medium,7961,0.4115,0.0,0.44647,blk-ex991_7.htm,
1318605,"Tesla, Inc.",consumer,core,0001564590-23-005959,8-K,2023-04-19,EX99_PRESS_RELEASE,FLAGGED,earnings_population_gate,earnings_population_gate,whole_document,medium,2186,0.6276,0.0,0.40424,tsla-ex991_99.htm,
816284,CELGENE CORP /DE/,healthcare,core,0001571049-17-000233,8-K,2017-01-09,EX99_PRESS_RELEASE,FLAGGED,earnings_population_gate,earnings_population_gate,whole_document,medium,3651,0.0,0.0,0.42775,t1700041_ex99-1.htm,
1596532,"Arista Networks, Inc.",tech,core,0001596532-18-000166,8-K,2018-08-02,EX99_PRESS_RELEASE,FLAGGED,earnings_population_gate,earnings_population_gate,whole_document,medium,2737,0.3982,0.0,0.46867,ex991q218-earningsrelease.htm,
1596532,"Arista Networks, Inc.",tech,core,0001596532-18-000171,8-K,2018-08-06,8K_BODY,FLAGGED,below_length_floor,earnings_population_gate|earnings_item202_block_thin|below_length_floor,item202_slice,medium,344,0.6628,0.0,0.54603,a8-klegalsettlementwithcis.htm,
1596532,"Arista Networks, Inc.",tech,core,0001596532-20-000003,8-K,2020-01-02,8K_BODY,FLAGGED,earnings_population_gate,earnings_population_gate,item202_slice,medium,500,0.806,0.0,0.5154,a8-krivelo20191229.htm,
1596532,"Arista Networks, Inc.",tech,core,0001596532-20-000019,8-K,2020-02-13,EX99_PRESS_RELEASE,FLAGGED,earnings_population_gate,earnings_population_gate,whole_document,medium,3276,0.3617,0.0,0.4494,ex991q419-earningsrele.htm,
1613103,Medtronic plc,healthcare,core,0001613103-17-000040,8-K,2017-11-08,EX99_PRESS_RELEASE,FLAGGED,earnings_population_gate,earnings_population_gate,whole_document,medium,1646,0.825,0.0,0.44297,exhibit991-pressreleaseofm.htm,
1613103,Medtronic plc,healthcare,core,0001613103-17-000043,8-K,2017-11-21,EX99_PRESS_RELEASE,FLAGGED,earnings_population_gate,earnings_population_gate,whole_document,medium,6288,0.3796,0.0,0.43127,exhibit991-fy18q2earningsr.htm,
1645590,Hewlett Packard Enterprise Co,tech,core,0001628280-17-001605,8-K,2017-02-23,EX99_PRESS_RELEASE,FLAGGED,earnings_population_gate,earnings_population_gate,whole_document,medium,3979,0.2775,0.0,0.4454,ex-991x02232017x8k.htm,
1645590,Hewlett Packard Enterprise Co,tech,core,0001628280-17-001647,8-K,2017-02-23,EX99_PRESS_RELEASE,FLAGGED,earnings_population_gate,earnings_population_gate,whole_document,medium,6809,0.6281,0.0,0.44752,ex-991x1312017x8k.htm,
713676,"PNC FINANCIAL SERVICES GROUP, INC.",financials,core,0001628280-17-009872,8-K,2017-10-13,EX99_PRESS_RELEASE,FLAGGED,earnings_population_gate,earnings_population_gate,whole_document,medium,8727,0.5148,0.0,0.49149,pnc3q17financialhighlights.htm,
713676,"PNC FINANCIAL SERVICES GROUP, INC.",financials,core,0001628280-17-009879,8-K,2017-10-13,EX99_PRESS_RELEASE,FLAGGED,earnings_population_gate,earnings_population_gate|earnings_supplemental_diluted,whole_document,medium,10442,0.222,0.0,0.41652,pnc3q17financialsupplement.htm,
97476,TEXAS INSTRUMENTS INC,tech,core,0001628280-20-014606,8-K,2020-10-20,EX99_PRESS_RELEASE,FLAGGED,earnings_supplemental_diluted,earnings_supplemental_diluted,whole_document,medium,2398,0.2719,0.0,0.46788,q32020txnex99-er1.htm,
1543151,"Uber Technologies, Inc",financials,core,0001628280-20-015770,8-K,2020-11-05,EX99_PRESS_RELEASE,FLAGGED,earnings_population_gate,earnings_population_gate,whole_document,medium,8634,0.5412,0.0,0.44845,uberq320earningspressr.htm,
769397,"Autodesk, Inc.",tech,core,0001628280-20-016321,8-K,2020-11-12,EX99_PRESS_RELEASE,FLAGGED,earnings_population_gate,earnings_population_gate,whole_document,medium,835,0.7593,0.0,0.43696,shdpr.htm,
896878,INTUIT INC.,tech,core,0001628280-20-017160,8-K,2020-12-07,EX99_PRESS_RELEASE,FLAGGED,earnings_population_gate,earnings_population_gate,whole_document,medium,2847,0.7064,0.0,0.47184,guidanceupdaterelease-.htm,
1318605,"Tesla, Inc.",consumer,core,0001628280-23-034588,8-K,2023-10-18,EX99_PRESS_RELEASE,FLAGGED,earnings_population_gate,earnings_population_gate,whole_document,medium,5916,0.9821,0.0,0.42077,exhibit991.htm,
1318605,"Tesla, Inc.",consumer,core,0001628280-24-030714,8-K,2024-07-02,EX99_PRESS_RELEASE,FLAGGED,earnings_population_gate,earnings_population_gate,whole_document,medium,303,0.5347,0.0,0.44961,exhibit991.htm,
1318605,"Tesla, Inc.",consumer,core,0001628280-24-032603,8-K,2024-07-23,EX99_PRESS_RELEASE,FLAGGED,earnings_population_gate,earnings_population_gate,whole_document,medium,5969,0.9841,0.0,0.42368,exhibit.htm,
1318605,"Tesla, Inc.",consumer,core,0001628280-24-041816,8-K,2024-10-02,EX99_PRESS_RELEASE,FLAGGED,earnings_population_gate,earnings_population_gate,whole_document,medium,285,0.5684,0.0,0.44215,ex991.htm,
1318605,"Tesla, Inc.",consumer,core,0001628280-24-043432,8-K,2024-10-23,EX99_PRESS_RELEASE,FLAGGED,earnings_population_gate,earnings_population_gate,whole_document,medium,6103,0.9798,0.0,0.4295,exhibit.htm,
1318605,"Tesla, Inc.",consumer,core,0001628280-25-000007,8-K,2025-01-02,EX99_PRESS_RELEASE,FLAGGED,earnings_population_gate,earnings_population_gate,whole_document,medium,334,0.485,0.0,0.43525,exhibit991.htm,
1318605,"Tesla, Inc.",consumer,core,0001628280-25-002993,8-K,2025-01-29,EX99_PRESS_RELEASE,FLAGGED,earnings_population_gate,earnings_population_gate,whole_document,medium,7491,0.9736,0.0,0.41341,exhibit991.htm,
1318605,"Tesla, Inc.",consumer,core,0001628280-25-016070,8-K,2025-04-02,EX99_PRESS_RELEASE,FLAGGED,earnings_population_gate,earnings_population_gate,whole_document,medium,339,0.2773,0.0,0.44558,exhibit9911.htm,
1318605,"Tesla, Inc.",consumer,core,0001628280-25-018851,8-K,2025-04-22,EX99_PRESS_RELEASE,FLAGGED,earnings_population_gate,earnings_population_gate,whole_document,medium,6800,0.9699,0.0,0.43603,exhbit991.htm,
1318605,"Tesla, Inc.",consumer,core,0001628280-25-033842,8-K,2025-07-02,EX99_PRESS_RELEASE,FLAGGED,earnings_population_gate,earnings_population_gate,whole_document,medium,303,0.5347,0.0,0.44015,exhibit99111.htm,
1318605,"Tesla, Inc.",consumer,core,0001628280-25-035738,8-K,2025-07-23,EX99_PRESS_RELEASE,FLAGGED,earnings_population_gate,earnings_population_gate,whole_document,medium,6776,0.9798,0.0,0.42888,exhibit991.htm,
1318605,"Tesla, Inc.",consumer,core,0001628280-25-043530,8-K,2025-10-02,EX99_PRESS_RELEASE,FLAGGED,earnings_population_gate,earnings_population_gate,whole_document,medium,311,0.5209,0.0,0.43774,exhibit991111.htm,
797468,OCCIDENTAL PETROLEUM CORP /DE/,energy,core,0001628280-25-044718,8-K,2025-10-10,EX99_PRESS_RELEASE,FLAGGED,earnings_population_gate,earnings_population_gate,whole_document,medium,1170,0.865,0.0,0.42226,oxyex99193025preearningsre.htm,
10795,BECTON DICKINSON & CO,healthcare,core,0001628280-25-045106,8-K,2025-10-15,EX99_PRESS_RELEASE,FLAGGED,earnings_population_gate,earnings_population_gate,whole_document,medium,2882,0.788,0.0,0.43727,ex99110152025.htm,
1318605,"Tesla, Inc.",consumer,core,0001628280-25-045861,8-K,2025-10-22,EX99_PRESS_RELEASE,FLAGGED,earnings_population_gate,earnings_population_gate,whole_document,medium,6656,0.9642,0.0,0.43454,exhibit991.htm,
10795,BECTON DICKINSON & CO,healthcare,core,0001628280-25-049835,8-K,2025-11-06,EX99_PRESS_RELEASE,FLAGGED,earnings_population_gate,earnings_population_gate,whole_document,medium,8183,0.3884,0.0,0.43504,ex99109302025.htm,
797468,OCCIDENTAL PETROLEUM CORP /DE/,energy,core,0001628280-25-051056,8-K,2025-11-10,EX99_PRESS_RELEASE,FLAGGED,earnings_population_gate,earnings_population_gate,whole_document,medium,9845,0.228,0.0,0.40025,oxyex99109-30x25earningsre.htm,
1318605,"Tesla, Inc.",consumer,core,0001628280-26-000016,8-K,2026-01-02,EX99_PRESS_RELEASE,FLAGGED,earnings_population_gate,earnings_population_gate,whole_document,medium,331,0.4894,0.0,0.43636,exhibit9914.htm,
797468,OCCIDENTAL PETROLEUM CORP /DE/,energy,core,0001628280-26-002483,8-K,2026-01-20,EX99_PRESS_RELEASE,FLAGGED,earnings_population_gate,earnings_population_gate,whole_document,medium,1299,0.8522,0.0,0.43248,oxyex991123125preearningsr.htm,
1318605,"Tesla, Inc.",consumer,core,0001628280-26-003837,8-K,2026-01-28,EX99_PRESS_RELEASE,FLAGGED,earnings_population_gate,earnings_population_gate,whole_document,medium,8463,0.9826,0.0,0.41221,exhibit991.htm,
797468,OCCIDENTAL PETROLEUM CORP /DE/,energy,core,0001628280-26-009054,8-K,2026-02-18,EX99_PRESS_RELEASE,FLAGGED,earnings_population_gate,earnings_population_gate,whole_document,medium,12676,0.1898,0.0,0.4011,oxyex99112-31x25earningsre.htm,
1318605,"Tesla, Inc.",consumer,core,0001628280-26-022956,8-K,2026-04-02,EX99_PRESS_RELEASE,FLAGGED,earnings_population_gate,earnings_population_gate,whole_document,medium,304,0.5329,0.0,0.44231,exhibit9911111.htm,
10795,BECTON DICKINSON & CO,healthcare,core,0001628280-26-023185,8-K,2026-04-02,EX99_PRESS_RELEASE,FLAGGED,earnings_population_gate,earnings_population_gate|earnings_supplemental_diluted,whole_document,medium,3156,0.2174,0.0,0.4863,ex991042026.htm,
797468,OCCIDENTAL PETROLEUM CORP /DE/,energy,core,0001628280-26-024581,8-K,2026-04-10,EX99_PRESS_RELEASE,FLAGGED,earnings_population_gate,earnings_population_gate,whole_document,medium,1194,0.8677,0.0,0.42005,oxyex99133126preearningsre.htm,
1318605,"Tesla, Inc.",consumer,core,0001628280-26-026551,8-K,2026-04-22,EX99_PRESS_RELEASE,FLAGGED,earnings_population_gate,earnings_population_gate,whole_document,medium,6641,0.9666,0.0,0.41005,exhibit991.htm,
797468,OCCIDENTAL PETROLEUM CORP /DE/,energy,core,0001628280-26-030567,8-K,2026-05-05,EX99_PRESS_RELEASE,FLAGGED,earnings_population_gate,earnings_population_gate,whole_document,medium,8508,0.2513,0.0,0.40083,oxyex9913-31x26earningsrel.htm,
10795,BECTON DICKINSON & CO,healthcare,core,0001628280-26-031638,8-K,2026-05-07,EX99_PRESS_RELEASE,FLAGGED,earnings_population_gate,earnings_population_gate,whole_document,medium,6300,0.4724,0.0,0.46212,ex9913312026.htm,
1318605,"Tesla, Inc.",consumer,core,0001628280-26-046717,8-K,2026-07-02,EX99_PRESS_RELEASE,FLAGGED,earnings_population_gate,earnings_population_gate,whole_document,medium,304,0.5329,0.0,0.44231,exhibit99111111.htm,
797468,OCCIDENTAL PETROLEUM CORP /DE/,energy,core,0001628280-26-047886,8-K,2026-07-10,EX99_PRESS_RELEASE,FLAGGED,earnings_population_gate,earnings_population_gate,whole_document,medium,1216,0.847,0.0,0.41971,oxyex99163026preearningsre.htm,
1318605,"Tesla, Inc.",consumer,core,0001628280-26-049213,8-K,2026-07-22,EX99_PRESS_RELEASE,FLAGGED,earnings_population_gate,earnings_population_gate,whole_document,medium,7119,0.9609,0.0,0.4139,exhibit991.htm,
797468,OCCIDENTAL PETROLEUM CORP /DE/,energy,core,0001628280-26-053377,8-K,2026-08-05,EX99_PRESS_RELEASE,FLAGGED,earnings_population_gate,earnings_population_gate,whole_document,medium,8609,0.2351,0.0,0.39932,oxyex9916-30x26earningsrel.htm,
1633917,"PayPal Holdings, Inc.",financials,core,0001633917-16-000153,8-K,2016-04-12,8K_BODY,FLAGGED,earnings_population_gate,earnings_population_gate,item202_slice,medium,715,0.5105,0.0,0.52381,a8-k.htm,
1633917,"PayPal Holdings, Inc.",financials,core,0001633917-16-000158,8-K,2016-04-27,EX99_PRESS_RELEASE,FLAGGED,earnings_population_gate,earnings_population_gate,whole_document,medium,7165,0.497,0.0,0.47401,exhibit991prq12016pypl.htm,
1633917,"PayPal Holdings, Inc.",financials,core,0001633917-19-000111,8-K,2019-04-09,8K_BODY,FLAGGED,earnings_population_gate,earnings_population_gate,item202_slice,medium,792,0.4141,0.0,0.51482,a8-kopexreclassification20.htm,
1633917,"PayPal Holdings, Inc.",financials,core,0001633917-19-000115,8-K,2019-04-24,EX99_PRESS_RELEASE,FLAGGED,earnings_population_gate,earnings_population_gate,whole_document,medium,5569,0.4328,0.0,0.46631,exhibit991prq12019pypl.htm,
1633917,"PayPal Holdings, Inc.",financials,core,0001633917-19-000168,8-K,2019-07-09,8K_BODY,FLAGGED,below_length_floor,earnings_population_gate|below_length_floor,item202_slice,medium,251,0.753,0.0,0.51982,a8-kq2_2019investmentsfv.htm,
1633917,"PayPal Holdings, Inc.",financials,core,0001633917-19-000178,8-K,2019-07-24,EX99_PRESS_RELEASE,FLAGGED,earnings_population_gate,earnings_population_gate,whole_document,medium,5720,0.428,0.0,0.46795,exhibit991prq22019pypl.htm,
1633917,"PayPal Holdings, Inc.",financials,core,0001633917-19-000204,8-K,2019-10-08,8K_BODY,FLAGGED,below_length_floor,earnings_population_gate|earnings_item202_block_thin|below_length_floor,item202_slice,medium,272,0.3346,0.0,0.5041,a8-kq319investmentsfv.htm,
1633917,"PayPal Holdings, Inc.",financials,core,0001633917-19-000208,8-K,2019-10-23,EX99_PRESS_RELEASE,FLAGGED,earnings_population_gate,earnings_population_gate,whole_document,medium,5695,0.4325,0.0,0.47223,exhibit991prq32019pypl.htm,
1633917,"PayPal Holdings, Inc.",financials,core,0001633917-20-000021,8-K,2020-01-09,8K_BODY,FLAGGED,below_length_floor,earnings_population_gate|below_length_floor,item202_slice,medium,375,0.3947,0.0,0.55556,a8-kq419investmentsfv.htm,
1633917,"PayPal Holdings, Inc.",financials,core,0001633917-20-000025,8-K,2020-01-29,EX99_PRESS_RELEASE,FLAGGED,earnings_population_gate,earnings_population_gate,whole_document,medium,6244,0.3879,0.0,0.47187,exhibit991prq42019pypl.htm,
1633917,"PayPal Holdings, Inc.",financials,core,0001633917-20-000083,8-K,2020-04-09,8K_BODY,FLAGGED,earnings_population_gate,earnings_population_gate,item202_slice,medium,636,0.5142,0.0,0.51321,a8-kq12020nongaaprecla.htm,
1633917,"PayPal Holdings, Inc.",financials,core,0001633917-20-000091,8-K,2020-05-06,EX99_PRESS_RELEASE,FLAGGED,earnings_population_gate,earnings_population_gate,whole_document,medium,8260,1.0,0.0,0.46961,q120paypalearningsreleas.htm,
1637459,Kraft Heinz Co,consumer,core,0001637459-15-000043,8-K,2015-11-04,EX99_PRESS_RELEASE,FLAGGED,earnings_population_gate,earnings_population_gate,whole_document,medium,5124,0.3212,0.0,0.47069,exhibit991kraftheinzunaudi.htm,
1637459,Kraft Heinz Co,consumer,core,0001637459-15-000046,8-K,2015-11-05,EX99_PRESS_RELEASE,FLAGGED,earnings_population_gate,earnings_population_gate,whole_document,medium,4698,0.5083,0.0,0.44169,ex-991xerq32015.htm,
1637459,Kraft Heinz Co,consumer,core,0001637459-18-000013,8-K,2018-02-16,EX99_PRESS_RELEASE,FLAGGED,earnings_population_gate,earnings_population_gate,whole_document,medium,4991,0.3514,0.0,0.45812,ex991-erq42017.htm,
1637459,Kraft Heinz Co,consumer,core,0001637459-18-000062,8-K,2018-03-27,EX99_PRESS_RELEASE,FLAGGED,earnings_population_gate,earnings_population_gate,whole_document,medium,4835,0.4885,0.0,0.50366,ex991.htm,
1637459,Kraft Heinz Co,consumer,core,0001637459-19-000010,8-K,2019-02-21,EX99_PRESS_RELEASE,FLAGGED,earnings_supplemental_diluted,earnings_supplemental_diluted,whole_document,medium,5633,0.3554,0.0,0.48015,ex991-erq42018.htm,
1637459,Kraft Heinz Co,consumer,core,0001637459-19-000033,8-K,2019-05-06,8K_BODY,FLAGGED,earnings_item202_block_thin,earnings_population_gate|earnings_item202_block_thin,item202_slice,medium,4258,0.6369,0.0,0.51098,may2019form8-k.htm,
1637459,Kraft Heinz Co,consumer,core,0001637459-19-000050,8-K,2019-06-07,EX99_PRESS_RELEASE,FLAGGED,earnings_population_gate,earnings_population_gate,whole_document,medium,1500,0.9113,0.0,0.46765,a6719exhibit991.htm,
1637459,Kraft Heinz Co,consumer,core,0001637459-20-000052,8-K,2020-04-06,EX99_PRESS_RELEASE,FLAGGED,earnings_population_gate,earnings_population_gate,whole_document,medium,2124,0.8498,0.0,0.47045,ex991-earningsadvisory.htm,
1637459,Kraft Heinz Co,consumer,core,0001637459-20-000058,8-K,2020-04-30,EX99_PRESS_RELEASE,FLAGGED,earnings_population_gate,earnings_population_gate,whole_document,medium,4661,0.6132,0.0,0.46847,ex991-erq12020.htm,
1645590,Hewlett Packard Enterprise Co,tech,core,0001645590-18-000004,8-K,2018-02-13,EX99_PRESS_RELEASE,FLAGGED,earnings_population_gate,earnings_population_gate,whole_document,medium,4835,0.4242,0.0,0.45499,ex-991x02132018x8k.htm,
1645590,Hewlett Packard Enterprise Co,tech,core,0001645590-18-000006,8-K,2018-02-22,EX99_PRESS_RELEASE,FLAGGED,earnings_population_gate,earnings_population_gate,whole_document,medium,9156,0.6476,0.0,0.4651,ex-991x2222018x8k.htm,
1645590,Hewlett Packard Enterprise Co,tech,core,0001645590-19-000006,8-K,2019-02-13,EX99_PRESS_RELEASE,FLAGGED,earnings_population_gate,earnings_population_gate,whole_document,medium,10198,0.5025,0.0,0.44755,ex-991x02132019x8k.htm,
1645590,Hewlett Packard Enterprise Co,tech,core,0001645590-19-000008,8-K,2019-02-21,EX99_PRESS_RELEASE,FLAGGED,earnings_population_gate,earnings_population_gate,whole_document,medium,7976,0.6179,0.0,0.46736,ex-991x1312019x8k.htm,
1645590,Hewlett Packard Enterprise Co,tech,core,0001645590-20-000004,8-K,2020-02-13,EX99_PRESS_RELEASE,FLAGGED,earnings_population_gate,earnings_population_gate,whole_document,medium,3851,0.0992,0.0,0.40258,ex-991x02122020x8k.htm,
1645590,Hewlett Packard Enterprise Co,tech,core,0001645590-20-000006,8-K,2020-03-03,EX99_PRESS_RELEASE,FLAGGED,earnings_population_gate,earnings_population_gate,whole_document,medium,6412,0.6168,0.0,0.44946,ex-991x1312020x8k.htm,
1645590,Hewlett Packard Enterprise Co,tech,core,0001645590-21-000004,8-K,2021-02-04,EX99_PRESS_RELEASE,FLAGGED,earnings_population_gate,earnings_population_gate,whole_document,medium,3725,0.0934,0.0,0.37109,ex-991x02042021x8kng.htm,
1645590,Hewlett Packard Enterprise Co,tech,core,0001645590-21-000013,8-K,2021-03-02,EX99_PRESS_RELEASE,FLAGGED,earnings_population_gate,earnings_population_gate,whole_document,medium,6833,0.6385,0.0,0.43682,ex-991x1312021x8kng.htm,
1645590,Hewlett Packard Enterprise Co,tech,core,0001645590-23-000011,8-K,2023-02-09,EX99_PRESS_RELEASE,FLAGGED,earnings_population_gate,earnings_population_gate,whole_document,medium,2126,0.048,0.0,0.37441,ex-991x02092023x8k.htm,
1645590,Hewlett Packard Enterprise Co,tech,core,0001645590-23-000029,8-K,2023-03-02,EX99_PRESS_RELEASE,FLAGGED,earnings_population_gate,earnings_population_gate,whole_document,medium,7169,0.6082,0.0,0.43985,ex-991x322023x8k.htm,
1645590,Hewlett Packard Enterprise Co,tech,core,0001645590-23-000079,8-K,2023-08-07,EX99_PRESS_RELEASE,FLAGGED,earnings_population_gate,earnings_population_gate,whole_document,medium,937,0.8709,0.0,0.40581,ex991-pressreleaserobbiati.htm,
1645590,Hewlett Packard Enterprise Co,tech,core,0001645590-23-000082,8-K,2023-08-29,EX99_PRESS_RELEASE,FLAGGED,earnings_population_gate,earnings_population_gate,whole_document,medium,8004,0.5127,0.0,0.44515,ex-991x8292023x8k.htm,
1645590,Hewlett Packard Enterprise Co,tech,core,0001645590-24-000012,8-K,2024-02-07,EX99_PRESS_RELEASE,FLAGGED,earnings_population_gate,earnings_population_gate,whole_document,medium,2250,0.0818,0.0,0.38082,ex-991x02072024x8k.htm,
1645590,Hewlett Packard Enterprise Co,tech,core,0001645590-24-000058,8-K,2024-02-29,EX99_PRESS_RELEASE,FLAGGED,earnings_population_gate,earnings_population_gate,whole_document,medium,6941,0.629,0.0,0.45546,ex-991x2292024x8k.htm,
1645590,Hewlett Packard Enterprise Co,tech,core,0001645590-25-000111,8-K,2025-10-15,EX99_PRESS_RELEASE,FLAGGED,earnings_population_gate,earnings_population_gate,whole_document,medium,3494,0.1222,0.0,0.44745,ex-991x10152025x8k.htm,
1645590,Hewlett Packard Enterprise Co,tech,core,0001645590-25-000126,8-K,2025-12-04,EX99_PRESS_RELEASE,FLAGGED,earnings_population_gate,earnings_population_gate,whole_document,medium,8918,0.5525,0.0,0.44434,ex-991x1242025x8k.htm,
1652044,Alphabet Inc.,tech,core,0001652044-16-000015,8-K,2016-04-21,EX99_PRESS_RELEASE,FLAGGED,earnings_supplemental_diluted,earnings_supplemental_diluted,whole_document,medium,4433,0.3961,0.0,0.50137,googexhibit991q12016.htm,
1652044,Alphabet Inc.,tech,core,0001652044-16-000029,8-K,2016-07-28,EX99_PRESS_RELEASE,FLAGGED,earnings_supplemental_diluted,earnings_supplemental_diluted,whole_document,medium,4741,0.3643,0.0,0.49758,googexhibit991q22016.htm,
1652044,Alphabet Inc.,tech,core,0001652044-16-000035,8-K,2016-10-27,EX99_PRESS_RELEASE,FLAGGED,earnings_supplemental_diluted,earnings_supplemental_diluted,whole_document,medium,4622,0.3501,0.0,0.49862,googexhibit991q32016.htm,
1652044,Alphabet Inc.,tech,core,0001652044-17-000005,8-K,2017-01-26,EX99_PRESS_RELEASE,FLAGGED,earnings_supplemental_diluted,earnings_supplemental_diluted,whole_document,medium,4662,0.3355,0.0,0.49741,googexhibit991q42016.htm,
1652044,Alphabet Inc.,tech,core,0001652044-23-000034,8-K,2023-04-20,EX99_PRESS_RELEASE,FLAGGED,earnings_population_gate,earnings_population_gate,whole_document,medium,1279,0.6263,0.0,0.50938,googex991q12023blogpost.htm,
1652044,Alphabet Inc.,tech,core,0001652044-23-000041,8-K,2023-04-25,EX99_PRESS_RELEASE,FLAGGED,earnings_population_gate,earnings_population_gate,whole_document,medium,4002,0.4338,0.0,0.50342,googexhibit991q12023.htm,
1707925,LINDE PLC,materials_realestate,extension,0001654954-19-012701,8-K,2019-11-12,EX99_PRESS_RELEASE,FLAGGED,earnings_population_gate,earnings_population_gate,whole_document,medium,1493,0.0,0.0,0.4314,lin_ex991.htm,
1707925,LINDE PLC,materials_realestate,extension,0001654954-19-012971,8-K,2019-11-14,EX99_PRESS_RELEASE,FAIL,empty_after_extraction,empty_after_extraction,none,low,0,0.0,,,lin_ex991.htm,12 chars of extractable text
1707925,LINDE PLC,materials_realestate,extension,0001654954-24-013519,8-K,2024-10-31,EX99_PRESS_RELEASE,FAIL,empty_after_extraction,empty_after_extraction,none,low,0,0.0,,,linde_ex991.htm,12 chars of extractable text
1666700,"DuPont de Nemours, Inc.",materials_realestate,extension,0001666700-17-000017,8-K,2017-10-26,EX99_PRESS_RELEASE,FLAGGED,earnings_population_gate,earnings_population_gate,whole_document,medium,1877,0.8162,0.0,0.44215,exhibit991.htm,
1666700,"DuPont de Nemours, Inc.",materials_realestate,extension,0001666700-17-000023,8-K,2017-11-02,EX99_PRESS_RELEASE,FLAGGED,earnings_population_gate,earnings_population_gate,whole_document,medium,11802,0.4994,0.0,0.45021,exhibit991enrschedules3q17.htm,
1666700,"DuPont de Nemours, Inc.",materials_realestate,extension,0001666700-19-000014,8-K,2019-04-18,EX99_PRESS_RELEASE,FLAGGED,earnings_population_gate,earnings_population_gate,whole_document,medium,1818,0.912,0.0,0.45279,exhibit991_4182019.htm,
1666700,"DuPont de Nemours, Inc.",materials_realestate,extension,0001666700-19-000016,8-K,2019-05-02,EX99_PRESS_RELEASE,FLAGGED,earnings_population_gate,earnings_population_gate,whole_document,medium,6080,0.5459,0.0,0.45435,exhibit991enrschedules1q19.htm,
1666700,"DuPont de Nemours, Inc.",materials_realestate,extension,0001666700-20-000015,8-K,2020-05-05,EX99_PRESS_RELEASE,FLAGGED,earnings_population_gate,earnings_population_gate,whole_document,medium,8232,0.5888,0.0,0.45466,exhibit991enrschedules.htm,
1666700,"DuPont de Nemours, Inc.",materials_realestate,extension,0001666700-21-000002,8-K,2021-02-09,EX99_PRESS_RELEASE,FLAGGED,earnings_population_gate,earnings_population_gate,whole_document,medium,9283,0.4963,0.0,0.46599,exhibit991enrschedules-4q20.htm,
1666700,"DuPont de Nemours, Inc.",materials_realestate,extension,0001666700-24-000002,8-K,2024-01-24,EX99_PRESS_RELEASE,FLAGGED,earnings_population_gate,earnings_population_gate,whole_document,medium,3476,0.7463,0.0,0.47931,exhibit991prelimschedules-.htm,
1666700,"DuPont de Nemours, Inc.",materials_realestate,extension,0001666700-24-000005,8-K,2024-02-06,EX99_PRESS_RELEASE,FLAGGED,earnings_population_gate,earnings_population_gate,whole_document,medium,8549,0.4105,0.0,0.44324,exhibit991enrschedules-4q23.htm,
1682852,"Moderna, Inc.",healthcare,core,0001682852-19-000004,8-K,2019-03-06,EX99_PRESS_RELEASE,FLAGGED,earnings_population_gate,earnings_population_gate,whole_document,medium,3283,0.565,0.0,0.42575,exhibit991pressrelease0306.htm,
1682852,"Moderna, Inc.",healthcare,core,0001682852-22-000004,8-K,2022-01-04,EX99_PRESS_RELEASE,FLAGGED,earnings_population_gate,earnings_population_gate,whole_document,medium,5016,0.6469,0.0,0.42972,exhibit991lettertosharehol.htm,
1682852,"Moderna, Inc.",healthcare,core,0001682852-22-000007,8-K,2022-01-10,EX99_PRESS_RELEASE,FLAGGED,earnings_population_gate,earnings_population_gate,whole_document,medium,3165,0.6528,0.0,0.35979,exhibit991-jpmjan2022.htm,
1682852,"Moderna, Inc.",healthcare,core,0001682852-23-000004,8-K,2023-01-09,EX99_PRESS_RELEASE,FLAGGED,earnings_population_gate,earnings_population_gate,whole_document,medium,2045,0.5741,0.0,0.34718,exhibit991-jpmjan2023.htm,
1682852,"Moderna, Inc.",healthcare,core,0001682852-23-000008,8-K,2023-02-23,EX99_PRESS_RELEASE,FLAGGED,earnings_population_gate,earnings_population_gate,whole_document,medium,3938,0.5592,0.0,0.46134,exhibit9912022q4pressrelea.htm,
1682852,"Moderna, Inc.",healthcare,core,0001682852-24-000004,8-K,2024-01-08,EX99_PRESS_RELEASE,FLAGGED,earnings_population_gate,earnings_population_gate,whole_document,medium,1406,0.6174,0.0,0.3869,exhibit991-01082024jpm.htm,
1682852,"Moderna, Inc.",healthcare,core,0001682852-24-000010,8-K,2024-02-22,EX99_PRESS_RELEASE,FLAGGED,earnings_population_gate,earnings_population_gate,whole_document,medium,3948,0.5385,0.0,0.47623,exhibit9912023q4pressrelea.htm,
1682852,"Moderna, Inc.",healthcare,core,0001682852-25-000002,8-K,2025-01-13,EX99_PRESS_RELEASE,FLAGGED,earnings_population_gate,earnings_population_gate,whole_document,medium,1607,0.6241,0.0,0.39139,exhibit991-01132025.htm,
1682852,"Moderna, Inc.",healthcare,core,0001682852-25-000006,8-K,2025-02-14,EX99_PRESS_RELEASE,FLAGGED,earnings_population_gate,earnings_population_gate,whole_document,medium,3677,0.5284,0.0,0.47941,exhibit9912024q4pressrelea.htm,
1682852,"Moderna, Inc.",healthcare,core,0001682852-26-000007,8-K,2026-01-12,EX99_PRESS_RELEASE,FLAGGED,earnings_population_gate,earnings_population_gate,whole_document,medium,1493,0.5606,0.0,0.38237,exhibit991-01122026.htm,
1682852,"Moderna, Inc.",healthcare,core,0001682852-26-000015,8-K,2026-02-13,EX99_PRESS_RELEASE,FLAGGED,earnings_population_gate,earnings_population_gate,whole_document,medium,2922,0.4514,0.0,0.45807,exhibit9912025q4pressrelea.htm,
804328,QUALCOMM INC/DE,tech,core,0001728949-18-000010,8-K,2018-01-31,EX99_PRESS_RELEASE,FLAGGED,earnings_supplemental_diluted,earnings_supplemental_diluted,whole_document,medium,5535,0.486,0.0,0.50736,qcom122417erex991.htm,
804328,QUALCOMM INC/DE,tech,core,0001728949-18-000038,8-K,2018-04-25,EX99_PRESS_RELEASE,FLAGGED,earnings_supplemental_diluted,earnings_supplemental_diluted,whole_document,medium,5829,0.4714,0.0,0.50597,qcom032518erex991.htm,
804328,QUALCOMM INC/DE,tech,core,0001728949-18-000074,8-K,2018-07-25,EX99_PRESS_RELEASE,FLAGGED,earnings_supplemental_diluted,earnings_supplemental_diluted,whole_document,medium,6119,0.5163,0.0,0.51256,qcom062418erex991.htm,
804328,QUALCOMM INC/DE,tech,core,0001728949-18-000093,8-K,2018-11-07,EX99_PRESS_RELEASE,FLAGGED,earnings_supplemental_diluted,earnings_supplemental_diluted,whole_document,medium,6729,0.4411,0.0,0.51865,qcom093018erex991.htm,
804328,QUALCOMM INC/DE,tech,core,0001728949-19-000011,8-K,2019-01-30,EX99_PRESS_RELEASE,FLAGGED,earnings_supplemental_diluted,earnings_supplemental_diluted,whole_document,medium,5405,0.482,0.0,0.50368,qcom123018erex991.htm,
804328,QUALCOMM INC/DE,tech,core,0001728949-19-000034,8-K,2019-05-01,EX99_PRESS_RELEASE,FLAGGED,earnings_supplemental_diluted,earnings_supplemental_diluted,whole_document,medium,5803,0.5022,0.0,0.50384,qcom033119erex991.htm,
804328,QUALCOMM INC/DE,tech,core,0001728949-19-000053,8-K,2019-07-31,EX99_PRESS_RELEASE,FLAGGED,earnings_supplemental_diluted,earnings_supplemental_diluted,whole_document,medium,5726,0.4907,0.0,0.50824,qcom063019erex991.htm,
804328,QUALCOMM INC/DE,tech,core,0001728949-19-000071,8-K,2019-11-06,EX99_PRESS_RELEASE,FLAGGED,earnings_supplemental_diluted,earnings_supplemental_diluted,whole_document,medium,6309,0.4595,0.0,0.51092,qcom092919erex991.htm,
1744489,Walt Disney Co,consumer,core,0001744489-21-000045,8-K,2021-02-11,EX99_PRESS_RELEASE,FLAGGED,earnings_supplemental_diluted,earnings_supplemental_diluted,whole_document,medium,5462,0.4282,0.0,0.51446,fy2021_q1xprxex991.htm,
1744489,Walt Disney Co,consumer,core,0001744489-21-000105,8-K,2021-05-13,EX99_PRESS_RELEASE,FLAGGED,earnings_supplemental_diluted,earnings_supplemental_diluted,whole_document,medium,6467,0.4217,0.0,0.52145,fy2021_q2xprxex991.htm,
1744489,Walt Disney Co,consumer,core,0001744489-21-000179,8-K,2021-08-12,EX99_PRESS_RELEASE,FLAGGED,earnings_supplemental_diluted,earnings_supplemental_diluted,whole_document,medium,6893,0.4702,0.0,0.5258,fy2021_q3xprxex991.htm,
1744489,Walt Disney Co,consumer,core,0001744489-21-000214,8-K,2021-11-10,EX99_PRESS_RELEASE,FLAGGED,earnings_supplemental_diluted,earnings_supplemental_diluted,whole_document,medium,7411,0.4827,0.0,0.52053,fy2021_q4xprxex991.htm,
1744489,Walt Disney Co,consumer,core,0001744489-22-000099,8-K,2022-05-11,EX99_PRESS_RELEASE,FLAGGED,earnings_supplemental_diluted,earnings_supplemental_diluted,whole_document,medium,7567,0.478,0.0,0.50623,fy2022_q2xprxex991.htm,
1744489,Walt Disney Co,consumer,core,0001744489-22-000160,8-K,2022-08-10,EX99_PRESS_RELEASE,FLAGGED,earnings_supplemental_diluted,earnings_supplemental_diluted,whole_document,medium,7595,0.4749,0.0,0.50864,fy2022_q3xprxex991.htm,
1744489,Walt Disney Co,consumer,core,0001744489-22-000192,8-K,2022-11-08,EX99_PRESS_RELEASE,FLAGGED,earnings_supplemental_diluted,earnings_supplemental_diluted,whole_document,medium,7681,0.4669,0.0,0.50408,fy2022_q4xprxex991.htm,
1744489,Walt Disney Co,consumer,core,0001744489-23-000047,8-K,2023-02-08,EX99_PRESS_RELEASE,FLAGGED,earnings_supplemental_diluted,earnings_supplemental_diluted,whole_document,medium,6092,0.4509,0.0,0.50946,fy2023_q1xprxex991.htm,
1744489,Walt Disney Co,consumer,core,0001744489-23-000097,8-K,2023-05-10,EX99_PRESS_RELEASE,FLAGGED,earnings_supplemental_diluted,earnings_supplemental_diluted,whole_document,medium,6898,0.3879,0.0,0.51185,fy2023_q2xprxex991.htm,
1744489,Walt Disney Co,consumer,core,0001744489-23-000169,8-K,2023-08-09,EX99_PRESS_RELEASE,FLAGGED,earnings_supplemental_diluted,earnings_supplemental_diluted,whole_document,medium,7089,0.4082,0.0,0.51052,fy2023_q3xprxex991.htm,
872589,"REGENERON PHARMACEUTICALS, INC.",healthcare,core,0001804220-21-000006,8-K,2021-02-05,EX99_PRESS_RELEASE,FLAGGED,earnings_population_gate,earnings_population_gate,whole_document,medium,7489,0.5887,0.0,0.46537,exhibit991q42020.htm,
872589,"REGENERON PHARMACEUTICALS, INC.",healthcare,core,0001804220-22-000004,8-K,2022-02-04,EX99_PRESS_RELEASE,FLAGGED,earnings_population_gate,earnings_population_gate,whole_document,medium,6885,0.5165,0.0,0.46144,exhibit991q42021.htm,
872589,"REGENERON PHARMACEUTICALS, INC.",healthcare,core,0001804220-23-000005,8-K,2023-02-03,EX99_PRESS_RELEASE,FLAGGED,earnings_population_gate,earnings_population_gate,whole_document,medium,7122,0.5013,0.0,0.45591,exhibit991q42022.htm,
872589,"REGENERON PHARMACEUTICALS, INC.",healthcare,core,0001804220-23-000015,8-K,2023-05-04,EX99_PRESS_RELEASE,FLAGGED,earnings_population_gate,earnings_population_gate,whole_document,medium,5492,0.5288,0.0,0.45093,exhibit991q12023.htm,
872589,"REGENERON PHARMACEUTICALS, INC.",healthcare,core,0001804220-23-000029,8-K,2023-11-02,EX99_PRESS_RELEASE,FLAGGED,earnings_population_gate,earnings_population_gate,whole_document,medium,6008,0.5328,0.0,0.44506,exhibit991q32023.htm,
872589,"REGENERON PHARMACEUTICALS, INC.",healthcare,core,0001804220-24-000006,8-K,2024-02-02,EX99_PRESS_RELEASE,FLAGGED,earnings_population_gate,earnings_population_gate,whole_document,medium,6938,0.4869,0.0,0.44276,exhibit991q42023.htm,
872589,"REGENERON PHARMACEUTICALS, INC.",healthcare,core,0001804220-24-000026,8-K,2024-08-01,EX99_PRESS_RELEASE,FLAGGED,earnings_population_gate,earnings_population_gate,whole_document,medium,5702,0.5061,0.0,0.45429,exhibit991q22024.htm,
872589,"REGENERON PHARMACEUTICALS, INC.",healthcare,core,0001804220-24-000038,8-K,2024-10-31,EX99_PRESS_RELEASE,FLAGGED,earnings_population_gate,earnings_population_gate,whole_document,medium,5676,0.4995,0.0,0.4581,exhibit991q32024.htm,
872589,"REGENERON PHARMACEUTICALS, INC.",healthcare,core,0001804220-25-000007,8-K,2025-02-04,EX99_PRESS_RELEASE,FLAGGED,earnings_population_gate,earnings_population_gate,whole_document,medium,6620,0.4201,0.0,0.44124,exhibit991q42024.htm,
