cik,company_name,accession_number,filing_date,quarter,quarter_cell_size,section_type,results_signature_present,gate_level,words,prose_word_share,verdict,verdict_note
1800,ABBOTT LABORATORIES,0001104659-17-003920,2017-01-25,2017Q1,3,EX99_PRESS_RELEASE,True,WARN_MULTI,4775,0.3485,,
1800,ABBOTT LABORATORIES,0001104659-17-024344,2017-04-19,2017Q2,2,EX99_PRESS_RELEASE,True,WARN_MULTI,4084,0.4119,,
2488,ADVANCED MICRO DEVICES INC,0000002488-15-000035,2015-07-06,2015Q3,2,EX99_PRESS_RELEASE,True,WARN_MULTI,1261,0.9183,,
2488,ADVANCED MICRO DEVICES INC,0000002488-15-000040,2015-07-16,2015Q3,2,EX99_PRESS_RELEASE,True,WARN_MULTI,5591,0.54,,
2488,ADVANCED MICRO DEVICES INC,0000002488-18-000014,2018-01-30,2018Q1,2,EX99_PRESS_RELEASE,True,WARN_MULTI,5920,0.5096,,
2488,ADVANCED MICRO DEVICES INC,0000002488-22-000163,2022-10-06,2022Q4,2,EX99_PRESS_RELEASE,True,WARN_MULTI,1927,1.0,,
2488,ADVANCED MICRO DEVICES INC,0000002488-22-000168,2022-11-01,2022Q4,2,EX99_PRESS_RELEASE,True,WARN_MULTI,4423,0.5089,,
2969,"Air Products & Chemicals, Inc.",0000002969-17-000016,2017-04-27,2017Q2,2,EX99_PRESS_RELEASE,True,WARN_MULTI,7272,0.3225,,
2969,"Air Products & Chemicals, Inc.",0001193125-25-006210,2025-01-14,2025Q1,2,EX99_PRESS_RELEASE,True,WARN_MULTI,2324,0.0865,,
2969,"Air Products & Chemicals, Inc.",0000002969-25-000012,2025-02-06,2025Q1,2,EX99_PRESS_RELEASE,True,WARN_MULTI,5559,0.5566,,
4281,Howmet Aerospace Inc.,0001193125-15-249098,2015-07-09,2015Q3,2,EX99_PRESS_RELEASE,True,WARN_MULTI,8877,0.029,,
4281,Howmet Aerospace Inc.,0001193125-15-341364,2015-10-09,2015Q4,2,EX99_PRESS_RELEASE,True,WARN_MULTI,9797,0.047,,
4281,Howmet Aerospace Inc.,0001193125-15-342830,2015-10-13,2015Q4,2,EX99_PRESS_RELEASE,True,WARN_MULTI,12740,0.4174,,
4281,Howmet Aerospace Inc.,0001193125-16-428061,2016-01-12,2016Q1,2,EX99_PRESS_RELEASE,True,WARN_MULTI,11182,0.0443,,
4281,Howmet Aerospace Inc.,0001193125-16-537864,2016-04-12,2016Q2,2,EX99_PRESS_RELEASE,True,WARN_MULTI,7784,0.2013,,
4281,Howmet Aerospace Inc.,0001157523-16-006851,2016-10-11,2016Q4,2,EX99_PRESS_RELEASE,True,WARN_MULTI,10573,0.0,,
4281,Howmet Aerospace Inc.,0001144204-19-005356,2019-02-06,2019Q1,2,EX99_PRESS_RELEASE,True,WARN_MULTI,1114,0.0,,
4281,Howmet Aerospace Inc.,0001157523-19-000268,2019-02-08,2019Q1,2,EX99_PRESS_RELEASE,True,WARN_MULTI,8802,0.0,,
4281,Howmet Aerospace Inc.,0001157523-19-002184,2019-11-05,2019Q4,2,EX99_PRESS_RELEASE,True,WARN_MULTI,7848,0.0417,,
4281,Howmet Aerospace Inc.,0001157523-20-000649,2020-05-05,2020Q2,2,EX99_PRESS_RELEASE,True,WARN_MULTI,6445,0.0763,,
5272,"AMERICAN INTERNATIONAL GROUP, INC.",0001193125-16-437433,2016-01-26,2016Q1,3,EX99_PRESS_RELEASE,True,WARN_MULTI,4082,0.06,,
5272,"AMERICAN INTERNATIONAL GROUP, INC.",0001193125-16-459857,2016-02-11,2016Q1,3,EX99_PRESS_RELEASE,True,WARN_MULTI,7174,0.057,,
5272,"AMERICAN INTERNATIONAL GROUP, INC.",0001193125-17-013683,2017-01-20,2017Q1,2,EX99_PRESS_RELEASE,True,WARN_MULTI,902,0.0,,
5272,"AMERICAN INTERNATIONAL GROUP, INC.",0001193125-17-043498,2017-02-14,2017Q1,2,EX99_PRESS_RELEASE,True,WARN_MULTI,7918,0.0104,,
5272,"AMERICAN INTERNATIONAL GROUP, INC.",0001193125-17-128826,2017-04-19,2017Q2,2,EX99_PRESS_RELEASE,True,WARN_MULTI,550,0.0,,
5272,"AMERICAN INTERNATIONAL GROUP, INC.",0001193125-17-156268,2017-05-03,2017Q2,2,EX99_PRESS_RELEASE,True,WARN_MULTI,6890,0.0242,,
5272,"AMERICAN INTERNATIONAL GROUP, INC.",0001193125-17-306449,2017-10-10,2017Q4,3,EX99_PRESS_RELEASE,True,WARN_MULTI,610,0.0672,,
5272,"AMERICAN INTERNATIONAL GROUP, INC.",0001193125-17-306980,2017-10-10,2017Q4,3,EX99_PRESS_RELEASE,True,WARN_MULTI,610,0.0672,,
5272,"AMERICAN INTERNATIONAL GROUP, INC.",0001193125-17-331048,2017-11-02,2017Q4,3,EX99_PRESS_RELEASE,True,WARN_MULTI,7793,0.0105,,
5272,"AMERICAN INTERNATIONAL GROUP, INC.",0001144204-18-054396,2018-10-18,2018Q4,2,EX99_PRESS_RELEASE,True,WARN_MULTI,804,0.0,,
5272,"AMERICAN INTERNATIONAL GROUP, INC.",0001144204-18-056472,2018-10-31,2018Q4,2,EX99_PRESS_RELEASE,True,WARN_MULTI,7568,0.0,,
5272,"AMERICAN INTERNATIONAL GROUP, INC.",0001104659-20-118179,2020-10-26,2020Q4,2,EX99_PRESS_RELEASE,True,WARN_MULTI,1004,0.0,,
5272,"AMERICAN INTERNATIONAL GROUP, INC.",0001104659-20-121833,2020-11-05,2020Q4,2,EX99_PRESS_RELEASE,True,WARN_MULTI,10319,0.0075,,
10795,BECTON DICKINSON & CO,0000010795-18-000005,2018-02-06,2018Q1,2,EX99_PRESS_RELEASE,True,WARN_MULTI,3343,0.4993,,
10795,BECTON DICKINSON & CO,0000010795-19-000002,2019-01-17,2019Q1,2,EX99_PRESS_RELEASE,True,WARN_MULTI,2183,0.5506,,
10795,BECTON DICKINSON & CO,0000010795-19-000007,2019-02-05,2019Q1,2,EX99_PRESS_RELEASE,True,WARN_MULTI,5471,0.3058,,
10795,BECTON DICKINSON & CO,0000010795-21-000013,2021-01-12,2021Q1,2,EX99_PRESS_RELEASE,True,WARN_MULTI,2233,0.7989,,
10795,BECTON DICKINSON & CO,0000010795-21-000025,2021-02-04,2021Q1,2,EX99_PRESS_RELEASE,True,WARN_MULTI,4297,0.5138,,
10795,BECTON DICKINSON & CO,0000010795-22-000038,2022-05-05,2022Q2,3,EX99_PRESS_RELEASE,True,WARN_MULTI,6998,0.3588,,
10795,BECTON DICKINSON & CO,0001628280-25-045106,2025-10-15,2025Q4,2,EX99_PRESS_RELEASE,True,WARN_MULTI,2882,0.788,,
10795,BECTON DICKINSON & CO,0001628280-25-049835,2025-11-06,2025Q4,2,EX99_PRESS_RELEASE,True,WARN_MULTI,8183,0.3884,,
10795,BECTON DICKINSON & CO,0001628280-26-031638,2026-05-07,2026Q2,2,EX99_PRESS_RELEASE,True,WARN_MULTI,6300,0.4724,,
12927,BOEING CO,0000012927-15-000050,2015-07-17,2015Q3,2,EX99_PRESS_RELEASE,True,WARN_MULTI,979,0.7497,,
12927,BOEING CO,0000950123-15-007564,2015-07-22,2015Q3,2,EX99_PRESS_RELEASE,True,WARN_MULTI,4312,0.2572,,
12927,BOEING CO,0000012927-16-000086,2016-01-21,2016Q1,2,EX99_PRESS_RELEASE,True,WARN_MULTI,655,0.8092,,
12927,BOEING CO,0000950123-16-013052,2016-01-27,2016Q1,2,EX99_PRESS_RELEASE,True,WARN_MULTI,4517,0.286,,
12927,BOEING CO,0000012927-16-000137,2016-07-21,2016Q3,2,EX99_PRESS_RELEASE,True,WARN_MULTI,856,0.7488,,
12927,BOEING CO,0000950123-16-018547,2016-07-27,2016Q3,2,EX99_PRESS_RELEASE,True,WARN_MULTI,4775,0.2999,,
12927,BOEING CO,0000012927-19-000053,2019-07-18,2019Q3,2,EX99_PRESS_RELEASE,True,WARN_MULTI,875,0.7211,,
12927,BOEING CO,0000950123-19-006601,2019-07-24,2019Q3,2,EX99_PRESS_RELEASE,True,WARN_MULTI,4560,0.3461,,
12927,BOEING CO,0000012927-24-000067,2024-10-11,2024Q4,2,EX99_PRESS_RELEASE,True,WARN_MULTI,1116,0.9579,,
12927,BOEING CO,0000012927-24-000079,2024-10-23,2024Q4,2,EX99_PRESS_RELEASE,True,WARN_MULTI,3890,0.3342,,
14272,BRISTOL MYERS SQUIBB CO,0000014272-22-000112,2022-04-29,2022Q2,2,EX99_PRESS_RELEASE,True,WARN_MULTI,6359,0.5248,,
18230,CATERPILLAR INC,0000018230-18-000277,2018-10-23,2018Q4,2,EX99_PRESS_RELEASE,True,WARN_MULTI,9912,0.3514,,
18230,CATERPILLAR INC,0000018230-18-000280,2018-10-23,2018Q4,2,EX99_PRESS_RELEASE,True,WARN_MULTI,9912,0.3514,,
18230,CATERPILLAR INC,0000018230-24-000047,2024-10-11,2024Q4,2,EX99_PRESS_RELEASE,True,WARN_MULTI,862,0.9188,,
18230,CATERPILLAR INC,0000018230-24-000050,2024-10-30,2024Q4,2,EX99_PRESS_RELEASE,True,WARN_MULTI,8370,0.2895,,
24741,CORNING INC /NY,0001437749-24-023825,2024-07-30,2024Q3,2,EX99_PRESS_RELEASE,True,WARN_MULTI,6217,0.4226,,
27419,TARGET CORP,0000027419-26-000009,2026-02-11,2026Q1,2,EX99_PRESS_RELEASE,True,WARN_MULTI,522,0.7184,,
27419,TARGET CORP,0000027419-26-000012,2026-03-03,2026Q1,2,EX99_PRESS_RELEASE,True,WARN_MULTI,4134,0.4344,,
30554,"EIDP, Inc.",0000030554-15-000081,2015-10-27,2015Q4,2,EX99_PRESS_RELEASE,True,WARN_MULTI,6273,0.3195,,
31462,ECOLAB INC.,0001104659-16-088135,2016-01-05,2016Q1,3,EX99_PRESS_RELEASE,True,WARN_MULTI,1229,0.8389,,
31462,ECOLAB INC.,0001104659-16-099071,2016-02-23,2016Q1,3,EX99_PRESS_RELEASE,True,WARN_MULTI,5634,0.6565,,
31462,ECOLAB INC.,0001558370-17-003223,2017-05-02,2017Q2,2,EX99_PRESS_RELEASE,True,WARN_MULTI,5496,0.5804,,
31462,ECOLAB INC.,0001558370-18-000180,2018-01-23,2018Q1,2,EX99_PRESS_RELEASE,True,WARN_MULTI,2322,0.8936,,
31462,ECOLAB INC.,0001558370-18-000772,2018-02-20,2018Q1,2,EX99_PRESS_RELEASE,True,WARN_MULTI,6912,0.5175,,
31462,ECOLAB INC.,0001558370-18-003587,2018-05-01,2018Q2,2,EX99_PRESS_RELEASE,True,WARN_MULTI,5944,0.5562,,
31462,ECOLAB INC.,0001558370-19-000341,2019-02-04,2019Q1,2,EX99_PRESS_RELEASE,True,WARN_MULTI,3143,0.8521,,
31462,ECOLAB INC.,0001558370-19-000728,2019-02-19,2019Q1,2,EX99_PRESS_RELEASE,True,WARN_MULTI,7066,0.518,,
31462,ECOLAB INC.,0001558370-19-003538,2019-04-30,2019Q2,2,EX99_PRESS_RELEASE,True,WARN_MULTI,5671,0.5114,,
31462,ECOLAB INC.,0001104659-26-032446,2026-03-20,2026Q1,3,EX99_PRESS_RELEASE,True,WARN_MULTI,2144,0.0,,
32604,EMERSON ELECTRIC CO,0000032604-16-000101,2016-11-01,2016Q4,2,EX99_PRESS_RELEASE,True,WARN_MULTI,3892,0.4964,,
32604,EMERSON ELECTRIC CO,0000032604-17-000042,2017-11-07,2017Q4,2,EX99_PRESS_RELEASE,True,WARN_MULTI,3262,0.4286,,
32604,EMERSON ELECTRIC CO,0000032604-19-000024,2019-08-06,2019Q3,2,EX99_PRESS_RELEASE,True,WARN_MULTI,3116,0.4718,,
32604,EMERSON ELECTRIC CO,0000032604-19-000040,2019-10-01,2019Q4,2,EX99_PRESS_RELEASE,True,WARN_MULTI,707,0.8161,,
32604,EMERSON ELECTRIC CO,0000032604-19-000045,2019-11-05,2019Q4,2,EX99_PRESS_RELEASE,True,WARN_MULTI,3488,0.3443,,
32604,EMERSON ELECTRIC CO,0000032604-21-000033,2021-11-03,2021Q4,2,EX99_PRESS_RELEASE,True,WARN_MULTI,4163,0.2724,,
32604,EMERSON ELECTRIC CO,0000950103-22-018712,2022-10-31,2022Q4,2,EX99_PRESS_RELEASE,True,WARN_MULTI,5298,0.0,,
32604,EMERSON ELECTRIC CO,0001193125-23-133091,2023-05-03,2023Q2,3,EX99_PRESS_RELEASE,True,WARN_MULTI,4712,0.0,,
32604,EMERSON ELECTRIC CO,0000032604-25-000079,2025-11-05,2025Q4,2,EX99_PRESS_RELEASE,True,WARN_MULTI,4996,0.1713,,
33213,EQT Corp,0001104659-19-002596,2019-01-22,2019Q1,2,EX99_PRESS_RELEASE,True,WARN_MULTI,2605,0.7086,,
33213,EQT Corp,0000033213-19-000004,2019-02-14,2019Q1,2,EX99_PRESS_RELEASE,True,WARN_MULTI,6925,0.4771,,
33213,EQT Corp,0000033213-20-000004,2020-02-27,2020Q1,2,EX99_PRESS_RELEASE,True,WARN_MULTI,8575,0.5532,,
33213,EQT Corp,0000033213-20-000013,2020-05-07,2020Q2,2,EX99_PRESS_RELEASE,True,WARN_MULTI,5944,0.6082,,
33213,EQT Corp,0000033213-22-000020,2022-07-27,2022Q3,2,EX99_PRESS_RELEASE,True,WARN_MULTI,5996,0.5292,,
33213,EQT Corp,0000033213-22-000026,2022-10-26,2022Q4,2,EX99_PRESS_RELEASE,True,WARN_MULTI,6374,0.557,,
33213,EQT Corp,0000033213-23-000005,2023-02-15,2023Q1,2,EX99_PRESS_RELEASE,True,WARN_MULTI,7505,0.5628,,
33213,EQT Corp,0000033213-23-000014,2023-04-26,2023Q2,2,EX99_PRESS_RELEASE,True,WARN_MULTI,5942,0.6008,,
33213,EQT Corp,0000033213-23-000025,2023-07-25,2023Q3,2,EX99_PRESS_RELEASE,True,WARN_MULTI,6404,0.565,,
33213,EQT Corp,0000033213-23-000038,2023-10-25,2023Q4,2,EX99_PRESS_RELEASE,True,WARN_MULTI,6078,0.5472,,
33213,EQT Corp,0000033213-24-000005,2024-02-13,2024Q1,2,EX99_PRESS_RELEASE,True,WARN_MULTI,7547,0.5573,,
33213,EQT Corp,0000033213-24-000018,2024-04-23,2024Q2,2,EX99_PRESS_RELEASE,True,WARN_MULTI,5818,0.6085,,
33213,EQT Corp,0000033213-24-000030,2024-07-23,2024Q3,2,EX99_PRESS_RELEASE,True,WARN_MULTI,5433,0.5168,,
33213,EQT Corp,0000033213-24-000042,2024-10-29,2024Q4,2,EX99_PRESS_RELEASE,True,WARN_MULTI,6267,0.5786,,
33213,EQT Corp,0000033213-25-000008,2025-02-18,2025Q1,2,EX99_PRESS_RELEASE,True,WARN_MULTI,7911,0.5818,,
33213,EQT Corp,0000033213-25-000021,2025-04-22,2025Q2,2,EX99_PRESS_RELEASE,True,WARN_MULTI,7838,0.6184,,
33213,EQT Corp,0000033213-25-000030,2025-07-22,2025Q3,2,EX99_PRESS_RELEASE,True,WARN_MULTI,8356,0.5212,,
33213,EQT Corp,0000033213-25-000047,2025-10-21,2025Q4,2,EX99_PRESS_RELEASE,True,WARN_MULTI,8321,0.5332,,
33213,EQT Corp,0000033213-26-000012,2026-02-17,2026Q1,2,EX99_PRESS_RELEASE,True,WARN_MULTI,9764,0.5619,,
33213,EQT Corp,0000033213-26-000028,2026-04-21,2026Q2,2,EX99_PRESS_RELEASE,True,WARN_MULTI,6163,0.4985,,
33213,EQT Corp,0000033213-26-000041,2026-07-21,2026Q3,2,EX99_PRESS_RELEASE,True,WARN_MULTI,7554,0.4923,,
34088,EXXON MOBIL CORP,0000034088-16-000053,2016-02-02,2016Q1,3,EX99_PRESS_RELEASE,True,WARN_MULTI,3016,0.0,,
34088,EXXON MOBIL CORP,0000034088-16-000060,2016-02-19,2016Q1,3,EX99_PRESS_RELEASE,True,WARN_MULTI,668,0.0,,
34088,EXXON MOBIL CORP,0000034088-17-000014,2017-01-31,2017Q1,2,EX99_PRESS_RELEASE,True,WARN_MULTI,3926,0.0,,
34088,EXXON MOBIL CORP,0000034088-17-000019,2017-02-23,2017Q1,2,EX99_PRESS_RELEASE,True,WARN_MULTI,678,0.0,,
34088,EXXON MOBIL CORP,0000034088-18-000006,2018-02-02,2018Q1,2,EX99_PRESS_RELEASE,True,WARN_MULTI,4888,0.0,,
34088,EXXON MOBIL CORP,0000034088-18-000012,2018-02-09,2018Q1,2,EX99_PRESS_RELEASE,True,WARN_MULTI,883,0.0,,
34088,EXXON MOBIL CORP,0000034088-19-000002,2019-02-01,2019Q1,2,EX99_PRESS_RELEASE,True,WARN_MULTI,4203,0.0,,
34088,EXXON MOBIL CORP,0000034088-19-000007,2019-02-26,2019Q1,2,EX99_PRESS_RELEASE,True,WARN_MULTI,702,0.0,,
37996,FORD MOTOR CO,0000037996-19-000008,2019-01-23,2019Q1,2,EX99_PRESS_RELEASE,True,WARN_MULTI,6309,1.0,,
45012,HALLIBURTON CO,0000045012-16-000288,2016-04-25,2016Q2,2,8K_BODY,True,WARN_MULTI,4658,0.8566,,
45012,HALLIBURTON CO,0000045012-16-000290,2016-05-03,2016Q2,2,8K_BODY,True,WARN_MULTI,3021,0.5002,,
47217,HP INC,0001140361-26-003514,2026-02-03,2026Q1,2,EX99_PRESS_RELEASE,True,WARN_MULTI,1197,0.2749,,
47217,HP INC,0000047217-26-000009,2026-02-24,2026Q1,2,EX99_PRESS_RELEASE,True,WARN_MULTI,7958,0.5667,,
49071,HUMANA INC,0001193125-15-267065,2015-07-29,2015Q3,2,EX99_PRESS_RELEASE,True,WARN_MULTI,7637,0.0491,,
49071,HUMANA INC,0001193125-16-456375,2016-02-10,2016Q1,2,EX99_PRESS_RELEASE,True,WARN_MULTI,1346,0.1226,,
49071,HUMANA INC,0000049071-24-000007,2024-01-25,2024Q1,2,EX99_PRESS_RELEASE,True,WARN_MULTI,4123,0.47,,
50863,INTEL CORP,0001193125-21-009142,2021-01-14,2021Q1,2,EX99_PRESS_RELEASE,True,WARN_MULTI,1181,0.0694,,
50863,INTEL CORP,0000050863-21-000009,2021-01-21,2021Q1,2,EX99_PRESS_RELEASE,True,WARN_MULTI,5761,0.4727,,
51143,INTERNATIONAL BUSINESS MACHINES CORP,0001104659-15-051905,2015-07-20,2015Q3,2,8K_BODY,True,WARN_MULTI,9618,0.6619,,
51143,INTERNATIONAL BUSINESS MACHINES CORP,0001104659-15-071368,2015-10-19,2015Q4,2,8K_BODY,True,WARN_MULTI,9291,0.6688,,
51143,INTERNATIONAL BUSINESS MACHINES CORP,0001104659-16-090410,2016-01-19,2016Q1,3,8K_BODY,True,WARN_MULTI,10599,0.6897,,
51143,INTERNATIONAL BUSINESS MACHINES CORP,0001104659-16-112120,2016-04-18,2016Q2,2,8K_BODY,True,WARN_MULTI,6801,0.7239,,
51143,INTERNATIONAL BUSINESS MACHINES CORP,0001104659-20-113260,2020-10-08,2020Q4,2,EX99_PRESS_RELEASE,True,WARN_MULTI,1838,0.0,,
51143,INTERNATIONAL BUSINESS MACHINES CORP,0001558370-20-011556,2020-10-19,2020Q4,2,EX99_PRESS_RELEASE,True,WARN_MULTI,4100,0.2005,,
51143,INTERNATIONAL BUSINESS MACHINES CORP,0001558370-21-013312,2021-10-20,2021Q4,2,EX99_PRESS_RELEASE,True,WARN_MULTI,4548,0.2524,,
51143,INTERNATIONAL BUSINESS MACHINES CORP,0000051143-26-000077,2026-07-22,2026Q3,2,EX99_PRESS_RELEASE,True,WARN_MULTI,4223,0.2406,,
59478,ELI LILLY & Co,0000059478-17-000201,2017-10-24,2017Q4,2,EX99_PRESS_RELEASE,True,WARN_MULTI,6974,0.3641,,
59478,ELI LILLY & Co,0000059478-17-000255,2017-12-13,2017Q4,2,EX99_PRESS_RELEASE,True,WARN_MULTI,1676,0.5412,,
59478,ELI LILLY & Co,0000059478-18-000253,2018-11-06,2018Q4,2,EX99_PRESS_RELEASE,True,WARN_MULTI,7062,0.3597,,
59478,ELI LILLY & Co,0000059478-19-000269,2019-10-23,2019Q4,2,EX99_PRESS_RELEASE,True,WARN_MULTI,7142,0.3036,,
59478,ELI LILLY & Co,0000059478-19-000322,2019-12-17,2019Q4,2,EX99_PRESS_RELEASE,True,WARN_MULTI,2003,0.6066,,
59478,ELI LILLY & Co,0000059478-20-000152,2020-10-27,2020Q4,2,EX99_PRESS_RELEASE,True,WARN_MULTI,7318,0.5403,,
59478,ELI LILLY & Co,0000059478-20-000190,2020-12-15,2020Q4,2,EX99_PRESS_RELEASE,True,WARN_MULTI,2581,0.6122,,
59478,ELI LILLY & Co,0000059478-22-000130,2022-04-28,2022Q2,2,EX99_PRESS_RELEASE,True,WARN_MULTI,5475,0.5501,,
59478,ELI LILLY & Co,0000059478-22-000248,2022-11-01,2022Q4,2,EX99_PRESS_RELEASE,True,WARN_MULTI,6187,0.5033,,
59478,ELI LILLY & Co,0000059478-22-000277,2022-12-13,2022Q4,2,EX99_PRESS_RELEASE,True,WARN_MULTI,2244,0.6422,,
59478,ELI LILLY & Co,0000059478-25-000005,2025-01-14,2025Q1,2,EX99_PRESS_RELEASE,True,WARN_MULTI,1517,0.8253,,
59478,ELI LILLY & Co,0000059478-25-000037,2025-02-06,2025Q1,2,EX99_PRESS_RELEASE,True,WARN_MULTI,4076,0.564,,
63908,MCDONALDS CORP,0000063908-20-000035,2020-04-08,2020Q2,2,EX99_PRESS_RELEASE,True,WARN_MULTI,2454,0.7119,,
63908,MCDONALDS CORP,0000063908-20-000039,2020-04-30,2020Q2,2,EX99_PRESS_RELEASE,True,WARN_MULTI,1853,0.4269,,
63908,MCDONALDS CORP,0000063908-20-000066,2020-10-08,2020Q4,2,EX99_PRESS_RELEASE,True,WARN_MULTI,1196,0.6237,,
63908,MCDONALDS CORP,0000063908-20-000074,2020-11-09,2020Q4,2,EX99_PRESS_RELEASE,True,WARN_MULTI,2939,0.2691,,
64040,S&P Global Inc.,0000064040-20-000052,2020-02-06,2020Q1,2,EX99_PRESS_RELEASE,True,WARN_MULTI,7483,0.2109,,
64040,S&P Global Inc.,0000064040-22-000051,2022-02-08,2022Q1,2,EX99_PRESS_RELEASE,True,WARN_MULTI,8059,0.5037,,
64803,CVS HEALTH Corp,0000064803-15-000062,2015-10-30,2015Q4,2,EX99_PRESS_RELEASE,True,WARN_MULTI,5526,0.3945,,
64803,CVS HEALTH Corp,0000064803-18-000012,2018-02-08,2018Q1,2,EX99_PRESS_RELEASE,True,WARN_MULTI,7588,0.6405,,
64803,CVS HEALTH Corp,0000064803-22-000007,2022-02-09,2022Q1,2,EX99_PRESS_RELEASE,True,WARN_MULTI,10012,0.5002,,
64803,CVS HEALTH Corp,0000064803-23-000008,2023-02-08,2023Q1,2,EX99_PRESS_RELEASE,True,WARN_MULTI,9787,0.5065,,
64803,CVS HEALTH Corp,0000947871-24-000009,2024-01-05,2024Q1,2,EX99_PRESS_RELEASE,True,WARN_MULTI,541,0.0,,
64803,CVS HEALTH Corp,0000064803-24-000006,2024-02-07,2024Q1,2,EX99_PRESS_RELEASE,True,WARN_MULTI,10533,0.5102,,
64803,CVS HEALTH Corp,0001193125-24-239193,2024-10-18,2024Q4,2,EX99_PRESS_RELEASE,True,WARN_MULTI,1892,0.0682,,
64803,CVS HEALTH Corp,0000064803-24-000033,2024-11-06,2024Q4,2,EX99_PRESS_RELEASE,True,WARN_MULTI,8791,0.4675,,
66740,3M CO,0001104659-16-091334,2016-01-26,2016Q1,2,EX99_PRESS_RELEASE,True,WARN_MULTI,3695,0.3943,,
66740,3M CO,0001104659-17-003686,2017-01-24,2017Q1,2,EX99_PRESS_RELEASE,True,WARN_MULTI,3901,0.384,,
66740,3M CO,0001104659-18-003876,2018-01-25,2018Q1,2,EX99_PRESS_RELEASE,True,WARN_MULTI,4888,0.4532,,
66740,3M CO,0001104659-19-003838,2019-01-29,2019Q1,2,EX99_PRESS_RELEASE,True,WARN_MULTI,5407,0.4537,,
66740,3M CO,0001104659-19-023560,2019-04-25,2019Q2,2,EX99_PRESS_RELEASE,True,WARN_MULTI,4569,0.4717,,
66740,3M CO,0001104659-21-007403,2021-01-26,2021Q1,2,EX99_PRESS_RELEASE,True,WARN_MULTI,7402,0.0,,
66740,3M CO,0001558370-21-003283,2021-03-22,2021Q1,2,EX99_PRESS_RELEASE,True,WARN_MULTI,1886,0.6649,,
66740,3M CO,0000066740-22-000003,2022-01-25,2022Q1,2,EX99_PRESS_RELEASE,True,WARN_MULTI,6161,0.4439,,
66740,3M CO,0000066740-22-000030,2022-04-26,2022Q2,2,EX99_PRESS_RELEASE,True,WARN_MULTI,3733,0.3935,,
66740,3M CO,0000066740-22-000032,2022-04-26,2022Q2,2,EX99_PRESS_RELEASE,True,WARN_MULTI,5197,0.5374,,
66740,3M CO,0000066740-23-000003,2023-01-24,2023Q1,2,EX99_PRESS_RELEASE,True,WARN_MULTI,9632,0.4985,,
66740,3M CO,0000066740-23-000018,2023-02-21,2023Q1,2,EX99_PRESS_RELEASE,True,WARN_MULTI,5450,0.3217,,
70858,BANK OF AMERICA CORP /DE/,0000070858-24-000011,2024-01-12,2024Q1,2,EX99_PRESS_RELEASE,True,WARN_MULTI,10373,1.0,,
72741,EVERSOURCE ENERGY,0001104659-24-002248,2024-01-08,2024Q1,3,EX99_PRESS_RELEASE,True,WARN_MULTI,1678,0.0,,
72741,EVERSOURCE ENERGY,0001104659-24-022557,2024-02-14,2024Q1,3,EX99_PRESS_RELEASE,True,WARN_MULTI,2534,0.0,,
72741,EVERSOURCE ENERGY,0001104659-24-084368,2024-07-31,2024Q3,2,EX99_PRESS_RELEASE,True,WARN_MULTI,2302,0.0,,
72741,EVERSOURCE ENERGY,0001104659-24-104387,2024-09-30,2024Q3,2,EX99_PRESS_RELEASE,True,WARN_MULTI,1747,0.0,,
72741,EVERSOURCE ENERGY,0001104659-25-098981,2025-10-14,2025Q4,2,EX99_PRESS_RELEASE,True,WARN_MULTI,1634,0.0,,
72741,EVERSOURCE ENERGY,0001104659-25-106306,2025-11-04,2025Q4,2,EX99_PRESS_RELEASE,True,WARN_MULTI,2458,0.0,,
72741,EVERSOURCE ENERGY,0001104659-26-079426,2026-07-01,2026Q3,2,EX99_PRESS_RELEASE,True,WARN_MULTI,1746,0.0,,
72741,EVERSOURCE ENERGY,0001104659-26-088698,2026-07-30,2026Q3,2,EX99_PRESS_RELEASE,True,WARN_MULTI,2592,0.0,,
72903,XCEL ENERGY INC,0000072903-18-000006,2018-02-07,2018Q1,2,EX99_PRESS_RELEASE,True,WARN_MULTI,10055,0.5234,,
72971,WELLS FARGO & COMPANY/MN,0000072971-18-000006,2018-01-12,2018Q1,2,EX99_PRESS_RELEASE,True,WARN_MULTI,21266,0.1876,,
72971,WELLS FARGO & COMPANY/MN,0000072971-18-000305,2018-04-20,2018Q2,2,EX99_PRESS_RELEASE,True,WARN_MULTI,481,0.0,,
77476,PEPSICO INC,0000077476-16-000091,2016-07-07,2016Q3,2,EX99_PRESS_RELEASE,True,WARN_MULTI,9020,0.2876,,
77476,PEPSICO INC,0000077476-16-000103,2016-09-29,2016Q3,2,EX99_PRESS_RELEASE,True,WARN_MULTI,10297,0.2968,,
78003,PFIZER INC,0000078003-16-000056,2016-02-02,2016Q1,2,EX99_PRESS_RELEASE,True,WARN_MULTI,21620,0.312,,
78003,PFIZER INC,0000078003-22-000068,2022-05-03,2022Q2,2,EX99_PRESS_RELEASE,True,WARN_MULTI,15385,0.5356,,
78003,PFIZER INC,0000078003-23-000099,2023-10-13,2023Q4,3,EX99_PRESS_RELEASE,True,WARN_MULTI,6447,0.566,,
78003,PFIZER INC,0000078003-23-000111,2023-10-31,2023Q4,3,EX99_PRESS_RELEASE,True,WARN_MULTI,17094,0.4623,,
78003,PFIZER INC,0001193125-23-294930,2023-12-14,2023Q4,3,EX99_PRESS_RELEASE,True,WARN_MULTI,1472,0.0285,,
79879,PPG INDUSTRIES INC,0000079879-16-000090,2016-07-21,2016Q3,2,EX99_PRESS_RELEASE,True,WARN_MULTI,3826,0.5714,,
79879,PPG INDUSTRIES INC,0000079879-16-000109,2016-09-16,2016Q3,2,EX99_PRESS_RELEASE,True,WARN_MULTI,1193,0.1484,,
79879,PPG INDUSTRIES INC,0000079879-16-000112,2016-10-07,2016Q4,2,EX99_PRESS_RELEASE,True,WARN_MULTI,1304,0.8612,,
79879,PPG INDUSTRIES INC,0000079879-16-000114,2016-10-20,2016Q4,2,EX99_PRESS_RELEASE,True,WARN_MULTI,3467,0.6164,,
79879,PPG INDUSTRIES INC,0000079879-17-000068,2017-07-12,2017Q3,2,EX99_PRESS_RELEASE,True,WARN_MULTI,1418,0.1255,,
79879,PPG INDUSTRIES INC,0000079879-17-000070,2017-07-20,2017Q3,2,EX99_PRESS_RELEASE,True,WARN_MULTI,3802,0.5997,,
79879,PPG INDUSTRIES INC,0000079879-18-000018,2018-04-19,2018Q2,2,EX99_PRESS_RELEASE,True,WARN_MULTI,3310,0.6453,,
79879,PPG INDUSTRIES INC,0000079879-18-000041,2018-06-28,2018Q2,2,EX99_PRESS_RELEASE,True,WARN_MULTI,1747,0.688,,
79879,PPG INDUSTRIES INC,0000079879-18-000053,2018-10-09,2018Q4,2,EX99_PRESS_RELEASE,True,WARN_MULTI,1399,0.8628,,
79879,PPG INDUSTRIES INC,0000079879-18-000055,2018-10-18,2018Q4,2,EX99_PRESS_RELEASE,True,WARN_MULTI,2997,0.5499,,
79879,PPG INDUSTRIES INC,0000079879-20-000048,2020-10-08,2020Q4,2,EX99_PRESS_RELEASE,True,WARN_MULTI,932,0.8605,,
79879,PPG INDUSTRIES INC,0000079879-20-000051,2020-10-19,2020Q4,2,EX99_PRESS_RELEASE,True,WARN_MULTI,3335,0.5943,,
79879,PPG INDUSTRIES INC,0000079879-22-000067,2022-10-11,2022Q4,2,EX99_PRESS_RELEASE,True,WARN_MULTI,1106,0.9241,,
79879,PPG INDUSTRIES INC,0000079879-22-000075,2022-10-19,2022Q4,2,EX99_PRESS_RELEASE,True,WARN_MULTI,3780,0.5479,,
79879,PPG INDUSTRIES INC,0000079879-23-000016,2023-04-03,2023Q2,2,EX99_PRESS_RELEASE,True,WARN_MULTI,1283,0.7046,,
79879,PPG INDUSTRIES INC,0000079879-23-000023,2023-04-20,2023Q2,2,EX99_PRESS_RELEASE,True,WARN_MULTI,3426,0.4691,,
79879,PPG INDUSTRIES INC,0000079879-26-000129,2026-04-15,2026Q2,2,EX99_PRESS_RELEASE,True,WARN_MULTI,1266,0.8239,,
79879,PPG INDUSTRIES INC,0000079879-26-000167,2026-04-28,2026Q2,2,EX99_PRESS_RELEASE,True,WARN_MULTI,3935,0.5413,,
86312,"TRAVELERS COMPANIES, INC.",0001104659-20-083230,2020-07-14,2020Q3,2,EX99_PRESS_RELEASE,True,WARN_MULTI,1332,0.0,,
86312,"TRAVELERS COMPANIES, INC.",0000086312-20-000038,2020-07-23,2020Q3,2,EX99_PRESS_RELEASE,True,WARN_MULTI,10657,0.4403,,
86312,"TRAVELERS COMPANIES, INC.",0001104659-23-004040,2023-01-17,2023Q1,2,EX99_PRESS_RELEASE,True,WARN_MULTI,1887,0.0,,
86312,"TRAVELERS COMPANIES, INC.",0000086312-23-000005,2023-01-24,2023Q1,2,EX99_PRESS_RELEASE,True,WARN_MULTI,9850,0.3795,,
92122,SOUTHERN CO,0000092122-15-000063,2015-07-29,2015Q3,2,EX99_PRESS_RELEASE,True,WARN_MULTI,966,0.911,,
92122,SOUTHERN CO,0000092122-15-000104,2015-10-28,2015Q4,2,EX99_PRESS_RELEASE,True,WARN_MULTI,2256,0.9193,,
92122,SOUTHERN CO,0000092122-16-000121,2016-02-03,2016Q1,2,EX99_PRESS_RELEASE,True,WARN_MULTI,2235,0.9159,,
92122,SOUTHERN CO,0000092122-16-000140,2016-04-27,2016Q2,2,EX99_PRESS_RELEASE,True,WARN_MULTI,790,0.7089,,
92122,SOUTHERN CO,0000092122-16-000174,2016-07-27,2016Q3,2,EX99_PRESS_RELEASE,True,WARN_MULTI,2379,0.8806,,
92122,SOUTHERN CO,0000092122-16-000210,2016-10-31,2016Q4,2,EX99_PRESS_RELEASE,True,WARN_MULTI,962,0.7328,,
92122,SOUTHERN CO,0000092122-17-000026,2017-05-03,2017Q2,2,EX99_PRESS_RELEASE,True,WARN_MULTI,1906,0.8688,,
92122,SOUTHERN CO,0000092122-23-000103,2023-11-02,2023Q4,2,EX99_PRESS_RELEASE,True,WARN_MULTI,1485,0.8256,,
93410,CHEVRON CORP,0000950142-23-002083,2023-07-24,2023Q3,2,EX99_PRESS_RELEASE,True,WARN_MULTI,2285,0.0,,
93410,CHEVRON CORP,0000093410-23-000076,2023-07-28,2023Q3,2,EX99_PRESS_RELEASE,True,WARN_MULTI,4559,0.3744,,
93410,CHEVRON CORP,0000093410-24-000006,2024-02-02,2024Q1,2,EX99_PRESS_RELEASE,True,WARN_MULTI,4906,0.4274,,
93410,CHEVRON CORP,0000093410-26-000110,2026-05-01,2026Q2,2,EX99_PRESS_RELEASE,True,WARN_MULTI,4404,0.4564,,
97745,THERMO FISHER SCIENTIFIC INC.,0000097745-20-000012,2020-04-06,2020Q2,2,EX99_PRESS_RELEASE,True,WARN_MULTI,787,0.8208,,
97745,THERMO FISHER SCIENTIFIC INC.,0000097745-20-000015,2020-04-22,2020Q2,2,EX99_PRESS_RELEASE,True,WARN_MULTI,3446,0.5354,,
97745,THERMO FISHER SCIENTIFIC INC.,0000097745-20-000032,2020-07-06,2020Q3,2,EX99_PRESS_RELEASE,True,WARN_MULTI,660,0.8197,,
97745,THERMO FISHER SCIENTIFIC INC.,0000097745-20-000035,2020-07-22,2020Q3,2,EX99_PRESS_RELEASE,True,WARN_MULTI,4634,0.4873,,
97745,THERMO FISHER SCIENTIFIC INC.,0000097745-21-000006,2021-02-01,2021Q1,2,EX99_PRESS_RELEASE,True,WARN_MULTI,5105,0.5038,,
100885,UNION PACIFIC CORP,0000100885-19-000036,2019-01-24,2019Q1,2,EX99_PRESS_RELEASE,True,WARN_MULTI,4218,0.3193,,
100885,UNION PACIFIC CORP,0000100885-21-000038,2021-01-21,2021Q1,2,EX99_PRESS_RELEASE,True,WARN_MULTI,4740,0.2498,,
106040,WESTERN DIGITAL CORP,0001193125-15-348802,2015-10-21,2015Q4,2,EX99_PRESS_RELEASE,True,WARN_MULTI,769,0.0,,
106040,WESTERN DIGITAL CORP,0001193125-15-356330,2015-10-28,2015Q4,2,EX99_PRESS_RELEASE,True,WARN_MULTI,2515,0.0509,,
106040,WESTERN DIGITAL CORP,0001193125-16-642507,2016-07-06,2016Q3,2,EX99_PRESS_RELEASE,True,WARN_MULTI,1361,0.0904,,
106040,WESTERN DIGITAL CORP,0001193125-16-662249,2016-07-28,2016Q3,2,EX99_PRESS_RELEASE,True,WARN_MULTI,2552,0.0831,,
106040,WESTERN DIGITAL CORP,0000106040-25-000005,2025-01-29,2025Q1,2,EX99_PRESS_RELEASE,True,WARN_MULTI,4585,0.5036,,
200406,JOHNSON & JOHNSON,0000200406-19-000061,2019-10-15,2019Q4,2,EX99_PRESS_RELEASE,True,WARN_MULTI,2051,0.5524,,
200406,JOHNSON & JOHNSON,0000200406-23-000073,2023-07-20,2023Q3,2,EX99_PRESS_RELEASE,True,WARN_MULTI,2126,0.4393,,
200406,JOHNSON & JOHNSON,0000200406-23-000091,2023-08-30,2023Q3,2,EX99_PRESS_RELEASE,True,WARN_MULTI,1801,0.5125,,
200406,JOHNSON & JOHNSON,0000200406-24-000031,2024-04-16,2024Q2,2,EX99_PRESS_RELEASE,True,WARN_MULTI,2194,0.356,,
310158,"Merck & Co., Inc.",0001104659-22-051588,2022-04-28,2022Q2,2,EX99_PRESS_RELEASE,True,WARN_MULTI,6132,0.0,,
310764,STRYKER CORP,0000310764-16-000195,2016-01-12,2016Q1,2,EX99_PRESS_RELEASE,True,WARN_MULTI,1224,0.7998,,
310764,STRYKER CORP,0000310764-16-000203,2016-01-26,2016Q1,2,EX99_PRESS_RELEASE,True,WARN_MULTI,3549,0.419,,
310764,STRYKER CORP,0000310764-17-000008,2017-01-10,2017Q1,2,EX99_PRESS_RELEASE,True,WARN_MULTI,1695,0.5929,,
310764,STRYKER CORP,0000310764-17-000014,2017-01-24,2017Q1,2,EX99_PRESS_RELEASE,True,WARN_MULTI,3793,0.3862,,
310764,STRYKER CORP,0000310764-18-000006,2018-01-09,2018Q1,2,EX99_PRESS_RELEASE,True,WARN_MULTI,1515,0.5855,,
310764,STRYKER CORP,0000310764-18-000014,2018-01-30,2018Q1,2,EX99_PRESS_RELEASE,True,WARN_MULTI,3866,0.2625,,
313616,DANAHER CORP /DE/,0000313616-16-000132,2016-01-26,2016Q1,2,EX99_PRESS_RELEASE,True,WARN_MULTI,3765,0.5394,,
313616,DANAHER CORP /DE/,0000313616-17-000023,2017-01-31,2017Q1,2,EX99_PRESS_RELEASE,True,WARN_MULTI,4166,0.5108,,
313616,DANAHER CORP /DE/,0000313616-18-000023,2018-01-30,2018Q1,2,EX99_PRESS_RELEASE,True,WARN_MULTI,4619,0.5146,,
313616,DANAHER CORP /DE/,0000313616-19-000006,2019-01-29,2019Q1,2,EX99_PRESS_RELEASE,True,WARN_MULTI,5135,0.5922,,
313616,DANAHER CORP /DE/,0000313616-20-000002,2020-01-13,2020Q1,2,EX99_PRESS_RELEASE,True,WARN_MULTI,864,0.9086,,
313616,DANAHER CORP /DE/,0000313616-20-000005,2020-01-30,2020Q1,2,EX99_PRESS_RELEASE,True,WARN_MULTI,5155,0.5389,,
313616,DANAHER CORP /DE/,0000313616-20-000081,2020-04-13,2020Q2,2,EX99_PRESS_RELEASE,True,WARN_MULTI,1509,0.8641,,
313616,DANAHER CORP /DE/,0000313616-20-000091,2020-05-06,2020Q2,2,EX99_PRESS_RELEASE,True,WARN_MULTI,3835,0.745,,
313616,DANAHER CORP /DE/,0000313616-21-000006,2021-01-28,2021Q1,2,EX99_PRESS_RELEASE,True,WARN_MULTI,5917,0.5871,,
313616,DANAHER CORP /DE/,0000313616-22-000005,2022-01-27,2022Q1,2,EX99_PRESS_RELEASE,True,WARN_MULTI,6790,0.6513,,
313616,DANAHER CORP /DE/,0000313616-23-000006,2023-01-24,2023Q1,2,EX99_PRESS_RELEASE,True,WARN_MULTI,7319,0.5788,,
313616,DANAHER CORP /DE/,0000313616-23-000129,2023-04-25,2023Q2,2,EX99_PRESS_RELEASE,True,WARN_MULTI,4576,0.6938,,
313616,DANAHER CORP /DE/,0000313616-24-000006,2024-01-30,2024Q1,2,EX99_PRESS_RELEASE,True,WARN_MULTI,6972,0.574,,
313616,DANAHER CORP /DE/,0000313616-25-000004,2025-01-29,2025Q1,2,EX99_PRESS_RELEASE,True,WARN_MULTI,5520,0.5402,,
313616,DANAHER CORP /DE/,0000313616-26-000004,2026-01-28,2026Q1,2,EX99_PRESS_RELEASE,True,WARN_MULTI,6348,0.4891,,
320187,"NIKE, Inc.",0000320187-15-000188,2015-09-24,2015Q3,2,EX99_PRESS_RELEASE,True,WARN_MULTI,2182,0.4372,,
320187,"NIKE, Inc.",0000320187-15-000229,2015-12-22,2015Q4,2,EX99_PRESS_RELEASE,True,WARN_MULTI,2608,0.4421,,
320187,"NIKE, Inc.",0000320187-16-000257,2016-03-22,2016Q1,2,EX99_PRESS_RELEASE,True,WARN_MULTI,2831,0.4196,,
320187,"NIKE, Inc.",0000320187-16-000259,2016-03-25,2016Q1,2,EX99_PRESS_RELEASE,True,WARN_MULTI,9179,0.8874,,
320187,"NIKE, Inc.",0000320187-16-000372,2016-09-27,2016Q3,3,EX99_PRESS_RELEASE,True,WARN_MULTI,2455,0.4798,,
320187,"NIKE, Inc.",0000320187-16-000390,2016-12-20,2016Q4,2,EX99_PRESS_RELEASE,True,WARN_MULTI,2345,0.3586,,
320187,"NIKE, Inc.",0000320187-17-000020,2017-03-21,2017Q1,2,EX99_PRESS_RELEASE,True,WARN_MULTI,2351,0.3811,,
320187,"NIKE, Inc.",0000320187-17-000176,2017-09-26,2017Q3,3,EX99_PRESS_RELEASE,True,WARN_MULTI,1950,0.439,,
320187,"NIKE, Inc.",0000320187-17-000202,2017-12-21,2017Q4,2,EX99_PRESS_RELEASE,True,WARN_MULTI,2196,0.3365,,
320187,"NIKE, Inc.",0000320187-18-000034,2018-03-22,2018Q1,2,EX99_PRESS_RELEASE,True,WARN_MULTI,2204,0.338,,
320187,"NIKE, Inc.",0000320187-18-000206,2018-09-25,2018Q3,2,EX99_PRESS_RELEASE,True,WARN_MULTI,1807,0.3752,,
320187,"NIKE, Inc.",0000320187-24-000062,2024-10-01,2024Q4,2,EX99_PRESS_RELEASE,True,WARN_MULTI,2136,0.3516,,
320187,"NIKE, Inc.",0000320187-24-000069,2024-12-19,2024Q4,2,EX99_PRESS_RELEASE,True,WARN_MULTI,2416,0.2881,,
320187,"NIKE, Inc.",0000320187-26-000070,2026-06-23,2026Q2,2,EX99_PRESS_RELEASE,True,WARN_MULTI,651,0.8925,,
320187,"NIKE, Inc.",0000320187-26-000076,2026-06-30,2026Q2,2,EX99_PRESS_RELEASE,True,WARN_MULTI,3074,0.2983,,
320193,Apple Inc.,0000320193-19-000007,2019-01-29,2019Q1,2,EX99_PRESS_RELEASE,True,WARN_MULTI,2009,0.5212,,
701221,Cigna Holding Co,0000950159-15-000193,2015-07-24,2015Q3,2,EX99_PRESS_RELEASE,True,WARN_MULTI,1384,0.7269,,
701221,Cigna Holding Co,0000950159-15-000242,2015-07-30,2015Q3,2,EX99_PRESS_RELEASE,True,WARN_MULTI,3948,0.3599,,
701221,Cigna Holding Co,0000950159-17-000026,2017-02-02,2017Q1,2,EX99_PRESS_RELEASE,True,WARN_MULTI,4580,0.3179,,
701221,Cigna Holding Co,0000950159-18-000039,2018-02-01,2018Q1,2,EX99_PRESS_RELEASE,True,WARN_MULTI,4726,0.357,,
712515,ELECTRONIC ARTS INC.,0000712515-18-000038,2018-07-26,2018Q3,2,EX99_PRESS_RELEASE,True,WARN_MULTI,4608,0.3518,,
712515,ELECTRONIC ARTS INC.,0000712515-18-000052,2018-08-30,2018Q3,2,EX99_PRESS_RELEASE,True,WARN_MULTI,1011,0.6736,,
712515,ELECTRONIC ARTS INC.,0000712515-25-000007,2025-01-22,2025Q1,2,EX99_PRESS_RELEASE,True,WARN_MULTI,912,0.6228,,
712515,ELECTRONIC ARTS INC.,0000712515-25-000010,2025-02-04,2025Q1,2,EX99_PRESS_RELEASE,True,WARN_MULTI,4189,0.2841,,
713676,"PNC FINANCIAL SERVICES GROUP, INC.",0001193125-15-252913,2015-07-15,2015Q3,3,EX99_PRESS_RELEASE,True,WARN_MULTI,10357,0.0442,,
713676,"PNC FINANCIAL SERVICES GROUP, INC.",0001193125-15-343181,2015-10-14,2015Q4,3,EX99_PRESS_RELEASE,True,WARN_MULTI,10868,0.0494,,
713676,"PNC FINANCIAL SERVICES GROUP, INC.",0001193125-16-430398,2016-01-15,2016Q1,2,EX99_PRESS_RELEASE,True,WARN_MULTI,10902,0.0373,,
713676,"PNC FINANCIAL SERVICES GROUP, INC.",0001193125-16-540614,2016-04-14,2016Q2,3,EX99_PRESS_RELEASE,True,WARN_MULTI,10060,0.0445,,
713676,"PNC FINANCIAL SERVICES GROUP, INC.",0001193125-16-648803,2016-07-15,2016Q3,3,EX99_PRESS_RELEASE,True,WARN_MULTI,10699,0.0621,,
713676,"PNC FINANCIAL SERVICES GROUP, INC.",0001193125-16-738130,2016-10-14,2016Q4,3,EX99_PRESS_RELEASE,True,WARN_MULTI,10015,0.0574,,
713676,"PNC FINANCIAL SERVICES GROUP, INC.",0001193125-17-009255,2017-01-13,2017Q1,3,EX99_PRESS_RELEASE,True,WARN_MULTI,9676,0.0125,,
713676,"PNC FINANCIAL SERVICES GROUP, INC.",0001193125-17-122062,2017-04-13,2017Q2,3,EX99_PRESS_RELEASE,True,WARN_MULTI,8763,0.0235,,
713676,"PNC FINANCIAL SERVICES GROUP, INC.",0001193125-17-227952,2017-07-14,2017Q3,3,EX99_PRESS_RELEASE,True,WARN_MULTI,9097,0.0453,,
713676,"PNC FINANCIAL SERVICES GROUP, INC.",0001628280-17-009872,2017-10-13,2017Q4,3,EX99_PRESS_RELEASE,True,WARN_MULTI,8727,0.5148,,
713676,"PNC FINANCIAL SERVICES GROUP, INC.",0000713676-18-000014,2018-01-12,2018Q1,2,EX99_PRESS_RELEASE,True,WARN_MULTI,9881,0.5281,,
713676,"PNC FINANCIAL SERVICES GROUP, INC.",0000713676-18-000036,2018-04-13,2018Q2,2,EX99_PRESS_RELEASE,True,WARN_MULTI,9331,0.5671,,
713676,"PNC FINANCIAL SERVICES GROUP, INC.",0000713676-18-000056,2018-07-13,2018Q3,2,EX99_PRESS_RELEASE,True,WARN_MULTI,8970,0.5201,,
713676,"PNC FINANCIAL SERVICES GROUP, INC.",0000713676-18-000071,2018-10-12,2018Q4,3,EX99_PRESS_RELEASE,True,WARN_MULTI,8929,0.5277,,
713676,"PNC FINANCIAL SERVICES GROUP, INC.",0000713676-19-000005,2019-01-16,2019Q1,3,EX99_PRESS_RELEASE,True,WARN_MULTI,9790,0.5596,,
713676,"PNC FINANCIAL SERVICES GROUP, INC.",0000713676-19-000025,2019-04-12,2019Q2,2,EX99_PRESS_RELEASE,True,WARN_MULTI,8333,0.5181,,
713676,"PNC FINANCIAL SERVICES GROUP, INC.",0000713676-19-000045,2019-07-17,2019Q3,2,EX99_PRESS_RELEASE,True,WARN_MULTI,8505,0.4991,,
713676,"PNC FINANCIAL SERVICES GROUP, INC.",0000713676-19-000061,2019-10-16,2019Q4,3,EX99_PRESS_RELEASE,True,WARN_MULTI,8501,0.4902,,
713676,"PNC FINANCIAL SERVICES GROUP, INC.",0000713676-20-000015,2020-01-15,2020Q1,2,EX99_PRESS_RELEASE,True,WARN_MULTI,8877,0.526,,
713676,"PNC FINANCIAL SERVICES GROUP, INC.",0000713676-20-000068,2020-04-15,2020Q2,2,EX99_PRESS_RELEASE,True,WARN_MULTI,10343,0.5447,,
713676,"PNC FINANCIAL SERVICES GROUP, INC.",0000713676-20-000096,2020-07-15,2020Q3,2,EX99_PRESS_RELEASE,True,WARN_MULTI,10350,0.5338,,
713676,"PNC FINANCIAL SERVICES GROUP, INC.",0000713676-20-000130,2020-10-14,2020Q4,2,EX99_PRESS_RELEASE,True,WARN_MULTI,10206,0.523,,
713676,"PNC FINANCIAL SERVICES GROUP, INC.",0000713676-21-000011,2021-01-15,2021Q1,2,EX99_PRESS_RELEASE,True,WARN_MULTI,10127,0.5232,,
713676,"PNC FINANCIAL SERVICES GROUP, INC.",0000713676-21-000037,2021-04-16,2021Q2,2,EX99_PRESS_RELEASE,True,WARN_MULTI,9838,0.5138,,
713676,"PNC FINANCIAL SERVICES GROUP, INC.",0000713676-21-000083,2021-07-14,2021Q3,2,EX99_PRESS_RELEASE,True,WARN_MULTI,9001,0.4731,,
713676,"PNC FINANCIAL SERVICES GROUP, INC.",0000713676-21-000109,2021-10-15,2021Q4,2,EX99_PRESS_RELEASE,True,WARN_MULTI,10952,0.4284,,
713676,"PNC FINANCIAL SERVICES GROUP, INC.",0000713676-22-000005,2022-01-18,2022Q1,2,EX99_PRESS_RELEASE,True,WARN_MULTI,10076,0.3968,,
713676,"PNC FINANCIAL SERVICES GROUP, INC.",0000713676-22-000031,2022-04-14,2022Q2,2,EX99_PRESS_RELEASE,True,WARN_MULTI,9468,0.4163,,
713676,"PNC FINANCIAL SERVICES GROUP, INC.",0000713676-22-000066,2022-07-15,2022Q3,2,EX99_PRESS_RELEASE,True,WARN_MULTI,9452,0.4199,,
713676,"PNC FINANCIAL SERVICES GROUP, INC.",0000713676-22-000085,2022-10-14,2022Q4,2,EX99_PRESS_RELEASE,True,WARN_MULTI,9246,0.3801,,
713676,"PNC FINANCIAL SERVICES GROUP, INC.",0000713676-23-000069,2023-10-13,2023Q4,2,EX99_PRESS_RELEASE,True,WARN_MULTI,8450,1.0,,
713676,"PNC FINANCIAL SERVICES GROUP, INC.",0000713676-24-000006,2024-01-16,2024Q1,2,EX99_PRESS_RELEASE,True,WARN_MULTI,9779,0.4182,,
713676,"PNC FINANCIAL SERVICES GROUP, INC.",0000713676-24-000070,2024-10-15,2024Q4,2,EX99_PRESS_RELEASE,True,WARN_MULTI,8609,0.3819,,
713676,"PNC FINANCIAL SERVICES GROUP, INC.",0000713676-25-000126,2025-10-15,2025Q4,2,EX99_PRESS_RELEASE,True,WARN_MULTI,8706,0.372,,
715957,"DOMINION ENERGY, INC",0001564590-20-021004,2020-05-05,2020Q2,2,EX99_PRESS_RELEASE,True,WARN_MULTI,2995,0.4638,,
723125,MICRON TECHNOLOGY INC,0000723125-15-000077,2015-10-01,2015Q4,2,EX99_PRESS_RELEASE,True,WARN_MULTI,2720,0.4496,,
723125,MICRON TECHNOLOGY INC,0000723125-15-000136,2015-12-22,2015Q4,2,EX99_PRESS_RELEASE,True,WARN_MULTI,1841,0.4715,,
723125,MICRON TECHNOLOGY INC,0000723125-16-000225,2016-10-04,2016Q4,2,EX99_PRESS_RELEASE,True,WARN_MULTI,2403,0.5372,,
723125,MICRON TECHNOLOGY INC,0000723125-16-000306,2016-12-21,2016Q4,2,EX99_PRESS_RELEASE,True,WARN_MULTI,2425,0.5142,,
723125,MICRON TECHNOLOGY INC,0000723125-21-000009,2021-01-07,2021Q1,2,EX99_PRESS_RELEASE,True,WARN_MULTI,2530,0.2885,,
723125,MICRON TECHNOLOGY INC,0000723125-21-000028,2021-03-31,2021Q1,2,EX99_PRESS_RELEASE,True,WARN_MULTI,3223,0.3878,,
726728,REALTY INCOME CORP,0000726728-20-000069,2020-07-02,2020Q3,2,EX99_PRESS_RELEASE,True,WARN_MULTI,737,0.6242,,
726728,REALTY INCOME CORP,0000726728-20-000075,2020-08-03,2020Q3,2,EX99_PRESS_RELEASE,True,WARN_MULTI,5372,0.4058,,
726728,REALTY INCOME CORP,0000726728-21-000037,2021-02-22,2021Q1,2,EX99_PRESS_RELEASE,True,WARN_MULTI,6223,0.4525,,
732717,AT&T INC.,0000732717-21-000054,2021-07-21,2021Q3,2,EX99_PRESS_RELEASE,True,WARN_MULTI,1268,0.8091,,
732717,AT&T INC.,0000732717-21-000060,2021-07-22,2021Q3,2,EX99_PRESS_RELEASE,True,WARN_MULTI,3284,0.3855,,
732717,AT&T INC.,0000732717-22-000010,2022-01-26,2022Q1,2,EX99_PRESS_RELEASE,True,WARN_MULTI,3909,0.5242,,
753308,NEXTERA ENERGY INC,0000753308-26-000007,2026-01-27,2026Q1,2,EX99_PRESS_RELEASE,True,WARN_MULTI,8414,0.4601,,
766704,WELLTOWER INC.,0000766704-20-000029,2020-05-06,2020Q2,3,EX99_PRESS_RELEASE,True,WARN_MULTI,4556,0.6288,,
766704,WELLTOWER INC.,0001193125-20-264008,2020-10-05,2020Q4,2,EX99_PRESS_RELEASE,True,WARN_MULTI,1887,0.1341,,
766704,WELLTOWER INC.,0000766704-20-000060,2020-10-28,2020Q4,2,EX99_PRESS_RELEASE,True,WARN_MULTI,5403,0.6174,,
766704,WELLTOWER INC.,0000766704-21-000015,2021-02-09,2021Q1,2,EX99_PRESS_RELEASE,True,WARN_MULTI,5232,0.6296,,
766704,WELLTOWER INC.,0001193125-21-106945,2021-04-06,2021Q2,2,EX99_PRESS_RELEASE,True,WARN_MULTI,9145,0.3036,,
766704,WELLTOWER INC.,0000766704-21-000029,2021-04-28,2021Q2,2,EX99_PRESS_RELEASE,True,WARN_MULTI,5390,0.7,,
766704,WELLTOWER INC.,0001193125-22-006311,2022-01-11,2022Q1,3,EX99_PRESS_RELEASE,True,WARN_MULTI,9519,0.2594,,
766704,WELLTOWER INC.,0001193125-22-015495,2022-01-24,2022Q1,3,EX99_PRESS_RELEASE,True,WARN_MULTI,9711,0.2633,,
766704,WELLTOWER INC.,0000766704-22-000010,2022-02-15,2022Q1,3,EX99_PRESS_RELEASE,True,WARN_MULTI,6013,0.5769,,
766704,WELLTOWER INC.,0001193125-22-095657,2022-04-05,2022Q2,5,EX99_PRESS_RELEASE,True,WARN_MULTI,5220,0.1782,,
766704,WELLTOWER INC.,0001193125-22-113084,2022-04-21,2022Q2,5,EX99_PRESS_RELEASE,True,WARN_MULTI,4687,0.0352,,
766704,WELLTOWER INC.,0000766704-22-000030,2022-05-10,2022Q2,5,EX99_PRESS_RELEASE,True,WARN_MULTI,5710,0.5862,,
766704,WELLTOWER INC.,0001193125-22-168606,2022-06-07,2022Q2,5,EX99_PRESS_RELEASE,True,WARN_MULTI,8329,0.2083,,
766704,WELLTOWER INC.,0001193125-22-192860,2022-07-13,2022Q3,2,EX99_PRESS_RELEASE,True,WARN_MULTI,5186,0.1238,,
766704,WELLTOWER INC.,0000766704-22-000046,2022-08-09,2022Q3,2,EX99_PRESS_RELEASE,True,WARN_MULTI,5913,0.5512,,
766704,WELLTOWER INC.,0001193125-22-257269,2022-10-04,2022Q4,2,EX99_PRESS_RELEASE,True,WARN_MULTI,4934,0.1255,,
766704,WELLTOWER INC.,0000766704-22-000059,2022-11-07,2022Q4,2,EX99_PRESS_RELEASE,True,WARN_MULTI,5415,0.5461,,
766704,WELLTOWER INC.,0000766704-23-000015,2023-05-02,2023Q2,2,EX99_PRESS_RELEASE,True,WARN_MULTI,5353,0.5352,,
766704,WELLTOWER INC.,0001193125-23-161225,2023-06-06,2023Q2,2,EX99_PRESS_RELEASE,True,WARN_MULTI,5078,0.1845,,
766704,WELLTOWER INC.,0001193125-24-011737,2024-01-22,2024Q1,2,EX99_PRESS_RELEASE,True,WARN_MULTI,4973,0.1625,,
766704,WELLTOWER INC.,0000766704-24-000004,2024-02-13,2024Q1,2,EX99_PRESS_RELEASE,True,WARN_MULTI,6135,0.5169,,
769397,"Autodesk, Inc.",0000769397-16-000055,2016-02-03,2016Q1,2,EX99_PRESS_RELEASE,True,WARN_MULTI,937,0.6638,,
769397,"Autodesk, Inc.",0000769397-16-000059,2016-02-25,2016Q1,2,EX99_PRESS_RELEASE,True,WARN_MULTI,6066,0.2985,,
769397,"Autodesk, Inc.",0001193125-17-032583,2017-02-07,2017Q1,2,EX99_PRESS_RELEASE,True,WARN_MULTI,7975,0.2038,,
769397,"Autodesk, Inc.",0000769397-17-000009,2017-03-02,2017Q1,2,EX99_PRESS_RELEASE,True,WARN_MULTI,4884,0.3878,,
769397,"Autodesk, Inc.",0001628280-20-016321,2020-11-12,2020Q4,2,EX99_PRESS_RELEASE,True,WARN_MULTI,835,0.7593,,
769397,"Autodesk, Inc.",0000769397-20-000036,2020-11-24,2020Q4,2,EX99_PRESS_RELEASE,True,WARN_MULTI,5071,0.4256,,
769397,"Autodesk, Inc.",0001213900-24-049057,2024-06-03,2024Q2,2,EX99_PRESS_RELEASE,True,WARN_MULTI,2032,0.0,,
769397,"Autodesk, Inc.",0000769397-24-000095,2024-06-11,2024Q2,2,EX99_PRESS_RELEASE,True,WARN_MULTI,4588,0.5281,,
773840,HONEYWELL INTERNATIONAL INC,0000930413-16-008528,2016-10-21,2016Q4,2,EX99_PRESS_RELEASE,True,WARN_MULTI,3916,0.0,,
773840,HONEYWELL INTERNATIONAL INC,0000930413-17-003540,2017-10-11,2017Q4,3,EX99_PRESS_RELEASE,True,WARN_MULTI,2166,0.0,,
773840,HONEYWELL INTERNATIONAL INC,0000930413-17-003584,2017-10-20,2017Q4,3,EX99_PRESS_RELEASE,True,WARN_MULTI,4247,0.0,,
773840,HONEYWELL INTERNATIONAL INC,0000930413-18-003108,2018-10-19,2018Q4,2,EX99_PRESS_RELEASE,True,WARN_MULTI,5294,0.0,,
773840,HONEYWELL INTERNATIONAL INC,0000773840-20-000047,2020-10-30,2020Q4,2,EX99_PRESS_RELEASE,True,WARN_MULTI,5220,0.4397,,
773840,HONEYWELL INTERNATIONAL INC,0000773840-23-000076,2023-10-10,2023Q4,3,EX99_PRESS_RELEASE,True,WARN_MULTI,1248,0.7348,,
773840,HONEYWELL INTERNATIONAL INC,0000773840-23-000083,2023-10-26,2023Q4,3,EX99_PRESS_RELEASE,True,WARN_MULTI,5888,0.4876,,
773840,HONEYWELL INTERNATIONAL INC,0000773840-24-000045,2024-04-25,2024Q2,2,EX99_PRESS_RELEASE,True,WARN_MULTI,5167,0.498,,
773840,HONEYWELL INTERNATIONAL INC,0000773840-24-000066,2024-06-03,2024Q2,2,EX99_PRESS_RELEASE,True,WARN_MULTI,3867,0.7264,,
773840,HONEYWELL INTERNATIONAL INC,0000773840-24-000081,2024-07-25,2024Q3,2,EX99_PRESS_RELEASE,True,WARN_MULTI,5830,0.5331,,
773840,HONEYWELL INTERNATIONAL INC,0000773840-25-000104,2025-10-23,2025Q4,2,EX99_PRESS_RELEASE,True,WARN_MULTI,6998,0.4967,,
773840,HONEYWELL INTERNATIONAL INC,0000773840-26-000055,2026-04-23,2026Q2,2,EX99_PRESS_RELEASE,True,WARN_MULTI,7248,0.5239,,
773840,HONEYWELL INTERNATIONAL INC,0000773840-26-000084,2026-06-29,2026Q2,2,EX99_PRESS_RELEASE,True,WARN_MULTI,1620,0.8401,,
790070,EMC CORP,0000790070-15-000165,2015-10-21,2015Q4,2,EX99_PRESS_RELEASE,True,WARN_MULTI,6516,0.3631,,
797468,OCCIDENTAL PETROLEUM CORP /DE/,0001104659-17-006665,2017-02-06,2017Q1,2,EX99_PRESS_RELEASE,True,WARN_MULTI,2690,0.3052,,
797468,OCCIDENTAL PETROLEUM CORP /DE/,0001104659-17-007592,2017-02-09,2017Q1,2,EX99_PRESS_RELEASE,True,WARN_MULTI,10993,0.1613,,
797468,OCCIDENTAL PETROLEUM CORP /DE/,0001104659-17-065207,2017-11-01,2017Q4,2,EX99_PRESS_RELEASE,True,WARN_MULTI,9444,0.1444,,
797468,OCCIDENTAL PETROLEUM CORP /DE/,0001104659-19-059568,2019-11-04,2019Q4,2,EX99_PRESS_RELEASE,True,WARN_MULTI,9643,0.0,,
797468,OCCIDENTAL PETROLEUM CORP /DE/,0001104659-20-026174,2020-02-27,2020Q1,2,EX99_PRESS_RELEASE,True,WARN_MULTI,10279,0.0,,
797468,OCCIDENTAL PETROLEUM CORP /DE/,0000797468-23-000091,2023-11-07,2023Q4,2,EX99_PRESS_RELEASE,True,WARN_MULTI,8699,0.223,,
797468,OCCIDENTAL PETROLEUM CORP /DE/,0000797468-24-000033,2024-02-14,2024Q1,2,EX99_PRESS_RELEASE,True,WARN_MULTI,11687,0.2057,,
797468,OCCIDENTAL PETROLEUM CORP /DE/,0000797468-24-000093,2024-05-07,2024Q2,2,EX99_PRESS_RELEASE,True,WARN_MULTI,8201,0.2517,,
797468,OCCIDENTAL PETROLEUM CORP /DE/,0000797468-24-000134,2024-08-07,2024Q3,2,EX99_PRESS_RELEASE,True,WARN_MULTI,8702,0.2259,,
797468,OCCIDENTAL PETROLEUM CORP /DE/,0000797468-24-000163,2024-11-12,2024Q4,2,EX99_PRESS_RELEASE,True,WARN_MULTI,9292,0.2062,,
797468,OCCIDENTAL PETROLEUM CORP /DE/,0000797468-25-000028,2025-02-18,2025Q1,2,EX99_PRESS_RELEASE,True,WARN_MULTI,12312,0.1949,,
797468,OCCIDENTAL PETROLEUM CORP /DE/,0000797468-25-000075,2025-05-07,2025Q2,2,EX99_PRESS_RELEASE,True,WARN_MULTI,8778,0.2342,,
797468,OCCIDENTAL PETROLEUM CORP /DE/,0000797468-25-000109,2025-08-06,2025Q3,2,EX99_PRESS_RELEASE,True,WARN_MULTI,9245,0.231,,
797468,OCCIDENTAL PETROLEUM CORP /DE/,0001628280-25-051056,2025-11-10,2025Q4,2,EX99_PRESS_RELEASE,True,WARN_MULTI,9845,0.228,,
797468,OCCIDENTAL PETROLEUM CORP /DE/,0001628280-26-009054,2026-02-18,2026Q1,2,EX99_PRESS_RELEASE,True,WARN_MULTI,12676,0.1898,,
797468,OCCIDENTAL PETROLEUM CORP /DE/,0001628280-26-030567,2026-05-05,2026Q2,2,EX99_PRESS_RELEASE,True,WARN_MULTI,8508,0.2513,,
797468,OCCIDENTAL PETROLEUM CORP /DE/,0001628280-26-053377,2026-08-05,2026Q3,2,EX99_PRESS_RELEASE,True,WARN_MULTI,8609,0.2351,,
798354,FISERV INC,0001193125-19-010301,2019-01-16,2019Q1,2,EX99_PRESS_RELEASE,True,WARN_MULTI,3665,0.0573,,
798354,FISERV INC,0000798354-19-000002,2019-02-07,2019Q1,2,EX99_PRESS_RELEASE,True,WARN_MULTI,5236,0.4358,,
798354,FISERV INC,0000798354-19-000023,2019-11-06,2019Q4,2,EX99_PRESS_RELEASE,True,WARN_MULTI,7517,0.4455,,
798354,FISERV INC,0000798354-20-000011,2020-05-07,2020Q2,2,EX99_PRESS_RELEASE,True,WARN_MULTI,5729,0.4554,,
798354,FISERV INC,0000798354-23-000016,2023-10-24,2023Q4,2,EX99_PRESS_RELEASE,True,WARN_MULTI,5498,0.4476,,
798354,FISERV INC,0000798354-24-000021,2024-02-06,2024Q1,2,EX99_PRESS_RELEASE,True,WARN_MULTI,5097,0.4679,,
816284,CELGENE CORP /DE/,0001104659-16-091858,2016-01-28,2016Q1,2,EX99_PRESS_RELEASE,True,WARN_MULTI,5214,0.4014,,
816284,CELGENE CORP /DE/,0001104659-17-004128,2017-01-26,2017Q1,2,EX99_PRESS_RELEASE,True,WARN_MULTI,6215,0.511,,
816284,CELGENE CORP /DE/,0001104659-18-003877,2018-01-25,2018Q1,2,EX99_PRESS_RELEASE,True,WARN_MULTI,6200,0.4881,,
816284,CELGENE CORP /DE/,0001104659-19-004612,2019-01-31,2019Q1,2,EX99_PRESS_RELEASE,True,WARN_MULTI,5750,0.4456,,
821189,EOG RESOURCES INC,0000821189-18-000011,2018-02-27,2018Q1,2,EX99_PRESS_RELEASE,True,WARN_MULTI,10989,0.4188,,
829224,STARBUCKS CORP,0000829224-20-000042,2020-04-28,2020Q2,2,EX99_PRESS_RELEASE,True,WARN_MULTI,6239,0.4001,,
829224,STARBUCKS CORP,0000829224-24-000047,2024-10-22,2024Q4,2,EX99_PRESS_RELEASE,True,WARN_MULTI,2655,0.6143,,
829224,STARBUCKS CORP,0000829224-24-000051,2024-10-30,2024Q4,2,EX99_PRESS_RELEASE,True,WARN_MULTI,6109,0.3117,,
831001,CITIGROUP INC,0001104659-16-111627,2016-04-15,2016Q2,2,EX99_PRESS_RELEASE,True,WARN_MULTI,6777,0.3302,,
831001,CITIGROUP INC,0001104659-17-023234,2017-04-13,2017Q2,2,EX99_PRESS_RELEASE,True,WARN_MULTI,5059,0.3216,,
831001,CITIGROUP INC,0001104659-18-023840,2018-04-13,2018Q2,2,EX99_PRESS_RELEASE,True,WARN_MULTI,4842,0.2939,,
831001,CITIGROUP INC,0001104659-20-114299,2020-10-13,2020Q4,2,EX99_PRESS_RELEASE,True,WARN_MULTI,4708,0.3649,,
831001,CITIGROUP INC,0001104659-24-003564,2024-01-12,2024Q1,2,EX99_PRESS_RELEASE,True,WARN_MULTI,7840,0.3282,,
831259,FREEPORT-MCMORAN INC,0000831259-19-000030,2019-07-24,2019Q3,2,EX99_PRESS_RELEASE,True,WARN_MULTI,18040,0.2132,,
831259,FREEPORT-MCMORAN INC,0000831259-20-000030,2020-07-23,2020Q3,2,EX99_PRESS_RELEASE,True,WARN_MULTI,19496,0.2168,,
831259,FREEPORT-MCMORAN INC,0000831259-24-000028,2024-07-23,2024Q3,2,EX99_PRESS_RELEASE,True,WARN_MULTI,20259,0.4026,,
831259,FREEPORT-MCMORAN INC,0000831259-25-000002,2025-01-23,2025Q1,2,EX99_PRESS_RELEASE,True,WARN_MULTI,20976,0.4175,,
849399,Gen Digital Inc.,0001157523-16-004470,2016-02-04,2016Q1,2,EX99_PRESS_RELEASE,True,WARN_MULTI,5085,0.4612,,
849399,Gen Digital Inc.,0001157523-16-005293,2016-04-28,2016Q2,2,EX99_PRESS_RELEASE,True,WARN_MULTI,853,0.7866,,
849399,Gen Digital Inc.,0001157523-16-005590,2016-05-12,2016Q2,2,EX99_PRESS_RELEASE,True,WARN_MULTI,7367,0.3924,,
849399,Gen Digital Inc.,0001157523-18-001691,2018-08-02,2018Q3,2,EX99_PRESS_RELEASE,True,WARN_MULTI,5948,0.5777,,
872589,"REGENERON PHARMACEUTICALS, INC.",0001532176-16-000041,2016-02-09,2016Q1,2,EX99_PRESS_RELEASE,True,WARN_MULTI,4845,0.4237,,
872589,"REGENERON PHARMACEUTICALS, INC.",0001532176-17-000006,2017-02-09,2017Q1,2,EX99_PRESS_RELEASE,True,WARN_MULTI,5935,0.49,,
872589,"REGENERON PHARMACEUTICALS, INC.",0001532176-18-000010,2018-02-08,2018Q1,2,EX99_PRESS_RELEASE,True,WARN_MULTI,5529,0.4534,,
872589,"REGENERON PHARMACEUTICALS, INC.",0001532176-19-000005,2019-02-06,2019Q1,2,EX99_PRESS_RELEASE,True,WARN_MULTI,5389,0.4376,,
872589,"REGENERON PHARMACEUTICALS, INC.",0001532176-20-000005,2020-02-06,2020Q1,2,EX99_PRESS_RELEASE,True,WARN_MULTI,4882,0.3632,,
872589,"REGENERON PHARMACEUTICALS, INC.",0001804220-21-000006,2021-02-05,2021Q1,2,EX99_PRESS_RELEASE,True,WARN_MULTI,7489,0.5887,,
872589,"REGENERON PHARMACEUTICALS, INC.",0001804220-22-000004,2022-02-04,2022Q1,2,EX99_PRESS_RELEASE,True,WARN_MULTI,6885,0.5165,,
872589,"REGENERON PHARMACEUTICALS, INC.",0001104659-23-002091,2023-01-09,2023Q1,2,EX99_PRESS_RELEASE,True,WARN_MULTI,7453,0.9851,,
872589,"REGENERON PHARMACEUTICALS, INC.",0001804220-23-000005,2023-02-03,2023Q1,2,EX99_PRESS_RELEASE,True,WARN_MULTI,7122,0.5013,,
872589,"REGENERON PHARMACEUTICALS, INC.",0001104659-23-043287,2023-04-10,2023Q2,2,8K_BODY,True,WARN_MULTI,734,0.0,,
872589,"REGENERON PHARMACEUTICALS, INC.",0001804220-23-000015,2023-05-04,2023Q2,2,EX99_PRESS_RELEASE,True,WARN_MULTI,5492,0.5288,,
872589,"REGENERON PHARMACEUTICALS, INC.",0001104659-23-107161,2023-10-05,2023Q4,2,8K_BODY,True,WARN_MULTI,752,0.0,,
872589,"REGENERON PHARMACEUTICALS, INC.",0001804220-23-000029,2023-11-02,2023Q4,2,EX99_PRESS_RELEASE,True,WARN_MULTI,6008,0.5328,,
872589,"REGENERON PHARMACEUTICALS, INC.",0001804220-24-000006,2024-02-02,2024Q1,2,EX99_PRESS_RELEASE,True,WARN_MULTI,6938,0.4869,,
872589,"REGENERON PHARMACEUTICALS, INC.",0001104659-24-078172,2024-07-08,2024Q3,2,8K_BODY,True,WARN_MULTI,740,0.0,,
872589,"REGENERON PHARMACEUTICALS, INC.",0001804220-24-000026,2024-08-01,2024Q3,2,EX99_PRESS_RELEASE,True,WARN_MULTI,5702,0.5061,,
872589,"REGENERON PHARMACEUTICALS, INC.",0001104659-24-106432,2024-10-07,2024Q4,2,8K_BODY,True,WARN_MULTI,734,0.0,,
872589,"REGENERON PHARMACEUTICALS, INC.",0001804220-24-000038,2024-10-31,2024Q4,2,EX99_PRESS_RELEASE,True,WARN_MULTI,5676,0.4995,,
872589,"REGENERON PHARMACEUTICALS, INC.",0001804220-25-000007,2025-02-04,2025Q1,2,EX99_PRESS_RELEASE,True,WARN_MULTI,6620,0.4201,,
872589,"REGENERON PHARMACEUTICALS, INC.",0001104659-25-096921,2025-10-06,2025Q4,2,8K_BODY,True,WARN_MULTI,750,0.0,,
872589,"REGENERON PHARMACEUTICALS, INC.",0000872589-25-000026,2025-10-28,2025Q4,2,EX99_PRESS_RELEASE,True,WARN_MULTI,5805,0.5053,,
872589,"REGENERON PHARMACEUTICALS, INC.",0000872589-26-000004,2026-01-30,2026Q1,2,EX99_PRESS_RELEASE,True,WARN_MULTI,6451,0.4643,,
872589,"REGENERON PHARMACEUTICALS, INC.",0001104659-26-040661,2026-04-08,2026Q2,2,8K_BODY,True,WARN_MULTI,751,0.0,,
872589,"REGENERON PHARMACEUTICALS, INC.",0000872589-26-000014,2026-04-29,2026Q2,2,EX99_PRESS_RELEASE,True,WARN_MULTI,5584,0.536,,
872589,"REGENERON PHARMACEUTICALS, INC.",0001104659-26-080562,2026-07-06,2026Q3,2,8K_BODY,True,WARN_MULTI,741,0.0,,
872589,"REGENERON PHARMACEUTICALS, INC.",0000872589-26-000023,2026-07-30,2026Q3,2,EX99_PRESS_RELEASE,True,WARN_MULTI,5321,0.4608,,
875045,BIOGEN INC.,0000875045-25-000027,2025-07-07,2025Q3,2,8K_BODY,True,WARN_MULTI,689,0.8636,,
875045,BIOGEN INC.,0000875045-25-000035,2025-07-31,2025Q3,2,EX99_PRESS_RELEASE,True,WARN_MULTI,6304,0.4307,,
875045,BIOGEN INC.,0000875045-25-000040,2025-10-14,2025Q4,2,8K_BODY,True,WARN_MULTI,689,0.8636,,
875045,BIOGEN INC.,0000875045-25-000047,2025-10-30,2025Q4,2,EX99_PRESS_RELEASE,True,WARN_MULTI,6757,0.453,,
875045,BIOGEN INC.,0000875045-26-000003,2026-01-14,2026Q1,2,8K_BODY,True,WARN_MULTI,651,0.914,,
875045,BIOGEN INC.,0000875045-26-000011,2026-02-06,2026Q1,2,EX99_PRESS_RELEASE,True,WARN_MULTI,6638,0.4321,,
875045,BIOGEN INC.,0000875045-26-000039,2026-04-06,2026Q2,2,8K_BODY,True,WARN_MULTI,622,0.91,,
875045,BIOGEN INC.,0000875045-26-000042,2026-04-29,2026Q2,2,EX99_PRESS_RELEASE,True,WARN_MULTI,5883,0.4953,,
875045,BIOGEN INC.,0000875045-26-000068,2026-07-01,2026Q3,2,8K_BODY,True,WARN_MULTI,695,0.9194,,
875045,BIOGEN INC.,0000875045-26-000073,2026-07-29,2026Q3,2,EX99_PRESS_RELEASE,True,WARN_MULTI,6583,0.4366,,
875320,VERTEX PHARMACEUTICALS INC / MA,0000875320-16-000063,2016-01-27,2016Q1,2,EX99_PRESS_RELEASE,True,WARN_MULTI,5130,0.4312,,
875320,VERTEX PHARMACEUTICALS INC / MA,0000875320-17-000009,2017-01-25,2017Q1,2,EX99_PRESS_RELEASE,True,WARN_MULTI,3871,0.4146,,
882095,"GILEAD SCIENCES, INC.",0000882095-21-000002,2021-01-11,2021Q1,2,EX99_PRESS_RELEASE,True,WARN_MULTI,2044,0.593,,
882095,"GILEAD SCIENCES, INC.",0000882095-21-000005,2021-02-04,2021Q1,2,EX99_PRESS_RELEASE,True,WARN_MULTI,8784,0.3777,,
882095,"GILEAD SCIENCES, INC.",0000882095-22-000003,2022-02-01,2022Q1,2,EX99_PRESS_RELEASE,True,WARN_MULTI,7450,0.3811,,
885725,BOSTON SCIENTIFIC CORP,0000885725-18-000003,2018-01-09,2018Q1,2,EX99_PRESS_RELEASE,True,WARN_MULTI,2066,0.5716,,
885725,BOSTON SCIENTIFIC CORP,0000885725-18-000006,2018-02-01,2018Q1,2,EX99_PRESS_RELEASE,True,WARN_MULTI,5091,0.448,,
885725,BOSTON SCIENTIFIC CORP,0000885725-19-000003,2019-01-08,2019Q1,2,EX99_PRESS_RELEASE,True,WARN_MULTI,2223,0.453,,
885725,BOSTON SCIENTIFIC CORP,0000885725-19-000009,2019-02-06,2019Q1,2,EX99_PRESS_RELEASE,True,WARN_MULTI,4803,0.3639,,
885725,BOSTON SCIENTIFIC CORP,0000885725-20-000003,2020-01-14,2020Q1,3,EX99_PRESS_RELEASE,True,WARN_MULTI,3727,0.616,,
885725,BOSTON SCIENTIFIC CORP,0000885725-20-000009,2020-02-05,2020Q1,3,EX99_PRESS_RELEASE,True,WARN_MULTI,5656,0.3851,,
885725,BOSTON SCIENTIFIC CORP,0000885725-20-000017,2020-04-02,2020Q2,2,EX99_PRESS_RELEASE,True,WARN_MULTI,1456,0.7466,,
885725,BOSTON SCIENTIFIC CORP,0000885725-20-000019,2020-04-29,2020Q2,2,EX99_PRESS_RELEASE,True,WARN_MULTI,3369,0.4725,,
885725,BOSTON SCIENTIFIC CORP,0000885725-21-000002,2021-01-12,2021Q1,2,EX99_PRESS_RELEASE,True,WARN_MULTI,2792,0.6082,,
885725,BOSTON SCIENTIFIC CORP,0000885725-21-000006,2021-02-03,2021Q1,2,EX99_PRESS_RELEASE,True,WARN_MULTI,6884,0.5487,,
886982,GOLDMAN SACHS GROUP INC,0001193125-20-192968,2020-07-15,2020Q3,2,EX99_PRESS_RELEASE,True,WARN_MULTI,5073,0.0408,,
886982,GOLDMAN SACHS GROUP INC,0001193125-20-198162,2020-07-24,2020Q3,2,EX99_PRESS_RELEASE,True,WARN_MULTI,646,0.0619,,
886982,GOLDMAN SACHS GROUP INC,0001193125-20-268983,2020-10-14,2020Q4,2,EX99_PRESS_RELEASE,True,WARN_MULTI,4715,0.0356,,
886982,GOLDMAN SACHS GROUP INC,0000886982-26-000008,2026-01-15,2026Q1,2,EX99_PRESS_RELEASE,True,WARN_MULTI,5080,0.0,,
895126,EXPAND ENERGY Corp,0000895126-18-000044,2018-02-06,2018Q1,3,EX99_PRESS_RELEASE,True,WARN_MULTI,1785,0.9053,,
895126,EXPAND ENERGY Corp,0000895126-18-000058,2018-02-22,2018Q1,3,EX99_PRESS_RELEASE,True,WARN_MULTI,9467,0.4147,,
895126,EXPAND ENERGY Corp,0000895126-19-000032,2019-01-09,2019Q1,2,EX99_PRESS_RELEASE,True,WARN_MULTI,2785,0.9408,,
895126,EXPAND ENERGY Corp,0000895126-19-000068,2019-02-27,2019Q1,2,EX99_PRESS_RELEASE,True,WARN_MULTI,9781,0.4615,,
895126,EXPAND ENERGY Corp,0000895126-20-000037,2020-01-29,2020Q1,2,EX99_PRESS_RELEASE,True,WARN_MULTI,2058,0.8129,,
895126,EXPAND ENERGY Corp,0000895126-20-000058,2020-02-26,2020Q1,2,EX99_PRESS_RELEASE,True,WARN_MULTI,8261,0.4039,,
896159,Chubb Ltd,0001193125-16-577986,2016-05-05,2016Q2,3,EX99_PRESS_RELEASE,True,WARN_MULTI,5659,0.0233,,
896159,Chubb Ltd,0001193125-17-300696,2017-10-02,2017Q4,2,EX99_PRESS_RELEASE,True,WARN_MULTI,646,0.0,,
896159,Chubb Ltd,0001193125-17-321296,2017-10-26,2017Q4,2,EX99_PRESS_RELEASE,True,WARN_MULTI,5517,0.0232,,
896159,Chubb Ltd,0001193125-18-106360,2018-04-03,2018Q2,2,EX99_PRESS_RELEASE,True,WARN_MULTI,546,0.0733,,
896159,Chubb Ltd,0001193125-18-128839,2018-04-24,2018Q2,2,EX99_PRESS_RELEASE,True,WARN_MULTI,4464,0.0181,,
896159,Chubb Ltd,0001193125-18-296808,2018-10-10,2018Q4,2,EX99_PRESS_RELEASE,True,WARN_MULTI,512,0.0,,
896159,Chubb Ltd,0001193125-18-305314,2018-10-23,2018Q4,2,EX99_PRESS_RELEASE,True,WARN_MULTI,5129,0.024,,
896159,Chubb Ltd,0001193125-19-012931,2019-01-18,2019Q1,2,EX99_PRESS_RELEASE,True,WARN_MULTI,591,0.1438,,
896159,Chubb Ltd,0001193125-19-028326,2019-02-05,2019Q1,2,EX99_PRESS_RELEASE,True,WARN_MULTI,5847,0.0352,,
896159,Chubb Ltd,0001104659-20-003943,2020-01-14,2020Q1,2,EX99_PRESS_RELEASE,True,WARN_MULTI,605,0.0,,
896159,Chubb Ltd,0001193125-20-024311,2020-02-04,2020Q1,2,EX99_PRESS_RELEASE,True,WARN_MULTI,5145,0.0237,,
896159,Chubb Ltd,0001193125-20-187916,2020-07-06,2020Q3,2,EX99_PRESS_RELEASE,True,WARN_MULTI,879,0.0455,,
896159,Chubb Ltd,0001193125-20-201001,2020-07-28,2020Q3,2,EX99_PRESS_RELEASE,True,WARN_MULTI,4801,0.0417,,
896878,INTUIT INC.,0000896878-17-000024,2017-02-08,2017Q1,2,EX99_PRESS_RELEASE,True,WARN_MULTI,2657,0.6741,,
896878,INTUIT INC.,0000896878-17-000028,2017-02-23,2017Q1,2,EX99_PRESS_RELEASE,True,WARN_MULTI,5654,0.4079,,
896878,INTUIT INC.,0000896878-18-000030,2018-02-09,2018Q1,2,EX99_PRESS_RELEASE,True,WARN_MULTI,3240,0.6636,,
896878,INTUIT INC.,0000896878-18-000109,2018-07-18,2018Q3,2,EX99_PRESS_RELEASE,True,WARN_MULTI,2771,0.6875,,
896878,INTUIT INC.,0000896878-18-000162,2018-08-23,2018Q3,2,EX99_PRESS_RELEASE,True,WARN_MULTI,8578,0.337,,
896878,INTUIT INC.,0000896878-20-000053,2020-05-07,2020Q2,2,EX99_PRESS_RELEASE,True,WARN_MULTI,2633,0.7,,
896878,INTUIT INC.,0000896878-21-000049,2021-02-09,2021Q1,2,EX99_PRESS_RELEASE,True,WARN_MULTI,2370,0.5418,,
896878,INTUIT INC.,0000896878-21-000057,2021-02-23,2021Q1,2,EX99_PRESS_RELEASE,True,WARN_MULTI,5018,0.4071,,
896878,INTUIT INC.,0000896878-21-000108,2021-05-11,2021Q2,2,EX99_PRESS_RELEASE,True,WARN_MULTI,2295,0.6174,,
896878,INTUIT INC.,0000896878-21-000114,2021-05-25,2021Q2,2,EX99_PRESS_RELEASE,True,WARN_MULTI,5223,0.3973,,
896878,INTUIT INC.,0000896878-22-000007,2022-02-24,2022Q1,2,EX99_PRESS_RELEASE,True,WARN_MULTI,5147,0.3977,,
927653,MCKESSON CORP,0000927653-20-000058,2020-08-03,2020Q3,2,EX99_PRESS_RELEASE,True,WARN_MULTI,6095,0.4804,,
927653,MCKESSON CORP,0000927653-25-000105,2025-08-06,2025Q3,2,EX99_PRESS_RELEASE,True,WARN_MULTI,6059,0.5271,,
936468,LOCKHEED MARTIN CORP,0000936468-22-000044,2022-04-19,2022Q2,2,EX99_PRESS_RELEASE,True,WARN_MULTI,5996,0.5254,,
936468,LOCKHEED MARTIN CORP,0000936468-22-000084,2022-06-27,2022Q2,2,EX99_PRESS_RELEASE,True,WARN_MULTI,747,0.8715,,
1012569,"Energy Transfer, LP",0001012569-16-000136,2016-01-28,2016Q1,2,EX99_PRESS_RELEASE,True,WARN_MULTI,1035,0.7884,,
1012569,"Energy Transfer, LP",0001012569-16-000148,2016-02-24,2016Q1,2,EX99_PRESS_RELEASE,True,WARN_MULTI,7063,0.3399,,
1035002,VALERO ENERGY CORP/TX,0001035002-20-000014,2020-04-29,2020Q2,2,EX99_PRESS_RELEASE,True,WARN_MULTI,6786,0.4349,,
1035002,VALERO ENERGY CORP/TX,0001035002-21-000064,2021-04-22,2021Q2,2,EX99_PRESS_RELEASE,True,WARN_MULTI,7016,0.4354,,
1035002,VALERO ENERGY CORP/TX,0001035002-25-000016,2025-04-24,2025Q2,2,EX99_PRESS_RELEASE,True,WARN_MULTI,6730,0.4195,,
1035267,INTUITIVE SURGICAL INC,0001035267-16-000119,2016-01-13,2016Q1,2,EX99_PRESS_RELEASE,True,WARN_MULTI,1429,0.6725,,
1035267,INTUITIVE SURGICAL INC,0001035267-16-000121,2016-01-21,2016Q1,2,EX99_PRESS_RELEASE,True,WARN_MULTI,2872,0.4697,,
1035267,INTUITIVE SURGICAL INC,0001035267-17-000004,2017-01-11,2017Q1,2,EX99_PRESS_RELEASE,True,WARN_MULTI,1319,0.4284,,
1035267,INTUITIVE SURGICAL INC,0001035267-17-000007,2017-01-24,2017Q1,2,EX99_PRESS_RELEASE,True,WARN_MULTI,3044,0.4711,,
1035267,INTUITIVE SURGICAL INC,0001035267-18-000003,2018-01-10,2018Q1,2,EX99_PRESS_RELEASE,True,WARN_MULTI,1452,0.3967,,
1035267,INTUITIVE SURGICAL INC,0001035267-18-000005,2018-01-25,2018Q1,2,EX99_PRESS_RELEASE,True,WARN_MULTI,3524,0.4152,,
1035267,INTUITIVE SURGICAL INC,0001035267-19-000002,2019-01-09,2019Q1,2,EX99_PRESS_RELEASE,True,WARN_MULTI,1598,0.5138,,
1035267,INTUITIVE SURGICAL INC,0001035267-19-000005,2019-01-24,2019Q1,2,EX99_PRESS_RELEASE,True,WARN_MULTI,3571,0.4621,,
1035267,INTUITIVE SURGICAL INC,0001035267-20-000003,2020-01-09,2020Q1,2,EX99_PRESS_RELEASE,True,WARN_MULTI,1456,0.7843,,
1035267,INTUITIVE SURGICAL INC,0001035267-20-000011,2020-01-23,2020Q1,2,EX99_PRESS_RELEASE,True,WARN_MULTI,3296,0.5133,,
1035267,INTUITIVE SURGICAL INC,0001035267-20-000071,2020-04-08,2020Q2,2,EX99_PRESS_RELEASE,True,WARN_MULTI,1122,0.8128,,
1035267,INTUITIVE SURGICAL INC,0001035267-20-000073,2020-04-16,2020Q2,2,EX99_PRESS_RELEASE,True,WARN_MULTI,3219,0.6611,,
1035267,INTUITIVE SURGICAL INC,0001035267-21-000008,2021-01-13,2021Q1,2,EX99_PRESS_RELEASE,True,WARN_MULTI,1575,0.8444,,
1035267,INTUITIVE SURGICAL INC,0001035267-21-000011,2021-01-21,2021Q1,2,EX99_PRESS_RELEASE,True,WARN_MULTI,3843,0.5636,,
1035267,INTUITIVE SURGICAL INC,0001035267-22-000003,2022-01-12,2022Q1,2,EX99_PRESS_RELEASE,True,WARN_MULTI,2136,0.875,,
1035267,INTUITIVE SURGICAL INC,0001035267-22-000006,2022-01-20,2022Q1,2,EX99_PRESS_RELEASE,True,WARN_MULTI,4271,0.58,,
1035267,INTUITIVE SURGICAL INC,0001035267-23-000003,2023-01-11,2023Q1,2,EX99_PRESS_RELEASE,True,WARN_MULTI,1862,0.928,,
1035267,INTUITIVE SURGICAL INC,0001035267-23-000006,2023-01-24,2023Q1,2,EX99_PRESS_RELEASE,True,WARN_MULTI,4376,0.5953,,
1035267,INTUITIVE SURGICAL INC,0001035267-24-000006,2024-01-09,2024Q1,2,EX99_PRESS_RELEASE,True,WARN_MULTI,1809,0.8668,,
1035267,INTUITIVE SURGICAL INC,0001035267-24-000009,2024-01-23,2024Q1,2,EX99_PRESS_RELEASE,True,WARN_MULTI,4258,0.5733,,
1035267,INTUITIVE SURGICAL INC,0001035267-25-000005,2025-01-15,2025Q1,2,EX99_PRESS_RELEASE,True,WARN_MULTI,1820,0.8615,,
1035267,INTUITIVE SURGICAL INC,0001035267-25-000008,2025-01-23,2025Q1,2,EX99_PRESS_RELEASE,True,WARN_MULTI,4775,0.5809,,
1035267,INTUITIVE SURGICAL INC,0001035267-26-000003,2026-01-14,2026Q1,2,EX99_PRESS_RELEASE,True,WARN_MULTI,1968,0.9111,,
1035267,INTUITIVE SURGICAL INC,0001035267-26-000006,2026-01-22,2026Q1,2,EX99_PRESS_RELEASE,True,WARN_MULTI,4413,0.6211,,
1038357,PIONEER NATURAL RESOURCES CO,0001038357-15-000064,2015-08-04,2015Q3,2,EX99_PRESS_RELEASE,True,WARN_MULTI,8354,0.6517,,
1038357,PIONEER NATURAL RESOURCES CO,0001038357-15-000080,2015-11-03,2015Q4,2,EX99_PRESS_RELEASE,True,WARN_MULTI,7527,0.5885,,
1038357,PIONEER NATURAL RESOURCES CO,0001038357-16-000096,2016-02-10,2016Q1,3,EX99_PRESS_RELEASE,True,WARN_MULTI,7202,0.5989,,
1038357,PIONEER NATURAL RESOURCES CO,0001038357-16-000126,2016-04-26,2016Q2,2,EX99_PRESS_RELEASE,True,WARN_MULTI,6074,0.556,,
1038357,PIONEER NATURAL RESOURCES CO,0001038357-16-000152,2016-07-28,2016Q3,2,EX99_PRESS_RELEASE,True,WARN_MULTI,6289,0.5448,,
1038357,PIONEER NATURAL RESOURCES CO,0001038357-16-000169,2016-11-01,2016Q4,2,EX99_PRESS_RELEASE,True,WARN_MULTI,6720,0.5448,,
1038357,PIONEER NATURAL RESOURCES CO,0001038357-17-000007,2017-02-07,2017Q1,2,EX99_PRESS_RELEASE,True,WARN_MULTI,8047,0.5697,,
1038357,PIONEER NATURAL RESOURCES CO,0001038357-17-000039,2017-05-03,2017Q2,2,EX99_PRESS_RELEASE,True,WARN_MULTI,7128,0.6073,,
1038357,PIONEER NATURAL RESOURCES CO,0001038357-17-000063,2017-08-01,2017Q3,2,EX99_PRESS_RELEASE,True,WARN_MULTI,6961,0.6281,,
1038357,PIONEER NATURAL RESOURCES CO,0001038357-17-000073,2017-10-12,2017Q4,3,EX99_PRESS_RELEASE,True,WARN_MULTI,1452,0.6928,,
1038357,PIONEER NATURAL RESOURCES CO,0001038357-17-000080,2017-11-01,2017Q4,3,EX99_PRESS_RELEASE,True,WARN_MULTI,6509,0.5631,,
1038357,PIONEER NATURAL RESOURCES CO,0001038357-18-000010,2018-02-06,2018Q1,3,EX99_PRESS_RELEASE,True,WARN_MULTI,8183,0.5789,,
1038357,PIONEER NATURAL RESOURCES CO,0001038357-18-000030,2018-05-02,2018Q2,2,EX99_PRESS_RELEASE,True,WARN_MULTI,5763,0.5993,,
1038357,PIONEER NATURAL RESOURCES CO,0001038357-18-000055,2018-08-07,2018Q3,3,EX99_PRESS_RELEASE,True,WARN_MULTI,6195,0.5688,,
1038357,PIONEER NATURAL RESOURCES CO,0001038357-18-000072,2018-11-06,2018Q4,2,EX99_PRESS_RELEASE,True,WARN_MULTI,5702,0.5289,,
1038357,PIONEER NATURAL RESOURCES CO,0001038357-19-000006,2019-02-13,2019Q1,2,EX99_PRESS_RELEASE,True,WARN_MULTI,6695,0.4862,,
1038357,PIONEER NATURAL RESOURCES CO,0001038357-19-000025,2019-05-06,2019Q2,2,EX99_PRESS_RELEASE,True,WARN_MULTI,5291,0.525,,
1038357,PIONEER NATURAL RESOURCES CO,0001038357-19-000043,2019-08-06,2019Q3,2,EX99_PRESS_RELEASE,True,WARN_MULTI,5306,0.4879,,
1038357,PIONEER NATURAL RESOURCES CO,0001038357-19-000059,2019-11-04,2019Q4,2,EX99_PRESS_RELEASE,True,WARN_MULTI,5522,0.5377,,
1038357,PIONEER NATURAL RESOURCES CO,0001038357-20-000007,2020-02-19,2020Q1,2,EX99_PRESS_RELEASE,True,WARN_MULTI,6324,0.4445,,
1038357,PIONEER NATURAL RESOURCES CO,0001038357-20-000028,2020-05-06,2020Q2,3,EX99_PRESS_RELEASE,True,WARN_MULTI,4875,0.5325,,
1038357,PIONEER NATURAL RESOURCES CO,0001038357-20-000047,2020-08-04,2020Q3,2,EX99_PRESS_RELEASE,True,WARN_MULTI,5308,0.5038,,
1038357,PIONEER NATURAL RESOURCES CO,0001193125-20-285688,2020-11-04,2020Q4,2,EX99_PRESS_RELEASE,True,WARN_MULTI,6353,0.0449,,
1038357,PIONEER NATURAL RESOURCES CO,0001038357-21-000009,2021-02-23,2021Q1,2,EX99_PRESS_RELEASE,True,WARN_MULTI,7117,0.5456,,
1038357,PIONEER NATURAL RESOURCES CO,0001038357-21-000029,2021-05-04,2021Q2,2,EX99_PRESS_RELEASE,True,WARN_MULTI,5538,0.5507,,
1038357,PIONEER NATURAL RESOURCES CO,0001038357-21-000050,2021-08-02,2021Q3,2,EX99_PRESS_RELEASE,True,WARN_MULTI,6203,0.3271,,
1038357,PIONEER NATURAL RESOURCES CO,0001038357-21-000065,2021-11-03,2021Q4,2,EX99_PRESS_RELEASE,True,WARN_MULTI,6578,0.3568,,
1038357,PIONEER NATURAL RESOURCES CO,0001038357-22-000026,2022-02-16,2022Q1,3,EX99_PRESS_RELEASE,True,WARN_MULTI,7144,0.3938,,
1038357,PIONEER NATURAL RESOURCES CO,0001038357-22-000072,2022-05-04,2022Q2,2,EX99_PRESS_RELEASE,True,WARN_MULTI,5073,0.6024,,
1038357,PIONEER NATURAL RESOURCES CO,0001038357-22-000116,2022-08-02,2022Q3,2,EX99_PRESS_RELEASE,True,WARN_MULTI,5638,0.5685,,
1038357,PIONEER NATURAL RESOURCES CO,0001038357-22-000133,2022-10-27,2022Q4,2,EX99_PRESS_RELEASE,True,WARN_MULTI,5773,0.5645,,
1038357,PIONEER NATURAL RESOURCES CO,0001038357-23-000026,2023-02-22,2023Q1,2,EX99_PRESS_RELEASE,True,WARN_MULTI,6916,0.5481,,
1038357,PIONEER NATURAL RESOURCES CO,0001038357-23-000059,2023-04-26,2023Q2,2,EX99_PRESS_RELEASE,True,WARN_MULTI,5335,0.5741,,
1038357,PIONEER NATURAL RESOURCES CO,0001038357-23-000083,2023-08-01,2023Q3,2,EX99_PRESS_RELEASE,True,WARN_MULTI,5689,0.5929,,
1038357,PIONEER NATURAL RESOURCES CO,0001038357-24-000019,2024-02-22,2024Q1,2,EX99_PRESS_RELEASE,True,WARN_MULTI,5917,0.4926,,
1039684,ONEOK INC /NEW/,0001193125-17-027652,2017-02-01,2017Q1,2,EX99_PRESS_RELEASE,True,WARN_MULTI,4403,0.0461,,
1039684,ONEOK INC /NEW/,0001039684-17-000012,2017-02-27,2017Q1,2,EX99_PRESS_RELEASE,True,WARN_MULTI,8520,0.3223,,
1045810,NVIDIA CORP,0001045810-19-000007,2019-02-14,2019Q1,2,EX99_PRESS_RELEASE,True,WARN_MULTI,3016,0.4012,,
1045810,NVIDIA CORP,0001045810-22-000133,2022-08-08,2022Q3,2,EX99_PRESS_RELEASE,True,WARN_MULTI,1566,0.5798,,
1045810,NVIDIA CORP,0001045810-22-000136,2022-08-24,2022Q3,2,EX99_PRESS_RELEASE,True,WARN_MULTI,3485,0.3225,,
1047862,CONSOLIDATED EDISON INC,0001047862-21-000028,2021-01-21,2021Q1,2,EX99_PRESS_RELEASE,True,WARN_MULTI,897,0.922,,
1047862,CONSOLIDATED EDISON INC,0001047862-21-000051,2021-02-18,2021Q1,2,EX99_PRESS_RELEASE,True,WARN_MULTI,3422,0.5745,,
1051470,CROWN CASTLE INC.,0001051470-21-000122,2021-04-21,2021Q2,2,EX99_PRESS_RELEASE,True,WARN_MULTI,9511,0.4207,,
1051470,CROWN CASTLE INC.,0001051470-26-000003,2026-01-12,2026Q1,2,EX99_PRESS_RELEASE,True,WARN_MULTI,519,0.7938,,
1051470,CROWN CASTLE INC.,0001051470-26-000008,2026-02-04,2026Q1,2,EX99_PRESS_RELEASE,True,WARN_MULTI,9639,0.3816,,
1051470,CROWN CASTLE INC.,0001051470-26-000046,2026-04-22,2026Q2,2,EX99_PRESS_RELEASE,True,WARN_MULTI,8996,0.3736,,
1051470,CROWN CASTLE INC.,0001051470-26-000052,2026-05-01,2026Q2,2,EX99_PRESS_RELEASE,True,WARN_MULTI,5719,0.4593,,
1058290,COGNIZANT TECHNOLOGY SOLUTIONS CORP,0001058290-20-000020,2020-04-09,2020Q2,2,EX99_PRESS_RELEASE,True,WARN_MULTI,2004,0.7685,,
1058290,COGNIZANT TECHNOLOGY SOLUTIONS CORP,0001058290-20-000029,2020-05-07,2020Q2,2,EX99_PRESS_RELEASE,True,WARN_MULTI,3810,0.5328,,
1058290,COGNIZANT TECHNOLOGY SOLUTIONS CORP,0001058290-23-000008,2023-01-12,2023Q1,2,EX99_PRESS_RELEASE,True,WARN_MULTI,2401,0.8684,,
1058290,COGNIZANT TECHNOLOGY SOLUTIONS CORP,0001058290-23-000019,2023-02-02,2023Q1,2,EX99_PRESS_RELEASE,True,WARN_MULTI,4306,0.5386,,
1065088,EBAY INC,0001065088-24-000033,2024-02-27,2024Q1,2,EX99_PRESS_RELEASE,True,WARN_MULTI,5858,0.4684,,
1075531,Booking Holdings Inc.,0001075531-16-000116,2016-11-07,2016Q4,2,EX99_PRESS_RELEASE,True,WARN_MULTI,4866,0.193,,
1090012,DEVON ENERGY CORP/DE,0001193125-16-755373,2016-11-01,2016Q4,2,EX99_PRESS_RELEASE,True,WARN_MULTI,5558,0.023,,
1090012,DEVON ENERGY CORP/DE,0001193125-18-299756,2018-10-16,2018Q4,2,EX99_PRESS_RELEASE,True,WARN_MULTI,670,0.0597,,
1090012,DEVON ENERGY CORP/DE,0001193125-18-319585,2018-11-06,2018Q4,2,EX99_PRESS_RELEASE,True,WARN_MULTI,5337,0.0075,,
1099219,METLIFE INC,0001193125-15-366295,2015-11-04,2015Q4,2,EX99_PRESS_RELEASE,True,WARN_MULTI,7648,0.0214,,
1099219,METLIFE INC,0001193125-16-670266,2016-08-03,2016Q3,2,EX99_PRESS_RELEASE,True,WARN_MULTI,8140,0.03,,
1099219,METLIFE INC,0001193125-16-757271,2016-11-02,2016Q4,4,EX99_PRESS_RELEASE,True,WARN_MULTI,8427,0.0494,,
1099219,METLIFE INC,0001193125-17-027624,2017-02-01,2017Q1,2,EX99_PRESS_RELEASE,True,WARN_MULTI,10277,0.0121,,
1099219,METLIFE INC,0001193125-17-245833,2017-08-02,2017Q3,2,EX99_PRESS_RELEASE,True,WARN_MULTI,9757,0.0377,,
1099219,METLIFE INC,0001193125-17-329468,2017-11-01,2017Q4,2,EX99_PRESS_RELEASE,True,WARN_MULTI,10162,0.0238,,
1099219,METLIFE INC,0001193125-18-042752,2018-02-13,2018Q1,2,EX99_PRESS_RELEASE,True,WARN_MULTI,11180,0.0145,,
1099219,METLIFE INC,0000937834-18-000032,2018-08-01,2018Q3,2,EX99_PRESS_RELEASE,True,WARN_MULTI,10232,0.3429,,
1099219,METLIFE INC,0000937834-18-000045,2018-11-01,2018Q4,2,EX99_PRESS_RELEASE,True,WARN_MULTI,10574,0.3356,,
1099219,METLIFE INC,0001099219-19-000004,2019-02-06,2019Q1,2,EX99_PRESS_RELEASE,True,WARN_MULTI,11640,0.3468,,
1099219,METLIFE INC,0001099219-19-000023,2019-05-01,2019Q2,2,EX99_PRESS_RELEASE,True,WARN_MULTI,8942,0.3281,,
1099219,METLIFE INC,0001099219-19-000133,2019-07-31,2019Q3,2,EX99_PRESS_RELEASE,True,WARN_MULTI,9267,0.3352,,
1099219,METLIFE INC,0001099219-19-000220,2019-10-30,2019Q4,2,EX99_PRESS_RELEASE,True,WARN_MULTI,9577,0.3197,,
1099219,METLIFE INC,0001099219-20-000050,2020-02-05,2020Q1,2,EX99_PRESS_RELEASE,True,WARN_MULTI,11434,0.3054,,
1099219,METLIFE INC,0001099219-20-000200,2020-05-06,2020Q2,2,EX99_PRESS_RELEASE,True,WARN_MULTI,10272,0.3383,,
1099219,METLIFE INC,0001099219-20-000285,2020-08-05,2020Q3,2,EX99_PRESS_RELEASE,True,WARN_MULTI,10056,0.3441,,
1099219,METLIFE INC,0001099219-20-000355,2020-11-04,2020Q4,2,EX99_PRESS_RELEASE,True,WARN_MULTI,9846,0.3402,,
1099219,METLIFE INC,0001099219-21-000036,2021-02-03,2021Q1,2,EX99_PRESS_RELEASE,True,WARN_MULTI,11197,0.2714,,
1099219,METLIFE INC,0001099219-21-000173,2021-05-05,2021Q2,2,EX99_PRESS_RELEASE,True,WARN_MULTI,9687,0.3296,,
1099219,METLIFE INC,0001099219-21-000268,2021-08-04,2021Q3,2,EX99_PRESS_RELEASE,True,WARN_MULTI,9586,0.3331,,
1099219,METLIFE INC,0001099219-21-000330,2021-11-03,2021Q4,2,EX99_PRESS_RELEASE,True,WARN_MULTI,9688,0.2988,,
1099219,METLIFE INC,0001099219-22-000003,2022-02-02,2022Q1,2,EX99_PRESS_RELEASE,True,WARN_MULTI,11487,0.299,,
1099219,METLIFE INC,0001099219-22-000106,2022-05-04,2022Q2,2,EX99_PRESS_RELEASE,True,WARN_MULTI,9346,0.3132,,
1099219,METLIFE INC,0001099219-22-000112,2022-08-03,2022Q3,2,EX99_PRESS_RELEASE,True,WARN_MULTI,9575,0.3151,,
1099219,METLIFE INC,0001099219-22-000172,2022-11-02,2022Q4,2,EX99_PRESS_RELEASE,True,WARN_MULTI,9863,0.3312,,
1099219,METLIFE INC,0001099219-23-000039,2023-02-01,2023Q1,2,EX99_PRESS_RELEASE,True,WARN_MULTI,11112,0.3113,,
1099590,MERCADOLIBRE INC,0001171843-18-007491,2018-11-02,2018Q4,2,EX99_PRESS_RELEASE,True,WARN_MULTI,4288,0.2577,,
1099590,MERCADOLIBRE INC,0001171843-22-005321,2022-08-03,2022Q3,2,EX99_PRESS_RELEASE,True,WARN_MULTI,5917,0.6355,,
1099590,MERCADOLIBRE INC,0001562762-22-000324,2022-08-03,2022Q3,2,EX99_PRESS_RELEASE,True,WARN_MULTI,5944,0.5861,,
1103982,"Mondelez International, Inc.",0001193125-15-269412,2015-07-30,2015Q3,2,EX99_PRESS_RELEASE,True,WARN_MULTI,10644,0.0616,,
1105705,"WARNER MEDIA, LLC",0000950157-16-002366,2016-10-24,2016Q4,2,EX99_PRESS_RELEASE,True,WARN_MULTI,2749,0.7454,,
1105705,"WARNER MEDIA, LLC",0001193125-16-756162,2016-11-02,2016Q4,2,EX99_PRESS_RELEASE,True,WARN_MULTI,7568,0.1148,,
1108524,"Salesforce, Inc.",0001108524-18-000032,2018-05-29,2018Q2,2,EX99_PRESS_RELEASE,True,WARN_MULTI,7409,0.3698,,
1110803,"ILLUMINA, INC.",0001110803-15-000133,2015-07-21,2015Q3,2,EX99_PRESS_RELEASE,True,WARN_MULTI,3562,0.2824,,
1110803,"ILLUMINA, INC.",0001110803-15-000146,2015-10-05,2015Q4,2,EX99_PRESS_RELEASE,True,WARN_MULTI,803,0.8941,,
1110803,"ILLUMINA, INC.",0001110803-15-000153,2015-10-20,2015Q4,2,EX99_PRESS_RELEASE,True,WARN_MULTI,4001,0.2934,,
1110803,"ILLUMINA, INC.",0001110803-16-000170,2016-02-02,2016Q1,2,EX99_PRESS_RELEASE,True,WARN_MULTI,4472,0.2869,,
1110803,"ILLUMINA, INC.",0001110803-16-000183,2016-04-18,2016Q2,2,EX99_PRESS_RELEASE,True,WARN_MULTI,794,0.8186,,
1110803,"ILLUMINA, INC.",0001110803-16-000185,2016-05-03,2016Q2,2,EX99_PRESS_RELEASE,True,WARN_MULTI,3287,0.321,,
1110803,"ILLUMINA, INC.",0001110803-16-000194,2016-07-26,2016Q3,2,EX99_PRESS_RELEASE,True,WARN_MULTI,3861,0.2919,,
1110803,"ILLUMINA, INC.",0001110803-16-000207,2016-10-11,2016Q4,2,EX99_PRESS_RELEASE,True,WARN_MULTI,693,0.8874,,
1110803,"ILLUMINA, INC.",0001110803-16-000211,2016-11-01,2016Q4,2,EX99_PRESS_RELEASE,True,WARN_MULTI,4192,0.3027,,
1110803,"ILLUMINA, INC.",0001110803-17-000003,2017-01-11,2017Q1,2,EX99_PRESS_RELEASE,True,WARN_MULTI,8006,0.8715,,
1110803,"ILLUMINA, INC.",0001110803-17-000008,2017-01-31,2017Q1,2,EX99_PRESS_RELEASE,True,WARN_MULTI,4715,0.2865,,
1110803,"ILLUMINA, INC.",0001110803-18-000003,2018-01-11,2018Q1,2,EX99_PRESS_RELEASE,True,WARN_MULTI,8524,0.9015,,
1110803,"ILLUMINA, INC.",0001110803-18-000005,2018-01-30,2018Q1,2,EX99_PRESS_RELEASE,True,WARN_MULTI,4662,0.2559,,
1110803,"ILLUMINA, INC.",0001110803-19-000006,2019-01-29,2019Q1,2,EX99_PRESS_RELEASE,True,WARN_MULTI,4205,0.2571,,
1110803,"ILLUMINA, INC.",0001110803-19-000035,2019-07-11,2019Q3,2,EX99_PRESS_RELEASE,True,WARN_MULTI,1008,0.6756,,
1110803,"ILLUMINA, INC.",0001110803-19-000037,2019-07-29,2019Q3,2,EX99_PRESS_RELEASE,True,WARN_MULTI,3634,0.4188,,
1110803,"ILLUMINA, INC.",0001110803-20-000011,2020-01-29,2020Q1,2,EX99_PRESS_RELEASE,True,WARN_MULTI,3867,0.4125,,
1110803,"ILLUMINA, INC.",0001110803-20-000026,2020-04-14,2020Q2,2,EX99_PRESS_RELEASE,True,WARN_MULTI,818,0.7445,,
1110803,"ILLUMINA, INC.",0001110803-20-000030,2020-04-30,2020Q2,2,EX99_PRESS_RELEASE,True,WARN_MULTI,2897,0.4294,,
1110803,"ILLUMINA, INC.",0001110803-21-000003,2021-01-12,2021Q1,2,EX99_PRESS_RELEASE,True,WARN_MULTI,7853,0.1346,,
1110803,"ILLUMINA, INC.",0001110803-21-000012,2021-02-11,2021Q1,2,EX99_PRESS_RELEASE,True,WARN_MULTI,4173,0.4143,,
1110803,"ILLUMINA, INC.",0001110803-21-000022,2021-04-05,2021Q2,2,EX99_PRESS_RELEASE,True,WARN_MULTI,837,0.724,,
1110803,"ILLUMINA, INC.",0001110803-21-000028,2021-04-27,2021Q2,2,EX99_PRESS_RELEASE,True,WARN_MULTI,3492,0.4542,,
1110803,"ILLUMINA, INC.",0001110803-22-000007,2022-02-10,2022Q1,2,EX99_PRESS_RELEASE,True,WARN_MULTI,5805,0.373,,
1110803,"ILLUMINA, INC.",0001110803-23-000017,2023-02-07,2023Q1,2,EX99_PRESS_RELEASE,True,WARN_MULTI,7427,0.3505,,
1110803,"ILLUMINA, INC.",0001110803-24-000002,2024-01-09,2024Q1,2,EX99_PRESS_RELEASE,True,WARN_MULTI,1686,0.6222,,
1110803,"ILLUMINA, INC.",0001110803-24-000007,2024-02-08,2024Q1,2,EX99_PRESS_RELEASE,True,WARN_MULTI,7250,0.3501,,
1110803,"ILLUMINA, INC.",0001110803-25-000009,2025-01-14,2025Q1,2,EX99_PRESS_RELEASE,True,WARN_MULTI,1903,0.6316,,
1110803,"ILLUMINA, INC.",0001110803-25-000014,2025-02-06,2025Q1,2,EX99_PRESS_RELEASE,True,WARN_MULTI,6481,0.2182,,
1110803,"ILLUMINA, INC.",0001110803-26-000009,2026-01-13,2026Q1,2,EX99_PRESS_RELEASE,True,WARN_MULTI,1931,0.6572,,
1110803,"ILLUMINA, INC.",0001110803-26-000018,2026-02-05,2026Q1,2,EX99_PRESS_RELEASE,True,WARN_MULTI,5246,0.3414,,
1122304,AETNA INC /PA/,0001122304-16-000184,2016-02-01,2016Q1,2,EX99_PRESS_RELEASE,True,WARN_MULTI,7163,0.4575,,
1123360,GLOBAL PAYMENTS INC,0001123360-15-000035,2015-10-07,2015Q4,2,EX99_PRESS_RELEASE,True,WARN_MULTI,4372,0.2756,,
1123360,GLOBAL PAYMENTS INC,0001193125-15-403794,2015-12-15,2015Q4,2,EX99_PRESS_RELEASE,True,WARN_MULTI,2864,0.0604,,
1123360,GLOBAL PAYMENTS INC,0001123360-20-000005,2020-02-12,2020Q1,2,EX99_PRESS_RELEASE,True,WARN_MULTI,5881,0.4169,,
1123360,GLOBAL PAYMENTS INC,0001123360-20-000011,2020-04-06,2020Q2,2,EX99_PRESS_RELEASE,True,WARN_MULTI,1925,0.8364,,
1123360,GLOBAL PAYMENTS INC,0001123360-20-000018,2020-05-06,2020Q2,2,EX99_PRESS_RELEASE,True,WARN_MULTI,4162,0.4935,,
1123360,GLOBAL PAYMENTS INC,0001104659-25-035771,2025-04-17,2025Q2,2,EX99_PRESS_RELEASE,True,WARN_MULTI,3170,0.0,,
1123360,GLOBAL PAYMENTS INC,0001123360-25-000028,2025-05-06,2025Q2,2,EX99_PRESS_RELEASE,True,WARN_MULTI,5097,0.5725,,
1136893,"Fidelity National Information Services, Inc.",0001136893-16-000065,2016-05-03,2016Q2,2,EX99_PRESS_RELEASE,True,WARN_MULTI,5016,0.3098,,
1136893,"Fidelity National Information Services, Inc.",0001136893-16-000074,2016-05-10,2016Q2,2,EX99_PRESS_RELEASE,True,WARN_MULTI,12818,0.9806,,
1136893,"Fidelity National Information Services, Inc.",0001136893-18-000019,2018-05-01,2018Q2,2,EX99_PRESS_RELEASE,True,WARN_MULTI,4803,0.4287,,
1136893,"Fidelity National Information Services, Inc.",0001136893-18-000025,2018-05-08,2018Q2,2,EX99_PRESS_RELEASE,True,WARN_MULTI,8369,0.9769,,
1136893,"Fidelity National Information Services, Inc.",0001136893-20-000086,2020-04-13,2020Q2,2,EX99_PRESS_RELEASE,True,WARN_MULTI,2479,0.7471,,
1136893,"Fidelity National Information Services, Inc.",0001136893-20-000105,2020-05-07,2020Q2,2,EX99_PRESS_RELEASE,True,WARN_MULTI,5165,0.4908,,
1136893,"Fidelity National Information Services, Inc.",0001136893-22-000173,2022-10-19,2022Q4,2,EX99_PRESS_RELEASE,True,WARN_MULTI,947,1.0,,
1136893,"Fidelity National Information Services, Inc.",0001136893-22-000177,2022-11-03,2022Q4,2,EX99_PRESS_RELEASE,True,WARN_MULTI,5925,0.5112,,
1136893,"Fidelity National Information Services, Inc.",0001136893-24-000060,2024-05-06,2024Q2,2,EX99_PRESS_RELEASE,True,WARN_MULTI,7888,0.4435,,
1136893,"Fidelity National Information Services, Inc.",0001193125-25-083595,2025-04-17,2025Q2,2,EX99_PRESS_RELEASE,True,WARN_MULTI,2986,0.0,,
1136893,"Fidelity National Information Services, Inc.",0001136893-25-000053,2025-05-06,2025Q2,2,EX99_PRESS_RELEASE,True,WARN_MULTI,7289,0.4416,,
1136893,"Fidelity National Information Services, Inc.",0001136893-26-000009,2026-02-24,2026Q1,2,EX99_PRESS_RELEASE,True,WARN_MULTI,8583,0.4058,,
1137774,PRUDENTIAL FINANCIAL INC,0001137774-25-000021,2025-02-04,2025Q1,2,EX99_PRESS_RELEASE,True,WARN_MULTI,4757,0.5316,,
1137774,PRUDENTIAL FINANCIAL INC,0001137774-25-000104,2025-07-30,2025Q3,2,EX99_PRESS_RELEASE,True,WARN_MULTI,4672,0.5454,,
1137774,PRUDENTIAL FINANCIAL INC,0001137774-25-000174,2025-10-29,2025Q4,2,EX99_PRESS_RELEASE,True,WARN_MULTI,4465,0.5532,,
1137774,PRUDENTIAL FINANCIAL INC,0001137774-26-000012,2026-02-03,2026Q1,2,EX99_PRESS_RELEASE,True,WARN_MULTI,5059,0.576,,
1137774,PRUDENTIAL FINANCIAL INC,0001193125-26-166839,2026-04-21,2026Q2,3,EX99_PRESS_RELEASE,True,WARN_MULTI,1202,0.0,,
1137774,PRUDENTIAL FINANCIAL INC,0001137774-26-000093,2026-05-05,2026Q2,3,EX99_PRESS_RELEASE,True,WARN_MULTI,4633,0.5914,,
1137774,PRUDENTIAL FINANCIAL INC,0001137774-26-000170,2026-08-04,2026Q3,2,EX99_PRESS_RELEASE,True,WARN_MULTI,5089,0.6078,,
1137789,Seagate Technology Holdings plc,0001104659-15-050755,2015-07-13,2015Q3,2,EX99_PRESS_RELEASE,True,WARN_MULTI,1070,0.6963,,
1137789,Seagate Technology Holdings plc,0001104659-15-055040,2015-07-31,2015Q3,2,EX99_PRESS_RELEASE,True,WARN_MULTI,2856,0.6096,,
1137789,Seagate Technology Holdings plc,0001104659-15-070776,2015-10-15,2015Q4,2,EX99_PRESS_RELEASE,True,WARN_MULTI,1305,0.8506,,
1137789,Seagate Technology Holdings plc,0001104659-15-074350,2015-10-30,2015Q4,2,EX99_PRESS_RELEASE,True,WARN_MULTI,2181,0.5461,,
1137789,Seagate Technology Holdings plc,0001104659-16-111266,2016-04-13,2016Q2,2,EX99_PRESS_RELEASE,True,WARN_MULTI,1433,0.7865,,
1137789,Seagate Technology Holdings plc,0001104659-16-115593,2016-04-29,2016Q2,2,EX99_PRESS_RELEASE,True,WARN_MULTI,2427,0.5694,,
1137789,Seagate Technology Holdings plc,0001104659-16-131996,2016-07-11,2016Q3,2,EX99_PRESS_RELEASE,True,WARN_MULTI,1492,0.7768,,
1137789,Seagate Technology Holdings plc,0001104659-16-135908,2016-08-02,2016Q3,2,EX99_PRESS_RELEASE,True,WARN_MULTI,2506,0.5555,,
1137789,Seagate Technology Holdings plc,0001193125-16-734835,2016-10-11,2016Q4,2,EX99_PRESS_RELEASE,True,WARN_MULTI,1348,0.0,,
1137789,Seagate Technology Holdings plc,0001193125-16-741277,2016-10-19,2016Q4,2,EX99_PRESS_RELEASE,True,WARN_MULTI,2253,0.055,,
1137789,Seagate Technology Holdings plc,0001137789-18-000004,2018-01-08,2018Q1,3,EX99_PRESS_RELEASE,True,WARN_MULTI,1532,0.6658,,
1137789,Seagate Technology Holdings plc,0001137789-18-000009,2018-01-09,2018Q1,3,EX99_PRESS_RELEASE,True,WARN_MULTI,1529,0.6324,,
1137789,Seagate Technology Holdings plc,0001193125-18-022528,2018-01-29,2018Q1,3,EX99_PRESS_RELEASE,True,WARN_MULTI,2348,0.017,,
1137789,Seagate Technology Holdings plc,0001193125-23-106624,2023-04-19,2023Q2,2,EX99_PRESS_RELEASE,True,WARN_MULTI,897,0.1371,,
1137789,Seagate Technology Holdings plc,0001137789-23-000025,2023-04-20,2023Q2,2,EX99_PRESS_RELEASE,True,WARN_MULTI,4354,0.5161,,
1137789,Seagate Technology Holdings plc,0001137789-25-000148,2025-07-29,2025Q3,2,EX99_PRESS_RELEASE,True,WARN_MULTI,4595,0.4794,,
1141391,Mastercard Inc,0001141391-16-000204,2016-07-28,2016Q3,2,EX99_PRESS_RELEASE,True,WARN_MULTI,4730,0.2055,,
1156039,"Elevance Health, Inc.",0001193125-15-261907,2015-07-24,2015Q3,2,EX99_PRESS_RELEASE,True,WARN_MULTI,3109,0.0534,,
1156039,"Elevance Health, Inc.",0001193125-15-266931,2015-07-29,2015Q3,2,EX99_PRESS_RELEASE,True,WARN_MULTI,5555,0.0365,,
1156039,"Elevance Health, Inc.",0001193125-16-427226,2016-01-12,2016Q1,2,8K_BODY,True,WARN_MULTI,1361,0.0889,,
1156039,"Elevance Health, Inc.",0001193125-16-438986,2016-01-27,2016Q1,2,EX99_PRESS_RELEASE,True,WARN_MULTI,5789,0.0358,,
1156039,"Elevance Health, Inc.",0001193125-17-006246,2017-01-10,2017Q1,2,8K_BODY,True,WARN_MULTI,1237,0.0323,,
1156039,"Elevance Health, Inc.",0001193125-17-026526,2017-02-01,2017Q1,2,EX99_PRESS_RELEASE,True,WARN_MULTI,5659,0.0221,,
1156039,"Elevance Health, Inc.",0001156039-25-000051,2025-04-17,2025Q2,2,8K_BODY,True,WARN_MULTI,1053,0.9278,,
1156039,"Elevance Health, Inc.",0001156039-25-000056,2025-04-22,2025Q2,2,EX99_PRESS_RELEASE,True,WARN_MULTI,4494,0.439,,
1161154,"Energy Transfer Operating, L.P.",0001161154-16-000079,2016-10-31,2016Q4,2,EX99_PRESS_RELEASE,True,WARN_MULTI,715,0.8783,,
1161154,"Energy Transfer Operating, L.P.",0001161154-16-000082,2016-11-09,2016Q4,2,EX99_PRESS_RELEASE,True,WARN_MULTI,3731,0.5797,,
1163165,CONOCOPHILLIPS,0001157523-18-000186,2018-02-01,2018Q1,2,EX99_PRESS_RELEASE,True,WARN_MULTI,3778,0.6903,,
1166691,COMCAST CORP,0001104659-19-002843,2019-01-23,2019Q1,2,EX99_PRESS_RELEASE,True,WARN_MULTI,7687,0.5058,,
1297996,"DIGITAL REALTY TRUST, INC.",0001297996-15-000065,2015-07-30,2015Q3,2,EX99_PRESS_RELEASE,True,WARN_MULTI,24521,0.2404,,
1297996,"DIGITAL REALTY TRUST, INC.",0001297996-15-000069,2015-07-30,2015Q3,2,EX99_PRESS_RELEASE,True,WARN_MULTI,6800,0.9979,,
1297996,"DIGITAL REALTY TRUST, INC.",0001297996-15-000084,2015-10-29,2015Q4,2,EX99_PRESS_RELEASE,True,WARN_MULTI,24643,0.2325,,
1297996,"DIGITAL REALTY TRUST, INC.",0001297996-15-000086,2015-10-29,2015Q4,2,EX99_PRESS_RELEASE,True,WARN_MULTI,5105,0.998,,
1297996,"DIGITAL REALTY TRUST, INC.",0001297996-16-000119,2016-02-25,2016Q1,2,EX99_PRESS_RELEASE,True,WARN_MULTI,25319,0.2516,,
1297996,"DIGITAL REALTY TRUST, INC.",0001297996-16-000164,2016-04-28,2016Q2,2,EX99_PRESS_RELEASE,True,WARN_MULTI,24245,0.2396,,
1297996,"DIGITAL REALTY TRUST, INC.",0001297996-16-000201,2016-07-28,2016Q3,2,EX99_PRESS_RELEASE,True,WARN_MULTI,24588,0.238,,
1297996,"DIGITAL REALTY TRUST, INC.",0001297996-16-000264,2016-10-27,2016Q4,2,EX99_PRESS_RELEASE,True,WARN_MULTI,25346,0.2479,,
1297996,"DIGITAL REALTY TRUST, INC.",0001297996-18-000122,2018-07-26,2018Q3,2,EX99_PRESS_RELEASE,True,WARN_MULTI,19796,0.2474,,
1297996,"DIGITAL REALTY TRUST, INC.",0001297996-19-000144,2019-10-29,2019Q4,2,EX99_PRESS_RELEASE,True,WARN_MULTI,20370,0.2404,,
1318220,"Waste Connections, Inc.",0001558370-20-009659,2020-08-06,2020Q3,2,EX99_PRESS_RELEASE,True,WARN_MULTI,4989,0.4841,,
1341439,ORACLE CORP,0001564590-22-031466,2022-09-12,2022Q3,2,EX99_PRESS_RELEASE,True,WARN_MULTI,4082,0.4865,,
1358071,CONCHO RESOURCES INC,0001157523-19-001646,2019-07-31,2019Q3,2,EX99_PRESS_RELEASE,True,WARN_MULTI,5106,0.0247,,
1358071,CONCHO RESOURCES INC,0001358071-19-000019,2019-10-30,2019Q4,2,EX99_PRESS_RELEASE,True,WARN_MULTI,5335,0.3166,,
1358071,CONCHO RESOURCES INC,0001358071-20-000008,2020-02-18,2020Q1,2,EX99_PRESS_RELEASE,True,WARN_MULTI,6246,0.3021,,
1358071,CONCHO RESOURCES INC,0001358071-20-000028,2020-04-30,2020Q2,2,EX99_PRESS_RELEASE,True,WARN_MULTI,5278,0.3736,,
1358071,CONCHO RESOURCES INC,0001358071-20-000040,2020-07-29,2020Q3,2,EX99_PRESS_RELEASE,True,WARN_MULTI,5913,0.3562,,
1358071,CONCHO RESOURCES INC,0001358071-20-000058,2020-10-27,2020Q4,3,EX99_PRESS_RELEASE,True,WARN_MULTI,4451,0.3503,,
1373715,"ServiceNow, Inc.",0001157523-16-005153,2016-04-20,2016Q2,2,EX99_PRESS_RELEASE,True,WARN_MULTI,3940,0.0,,
1373715,"ServiceNow, Inc.",0001193125-19-271896,2019-10-23,2019Q4,2,EX99_PRESS_RELEASE,True,WARN_MULTI,2370,0.0523,,
1373715,"ServiceNow, Inc.",0001373715-19-000265,2019-10-23,2019Q4,2,EX99_PRESS_RELEASE,True,WARN_MULTI,5851,0.3234,,
1389170,Targa Resources Corp.,0001193125-16-455516,2016-02-09,2016Q1,2,EX99_PRESS_RELEASE,True,WARN_MULTI,1094,0.074,,
1389170,Targa Resources Corp.,0001193125-16-476903,2016-02-25,2016Q1,2,EX99_PRESS_RELEASE,True,WARN_MULTI,11710,0.0394,,
1389170,Targa Resources Corp.,0001193125-17-014623,2017-01-23,2017Q1,2,EX99_PRESS_RELEASE,True,WARN_MULTI,1265,0.0,,
1389170,Targa Resources Corp.,0001564590-17-001585,2017-02-15,2017Q1,2,EX99_PRESS_RELEASE,True,WARN_MULTI,10251,0.538,,
1389170,Targa Resources Corp.,0001564590-21-006487,2021-02-18,2021Q1,2,EX99_PRESS_RELEASE,True,WARN_MULTI,8662,0.5927,,
1390777,Bank of New York Mellon Corp,0001390777-16-000144,2016-01-21,2016Q1,2,EX99_PRESS_RELEASE,True,WARN_MULTI,14919,0.2058,,
1393612,Discover Financial Services,0001193125-24-180198,2024-07-17,2024Q3,2,EX99_PRESS_RELEASE,True,WARN_MULTI,894,0.0447,,
1393612,Discover Financial Services,0001393612-24-000042,2024-07-17,2024Q3,2,EX99_PRESS_RELEASE,True,WARN_MULTI,2676,0.8565,,
1393612,Discover Financial Services,0001393612-24-000055,2024-10-16,2024Q4,2,EX99_PRESS_RELEASE,True,WARN_MULTI,2523,0.849,,
1404912,KKR & Co. Inc.,0001140361-19-006520,2019-04-04,2019Q2,2,EX99_PRESS_RELEASE,True,WARN_MULTI,384,0.0,,
1404912,KKR & Co. Inc.,0001404912-19-000008,2019-04-30,2019Q2,2,EX99_PRESS_RELEASE,True,WARN_MULTI,8950,0.4427,,
1404912,KKR & Co. Inc.,0001404912-20-000009,2020-05-06,2020Q2,2,EX99_PRESS_RELEASE,True,WARN_MULTI,8822,0.4687,,
1418091,"TWITTER, INC.",0001564590-15-008670,2015-10-27,2015Q4,2,EX99_PRESS_RELEASE,True,WARN_MULTI,3480,0.4043,,
1467858,General Motors Co,0001467858-22-000091,2022-07-26,2022Q3,2,EX99_PRESS_RELEASE,True,WARN_MULTI,1772,1.0,,
1489393,LyondellBasell Industries N.V.,0001104659-20-046638,2020-04-15,2020Q2,2,EX99_PRESS_RELEASE,True,WARN_MULTI,1613,0.0,,
1489393,LyondellBasell Industries N.V.,0001489393-20-000027,2020-05-01,2020Q2,2,EX99_PRESS_RELEASE,True,WARN_MULTI,4396,0.4929,,
1510295,Marathon Petroleum Corp,0001510295-16-000095,2016-04-28,2016Q2,2,EX99_PRESS_RELEASE,True,WARN_MULTI,4424,0.5111,,
1510295,Marathon Petroleum Corp,0001510295-17-000038,2017-04-27,2017Q2,2,EX99_PRESS_RELEASE,True,WARN_MULTI,4352,0.5836,,
1510295,Marathon Petroleum Corp,0001510295-20-000062,2020-05-05,2020Q2,2,EX99_PRESS_RELEASE,True,WARN_MULTI,6222,0.4261,,
1510295,Marathon Petroleum Corp,0001510295-20-000102,2020-11-02,2020Q4,2,EX99_PRESS_RELEASE,True,WARN_MULTI,7754,0.3305,,
1510295,Marathon Petroleum Corp,0001510295-21-000019,2021-02-02,2021Q1,3,EX99_PRESS_RELEASE,True,WARN_MULTI,7723,0.4492,,
1510295,Marathon Petroleum Corp,0001510295-26-000039,2026-05-05,2026Q2,2,EX99_PRESS_RELEASE,True,WARN_MULTI,5461,0.4278,,
1534701,Phillips 66,0001534701-21-000103,2021-04-30,2021Q2,2,EX99_PRESS_RELEASE,True,WARN_MULTI,3944,0.6055,,
1535527,"CrowdStrike Holdings, Inc.",0001558370-19-006148,2019-07-18,2019Q3,2,EX99_PRESS_RELEASE,True,WARN_MULTI,3511,0.4084,,
1535527,"CrowdStrike Holdings, Inc.",0001558370-19-008509,2019-09-05,2019Q3,2,EX99_PRESS_RELEASE,True,WARN_MULTI,3921,0.3831,,
1535527,"CrowdStrike Holdings, Inc.",0001535527-25-000017,2025-06-03,2025Q2,2,EX99_PRESS_RELEASE,True,WARN_MULTI,6111,0.4165,,
1539838,"Diamondback Energy, Inc.",0001539838-16-000127,2016-02-17,2016Q1,2,EX99_PRESS_RELEASE,True,WARN_MULTI,3871,0.4578,,
1539838,"Diamondback Energy, Inc.",0001539838-21-000059,2021-04-16,2021Q2,2,EX99_PRESS_RELEASE,True,WARN_MULTI,1629,0.4506,,
1539838,"Diamondback Energy, Inc.",0001539838-21-000063,2021-05-04,2021Q2,2,EX99_PRESS_RELEASE,True,WARN_MULTI,5194,0.3668,,
1539838,"Diamondback Energy, Inc.",0001539838-22-000054,2022-05-02,2022Q2,2,EX99_PRESS_RELEASE,True,WARN_MULTI,6079,0.4925,,
1539838,"Diamondback Energy, Inc.",0001539838-23-000042,2023-05-01,2023Q2,2,EX99_PRESS_RELEASE,True,WARN_MULTI,5268,0.4508,,
1539838,"Diamondback Energy, Inc.",0001539838-23-000098,2023-07-31,2023Q3,2,EX99_PRESS_RELEASE,True,WARN_MULTI,5709,0.4637,,
1539838,"Diamondback Energy, Inc.",0001539838-23-000129,2023-11-06,2023Q4,2,EX99_PRESS_RELEASE,True,WARN_MULTI,5772,0.465,,
1539838,"Diamondback Energy, Inc.",0001539838-24-000013,2024-02-20,2024Q1,3,EX99_PRESS_RELEASE,True,WARN_MULTI,6422,0.4944,,
1539838,"Diamondback Energy, Inc.",0001539838-24-000088,2024-04-30,2024Q2,2,EX99_PRESS_RELEASE,True,WARN_MULTI,5384,0.4944,,
1539838,"Diamondback Energy, Inc.",0001539838-24-000147,2024-08-05,2024Q3,2,EX99_PRESS_RELEASE,True,WARN_MULTI,6061,0.4965,,
1539838,"Diamondback Energy, Inc.",0001539838-24-000188,2024-10-01,2024Q4,3,EX99_PRESS_RELEASE,True,WARN_MULTI,387,0.8475,,
1539838,"Diamondback Energy, Inc.",0001539838-24-000195,2024-11-04,2024Q4,3,EX99_PRESS_RELEASE,True,WARN_MULTI,5889,0.4741,,
1539838,"Diamondback Energy, Inc.",0001539838-25-000016,2025-02-24,2025Q1,2,EX99_PRESS_RELEASE,True,WARN_MULTI,6920,0.4887,,
1539838,"Diamondback Energy, Inc.",0001539838-25-000063,2025-05-05,2025Q2,2,EX99_PRESS_RELEASE,True,WARN_MULTI,5559,0.4855,,
1539838,"Diamondback Energy, Inc.",0001539838-25-000124,2025-08-04,2025Q3,2,EX99_PRESS_RELEASE,True,WARN_MULTI,6071,0.4711,,
1539838,"Diamondback Energy, Inc.",0001539838-25-000144,2025-11-03,2025Q4,2,EX99_PRESS_RELEASE,True,WARN_MULTI,6565,0.4369,,
1539838,"Diamondback Energy, Inc.",0001539838-26-000006,2026-02-23,2026Q1,2,EX99_PRESS_RELEASE,True,WARN_MULTI,7488,0.4292,,
1539838,"Diamondback Energy, Inc.",0001539838-26-000073,2026-05-04,2026Q2,2,EX99_PRESS_RELEASE,True,WARN_MULTI,6063,0.463,,
1539838,"Diamondback Energy, Inc.",0001539838-26-000137,2026-08-03,2026Q3,2,EX99_PRESS_RELEASE,True,WARN_MULTI,6266,0.4599,,
1543151,"Uber Technologies, Inc",0001543151-20-000005,2020-02-06,2020Q1,2,EX99_PRESS_RELEASE,True,WARN_MULTI,7183,0.4009,,
1543151,"Uber Technologies, Inc",0001543151-20-000020,2020-05-07,2020Q2,3,EX99_PRESS_RELEASE,True,WARN_MULTI,7290,0.5361,,
1543151,"Uber Technologies, Inc",0001543151-20-000027,2020-08-06,2020Q3,2,EX99_PRESS_RELEASE,True,WARN_MULTI,8417,0.5673,,
1543151,"Uber Technologies, Inc",0001628280-20-015770,2020-11-05,2020Q4,2,EX99_PRESS_RELEASE,True,WARN_MULTI,8634,0.5412,,
1543151,"Uber Technologies, Inc",0001552781-21-000198,2021-04-12,2021Q2,2,8K_BODY,True,WARN_MULTI,1037,0.0,,
1543151,"Uber Technologies, Inc",0001543151-21-000024,2021-05-05,2021Q2,2,EX99_PRESS_RELEASE,True,WARN_MULTI,8106,0.5141,,
1551152,AbbVie Inc.,0001551152-20-000019,2020-07-31,2020Q3,2,EX99_PRESS_RELEASE,True,WARN_MULTI,6947,0.5119,,
1551152,AbbVie Inc.,0001551152-22-000010,2022-04-29,2022Q2,3,EX99_PRESS_RELEASE,True,WARN_MULTI,4629,0.6047,,
1551152,AbbVie Inc.,0001551152-22-000012,2022-04-29,2022Q2,3,EX99_PRESS_RELEASE,True,WARN_MULTI,4559,0.5988,,
1551152,AbbVie Inc.,0001551152-22-000026,2022-07-29,2022Q3,2,EX99_PRESS_RELEASE,True,WARN_MULTI,5531,0.4968,,
1551152,AbbVie Inc.,0001551152-22-000038,2022-10-28,2022Q4,2,EX99_PRESS_RELEASE,True,WARN_MULTI,5280,0.4648,,
1551152,AbbVie Inc.,0001551152-23-000006,2023-02-09,2023Q1,2,EX99_PRESS_RELEASE,True,WARN_MULTI,5230,0.4621,,
1551152,AbbVie Inc.,0001551152-23-000019,2023-04-27,2023Q2,2,EX99_PRESS_RELEASE,True,WARN_MULTI,3536,0.489,,
1551152,AbbVie Inc.,0001551152-23-000028,2023-07-27,2023Q3,2,EX99_PRESS_RELEASE,True,WARN_MULTI,4894,0.4273,,
1551152,AbbVie Inc.,0001551152-23-000040,2023-10-27,2023Q4,2,EX99_PRESS_RELEASE,True,WARN_MULTI,5431,0.4693,,
1551152,AbbVie Inc.,0001551152-24-000007,2024-02-02,2024Q1,2,EX99_PRESS_RELEASE,True,WARN_MULTI,5513,0.4489,,
1551152,AbbVie Inc.,0001551152-24-000016,2024-04-26,2024Q2,2,EX99_PRESS_RELEASE,True,WARN_MULTI,4206,0.5247,,
1551152,AbbVie Inc.,0001551152-24-000026,2024-07-25,2024Q3,2,EX99_PRESS_RELEASE,True,WARN_MULTI,5137,0.4361,,
1551152,AbbVie Inc.,0001551152-24-000036,2024-10-30,2024Q4,2,EX99_PRESS_RELEASE,True,WARN_MULTI,5353,0.4455,,
1551152,AbbVie Inc.,0001551152-25-000011,2025-01-31,2025Q1,2,EX99_PRESS_RELEASE,True,WARN_MULTI,5141,0.3777,,
1551152,AbbVie Inc.,0001551152-25-000026,2025-04-25,2025Q2,2,EX99_PRESS_RELEASE,True,WARN_MULTI,3328,0.4375,,
1551152,AbbVie Inc.,0001551152-25-000036,2025-07-31,2025Q3,2,EX99_PRESS_RELEASE,True,WARN_MULTI,4625,0.3842,,
1551152,AbbVie Inc.,0001551152-25-000047,2025-10-31,2025Q4,2,EX99_PRESS_RELEASE,True,WARN_MULTI,5327,0.4425,,
1551152,AbbVie Inc.,0001551152-26-000004,2026-02-04,2026Q1,2,EX99_PRESS_RELEASE,True,WARN_MULTI,4766,0.3483,,
1551152,AbbVie Inc.,0001551152-26-000013,2026-04-29,2026Q2,2,EX99_PRESS_RELEASE,True,WARN_MULTI,3430,0.4808,,
1551152,AbbVie Inc.,0001551152-26-000023,2026-07-31,2026Q3,2,EX99_PRESS_RELEASE,True,WARN_MULTI,5312,0.4974,,
1551182,Eaton Corp plc,0001157523-15-003577,2015-10-30,2015Q4,2,EX99_PRESS_RELEASE,True,WARN_MULTI,2959,0.0,,
1551182,Eaton Corp plc,0001157523-17-002887,2017-10-31,2017Q4,2,EX99_PRESS_RELEASE,True,WARN_MULTI,2994,0.0,,
1551182,Eaton Corp plc,0001551182-20-000011,2020-01-27,2020Q1,2,EX99_PRESS_RELEASE,True,WARN_MULTI,564,0.7801,,
1551182,Eaton Corp plc,0001157523-20-000141,2020-02-04,2020Q1,2,EX99_PRESS_RELEASE,True,WARN_MULTI,4028,0.0601,,
1552000,MPLX LP,0001552000-16-000148,2016-04-28,2016Q2,2,EX99_PRESS_RELEASE,True,WARN_MULTI,5063,0.4975,,
1552000,MPLX LP,0001552000-17-000022,2017-04-27,2017Q2,2,EX99_PRESS_RELEASE,True,WARN_MULTI,5544,0.4854,,
1552000,MPLX LP,0001552000-26-000023,2026-05-05,2026Q2,2,EX99_PRESS_RELEASE,True,WARN_MULTI,5225,0.4335,,
1555280,Zoetis Inc.,0001555280-15-000208,2015-08-04,2015Q3,2,EX99_PRESS_RELEASE,True,WARN_MULTI,7491,0.3309,,
1564408,Snap Inc,0001564590-19-002000,2019-02-05,2019Q1,2,EX99_PRESS_RELEASE,True,WARN_MULTI,5690,0.2907,,
1564408,Snap Inc,0001564590-22-026167,2022-07-21,2022Q3,2,EX99_PRESS_RELEASE,True,WARN_MULTI,5633,0.2887,,
1564408,Snap Inc,0001564408-26-000024,2026-05-06,2026Q2,2,EX99_PRESS_RELEASE,True,WARN_MULTI,4426,0.3073,,
1571949,"Intercontinental Exchange, Inc.",0001104659-22-114211,2022-11-03,2022Q4,2,EX99_PRESS_RELEASE,True,WARN_MULTI,3764,0.0,,
1578845,Allergan plc,0001193125-16-669118,2016-08-03,2016Q3,3,EX99_PRESS_RELEASE,True,WARN_MULTI,998,0.0411,,
1578845,Allergan plc,0001144204-16-117011,2016-08-08,2016Q3,3,EX99_PRESS_RELEASE,True,WARN_MULTI,9863,0.1853,,
1578845,Allergan plc,0001144204-16-130932,2016-11-02,2016Q4,2,EX99_PRESS_RELEASE,True,WARN_MULTI,10553,0.2296,,
1578845,Allergan plc,0001144204-18-005850,2018-02-06,2018Q1,4,EX99_PRESS_RELEASE,True,WARN_MULTI,13239,0.1777,,
1578845,Allergan plc,0001144204-19-037749,2019-08-06,2019Q3,2,EX99_PRESS_RELEASE,True,WARN_MULTI,11027,0.1672,,
1578845,Allergan plc,0001104659-19-059814,2019-11-05,2019Q4,2,EX99_PRESS_RELEASE,True,WARN_MULTI,11104,0.1698,,
1596532,"Arista Networks, Inc.",0001596532-18-000166,2018-08-02,2018Q3,2,EX99_PRESS_RELEASE,True,WARN_MULTI,2737,0.3982,,
1596532,"Arista Networks, Inc.",0001596532-20-000019,2020-02-13,2020Q1,2,EX99_PRESS_RELEASE,True,WARN_MULTI,3276,0.3617,,
1613103,Medtronic plc,0001613103-17-000040,2017-11-08,2017Q4,2,EX99_PRESS_RELEASE,True,WARN_MULTI,1646,0.825,,
1613103,Medtronic plc,0001613103-17-000043,2017-11-21,2017Q4,2,EX99_PRESS_RELEASE,True,WARN_MULTI,6288,0.3796,,
1618921,"Walgreens Boots Alliance, Inc.",0001193125-17-110881,2017-04-05,2017Q2,2,EX99_PRESS_RELEASE,True,WARN_MULTI,6968,0.0238,,
1618921,"Walgreens Boots Alliance, Inc.",0001193125-17-217406,2017-06-29,2017Q2,2,EX99_PRESS_RELEASE,True,WARN_MULTI,6851,0.0353,,
1618921,"Walgreens Boots Alliance, Inc.",0001193125-18-002175,2018-01-04,2018Q1,2,EX99_PRESS_RELEASE,True,WARN_MULTI,5464,0.0227,,
1618921,"Walgreens Boots Alliance, Inc.",0001193125-18-098453,2018-03-28,2018Q1,2,EX99_PRESS_RELEASE,True,WARN_MULTI,7008,0.0415,,
1618921,"Walgreens Boots Alliance, Inc.",0001193125-18-297200,2018-10-11,2018Q4,2,EX99_PRESS_RELEASE,True,WARN_MULTI,6876,0.0118,,
1618921,"Walgreens Boots Alliance, Inc.",0001193125-18-353826,2018-12-20,2018Q4,2,EX99_PRESS_RELEASE,True,WARN_MULTI,5882,0.0207,,
1618921,"Walgreens Boots Alliance, Inc.",0001193125-19-095094,2019-04-02,2019Q2,2,EX99_PRESS_RELEASE,True,WARN_MULTI,7681,0.0322,,
1618921,"Walgreens Boots Alliance, Inc.",0001193125-19-183400,2019-06-27,2019Q2,2,EX99_PRESS_RELEASE,True,WARN_MULTI,7386,0.0334,,
1618921,"Walgreens Boots Alliance, Inc.",0001193125-21-003695,2021-01-07,2021Q1,3,EX99_PRESS_RELEASE,True,WARN_MULTI,7015,0.0298,,
1618921,"Walgreens Boots Alliance, Inc.",0001193125-21-101287,2021-03-31,2021Q1,3,EX99_PRESS_RELEASE,True,WARN_MULTI,9091,0.0179,,
1618921,"Walgreens Boots Alliance, Inc.",0001193125-22-003135,2022-01-06,2022Q1,2,EX99_PRESS_RELEASE,True,WARN_MULTI,6594,0.0064,,
1618921,"Walgreens Boots Alliance, Inc.",0001193125-22-090675,2022-03-31,2022Q1,2,EX99_PRESS_RELEASE,True,WARN_MULTI,8817,0.0047,,
1618921,"Walgreens Boots Alliance, Inc.",0001193125-23-001957,2023-01-05,2023Q1,2,EX99_PRESS_RELEASE,True,WARN_MULTI,7624,0.0,,
1618921,"Walgreens Boots Alliance, Inc.",0001193125-23-081355,2023-03-28,2023Q1,2,EX99_PRESS_RELEASE,True,WARN_MULTI,8906,0.0,,
1618921,"Walgreens Boots Alliance, Inc.",0001193125-24-001901,2024-01-04,2024Q1,2,EX99_PRESS_RELEASE,True,WARN_MULTI,6771,0.0062,,
1618921,"Walgreens Boots Alliance, Inc.",0001193125-24-079608,2024-03-28,2024Q1,2,EX99_PRESS_RELEASE,True,WARN_MULTI,9174,0.0088,,
1618921,"Walgreens Boots Alliance, Inc.",0001193125-25-075095,2025-04-08,2025Q2,2,EX99_PRESS_RELEASE,True,WARN_MULTI,9192,0.0088,,
1618921,"Walgreens Boots Alliance, Inc.",0001193125-25-147528,2025-06-26,2025Q2,2,EX99_PRESS_RELEASE,True,WARN_MULTI,9235,0.0044,,
1633917,"PayPal Holdings, Inc.",0001633917-16-000158,2016-04-27,2016Q2,2,EX99_PRESS_RELEASE,True,WARN_MULTI,7165,0.497,,
1633917,"PayPal Holdings, Inc.",0001633917-19-000115,2019-04-24,2019Q2,2,EX99_PRESS_RELEASE,True,WARN_MULTI,5569,0.4328,,
1633917,"PayPal Holdings, Inc.",0001633917-19-000168,2019-07-09,2019Q3,2,8K_BODY,True,WARN_MULTI,251,0.753,,
1633917,"PayPal Holdings, Inc.",0001633917-19-000178,2019-07-24,2019Q3,2,EX99_PRESS_RELEASE,True,WARN_MULTI,5720,0.428,,
1633917,"PayPal Holdings, Inc.",0001633917-19-000204,2019-10-08,2019Q4,2,8K_BODY,True,WARN_MULTI,272,0.3346,,
1633917,"PayPal Holdings, Inc.",0001633917-19-000208,2019-10-23,2019Q4,2,EX99_PRESS_RELEASE,True,WARN_MULTI,5695,0.4325,,
1633917,"PayPal Holdings, Inc.",0001633917-20-000021,2020-01-09,2020Q1,2,8K_BODY,True,WARN_MULTI,375,0.3947,,
1633917,"PayPal Holdings, Inc.",0001633917-20-000025,2020-01-29,2020Q1,2,EX99_PRESS_RELEASE,True,WARN_MULTI,6244,0.3879,,
1633917,"PayPal Holdings, Inc.",0001633917-20-000091,2020-05-06,2020Q2,2,EX99_PRESS_RELEASE,True,WARN_MULTI,8260,1.0,,
1637459,Kraft Heinz Co,0001637459-15-000046,2015-11-05,2015Q4,2,EX99_PRESS_RELEASE,True,WARN_MULTI,4698,0.5083,,
1637459,Kraft Heinz Co,0001637459-18-000013,2018-02-16,2018Q1,2,EX99_PRESS_RELEASE,True,WARN_MULTI,4991,0.3514,,
1637459,Kraft Heinz Co,0001637459-19-000050,2019-06-07,2019Q2,2,EX99_PRESS_RELEASE,True,WARN_MULTI,1500,0.9113,,
1637459,Kraft Heinz Co,0001637459-20-000052,2020-04-06,2020Q2,2,EX99_PRESS_RELEASE,True,WARN_MULTI,2124,0.8498,,
1637459,Kraft Heinz Co,0001637459-20-000058,2020-04-30,2020Q2,2,EX99_PRESS_RELEASE,True,WARN_MULTI,4661,0.6132,,
1645590,Hewlett Packard Enterprise Co,0001104659-16-102254,2016-03-03,2016Q1,2,EX99_PRESS_RELEASE,True,WARN_MULTI,6447,0.6536,,
1645590,Hewlett Packard Enterprise Co,0001628280-17-001647,2017-02-23,2017Q1,2,EX99_PRESS_RELEASE,True,WARN_MULTI,6809,0.6281,,
1645590,Hewlett Packard Enterprise Co,0001645590-18-000006,2018-02-22,2018Q1,2,EX99_PRESS_RELEASE,True,WARN_MULTI,9156,0.6476,,
1645590,Hewlett Packard Enterprise Co,0001645590-19-000008,2019-02-21,2019Q1,2,EX99_PRESS_RELEASE,True,WARN_MULTI,7976,0.6179,,
1645590,Hewlett Packard Enterprise Co,0001645590-20-000006,2020-03-03,2020Q1,2,EX99_PRESS_RELEASE,True,WARN_MULTI,6412,0.6168,,
1645590,Hewlett Packard Enterprise Co,0001645590-21-000013,2021-03-02,2021Q1,2,EX99_PRESS_RELEASE,True,WARN_MULTI,6833,0.6385,,
1645590,Hewlett Packard Enterprise Co,0001645590-23-000029,2023-03-02,2023Q1,2,EX99_PRESS_RELEASE,True,WARN_MULTI,7169,0.6082,,
1645590,Hewlett Packard Enterprise Co,0001645590-23-000079,2023-08-07,2023Q3,2,EX99_PRESS_RELEASE,True,WARN_MULTI,937,0.8709,,
1645590,Hewlett Packard Enterprise Co,0001645590-23-000082,2023-08-29,2023Q3,2,EX99_PRESS_RELEASE,True,WARN_MULTI,8004,0.5127,,
1645590,Hewlett Packard Enterprise Co,0001645590-24-000058,2024-02-29,2024Q1,2,EX99_PRESS_RELEASE,True,WARN_MULTI,6941,0.629,,
1645590,Hewlett Packard Enterprise Co,0001645590-25-000126,2025-12-04,2025Q4,2,EX99_PRESS_RELEASE,True,WARN_MULTI,8918,0.5525,,
1652044,Alphabet Inc.,0001652044-23-000041,2023-04-25,2023Q2,2,EX99_PRESS_RELEASE,True,WARN_MULTI,4002,0.4338,,
1666700,"DuPont de Nemours, Inc.",0001666700-17-000023,2017-11-02,2017Q4,2,EX99_PRESS_RELEASE,True,WARN_MULTI,11802,0.4994,,
1666700,"DuPont de Nemours, Inc.",0001666700-19-000016,2019-05-02,2019Q2,2,EX99_PRESS_RELEASE,True,WARN_MULTI,6080,0.5459,,
1666700,"DuPont de Nemours, Inc.",0001666700-20-000015,2020-05-05,2020Q2,2,EX99_PRESS_RELEASE,True,WARN_MULTI,8232,0.5888,,
1666700,"DuPont de Nemours, Inc.",0001666700-21-000002,2021-02-09,2021Q1,3,EX99_PRESS_RELEASE,True,WARN_MULTI,9283,0.4963,,
1666700,"DuPont de Nemours, Inc.",0001666700-24-000002,2024-01-24,2024Q1,2,EX99_PRESS_RELEASE,True,WARN_MULTI,3476,0.7463,,
1666700,"DuPont de Nemours, Inc.",0001666700-24-000005,2024-02-06,2024Q1,2,EX99_PRESS_RELEASE,True,WARN_MULTI,8549,0.4105,,
1682852,"Moderna, Inc.",0001193125-19-004268,2019-01-08,2019Q1,2,EX99_PRESS_RELEASE,True,WARN_MULTI,1916,0.0877,,
1682852,"Moderna, Inc.",0001682852-19-000004,2019-03-06,2019Q1,2,EX99_PRESS_RELEASE,True,WARN_MULTI,3283,0.565,,
1682852,"Moderna, Inc.",0001193125-21-055687,2021-02-25,2021Q1,2,EX99_PRESS_RELEASE,True,WARN_MULTI,5923,0.0206,,
1682852,"Moderna, Inc.",0001193125-21-114845,2021-04-13,2021Q2,2,EX99_PRESS_RELEASE,True,WARN_MULTI,2590,0.0162,,
1682852,"Moderna, Inc.",0001193125-21-152536,2021-05-06,2021Q2,2,EX99_PRESS_RELEASE,True,WARN_MULTI,6399,0.0255,,
1682852,"Moderna, Inc.",0001682852-22-000007,2022-01-10,2022Q1,3,EX99_PRESS_RELEASE,True,WARN_MULTI,3165,0.6528,,
1682852,"Moderna, Inc.",0001193125-22-051058,2022-02-24,2022Q1,3,EX99_PRESS_RELEASE,True,WARN_MULTI,6738,0.0248,,
1682852,"Moderna, Inc.",0001682852-23-000004,2023-01-09,2023Q1,2,EX99_PRESS_RELEASE,True,WARN_MULTI,2045,0.5741,,
1682852,"Moderna, Inc.",0001682852-23-000008,2023-02-23,2023Q1,2,EX99_PRESS_RELEASE,True,WARN_MULTI,3938,0.5592,,
1682852,"Moderna, Inc.",0001682852-24-000004,2024-01-08,2024Q1,2,EX99_PRESS_RELEASE,True,WARN_MULTI,1406,0.6174,,
1682852,"Moderna, Inc.",0001682852-24-000010,2024-02-22,2024Q1,2,EX99_PRESS_RELEASE,True,WARN_MULTI,3948,0.5385,,
1682852,"Moderna, Inc.",0001682852-25-000002,2025-01-13,2025Q1,2,EX99_PRESS_RELEASE,True,WARN_MULTI,1607,0.6241,,
1682852,"Moderna, Inc.",0001682852-25-000006,2025-02-14,2025Q1,2,EX99_PRESS_RELEASE,True,WARN_MULTI,3677,0.5284,,
1682852,"Moderna, Inc.",0001682852-26-000007,2026-01-12,2026Q1,2,EX99_PRESS_RELEASE,True,WARN_MULTI,1493,0.5606,,
1682852,"Moderna, Inc.",0001682852-26-000015,2026-02-13,2026Q1,2,EX99_PRESS_RELEASE,True,WARN_MULTI,2922,0.4514,,
1707925,LINDE PLC,0001654954-19-012701,2019-11-12,2019Q4,2,EX99_PRESS_RELEASE,True,WARN_MULTI,1493,0.0,,
1782754,AZEK Co Inc.,0001193125-21-037393,2021-02-11,2021Q1,2,EX99_PRESS_RELEASE,True,WARN_MULTI,5336,0.0469,,
1800,ABBOTT LABORATORIES,0001104659-17-003742,2017-01-24,2017Q1,3,EX99_PRESS_RELEASE,False,WARN_MULTI_NOSIG,234,0.4274,,
1800,ABBOTT LABORATORIES,0001104659-17-003925,2017-01-25,2017Q1,3,EX99_PRESS_RELEASE,False,WARN_MULTI_NOSIG,245,0.4041,,
1800,ABBOTT LABORATORIES,0001104659-17-023826,2017-04-18,2017Q2,2,EX99_PRESS_RELEASE,False,WARN_MULTI_NOSIG,288,0.3472,,
2488,ADVANCED MICRO DEVICES INC,0000002488-18-000043,2018-02-27,2018Q1,2,EX99_PRESS_RELEASE,False,WARN_MULTI_NOSIG,1279,0.1892,,
2969,"Air Products & Chemicals, Inc.",0000002969-17-000024,2017-06-05,2017Q2,2,EX99_PRESS_RELEASE,False,WARN_MULTI_NOSIG,56082,0.5406,,
4281,Howmet Aerospace Inc.,0001193125-15-251334,2015-07-13,2015Q3,2,EX99_PRESS_RELEASE,False,WARN_MULTI_NOSIG,12031,0.2566,,
4281,Howmet Aerospace Inc.,0001193125-16-430046,2016-01-14,2016Q1,2,EX99_PRESS_RELEASE,False,WARN_MULTI_NOSIG,13569,0.2103,,
4281,Howmet Aerospace Inc.,0001193125-16-541774,2016-04-15,2016Q2,2,EX99_PRESS_RELEASE,False,WARN_MULTI_NOSIG,9444,0.2902,,
4281,Howmet Aerospace Inc.,0001193125-16-792454,2016-12-14,2016Q4,2,EX99_PRESS_RELEASE,False,WARN_MULTI_NOSIG,761,0.4586,,
4281,Howmet Aerospace Inc.,0001104659-19-057340,2019-10-29,2019Q4,2,EX99_PRESS_RELEASE,False,WARN_MULTI_NOSIG,568,0.0,,
4281,Howmet Aerospace Inc.,0001157523-20-000509,2020-04-14,2020Q2,2,EX99_PRESS_RELEASE,False,WARN_MULTI_NOSIG,3678,0.0791,,
5272,"AMERICAN INTERNATIONAL GROUP, INC.",0001193125-16-446781,2016-02-02,2016Q1,3,EX99_PRESS_RELEASE,False,WARN_MULTI_NOSIG,13621,0.1907,,
10795,BECTON DICKINSON & CO,0001193125-18-031434,2018-02-05,2018Q1,2,EX99_PRESS_RELEASE,False,WARN_MULTI_NOSIG,4090,0.0,,
10795,BECTON DICKINSON & CO,0000010795-22-000031,2022-04-14,2022Q2,3,EX99_PRESS_RELEASE,False,WARN_MULTI_NOSIG,2892,0.0405,,
10795,BECTON DICKINSON & CO,0000010795-22-000042,2022-05-31,2022Q2,3,EX99_PRESS_RELEASE,False,WARN_MULTI_NOSIG,1093,0.0659,,
10795,BECTON DICKINSON & CO,0001628280-26-023185,2026-04-02,2026Q2,2,EX99_PRESS_RELEASE,False,WARN_MULTI_NOSIG,3156,0.2174,,
14272,BRISTOL MYERS SQUIBB CO,0001140361-22-014868,2022-04-18,2022Q2,2,EX99_PRESS_RELEASE,False,WARN_MULTI_NOSIG,2177,0.0377,,
24741,CORNING INC /NY,0001206774-24-000650,2024-07-08,2024Q3,2,EX99_PRESS_RELEASE,False,WARN_MULTI_NOSIG,1745,0.0,,
30554,"EIDP, Inc.",0001104659-15-069137,2015-10-05,2015Q4,2,EX99_PRESS_RELEASE,False,WARN_MULTI_NOSIG,1789,0.8211,,
31462,ECOLAB INC.,0000031462-16-000004,2016-03-23,2016Q1,3,EX99_PRESS_RELEASE,False,WARN_MULTI_NOSIG,578,0.4394,,
31462,ECOLAB INC.,0001558370-17-002531,2017-04-07,2017Q2,2,EX99_PRESS_RELEASE,False,WARN_MULTI_NOSIG,627,0.6061,,
31462,ECOLAB INC.,0001558370-18-003046,2018-04-18,2018Q2,2,EX99_PRESS_RELEASE,False,WARN_MULTI_NOSIG,681,0.351,,
31462,ECOLAB INC.,0001558370-19-003331,2019-04-26,2019Q2,2,EX99_PRESS_RELEASE,False,WARN_MULTI_NOSIG,252,0.3849,,
31462,ECOLAB INC.,0001558370-20-004073,2020-04-20,2020Q2,2,EX99_PRESS_RELEASE,False,WARN_MULTI_NOSIG,789,0.6312,,
31462,ECOLAB INC.,0001558370-20-004432,2020-04-28,2020Q2,2,EX99_PRESS_RELEASE,False,WARN_MULTI_NOSIG,6442,0.5601,,
31462,ECOLAB INC.,0001558370-20-008370,2020-07-24,2020Q3,2,EX99_PRESS_RELEASE,False,WARN_MULTI_NOSIG,585,0.3726,,
31462,ECOLAB INC.,0001558370-20-008479,2020-07-28,2020Q3,2,EX99_PRESS_RELEASE,False,WARN_MULTI_NOSIG,6742,0.4528,,
31462,ECOLAB INC.,0001558370-21-001022,2021-02-16,2021Q1,2,EX99_PRESS_RELEASE,False,WARN_MULTI_NOSIG,6860,0.4704,,
31462,ECOLAB INC.,0001558370-21-003685,2021-03-30,2021Q1,2,EX99_PRESS_RELEASE,False,WARN_MULTI_NOSIG,530,0.517,,
31462,ECOLAB INC.,0001558370-22-000335,2022-01-20,2022Q1,3,EX99_PRESS_RELEASE,False,WARN_MULTI_NOSIG,2243,0.852,,
31462,ECOLAB INC.,0001558370-22-001159,2022-02-15,2022Q1,3,EX99_PRESS_RELEASE,False,WARN_MULTI_NOSIG,6461,0.4801,,
31462,ECOLAB INC.,0001558370-22-004741,2022-03-30,2022Q1,3,EX99_PRESS_RELEASE,False,WARN_MULTI_NOSIG,540,0.5074,,
31462,ECOLAB INC.,0001558370-23-005492,2023-04-05,2023Q2,2,EX99_PRESS_RELEASE,False,WARN_MULTI_NOSIG,540,0.5074,,
31462,ECOLAB INC.,0001558370-23-007574,2023-05-02,2023Q2,2,EX99_PRESS_RELEASE,False,WARN_MULTI_NOSIG,5060,0.4208,,
31462,ECOLAB INC.,0001558370-24-001019,2024-02-13,2024Q1,2,EX99_PRESS_RELEASE,False,WARN_MULTI_NOSIG,6043,0.3738,,
31462,ECOLAB INC.,0001558370-24-003421,2024-03-15,2024Q1,2,EX99_PRESS_RELEASE,False,WARN_MULTI_NOSIG,604,0.5629,,
31462,ECOLAB INC.,0001558370-25-000782,2025-02-11,2025Q1,2,EX99_PRESS_RELEASE,False,WARN_MULTI_NOSIG,6282,0.4502,,
31462,ECOLAB INC.,0001558370-25-004009,2025-03-28,2025Q1,2,EX99_PRESS_RELEASE,False,WARN_MULTI_NOSIG,749,0.3979,,
31462,ECOLAB INC.,0001104659-26-012358,2026-02-10,2026Q1,3,EX99_PRESS_RELEASE,False,WARN_MULTI_NOSIG,6490,0.4692,,
31462,ECOLAB INC.,0001104659-26-035705,2026-03-27,2026Q1,3,EX99_PRESS_RELEASE,False,WARN_MULTI_NOSIG,733,0.4065,,
32604,EMERSON ELECTRIC CO,0000032604-16-000113,2016-12-19,2016Q4,2,EX99_PRESS_RELEASE,False,WARN_MULTI_NOSIG,1386,0.0368,,
32604,EMERSON ELECTRIC CO,0000032604-17-000040,2017-10-23,2017Q4,2,EX99_PRESS_RELEASE,False,WARN_MULTI_NOSIG,940,0.6309,,
32604,EMERSON ELECTRIC CO,0000032604-19-000022,2019-07-29,2019Q3,2,8K_BODY,False,WARN_MULTI_NOSIG,959,0.658,,
32604,EMERSON ELECTRIC CO,0000950103-21-015731,2021-10-12,2021Q4,2,8K_BODY,False,WARN_MULTI_NOSIG,2062,0.0,,
32604,EMERSON ELECTRIC CO,0000032604-22-000045,2022-11-29,2022Q4,2,EX99_PRESS_RELEASE,False,WARN_MULTI_NOSIG,1047,0.0,,
32604,EMERSON ELECTRIC CO,0000032604-23-000027,2023-04-06,2023Q2,3,EX99_PRESS_RELEASE,False,WARN_MULTI_NOSIG,2988,0.1416,,
32604,EMERSON ELECTRIC CO,0000950103-23-005624,2023-04-12,2023Q2,3,8K_BODY,False,WARN_MULTI_NOSIG,1730,0.0,,
32604,EMERSON ELECTRIC CO,0000032604-25-000094,2025-11-20,2025Q4,2,EX99_PRESS_RELEASE,False,WARN_MULTI_NOSIG,3109,0.0,,
33213,EQT Corp,0001104659-20-003265,2020-01-13,2020Q1,2,EX99_PRESS_RELEASE,False,WARN_MULTI_NOSIG,2180,0.0,,
33213,EQT Corp,0001104659-20-049972,2020-04-23,2020Q2,2,EX99_PRESS_RELEASE,False,WARN_MULTI_NOSIG,2182,0.0,,
33213,EQT Corp,0001104659-22-078814,2022-07-11,2022Q3,2,8K_BODY,False,WARN_MULTI_NOSIG,278,0.0,,
33213,EQT Corp,0001104659-22-107727,2022-10-11,2022Q4,2,8K_BODY,False,WARN_MULTI_NOSIG,247,0.0,,
33213,EQT Corp,0000033213-23-000002,2023-01-24,2023Q1,2,8K_BODY,False,WARN_MULTI_NOSIG,280,0.5571,,
33213,EQT Corp,0000033213-23-000010,2023-04-13,2023Q2,2,8K_BODY,False,WARN_MULTI_NOSIG,244,0.5287,,
33213,EQT Corp,0000033213-23-000019,2023-07-13,2023Q3,2,8K_BODY,False,WARN_MULTI_NOSIG,358,0.7626,,
33213,EQT Corp,0000033213-23-000031,2023-10-12,2023Q4,2,8K_BODY,False,WARN_MULTI_NOSIG,376,0.7367,,
33213,EQT Corp,0001104659-24-004320,2024-01-17,2024Q1,2,EX99_PRESS_RELEASE,False,WARN_MULTI_NOSIG,2275,0.0,,
33213,EQT Corp,0000033213-24-000011,2024-04-11,2024Q2,2,8K_BODY,False,WARN_MULTI_NOSIG,301,0.4485,,
33213,EQT Corp,0000033213-24-000023,2024-07-11,2024Q3,2,8K_BODY,False,WARN_MULTI_NOSIG,301,0.4485,,
33213,EQT Corp,0000033213-24-000035,2024-10-17,2024Q4,2,8K_BODY,False,WARN_MULTI_NOSIG,301,0.4485,,
33213,EQT Corp,0000033213-25-000002,2025-01-30,2025Q1,2,8K_BODY,False,WARN_MULTI_NOSIG,301,0.4485,,
33213,EQT Corp,0000033213-25-000014,2025-04-10,2025Q2,2,8K_BODY,False,WARN_MULTI_NOSIG,302,0.447,,
33213,EQT Corp,0000033213-25-000026,2025-07-10,2025Q3,2,8K_BODY,False,WARN_MULTI_NOSIG,302,0.447,,
33213,EQT Corp,0000033213-25-000040,2025-10-14,2025Q4,2,8K_BODY,False,WARN_MULTI_NOSIG,302,0.447,,
33213,EQT Corp,0000033213-26-000005,2026-01-29,2026Q1,2,8K_BODY,False,WARN_MULTI_NOSIG,302,0.447,,
33213,EQT Corp,0000033213-26-000022,2026-04-14,2026Q2,2,8K_BODY,False,WARN_MULTI_NOSIG,302,0.447,,
33213,EQT Corp,0000033213-26-000035,2026-07-14,2026Q3,2,8K_BODY,False,WARN_MULTI_NOSIG,302,0.447,,
34088,EXXON MOBIL CORP,0001193125-16-496516,2016-03-08,2016Q1,3,EX99_PRESS_RELEASE,False,WARN_MULTI_NOSIG,21009,0.2296,,
37996,FORD MOTOR CO,0000037996-18-000006,2018-01-16,2018Q1,2,EX99_PRESS_RELEASE,False,WARN_MULTI_NOSIG,2191,0.0,,
37996,FORD MOTOR CO,0000037996-18-000008,2018-01-24,2018Q1,2,EX99_PRESS_RELEASE,False,WARN_MULTI_NOSIG,3205,0.0,,
37996,FORD MOTOR CO,0000037996-20-000031,2020-04-13,2020Q2,2,EX99_PRESS_RELEASE,False,WARN_MULTI_NOSIG,1394,1.0,,
37996,FORD MOTOR CO,0000037996-20-000039,2020-04-28,2020Q2,2,EX99_PRESS_RELEASE,False,WARN_MULTI_NOSIG,6962,1.0,,
49071,HUMANA INC,0000049071-15-000072,2015-07-06,2015Q3,2,8K_BODY,False,WARN_MULTI_NOSIG,505,0.6911,,
49071,HUMANA INC,0000049071-16-000113,2016-01-08,2016Q1,2,8K_BODY,False,WARN_MULTI_NOSIG,535,0.5495,,
49071,HUMANA INC,0000049071-24-000005,2024-01-18,2024Q1,2,8K_BODY,False,WARN_MULTI_NOSIG,1466,0.472,,
51143,INTERNATIONAL BUSINESS MACHINES CORP,0001104659-15-052063,2015-07-21,2015Q3,2,8K_BODY,False,WARN_MULTI_NOSIG,4938,0.8475,,
51143,INTERNATIONAL BUSINESS MACHINES CORP,0001104659-15-071586,2015-10-20,2015Q4,2,8K_BODY,False,WARN_MULTI_NOSIG,5607,0.8259,,
51143,INTERNATIONAL BUSINESS MACHINES CORP,0001104659-16-090528,2016-01-20,2016Q1,3,8K_BODY,False,WARN_MULTI_NOSIG,5447,0.8753,,
51143,INTERNATIONAL BUSINESS MACHINES CORP,0001104659-16-090677,2016-01-20,2016Q1,3,8K_BODY,False,WARN_MULTI_NOSIG,614,0.8371,,
51143,INTERNATIONAL BUSINESS MACHINES CORP,0001104659-16-112501,2016-04-19,2016Q2,2,8K_BODY,False,WARN_MULTI_NOSIG,6735,0.8949,,
51143,INTERNATIONAL BUSINESS MACHINES CORP,0001558370-21-017039,2021-12-27,2021Q4,2,EX99_PRESS_RELEASE,False,WARN_MULTI_NOSIG,2880,0.9924,,
51143,INTERNATIONAL BUSINESS MACHINES CORP,0000051143-26-000070,2026-07-14,2026Q3,2,EX99_PRESS_RELEASE,False,WARN_MULTI_NOSIG,1682,0.4703,,
59478,ELI LILLY & Co,0000059478-18-000295,2018-12-19,2018Q4,2,EX99_PRESS_RELEASE,False,WARN_MULTI_NOSIG,2642,1.0,,
59478,ELI LILLY & Co,0000059478-21-000213,2021-10-26,2021Q4,2,EX99_PRESS_RELEASE,False,WARN_MULTI_NOSIG,7284,0.5373,,
59478,ELI LILLY & Co,0001193125-21-357380,2021-12-15,2021Q4,2,EX99_PRESS_RELEASE,False,WARN_MULTI_NOSIG,3367,0.0244,,
59478,ELI LILLY & Co,0000059478-22-000117,2022-04-14,2022Q2,2,8K_BODY,False,WARN_MULTI_NOSIG,512,0.7988,,
64040,S&P Global Inc.,0000064040-20-000084,2020-03-26,2020Q1,2,EX99_PRESS_RELEASE,False,WARN_MULTI_NOSIG,700,0.0,,
64040,S&P Global Inc.,0000064040-22-000059,2022-02-28,2022Q1,2,EX99_PRESS_RELEASE,False,WARN_MULTI_NOSIG,11819,0.1104,,
64803,CVS HEALTH Corp,0000064803-15-000066,2015-12-16,2015Q4,2,EX99_PRESS_RELEASE,False,WARN_MULTI_NOSIG,1490,0.8201,,
64803,CVS HEALTH Corp,0001193125-18-002185,2018-01-04,2018Q1,2,EX99_PRESS_RELEASE,False,WARN_MULTI_NOSIG,2984,0.1401,,
64803,CVS HEALTH Corp,0000064803-22-000002,2022-01-11,2022Q1,2,8K_BODY,False,WARN_MULTI_NOSIG,1607,0.7654,,
64803,CVS HEALTH Corp,0000064803-23-000003,2023-01-09,2023Q1,2,8K_BODY,False,WARN_MULTI_NOSIG,1544,0.9339,,
66740,3M CO,0001558370-16-004144,2016-03-15,2016Q1,2,EX99_PRESS_RELEASE,False,WARN_MULTI_NOSIG,1210,0.4041,,
66740,3M CO,0001558370-17-001519,2017-03-09,2017Q1,2,EX99_PRESS_RELEASE,False,WARN_MULTI_NOSIG,1463,0.5195,,
66740,3M CO,0001558370-18-002122,2018-03-15,2018Q1,2,EX99_PRESS_RELEASE,False,WARN_MULTI_NOSIG,1893,0.4712,,
66740,3M CO,0001558370-19-001708,2019-03-08,2019Q1,2,EX99_PRESS_RELEASE,False,WARN_MULTI_NOSIG,1670,0.4509,,
66740,3M CO,0001558370-19-005388,2019-05-30,2019Q2,2,EX99_PRESS_RELEASE,False,WARN_MULTI_NOSIG,2104,0.3137,,
66740,3M CO,0000066740-22-000017,2022-02-11,2022Q1,2,EX99_PRESS_RELEASE,False,WARN_MULTI_NOSIG,1414,0.3784,,
70858,BANK OF AMERICA CORP /DE/,0000070858-24-000006,2024-01-08,2024Q1,2,8K_BODY,False,WARN_MULTI_NOSIG,665,0.7474,,
72741,EVERSOURCE ENERGY,0001104659-24-006305,2024-01-24,2024Q1,3,EX99_PRESS_RELEASE,False,WARN_MULTI_NOSIG,1296,0.0,,
72903,XCEL ENERGY INC,0000072903-18-000003,2018-01-11,2018Q1,2,8K_BODY,False,WARN_MULTI_NOSIG,1419,0.6688,,
72971,WELLS FARGO & COMPANY/MN,0000072971-16-000779,2016-01-15,2016Q1,2,EX99_PRESS_RELEASE,False,WARN_MULTI_NOSIG,19043,0.1892,,
72971,WELLS FARGO & COMPANY/MN,0000072971-16-000967,2016-02-03,2016Q1,2,8K_BODY,False,WARN_MULTI_NOSIG,450,0.7067,,
72971,WELLS FARGO & COMPANY/MN,0000072971-18-000280,2018-03-29,2018Q1,2,EX99_PRESS_RELEASE,False,WARN_MULTI_NOSIG,8701,0.1036,,
72971,WELLS FARGO & COMPANY/MN,0000072971-18-000299,2018-04-13,2018Q2,2,EX99_PRESS_RELEASE,False,WARN_MULTI_NOSIG,21460,0.2433,,
78003,PFIZER INC,0000078003-16-000072,2016-02-16,2016Q1,2,EX99_PRESS_RELEASE,False,WARN_MULTI_NOSIG,2675,0.391,,
78003,PFIZER INC,0000078003-22-000062,2022-04-20,2022Q2,2,8K_BODY,False,WARN_MULTI_NOSIG,823,0.8797,,
89800,SHERWIN WILLIAMS CO,0001193125-19-009366,2019-01-15,2019Q1,2,EX99_PRESS_RELEASE,False,WARN_MULTI_NOSIG,1616,0.0761,,
89800,SHERWIN WILLIAMS CO,0001193125-19-023138,2019-01-31,2019Q1,2,EX99_PRESS_RELEASE,False,WARN_MULTI_NOSIG,4266,0.0673,,
89800,SHERWIN WILLIAMS CO,0001193125-22-009295,2022-01-14,2022Q1,2,EX99_PRESS_RELEASE,False,WARN_MULTI_NOSIG,1763,0.0465,,
89800,SHERWIN WILLIAMS CO,0000089800-22-000003,2022-01-27,2022Q1,2,EX99_PRESS_RELEASE,False,WARN_MULTI_NOSIG,3485,0.4907,,
92122,SOUTHERN CO,0000092122-15-000061,2015-07-28,2015Q3,2,EX99_PRESS_RELEASE,False,WARN_MULTI_NOSIG,184,0.0,,
92122,SOUTHERN CO,0000092122-15-000100,2015-10-27,2015Q4,2,EX99_PRESS_RELEASE,False,WARN_MULTI_NOSIG,209,0.0,,
92122,SOUTHERN CO,0000092122-16-000119,2016-02-02,2016Q1,2,EX99_PRESS_RELEASE,False,WARN_MULTI_NOSIG,209,0.0,,
92122,SOUTHERN CO,0000092122-16-000138,2016-04-26,2016Q2,2,EX99_PRESS_RELEASE,False,WARN_MULTI_NOSIG,216,0.0,,
92122,SOUTHERN CO,0000092122-16-000172,2016-07-26,2016Q3,2,EX99_PRESS_RELEASE,False,WARN_MULTI_NOSIG,209,0.0,,
92122,SOUTHERN CO,0000092122-16-000208,2016-10-28,2016Q4,2,EX99_PRESS_RELEASE,False,WARN_MULTI_NOSIG,209,0.0,,
92122,SOUTHERN CO,0000092122-17-000019,2017-05-01,2017Q2,2,EX99_PRESS_RELEASE,False,WARN_MULTI_NOSIG,209,0.0,,
92122,SOUTHERN CO,0000092122-23-000095,2023-10-06,2023Q4,2,8K_BODY,False,WARN_MULTI_NOSIG,1740,0.8609,,
93410,CHEVRON CORP,0000093410-24-000002,2024-01-02,2024Q1,2,8K_BODY,False,WARN_MULTI_NOSIG,1297,0.9314,,
93410,CHEVRON CORP,0000093410-26-000108,2026-04-09,2026Q2,2,8K_BODY,False,WARN_MULTI_NOSIG,1700,0.8118,,
97476,TEXAS INSTRUMENTS INC,0001193125-18-219973,2018-07-18,2018Q3,2,8K_BODY,False,WARN_MULTI_NOSIG,215,0.0,,
97476,TEXAS INSTRUMENTS INC,0001564590-18-017305,2018-07-24,2018Q3,2,EX99_PRESS_RELEASE,False,WARN_MULTI_NOSIG,2528,0.2911,,
97745,THERMO FISHER SCIENTIFIC INC.,0000097745-21-000002,2021-01-11,2021Q1,2,8K_BODY,False,WARN_MULTI_NOSIG,629,0.6264,,
100885,UNION PACIFIC CORP,0000100885-19-000028,2019-01-09,2019Q1,2,8K_BODY,False,WARN_MULTI_NOSIG,354,0.1864,,
100885,UNION PACIFIC CORP,0000100885-21-000027,2021-01-08,2021Q1,2,EX99_PRESS_RELEASE,False,WARN_MULTI_NOSIG,306,0.634,,
106040,WESTERN DIGITAL CORP,0001193125-25-007725,2025-01-16,2025Q1,2,8K_BODY,False,WARN_MULTI_NOSIG,1030,0.7913,,
200406,JOHNSON & JOHNSON,0000200406-19-000063,2019-10-23,2019Q4,2,EX99_PRESS_RELEASE,False,WARN_MULTI_NOSIG,1890,0.4042,,
200406,JOHNSON & JOHNSON,0000200406-24-000048,2024-05-01,2024Q2,2,EX99_PRESS_RELEASE,False,WARN_MULTI_NOSIG,1660,0.3976,,
310158,"Merck & Co., Inc.",0001104659-22-047977,2022-04-21,2022Q2,2,EX99_PRESS_RELEASE,False,WARN_MULTI_NOSIG,2414,0.0,,
313616,DANAHER CORP /DE/,0001193125-16-427271,2016-01-12,2016Q1,2,EX99_PRESS_RELEASE,False,WARN_MULTI_NOSIG,704,0.0,,
313616,DANAHER CORP /DE/,0001193125-17-006335,2017-01-10,2017Q1,2,EX99_PRESS_RELEASE,False,WARN_MULTI_NOSIG,162,0.0,,
313616,DANAHER CORP /DE/,0000313616-18-000012,2018-01-09,2018Q1,2,EX99_PRESS_RELEASE,False,WARN_MULTI_NOSIG,786,0.916,,
313616,DANAHER CORP /DE/,0000313616-19-000004,2019-01-08,2019Q1,2,EX99_PRESS_RELEASE,False,WARN_MULTI_NOSIG,830,0.9229,,
313616,DANAHER CORP /DE/,0000313616-21-000004,2021-01-13,2021Q1,2,EX99_PRESS_RELEASE,False,WARN_MULTI_NOSIG,1380,0.85,,
313616,DANAHER CORP /DE/,0000313616-22-000003,2022-01-11,2022Q1,2,EX99_PRESS_RELEASE,False,WARN_MULTI_NOSIG,1304,0.8014,,
313616,DANAHER CORP /DE/,0000313616-23-000002,2023-01-09,2023Q1,2,EX99_PRESS_RELEASE,False,WARN_MULTI_NOSIG,1550,0.88,,
313616,DANAHER CORP /DE/,0000313616-23-000175,2023-05-11,2023Q2,2,8K_BODY,False,WARN_MULTI_NOSIG,730,0.3329,,
313616,DANAHER CORP /DE/,0000313616-24-000004,2024-01-08,2024Q1,2,EX99_PRESS_RELEASE,False,WARN_MULTI_NOSIG,1534,0.8266,,
313616,DANAHER CORP /DE/,0000313616-25-000002,2025-01-13,2025Q1,2,EX99_PRESS_RELEASE,False,WARN_MULTI_NOSIG,1300,0.8146,,
313616,DANAHER CORP /DE/,0000313616-26-000002,2026-01-12,2026Q1,2,EX99_PRESS_RELEASE,False,WARN_MULTI_NOSIG,1447,0.774,,
320187,"NIKE, Inc.",0000320187-15-000194,2015-09-29,2015Q3,2,EX99_PRESS_RELEASE,False,WARN_MULTI_NOSIG,8720,0.8882,,
320187,"NIKE, Inc.",0000320187-15-000231,2015-12-29,2015Q4,2,EX99_PRESS_RELEASE,False,WARN_MULTI_NOSIG,8876,0.9145,,
320187,"NIKE, Inc.",0000320187-16-000314,2016-07-05,2016Q3,3,EX99_PRESS_RELEASE,False,WARN_MULTI_NOSIG,9217,0.8843,,
320187,"NIKE, Inc.",0000320187-16-000376,2016-09-30,2016Q3,3,EX99_PRESS_RELEASE,False,WARN_MULTI_NOSIG,9052,0.8827,,
320187,"NIKE, Inc.",0000320187-16-000392,2016-12-23,2016Q4,2,EX99_PRESS_RELEASE,False,WARN_MULTI_NOSIG,9522,0.9169,,
320187,"NIKE, Inc.",0000320187-17-000022,2017-03-23,2017Q1,2,EX99_PRESS_RELEASE,False,WARN_MULTI_NOSIG,9711,0.9227,,
320187,"NIKE, Inc.",0000320187-17-000059,2017-07-05,2017Q3,3,EX99_PRESS_RELEASE,False,WARN_MULTI_NOSIG,9759,0.8806,,
320187,"NIKE, Inc.",0000320187-17-000180,2017-09-29,2017Q3,3,EX99_PRESS_RELEASE,False,WARN_MULTI_NOSIG,10729,0.9371,,
320187,"NIKE, Inc.",0000320187-17-000204,2017-12-27,2017Q4,2,EX99_PRESS_RELEASE,False,WARN_MULTI_NOSIG,9392,0.849,,
320187,"NIKE, Inc.",0000320187-18-000037,2018-03-27,2018Q1,2,EX99_PRESS_RELEASE,False,WARN_MULTI_NOSIG,8665,0.9002,,
320187,"NIKE, Inc.",0000320187-18-000065,2018-07-03,2018Q3,2,EX99_PRESS_RELEASE,False,WARN_MULTI_NOSIG,9066,0.7525,,
320193,Apple Inc.,0000320193-19-000002,2019-01-02,2019Q1,2,EX99_PRESS_RELEASE,False,WARN_MULTI_NOSIG,2224,0.7842,,
701221,Cigna Holding Co,0000950159-17-000004,2017-01-10,2017Q1,2,8K_BODY,False,WARN_MULTI_NOSIG,1388,0.8314,,
701221,Cigna Holding Co,0000950159-18-000018,2018-01-09,2018Q1,2,8K_BODY,False,WARN_MULTI_NOSIG,1264,0.7611,,
713676,"PNC FINANCIAL SERVICES GROUP, INC.",0001193125-15-253398,2015-07-15,2015Q3,3,EX99_PRESS_RELEASE,False,WARN_MULTI_NOSIG,15179,0.0191,,
713676,"PNC FINANCIAL SERVICES GROUP, INC.",0001193125-15-322113,2015-09-17,2015Q3,3,EX99_PRESS_RELEASE,False,WARN_MULTI_NOSIG,4097,0.0,,
713676,"PNC FINANCIAL SERVICES GROUP, INC.",0001193125-15-343684,2015-10-14,2015Q4,3,EX99_PRESS_RELEASE,False,WARN_MULTI_NOSIG,15260,0.019,,
713676,"PNC FINANCIAL SERVICES GROUP, INC.",0001193125-15-367608,2015-11-05,2015Q4,3,EX99_PRESS_RELEASE,False,WARN_MULTI_NOSIG,3625,0.1131,,
713676,"PNC FINANCIAL SERVICES GROUP, INC.",0001193125-16-430799,2016-01-15,2016Q1,2,EX99_PRESS_RELEASE,False,WARN_MULTI_NOSIG,14549,0.0199,,
713676,"PNC FINANCIAL SERVICES GROUP, INC.",0001193125-16-541135,2016-04-14,2016Q2,3,EX99_PRESS_RELEASE,False,WARN_MULTI_NOSIG,11847,0.0279,,
713676,"PNC FINANCIAL SERVICES GROUP, INC.",0001193125-16-649258,2016-07-15,2016Q3,3,EX99_PRESS_RELEASE,False,WARN_MULTI_NOSIG,12976,0.016,,
713676,"PNC FINANCIAL SERVICES GROUP, INC.",0001193125-16-738480,2016-10-14,2016Q4,3,EX99_PRESS_RELEASE,False,WARN_MULTI_NOSIG,13362,0.0218,,
713676,"PNC FINANCIAL SERVICES GROUP, INC.",0001193125-17-009658,2017-01-13,2017Q1,3,EX99_PRESS_RELEASE,False,WARN_MULTI_NOSIG,13062,0.022,,
713676,"PNC FINANCIAL SERVICES GROUP, INC.",0001193125-17-122738,2017-04-13,2017Q2,3,EX99_PRESS_RELEASE,False,WARN_MULTI_NOSIG,9759,0.0126,,
713676,"PNC FINANCIAL SERVICES GROUP, INC.",0001193125-17-136399,2017-04-25,2017Q2,3,EX99_PRESS_RELEASE,False,WARN_MULTI_NOSIG,2259,0.0903,,
713676,"PNC FINANCIAL SERVICES GROUP, INC.",0001193125-17-228257,2017-07-14,2017Q3,3,EX99_PRESS_RELEASE,False,WARN_MULTI_NOSIG,10416,0.0118,,
713676,"PNC FINANCIAL SERVICES GROUP, INC.",0001628280-17-009879,2017-10-13,2017Q4,3,EX99_PRESS_RELEASE,False,WARN_MULTI_NOSIG,10442,0.222,,
713676,"PNC FINANCIAL SERVICES GROUP, INC.",0000713676-18-000016,2018-01-12,2018Q1,2,EX99_PRESS_RELEASE,False,WARN_MULTI_NOSIG,10536,0.2341,,
713676,"PNC FINANCIAL SERVICES GROUP, INC.",0000713676-18-000041,2018-04-13,2018Q2,2,EX99_PRESS_RELEASE,False,WARN_MULTI_NOSIG,9815,0.263,,
713676,"PNC FINANCIAL SERVICES GROUP, INC.",0000713676-18-000059,2018-07-13,2018Q3,2,EX99_PRESS_RELEASE,False,WARN_MULTI_NOSIG,10648,0.2514,,
713676,"PNC FINANCIAL SERVICES GROUP, INC.",0000713676-18-000073,2018-10-12,2018Q4,3,EX99_PRESS_RELEASE,False,WARN_MULTI_NOSIG,10643,0.2506,,
713676,"PNC FINANCIAL SERVICES GROUP, INC.",0000713676-18-000084,2018-11-08,2018Q4,3,EX99_PRESS_RELEASE,False,WARN_MULTI_NOSIG,2679,0.9757,,
713676,"PNC FINANCIAL SERVICES GROUP, INC.",0000713676-19-000008,2019-01-16,2019Q1,3,EX99_PRESS_RELEASE,False,WARN_MULTI_NOSIG,10755,0.2536,,
713676,"PNC FINANCIAL SERVICES GROUP, INC.",0000713676-19-000027,2019-04-12,2019Q2,2,EX99_PRESS_RELEASE,False,WARN_MULTI_NOSIG,9423,0.2342,,
713676,"PNC FINANCIAL SERVICES GROUP, INC.",0000713676-19-000047,2019-07-17,2019Q3,2,EX99_PRESS_RELEASE,False,WARN_MULTI_NOSIG,10291,0.206,,
713676,"PNC FINANCIAL SERVICES GROUP, INC.",0000713676-19-000064,2019-10-16,2019Q4,3,EX99_PRESS_RELEASE,False,WARN_MULTI_NOSIG,10294,0.1995,,
713676,"PNC FINANCIAL SERVICES GROUP, INC.",0000713676-19-000081,2019-11-07,2019Q4,3,EX99_PRESS_RELEASE,False,WARN_MULTI_NOSIG,4287,0.9872,,
713676,"PNC FINANCIAL SERVICES GROUP, INC.",0000713676-20-000017,2020-01-15,2020Q1,2,EX99_PRESS_RELEASE,False,WARN_MULTI_NOSIG,10279,0.1992,,
713676,"PNC FINANCIAL SERVICES GROUP, INC.",0000713676-20-000070,2020-04-15,2020Q2,2,EX99_PRESS_RELEASE,False,WARN_MULTI_NOSIG,10305,0.2272,,
713676,"PNC FINANCIAL SERVICES GROUP, INC.",0000713676-20-000100,2020-07-15,2020Q3,2,EX99_PRESS_RELEASE,False,WARN_MULTI_NOSIG,11832,0.2189,,
713676,"PNC FINANCIAL SERVICES GROUP, INC.",0000713676-20-000135,2020-10-14,2020Q4,2,EX99_PRESS_RELEASE,False,WARN_MULTI_NOSIG,12034,0.2081,,
713676,"PNC FINANCIAL SERVICES GROUP, INC.",0000713676-21-000016,2021-01-15,2021Q1,2,EX99_PRESS_RELEASE,False,WARN_MULTI_NOSIG,11825,0.2313,,
713676,"PNC FINANCIAL SERVICES GROUP, INC.",0000713676-21-000039,2021-04-16,2021Q2,2,EX99_PRESS_RELEASE,False,WARN_MULTI_NOSIG,9908,0.1941,,
713676,"PNC FINANCIAL SERVICES GROUP, INC.",0000713676-21-000086,2021-07-14,2021Q3,2,EX99_PRESS_RELEASE,False,WARN_MULTI_NOSIG,8071,0.2049,,
713676,"PNC FINANCIAL SERVICES GROUP, INC.",0000713676-21-000112,2021-10-15,2021Q4,2,EX99_PRESS_RELEASE,False,WARN_MULTI_NOSIG,11233,0.2321,,
713676,"PNC FINANCIAL SERVICES GROUP, INC.",0000713676-22-000007,2022-01-18,2022Q1,2,EX99_PRESS_RELEASE,False,WARN_MULTI_NOSIG,10429,0.2199,,
713676,"PNC FINANCIAL SERVICES GROUP, INC.",0000713676-22-000033,2022-04-14,2022Q2,2,EX99_PRESS_RELEASE,False,WARN_MULTI_NOSIG,9056,0.2002,,
713676,"PNC FINANCIAL SERVICES GROUP, INC.",0000713676-22-000068,2022-07-15,2022Q3,2,EX99_PRESS_RELEASE,False,WARN_MULTI_NOSIG,9968,0.1868,,
713676,"PNC FINANCIAL SERVICES GROUP, INC.",0000713676-22-000094,2022-11-03,2022Q4,2,EX99_PRESS_RELEASE,False,WARN_MULTI_NOSIG,396,0.8207,,
713676,"PNC FINANCIAL SERVICES GROUP, INC.",0000713676-23-000082,2023-12-05,2023Q4,2,EX99_PRESS_RELEASE,False,WARN_MULTI_NOSIG,2571,0.9942,,
713676,"PNC FINANCIAL SERVICES GROUP, INC.",0000713676-24-000034,2024-03-05,2024Q1,2,EX99_PRESS_RELEASE,False,WARN_MULTI_NOSIG,4299,0.9891,,
713676,"PNC FINANCIAL SERVICES GROUP, INC.",0000713676-24-000084,2024-11-08,2024Q4,2,EX99_PRESS_RELEASE,False,WARN_MULTI_NOSIG,5226,0.9839,,
713676,"PNC FINANCIAL SERVICES GROUP, INC.",0000713676-25-000136,2025-11-07,2025Q4,2,EX99_PRESS_RELEASE,False,WARN_MULTI_NOSIG,3630,0.9882,,
715957,"DOMINION ENERGY, INC",0001564590-20-015128,2020-04-03,2020Q2,2,8K_BODY,False,WARN_MULTI_NOSIG,562,0.6352,,
726728,REALTY INCOME CORP,0001104659-21-002975,2021-01-11,2021Q1,2,8K_BODY,False,WARN_MULTI_NOSIG,1526,0.0,,
732717,AT&T INC.,0000732717-22-000004,2022-01-05,2022Q1,2,EX99_PRESS_RELEASE,False,WARN_MULTI_NOSIG,680,0.5456,,
753308,NEXTERA ENERGY INC,0000753308-26-000004,2026-01-02,2026Q1,2,8K_BODY,False,WARN_MULTI_NOSIG,1952,0.9447,,
764180,"ALTRIA GROUP, INC.",0000764180-20-000005,2020-01-30,2020Q1,2,EX99_PRESS_RELEASE,False,WARN_MULTI_NOSIG,10070,0.3425,,
764180,"ALTRIA GROUP, INC.",0000764180-20-000009,2020-01-30,2020Q1,2,EX99_PRESS_RELEASE,False,WARN_MULTI_NOSIG,35613,0.3646,,
766704,WELLTOWER INC.,0001193125-20-096052,2020-04-02,2020Q2,3,EX99_PRESS_RELEASE,False,WARN_MULTI_NOSIG,1427,0.0,,
766704,WELLTOWER INC.,0001193125-20-110825,2020-04-17,2020Q2,3,EX99_PRESS_RELEASE,False,WARN_MULTI_NOSIG,1161,0.0,,
766704,WELLTOWER INC.,0001193125-21-010767,2021-01-19,2021Q1,2,EX99_PRESS_RELEASE,False,WARN_MULTI_NOSIG,5825,0.2874,,
766704,WELLTOWER INC.,0001193125-22-146649,2022-05-11,2022Q2,5,EX99_PRESS_RELEASE,False,WARN_MULTI_NOSIG,7832,0.031,,
773840,HONEYWELL INTERNATIONAL INC,0000930413-16-008408,2016-10-06,2016Q4,2,EX99_PRESS_RELEASE,False,WARN_MULTI_NOSIG,2178,0.0,,
773840,HONEYWELL INTERNATIONAL INC,0000930413-17-004027,2017-12-12,2017Q4,3,EX99_PRESS_RELEASE,False,WARN_MULTI_NOSIG,2084,0.0,,
773840,HONEYWELL INTERNATIONAL INC,0000930413-18-003112,2018-10-19,2018Q4,2,EX99_PRESS_RELEASE,False,WARN_MULTI_NOSIG,868,0.0,,
773840,HONEYWELL INTERNATIONAL INC,0000773840-20-000041,2020-10-23,2020Q4,2,8K_BODY,False,WARN_MULTI_NOSIG,3528,0.9229,,
773840,HONEYWELL INTERNATIONAL INC,0000773840-23-000092,2023-12-11,2023Q4,3,EX99_PRESS_RELEASE,False,WARN_MULTI_NOSIG,2092,0.4388,,
773840,HONEYWELL INTERNATIONAL INC,0000773840-24-000075,2024-07-10,2024Q3,2,EX99_PRESS_RELEASE,False,WARN_MULTI_NOSIG,2651,0.5651,,
773840,HONEYWELL INTERNATIONAL INC,0000773840-25-000125,2025-12-22,2025Q4,2,EX99_PRESS_RELEASE,False,WARN_MULTI_NOSIG,2956,0.2629,,
790070,EMC CORP,0001193125-15-342168,2015-10-13,2015Q4,2,EX99_PRESS_RELEASE,False,WARN_MULTI_NOSIG,28279,0.3307,,
797468,OCCIDENTAL PETROLEUM CORP /DE/,0001193125-17-301637,2017-10-03,2017Q4,2,EX99_PRESS_RELEASE,False,WARN_MULTI_NOSIG,773,0.0,,
797468,OCCIDENTAL PETROLEUM CORP /DE/,0001140361-19-018395,2019-10-15,2019Q4,2,8K_BODY,False,WARN_MULTI_NOSIG,1307,0.065,,
797468,OCCIDENTAL PETROLEUM CORP /DE/,0001140361-20-002770,2020-02-11,2020Q1,2,8K_BODY,False,WARN_MULTI_NOSIG,1386,0.0592,,
797468,OCCIDENTAL PETROLEUM CORP /DE/,0000797468-23-000086,2023-10-10,2023Q4,2,EX99_PRESS_RELEASE,False,WARN_MULTI_NOSIG,1067,0.8519,,
797468,OCCIDENTAL PETROLEUM CORP /DE/,0000797468-24-000003,2024-01-10,2024Q1,2,EX99_PRESS_RELEASE,False,WARN_MULTI_NOSIG,1284,0.7617,,
797468,OCCIDENTAL PETROLEUM CORP /DE/,0000797468-24-000083,2024-04-10,2024Q2,2,EX99_PRESS_RELEASE,False,WARN_MULTI_NOSIG,1318,0.786,,
797468,OCCIDENTAL PETROLEUM CORP /DE/,0000797468-24-000121,2024-07-10,2024Q3,2,EX99_PRESS_RELEASE,False,WARN_MULTI_NOSIG,1149,0.8625,,
797468,OCCIDENTAL PETROLEUM CORP /DE/,0000797468-24-000158,2024-10-09,2024Q4,2,EX99_PRESS_RELEASE,False,WARN_MULTI_NOSIG,1152,0.8628,,
797468,OCCIDENTAL PETROLEUM CORP /DE/,0000797468-25-000003,2025-01-10,2025Q1,2,EX99_PRESS_RELEASE,False,WARN_MULTI_NOSIG,1143,0.8294,,
797468,OCCIDENTAL PETROLEUM CORP /DE/,0000797468-25-000067,2025-04-09,2025Q2,2,EX99_PRESS_RELEASE,False,WARN_MULTI_NOSIG,1157,0.8634,,
797468,OCCIDENTAL PETROLEUM CORP /DE/,0000797468-25-000101,2025-07-14,2025Q3,2,EX99_PRESS_RELEASE,False,WARN_MULTI_NOSIG,1258,0.8378,,
797468,OCCIDENTAL PETROLEUM CORP /DE/,0001628280-25-044718,2025-10-10,2025Q4,2,EX99_PRESS_RELEASE,False,WARN_MULTI_NOSIG,1170,0.865,,
797468,OCCIDENTAL PETROLEUM CORP /DE/,0001628280-26-002483,2026-01-20,2026Q1,2,EX99_PRESS_RELEASE,False,WARN_MULTI_NOSIG,1299,0.8522,,
797468,OCCIDENTAL PETROLEUM CORP /DE/,0001628280-26-024581,2026-04-10,2026Q2,2,EX99_PRESS_RELEASE,False,WARN_MULTI_NOSIG,1194,0.8677,,
797468,OCCIDENTAL PETROLEUM CORP /DE/,0001628280-26-047886,2026-07-10,2026Q3,2,EX99_PRESS_RELEASE,False,WARN_MULTI_NOSIG,1216,0.847,,
798354,FISERV INC,0000798354-19-000021,2019-10-03,2019Q4,2,EX99_PRESS_RELEASE,False,WARN_MULTI_NOSIG,5280,0.4345,,
798354,FISERV INC,0000798354-20-000009,2020-04-01,2020Q2,2,EX99_PRESS_RELEASE,False,WARN_MULTI_NOSIG,3389,0.3473,,
798354,FISERV INC,0001193125-23-277510,2023-11-15,2023Q4,2,EX99_PRESS_RELEASE,False,WARN_MULTI_NOSIG,1419,0.0,,
798354,FISERV INC,0001193125-24-077703,2024-03-26,2024Q1,2,EX99_PRESS_RELEASE,False,WARN_MULTI_NOSIG,3480,0.0,,
816284,CELGENE CORP /DE/,0001104659-16-089061,2016-01-11,2016Q1,2,EX99_PRESS_RELEASE,False,WARN_MULTI_NOSIG,2628,0.403,,
816284,CELGENE CORP /DE/,0001571049-17-000233,2017-01-09,2017Q1,2,EX99_PRESS_RELEASE,False,WARN_MULTI_NOSIG,3651,0.0,,
816284,CELGENE CORP /DE/,0001104659-18-001157,2018-01-08,2018Q1,2,EX99_PRESS_RELEASE,False,WARN_MULTI_NOSIG,3786,0.5631,,
816284,CELGENE CORP /DE/,0001104659-19-000985,2019-01-07,2019Q1,2,EX99_PRESS_RELEASE,False,WARN_MULTI_NOSIG,3137,0.5971,,
821189,EOG RESOURCES INC,0000821189-18-000003,2018-01-04,2018Q1,2,8K_BODY,False,WARN_MULTI_NOSIG,824,0.8228,,
821189,EOG RESOURCES INC,0000821189-25-000015,2025-04-10,2025Q2,2,8K_BODY,False,WARN_MULTI_NOSIG,1697,0.6223,,
821189,EOG RESOURCES INC,0000821189-25-000019,2025-05-01,2025Q2,2,EX99_PRESS_RELEASE,False,WARN_MULTI_NOSIG,6907,0.2347,,
821189,EOG RESOURCES INC,0000821189-25-000036,2025-07-09,2025Q3,2,8K_BODY,False,WARN_MULTI_NOSIG,1697,0.6223,,
821189,EOG RESOURCES INC,0000821189-25-000069,2025-08-07,2025Q3,2,EX99_PRESS_RELEASE,False,WARN_MULTI_NOSIG,7967,0.2611,,
821189,EOG RESOURCES INC,0000821189-25-000101,2025-10-08,2025Q4,2,8K_BODY,False,WARN_MULTI_NOSIG,1805,0.6438,,
821189,EOG RESOURCES INC,0000821189-25-000129,2025-11-06,2025Q4,2,EX99_PRESS_RELEASE,False,WARN_MULTI_NOSIG,8247,0.2538,,
821189,EOG RESOURCES INC,0000821189-26-000012,2026-01-12,2026Q1,2,8K_BODY,False,WARN_MULTI_NOSIG,1805,0.6438,,
821189,EOG RESOURCES INC,0000821189-26-000052,2026-02-24,2026Q1,2,EX99_PRESS_RELEASE,False,WARN_MULTI_NOSIG,11620,0.2241,,
821189,EOG RESOURCES INC,0000821189-26-000078,2026-04-09,2026Q2,2,8K_BODY,False,WARN_MULTI_NOSIG,737,0.4763,,
821189,EOG RESOURCES INC,0000821189-26-000102,2026-05-05,2026Q2,2,EX99_PRESS_RELEASE,False,WARN_MULTI_NOSIG,8492,0.2757,,
821189,EOG RESOURCES INC,0000821189-26-000140,2026-07-09,2026Q3,2,8K_BODY,False,WARN_MULTI_NOSIG,583,0.4871,,
821189,EOG RESOURCES INC,0000821189-26-000147,2026-08-04,2026Q3,2,EX99_PRESS_RELEASE,False,WARN_MULTI_NOSIG,8657,0.2659,,
829224,STARBUCKS CORP,0000829224-20-000031,2020-04-08,2020Q2,2,EX99_PRESS_RELEASE,False,WARN_MULTI_NOSIG,2997,0.5419,,
831001,CITIGROUP INC,0001104659-16-110864,2016-04-12,2016Q2,2,EX99_PRESS_RELEASE,False,WARN_MULTI_NOSIG,57962,0.0667,,
831001,CITIGROUP INC,0001104659-17-022014,2017-04-06,2017Q2,2,EX99_PRESS_RELEASE,False,WARN_MULTI_NOSIG,54173,0.096,,
831001,CITIGROUP INC,0001104659-18-022998,2018-04-09,2018Q2,2,EX99_PRESS_RELEASE,False,WARN_MULTI_NOSIG,43971,0.0421,,
831001,CITIGROUP INC,0001104659-20-115678,2020-10-16,2020Q4,2,EX99_PRESS_RELEASE,False,WARN_MULTI_NOSIG,7437,0.998,,
831001,CITIGROUP INC,0001104659-24-002981,2024-01-10,2024Q1,2,EX99_PRESS_RELEASE,False,WARN_MULTI_NOSIG,17651,0.0823,,
831259,FREEPORT-MCMORAN INC,0000831259-19-000028,2019-07-01,2019Q3,2,EX99_PRESS_RELEASE,False,WARN_MULTI_NOSIG,2364,0.8549,,
831259,FREEPORT-MCMORAN INC,0000831259-20-000026,2020-07-06,2020Q3,2,EX99_PRESS_RELEASE,False,WARN_MULTI_NOSIG,1921,0.8876,,
831259,FREEPORT-MCMORAN INC,0000831259-24-000026,2024-07-02,2024Q3,2,EX99_PRESS_RELEASE,False,WARN_MULTI_NOSIG,167,1.0,,
831259,FREEPORT-MCMORAN INC,0000831259-25-000011,2025-03-31,2025Q1,2,EX99_PRESS_RELEASE,False,WARN_MULTI_NOSIG,901,1.0,,
849399,Gen Digital Inc.,0001193125-16-432742,2016-01-20,2016Q1,2,EX99_PRESS_RELEASE,False,WARN_MULTI_NOSIG,2225,0.1492,,
849399,Gen Digital Inc.,0001193125-18-282558,2018-09-25,2018Q3,2,8K_BODY,False,WARN_MULTI_NOSIG,319,0.1317,,
872589,"REGENERON PHARMACEUTICALS, INC.",0001104659-16-089230,2016-01-12,2016Q1,2,EX99_PRESS_RELEASE,False,WARN_MULTI_NOSIG,3567,0.9849,,
872589,"REGENERON PHARMACEUTICALS, INC.",0001104659-17-001558,2017-01-09,2017Q1,2,EX99_PRESS_RELEASE,False,WARN_MULTI_NOSIG,3654,0.9721,,
872589,"REGENERON PHARMACEUTICALS, INC.",0001104659-18-001100,2018-01-08,2018Q1,2,EX99_PRESS_RELEASE,False,WARN_MULTI_NOSIG,4265,0.9491,,
872589,"REGENERON PHARMACEUTICALS, INC.",0001104659-19-000977,2019-01-07,2019Q1,2,EX99_PRESS_RELEASE,False,WARN_MULTI_NOSIG,2473,0.7707,,
872589,"REGENERON PHARMACEUTICALS, INC.",0000930413-20-000068,2020-01-13,2020Q1,2,EX99_PRESS_RELEASE,False,WARN_MULTI_NOSIG,5125,0.9912,,
872589,"REGENERON PHARMACEUTICALS, INC.",0001104659-21-002614,2021-01-11,2021Q1,2,EX99_PRESS_RELEASE,False,WARN_MULTI_NOSIG,5035,0.7503,,
872589,"REGENERON PHARMACEUTICALS, INC.",0001104659-22-002403,2022-01-10,2022Q1,2,EX99_PRESS_RELEASE,False,WARN_MULTI_NOSIG,4960,0.9794,,
872589,"REGENERON PHARMACEUTICALS, INC.",0001104659-24-002037,2024-01-08,2024Q1,2,EX99_PRESS_RELEASE,False,WARN_MULTI_NOSIG,7186,0.9859,,
872589,"REGENERON PHARMACEUTICALS, INC.",0001104659-25-002826,2025-01-13,2025Q1,2,EX99_PRESS_RELEASE,False,WARN_MULTI_NOSIG,6045,0.0,,
872589,"REGENERON PHARMACEUTICALS, INC.",0001104659-26-002691,2026-01-12,2026Q1,2,EX99_PRESS_RELEASE,False,WARN_MULTI_NOSIG,4842,0.0,,
875320,VERTEX PHARMACEUTICALS INC / MA,0000875320-16-000061,2016-01-11,2016Q1,2,EX99_PRESS_RELEASE,False,WARN_MULTI_NOSIG,4538,0.6807,,
875320,VERTEX PHARMACEUTICALS INC / MA,0000875320-17-000003,2017-01-09,2017Q1,2,EX99_PRESS_RELEASE,False,WARN_MULTI_NOSIG,3905,0.5939,,
882095,"GILEAD SCIENCES, INC.",0001104659-22-010300,2022-02-01,2022Q1,2,8K_BODY,False,WARN_MULTI_NOSIG,495,0.0,,
885725,BOSTON SCIENTIFIC CORP,0000885725-20-000014,2020-03-30,2020Q1,3,8K_BODY,False,WARN_MULTI_NOSIG,580,0.8328,,
886982,GOLDMAN SACHS GROUP INC,0001193125-20-274226,2020-10-22,2020Q4,2,EX99_PRESS_RELEASE,False,WARN_MULTI_NOSIG,737,0.2212,,
886982,GOLDMAN SACHS GROUP INC,0000886982-26-000004,2026-01-08,2026Q1,2,8K_BODY,False,WARN_MULTI_NOSIG,2225,0.0,,
895126,EXPAND ENERGY Corp,0000895126-18-000049,2018-02-13,2018Q1,3,EX99_PRESS_RELEASE,False,WARN_MULTI_NOSIG,4321,0.0,,
896159,Chubb Ltd,0001193125-16-564757,2016-04-29,2016Q2,3,EX99_PRESS_RELEASE,False,WARN_MULTI_NOSIG,6278,0.0064,,
896159,Chubb Ltd,0001193125-16-623725,2016-06-16,2016Q2,3,EX99_PRESS_RELEASE,False,WARN_MULTI_NOSIG,4482,0.0,,
896878,INTUIT INC.,0000896878-18-000034,2018-02-22,2018Q1,2,EX99_PRESS_RELEASE,False,WARN_MULTI_NOSIG,5652,0.4122,,
896878,INTUIT INC.,0000896878-20-000063,2020-05-21,2020Q2,2,EX99_PRESS_RELEASE,False,WARN_MULTI_NOSIG,4693,0.4029,,
896878,INTUIT INC.,0000896878-20-000221,2020-11-19,2020Q4,2,EX99_PRESS_RELEASE,False,WARN_MULTI_NOSIG,4737,0.3984,,
896878,INTUIT INC.,0001628280-20-017160,2020-12-07,2020Q4,2,EX99_PRESS_RELEASE,False,WARN_MULTI_NOSIG,2847,0.7064,,
896878,INTUIT INC.,0000896878-22-000005,2022-02-14,2022Q1,2,EX99_PRESS_RELEASE,False,WARN_MULTI_NOSIG,1030,0.6806,,
896878,INTUIT INC.,0000896878-22-000030,2022-11-01,2022Q4,2,EX99_PRESS_RELEASE,False,WARN_MULTI_NOSIG,2413,0.6345,,
896878,INTUIT INC.,0000896878-22-000035,2022-11-29,2022Q4,2,EX99_PRESS_RELEASE,False,WARN_MULTI_NOSIG,4925,0.372,,
922224,PPL Corp,0000922224-16-000121,2016-02-04,2016Q1,2,EX99_PRESS_RELEASE,False,WARN_MULTI_NOSIG,5136,0.0,,
922224,PPL Corp,0000922224-16-000132,2016-02-19,2016Q1,2,EX99_PRESS_RELEASE,False,WARN_MULTI_NOSIG,842,0.0,,
922224,PPL Corp,0000922224-17-000007,2017-02-01,2017Q1,2,EX99_PRESS_RELEASE,False,WARN_MULTI_NOSIG,5554,0.2784,,
922224,PPL Corp,0000922224-17-000012,2017-02-17,2017Q1,2,EX99_PRESS_RELEASE,False,WARN_MULTI_NOSIG,1319,0.4276,,
922224,PPL Corp,0000922224-18-000021,2018-02-22,2018Q1,2,EX99_PRESS_RELEASE,False,WARN_MULTI_NOSIG,5413,0.3748,,
922224,PPL Corp,0000922224-18-000026,2018-02-22,2018Q1,2,EX99_PRESS_RELEASE,False,WARN_MULTI_NOSIG,1333,0.4659,,
922224,PPL Corp,0000922224-19-000010,2019-02-14,2019Q1,2,EX99_PRESS_RELEASE,False,WARN_MULTI_NOSIG,5288,0.3037,,
922224,PPL Corp,0000922224-19-000017,2019-02-14,2019Q1,2,EX99_PRESS_RELEASE,False,WARN_MULTI_NOSIG,1235,0.4283,,
922224,PPL Corp,0000922224-20-000002,2020-02-14,2020Q1,2,EX99_PRESS_RELEASE,False,WARN_MULTI_NOSIG,5269,0.3355,,
922224,PPL Corp,0000922224-20-000007,2020-02-14,2020Q1,2,EX99_PRESS_RELEASE,False,WARN_MULTI_NOSIG,1167,0.4233,,
922224,PPL Corp,0000922224-21-000004,2021-02-18,2021Q1,2,EX99_PRESS_RELEASE,False,WARN_MULTI_NOSIG,4718,0.3819,,
922224,PPL Corp,0000922224-21-000008,2021-02-18,2021Q1,2,EX99_PRESS_RELEASE,False,WARN_MULTI_NOSIG,1289,0.4391,,
927653,MCKESSON CORP,0000927653-20-000067,2020-09-22,2020Q3,2,EX99_PRESS_RELEASE,False,WARN_MULTI_NOSIG,1907,0.517,,
927653,MCKESSON CORP,0000927653-25-000121,2025-09-18,2025Q3,2,EX99_PRESS_RELEASE,False,WARN_MULTI_NOSIG,1818,0.5127,,
1035002,VALERO ENERGY CORP/TX,0001035002-20-000011,2020-04-13,2020Q2,2,8K_BODY,False,WARN_MULTI_NOSIG,3938,0.7636,,
1035002,VALERO ENERGY CORP/TX,0001193125-21-109599,2021-04-08,2021Q2,2,EX99_PRESS_RELEASE,False,WARN_MULTI_NOSIG,944,0.1769,,
1035002,VALERO ENERGY CORP/TX,0001193125-25-082159,2025-04-16,2025Q2,2,8K_BODY,False,WARN_MULTI_NOSIG,608,0.7188,,
1038357,PIONEER NATURAL RESOURCES CO,0001038357-15-000057,2015-07-22,2015Q3,2,EX99_PRESS_RELEASE,False,WARN_MULTI_NOSIG,2083,0.6356,,
1038357,PIONEER NATURAL RESOURCES CO,0001038357-15-000074,2015-10-16,2015Q4,2,8K_BODY,False,WARN_MULTI_NOSIG,1294,0.4235,,
1038357,PIONEER NATURAL RESOURCES CO,0001193125-16-421412,2016-01-05,2016Q1,3,EX99_PRESS_RELEASE,False,WARN_MULTI_NOSIG,2024,0.1902,,
1038357,PIONEER NATURAL RESOURCES CO,0001038357-16-000092,2016-01-20,2016Q1,3,8K_BODY,False,WARN_MULTI_NOSIG,1050,0.3724,,
1038357,PIONEER NATURAL RESOURCES CO,0001038357-16-000119,2016-04-18,2016Q2,2,8K_BODY,False,WARN_MULTI_NOSIG,1129,0.3915,,
1038357,PIONEER NATURAL RESOURCES CO,0001038357-16-000147,2016-07-18,2016Q3,2,8K_BODY,False,WARN_MULTI_NOSIG,1223,0.3892,,
1038357,PIONEER NATURAL RESOURCES CO,0001038357-16-000166,2016-10-18,2016Q4,2,8K_BODY,False,WARN_MULTI_NOSIG,1294,0.4019,,
1038357,PIONEER NATURAL RESOURCES CO,0001038357-17-000003,2017-01-17,2017Q1,2,8K_BODY,False,WARN_MULTI_NOSIG,1377,0.3493,,
1038357,PIONEER NATURAL RESOURCES CO,0001038357-17-000033,2017-04-18,2017Q2,2,8K_BODY,False,WARN_MULTI_NOSIG,1430,0.4469,,
1038357,PIONEER NATURAL RESOURCES CO,0001038357-17-000059,2017-07-18,2017Q3,2,8K_BODY,False,WARN_MULTI_NOSIG,1291,0.3966,,
1038357,PIONEER NATURAL RESOURCES CO,0001038357-17-000075,2017-10-17,2017Q4,3,8K_BODY,False,WARN_MULTI_NOSIG,1264,0.4272,,
1038357,PIONEER NATURAL RESOURCES CO,0001038357-18-000003,2018-01-10,2018Q1,3,8K_BODY,False,WARN_MULTI_NOSIG,653,0.8285,,
1038357,PIONEER NATURAL RESOURCES CO,0001038357-18-000005,2018-01-16,2018Q1,3,8K_BODY,False,WARN_MULTI_NOSIG,1194,0.3987,,
1038357,PIONEER NATURAL RESOURCES CO,0001038357-18-000026,2018-04-17,2018Q2,2,8K_BODY,False,WARN_MULTI_NOSIG,1128,0.3901,,
1038357,PIONEER NATURAL RESOURCES CO,0001038357-18-000046,2018-07-25,2018Q3,3,8K_BODY,False,WARN_MULTI_NOSIG,1104,0.3967,,
1038357,PIONEER NATURAL RESOURCES CO,0001038357-18-000050,2018-07-31,2018Q3,3,8K_BODY,False,WARN_MULTI_NOSIG,643,0.8585,,
1038357,PIONEER NATURAL RESOURCES CO,0001038357-18-000066,2018-10-24,2018Q4,2,8K_BODY,False,WARN_MULTI_NOSIG,1257,0.4853,,
1038357,PIONEER NATURAL RESOURCES CO,0001038357-19-000003,2019-01-29,2019Q1,2,8K_BODY,False,WARN_MULTI_NOSIG,1251,0.5028,,
1038357,PIONEER NATURAL RESOURCES CO,0001038357-19-000023,2019-04-30,2019Q2,2,8K_BODY,False,WARN_MULTI_NOSIG,1083,0.5577,,
1038357,PIONEER NATURAL RESOURCES CO,0001038357-19-000040,2019-07-25,2019Q3,2,8K_BODY,False,WARN_MULTI_NOSIG,1055,0.4664,,
1038357,PIONEER NATURAL RESOURCES CO,0001038357-19-000054,2019-10-21,2019Q4,2,8K_BODY,False,WARN_MULTI_NOSIG,1315,0.7019,,
1038357,PIONEER NATURAL RESOURCES CO,0001038357-20-000004,2020-02-05,2020Q1,2,8K_BODY,False,WARN_MULTI_NOSIG,1163,0.6303,,
1038357,PIONEER NATURAL RESOURCES CO,0001038357-20-000013,2020-04-06,2020Q2,3,8K_BODY,False,WARN_MULTI_NOSIG,891,0.5174,,
1038357,PIONEER NATURAL RESOURCES CO,0001038357-20-000024,2020-04-24,2020Q2,3,8K_BODY,False,WARN_MULTI_NOSIG,1413,0.6929,,
1038357,PIONEER NATURAL RESOURCES CO,0001038357-20-000044,2020-07-22,2020Q3,2,8K_BODY,False,WARN_MULTI_NOSIG,1284,0.6573,,
1038357,PIONEER NATURAL RESOURCES CO,0001038357-20-000067,2020-10-22,2020Q4,2,8K_BODY,False,WARN_MULTI_NOSIG,1316,0.655,,
1038357,PIONEER NATURAL RESOURCES CO,0001038357-21-000004,2021-02-09,2021Q1,2,8K_BODY,False,WARN_MULTI_NOSIG,1662,0.5734,,
1038357,PIONEER NATURAL RESOURCES CO,0001038357-21-000026,2021-04-27,2021Q2,2,8K_BODY,False,WARN_MULTI_NOSIG,1455,0.6268,,
1038357,PIONEER NATURAL RESOURCES CO,0001038357-21-000047,2021-07-27,2021Q3,2,8K_BODY,False,WARN_MULTI_NOSIG,1737,0.544,,
1038357,PIONEER NATURAL RESOURCES CO,0001038357-21-000063,2021-10-25,2021Q4,2,8K_BODY,False,WARN_MULTI_NOSIG,1817,0.6021,,
1038357,PIONEER NATURAL RESOURCES CO,0001038357-22-000012,2022-01-05,2022Q1,3,8K_BODY,False,WARN_MULTI_NOSIG,1176,0.6446,,
1038357,PIONEER NATURAL RESOURCES CO,0001038357-22-000014,2022-01-27,2022Q1,3,8K_BODY,False,WARN_MULTI_NOSIG,1681,0.7067,,
1038357,PIONEER NATURAL RESOURCES CO,0001038357-22-000070,2022-04-28,2022Q2,2,8K_BODY,False,WARN_MULTI_NOSIG,1603,0.7461,,
1038357,PIONEER NATURAL RESOURCES CO,0001038357-22-000112,2022-07-21,2022Q3,2,8K_BODY,False,WARN_MULTI_NOSIG,1521,0.7574,,
1038357,PIONEER NATURAL RESOURCES CO,0001038357-22-000128,2022-10-19,2022Q4,2,8K_BODY,False,WARN_MULTI_NOSIG,1353,0.7221,,
1038357,PIONEER NATURAL RESOURCES CO,0001038357-23-000013,2023-01-26,2023Q1,2,8K_BODY,False,WARN_MULTI_NOSIG,1656,0.7675,,
1038357,PIONEER NATURAL RESOURCES CO,0001038357-23-000055,2023-04-18,2023Q2,2,8K_BODY,False,WARN_MULTI_NOSIG,1461,0.8378,,
1038357,PIONEER NATURAL RESOURCES CO,0001038357-23-000078,2023-07-20,2023Q3,2,8K_BODY,False,WARN_MULTI_NOSIG,1528,0.8148,,
1038357,PIONEER NATURAL RESOURCES CO,0001038357-24-000005,2024-02-01,2024Q1,2,8K_BODY,False,WARN_MULTI_NOSIG,1534,0.8129,,
1045810,NVIDIA CORP,0001045810-19-000004,2019-01-28,2019Q1,2,EX99_PRESS_RELEASE,False,WARN_MULTI_NOSIG,1390,0.6317,,
1051470,CROWN CASTLE INC.,0001051470-21-000125,2021-04-26,2021Q2,2,8K_BODY,False,WARN_MULTI_NOSIG,511,0.8787,,
1065088,EBAY INC,0001552781-24-000014,2024-01-24,2024Q1,2,EX99_PRESS_RELEASE,False,WARN_MULTI_NOSIG,460,0.0,,
1065280,NETFLIX INC,0001065280-19-000001,2019-01-03,2019Q1,2,EX99_PRESS_RELEASE,False,WARN_MULTI_NOSIG,1620,0.0,,
1065280,NETFLIX INC,0001065280-19-000040,2019-01-17,2019Q1,2,EX99_PRESS_RELEASE,False,WARN_MULTI_NOSIG,4461,0.3909,,
1065280,NETFLIX INC,0001065280-19-000366,2019-10-16,2019Q4,2,EX99_PRESS_RELEASE,False,WARN_MULTI_NOSIG,4987,0.4885,,
1065280,NETFLIX INC,0001065280-19-000441,2019-12-16,2019Q4,2,EX99_PRESS_RELEASE,False,WARN_MULTI_NOSIG,1363,0.044,,
1075531,Booking Holdings Inc.,0001075531-16-000113,2016-10-06,2016Q4,2,EX99_PRESS_RELEASE,False,WARN_MULTI_NOSIG,672,0.0,,
1090012,DEVON ENERGY CORP/DE,0001193125-16-757904,2016-11-03,2016Q4,2,EX99_PRESS_RELEASE,False,WARN_MULTI_NOSIG,11879,0.401,,
1099219,METLIFE INC,0001193125-15-400755,2015-12-11,2015Q4,2,EX99_PRESS_RELEASE,False,WARN_MULTI_NOSIG,7296,0.0746,,
1099219,METLIFE INC,0001193125-16-671089,2016-08-04,2016Q3,2,EX99_PRESS_RELEASE,False,WARN_MULTI_NOSIG,906,0.0442,,
1099219,METLIFE INC,0001193125-16-742878,2016-10-20,2016Q4,4,EX99_PRESS_RELEASE,False,WARN_MULTI_NOSIG,13503,0.0091,,
1099219,METLIFE INC,0001193125-16-765107,2016-11-10,2016Q4,4,EX99_PRESS_RELEASE,False,WARN_MULTI_NOSIG,6373,0.0639,,
1099219,METLIFE INC,0001193125-16-794462,2016-12-15,2016Q4,4,EX99_PRESS_RELEASE,False,WARN_MULTI_NOSIG,5080,0.0404,,
1099219,METLIFE INC,0001193125-17-028367,2017-02-02,2017Q1,2,EX99_PRESS_RELEASE,False,WARN_MULTI_NOSIG,1151,0.0356,,
1099219,METLIFE INC,0001193125-17-234225,2017-07-25,2017Q3,2,8K_BODY,False,WARN_MULTI_NOSIG,107,0.0,,
1099219,METLIFE INC,0001193125-17-369518,2017-12-14,2017Q4,2,EX99_PRESS_RELEASE,False,WARN_MULTI_NOSIG,4862,0.0514,,
1099219,METLIFE INC,0000937834-18-000014,2018-03-29,2018Q1,2,EX99_PRESS_RELEASE,False,WARN_MULTI_NOSIG,25155,0.1156,,
1099219,METLIFE INC,0001193125-18-283973,2018-09-26,2018Q3,2,EX99_PRESS_RELEASE,False,WARN_MULTI_NOSIG,18916,0.2386,,
1099219,METLIFE INC,0001193125-18-348929,2018-12-13,2018Q4,2,EX99_PRESS_RELEASE,False,WARN_MULTI_NOSIG,6054,0.0672,,
1099219,METLIFE INC,0001193125-19-044222,2019-02-19,2019Q1,2,EX99_PRESS_RELEASE,False,WARN_MULTI_NOSIG,912,0.0439,,
1099219,METLIFE INC,0001193125-19-155928,2019-05-24,2019Q2,2,EX99_PRESS_RELEASE,False,WARN_MULTI_NOSIG,1589,0.129,,
1099219,METLIFE INC,0001193125-19-219280,2019-08-13,2019Q3,2,EX99_PRESS_RELEASE,False,WARN_MULTI_NOSIG,1561,0.212,,
1099219,METLIFE INC,0001099219-19-000237,2019-12-17,2019Q4,2,EX99_PRESS_RELEASE,False,WARN_MULTI_NOSIG,1358,1.0,,
1099219,METLIFE INC,0001099219-20-000058,2020-02-14,2020Q1,2,EX99_PRESS_RELEASE,False,WARN_MULTI_NOSIG,716,1.0,,
1099219,METLIFE INC,0001099219-20-000206,2020-05-11,2020Q2,2,EX99_PRESS_RELEASE,False,WARN_MULTI_NOSIG,722,1.0,,
1099219,METLIFE INC,0001099219-20-000289,2020-08-11,2020Q3,2,EX99_PRESS_RELEASE,False,WARN_MULTI_NOSIG,722,1.0,,
1099219,METLIFE INC,0001099219-20-000362,2020-11-09,2020Q4,2,EX99_PRESS_RELEASE,False,WARN_MULTI_NOSIG,726,1.0,,
1099219,METLIFE INC,0001099219-21-000041,2021-02-09,2021Q1,2,EX99_PRESS_RELEASE,False,WARN_MULTI_NOSIG,724,1.0,,
1099219,METLIFE INC,0001099219-21-000183,2021-05-14,2021Q2,2,EX99_PRESS_RELEASE,False,WARN_MULTI_NOSIG,676,1.0,,
1099219,METLIFE INC,0001099219-21-000274,2021-08-09,2021Q3,2,EX99_PRESS_RELEASE,False,WARN_MULTI_NOSIG,675,1.0,,
1099219,METLIFE INC,0001099219-21-000338,2021-11-09,2021Q4,2,EX99_PRESS_RELEASE,False,WARN_MULTI_NOSIG,675,1.0,,
1099219,METLIFE INC,0001099219-22-000006,2022-02-08,2022Q1,2,EX99_PRESS_RELEASE,False,WARN_MULTI_NOSIG,675,1.0,,
1099219,METLIFE INC,0001099219-22-000110,2022-05-09,2022Q2,2,EX99_PRESS_RELEASE,False,WARN_MULTI_NOSIG,675,1.0,,
1099219,METLIFE INC,0001099219-22-000118,2022-08-08,2022Q3,2,EX99_PRESS_RELEASE,False,WARN_MULTI_NOSIG,679,1.0,,
1099219,METLIFE INC,0001099219-22-000176,2022-11-07,2022Q4,2,EX99_PRESS_RELEASE,False,WARN_MULTI_NOSIG,679,1.0,,
1099590,MERCADOLIBRE INC,0000903423-18-000580,2018-11-02,2018Q4,2,EX99_PRESS_RELEASE,False,WARN_MULTI_NOSIG,2204,0.0,,
1103982,"Mondelez International, Inc.",0001193125-15-247376,2015-07-08,2015Q3,2,EX99_PRESS_RELEASE,False,WARN_MULTI_NOSIG,2641,0.1556,,
1108524,"Salesforce, Inc.",0001108524-18-000017,2018-04-02,2018Q2,2,EX99_PRESS_RELEASE,False,WARN_MULTI_NOSIG,2578,0.7618,,
1110803,"ILLUMINA, INC.",0001110803-15-000136,2015-07-22,2015Q3,2,8K_BODY,False,WARN_MULTI_NOSIG,372,0.4113,,
1110803,"ILLUMINA, INC.",0001110803-16-000165,2016-01-14,2016Q1,2,EX99_PRESS_RELEASE,False,WARN_MULTI_NOSIG,9456,0.8307,,
1110803,"ILLUMINA, INC.",0001110803-16-000196,2016-07-27,2016Q3,2,8K_BODY,False,WARN_MULTI_NOSIG,536,0.681,,
1110803,"ILLUMINA, INC.",0001110803-19-000002,2019-01-09,2019Q1,2,EX99_PRESS_RELEASE,False,WARN_MULTI_NOSIG,8211,0.855,,
1110803,"ILLUMINA, INC.",0001110803-20-000009,2020-01-16,2020Q1,2,EX99_PRESS_RELEASE,False,WARN_MULTI_NOSIG,7292,0.8771,,
1110803,"ILLUMINA, INC.",0001110803-22-000003,2022-01-11,2022Q1,2,EX99_PRESS_RELEASE,False,WARN_MULTI_NOSIG,6588,1.0,,
1110803,"ILLUMINA, INC.",0001110803-23-000003,2023-01-11,2023Q1,2,EX99_PRESS_RELEASE,False,WARN_MULTI_NOSIG,5903,0.9026,,
1122304,AETNA INC /PA/,0001122304-16-000181,2016-01-11,2016Q1,2,EX99_PRESS_RELEASE,False,WARN_MULTI_NOSIG,3457,0.9688,,
1123360,GLOBAL PAYMENTS INC,0001123360-20-000002,2020-01-15,2020Q1,2,EX99_PRESS_RELEASE,False,WARN_MULTI_NOSIG,2549,0.5606,,
1136893,"Fidelity National Information Services, Inc.",0001193125-24-133216,2024-05-07,2024Q2,2,EX99_PRESS_RELEASE,False,WARN_MULTI_NOSIG,13351,0.0846,,
1136893,"Fidelity National Information Services, Inc.",0001193125-26-065257,2026-02-24,2026Q1,2,EX99_PRESS_RELEASE,False,WARN_MULTI_NOSIG,2109,0.019,,
1137774,PRUDENTIAL FINANCIAL INC,0001137774-25-000013,2025-01-15,2025Q1,2,EX99_PRESS_RELEASE,False,WARN_MULTI_NOSIG,18134,0.2348,,
1137774,PRUDENTIAL FINANCIAL INC,0001137774-25-000095,2025-07-15,2025Q3,2,8K_BODY,False,WARN_MULTI_NOSIG,955,0.7539,,
1137774,PRUDENTIAL FINANCIAL INC,0001137774-25-000168,2025-10-14,2025Q4,2,8K_BODY,False,WARN_MULTI_NOSIG,773,0.7749,,
1137774,PRUDENTIAL FINANCIAL INC,0001137774-26-000005,2026-01-15,2026Q1,2,8K_BODY,False,WARN_MULTI_NOSIG,773,0.7749,,
1137774,PRUDENTIAL FINANCIAL INC,0001137774-26-000087,2026-04-14,2026Q2,3,EX99_PRESS_RELEASE,False,WARN_MULTI_NOSIG,16302,0.2475,,
1137774,PRUDENTIAL FINANCIAL INC,0001137774-26-000157,2026-07-15,2026Q3,2,8K_BODY,False,WARN_MULTI_NOSIG,961,0.7419,,
1137789,Seagate Technology Holdings plc,0001137789-25-000150,2025-07-30,2025Q3,2,EX99_PRESS_RELEASE,False,WARN_MULTI_NOSIG,2679,0.5566,,
1141391,Mastercard Inc,0001141391-16-000194,2016-07-14,2016Q3,2,EX99_PRESS_RELEASE,False,WARN_MULTI_NOSIG,359,0.7187,,
1163165,CONOCOPHILLIPS,0001104659-18-001245,2018-01-08,2018Q1,2,8K_BODY,False,WARN_MULTI_NOSIG,685,0.8745,,
1166691,COMCAST CORP,0001104659-19-005315,2019-02-04,2019Q1,2,EX99_PRESS_RELEASE,False,WARN_MULTI_NOSIG,1375,0.5993,,
1297996,"DIGITAL REALTY TRUST, INC.",0001297996-16-000121,2016-02-25,2016Q1,2,EX99_PRESS_RELEASE,False,WARN_MULTI_NOSIG,6249,0.999,,
1297996,"DIGITAL REALTY TRUST, INC.",0001297996-16-000166,2016-04-28,2016Q2,2,EX99_PRESS_RELEASE,False,WARN_MULTI_NOSIG,5021,0.9988,,
1297996,"DIGITAL REALTY TRUST, INC.",0001297996-16-000203,2016-07-28,2016Q3,2,EX99_PRESS_RELEASE,False,WARN_MULTI_NOSIG,108,0.0,,
1297996,"DIGITAL REALTY TRUST, INC.",0001297996-16-000265,2016-10-27,2016Q4,2,EX99_PRESS_RELEASE,False,WARN_MULTI_NOSIG,3886,0.0,,
1297996,"DIGITAL REALTY TRUST, INC.",0001297996-18-000125,2018-07-26,2018Q3,2,EX99_PRESS_RELEASE,False,WARN_MULTI_NOSIG,2063,0.9312,,
1297996,"DIGITAL REALTY TRUST, INC.",0001297996-19-000146,2019-10-29,2019Q4,2,EX99_PRESS_RELEASE,False,WARN_MULTI_NOSIG,4845,0.9975,,
1318220,"Waste Connections, Inc.",0001104659-20-082270,2020-07-09,2020Q3,2,EX99_PRESS_RELEASE,False,WARN_MULTI_NOSIG,1443,0.0,,
1318605,"Tesla, Inc.",0001193125-15-243538,2015-07-02,2015Q3,2,EX99_PRESS_RELEASE,False,WARN_MULTI_NOSIG,122,0.0,,
1318605,"Tesla, Inc.",0001193125-15-278803,2015-08-05,2015Q3,2,EX99_PRESS_RELEASE,False,WARN_MULTI_NOSIG,5635,0.1354,,
1318605,"Tesla, Inc.",0001193125-15-336526,2015-10-02,2015Q4,2,EX99_PRESS_RELEASE,False,WARN_MULTI_NOSIG,135,0.0,,
1318605,"Tesla, Inc.",0001193125-15-364285,2015-11-03,2015Q4,2,EX99_PRESS_RELEASE,False,WARN_MULTI_NOSIG,5212,0.1119,,
1318605,"Tesla, Inc.",0001193125-16-418701,2016-01-04,2016Q1,2,EX99_PRESS_RELEASE,False,WARN_MULTI_NOSIG,206,0.3981,,
1318605,"Tesla, Inc.",0001193125-16-457674,2016-02-10,2016Q1,2,EX99_PRESS_RELEASE,False,WARN_MULTI_NOSIG,5409,0.0941,,
1318605,"Tesla, Inc.",0001564590-16-015857,2016-04-04,2016Q2,2,EX99_PRESS_RELEASE,False,WARN_MULTI_NOSIG,369,0.7561,,
1318605,"Tesla, Inc.",0001193125-16-577582,2016-05-04,2016Q2,2,EX99_PRESS_RELEASE,False,WARN_MULTI_NOSIG,4803,0.1064,,
1318605,"Tesla, Inc.",0001564590-16-021035,2016-07-05,2016Q3,2,EX99_PRESS_RELEASE,False,WARN_MULTI_NOSIG,359,0.8524,,
1318605,"Tesla, Inc.",0001193125-16-670068,2016-08-03,2016Q3,2,EX99_PRESS_RELEASE,False,WARN_MULTI_NOSIG,5007,0.1418,,
1318605,"Tesla, Inc.",0001564590-16-025573,2016-10-03,2016Q4,2,EX99_PRESS_RELEASE,False,WARN_MULTI_NOSIG,324,0.7778,,
1318605,"Tesla, Inc.",0001193125-16-747973,2016-10-26,2016Q4,2,EX99_PRESS_RELEASE,False,WARN_MULTI_NOSIG,4805,0.1305,,
1318605,"Tesla, Inc.",0001564590-17-000024,2017-01-03,2017Q1,2,EX99_PRESS_RELEASE,False,WARN_MULTI_NOSIG,362,0.7182,,
1318605,"Tesla, Inc.",0001193125-17-052093,2017-02-22,2017Q1,2,EX99_PRESS_RELEASE,False,WARN_MULTI_NOSIG,5703,0.0968,,
1318605,"Tesla, Inc.",0001564590-17-005875,2017-04-03,2017Q2,2,EX99_PRESS_RELEASE,False,WARN_MULTI_NOSIG,176,0.6818,,
1318605,"Tesla, Inc.",0001564590-17-008395,2017-05-03,2017Q2,2,EX99_PRESS_RELEASE,False,WARN_MULTI_NOSIG,4834,0.5629,,
1318605,"Tesla, Inc.",0001564590-17-013176,2017-07-03,2017Q3,3,EX99_PRESS_RELEASE,False,WARN_MULTI_NOSIG,499,0.8016,,
1318605,"Tesla, Inc.",0001564590-17-013276,2017-07-07,2017Q3,3,EX99_PRESS_RELEASE,False,WARN_MULTI_NOSIG,575,0.7704,,
1318605,"Tesla, Inc.",0001564590-17-014920,2017-08-02,2017Q3,3,EX99_PRESS_RELEASE,False,WARN_MULTI_NOSIG,5328,0.5616,,
1318605,"Tesla, Inc.",0001564590-17-019158,2017-10-02,2017Q4,2,EX99_PRESS_RELEASE,False,WARN_MULTI_NOSIG,395,0.6506,,
1318605,"Tesla, Inc.",0001564590-17-020822,2017-11-01,2017Q4,2,EX99_PRESS_RELEASE,False,WARN_MULTI_NOSIG,5354,0.5676,,
1318605,"Tesla, Inc.",0001564590-18-000054,2018-01-03,2018Q1,2,EX99_PRESS_RELEASE,False,WARN_MULTI_NOSIG,566,0.6908,,
1318605,"Tesla, Inc.",0001564590-18-001521,2018-02-07,2018Q1,2,EX99_PRESS_RELEASE,False,WARN_MULTI_NOSIG,5734,0.625,,
1318605,"Tesla, Inc.",0001564590-18-007463,2018-04-03,2018Q2,2,EX99_PRESS_RELEASE,False,WARN_MULTI_NOSIG,676,0.7855,,
1318605,"Tesla, Inc.",0001564590-18-010306,2018-05-02,2018Q2,2,EX99_PRESS_RELEASE,False,WARN_MULTI_NOSIG,5530,0.6749,,
1318605,"Tesla, Inc.",0001564590-18-016465,2018-07-02,2018Q3,2,EX99_PRESS_RELEASE,False,WARN_MULTI_NOSIG,672,0.9107,,
1318605,"Tesla, Inc.",0001564590-18-018490,2018-08-01,2018Q3,2,EX99_PRESS_RELEASE,False,WARN_MULTI_NOSIG,6001,0.6459,,
1318605,"Tesla, Inc.",0001564590-18-023716,2018-10-01,2018Q4,3,EX99_PRESS_RELEASE,False,WARN_MULTI_NOSIG,67,0.0,,
1318605,"Tesla, Inc.",0001564590-18-023815,2018-10-02,2018Q4,3,EX99_PRESS_RELEASE,False,WARN_MULTI_NOSIG,801,0.9101,,
1318605,"Tesla, Inc.",0001564590-18-024902,2018-10-24,2018Q4,3,EX99_PRESS_RELEASE,False,WARN_MULTI_NOSIG,5484,0.6047,,
1318605,"Tesla, Inc.",0001564590-19-000013,2019-01-02,2019Q1,3,EX99_PRESS_RELEASE,False,WARN_MULTI_NOSIG,752,0.7553,,
1318605,"Tesla, Inc.",0001564590-19-000740,2019-01-18,2019Q1,3,EX99_PRESS_RELEASE,False,WARN_MULTI_NOSIG,795,0.917,,
1318605,"Tesla, Inc.",0001564590-19-001399,2019-01-30,2019Q1,3,EX99_PRESS_RELEASE,False,WARN_MULTI_NOSIG,6200,0.6835,,
1318605,"Tesla, Inc.",0001564590-19-010743,2019-04-04,2019Q2,2,EX99_PRESS_RELEASE,False,WARN_MULTI_NOSIG,571,0.8284,,
1318605,"Tesla, Inc.",0001564590-19-012758,2019-04-24,2019Q2,2,EX99_PRESS_RELEASE,False,WARN_MULTI_NOSIG,5200,0.575,,
1318605,"Tesla, Inc.",0001564590-19-024414,2019-07-02,2019Q3,2,EX99_PRESS_RELEASE,False,WARN_MULTI_NOSIG,362,0.8343,,
1318605,"Tesla, Inc.",0001564590-19-025855,2019-07-24,2019Q3,2,EX99_PRESS_RELEASE,False,WARN_MULTI_NOSIG,4626,0.4691,,
1318605,"Tesla, Inc.",0001564590-19-036274,2019-10-02,2019Q4,2,EX99_PRESS_RELEASE,False,WARN_MULTI_NOSIG,220,0.7864,,
1318605,"Tesla, Inc.",0001564590-19-037581,2019-10-23,2019Q4,2,EX99_PRESS_RELEASE,False,WARN_MULTI_NOSIG,4845,0.9368,,
1318605,"Tesla, Inc.",0001564590-20-000161,2020-01-03,2020Q1,2,EX99_PRESS_RELEASE,False,WARN_MULTI_NOSIG,265,0.6679,,
1318605,"Tesla, Inc.",0001564590-20-002489,2020-01-29,2020Q1,2,EX99_PRESS_RELEASE,False,WARN_MULTI_NOSIG,5102,0.9708,,
1318605,"Tesla, Inc.",0001564590-20-014992,2020-04-02,2020Q2,2,EX99_PRESS_RELEASE,False,WARN_MULTI_NOSIG,189,0.5714,,
1318605,"Tesla, Inc.",0001564590-20-019776,2020-04-29,2020Q2,2,EX99_PRESS_RELEASE,False,WARN_MULTI_NOSIG,4930,0.9811,,
1318605,"Tesla, Inc.",0001564590-20-031568,2020-07-02,2020Q3,2,EX99_PRESS_RELEASE,False,WARN_MULTI_NOSIG,175,0.6171,,
1318605,"Tesla, Inc.",0001564590-20-033069,2020-07-22,2020Q3,2,EX99_PRESS_RELEASE,False,WARN_MULTI_NOSIG,4975,0.9811,,
1318605,"Tesla, Inc.",0001564590-20-045592,2020-10-02,2020Q4,2,EX99_PRESS_RELEASE,False,WARN_MULTI_NOSIG,175,0.6171,,
1318605,"Tesla, Inc.",0001564590-20-047108,2020-10-21,2020Q4,2,EX99_PRESS_RELEASE,False,WARN_MULTI_NOSIG,5246,0.9491,,
1318605,"Tesla, Inc.",0001564590-21-000008,2021-01-04,2021Q1,2,EX99_PRESS_RELEASE,False,WARN_MULTI_NOSIG,263,0.6046,,
1318605,"Tesla, Inc.",0001564590-21-002645,2021-01-27,2021Q1,2,EX99_PRESS_RELEASE,False,WARN_MULTI_NOSIG,3523,0.7122,,
1318605,"Tesla, Inc.",0001564590-21-017443,2021-04-02,2021Q2,2,EX99_PRESS_RELEASE,False,WARN_MULTI_NOSIG,275,0.8655,,
1318605,"Tesla, Inc.",0001564590-21-020558,2021-04-26,2021Q2,2,EX99_PRESS_RELEASE,False,WARN_MULTI_NOSIG,3312,0.7388,,
1318605,"Tesla, Inc.",0000950170-21-000423,2021-07-02,2021Q3,2,EX99_PRESS_RELEASE,False,WARN_MULTI_NOSIG,169,0.6391,,
1318605,"Tesla, Inc.",0001564590-21-037953,2021-07-26,2021Q3,2,EX99_PRESS_RELEASE,False,WARN_MULTI_NOSIG,3240,0.7512,,
1318605,"Tesla, Inc.",0001564590-21-049874,2021-10-04,2021Q4,2,EX99_PRESS_RELEASE,False,WARN_MULTI_NOSIG,177,0.6102,,
1318605,"Tesla, Inc.",0001564590-21-051307,2021-10-20,2021Q4,2,EX99_PRESS_RELEASE,False,WARN_MULTI_NOSIG,3212,0.7656,,
1318605,"Tesla, Inc.",0001564590-22-000009,2022-01-03,2022Q1,2,EX99_PRESS_RELEASE,False,WARN_MULTI_NOSIG,203,0.532,,
1318605,"Tesla, Inc.",0001564590-22-002476,2022-01-26,2022Q1,2,EX99_PRESS_RELEASE,False,WARN_MULTI_NOSIG,3488,0.6399,,
1318605,"Tesla, Inc.",0001564590-22-013264,2022-04-04,2022Q2,2,EX99_PRESS_RELEASE,False,WARN_MULTI_NOSIG,276,0.529,,
1318605,"Tesla, Inc.",0001564590-22-014917,2022-04-20,2022Q2,2,EX99_PRESS_RELEASE,False,WARN_MULTI_NOSIG,3237,0.7368,,
1318605,"Tesla, Inc.",0001564590-22-025153,2022-07-05,2022Q3,2,EX99_PRESS_RELEASE,False,WARN_MULTI_NOSIG,296,0.4932,,
1318605,"Tesla, Inc.",0001564590-22-026048,2022-07-20,2022Q3,2,EX99_PRESS_RELEASE,False,WARN_MULTI_NOSIG,3203,0.715,,
1318605,"Tesla, Inc.",0001564590-22-033053,2022-10-03,2022Q4,2,EX99_PRESS_RELEASE,False,WARN_MULTI_NOSIG,416,0.6923,,
1318605,"Tesla, Inc.",0001564590-22-034639,2022-10-19,2022Q4,2,EX99_PRESS_RELEASE,False,WARN_MULTI_NOSIG,2119,0.6102,,
1318605,"Tesla, Inc.",0001564590-23-000002,2023-01-03,2023Q1,2,EX99_PRESS_RELEASE,False,WARN_MULTI_NOSIG,436,0.4748,,
1318605,"Tesla, Inc.",0001564590-23-000799,2023-01-25,2023Q1,2,EX99_PRESS_RELEASE,False,WARN_MULTI_NOSIG,2467,0.5999,,
1318605,"Tesla, Inc.",0001564590-23-005126,2023-04-03,2023Q2,2,EX99_PRESS_RELEASE,False,WARN_MULTI_NOSIG,295,0.4949,,
1318605,"Tesla, Inc.",0001564590-23-005959,2023-04-19,2023Q2,2,EX99_PRESS_RELEASE,False,WARN_MULTI_NOSIG,2186,0.6276,,
1318605,"Tesla, Inc.",0000950170-23-031241,2023-07-03,2023Q3,2,EX99_PRESS_RELEASE,False,WARN_MULTI_NOSIG,271,0.5387,,
1318605,"Tesla, Inc.",0000950170-23-033544,2023-07-19,2023Q3,2,EX99_PRESS_RELEASE,False,WARN_MULTI_NOSIG,5237,0.966,,
1318605,"Tesla, Inc.",0000950170-23-050938,2023-10-02,2023Q4,2,EX99_PRESS_RELEASE,False,WARN_MULTI_NOSIG,304,0.6316,,
1318605,"Tesla, Inc.",0001628280-23-034588,2023-10-18,2023Q4,2,EX99_PRESS_RELEASE,False,WARN_MULTI_NOSIG,5916,0.9821,,
1318605,"Tesla, Inc.",0000950170-24-000282,2024-01-02,2024Q1,2,EX99_PRESS_RELEASE,False,WARN_MULTI_NOSIG,334,0.6108,,
1318605,"Tesla, Inc.",0000950170-24-007073,2024-01-24,2024Q1,2,EX99_PRESS_RELEASE,False,WARN_MULTI_NOSIG,5865,0.9608,,
1318605,"Tesla, Inc.",0000950170-24-040274,2024-04-02,2024Q2,2,EX99_PRESS_RELEASE,False,WARN_MULTI_NOSIG,348,0.5891,,
1318605,"Tesla, Inc.",0000950170-24-046895,2024-04-23,2024Q2,2,EX99_PRESS_RELEASE,False,WARN_MULTI_NOSIG,5575,0.9632,,
1318605,"Tesla, Inc.",0001628280-24-030714,2024-07-02,2024Q3,2,EX99_PRESS_RELEASE,False,WARN_MULTI_NOSIG,303,0.5347,,
1318605,"Tesla, Inc.",0001628280-24-032603,2024-07-23,2024Q3,2,EX99_PRESS_RELEASE,False,WARN_MULTI_NOSIG,5969,0.9841,,
1318605,"Tesla, Inc.",0001628280-24-041816,2024-10-02,2024Q4,2,EX99_PRESS_RELEASE,False,WARN_MULTI_NOSIG,285,0.5684,,
1318605,"Tesla, Inc.",0001628280-24-043432,2024-10-23,2024Q4,2,EX99_PRESS_RELEASE,False,WARN_MULTI_NOSIG,6103,0.9798,,
1318605,"Tesla, Inc.",0001628280-25-000007,2025-01-02,2025Q1,2,EX99_PRESS_RELEASE,False,WARN_MULTI_NOSIG,334,0.485,,
1318605,"Tesla, Inc.",0001628280-25-002993,2025-01-29,2025Q1,2,EX99_PRESS_RELEASE,False,WARN_MULTI_NOSIG,7491,0.9736,,
1318605,"Tesla, Inc.",0001628280-25-016070,2025-04-02,2025Q2,2,EX99_PRESS_RELEASE,False,WARN_MULTI_NOSIG,339,0.2773,,
1318605,"Tesla, Inc.",0001628280-25-018851,2025-04-22,2025Q2,2,EX99_PRESS_RELEASE,False,WARN_MULTI_NOSIG,6800,0.9699,,
1318605,"Tesla, Inc.",0001628280-25-033842,2025-07-02,2025Q3,2,EX99_PRESS_RELEASE,False,WARN_MULTI_NOSIG,303,0.5347,,
1318605,"Tesla, Inc.",0001628280-25-035738,2025-07-23,2025Q3,2,EX99_PRESS_RELEASE,False,WARN_MULTI_NOSIG,6776,0.9798,,
1318605,"Tesla, Inc.",0001628280-25-043530,2025-10-02,2025Q4,2,EX99_PRESS_RELEASE,False,WARN_MULTI_NOSIG,311,0.5209,,
1318605,"Tesla, Inc.",0001628280-25-045861,2025-10-22,2025Q4,2,EX99_PRESS_RELEASE,False,WARN_MULTI_NOSIG,6656,0.9642,,
1318605,"Tesla, Inc.",0001628280-26-000016,2026-01-02,2026Q1,2,EX99_PRESS_RELEASE,False,WARN_MULTI_NOSIG,331,0.4894,,
1318605,"Tesla, Inc.",0001628280-26-003837,2026-01-28,2026Q1,2,EX99_PRESS_RELEASE,False,WARN_MULTI_NOSIG,8463,0.9826,,
1318605,"Tesla, Inc.",0001628280-26-022956,2026-04-02,2026Q2,2,EX99_PRESS_RELEASE,False,WARN_MULTI_NOSIG,304,0.5329,,
1318605,"Tesla, Inc.",0001628280-26-026551,2026-04-22,2026Q2,2,EX99_PRESS_RELEASE,False,WARN_MULTI_NOSIG,6641,0.9666,,
1318605,"Tesla, Inc.",0001628280-26-046717,2026-07-02,2026Q3,2,EX99_PRESS_RELEASE,False,WARN_MULTI_NOSIG,304,0.5329,,
1318605,"Tesla, Inc.",0001628280-26-049213,2026-07-22,2026Q3,2,EX99_PRESS_RELEASE,False,WARN_MULTI_NOSIG,7119,0.9609,,
1341439,ORACLE CORP,0001193125-22-191296,2022-07-11,2022Q3,2,EX99_PRESS_RELEASE,False,WARN_MULTI_NOSIG,475,0.1789,,
1358071,CONCHO RESOURCES INC,0001193125-19-196537,2019-07-18,2019Q3,2,8K_BODY,False,WARN_MULTI_NOSIG,396,0.101,,
1358071,CONCHO RESOURCES INC,0001358071-19-000013,2019-10-10,2019Q4,2,8K_BODY,False,WARN_MULTI_NOSIG,396,0.3434,,
1358071,CONCHO RESOURCES INC,0001358071-20-000004,2020-01-17,2020Q1,2,8K_BODY,False,WARN_MULTI_NOSIG,400,0.34,,
1358071,CONCHO RESOURCES INC,0001358071-20-000013,2020-04-09,2020Q2,2,8K_BODY,False,WARN_MULTI_NOSIG,433,0.3141,,
1358071,CONCHO RESOURCES INC,0001358071-20-000036,2020-07-13,2020Q3,2,8K_BODY,False,WARN_MULTI_NOSIG,433,0.3141,,
1358071,CONCHO RESOURCES INC,0001358071-20-000050,2020-10-08,2020Q4,3,8K_BODY,False,WARN_MULTI_NOSIG,452,0.3009,,
1358071,CONCHO RESOURCES INC,0001193125-20-271651,2020-10-19,2020Q4,3,8K_BODY,False,WARN_MULTI_NOSIG,1975,0.8122,,
1373715,"ServiceNow, Inc.",0001373715-16-000345,2016-04-13,2016Q2,2,8K_BODY,False,WARN_MULTI_NOSIG,199,0.7085,,
1389170,Targa Resources Corp.,0001193125-21-054813,2021-02-24,2021Q1,2,EX99_PRESS_RELEASE,False,WARN_MULTI_NOSIG,10107,0.2539,,
1390777,Bank of New York Mellon Corp,0001193125-16-430028,2016-01-14,2016Q1,2,8K_BODY,False,WARN_MULTI_NOSIG,438,0.2877,,
1393612,Discover Financial Services,0001393612-24-000077,2024-12-23,2024Q4,2,EX99_PRESS_RELEASE,False,WARN_MULTI_NOSIG,2285,0.1295,,
1404912,KKR & Co. Inc.,0001140361-20-008805,2020-04-14,2020Q2,2,8K_BODY,False,WARN_MULTI_NOSIG,1853,0.0443,,
1418091,"TWITTER, INC.",0001564590-15-008360,2015-10-13,2015Q4,2,EX99_PRESS_RELEASE,False,WARN_MULTI_NOSIG,361,0.9474,,
1467858,General Motors Co,0001467858-18-000012,2018-01-16,2018Q1,2,EX99_PRESS_RELEASE,False,WARN_MULTI_NOSIG,1396,0.0,,
1467858,General Motors Co,0001467858-18-000019,2018-02-06,2018Q1,2,EX99_PRESS_RELEASE,False,WARN_MULTI_NOSIG,2005,0.0474,,
1467858,General Motors Co,0001467858-19-000026,2019-01-11,2019Q1,2,8K_BODY,False,WARN_MULTI_NOSIG,497,0.8592,,
1467858,General Motors Co,0001467858-19-000029,2019-02-06,2019Q1,2,EX99_PRESS_RELEASE,False,WARN_MULTI_NOSIG,1419,1.0,,
1467858,General Motors Co,0001467858-22-000088,2022-07-01,2022Q3,2,8K_BODY,False,WARN_MULTI_NOSIG,896,0.6194,,
1510295,Marathon Petroleum Corp,0001510295-16-000105,2016-05-02,2016Q2,2,EX99_PRESS_RELEASE,False,WARN_MULTI_NOSIG,5272,1.0,,
1510295,Marathon Petroleum Corp,0001510295-17-000055,2017-05-01,2017Q2,2,EX99_PRESS_RELEASE,False,WARN_MULTI_NOSIG,5422,0.0773,,
1510295,Marathon Petroleum Corp,0001510295-20-000042,2020-04-22,2020Q2,2,8K_BODY,False,WARN_MULTI_NOSIG,4677,0.829,,
1510295,Marathon Petroleum Corp,0001510295-20-000107,2020-11-06,2020Q4,2,8K_BODY,False,WARN_MULTI_NOSIG,379,0.6253,,
1510295,Marathon Petroleum Corp,0001510295-21-000014,2021-01-25,2021Q1,3,EX99_PRESS_RELEASE,False,WARN_MULTI_NOSIG,5720,0.6206,,
1510295,Marathon Petroleum Corp,0001510295-21-000026,2021-02-26,2021Q1,3,8K_BODY,False,WARN_MULTI_NOSIG,330,0.5697,,
1510295,Marathon Petroleum Corp,0001510295-26-000029,2026-04-13,2026Q2,2,8K_BODY,False,WARN_MULTI_NOSIG,540,0.0,,
1534701,Phillips 66,0001534701-21-000093,2021-04-05,2021Q2,2,EX99_PRESS_RELEASE,False,WARN_MULTI_NOSIG,1176,0.6429,,
1534701,Phillips 66,0001534701-26-000015,2026-04-06,2026Q2,2,EX99_PRESS_RELEASE,False,WARN_MULTI_NOSIG,1228,0.7036,,
1534701,Phillips 66,0001534701-26-000020,2026-04-29,2026Q2,2,EX99_PRESS_RELEASE,False,WARN_MULTI_NOSIG,3804,0.423,,
1535527,"CrowdStrike Holdings, Inc.",0001104659-25-045244,2025-05-07,2025Q2,2,EX99_PRESS_RELEASE,False,WARN_MULTI_NOSIG,613,0.0,,
1539838,"Diamondback Energy, Inc.",0001539838-16-000111,2016-01-19,2016Q1,2,EX99_PRESS_RELEASE,False,WARN_MULTI_NOSIG,765,0.8301,,
1539838,"Diamondback Energy, Inc.",0001539838-22-000050,2022-04-07,2022Q2,2,8K_BODY,False,WARN_MULTI_NOSIG,1252,0.6158,,
1539838,"Diamondback Energy, Inc.",0001539838-23-000034,2023-04-20,2023Q2,2,8K_BODY,False,WARN_MULTI_NOSIG,999,0.6927,,
1539838,"Diamondback Energy, Inc.",0001539838-23-000095,2023-07-11,2023Q3,2,8K_BODY,False,WARN_MULTI_NOSIG,1017,0.6804,,
1539838,"Diamondback Energy, Inc.",0001539838-23-000126,2023-10-10,2023Q4,2,8K_BODY,False,WARN_MULTI_NOSIG,967,0.6691,,
1539838,"Diamondback Energy, Inc.",0001539838-24-000009,2024-01-10,2024Q1,3,8K_BODY,False,WARN_MULTI_NOSIG,975,0.6677,,
1539838,"Diamondback Energy, Inc.",0001140361-24-006881,2024-02-12,2024Q1,3,EX99_PRESS_RELEASE,False,WARN_MULTI_NOSIG,19920,0.2235,,
1539838,"Diamondback Energy, Inc.",0001539838-24-000075,2024-04-10,2024Q2,2,8K_BODY,False,WARN_MULTI_NOSIG,961,0.6774,,
1539838,"Diamondback Energy, Inc.",0001539838-24-000144,2024-07-11,2024Q3,2,8K_BODY,False,WARN_MULTI_NOSIG,1306,0.7075,,
1539838,"Diamondback Energy, Inc.",0001539838-24-000191,2024-10-10,2024Q4,3,8K_BODY,False,WARN_MULTI_NOSIG,1290,0.7085,,
1539838,"Diamondback Energy, Inc.",0001539838-25-000003,2025-01-13,2025Q1,2,8K_BODY,False,WARN_MULTI_NOSIG,1238,0.6979,,
1539838,"Diamondback Energy, Inc.",0001539838-25-000058,2025-04-16,2025Q2,2,EX99_PRESS_RELEASE,False,WARN_MULTI_NOSIG,1305,0.5977,,
1539838,"Diamondback Energy, Inc.",0001539838-25-000120,2025-07-10,2025Q3,2,8K_BODY,False,WARN_MULTI_NOSIG,1048,0.6899,,
1539838,"Diamondback Energy, Inc.",0001539838-25-000141,2025-10-09,2025Q4,2,8K_BODY,False,WARN_MULTI_NOSIG,1127,0.6797,,
1539838,"Diamondback Energy, Inc.",0001539838-26-000003,2026-01-12,2026Q1,2,8K_BODY,False,WARN_MULTI_NOSIG,1010,0.6851,,
1539838,"Diamondback Energy, Inc.",0001539838-26-000070,2026-04-13,2026Q2,2,8K_BODY,False,WARN_MULTI_NOSIG,1030,0.6767,,
1539838,"Diamondback Energy, Inc.",0001539838-26-000134,2026-07-13,2026Q3,2,8K_BODY,False,WARN_MULTI_NOSIG,1012,0.6828,,
1543151,"Uber Technologies, Inc",0001552781-20-000094,2020-01-21,2020Q1,2,EX99_PRESS_RELEASE,False,WARN_MULTI_NOSIG,982,0.0,,
1543151,"Uber Technologies, Inc",0001552781-20-000269,2020-04-17,2020Q2,3,EX99_PRESS_RELEASE,False,WARN_MULTI_NOSIG,1174,0.0,,
1543151,"Uber Technologies, Inc",0001552781-20-000297,2020-05-04,2020Q2,3,8K_BODY,False,WARN_MULTI_NOSIG,686,0.0,,
1543151,"Uber Technologies, Inc",0001552781-20-000412,2020-07-06,2020Q3,2,EX99_PRESS_RELEASE,False,WARN_MULTI_NOSIG,5182,0.0,,
1543151,"Uber Technologies, Inc",0001552781-20-000563,2020-11-13,2020Q4,2,8K_BODY,False,WARN_MULTI_NOSIG,180,0.0,,
1551152,AbbVie Inc.,0001104659-20-087827,2020-07-29,2020Q3,2,EX99_PRESS_RELEASE,False,WARN_MULTI_NOSIG,1514,0.0,,
1551152,AbbVie Inc.,0001104659-22-048450,2022-04-21,2022Q2,3,EX99_PRESS_RELEASE,False,WARN_MULTI_NOSIG,1285,0.0,,
1551152,AbbVie Inc.,0001551152-22-000023,2022-07-06,2022Q3,2,EX99_PRESS_RELEASE,False,WARN_MULTI_NOSIG,150,0.0,,
1551152,AbbVie Inc.,0001551152-22-000034,2022-10-05,2022Q4,2,EX99_PRESS_RELEASE,False,WARN_MULTI_NOSIG,143,0.0,,
1551152,AbbVie Inc.,0001551152-23-000004,2023-01-06,2023Q1,2,EX99_PRESS_RELEASE,False,WARN_MULTI_NOSIG,109,0.0,,
1551152,AbbVie Inc.,0001551152-23-000015,2023-04-05,2023Q2,2,EX99_PRESS_RELEASE,False,WARN_MULTI_NOSIG,143,0.0,,
1551152,AbbVie Inc.,0001551152-23-000026,2023-07-06,2023Q3,2,EX99_PRESS_RELEASE,False,WARN_MULTI_NOSIG,143,0.0,,
1551152,AbbVie Inc.,0001551152-23-000036,2023-10-04,2023Q4,2,EX99_PRESS_RELEASE,False,WARN_MULTI_NOSIG,143,0.0,,
1551152,AbbVie Inc.,0001551152-24-000002,2024-01-05,2024Q1,2,EX99_PRESS_RELEASE,False,WARN_MULTI_NOSIG,109,0.0,,
1551152,AbbVie Inc.,0001551152-24-000013,2024-04-03,2024Q2,2,EX99_PRESS_RELEASE,False,WARN_MULTI_NOSIG,143,0.0,,
1551152,AbbVie Inc.,0001551152-24-000024,2024-07-03,2024Q3,2,EX99_PRESS_RELEASE,False,WARN_MULTI_NOSIG,143,0.0,,
1551152,AbbVie Inc.,0001551152-24-000033,2024-10-03,2024Q4,2,EX99_PRESS_RELEASE,False,WARN_MULTI_NOSIG,143,0.0,,
1551152,AbbVie Inc.,0001551152-25-000002,2025-01-06,2025Q1,2,EX99_PRESS_RELEASE,False,WARN_MULTI_NOSIG,109,0.0,,
1551152,AbbVie Inc.,0001551152-25-000023,2025-04-03,2025Q2,2,EX99_PRESS_RELEASE,False,WARN_MULTI_NOSIG,170,0.3471,,
1551152,AbbVie Inc.,0001551152-25-000034,2025-07-03,2025Q3,2,EX99_PRESS_RELEASE,False,WARN_MULTI_NOSIG,143,0.0,,
1551152,AbbVie Inc.,0001551152-25-000043,2025-10-03,2025Q4,2,EX99_PRESS_RELEASE,False,WARN_MULTI_NOSIG,143,0.0,,
1551152,AbbVie Inc.,0001551152-26-000002,2026-01-07,2026Q1,2,EX99_PRESS_RELEASE,False,WARN_MULTI_NOSIG,109,0.0,,
1551152,AbbVie Inc.,0001551152-26-000011,2026-04-03,2026Q2,2,EX99_PRESS_RELEASE,False,WARN_MULTI_NOSIG,143,0.0,,
1551152,AbbVie Inc.,0001551152-26-000021,2026-07-06,2026Q3,2,EX99_PRESS_RELEASE,False,WARN_MULTI_NOSIG,143,0.0,,
1551182,Eaton Corp plc,0001193125-15-347128,2015-10-19,2015Q4,2,EX99_PRESS_RELEASE,False,WARN_MULTI_NOSIG,425,0.1953,,
1551182,Eaton Corp plc,0001551182-17-000176,2017-10-13,2017Q4,2,EX99_PRESS_RELEASE,False,WARN_MULTI_NOSIG,555,0.8036,,
1552000,MPLX LP,0001552000-16-000164,2016-05-02,2016Q2,2,EX99_PRESS_RELEASE,False,WARN_MULTI_NOSIG,1501,0.0326,,
1552000,MPLX LP,0001552000-17-000028,2017-05-01,2017Q2,2,EX99_PRESS_RELEASE,False,WARN_MULTI_NOSIG,1289,0.0,,
1552000,MPLX LP,0001552000-26-000017,2026-04-13,2026Q2,2,8K_BODY,False,WARN_MULTI_NOSIG,415,0.0,,
1555280,Zoetis Inc.,0001555280-15-000197,2015-07-10,2015Q3,2,EX99_PRESS_RELEASE,False,WARN_MULTI_NOSIG,974,0.0852,,
1564408,Snap Inc,0001564590-19-000673,2019-01-15,2019Q1,2,8K_BODY,False,WARN_MULTI_NOSIG,302,0.6225,,
1564408,Snap Inc,0001193125-22-234696,2022-08-31,2022Q3,2,EX99_PRESS_RELEASE,False,WARN_MULTI_NOSIG,1041,0.3141,,
1564408,Snap Inc,0001193125-26-155861,2026-04-15,2026Q2,2,EX99_PRESS_RELEASE,False,WARN_MULTI_NOSIG,419,0.2936,,
1571949,"Intercontinental Exchange, Inc.",0001104659-22-112514,2022-10-28,2022Q4,2,8K_BODY,False,WARN_MULTI_NOSIG,301,0.0,,
1578845,Allergan plc,0001193125-16-674267,2016-08-08,2016Q3,3,EX99_PRESS_RELEASE,False,WARN_MULTI_NOSIG,963,0.0,,
1578845,Allergan plc,0001193125-16-732764,2016-10-06,2016Q4,2,EX99_PRESS_RELEASE,False,WARN_MULTI_NOSIG,1009,0.0,,
1578845,Allergan plc,0001193125-18-001247,2018-01-03,2018Q1,4,8K_BODY,False,WARN_MULTI_NOSIG,596,0.0705,,
1578845,Allergan plc,0001193125-18-006041,2018-01-08,2018Q1,4,EX99_PRESS_RELEASE,False,WARN_MULTI_NOSIG,1627,0.0498,,
1578845,Allergan plc,0001193125-18-028327,2018-02-01,2018Q1,4,8K_BODY,False,WARN_MULTI_NOSIG,238,0.1681,,
1578845,Allergan plc,0001193125-19-213617,2019-08-06,2019Q3,2,EX99_PRESS_RELEASE,False,WARN_MULTI_NOSIG,3035,0.0534,,
1578845,Allergan plc,0001193125-19-284117,2019-11-05,2019Q4,2,EX99_PRESS_RELEASE,False,WARN_MULTI_NOSIG,2779,0.0435,,
1596532,"Arista Networks, Inc.",0001596532-18-000171,2018-08-06,2018Q3,2,8K_BODY,False,WARN_MULTI_NOSIG,344,0.6628,,
1596532,"Arista Networks, Inc.",0001596532-20-000003,2020-01-02,2020Q1,2,8K_BODY,False,WARN_MULTI_NOSIG,500,0.806,,
1618921,"Walgreens Boots Alliance, Inc.",0001193125-21-101289,2021-03-31,2021Q1,3,EX99_PRESS_RELEASE,False,WARN_MULTI_NOSIG,8219,0.0049,,
1633917,"PayPal Holdings, Inc.",0001633917-16-000153,2016-04-12,2016Q2,2,8K_BODY,False,WARN_MULTI_NOSIG,715,0.5105,,
1633917,"PayPal Holdings, Inc.",0001633917-19-000111,2019-04-09,2019Q2,2,8K_BODY,False,WARN_MULTI_NOSIG,792,0.4141,,
1633917,"PayPal Holdings, Inc.",0001633917-20-000083,2020-04-09,2020Q2,2,8K_BODY,False,WARN_MULTI_NOSIG,636,0.5142,,
1637459,Kraft Heinz Co,0001637459-15-000043,2015-11-04,2015Q4,2,EX99_PRESS_RELEASE,False,WARN_MULTI_NOSIG,5124,0.3212,,
1637459,Kraft Heinz Co,0001637459-18-000062,2018-03-27,2018Q1,2,EX99_PRESS_RELEASE,False,WARN_MULTI_NOSIG,4835,0.4885,,
1637459,Kraft Heinz Co,0001637459-19-000033,2019-05-06,2019Q2,2,8K_BODY,False,WARN_MULTI_NOSIG,4258,0.6369,,
1645590,Hewlett Packard Enterprise Co,0001104659-16-101503,2016-03-02,2016Q1,2,EX99_PRESS_RELEASE,False,WARN_MULTI_NOSIG,3813,0.2539,,
1645590,Hewlett Packard Enterprise Co,0001628280-17-001605,2017-02-23,2017Q1,2,EX99_PRESS_RELEASE,False,WARN_MULTI_NOSIG,3979,0.2775,,
1645590,Hewlett Packard Enterprise Co,0001645590-18-000004,2018-02-13,2018Q1,2,EX99_PRESS_RELEASE,False,WARN_MULTI_NOSIG,4835,0.4242,,
1645590,Hewlett Packard Enterprise Co,0001645590-19-000006,2019-02-13,2019Q1,2,EX99_PRESS_RELEASE,False,WARN_MULTI_NOSIG,10198,0.5025,,
1645590,Hewlett Packard Enterprise Co,0001645590-20-000004,2020-02-13,2020Q1,2,EX99_PRESS_RELEASE,False,WARN_MULTI_NOSIG,3851,0.0992,,
1645590,Hewlett Packard Enterprise Co,0001645590-21-000004,2021-02-04,2021Q1,2,EX99_PRESS_RELEASE,False,WARN_MULTI_NOSIG,3725,0.0934,,
1645590,Hewlett Packard Enterprise Co,0001645590-23-000011,2023-02-09,2023Q1,2,EX99_PRESS_RELEASE,False,WARN_MULTI_NOSIG,2126,0.048,,
1645590,Hewlett Packard Enterprise Co,0001645590-24-000012,2024-02-07,2024Q1,2,EX99_PRESS_RELEASE,False,WARN_MULTI_NOSIG,2250,0.0818,,
1645590,Hewlett Packard Enterprise Co,0001645590-25-000111,2025-10-15,2025Q4,2,EX99_PRESS_RELEASE,False,WARN_MULTI_NOSIG,3494,0.1222,,
1652044,Alphabet Inc.,0001652044-23-000034,2023-04-20,2023Q2,2,EX99_PRESS_RELEASE,False,WARN_MULTI_NOSIG,1279,0.6263,,
1666700,"DuPont de Nemours, Inc.",0001666700-17-000017,2017-10-26,2017Q4,2,EX99_PRESS_RELEASE,False,WARN_MULTI_NOSIG,1877,0.8162,,
1666700,"DuPont de Nemours, Inc.",0001666700-19-000014,2019-04-18,2019Q2,2,EX99_PRESS_RELEASE,False,WARN_MULTI_NOSIG,1818,0.912,,
1666700,"DuPont de Nemours, Inc.",0001193125-20-111531,2020-04-20,2020Q2,2,EX99_PRESS_RELEASE,False,WARN_MULTI_NOSIG,2710,0.0151,,
1666700,"DuPont de Nemours, Inc.",0001193125-21-016937,2021-01-26,2021Q1,3,EX99_PRESS_RELEASE,False,WARN_MULTI_NOSIG,2325,0.0172,,
1666700,"DuPont de Nemours, Inc.",0001193125-21-024548,2021-02-01,2021Q1,3,EX99_PRESS_RELEASE,False,WARN_MULTI_NOSIG,2434,0.1002,,
1682852,"Moderna, Inc.",0001193125-20-001732,2020-01-06,2020Q1,2,EX99_PRESS_RELEASE,False,WARN_MULTI_NOSIG,4929,0.1445,,
1682852,"Moderna, Inc.",0001193125-20-049112,2020-02-26,2020Q1,2,EX99_PRESS_RELEASE,False,WARN_MULTI_NOSIG,4297,0.0379,,
1682852,"Moderna, Inc.",0001193125-21-000332,2021-01-04,2021Q1,2,EX99_PRESS_RELEASE,False,WARN_MULTI_NOSIG,5394,0.1246,,
1682852,"Moderna, Inc.",0001682852-22-000004,2022-01-04,2022Q1,3,EX99_PRESS_RELEASE,False,WARN_MULTI_NOSIG,5016,0.6469,,
1782754,AZEK Co Inc.,0001193125-21-011622,2021-01-19,2021Q1,2,EX99_PRESS_RELEASE,False,WARN_MULTI_NOSIG,1308,0.0329,,
