recon_date,cik,name,sic,superset_rank,float_usd,reason,quarters_covered,periodic_in_window,sector,sector_rank
2016-07-01,93859,OBH Inc.,5812.0,2,,no_pit_valid_float,7,7,,
2016-07-01,1652044,Alphabet Inc.,7370.0,4,,no_pit_valid_float,3,3,,
2016-07-01,40545,GENERAL ELECTRIC CO,3600.0,11,,no_pit_valid_float,8,8,,
2016-07-01,732712,VERIZON COMMUNICATIONS INC,4813.0,14,189475659614.0,sector_excluded_sic_4813,8,8,,
2016-07-01,732717,AT&T INC.,4813.0,17,184000000000.0,sector_excluded_sic_4813,8,8,,
2016-07-01,104169,Walmart Inc.,5331.0,38,116140698613.0,ineligible_filing_history,7,8,,
2016-07-01,101829,RTX Corp,3724.0,43,98745805884.0,sector_excluded_sic_3724,8,8,,
2016-07-01,1613103,Medtronic plc,3845.0,45,104200000000.0,ineligible_filing_history,6,6,,
2016-07-01,12927,BOEING CO,3721.0,50,94500000000.0,sector_excluded_sic_3721,8,8,,
2016-07-01,773840,HONEYWELL INTERNATIONAL INC,3724.0,54,80900000000.0,sector_excluded_sic_3724,8,8,,
2016-07-01,100885,UNION PACIFIC CORP,4011.0,56,82700000000.0,sector_excluded_sic_4011,8,8,,
2016-07-01,4962,AMERICAN EXPRESS CO,6199.0,59,77700000000.0,non_operating_sic_6199,8,8,,
2016-07-01,1090727,UNITED PARCEL SERVICE INC,4210.0,61,67688103890.0,sector_excluded_sic_4210,8,8,,
2016-07-01,1618921,"Walgreens Boots Alliance, Inc.",5912.0,62,71600000000.0,ineligible_filing_history,6,6,,
2016-07-01,936468,LOCKHEED MARTIN CORP,3760.0,64,58200000000.0,sector_excluded_sic_3760,8,8,,
2016-07-01,1063761,SIMON PROPERTY GROUP INC.,6798.0,69,53152000000.0,sector_excluded_sic_6798,8,8,,
2016-07-01,909832,COSTCO WHOLESALE CORP /NEW,5331.0,72,64213793359.0,ineligible_filing_history,6,8,,
2016-07-01,1467373,Accenture plc,7389.0,77,56398877445.0,ineligible_filing_history,6,8,,
2016-07-01,1075531,Booking Holdings Inc.,4700.0,78,58600000000.0,sector_excluded_sic_4700,8,8,,
2016-07-01,753308,NEXTERA ENERGY INC,4911.0,79,44190491194.0,sector_excluded_sic_4911,8,8,,
2016-07-01,29915,DOW CHEMICAL CO /DE/,2821.0,84,59100000000.0,sector_excluded_sic_2821,8,8,,
2016-07-01,1110783,MONSANTO CO /NEW/,2870.0,86,58000000000.0,sector_excluded_sic_2870,6,8,,
2016-07-01,30554,"EIDP, Inc.",2820.0,87,57800000000.0,sector_excluded_sic_2820,8,8,,
2016-07-01,1649338,Broadcom Pte. Ltd.,3674.0,88,,no_pit_valid_float,2,2,,
2016-07-01,313616,DANAHER CORP /DE/,3823.0,91,53900000000.0,sector_excluded_sic_3823,8,8,,
2016-07-01,97745,THERMO FISHER SCIENTIFIC INC.,3829.0,92,52614285000.0,sector_excluded_sic_3829,8,8,,
2016-07-01,92122,SOUTHERN CO,4911.0,95,38100000000.0,sector_excluded_sic_4911,8,8,,
2016-07-01,18230,CATERPILLAR INC,3531.0,96,51000000000.0,sector_excluded_sic_3531,8,8,,
2016-07-01,55785,KIMBERLY CLARK CORP,2670.0,100,38600000000.0,sector_excluded_sic_2670,8,8,,
2016-07-01,715957,"DOMINION ENERGY, INC",4911.0,103,39600000000.0,sector_excluded_sic_4911,8,8,,
2016-07-01,1053507,AMERICAN TOWER CORP /MA/,6798.0,104,39200000000.0,sector_excluded_sic_6798,8,8,,
2016-07-01,1489393,LyondellBasell Industries N.V.,2860.0,114,41800000000.0,sector_excluded_sic_2860,8,8,,
2016-07-01,40533,GENERAL DYNAMICS CORP,3730.0,117,41198779978.0,sector_excluded_sic_3730,8,8,,
2016-07-01,1633917,"PayPal Holdings, Inc.",7389.0,119,,no_pit_valid_float,4,4,,
2016-07-01,1048911,FEDEX CORP,4513.0,120,40600000000.0,sector_excluded_sic_4513,6,8,,
2016-07-01,1133421,NORTHROP GRUMMAN CORP /DE/,3812.0,124,29800000000.0,sector_excluded_sic_3812,8,8,,
2016-07-01,32604,EMERSON ELECTRIC CO,3600.0,132,37900000000.0,sector_excluded_sic_3600,8,8,,
2016-07-01,1393311,Public Storage,6798.0,133,,no_pit_valid_float,8,8,,
2016-07-01,796343,ADOBE INC.,7372.0,136,31964797377.0,ineligible_filing_history,6,8,,
2016-07-01,40704,GENERAL MILLS INC,2040.0,138,34654200000.0,ineligible_filing_history,7,9,,
2016-07-01,79958,PRECISION CASTPARTS CORP,3320.0,141,31506449425.0,sector_excluded_sic_3320,6,6,,
2016-07-01,1051470,CROWN CASTLE INC.,6798.0,142,26600000000.0,sector_excluded_sic_6798,8,8,,
2016-07-01,1011006,ALTABA INC.,,143,34070929391.0,sector_excluded_sic_None,8,8,,
2016-07-01,884905,LINDE INC,2810.0,144,34000000000.0,sector_excluded_sic_2810,8,8,,
2016-07-01,1623613,Mylan II B.V.,2834.0,145,33063308366.0,ineligible_filing_history,5,5,,
2016-07-01,53669,JOHNSON CONTROLS INC,7380.0,146,33000000000.0,sector_excluded_sic_7380,8,8,,
2016-07-01,277948,CSX CORP,4011.0,147,,no_pit_valid_float,8,8,,
2016-07-01,27904,"DELTA AIR LINES, INC.",4512.0,151,32700000000.0,sector_excluded_sic_4512,8,8,,
2016-07-01,2969,"Air Products & Chemicals, Inc.",2810.0,152,32400000000.0,sector_excluded_sic_2810,8,8,,
2016-07-01,1004980,PG&E Corp,4931.0,154,,no_pit_valid_float,8,8,,
2016-07-01,1441634,Avago Technologies LTD,3674.0,155,31800000000.0,ineligible_filing_history,6,6,,
2016-07-01,1551182,Eaton Corp plc,3590.0,156,31600000000.0,sector_excluded_sic_3590,8,8,,
2016-07-01,1109357,EXELON CORP,4931.0,158,27049825290.0,sector_excluded_sic_4931,8,8,,
2016-07-01,79879,PPG INDUSTRIES INC,2851.0,162,30935000000.0,sector_excluded_sic_2851,8,8,,
2016-07-01,49826,ILLINOIS TOOL WORKS INC,3560.0,163,26700000000.0,sector_excluded_sic_3560,8,8,,
2016-07-01,315189,DEERE & CO,3523.0,165,30160160199.0,sector_excluded_sic_3523,8,8,,
2016-07-01,1047122,RAYTHEON CO/,3812.0,168,29600000000.0,sector_excluded_sic_3812,8,8,,
2016-07-01,823768,WASTE MANAGEMENT INC,4953.0,172,20900000000.0,sector_excluded_sic_4953,8,8,,
2016-07-01,1385157,TE Connectivity plc,5065.0,175,28700000000.0,sector_excluded_sic_5065,8,8,,
2016-07-01,1645590,Hewlett Packard Enterprise Co,3570.0,176,,no_pit_valid_float,3,3,,
2016-07-01,1032208,SEMPRA,4932.0,179,24500000000.0,sector_excluded_sic_4932,8,8,,
2016-07-01,64040,S&P Global Inc.,7320.0,180,27400000000.0,sector_excluded_sic_7320,8,8,,
2016-07-01,1101239,EQUINIX INC,6798.0,185,14500000000.0,sector_excluded_sic_6798,8,8,,
2016-07-01,1574300,"MobilityPay Holdings, Inc.",7372.0,186,27587000000.0,ineligible_filing_history,6,7,,
2016-07-01,4904,AMERICAN ELECTRIC POWER CO INC,4911.0,187,26011055215.0,sector_excluded_sic_4911,8,8,,
2016-07-01,766704,WELLTOWER INC.,6798.0,188,23029716957.0,sector_excluded_sic_6798,8,8,,
2016-07-01,6201,American Airlines Group Inc.,4512.0,190,27000000000.0,sector_excluded_sic_4512,8,8,,
2016-07-01,808362,Baker Hughes Holdings LLC,3533.0,191,26830538000.0,sector_excluded_sic_3533,8,8,,
2016-07-01,702165,NORFOLK SOUTHERN CORP,4011.0,194,26243199266.0,sector_excluded_sic_4011,8,8,,
2016-07-01,1045609,"Prologis, Inc.",6798.0,197,19266497534.0,sector_excluded_sic_6798,8,8,,
2016-07-01,922224,PPL Corp,4911.0,198,19730584918.0,sector_excluded_sic_4911,8,8,,
2016-07-01,827052,EDISON INTERNATIONAL,4911.0,201,18100000000.0,sector_excluded_sic_4911,8,8,,
2016-07-01,906107,VIVMARK RESIDENTIAL,6798.0,202,25200000000.0,sector_excluded_sic_6798,8,8,,
2016-07-01,915912,AVALONBAY COMMUNITIES INC,6798.0,206,21847735762.0,sector_excluded_sic_6798,8,8,,
2016-07-01,1047862,CONSOLIDATED EDISON INC,4931.0,208,17000000000.0,sector_excluded_sic_4931,8,8,,
2016-07-01,103379,V F CORP,2320.0,210,,no_pit_valid_float,8,8,,
2016-07-01,92380,SOUTHWEST AIRLINES CO,4512.0,213,21774060585.0,sector_excluded_sic_4512,8,8,,
2016-07-01,24741,CORNING INC /NY,3357.0,215,24000000000.0,sector_excluded_sic_3357,8,8,,
2016-07-01,26172,CUMMINS INC,3510.0,220,23900000000.0,sector_excluded_sic_3510,8,8,,
2016-07-01,16875,CANADIAN PACIFIC KANSAS CITY LTD/CN,4011.0,224,23580095732.0,sector_excluded_sic_4011,2,2,,
2016-07-01,788784,PUBLIC SERVICE ENTERPRISE GROUP INC,4931.0,225,19819621677.0,sector_excluded_sic_4931,8,8,,
2016-07-01,794367,"Macy's, Inc.",5311.0,228,22857680000.0,ineligible_filing_history,7,8,,
2016-07-01,72903,XCEL ENERGY INC,4931.0,229,16313953331.0,sector_excluded_sic_4931,8,8,,
2016-07-01,866787,AUTOZONE INC,5531.0,233,19532578508.0,ineligible_filing_history,6,8,,
2016-07-01,106535,WEYERHAEUSER CO,6798.0,236,16000000000.0,sector_excluded_sic_6798,8,8,,
2016-07-01,1059556,MOODYS CORP /DE/,7320.0,238,21300000000.0,sector_excluded_sic_7320,8,8,,
2016-07-01,740260,"Ventas, Inc.",6798.0,241,20400000000.0,sector_excluded_sic_6798,8,8,,
2016-07-01,1601712,Synchrony Financial,6199.0,242,4231311700.0,non_operating_sic_6199,8,8,,
2016-07-01,1164727,NEWMONT Corp /DE/,1040.0,245,12344658436.0,sector_excluded_sic_1040,8,8,,
2016-07-01,783325,"WEC ENERGY GROUP, INC.",4931.0,246,14200000000.0,sector_excluded_sic_4931,8,8,,
2016-07-01,1398702,"Electronic Cigarettes International Group, Ltd.",2111.0,248,20440000000.0,ineligible_filing_history,7,8,,
2016-07-01,1037540,"BXP, Inc.",6798.0,251,18453084348.0,sector_excluded_sic_6798,8,8,,
2016-07-01,100517,"United Airlines Holdings, Inc.",4512.0,254,20035996479.0,sector_excluded_sic_4512,8,8,,
2016-07-01,55387,KENTUCKY UTILITIES CO,4911.0,256,,no_pit_valid_float,8,8,,
2016-07-01,1285785,MOSAIC CO,2870.0,258,19600000000.0,sector_excluded_sic_2870,8,8,,
2016-07-01,831259,FREEPORT-MCMORAN INC,1000.0,263,19100000000.0,sector_excluded_sic_1000,8,8,,
2016-07-01,72741,EVERSOURCE ENERGY,4911.0,264,14345789335.0,sector_excluded_sic_4911,8,8,,
2016-07-01,1021860,NOV Inc.,3533.0,266,18700000000.0,sector_excluded_sic_3533,8,8,,
2016-07-01,1496048,Brookfield Property REIT Inc.,6798.0,267,15000000000.0,sector_excluded_sic_6798,8,8,,
2016-07-01,76334,Parker-Hannifin Corp,3490.0,272,18161893495.0,sector_excluded_sic_3490,8,8,,
2016-07-01,23217,CONAGRA BRANDS INC.,2000.0,273,15124310966.0,ineligible_filing_history,7,8,,
2016-07-01,726728,REALTY INCOME CORP,6798.0,276,10400000000.0,sector_excluded_sic_6798,8,8,,
2016-07-01,833444,Johnson Controls International plc,3585.0,277,17741657194.0,sector_excluded_sic_3585,8,8,,
2016-07-01,1466258,Trane Technologies plc,3822.0,278,17716051084.0,sector_excluded_sic_3822,8,8,,
2016-07-01,1060391,"REPUBLIC SERVICES, INC.",4953.0,282,13700000000.0,sector_excluded_sic_4953,8,8,,
2016-07-01,723531,PAYCHEX INC,8700.0,283,15395911785.0,sector_excluded_sic_8700,6,8,,
2016-07-01,909954,"KEURIG GREEN MOUNTAIN, INC.",2090.0,284,17377984000.0,ineligible_filing_history,7,7,,
2016-07-01,51434,INTERNATIONAL PAPER CO /NEW/,2621.0,285,21026985885.0,sector_excluded_sic_2621,8,8,,
2016-07-01,899689,VORNADO REALTY TRUST,6798.0,286,16366466000.0,sector_excluded_sic_6798,8,8,,
2016-07-01,936340,DTE ENERGY CO,4911.0,294,12900000000.0,sector_excluded_sic_4911,8,8,,
2016-07-01,882835,ROPER TECHNOLOGIES INC,3823.0,296,16931595935.0,sector_excluded_sic_3823,8,8,,
2016-07-01,6281,ANALOG DEVICES INC,3674.0,300,,no_pit_valid_float,8,8,,
2016-07-01,93556,"STANLEY BLACK & DECKER, INC.",3420.0,301,16500000000.0,sector_excluded_sic_3420,8,8,,
2016-07-01,18926,"Lumen Technologies, Inc.",4813.0,304,16400000000.0,sector_excluded_sic_4813,8,8,,
2016-07-01,21076,CLOROX CO /DE/,2842.0,305,13700000000.0,sector_excluded_sic_2842,8,8,,
2016-07-01,815097,Carnival Corp Ltd.,4400.0,308,16100000000.0,sector_excluded_sic_4400,7,8,,
2016-07-01,1297996,"DIGITAL REALTY TRUST, INC.",6798.0,310,9000000000.0,sector_excluded_sic_6798,8,8,,
2016-07-01,1396009,Vulcan Materials CO,1400.0,311,9464531960.0,sector_excluded_sic_1400,8,8,,
2016-07-01,3570,"Cheniere Energy, Inc.",4924.0,312,15800000000.0,sector_excluded_sic_4924,8,8,,
2016-07-01,1024478,"ROCKWELL AUTOMATION, INC",3829.0,314,15500000000.0,sector_excluded_sic_3829,8,8,,
2016-07-01,33185,EQUIFAX INC,7320.0,317,11479281498.0,sector_excluded_sic_7320,8,8,,
2016-07-01,765880,"HEALTHPEAK PROPERTIES, INC.",6798.0,321,14600000000.0,sector_excluded_sic_6798,8,8,,
2016-07-01,794323,"Level 3 Parent, LLC",4813.0,323,13018000000.0,sector_excluded_sic_4813,8,8,,
2016-07-01,1324404,"CF Industries Holdings, Inc.",2870.0,324,14966659383.0,sector_excluded_sic_2870,8,8,,
2016-07-01,277135,"W.W. GRAINGER, INC.",5000.0,325,14934345621.0,sector_excluded_sic_5000,8,8,,
2016-07-01,920522,"ESSEX PROPERTY TRUST, INC.",6798.0,326,13717739025.0,sector_excluded_sic_6798,8,8,,
2016-07-01,1031296,FIRSTENERGY CORP,4911.0,327,13727177963.0,sector_excluded_sic_4911,8,8,,
2016-07-01,40987,GENUINE PARTS CO,5013.0,332,13180127000.0,sector_excluded_sic_5013,8,8,,
2016-07-01,65984,ENTERGY CORP /DE/,4911.0,333,12700000000.0,sector_excluded_sic_4911,8,8,,
2016-07-01,1070750,"HOST HOTELS & RESORTS, INC.",6798.0,334,14592475672.0,sector_excluded_sic_6798,8,8,,
2016-07-01,1034054,SBA COMMUNICATIONS CORP,6798.0,335,14500000000.0,sector_excluded_sic_6798,8,8,,
2016-07-01,1111711,NISOURCE INC.,4931.0,337,14408583291.0,sector_excluded_sic_4931,8,8,,
2016-07-01,884887,ROYAL CARIBBEAN CRUISES LTD,4400.0,338,14400000000.0,sector_excluded_sic_4400,8,8,,
2016-07-01,73309,NUCOR CORP,3312.0,340,14080000000.0,sector_excluded_sic_3312,8,8,,
2016-07-01,4281,Howmet Aerospace Inc.,3350.0,341,14000000000.0,sector_excluded_sic_3350,8,8,,
2016-07-01,1175454,"CORPAY, INC.",7389.0,345,,no_pit_valid_float,8,8,,
2016-07-01,1410636,"American Water Works Company, Inc.",4941.0,346,7839400000.0,sector_excluded_sic_4941,8,8,,
2016-07-01,1037868,AMETEK INC/,3823.0,349,13300000000.0,sector_excluded_sic_3823,8,8,,
2016-07-01,1504747,Swisher Hygiene Inc.,2840.0,353,,no_pit_valid_float,7,8,,
2016-07-01,1585364,PERRIGO Co plc,2834.0,354,20712935064.0,ineligible_filing_history,7,7,,
2016-07-01,1002910,AMEREN CORP,4931.0,355,9142479189.0,sector_excluded_sic_4931,8,8,,
2016-07-01,915389,EASTMAN CHEMICAL CO,2821.0,360,12041772344.0,sector_excluded_sic_2821,8,8,,
2016-07-01,879101,KIMCO REALTY CORP,6798.0,362,9000000000.0,sector_excluded_sic_6798,8,8,,
2016-07-01,924515,GUIDED THERAPEUTICS INC,3845.0,364,,no_pit_valid_float,8,8,,
2016-07-01,1324424,"Expedia Group, Inc.",4700.0,367,10856875000.0,sector_excluded_sic_4700,8,8,,
2016-07-01,811156,CMS ENERGY CORP,4931.0,368,8736000000.0,sector_excluded_sic_4931,8,8,,
2016-07-01,1137411,ROCKWELL COLLINS INC,3728.0,372,12650000000.0,sector_excluded_sic_3728,8,8,,
2016-07-01,9389,BALL Corp,3411.0,373,9700000000.0,sector_excluded_sic_3411,8,8,,
2016-07-01,1318220,"Waste Connections, Inc.",4953.0,374,2562397408.0,sector_excluded_sic_4953,0,0,,
2016-07-01,1283699,"T-Mobile US, Inc.",4812.0,378,10900000000.0,sector_excluded_sic_4812,8,8,,
2016-07-01,1138118,"CBRE GROUP, INC.",6500.0,380,12300000000.0,sector_excluded_sic_6500,8,8,,
2016-07-01,217346,TEXTRON INC,3720.0,381,12300000000.0,sector_excluded_sic_3720,8,8,,
2016-07-01,912242,MACERICH CO,6798.0,382,11800000000.0,sector_excluded_sic_6798,8,8,,
2016-07-01,63754,MCCORMICK & CO INC,2090.0,383,10017806580.0,ineligible_filing_history,5,7,,
2016-07-01,1087423,RED HAT INC,7370.0,391,11800000000.0,ineligible_filing_history,7,8,,
2016-07-01,34903,FEDERAL REALTY INVESTMENT TRUST,6798.0,392,8900000000.0,sector_excluded_sic_6798,8,8,,
2016-07-01,793952,"HARLEY-DAVIDSON, INC.",3751.0,395,11663564377.0,sector_excluded_sic_3751,8,8,,
2016-07-01,319201,KLA CORP,3827.0,396,11450000000.0,sector_excluded_sic_3827,8,8,,
2016-07-01,861878,STERICYCLE INC,4955.0,399,11358678595.0,sector_excluded_sic_4955,8,8,,
2016-07-01,886158,"20230930-DK-Butterfly-1, Inc.",5700.0,400,9917583923.0,ineligible_filing_history,7,7,,
2016-07-01,77360,PENTAIR plc,3550.0,402,11256593708.0,sector_excluded_sic_3550,8,8,,
2016-07-01,1289490,Extra Space Storage Inc.,6798.0,406,7668549404.0,sector_excluded_sic_6798,8,8,,
2016-07-01,766421,"ALASKA AIR GROUP, INC.",4512.0,408,8200000000.0,sector_excluded_sic_4512,8,8,,
2016-07-01,29905,DOVER Corp,3530.0,410,10980690400.0,sector_excluded_sic_3530,8,8,,
2016-07-01,1260221,TransDigm Group INC,3728.0,412,10927295559.0,sector_excluded_sic_3728,8,8,,
2016-07-01,1039101,"L3 TECHNOLOGIES, INC.",3663.0,414,,no_pit_valid_float,7,8,,
2016-07-01,202058,"L3HARRIS TECHNOLOGIES, INC. /DE/",3812.0,415,,no_pit_valid_float,8,8,,
2016-07-01,754737,SCANA CORP,4931.0,417,7210262820.0,sector_excluded_sic_4931,8,8,,
2016-07-01,1012100,SEALED AIR CORP/DE,2820.0,419,10611000000.0,sector_excluded_sic_2820,8,8,,
2016-07-01,1043277,"C. H. ROBINSON WORLDWIDE, INC.",4731.0,420,9031044026.0,sector_excluded_sic_4731,8,8,,
2016-07-01,759944,CITIZENS FINANCIAL GROUP INC/RI,6022.0,421,8672625866.0,ineligible_filing_history,7,7,,
2016-07-01,882184,HORTON D R INC /DE/,1531.0,423,9652171000.0,sector_excluded_sic_1531,8,8,,
2016-07-01,1020569,IRON MOUNTAIN INC,6798.0,424,,no_pit_valid_float,8,8,,
2016-07-01,1040971,SL GREEN REALTY CORP,6798.0,427,10300000000.0,sector_excluded_sic_6798,8,8,,
2016-07-01,1130310,CENTERPOINT ENERGY INC,4911.0,429,8146639191.0,sector_excluded_sic_4911,8,8,,
2016-07-01,1611983,Liberty Broadband Corp,4841.0,431,4700000000.0,ineligible_filing_history,7,7,,
2016-07-01,1043219,ANNALY CAPITAL MANAGEMENT INC,6798.0,432,8700000000.0,sector_excluded_sic_6798,8,8,,
2016-07-01,62996,MASCO CORP /DE/,3430.0,434,9059896000.0,sector_excluded_sic_3430,8,8,,
2016-07-01,51253,INTERNATIONAL FLAVORS & FRAGRANCES INC,2860.0,438,8921565803.0,sector_excluded_sic_2860,8,8,,
2016-07-01,54480,KANSAS CITY SOUTHERN,4011.0,439,10000000000.0,sector_excluded_sic_4011,8,8,,
2016-07-01,723254,CINTAS CORP,2320.0,442,,no_pit_valid_float,8,8,,
2016-07-01,931015,Polaris Inc.,3790.0,448,9796588000.0,sector_excluded_sic_3790,8,8,,
2016-07-01,1636023,WRKCo Inc.,2650.0,449,8926000000.0,sector_excluded_sic_2650,4,4,,
2016-07-01,1065696,LKQ CORP,5010.0,454,9100000000.0,sector_excluded_sic_5010,8,8,,
2016-07-01,78239,PVH CORP. /DE/,2320.0,459,9557904794.0,ineligible_filing_history,7,8,,
2016-07-01,1306830,Celanese Corp,2820.0,462,8461210679.0,sector_excluded_sic_2820,8,8,,
2016-07-01,895655,JARDEN CORP,5190.0,464,9400000000.0,ineligible_filing_history,7,7,,
2016-07-01,783280,DUKE REALTY CORP,6798.0,469,6411265592.0,sector_excluded_sic_6798,8,8,,
2016-07-01,91440,Snap-on Inc,3420.0,471,9300000000.0,sector_excluded_sic_3420,8,8,,
2016-07-01,1403568,"Ulta Beauty, Inc.",5990.0,472,9282171000.0,ineligible_filing_history,7,8,,
2016-07-01,1507385,"VEREIT, Inc.",6798.0,474,7300000000.0,sector_excluded_sic_6798,7,8,,
2016-07-01,1056239,L 3 COMMUNICATIONS HOLDINGS INC,3663.0,475,9200000000.0,ineligible_filing_history,7,8,,
2016-07-01,1618756,Restaurant Brands International Inc.,5812.0,478,7407938149.0,ineligible_filing_history,6,6,,
2016-07-01,352541,ALLIANT ENERGY CORP,4931.0,479,6500000000.0,sector_excluded_sic_4931,8,8,,
2016-07-01,764622,PINNACLE WEST CAPITAL CORP,4911.0,481,6271269171.0,sector_excluded_sic_4911,8,8,,
2016-07-01,915913,ALBEMARLE CORP,2821.0,483,6200000000.0,sector_excluded_sic_2821,8,8,,
2016-07-01,1477294,Sensata Technologies Holding plc,3823.0,484,8900000000.0,sector_excluded_sic_3823,8,8,,
2016-07-01,916076,MARTIN MARIETTA MATERIALS INC,1400.0,486,7537227743.0,sector_excluded_sic_1400,8,8,,
2016-07-01,1519751,"Fortune Brands Innovations, Inc.",2430.0,488,7264910465.0,sector_excluded_sic_2430,8,8,,
2016-07-01,746515,EXPEDITORS INTERNATIONAL OF WASHINGTON INC,4731.0,491,8643828563.0,sector_excluded_sic_4731,8,8,,
2016-07-01,943452,WESTINGHOUSE AIR BRAKE TECHNOLOGIES CORP,3743.0,495,8800000000.0,sector_excluded_sic_3743,8,8,,
2016-07-01,874761,AES CORP,4991.0,496,8790000000.0,sector_excluded_sic_4991,8,8,,
2016-07-01,920760,LENNAR CORP /NEW/,1520.0,497,8278307330.0,sector_excluded_sic_1520,8,8,,
2016-07-01,84129,"NEW RITE AID, LLC",5912.0,505,8554385104.0,ineligible_filing_history,7,8,,
2016-07-01,102741,VALSPAR CORP,2851.0,510,6500000000.0,sector_excluded_sic_2851,8,8,,
2016-07-01,1364479,HERC HOLDINGS INC,7350.0,511,8300000000.0,sector_excluded_sic_7350,4,6,,
2016-07-01,1067701,"UNITED RENTALS, INC.",7359.0,512,8300000000.0,sector_excluded_sic_7359,8,8,,
2016-07-01,910606,REGENCY CENTERS CORP,6798.0,517,5455675538.0,sector_excluded_sic_6798,8,8,,
2016-07-01,941548,CAMERON INTERNATIONAL CORP,3533.0,521,8048562581.0,sector_excluded_sic_3533,7,7,,
2016-07-01,1095073,"EVEREST GROUP, LTD.",6331.0,522,,no_pit_valid_float,8,8,,
2016-07-01,1579241,Allegion plc,7381.0,524,8000000000.0,sector_excluded_sic_7381,8,8,,
2016-07-01,1524472,Xylem Inc.,3561.0,525,6728099387.0,sector_excluded_sic_3561,8,8,,
2016-07-01,54507,"EVERGY KANSAS CENTRAL, INC.",4931.0,528,4831132308.0,sector_excluded_sic_4931,8,8,,
2016-07-01,1035443,"ALEXANDRIA REAL ESTATE EQUITIES, INC.",6798.0,530,6200000000.0,sector_excluded_sic_6798,8,8,,
2016-07-01,1501585,"HUNTINGTON INGALLS INDUSTRIES, INC.",3730.0,532,5417000000.0,sector_excluded_sic_3730,8,8,,
2016-07-01,749251,GARTNER INC,8741.0,534,6872193331.0,sector_excluded_sic_8741,8,8,,
2016-07-01,1037976,JONES LANG LASALLE INC,6531.0,535,7705853898.0,sector_excluded_sic_6531,8,8,,
2016-07-01,1124198,FLUOR CORP,1600.0,536,7700000000.0,sector_excluded_sic_1600,8,8,,
2016-07-01,906345,CAMDEN PROPERTY TRUST,6798.0,538,6381496192.0,sector_excluded_sic_6798,8,8,,
2016-07-01,945384,CICERO INC,7371.0,539,,no_pit_valid_float,8,8,,
2016-07-01,719955,WILLIAMS SONOMA INC,5700.0,540,7577638000.0,ineligible_filing_history,7,8,,
2016-07-01,1609702,"CDK Global, Inc.",7389.0,543,6600000000.0,ineligible_filing_history,7,7,,
2016-07-01,728535,HUNT J B TRANSPORT SERVICES INC,4213.0,544,7500000000.0,sector_excluded_sic_4213,8,8,,
2016-07-01,1513761,Norwegian Cruise Line Holdings Ltd.,4400.0,545,7500000000.0,sector_excluded_sic_4400,8,8,,
2016-07-01,751364,"NNN REIT, INC.",6798.0,546,4650752000.0,sector_excluded_sic_6798,8,8,,
2016-07-01,731802,ATMOS ENERGY CORP,4924.0,547,5500632050.0,sector_excluded_sic_4924,8,8,,
2016-07-01,804212,AIRGAS INC,5084.0,554,5800000000.0,sector_excluded_sic_5084,8,8,,
2016-07-01,1219601,"CROWN HOLDINGS, INC.",3411.0,556,7375696487.0,sector_excluded_sic_3411,8,8,,
2016-07-01,1470215,Towers Watson & Co.,8742.0,558,7310423100.0,sector_excluded_sic_8742,6,6,,
2016-07-01,1608249,"Zayo Group Holdings, Inc.",4813.0,560,7300000000.0,sector_excluded_sic_4813,7,7,,
2016-07-01,1045309,W R GRACE & CO,2800.0,563,7218117083.0,sector_excluded_sic_2800,8,8,,
2016-07-01,315213,ROBERT HALF INC.,7363.0,565,7212071210.0,sector_excluded_sic_7363,8,8,,
2016-07-01,1025378,W. P. Carey Inc.,6798.0,566,6100000000.0,sector_excluded_sic_6798,8,8,,
2016-07-01,1573097,"HD Supply Holdings, Inc.",5000.0,569,7136710596.0,sector_excluded_sic_5000,8,8,,
2016-07-01,822416,PULTEGROUP INC/MI/,1531.0,571,7084534862.0,sector_excluded_sic_1531,8,8,,
2016-07-01,1546640,ADT Corp,7381.0,574,7004401749.0,sector_excluded_sic_7381,8,8,,
2016-07-01,1317630,ITC Holdings Corp.,4911.0,576,4900000000.0,sector_excluded_sic_4911,8,8,,
2016-07-01,37785,FMC CORP,2800.0,581,6983610763.0,sector_excluded_sic_2800,8,8,,
2016-07-01,884614,UGI CORP /PA/,4932.0,582,5620244117.0,sector_excluded_sic_4932,8,8,,
2016-07-01,922864,APARTMENT INVESTMENT & MANAGEMENT CO,6798.0,583,5700000000.0,sector_excluded_sic_6798,8,8,,
2016-07-01,871763,ManpowerGroup Inc.,7363.0,586,6874139738.0,sector_excluded_sic_7363,8,8,,
2016-07-01,1135971,PEPCO HOLDINGS LLC,4931.0,589,6802600000.0,sector_excluded_sic_4931,8,8,,
2016-07-01,1013871,"NRG ENERGY, INC.",4911.0,592,6713289371.0,sector_excluded_sic_4911,8,8,,
2016-07-01,940944,DARDEN RESTAURANTS INC,5812.0,597,6326916000.0,ineligible_filing_history,7,8,,
2016-07-01,1157806,ENCANA CORP,1311.0,598,,no_pit_valid_float,0,0,,
2016-07-01,1575965,"Gaming & Leisure Properties, Inc.",6798.0,600,3800000000.0,sector_excluded_sic_6798,8,8,,
2016-07-01,1021635,OGE ENERGY CORP.,4911.0,603,5677464513.0,sector_excluded_sic_4911,8,8,,
2016-07-01,906163,NVR INC,1531.0,605,5130019000.0,sector_excluded_sic_1531,8,8,,
2016-07-01,888491,OMEGA HEALTHCARE INVESTORS INC,6798.0,606,6293415800.43,sector_excluded_sic_6798,8,8,,
2016-07-01,916457,CALPINE CORP,4911.0,607,6445000000.0,sector_excluded_sic_4911,8,8,,
2016-07-01,1003410,DUKE REALTY Ltd PARTNERSHIP/,6500.0,609,,no_pit_valid_float,8,8,,
2016-07-01,895417,EQUITY LIFESTYLE PROPERTIES INC,6798.0,612,4139900000.0,sector_excluded_sic_6798,8,8,,
2016-07-01,78128,"Essential Utilities, Inc.",4941.0,616,4320725320.0,sector_excluded_sic_4941,8,8,,
2016-07-01,110621,RPM INTERNATIONAL INC/DE/,2851.0,619,6251486443.0,sector_excluded_sic_2851,8,8,,
2016-07-01,832101,IDEX CORP /DE/,3561.0,620,6085231271.0,sector_excluded_sic_3561,8,8,,
2016-07-01,779152,JACK HENRY & ASSOCIATES INC,7373.0,621,5046822763.0,ineligible_filing_history,7,8,,
2016-07-01,75677,PACKAGING CORP OF AMERICA,2650.0,622,6119141093.0,sector_excluded_sic_2650,8,8,,
2016-07-01,1025996,KILROY REALTY CORP,6798.0,628,5926241394.0,sector_excluded_sic_6798,8,8,,
2016-07-01,864749,TRIMBLE INC.,3829.0,630,6100000000.0,sector_excluded_sic_3829,8,8,,
2016-07-01,1308606,"SPIRIT REALTY CAPITAL, INC.",6512.0,631,4300000000.0,sector_excluded_sic_6512,8,8,,
2016-07-01,1581068,Brixmor Property Group Inc.,6798.0,635,4003432157.0,sector_excluded_sic_6798,8,8,,
2016-07-01,849213,PLUM CREEK TIMBER CO INC,6798.0,636,6067944931.0,sector_excluded_sic_6798,7,7,,
2016-07-01,912595,MID AMERICA APARTMENT COMMUNITIES INC.,6798.0,638,3628262095.0,sector_excluded_sic_6798,8,8,,
2016-07-01,885590,Bausch Health Companies Inc.,2834.0,639,75445451000.0,ineligible_filing_history,7,8,,
2016-07-01,8858,AVNET INC,5065.0,640,5931014369.0,sector_excluded_sic_5065,8,8,,
2016-07-01,1370946,Owens Corning,3290.0,641,4850794039.0,sector_excluded_sic_3290,8,8,,
2016-07-01,1423689,AGNC Investment Corp.,6798.0,642,5900000000.0,sector_excluded_sic_6798,8,8,,
2016-07-01,861361,B/E AEROSPACE INC,3728.0,645,5873000000.0,sector_excluded_sic_3728,8,8,,
2016-07-01,1617640,"ZILLOW GROUP, INC.",7389.0,646,4380916635.0,ineligible_filing_history,5,5,,
2016-07-01,1647509,"Forest City Realty Trust, Inc.",6798.0,647,4954752906.0,sector_excluded_sic_6798,2,2,,
2016-07-01,1057058,"Waste Connections US, Inc.",4953.0,652,5778923129.0,sector_excluded_sic_4953,8,8,,
2016-07-01,20520,"Frontier Communications Parent, Inc.",4813.0,653,5743714000.0,sector_excluded_sic_4813,8,8,,
2016-07-01,794170,"Toll Brothers, Inc.",1531.0,656,5743487000.0,sector_excluded_sic_1531,8,8,,
2016-07-01,921112,LIBERTY PROPERTY TRUST,6798.0,659,4700000000.0,sector_excluded_sic_6798,8,8,,
2016-07-01,1498828,Howard Hughes Corp,6798.0,660,5700000000.0,sector_excluded_sic_6798,8,8,,
2016-07-01,1050915,"QUANTA SERVICES, INC.",1731.0,662,5700000000.0,sector_excluded_sic_1731,8,8,,
2016-07-01,8818,Avery Dennison Corp,2670.0,663,5661989013.0,sector_excluded_sic_2670,8,8,,
2016-07-01,877212,ZEBRA TECHNOLOGIES CORP,3560.0,664,5649249748.0,sector_excluded_sic_3560,8,8,,
2016-07-01,52988,JACOBS SOLUTIONS INC.,1600.0,666,5600000000.0,sector_excluded_sic_1600,8,8,,
2016-07-01,894315,SITE Centers Corp.,6798.0,667,4700000000.0,sector_excluded_sic_6798,8,8,,
2016-07-01,1316360,IHS Inc.,7370.0,668,5600000000.0,ineligible_filing_history,6,8,,
2016-07-01,1004155,SOUTHERN CO GAS,4924.0,669,5591017687.0,sector_excluded_sic_4924,8,8,,
2016-07-01,1298675,CubeSmart,6798.0,675,3877874154.0,sector_excluded_sic_6798,8,8,,
2016-07-01,1273801,NORTHSTAR REALTY FINANCE CORP.,6798.0,676,5500532003.0,sector_excluded_sic_6798,8,8,,
2016-07-01,1364885,"Spirit AeroSystems Holdings, Inc.",3728.0,677,7680000.0,sector_excluded_sic_3728,8,8,,
2016-07-01,1090425,LAMAR ADVERTISING CO/NEW,6798.0,678,4696110999.0,sector_excluded_sic_6798,8,8,,
2016-07-01,1135152,FMC TECHNOLOGIES INC,3533.0,679,5416567545.0,sector_excluded_sic_3533,8,8,,
2016-07-01,1027884,CHICAGO BRIDGE & IRON CO N V,1700.0,681,,no_pit_valid_float,8,8,,
2016-07-01,861884,"RELIANCE, INC.",5051.0,685,4320000000.0,sector_excluded_sic_5051,8,8,,
2016-07-01,1428875,TERMINIX GLOBAL HOLDINGS INC,8741.0,686,3814000000.0,sector_excluded_sic_8741,8,8,,
2016-07-01,7536,"ARROW ELECTRONICS, INC.",5065.0,687,5352842897.0,sector_excluded_sic_5065,8,8,,
2016-07-01,1000229,CORE LABORATORIES N V,1389.0,688,,no_pit_valid_float,8,8,,
2016-07-01,1158463,JETBLUE AIRWAYS CORP,4512.0,692,6500000000.0,sector_excluded_sic_4512,8,8,,
2016-07-01,1616862,Axalta Coating Systems Ltd.,2851.0,701,5200000000.0,sector_excluded_sic_2851,7,7,,
2016-07-01,30625,FLOWSERVE CORP,3561.0,702,5197000000.0,sector_excluded_sic_3561,8,8,,
2016-07-01,1045450,EPR PROPERTIES,6798.0,705,3467970991.0,sector_excluded_sic_6798,8,8,,
2016-07-01,1283630,AMERICAN CAMPUS COMMUNITIES INC,6798.0,706,3633281174.0,sector_excluded_sic_6798,8,8,,
2016-07-01,921082,"HIGHWOODS PROPERTIES, INC.",6798.0,707,3700000000.0,sector_excluded_sic_6798,8,8,,
2016-07-01,912593,SUN COMMUNITIES INC,6798.0,710,2887393358.0,sector_excluded_sic_6798,8,8,,
2016-07-01,1465128,"STARWOOD PROPERTY TRUST, INC.",6798.0,714,5022364171.0,sector_excluded_sic_6798,8,8,,
2016-07-01,1364250,Douglas Emmett Inc,6798.0,715,3700000000.0,sector_excluded_sic_6798,8,8,,
2016-07-01,1500435,"GoPro, Inc.",3861.0,716,5005600000.0,sector_excluded_sic_3861,8,8,,
2016-07-01,918646,EAGLE MATERIALS INC,3241.0,718,3300000000.0,sector_excluded_sic_3241,8,8,,
2016-07-01,29644,DONALDSON Co INC,3564.0,720,4956390941.0,sector_excluded_sic_3564,7,8,,
2016-07-01,1121788,GARMIN LTD,3812.0,722,7551199189.0,sector_excluded_sic_3812,8,8,,
2016-07-01,70145,NATIONAL FUEL GAS CO,4924.0,723,4935145000.0,sector_excluded_sic_4924,8,8,,
2016-07-01,1075415,DIVERSIFIED HEALTHCARE TRUST,6798.0,726,4100000000.0,sector_excluded_sic_6798,8,8,,
2016-07-01,11199,"Amcor Flexibles North America, Inc.",2670.0,728,4342067304.0,sector_excluded_sic_2670,8,8,,
2016-07-01,916085,HEALTH NET INC,6324.0,730,4858629585.0,ineligible_filing_history,7,7,,
2016-07-01,1069202,LENNOX INTERNATIONAL INC,3585.0,733,4800000000.0,sector_excluded_sic_3585,8,8,,
2016-07-01,828916,WEINGARTEN REALTY INVESTORS /TX/,6798.0,734,3700000000.0,sector_excluded_sic_6798,8,8,,
2016-07-01,717605,HEXCEL CORP /DE/,2821.0,737,4785337672.0,sector_excluded_sic_2821,8,8,,
2016-07-01,944314,"LIFE STORAGE, INC.",6798.0,739,3042907782.0,sector_excluded_sic_6798,8,8,,
2016-07-01,1022671,STEEL DYNAMICS INC,3312.0,741,4117734350.0,sector_excluded_sic_3312,8,8,,
2016-07-01,101830,SPRINT LLC,4813.0,744,2342009176.0,sector_excluded_sic_4813,8,8,,
2016-07-01,354908,"Teledyne FLIR, LLC",3812.0,746,,no_pit_valid_float,8,8,,
2016-07-01,1143068,GREAT PLAINS ENERGY INC,4911.0,748,3725295076.0,sector_excluded_sic_4911,8,8,,
2016-07-01,1562401,American Homes 4 Rent,6798.0,749,3300000000.0,sector_excluded_sic_6798,8,8,,
2016-07-01,1657853,"HERTZ GLOBAL HOLDINGS, INC",7510.0,753,,no_pit_valid_float,0,0,,
2016-07-01,1082754,TEAM HEALTH HOLDINGS INC.,7363.0,754,4700000000.0,sector_excluded_sic_7363,8,8,,
2016-07-01,67716,MDU RESOURCES GROUP INC,1400.0,757,3805857581.0,sector_excluded_sic_1400,8,8,,
2016-07-01,14930,BRUNSWICK CORP,3510.0,762,4630222823.0,sector_excluded_sic_3510,8,8,,
2016-07-01,1498710,"Spirit Aviation Holdings, Inc.",4512.0,773,4500000000.0,sector_excluded_sic_4512,8,8,,
2016-07-01,1408075,GRAPHIC PACKAGING HOLDING CO,2650.0,774,4500000000.0,sector_excluded_sic_2650,8,8,,
2016-07-01,1538990,STORE CAPITAL LLC,6798.0,775,1100000000.0,sector_excluded_sic_6798,6,6,,
2016-07-01,1145460,ALERE INC.,2835.0,777,2918891906.0,ineligible_filing_history,6,6,,
2016-07-01,59527,LINCOLN ELECTRIC HOLDINGS INC,3540.0,779,4448640206.0,sector_excluded_sic_3540,8,8,,
2016-07-01,1360604,Healthcare Realty Trust Inc,6798.0,781,2975115000.0,sector_excluded_sic_6798,8,8,,
2016-07-01,1115222,DUN & BRADSTREET CORP/NW,7320.0,782,4400000000.0,sector_excluded_sic_7320,8,8,,
2016-07-01,1553023,CyrusOne Holdco LLC,6798.0,784,1900000000.0,sector_excluded_sic_6798,8,8,,
2016-07-01,1645494,ARRIS International plc,3663.0,786,4400000000.0,ineligible_filing_history,3,3,,
2016-07-01,1307954,Huntsman CORP,2800.0,787,4388665516.0,sector_excluded_sic_2800,8,8,,
2016-07-01,91767,SONOCO PRODUCTS CO,2650.0,788,4382644679.0,sector_excluded_sic_2650,8,8,,
2016-07-01,1058057,MARVELL TECHNOLOGY GROUP LTD,3674.0,789,4926000000.0,ineligible_filing_history,4,4,,
2016-07-01,878927,"OLD DOMINION FREIGHT LINE, INC.",4213.0,790,4365601240.0,sector_excluded_sic_4213,8,8,,
2016-07-01,1096385,VECTREN CORP,4932.0,792,3174747149.0,sector_excluded_sic_4932,8,8,,
2016-07-01,726513,TRIBUNE MEDIA CO,4833.0,795,4347656884.0,ineligible_filing_history,6,6,,
2016-07-01,1170991,DCT Industrial Trust Inc.,6798.0,800,2700000000.0,sector_excluded_sic_6798,8,8,,
2016-07-01,27419,TARGET CORP,5331.0,94,51550988273.0,below_sector_K,8,8,consumer,21.0
2016-07-01,1377013,"SPECTRUM MANAGEMENT HOLDING COMPANY, LLC",4841.0,99,50400000000.0,below_sector_K,8,8,consumer,22.0
2016-07-01,109198,TJX COMPANIES INC /DE/,5651.0,106,46987637661.0,below_sector_K,8,8,consumer,23.0
2016-07-01,1570585,Liberty Global Ltd.,4841.0,109,44200000000.0,below_sector_K,8,8,consumer,24.0
2016-07-01,899866,"ALEXION PHARMACEUTICALS, INC.",2834.0,125,39491560848.0,below_sector_K,8,8,healthcare,21.0
2016-07-01,1041061,YUM BRANDS INC,5812.0,127,39400000000.0,below_sector_K,8,8,consumer,25.0
2016-07-01,10456,BAXTER INTERNATIONAL INC,3841.0,131,38000000000.0,below_sector_K,8,8,healthcare,22.0
2016-07-01,56873,KROGER CO,5411.0,134,37100000000.0,below_sector_K,8,9,consumer,26.0
2016-07-01,1065280,NETFLIX INC,7841.0,129,33823183533.0,below_sector_K,8,8,consumer,27.0
2016-07-01,31462,ECOLAB INC.,2840.0,139,33339392886.0,below_sector_K,8,8,consumer,28.0
2016-07-01,310764,STRYKER CORP,3841.0,115,33330554534.0,below_sector_K,8,8,healthcare,23.0
2016-07-01,93751,STATE STREET CORP,6022.0,160,31210000000.0,below_sector_K,8,8,financials,21.0
2016-07-01,1110803,"ILLUMINA, INC.",3826.0,161,31200000000.0,below_sector_K,8,8,healthcare,24.0
2016-07-01,1156375,CME GROUP INC.,6200.0,150,31100000000.0,below_sector_K,8,8,financials,22.0
2016-07-01,1275283,REYNOLDS AMERICAN INC,2111.0,110,31000000000.0,below_sector_K,8,8,consumer,29.0
2016-07-01,62709,"MARSH & MCLENNAN COMPANIES, INC.",6411.0,137,30066092147.0,below_sector_K,8,8,financials,23.0
2016-07-01,10795,BECTON DICKINSON & CO,3841.0,153,30013657226.0,below_sector_K,8,8,healthcare,25.0
2016-07-01,875320,VERTEX PHARMACEUTICALS INC / MA,2834.0,166,30000000000.0,below_sector_K,8,8,healthcare,26.0
2016-07-01,86312,"TRAVELERS COMPANIES, INC.",6331.0,140,29961887660.0,below_sector_K,8,8,financials,24.0
2016-07-01,860730,"HCA Healthcare, Inc.",8062.0,167,29839000000.0,below_sector_K,8,8,healthcare,27.0
2016-07-01,92230,TRUIST FINANCIAL CORP,6021.0,169,29400000000.0,below_sector_K,8,8,financials,25.0
2016-07-01,7084,Archer-Daniels-Midland Co,2070.0,174,28900000000.0,below_sector_K,8,8,consumer,30.0
2016-07-01,49071,HUMANA INC,6324.0,177,28626230036.0,below_sector_K,8,8,healthcare,28.0
2016-07-01,1222333,SPDR GOLD TRUST,6221.0,149,28135366000.0,below_sector_K,8,8,financials,26.0
2016-07-01,315293,Aon plc,6411.0,173,27889141346.0,below_sector_K,8,8,financials,27.0
2016-07-01,721371,CARDINAL HEALTH INC,5122.0,170,26604792216.0,below_sector_K,8,8,healthcare,29.0
2016-07-01,4977,AFLAC INC,6321.0,171,26502846889.0,below_sector_K,8,8,financials,28.0
2016-07-01,1318605,"Tesla, Inc.",3711.0,193,26340519416.0,below_sector_K,8,8,consumer,31.0
2016-07-01,899051,ALLSTATE CORP,6331.0,196,25770000000.0,below_sector_K,8,8,financials,29.0
2016-07-01,89800,SHERWIN WILLIAMS CO,5200.0,189,25439468259.0,below_sector_K,8,8,consumer,32.0
2016-07-01,1393612,Discover Financial Services,6141.0,204,25025686289.0,below_sector_K,8,8,financials,30.0
2016-07-01,865752,Monster Beverage Corp,2086.0,182,24970779420.0,below_sector_K,8,8,consumer,33.0
2016-07-01,1393818,Blackstone Inc.,6282.0,205,24800000000.0,below_sector_K,8,8,financials,31.0
2016-07-01,813828,Paramount Global,4833.0,207,24504818550.0,below_sector_K,8,8,consumer,34.0
2016-07-01,1571949,"Intercontinental Exchange, Inc.",6200.0,164,24399732198.0,below_sector_K,8,8,financials,32.0
2016-07-01,1555280,Zoetis Inc.,2834.0,212,24278000000.0,below_sector_K,8,8,healthcare,30.0
2016-07-01,1521332,Aptiv PLC,3714.0,214,24121485016.0,below_sector_K,8,8,consumer,35.0
2016-07-01,96021,SYSCO CORP,5140.0,219,23927875000.0,below_sector_K,8,8,consumer,36.0
2016-07-01,29534,DOLLAR GENERAL CORP,5331.0,222,23660000000.0,below_sector_K,8,8,consumer,37.0
2016-07-01,885725,BOSTON SCIENTIFIC CORP,3841.0,157,23500000000.0,below_sector_K,8,8,healthcare,31.0
2016-07-01,750556,SUNTRUST BANKS INC,6021.0,230,22600000000.0,below_sector_K,8,8,financials,33.0
2016-07-01,820027,AMERIPRISE FINANCIAL INC,6282.0,231,22300000000.0,below_sector_K,8,8,financials,34.0
2016-07-01,75362,PACCAR INC,3711.0,232,22180000000.0,below_sector_K,8,8,consumer,38.0
2016-07-01,1418091,"TWITTER, INC.",7370.0,237,21559514818.0,below_sector_K,8,8,tech,21.0
2016-07-01,745732,"ROSS STORES, INC.",5651.0,239,21249450321.0,below_sector_K,8,8,consumer,39.0
2016-07-01,16918,"CONSTELLATION BRANDS, INC.",2080.0,240,21123013825.0,below_sector_K,8,9,consumer,40.0
2016-07-01,804753,CERNER Corp,7373.0,244,21000000000.0,below_sector_K,8,8,tech,22.0
2016-07-01,203077,"ST JUDE MEDICAL, LLC",3845.0,247,20600000000.0,below_sector_K,8,8,healthcare,32.0
2016-07-01,1038357,PIONEER NATURAL RESOURCES CO,1311.0,199,20541004904.0,below_sector_K,8,8,energy,21.0
2016-07-01,1140859,"Cencora, Inc.",5122.0,250,20376106134.0,below_sector_K,8,8,healthcare,33.0
2016-07-01,38777,FRANKLIN RESOURCES INC,6282.0,252,20100000000.0,below_sector_K,8,8,financials,35.0
2016-07-01,712515,ELECTRONIC ARTS INC.,7372.0,253,20088000000.0,below_sector_K,8,8,tech,23.0
2016-07-01,701985,"Bath & Body Works, Inc.",5990.0,255,19909393868.0,below_sector_K,8,8,consumer,41.0
2016-07-01,798354,FISERV INC,7389.0,217,19436958123.0,below_sector_K,8,8,financials,36.0
2016-07-01,1113169,PRICE T ROWE GROUP INC,6282.0,259,19400000000.0,below_sector_K,8,8,financials,37.0
2016-07-01,1300514,LAS VEGAS SANDS CORP,7011.0,262,19152622288.0,below_sector_K,8,8,consumer,42.0
2016-07-01,1136869,"ZIMMER BIOMET HOLDINGS, INC.",3842.0,216,18873280711.0,below_sector_K,8,8,healthcare,34.0
2016-07-01,865436,WHOLE FOODS MARKET INC,5411.0,268,18405940771.0,below_sector_K,8,8,consumer,43.0
2016-07-01,4127,"SKYWORKS SOLUTIONS, INC.",3674.0,269,18378125308.0,below_sector_K,8,8,tech,24.0
2016-07-01,1452575,Mead Johnson Nutrition Co,2000.0,270,18300000000.0,below_sector_K,8,8,consumer,44.0
2016-07-01,898173,O REILLY AUTOMOTIVE INC,5531.0,249,18290893288.0,below_sector_K,8,8,consumer,45.0
2016-07-01,101778,MARATHON OIL CORP,1311.0,274,17916000000.0,below_sector_K,8,8,energy,22.0
2016-07-01,1035267,INTUITIVE SURGICAL INC,3842.0,203,17737874460.0,below_sector_K,8,8,healthcare,35.0
2016-07-01,55067,KELLANOVA,2040.0,279,17700000000.0,below_sector_K,8,8,consumer,46.0
2016-07-01,73124,NORTHERN TRUST CORP,6022.0,280,17700000000.0,below_sector_K,8,8,financials,38.0
2016-07-01,1001250,ESTEE LAUDER COMPANIES INC,2844.0,257,17600000000.0,below_sector_K,8,8,consumer,47.0
2016-07-01,1101215,"BREAD FINANCIAL HOLDINGS, INC.",6141.0,281,17600000000.0,below_sector_K,8,8,financials,39.0
2016-07-01,1136893,"Fidelity National Information Services, Inc.",7389.0,218,17226071065.0,below_sector_K,8,8,financials,40.0
2016-07-01,1070423,PLAINS ALL AMERICAN PIPELINE LP,4610.0,290,17100000000.0,below_sector_K,8,8,energy,23.0
2016-07-01,1355096,"Old QVC Group, Inc.",5961.0,292,17100000000.0,below_sector_K,8,8,consumer,48.0
2016-07-01,879169,INCYTE CORP,8731.0,293,17100000000.0,below_sector_K,8,8,healthcare,36.0
2016-07-01,874766,"HARTFORD INSURANCE GROUP, INC.",6331.0,295,17000000000.0,below_sector_K,8,8,financials,41.0
2016-07-01,29989,OMNICOM GROUP INC.,7311.0,260,16891929000.0,below_sector_K,8,8,consumer,49.0
2016-07-01,4447,HESS CORP,2911.0,298,16710000000.0,below_sector_K,8,8,energy,24.0
2016-07-01,1126975,"Magellan Midstream Partners, L.P.",4610.0,288,16650375615.0,below_sector_K,8,8,energy,25.0
2016-07-01,1593034,Endo International plc,2834.0,299,16572203055.0,below_sector_K,8,8,healthcare,37.0
2016-07-01,72207,NOBLE ENERGY INC,1311.0,303,16500000000.0,below_sector_K,8,8,energy,26.0
2016-07-01,81061,PUBLIX SUPER MARKETS INC,5411.0,265,16483013000.0,below_sector_K,8,8,consumer,50.0
2016-07-01,927066,DAVITA INC.,8090.0,291,16400000000.0,below_sector_K,8,8,healthcare,38.0
2016-07-01,35527,FIFTH THIRD BANCORP,6022.0,306,16277829299.0,below_sector_K,8,8,financials,42.0
2016-07-01,80661,PROGRESSIVE CORP/OH/,6331.0,261,16089731768.0,below_sector_K,8,8,financials,43.0
2016-07-01,914208,Invesco Ltd.,6282.0,313,15800000000.0,below_sector_K,8,8,financials,44.0
2016-07-01,14693,BROWN FORMAN CORP,2080.0,316,15400000000.0,below_sector_K,8,8,consumer,51.0
2016-07-01,820313,AMPHENOL CORP /DE/,3678.0,315,15287000000.0,below_sector_K,8,8,tech,25.0
2016-07-01,1048477,BIOMARIN PHARMACEUTICAL INC,2834.0,318,15200000000.0,below_sector_K,8,8,healthcare,39.0
2016-07-01,1099800,Edwards Lifesciences Corp,3842.0,243,15189354669.0,below_sector_K,8,8,healthcare,40.0
2016-07-01,1567892,Keenova Therapeutics plc,2834.0,319,15146400000.0,below_sector_K,8,8,healthcare,41.0
2016-07-01,1126328,PRINCIPAL FINANCIAL GROUP INC,6321.0,320,15117514493.0,below_sector_K,8,8,financials,45.0
2016-07-01,1336917,"Under Armour, Inc.",2300.0,322,15034547119.0,below_sector_K,8,8,consumer,52.0
2016-07-01,36270,M&T BANK CORP,6022.0,297,14816451138.0,below_sector_K,8,8,financials,46.0
2016-07-01,1048286,MARRIOTT INTERNATIONAL INC /MD/,7011.0,328,14801193156.0,below_sector_K,8,8,consumer,53.0
2016-07-01,59558,LINCOLN NATIONAL CORP,6311.0,329,14800000000.0,below_sector_K,8,8,financials,47.0
2016-07-01,1001082,DISH Network CORP,4841.0,330,14700000000.0,below_sector_K,8,8,consumer,54.0
2016-07-01,1585689,Hilton Worldwide Holdings Inc.,7011.0,331,14679000000.0,below_sector_K,8,8,consumer,55.0
2016-07-01,1358071,CONCHO RESOURCES INC,1311.0,309,14274370137.0,below_sector_K,8,8,energy,27.0
2016-07-01,1091667,"CHARTER COMMUNICATIONS, INC. /MO/",4841.0,102,13900000000.0,below_sector_K,8,8,consumer,56.0
2016-07-01,316206,"STARWOOD HOTELS & RESORTS WORLDWIDE, LLC",7011.0,343,13800000000.0,below_sector_K,8,8,consumer,57.0
2016-07-01,1359841,Hanesbrands Inc.,5600.0,344,13577320340.0,below_sector_K,8,8,consumer,58.0
2016-07-01,1281761,REGIONS FINANCIAL CORP,6021.0,347,13350698931.0,below_sector_K,8,8,financials,48.0
2016-07-01,718877,"Activision Blizzard, Inc.",7372.0,183,13345675247.0,below_sector_K,8,8,tech,26.0
2016-07-01,849399,Gen Digital Inc.,7372.0,307,13338113735.0,below_sector_K,8,8,tech,27.0
2016-07-01,106640,WHIRLPOOL CORP /DE/,3630.0,350,13245777309.0,below_sector_K,8,8,consumer,59.0
2016-07-01,91419,J M SMUCKER Co,2033.0,351,13168504516.0,below_sector_K,8,8,consumer,60.0
2016-07-01,47111,HERSHEY CO,2060.0,352,13110173681.0,below_sector_K,8,8,consumer,61.0
2016-07-01,858470,Coterra Energy Inc.,1311.0,356,13000000000.0,below_sector_K,8,8,energy,28.0
2016-07-01,1437107,"Warner Bros. Discovery, Inc.",4841.0,357,13000000000.0,below_sector_K,8,8,consumer,62.0
2016-07-01,352915,UNIVERSAL HEALTH SERVICES INC,8062.0,361,12900000000.0,below_sector_K,8,8,healthcare,42.0
2016-07-01,908255,BORGWARNER INC,3714.0,363,12800000000.0,below_sector_K,8,8,consumer,63.0
2016-07-01,91576,KEYCORP /NEW/,6021.0,371,12670985551.0,below_sector_K,8,8,financials,49.0
2016-07-01,9892,BARD C R INC /NJ/,3841.0,287,12665793710.0,below_sector_K,8,8,healthcare,43.0
2016-07-01,1144519,BUNGELTD,2070.0,375,12561000000.0,below_sector_K,8,8,consumer,64.0
2016-07-01,1170010,CARMAX INC,5500.0,376,12500766966.0,below_sector_K,8,8,consumer,65.0
2016-07-01,1158449,ADVANCE AUTO PARTS INC,5531.0,379,12380794585.0,below_sector_K,8,8,consumer,66.0
2016-07-01,98246,TIFFANY & CO,5944.0,384,12261388517.0,below_sector_K,8,8,consumer,67.0
2016-07-01,815556,FASTENAL CO,5200.0,366,12195658299.0,below_sector_K,8,8,consumer,68.0
2016-07-01,1000228,HENRY SCHEIN INC,5047.0,342,12167497000.0,below_sector_K,8,8,healthcare,44.0
2016-07-01,851968,MOHAWK INDUSTRIES INC,2273.0,387,12157940025.0,below_sector_K,8,8,consumer,69.0
2016-07-01,1086222,AKAMAI TECHNOLOGIES INC,7389.0,388,12136900000.0,below_sector_K,8,8,financials,50.0
2016-07-01,920148,LABCORP HOLDINGS INC.,8071.0,370,12100000000.0,below_sector_K,8,8,healthcare,45.0
2016-07-01,885639,KOHLS Corp,5311.0,409,12000000000.0,below_sector_K,8,8,consumer,70.0
2016-07-01,1004434,"AFFILIATED MANAGERS GROUP, INC.",6282.0,390,11842794467.0,below_sector_K,8,8,financials,51.0
2016-07-01,60086,LOEWS CORP,6331.0,393,11763000000.0,below_sector_K,8,8,financials,52.0
2016-07-01,72333,NORDSTROM INC,5651.0,394,11700000000.0,below_sector_K,8,8,consumer,71.0
2016-07-01,1418135,Keurig Dr Pepper Inc.,2080.0,275,11403612484.0,below_sector_K,8,8,consumer,72.0
2016-07-01,769397,"Autodesk, Inc.",7372.0,397,11400000000.0,below_sector_K,8,8,tech,28.0
2016-07-01,1442145,"Verisk Analytics, Inc.",7374.0,365,11382668479.0,below_sector_K,8,8,tech,29.0
2016-07-01,108772,XEROX CORP,3577.0,398,11371974991.0,below_sector_K,8,8,tech,30.0
2016-07-01,1058090,CHIPOTLE MEXICAN GRILL INC,5812.0,403,11200000000.0,below_sector_K,8,8,consumer,73.0
2016-07-01,875159,XL GROUP LTD,6331.0,404,11200000000.0,below_sector_K,8,8,financials,53.0
2016-07-01,814453,NEWELL BRANDS INC.,3089.0,226,10900000000.0,below_sector_K,8,8,consumer,74.0
2016-07-01,1096343,MARKEL GROUP INC.,6331.0,359,10847000000.0,below_sector_K,8,8,financials,54.0
2016-07-01,68505,"Motorola Solutions, Inc.",3663.0,413,10800000000.0,below_sector_K,8,8,tech,31.0
2016-07-01,935703,"DOLLAR TREE, INC.",5331.0,416,10784848842.0,below_sector_K,8,8,consumer,75.0
2016-07-01,877890,CITRIX SYSTEMS INC,7372.0,377,10767687991.0,below_sector_K,8,8,tech,32.0
2016-07-01,1560385,Liberty Media Corp,4833.0,389,10700000000.0,below_sector_K,8,8,consumer,76.0
2016-07-01,1000697,WATERS CORP /DE/,3826.0,418,10641836000.0,below_sector_K,8,8,healthcare,46.0
2016-07-01,313927,CHURCH & DWIGHT CO INC /DE/,2840.0,358,10600000000.0,below_sector_K,8,8,consumer,77.0
2016-07-01,33213,EQT Corp,1311.0,348,10500000000.0,below_sector_K,8,8,energy,29.0
2016-07-01,1535929,"Voya Financial, Inc.",6311.0,422,10500000000.0,below_sector_K,8,8,financials,55.0
2016-07-01,24545,MOLSON COORS BEVERAGE CO,2082.0,271,10443430912.0,below_sector_K,8,8,consumer,78.0
2016-07-01,1022079,QUEST DIAGNOSTICS INC,8071.0,401,10400000000.0,below_sector_K,8,8,healthcare,47.0
2016-07-01,1365135,Western Union CO,7389.0,425,10300000000.0,below_sector_K,8,8,financials,56.0
2016-07-01,50104,ANDEAVOR LLC,2911.0,426,10300000000.0,below_sector_K,8,8,energy,30.0
2016-07-01,1034670,AUTOLIV INC,3714.0,428,10280000000.0,below_sector_K,8,8,consumer,79.0
2016-07-01,1168054,CIMAREX ENERGY CO,1311.0,407,10200000000.0,below_sector_K,8,8,energy,31.0
2016-07-01,1116132,"TAPESTRY, INC.",3100.0,430,10200000000.0,below_sector_K,8,8,consumer,80.0
2016-07-01,1404912,KKR & Co. Inc.,6282.0,436,10100000000.0,below_sector_K,8,8,financials,57.0
2016-07-01,1178670,"ALNYLAM PHARMACEUTICALS, INC.",2834.0,437,10043526713.0,below_sector_K,8,8,healthcare,48.0
2016-07-01,39911,GAP INC,5651.0,440,10000000000.0,below_sector_K,8,8,consumer,81.0
2016-07-01,1045810,NVIDIA CORP,3674.0,441,9918351568.0,below_sector_K,8,8,tech,33.0
2016-07-01,1000180,SANDISK CORP,3572.0,443,9900018831.0,below_sector_K,8,8,tech,34.0
2016-07-01,916365,TRACTOR SUPPLY CO /DE/,5200.0,444,9900000000.0,below_sector_K,8,8,consumer,82.0
2016-07-01,40729,Ally Financial Inc.,6022.0,445,9874447499.0,below_sector_K,8,8,financials,58.0
2016-07-01,1526520,"TripAdvisor, Inc.",7370.0,446,9823354131.0,below_sector_K,8,8,tech,35.0
2016-07-01,1491675,"COCA-COLA EUROPEAN PARTNERS US, LLC",2086.0,447,9798932717.0,below_sector_K,8,8,consumer,83.0
2016-07-01,1043604,JUNIPER NETWORKS INC,3576.0,451,9668000000.0,below_sector_K,8,8,tech,36.0
2016-07-01,832988,SIGNET JEWELERS LTD,5944.0,453,9644661044.0,below_sector_K,8,8,consumer,84.0
2016-07-01,1071739,CENTENE CORP,6324.0,386,9600000000.0,below_sector_K,8,8,healthcare,49.0
2016-07-01,1090872,"AGILENT TECHNOLOGIES, INC.",3826.0,455,9600000000.0,below_sector_K,8,8,healthcare,50.0
2016-07-01,1361658,Travel & Leisure Co.,7011.0,458,9574693998.0,below_sector_K,8,8,consumer,85.0
2016-07-01,1520262,Alkermes plc.,2834.0,460,9530707684.0,below_sector_K,8,8,healthcare,51.0
2016-07-01,1327811,"Workday, Inc.",7374.0,461,9500000000.0,below_sector_K,8,8,tech,37.0
2016-07-01,1037646,METTLER TOLEDO INTERNATIONAL INC/,3826.0,452,9458220734.0,below_sector_K,8,8,healthcare,52.0
2016-07-01,1173431,TD AMERITRADE HOLDING CORP,6211.0,302,9400000000.0,below_sector_K,8,8,financials,59.0
2016-07-01,791519,STAPLES INC,5940.0,463,9400000000.0,below_sector_K,8,8,consumer,86.0
2016-07-01,805022,"BUCKEYE PARTNERS, L.P.",4610.0,465,9400000000.0,below_sector_K,8,8,energy,32.0
2016-07-01,203527,VARIAN MEDICAL SYSTEMS INC,3845.0,467,9373307322.0,below_sector_K,8,8,healthcare,53.0
2016-07-01,1327567,Palo Alto Networks Inc,3577.0,369,9283109783.0,below_sector_K,8,8,tech,38.0
2016-07-01,743988,XILINX INC,3674.0,385,9211319000.0,below_sector_K,8,8,tech,39.0
2016-07-01,859737,HOLOGIC INC,3844.0,456,9098955240.0,below_sector_K,8,8,healthcare,54.0
2016-07-01,28412,COMERICA INC,6021.0,480,9000000000.0,below_sector_K,8,8,financials,60.0
2016-07-01,842162,LEAR CORP,3714.0,485,8899839473.0,below_sector_K,8,8,consumer,87.0
2016-07-01,16732,CAMPBELL'S Co,2000.0,411,8888874209.0,below_sector_K,8,8,consumer,88.0
2016-07-01,49196,HUNTINGTON BANCSHARES INC /MD/,6021.0,487,8871190906.0,below_sector_K,8,8,financials,61.0
2016-07-01,707549,LAM RESEARCH CORP,3559.0,489,8838403605.0,below_sector_K,8,8,tech,40.0
2016-07-01,5513,Unum Group,6321.0,493,8800000000.0,below_sector_K,8,8,financials,62.0
2016-07-01,12659,H&R BLOCK INC,7200.0,490,8763578047.0,below_sector_K,8,8,consumer,89.0
2016-07-01,7332,SOUTHWESTERN ENERGY CO,1311.0,498,8694538969.0,below_sector_K,8,8,energy,33.0
2016-07-01,46080,"HASBRO, INC.",3944.0,466,8638748000.0,below_sector_K,8,8,consumer,90.0
2016-07-01,23082,COMPUTER SCIENCES CORP,7373.0,501,8609679934.0,below_sector_K,8,8,tech,41.0
2016-07-01,789570,MGM Resorts International,7011.0,482,8600000000.0,below_sector_K,8,8,consumer,91.0
2016-07-01,711404,"COOPER COMPANIES, INC.",3851.0,503,8600000000.0,below_sector_K,8,8,healthcare,55.0
2016-07-01,1096752,EDGEWELL PERSONAL CARE Co,2844.0,504,8585148655.0,below_sector_K,8,8,consumer,92.0
2016-07-01,827054,MICROCHIP TECHNOLOGY INC,3674.0,473,8528992176.0,below_sector_K,8,8,tech,42.0
2016-07-01,1373715,"ServiceNow, Inc.",7372.0,506,8500000000.0,below_sector_K,8,8,tech,43.0
2016-07-01,1140536,WILLIS TOWERS WATSON PLC,6411.0,289,8425866400.0,below_sector_K,8,8,financials,63.0
2016-07-01,356028,"CA, INC.",7372.0,494,8400000000.0,below_sector_K,8,8,tech,44.0
2016-07-01,1555365,WHITEWAVE FOODS Co,2020.0,508,8400000000.0,below_sector_K,8,8,consumer,93.0
2016-07-01,908937,SIRIUS XM HOLDINGS INC.,4832.0,513,8252527278.0,below_sector_K,8,8,consumer,94.0
2016-07-01,1048695,"F5, INC.",3576.0,515,8209615247.0,below_sector_K,8,8,tech,45.0
2016-07-01,96223,Jefferies Financial Group Inc.,6211.0,516,8196406000.0,below_sector_K,8,8,financials,64.0
2016-07-01,315852,RANGE RESOURCES CORP,1311.0,519,8138124000.0,below_sector_K,8,8,energy,34.0
2016-07-01,1039684,ONEOK INC /NEW/,4923.0,450,8100000000.0,below_sector_K,8,8,energy,35.0
2016-07-01,42582,GOODYEAR TIRE & RUBBER CO /OH/,3011.0,520,8100000000.0,below_sector_K,8,8,consumer,95.0
2016-07-01,1171825,CIT GROUP INC,6021.0,523,8001278186.0,below_sector_K,8,8,financials,65.0
2016-07-01,51644,"INTERPUBLIC GROUP OF COMPANIES, INC.",7311.0,529,7929404708.0,below_sector_K,8,8,consumer,96.0
2016-07-01,910073,"FLAGSTAR BANK, NATIONAL ASSOCIATION",6036.0,531,7900000000.0,below_sector_K,8,8,financials,66.0
2016-07-01,947484,ARCH CAPITAL GROUP LTD.,6331.0,507,7890000000.0,below_sector_K,8,8,financials,67.0
2016-07-01,943819,RESMED INC,3841.0,533,7803275736.0,below_sector_K,8,8,healthcare,56.0
2016-07-01,1011835,"MEDIVATION, INC.",2834.0,537,7700000000.0,below_sector_K,8,8,healthcare,57.0
2016-07-01,850209,"FOOT LOCKER, INC.",5661.0,542,7523772438.0,below_sector_K,8,8,consumer,97.0
2016-07-01,1530721,Capri Holdings Ltd,3100.0,339,7523414533.0,below_sector_K,8,8,consumer,98.0
2016-07-01,721683,TOTAL SYSTEM SERVICES INC,7389.0,457,7510394000.0,below_sector_K,8,8,financials,68.0
2016-07-01,20286,CINCINNATI FINANCIAL CORP,6331.0,405,7466710235.0,below_sector_K,8,8,financials,69.0
2016-07-01,1232524,Jazz Pharmaceuticals plc,2834.0,548,7451638590.0,below_sector_K,8,8,healthcare,58.0
2016-07-01,1108109,COMMUNITY HEALTH SYSTEMS INC,8062.0,549,7438008592.0,below_sector_K,8,8,healthcare,59.0
2016-07-01,719739,SVB FINANCIAL GROUP,6022.0,550,7409425988.0,below_sector_K,8,8,financials,70.0
2016-07-01,48039,HollyFrontier Corp,2911.0,552,7400000000.0,below_sector_K,8,8,energy,36.0
2016-07-01,895126,EXPAND ENERGY Corp,1311.0,555,7400000000.0,below_sector_K,8,8,energy,37.0
2016-07-01,48465,HORMEL FOODS CORP /DE/,2011.0,433,7354755988.0,below_sector_K,8,8,consumer,99.0
2016-07-01,791907,LINEAR TECHNOLOGY CORP /CA/,3674.0,557,7328000000.0,below_sector_K,8,8,tech,46.0
2016-07-01,1578318,"Envision Healthcare Holdings, Inc.",8062.0,559,7300000000.0,below_sector_K,8,8,healthcare,60.0
2016-07-01,320335,GLOBE LIFE INC.,6311.0,551,7291560829.0,below_sector_K,8,8,financials,71.0
2016-07-01,800459,HARMAN INTERNATIONAL INDUSTRIES INC /DE/,3651.0,561,7273559193.0,below_sector_K,8,8,consumer,100.0
2016-07-01,39899,TEGNA INC,4833.0,562,7239422726.0,below_sector_K,8,8,consumer,101.0
2016-07-01,720005,RAYMOND JAMES FINANCIAL INC,6211.0,564,7216031146.0,below_sector_K,8,8,financials,72.0
2016-07-01,818479,DENTSPLY SIRONA Inc.,3843.0,336,7207044561.0,below_sector_K,8,8,healthcare,61.0
2016-07-01,775368,ALLEGHANY CORP /DE,6331.0,518,7206076851.0,below_sector_K,8,8,financials,73.0
2016-07-01,880285,ENBRIDGE ENERGY PARTNERS LP,4610.0,567,7186696792.0,below_sector_K,8,8,energy,38.0
2016-07-01,717423,MURPHY OIL CORP,1311.0,568,7181298229.0,below_sector_K,8,8,energy,39.0
2016-07-01,46765,"Helmerich & Payne, Inc.",1381.0,570,7100000000.0,below_sector_K,8,8,energy,40.0
2016-07-01,1311370,"Lazard, Inc.",6282.0,573,7014008156.0,below_sector_K,8,8,financials,74.0
2016-07-01,1161154,"Energy Transfer Operating, L.P.",4610.0,575,7000000000.0,below_sector_K,8,8,energy,41.0
2016-07-01,1370880,"Mandiant, Inc.",3577.0,577,7000000000.0,below_sector_K,8,8,tech,47.0
2016-07-01,1002638,OPEN TEXT CORP,7373.0,578,7000000000.0,below_sector_K,8,8,tech,48.0
2016-07-01,1390844,WABCO Holdings Inc.,3711.0,579,7000000000.0,below_sector_K,8,8,consumer,102.0
2016-07-01,1144215,ACUITY INC. (DE),3640.0,476,6883007480.0,below_sector_K,8,9,consumer,103.0
2016-07-01,1255474,Whiting Holdings LLC,1311.0,585,6876311467.0,below_sector_K,8,8,energy,42.0
2016-07-01,893949,"Pediatrix Medical Group, Inc.",8060.0,587,6829814854.0,below_sector_K,8,8,healthcare,62.0
2016-07-01,1305014,ASHLAND LLC,5160.0,502,6824196991.0,below_sector_K,8,8,consumer,104.0
2016-07-01,1124610,VMWARE LLC,7372.0,588,6814162420.0,below_sector_K,8,8,tech,49.0
2016-07-01,1593538,NAVIENT CORP,6211.0,590,6800000000.0,below_sector_K,8,8,financials,75.0
2016-07-01,1408198,MSCI Inc.,7389.0,572,6693433307.0,below_sector_K,8,8,financials,76.0
2016-07-01,1379661,Targa Resources Partners LP,4922.0,595,6669000000.0,below_sector_K,8,8,energy,43.0
2016-07-01,1082554,UNITED THERAPEUTICS Corp,2834.0,596,6657883891.0,below_sector_K,8,8,healthcare,63.0
2016-07-01,764478,BEST BUY CO INC,5731.0,601,6600000000.0,below_sector_K,8,8,consumer,105.0
2016-07-01,1332349,Brookdale Senior Living Inc.,8050.0,604,6500000000.0,below_sector_K,8,8,healthcare,64.0
2016-07-01,1057352,"COSTAR GROUP, INC.",7389.0,580,6400000000.0,below_sector_K,8,8,financials,77.0
2016-07-01,350894,SEI INVESTMENTS CO,6211.0,610,6400000000.0,below_sector_K,8,8,financials,78.0
2016-07-01,58492,LEGGETT & PLATT INC,2510.0,599,6398567985.0,below_sector_K,8,8,consumer,106.0
2016-07-01,1069157,EAST WEST BANCORP INC,6022.0,611,6382812659.0,below_sector_K,8,8,financials,79.0
2016-07-01,1013237,FACTSET RESEARCH SYSTEMS INC,7370.0,613,6345491456.0,below_sector_K,8,8,tech,50.0
2016-07-01,1037038,RALPH LAUREN CORP,2320.0,435,6341781793.0,below_sector_K,8,8,consumer,107.0
2016-07-01,109380,"ZIONS BANCORPORATION, NATIONAL ASSOCIATION /UT/",6021.0,500,6337925184.0,below_sector_K,8,8,financials,80.0
2016-07-01,1278680,ISHARES GOLD TRUST,6221.0,541,6328287000.0,below_sector_K,8,8,financials,81.0
2016-07-01,1604778,"Qorvo, Inc.",3674.0,615,6316467222.0,below_sector_K,8,8,tech,51.0
2016-07-01,898174,REINSURANCE GROUP OF AMERICA INC,6311.0,617,6300000000.0,below_sector_K,8,8,financials,82.0
2016-07-01,1093557,DEXCOM INC,3841.0,602,6284835598.0,below_sector_K,8,8,healthcare,65.0
2016-07-01,790051,CARLISLE COMPANIES INC,3060.0,594,6200000000.0,below_sector_K,8,8,consumer,108.0
2016-07-01,48898,HUBBELL INC,3670.0,623,6175836055.0,below_sector_K,8,8,tech,52.0
2016-07-01,911421,PARTNERRE LTD,6321.0,624,6138078004.0,below_sector_K,8,8,financials,83.0
2016-07-01,1013462,ANSYS INC,7372.0,625,6131000000.0,below_sector_K,8,8,tech,53.0
2016-07-01,1289790,Macquarie Infrastructure Corp,5172.0,626,6127906408.0,below_sector_K,8,8,energy,44.0
2016-07-01,31791,"REVVITY, INC.",3826.0,629,6101934638.0,below_sector_K,8,8,healthcare,66.0
2016-07-01,1584509,Aramark,5812.0,527,6100300000.0,below_sector_K,8,8,consumer,109.0
2016-07-01,1015780,E TRADE FINANCIAL CORP,6035.0,632,6100000000.0,below_sector_K,8,8,financials,84.0
2016-07-01,1286681,DOMINOS PIZZA INC,5140.0,627,6091696809.0,below_sector_K,8,8,consumer,110.0
2016-07-01,891103,"Match Group, Inc.",7370.0,634,6083825075.0,below_sector_K,8,8,tech,54.0
2016-07-01,1293971,"bluebird bio, Inc.",2836.0,637,6054326404.0,below_sector_K,8,8,healthcare,67.0
2016-07-01,912750,NEWFIELD EXPLORATION CO /DE/,1311.0,499,5900000000.0,below_sector_K,8,8,energy,45.0
2016-07-01,1303652,Tableau Software Inc,7372.0,643,5900000000.0,below_sector_K,8,8,tech,55.0
2016-07-01,1451505,Transocean Ltd.,1381.0,644,5900000000.0,below_sector_K,8,8,energy,46.0
2016-07-01,743316,MAXIM INTEGRATED PRODUCTS INC,3674.0,593,5863648233.0,below_sector_K,8,8,tech,56.0
2016-07-01,874716,IDEXX LABORATORIES INC /DE,2835.0,514,5849454087.0,below_sector_K,8,8,healthcare,68.0
2016-07-01,910406,HAIN CELESTIAL GROUP INC,2000.0,649,5841951000.0,below_sector_K,8,8,consumer,111.0
2016-07-01,1478242,IQVIA HOLDINGS INC.,8731.0,650,5835192138.0,below_sector_K,8,8,healthcare,69.0
2016-07-01,1120193,"NASDAQ, INC.",6200.0,553,5800000000.0,below_sector_K,8,8,financials,85.0
2016-07-01,866374,FLEX LTD.,3672.0,633,5800000000.0,below_sector_K,8,8,tech,57.0
2016-07-01,1581990,PLAINS GP HOLDINGS LP,4610.0,651,5800000000.0,below_sector_K,8,8,energy,47.0
2016-07-01,874015,IONIS PHARMACEUTICALS INC,2834.0,654,5760508916.0,below_sector_K,8,8,healthcare,70.0
2016-07-01,1123360,GLOBAL PAYMENTS INC,7389.0,477,5754058764.0,below_sector_K,8,8,financials,86.0
2016-07-01,89089,SERVICE CORP INTERNATIONAL,7200.0,657,5719357510.0,below_sector_K,8,8,consumer,112.0
2016-07-01,909281,ONEOK Partners LP,4922.0,584,5700000000.0,below_sector_K,8,8,energy,48.0
2016-07-01,1046257,Ingredion Inc,2040.0,470,5677000000.0,below_sector_K,8,8,consumer,113.0
2016-07-01,813672,CADENCE DESIGN SYSTEMS INC,7372.0,665,5641117000.0,below_sector_K,8,8,tech,58.0
2016-07-01,1060822,CARTERS INC,2300.0,670,5563932389.0,below_sector_K,8,8,consumer,114.0
2016-07-01,1383312,"BROADRIDGE FINANCIAL SOLUTIONS, INC.",7389.0,614,5514919514.0,below_sector_K,8,8,financials,87.0
2016-07-01,1533932,"Worldpay, Inc.",7389.0,492,5500000000.0,below_sector_K,8,8,financials,88.0
2016-07-01,1368458,"Sally Beauty Holdings, Inc.",5990.0,684,5386657000.0,below_sector_K,8,8,consumer,115.0
2016-07-01,1395942,"OPENLANE, Inc.",5500.0,655,5301361549.0,below_sector_K,8,8,consumer,116.0
2016-07-01,1262039,"Fortinet, Inc.",3577.0,690,5300165895.0,below_sector_K,8,8,tech,59.0
2016-07-01,1214816,AXIS CAPITAL HOLDINGS LTD,6331.0,694,5300000000.0,below_sector_K,8,8,financials,89.0
2016-07-01,277595,ENERGEN CORP,1311.0,695,5283012351.0,below_sector_K,8,8,energy,49.0
2016-07-01,1357204,"DUNKIN' BRANDS GROUP, INC.",5810.0,696,5270000000.0,below_sector_K,8,8,consumer,117.0
2016-07-01,1564822,PINNACLE FOODS INC.,2000.0,697,5260000000.0,below_sector_K,8,8,consumer,118.0
2016-07-01,816761,TERADATA CORP /DE/,7372.0,699,5200000000.0,below_sector_K,8,8,tech,60.0
2016-07-01,1002047,"NetApp, Inc.",3572.0,468,5131692964.0,below_sector_K,8,8,tech,61.0
2016-07-01,1330568,iShares Silver Trust,6221.0,618,5116963500.0,below_sector_K,8,8,financials,90.0
2016-07-01,70866,NCR Voyix Corp,3578.0,708,5100000000.0,below_sector_K,8,8,tech,62.0
2016-07-01,1053112,CABLEVISION SYSTEMS CORP /NY,4841.0,709,5098120074.0,below_sector_K,8,8,consumer,119.0
2016-07-01,1397187,lululemon athletica inc.,2300.0,711,5091622000.0,below_sector_K,8,8,consumer,120.0
2016-07-01,1402436,SS&C Technologies Holdings Inc,7372.0,712,5089406938.0,below_sector_K,8,8,tech,63.0
2016-07-01,11544,BERKLEY W R CORP,6331.0,648,5048029512.0,below_sector_K,8,8,financials,91.0
2016-07-01,1378946,"People's United Financial, Inc.",6035.0,713,5023144734.0,below_sector_K,8,8,financials,92.0
2016-07-01,883241,SYNOPSYS INC,7372.0,719,5000000000.0,below_sector_K,8,8,tech,64.0
2016-07-01,1430602,"Scripps Networks Interactive, Inc.",4841.0,717,4993000000.0,below_sector_K,8,8,consumer,121.0
2016-07-01,1042046,AMERICAN FINANCIAL GROUP INC,6331.0,673,4900000000.0,below_sector_K,8,8,financials,93.0
2016-07-01,1414475,"Western Midstream Operating, LP",4922.0,724,4900000000.0,below_sector_K,8,8,energy,50.0
2016-07-01,1514991,AMC Global Media Inc.,4841.0,725,4900000000.0,below_sector_K,8,8,consumer,122.0
2016-07-01,732834,"CONTINENTAL RESOURCES, INC",1311.0,727,4900000000.0,below_sector_K,8,8,energy,51.0
2016-07-01,1353283,SPLUNK INC,7372.0,731,4837242315.0,below_sector_K,8,8,tech,65.0
2016-07-01,800240,ODP Corp,5940.0,732,4829125471.0,below_sector_K,8,8,consumer,123.0
2016-07-01,350698,"AUTONATION, INC.",5500.0,735,4800000000.0,below_sector_K,8,8,consumer,124.0
2016-07-01,70318,TENET HEALTHCARE CORP,8062.0,736,4800000000.0,below_sector_K,8,8,healthcare,71.0
2016-07-01,1097864,ON SEMICONDUCTOR CORP,3674.0,738,4783105387.0,below_sector_K,8,8,tech,66.0
2016-07-01,1102112,PACWEST BANCORP,6021.0,740,4779964800.0,below_sector_K,8,8,financials,94.0
2016-07-01,1326380,GameStop Corp.,5734.0,742,4760000000.0,below_sector_K,8,8,consumer,125.0
2016-07-01,1469372,MSG NETWORKS INC.,4841.0,745,4715956194.0,below_sector_K,8,8,consumer,126.0
2016-07-01,1539838,"Diamondback Energy, Inc.",1311.0,747,4709835344.0,below_sector_K,8,8,energy,52.0
2016-07-01,1374310,"Cboe Global Markets, Inc.",6200.0,682,4700000000.0,below_sector_K,8,8,financials,95.0
2016-07-01,1492426,Horizon Therapeutics Public Ltd Co,2834.0,750,4700000000.0,below_sector_K,8,8,healthcare,72.0
2016-07-01,39263,"CULLEN/FROST BANKERS, INC.",6021.0,755,4700000000.0,below_sector_K,8,8,financials,96.0
2016-07-01,891024,"PATTERSON COMPANIES, INC.",5047.0,756,4691000000.0,below_sector_K,8,8,healthcare,73.0
2016-07-01,355811,GENTEX CORP,3714.0,758,4680011701.0,below_sector_K,8,8,consumer,127.0
2016-07-01,1089063,"DICK'S SPORTING GOODS, INC.",5940.0,760,4662073283.0,below_sector_K,8,8,consumer,128.0
2016-07-01,85961,RYDER SYSTEM INC,7510.0,761,4653524571.0,below_sector_K,8,8,consumer,129.0
2016-07-01,1411207,Allison Transmission Holdings Inc,3714.0,766,4599400000.0,below_sector_K,8,8,consumer,130.0
2016-07-01,913144,RENAISSANCERE HOLDINGS LTD,6331.0,743,4564800000.0,below_sector_K,8,8,financials,97.0
2016-07-01,1065837,SKECHERS USA INC,3140.0,768,4560000000.0,below_sector_K,8,8,consumer,131.0
2016-07-01,714603,DST SYSTEMS INC,7374.0,769,4540242604.0,below_sector_K,8,8,tech,67.0
2016-07-01,723612,"AVIS BUDGET GROUP, INC.",7510.0,770,4532680060.0,below_sector_K,8,8,consumer,132.0
2016-07-01,1060736,Seagen Inc.,2836.0,771,4528154541.0,below_sector_K,8,8,healthcare,74.0
2016-07-01,73756,OCEANEERING INTERNATIONAL INC,1389.0,772,4523463000.0,below_sector_K,8,8,energy,53.0
2016-07-01,1099590,MERCADOLIBRE INC,7389.0,776,4498329840.0,below_sector_K,8,8,financials,98.0
2016-07-01,1402057,CDW Corp,5961.0,608,4463066980.0,below_sector_K,8,8,consumer,133.0
2016-07-01,1267238,"ASSURANT, INC.",6399.0,703,4458000000.0,below_sector_K,8,8,financials,99.0
2016-07-01,704051,"LEGG MASON, INC.",6282.0,704,4446042065.0,below_sector_K,8,8,financials,100.0
2016-07-01,932628,AMERIGAS PARTNERS LP,5990.0,780,4434512696.0,below_sector_K,8,8,consumer,134.0
2016-07-01,1016125,ULTIMATE SOFTWARE GROUP INC,7372.0,661,4400000000.0,below_sector_K,8,8,tech,68.0
2016-07-01,1037760,CEPHEID,3826.0,783,4400000000.0,below_sector_K,8,8,healthcare,75.0
2016-07-01,1056696,MANHATTAN ASSOCIATES INC,7372.0,767,4379735575.0,below_sector_K,8,8,tech,69.0
2016-07-01,874499,GULFPORT ENERGY CORP,1311.0,793,4355210235.0,below_sector_K,8,8,energy,54.0
2016-07-01,1032220,"MAXIMUS, INC.",7389.0,799,4308922065.0,below_sector_K,8,8,financials,101.0
2016-07-01,817366,VCA INC,700.0,691,4300000000.0,below_sector_K,8,8,consumer,135.0
2016-07-01,1131096,ATHENAHEALTH INC,7389.0,698,4284454879.0,below_sector_K,8,8,financials,102.0
2016-07-01,860731,TYLER TECHNOLOGIES INC,7372.0,674,4228484000.0,below_sector_K,8,8,tech,70.0
2016-07-01,96943,TELEFLEX INC,3841.0,689,4200976174.0,below_sector_K,8,8,healthcare,76.0
2016-07-01,1378992,"BERRY GLOBAL GROUP, INC.",3089.0,785,4200000000.0,below_sector_K,8,8,consumer,136.0
2016-07-01,105770,WEST PHARMACEUTICAL SERVICES INC,3841.0,672,4181975535.0,below_sector_K,8,8,healthcare,77.0
2016-07-01,1409970,"Happen, Inc.",6141.0,729,4097335594.0,below_sector_K,8,8,financials,103.0
2016-07-01,1540947,"EQM Midstream Partners, LP",4922.0,751,4000000000.0,below_sector_K,8,8,energy,55.0
2016-07-01,1472787,First American Financial Corp,6361.0,796,3981623275.0,below_sector_K,8,8,financials,104.0
2016-07-01,896622,"APTARGROUP, INC.",3089.0,683,3908285956.0,below_sector_K,8,8,consumer,137.0
2016-07-01,1517228,"Vistance Networks, Inc.",3663.0,721,3842000000.0,below_sector_K,8,8,tech,71.0
2016-07-01,350797,"Mirror Merger Sub 2, LLC",6282.0,759,3768192384.0,below_sector_K,8,8,financials,105.0
2016-07-01,74260,OLD REPUBLIC INTERNATIONAL CORP,6351.0,763,3754833287.0,below_sector_K,8,8,financials,106.0
2016-07-01,1279363,"WELLCARE HEALTH PLANS, INC.",6324.0,752,3700000000.0,below_sector_K,8,8,healthcare,78.0
2016-07-01,1097149,ALIGN TECHNOLOGY INC,3842.0,764,3646077546.0,below_sector_K,8,8,healthcare,79.0
2016-07-01,1278021,MARKETAXESS HOLDINGS INC,6211.0,693,3400000000.0,below_sector_K,8,8,financials,107.0
2016-07-01,1320695,"TreeHouse Foods, Inc.",2030.0,658,3392330998.0,below_sector_K,8,8,consumer,138.0
2016-07-01,701374,Six Flags Entertainment Corp/OLD,7990.0,798,3222100000.0,below_sector_K,8,8,consumer,139.0
2016-07-01,812011,VAIL RESORTS INC,7990.0,778,3160590658.0,below_sector_K,8,8,consumer,140.0
2016-07-01,104889,Graham Holdings Co,8200.0,700,3000000000.0,below_sector_K,8,8,consumer,141.0
2016-07-01,1597033,Sabre Corp,7370.0,671,2727088799.0,below_sector_K,8,8,tech,72.0
2016-07-01,1433270,ANTERO RESOURCES Corp,1311.0,765,2600000000.0,below_sector_K,8,8,energy,56.0
2016-07-01,1530950,"Post Holdings, Inc.",2040.0,797,2421540228.0,below_sector_K,8,8,consumer,142.0
2016-07-01,310568,MICROSEMI CORP,3674.0,791,2326000000.0,below_sector_K,8,8,tech,73.0
2016-07-01,1389170,Targa Resources Corp.,4922.0,591,2119300000.0,below_sector_K,8,8,energy,57.0
2016-07-01,1552000,MPLX LP,4610.0,509,1600000000.0,below_sector_K,8,8,energy,58.0
2016-07-01,79282,"BROWN & BROWN, INC.",6411.0,794,111111111.0,below_sector_K,8,8,financials,108.0
2016-07-01,1487522,"InnoVision Labs, Inc",7372.0,680,44928006.0,below_sector_K,8,8,tech,74.0
2016-07-01,1174922,WYNN RESORTS LTD,7011.0,526,16800000.0,below_sector_K,8,8,consumer,143.0
2017-07-01,93859,OBH Inc.,5812.0,2,,no_pit_valid_float,8,8,,
2017-07-01,1652044,Alphabet Inc.,7370.0,3,413800000000.0,ineligible_filing_history,7,7,,
2017-07-01,1616314,"MedEquities Realty Trust, Inc.",6798.0,8,,no_pit_valid_float,3,3,,
2017-07-01,732717,AT&T INC.,4813.0,13,266000000000.0,sector_excluded_sic_4813,8,8,,
2017-07-01,40545,GENERAL ELECTRIC CO,3600.0,14,,no_pit_valid_float,8,8,,
2017-07-01,732712,VERIZON COMMUNICATIONS INC,4813.0,16,227584340225.0,sector_excluded_sic_4813,8,8,,
2017-07-01,77476,PEPSICO INC,2080.0,27,148700000000.0,ineligible_filing_history,7,8,,
2017-07-01,12927,BOEING CO,3721.0,41,81300000000.0,sector_excluded_sic_3721,8,8,,
2017-07-01,101829,RTX Corp,3724.0,50,85789321218.0,sector_excluded_sic_3724,8,8,,
2017-07-01,773840,HONEYWELL INTERNATIONAL INC,3724.0,52,88600000000.0,sector_excluded_sic_3724,8,8,,
2017-07-01,1075531,Booking Holdings Inc.,4700.0,55,61600000000.0,sector_excluded_sic_4700,8,8,,
2017-07-01,1649338,Broadcom Pte. Ltd.,3674.0,56,57500000000.0,ineligible_filing_history,6,6,,
2017-07-01,100885,UNION PACIFIC CORP,4011.0,58,72700000000.0,sector_excluded_sic_4011,8,8,,
2017-07-01,936468,LOCKHEED MARTIN CORP,3760.0,64,72100000000.0,sector_excluded_sic_3760,8,8,,
2017-07-01,1690881,"ASV HOLDINGS, INC.",3531.0,65,,no_pit_valid_float,1,1,,
2017-07-01,4962,AMERICAN EXPRESS CO,6199.0,68,56100000000.0,non_operating_sic_6199,8,8,,
2017-07-01,1666700,"DuPont de Nemours, Inc.",2821.0,69,,no_pit_valid_float,0,0,,
2017-07-01,1090727,UNITED PARCEL SERVICE INC,4210.0,71,74441628766.0,sector_excluded_sic_4210,8,8,,
2017-07-01,1467373,Accenture plc,7389.0,72,62548022041.0,ineligible_filing_history,6,8,,
2017-07-01,909832,COSTCO WHOLESALE CORP /NEW,5331.0,74,64810523114.0,ineligible_filing_history,6,8,,
2017-07-01,60667,LOWES COMPANIES INC,5211.0,76,72400000000.0,ineligible_filing_history,7,8,,
2017-07-01,30554,"EIDP, Inc.",2820.0,78,56600000000.0,sector_excluded_sic_2820,8,8,,
2017-07-01,97745,THERMO FISHER SCIENTIFIC INC.,3829.0,81,58745127000.0,sector_excluded_sic_3829,8,8,,
2017-07-01,1063761,SIMON PROPERTY GROUP INC.,6798.0,82,67680000000.0,sector_excluded_sic_6798,8,8,,
2017-07-01,753308,NEXTERA ENERGY INC,4911.0,86,60089366330.0,sector_excluded_sic_4911,8,8,,
2017-07-01,895728,ENBRIDGE INC,4610.0,87,,no_pit_valid_float,0,0,,
2017-07-01,18230,CATERPILLAR INC,3531.0,91,44100000000.0,sector_excluded_sic_3531,8,8,,
2017-07-01,313616,DANAHER CORP /DE/,3823.0,93,62000000000.0,sector_excluded_sic_3823,8,8,,
2017-07-01,29915,DOW CHEMICAL CO /DE/,2821.0,98,55800000000.0,sector_excluded_sic_2821,8,8,,
2017-07-01,1053507,AMERICAN TOWER CORP /MA/,6798.0,100,47900000000.0,sector_excluded_sic_6798,8,8,,
2017-07-01,796343,ADOBE INC.,7372.0,105,36974539289.0,ineligible_filing_history,6,8,,
2017-07-01,92122,SOUTHERN CO,4911.0,109,51100000000.0,sector_excluded_sic_4911,8,8,,
2017-07-01,790070,EMC CORP,3572.0,110,50627600803.0,ineligible_filing_history,5,5,,
2017-07-01,1377013,"SPECTRUM MANAGEMENT HOLDING COMPANY, LLC",4841.0,112,50400000000.0,ineligible_filing_history,4,4,,
2017-07-01,1110783,MONSANTO CO /NEW/,2870.0,113,39200000000.0,sector_excluded_sic_2870,6,8,,
2017-07-01,55785,KIMBERLY CLARK CORP,2670.0,114,49500000000.0,sector_excluded_sic_2670,8,8,,
2017-07-01,715957,"DOMINION ENERGY, INC",4911.0,118,47900000000.0,sector_excluded_sic_4911,8,8,,
2017-07-01,1048911,FEDEX CORP,4513.0,121,47200000000.0,sector_excluded_sic_4513,6,8,,
2017-07-01,277948,CSX CORP,4011.0,122,,no_pit_valid_float,8,8,,
2017-07-01,1047122,RAYTHEON CO/,3812.0,123,39700000000.0,sector_excluded_sic_3812,8,8,,
2017-07-01,49826,ILLINOIS TOOL WORKS INC,3560.0,125,30400000000.0,sector_excluded_sic_3560,8,8,,
2017-07-01,1133421,NORTHROP GRUMMAN CORP /DE/,3812.0,126,39500000000.0,sector_excluded_sic_3812,8,8,,
2017-07-01,1489393,LyondellBasell Industries N.V.,2860.0,135,25400000000.0,sector_excluded_sic_2860,8,8,,
2017-07-01,40533,GENERAL DYNAMICS CORP,3730.0,136,38197668440.0,sector_excluded_sic_3730,8,8,,
2017-07-01,899866,"ALEXION PHARMACEUTICALS, INC.",2834.0,140,25314108813.0,ineligible_filing_history,7,8,,
2017-07-01,27904,"DELTA AIR LINES, INC.",4512.0,146,27300000000.0,sector_excluded_sic_4512,8,8,,
2017-07-01,32604,EMERSON ELECTRIC CO,3600.0,150,34800000000.0,sector_excluded_sic_3600,8,8,,
2017-07-01,884905,LINDE INC,2810.0,154,32000000000.0,sector_excluded_sic_2810,8,8,,
2017-07-01,1393311,Public Storage,6798.0,156,,no_pit_valid_float,8,8,,
2017-07-01,64040,S&P Global Inc.,7320.0,157,28300000000.0,sector_excluded_sic_7320,8,8,,
2017-07-01,92380,SOUTHWEST AIRLINES CO,4512.0,158,24270482662.0,sector_excluded_sic_4512,8,8,,
2017-07-01,1051470,CROWN CASTLE INC.,6798.0,161,34100000000.0,sector_excluded_sic_6798,8,8,,
2017-07-01,315189,DEERE & CO,3523.0,163,26385877434.0,sector_excluded_sic_3523,8,8,,
2017-07-01,702165,NORFOLK SOUTHERN CORP,4011.0,164,24959609647.0,sector_excluded_sic_4011,8,8,,
2017-07-01,1551182,Eaton Corp plc,3590.0,167,27200000000.0,sector_excluded_sic_3590,8,8,,
2017-07-01,4904,AMERICAN ELECTRIC POWER CO INC,4911.0,168,34464089033.0,sector_excluded_sic_4911,8,8,,
2017-07-01,1011006,ALTABA INC.,,170,32522108074.0,sector_excluded_sic_None,8,8,,
2017-07-01,1004980,PG&E Corp,4931.0,172,,no_pit_valid_float,8,8,,
2017-07-01,1109357,EXELON CORP,4931.0,174,33527039724.0,sector_excluded_sic_4931,8,8,,
2017-07-01,1101239,EQUINIX INC,6798.0,175,27600000000.0,sector_excluded_sic_6798,8,8,,
2017-07-01,53669,JOHNSON CONTROLS INC,7380.0,178,33000000000.0,sector_excluded_sic_7380,6,6,,
2017-07-01,833444,Johnson Controls International plc,3585.0,180,15100000000.0,sector_excluded_sic_3585,8,8,,
2017-07-01,2969,"Air Products & Chemicals, Inc.",2810.0,181,31000000000.0,sector_excluded_sic_2810,8,8,,
2017-07-01,823768,WASTE MANAGEMENT INC,4953.0,182,29200000000.0,sector_excluded_sic_4953,8,8,,
2017-07-01,1441634,Avago Technologies LTD,3674.0,183,31800000000.0,ineligible_filing_history,2,2,,
2017-07-01,79958,PRECISION CASTPARTS CORP,3320.0,185,31506449425.0,sector_excluded_sic_3320,2,2,,
2017-07-01,79879,PPG INDUSTRIES INC,2851.0,190,27771000000.0,sector_excluded_sic_2851,8,8,,
2017-07-01,1045609,"Prologis, Inc.",6798.0,191,25583323441.0,sector_excluded_sic_6798,8,8,,
2017-07-01,1645590,Hewlett Packard Enterprise Co,3570.0,192,28699276157.0,ineligible_filing_history,7,7,,
2017-07-01,1385157,TE Connectivity plc,5065.0,200,21700000000.0,sector_excluded_sic_5065,8,8,,
2017-07-01,1032208,SEMPRA,4932.0,201,28400000000.0,sector_excluded_sic_4932,8,8,,
2017-07-01,16918,"CONSTELLATION BRANDS, INC.",2080.0,203,28045135841.0,ineligible_filing_history,7,9,,
2017-07-01,766704,WELLTOWER INC.,6798.0,206,27176263145.0,sector_excluded_sic_6798,8,8,,
2017-07-01,6201,American Airlines Group Inc.,4512.0,208,15000000000.0,sector_excluded_sic_4512,8,8,,
2017-07-01,24741,CORNING INC /NY,3357.0,209,21000000000.0,sector_excluded_sic_3357,8,8,,
2017-07-01,808362,Baker Hughes Holdings LLC,3533.0,211,19263511000.0,sector_excluded_sic_3533,8,8,,
2017-07-01,922224,PPL Corp,4911.0,214,25577464218.0,sector_excluded_sic_4911,8,8,,
2017-07-01,915912,AVALONBAY COMMUNITIES INC,6798.0,215,24703191114.0,sector_excluded_sic_6798,8,8,,
2017-07-01,1373835,Spectra Energy Corp.,4923.0,216,26000000000.0,ineligible_filing_history,7,7,,
2017-07-01,815097,Carnival Corp Ltd.,4400.0,220,19000000000.0,sector_excluded_sic_4400,6,9,,
2017-07-01,827052,EDISON INTERNATIONAL,4911.0,221,25300000000.0,sector_excluded_sic_4911,8,8,,
2017-07-01,906107,VIVMARK RESIDENTIAL,6798.0,224,24800000000.0,sector_excluded_sic_6798,8,8,,
2017-07-01,106535,WEYERHAEUSER CO,6798.0,226,21600000000.0,sector_excluded_sic_6798,8,8,,
2017-07-01,1047862,CONSOLIDATED EDISON INC,4931.0,230,24500000000.0,sector_excluded_sic_4931,8,8,,
2017-07-01,103379,V F CORP,2320.0,233,,no_pit_valid_float,8,8,,
2017-07-01,26172,CUMMINS INC,3510.0,237,19000000000.0,sector_excluded_sic_3510,8,8,,
2017-07-01,1601712,Synchrony Financial,6199.0,238,21081515270.0,non_operating_sic_6199,8,8,,
2017-07-01,1271024,LINKEDIN CORP,7370.0,239,23695488242.0,ineligible_filing_history,6,6,,
2017-07-01,16875,CANADIAN PACIFIC KANSAS CITY LTD/CN,4011.0,240,17823874921.0,sector_excluded_sic_4011,6,6,,
2017-07-01,788784,PUBLIC SERVICE ENTERPRISE GROUP INC,4931.0,241,23504828537.0,sector_excluded_sic_4931,8,8,,
2017-07-01,72903,XCEL ENERGY INC,4931.0,242,22746126160.0,sector_excluded_sic_4931,8,8,,
2017-07-01,51434,INTERNATIONAL PAPER CO /NEW/,2621.0,243,17330052160.0,sector_excluded_sic_2621,8,8,,
2017-07-01,882835,ROPER TECHNOLOGIES INC,3823.0,244,16984404742.0,sector_excluded_sic_3823,8,8,,
2017-07-01,1466258,Trane Technologies plc,3822.0,245,16351111523.0,sector_excluded_sic_3822,8,8,,
2017-07-01,1059556,MOODYS CORP /DE/,7320.0,246,17900000000.0,sector_excluded_sic_7320,8,8,,
2017-07-01,6281,ANALOG DEVICES INC,3674.0,256,,no_pit_valid_float,8,8,,
2017-07-01,866787,AUTOZONE INC,5531.0,257,21836021743.0,ineligible_filing_history,6,8,,
2017-07-01,100517,"United Airlines Holdings, Inc.",4512.0,260,12558237332.0,sector_excluded_sic_4512,8,8,,
2017-07-01,1060391,"REPUBLIC SERVICES, INC.",4953.0,263,17600000000.0,sector_excluded_sic_4953,8,8,,
2017-07-01,740260,"Ventas, Inc.",6798.0,265,21100000000.0,sector_excluded_sic_6798,8,8,,
2017-07-01,1164727,NEWMONT Corp /DE/,1040.0,267,20723861389.0,sector_excluded_sic_1040,8,8,,
2017-07-01,783325,"WEC ENERGY GROUP, INC.",4931.0,268,20600000000.0,sector_excluded_sic_4931,8,8,,
2017-07-01,203077,"ST JUDE MEDICAL, LLC",3845.0,269,20600000000.0,ineligible_filing_history,6,6,,
2017-07-01,1398702,"Electronic Cigarettes International Group, Ltd.",2111.0,272,20440000000.0,ineligible_filing_history,6,6,,
2017-07-01,93556,"STANLEY BLACK & DECKER, INC.",3420.0,275,16900000000.0,sector_excluded_sic_3420,8,8,,
2017-07-01,1037540,"BXP, Inc.",6798.0,276,20130147347.0,sector_excluded_sic_6798,8,8,,
2017-07-01,884887,ROYAL CARIBBEAN CRUISES LTD,4400.0,279,12100000000.0,sector_excluded_sic_4400,8,8,,
2017-07-01,1024478,"ROCKWELL AUTOMATION, INC",3829.0,280,14700000000.0,sector_excluded_sic_3829,8,8,,
2017-07-01,55387,KENTUCKY UTILITIES CO,4911.0,281,,no_pit_valid_float,8,8,,
2017-07-01,1285785,MOSAIC CO,2870.0,283,10100000000.0,sector_excluded_sic_2870,8,8,,
2017-07-01,1659166,Fortive Corp,3823.0,285,17600000000.0,sector_excluded_sic_3823,4,4,,
2017-07-01,72741,EVERSOURCE ENERGY,4911.0,288,18939770997.0,sector_excluded_sic_4911,8,8,,
2017-07-01,831259,FREEPORT-MCMORAN INC,1000.0,290,14600000000.0,sector_excluded_sic_1000,8,8,,
2017-07-01,723531,PAYCHEX INC,8700.0,292,17491967248.0,sector_excluded_sic_8700,6,8,,
2017-07-01,1021860,NOV Inc.,3533.0,294,12700000000.0,sector_excluded_sic_3533,8,8,,
2017-07-01,936340,DTE ENERGY CO,4911.0,295,17100000000.0,sector_excluded_sic_4911,8,8,,
2017-07-01,1496048,Brookfield Property REIT Inc.,6798.0,296,18600000000.0,sector_excluded_sic_6798,8,8,,
2017-07-01,76334,Parker-Hannifin Corp,3490.0,297,18161893495.0,sector_excluded_sic_3490,8,8,,
2017-07-01,1324424,"Expedia Group, Inc.",4700.0,304,12722607000.0,sector_excluded_sic_4700,8,8,,
2017-07-01,1297996,"DIGITAL REALTY TRUST, INC.",6798.0,307,16000000000.0,sector_excluded_sic_6798,8,8,,
2017-07-01,726728,REALTY INCOME CORP,6798.0,312,17800000000.0,sector_excluded_sic_6798,8,8,,
2017-07-01,1283699,"T-Mobile US, Inc.",4812.0,313,12400000000.0,sector_excluded_sic_4812,8,8,,
2017-07-01,794323,"Level 3 Parent, LLC",4813.0,315,15008000000.0,sector_excluded_sic_4813,8,8,,
2017-07-01,909954,"KEURIG GREEN MOUNTAIN, INC.",2090.0,316,17377984000.0,ineligible_filing_history,3,3,,
2017-07-01,899689,VORNADO REALTY TRUST,6798.0,318,17294426000.0,sector_excluded_sic_6798,8,8,,
2017-07-01,1318220,"Waste Connections, Inc.",4953.0,324,12578614223.0,sector_excluded_sic_4953,4,4,,
2017-07-01,920522,"ESSEX PROPERTY TRUST, INC.",6798.0,325,14824768853.0,sector_excluded_sic_6798,8,8,,
2017-07-01,1396009,Vulcan Materials CO,1400.0,327,15976104960.0,sector_excluded_sic_1400,8,8,,
2017-07-01,33185,EQUIFAX INC,7320.0,329,15321683870.0,sector_excluded_sic_7320,8,8,,
2017-07-01,18926,"Lumen Technologies, Inc.",4813.0,331,15700000000.0,sector_excluded_sic_4813,8,8,,
2017-07-01,21076,CLOROX CO /DE/,2842.0,332,16400000000.0,sector_excluded_sic_2842,8,8,,
2017-07-01,1034054,SBA COMMUNICATIONS CORP,6798.0,333,13300000000.0,sector_excluded_sic_6798,8,8,,
2017-07-01,73309,NUCOR CORP,3312.0,334,15830000000.0,sector_excluded_sic_3312,8,8,,
2017-07-01,3570,"Cheniere Energy, Inc.",4924.0,336,8700000000.0,sector_excluded_sic_4924,8,8,,
2017-07-01,1567892,Keenova Therapeutics plc,2834.0,341,6564400000.0,ineligible_filing_history,7,7,,
2017-07-01,765880,"HEALTHPEAK PROPERTIES, INC.",6798.0,344,15100000000.0,sector_excluded_sic_6798,8,8,,
2017-07-01,1324404,"CF Industries Holdings, Inc.",2870.0,347,5597334751.0,sector_excluded_sic_2870,8,8,,
2017-07-01,277135,"W.W. GRAINGER, INC.",5000.0,348,12999003606.0,sector_excluded_sic_5000,8,8,,
2017-07-01,1031296,FIRSTENERGY CORP,4911.0,352,14809049520.0,sector_excluded_sic_4911,8,8,,
2017-07-01,9389,BALL Corp,3411.0,353,12600000000.0,sector_excluded_sic_3411,8,8,,
2017-07-01,1673358,"Yum China Holdings, Inc.",5812.0,354,,no_pit_valid_float,3,3,,
2017-07-01,40987,GENUINE PARTS CO,5013.0,358,14613215000.0,sector_excluded_sic_5013,8,8,,
2017-07-01,65984,ENTERGY CORP /DE/,4911.0,359,14600000000.0,sector_excluded_sic_4911,8,8,,
2017-07-01,1070750,"HOST HOTELS & RESORTS, INC.",6798.0,360,11770575794.0,sector_excluded_sic_6798,8,8,,
2017-07-01,1111711,NISOURCE INC.,4931.0,362,8497589485.0,sector_excluded_sic_4931,8,8,,
2017-07-01,4281,Howmet Aerospace Inc.,3350.0,365,12000000000.0,sector_excluded_sic_3350,8,8,,
2017-07-01,1037868,AMETEK INC/,3823.0,366,10800000000.0,sector_excluded_sic_3823,8,8,,
2017-07-01,316206,"STARWOOD HOTELS & RESORTS WORLDWIDE, LLC",7011.0,370,13800000000.0,ineligible_filing_history,5,5,,
2017-07-01,1175454,"CORPAY, INC.",7389.0,376,,no_pit_valid_float,8,8,,
2017-07-01,1410636,"American Water Works Company, Inc.",4941.0,377,13463200000.0,sector_excluded_sic_4941,8,8,,
2017-07-01,1598014,IHS Markit Ltd.,7370.0,380,3600000000.0,ineligible_filing_history,3,4,,
2017-07-01,1636023,WRKCo Inc.,2650.0,381,9711000000.0,sector_excluded_sic_2650,8,8,,
2017-07-01,1002910,AMEREN CORP,4931.0,383,13000372477.0,sector_excluded_sic_4931,8,8,,
2017-07-01,1504747,Swisher Hygiene Inc.,2840.0,386,,no_pit_valid_float,4,4,,
2017-07-01,1585364,PERRIGO Co plc,2834.0,388,13050594298.0,ineligible_filing_history,6,7,,
2017-07-01,1306830,Celanese Corp,2820.0,389,9438643905.0,sector_excluded_sic_2820,8,8,,
2017-07-01,63754,MCCORMICK & CO INC,2090.0,394,12277921762.0,ineligible_filing_history,7,9,,
2017-07-01,811156,CMS ENERGY CORP,4931.0,395,12721000000.0,sector_excluded_sic_4931,8,8,,
2017-07-01,879101,KIMCO REALTY CORP,6798.0,398,12800000000.0,sector_excluded_sic_6798,8,8,,
2017-07-01,1137411,ROCKWELL COLLINS INC,3728.0,402,12070000000.0,sector_excluded_sic_3728,8,8,,
2017-07-01,202058,"L3HARRIS TECHNOLOGIES, INC. /DE/",3812.0,403,10799250443.0,sector_excluded_sic_3812,8,8,,
2017-07-01,29905,DOVER Corp,3530.0,412,10669106014.0,sector_excluded_sic_3530,8,8,,
2017-07-01,1138118,"CBRE GROUP, INC.",6500.0,414,8900000000.0,sector_excluded_sic_6500,8,8,,
2017-07-01,217346,TEXTRON INC,3720.0,415,9800000000.0,sector_excluded_sic_3720,8,8,,
2017-07-01,912242,MACERICH CO,6798.0,416,12300000000.0,sector_excluded_sic_6798,8,8,,
2017-07-01,1043219,ANNALY CAPITAL MANAGEMENT INC,6798.0,419,10200000000.0,sector_excluded_sic_6798,8,8,,
2017-07-01,62996,MASCO CORP /DE/,3430.0,422,10158793000.0,sector_excluded_sic_3430,8,8,,
2017-07-01,915389,EASTMAN CHEMICAL CO,2821.0,423,9903245691.0,sector_excluded_sic_2821,8,8,,
2017-07-01,723254,CINTAS CORP,2320.0,424,,no_pit_valid_float,8,8,,
2017-07-01,34903,FEDERAL REALTY INVESTMENT TRUST,6798.0,428,11800000000.0,sector_excluded_sic_6798,8,8,,
2017-07-01,882184,HORTON D R INC /DE/,1531.0,431,10451712000.0,sector_excluded_sic_1531,8,8,,
2017-07-01,1130310,CENTERPOINT ENERGY INC,4911.0,432,10273144728.0,sector_excluded_sic_4911,8,8,,
2017-07-01,915913,ALBEMARLE CORP,2821.0,434,8900000000.0,sector_excluded_sic_2821,8,8,,
2017-07-01,916076,MARTIN MARIETTA MATERIALS INC,1400.0,435,8873085696.0,sector_excluded_sic_1400,8,8,,
2017-07-01,793952,"HARLEY-DAVIDSON, INC.",3751.0,436,7779258895.0,sector_excluded_sic_3751,8,8,,
2017-07-01,1564408,Snap Inc,7370.0,438,,no_pit_valid_float,1,1,,
2017-07-01,861878,STERICYCLE INC,4955.0,441,8846584641.0,sector_excluded_sic_4955,8,8,,
2017-07-01,77360,PENTAIR plc,3550.0,443,9520686063.0,sector_excluded_sic_3550,8,8,,
2017-07-01,1289490,Extra Space Storage Inc.,6798.0,447,11138435421.0,sector_excluded_sic_6798,8,8,,
2017-07-01,766421,"ALASKA AIR GROUP, INC.",4512.0,449,7100000000.0,sector_excluded_sic_4512,8,8,,
2017-07-01,1035443,"ALEXANDRIA REAL ESTATE EQUITIES, INC.",6798.0,450,7900000000.0,sector_excluded_sic_6798,8,8,,
2017-07-01,319201,KLA CORP,3827.0,451,10780000000.0,sector_excluded_sic_3827,8,8,,
2017-07-01,1260221,TransDigm Group INC,3728.0,453,10869510353.0,sector_excluded_sic_3728,8,8,,
2017-07-01,749251,GARTNER INC,8741.0,456,7771510947.0,sector_excluded_sic_8741,8,8,,
2017-07-01,754737,SCANA CORP,4931.0,457,10771377513.0,sector_excluded_sic_4931,8,8,,
2017-07-01,54480,KANSAS CITY SOUTHERN,4011.0,458,9660000000.0,sector_excluded_sic_4011,8,8,,
2017-07-01,1174922,WYNN RESORTS LTD,7011.0,459,,no_pit_valid_float,8,8,,
2017-07-01,51253,INTERNATIONAL FLAVORS & FRAGRANCES INC,2860.0,460,10040332045.0,sector_excluded_sic_2860,8,8,,
2017-07-01,1012100,SEALED AIR CORP/DE,2820.0,461,8897000000.0,sector_excluded_sic_2820,8,8,,
2017-07-01,920760,LENNAR CORP /NEW/,1520.0,462,8710459935.0,sector_excluded_sic_1520,8,9,,
2017-07-01,1043277,"C. H. ROBINSON WORLDWIDE, INC.",4731.0,464,10572633621.0,sector_excluded_sic_4731,8,8,,
2017-07-01,1095073,"EVEREST GROUP, LTD.",6331.0,468,,no_pit_valid_float,8,8,,
2017-07-01,1020569,IRON MOUNTAIN INC,6798.0,469,,no_pit_valid_float,8,8,,
2017-07-01,75677,PACKAGING CORP OF AMERICA,2650.0,470,6233906649.0,sector_excluded_sic_2650,8,8,,
2017-07-01,1040971,SL GREEN REALTY CORP,6798.0,473,10000000000.0,sector_excluded_sic_6798,8,8,,
2017-07-01,1681459,TechnipFMC plc,3533.0,475,,no_pit_valid_float,2,2,,
2017-07-01,1065696,LKQ CORP,5010.0,481,9600000000.0,sector_excluded_sic_5010,8,8,,
2017-07-01,746515,EXPEDITORS INTERNATIONAL OF WASHINGTON INC,4731.0,483,8814080920.0,sector_excluded_sic_4731,8,8,,
2017-07-01,1519751,"Fortune Brands Innovations, Inc.",2430.0,485,8858346599.0,sector_excluded_sic_2430,8,8,,
2017-07-01,1524472,Xylem Inc.,3561.0,486,8000000000.0,sector_excluded_sic_3561,8,8,,
2017-07-01,783280,DUKE REALTY CORP,6798.0,488,9321422135.0,sector_excluded_sic_6798,8,8,,
2017-07-01,1000180,SANDISK CORP,3572.0,490,9900018831.0,ineligible_filing_history,4,4,,
2017-07-01,1491675,"COCA-COLA EUROPEAN PARTNERS US, LLC",2086.0,495,9798932717.0,ineligible_filing_history,4,4,,
2017-07-01,931015,Polaris Inc.,3790.0,496,5240113000.0,sector_excluded_sic_3790,8,8,,
2017-07-01,37785,FMC CORP,2800.0,498,6151803443.0,sector_excluded_sic_2800,8,8,,
2017-07-01,1067701,"UNITED RENTALS, INC.",7359.0,507,5180000000.0,sector_excluded_sic_7359,8,8,,
2017-07-01,764622,PINNACLE WEST CAPITAL CORP,4911.0,508,8961361256.0,sector_excluded_sic_4911,8,8,,
2017-07-01,895655,JARDEN CORP,5190.0,512,9400000000.0,ineligible_filing_history,3,3,,
2017-07-01,910606,REGENCY CENTERS CORP,6798.0,515,8182628541.0,sector_excluded_sic_6798,8,8,,
2017-07-01,352541,ALLIANT ENERGY CORP,4931.0,516,9000000000.0,sector_excluded_sic_4931,8,8,,
2017-07-01,91440,Snap-on Inc,3420.0,517,9100000000.0,sector_excluded_sic_3420,8,8,,
2017-07-01,1144215,ACUITY INC. (DE),3640.0,518,9113731801.0,ineligible_filing_history,7,9,,
2017-07-01,1056239,L 3 COMMUNICATIONS HOLDINGS INC,3663.0,520,9200000000.0,ineligible_filing_history,6,6,,
2017-07-01,1507385,"VEREIT, Inc.",6798.0,521,9200000000.0,sector_excluded_sic_6798,8,8,,
2017-07-01,864749,TRIMBLE INC.,3829.0,524,6100000000.0,sector_excluded_sic_3829,8,8,,
2017-07-01,1513761,Norwegian Cruise Line Holdings Ltd.,4400.0,525,6500000000.0,sector_excluded_sic_4400,8,8,,
2017-07-01,1477294,Sensata Technologies Holding plc,3823.0,526,5900000000.0,sector_excluded_sic_3823,8,8,,
2017-07-01,943452,WESTINGHOUSE AIR BRAKE TECHNOLOGIES CORP,3743.0,532,6000000000.0,sector_excluded_sic_3743,8,8,,
2017-07-01,874761,AES CORP,4991.0,533,8220000000.0,sector_excluded_sic_4991,8,8,,
2017-07-01,832101,IDEX CORP /DE/,3561.0,541,6235379567.0,sector_excluded_sic_3561,8,8,,
2017-07-01,1305014,ASHLAND LLC,5160.0,543,7059002369.0,ineligible_filing_history,5,5,,
2017-07-01,1157806,ENCANA CORP,1311.0,545,6621347962.0,ineligible_filing_history,2,2,,
2017-07-01,84129,"NEW RITE AID, LLC",5912.0,546,7769703679.0,ineligible_filing_history,7,7,,
2017-07-01,884614,UGI CORP /PA/,4932.0,548,6917708915.0,sector_excluded_sic_4932,8,8,,
2017-07-01,1331875,"Fidelity National Financial, Inc.",6361.0,549,,no_pit_valid_float,8,8,,
2017-07-01,906163,NVR INC,1531.0,550,6489296000.0,sector_excluded_sic_1531,8,8,,
2017-07-01,1501585,"HUNTINGTON INGALLS INDUSTRIES, INC.",3730.0,551,7873000000.0,sector_excluded_sic_3730,8,8,,
2017-07-01,1555365,WHITEWAVE FOODS Co,2020.0,552,8100000000.0,ineligible_filing_history,7,7,,
2017-07-01,912595,MID AMERICA APARTMENT COMMUNITIES INC.,6798.0,554,6027833767.0,sector_excluded_sic_6798,8,8,,
2017-07-01,102741,VALSPAR CORP,2851.0,557,8300000000.0,sector_excluded_sic_2851,8,8,,
2017-07-01,1364479,HERC HOLDINGS INC,7350.0,558,665900000.0,sector_excluded_sic_7350,8,10,,
2017-07-01,731802,ATMOS ENERGY CORP,4924.0,560,7463087078.0,sector_excluded_sic_4924,8,8,,
2017-07-01,1219601,"CROWN HOLDINGS, INC.",3411.0,562,7077064206.0,sector_excluded_sic_3411,8,8,,
2017-07-01,941548,CAMERON INTERNATIONAL CORP,3533.0,564,8048562581.0,sector_excluded_sic_3533,3,3,,
2017-07-01,1579241,Allegion plc,7381.0,571,7000000000.0,sector_excluded_sic_7381,8,8,,
2017-07-01,54507,"EVERGY KANSAS CENTRAL, INC.",4931.0,574,7947449144.0,sector_excluded_sic_4931,8,8,,
2017-07-01,728535,HUNT J B TRANSPORT SERVICES INC,4213.0,578,7200000000.0,sector_excluded_sic_4213,8,8,,
2017-07-01,1336920,"Leidos Holdings, Inc.",7373.0,580,3457775161.0,ineligible_filing_history,7,7,,
2017-07-01,1616862,Axalta Coating Systems Ltd.,2851.0,582,5200000000.0,sector_excluded_sic_2851,8,8,,
2017-07-01,1037976,JONES LANG LASALLE INC,6531.0,583,4302579297.0,sector_excluded_sic_6531,8,8,,
2017-07-01,1674862,ASHLAND INC.,5160.0,584,7703078599.0,ineligible_filing_history,3,3,,
2017-07-01,1011835,"MEDIVATION, INC.",2834.0,585,7700000000.0,ineligible_filing_history,5,5,,
2017-07-01,1069202,LENNOX INTERNATIONAL INC,3585.0,586,4800000000.0,sector_excluded_sic_3585,8,8,,
2017-07-01,1124198,FLUOR CORP,1600.0,587,6800000000.0,sector_excluded_sic_1600,8,8,,
2017-07-01,906345,CAMDEN PROPERTY TRUST,6798.0,588,7646700508.0,sector_excluded_sic_6798,8,8,,
2017-07-01,1679688,"DigitalBridge Group, Inc.",6282.0,589,1874391053.0,ineligible_filing_history,2,2,,
2017-07-01,945384,CICERO INC,7371.0,591,,no_pit_valid_float,8,8,,
2017-07-01,1575965,"Gaming & Leisure Properties, Inc.",6798.0,592,6600000000.0,sector_excluded_sic_6798,8,8,,
2017-07-01,1158463,JETBLUE AIRWAYS CORP,4512.0,599,5300000000.0,sector_excluded_sic_4512,8,8,,
2017-07-01,751364,"NNN REIT, INC.",6798.0,600,7472258000.0,sector_excluded_sic_6798,8,8,,
2017-07-01,1370946,Owens Corning,3290.0,602,5917854524.0,sector_excluded_sic_3290,8,8,,
2017-07-01,871763,ManpowerGroup Inc.,7363.0,603,4466964128.0,sector_excluded_sic_7363,8,8,,
2017-07-01,822416,PULTEGROUP INC/MI/,1531.0,608,6626321236.0,sector_excluded_sic_1531,8,8,,
2017-07-01,1025996,KILROY REALTY CORP,6798.0,609,6104537915.0,sector_excluded_sic_6798,8,8,,
2017-07-01,1678531,Envision Healthcare Corp,8011.0,611,4152884218.0,ineligible_filing_history,2,2,,
2017-07-01,1578318,"Envision Healthcare Holdings, Inc.",8062.0,612,7300000000.0,ineligible_filing_history,6,6,,
2017-07-01,1573097,"HD Supply Holdings, Inc.",5000.0,615,7271295053.0,sector_excluded_sic_5000,8,8,,
2017-07-01,1045309,W R GRACE & CO,2800.0,619,4574202603.0,sector_excluded_sic_2800,8,8,,
2017-07-01,315213,ROBERT HALF INC.,7363.0,620,4826031702.0,sector_excluded_sic_7363,8,8,,
2017-07-01,1166003,"XPO, Inc.",4700.0,621,2850700780.0,sector_excluded_sic_4700,8,8,,
2017-07-01,1025378,W. P. Carey Inc.,6798.0,622,7200000000.0,sector_excluded_sic_6798,8,8,,
2017-07-01,737758,TORO CO,3524.0,623,4000000000.0,sector_excluded_sic_3524,8,8,,
2017-07-01,895417,EQUITY LIFESTYLE PROPERTIES INC,6798.0,632,6361166000.0,sector_excluded_sic_6798,8,8,,
2017-07-01,1546640,ADT Corp,7381.0,633,7004401749.0,sector_excluded_sic_7381,4,4,,
2017-07-01,1627223,Chemours Co,2800.0,636,1500000000.0,sector_excluded_sic_2800,8,8,,
2017-07-01,1317630,ITC Holdings Corp.,4911.0,637,7000000000.0,sector_excluded_sic_4911,8,8,,
2017-07-01,1021635,OGE ENERGY CORP.,4911.0,639,6525558217.0,sector_excluded_sic_4911,8,8,,
2017-07-01,922864,APARTMENT INVESTMENT & MANAGEMENT CO,6798.0,640,6900000000.0,sector_excluded_sic_6798,8,8,,
2017-07-01,110621,RPM INTERNATIONAL INC/DE/,2851.0,644,6158746744.0,sector_excluded_sic_2851,8,8,,
2017-07-01,1135971,PEPCO HOLDINGS LLC,4931.0,649,6802600000.0,sector_excluded_sic_4931,8,8,,
2017-07-01,1364885,"Spirit AeroSystems Holdings, Inc.",3728.0,653,5471118287.0,sector_excluded_sic_3728,8,8,,
2017-07-01,912593,SUN COMMUNITIES INC,6798.0,654,5092903276.0,sector_excluded_sic_6798,8,8,,
2017-07-01,1013871,"NRG ENERGY, INC.",4911.0,655,4180823320.0,sector_excluded_sic_4911,8,8,,
2017-07-01,52988,JACOBS SOLUTIONS INC.,1600.0,657,5300000000.0,sector_excluded_sic_1600,8,8,,
2017-07-01,791907,LINEAR TECHNOLOGY CORP /CA/,3674.0,658,6679000000.0,ineligible_filing_history,7,7,,
2017-07-01,800459,HARMAN INTERNATIONAL INDUSTRIES INC /DE/,3651.0,660,6664593936.0,ineligible_filing_history,7,7,,
2017-07-01,1274173,Janus Henderson Group Ltd.,6282.0,664,,no_pit_valid_float,0,0,,
2017-07-01,888491,OMEGA HEALTHCARE INVESTORS INC,6798.0,667,6465433450.7,sector_excluded_sic_6798,8,8,,
2017-07-01,916457,CALPINE CORP,4911.0,670,4694000000.0,sector_excluded_sic_4911,8,8,,
2017-07-01,1681689,Bioverativ Inc.,2834.0,671,,no_pit_valid_float,2,2,,
2017-07-01,8818,Avery Dennison Corp,2670.0,672,6414034778.0,sector_excluded_sic_2670,8,8,,
2017-07-01,1003410,DUKE REALTY Ltd PARTNERSHIP/,6500.0,673,,no_pit_valid_float,8,8,,
2017-07-01,1512673,"Block, Inc.",7372.0,674,1400000000.0,ineligible_filing_history,6,6,,
2017-07-01,1143068,GREAT PLAINS ENERGY INC,4911.0,676,4700571576.0,sector_excluded_sic_4911,8,8,,
2017-07-01,78128,"Essential Utilities, Inc.",4941.0,677,6309558158.0,sector_excluded_sic_4941,8,8,,
2017-07-01,1423689,AGNC Investment Corp.,6798.0,678,5500000000.0,sector_excluded_sic_6798,8,8,,
2017-07-01,878927,"OLD DOMINION FREIGHT LINE, INC.",4213.0,681,3708544464.0,sector_excluded_sic_4213,8,8,,
2017-07-01,1360604,Healthcare Realty Trust Inc,6798.0,682,4424137000.0,sector_excluded_sic_6798,8,9,,
2017-07-01,1624899,STERIS Ltd,3842.0,684,6140340935.0,ineligible_filing_history,6,6,,
2017-07-01,911421,PARTNERRE LTD,6321.0,685,6138078004.0,ineligible_filing_history,4,4,,
2017-07-01,1090425,LAMAR ADVERTISING CO/NEW,6798.0,687,5447202165.0,sector_excluded_sic_6798,8,8,,
2017-07-01,1308606,"SPIRIT REALTY CAPITAL, INC.",6512.0,689,6100000000.0,sector_excluded_sic_6512,8,8,,
2017-07-01,1581068,Brixmor Property Group Inc.,6798.0,691,6072921548.0,sector_excluded_sic_6798,8,8,,
2017-07-01,8858,AVNET INC,5065.0,692,5598302926.0,sector_excluded_sic_5065,8,8,,
2017-07-01,849213,PLUM CREEK TIMBER CO INC,6798.0,693,6067944931.0,sector_excluded_sic_6798,3,3,,
2017-07-01,42888,GRACO INC,3561.0,696,4249519110.0,sector_excluded_sic_3561,8,8,,
2017-07-01,1608249,"Zayo Group Holdings, Inc.",4813.0,697,4400000000.0,sector_excluded_sic_4813,8,8,,
2017-07-01,1675149,Alcoa Corp,3334.0,698,,no_pit_valid_float,3,3,,
2017-07-01,885590,Bausch Health Companies Inc.,2834.0,699,5979817000.0,ineligible_filing_history,7,8,,
2017-07-01,59527,LINCOLN ELECTRIC HOLDINGS INC,3540.0,701,3870351360.0,sector_excluded_sic_3540,8,8,,
2017-07-01,97210,"TERADYNE, INC",3825.0,704,3900000000.0,sector_excluded_sic_3825,8,8,,
2017-07-01,921112,LIBERTY PROPERTY TRUST,6798.0,705,5700000000.0,sector_excluded_sic_6798,8,8,,
2017-07-01,861361,B/E AEROSPACE INC,3728.0,708,4968000000.0,sector_excluded_sic_3728,7,7,,
2017-07-01,1647509,"Forest City Realty Trust, Inc.",6798.0,709,5205897387.0,sector_excluded_sic_6798,6,6,,
2017-07-01,804212,AIRGAS INC,5084.0,715,5800000000.0,sector_excluded_sic_5084,4,4,,
2017-07-01,1364250,Douglas Emmett Inc,6798.0,716,5020000000.0,sector_excluded_sic_6798,8,8,,
2017-07-01,1057058,"Waste Connections US, Inc.",4953.0,717,5778923129.0,sector_excluded_sic_4953,4,4,,
2017-07-01,20520,"Frontier Communications Parent, Inc.",4813.0,718,5764318000.0,sector_excluded_sic_4813,8,8,,
2017-07-01,794170,"Toll Brothers, Inc.",1531.0,721,4262101000.0,sector_excluded_sic_1531,8,8,,
2017-07-01,1527469,Athene Holding Ltd.,6311.0,723,,no_pit_valid_float,2,2,,
2017-07-01,1050915,"QUANTA SERVICES, INC.",1731.0,724,3300000000.0,sector_excluded_sic_1731,8,8,,
2017-07-01,1498828,Howard Hughes Corp,6798.0,725,3100000000.0,sector_excluded_sic_6798,8,8,,
2017-07-01,1465128,"STARWOOD PROPERTY TRUST, INC.",6798.0,726,4766928850.0,sector_excluded_sic_6798,8,8,,
2017-07-01,877212,ZEBRA TECHNOLOGIES CORP,3560.0,728,2589001121.0,sector_excluded_sic_3560,8,8,,
2017-07-01,866121,"Northrop Grumman Innovation Systems, Inc.",3760.0,730,4924000000.0,sector_excluded_sic_3760,4,7,,
2017-07-01,894315,SITE Centers Corp.,6798.0,732,5600000000.0,sector_excluded_sic_6798,8,8,,
2017-07-01,1316360,IHS Inc.,7370.0,733,5600000000.0,ineligible_filing_history,3,4,,
2017-07-01,1004155,SOUTHERN CO GAS,4924.0,734,5591017687.0,sector_excluded_sic_4924,8,8,,
2017-07-01,7536,"ARROW ELECTRONICS, INC.",5065.0,741,5551436416.0,sector_excluded_sic_5065,8,8,,
2017-07-01,14930,BRUNSWICK CORP,3510.0,742,4174908537.0,sector_excluded_sic_3510,8,8,,
2017-07-01,29644,DONALDSON Co INC,3564.0,744,3714825006.0,sector_excluded_sic_3564,7,8,,
2017-07-01,1298675,CubeSmart,6798.0,745,5504356819.0,sector_excluded_sic_6798,8,8,,
2017-07-01,1273801,NORTHSTAR REALTY FINANCE CORP.,6798.0,746,5500532003.0,sector_excluded_sic_6798,6,6,,
2017-07-01,1552033,TransUnion,7320.0,747,2400000000.0,sector_excluded_sic_7320,8,8,,
2017-07-01,1283630,AMERICAN CAMPUS COMMUNITIES INC,6798.0,749,5101195681.0,sector_excluded_sic_6798,8,8,,
2017-07-01,1135152,FMC TECHNOLOGIES INC,3533.0,751,5416567545.0,sector_excluded_sic_3533,6,6,,
2017-07-01,1487522,"InnoVision Labs, Inc",7372.0,752,,no_pit_valid_float,6,6,,
2017-07-01,1692819,Vistra Corp.,4911.0,753,,no_pit_valid_float,1,1,,
2017-07-01,1027884,CHICAGO BRIDGE & IRON CO N V,1700.0,754,,no_pit_valid_float,8,8,,
2017-07-01,861884,"RELIANCE, INC.",5051.0,756,5380000000.0,sector_excluded_sic_5051,8,8,,
2017-07-01,1428875,TERMINIX GLOBAL HOLDINGS INC,8741.0,758,5360000000.0,sector_excluded_sic_8741,8,8,,
2017-07-01,1000229,CORE LABORATORIES N V,1389.0,759,,no_pit_valid_float,8,8,,
2017-07-01,1045450,EPR PROPERTIES,6798.0,760,5172059171.0,sector_excluded_sic_6798,8,8,,
2017-07-01,868857,AECOM,8711.0,763,3800000000.0,sector_excluded_sic_8711,8,8,,
2017-07-01,1482512,"Hudson Pacific Properties, Inc.",6500.0,770,2490000000.0,sector_excluded_sic_6500,8,8,,
2017-07-01,1645494,ARRIS International plc,3663.0,774,4000000000.0,ineligible_filing_history,7,7,,
2017-07-01,921082,"HIGHWOODS PROPERTIES, INC.",6798.0,775,5100000000.0,sector_excluded_sic_6798,8,8,,
2017-07-01,30625,FLOWSERVE CORP,3561.0,777,3389096066.0,sector_excluded_sic_3561,8,8,,
2017-07-01,67716,MDU RESOURCES GROUP INC,1400.0,781,4687305024.0,sector_excluded_sic_1400,8,8,,
2017-07-01,1553023,CyrusOne Holdco LLC,6798.0,783,4400000000.0,sector_excluded_sic_6798,8,8,,
2017-07-01,1562401,American Homes 4 Rent,6798.0,784,4700000000.0,sector_excluded_sic_6798,8,8,,
2017-07-01,1053112,CABLEVISION SYSTEMS CORP /NY,4841.0,785,5098120074.0,ineligible_filing_history,4,4,,
2017-07-01,46619,HEICO CORP,3724.0,786,3417606000.0,sector_excluded_sic_3724,8,8,,
2017-07-01,1307954,Huntsman CORP,2800.0,789,2573379972.0,sector_excluded_sic_2800,8,8,,
2017-07-01,74303,OLIN Corp,2800.0,791,2060950212.0,sector_excluded_sic_2800,8,8,,
2017-07-01,1500435,"GoPro, Inc.",3861.0,792,1097400000.0,sector_excluded_sic_3861,8,8,,
2017-07-01,1170991,DCT Industrial Trust Inc.,6798.0,794,4300000000.0,sector_excluded_sic_6798,8,8,,
2017-07-01,1601046,"Keysight Technologies, Inc.",3823.0,795,3000000000.0,sector_excluded_sic_3823,8,8,,
2017-07-01,70145,NATIONAL FUEL GAS CO,4924.0,796,4142887000.0,sector_excluded_sic_4924,8,8,,
2017-07-01,91767,SONOCO PRODUCTS CO,2650.0,798,4944332687.0,sector_excluded_sic_2650,8,8,,
2017-07-01,1121788,GARMIN LTD,3812.0,799,4939741064.0,sector_excluded_sic_3812,8,8,,
2017-07-01,37996,FORD MOTOR CO,3711.0,99,49052855221.0,below_sector_K,8,8,consumer,21.0
2017-07-01,1532063,Express Scripts Holding Co.,5912.0,94,47641763395.0,below_sector_K,8,8,consumer,22.0
2017-07-01,1467858,General Motors Co,3711.0,106,44100000000.0,below_sector_K,8,8,consumer,23.0
2017-07-01,1275283,REYNOLDS AMERICAN INC,2111.0,128,44000000000.0,below_sector_K,8,8,consumer,24.0
2017-07-01,27419,TARGET CORP,5331.0,107,43242921133.0,below_sector_K,8,8,consumer,25.0
2017-07-01,1065280,NETFLIX INC,7841.0,102,38059122667.0,below_sector_K,8,8,consumer,26.0
2017-07-01,40704,GENERAL MILLS INC,2040.0,162,36148900000.0,below_sector_K,8,9,consumer,27.0
2017-07-01,1156039,"Elevance Health, Inc.",6324.0,115,34510272302.0,below_sector_K,8,8,healthcare,21.0
2017-07-01,31462,ECOLAB INC.,2840.0,152,34464699245.0,below_sector_K,8,8,consumer,28.0
2017-07-01,1156375,CME GROUP INC.,6200.0,133,32700000000.0,below_sector_K,8,8,financials,21.0
2017-07-01,701221,Cigna Holding Co,6324.0,134,32700000000.0,below_sector_K,8,8,healthcare,22.0
2017-07-01,10795,BECTON DICKINSON & CO,3841.0,144,32175610976.0,below_sector_K,8,8,healthcare,23.0
2017-07-01,927628,CAPITAL ONE FINANCIAL CORP,6021.0,120,31929010767.0,below_sector_K,8,8,financials,22.0
2017-07-01,885725,BOSTON SCIENTIFIC CORP,3841.0,155,31600000000.0,below_sector_K,8,8,healthcare,24.0
2017-07-01,1137774,PRUDENTIAL FINANCIAL INC,6311.0,124,31300000000.0,below_sector_K,8,8,financials,23.0
2017-07-01,1041061,YUM BRANDS INC,5812.0,143,31100000000.0,below_sector_K,8,8,consumer,29.0
2017-07-01,56873,KROGER CO,5411.0,159,30600000000.0,below_sector_K,8,8,consumer,30.0
2017-07-01,1571949,"Intercontinental Exchange, Inc.",6200.0,149,30181720745.0,below_sector_K,8,8,financials,24.0
2017-07-01,316709,SCHWAB CHARLES CORP,6211.0,108,29700000000.0,below_sector_K,8,8,financials,25.0
2017-07-01,721371,CARDINAL HEALTH INC,5122.0,196,29344021222.0,below_sector_K,8,8,healthcare,25.0
2017-07-01,4977,AFLAC INC,6321.0,194,29327044586.0,below_sector_K,8,8,financials,26.0
2017-07-01,315293,Aon plc,6411.0,171,29031404998.0,below_sector_K,8,8,financials,27.0
2017-07-01,92230,TRUIST FINANCIAL CORP,6021.0,160,28900000000.0,below_sector_K,8,8,financials,28.0
2017-07-01,865752,Monster Beverage Corp,2086.0,205,27920735052.0,below_sector_K,8,8,consumer,31.0
2017-07-01,1570585,Liberty Global Ltd.,4841.0,127,27600000000.0,below_sector_K,8,8,consumer,32.0
2017-07-01,89800,SHERWIN WILLIAMS CO,5200.0,179,27037033632.0,below_sector_K,8,8,consumer,33.0
2017-07-01,49071,HUMANA INC,6324.0,166,26887040202.0,below_sector_K,8,8,healthcare,26.0
2017-07-01,29534,DOLLAR GENERAL CORP,5331.0,213,26700000000.0,below_sector_K,8,8,consumer,34.0
2017-07-01,899051,ALLSTATE CORP,6331.0,186,25630000000.0,below_sector_K,8,8,financials,29.0
2017-07-01,1035267,INTUITIVE SURGICAL INC,3842.0,169,25194062637.0,below_sector_K,8,8,healthcare,27.0
2017-07-01,1318605,"Tesla, Inc.",3711.0,119,24663024104.0,below_sector_K,8,8,consumer,35.0
2017-07-01,1065088,EBAY INC,7389.0,83,24544842965.0,below_sector_K,8,8,financials,30.0
2017-07-01,7084,Archer-Daniels-Midland Co,2070.0,198,24400000000.0,below_sector_K,8,8,consumer,36.0
2017-07-01,745732,"ROSS STORES, INC.",5651.0,236,24019302284.0,below_sector_K,8,8,consumer,37.0
2017-07-01,10456,BAXTER INTERNATIONAL INC,3841.0,153,24000000000.0,below_sector_K,8,8,healthcare,28.0
2017-07-01,1136869,"ZIMMER BIOMET HOLDINGS, INC.",3842.0,217,23998830521.0,below_sector_K,8,8,healthcare,29.0
2017-07-01,798354,FISERV INC,7389.0,218,23949604597.0,below_sector_K,8,8,financials,31.0
2017-07-01,1136893,"Fidelity National Information Services, Inc.",7389.0,202,23928436456.0,below_sector_K,8,8,financials,32.0
2017-07-01,1555280,Zoetis Inc.,2834.0,193,23506000000.0,below_sector_K,8,8,healthcare,30.0
2017-07-01,860730,"HCA Healthcare, Inc.",8062.0,195,23234000000.0,below_sector_K,8,8,healthcare,31.0
2017-07-01,814453,NEWELL BRANDS INC.,3089.0,219,23100000000.0,below_sector_K,8,8,consumer,38.0
2017-07-01,55067,KELLANOVA,2040.0,250,22700000000.0,below_sector_K,8,8,consumer,39.0
2017-07-01,813828,Paramount Global,4833.0,231,21984467954.0,below_sector_K,8,8,consumer,40.0
2017-07-01,1623613,Mylan II B.V.,2834.0,177,21822318620.0,below_sector_K,8,8,healthcare,32.0
2017-07-01,935703,"DOLLAR TREE, INC.",5331.0,259,21781519553.0,below_sector_K,8,8,consumer,41.0
2017-07-01,1393612,Discover Financial Services,6141.0,225,21650557104.0,below_sector_K,8,8,financials,33.0
2017-07-01,96021,SYSCO CORP,5140.0,207,21547520392.0,below_sector_K,8,8,consumer,42.0
2017-07-01,875320,VERTEX PHARMACEUTICALS INC / MA,2834.0,184,21100000000.0,below_sector_K,8,8,healthcare,33.0
2017-07-01,1099800,Edwards Lifesciences Corp,3842.0,229,21062047999.0,below_sector_K,8,8,healthcare,34.0
2017-07-01,93751,STATE STREET CORP,6022.0,176,20880000000.0,below_sector_K,8,8,financials,34.0
2017-07-01,750556,SUNTRUST BANKS INC,6021.0,212,20600000000.0,below_sector_K,8,8,financials,35.0
2017-07-01,898173,O REILLY AUTOMOTIVE INC,5531.0,273,20433280070.0,below_sector_K,8,8,consumer,43.0
2017-07-01,1001250,ESTEE LAUDER COMPANIES INC,2844.0,282,19600000000.0,below_sector_K,8,8,consumer,44.0
2017-07-01,29989,OMNICOM GROUP INC.,7311.0,287,19273554000.0,below_sector_K,8,8,consumer,45.0
2017-07-01,80661,PROGRESSIVE CORP/OH/,6331.0,223,19214447523.0,below_sector_K,8,8,financials,36.0
2017-07-01,81061,PUBLIX SUPER MARKETS INC,5411.0,293,18853076000.0,below_sector_K,8,8,consumer,46.0
2017-07-01,24545,MOLSON COORS BEVERAGE CO,2082.0,303,18165133517.0,below_sector_K,8,8,consumer,47.0
2017-07-01,23217,CONAGRA BRANDS INC.,2000.0,305,18081494300.0,below_sector_K,8,8,consumer,48.0
2017-07-01,1110803,"ILLUMINA, INC.",3826.0,188,17900000000.0,below_sector_K,8,8,healthcare,35.0
2017-07-01,701985,"Bath & Body Works, Inc.",5990.0,278,17899799054.0,below_sector_K,8,8,consumer,49.0
2017-07-01,75362,PACCAR INC,3711.0,249,17860000000.0,below_sector_K,8,8,consumer,50.0
2017-07-01,1418135,Keurig Dr Pepper Inc.,2080.0,311,17858301618.0,below_sector_K,8,8,consumer,51.0
2017-07-01,1113169,PRICE T ROWE GROUP INC,6282.0,286,17700000000.0,below_sector_K,8,8,financials,37.0
2017-07-01,9892,BARD C R INC /NJ/,3841.0,319,17273587263.0,below_sector_K,8,8,healthcare,36.0
2017-07-01,1140536,WILLIS TOWERS WATSON PLC,6411.0,298,17200762240.0,below_sector_K,8,8,financials,38.0
2017-07-01,1521332,Aptiv PLC,3714.0,235,17022048583.0,below_sector_K,8,8,consumer,52.0
2017-07-01,874766,"HARTFORD INSURANCE GROUP, INC.",6331.0,291,17000000000.0,below_sector_K,8,8,financials,39.0
2017-07-01,36270,M&T BANK CORP,6022.0,251,16919525595.0,below_sector_K,8,8,financials,40.0
2017-07-01,1452575,Mead Johnson Nutrition Co,2000.0,302,16700000000.0,below_sector_K,8,8,consumer,53.0
2017-07-01,1173431,TD AMERITRADE HOLDING CORP,6211.0,255,16500000000.0,below_sector_K,8,8,financials,41.0
2017-07-01,107263,"WILLIAMS COMPANIES, INC.",4922.0,142,16207908251.0,below_sector_K,8,8,energy,21.0
2017-07-01,927066,DAVITA INC.,8090.0,321,16000000000.0,below_sector_K,8,8,healthcare,37.0
2017-07-01,1300514,LAS VEGAS SANDS CORP,7011.0,247,15754034137.0,below_sector_K,8,8,consumer,54.0
2017-07-01,47111,HERSHEY CO,2060.0,337,15563409682.0,below_sector_K,8,8,consumer,55.0
2017-07-01,1358071,CONCHO RESOURCES INC,1311.0,310,15544307866.0,below_sector_K,8,8,energy,22.0
2017-07-01,820313,AMPHENOL CORP /DE/,3678.0,317,15415000000.0,below_sector_K,8,8,tech,21.0
2017-07-01,72207,NOBLE ENERGY INC,1311.0,330,15400000000.0,below_sector_K,8,8,energy,23.0
2017-07-01,1393818,Blackstone Inc.,6282.0,228,15300000000.0,below_sector_K,8,8,financials,42.0
2017-07-01,1336917,"Under Armour, Inc.",2300.0,345,15034547119.0,below_sector_K,8,8,consumer,56.0
2017-07-01,73124,NORTHERN TRUST CORP,6022.0,254,14900000000.0,below_sector_K,8,8,financials,43.0
2017-07-01,4127,"SKYWORKS SOLUTIONS, INC.",3674.0,301,14812361660.0,below_sector_K,8,8,tech,22.0
2017-07-01,820027,AMERIPRISE FINANCIAL INC,6282.0,252,14600000000.0,below_sector_K,8,8,financials,44.0
2017-07-01,818479,DENTSPLY SIRONA Inc.,3843.0,351,14454589603.0,below_sector_K,8,8,healthcare,38.0
2017-07-01,91419,J M SMUCKER Co,2033.0,363,14314803639.0,below_sector_K,8,8,consumer,57.0
2017-07-01,38777,FRANKLIN RESOURCES INC,6282.0,277,14000000000.0,below_sector_K,8,8,financials,45.0
2017-07-01,106040,WESTERN DIGITAL CORP,3572.0,346,14000000000.0,below_sector_K,8,8,tech,23.0
2017-07-01,1000228,HENRY SCHEIN INC,5047.0,368,13826764000.0,below_sector_K,8,8,healthcare,39.0
2017-07-01,1140859,"Cencora, Inc.",5122.0,274,13618229743.0,below_sector_K,8,8,healthcare,40.0
2017-07-01,35527,FIFTH THIRD BANCORP,6022.0,289,13447748736.0,below_sector_K,8,8,financials,46.0
2017-07-01,33213,EQT Corp,1311.0,379,13300000000.0,below_sector_K,8,8,energy,24.0
2017-07-01,827054,MICROCHIP TECHNOLOGY INC,3674.0,384,13114059963.0,below_sector_K,8,8,tech,24.0
2017-07-01,879169,INCYTE CORP,8731.0,264,13100000000.0,below_sector_K,8,8,healthcare,41.0
2017-07-01,313927,CHURCH & DWIGHT CO INC /DE/,2840.0,390,13000000000.0,below_sector_K,8,8,consumer,58.0
2017-07-01,1096343,MARKEL GROUP INC.,6331.0,382,12978000000.0,below_sector_K,8,8,financials,47.0
2017-07-01,1442145,"Verisk Analytics, Inc.",7374.0,387,12787681387.0,below_sector_K,8,8,tech,25.0
2017-07-01,815556,FASTENAL CO,5200.0,401,12778423898.0,below_sector_K,8,8,consumer,59.0
2017-07-01,1327567,Palo Alto Networks Inc,3577.0,385,12713712655.0,below_sector_K,8,8,tech,26.0
2017-07-01,920148,LABCORP HOLDINGS INC.,8071.0,349,12700000000.0,below_sector_K,8,8,healthcare,42.0
2017-07-01,101778,MARATHON OIL CORP,1311.0,308,12696000000.0,below_sector_K,8,8,energy,25.0
2017-07-01,14693,BROWN FORMAN CORP,2080.0,339,12600000000.0,below_sector_K,8,8,consumer,60.0
2017-07-01,877890,CITRIX SYSTEMS INC,7372.0,409,12491715548.0,below_sector_K,8,8,tech,27.0
2017-07-01,1048286,MARRIOTT INTERNATIONAL INC /MD/,7011.0,189,12421427301.0,below_sector_K,8,8,consumer,61.0
2017-07-01,769397,"Autodesk, Inc.",7372.0,411,12400000000.0,below_sector_K,8,8,tech,28.0
2017-07-01,106640,WHIRLPOOL CORP /DE/,3630.0,373,12263819115.0,below_sector_K,8,8,consumer,62.0
2017-07-01,1071739,CENTENE CORP,6324.0,371,12200000000.0,below_sector_K,8,8,healthcare,43.0
2017-07-01,1560385,Liberty Media Corp,4833.0,253,12100000000.0,below_sector_K,8,8,consumer,63.0
2017-07-01,352915,UNIVERSAL HEALTH SERVICES INC,8062.0,396,11900000000.0,below_sector_K,8,8,healthcare,44.0
2017-07-01,1126328,PRINCIPAL FINANCIAL GROUP INC,6321.0,299,11800000000.0,below_sector_K,8,8,financials,48.0
2017-07-01,858470,Coterra Energy Inc.,1311.0,391,11800000000.0,below_sector_K,8,8,energy,26.0
2017-07-01,1585689,Hilton Worldwide Holdings Inc.,7011.0,357,11751000000.0,below_sector_K,8,8,consumer,64.0
2017-07-01,851968,MOHAWK INDUSTRIES INC,2273.0,420,11664141943.0,below_sector_K,8,8,consumer,65.0
2017-07-01,1158449,ADVANCE AUTO PARTS INC,5531.0,413,11647903451.0,below_sector_K,8,8,consumer,66.0
2017-07-01,1000697,WATERS CORP /DE/,3826.0,437,11522067374.0,below_sector_K,8,8,healthcare,45.0
2017-07-01,1001082,DISH Network CORP,4841.0,356,11500000000.0,below_sector_K,8,8,consumer,67.0
2017-07-01,60086,LOEWS CORP,6331.0,393,11399000000.0,below_sector_K,8,8,financials,49.0
2017-07-01,1022079,QUEST DIAGNOSTICS INC,8071.0,343,11300000000.0,below_sector_K,8,8,healthcare,46.0
2017-07-01,1170010,CARMAX INC,5500.0,408,11264113181.0,below_sector_K,8,8,consumer,68.0
2017-07-01,1101215,"BREAD FINANCIAL HOLDINGS, INC.",6141.0,314,11200000000.0,below_sector_K,8,8,financials,50.0
2017-07-01,1355096,"Old QVC Group, Inc.",5961.0,323,11200000000.0,below_sector_K,8,8,consumer,69.0
2017-07-01,20286,CINCINNATI FINANCIAL CORP,6331.0,446,11182876682.0,below_sector_K,8,8,financials,51.0
2017-07-01,1087423,RED HAT INC,7370.0,429,11100000000.0,below_sector_K,8,8,tech,29.0
2017-07-01,1168054,CIMAREX ENERGY CO,1311.0,448,11100000000.0,below_sector_K,8,8,energy,27.0
2017-07-01,794367,"Macy's, Inc.",5311.0,248,11052402000.0,below_sector_K,8,8,consumer,70.0
2017-07-01,1137789,Seagate Technology Holdings plc,3572.0,445,11000000000.0,below_sector_K,8,8,tech,30.0
2017-07-01,68505,"Motorola Solutions, Inc.",3663.0,452,11000000000.0,below_sector_K,8,8,tech,31.0
2017-07-01,16732,CAMPBELL'S Co,2000.0,425,10943238771.0,below_sector_K,8,8,consumer,71.0
2017-07-01,1403568,"Ulta Beauty, Inc.",5990.0,454,10919168000.0,below_sector_K,8,8,consumer,72.0
2017-07-01,1418091,"TWITTER, INC.",7370.0,262,10883506044.0,below_sector_K,8,8,tech,32.0
2017-07-01,743988,XILINX INC,3674.0,455,10876652000.0,below_sector_K,8,8,tech,33.0
2017-07-01,1276187,Energy Transfer LP,4922.0,222,10860000000.0,below_sector_K,8,8,energy,28.0
2017-07-01,1070423,PLAINS ALL AMERICAN PIPELINE LP,4610.0,322,10800000000.0,below_sector_K,8,8,energy,29.0
2017-07-01,1039101,"L3 TECHNOLOGIES, INC.",3663.0,397,10800000000.0,below_sector_K,8,8,tech,34.0
2017-07-01,759944,CITIZENS FINANCIAL GROUP INC/RI,6022.0,306,10569026814.0,below_sector_K,8,8,financials,52.0
2017-07-01,1281761,REGIONS FINANCIAL CORP,6021.0,378,10367597293.0,below_sector_K,8,8,financials,53.0
2017-07-01,1123360,GLOBAL PAYMENTS INC,7389.0,372,10361276769.0,below_sector_K,8,8,financials,54.0
2017-07-01,914208,Invesco Ltd.,6282.0,335,10300000000.0,below_sector_K,8,8,financials,55.0
2017-07-01,1611983,Liberty Broadband Corp,4841.0,350,10200000000.0,below_sector_K,8,8,consumer,73.0
2017-07-01,356028,"CA, INC.",7372.0,476,10200000000.0,below_sector_K,8,8,tech,35.0
2017-07-01,1327811,"Workday, Inc.",7374.0,477,10200000000.0,below_sector_K,8,8,tech,36.0
2017-07-01,48465,HORMEL FOODS CORP /DE/,2011.0,479,10164070958.0,below_sector_K,8,8,consumer,74.0
2017-07-01,865436,WHOLE FOODS MARKET INC,5411.0,300,9736323562.0,below_sector_K,8,8,consumer,75.0
2017-07-01,1039684,ONEOK INC /NEW/,4923.0,284,9700000000.0,below_sector_K,8,8,energy,30.0
2017-07-01,1037646,METTLER TOLEDO INTERNATIONAL INC/,3826.0,342,9666588481.0,below_sector_K,8,8,healthcare,47.0
2017-07-01,1359841,Hanesbrands Inc.,5600.0,374,9619505818.0,below_sector_K,8,8,consumer,76.0
2017-07-01,108772,XEROX CORP,3577.0,440,9616251249.0,below_sector_K,8,8,tech,37.0
2017-07-01,916365,TRACTOR SUPPLY CO /DE/,5200.0,491,9600000000.0,below_sector_K,8,8,consumer,77.0
2017-07-01,859737,HOLOGIC INC,3844.0,426,9587876939.0,below_sector_K,8,8,healthcare,48.0
2017-07-01,721683,TOTAL SYSTEM SERVICES INC,7389.0,463,9575381000.0,below_sector_K,8,8,financials,56.0
2017-07-01,1086222,AKAMAI TECHNOLOGIES INC,7389.0,421,9531000000.0,below_sector_K,8,8,financials,57.0
2017-07-01,1034670,AUTOLIV INC,3714.0,474,9479000000.0,below_sector_K,8,8,consumer,78.0
2017-07-01,1090872,"AGILENT TECHNOLOGIES, INC.",3826.0,406,9400000000.0,below_sector_K,8,8,healthcare,49.0
2017-07-01,46080,"HASBRO, INC.",3944.0,410,9397351462.0,below_sector_K,8,8,consumer,79.0
2017-07-01,91576,KEYCORP /NEW/,6021.0,271,9311866979.0,below_sector_K,8,8,financials,58.0
2017-07-01,1046257,Ingredion Inc,2040.0,514,9305000000.0,below_sector_K,8,8,consumer,80.0
2017-07-01,723125,MICRON TECHNOLOGY INC,3674.0,270,9300000000.0,below_sector_K,8,9,tech,38.0
2017-07-01,1365135,Western Union CO,7389.0,471,9300000000.0,below_sector_K,8,8,financials,59.0
2017-07-01,51644,"INTERPUBLIC GROUP OF COMPANIES, INC.",7311.0,501,9285528460.0,below_sector_K,8,8,consumer,81.0
2017-07-01,1618756,Restaurant Brands International Inc.,5812.0,367,9112077853.0,below_sector_K,8,8,consumer,82.0
2017-07-01,875159,XL GROUP LTD,6331.0,442,9100000000.0,below_sector_K,8,8,financials,60.0
2017-07-01,1116132,"TAPESTRY, INC.",3100.0,499,9100000000.0,below_sector_K,8,8,consumer,83.0
2017-07-01,805022,"BUCKEYE PARTNERS, L.P.",4610.0,511,9100000000.0,below_sector_K,8,8,energy,31.0
2017-07-01,59558,LINCOLN NATIONAL CORP,6311.0,355,9000000000.0,below_sector_K,8,8,financials,61.0
2017-07-01,1437107,"Warner Bros. Discovery, Inc.",4841.0,392,9000000000.0,below_sector_K,8,8,consumer,84.0
2017-07-01,789570,MGM Resorts International,7011.0,309,8900000000.0,below_sector_K,8,8,consumer,85.0
2017-07-01,50104,ANDEAVOR LLC,2911.0,369,8800000000.0,below_sector_K,8,8,energy,32.0
2017-07-01,1533932,"Worldpay, Inc.",7389.0,472,8800000000.0,below_sector_K,8,8,financials,62.0
2017-07-01,912750,NEWFIELD EXPLORATION CO /DE/,1311.0,540,8654807040.0,below_sector_K,8,8,energy,33.0
2017-07-01,109380,"ZIONS BANCORPORATION, NATIONAL ASSOCIATION /UT/",6021.0,535,8648868202.0,below_sector_K,8,8,financials,63.0
2017-07-01,947484,ARCH CAPITAL GROUP LTD.,6331.0,430,8470000000.0,below_sector_K,8,8,financials,64.0
2017-07-01,1552000,MPLX LP,4610.0,509,8400000000.0,below_sector_K,8,8,energy,34.0
2017-07-01,1043604,JUNIPER NETWORKS INC,3576.0,467,8334000000.0,below_sector_K,8,8,tech,39.0
2017-07-01,40729,Ally Financial Inc.,6022.0,492,8257669855.0,below_sector_K,8,8,financials,65.0
2017-07-01,1144519,BUNGELTD,2070.0,407,8220000000.0,below_sector_K,8,8,consumer,86.0
2017-07-01,874716,IDEXX LABORATORIES INC /DE,2835.0,364,8215859816.0,below_sector_K,8,8,healthcare,50.0
2017-07-01,775368,ALLEGHANY CORP /DE,6331.0,530,8156404713.0,below_sector_K,8,8,financials,66.0
2017-07-01,78239,PVH CORP. /DE/,2320.0,505,8092731997.0,below_sector_K,8,8,consumer,87.0
2017-07-01,707549,LAM RESEARCH CORP,3559.0,418,8074598541.0,below_sector_K,8,8,tech,40.0
2017-07-01,98246,TIFFANY & CO,5944.0,417,8002474636.0,below_sector_K,8,8,consumer,88.0
2017-07-01,1584509,Aramark,5812.0,529,7985300000.0,below_sector_K,8,8,consumer,89.0
2017-07-01,764478,BEST BUY CO INC,5731.0,579,7800000000.0,below_sector_K,8,8,consumer,90.0
2017-07-01,203527,VARIAN MEDICAL SYSTEMS INC,3845.0,513,7731668012.0,below_sector_K,8,8,healthcare,51.0
2017-07-01,1361658,Travel & Leisure Co.,7011.0,478,7718053995.0,below_sector_K,8,8,consumer,91.0
2017-07-01,1048477,BIOMARIN PHARMACEUTICAL INC,2834.0,340,7600000000.0,below_sector_K,8,8,healthcare,52.0
2017-07-01,1373715,"ServiceNow, Inc.",7372.0,405,7600000000.0,below_sector_K,8,8,tech,41.0
2017-07-01,1278680,ISHARES GOLD TRUST,6221.0,565,7559498263.0,below_sector_K,8,8,financials,67.0
2017-07-01,1004434,"AFFILIATED MANAGERS GROUP, INC.",6282.0,427,7547517704.0,below_sector_K,8,8,financials,68.0
2017-07-01,5513,Unum Group,6321.0,465,7500000000.0,below_sector_K,8,8,financials,69.0
2017-07-01,711404,"COOPER COMPANIES, INC.",3851.0,500,7500000000.0,below_sector_K,8,8,healthcare,53.0
2017-07-01,1609702,"CDK Global, Inc.",7389.0,536,7500000000.0,below_sector_K,8,8,financials,70.0
2017-07-01,885639,KOHLS Corp,5311.0,598,7500000000.0,below_sector_K,8,8,consumer,92.0
2017-07-01,943819,RESMED INC,3841.0,538,7432055423.0,below_sector_K,8,8,healthcare,54.0
2017-07-01,320335,GLOBE LIFE INC.,6311.0,528,7409307020.0,below_sector_K,8,8,financials,71.0
2017-07-01,1120193,"NASDAQ, INC.",6200.0,556,7400000000.0,below_sector_K,8,8,financials,72.0
2017-07-01,866374,FLEX LTD.,3672.0,605,7400000000.0,below_sector_K,8,8,tech,42.0
2017-07-01,1530721,Capri Holdings Ltd,3100.0,597,7374518747.0,below_sector_K,8,8,consumer,93.0
2017-07-01,1526520,"TripAdvisor, Inc.",7370.0,493,7344191894.0,below_sector_K,8,8,tech,43.0
2017-07-01,842162,LEAR CORP,3714.0,527,7333554195.0,below_sector_K,8,8,consumer,94.0
2017-07-01,23082,COMPUTER SCIENCES CORP,7373.0,542,7317368463.0,below_sector_K,8,8,tech,44.0
2017-07-01,315852,RANGE RESOURCES CORP,1311.0,561,7223323000.0,below_sector_K,8,8,energy,35.0
2017-07-01,813672,CADENCE DESIGN SYSTEMS INC,7372.0,626,7127225000.0,below_sector_K,8,8,tech,45.0
2017-07-01,910073,"FLAGSTAR BANK, NATIONAL ASSOCIATION",6036.0,576,7100000000.0,below_sector_K,8,8,financials,73.0
2017-07-01,1408198,MSCI Inc.,7389.0,523,7080925883.0,below_sector_K,8,8,financials,74.0
2017-07-01,1048695,"F5, INC.",3576.0,522,7074870573.0,below_sector_K,8,8,tech,46.0
2017-07-01,1604778,"Qorvo, Inc.",3674.0,630,7053238711.0,below_sector_K,8,8,tech,47.0
2017-07-01,28412,COMERICA INC,6021.0,404,7000000000.0,below_sector_K,8,8,financials,75.0
2017-07-01,1057352,"COSTAR GROUP, INC.",7389.0,568,7000000000.0,below_sector_K,8,8,financials,76.0
2017-07-01,49196,HUNTINGTON BANCSHARES INC /MD/,6021.0,361,6959125311.0,below_sector_K,8,8,financials,77.0
2017-07-01,909281,ONEOK Partners LP,4922.0,642,6900000000.0,below_sector_K,8,8,energy,36.0
2017-07-01,908937,SIRIUS XM HOLDINGS INC.,4832.0,559,6800292544.0,below_sector_K,8,8,consumer,95.0
2017-07-01,1389170,Targa Resources Corp.,4922.0,504,6774800000.0,below_sector_K,8,8,energy,37.0
2017-07-01,743316,MAXIM INTEGRATED PRODUCTS INC,3674.0,575,6710823712.0,below_sector_K,8,8,tech,48.0
2017-07-01,42582,GOODYEAR TIRE & RUBBER CO /OH/,3011.0,531,6700000000.0,below_sector_K,8,8,consumer,96.0
2017-07-01,790051,CARLISLE COMPANIES INC,3060.0,656,6700000000.0,below_sector_K,8,8,consumer,97.0
2017-07-01,1379661,Targa Resources Partners LP,4922.0,659,6669000000.0,below_sector_K,8,8,energy,38.0
2017-07-01,940944,DARDEN RESTAURANTS INC,5812.0,629,6643470000.0,below_sector_K,8,8,consumer,98.0
2017-07-01,832988,SIGNET JEWELERS LTD,5944.0,502,6638040057.0,below_sector_K,8,8,consumer,99.0
2017-07-01,893949,"Pediatrix Medical Group, Inc.",8060.0,647,6630916089.0,below_sector_K,8,8,healthcare,55.0
2017-07-01,58492,LEGGETT & PLATT INC,2510.0,652,6600700000.0,below_sector_K,8,8,consumer,100.0
2017-07-01,1058090,CHIPOTLE MEXICAN GRILL INC,5812.0,444,6600000000.0,below_sector_K,8,8,consumer,101.0
2017-07-01,886158,"20230930-DK-Butterfly-1, Inc.",5700.0,489,6598435409.0,below_sector_K,8,9,consumer,102.0
2017-07-01,1093557,DEXCOM INC,3841.0,666,6536876486.0,below_sector_K,8,8,healthcare,56.0
2017-07-01,1161154,"Energy Transfer Operating, L.P.",4610.0,261,6500000000.0,below_sector_K,8,8,energy,39.0
2017-07-01,1520262,Alkermes plc.,2834.0,506,6485485798.0,below_sector_K,8,8,healthcare,57.0
2017-07-01,1402057,CDW Corp,5961.0,503,6441600000.0,below_sector_K,8,8,consumer,103.0
2017-07-01,1171825,CIT GROUP INC,6021.0,566,6415033452.0,below_sector_K,8,8,financials,78.0
2017-07-01,1383312,"BROADRIDGE FINANCIAL SOLUTIONS, INC.",7389.0,581,6317208951.0,below_sector_K,8,8,financials,79.0
2017-07-01,908255,BORGWARNER INC,3714.0,399,6300000000.0,below_sector_K,8,8,consumer,104.0
2017-07-01,1330568,iShares Silver Trust,6221.0,680,6266543740.0,below_sector_K,8,8,financials,80.0
2017-07-01,779152,JACK HENRY & ASSOCIATES INC,7373.0,646,6234140228.0,below_sector_K,8,8,tech,49.0
2017-07-01,898174,REINSURANCE GROUP OF AMERICA INC,6311.0,555,6200000000.0,below_sector_K,8,8,financials,81.0
2017-07-01,46765,"Helmerich & Payne, Inc.",1381.0,628,6200000000.0,below_sector_K,8,8,energy,40.0
2017-07-01,1286681,DOMINOS PIZZA INC,5140.0,480,6127024302.0,below_sector_K,8,8,consumer,105.0
2017-07-01,72333,NORDSTROM INC,5651.0,433,6100000000.0,below_sector_K,8,8,consumer,106.0
2017-07-01,350894,SEI INVESTMENTS CO,6211.0,665,6100000000.0,below_sector_K,8,8,financials,82.0
2017-07-01,1013462,ANSYS INC,7372.0,616,6086000000.0,below_sector_K,8,8,tech,50.0
2017-07-01,1013237,FACTSET RESEARCH SYSTEMS INC,7370.0,645,6049252249.0,below_sector_K,8,8,tech,51.0
2017-07-01,850209,"FOOT LOCKER, INC.",5661.0,596,6029285940.0,below_sector_K,8,8,consumer,107.0
2017-07-01,39911,GAP INC,5651.0,487,6000000000.0,below_sector_K,8,8,consumer,108.0
2017-07-01,791519,STAPLES INC,5940.0,510,6000000000.0,below_sector_K,8,8,consumer,109.0
2017-07-01,720005,RAYMOND JAMES FINANCIAL INC,6211.0,494,5967672213.0,below_sector_K,8,8,financials,83.0
2017-07-01,1617640,"ZILLOW GROUP, INC.",7389.0,573,5870516058.0,below_sector_K,8,8,financials,84.0
2017-07-01,11544,BERKLEY W R CORP,6331.0,661,5857187550.0,below_sector_K,8,8,financials,85.0
2017-07-01,1478242,IQVIA HOLDINGS INC.,8731.0,711,5770018162.0,below_sector_K,8,8,healthcare,58.0
2017-07-01,48898,HUBBELL INC,3670.0,683,5763377247.0,below_sector_K,8,8,tech,52.0
2017-07-01,96223,Jefferies Financial Group Inc.,6211.0,539,5757059412.0,below_sector_K,8,8,financials,86.0
2017-07-01,1395942,"OPENLANE, Inc.",5500.0,720,5748110691.0,below_sector_K,8,8,consumer,110.0
2017-07-01,1320695,"TreeHouse Foods, Inc.",2030.0,722,5711079232.0,below_sector_K,8,8,consumer,111.0
2017-07-01,1002638,OPEN TEXT CORP,7373.0,567,5700000000.0,below_sector_K,8,8,tech,53.0
2017-07-01,1016125,ULTIMATE SOFTWARE GROUP INC,7372.0,703,5700000000.0,below_sector_K,8,8,tech,54.0
2017-07-01,1037038,RALPH LAUREN CORP,2320.0,675,5674524328.0,below_sector_K,8,8,consumer,112.0
2017-07-01,31791,"REVVITY, INC.",3826.0,610,5650129129.0,below_sector_K,8,8,healthcare,59.0
2017-07-01,815094,ABIOMED INC,3841.0,737,5571835144.0,below_sector_K,8,8,healthcare,60.0
2017-07-01,1597033,Sabre Corp,7370.0,740,5557932591.0,below_sector_K,8,8,tech,55.0
2017-07-01,105770,WEST PHARMACEUTICAL SERVICES INC,3841.0,638,5555781688.0,below_sector_K,8,8,healthcare,61.0
2017-07-01,1232524,Jazz Pharmaceuticals plc,2834.0,601,5545347783.0,below_sector_K,8,8,healthcare,62.0
2017-07-01,1042046,AMERICAN FINANCIAL GROUP INC,6331.0,590,5540000000.0,below_sector_K,8,8,financials,87.0
2017-07-01,860731,TYLER TECHNOLOGIES INC,7372.0,688,5505843000.0,below_sector_K,8,8,tech,56.0
2017-07-01,1289790,Macquarie Infrastructure Corp,5172.0,686,5497965173.0,below_sector_K,8,8,energy,41.0
2017-07-01,717423,MURPHY OIL CORP,1311.0,625,5467321679.0,below_sector_K,8,8,energy,42.0
2017-07-01,1374310,"Cboe Global Markets, Inc.",6200.0,439,5400000000.0,below_sector_K,8,8,financials,88.0
2017-07-01,1404912,KKR & Co. Inc.,6282.0,482,5400000000.0,below_sector_K,8,8,financials,89.0
2017-07-01,896622,"APTARGROUP, INC.",3089.0,710,5397779755.0,below_sector_K,8,8,consumer,113.0
2017-07-01,1579298,"Burlington Stores, Inc.",5311.0,757,5367694090.0,below_sector_K,8,8,consumer,114.0
2017-07-01,96943,TELEFLEX INC,3841.0,761,5331695959.0,below_sector_K,8,8,healthcare,63.0
2017-07-01,1278021,MARKETAXESS HOLDINGS INC,6211.0,613,5300000000.0,below_sector_K,8,8,financials,90.0
2017-07-01,817366,VCA INC,700.0,764,5300000000.0,below_sector_K,8,8,consumer,115.0
2017-07-01,1131096,ATHENAHEALTH INC,7389.0,750,5258988220.0,below_sector_K,8,8,financials,91.0
2017-07-01,1060822,CARTERS INC,2300.0,738,5220125196.0,below_sector_K,8,8,consumer,116.0
2017-07-01,1267238,"ASSURANT, INC.",6399.0,739,5196000000.0,below_sector_K,8,8,financials,92.0
2017-07-01,1353283,SPLUNK INC,7372.0,778,5154380131.0,below_sector_K,8,8,tech,57.0
2017-07-01,1390844,WABCO Holdings Inc.,3711.0,634,5100000000.0,below_sector_K,8,8,consumer,117.0
2017-07-01,1564822,PINNACLE FOODS INC.,2000.0,614,5050000000.0,below_sector_K,8,8,consumer,118.0
2017-07-01,89089,SERVICE CORP INTERNATIONAL,7200.0,668,5043314251.0,below_sector_K,8,8,consumer,119.0
2017-07-01,1430602,"Scripps Networks Interactive, Inc.",4841.0,702,5005000000.0,below_sector_K,8,8,consumer,120.0
2017-07-01,880285,ENBRIDGE ENERGY PARTNERS LP,4610.0,624,5002552571.0,below_sector_K,8,8,energy,43.0
2017-07-01,1517228,"Vistance Networks, Inc.",3663.0,618,4955000000.0,below_sector_K,8,8,tech,58.0
2017-07-01,719739,SVB FINANCIAL GROUP,6022.0,519,4950763251.0,below_sector_K,8,8,financials,93.0
2017-07-01,39899,TEGNA INC,4833.0,617,4949634035.0,below_sector_K,8,8,consumer,121.0
2017-07-01,7332,SOUTHWESTERN ENERGY CO,1311.0,537,4913492123.0,below_sector_K,8,8,energy,44.0
2017-07-01,1397187,lululemon athletica inc.,2300.0,787,4913000000.0,below_sector_K,8,8,consumer,122.0
2017-07-01,1535929,"Voya Financial, Inc.",6311.0,466,4900000000.0,below_sector_K,8,8,financials,94.0
2017-07-01,1214816,AXIS CAPITAL HOLDINGS LTD,6331.0,765,4900000000.0,below_sector_K,8,8,financials,95.0
2017-07-01,1069157,EAST WEST BANCORP INC,6022.0,553,4880099369.0,below_sector_K,8,8,financials,96.0
2017-07-01,12659,H&R BLOCK INC,7200.0,534,4806004628.0,below_sector_K,8,8,consumer,123.0
2017-07-01,883241,SYNOPSYS INC,7372.0,570,4800000000.0,below_sector_K,8,8,tech,59.0
2017-07-01,719955,WILLIAMS SONOMA INC,5700.0,594,4757778000.0,below_sector_K,8,8,consumer,124.0
2017-07-01,913144,RENAISSANCERE HOLDINGS LTD,6331.0,748,4756600000.0,below_sector_K,8,8,financials,97.0
2017-07-01,1402436,SS&C Technologies Holdings Inc,7372.0,663,4746522344.0,below_sector_K,8,8,tech,60.0
2017-07-01,1124610,VMWARE LLC,7372.0,648,4718141304.0,below_sector_K,8,8,tech,61.0
2017-07-01,1368458,"Sally Beauty Holdings, Inc.",5990.0,755,4716726000.0,below_sector_K,8,8,consumer,125.0
2017-07-01,1002047,"NetApp, Inc.",3572.0,779,4706796074.0,below_sector_K,8,8,tech,62.0
2017-07-01,1178670,"ALNYLAM PHARMACEUTICALS, INC.",2834.0,484,4703804453.0,below_sector_K,8,8,healthcare,64.0
2017-07-01,1279363,"WELLCARE HEALTH PLANS, INC.",6324.0,572,4700000000.0,below_sector_K,8,8,healthcare,65.0
2017-07-01,1102112,PACWEST BANCORP,6021.0,727,4693333367.0,below_sector_K,8,8,financials,98.0
2017-07-01,277595,ENERGEN CORP,1311.0,767,4616230556.0,below_sector_K,8,8,energy,45.0
2017-07-01,1097149,ALIGN TECHNOLOGY INC,3842.0,497,4608283946.0,below_sector_K,8,8,healthcare,66.0
2017-07-01,1433270,ANTERO RESOURCES Corp,1311.0,793,4600000000.0,below_sector_K,8,8,energy,46.0
2017-07-01,1378946,"People's United Financial, Inc.",6035.0,690,4558358923.0,below_sector_K,8,8,financials,99.0
2017-07-01,812011,VAIL RESORTS INC,7990.0,651,4480036250.0,below_sector_K,8,8,consumer,126.0
2017-07-01,1539838,"Diamondback Energy, Inc.",1311.0,577,4475534237.0,below_sector_K,8,8,energy,47.0
2017-07-01,1378992,"BERRY GLOBAL GROUP, INC.",3089.0,679,4400000000.0,below_sector_K,8,8,consumer,127.0
2017-07-01,310568,MICROSEMI CORP,3674.0,700,4360000000.0,below_sector_K,8,8,tech,63.0
2017-07-01,1530950,"Post Holdings, Inc.",2040.0,743,4338089035.0,below_sector_K,8,8,consumer,128.0
2017-07-01,355811,GENTEX CORP,3714.0,766,4324819280.0,below_sector_K,8,8,consumer,129.0
2017-07-01,701374,Six Flags Entertainment Corp/OLD,7990.0,736,4317200000.0,below_sector_K,8,8,consumer,130.0
2017-07-01,1015780,E TRADE FINANCIAL CORP,6035.0,569,4300000000.0,below_sector_K,8,8,financials,100.0
2017-07-01,1451505,Transocean Ltd.,1381.0,706,4300000000.0,below_sector_K,8,8,energy,48.0
2017-07-01,1096752,EDGEWELL PERSONAL CARE Co,2844.0,544,4188335907.0,below_sector_K,8,8,consumer,131.0
2017-07-01,1411207,Allison Transmission Holdings Inc,3714.0,735,4186700000.0,below_sector_K,8,8,consumer,132.0
2017-07-01,22356,COMMERCE BANCSHARES INC /MO/,6022.0,768,4160000000.0,below_sector_K,8,8,financials,101.0
2017-07-01,891103,"Match Group, Inc.",7370.0,595,4111134940.0,below_sector_K,8,8,tech,64.0
2017-07-01,1082554,UNITED THERAPEUTICS Corp,2834.0,662,4094026937.0,below_sector_K,8,8,healthcare,67.0
2017-07-01,1414475,"Western Midstream Operating, LP",4922.0,731,3900000000.0,below_sector_K,8,8,energy,49.0
2017-07-01,1357204,"DUNKIN' BRANDS GROUP, INC.",5810.0,769,3880000000.0,below_sector_K,8,8,consumer,133.0
2017-07-01,1060736,Seagen Inc.,2836.0,797,3833493519.0,below_sector_K,8,8,healthcare,68.0
2017-07-01,48039,HollyFrontier Corp,2911.0,607,3800000000.0,below_sector_K,8,8,energy,50.0
2017-07-01,1593538,NAVIENT CORP,6211.0,650,3800000000.0,below_sector_K,8,8,financials,102.0
2017-07-01,857005,PTC INC.,7372.0,695,3742819047.0,below_sector_K,8,8,tech,65.0
2017-07-01,883980,FIRST DATA CORP,7389.0,641,3700000000.0,below_sector_K,8,8,financials,103.0
2017-07-01,39263,"CULLEN/FROST BANKERS, INC.",6021.0,714,3700000000.0,below_sector_K,8,8,financials,104.0
2017-07-01,1262039,"Fortinet, Inc.",3577.0,762,3631280546.0,below_sector_K,8,8,tech,66.0
2017-07-01,1311370,"Lazard, Inc.",6282.0,631,3588095855.0,below_sector_K,8,8,financials,105.0
2017-07-01,1099590,MERCADOLIBRE INC,7389.0,547,3571841858.0,below_sector_K,8,8,financials,106.0
2017-07-01,70866,NCR Voyix Corp,3578.0,782,3400000000.0,below_sector_K,8,8,tech,67.0
2017-07-01,18349,SYNOVUS FINANCIAL CORP,6021.0,790,3372136919.0,below_sector_K,8,8,financials,107.0
2017-07-01,1255474,Whiting Holdings LLC,1311.0,643,3357000000.0,below_sector_K,8,8,energy,51.0
2017-07-01,900075,COPART INC,5500.0,729,3337942326.0,below_sector_K,8,8,consumer,134.0
2017-07-01,1273813,ASSURED GUARANTY LTD,6351.0,800,3310230030.0,below_sector_K,8,8,financials,108.0
2017-07-01,895126,EXPAND ENERGY Corp,1311.0,606,3300000000.0,below_sector_K,8,8,energy,52.0
2017-07-01,47518,"Hill-Rom Holdings, Inc.",3841.0,712,3300000000.0,below_sector_K,8,8,healthcare,69.0
2017-07-01,1594466,Pioneer PE Holding LLC,1311.0,593,3250385356.0,below_sector_K,8,8,energy,53.0
2017-07-01,816761,TERADATA CORP /DE/,7372.0,773,3200000000.0,below_sector_K,8,8,tech,68.0
2017-07-01,1596532,"Arista Networks, Inc.",3576.0,563,3091241753.0,below_sector_K,8,8,tech,69.0
2017-07-01,1593034,Endo International plc,2834.0,328,3084255040.0,below_sector_K,8,8,healthcare,70.0
2017-07-01,775158,OSHKOSH CORP,3711.0,780,2989656153.0,below_sector_K,8,8,consumer,135.0
2017-07-01,1303652,Tableau Software Inc,7372.0,707,2800000000.0,below_sector_K,8,8,tech,70.0
2017-07-01,1411494,"Apollo Asset Management, Inc.",6282.0,788,2761800000.0,below_sector_K,8,8,financials,109.0
2017-07-01,730263,THOR INDUSTRIES INC,3716.0,771,2626000000.0,below_sector_K,8,8,consumer,136.0
2017-07-01,1332349,Brookdale Senior Living Inc.,8050.0,669,2600000000.0,below_sector_K,8,8,healthcare,71.0
2017-07-01,1581990,PLAINS GP HOLDINGS LP,4610.0,713,2600000000.0,below_sector_K,8,8,energy,54.0
2017-07-01,1370880,"Mandiant, Inc.",3577.0,635,2500000000.0,below_sector_K,8,8,tech,71.0
2017-07-01,1491576,"TESARO, Inc.",2834.0,772,2451342540.0,below_sector_K,8,8,healthcare,72.0
2017-07-01,874015,IONIS PHARMACEUTICALS INC,2834.0,719,2337558702.0,below_sector_K,8,8,healthcare,73.0
2017-07-01,104889,Graham Holdings Co,8200.0,776,2200000000.0,below_sector_K,8,8,consumer,137.0
2017-07-01,1024305,COTY INC.,2844.0,375,1709238004.0,below_sector_K,8,8,consumer,138.0
2017-07-01,1293971,"bluebird bio, Inc.",2836.0,694,1586834900.0,below_sector_K,8,8,healthcare,74.0
2017-07-01,939767,"EXELIXIS, INC.",2836.0,627,1361396920.0,below_sector_K,8,8,healthcare,75.0
2017-07-01,1108109,COMMUNITY HEALTH SYSTEMS INC,8062.0,604,1321763644.0,below_sector_K,8,8,healthcare,76.0
2017-07-01,924515,GUIDED THERAPEUTICS INC,3845.0,400,580000000.0,below_sector_K,8,8,healthcare,77.0
2018-07-01,93859,OBH Inc.,5812.0,6,,no_pit_valid_float,7,7,,
2018-07-01,1616314,"MedEquities Realty Trust, Inc.",6798.0,9,358216529000.0,sector_excluded_sic_6798,7,7,,
2018-07-01,732717,AT&T INC.,4813.0,14,232000000000.0,sector_excluded_sic_4813,8,8,,
2018-07-01,40545,GENERAL ELECTRIC CO,3600.0,15,,no_pit_valid_float,8,8,,
2018-07-01,732712,VERIZON COMMUNICATIONS INC,4813.0,19,182142289318.0,sector_excluded_sic_4813,8,8,,
2018-07-01,1744489,Walt Disney Co,7990.0,24,,no_pit_valid_float,0,0,,
2018-07-01,12927,BOEING CO,3721.0,25,117300000000.0,sector_excluded_sic_3721,8,8,,
2018-07-01,77476,PEPSICO INC,2080.0,34,166500000000.0,ineligible_filing_history,7,8,,
2018-07-01,1666700,"DuPont de Nemours, Inc.",2821.0,35,76900000000.0,sector_excluded_sic_2821,3,3,,
2018-07-01,1711675,Nightstar Therapeutics plc,2836.0,37,,no_pit_valid_float,0,0,,
2018-07-01,773840,HONEYWELL INTERNATIONAL INC,3724.0,49,101400000000.0,sector_excluded_sic_3724,8,8,,
2018-07-01,100885,UNION PACIFIC CORP,4011.0,52,87300000000.0,sector_excluded_sic_4011,8,8,,
2018-07-01,101829,RTX Corp,3724.0,57,97490067627.0,sector_excluded_sic_3724,8,8,,
2018-07-01,1467373,Accenture plc,7389.0,58,75959847390.0,ineligible_filing_history,6,8,,
2018-07-01,1730168,Broadcom Inc.,3674.0,60,,no_pit_valid_float,1,1,,
2018-07-01,796343,ADOBE INC.,7372.0,61,52575558763.0,ineligible_filing_history,6,8,,
2018-07-01,1075531,Booking Holdings Inc.,4700.0,62,91500000000.0,sector_excluded_sic_4700,8,8,,
2018-07-01,1649338,Broadcom Pte. Ltd.,3674.0,65,89200000000.0,ineligible_filing_history,7,7,,
2018-07-01,936468,LOCKHEED MARTIN CORP,3760.0,68,80300000000.0,sector_excluded_sic_3760,8,8,,
2018-07-01,4962,AMERICAN EXPRESS CO,6199.0,69,74300000000.0,non_operating_sic_6199,8,8,,
2018-07-01,909832,COSTCO WHOLESALE CORP /NEW,5331.0,71,74963307820.0,ineligible_filing_history,6,8,,
2018-07-01,97745,THERMO FISHER SCIENTIFIC INC.,3829.0,72,67969182000.0,sector_excluded_sic_3829,8,8,,
2018-07-01,18230,CATERPILLAR INC,3531.0,75,63400000000.0,sector_excluded_sic_3531,8,8,,
2018-07-01,1690881,"ASV HOLDINGS, INC.",3531.0,77,79870000000.0,sector_excluded_sic_3531,5,5,,
2018-07-01,753308,NEXTERA ENERGY INC,4911.0,80,65589650954.0,sector_excluded_sic_4911,8,8,,
2018-07-01,1090727,UNITED PARCEL SERVICE INC,4210.0,82,76094649311.0,sector_excluded_sic_4210,8,8,,
2018-07-01,1618921,"Walgreens Boots Alliance, Inc.",5912.0,83,73000000000.0,ineligible_filing_history,7,9,,
2018-07-01,60667,LOWES COMPANIES INC,5211.0,84,65600000000.0,ineligible_filing_history,6,8,,
2018-07-01,30554,"EIDP, Inc.",2820.0,87,70000000000.0,sector_excluded_sic_2820,8,8,,
2018-07-01,1063761,SIMON PROPERTY GROUP INC.,6798.0,89,49945000000.0,sector_excluded_sic_6798,8,8,,
2018-07-01,895728,ENBRIDGE INC,4610.0,91,65416118124.0,ineligible_filing_history,2,2,,
2018-07-01,1053507,AMERICAN TOWER CORP /MA/,6798.0,94,56300000000.0,sector_excluded_sic_6798,8,8,,
2018-07-01,313616,DANAHER CORP /DE/,3823.0,97,51700000000.0,sector_excluded_sic_3823,8,8,,
2018-07-01,1048911,FEDEX CORP,4513.0,102,47200000000.0,sector_excluded_sic_4513,6,8,,
2018-07-01,29915,DOW CHEMICAL CO /DE/,2821.0,105,55800000000.0,sector_excluded_sic_2821,8,8,,
2018-07-01,1047122,RAYTHEON CO/,3812.0,109,46800000000.0,sector_excluded_sic_3812,8,8,,
2018-07-01,109198,TJX COMPANIES INC /DE/,5651.0,113,44235895555.0,ineligible_filing_history,7,8,,
2018-07-01,1133421,NORTHROP GRUMMAN CORP /DE/,3812.0,114,44500000000.0,sector_excluded_sic_3812,8,8,,
2018-07-01,40533,GENERAL DYNAMICS CORP,3730.0,115,52357779347.0,sector_excluded_sic_3730,8,8,,
2018-07-01,64040,S&P Global Inc.,7320.0,119,37500000000.0,sector_excluded_sic_7320,8,8,,
2018-07-01,92122,SOUTHERN CO,4911.0,120,47900000000.0,sector_excluded_sic_4911,8,8,,
2018-07-01,1110783,MONSANTO CO /NEW/,2870.0,122,49800000000.0,sector_excluded_sic_2870,6,7,,
2018-07-01,55785,KIMBERLY CLARK CORP,2670.0,124,45600000000.0,sector_excluded_sic_2670,8,8,,
2018-07-01,715957,"DOMINION ENERGY, INC",4911.0,127,48100000000.0,sector_excluded_sic_4911,8,8,,
2018-07-01,277948,CSX CORP,4011.0,131,,no_pit_valid_float,8,8,,
2018-07-01,49826,ILLINOIS TOOL WORKS INC,3560.0,133,45900000000.0,sector_excluded_sic_3560,8,8,,
2018-07-01,723125,MICRON TECHNOLOGY INC,3674.0,136,20500000000.0,ineligible_filing_history,7,9,,
2018-07-01,1707925,LINDE PLC,2810.0,138,,no_pit_valid_float,2,2,,
2018-07-01,1051470,CROWN CASTLE INC.,6798.0,139,36500000000.0,sector_excluded_sic_6798,8,8,,
2018-07-01,315189,DEERE & CO,3523.0,140,35641157591.0,sector_excluded_sic_3523,8,8,,
2018-07-01,1275283,REYNOLDS AMERICAN INC,2111.0,141,44000000000.0,ineligible_filing_history,5,5,,
2018-07-01,32604,EMERSON ELECTRIC CO,3600.0,144,38400000000.0,sector_excluded_sic_3600,8,8,,
2018-07-01,702165,NORFOLK SOUTHERN CORP,4011.0,146,35044199563.0,sector_excluded_sic_4011,8,8,,
2018-07-01,1739940,Cigna Group,6324.0,149,,no_pit_valid_float,0,0,,
2018-07-01,1109357,EXELON CORP,4931.0,152,34604071959.0,sector_excluded_sic_4931,8,8,,
2018-07-01,27904,"DELTA AIR LINES, INC.",4512.0,160,38900000000.0,sector_excluded_sic_4512,8,8,,
2018-07-01,884905,LINDE INC,2810.0,162,38000000000.0,sector_excluded_sic_2810,8,8,,
2018-07-01,1393311,Public Storage,6798.0,164,,no_pit_valid_float,8,8,,
2018-07-01,92380,SOUTHWEST AIRLINES CO,4512.0,166,37211057645.0,sector_excluded_sic_4512,8,8,,
2018-07-01,1385157,TE Connectivity plc,5065.0,170,26400000000.0,sector_excluded_sic_5065,8,8,,
2018-07-01,1489393,LyondellBasell Industries N.V.,2860.0,174,27300000000.0,sector_excluded_sic_2860,8,8,,
2018-07-01,823768,WASTE MANAGEMENT INC,4953.0,178,32200000000.0,sector_excluded_sic_4953,8,8,,
2018-07-01,2969,"Air Products & Chemicals, Inc.",2810.0,179,29300000000.0,sector_excluded_sic_2810,8,8,,
2018-07-01,1045609,"Prologis, Inc.",6798.0,180,30903505295.0,sector_excluded_sic_6798,8,8,,
2018-07-01,1551182,Eaton Corp plc,3590.0,181,34600000000.0,sector_excluded_sic_3590,8,8,,
2018-07-01,4904,AMERICAN ELECTRIC POWER CO INC,4911.0,183,34179628893.0,sector_excluded_sic_4911,8,8,,
2018-07-01,1101239,EQUINIX INC,6798.0,184,33500000000.0,sector_excluded_sic_6798,8,8,,
2018-07-01,1004980,PG&E Corp,4931.0,187,,no_pit_valid_float,8,8,,
2018-07-01,16918,"CONSTELLATION BRANDS, INC.",2080.0,191,32990201563.0,ineligible_filing_history,6,8,,
2018-07-01,1059556,MOODYS CORP /DE/,7320.0,192,23000000000.0,sector_excluded_sic_7320,8,8,,
2018-07-01,833444,Johnson Controls International plc,3585.0,193,39500000000.0,sector_excluded_sic_3585,8,8,,
2018-07-01,1011006,ALTABA INC.,,194,32522108074.0,sector_excluded_sic_None,4,4,,
2018-07-01,1032208,SEMPRA,4932.0,198,28300000000.0,sector_excluded_sic_4932,8,8,,
2018-07-01,56873,KROGER CO,5411.0,202,21100000000.0,ineligible_filing_history,7,8,,
2018-07-01,1627857,"Sailpoint Technologies Holdings, Inc.",7372.0,205,,no_pit_valid_float,2,2,,
2018-07-01,79879,PPG INDUSTRIES INC,2851.0,210,28173000000.0,sector_excluded_sic_2851,8,8,,
2018-07-01,106535,WEYERHAEUSER CO,6798.0,213,25000000000.0,sector_excluded_sic_6798,8,8,,
2018-07-01,882835,ROPER TECHNOLOGIES INC,3823.0,214,23224859776.0,sector_excluded_sic_3823,8,8,,
2018-07-01,766704,WELLTOWER INC.,6798.0,216,27562002967.0,sector_excluded_sic_6798,8,8,,
2018-07-01,26172,CUMMINS INC,3510.0,217,27200000000.0,sector_excluded_sic_3510,8,8,,
2018-07-01,788784,PUBLIC SERVICE ENTERPRISE GROUP INC,4931.0,218,21673743255.0,sector_excluded_sic_4931,8,8,,
2018-07-01,24741,CORNING INC /NY,3357.0,221,27000000000.0,sector_excluded_sic_3357,8,8,,
2018-07-01,6281,ANALOG DEVICES INC,3674.0,223,,no_pit_valid_float,8,8,,
2018-07-01,899866,"ALEXION PHARMACEUTICALS, INC.",2834.0,224,26128956666.0,ineligible_filing_history,7,8,,
2018-07-01,922224,PPL Corp,4911.0,225,26500381927.0,sector_excluded_sic_4911,8,8,,
2018-07-01,915912,AVALONBAY COMMUNITIES INC,6798.0,226,26425741640.0,sector_excluded_sic_6798,8,8,,
2018-07-01,76334,Parker-Hannifin Corp,3490.0,227,18577753996.0,sector_excluded_sic_3490,8,8,,
2018-07-01,16875,CANADIAN PACIFIC KANSAS CITY LTD/CN,4011.0,228,23490374139.0,sector_excluded_sic_4011,8,8,,
2018-07-01,1373835,Spectra Energy Corp.,4923.0,229,26000000000.0,ineligible_filing_history,3,3,,
2018-07-01,815097,Carnival Corp Ltd.,4400.0,232,25600000000.0,sector_excluded_sic_4400,6,9,,
2018-07-01,827052,EDISON INTERNATIONAL,4911.0,234,25500000000.0,sector_excluded_sic_4911,8,8,,
2018-07-01,1601712,Synchrony Financial,6199.0,237,23716562515.0,non_operating_sic_6199,8,8,,
2018-07-01,906107,VIVMARK RESIDENTIAL,6798.0,239,23800000000.0,sector_excluded_sic_6798,8,8,,
2018-07-01,1047862,CONSOLIDATED EDISON INC,4931.0,240,24700000000.0,sector_excluded_sic_4931,8,8,,
2018-07-01,1688568,DXC Technology Co,7374.0,242,24415505112.0,ineligible_filing_history,5,5,,
2018-07-01,745732,"ROSS STORES, INC.",5651.0,246,20709068267.0,ineligible_filing_history,7,8,,
2018-07-01,6201,American Airlines Group Inc.,4512.0,247,24000000000.0,sector_excluded_sic_4512,8,8,,
2018-07-01,1659166,Fortive Corp,3823.0,249,19400000000.0,sector_excluded_sic_3823,8,8,,
2018-07-01,72903,XCEL ENERGY INC,4931.0,250,23304874235.0,sector_excluded_sic_4931,8,8,,
2018-07-01,51434,INTERNATIONAL PAPER CO /NEW/,2621.0,251,23247397657.0,sector_excluded_sic_2621,8,8,,
2018-07-01,1466258,Trane Technologies plc,3822.0,253,23122311923.0,sector_excluded_sic_3822,8,8,,
2018-07-01,1297996,"DIGITAL REALTY TRUST, INC.",6798.0,254,18000000000.0,sector_excluded_sic_6798,8,8,,
2018-07-01,831259,FREEPORT-MCMORAN INC,1000.0,262,15500000000.0,sector_excluded_sic_1000,8,8,,
2018-07-01,1060391,"REPUBLIC SERVICES, INC.",4953.0,264,21500000000.0,sector_excluded_sic_4953,8,8,,
2018-07-01,1137411,ROCKWELL COLLINS INC,3728.0,265,12710000000.0,sector_excluded_sic_3728,8,8,,
2018-07-01,1024478,"ROCKWELL AUTOMATION, INC",3829.0,270,19900000000.0,sector_excluded_sic_3829,8,8,,
2018-07-01,100517,"United Airlines Holdings, Inc.",4512.0,271,21673390018.0,sector_excluded_sic_4512,8,8,,
2018-07-01,723531,PAYCHEX INC,8700.0,273,18874963639.0,sector_excluded_sic_8700,6,8,,
2018-07-01,740260,"Ventas, Inc.",6798.0,277,18800000000.0,sector_excluded_sic_6798,8,8,,
2018-07-01,866787,AUTOZONE INC,5531.0,279,20972678680.0,ineligible_filing_history,6,8,,
2018-07-01,103379,V F CORP,2320.0,280,,no_pit_valid_float,7,7,,
2018-07-01,1164727,NEWMONT Corp /DE/,1040.0,281,17235370395.0,sector_excluded_sic_1040,8,8,,
2018-07-01,818686,TEVA PHARMACEUTICAL INDUSTRIES LTD,2834.0,282,1016877139.0,ineligible_filing_history,2,2,,
2018-07-01,783325,"WEC ENERGY GROUP, INC.",4931.0,284,19400000000.0,sector_excluded_sic_4931,8,8,,
2018-07-01,93556,"STANLEY BLACK & DECKER, INC.",3420.0,288,21600000000.0,sector_excluded_sic_3420,8,8,,
2018-07-01,1037540,"BXP, Inc.",6798.0,289,18949156391.0,sector_excluded_sic_6798,8,8,,
2018-07-01,884887,ROYAL CARIBBEAN CRUISES LTD,4400.0,292,19900000000.0,sector_excluded_sic_4400,8,8,,
2018-07-01,1318220,"Waste Connections, Inc.",4953.0,293,16902436369.0,sector_excluded_sic_4953,8,8,,
2018-07-01,73309,NUCOR CORP,3312.0,295,18390000000.0,sector_excluded_sic_3312,8,8,,
2018-07-01,808362,Baker Hughes Holdings LLC,3533.0,299,19263511000.0,sector_excluded_sic_3533,8,8,,
2018-07-01,72741,EVERSOURCE ENERGY,4911.0,301,19210596737.0,sector_excluded_sic_4911,8,8,,
2018-07-01,21076,CLOROX CO /DE/,2842.0,302,15400000000.0,sector_excluded_sic_2842,8,8,,
2018-07-01,1012569,"Energy Transfer, LP",4922.0,303,19000000000.0,ineligible_filing_history,6,6,,
2018-07-01,1034054,SBA COMMUNICATIONS CORP,6798.0,307,16200000000.0,sector_excluded_sic_6798,8,8,,
2018-07-01,936340,DTE ENERGY CO,4911.0,310,18700000000.0,sector_excluded_sic_4911,8,8,,
2018-07-01,1496048,Brookfield Property REIT Inc.,6798.0,312,14700000000.0,sector_excluded_sic_6798,8,8,,
2018-07-01,1175454,"CORPAY, INC.",7389.0,314,,no_pit_valid_float,8,8,,
2018-07-01,1283699,"T-Mobile US, Inc.",4812.0,315,17800000000.0,sector_excluded_sic_4812,8,8,,
2018-07-01,1324424,"Expedia Group, Inc.",4700.0,318,18137071000.0,sector_excluded_sic_4700,8,8,,
2018-07-01,726728,REALTY INCOME CORP,6798.0,321,15100000000.0,sector_excluded_sic_6798,8,8,,
2018-07-01,18926,"Lumen Technologies, Inc.",4813.0,323,11700000000.0,sector_excluded_sic_4813,8,8,,
2018-07-01,794323,"Level 3 Parent, LLC",4813.0,325,17500000000.0,sector_excluded_sic_4813,8,8,,
2018-07-01,899689,VORNADO REALTY TRUST,6798.0,327,16284558000.0,sector_excluded_sic_6798,8,8,,
2018-07-01,9892,BARD C R INC /NJ/,3841.0,328,17273587263.0,ineligible_filing_history,6,6,,
2018-07-01,1031296,FIRSTENERGY CORP,4911.0,330,12919874051.0,sector_excluded_sic_4911,8,8,,
2018-07-01,1396009,Vulcan Materials CO,1400.0,331,16712817912.0,sector_excluded_sic_1400,8,8,,
2018-07-01,920522,"ESSEX PROPERTY TRUST, INC.",6798.0,333,16856375295.0,sector_excluded_sic_6798,8,8,,
2018-07-01,723254,CINTAS CORP,2320.0,335,,no_pit_valid_float,8,8,,
2018-07-01,202058,"L3HARRIS TECHNOLOGIES, INC. /DE/",3812.0,336,12707474800.0,sector_excluded_sic_3812,8,8,,
2018-07-01,1452575,Mead Johnson Nutrition Co,2000.0,337,16700000000.0,ineligible_filing_history,4,4,,
2018-07-01,1037868,AMETEK INC/,3823.0,338,14000000000.0,sector_excluded_sic_3823,8,8,,
2018-07-01,1021860,NOV Inc.,3533.0,339,12500000000.0,sector_excluded_sic_3533,8,8,,
2018-07-01,33185,EQUIFAX INC,7320.0,340,16541237155.0,sector_excluded_sic_7320,8,8,,
2018-07-01,319201,KLA CORP,3827.0,341,11050000000.0,sector_excluded_sic_3827,8,8,,
2018-07-01,217346,TEXTRON INC,3720.0,343,12500000000.0,sector_excluded_sic_3720,8,8,,
2018-07-01,1174922,WYNN RESORTS LTD,7011.0,344,,no_pit_valid_float,8,8,,
2018-07-01,1732845,WestRock Co,2650.0,345,,no_pit_valid_float,0,0,,
2018-07-01,1138118,"CBRE GROUP, INC.",6500.0,346,12300000000.0,sector_excluded_sic_6500,8,8,,
2018-07-01,277135,"W.W. GRAINGER, INC.",5000.0,347,9747864843.0,sector_excluded_sic_5000,8,8,,
2018-07-01,3570,"Cheniere Energy, Inc.",4924.0,354,11500000000.0,sector_excluded_sic_4924,8,8,,
2018-07-01,1701605,Baker Hughes Co,3533.0,355,15903777000.0,sector_excluded_sic_3533,4,4,,
2018-07-01,849399,Gen Digital Inc.,7372.0,357,15559432822.0,ineligible_filing_history,7,7,,
2018-07-01,882184,HORTON D R INC /DE/,1531.0,358,11733685000.0,sector_excluded_sic_1531,8,8,,
2018-07-01,920760,LENNAR CORP /NEW/,1520.0,359,10595353196.0,sector_excluded_sic_1520,7,8,,
2018-07-01,1711269,"Evergy, Inc.",4931.0,362,,no_pit_valid_float,0,0,,
2018-07-01,765880,"HEALTHPEAK PROPERTIES, INC.",6798.0,365,12800000000.0,sector_excluded_sic_6798,8,8,,
2018-07-01,1673358,"Yum China Holdings, Inc.",5812.0,366,14800000000.0,ineligible_filing_history,7,7,,
2018-07-01,1260221,TransDigm Group INC,3728.0,369,10561787638.0,sector_excluded_sic_3728,8,8,,
2018-07-01,1306830,Celanese Corp,2820.0,370,13017711601.0,sector_excluded_sic_2820,8,8,,
2018-07-01,9389,BALL Corp,3411.0,376,14800000000.0,sector_excluded_sic_3411,8,8,,
2018-07-01,1002910,AMEREN CORP,4931.0,377,13230607078.0,sector_excluded_sic_4931,8,8,,
2018-07-01,40987,GENUINE PARTS CO,5013.0,381,12933100000.0,sector_excluded_sic_5013,8,8,,
2018-07-01,65984,ENTERGY CORP /DE/,4911.0,382,13800000000.0,sector_excluded_sic_4911,8,8,,
2018-07-01,1410636,"American Water Works Company, Inc.",4941.0,395,12477500000.0,sector_excluded_sic_4941,8,8,,
2018-07-01,1552033,TransUnion,7320.0,399,5500000000.0,sector_excluded_sic_7320,8,8,,
2018-07-01,1598014,IHS Markit Ltd.,7370.0,405,13300000000.0,ineligible_filing_history,6,8,,
2018-07-01,811156,CMS ENERGY CORP,4931.0,407,12948000000.0,sector_excluded_sic_4931,8,8,,
2018-07-01,1070750,"HOST HOTELS & RESORTS, INC.",6798.0,409,13268185597.0,sector_excluded_sic_6798,8,8,,
2018-07-01,63754,MCCORMICK & CO INC,2090.0,410,12967012903.0,ineligible_filing_history,7,9,,
2018-07-01,1636023,WRKCo Inc.,2650.0,411,13240000000.0,sector_excluded_sic_2650,8,8,,
2018-07-01,1035443,"ALEXANDRIA REAL ESTATE EQUITIES, INC.",6798.0,414,11100000000.0,sector_excluded_sic_6798,8,8,,
2018-07-01,764478,BEST BUY CO INC,5731.0,415,13000000000.0,ineligible_filing_history,7,8,,
2018-07-01,879101,KIMCO REALTY CORP,6798.0,416,7600000000.0,sector_excluded_sic_6798,8,8,,
2018-07-01,746515,EXPEDITORS INTERNATIONAL OF WASHINGTON INC,4731.0,417,10086694774.0,sector_excluded_sic_4731,8,8,,
2018-07-01,1157806,ENCANA CORP,1311.0,418,8563240884.0,ineligible_filing_history,6,6,,
2018-07-01,29905,DOVER Corp,3530.0,421,10669106014.0,sector_excluded_sic_3530,8,8,,
2018-07-01,912242,MACERICH CO,6798.0,422,8200000000.0,sector_excluded_sic_6798,8,8,,
2018-07-01,1043219,ANNALY CAPITAL MANAGEMENT INC,6798.0,426,12200000000.0,sector_excluded_sic_6798,8,8,,
2018-07-01,1289490,Extra Space Storage Inc.,6798.0,428,9468562974.0,sector_excluded_sic_6798,8,8,,
2018-07-01,62996,MASCO CORP /DE/,3430.0,429,12100656000.0,sector_excluded_sic_3430,8,8,,
2018-07-01,4281,Howmet Aerospace Inc.,3350.0,436,10000000000.0,sector_excluded_sic_3350,8,8,,
2018-07-01,1524472,Xylem Inc.,3561.0,437,10000000000.0,sector_excluded_sic_3561,8,8,,
2018-07-01,1166003,"XPO, Inc.",4700.0,438,7200000000.0,sector_excluded_sic_4700,8,8,,
2018-07-01,915389,EASTMAN CHEMICAL CO,2821.0,440,11960005248.0,sector_excluded_sic_2821,8,8,,
2018-07-01,37785,FMC CORP,2800.0,442,9724855894.0,sector_excluded_sic_2800,8,8,,
2018-07-01,1130310,CENTERPOINT ENERGY INC,4911.0,445,11722467012.0,sector_excluded_sic_4911,8,8,,
2018-07-01,34903,FEDERAL REALTY INVESTMENT TRUST,6798.0,448,9100000000.0,sector_excluded_sic_6798,8,8,,
2018-07-01,915913,ALBEMARLE CORP,2821.0,453,11700000000.0,sector_excluded_sic_2821,8,8,,
2018-07-01,749251,GARTNER INC,8741.0,454,10832607830.0,sector_excluded_sic_8741,8,8,,
2018-07-01,916076,MARTIN MARIETTA MATERIALS INC,1400.0,455,11664571328.0,sector_excluded_sic_1400,8,8,,
2018-07-01,1681459,TechnipFMC plc,3533.0,457,10268441348.0,sector_excluded_sic_3533,5,6,,
2018-07-01,1043277,"C. H. ROBINSON WORLDWIDE, INC.",4731.0,459,9616075533.0,sector_excluded_sic_4731,8,8,,
2018-07-01,1564408,Snap Inc,7370.0,460,11487095467.0,ineligible_filing_history,5,5,,
2018-07-01,766421,"ALASKA AIR GROUP, INC.",4512.0,470,11100000000.0,sector_excluded_sic_4512,8,8,,
2018-07-01,794367,"Macy's, Inc.",5311.0,472,7288096032.0,ineligible_filing_history,7,8,,
2018-07-01,1403568,"Ulta Beauty, Inc.",5990.0,476,9854201000.0,ineligible_filing_history,7,8,,
2018-07-01,1285785,MOSAIC CO,2870.0,477,8900000000.0,sector_excluded_sic_2870,8,8,,
2018-07-01,874761,AES CORP,4991.0,478,7100000000.0,sector_excluded_sic_4991,8,8,,
2018-07-01,754737,SCANA CORP,4931.0,479,9542487952.0,sector_excluded_sic_4931,8,8,,
2018-07-01,54480,KANSAS CITY SOUTHERN,4011.0,480,10750000000.0,sector_excluded_sic_4011,8,8,,
2018-07-01,1585364,PERRIGO Co plc,2834.0,482,10768787616.0,ineligible_filing_history,7,8,,
2018-07-01,51253,INTERNATIONAL FLAVORS & FRAGRANCES INC,2860.0,483,10661701005.0,sector_excluded_sic_2860,8,8,,
2018-07-01,728535,HUNT J B TRANSPORT SERVICES INC,4213.0,487,7800000000.0,sector_excluded_sic_4213,8,8,,
2018-07-01,1095073,"EVEREST GROUP, LTD.",6331.0,492,,no_pit_valid_float,8,8,,
2018-07-01,832101,IDEX CORP /DE/,3561.0,495,8634426211.0,sector_excluded_sic_3561,8,8,,
2018-07-01,75677,PACKAGING CORP OF AMERICA,2650.0,497,10380184252.0,sector_excluded_sic_2650,8,8,,
2018-07-01,1020569,IRON MOUNTAIN INC,6798.0,498,,no_pit_valid_float,8,8,,
2018-07-01,910606,REGENCY CENTERS CORP,6798.0,499,9302533353.0,sector_excluded_sic_6798,8,8,,
2018-07-01,1324404,"CF Industries Holdings, Inc.",2870.0,500,6493898814.0,sector_excluded_sic_2870,8,8,,
2018-07-01,906163,NVR INC,1531.0,506,8443210000.0,sector_excluded_sic_1531,8,8,,
2018-07-01,1065696,LKQ CORP,5010.0,507,10100000000.0,sector_excluded_sic_5010,8,8,,
2018-07-01,1519751,"Fortune Brands Innovations, Inc.",2430.0,509,10015217282.0,sector_excluded_sic_2430,8,8,,
2018-07-01,1040971,SL GREEN REALTY CORP,6798.0,511,9800000000.0,sector_excluded_sic_6798,8,8,,
2018-07-01,783280,DUKE REALTY CORP,6798.0,512,9924953363.0,sector_excluded_sic_6798,8,8,,
2018-07-01,352541,ALLIANT ENERGY CORP,4931.0,513,9300000000.0,sector_excluded_sic_4931,8,8,,
2018-07-01,865436,WHOLE FOODS MARKET INC,5411.0,517,9809550055.0,ineligible_filing_history,6,6,,
2018-07-01,1364885,"Spirit AeroSystems Holdings, Inc.",3728.0,519,6733804971.0,sector_excluded_sic_3728,8,8,,
2018-07-01,1513761,Norwegian Cruise Line Holdings Ltd.,4400.0,520,9000000000.0,sector_excluded_sic_4400,8,8,,
2018-07-01,878927,"OLD DOMINION FREIGHT LINE, INC.",4213.0,522,6264630995.0,sector_excluded_sic_4213,8,8,,
2018-07-01,793952,"HARLEY-DAVIDSON, INC.",3751.0,527,9561795781.0,sector_excluded_sic_3751,8,8,,
2018-07-01,77360,PENTAIR plc,3550.0,529,9520686063.0,sector_excluded_sic_3550,8,8,,
2018-07-01,1111711,NISOURCE INC.,4931.0,530,8237384461.0,sector_excluded_sic_4931,8,8,,
2018-07-01,1067701,"UNITED RENTALS, INC.",7359.0,531,9490000000.0,sector_excluded_sic_7359,8,8,,
2018-07-01,764622,PINNACLE WEST CAPITAL CORP,4911.0,532,9461736502.0,sector_excluded_sic_4911,8,8,,
2018-07-01,1501585,"HUNTINGTON INGALLS INDUSTRIES, INC.",3730.0,534,8443000000.0,sector_excluded_sic_3730,8,8,,
2018-07-01,1144215,ACUITY INC. (DE),3640.0,539,9261770061.0,ineligible_filing_history,6,7,,
2018-07-01,1507385,"VEREIT, Inc.",6798.0,542,7900000000.0,sector_excluded_sic_6798,8,8,,
2018-07-01,731802,ATMOS ENERGY CORP,4924.0,544,8146262574.0,sector_excluded_sic_4924,8,8,,
2018-07-01,91440,Snap-on Inc,3420.0,547,9000000000.0,sector_excluded_sic_3420,8,8,,
2018-07-01,864749,TRIMBLE INC.,3829.0,549,9000000000.0,sector_excluded_sic_3829,8,8,,
2018-07-01,1012100,SEALED AIR CORP/DE,2820.0,556,8368000000.0,sector_excluded_sic_2820,8,8,,
2018-07-01,8818,Avery Dennison Corp,2670.0,557,7752539694.0,sector_excluded_sic_2670,8,8,,
2018-07-01,861878,STERICYCLE INC,4955.0,558,6512899920.0,sector_excluded_sic_4955,8,8,,
2018-07-01,1383650,"Cheniere Energy Partners, L.P.",4924.0,565,1500000000.0,sector_excluded_sic_4924,8,8,,
2018-07-01,1675149,Alcoa Corp,3334.0,569,6000000000.0,sector_excluded_sic_3334,7,7,,
2018-07-01,1692819,Vistra Corp.,4911.0,573,5404454926.0,sector_excluded_sic_4911,5,5,,
2018-07-01,943452,WESTINGHOUSE AIR BRAKE TECHNOLOGIES CORP,3743.0,575,7800000000.0,sector_excluded_sic_3743,8,8,,
2018-07-01,884614,UGI CORP /PA/,4932.0,576,8491215725.0,sector_excluded_sic_4932,8,8,,
2018-07-01,906345,CAMDEN PROPERTY TRUST,6798.0,579,7420664859.0,sector_excluded_sic_6798,8,8,,
2018-07-01,912595,MID AMERICA APARTMENT COMMUNITIES INC.,6798.0,582,8307075788.0,sector_excluded_sic_6798,8,8,,
2018-07-01,52988,JACOBS SOLUTIONS INC.,1600.0,584,6700000000.0,sector_excluded_sic_1600,8,8,,
2018-07-01,102741,VALSPAR CORP,2851.0,585,8300000000.0,sector_excluded_sic_2851,4,4,,
2018-07-01,822416,PULTEGROUP INC/MI/,1531.0,587,7393482685.0,sector_excluded_sic_1531,8,8,,
2018-07-01,1477294,Sensata Technologies Holding plc,3823.0,588,7300000000.0,sector_excluded_sic_3823,8,8,,
2018-07-01,1555365,WHITEWAVE FOODS Co,2020.0,589,8100000000.0,ineligible_filing_history,3,3,,
2018-07-01,1219601,"CROWN HOLDINGS, INC.",3411.0,590,8073323168.0,sector_excluded_sic_3411,8,8,,
2018-07-01,1069202,LENNOX INTERNATIONAL INC,3585.0,592,7700000000.0,sector_excluded_sic_3585,8,8,,
2018-07-01,1428875,TERMINIX GLOBAL HOLDINGS INC,8741.0,593,5220000000.0,sector_excluded_sic_8741,7,7,,
2018-07-01,1013871,"NRG ENERGY, INC.",4911.0,594,4880501096.0,sector_excluded_sic_4911,8,8,,
2018-07-01,1679273,"Lamb Weston Holdings, Inc.",2030.0,595,4760000000.0,ineligible_filing_history,6,6,,
2018-07-01,54507,"EVERGY KANSAS CENTRAL, INC.",4931.0,596,7533791379.0,sector_excluded_sic_4931,8,8,,
2018-07-01,1527469,Athene Holding Ltd.,6311.0,598,5700000000.0,ineligible_filing_history,6,6,,
2018-07-01,1627223,Chemours Co,2800.0,600,7000000000.0,sector_excluded_sic_2800,8,8,,
2018-07-01,315213,ROBERT HALF INC.,7363.0,603,5855668588.0,sector_excluded_sic_7363,8,8,,
2018-07-01,1616862,Axalta Coating Systems Ltd.,2851.0,604,7729300000.0,sector_excluded_sic_2851,8,8,,
2018-07-01,1674862,ASHLAND INC.,5160.0,605,4430691414.0,ineligible_filing_history,7,7,,
2018-07-01,1579241,Allegion plc,7381.0,606,7700000000.0,sector_excluded_sic_7381,8,8,,
2018-07-01,1022671,STEEL DYNAMICS INC,3312.0,608,4763581526.0,sector_excluded_sic_3312,8,8,,
2018-07-01,1608249,"Zayo Group Holdings, Inc.",4813.0,609,6000000000.0,sector_excluded_sic_4813,8,8,,
2018-07-01,46619,HEICO CORP,3724.0,610,5092102000.0,sector_excluded_sic_3724,8,8,,
2018-07-01,912593,SUN COMMUNITIES INC,6798.0,611,6722799273.0,sector_excluded_sic_6798,8,8,,
2018-07-01,1679688,"DigitalBridge Group, Inc.",6282.0,612,7640000000.0,ineligible_filing_history,6,6,,
2018-07-01,931015,Polaris Inc.,3790.0,613,5769634000.0,sector_excluded_sic_3790,8,8,,
2018-07-01,1575965,"Gaming & Leisure Properties, Inc.",6798.0,614,7600000000.0,sector_excluded_sic_6798,8,8,,
2018-07-01,877212,ZEBRA TECHNOLOGIES CORP,3560.0,615,5260632176.0,sector_excluded_sic_3560,8,8,,
2018-07-01,1705696,VICI PROPERTIES INC.,6798.0,618,,no_pit_valid_float,3,3,,
2018-07-01,895417,EQUITY LIFESTYLE PROPERTIES INC,6798.0,620,7012532642.0,sector_excluded_sic_6798,8,8,,
2018-07-01,1025996,KILROY REALTY CORP,6798.0,621,7367936410.0,sector_excluded_sic_6798,8,8,,
2018-07-01,1158463,JETBLUE AIRWAYS CORP,4512.0,624,7500000000.0,sector_excluded_sic_4512,8,8,,
2018-07-01,751364,"NNN REIT, INC.",6798.0,625,5781786000.0,sector_excluded_sic_6798,8,8,,
2018-07-01,1370946,Owens Corning,3290.0,628,7451085912.0,sector_excluded_sic_3290,8,8,,
2018-07-01,871763,ManpowerGroup Inc.,7363.0,629,7447212427.0,sector_excluded_sic_7363,8,8,,
2018-07-01,42888,GRACO INC,3561.0,630,6014560705.0,sector_excluded_sic_3561,8,8,,
2018-07-01,1678531,Envision Healthcare Corp,8011.0,635,7325596447.0,ineligible_filing_history,6,6,,
2018-07-01,23082,COMPUTER SCIENCES CORP,7373.0,636,7317368463.0,ineligible_filing_history,4,4,,
2018-07-01,1573097,"HD Supply Holdings, Inc.",5000.0,641,6118532561.0,sector_excluded_sic_5000,8,8,,
2018-07-01,1025378,W. P. Carey Inc.,6798.0,648,7000000000.0,sector_excluded_sic_6798,8,8,,
2018-07-01,737758,TORO CO,3524.0,649,7200000000.0,sector_excluded_sic_3524,8,8,,
2018-07-01,354908,"Teledyne FLIR, LLC",3812.0,652,4711497291.0,sector_excluded_sic_3812,8,8,,
2018-07-01,1305014,ASHLAND LLC,5160.0,658,7059002369.0,ineligible_filing_history,1,1,,
2018-07-01,851205,COGNEX CORP,3823.0,661,7009710000.0,sector_excluded_sic_3823,8,8,,
2018-07-01,1317630,ITC Holdings Corp.,4911.0,662,7000000000.0,sector_excluded_sic_4911,8,8,,
2018-07-01,110621,RPM INTERNATIONAL INC/DE/,2851.0,665,6871276822.0,sector_excluded_sic_2851,8,8,,
2018-07-01,1021635,OGE ENERGY CORP.,4911.0,666,6947712180.0,sector_excluded_sic_4911,8,8,,
2018-07-01,922864,APARTMENT INVESTMENT & MANAGEMENT CO,6798.0,667,6700000000.0,sector_excluded_sic_6798,8,8,,
2018-07-01,909281,ONEOK Partners LP,4922.0,668,6900000000.0,ineligible_filing_history,4,4,,
2018-07-01,1687229,Invitation Homes Inc.,6510.0,669,1900000000.0,sector_excluded_sic_6510,6,6,,
2018-07-01,1670541,Adient plc,3714.0,671,6809000000.0,ineligible_filing_history,7,7,,
2018-07-01,7536,"ARROW ELECTRONICS, INC.",5065.0,672,6807202729.0,sector_excluded_sic_5065,8,8,,
2018-07-01,1124198,FLUOR CORP,1600.0,674,6400000000.0,sector_excluded_sic_1600,8,8,,
2018-07-01,1094285,TELEDYNE TECHNOLOGIES INC,3812.0,675,4200000000.0,sector_excluded_sic_3812,8,8,,
2018-07-01,1423689,AGNC Investment Corp.,6798.0,676,6300000000.0,sector_excluded_sic_6798,8,8,,
2018-07-01,832988,SIGNET JEWELERS LTD,5944.0,683,2543283372.0,ineligible_filing_history,7,8,,
2018-07-01,1274173,Janus Henderson Group Ltd.,6282.0,684,6635447229.18,ineligible_filing_history,4,4,,
2018-07-01,886158,"20230930-DK-Butterfly-1, Inc.",5700.0,687,3804085623.0,ineligible_filing_history,6,8,,
2018-07-01,1567892,Keenova Therapeutics plc,2834.0,689,4352800000.0,ineligible_filing_history,7,7,,
2018-07-01,29644,DONALDSON Co INC,3564.0,690,5521028309.0,sector_excluded_sic_3564,8,8,,
2018-07-01,888491,OMEGA HEALTHCARE INVESTORS INC,6798.0,691,6512334069.0,sector_excluded_sic_6798,8,8,,
2018-07-01,921112,LIBERTY PROPERTY TRUST,6798.0,692,5900000000.0,sector_excluded_sic_6798,8,8,,
2018-07-01,1364250,Douglas Emmett Inc,6798.0,694,5790000000.0,sector_excluded_sic_6798,8,8,,
2018-07-01,1467623,"DROPBOX, INC.",7372.0,695,,no_pit_valid_float,1,1,,
2018-07-01,1681689,Bioverativ Inc.,2834.0,696,6433300000.0,ineligible_filing_history,5,5,,
2018-07-01,97210,"TERADYNE, INC",3825.0,698,5900000000.0,sector_excluded_sic_3825,8,8,,
2018-07-01,1143068,GREAT PLAINS ENERGY INC,4911.0,702,6311042442.0,sector_excluded_sic_4911,8,8,,
2018-07-01,78128,"Essential Utilities, Inc.",4941.0,703,5901277615.0,sector_excluded_sic_4941,8,8,,
2018-07-01,1307954,Huntsman CORP,2800.0,705,5030897611.0,sector_excluded_sic_2800,8,8,,
2018-07-01,717605,HEXCEL CORP /DE/,2821.0,708,4694720597.0,sector_excluded_sic_2821,8,8,,
2018-07-01,1360604,Healthcare Realty Trust Inc,6798.0,709,6215283195.0,sector_excluded_sic_6798,8,9,,
2018-07-01,1702780,"Optimum Communications, Inc.",4841.0,710,3712484222.0,ineligible_filing_history,4,4,,
2018-07-01,1486957,"BWX Technologies, Inc.",3510.0,712,4800000000.0,sector_excluded_sic_3510,8,8,,
2018-07-01,12208,"BIO-RAD LABORATORIES, INC.",3826.0,713,4795291430.0,ineligible_filing_history,7,8,,
2018-07-01,1398659,Genpact LTD,8742.0,714,3746275838.0,sector_excluded_sic_8742,8,8,,
2018-07-01,1617406,Park Hotels & Resorts Inc.,7011.0,717,3863000000.0,ineligible_filing_history,6,6,,
2018-07-01,861884,"RELIANCE, INC.",5051.0,718,5140000000.0,sector_excluded_sic_5051,8,8,,
2018-07-01,1090425,LAMAR ADVERTISING CO/NEW,6798.0,719,6119582837.0,sector_excluded_sic_6798,8,8,,
2018-07-01,1163302,UNITED STATES STEEL CORP,3312.0,720,3900000000.0,sector_excluded_sic_3312,8,8,,
2018-07-01,1308606,"SPIRIT REALTY CAPITAL, INC.",6512.0,721,3400000000.0,sector_excluded_sic_6512,8,8,,
2018-07-01,1581068,Brixmor Property Group Inc.,6798.0,722,5429779394.0,sector_excluded_sic_6798,8,8,,
2018-07-01,8858,AVNET INC,5065.0,723,6069247576.0,sector_excluded_sic_5065,8,8,,
2018-07-01,1601046,"Keysight Technologies, Inc.",3823.0,728,5000000000.0,sector_excluded_sic_3823,8,8,,
2018-07-01,791519,STAPLES INC,5940.0,729,6000000000.0,ineligible_filing_history,5,5,,
2018-07-01,1298675,CubeSmart,6798.0,730,4331947035.0,sector_excluded_sic_6798,8,8,,
2018-07-01,794170,"Toll Brothers, Inc.",1531.0,732,5458097000.0,sector_excluded_sic_1531,8,8,,
2018-07-01,59527,LINCOLN ELECTRIC HOLDINGS INC,3540.0,733,5917150492.0,sector_excluded_sic_3540,8,8,,
2018-07-01,945841,POOL CORP,5090.0,734,4704253988.0,sector_excluded_sic_5090,8,8,,
2018-07-01,1430602,"Scripps Networks Interactive, Inc.",4841.0,735,5902000000.0,ineligible_filing_history,7,7,,
2018-07-01,1437578,BRIGHT HORIZONS FAMILY SOLUTIONS INC.,8351.0,736,3900000000.0,sector_excluded_sic_8351,8,8,,
2018-07-01,1647509,"Forest City Realty Trust, Inc.",6798.0,738,5864717541.0,sector_excluded_sic_6798,8,8,,
2018-07-01,1553023,CyrusOne Holdco LLC,6798.0,741,5100000000.0,sector_excluded_sic_6798,8,8,,
2018-07-01,1722684,"WYNDHAM HOTELS & RESORTS, INC.",7011.0,745,,no_pit_valid_float,1,1,,
2018-07-01,105016,WATSCO INC,5070.0,747,4739000000.0,sector_excluded_sic_5070,8,8,,
2018-07-01,20520,"Frontier Communications Parent, Inc.",4813.0,748,1358686000.0,sector_excluded_sic_4813,8,8,,
2018-07-01,1562401,American Homes 4 Rent,6798.0,752,5100000000.0,sector_excluded_sic_6798,8,8,,
2018-07-01,1465128,"STARWOOD PROPERTY TRUST, INC.",6798.0,754,5688136019.0,sector_excluded_sic_6798,8,8,,
2018-07-01,67716,MDU RESOURCES GROUP INC,1400.0,757,5116974651.0,sector_excluded_sic_1400,8,8,,
2018-07-01,866121,"Northrop Grumman Innovation Systems, Inc.",3760.0,758,5611000000.0,sector_excluded_sic_3760,5,8,,
2018-07-01,1037976,JONES LANG LASALLE INC,6531.0,760,5609158875.0,sector_excluded_sic_6531,8,8,,
2018-07-01,1538990,STORE CAPITAL LLC,6798.0,761,4300000000.0,sector_excluded_sic_6798,8,8,,
2018-07-01,894315,SITE Centers Corp.,6798.0,763,2800000000.0,sector_excluded_sic_6798,8,8,,
2018-07-01,1492691,Knight-Swift Transportation Holdings Inc.,4213.0,766,2126210355.0,sector_excluded_sic_4213,8,8,,
2018-07-01,14930,BRUNSWICK CORP,3510.0,771,5529598814.0,sector_excluded_sic_3510,8,8,,
2018-07-01,868857,AECOM,8711.0,776,5300000000.0,sector_excluded_sic_8711,8,8,,
2018-07-01,1000229,CORE LABORATORIES N V,1389.0,778,,no_pit_valid_float,8,8,,
2018-07-01,1283630,AMERICAN CAMPUS COMMUNITIES INC,6798.0,779,5450514562.0,sector_excluded_sic_6798,8,8,,
2018-07-01,1482512,"Hudson Pacific Properties, Inc.",6500.0,781,5230000000.0,sector_excluded_sic_6500,8,8,,
2018-07-01,97517,TEXAS PACIFIC LAND TRUST,6792.0,782,2279209327.0,non_operating_sic_6792,8,8,,
2018-07-01,1045450,EPR PROPERTIES,6798.0,783,5341162143.0,sector_excluded_sic_6798,8,8,,
2018-07-01,85535,ROYAL GOLD INC,6795.0,784,4102671750.0,non_operating_sic_6795,8,8,,
2018-07-01,817366,VCA INC,700.0,787,5300000000.0,ineligible_filing_history,5,5,,
2018-07-01,1443646,Booz Allen Hamilton Holding Corp,8742.0,791,5293214554.0,sector_excluded_sic_8742,8,8,,
2018-07-01,1049502,MKS INC,3823.0,796,3638472244.0,sector_excluded_sic_3823,8,8,,
2018-07-01,921082,"HIGHWOODS PROPERTIES, INC.",6798.0,800,5200000000.0,sector_excluded_sic_6798,8,8,,
2018-07-01,1318605,"Tesla, Inc.",3711.0,128,47830000000.0,below_sector_K,8,8,consumer,21.0
2018-07-01,37996,FORD MOTOR CO,3711.0,126,43649901757.0,below_sector_K,8,8,consumer,22.0
2018-07-01,701221,Cigna Holding Co,6324.0,147,42200000000.0,below_sector_K,8,8,healthcare,21.0
2018-07-01,62709,"MARSH & MCLENNAN COMPANIES, INC.",6411.0,156,39350425982.0,below_sector_K,8,8,financials,21.0
2018-07-01,927628,CAPITAL ONE FINANCIAL CORP,6021.0,143,39200000000.0,below_sector_K,8,8,financials,22.0
2018-07-01,10795,BECTON DICKINSON & CO,3841.0,104,39070060303.0,below_sector_K,8,8,healthcare,22.0
2018-07-01,1571949,"Intercontinental Exchange, Inc.",6200.0,148,38484678440.0,below_sector_K,8,8,financials,23.0
2018-07-01,31462,ECOLAB INC.,2840.0,155,38254640512.0,below_sector_K,8,8,consumer,23.0
2018-07-01,885725,BOSTON SCIENTIFIC CORP,3841.0,137,37900000000.0,below_sector_K,8,8,healthcare,23.0
2018-07-01,1532063,Express Scripts Holding Co.,5912.0,129,36773795228.0,below_sector_K,8,8,consumer,24.0
2018-07-01,92230,TRUIST FINANCIAL CORP,6021.0,159,36500000000.0,below_sector_K,8,8,financials,24.0
2018-07-01,1065088,EBAY INC,7389.0,176,34908774337.0,below_sector_K,8,8,financials,25.0
2018-07-01,86312,"TRAVELERS COMPANIES, INC.",6331.0,177,34813427330.0,below_sector_K,8,8,financials,26.0
2018-07-01,49071,HUMANA INC,6324.0,151,34733751307.0,below_sector_K,8,8,healthcare,24.0
2018-07-01,1035267,INTUITIVE SURGICAL INC,3842.0,111,34385417181.0,below_sector_K,8,8,healthcare,25.0
2018-07-01,315293,Aon plc,6411.0,185,34061029792.0,below_sector_K,8,8,financials,27.0
2018-07-01,1222333,SPDR GOLD TRUST,6221.0,172,33908270000.0,below_sector_K,8,8,financials,28.0
2018-07-01,93751,STATE STREET CORP,6022.0,188,33380000000.0,below_sector_K,8,8,financials,29.0
2018-07-01,10456,BAXTER INTERNATIONAL INC,3841.0,157,33000000000.0,below_sector_K,8,8,healthcare,26.0
2018-07-01,89800,SHERWIN WILLIAMS CO,5200.0,163,32731587330.0,below_sector_K,8,8,consumer,25.0
2018-07-01,927653,MCKESSON CORP,5122.0,165,32000000000.0,below_sector_K,8,8,healthcare,27.0
2018-07-01,875320,VERTEX PHARMACEUTICALS INC / MA,2834.0,145,31800000000.0,below_sector_K,8,8,healthcare,28.0
2018-07-01,899051,ALLSTATE CORP,6331.0,197,31500000000.0,below_sector_K,8,8,financials,30.0
2018-07-01,1048286,MARRIOTT INTERNATIONAL INC /MD/,7011.0,169,31114327631.0,below_sector_K,8,8,consumer,26.0
2018-07-01,27419,TARGET CORP,5331.0,142,30595914184.0,below_sector_K,8,8,consumer,27.0
2018-07-01,1555280,Zoetis Inc.,2834.0,153,30545000000.0,below_sector_K,8,8,healthcare,29.0
2018-07-01,4977,AFLAC INC,6321.0,190,30514042038.0,below_sector_K,8,8,financials,31.0
2018-07-01,40704,GENERAL MILLS INC,2040.0,171,30510600000.0,below_sector_K,8,8,consumer,28.0
2018-07-01,1570585,Liberty Global Ltd.,4841.0,206,28900000000.0,below_sector_K,8,8,consumer,29.0
2018-07-01,1136893,"Fidelity National Information Services, Inc.",7389.0,175,28184618568.0,below_sector_K,8,8,financials,32.0
2018-07-01,96021,SYSCO CORP,5140.0,207,27403829196.0,below_sector_K,8,8,consumer,30.0
2018-07-01,750556,SUNTRUST BANKS INC,6021.0,203,26800000000.0,below_sector_K,8,8,financials,33.0
2018-07-01,1136869,"ZIMMER BIOMET HOLDINGS, INC.",3842.0,230,25893487085.0,below_sector_K,8,8,healthcare,30.0
2018-07-01,865752,Monster Beverage Corp,2086.0,208,25779806546.0,below_sector_K,8,8,consumer,31.0
2018-07-01,798354,FISERV INC,7389.0,204,25747259465.0,below_sector_K,8,8,financials,34.0
2018-07-01,814453,NEWELL BRANDS INC.,3089.0,231,25700000000.0,below_sector_K,8,8,consumer,32.0
2018-07-01,1041061,YUM BRANDS INC,5812.0,200,25400000000.0,below_sector_K,8,8,consumer,33.0
2018-07-01,860730,"HCA Healthcare, Inc.",8062.0,211,25351000000.0,below_sector_K,8,8,healthcare,31.0
2018-07-01,80661,PROGRESSIVE CORP/OH/,6331.0,186,25242148256.0,below_sector_K,8,8,financials,35.0
2018-07-01,1099800,Edwards Lifesciences Corp,3842.0,219,24777676328.0,below_sector_K,8,8,healthcare,32.0
2018-07-01,769397,"Autodesk, Inc.",7372.0,243,24200000000.0,below_sector_K,8,8,tech,21.0
2018-07-01,1521332,Aptiv PLC,3714.0,244,23256238117.0,below_sector_K,8,8,consumer,34.0
2018-07-01,1393612,Discover Financial Services,6141.0,245,23205033259.0,below_sector_K,8,8,financials,36.0
2018-07-01,7084,Archer-Daniels-Midland Co,2070.0,233,23200000000.0,below_sector_K,8,8,consumer,35.0
2018-07-01,813828,Paramount Global,4833.0,255,22932497124.0,below_sector_K,8,8,consumer,36.0
2018-07-01,1300514,LAS VEGAS SANDS CORP,7011.0,220,22931433772.0,below_sector_K,8,8,consumer,37.0
2018-07-01,75362,PACCAR INC,3711.0,258,22710000000.0,below_sector_K,8,8,consumer,38.0
2018-07-01,721371,CARDINAL HEALTH INC,5122.0,260,22624332824.0,below_sector_K,8,8,healthcare,33.0
2018-07-01,36270,M&T BANK CORP,6022.0,248,22601176633.0,below_sector_K,8,8,financials,37.0
2018-07-01,1560385,Liberty Media Corp,4833.0,256,22200000000.0,below_sector_K,8,8,consumer,39.0
2018-07-01,73124,NORTHERN TRUST CORP,6022.0,257,22100000000.0,below_sector_K,8,8,financials,38.0
2018-07-01,1173431,TD AMERITRADE HOLDING CORP,6211.0,189,22000000000.0,below_sector_K,8,8,financials,39.0
2018-07-01,1110803,"ILLUMINA, INC.",3826.0,266,22000000000.0,below_sector_K,8,8,healthcare,34.0
2018-07-01,1393818,Blackstone Inc.,6282.0,274,21400000000.0,below_sector_K,8,8,financials,40.0
2018-07-01,879169,INCYTE CORP,8731.0,275,21400000000.0,below_sector_K,8,8,healthcare,35.0
2018-07-01,1623613,Mylan II B.V.,2834.0,268,20669862339.0,below_sector_K,8,8,healthcare,36.0
2018-07-01,827054,MICROCHIP TECHNOLOGY INC,3674.0,285,20543563116.0,below_sector_K,8,8,tech,22.0
2018-07-01,91576,KEYCORP /NEW/,6021.0,283,20477922563.0,below_sector_K,8,8,financials,41.0
2018-07-01,804753,CERNER Corp,7373.0,296,19500000000.0,below_sector_K,8,8,tech,23.0
2018-07-01,35527,FIFTH THIRD BANCORP,6022.0,297,19144447530.0,below_sector_K,8,8,financials,42.0
2018-07-01,29989,OMNICOM GROUP INC.,7311.0,298,19093687000.0,below_sector_K,8,8,consumer,40.0
2018-07-01,874766,"HARTFORD INSURANCE GROUP, INC.",6331.0,304,19000000000.0,below_sector_K,8,8,financials,43.0
2018-07-01,55067,KELLANOVA,2040.0,259,18900000000.0,below_sector_K,8,8,consumer,41.0
2018-07-01,1140536,WILLIS TOWERS WATSON PLC,6411.0,294,18544137403.0,below_sector_K,8,8,financials,44.0
2018-07-01,1126328,PRINCIPAL FINANCIAL GROUP INC,6321.0,313,18500000000.0,below_sector_K,8,8,financials,45.0
2018-07-01,29534,DOLLAR GENERAL CORP,5331.0,222,18100000000.0,below_sector_K,8,8,consumer,42.0
2018-07-01,4127,"SKYWORKS SOLUTIONS, INC.",3674.0,316,18022200659.0,below_sector_K,8,8,tech,24.0
2018-07-01,759944,CITIZENS FINANCIAL GROUP INC/RI,6022.0,308,18016585315.0,below_sector_K,8,8,financials,46.0
2018-07-01,789570,MGM Resorts International,7011.0,319,17900000000.0,below_sector_K,8,8,consumer,43.0
2018-07-01,1113169,PRICE T ROWE GROUP INC,6282.0,215,17400000000.0,below_sector_K,8,8,financials,47.0
2018-07-01,820313,AMPHENOL CORP /DE/,3678.0,290,17320000000.0,below_sector_K,8,8,tech,25.0
2018-07-01,1001250,ESTEE LAUDER COMPANIES INC,2844.0,212,17000000000.0,below_sector_K,8,8,consumer,44.0
2018-07-01,1090012,DEVON ENERGY CORP/DE,1311.0,261,16700000000.0,below_sector_K,8,8,energy,21.0
2018-07-01,1418135,Keurig Dr Pepper Inc.,2080.0,267,16544425098.0,below_sector_K,8,8,consumer,45.0
2018-07-01,935703,"DOLLAR TREE, INC.",5331.0,269,16537291776.0,below_sector_K,8,8,consumer,46.0
2018-07-01,23217,CONAGRA BRANDS INC.,2000.0,342,16411859981.0,below_sector_K,8,8,consumer,47.0
2018-07-01,1126975,"Magellan Midstream Partners, L.P.",4610.0,329,16213584044.0,below_sector_K,8,8,energy,22.0
2018-07-01,81061,PUBLIX SUPER MARKETS INC,5411.0,306,15854394000.0,below_sector_K,8,8,consumer,48.0
2018-07-01,24545,MOLSON COORS BEVERAGE CO,2082.0,317,15554393963.0,below_sector_K,8,8,consumer,49.0
2018-07-01,1037646,METTLER TOLEDO INTERNATIONAL INC/,3826.0,363,15103082974.0,below_sector_K,8,8,healthcare,37.0
2018-07-01,1022079,QUEST DIAGNOSTICS INC,8071.0,364,15100000000.0,below_sector_K,8,8,healthcare,38.0
2018-07-01,106040,WESTERN DIGITAL CORP,3572.0,305,15000000000.0,below_sector_K,8,8,tech,26.0
2018-07-01,851968,MOHAWK INDUSTRIES INC,2273.0,371,14931739921.0,below_sector_K,8,8,consumer,50.0
2018-07-01,920148,LABCORP HOLDINGS INC.,8071.0,349,14900000000.0,below_sector_K,8,8,healthcare,39.0
2018-07-01,14693,BROWN FORMAN CORP,2080.0,352,14900000000.0,below_sector_K,8,8,consumer,51.0
2018-07-01,1611983,Liberty Broadband Corp,4841.0,374,14900000000.0,below_sector_K,8,8,consumer,52.0
2018-07-01,47111,HERSHEY CO,2060.0,356,14885931198.0,below_sector_K,8,8,consumer,53.0
2018-07-01,818479,DENTSPLY SIRONA Inc.,3843.0,375,14871012567.0,below_sector_K,8,8,healthcare,40.0
2018-07-01,1087423,RED HAT INC,7370.0,379,14700000000.0,below_sector_K,8,8,tech,27.0
2018-07-01,1000697,WATERS CORP /DE/,3826.0,372,14672588076.0,below_sector_K,8,8,healthcare,41.0
2018-07-01,820027,AMERIPRISE FINANCIAL INC,6282.0,291,14600000000.0,below_sector_K,8,8,financials,48.0
2018-07-01,49196,HUNTINGTON BANCSHARES INC /MD/,6021.0,350,14498375048.0,below_sector_K,8,8,financials,49.0
2018-07-01,1000228,HENRY SCHEIN INC,5047.0,387,14360474000.0,below_sector_K,8,8,healthcare,42.0
2018-07-01,1355096,"Old QVC Group, Inc.",5961.0,389,14300000000.0,below_sector_K,8,8,consumer,54.0
2018-07-01,38777,FRANKLIN RESOURCES INC,6282.0,390,14200000000.0,below_sector_K,8,8,financials,50.0
2018-07-01,1276187,Energy Transfer LP,4922.0,391,14110000000.0,below_sector_K,8,8,energy,23.0
2018-07-01,914208,Invesco Ltd.,6282.0,392,14100000000.0,below_sector_K,8,8,financials,51.0
2018-07-01,874716,IDEXX LABORATORIES INC /DE,2835.0,309,14011555111.0,below_sector_K,8,8,healthcare,43.0
2018-07-01,1101215,"BREAD FINANCIAL HOLDINGS, INC.",6141.0,394,13900000000.0,below_sector_K,8,8,financials,52.0
2018-07-01,898173,O REILLY AUTOMOTIVE INC,5531.0,287,13884808148.0,below_sector_K,8,8,consumer,55.0
2018-07-01,1618756,Restaurant Brands International Inc.,5812.0,383,13844474171.0,below_sector_K,8,8,consumer,56.0
2018-07-01,1071739,CENTENE CORP,6324.0,235,13800000000.0,below_sector_K,8,8,healthcare,44.0
2018-07-01,72207,NOBLE ENERGY INC,1311.0,332,13800000000.0,below_sector_K,8,8,energy,24.0
2018-07-01,1327811,"Workday, Inc.",7374.0,396,13800000000.0,below_sector_K,8,8,tech,28.0
2018-07-01,50104,ANDEAVOR LLC,2911.0,397,13800000000.0,below_sector_K,8,8,energy,25.0
2018-07-01,1001082,DISH Network CORP,4841.0,398,13800000000.0,below_sector_K,8,8,consumer,57.0
2018-07-01,1123360,GLOBAL PAYMENTS INC,7389.0,326,13694503028.0,below_sector_K,8,8,financials,53.0
2018-07-01,106640,WHIRLPOOL CORP /DE/,3630.0,402,13656775240.0,below_sector_K,8,8,consumer,58.0
2018-07-01,1024305,COTY INC.,2844.0,404,13541968117.0,below_sector_K,8,8,consumer,59.0
2018-07-01,59558,LINCOLN NATIONAL CORP,6311.0,408,13300000000.0,below_sector_K,8,8,financials,54.0
2018-07-01,1096343,MARKEL GROUP INC.,6331.0,380,13238000000.0,below_sector_K,8,8,financials,55.0
2018-07-01,1327567,Palo Alto Networks Inc,3577.0,393,13100300364.0,below_sector_K,8,8,tech,29.0
2018-07-01,1571996,Dell Technologies Inc.,3571.0,412,13072939343.0,below_sector_K,8,8,tech,30.0
2018-07-01,1442145,"Verisk Analytics, Inc.",7374.0,334,13053902417.0,below_sector_K,8,8,tech,31.0
2018-07-01,60086,LOEWS CORP,6331.0,406,12971000000.0,below_sector_K,8,8,financials,56.0
2018-07-01,1039101,"L3 TECHNOLOGIES, INC.",3663.0,368,12900000000.0,below_sector_K,8,8,tech,32.0
2018-07-01,313927,CHURCH & DWIGHT CO INC /DE/,2840.0,413,12900000000.0,below_sector_K,8,8,consumer,60.0
2018-07-01,28412,COMERICA INC,6021.0,361,12665000000.0,below_sector_K,8,8,financials,57.0
2018-07-01,1585689,Hilton Worldwide Holdings Inc.,7011.0,252,12628000000.0,below_sector_K,8,8,consumer,61.0
2018-07-01,1373715,"ServiceNow, Inc.",7372.0,278,12600000000.0,below_sector_K,8,8,tech,33.0
2018-07-01,1090872,"AGILENT TECHNOLOGIES, INC.",3826.0,353,12600000000.0,below_sector_K,8,8,healthcare,45.0
2018-07-01,68505,"Motorola Solutions, Inc.",3663.0,373,12600000000.0,below_sector_K,8,8,tech,34.0
2018-07-01,815556,FASTENAL CO,5200.0,401,12488792738.0,below_sector_K,8,8,consumer,62.0
2018-07-01,46080,"HASBRO, INC.",3944.0,419,12408366242.0,below_sector_K,8,8,consumer,63.0
2018-07-01,927066,DAVITA INC.,8090.0,351,12400000000.0,below_sector_K,8,8,healthcare,46.0
2018-07-01,4447,HESS CORP,2911.0,324,12290000000.0,below_sector_K,8,8,energy,26.0
2018-07-01,743988,XILINX INC,3674.0,423,12264427000.0,below_sector_K,8,8,tech,35.0
2018-07-01,1170010,CARMAX INC,5500.0,425,12214839459.0,below_sector_K,8,8,consumer,64.0
2018-07-01,707549,LAM RESEARCH CORP,3559.0,238,12210431182.0,below_sector_K,8,8,tech,36.0
2018-07-01,1418091,"TWITTER, INC.",7370.0,199,12055483328.0,below_sector_K,8,8,tech,37.0
2018-07-01,2488,ADVANCED MICRO DEVICES INC,3674.0,384,12000000000.0,below_sector_K,8,8,tech,38.0
2018-07-01,98246,TIFFANY & CO,5944.0,439,11993601775.0,below_sector_K,8,8,consumer,65.0
2018-07-01,16732,CAMPBELL'S Co,2000.0,441,11934667846.0,below_sector_K,8,8,consumer,66.0
2018-07-01,859737,HOLOGIC INC,3844.0,446,11852439894.0,below_sector_K,8,8,healthcare,47.0
2018-07-01,947484,ARCH CAPITAL GROUP LTD.,6331.0,450,11770000000.0,below_sector_K,8,8,financials,58.0
2018-07-01,1140859,"Cencora, Inc.",5122.0,403,11765213718.0,below_sector_K,8,8,healthcare,48.0
2018-07-01,1281761,REGIONS FINANCIAL CORP,6021.0,300,11537313844.0,below_sector_K,8,8,financials,59.0
2018-07-01,946581,TAKE TWO INTERACTIVE SOFTWARE INC,7372.0,462,11405142125.0,below_sector_K,8,8,tech,39.0
2018-07-01,858470,Coterra Energy Inc.,1311.0,449,11400000000.0,below_sector_K,8,8,energy,27.0
2018-07-01,1374310,"Cboe Global Markets, Inc.",6200.0,452,11400000000.0,below_sector_K,8,8,financials,60.0
2018-07-01,91419,J M SMUCKER Co,2033.0,388,11386975264.0,below_sector_K,8,8,consumer,67.0
2018-07-01,1070423,PLAINS ALL AMERICAN PIPELINE LP,4610.0,465,11300000000.0,below_sector_K,8,8,energy,28.0
2018-07-01,875159,XL GROUP LTD,6331.0,466,11300000000.0,below_sector_K,8,8,financials,61.0
2018-07-01,1137789,Seagate Technology Holdings plc,3572.0,443,11200000000.0,below_sector_K,8,8,tech,40.0
2018-07-01,20286,CINCINNATI FINANCIAL CORP,6331.0,468,11075393319.0,below_sector_K,8,8,financials,62.0
2018-07-01,701985,"Bath & Body Works, Inc.",5990.0,320,10967734685.0,below_sector_K,8,8,consumer,68.0
2018-07-01,877890,CITRIX SYSTEMS INC,7372.0,400,10801319391.0,below_sector_K,8,8,tech,41.0
2018-07-01,352915,UNIVERSAL HEALTH SERVICES INC,8062.0,444,10600000000.0,below_sector_K,8,8,healthcare,49.0
2018-07-01,721683,TOTAL SYSTEM SERVICES INC,7389.0,485,10573813000.0,below_sector_K,8,8,financials,63.0
2018-07-01,5513,Unum Group,6321.0,486,10500000000.0,below_sector_K,8,8,financials,64.0
2018-07-01,1043604,JUNIPER NETWORKS INC,3576.0,490,10485000000.0,below_sector_K,8,8,tech,42.0
2018-07-01,1144519,BUNGELTD,2070.0,494,10448000000.0,below_sector_K,8,8,consumer,69.0
2018-07-01,1533932,"Worldpay, Inc.",7389.0,241,10300000000.0,below_sector_K,8,8,financials,65.0
2018-07-01,356028,"CA, INC.",7372.0,502,10300000000.0,below_sector_K,8,8,tech,43.0
2018-07-01,1361658,Travel & Leisure Co.,7011.0,503,10172714424.0,below_sector_K,8,8,consumer,70.0
2018-07-01,1286681,DOMINOS PIZZA INC,5140.0,458,10126535325.0,below_sector_K,8,8,consumer,71.0
2018-07-01,33213,EQT Corp,1311.0,385,10100000000.0,below_sector_K,8,8,energy,29.0
2018-07-01,101778,MARATHON OIL CORP,1311.0,322,10050000000.0,below_sector_K,8,8,energy,30.0
2018-07-01,720005,RAYMOND JAMES FINANCIAL INC,6211.0,451,9811540297.0,below_sector_K,8,8,financials,66.0
2018-07-01,1097149,ALIGN TECHNOLOGY INC,3842.0,263,9773962344.0,below_sector_K,8,8,healthcare,50.0
2018-07-01,1116132,"TAPESTRY, INC.",3100.0,420,9700000000.0,below_sector_K,8,8,consumer,72.0
2018-07-01,711404,"COOPER COMPANIES, INC.",3851.0,464,9700000000.0,below_sector_K,8,8,healthcare,51.0
2018-07-01,51644,"INTERPUBLIC GROUP OF COMPANIES, INC.",7311.0,521,9694530139.0,below_sector_K,8,8,consumer,73.0
2018-07-01,842162,LEAR CORP,3714.0,427,9648744720.0,below_sector_K,8,8,consumer,74.0
2018-07-01,1402057,CDW Corp,5961.0,432,9577600000.0,below_sector_K,8,8,consumer,75.0
2018-07-01,1389170,Targa Resources Corp.,4922.0,475,9571800000.0,below_sector_K,8,8,energy,31.0
2018-07-01,1034670,AUTOLIV INC,3714.0,528,9543000000.0,below_sector_K,8,8,consumer,76.0
2018-07-01,40729,Ally Financial Inc.,6022.0,467,9452901086.0,below_sector_K,8,8,financials,67.0
2018-07-01,48465,HORMEL FOODS CORP /DE/,2011.0,504,9415266160.0,below_sector_K,8,8,consumer,77.0
2018-07-01,1552000,MPLX LP,4610.0,518,9400000000.0,below_sector_K,8,8,energy,32.0
2018-07-01,813672,CADENCE DESIGN SYSTEMS INC,7372.0,424,9383931490.0,below_sector_K,8,8,tech,44.0
2018-07-01,719739,SVB FINANCIAL GROUP,6022.0,360,9261347942.0,below_sector_K,8,8,financials,68.0
2018-07-01,1004434,"AFFILIATED MANAGERS GROUP, INC.",6282.0,540,9252014628.0,below_sector_K,8,8,financials,69.0
2018-07-01,78239,PVH CORP. /DE/,2320.0,541,9245444045.0,below_sector_K,8,8,consumer,78.0
2018-07-01,1048695,"F5, INC.",3576.0,545,9105335415.0,below_sector_K,8,8,tech,45.0
2018-07-01,1408198,MSCI Inc.,7389.0,386,9086723896.0,below_sector_K,8,8,financials,70.0
2018-07-01,1437107,"Warner Bros. Discovery, Inc.",4841.0,435,9000000000.0,below_sector_K,8,8,consumer,79.0
2018-07-01,805022,"BUCKEYE PARTNERS, L.P.",4610.0,546,9000000000.0,below_sector_K,8,8,energy,33.0
2018-07-01,1604778,"Qorvo, Inc.",3674.0,552,8954525040.0,below_sector_K,8,8,tech,46.0
2018-07-01,908255,BORGWARNER INC,3714.0,555,8900000000.0,below_sector_K,8,8,consumer,80.0
2018-07-01,320335,GLOBE LIFE INC.,6311.0,548,8893792769.0,below_sector_K,8,8,financials,71.0
2018-07-01,1584509,Aramark,5812.0,525,8850700000.0,below_sector_K,8,8,consumer,81.0
2018-07-01,1168054,CIMAREX ENERGY CO,1311.0,471,8820000000.0,below_sector_K,8,8,energy,34.0
2018-07-01,1520262,Alkermes plc.,2834.0,560,8819125952.0,below_sector_K,8,8,healthcare,52.0
2018-07-01,775368,ALLEGHANY CORP /DE,6331.0,561,8815683664.0,below_sector_K,8,8,financials,72.0
2018-07-01,42582,GOODYEAR TIRE & RUBBER CO /OH/,3011.0,562,8800000000.0,below_sector_K,8,8,consumer,82.0
2018-07-01,866374,FLEX LTD.,3672.0,564,8800000000.0,below_sector_K,8,8,tech,47.0
2018-07-01,109380,"ZIONS BANCORPORATION, NATIONAL ASSOCIATION /UT/",6021.0,505,8745683795.0,below_sector_K,8,8,financials,73.0
2018-07-01,1365135,Western Union CO,7389.0,538,8700000000.0,below_sector_K,8,8,financials,74.0
2018-07-01,1609702,"CDK Global, Inc.",7389.0,570,8700000000.0,below_sector_K,8,8,financials,75.0
2018-07-01,943819,RESMED INC,3841.0,434,8675392803.0,below_sector_K,8,8,healthcare,53.0
2018-07-01,96223,Jefferies Financial Group Inc.,6211.0,571,8673116957.0,below_sector_K,8,8,financials,76.0
2018-07-01,1404912,KKR & Co. Inc.,6282.0,431,8600000000.0,below_sector_K,8,8,financials,77.0
2018-07-01,1099590,MERCADOLIBRE INC,7389.0,493,8522234542.0,below_sector_K,8,8,financials,78.0
2018-07-01,1048477,BIOMARIN PHARMACEUTICAL INC,2834.0,563,8500000000.0,below_sector_K,8,8,healthcare,54.0
2018-07-01,1046257,Ingredion Inc,2040.0,536,8486000000.0,below_sector_K,8,8,consumer,83.0
2018-07-01,1331875,"Fidelity National Financial, Inc.",6361.0,515,8461286198.0,below_sector_K,8,8,financials,79.0
2018-07-01,1069157,EAST WEST BANCORP INC,6022.0,533,8393797096.0,below_sector_K,8,8,financials,80.0
2018-07-01,1359841,Hanesbrands Inc.,5600.0,523,8382636149.0,below_sector_K,8,8,consumer,84.0
2018-07-01,203527,VARIAN MEDICAL SYSTEMS INC,3845.0,508,8340019028.0,below_sector_K,8,8,healthcare,55.0
2018-07-01,1086222,AKAMAI TECHNOLOGIES INC,7389.0,433,8322400000.0,below_sector_K,8,8,financials,81.0
2018-07-01,1120193,"NASDAQ, INC.",6200.0,489,8300000000.0,below_sector_K,8,8,financials,82.0
2018-07-01,898174,REINSURANCE GROUP OF AMERICA INC,6311.0,574,8300000000.0,below_sector_K,8,8,financials,83.0
2018-07-01,1002047,"NetApp, Inc.",3572.0,591,8052133635.0,below_sector_K,8,8,tech,48.0
2018-07-01,1596532,"Arista Networks, Inc.",3576.0,378,8052073793.0,below_sector_K,8,8,tech,49.0
2018-07-01,1278680,ISHARES GOLD TRUST,6221.0,543,8022626820.0,below_sector_K,8,8,financials,84.0
2018-07-01,1057352,"COSTAR GROUP, INC.",7389.0,367,8000000000.0,below_sector_K,8,8,financials,85.0
2018-07-01,1015780,E TRADE FINANCIAL CORP,6035.0,430,8000000000.0,below_sector_K,8,8,financials,86.0
2018-07-01,1279363,"WELLCARE HEALTH PLANS, INC.",6324.0,474,8000000000.0,below_sector_K,8,8,healthcare,56.0
2018-07-01,883241,SYNOPSYS INC,7372.0,488,8000000000.0,below_sector_K,8,8,tech,50.0
2018-07-01,1002638,OPEN TEXT CORP,7373.0,537,8000000000.0,below_sector_K,8,8,tech,51.0
2018-07-01,908937,SIRIUS XM HOLDINGS INC.,4832.0,553,7957495699.0,below_sector_K,8,8,consumer,85.0
2018-07-01,1617640,"ZILLOW GROUP, INC.",7389.0,496,7952046852.0,below_sector_K,8,8,financials,87.0
2018-07-01,743316,MAXIM INTEGRATED PRODUCTS INC,3674.0,469,7911364575.0,below_sector_K,8,8,tech,52.0
2018-07-01,1539838,"Diamondback Energy, Inc.",1311.0,461,7801460276.0,below_sector_K,8,8,energy,35.0
2018-07-01,1336920,"Leidos Holdings, Inc.",7373.0,559,7777971706.0,below_sector_K,8,8,tech,53.0
2018-07-01,1383312,"BROADRIDGE FINANCIAL SOLUTIONS, INC.",7389.0,491,7774721987.0,below_sector_K,8,8,financials,88.0
2018-07-01,1042046,AMERICAN FINANCIAL GROUP INC,6331.0,578,7640000000.0,below_sector_K,8,8,financials,89.0
2018-07-01,1393052,VEEVA SYSTEMS INC,7372.0,617,7600000000.0,below_sector_K,8,8,tech,54.0
2018-07-01,1594466,Pioneer PE Holding LLC,1311.0,581,7591987385.0,below_sector_K,8,8,energy,36.0
2018-07-01,891103,"Match Group, Inc.",7370.0,447,7528899120.0,below_sector_K,8,8,tech,55.0
2018-07-01,815094,ABIOMED INC,3841.0,627,7452252182.0,below_sector_K,8,8,healthcare,57.0
2018-07-01,1624899,STERIS Ltd,3842.0,631,7420705027.0,below_sector_K,8,8,healthcare,58.0
2018-07-01,31791,"REVVITY, INC.",3826.0,597,7366225026.0,below_sector_K,8,8,healthcare,59.0
2018-07-01,108772,XEROX CORP,3577.0,524,7302297923.0,below_sector_K,8,8,tech,56.0
2018-07-01,1278021,MARKETAXESS HOLDINGS INC,6211.0,639,7300000000.0,below_sector_K,8,8,financials,90.0
2018-07-01,1564822,PINNACLE FOODS INC.,2000.0,640,7290000000.0,below_sector_K,8,8,consumer,86.0
2018-07-01,1013462,ANSYS INC,7372.0,463,7251000000.0,below_sector_K,8,8,tech,57.0
2018-07-01,1178670,"ALNYLAM PHARMACEUTICALS, INC.",2834.0,516,7243192478.0,below_sector_K,8,8,healthcare,60.0
2018-07-01,1517228,"Vistance Networks, Inc.",3663.0,644,7236000000.0,below_sector_K,8,8,tech,58.0
2018-07-01,1158449,ADVANCE AUTO PARTS INC,5531.0,456,7204158912.0,below_sector_K,8,8,consumer,87.0
2018-07-01,939767,"EXELIXIS, INC.",2836.0,653,7116352282.0,below_sector_K,8,8,healthcare,61.0
2018-07-01,1058090,CHIPOTLE MEXICAN GRILL INC,5812.0,568,7075000000.0,below_sector_K,8,8,consumer,88.0
2018-07-01,940944,DARDEN RESTAURANTS INC,5812.0,514,7059180000.0,below_sector_K,8,8,consumer,89.0
2018-07-01,1124610,VMWARE LLC,7372.0,659,7052590001.0,below_sector_K,8,8,tech,59.0
2018-07-01,46765,"Helmerich & Payne, Inc.",1381.0,643,7030000000.0,below_sector_K,8,8,energy,37.0
2018-07-01,885639,KOHLS Corp,5311.0,664,7000000000.0,below_sector_K,8,8,consumer,90.0
2018-07-01,105770,WEST PHARMACEUTICAL SERVICES INC,3841.0,638,6994711952.0,below_sector_K,8,8,healthcare,62.0
2018-07-01,1530721,Capri Holdings Ltd,3100.0,633,6957593123.0,below_sector_K,8,8,consumer,91.0
2018-07-01,883980,FIRST DATA CORP,7389.0,501,6900000000.0,below_sector_K,8,8,financials,91.0
2018-07-01,1013237,FACTSET RESEARCH SYSTEMS INC,7370.0,602,6862902916.0,below_sector_K,8,8,tech,60.0
2018-07-01,779152,JACK HENRY & ASSOCIATES INC,7373.0,550,6851199964.0,below_sector_K,8,8,tech,61.0
2018-07-01,1390844,WABCO Holdings Inc.,3711.0,673,6800000000.0,below_sector_K,8,8,consumer,92.0
2018-07-01,812011,VAIL RESORTS INC,7990.0,567,6782234961.0,below_sector_K,8,8,consumer,93.0
2018-07-01,58492,LEGGETT & PLATT INC,2510.0,677,6752500000.0,below_sector_K,8,8,consumer,94.0
2018-07-01,1232524,Jazz Pharmaceuticals plc,2834.0,623,6713735825.0,below_sector_K,8,8,healthcare,63.0
2018-07-01,11544,BERKLEY W R CORP,6331.0,660,6663402098.0,below_sector_K,8,8,financials,92.0
2018-07-01,1402436,SS&C Technologies Holdings Inc,7372.0,481,6638369265.0,below_sector_K,8,8,tech,62.0
2018-07-01,350894,SEI INVESTMENTS CO,6211.0,607,6600000000.0,below_sector_K,8,8,financials,93.0
2018-07-01,1535929,"Voya Financial, Inc.",6311.0,616,6600000000.0,below_sector_K,8,8,financials,94.0
2018-07-01,1171825,CIT GROUP INC,6021.0,688,6578164870.0,below_sector_K,8,8,financials,95.0
2018-07-01,89089,SERVICE CORP INTERNATIONAL,7200.0,678,6501405154.0,below_sector_K,8,8,consumer,95.0
2018-07-01,1512673,"Block, Inc.",7372.0,311,6400000000.0,below_sector_K,8,8,tech,63.0
2018-07-01,72333,NORDSTROM INC,5651.0,697,6400000000.0,below_sector_K,8,8,consumer,96.0
2018-07-01,1378992,"BERRY GLOBAL GROUP, INC.",3089.0,647,6300000000.0,below_sector_K,8,8,consumer,97.0
2018-07-01,1093557,DEXCOM INC,3841.0,583,6243418847.0,below_sector_K,8,8,healthcare,64.0
2018-07-01,350797,"Mirror Merger Sub 2, LLC",6282.0,706,6234390967.0,below_sector_K,8,8,financials,96.0
2018-07-01,916365,TRACTOR SUPPLY CO /DE/,5200.0,526,6200000000.0,below_sector_K,8,8,consumer,98.0
2018-07-01,910073,"FLAGSTAR BANK, NATIONAL ASSOCIATION",6036.0,655,6200000000.0,below_sector_K,8,8,financials,97.0
2018-07-01,48898,HUBBELL INC,3670.0,716,6149647615.0,below_sector_K,8,8,tech,64.0
2018-07-01,860731,TYLER TECHNOLOGIES INC,7372.0,577,6107280000.0,below_sector_K,8,8,tech,65.0
2018-07-01,1378946,"People's United Financial, Inc.",6035.0,704,6084618519.0,below_sector_K,8,8,financials,98.0
2018-07-01,1289790,Macquarie Infrastructure Corp,5172.0,724,6061193768.0,below_sector_K,8,8,energy,38.0
2018-07-01,857005,PTC INC.,7372.0,551,6020802164.0,below_sector_K,8,8,tech,66.0
2018-07-01,310568,MICROSEMI CORP,3674.0,731,5950000000.0,below_sector_K,8,8,tech,67.0
2018-07-01,1016125,ULTIMATE SOFTWARE GROUP INC,7372.0,619,5900000000.0,below_sector_K,8,8,tech,68.0
2018-07-01,790051,CARLISLE COMPANIES INC,3060.0,680,5900000000.0,below_sector_K,8,8,consumer,99.0
2018-07-01,1579298,"Burlington Stores, Inc.",5311.0,737,5887925990.0,below_sector_K,8,8,consumer,100.0
2018-07-01,1097864,ON SEMICONDUCTOR CORP,3674.0,535,5851728750.0,below_sector_K,8,8,tech,69.0
2018-07-01,896622,"APTARGROUP, INC.",3089.0,739,5835925185.0,below_sector_K,8,8,consumer,101.0
2018-07-01,39263,"CULLEN/FROST BANKERS, INC.",6021.0,681,5800000000.0,below_sector_K,8,8,financials,99.0
2018-07-01,1478242,IQVIA HOLDINGS INC.,8731.0,348,5770018162.0,below_sector_K,8,8,healthcare,65.0
2018-07-01,1395942,"OPENLANE, Inc.",5500.0,637,5739253210.0,below_sector_K,8,8,consumer,102.0
2018-07-01,315852,RANGE RESOURCES CORP,1311.0,645,5683957000.0,below_sector_K,8,8,energy,39.0
2018-07-01,1102112,PACWEST BANCORP,6021.0,756,5663703829.0,below_sector_K,8,8,financials,100.0
2018-07-01,900075,COPART INC,5500.0,554,5644908664.0,below_sector_K,8,8,consumer,103.0
2018-07-01,1330568,iShares Silver Trust,6221.0,707,5635071350.0,below_sector_K,8,8,financials,101.0
2018-07-01,1032975,LOGITECH INTERNATIONAL S.A.,3577.0,759,5609748434.0,below_sector_K,8,8,tech,70.0
2018-07-01,1414475,"Western Midstream Operating, LP",4922.0,765,5600000000.0,below_sector_K,8,8,energy,40.0
2018-07-01,912750,NEWFIELD EXPLORATION CO /DE/,1311.0,572,5596079497.0,below_sector_K,8,8,energy,41.0
2018-07-01,1411207,Allison Transmission Holdings Inc,3714.0,768,5575000000.0,below_sector_K,8,8,consumer,104.0
2018-07-01,1267238,"ASSURANT, INC.",6399.0,693,5560000000.0,below_sector_K,8,8,financials,102.0
2018-07-01,1311370,"Lazard, Inc.",6282.0,746,5558845377.0,below_sector_K,8,8,financials,103.0
2018-07-01,1530950,"Post Holdings, Inc.",2040.0,774,5522477167.0,below_sector_K,8,8,consumer,105.0
2018-07-01,913144,RENAISSANCERE HOLDINGS LTD,6331.0,777,5498000000.0,below_sector_K,8,8,financials,104.0
2018-07-01,1131096,ATHENAHEALTH INC,7389.0,780,5432184695.0,below_sector_K,8,8,financials,105.0
2018-07-01,1058057,MARVELL TECHNOLOGY GROUP LTD,3674.0,785,5333299261.0,below_sector_K,8,12,tech,71.0
2018-07-01,885590,Bausch Health Companies Inc.,2834.0,646,5331597000.0,below_sector_K,8,8,healthcare,66.0
2018-07-01,1214816,AXIS CAPITAL HOLDINGS LTD,6331.0,788,5300000000.0,below_sector_K,8,8,financials,106.0
2018-07-01,355811,GENTEX CORP,3714.0,715,5284326964.0,below_sector_K,8,8,consumer,106.0
2018-07-01,929351,STARZ ENTERTAINMENT CORP /CN/,7812.0,793,5273583977.0,below_sector_K,8,8,consumer,107.0
2018-07-01,22356,COMMERCE BANCSHARES INC /MO/,6022.0,700,5271000000.0,below_sector_K,8,8,financials,107.0
2018-07-01,880285,ENBRIDGE ENERGY PARTNERS LP,4610.0,794,5223268544.0,below_sector_K,8,8,energy,42.0
2018-07-01,730263,THOR INDUSTRIES INC,3716.0,670,5219000000.0,below_sector_K,8,8,consumer,108.0
2018-07-01,1491576,"TESARO, Inc.",2834.0,797,5213481640.0,below_sector_K,8,8,healthcare,67.0
2018-07-01,1353283,SPLUNK INC,7372.0,798,5211529143.0,below_sector_K,8,8,tech,72.0
2018-07-01,12659,H&R BLOCK INC,7200.0,799,5206300675.0,below_sector_K,8,8,consumer,109.0
2018-07-01,775158,OSHKOSH CORP,3711.0,750,5130156538.0,below_sector_K,8,8,consumer,110.0
2018-07-01,96943,TELEFLEX INC,3841.0,786,5059142153.0,below_sector_K,8,8,healthcare,68.0
2018-07-01,1411494,"Apollo Asset Management, Inc.",6282.0,701,5059100000.0,below_sector_K,8,8,financials,108.0
2018-07-01,18349,SYNOVUS FINANCIAL CORP,6021.0,744,5018777602.0,below_sector_K,8,8,financials,109.0
2018-07-01,39911,GAP INC,5651.0,727,5000000000.0,below_sector_K,8,8,consumer,111.0
2018-07-01,1357204,"DUNKIN' BRANDS GROUP, INC.",5810.0,749,4990000000.0,below_sector_K,8,8,consumer,112.0
2018-07-01,1060736,Seagen Inc.,2836.0,663,4949017768.0,below_sector_K,8,8,healthcare,69.0
2018-07-01,1037038,RALPH LAUREN CORP,2320.0,755,4868476408.0,below_sector_K,8,8,consumer,113.0
2018-07-01,1212545,WESTERN ALLIANCE BANCORPORATION,6022.0,772,4790000000.0,below_sector_K,8,8,financials,110.0
2018-07-01,893949,"Pediatrix Medical Group, Inc.",8060.0,685,4785069881.0,below_sector_K,8,8,healthcare,70.0
2018-07-01,1293971,"bluebird bio, Inc.",2836.0,599,4746861154.0,below_sector_K,8,8,healthcare,71.0
2018-07-01,74260,OLD REPUBLIC INTERNATIONAL CORP,6351.0,770,4728676896.0,below_sector_K,8,8,financials,111.0
2018-07-01,1100682,"CHARLES RIVER LABORATORIES INTERNATIONAL, INC.",8731.0,792,4728183315.0,below_sector_K,8,8,healthcare,72.0
2018-07-01,1335258,"Live Nation Entertainment, Inc.",7900.0,679,4700000000.0,below_sector_K,8,8,consumer,114.0
2018-07-01,785161,Encompass Health Corp,8060.0,686,4700000000.0,below_sector_K,8,8,healthcare,73.0
2018-07-01,47518,"Hill-Rom Holdings, Inc.",3841.0,742,4600000000.0,below_sector_K,8,8,healthcare,74.0
2018-07-01,1262039,"Fortinet, Inc.",3577.0,657,4597906585.0,below_sector_K,8,8,tech,73.0
2018-07-01,1320695,"TreeHouse Foods, Inc.",2030.0,751,4585000000.0,below_sector_K,8,8,consumer,115.0
2018-07-01,1597033,Sabre Corp,7370.0,740,4542299419.0,below_sector_K,8,8,tech,74.0
2018-07-01,850209,"FOOT LOCKER, INC.",5661.0,725,4504950585.0,below_sector_K,8,8,consumer,116.0
2018-07-01,48039,HollyFrontier Corp,2911.0,473,4500000000.0,below_sector_K,8,8,energy,43.0
2018-07-01,701374,Six Flags Entertainment Corp/OLD,7990.0,769,4259900000.0,below_sector_K,8,8,consumer,117.0
2018-07-01,717423,MURPHY OIL CORP,1311.0,773,4189400296.0,below_sector_K,8,8,energy,44.0
2018-07-01,1352010,"EPAM Systems, Inc.",7371.0,699,4178000000.0,below_sector_K,8,8,tech,75.0
2018-07-01,1124140,EXACT SCIENCES CORP,8071.0,650,4122231808.0,below_sector_K,8,8,healthcare,75.0
2018-07-01,1060822,CARTERS INC,2300.0,795,4120795278.0,below_sector_K,8,8,consumer,118.0
2018-07-01,1111928,IPG PHOTONICS CORP,3674.0,656,4100000000.0,below_sector_K,8,8,tech,76.0
2018-07-01,1526520,"TripAdvisor, Inc.",7370.0,634,4096061843.0,below_sector_K,8,8,tech,77.0
2018-07-01,36966,FIRST HORIZON CORP,6021.0,753,4000000000.0,below_sector_K,8,8,financials,112.0
2018-07-01,1665918,US Foods Holding Corp.,5140.0,586,3885925322.0,below_sector_K,8,8,consumer,119.0
2018-07-01,1518832,"WPX ENERGY, INC.",1311.0,651,3822718222.0,below_sector_K,8,8,energy,45.0
2018-07-01,1303652,Tableau Software Inc,7372.0,762,3800000000.0,below_sector_K,8,8,tech,78.0
2018-07-01,1212458,PROOFPOINT INC,7374.0,743,3763000000.0,below_sector_K,8,8,tech,79.0
2018-07-01,1434588,"Grand Canyon Education, Inc.",8200.0,789,3700000000.0,below_sector_K,8,8,consumer,120.0
2018-07-01,1609711,GoDaddy Inc.,7373.0,484,3685245433.0,below_sector_K,8,8,tech,80.0
2018-07-01,914475,NEUROCRINE BIOSCIENCES INC,2836.0,626,3407988476.0,below_sector_K,8,8,healthcare,76.0
2018-07-01,1596783,"Catalent, Inc.",2834.0,775,3400000000.0,below_sector_K,8,8,healthcare,77.0
2018-07-01,1014473,VERISIGN INC/CA,7371.0,510,3300000000.0,below_sector_K,8,8,tech,81.0
2018-07-01,1594109,GrubHub Inc.,7389.0,642,3292229504.0,below_sector_K,8,8,financials,113.0
2018-07-01,1451505,Transocean Ltd.,1381.0,711,3200000000.0,below_sector_K,8,8,energy,46.0
2018-07-01,1070154,STERLING BANCORP,6021.0,790,3154053755.0,below_sector_K,8,8,financials,114.0
2018-07-01,883984,ICU MEDICAL INC/DE,3841.0,767,3127790010.0,below_sector_K,8,8,healthcare,78.0
2018-07-01,906709,NEKTAR THERAPEUTICS,2834.0,580,3028667056.0,below_sector_K,8,8,healthcare,79.0
2018-07-01,1179929,"MOLINA HEALTHCARE, INC.",6324.0,726,2952700000.0,below_sector_K,8,8,healthcare,80.0
2018-07-01,1616707,Wayfair Inc.,5961.0,682,2900000000.0,below_sector_K,8,8,consumer,121.0
2018-07-01,732834,"CONTINENTAL RESOURCES, INC",1311.0,764,2800000000.0,below_sector_K,8,8,energy,47.0
2018-07-01,1597553,"Sage Therapeutics, Inc.",2834.0,654,2730487424.0,below_sector_K,8,8,healthcare,81.0
2018-07-01,84129,"NEW RITE AID, LLC",5912.0,601,2554051629.0,below_sector_K,8,8,consumer,122.0
2018-07-01,873303,"Sarepta Therapeutics, Inc.",2834.0,566,1865548919.0,below_sector_K,8,8,healthcare,82.0
2018-07-01,1627014,"Black Knight, Inc.",7372.0,622,1075956664.0,below_sector_K,8,8,tech,82.0
2018-07-01,858339,"CAESARS HOLDINGS, INC.",7011.0,632,692000000.0,below_sector_K,8,8,consumer,123.0
2019-07-01,93859,OBH Inc.,5812.0,7,,no_pit_valid_float,3,3,,
2019-07-01,1616314,"MedEquities Realty Trust, Inc.",6798.0,9,316714569000.0,sector_excluded_sic_6798,8,8,,
2019-07-01,40545,GENERAL ELECTRIC CO,3600.0,15,,no_pit_valid_float,8,8,,
2019-07-01,732717,AT&T INC.,4813.0,16,233000000000.0,sector_excluded_sic_4813,8,8,,
2019-07-01,732712,VERIZON COMMUNICATIONS INC,4813.0,19,207844016206.0,sector_excluded_sic_4813,8,8,,
2019-07-01,12927,BOEING CO,3721.0,28,193200000000.0,sector_excluded_sic_3721,8,8,,
2019-07-01,1744489,Walt Disney Co,7990.0,29,,no_pit_valid_float,1,1,,
2019-07-01,1001039,TWDC Enterprises 18 Corp.,7990.0,33,150000000000.0,ineligible_filing_history,7,7,,
2019-07-01,1666700,"DuPont de Nemours, Inc.",2821.0,37,151800000000.0,sector_excluded_sic_2821,7,7,,
2019-07-01,1711675,Nightstar Therapeutics plc,2836.0,39,149156960000.0,ineligible_filing_history,2,2,,
2019-07-01,773840,HONEYWELL INTERNATIONAL INC,3724.0,49,107600000000.0,sector_excluded_sic_3724,8,8,,
2019-07-01,1730168,Broadcom Inc.,3674.0,50,97800000000.0,ineligible_filing_history,5,5,,
2019-07-01,100885,UNION PACIFIC CORP,4011.0,52,104600000000.0,sector_excluded_sic_4011,8,8,,
2019-07-01,97745,THERMO FISHER SCIENTIFIC INC.,3829.0,53,83322432000.0,sector_excluded_sic_3829,8,8,,
2019-07-01,101829,RTX Corp,3724.0,54,99985852722.0,sector_excluded_sic_3724,8,8,,
2019-07-01,1707925,LINDE PLC,2810.0,55,45000000000.0,sector_excluded_sic_2810,5,5,,
2019-07-01,1467373,Accenture plc,7389.0,57,99465708231.0,ineligible_filing_history,6,8,,
2019-07-01,4962,AMERICAN EXPRESS CO,6199.0,58,84300000000.0,non_operating_sic_6199,8,8,,
2019-07-01,796343,ADOBE INC.,7372.0,59,96776869889.0,ineligible_filing_history,6,8,,
2019-07-01,936468,LOCKHEED MARTIN CORP,3760.0,60,84700000000.0,sector_excluded_sic_3760,8,8,,
2019-07-01,753308,NEXTERA ENERGY INC,4911.0,63,78550110752.0,sector_excluded_sic_4911,8,8,,
2019-07-01,1075531,Booking Holdings Inc.,4700.0,64,96600000000.0,sector_excluded_sic_4700,8,8,,
2019-07-01,909832,COSTCO WHOLESALE CORP /NEW,5331.0,65,83850253577.0,ineligible_filing_history,6,8,,
2019-07-01,313616,DANAHER CORP /DE/,3823.0,69,61000000000.0,sector_excluded_sic_3823,8,8,,
2019-07-01,1053507,AMERICAN TOWER CORP /MA/,6798.0,70,63100000000.0,sector_excluded_sic_6798,8,8,,
2019-07-01,1649338,Broadcom Pte. Ltd.,3674.0,72,89200000000.0,ineligible_filing_history,3,3,,
2019-07-01,18230,CATERPILLAR INC,3531.0,77,81200000000.0,sector_excluded_sic_3531,8,8,,
2019-07-01,1690881,"ASV HOLDINGS, INC.",3531.0,82,57069720000.0,sector_excluded_sic_3531,8,8,,
2019-07-01,60667,LOWES COMPANIES INC,5211.0,84,79200000000.0,ineligible_filing_history,6,8,,
2019-07-01,1105705,"WARNER MEDIA, LLC",4841.0,86,78170000000.0,ineligible_filing_history,4,4,,
2019-07-01,1090727,UNITED PARCEL SERVICE INC,4210.0,88,73643493685.0,sector_excluded_sic_4210,8,8,,
2019-07-01,895728,ENBRIDGE INC,4610.0,89,61100000000.0,ineligible_filing_history,6,6,,
2019-07-01,30554,"EIDP, Inc.",2820.0,94,70000000000.0,sector_excluded_sic_2820,8,8,,
2019-07-01,715957,"DOMINION ENERGY, INC",4911.0,103,44400000000.0,sector_excluded_sic_4911,8,8,,
2019-07-01,109198,TJX COMPANIES INC /DE/,5651.0,104,60500000000.0,ineligible_filing_history,6,8,,
2019-07-01,1543151,"Uber Technologies, Inc",7389.0,106,,no_pit_valid_float,1,1,,
2019-07-01,1739940,Cigna Group,6324.0,107,41200000000.0,ineligible_filing_history,2,2,,
2019-07-01,277948,CSX CORP,4011.0,108,,no_pit_valid_float,8,8,,
2019-07-01,1618921,"Walgreens Boots Alliance, Inc.",5912.0,110,58200000000.0,ineligible_filing_history,5,8,,
2019-07-01,92122,SOUTHERN CO,4911.0,111,47000000000.0,sector_excluded_sic_4911,8,8,,
2019-07-01,1048911,FEDEX CORP,4513.0,113,57300000000.0,sector_excluded_sic_4513,6,8,,
2019-07-01,64040,S&P Global Inc.,7320.0,117,51300000000.0,sector_excluded_sic_7320,8,8,,
2019-07-01,1047122,RAYTHEON CO/,3812.0,119,55000000000.0,sector_excluded_sic_3812,8,8,,
2019-07-01,1133421,NORTHROP GRUMMAN CORP /DE/,3812.0,120,53400000000.0,sector_excluded_sic_3812,8,8,,
2019-07-01,702165,NORFOLK SOUTHERN CORP,4011.0,124,42224842213.0,sector_excluded_sic_4011,8,8,,
2019-07-01,40533,GENERAL DYNAMICS CORP,3730.0,125,48890306362.0,sector_excluded_sic_3730,8,8,,
2019-07-01,1063761,SIMON PROPERTY GROUP INC.,6798.0,126,52260000000.0,sector_excluded_sic_6798,8,8,,
2019-07-01,315189,DEERE & CO,3523.0,127,44528411767.0,sector_excluded_sic_3523,8,8,,
2019-07-01,1637459,Kraft Heinz Co,2030.0,130,38000000000.0,ineligible_filing_history,7,7,,
2019-07-01,1045609,"Prologis, Inc.",6798.0,133,34758146078.0,sector_excluded_sic_6798,8,8,,
2019-07-01,936402,Shire plc,2834.0,134,50100000000.0,ineligible_filing_history,6,6,,
2019-07-01,1122304,AETNA INC /PA/,6324.0,136,49200000000.0,ineligible_filing_history,6,6,,
2019-07-01,823768,WASTE MANAGEMENT INC,4953.0,137,34800000000.0,sector_excluded_sic_4953,8,8,,
2019-07-01,1109357,EXELON CORP,4931.0,143,41118095431.0,sector_excluded_sic_4931,8,8,,
2019-07-01,55785,KIMBERLY CLARK CORP,2670.0,146,36600000000.0,sector_excluded_sic_2670,8,8,,
2019-07-01,49826,ILLINOIS TOOL WORKS INC,3560.0,147,43500000000.0,sector_excluded_sic_3560,8,8,,
2019-07-01,723125,MICRON TECHNOLOGY INC,3674.0,150,45000000000.0,ineligible_filing_history,6,8,,
2019-07-01,1051470,CROWN CASTLE INC.,6798.0,151,44600000000.0,sector_excluded_sic_6798,8,8,,
2019-07-01,32604,EMERSON ELECTRIC CO,3600.0,155,42900000000.0,sector_excluded_sic_3600,8,8,,
2019-07-01,1101239,EQUINIX INC,6798.0,156,34200000000.0,sector_excluded_sic_6798,8,8,,
2019-07-01,701221,Cigna Holding Co,6324.0,159,42200000000.0,ineligible_filing_history,6,6,,
2019-07-01,2969,"Air Products & Chemicals, Inc.",2810.0,160,34800000000.0,sector_excluded_sic_2810,8,8,,
2019-07-01,27904,"DELTA AIR LINES, INC.",4512.0,169,34200000000.0,sector_excluded_sic_4512,8,8,,
2019-07-01,1483096,WILLIAMS PARTNERS L.P.,4922.0,172,38332867488.0,ineligible_filing_history,5,5,,
2019-07-01,884905,LINDE INC,2810.0,173,38000000000.0,sector_excluded_sic_2810,6,6,,
2019-07-01,882835,ROPER TECHNOLOGIES INC,3823.0,174,27931518465.0,sector_excluded_sic_3823,8,8,,
2019-07-01,1032208,SEMPRA,4932.0,175,31500000000.0,sector_excluded_sic_4932,8,8,,
2019-07-01,92380,SOUTHWEST AIRLINES CO,4512.0,177,29086256077.0,sector_excluded_sic_4512,8,8,,
2019-07-01,1059556,MOODYS CORP /DE/,7320.0,179,32700000000.0,sector_excluded_sic_7320,8,8,,
2019-07-01,1532063,Express Scripts Holding Co.,5912.0,180,36773795228.0,ineligible_filing_history,6,6,,
2019-07-01,1751788,DOW INC.,2821.0,183,,no_pit_valid_float,1,1,,
2019-07-01,1385157,TE Connectivity plc,5065.0,184,36300000000.0,sector_excluded_sic_5065,8,8,,
2019-07-01,1393311,Public Storage,6798.0,188,,no_pit_valid_float,8,8,,
2019-07-01,1489393,LyondellBasell Industries N.V.,2860.0,189,35000000000.0,sector_excluded_sic_2860,8,8,,
2019-07-01,1551182,Eaton Corp plc,3590.0,190,32400000000.0,sector_excluded_sic_3590,8,8,,
2019-07-01,4904,AMERICAN ELECTRIC POWER CO INC,4911.0,193,34157276913.0,sector_excluded_sic_4911,8,8,,
2019-07-01,1004980,PG&E Corp,4931.0,195,,no_pit_valid_float,8,8,,
2019-07-01,16918,"CONSTELLATION BRANDS, INC.",2080.0,199,33122314698.0,ineligible_filing_history,6,8,,
2019-07-01,833444,Johnson Controls International plc,3585.0,200,32600000000.0,sector_excluded_sic_3585,8,8,,
2019-07-01,766704,WELLTOWER INC.,6798.0,203,23282837560.0,sector_excluded_sic_6798,8,8,,
2019-07-01,16875,CANADIAN PACIFIC KANSAS CITY LTD/CN,4011.0,205,26091991353.0,sector_excluded_sic_4011,8,8,,
2019-07-01,745732,"ROSS STORES, INC.",5651.0,206,32578316211.0,ineligible_filing_history,6,8,,
2019-07-01,6281,ANALOG DEVICES INC,3674.0,209,,no_pit_valid_float,8,8,,
2019-07-01,1164727,NEWMONT Corp /DE/,1040.0,211,20052691396.0,sector_excluded_sic_1040,8,8,,
2019-07-01,72903,XCEL ENERGY INC,4931.0,214,23246479826.0,sector_excluded_sic_4931,8,8,,
2019-07-01,1466258,Trane Technologies plc,3822.0,217,21926638212.0,sector_excluded_sic_3822,8,8,,
2019-07-01,103379,V F CORP,2320.0,218,,no_pit_valid_float,7,7,,
2019-07-01,1627857,"Sailpoint Technologies Holdings, Inc.",7372.0,221,29837816000.0,ineligible_filing_history,6,6,,
2019-07-01,788784,PUBLIC SERVICE ENTERPRISE GROUP INC,4931.0,222,27172268280.0,sector_excluded_sic_4931,8,8,,
2019-07-01,1047862,CONSOLIDATED EDISON INC,4931.0,223,24300000000.0,sector_excluded_sic_4931,8,8,,
2019-07-01,915912,AVALONBAY COMMUNITIES INC,6798.0,228,23656288475.0,sector_excluded_sic_6798,8,8,,
2019-07-01,79879,PPG INDUSTRIES INC,2851.0,230,25075000000.0,sector_excluded_sic_2851,8,8,,
2019-07-01,106535,WEYERHAEUSER CO,6798.0,233,28000000000.0,sector_excluded_sic_6798,8,8,,
2019-07-01,906107,VIVMARK RESIDENTIAL,6798.0,234,23100000000.0,sector_excluded_sic_6798,8,8,,
2019-07-01,1060391,"REPUBLIC SERVICES, INC.",4953.0,235,22200000000.0,sector_excluded_sic_4953,8,8,,
2019-07-01,26172,CUMMINS INC,3510.0,239,21700000000.0,sector_excluded_sic_3510,8,8,,
2019-07-01,1413447,NXP Semiconductors N.V.,3674.0,240,,no_pit_valid_float,0,0,,
2019-07-01,24741,CORNING INC /NY,3357.0,242,22000000000.0,sector_excluded_sic_3357,8,8,,
2019-07-01,922224,PPL Corp,4911.0,243,19960102687.0,sector_excluded_sic_4911,8,8,,
2019-07-01,76334,Parker-Hannifin Corp,3490.0,244,26411763329.0,sector_excluded_sic_3490,8,8,,
2019-07-01,783325,"WEC ENERGY GROUP, INC.",4931.0,245,20400000000.0,sector_excluded_sic_4931,8,8,,
2019-07-01,815097,Carnival Corp Ltd.,4400.0,249,23800000000.0,sector_excluded_sic_4400,6,8,,
2019-07-01,827052,EDISON INTERNATIONAL,4911.0,251,20600000000.0,sector_excluded_sic_4911,8,8,,
2019-07-01,1034054,SBA COMMUNICATIONS CORP,6798.0,253,18800000000.0,sector_excluded_sic_6798,8,8,,
2019-07-01,1318220,"Waste Connections, Inc.",4953.0,254,19752529494.0,sector_excluded_sic_4953,8,8,,
2019-07-01,740260,"Ventas, Inc.",6798.0,255,20000000000.0,sector_excluded_sic_6798,8,8,,
2019-07-01,56873,KROGER CO,5411.0,256,25000000000.0,ineligible_filing_history,6,8,,
2019-07-01,1297996,"DIGITAL REALTY TRUST, INC.",6798.0,257,23000000000.0,sector_excluded_sic_6798,8,8,,
2019-07-01,1601712,Synchrony Financial,6199.0,258,24921449418.0,non_operating_sic_6199,8,8,,
2019-07-01,72741,EVERSOURCE ENERGY,4911.0,265,18544847538.0,sector_excluded_sic_4911,8,8,,
2019-07-01,1260221,TransDigm Group INC,3728.0,267,14986503095.0,sector_excluded_sic_3728,8,8,,
2019-07-01,1659166,Fortive Corp,3823.0,269,23800000000.0,sector_excluded_sic_3823,8,8,,
2019-07-01,6201,American Airlines Group Inc.,4512.0,270,17000000000.0,sector_excluded_sic_4512,8,8,,
2019-07-01,1175454,"CORPAY, INC.",7389.0,271,,no_pit_valid_float,8,8,,
2019-07-01,51434,INTERNATIONAL PAPER CO /NEW/,2621.0,275,21249006136.0,sector_excluded_sic_2621,8,8,,
2019-07-01,1283699,"T-Mobile US, Inc.",4812.0,276,18300000000.0,sector_excluded_sic_4812,8,8,,
2019-07-01,9389,BALL Corp,3411.0,278,12300000000.0,sector_excluded_sic_3411,8,8,,
2019-07-01,936340,DTE ENERGY CO,4911.0,280,18500000000.0,sector_excluded_sic_4911,8,8,,
2019-07-01,1031296,FIRSTENERGY CORP,4911.0,285,17109706919.0,sector_excluded_sic_4911,8,8,,
2019-07-01,723531,PAYCHEX INC,8700.0,286,21553152555.0,sector_excluded_sic_8700,6,8,,
2019-07-01,831259,FREEPORT-MCMORAN INC,1000.0,288,22400000000.0,sector_excluded_sic_1000,8,8,,
2019-07-01,202058,"L3HARRIS TECHNOLOGIES, INC. /DE/",3812.0,289,16750877977.0,sector_excluded_sic_3812,8,8,,
2019-07-01,1137411,ROCKWELL COLLINS INC,3728.0,291,22100000000.0,sector_excluded_sic_3728,6,6,,
2019-07-01,1755672,"Corteva, Inc.",100.0,292,,no_pit_valid_float,1,1,,
2019-07-01,884887,ROYAL CARIBBEAN CRUISES LTD,4400.0,293,18500000000.0,sector_excluded_sic_4400,8,8,,
2019-07-01,93556,"STANLEY BLACK & DECKER, INC.",3420.0,294,20300000000.0,sector_excluded_sic_3420,8,8,,
2019-07-01,726728,REALTY INCOME CORP,6798.0,295,15600000000.0,sector_excluded_sic_6798,8,8,,
2019-07-01,866787,AUTOZONE INC,5531.0,296,19597989296.0,ineligible_filing_history,6,8,,
2019-07-01,1024478,"ROCKWELL AUTOMATION, INC",3829.0,297,21700000000.0,sector_excluded_sic_3829,8,8,,
2019-07-01,100517,"United Airlines Holdings, Inc.",4512.0,298,17844650113.0,sector_excluded_sic_4512,8,8,,
2019-07-01,1037868,AMETEK INC/,3823.0,306,16700000000.0,sector_excluded_sic_3823,8,8,,
2019-07-01,818686,TEVA PHARMACEUTICAL INDUSTRIES LTD,2834.0,307,20700000000.0,ineligible_filing_history,6,6,,
2019-07-01,63754,MCCORMICK & CO INC,2090.0,310,13249735964.0,ineligible_filing_history,6,8,,
2019-07-01,65984,ENTERGY CORP /DE/,4911.0,312,14600000000.0,sector_excluded_sic_4911,8,8,,
2019-07-01,1037540,"BXP, Inc.",6798.0,317,19330126978.0,sector_excluded_sic_6798,8,8,,
2019-07-01,21076,CLOROX CO /DE/,2842.0,320,19200000000.0,sector_excluded_sic_2842,8,8,,
2019-07-01,723254,CINTAS CORP,2320.0,321,,no_pit_valid_float,8,8,,
2019-07-01,73309,NUCOR CORP,3312.0,322,19670000000.0,sector_excluded_sic_3312,8,8,,
2019-07-01,920522,"ESSEX PROPERTY TRUST, INC.",6798.0,331,15684127225.0,sector_excluded_sic_6798,8,8,,
2019-07-01,1410636,"American Water Works Company, Inc.",4941.0,336,13802100000.0,sector_excluded_sic_4941,8,8,,
2019-07-01,1002910,AMEREN CORP,4931.0,340,14783320074.0,sector_excluded_sic_4931,8,8,,
2019-07-01,1324424,"Expedia Group, Inc.",4700.0,343,14376116000.0,sector_excluded_sic_4700,8,8,,
2019-07-01,1396009,Vulcan Materials CO,1400.0,344,17035024582.0,sector_excluded_sic_1400,8,8,,
2019-07-01,18926,"Lumen Technologies, Inc.",4813.0,349,17700000000.0,sector_excluded_sic_4813,8,8,,
2019-07-01,3570,"Cheniere Energy, Inc.",4924.0,351,16000000000.0,sector_excluded_sic_4924,8,8,,
2019-07-01,794323,"Level 3 Parent, LLC",4813.0,352,17500000000.0,sector_excluded_sic_4813,8,8,,
2019-07-01,1138118,"CBRE GROUP, INC.",6500.0,355,16200000000.0,sector_excluded_sic_6500,8,8,,
2019-07-01,1021860,NOV Inc.,3533.0,361,16600000000.0,sector_excluded_sic_3533,8,8,,
2019-07-01,33185,EQUIFAX INC,7320.0,362,15064356603.0,sector_excluded_sic_7320,8,8,,
2019-07-01,319201,KLA CORP,3827.0,363,16430000000.0,sector_excluded_sic_3827,8,8,,
2019-07-01,217346,TEXTRON INC,3720.0,364,16400000000.0,sector_excluded_sic_3720,8,8,,
2019-07-01,811156,CMS ENERGY CORP,4931.0,365,13332000000.0,sector_excluded_sic_4931,8,8,,
2019-07-01,1174922,WYNN RESORTS LTD,7011.0,366,,no_pit_valid_float,8,8,,
2019-07-01,899689,VORNADO REALTY TRUST,6798.0,367,12877203000.0,sector_excluded_sic_6798,8,8,,
2019-07-01,1732845,WestRock Co,2650.0,368,16230000000.0,sector_excluded_sic_2650,3,3,,
2019-07-01,277135,"W.W. GRAINGER, INC.",5000.0,372,16101319439.0,sector_excluded_sic_5000,8,8,,
2019-07-01,1701605,Baker Hughes Co,3533.0,378,12108399000.0,sector_excluded_sic_3533,8,8,,
2019-07-01,1035443,"ALEXANDRIA REAL ESTATE EQUITIES, INC.",6798.0,381,13000000000.0,sector_excluded_sic_6798,8,8,,
2019-07-01,764478,BEST BUY CO INC,5731.0,383,15700000000.0,ineligible_filing_history,7,8,,
2019-07-01,882184,HORTON D R INC /DE/,1531.0,386,15499559000.0,sector_excluded_sic_1531,8,8,,
2019-07-01,51253,INTERNATIONAL FLAVORS & FRAGRANCES INC,2860.0,387,9798569059.0,sector_excluded_sic_2860,8,8,,
2019-07-01,920760,LENNAR CORP /NEW/,1520.0,388,15431622455.0,sector_excluded_sic_1520,7,7,,
2019-07-01,1711269,"Evergy, Inc.",4931.0,392,15236578926.0,sector_excluded_sic_4931,4,4,,
2019-07-01,1598014,IHS Markit Ltd.,7370.0,393,13400000000.0,ineligible_filing_history,6,8,,
2019-07-01,1306830,Celanese Corp,2820.0,398,14934861283.0,sector_excluded_sic_2820,8,8,,
2019-07-01,1506293,"PINTEREST, INC.",7370.0,402,,no_pit_valid_float,1,1,,
2019-07-01,1496048,Brookfield Property REIT Inc.,6798.0,404,14700000000.0,sector_excluded_sic_6798,8,8,,
2019-07-01,29905,DOVER Corp,3530.0,406,10776562926.0,sector_excluded_sic_3530,8,8,,
2019-07-01,40987,GENUINE PARTS CO,5013.0,410,12685700000.0,sector_excluded_sic_5013,8,8,,
2019-07-01,1130310,CENTERPOINT ENERGY INC,4911.0,413,11873304802.0,sector_excluded_sic_4911,8,8,,
2019-07-01,1759509,"Lyft, Inc.",7389.0,416,,no_pit_valid_float,1,1,,
2019-07-01,749251,GARTNER INC,8741.0,419,11675031229.0,sector_excluded_sic_8741,8,8,,
2019-07-01,1524472,Xylem Inc.,3561.0,420,12000000000.0,sector_excluded_sic_3561,8,8,,
2019-07-01,915389,EASTMAN CHEMICAL CO,2821.0,422,13911610629.0,sector_excluded_sic_2821,8,8,,
2019-07-01,1025378,W. P. Carey Inc.,6798.0,424,7100000000.0,sector_excluded_sic_6798,8,8,,
2019-07-01,50104,ANDEAVOR LLC,2911.0,425,13800000000.0,ineligible_filing_history,5,5,,
2019-07-01,1552033,TransUnion,7320.0,427,13200000000.0,sector_excluded_sic_7320,8,8,,
2019-07-01,1043219,ANNALY CAPITAL MANAGEMENT INC,6798.0,436,11900000000.0,sector_excluded_sic_6798,8,8,,
2019-07-01,1070750,"HOST HOTELS & RESORTS, INC.",6798.0,437,13268185597.0,sector_excluded_sic_6798,8,8,,
2019-07-01,1636023,WRKCo Inc.,2650.0,438,13240000000.0,sector_excluded_sic_2650,5,5,,
2019-07-01,1289490,Extra Space Storage Inc.,6798.0,439,12155910603.0,sector_excluded_sic_6798,8,8,,
2019-07-01,765880,"HEALTHPEAK PROPERTIES, INC.",6798.0,440,8700000000.0,sector_excluded_sic_6798,8,8,,
2019-07-01,832101,IDEX CORP /DE/,3561.0,443,10446083118.0,sector_excluded_sic_3561,8,8,,
2019-07-01,746515,EXPEDITORS INTERNATIONAL OF WASHINGTON INC,4731.0,445,12614798720.0,sector_excluded_sic_4731,8,8,,
2019-07-01,916076,MARTIN MARIETTA MATERIALS INC,1400.0,447,11000435608.61,sector_excluded_sic_1400,8,8,,
2019-07-01,943452,WESTINGHOUSE AIR BRAKE TECHNOLOGIES CORP,3743.0,449,8500000000.0,sector_excluded_sic_3743,8,8,,
2019-07-01,1739104,Elanco Animal Health Inc,2834.0,453,,no_pit_valid_float,3,3,,
2019-07-01,54480,KANSAS CITY SOUTHERN,4011.0,459,10770000000.0,sector_excluded_sic_4011,8,8,,
2019-07-01,62996,MASCO CORP /DE/,3430.0,460,11345157000.0,sector_excluded_sic_3430,8,8,,
2019-07-01,1166003,"XPO, Inc.",4700.0,463,12000000000.0,sector_excluded_sic_4700,8,8,,
2019-07-01,794367,"Macy's, Inc.",5311.0,464,11956587132.0,ineligible_filing_history,6,8,,
2019-07-01,37785,FMC CORP,2800.0,465,11914150346.0,sector_excluded_sic_2800,8,8,,
2019-07-01,46619,HEICO CORP,3724.0,468,7696256000.0,sector_excluded_sic_3724,8,8,,
2019-07-01,731802,ATMOS ENERGY CORP,4924.0,469,9175655493.0,sector_excluded_sic_4924,8,8,,
2019-07-01,915913,ALBEMARLE CORP,2821.0,473,10200000000.0,sector_excluded_sic_2821,8,8,,
2019-07-01,1681459,TechnipFMC plc,3533.0,475,11624003759.0,sector_excluded_sic_3533,7,8,,
2019-07-01,352541,ALLIANT ENERGY CORP,4931.0,476,9900000000.0,sector_excluded_sic_4931,8,8,,
2019-07-01,1043277,"C. H. ROBINSON WORLDWIDE, INC.",4731.0,479,11532777361.0,sector_excluded_sic_4731,8,8,,
2019-07-01,906163,NVR INC,1531.0,480,10109057000.0,sector_excluded_sic_1531,8,8,,
2019-07-01,1513761,Norwegian Cruise Line Holdings Ltd.,4400.0,481,9700000000.0,sector_excluded_sic_4400,8,8,,
2019-07-01,783280,DUKE REALTY CORP,6798.0,484,9799276084.0,sector_excluded_sic_6798,8,8,,
2019-07-01,864749,TRIMBLE INC.,3829.0,487,8200000000.0,sector_excluded_sic_3829,8,8,,
2019-07-01,912593,SUN COMMUNITIES INC,6798.0,488,7693151783.0,sector_excluded_sic_6798,8,8,,
2019-07-01,1687229,Invitation Homes Inc.,6510.0,490,6900000000.0,sector_excluded_sic_6510,8,8,,
2019-07-01,875159,XL GROUP LTD,6331.0,491,11300000000.0,ineligible_filing_history,5,5,,
2019-07-01,877212,ZEBRA TECHNOLOGIES CORP,3560.0,494,7600000000.0,sector_excluded_sic_3560,8,8,,
2019-07-01,1121788,GARMIN LTD,3812.0,495,,no_pit_valid_float,8,8,,
2019-07-01,910606,REGENCY CENTERS CORP,6798.0,498,10398575500.0,sector_excluded_sic_6798,8,8,,
2019-07-01,1601046,"Keysight Technologies, Inc.",3823.0,504,6000000000.0,sector_excluded_sic_3823,8,8,,
2019-07-01,4281,Howmet Aerospace Inc.,3350.0,505,8000000000.0,sector_excluded_sic_3350,8,8,,
2019-07-01,1285785,MOSAIC CO,2870.0,508,10900000000.0,sector_excluded_sic_2870,8,8,,
2019-07-01,874761,AES CORP,4991.0,509,8630000000.0,sector_excluded_sic_4991,8,8,,
2019-07-01,1722482,"Avantor, Inc.",3826.0,510,,no_pit_valid_float,0,0,,
2019-07-01,1403568,"Ulta Beauty, Inc.",5990.0,515,10735950000.0,ineligible_filing_history,6,8,,
2019-07-01,1111711,NISOURCE INC.,4931.0,516,9506346286.0,sector_excluded_sic_4931,8,8,,
2019-07-01,728535,HUNT J B TRANSPORT SERVICES INC,4213.0,523,10500000000.0,sector_excluded_sic_4213,8,8,,
2019-07-01,1095073,"EVEREST GROUP, LTD.",6331.0,525,,no_pit_valid_float,8,8,,
2019-07-01,75677,PACKAGING CORP OF AMERICA,2650.0,528,10429672301.0,sector_excluded_sic_2650,8,8,,
2019-07-01,1324404,"CF Industries Holdings, Inc.",2870.0,530,10318413880.0,sector_excluded_sic_2870,8,8,,
2019-07-01,356028,"CA, INC.",7372.0,531,10300000000.0,ineligible_filing_history,6,6,,
2019-07-01,1383650,"Cheniere Energy Partners, L.P.",4924.0,533,8800000000.0,sector_excluded_sic_4924,8,8,,
2019-07-01,1579241,Allegion plc,7381.0,534,7700000000.0,sector_excluded_sic_7381,8,8,,
2019-07-01,895417,EQUITY LIFESTYLE PROPERTIES INC,6798.0,535,7583000000.0,sector_excluded_sic_6798,8,8,,
2019-07-01,52988,JACOBS SOLUTIONS INC.,1600.0,536,8300000000.0,sector_excluded_sic_1600,8,8,,
2019-07-01,1705696,VICI PROPERTIES INC.,6798.0,540,7600000000.0,sector_excluded_sic_6798,7,7,,
2019-07-01,1065696,LKQ CORP,5010.0,541,10100000000.0,sector_excluded_sic_5010,8,8,,
2019-07-01,906345,CAMDEN PROPERTY TRUST,6798.0,542,8386569325.0,sector_excluded_sic_6798,8,8,,
2019-07-01,1519751,"Fortune Brands Innovations, Inc.",2430.0,543,7606348311.0,sector_excluded_sic_2430,8,8,,
2019-07-01,900075,COPART INC,5500.0,544,8903622911.0,ineligible_filing_history,7,8,,
2019-07-01,1020569,IRON MOUNTAIN INC,6798.0,546,,no_pit_valid_float,8,8,,
2019-07-01,865436,WHOLE FOODS MARKET INC,5411.0,550,9809550055.0,ineligible_filing_history,2,2,,
2019-07-01,1040971,SL GREEN REALTY CORP,6798.0,551,8000000000.0,sector_excluded_sic_6798,8,8,,
2019-07-01,1364885,"Spirit AeroSystems Holdings, Inc.",3728.0,554,9797077735.0,sector_excluded_sic_3728,8,8,,
2019-07-01,878927,"OLD DOMINION FREIGHT LINE, INC.",4213.0,555,9679656484.0,sector_excluded_sic_4213,8,8,,
2019-07-01,1094285,TELEDYNE TECHNOLOGIES INC,3812.0,556,6800000000.0,sector_excluded_sic_3812,8,8,,
2019-07-01,34903,FEDERAL REALTY INVESTMENT TRUST,6798.0,557,9300000000.0,sector_excluded_sic_6798,8,8,,
2019-07-01,8818,Avery Dennison Corp,2670.0,559,8878483404.0,sector_excluded_sic_2670,8,8,,
2019-07-01,884614,UGI CORP /PA/,4932.0,562,7648020563.0,sector_excluded_sic_4932,8,8,,
2019-07-01,793952,"HARLEY-DAVIDSON, INC.",3751.0,565,6987984229.0,sector_excluded_sic_3751,8,8,,
2019-07-01,1757898,STERIS plc,3842.0,566,9552109996.0,ineligible_filing_history,1,1,,
2019-07-01,754737,SCANA CORP,4931.0,568,5486355874.0,sector_excluded_sic_4931,7,7,,
2019-07-01,1067701,"UNITED RENTALS, INC.",7359.0,570,10800000000.0,sector_excluded_sic_7359,8,8,,
2019-07-01,764622,PINNACLE WEST CAPITAL CORP,4911.0,571,9020511769.84,sector_excluded_sic_4911,8,8,,
2019-07-01,1501585,"HUNTINGTON INGALLS INDUSTRIES, INC.",3730.0,574,9399000000.0,sector_excluded_sic_3730,8,8,,
2019-07-01,91440,Snap-on Inc,3420.0,588,9000000000.0,sector_excluded_sic_3420,8,8,,
2019-07-01,78128,"Essential Utilities, Inc.",4941.0,591,6243784324.0,sector_excluded_sic_4941,8,8,,
2019-07-01,1507385,"VEREIT, Inc.",6798.0,600,7200000000.0,sector_excluded_sic_6798,8,8,,
2019-07-01,1675149,Alcoa Corp,3334.0,604,8700000000.0,sector_excluded_sic_3334,8,8,,
2019-07-01,1437578,BRIGHT HORIZONS FAMILY SOLUTIONS INC.,8351.0,605,5900000000.0,sector_excluded_sic_8351,8,8,,
2019-07-01,110621,RPM INTERNATIONAL INC/DE/,2851.0,606,6972779525.0,sector_excluded_sic_2851,8,8,,
2019-07-01,96223,Jefferies Financial Group Inc.,6211.0,607,6974359578.0,ineligible_filing_history,7,7,,
2019-07-01,1692819,Vistra Corp.,4911.0,608,8592448694.0,sector_excluded_sic_4911,8,8,,
2019-07-01,822416,PULTEGROUP INC/MI/,1531.0,609,8132221388.0,sector_excluded_sic_1531,8,8,,
2019-07-01,751364,"NNN REIT, INC.",6798.0,610,6839989654.0,sector_excluded_sic_6798,8,8,,
2019-07-01,1021635,OGE ENERGY CORP.,4911.0,612,7032567628.0,sector_excluded_sic_4911,8,8,,
2019-07-01,1261333,"DOCUSIGN, INC.",7372.0,613,8500000000.0,ineligible_filing_history,5,5,,
2019-07-01,1012100,SEALED AIR CORP/DE,2820.0,619,6753286109.0,sector_excluded_sic_2820,8,8,,
2019-07-01,912595,MID AMERICA APARTMENT COMMUNITIES INC.,6798.0,622,8078415417.0,sector_excluded_sic_6798,8,8,,
2019-07-01,1219601,"CROWN HOLDINGS, INC.",3411.0,624,6050432508.0,sector_excluded_sic_3411,8,8,,
2019-07-01,42888,GRACO INC,3561.0,625,7443958602.0,sector_excluded_sic_3561,8,8,,
2019-07-01,912242,MACERICH CO,6798.0,627,8000000000.0,sector_excluded_sic_6798,8,8,,
2019-07-01,1477294,Sensata Technologies Holding plc,3823.0,628,8100000000.0,sector_excluded_sic_3823,8,8,,
2019-07-01,1573097,"HD Supply Holdings, Inc.",5000.0,629,8000191424.0,sector_excluded_sic_5000,8,8,,
2019-07-01,1428875,TERMINIX GLOBAL HOLDINGS INC,8741.0,630,8000000000.0,sector_excluded_sic_8741,7,7,,
2019-07-01,1069202,LENNOX INTERNATIONAL INC,3585.0,631,8000000000.0,sector_excluded_sic_3585,8,8,,
2019-07-01,737758,TORO CO,3524.0,632,6200000000.0,sector_excluded_sic_3524,8,8,,
2019-07-01,1013871,"NRG ENERGY, INC.",4911.0,634,7964294696.0,sector_excluded_sic_4911,8,8,,
2019-07-01,888491,OMEGA HEALTHCARE INVESTORS INC,6798.0,637,6210297921.0,sector_excluded_sic_6798,8,8,,
2019-07-01,766421,"ALASKA AIR GROUP, INC.",4512.0,640,7400000000.0,sector_excluded_sic_4512,8,8,,
2019-07-01,1770450,Xerox Holdings Corp,3577.0,645,,no_pit_valid_float,0,0,,
2019-07-01,849399,Gen Digital Inc.,7372.0,646,7810381908.0,ineligible_filing_history,6,8,,
2019-07-01,851205,COGNEX CORP,3823.0,647,7312677834.0,sector_excluded_sic_3823,8,8,,
2019-07-01,1627223,Chemours Co,2800.0,649,7800000000.0,sector_excluded_sic_2800,8,8,,
2019-07-01,315213,ROBERT HALF INC.,7363.0,650,7755399413.0,sector_excluded_sic_7363,8,8,,
2019-07-01,1616862,Axalta Coating Systems Ltd.,2851.0,651,7646500000.0,sector_excluded_sic_2851,8,8,,
2019-07-01,1428439,"ROKU, INC",4841.0,652,,no_pit_valid_float,7,7,,
2019-07-01,1608249,"Zayo Group Holdings, Inc.",4813.0,654,7700000000.0,sector_excluded_sic_4813,8,8,,
2019-07-01,1022671,STEEL DYNAMICS INC,3312.0,656,7700000000.0,sector_excluded_sic_3312,8,8,,
2019-07-01,931015,Polaris Inc.,3790.0,661,7601247000.0,sector_excluded_sic_3790,8,8,,
2019-07-01,879101,KIMCO REALTY CORP,6798.0,662,7000000000.0,sector_excluded_sic_6798,8,8,,
2019-07-01,1538990,STORE CAPITAL LLC,6798.0,664,5600000000.0,sector_excluded_sic_6798,8,8,,
2019-07-01,1575965,"Gaming & Leisure Properties, Inc.",6798.0,665,7200000000.0,sector_excluded_sic_6798,8,8,,
2019-07-01,14930,BRUNSWICK CORP,3510.0,666,5551034582.0,sector_excluded_sic_3510,8,8,,
2019-07-01,1025996,KILROY REALTY CORP,6798.0,667,7557990980.0,sector_excluded_sic_6798,8,8,,
2019-07-01,54507,"EVERGY KANSAS CENTRAL, INC.",4931.0,668,7533791379.0,sector_excluded_sic_4931,8,8,,
2019-07-01,1158463,JETBLUE AIRWAYS CORP,4512.0,669,5900000000.0,sector_excluded_sic_4512,8,8,,
2019-07-01,1037976,JONES LANG LASALLE INC,6531.0,673,7470521871.0,sector_excluded_sic_6531,8,8,,
2019-07-01,1370946,Owens Corning,3290.0,675,7029117335.0,sector_excluded_sic_3290,8,8,,
2019-07-01,871763,ManpowerGroup Inc.,7363.0,676,5623583987.0,sector_excluded_sic_7363,8,8,,
2019-07-01,1624899,STERIS Ltd,3842.0,677,7420705027.0,ineligible_filing_history,7,7,,
2019-07-01,1423689,AGNC Investment Corp.,6798.0,678,6800000000.0,sector_excluded_sic_6798,8,8,,
2019-07-01,922864,APARTMENT INVESTMENT & MANAGEMENT CO,6798.0,679,6600000000.0,sector_excluded_sic_6798,8,8,,
2019-07-01,945841,POOL CORP,5090.0,681,5916556013.0,sector_excluded_sic_5090,8,8,,
2019-07-01,1678531,Envision Healthcare Corp,8011.0,683,7325596447.0,ineligible_filing_history,5,5,,
2019-07-01,97210,"TERADYNE, INC",3825.0,687,6400000000.0,sector_excluded_sic_3825,8,8,,
2019-07-01,1564822,PINNACLE FOODS INC.,2000.0,689,7290000000.0,ineligible_filing_history,5,5,,
2019-07-01,354908,"Teledyne FLIR, LLC",3812.0,690,4711497291.0,sector_excluded_sic_3812,8,8,,
2019-07-01,1655210,"BEYOND MEAT, INC.",2000.0,694,,no_pit_valid_float,1,1,,
2019-07-01,1443646,Booz Allen Hamilton Holding Corp,8742.0,703,6933296946.0,sector_excluded_sic_8742,8,8,,
2019-07-01,1792580,Ovintiv Inc.,1311.0,704,,no_pit_valid_float,0,0,,
2019-07-01,1090425,LAMAR ADVERTISING CO/NEW,6798.0,706,5734846576.0,sector_excluded_sic_6798,8,8,,
2019-07-01,717605,HEXCEL CORP /DE/,2821.0,707,6224384351.0,sector_excluded_sic_2821,8,8,,
2019-07-01,1287865,MEDICAL PROPERTIES TRUST INC,6798.0,708,5087316078.0,sector_excluded_sic_6798,8,8,,
2019-07-01,7536,"ARROW ELECTRONICS, INC.",5065.0,711,6477885555.0,sector_excluded_sic_5065,8,8,,
2019-07-01,1124198,FLUOR CORP,1600.0,713,6800000000.0,sector_excluded_sic_1600,8,8,,
2019-07-01,77360,PENTAIR plc,3550.0,718,6703824353.0,sector_excluded_sic_3550,8,8,,
2019-07-01,1364250,Douglas Emmett Inc,6798.0,724,6470000000.0,sector_excluded_sic_6798,8,8,,
2019-07-01,29644,DONALDSON Co INC,3564.0,729,6563203766.0,sector_excluded_sic_3564,7,8,,
2019-07-01,861878,STERICYCLE INC,4955.0,730,5596897370.0,sector_excluded_sic_4955,8,8,,
2019-07-01,1553023,CyrusOne Holdco LLC,6798.0,731,5800000000.0,sector_excluded_sic_6798,8,8,,
2019-07-01,921112,LIBERTY PROPERTY TRUST,6798.0,732,6500000000.0,sector_excluded_sic_6798,8,8,,
2019-07-01,91767,SONOCO PRODUCTS CO,2650.0,734,5137386083.0,sector_excluded_sic_2650,8,8,,
2019-07-01,1467623,"DROPBOX, INC.",7372.0,735,6438900000.0,ineligible_filing_history,5,5,,
2019-07-01,1681689,Bioverativ Inc.,2834.0,736,6433300000.0,ineligible_filing_history,3,3,,
2019-07-01,1298675,CubeSmart,6798.0,737,5988953396.0,sector_excluded_sic_6798,8,8,,
2019-07-01,1143068,GREAT PLAINS ENERGY INC,4911.0,740,6311042442.0,sector_excluded_sic_4911,4,4,,
2019-07-01,1562401,American Homes 4 Rent,6798.0,741,5700000000.0,sector_excluded_sic_6798,8,8,,
2019-07-01,1307954,Huntsman CORP,2800.0,743,6285496925.0,sector_excluded_sic_2800,8,8,,
2019-07-01,861884,"RELIANCE, INC.",5051.0,746,6130000000.0,sector_excluded_sic_5051,8,8,,
2019-07-01,1360604,Healthcare Realty Trust Inc,6798.0,748,5567632295.0,sector_excluded_sic_6798,8,8,,
2019-07-01,1486957,"BWX Technologies, Inc.",3510.0,749,6200000000.0,sector_excluded_sic_3510,8,8,,
2019-07-01,808461,"GRIZZLY MERGER SUB 1, LLC",4813.0,750,4740308542.0,sector_excluded_sic_4813,8,8,,
2019-07-01,1465128,"STARWOOD PROPERTY TRUST, INC.",6798.0,754,5521212127.0,sector_excluded_sic_6798,8,8,,
2019-07-01,12208,"BIO-RAD LABORATORIES, INC.",3826.0,755,6181361340.0,ineligible_filing_history,6,8,,
2019-07-01,1398659,Genpact LTD,8742.0,756,4301213430.0,sector_excluded_sic_8742,8,8,,
2019-07-01,97517,TEXAS PACIFIC LAND TRUST,6792.0,759,5387300000.0,non_operating_sic_6792,8,8,,
2019-07-01,1163302,UNITED STATES STEEL CORP,3312.0,762,6100000000.0,sector_excluded_sic_3312,8,8,,
2019-07-01,912750,NEWFIELD EXPLORATION CO /DE/,1311.0,768,5965860865.0,ineligible_filing_history,6,6,,
2019-07-01,310568,MICROSEMI CORP,3674.0,769,5950000000.0,ineligible_filing_history,4,4,,
2019-07-01,794170,"Toll Brothers, Inc.",1531.0,770,5917899000.0,sector_excluded_sic_1531,8,8,,
2019-07-01,59527,LINCOLN ELECTRIC HOLDINGS INC,3540.0,771,5556447259.0,sector_excluded_sic_3540,8,8,,
2019-07-01,1430602,"Scripps Networks Interactive, Inc.",4841.0,772,5902000000.0,ineligible_filing_history,3,3,,
2019-07-01,1045450,EPR PROPERTIES,6798.0,775,4853135832.0,sector_excluded_sic_6798,8,8,,
2019-07-01,1722684,"WYNDHAM HOTELS & RESORTS, INC.",7011.0,778,5789872286.0,ineligible_filing_history,5,5,,
2019-07-01,105016,WATSCO INC,5070.0,782,5768000000.0,sector_excluded_sic_5070,8,8,,
2019-07-01,216228,ITT INC.,3561.0,784,4600000000.0,sector_excluded_sic_3561,8,8,,
2019-07-01,67716,MDU RESOURCES GROUP INC,1400.0,790,5621805532.0,sector_excluded_sic_1400,8,8,,
2019-07-01,866121,"Northrop Grumman Innovation Systems, Inc.",3760.0,791,5611000000.0,sector_excluded_sic_3760,4,4,,
2019-07-01,1333986,"Equitable Holdings, Inc.",6411.0,795,3300000000.0,ineligible_filing_history,5,5,,
2019-07-01,1492691,Knight-Swift Transportation Holdings Inc.,4213.0,797,5596886629.0,sector_excluded_sic_4213,8,8,,
2019-07-01,85535,ROYAL GOLD INC,6795.0,798,5335748560.0,non_operating_sic_6795,8,8,,
2019-07-01,27419,TARGET CORP,5331.0,157,42763636334.0,below_sector_K,8,8,consumer,21.0
2019-07-01,875320,VERTEX PHARMACEUTICALS INC / MA,2834.0,142,42500000000.0,below_sector_K,8,8,healthcare,21.0
2019-07-01,1571949,"Intercontinental Exchange, Inc.",6200.0,139,42085643250.0,below_sector_K,8,8,financials,21.0
2019-07-01,49071,HUMANA INC,6324.0,162,41129697151.0,below_sector_K,8,8,healthcare,22.0
2019-07-01,1555280,Zoetis Inc.,2834.0,121,41086000000.0,below_sector_K,8,8,healthcare,23.0
2019-07-01,31462,ECOLAB INC.,2840.0,115,40354321454.0,below_sector_K,8,8,consumer,22.0
2019-07-01,62709,"MARSH & MCLENNAN COMPANIES, INC.",6411.0,131,40260247498.0,below_sector_K,8,8,financials,22.0
2019-07-01,10456,BAXTER INTERNATIONAL INC,3841.0,161,40000000000.0,below_sector_K,8,8,healthcare,24.0
2019-07-01,1137774,PRUDENTIAL FINANCIAL INC,6311.0,145,39060187397.0,below_sector_K,8,8,financials,23.0
2019-07-01,92230,TRUIST FINANCIAL CORP,6021.0,168,38900000000.0,below_sector_K,8,8,financials,24.0
2019-07-01,89800,SHERWIN WILLIAMS CO,5200.0,158,37995087928.0,below_sector_K,8,8,consumer,23.0
2019-07-01,1048286,MARRIOTT INTERNATIONAL INC /MD/,7011.0,171,36386234246.0,below_sector_K,8,8,consumer,24.0
2019-07-01,1222333,SPDR GOLD TRUST,6221.0,185,36076572000.0,below_sector_K,8,8,financials,25.0
2019-07-01,1110803,"ILLUMINA, INC.",3826.0,138,35900000000.0,below_sector_K,8,8,healthcare,25.0
2019-07-01,872589,"REGENERON PHARMACEUTICALS, INC.",2834.0,132,35741000000.0,below_sector_K,8,8,healthcare,26.0
2019-07-01,1136893,"Fidelity National Information Services, Inc.",7389.0,166,34947896958.0,below_sector_K,8,8,financials,26.0
2019-07-01,80661,PROGRESSIVE CORP/OH/,6331.0,144,34057145532.0,below_sector_K,8,8,financials,27.0
2019-07-01,93751,STATE STREET CORP,6022.0,196,33940000000.0,below_sector_K,8,8,financials,28.0
2019-07-01,1065088,EBAY INC,7389.0,191,33679134490.0,below_sector_K,8,8,financials,29.0
2019-07-01,315293,Aon plc,6411.0,149,33332666779.0,below_sector_K,8,8,financials,30.0
2019-07-01,1173431,TD AMERITRADE HOLDING CORP,6211.0,198,33300000000.0,below_sector_K,8,8,financials,31.0
2019-07-01,4977,AFLAC INC,6321.0,165,33002565252.0,below_sector_K,8,8,financials,32.0
2019-07-01,86312,"TRAVELERS COMPANIES, INC.",6331.0,170,32661754275.0,below_sector_K,8,8,financials,33.0
2019-07-01,899051,ALLSTATE CORP,6331.0,201,31240000000.0,below_sector_K,8,8,financials,34.0
2019-07-01,750556,SUNTRUST BANKS INC,6021.0,219,30200000000.0,below_sector_K,8,8,financials,35.0
2019-07-01,798354,FISERV INC,7389.0,187,30024669916.0,below_sector_K,8,8,financials,36.0
2019-07-01,96021,SYSCO CORP,5140.0,220,28886944016.0,below_sector_K,8,8,consumer,25.0
2019-07-01,865752,Monster Beverage Corp,2086.0,210,28771940302.0,below_sector_K,8,8,consumer,26.0
2019-07-01,769397,"Autodesk, Inc.",7372.0,231,28100000000.0,below_sector_K,8,8,tech,21.0
2019-07-01,860730,"HCA Healthcare, Inc.",8062.0,182,28045000000.0,below_sector_K,8,8,healthcare,27.0
2019-07-01,1001250,ESTEE LAUDER COMPANIES INC,2844.0,232,28000000000.0,below_sector_K,8,8,consumer,27.0
2019-07-01,1113169,PRICE T ROWE GROUP INC,6282.0,237,27600000000.0,below_sector_K,8,8,financials,37.0
2019-07-01,1099800,Edwards Lifesciences Corp,3842.0,194,27160261560.0,below_sector_K,8,8,healthcare,28.0
2019-07-01,1300514,LAS VEGAS SANDS CORP,7011.0,241,27125139905.0,below_sector_K,8,8,consumer,28.0
2019-07-01,899866,"ALEXION PHARMACEUTICALS, INC.",2834.0,229,26514235288.0,below_sector_K,8,8,healthcare,29.0
2019-07-01,1688568,DXC Technology Co,7374.0,246,26235616834.0,below_sector_K,8,8,tech,22.0
2019-07-01,927653,MCKESSON CORP,5122.0,208,26000000000.0,below_sector_K,8,8,healthcare,30.0
2019-07-01,40704,GENERAL MILLS INC,2040.0,216,25879800000.0,below_sector_K,8,8,consumer,29.0
2019-07-01,1645590,Hewlett Packard Enterprise Co,3570.0,213,25624852116.0,below_sector_K,8,8,tech,23.0
2019-07-01,7084,Archer-Daniels-Midland Co,2070.0,250,25500000000.0,below_sector_K,8,8,consumer,30.0
2019-07-01,1071739,CENTENE CORP,6324.0,252,25300000000.0,below_sector_K,8,8,healthcare,31.0
2019-07-01,707549,LAM RESEARCH CORP,3559.0,260,24908278746.0,below_sector_K,8,8,tech,24.0
2019-07-01,1041061,YUM BRANDS INC,5812.0,197,24700000000.0,below_sector_K,8,8,consumer,31.0
2019-07-01,1533932,"Worldpay, Inc.",7389.0,263,24600000000.0,below_sector_K,8,8,financials,38.0
2019-07-01,1521332,Aptiv PLC,3714.0,268,24136537262.0,below_sector_K,8,8,consumer,32.0
2019-07-01,1393612,Discover Financial Services,6141.0,261,24123706276.0,below_sector_K,8,8,financials,39.0
2019-07-01,36270,M&T BANK CORP,6022.0,272,23892660033.0,below_sector_K,8,8,financials,40.0
2019-07-01,29534,DOLLAR GENERAL CORP,5331.0,277,23200000000.0,below_sector_K,8,8,consumer,33.0
2019-07-01,1585689,Hilton Worldwide Holdings Inc.,7011.0,238,23156000000.0,below_sector_K,8,8,consumer,34.0
2019-07-01,1087423,RED HAT INC,7370.0,279,23100000000.0,below_sector_K,8,9,tech,25.0
2019-07-01,1570585,Liberty Global Ltd.,4841.0,225,22900000000.0,below_sector_K,8,8,consumer,35.0
2019-07-01,73124,NORTHERN TRUST CORP,6022.0,282,22800000000.0,below_sector_K,8,8,financials,41.0
2019-07-01,1560385,Liberty Media Corp,4833.0,283,22800000000.0,below_sector_K,8,8,consumer,36.0
2019-07-01,1136869,"ZIMMER BIOMET HOLDINGS, INC.",3842.0,247,22648282177.0,below_sector_K,8,8,healthcare,32.0
2019-07-01,1097149,ALIGN TECHNOLOGY INC,3842.0,290,22262043858.0,below_sector_K,8,8,healthcare,33.0
2019-07-01,1418135,Keurig Dr Pepper Inc.,2080.0,164,21854175004.0,below_sector_K,8,8,consumer,37.0
2019-07-01,75362,PACCAR INC,3711.0,266,21440000000.0,below_sector_K,8,8,consumer,38.0
2019-07-01,1393818,Blackstone Inc.,6282.0,224,21300000000.0,below_sector_K,8,8,financials,42.0
2019-07-01,935703,"DOLLAR TREE, INC.",5331.0,303,21167164088.0,below_sector_K,8,8,consumer,39.0
2019-07-01,1373715,"ServiceNow, Inc.",7372.0,176,21000000000.0,below_sector_K,8,8,tech,26.0
2019-07-01,91576,KEYCORP /NEW/,6021.0,308,20691768789.0,below_sector_K,8,8,financials,43.0
2019-07-01,820313,AMPHENOL CORP /DE/,3678.0,302,19931000000.0,below_sector_K,8,8,tech,27.0
2019-07-01,820027,AMERIPRISE FINANCIAL INC,6282.0,318,19900000000.0,below_sector_K,8,8,financials,44.0
2019-07-01,1140536,WILLIS TOWERS WATSON PLC,6411.0,264,19734737970.0,below_sector_K,8,8,financials,45.0
2019-07-01,35527,FIFTH THIRD BANCORP,6022.0,325,19429251571.0,below_sector_K,8,8,financials,46.0
2019-07-01,815094,ABIOMED INC,3841.0,326,19419916261.0,below_sector_K,8,8,healthcare,34.0
2019-07-01,1281761,REGIONS FINANCIAL CORP,6021.0,327,19253215827.0,below_sector_K,8,8,financials,47.0
2019-07-01,721371,CARDINAL HEALTH INC,5122.0,328,19248647885.0,below_sector_K,8,8,healthcare,35.0
2019-07-01,55067,KELLANOVA,2040.0,329,19100000000.0,below_sector_K,8,8,consumer,40.0
2019-07-01,106040,WESTERN DIGITAL CORP,3572.0,333,18900000000.0,below_sector_K,8,8,tech,28.0
2019-07-01,804753,CERNER Corp,7373.0,304,18800000000.0,below_sector_K,8,8,tech,29.0
2019-07-01,813828,Paramount Global,4833.0,281,18798291656.0,below_sector_K,8,8,consumer,41.0
2019-07-01,759944,CITIZENS FINANCIAL GROUP INC/RI,6022.0,334,18789421828.0,below_sector_K,8,8,financials,48.0
2019-07-01,874716,IDEXX LABORATORIES INC /DE,2835.0,274,18703045028.0,below_sector_K,8,8,healthcare,36.0
2019-07-01,1512673,"Block, Inc.",7372.0,262,18600000000.0,below_sector_K,8,8,tech,30.0
2019-07-01,1327811,"Workday, Inc.",7374.0,337,18600000000.0,below_sector_K,8,8,tech,31.0
2019-07-01,1571996,Dell Technologies Inc.,3571.0,338,18600000000.0,below_sector_K,8,8,tech,32.0
2019-07-01,1623613,Mylan II B.V.,2834.0,309,18508277080.0,below_sector_K,8,8,healthcare,37.0
2019-07-01,827054,MICROCHIP TECHNOLOGY INC,3674.0,311,18239644611.0,below_sector_K,8,8,tech,33.0
2019-07-01,4127,"SKYWORKS SOLUTIONS, INC.",3674.0,342,18194560180.0,below_sector_K,8,8,tech,34.0
2019-07-01,874766,"HARTFORD INSURANCE GROUP, INC.",6331.0,315,18000000000.0,below_sector_K,8,8,financials,49.0
2019-07-01,101778,MARATHON OIL CORP,1311.0,348,17781000000.0,below_sector_K,8,8,energy,21.0
2019-07-01,4447,HESS CORP,2911.0,350,17510000000.0,below_sector_K,8,8,energy,22.0
2019-07-01,920148,LABCORP HOLDINGS INC.,8071.0,374,17500000000.0,below_sector_K,8,8,healthcare,38.0
2019-07-01,1123360,GLOBAL PAYMENTS INC,7389.0,259,17478395120.0,below_sector_K,8,8,financials,50.0
2019-07-01,29989,OMNICOM GROUP INC.,7311.0,330,17123588000.0,below_sector_K,8,8,consumer,42.0
2019-07-01,72207,NOBLE ENERGY INC,1311.0,357,17000000000.0,below_sector_K,8,8,energy,23.0
2019-07-01,898173,O REILLY AUTOMOTIVE INC,5531.0,273,16890003772.0,below_sector_K,8,8,consumer,43.0
2019-07-01,743988,XILINX INC,3674.0,359,16875863000.0,below_sector_K,8,8,tech,35.0
2019-07-01,1442145,"Verisk Analytics, Inc.",7374.0,284,16796964310.0,below_sector_K,8,8,tech,36.0
2019-07-01,98246,TIFFANY & CO,5944.0,360,16707436188.0,below_sector_K,8,8,consumer,44.0
2019-07-01,81061,PUBLIX SUPER MARKETS INC,5411.0,346,16703262000.0,below_sector_K,8,8,consumer,45.0
2019-07-01,1478242,IQVIA HOLDINGS INC.,8731.0,226,16100000000.0,below_sector_K,8,8,healthcare,39.0
2019-07-01,49196,HUNTINGTON BANCSHARES INC /MD/,6021.0,375,16029310082.0,below_sector_K,8,8,financials,51.0
2019-07-01,1090872,"AGILENT TECHNOLOGIES, INC.",3826.0,332,16000000000.0,below_sector_K,8,8,healthcare,40.0
2019-07-01,14693,BROWN FORMAN CORP,2080.0,376,16000000000.0,below_sector_K,8,8,consumer,46.0
2019-07-01,1126975,"Magellan Midstream Partners, L.P.",4610.0,369,15722880037.0,below_sector_K,8,8,energy,24.0
2019-07-01,789570,MGM Resorts International,7011.0,347,15600000000.0,below_sector_K,8,8,consumer,47.0
2019-07-01,946581,TAKE TWO INTERACTIVE SOFTWARE INC,7372.0,385,15537179720.0,below_sector_K,8,8,tech,37.0
2019-07-01,719739,SVB FINANCIAL GROUP,6022.0,390,15365101185.0,below_sector_K,8,8,financials,52.0
2019-07-01,28412,COMERICA INC,6021.0,391,15300000000.0,below_sector_K,8,8,financials,53.0
2019-07-01,1126328,PRINCIPAL FINANCIAL GROUP INC,6321.0,339,15100000000.0,below_sector_K,8,8,financials,54.0
2019-07-01,1057352,"COSTAR GROUP, INC.",7389.0,314,15000000000.0,below_sector_K,8,8,financials,55.0
2019-07-01,1673358,"Yum China Holdings, Inc.",5812.0,354,15000000000.0,below_sector_K,8,8,consumer,48.0
2019-07-01,1039101,"L3 TECHNOLOGIES, INC.",3663.0,396,15000000000.0,below_sector_K,8,8,tech,38.0
2019-07-01,1000697,WATERS CORP /DE/,3826.0,400,14912684699.0,below_sector_K,8,8,healthcare,41.0
2019-07-01,68505,"Motorola Solutions, Inc.",3663.0,300,14900000000.0,below_sector_K,8,8,tech,39.0
2019-07-01,1022079,QUEST DIAGNOSTICS INC,8071.0,394,14900000000.0,below_sector_K,8,8,healthcare,42.0
2019-07-01,1596532,"Arista Networks, Inc.",3576.0,389,14715944627.0,below_sector_K,8,8,tech,40.0
2019-07-01,1096343,MARKEL GROUP INC.,6331.0,403,14686000000.0,below_sector_K,8,8,financials,56.0
2019-07-01,1037646,METTLER TOLEDO INTERNATIONAL INC/,3826.0,305,14589477296.0,below_sector_K,8,8,healthcare,43.0
2019-07-01,1618756,Restaurant Brands International Inc.,5812.0,356,14582123297.0,below_sector_K,8,8,consumer,49.0
2019-07-01,2488,ADVANCED MICRO DEVICES INC,3674.0,204,14500000000.0,below_sector_K,8,8,tech,41.0
2019-07-01,33213,EQT Corp,1311.0,407,14500000000.0,below_sector_K,8,8,energy,25.0
2019-07-01,1408198,MSCI Inc.,7389.0,323,14368769114.0,below_sector_K,8,8,financials,57.0
2019-07-01,23217,CONAGRA BRANDS INC.,2000.0,371,14207433670.0,below_sector_K,8,8,consumer,50.0
2019-07-01,1327567,Palo Alto Networks Inc,3577.0,324,14002012218.0,below_sector_K,8,8,tech,42.0
2019-07-01,1058057,MARVELL TECHNOLOGY GROUP LTD,3674.0,421,13935080448.0,below_sector_K,8,8,tech,43.0
2019-07-01,1276187,Energy Transfer LP,4922.0,215,13790000000.0,below_sector_K,8,8,energy,26.0
2019-07-01,877890,CITRIX SYSTEMS INC,7372.0,429,13765749900.0,below_sector_K,8,8,tech,44.0
2019-07-01,815556,FASTENAL CO,5200.0,335,13762835828.0,below_sector_K,8,8,consumer,51.0
2019-07-01,1170010,CARMAX INC,5500.0,431,13681355778.0,below_sector_K,8,8,consumer,52.0
2019-07-01,60086,LOEWS CORP,6331.0,415,13382000000.0,below_sector_K,8,8,financials,58.0
2019-07-01,851968,MOHAWK INDUSTRIES INC,2273.0,399,13276667592.0,below_sector_K,8,8,consumer,53.0
2019-07-01,47111,HERSHEY CO,2060.0,316,13038400227.0,below_sector_K,8,8,consumer,54.0
2019-07-01,1611983,Liberty Broadband Corp,4841.0,345,13000000000.0,below_sector_K,8,8,consumer,55.0
2019-07-01,814453,NEWELL BRANDS INC.,3089.0,248,12500000000.0,below_sector_K,8,8,consumer,56.0
2019-07-01,313927,CHURCH & DWIGHT CO INC /DE/,2840.0,353,12500000000.0,below_sector_K,8,8,consumer,57.0
2019-07-01,1101215,"BREAD FINANCIAL HOLDINGS, INC.",6141.0,423,12500000000.0,below_sector_K,8,8,financials,59.0
2019-07-01,1157806,ENCANA CORP,1311.0,450,12480296717.0,below_sector_K,8,8,energy,27.0
2019-07-01,1002047,"NetApp, Inc.",3572.0,451,12456432144.0,below_sector_K,8,8,tech,45.0
2019-07-01,1116132,"TAPESTRY, INC.",3100.0,455,12400000000.0,below_sector_K,8,8,consumer,58.0
2019-07-01,24545,MOLSON COORS BEVERAGE CO,2082.0,384,12375021859.0,below_sector_K,8,8,consumer,59.0
2019-07-01,813672,CADENCE DESIGN SYSTEMS INC,7372.0,319,12248414480.0,below_sector_K,8,8,tech,46.0
2019-07-01,842162,LEAR CORP,3714.0,458,12184110349.0,below_sector_K,8,8,consumer,60.0
2019-07-01,1404912,KKR & Co. Inc.,6282.0,441,12100000000.0,below_sector_K,8,8,financials,60.0
2019-07-01,1015780,E TRADE FINANCIAL CORP,6035.0,461,12100000000.0,below_sector_K,8,8,financials,61.0
2019-07-01,885639,KOHLS Corp,5311.0,462,12100000000.0,below_sector_K,8,8,consumer,61.0
2019-07-01,1402057,CDW Corp,5961.0,377,12094300000.0,below_sector_K,8,8,consumer,62.0
2019-07-01,1086222,AKAMAI TECHNOLOGIES INC,7389.0,446,12071000000.0,below_sector_K,8,8,financials,62.0
2019-07-01,943819,RESMED INC,3841.0,370,12028140357.0,below_sector_K,8,8,healthcare,44.0
2019-07-01,1437107,"Warner Bros. Discovery, Inc.",4841.0,397,12000000000.0,below_sector_K,8,8,consumer,63.0
2019-07-01,59558,LINCOLN NATIONAL CORP,6311.0,435,12000000000.0,below_sector_K,8,8,financials,63.0
2019-07-01,879169,INCYTE CORP,8731.0,301,11900000000.0,below_sector_K,8,8,healthcare,45.0
2019-07-01,927066,DAVITA INC.,8090.0,454,11900000000.0,below_sector_K,8,8,healthcare,46.0
2019-07-01,1137789,Seagate Technology Holdings plc,3572.0,466,11900000000.0,below_sector_K,8,8,tech,47.0
2019-07-01,891103,"Match Group, Inc.",7370.0,358,11833394558.0,below_sector_K,8,8,tech,48.0
2019-07-01,720005,RAYMOND JAMES FINANCIAL INC,6211.0,471,11702670062.0,below_sector_K,8,8,financials,64.0
2019-07-01,1374310,"Cboe Global Markets, Inc.",6200.0,472,11700000000.0,below_sector_K,8,8,financials,65.0
2019-07-01,91419,J M SMUCKER Co,2033.0,474,11679828981.0,below_sector_K,8,8,consumer,64.0
2019-07-01,1140859,"Cencora, Inc.",5122.0,470,11568943708.0,below_sector_K,8,8,healthcare,47.0
2019-07-01,1286681,DOMINOS PIZZA INC,5140.0,477,11546079722.0,below_sector_K,8,8,consumer,65.0
2019-07-01,1397187,lululemon athletica inc.,2300.0,478,11537000000.0,below_sector_K,8,8,consumer,66.0
2019-07-01,78239,PVH CORP. /DE/,2320.0,482,11484972142.0,below_sector_K,8,8,consumer,67.0
2019-07-01,1124610,VMWARE LLC,7372.0,485,11457619520.0,below_sector_K,8,8,tech,49.0
2019-07-01,1539838,"Diamondback Energy, Inc.",1311.0,379,11455114815.0,below_sector_K,8,8,energy,28.0
2019-07-01,1013462,ANSYS INC,7372.0,408,11318000000.0,below_sector_K,8,8,tech,50.0
2019-07-01,711404,"COOPER COMPANIES, INC.",3851.0,418,11300000000.0,below_sector_K,8,8,healthcare,48.0
2019-07-01,40729,Ally Financial Inc.,6022.0,457,11200000000.0,below_sector_K,8,8,financials,66.0
2019-07-01,743316,MAXIM INTEGRATED PRODUCTS INC,3674.0,496,11175629181.0,below_sector_K,8,8,tech,51.0
2019-07-01,1000228,HENRY SCHEIN INC,5047.0,409,11016833000.0,below_sector_K,8,8,healthcare,49.0
2019-07-01,38777,FRANKLIN RESOURCES INC,6282.0,414,11000000000.0,below_sector_K,8,8,financials,67.0
2019-07-01,48039,HollyFrontier Corp,2911.0,502,11000000000.0,below_sector_K,8,8,energy,29.0
2019-07-01,1279363,"WELLCARE HEALTH PLANS, INC.",6324.0,503,11000000000.0,below_sector_K,8,8,healthcare,50.0
2019-07-01,1389170,Targa Resources Corp.,4922.0,507,10966300000.0,below_sector_K,8,8,energy,30.0
2019-07-01,1402436,SS&C Technologies Holdings Inc,7372.0,448,10769794898.0,below_sector_K,8,8,tech,52.0
2019-07-01,914208,Invesco Ltd.,6282.0,417,10700000000.0,below_sector_K,8,8,financials,68.0
2019-07-01,1609711,GoDaddy Inc.,7373.0,456,10628537575.0,below_sector_K,8,8,tech,53.0
2019-07-01,1564408,Snap Inc,7370.0,433,10609237236.0,below_sector_K,8,8,tech,54.0
2019-07-01,46080,"HASBRO, INC.",3944.0,452,10601897195.0,below_sector_K,8,8,consumer,68.0
2019-07-01,883241,SYNOPSYS INC,7372.0,430,10500000000.0,below_sector_K,8,8,tech,55.0
2019-07-01,1120193,"NASDAQ, INC.",6200.0,497,10500000000.0,below_sector_K,8,8,financials,69.0
2019-07-01,1383312,"BROADRIDGE FINANCIAL SOLUTIONS, INC.",7389.0,501,10483964277.0,below_sector_K,8,8,financials,70.0
2019-07-01,1099590,MERCADOLIBRE INC,7389.0,236,10449108613.0,below_sector_K,8,8,financials,71.0
2019-07-01,1617640,"ZILLOW GROUP, INC.",7389.0,527,10442769057.0,below_sector_K,8,8,financials,72.0
2019-07-01,1070423,PLAINS ALL AMERICAN PIPELINE LP,4610.0,492,10400000000.0,below_sector_K,8,8,energy,31.0
2019-07-01,1579298,"Burlington Stores, Inc.",5311.0,529,10318465432.0,below_sector_K,8,8,consumer,69.0
2019-07-01,947484,ARCH CAPITAL GROUP LTD.,6331.0,405,10300000000.0,below_sector_K,8,8,financials,73.0
2019-07-01,858470,Coterra Energy Inc.,1311.0,486,10300000000.0,below_sector_K,8,8,energy,32.0
2019-07-01,883980,FIRST DATA CORP,7389.0,532,10300000000.0,below_sector_K,8,8,financials,74.0
2019-07-01,859737,HOLOGIC INC,3844.0,444,10174623483.0,below_sector_K,8,8,healthcare,51.0
2019-07-01,1353283,SPLUNK INC,7372.0,538,10152428666.0,below_sector_K,8,8,tech,56.0
2019-07-01,109380,"ZIONS BANCORPORATION, NATIONAL ASSOCIATION /UT/",6021.0,539,10131230197.0,below_sector_K,8,8,financials,75.0
2019-07-01,20286,CINCINNATI FINANCIAL CORP,6331.0,382,10123221318.0,below_sector_K,8,8,financials,76.0
2019-07-01,203527,VARIAN MEDICAL SYSTEMS INC,3845.0,483,10080869160.0,below_sector_K,8,8,healthcare,52.0
2019-07-01,1585364,PERRIGO Co plc,2834.0,514,10034430689.0,below_sector_K,8,8,healthcare,53.0
2019-07-01,1014473,VERISIGN INC/CA,7371.0,373,10000000000.0,below_sector_K,8,8,tech,57.0
2019-07-01,48465,HORMEL FOODS CORP /DE/,2011.0,500,9908981177.0,below_sector_K,8,8,consumer,70.0
2019-07-01,940944,DARDEN RESTAURANTS INC,5812.0,428,9897066000.0,below_sector_K,8,8,consumer,71.0
2019-07-01,1331875,"Fidelity National Financial, Inc.",6361.0,518,9889644127.0,below_sector_K,8,8,financials,77.0
2019-07-01,1158449,ADVANCE AUTO PARTS INC,5531.0,547,9863346448.0,below_sector_K,8,8,consumer,72.0
2019-07-01,1530721,Capri Holdings Ltd,3100.0,548,9857994898.0,below_sector_K,8,8,consumer,73.0
2019-07-01,1178670,"ALNYLAM PHARMACEUTICALS, INC.",2834.0,549,9819826967.0,below_sector_K,8,8,healthcare,54.0
2019-07-01,1552000,MPLX LP,4610.0,552,9800000000.0,below_sector_K,8,8,energy,33.0
2019-07-01,1144519,BUNGELTD,2070.0,526,9792000000.0,below_sector_K,8,8,consumer,74.0
2019-07-01,818479,DENTSPLY SIRONA Inc.,3843.0,401,9706575983.0,below_sector_K,8,8,healthcare,55.0
2019-07-01,1584509,Aramark,5812.0,561,9603000000.0,below_sector_K,8,8,consumer,75.0
2019-07-01,1609702,"CDK Global, Inc.",7389.0,760,9600000000.0,below_sector_K,8,8,financials,78.0
2019-07-01,1604778,"Qorvo, Inc.",3674.0,564,9581532553.0,below_sector_K,8,8,tech,58.0
2019-07-01,721683,TOTAL SYSTEM SERVICES INC,7389.0,519,9575381000.0,below_sector_K,8,8,financials,79.0
2019-07-01,1168054,CIMAREX ENERGY CO,1311.0,569,9540000000.0,below_sector_K,8,8,energy,34.0
2019-07-01,1043604,JUNIPER NETWORKS INC,3576.0,524,9483000000.0,below_sector_K,8,8,tech,59.0
2019-07-01,1069157,EAST WEST BANCORP INC,6022.0,572,9400135868.0,below_sector_K,8,8,financials,80.0
2019-07-01,352915,UNIVERSAL HEALTH SERVICES INC,8062.0,517,9400000000.0,below_sector_K,8,8,healthcare,56.0
2019-07-01,1393052,VEEVA SYSTEMS INC,7372.0,573,9400000000.0,below_sector_K,8,8,tech,60.0
2019-07-01,1097864,ON SEMICONDUCTOR CORP,3674.0,575,9369083794.0,below_sector_K,8,8,tech,61.0
2019-07-01,1002638,OPEN TEXT CORP,7373.0,577,9300000000.0,below_sector_K,8,8,tech,62.0
2019-07-01,1278680,ISHARES GOLD TRUST,6221.0,442,9189173407.0,below_sector_K,8,8,financials,81.0
2019-07-01,106640,WHIRLPOOL CORP /DE/,3630.0,432,9182730950.0,below_sector_K,8,8,consumer,76.0
2019-07-01,16732,CAMPBELL'S Co,2000.0,585,9014993646.0,below_sector_K,8,8,consumer,77.0
2019-07-01,1355096,"Old QVC Group, Inc.",5961.0,412,9000000000.0,below_sector_K,8,8,consumer,78.0
2019-07-01,320335,GLOBE LIFE INC.,6311.0,563,9000000000.0,below_sector_K,8,8,financials,82.0
2019-07-01,1365135,Western Union CO,7389.0,587,9000000000.0,below_sector_K,8,8,financials,83.0
2019-07-01,51644,"INTERPUBLIC GROUP OF COMPANIES, INC.",7311.0,558,8998838797.0,below_sector_K,8,8,consumer,79.0
2019-07-01,779152,JACK HENRY & ASSOCIATES INC,7373.0,512,8997853020.0,below_sector_K,8,8,tech,63.0
2019-07-01,1024305,COTY INC.,2844.0,589,8993216977.0,below_sector_K,8,8,consumer,80.0
2019-07-01,1034670,AUTOLIV INC,3714.0,567,8989000000.0,below_sector_K,8,8,consumer,81.0
2019-07-01,857005,PTC INC.,7372.0,513,8976658598.0,below_sector_K,8,8,tech,64.0
2019-07-01,908937,SIRIUS XM HOLDINGS INC.,4832.0,592,8907120420.0,below_sector_K,8,8,consumer,82.0
2019-07-01,908255,BORGWARNER INC,3714.0,593,8900000000.0,below_sector_K,8,8,consumer,83.0
2019-07-01,1336920,"Leidos Holdings, Inc.",7373.0,489,8841791254.0,below_sector_K,8,8,tech,65.0
2019-07-01,1048695,"F5, INC.",3576.0,576,8818001249.0,below_sector_K,8,8,tech,66.0
2019-07-01,1048477,BIOMARIN PHARMACEUTICAL INC,2834.0,596,8800000000.0,below_sector_K,8,8,healthcare,57.0
2019-07-01,873303,"Sarepta Therapeutics, Inc.",2834.0,493,8769647061.0,below_sector_K,8,8,healthcare,58.0
2019-07-01,812011,VAIL RESORTS INC,7990.0,603,8752330929.0,below_sector_K,8,8,consumer,84.0
2019-07-01,1058090,CHIPOTLE MEXICAN GRILL INC,5812.0,411,8726000000.0,below_sector_K,8,8,consumer,85.0
2019-07-01,898174,REINSURANCE GROUP OF AMERICA INC,6311.0,553,8500000000.0,below_sector_K,8,8,financials,84.0
2019-07-01,860731,TYLER TECHNOLOGIES INC,7372.0,615,8417174000.0,below_sector_K,8,8,tech,67.0
2019-07-01,1042046,AMERICAN FINANCIAL GROUP INC,6331.0,617,8400000000.0,below_sector_K,8,8,financials,85.0
2019-07-01,906709,NEKTAR THERAPEUTICS,2834.0,620,8366439130.0,below_sector_K,8,8,healthcare,59.0
2019-07-01,1594466,Pioneer PE Holding LLC,1311.0,621,8342325852.0,below_sector_K,8,8,energy,35.0
2019-07-01,775368,ALLEGHANY CORP /DE,6331.0,545,8340051394.0,below_sector_K,8,8,financials,86.0
2019-07-01,1093557,DEXCOM INC,3841.0,434,8300000000.0,below_sector_K,8,8,healthcare,60.0
2019-07-01,916365,TRACTOR SUPPLY CO /DE/,5200.0,511,8300000000.0,below_sector_K,8,8,consumer,86.0
2019-07-01,1665918,US Foods Holding Corp.,5140.0,626,8200000000.0,below_sector_K,8,8,consumer,87.0
2019-07-01,5513,Unum Group,6321.0,522,8100000000.0,below_sector_K,8,8,financials,87.0
2019-07-01,1679273,"Lamb Weston Holdings, Inc.",2030.0,467,7960000000.0,below_sector_K,8,8,consumer,88.0
2019-07-01,31791,"REVVITY, INC.",3826.0,520,7944359992.0,below_sector_K,8,8,healthcare,61.0
2019-07-01,1527469,Athene Holding Ltd.,6311.0,639,7900000000.0,below_sector_K,8,8,financials,88.0
2019-07-01,1004434,"AFFILIATED MANAGERS GROUP, INC.",6282.0,580,7886822780.0,below_sector_K,8,8,financials,89.0
2019-07-01,1293971,"bluebird bio, Inc.",2836.0,641,7882817517.0,below_sector_K,8,8,healthcare,62.0
2019-07-01,1359841,Hanesbrands Inc.,5600.0,618,7881568615.0,below_sector_K,8,8,consumer,89.0
2019-07-01,1046257,Ingredion Inc,2040.0,614,7812000000.0,below_sector_K,8,8,consumer,90.0
2019-07-01,1013237,FACTSET RESEARCH SYSTEMS INC,7370.0,595,7767417390.0,below_sector_K,8,8,tech,68.0
2019-07-01,350894,SEI INVESTMENTS CO,6211.0,658,7700000000.0,below_sector_K,8,8,financials,90.0
2019-07-01,1535929,"Voya Financial, Inc.",6311.0,655,7600000000.0,below_sector_K,8,8,financials,91.0
2019-07-01,1016125,ULTIMATE SOFTWARE GROUP INC,7372.0,663,7600000000.0,below_sector_K,8,8,tech,69.0
2019-07-01,96943,TELEFLEX INC,3841.0,584,7592539530.0,below_sector_K,8,8,healthcare,63.0
2019-07-01,1627014,"Black Knight, Inc.",7372.0,611,7534921486.0,below_sector_K,8,8,tech,70.0
2019-07-01,1232524,Jazz Pharmaceuticals plc,2834.0,643,7515311963.0,below_sector_K,8,8,healthcare,64.0
2019-07-01,1037038,RALPH LAUREN CORP,2320.0,672,7471382441.0,below_sector_K,8,8,consumer,91.0
2019-07-01,914475,NEUROCRINE BIOSCIENCES INC,2836.0,674,7461776662.0,below_sector_K,8,8,healthcare,65.0
2019-07-01,701985,"Bath & Body Works, Inc.",5990.0,506,7461100982.0,below_sector_K,8,8,consumer,92.0
2019-07-01,1001082,DISH Network CORP,4841.0,426,7400000000.0,below_sector_K,8,8,consumer,93.0
2019-07-01,858339,"CAESARS HOLDINGS, INC.",7011.0,680,7400000000.0,below_sector_K,8,8,consumer,94.0
2019-07-01,1032975,LOGITECH INTERNATIONAL S.A.,3577.0,682,7359961924.0,below_sector_K,8,8,tech,71.0
2019-07-01,1395942,"OPENLANE, Inc.",5500.0,685,7313089099.0,below_sector_K,8,8,consumer,95.0
2019-07-01,105770,WEST PHARMACEUTICAL SERVICES INC,3841.0,581,7301615623.0,below_sector_K,8,8,healthcare,66.0
2019-07-01,1594109,GrubHub Inc.,7389.0,691,7262685665.0,below_sector_K,8,8,financials,92.0
2019-07-01,46765,"Helmerich & Payne, Inc.",1381.0,692,7250000000.0,below_sector_K,8,8,energy,36.0
2019-07-01,885590,Bausch Health Companies Inc.,2834.0,642,7208197000.0,below_sector_K,8,8,healthcare,67.0
2019-07-01,1278021,MARKETAXESS HOLDINGS INC,6211.0,521,7200000000.0,below_sector_K,8,8,financials,93.0
2019-07-01,1378992,"BERRY GLOBAL GROUP, INC.",3089.0,696,7200000000.0,below_sector_K,8,8,consumer,96.0
2019-07-01,1124140,EXACT SCIENCES CORP,8071.0,395,7176273883.0,below_sector_K,8,8,healthcare,68.0
2019-07-01,1518832,"WPX ENERGY, INC.",1311.0,697,7172269200.0,below_sector_K,8,8,energy,37.0
2019-07-01,1597553,"Sage Therapeutics, Inc.",2834.0,579,7110731043.0,below_sector_K,8,8,healthcare,69.0
2019-07-01,1111928,IPG PHOTONICS CORP,3674.0,700,7100000000.0,below_sector_K,8,8,tech,72.0
2019-07-01,1262039,"Fortinet, Inc.",3577.0,601,7073006351.0,below_sector_K,8,8,tech,73.0
2019-07-01,11544,BERKLEY W R CORP,6331.0,560,7014828524.0,below_sector_K,8,8,financials,94.0
2019-07-01,1060736,Seagen Inc.,2836.0,670,7000000000.0,below_sector_K,8,8,healthcare,70.0
2019-07-01,39911,GAP INC,5651.0,702,7000000000.0,below_sector_K,8,8,consumer,97.0
2019-07-01,866374,FLEX LTD.,3672.0,599,6900000000.0,below_sector_K,8,8,tech,74.0
2019-07-01,730263,THOR INDUSTRIES INC,3716.0,705,6895000000.0,below_sector_K,8,8,consumer,98.0
2019-07-01,89089,SERVICE CORP INTERNATIONAL,7200.0,623,6700898710.0,below_sector_K,8,8,consumer,99.0
2019-07-01,1335258,"Live Nation Entertainment, Inc.",7900.0,578,6700000000.0,below_sector_K,8,8,consumer,100.0
2019-07-01,1616707,Wayfair Inc.,5961.0,583,6700000000.0,below_sector_K,8,8,consumer,101.0
2019-07-01,39263,"CULLEN/FROST BANKERS, INC.",6021.0,720,6700000000.0,below_sector_K,8,8,financials,95.0
2019-07-01,785161,Encompass Health Corp,8060.0,725,6600000000.0,below_sector_K,8,8,healthcare,71.0
2019-07-01,72333,NORDSTROM INC,5651.0,726,6600000000.0,below_sector_K,8,8,consumer,102.0
2019-07-01,1267238,"ASSURANT, INC.",6399.0,733,6490000000.0,below_sector_K,8,8,financials,96.0
2019-07-01,1352010,"EPAM Systems, Inc.",7371.0,582,6392000000.0,below_sector_K,8,8,tech,75.0
2019-07-01,79282,"BROWN & BROWN, INC.",6411.0,644,6377992646.0,below_sector_K,8,8,financials,97.0
2019-07-01,22356,COMMERCE BANCSHARES INC /MO/,6022.0,739,6364000000.0,below_sector_K,8,8,financials,98.0
2019-07-01,1411494,"Apollo Asset Management, Inc.",6282.0,717,6349100000.0,below_sector_K,8,8,financials,99.0
2019-07-01,1274173,Janus Henderson Group Ltd.,6282.0,722,6342860620.74,below_sector_K,8,8,financials,100.0
2019-07-01,1520262,Alkermes plc.,2834.0,594,6322607110.0,below_sector_K,8,8,healthcare,72.0
2019-07-01,790051,CARLISLE COMPANIES INC,3060.0,648,6300000000.0,below_sector_K,8,8,consumer,103.0
2019-07-01,1378946,"People's United Financial, Inc.",6035.0,721,6299988287.0,below_sector_K,8,8,financials,101.0
2019-07-01,350797,"Mirror Merger Sub 2, LLC",6282.0,744,6234390967.0,below_sector_K,8,8,financials,102.0
2019-07-01,1702780,"Optimum Communications, Inc.",4841.0,636,6212931374.0,below_sector_K,8,8,consumer,104.0
2019-07-01,1390844,WABCO Holdings Inc.,3711.0,714,6200000000.0,below_sector_K,8,8,consumer,105.0
2019-07-01,1451505,Transocean Ltd.,1381.0,751,6200000000.0,below_sector_K,8,8,energy,38.0
2019-07-01,355811,GENTEX CORP,3714.0,747,6166225666.0,below_sector_K,8,8,consumer,106.0
2019-07-01,1617406,Park Hotels & Resorts Inc.,7011.0,757,6138000000.0,below_sector_K,8,8,consumer,107.0
2019-07-01,1102112,PACWEST BANCORP,6021.0,758,6123110231.0,below_sector_K,8,8,financials,103.0
2019-07-01,108772,XEROX CORP,3577.0,686,6122441592.0,below_sector_K,8,8,tech,76.0
2019-07-01,1179929,"MOLINA HEALTHCARE, INC.",6324.0,590,6018800000.0,below_sector_K,8,8,healthcare,73.0
2019-07-01,313143,HAEMONETICS CORP,3841.0,774,5887313926.0,below_sector_K,8,8,healthcare,74.0
2019-07-01,1171825,CIT GROUP INC,6021.0,728,5830550809.0,below_sector_K,8,8,financials,104.0
2019-07-01,1597033,Sabre Corp,7370.0,764,5819622350.0,below_sector_K,8,8,tech,77.0
2019-07-01,896622,"APTARGROUP, INC.",3089.0,633,5819010091.0,below_sector_K,8,8,consumer,108.0
2019-07-01,47518,"Hill-Rom Holdings, Inc.",3841.0,699,5800000000.0,below_sector_K,8,8,healthcare,75.0
2019-07-01,801337,WEBSTER FINANCIAL CORP,6021.0,776,5800000000.0,below_sector_K,8,8,financials,105.0
2019-07-01,1212458,PROOFPOINT INC,7374.0,723,5798000000.0,below_sector_K,8,8,tech,78.0
2019-07-01,18349,SYNOVUS FINANCIAL CORP,6021.0,777,5797502812.0,below_sector_K,8,8,financials,106.0
2019-07-01,1311370,"Lazard, Inc.",6282.0,779,5784416520.0,below_sector_K,8,8,financials,107.0
2019-07-01,1526520,"TripAdvisor, Inc.",7370.0,780,5775119721.0,below_sector_K,8,8,tech,79.0
2019-07-01,1397911,LPL Financial Holdings Inc.,6200.0,719,5758398995.0,below_sector_K,8,8,financials,108.0
2019-07-01,48898,HUBBELL INC,3670.0,701,5749160779.0,below_sector_K,8,8,tech,80.0
2019-07-01,1357204,"DUNKIN' BRANDS GROUP, INC.",5810.0,727,5740000000.0,below_sector_K,8,8,consumer,109.0
2019-07-01,775158,OSHKOSH CORP,3711.0,783,5711502765.0,below_sector_K,8,8,consumer,110.0
2019-07-01,36966,FIRST HORIZON CORP,6021.0,785,5700000000.0,below_sector_K,8,8,financials,109.0
2019-07-01,58492,LEGGETT & PLATT INC,2510.0,716,5645300000.0,below_sector_K,8,8,consumer,111.0
2019-07-01,1670541,Adient plc,3714.0,710,5600000000.0,below_sector_K,8,8,consumer,112.0
2019-07-01,732834,"CONTINENTAL RESOURCES, INC",1311.0,794,5600000000.0,below_sector_K,8,8,energy,39.0
2019-07-01,1303652,Tableau Software Inc,7372.0,796,5600000000.0,below_sector_K,8,8,tech,81.0
2019-07-01,883984,ICU MEDICAL INC/DE,3841.0,799,5575024829.0,below_sector_K,8,8,healthcare,76.0
2019-07-01,74260,OLD REPUBLIC INTERNATIONAL CORP,6351.0,745,5558075381.0,below_sector_K,8,8,financials,110.0
2019-07-01,939767,"EXELIXIS, INC.",2836.0,698,5531100000.0,below_sector_K,8,8,healthcare,77.0
2019-07-01,1517228,"Vistance Networks, Inc.",3663.0,693,5530000000.0,below_sector_K,8,8,tech,82.0
2019-07-01,42582,GOODYEAR TIRE & RUBBER CO /OH/,3011.0,597,5500000000.0,below_sector_K,8,8,consumer,113.0
2019-07-01,805022,"BUCKEYE PARTNERS, L.P.",4610.0,586,5300000000.0,below_sector_K,8,8,energy,40.0
2019-07-01,910073,"FLAGSTAR BANK, NATIONAL ASSOCIATION",6036.0,753,5300000000.0,below_sector_K,8,8,financials,111.0
2019-07-01,1434588,"Grand Canyon Education, Inc.",8200.0,792,5300000000.0,below_sector_K,8,8,consumer,114.0
2019-07-01,1100682,"CHARLES RIVER LABORATORIES INTERNATIONAL, INC.",8731.0,715,5286825427.0,below_sector_K,8,8,healthcare,78.0
2019-07-01,1411207,Allison Transmission Holdings Inc,3714.0,800,5282000000.0,below_sector_K,8,8,consumer,115.0
2019-07-01,1330568,iShares Silver Trust,6221.0,788,5166059078.0,below_sector_K,8,8,financials,112.0
2019-07-01,19584,CHEMED CORP,8082.0,789,5077902421.0,below_sector_K,8,8,healthcare,79.0
2019-07-01,1145197,INSULET CORP,3841.0,695,5000000000.0,below_sector_K,8,8,healthcare,80.0
2019-07-01,1370637,ETSY INC,7389.0,684,4991820388.0,below_sector_K,8,8,financials,113.0
2019-07-01,1590955,"Paycom Software, Inc.",7372.0,499,4900000000.0,below_sector_K,8,8,tech,83.0
2019-07-01,1414475,"Western Midstream Operating, LP",4922.0,793,4900000000.0,below_sector_K,8,8,energy,41.0
2019-07-01,874015,IONIS PHARMACEUTICALS INC,2834.0,671,4805287142.0,below_sector_K,8,8,healthcare,81.0
2019-07-01,1384905,"RingCentral, Inc.",7374.0,616,4800000000.0,below_sector_K,8,8,tech,84.0
2019-07-01,913144,RENAISSANCERE HOLDINGS LTD,6331.0,657,4752500000.0,below_sector_K,8,8,financials,114.0
2019-07-01,1613859,"PRA Health Sciences, Inc.",8731.0,773,4700000000.0,below_sector_K,8,8,healthcare,82.0
2019-07-01,1404655,HUBSPOT INC,7372.0,709,4536600064.0,below_sector_K,8,8,tech,85.0
2019-07-01,1356104,"Mellanox Technologies, Ltd.",3674.0,763,4500000000.0,below_sector_K,8,8,tech,86.0
2019-07-01,1447669,TWILIO INC,7372.0,380,4400000000.0,below_sector_K,8,8,tech,87.0
2019-07-01,791915,CYPRESS SEMICONDUCTOR CORP /DE/,3674.0,766,4400000000.0,below_sector_K,8,8,tech,88.0
2019-07-01,1530950,"Post Holdings, Inc.",2040.0,659,4367483164.0,below_sector_K,8,8,consumer,116.0
2019-07-01,1361658,Travel & Leisure Co.,7011.0,537,4357367362.0,below_sector_K,8,8,consumer,117.0
2019-07-01,1674862,ASHLAND INC.,5160.0,653,4338042000.0,below_sector_K,8,8,consumer,118.0
2019-07-01,937556,MASIMO CORP,3845.0,712,4314400000.0,below_sector_K,8,8,healthcare,83.0
2019-07-01,1029199,"EURONET WORLDWIDE, INC.",6099.0,598,4084000000.0,below_sector_K,8,8,financials,115.0
2019-07-01,315852,RANGE RESOURCES CORP,1311.0,787,4054716000.0,below_sector_K,8,8,energy,42.0
2019-07-01,1637207,"Planet Fitness, Inc.",7997.0,761,3900000000.0,below_sector_K,8,8,consumer,119.0
2019-07-01,860748,KEMPER Corp,6331.0,786,3900000000.0,below_sector_K,8,8,financials,116.0
2019-07-01,1463172,"Zendesk, Inc.",7374.0,688,3700000000.0,below_sector_K,8,8,tech,89.0
2019-07-01,936395,CIENA CORP,3661.0,767,3700000000.0,below_sector_K,8,8,tech,90.0
2019-07-01,1005284,UNIVERSAL DISPLAY CORP \PA\,3670.0,635,3632483050.0,below_sector_K,8,8,tech,91.0
2019-07-01,1618732,"Nutanix, Inc.",7372.0,638,3600000000.0,below_sector_K,8,8,tech,92.0
2019-07-01,814547,FAIR ISAAC CORP,7389.0,781,3548843145.0,below_sector_K,8,8,financials,117.0
2019-07-01,1671933,"Trade Desk, Inc.",7370.0,602,3279011436.0,below_sector_K,8,8,tech,93.0
2019-07-01,1289790,Macquarie Infrastructure Corp,5172.0,765,3177277457.0,below_sector_K,8,8,energy,43.0
2019-07-01,1679688,"DigitalBridge Group, Inc.",6282.0,660,3000000000.0,below_sector_K,8,8,financials,118.0
2019-07-01,922621,ERIE INDEMNITY CO,6411.0,742,2900000000.0,below_sector_K,8,8,financials,119.0
2019-07-01,1423902,"Western Midstream Partners, LP",4922.0,752,1700000000.0,below_sector_K,8,8,energy,44.0
2019-07-01,897448,AMARIN CORP PLC\UK,2834.0,738,902000000.0,below_sector_K,8,8,healthcare,84.0
2020-07-01,1616314,"MedEquities Realty Trust, Inc.",6798.0,10,316714569000.0,sector_excluded_sic_6798,4,4,,
2020-07-01,80424,PROCTER & GAMBLE Co,2840.0,11,,no_pit_valid_float,8,8,,
2020-07-01,732717,AT&T INC.,4813.0,17,245000000000.0,sector_excluded_sic_4813,8,8,,
2020-07-01,732712,VERIZON COMMUNICATIONS INC,4813.0,21,236226048492.0,sector_excluded_sic_4813,8,8,,
2020-07-01,12927,BOEING CO,3721.0,26,204800000000.0,sector_excluded_sic_3721,8,8,,
2020-07-01,1744489,Walt Disney Co,7990.0,28,199500000000.0,ineligible_filing_history,5,5,,
2020-07-01,1666700,"DuPont de Nemours, Inc.",2821.0,38,151800000000.0,sector_excluded_sic_2821,8,8,,
2020-07-01,1001039,TWDC Enterprises 18 Corp.,7990.0,39,150000000000.0,ineligible_filing_history,3,3,,
2020-07-01,1711675,Nightstar Therapeutics plc,2836.0,40,149156960000.0,ineligible_filing_history,2,2,,
2020-07-01,796343,ADOBE INC.,7372.0,42,102250000000.0,ineligible_filing_history,6,8,,
2020-07-01,909832,COSTCO WHOLESALE CORP /NEW,5331.0,44,95005703244.0,ineligible_filing_history,6,8,,
2020-07-01,97745,THERMO FISHER SCIENTIFIC INC.,3829.0,46,117442498000.0,sector_excluded_sic_3829,8,8,,
2020-07-01,773840,HONEYWELL INTERNATIONAL INC,3724.0,51,125600000000.0,sector_excluded_sic_3724,8,8,,
2020-07-01,100885,UNION PACIFIC CORP,4011.0,54,119000000000.0,sector_excluded_sic_4011,8,8,,
2020-07-01,753308,NEXTERA ENERGY INC,4911.0,55,97905404884.0,sector_excluded_sic_4911,8,8,,
2020-07-01,40545,GENERAL ELECTRIC CO,3600.0,56,,no_pit_valid_float,8,8,,
2020-07-01,1467373,Accenture plc,7389.0,59,102946507918.0,ineligible_filing_history,6,8,,
2020-07-01,1053507,AMERICAN TOWER CORP /MA/,6798.0,60,89900000000.0,sector_excluded_sic_6798,8,8,,
2020-07-01,101829,RTX Corp,3724.0,61,112271798129.0,sector_excluded_sic_3724,8,8,,
2020-07-01,1707925,LINDE PLC,2810.0,62,108000000000.0,sector_excluded_sic_2810,7,7,,
2020-07-01,4962,AMERICAN EXPRESS CO,6199.0,65,102700000000.0,non_operating_sic_6199,8,8,,
2020-07-01,936468,LOCKHEED MARTIN CORP,3760.0,66,102100000000.0,sector_excluded_sic_3760,8,8,,
2020-07-01,1659352,"Codiak BioSciences, Inc.",2836.0,67,,no_pit_valid_float,0,0,,
2020-07-01,1075531,Booking Holdings Inc.,4700.0,68,80000000000.0,sector_excluded_sic_4700,8,8,,
2020-07-01,313616,DANAHER CORP /DE/,3823.0,71,91100000000.0,sector_excluded_sic_3823,8,8,,
2020-07-01,18230,CATERPILLAR INC,3531.0,78,76800000000.0,sector_excluded_sic_3531,8,8,,
2020-07-01,64040,S&P Global Inc.,7320.0,82,56100000000.0,sector_excluded_sic_7320,8,8,,
2020-07-01,60667,LOWES COMPANIES INC,5211.0,84,77000000000.0,ineligible_filing_history,7,8,,
2020-07-01,1090727,UNITED PARCEL SERVICE INC,4210.0,85,72097367231.0,sector_excluded_sic_4210,8,8,,
2020-07-01,1051470,CROWN CASTLE INC.,6798.0,95,54000000000.0,sector_excluded_sic_6798,8,8,,
2020-07-01,1739940,Cigna Group,6324.0,96,59400000000.0,ineligible_filing_history,6,6,,
2020-07-01,1045609,"Prologis, Inc.",6798.0,97,50236866166.0,sector_excluded_sic_6798,8,8,,
2020-07-01,715957,"DOMINION ENERGY, INC",4911.0,99,62000000000.0,sector_excluded_sic_4911,8,8,,
2020-07-01,109198,TJX COMPANIES INC /DE/,5651.0,107,63300000000.0,ineligible_filing_history,7,8,,
2020-07-01,1101239,EQUINIX INC,6798.0,110,42800000000.0,sector_excluded_sic_6798,8,8,,
2020-07-01,1543151,"Uber Technologies, Inc",7389.0,112,59700000000.0,ineligible_filing_history,5,5,,
2020-07-01,277948,CSX CORP,4011.0,113,,no_pit_valid_float,8,8,,
2020-07-01,92122,SOUTHERN CO,4911.0,117,57800000000.0,sector_excluded_sic_4911,8,8,,
2020-07-01,1690881,"ASV HOLDINGS, INC.",3531.0,119,57069720000.0,sector_excluded_sic_3531,5,5,,
2020-07-01,816284,CELGENE CORP /DE/,2834.0,122,55804979945.0,ineligible_filing_history,6,6,,
2020-07-01,1048911,FEDEX CORP,4513.0,124,55200000000.0,sector_excluded_sic_4513,6,8,,
2020-07-01,49826,ILLINOIS TOOL WORKS INC,3560.0,125,45600000000.0,sector_excluded_sic_3560,8,8,,
2020-07-01,1047122,RAYTHEON CO/,3812.0,126,48300000000.0,sector_excluded_sic_3812,7,7,,
2020-07-01,1133421,NORTHROP GRUMMAN CORP /DE/,3812.0,127,54500000000.0,sector_excluded_sic_3812,8,8,,
2020-07-01,1618921,"Walgreens Boots Alliance, Inc.",5912.0,128,54500000000.0,ineligible_filing_history,5,7,,
2020-07-01,702165,NORFOLK SOUTHERN CORP,4011.0,133,52456511032.0,sector_excluded_sic_4011,8,8,,
2020-07-01,1063761,SIMON PROPERTY GROUP INC.,6798.0,134,48849000000.0,sector_excluded_sic_6798,8,8,,
2020-07-01,315189,DEERE & CO,3523.0,135,52198315583.0,sector_excluded_sic_3523,8,8,,
2020-07-01,1059556,MOODYS CORP /DE/,7320.0,137,37000000000.0,sector_excluded_sic_7320,8,8,,
2020-07-01,1164727,NEWMONT Corp /DE/,1040.0,143,31446331094.0,sector_excluded_sic_1040,8,8,,
2020-07-01,40533,GENERAL DYNAMICS CORP,3730.0,145,48851568997.0,sector_excluded_sic_3730,8,8,,
2020-07-01,823768,WASTE MANAGEMENT INC,4953.0,146,48800000000.0,sector_excluded_sic_4953,8,8,,
2020-07-01,55785,KIMBERLY CLARK CORP,2670.0,148,45900000000.0,sector_excluded_sic_2670,8,8,,
2020-07-01,1109357,EXELON CORP,4931.0,151,46542193363.0,sector_excluded_sic_4931,8,8,,
2020-07-01,723125,MICRON TECHNOLOGY INC,3674.0,158,36200000000.0,ineligible_filing_history,6,8,,
2020-07-01,10456,BAXTER INTERNATIONAL INC,3841.0,159,42000000000.0,ineligible_filing_history,7,8,,
2020-07-01,2969,"Air Products & Chemicals, Inc.",2810.0,160,42000000000.0,sector_excluded_sic_2810,8,8,,
2020-07-01,4904,AMERICAN ELECTRIC POWER CO INC,4911.0,161,43491855142.0,sector_excluded_sic_4911,8,8,,
2020-07-01,32604,EMERSON ELECTRIC CO,3600.0,165,41800000000.0,sector_excluded_sic_3600,8,8,,
2020-07-01,1283699,"T-Mobile US, Inc.",4812.0,170,23200000000.0,sector_excluded_sic_4812,8,8,,
2020-07-01,882835,ROPER TECHNOLOGIES INC,3823.0,173,37906002884.0,sector_excluded_sic_3823,8,8,,
2020-07-01,1637459,Kraft Heinz Co,2030.0,180,19000000000.0,ineligible_filing_history,7,8,,
2020-07-01,1297996,"DIGITAL REALTY TRUST, INC.",6798.0,181,25000000000.0,sector_excluded_sic_6798,8,8,,
2020-07-01,1032208,SEMPRA,4932.0,183,37700000000.0,sector_excluded_sic_4932,8,8,,
2020-07-01,773910,ANADARKO PETROLEUM CORP,1311.0,184,37200000000.0,ineligible_filing_history,5,5,,
2020-07-01,27904,"DELTA AIR LINES, INC.",4512.0,185,36900000000.0,sector_excluded_sic_4512,8,8,,
2020-07-01,745732,"ROSS STORES, INC.",5651.0,187,36753366881.0,ineligible_filing_history,7,8,,
2020-07-01,1385157,TE Connectivity plc,5065.0,190,30400000000.0,sector_excluded_sic_5065,8,8,,
2020-07-01,1751788,DOW INC.,2821.0,191,36300000000.0,sector_excluded_sic_2821,5,5,,
2020-07-01,1393311,Public Storage,6798.0,193,,no_pit_valid_float,8,8,,
2020-07-01,1551182,Eaton Corp plc,3590.0,195,35000000000.0,sector_excluded_sic_3590,8,8,,
2020-07-01,1489393,LyondellBasell Industries N.V.,2860.0,196,25300000000.0,sector_excluded_sic_2860,8,8,,
2020-07-01,16875,CANADIAN PACIFIC KANSAS CITY LTD/CN,4011.0,197,32712064612.0,sector_excluded_sic_4011,8,8,,
2020-07-01,16918,"CONSTELLATION BRANDS, INC.",2080.0,204,32806810830.0,ineligible_filing_history,6,7,,
2020-07-01,833444,Johnson Controls International plc,3585.0,205,33100000000.0,sector_excluded_sic_3585,8,8,,
2020-07-01,1034054,SBA COMMUNICATIONS CORP,6798.0,208,25200000000.0,sector_excluded_sic_6798,8,8,,
2020-07-01,766704,WELLTOWER INC.,6798.0,210,32986689000.0,sector_excluded_sic_6798,8,8,,
2020-07-01,72903,XCEL ENERGY INC,4931.0,212,30629347167.0,sector_excluded_sic_4931,8,8,,
2020-07-01,6281,ANALOG DEVICES INC,3674.0,214,,no_pit_valid_float,8,8,,
2020-07-01,40704,GENERAL MILLS INC,2040.0,215,25879800000.0,ineligible_filing_history,7,7,,
2020-07-01,103379,V F CORP,2320.0,216,,no_pit_valid_float,8,8,,
2020-07-01,1466258,Trane Technologies plc,3822.0,220,30500000000.0,sector_excluded_sic_3822,8,8,,
2020-07-01,1413447,NXP Semiconductors N.V.,3674.0,221,27200000000.0,ineligible_filing_history,3,3,,
2020-07-01,750556,SUNTRUST BANKS INC,6021.0,222,30200000000.0,ineligible_filing_history,6,6,,
2020-07-01,788784,PUBLIC SERVICE ENTERPRISE GROUP INC,4931.0,225,29513402185.0,sector_excluded_sic_4931,8,8,,
2020-07-01,1047862,CONSOLIDATED EDISON INC,4931.0,226,29100000000.0,sector_excluded_sic_4931,8,8,,
2020-07-01,92380,SOUTHWEST AIRLINES CO,4512.0,227,27212024231.0,sector_excluded_sic_4512,8,8,,
2020-07-01,72741,EVERSOURCE ENERGY,4911.0,229,24486439602.0,sector_excluded_sic_4911,8,8,,
2020-07-01,915912,AVALONBAY COMMUNITIES INC,6798.0,231,28279444401.0,sector_excluded_sic_6798,8,8,,
2020-07-01,106535,WEYERHAEUSER CO,6798.0,233,19600000000.0,sector_excluded_sic_6798,8,8,,
2020-07-01,906107,VIVMARK RESIDENTIAL,6798.0,234,27900000000.0,sector_excluded_sic_6798,8,8,,
2020-07-01,319201,KLA CORP,3827.0,235,13530000000.0,sector_excluded_sic_3827,8,8,,
2020-07-01,1060391,"REPUBLIC SERVICES, INC.",4953.0,237,27800000000.0,sector_excluded_sic_4953,8,8,,
2020-07-01,783325,"WEC ENERGY GROUP, INC.",4931.0,239,26300000000.0,sector_excluded_sic_4931,8,8,,
2020-07-01,79879,PPG INDUSTRIES INC,2851.0,240,27547000000.0,sector_excluded_sic_2851,8,8,,
2020-07-01,723531,PAYCHEX INC,8700.0,241,22652311624.0,sector_excluded_sic_8700,6,8,,
2020-07-01,26172,CUMMINS INC,3510.0,245,27000000000.0,sector_excluded_sic_3510,8,8,,
2020-07-01,723254,CINTAS CORP,2320.0,246,,no_pit_valid_float,7,8,,
2020-07-01,76334,Parker-Hannifin Corp,3490.0,248,19209620506.0,sector_excluded_sic_3490,8,8,,
2020-07-01,1561550,"Datadog, Inc.",7372.0,249,2400000000.0,ineligible_filing_history,3,3,,
2020-07-01,1682852,"Moderna, Inc.",2836.0,259,3380000000.0,ineligible_filing_history,6,6,,
2020-07-01,1318220,"Waste Connections, Inc.",4953.0,261,25124471729.0,sector_excluded_sic_4953,8,8,,
2020-07-01,740260,"Ventas, Inc.",6798.0,262,25100000000.0,sector_excluded_sic_6798,8,8,,
2020-07-01,24741,CORNING INC /NY,3357.0,264,25000000000.0,sector_excluded_sic_3357,8,8,,
2020-07-01,56873,KROGER CO,5411.0,265,18200000000.0,ineligible_filing_history,6,8,,
2020-07-01,1601712,Synchrony Financial,6199.0,266,23206326259.0,non_operating_sic_6199,8,8,,
2020-07-01,866787,AUTOZONE INC,5531.0,269,21723299587.0,ineligible_filing_history,6,8,,
2020-07-01,1781335,Otis Worldwide Corp,3600.0,270,,no_pit_valid_float,1,1,,
2020-07-01,1533932,"Worldpay, Inc.",7389.0,272,24600000000.0,ineligible_filing_history,5,5,,
2020-07-01,1260221,TransDigm Group INC,3728.0,274,24193750882.0,sector_excluded_sic_3728,8,8,,
2020-07-01,1659166,Fortive Corp,3823.0,277,24100000000.0,sector_excluded_sic_3823,8,8,,
2020-07-01,1175454,"CORPAY, INC.",7389.0,278,,no_pit_valid_float,8,8,,
2020-07-01,815097,Carnival Corp Ltd.,4400.0,280,19300000000.0,sector_excluded_sic_4400,6,7,,
2020-07-01,63754,MCCORMICK & CO INC,2090.0,281,20658784327.0,ineligible_filing_history,6,8,,
2020-07-01,9389,BALL Corp,3411.0,282,23200000000.0,sector_excluded_sic_3411,8,8,,
2020-07-01,936340,DTE ENERGY CO,4911.0,283,23100000000.0,sector_excluded_sic_4911,8,8,,
2020-07-01,1087423,RED HAT INC,7370.0,284,23100000000.0,ineligible_filing_history,4,5,,
2020-07-01,1031296,FIRSTENERGY CORP,4911.0,289,22724895037.0,sector_excluded_sic_4911,8,8,,
2020-07-01,1004980,PG&E Corp,4931.0,291,,no_pit_valid_float,8,8,,
2020-07-01,831259,FREEPORT-MCMORAN INC,1000.0,294,13100000000.0,sector_excluded_sic_1000,8,8,,
2020-07-01,922224,PPL Corp,4911.0,295,22384264788.0,sector_excluded_sic_4911,8,8,,
2020-07-01,202058,"L3HARRIS TECHNOLOGIES, INC. /DE/",3812.0,296,22330592127.0,sector_excluded_sic_3812,7,7,,
2020-07-01,1755672,"Corteva, Inc.",100.0,301,22100000000.0,ineligible_filing_history,5,5,,
2020-07-01,1137411,ROCKWELL COLLINS INC,3728.0,302,22100000000.0,sector_excluded_sic_3728,2,2,,
2020-07-01,884887,ROYAL CARIBBEAN CRUISES LTD,4400.0,303,22000000000.0,sector_excluded_sic_4400,8,8,,
2020-07-01,827052,EDISON INTERNATIONAL,4911.0,304,22000000000.0,sector_excluded_sic_4911,8,8,,
2020-07-01,93556,"STANLEY BLACK & DECKER, INC.",3420.0,305,21900000000.0,sector_excluded_sic_3420,8,8,,
2020-07-01,726728,REALTY INCOME CORP,6798.0,306,21900000000.0,sector_excluded_sic_6798,8,8,,
2020-07-01,1024478,"ROCKWELL AUTOMATION, INC",3829.0,307,21700000000.0,sector_excluded_sic_3829,8,8,,
2020-07-01,51434,INTERNATIONAL PAPER CO /NEW/,2621.0,312,17018195033.0,sector_excluded_sic_2621,8,8,,
2020-07-01,100517,"United Airlines Holdings, Inc.",4512.0,314,21100000000.0,sector_excluded_sic_4512,8,8,,
2020-07-01,33185,EQUIFAX INC,7320.0,316,16348175266.0,sector_excluded_sic_7320,8,8,,
2020-07-01,1037868,AMETEK INC/,3823.0,321,20700000000.0,sector_excluded_sic_3823,8,8,,
2020-07-01,900075,COPART INC,5500.0,324,9985566607.0,ineligible_filing_history,7,8,,
2020-07-01,65984,ENTERGY CORP /DE/,4911.0,325,20500000000.0,sector_excluded_sic_4911,8,8,,
2020-07-01,1410636,"American Water Works Company, Inc.",4941.0,327,18615800000.0,sector_excluded_sic_4941,8,8,,
2020-07-01,1035443,"ALEXANDRIA REAL ESTATE EQUITIES, INC.",6798.0,328,15800000000.0,sector_excluded_sic_6798,8,8,,
2020-07-01,1037540,"BXP, Inc.",6798.0,333,19902378774.0,sector_excluded_sic_6798,8,8,,
2020-07-01,21076,CLOROX CO /DE/,2842.0,336,19700000000.0,sector_excluded_sic_2842,8,8,,
2020-07-01,73309,NUCOR CORP,3312.0,337,16580000000.0,sector_excluded_sic_3312,8,8,,
2020-07-01,1598014,IHS Markit Ltd.,7370.0,338,15100000000.0,ineligible_filing_history,6,8,,
2020-07-01,1783180,CARRIER GLOBAL Corp,3585.0,342,,no_pit_valid_float,1,1,,
2020-07-01,920522,"ESSEX PROPERTY TRUST, INC.",6798.0,345,19060937030.0,sector_excluded_sic_6798,8,8,,
2020-07-01,1575434,"Vericity, Inc.",6311.0,351,18411600.0,ineligible_filing_history,4,4,,
2020-07-01,1002910,AMEREN CORP,4931.0,353,18378774986.0,sector_excluded_sic_4931,8,8,,
2020-07-01,1396009,Vulcan Materials CO,1400.0,354,18124821274.0,sector_excluded_sic_1400,8,8,,
2020-07-01,18926,"Lumen Technologies, Inc.",4813.0,359,11400000000.0,sector_excluded_sic_4813,8,8,,
2020-07-01,3570,"Cheniere Energy, Inc.",4924.0,363,17500000000.0,sector_excluded_sic_4924,8,8,,
2020-07-01,1748790,Amcor plc,3990.0,364,,no_pit_valid_float,5,5,,
2020-07-01,1138118,"CBRE GROUP, INC.",6500.0,365,17300000000.0,sector_excluded_sic_6500,8,8,,
2020-07-01,6201,American Airlines Group Inc.,4512.0,369,14400000000.0,sector_excluded_sic_4512,8,8,,
2020-07-01,920760,LENNAR CORP /NEW/,1520.0,371,14491510465.0,sector_excluded_sic_1520,8,8,,
2020-07-01,811156,CMS ENERGY CORP,4931.0,375,16352000000.0,sector_excluded_sic_4931,8,8,,
2020-07-01,1021860,NOV Inc.,3533.0,376,7600000000.0,sector_excluded_sic_3533,8,8,,
2020-07-01,1552033,TransUnion,7320.0,379,13800000000.0,sector_excluded_sic_7320,8,8,,
2020-07-01,217346,TEXTRON INC,3720.0,381,12200000000.0,sector_excluded_sic_3720,8,8,,
2020-07-01,1174922,WYNN RESORTS LTD,7011.0,382,,no_pit_valid_float,8,8,,
2020-07-01,878927,"OLD DOMINION FREIGHT LINE, INC.",4213.0,383,9715749809.0,sector_excluded_sic_4213,8,8,,
2020-07-01,1732845,WestRock Co,2650.0,385,9706000000.0,sector_excluded_sic_2650,7,7,,
2020-07-01,23217,CONAGRA BRANDS INC.,2000.0,386,16118457515.0,ineligible_filing_history,7,8,,
2020-07-01,277135,"W.W. GRAINGER, INC.",5000.0,387,13765366450.0,sector_excluded_sic_5000,8,8,,
2020-07-01,1324424,"Expedia Group, Inc.",4700.0,393,15872910000.0,sector_excluded_sic_4700,8,8,,
2020-07-01,882184,HORTON D R INC /DE/,1531.0,400,14400000000.0,sector_excluded_sic_1531,8,8,,
2020-07-01,51253,INTERNATIONAL FLAVORS & FRAGRANCES INC,2860.0,401,15491883187.0,sector_excluded_sic_2860,8,8,,
2020-07-01,1687229,Invitation Homes Inc.,6510.0,402,11300000000.0,sector_excluded_sic_6510,8,8,,
2020-07-01,1711269,"Evergy, Inc.",4931.0,407,14138041261.0,sector_excluded_sic_4931,8,8,,
2020-07-01,1039101,"L3 TECHNOLOGIES, INC.",3663.0,410,15000000000.0,ineligible_filing_history,4,4,,
2020-07-01,1306830,Celanese Corp,2820.0,413,11747066605.0,sector_excluded_sic_2820,8,8,,
2020-07-01,1506293,"PINTEREST, INC.",7370.0,416,14800000000.0,ineligible_filing_history,5,5,,
2020-07-01,29905,DOVER Corp,3530.0,421,14526718145.0,sector_excluded_sic_3530,8,8,,
2020-07-01,1403568,"Ulta Beauty, Inc.",5990.0,423,14367080000.0,ineligible_filing_history,7,8,,
2020-07-01,40987,GENUINE PARTS CO,5013.0,424,14311370798.0,sector_excluded_sic_5013,8,8,,
2020-07-01,1130310,CENTERPOINT ENERGY INC,4911.0,425,14295717409.0,sector_excluded_sic_4911,8,8,,
2020-07-01,1121788,GARMIN LTD,3812.0,429,11181000000.0,sector_excluded_sic_3812,8,8,,
2020-07-01,1759509,"Lyft, Inc.",7389.0,431,14100000000.0,ineligible_filing_history,5,5,,
2020-07-01,749251,GARTNER INC,8741.0,432,14100000000.0,sector_excluded_sic_8741,8,8,,
2020-07-01,54480,KANSAS CITY SOUTHERN,4011.0,434,12110000000.0,sector_excluded_sic_4011,8,8,,
2020-07-01,1524472,Xylem Inc.,3561.0,435,14000000000.0,sector_excluded_sic_3561,8,8,,
2020-07-01,940944,DARDEN RESTAURANTS INC,5812.0,436,13781073000.0,ineligible_filing_history,7,8,,
2020-07-01,915389,EASTMAN CHEMICAL CO,2821.0,437,10531152394.0,sector_excluded_sic_2821,8,8,,
2020-07-01,1025378,W. P. Carey Inc.,6798.0,439,13800000000.0,sector_excluded_sic_6798,8,8,,
2020-07-01,1043219,ANNALY CAPITAL MANAGEMENT INC,6798.0,445,13300000000.0,sector_excluded_sic_6798,8,8,,
2020-07-01,1289490,Extra Space Storage Inc.,6798.0,447,13214610280.0,sector_excluded_sic_6798,8,8,,
2020-07-01,765880,"HEALTHPEAK PROPERTIES, INC.",6798.0,448,13200000000.0,sector_excluded_sic_6798,8,8,,
2020-07-01,783280,DUKE REALTY CORP,6798.0,449,11480000000.0,sector_excluded_sic_6798,8,8,,
2020-07-01,912593,SUN COMMUNITIES INC,6798.0,452,11363494077.0,sector_excluded_sic_6798,8,8,,
2020-07-01,62996,MASCO CORP /DE/,3430.0,454,11280228700.0,sector_excluded_sic_3430,8,8,,
2020-07-01,1601046,"Keysight Technologies, Inc.",3823.0,455,11000000000.0,sector_excluded_sic_3823,8,8,,
2020-07-01,877212,ZEBRA TECHNOLOGIES CORP,3560.0,456,11200000000.0,sector_excluded_sic_3560,8,8,,
2020-07-01,832101,IDEX CORP /DE/,3561.0,457,12993666859.0,sector_excluded_sic_3561,8,8,,
2020-07-01,899689,VORNADO REALTY TRUST,6798.0,459,11264516000.0,sector_excluded_sic_6798,8,8,,
2020-07-01,37785,FMC CORP,2800.0,460,10748748353.0,sector_excluded_sic_2800,8,8,,
2020-07-01,746515,EXPEDITORS INTERNATIONAL OF WASHINGTON INC,4731.0,461,12821403723.0,sector_excluded_sic_4731,8,8,,
2020-07-01,916076,MARTIN MARIETTA MATERIALS INC,1400.0,462,12807658433.72,sector_excluded_sic_1400,8,8,,
2020-07-01,943452,WESTINGHOUSE AIR BRAKE TECHNOLOGIES CORP,3743.0,465,12700000000.0,sector_excluded_sic_3743,8,8,,
2020-07-01,1157806,ENCANA CORP,1311.0,473,12480296717.0,ineligible_filing_history,6,6,,
2020-07-01,1739104,Elanco Animal Health Inc,2834.0,475,12400000000.0,ineligible_filing_history,7,7,,
2020-07-01,1757898,STERIS plc,3842.0,481,12164200000.0,ineligible_filing_history,5,5,,
2020-07-01,1701605,Baker Hughes Co,3533.0,482,9854020448.0,sector_excluded_sic_3533,8,8,,
2020-07-01,1166003,"XPO, Inc.",4700.0,488,5300000000.0,sector_excluded_sic_4700,8,8,,
2020-07-01,794367,"Macy's, Inc.",5311.0,489,6576798072.0,ineligible_filing_history,6,7,,
2020-07-01,731802,ATMOS ENERGY CORP,4924.0,490,11826627172.0,sector_excluded_sic_4924,8,8,,
2020-07-01,352541,ALLIANT ENERGY CORP,4931.0,491,11600000000.0,sector_excluded_sic_4931,8,8,,
2020-07-01,46619,HEICO CORP,3724.0,493,11866123000.0,sector_excluded_sic_3724,8,8,,
2020-07-01,1681459,TechnipFMC plc,3533.0,499,8400000000.0,sector_excluded_sic_3533,8,8,,
2020-07-01,1043277,"C. H. ROBINSON WORLDWIDE, INC.",4731.0,501,11391890865.0,sector_excluded_sic_4731,8,8,,
2020-07-01,906163,NVR INC,1531.0,502,11522681000.0,sector_excluded_sic_1531,8,8,,
2020-07-01,1513761,Norwegian Cruise Line Holdings Ltd.,4400.0,503,11500000000.0,sector_excluded_sic_4400,8,8,,
2020-07-01,78239,PVH CORP. /DE/,2320.0,504,5921209861.0,ineligible_filing_history,7,8,,
2020-07-01,864749,TRIMBLE INC.,3829.0,507,11400000000.0,sector_excluded_sic_3829,8,8,,
2020-07-01,910606,REGENCY CENTERS CORP,6798.0,512,11100000000.0,sector_excluded_sic_6798,8,8,,
2020-07-01,4281,Howmet Aerospace Inc.,3350.0,515,11000000000.0,sector_excluded_sic_3350,8,8,,
2020-07-01,1279363,"WELLCARE HEALTH PLANS, INC.",6324.0,516,11000000000.0,ineligible_filing_history,6,6,,
2020-07-01,1069202,LENNOX INTERNATIONAL INC,3585.0,519,11000000000.0,sector_excluded_sic_3585,8,8,,
2020-07-01,1285785,MOSAIC CO,2870.0,523,9800000000.0,sector_excluded_sic_2870,8,8,,
2020-07-01,1094285,TELEDYNE TECHNOLOGIES INC,3812.0,524,9700000000.0,sector_excluded_sic_3812,8,8,,
2020-07-01,874761,AES CORP,4991.0,525,10870000000.0,sector_excluded_sic_4991,8,8,,
2020-07-01,1722482,"Avantor, Inc.",3826.0,526,10857025862.0,ineligible_filing_history,4,4,,
2020-07-01,1705696,VICI PROPERTIES INC.,6798.0,528,10100000000.0,sector_excluded_sic_6798,8,8,,
2020-07-01,1111711,NISOURCE INC.,4931.0,530,10713311150.0,sector_excluded_sic_4931,8,8,,
2020-07-01,97210,"TERADYNE, INC",3825.0,532,7300000000.0,sector_excluded_sic_3825,8,8,,
2020-07-01,895417,EQUITY LIFESTYLE PROPERTIES INC,6798.0,533,10255400000.0,sector_excluded_sic_6798,8,8,,
2020-07-01,764622,PINNACLE WEST CAPITAL CORP,4911.0,536,10536165750.0,sector_excluded_sic_4911,8,8,,
2020-07-01,945841,POOL CORP,5090.0,537,7370295585.0,sector_excluded_sic_5090,8,8,,
2020-07-01,728535,HUNT J B TRANSPORT SERVICES INC,4213.0,539,7700000000.0,sector_excluded_sic_4213,8,8,,
2020-07-01,1699150,Ingersoll Rand Inc.,3560.0,540,4560200000.0,sector_excluded_sic_3560,8,8,,
2020-07-01,75677,PACKAGING CORP OF AMERICA,2650.0,541,8891651488.0,sector_excluded_sic_2650,8,8,,
2020-07-01,78128,"Essential Utilities, Inc.",4941.0,542,8911078473.0,sector_excluded_sic_4941,8,8,,
2020-07-01,1324404,"CF Industries Holdings, Inc.",2870.0,545,10166447335.0,sector_excluded_sic_2870,8,8,,
2020-07-01,883980,FIRST DATA CORP,7389.0,547,10300000000.0,ineligible_filing_history,5,5,,
2020-07-01,1579241,Allegion plc,7381.0,548,10300000000.0,sector_excluded_sic_7381,8,8,,
2020-07-01,1383650,"Cheniere Energy Partners, L.P.",4924.0,549,10300000000.0,sector_excluded_sic_4924,8,8,,
2020-07-01,915913,ALBEMARLE CORP,2821.0,552,7500000000.0,sector_excluded_sic_2821,8,8,,
2020-07-01,52988,JACOBS SOLUTIONS INC.,1600.0,553,10200000000.0,sector_excluded_sic_1600,8,8,,
2020-07-01,1065696,LKQ CORP,5010.0,555,8200000000.0,sector_excluded_sic_5010,8,8,,
2020-07-01,1095073,"EVEREST GROUP, LTD.",6331.0,556,,no_pit_valid_float,8,8,,
2020-07-01,906345,CAMDEN PROPERTY TRUST,6798.0,557,10045538849.0,sector_excluded_sic_6798,8,8,,
2020-07-01,1020569,IRON MOUNTAIN INC,6798.0,561,,no_pit_valid_float,8,8,,
2020-07-01,1530721,Capri Holdings Ltd,3100.0,562,9857994898.0,ineligible_filing_history,7,7,,
2020-07-01,1287865,MEDICAL PROPERTIES TRUST INC,6798.0,564,6838816594.0,sector_excluded_sic_6798,8,8,,
2020-07-01,1364885,"Spirit AeroSystems Holdings, Inc.",3728.0,566,8226337100.0,sector_excluded_sic_3728,8,8,,
2020-07-01,851205,COGNEX CORP,3823.0,567,7800874313.0,sector_excluded_sic_3823,8,8,,
2020-07-01,1443646,Booz Allen Hamilton Holding Corp,8742.0,569,9760433437.0,sector_excluded_sic_8742,8,8,,
2020-07-01,34903,FEDERAL REALTY INVESTMENT TRUST,6798.0,570,9700000000.0,sector_excluded_sic_6798,8,8,,
2020-07-01,8818,Avery Dennison Corp,2670.0,571,9664727657.0,sector_excluded_sic_2670,8,8,,
2020-07-01,884614,UGI CORP /PA/,4932.0,575,9601543818.0,sector_excluded_sic_4932,8,8,,
2020-07-01,721683,TOTAL SYSTEM SERVICES INC,7389.0,581,9575381000.0,ineligible_filing_history,5,5,,
2020-07-01,110621,RPM INTERNATIONAL INC/DE/,2851.0,584,8681938485.0,sector_excluded_sic_2851,8,8,,
2020-07-01,1067701,"UNITED RENTALS, INC.",7359.0,585,9100000000.0,sector_excluded_sic_7359,8,8,,
2020-07-01,1501585,"HUNTINGTON INGALLS INDUSTRIES, INC.",3730.0,588,9295000000.0,sector_excluded_sic_3730,8,8,,
2020-07-01,912595,MID AMERICA APARTMENT COMMUNITIES INC.,6798.0,595,9200000000.0,sector_excluded_sic_6798,8,8,,
2020-07-01,1692819,Vistra Corp.,4911.0,598,8654325784.0,sector_excluded_sic_4911,8,8,,
2020-07-01,822416,PULTEGROUP INC/MI/,1531.0,599,8648189224.0,sector_excluded_sic_1531,8,8,,
2020-07-01,91440,Snap-on Inc,3420.0,602,9000000000.0,sector_excluded_sic_3420,8,8,,
2020-07-01,1507385,"VEREIT, Inc.",6798.0,610,8800000000.0,sector_excluded_sic_6798,8,8,,
2020-07-01,849399,Gen Digital Inc.,7372.0,611,8798715226.0,ineligible_filing_history,7,9,,
2020-07-01,1519751,"Fortune Brands Innovations, Inc.",2430.0,612,7953512286.0,sector_excluded_sic_2430,8,8,,
2020-07-01,1219601,"CROWN HOLDINGS, INC.",3411.0,613,8275070985.0,sector_excluded_sic_3411,8,8,,
2020-07-01,1437578,BRIGHT HORIZONS FAMILY SOLUTIONS INC.,8351.0,614,8700000000.0,sector_excluded_sic_8351,8,8,,
2020-07-01,1675149,Alcoa Corp,3334.0,615,4300000000.0,sector_excluded_sic_3334,8,8,,
2020-07-01,751364,"NNN REIT, INC.",6798.0,616,8616156714.0,sector_excluded_sic_6798,8,8,,
2020-07-01,1021635,OGE ENERGY CORP.,4911.0,619,8519482559.0,sector_excluded_sic_4911,8,8,,
2020-07-01,1772757,DraftKings Holdings Inc.,7990.0,620,402400000.0,ineligible_filing_history,4,4,,
2020-07-01,1553023,CyrusOne Holdco LLC,6798.0,623,6500000000.0,sector_excluded_sic_6798,8,8,,
2020-07-01,1655210,"BEYOND MEAT, INC.",2000.0,630,7200000000.0,ineligible_filing_history,5,5,,
2020-07-01,42888,GRACO INC,3561.0,631,8243652599.0,sector_excluded_sic_3561,8,8,,
2020-07-01,1477294,Sensata Technologies Holding plc,3823.0,638,7900000000.0,sector_excluded_sic_3823,8,8,,
2020-07-01,1573097,"HD Supply Holdings, Inc.",5000.0,640,6591541946.0,sector_excluded_sic_5000,8,8,,
2020-07-01,737758,TORO CO,3524.0,641,8000000000.0,sector_excluded_sic_3524,8,8,,
2020-07-01,912242,MACERICH CO,6798.0,642,4700000000.0,sector_excluded_sic_6798,8,8,,
2020-07-01,1040971,SL GREEN REALTY CORP,6798.0,643,6100000000.0,sector_excluded_sic_6798,8,8,,
2020-07-01,85535,ROYAL GOLD INC,6795.0,644,5576392624.0,non_operating_sic_6795,8,8,,
2020-07-01,1428875,TERMINIX GLOBAL HOLDINGS INC,8741.0,645,7000000000.0,sector_excluded_sic_8741,8,8,,
2020-07-01,1013871,"NRG ENERGY, INC.",4911.0,647,7893678070.0,sector_excluded_sic_4911,8,8,,
2020-07-01,888491,OMEGA HEALTHCARE INVESTORS INC,6798.0,650,7941285634.0,sector_excluded_sic_6798,8,8,,
2020-07-01,766421,"ALASKA AIR GROUP, INC.",4512.0,651,7900000000.0,sector_excluded_sic_4512,8,8,,
2020-07-01,1575965,"Gaming & Leisure Properties, Inc.",6798.0,653,7900000000.0,sector_excluded_sic_6798,8,8,,
2020-07-01,1770450,Xerox Holdings Corp,3577.0,661,7818052585.0,ineligible_filing_history,4,4,,
2020-07-01,1627223,Chemours Co,2800.0,663,3900000000.0,sector_excluded_sic_2800,8,8,,
2020-07-01,315213,ROBERT HALF INC.,7363.0,666,6518872985.0,sector_excluded_sic_7363,8,8,,
2020-07-01,1022671,STEEL DYNAMICS INC,3312.0,668,5000000000.0,sector_excluded_sic_3312,8,8,,
2020-07-01,1616862,Axalta Coating Systems Ltd.,2851.0,670,6928700000.0,sector_excluded_sic_2851,8,8,,
2020-07-01,931015,Polaris Inc.,3790.0,672,5575885000.0,sector_excluded_sic_3790,8,8,,
2020-07-01,1576280,"Guardant Health, Inc.",8071.0,673,3400000000.0,ineligible_filing_history,7,7,,
2020-07-01,879101,KIMCO REALTY CORP,6798.0,674,7600000000.0,sector_excluded_sic_6798,8,8,,
2020-07-01,1016125,ULTIMATE SOFTWARE GROUP INC,7372.0,675,7600000000.0,ineligible_filing_history,4,4,,
2020-07-01,1538990,STORE CAPITAL LLC,6798.0,676,7600000000.0,sector_excluded_sic_6798,8,8,,
2020-07-01,14930,BRUNSWICK CORP,3510.0,677,3906175936.0,sector_excluded_sic_3510,8,8,,
2020-07-01,1025996,KILROY REALTY CORP,6798.0,678,7416459726.0,sector_excluded_sic_6798,8,8,,
2020-07-01,1070750,"HOST HOTELS & RESORTS, INC.",6798.0,679,,no_pit_valid_float,8,8,,
2020-07-01,1069878,TREX CO INC,2400.0,680,4200000000.0,sector_excluded_sic_2400,8,8,,
2020-07-01,1037976,JONES LANG LASALLE INC,6531.0,683,6378765436.0,sector_excluded_sic_6531,8,8,,
2020-07-01,922864,APARTMENT INVESTMENT & MANAGEMENT CO,6798.0,685,7400000000.0,sector_excluded_sic_6798,8,8,,
2020-07-01,1423689,AGNC Investment Corp.,6798.0,688,7400000000.0,sector_excluded_sic_6798,8,8,,
2020-07-01,1474735,GENERAC HOLDINGS INC.,3621.0,689,4191188195.0,sector_excluded_sic_3621,8,8,,
2020-07-01,1770787,"10x Genomics, Inc.",3826.0,693,,no_pit_valid_float,3,3,,
2020-07-01,354908,"Teledyne FLIR, LLC",3812.0,695,7286034534.0,sector_excluded_sic_3812,8,8,,
2020-07-01,1764925,"Slack Technologies, Inc.",7372.0,699,7200000000.0,ineligible_filing_history,4,4,,
2020-07-01,1370946,Owens Corning,3290.0,707,6331714247.0,sector_excluded_sic_3290,8,8,,
2020-07-01,793952,"HARLEY-DAVIDSON, INC.",3751.0,709,5637424248.0,sector_excluded_sic_3751,8,8,,
2020-07-01,96223,Jefferies Financial Group Inc.,6211.0,710,4668438072.0,ineligible_filing_history,7,7,,
2020-07-01,1398659,Genpact LTD,8742.0,711,6173854673.0,sector_excluded_sic_8742,8,8,,
2020-07-01,1792580,Ovintiv Inc.,1311.0,712,6907265769.0,ineligible_filing_history,2,2,,
2020-07-01,1562401,American Homes 4 Rent,6798.0,714,6300000000.0,sector_excluded_sic_6798,8,8,,
2020-07-01,1090425,LAMAR ADVERTISING CO/NEW,6798.0,715,6880025403.0,sector_excluded_sic_6798,8,8,,
2020-07-01,717605,HEXCEL CORP /DE/,2821.0,716,6879573133.0,sector_excluded_sic_2821,8,8,,
2020-07-01,1124198,FLUOR CORP,1600.0,720,6800000000.0,sector_excluded_sic_1600,6,6,,
2020-07-01,1012100,SEALED AIR CORP/DE,2820.0,721,6580640559.0,sector_excluded_sic_2820,8,8,,
2020-07-01,1517413,"Fastly, Inc.",7372.0,723,263500000.0,ineligible_filing_history,4,4,,
2020-07-01,1441816,"MongoDB, Inc.",7372.0,725,6700000000.0,ineligible_filing_history,7,8,,
2020-07-01,1364250,Douglas Emmett Inc,6798.0,729,6610000000.0,sector_excluded_sic_6798,8,8,,
2020-07-01,1609702,"CDK Global, Inc.",7389.0,730,,no_pit_valid_float,8,8,,
2020-07-01,29644,DONALDSON Co INC,3564.0,734,6011616493.0,sector_excluded_sic_3564,7,8,,
2020-07-01,1163302,UNITED STATES STEEL CORP,3312.0,735,2600000000.0,sector_excluded_sic_3312,8,8,,
2020-07-01,921112,LIBERTY PROPERTY TRUST,6798.0,736,6500000000.0,sector_excluded_sic_6798,6,6,,
2020-07-01,7536,"ARROW ELECTRONICS, INC.",5065.0,738,5835060915.0,sector_excluded_sic_5065,8,8,,
2020-07-01,91767,SONOCO PRODUCTS CO,2650.0,739,6455701379.0,sector_excluded_sic_2650,8,8,,
2020-07-01,1298675,CubeSmart,6798.0,741,6407986013.0,sector_excluded_sic_6798,8,8,,
2020-07-01,1455863,AMERICOLD REALTY TRUST,6798.0,742,5300000000.0,sector_excluded_sic_6798,8,8,,
2020-07-01,1329842,Federal Home Loan Bank of New York,6111.0,747,,no_pit_valid_float,8,8,,
2020-07-01,1307954,Huntsman CORP,2800.0,751,4186891111.0,sector_excluded_sic_2800,8,8,,
2020-07-01,1639825,"PELOTON INTERACTIVE, INC.",3949.0,752,,no_pit_valid_float,3,3,,
2020-07-01,861884,"RELIANCE, INC.",5051.0,755,6260000000.0,sector_excluded_sic_5051,8,8,,
2020-07-01,77360,PENTAIR plc,3550.0,756,6191407033.0,sector_excluded_sic_3550,8,8,,
2020-07-01,1049502,MKS INC,3823.0,757,4224355318.0,sector_excluded_sic_3823,8,8,,
2020-07-01,1704292,Zai Lab Ltd,2834.0,760,,no_pit_valid_float,0,0,,
2020-07-01,808461,"GRIZZLY MERGER SUB 1, LLC",4813.0,761,6200000000.0,sector_excluded_sic_4813,8,8,,
2020-07-01,1486957,"BWX Technologies, Inc.",3510.0,764,5000000000.0,sector_excluded_sic_3510,8,8,,
2020-07-01,1758730,Tradeweb Markets Inc.,6200.0,765,4500000000.0,ineligible_filing_history,5,5,,
2020-07-01,1465128,"STARWOOD PROPERTY TRUST, INC.",6798.0,766,6183846104.0,sector_excluded_sic_6798,8,8,,
2020-07-01,12208,"BIO-RAD LABORATORIES, INC.",3826.0,767,6181361340.0,ineligible_filing_history,7,8,,
2020-07-01,1535527,"CrowdStrike Holdings, Inc.",7372.0,769,6150000000.0,ineligible_filing_history,4,5,,
2020-07-01,1069183,"AXON ENTERPRISE, INC.",3480.0,771,3737000000.0,sector_excluded_sic_3480,8,8,,
2020-07-01,97517,TEXAS PACIFIC LAND TRUST,6792.0,774,6115800000.0,non_operating_sic_6792,8,8,,
2020-07-01,1356104,"Mellanox Technologies, Ltd.",3674.0,776,6100000000.0,ineligible_filing_history,7,7,,
2020-07-01,1764046,CLARIVATE PLC,7374.0,779,1050000000.0,ineligible_filing_history,2,2,,
2020-07-01,791915,CYPRESS SEMICONDUCTOR CORP /DE/,3674.0,780,6000000000.0,ineligible_filing_history,7,7,,
2020-07-01,912750,NEWFIELD EXPLORATION CO /DE/,1311.0,783,5965860865.0,ineligible_filing_history,2,2,,
2020-07-01,105016,WATSCO INC,5070.0,785,5328000000.0,sector_excluded_sic_5070,8,8,,
2020-07-01,794170,"Toll Brothers, Inc.",1531.0,786,5115920000.0,sector_excluded_sic_1531,8,8,,
2020-07-01,1158463,JETBLUE AIRWAYS CORP,4512.0,787,5400000000.0,sector_excluded_sic_4512,8,8,,
2020-07-01,1045450,EPR PROPERTIES,6798.0,788,5861367233.0,sector_excluded_sic_6798,8,8,,
2020-07-01,74208,"UDR, Inc.",6798.0,791,4900000000.0,sector_excluded_sic_6798,8,8,,
2020-07-01,871763,ManpowerGroup Inc.,7363.0,795,5779906730.0,sector_excluded_sic_7363,8,8,,
2020-07-01,1360604,Healthcare Realty Trust Inc,6798.0,797,5595914012.0,sector_excluded_sic_6798,8,8,,
2020-07-01,875320,VERTEX PHARMACEUTICALS INC / MA,2834.0,88,46700000000.0,below_sector_K,8,8,healthcare,21.0
2020-07-01,80661,PROGRESSIVE CORP/OH/,6331.0,153,46188157681.0,below_sector_K,8,8,financials,21.0
2020-07-01,315293,Aon plc,6411.0,155,45489377212.0,below_sector_K,8,8,financials,22.0
2020-07-01,875045,BIOGEN INC.,2836.0,115,43010112437.0,below_sector_K,8,8,healthcare,22.0
2020-07-01,927628,CAPITAL ONE FINANCIAL CORP,6021.0,163,42400000000.0,below_sector_K,8,8,financials,23.0
2020-07-01,1390777,Bank of New York Mellon Corp,6022.0,129,41580614768.0,below_sector_K,8,8,financials,24.0
2020-07-01,1418135,Keurig Dr Pepper Inc.,2080.0,171,40700000000.0,below_sector_K,8,8,consumer,21.0
2020-07-01,1137774,PRUDENTIAL FINANCIAL INC,6311.0,172,40700000000.0,below_sector_K,8,8,financials,25.0
2020-07-01,4977,AFLAC INC,6321.0,174,40396253541.0,below_sector_K,8,8,financials,26.0
2020-07-01,37996,FORD MOTOR CO,3711.0,162,40091238995.0,below_sector_K,8,8,consumer,22.0
2020-07-01,1136893,"Fidelity National Information Services, Inc.",7389.0,75,39616487459.0,below_sector_K,8,8,financials,27.0
2020-07-01,86312,"TRAVELERS COMPANIES, INC.",6331.0,176,38824535607.0,below_sector_K,8,8,financials,28.0
2020-07-01,1048286,MARRIOTT INTERNATIONAL INC /MD/,7011.0,177,38730375024.0,below_sector_K,8,8,consumer,23.0
2020-07-01,92230,TRUIST FINANCIAL CORP,6021.0,139,37500000000.0,below_sector_K,8,8,financials,29.0
2020-07-01,860730,"HCA Healthcare, Inc.",8062.0,189,36403000000.0,below_sector_K,8,8,healthcare,23.0
2020-07-01,798354,FISERV INC,7389.0,103,35699320202.0,below_sector_K,8,8,financials,30.0
2020-07-01,49071,HUMANA INC,6324.0,138,35478894483.0,below_sector_K,8,8,healthcare,24.0
2020-07-01,769397,"Autodesk, Inc.",7372.0,199,34300000000.0,below_sector_K,8,8,tech,21.0
2020-07-01,29534,DOLLAR GENERAL CORP,5331.0,200,34300000000.0,below_sector_K,8,8,consumer,24.0
2020-07-01,1099800,Edwards Lifesciences Corp,3842.0,167,34109197847.0,below_sector_K,8,8,healthcare,25.0
2020-07-01,1041061,YUM BRANDS INC,5812.0,202,33600000000.0,below_sector_K,8,8,consumer,25.0
2020-07-01,899051,ALLSTATE CORP,6331.0,206,33040000000.0,below_sector_K,8,8,financials,31.0
2020-07-01,872589,"REGENERON PHARMACEUTICALS, INC.",2834.0,106,32929000000.0,below_sector_K,8,8,healthcare,26.0
2020-07-01,1327811,"Workday, Inc.",7374.0,211,32900000000.0,below_sector_K,8,8,tech,22.0
2020-07-01,2488,ADVANCED MICRO DEVICES INC,3674.0,114,32800000000.0,below_sector_K,8,8,tech,23.0
2020-07-01,1222333,SPDR GOLD TRUST,6221.0,141,32652157000.0,below_sector_K,8,8,financials,32.0
2020-07-01,1318605,"Tesla, Inc.",3711.0,34,31540000000.0,below_sector_K,8,8,consumer,26.0
2020-07-01,865752,Monster Beverage Corp,2086.0,207,31534998627.0,below_sector_K,8,8,consumer,27.0
2020-07-01,1065088,EBAY INC,7389.0,194,31354367947.0,below_sector_K,8,8,financials,33.0
2020-07-01,96021,SYSCO CORP,5140.0,168,30189057751.0,below_sector_K,8,8,consumer,28.0
2020-07-01,47217,HP INC,3570.0,198,30007738276.0,below_sector_K,8,8,tech,24.0
2020-07-01,1393818,Blackstone Inc.,6282.0,182,29000000000.0,below_sector_K,8,8,financials,34.0
2020-07-01,1478242,IQVIA HOLDINGS INC.,8731.0,228,28600000000.0,below_sector_K,8,8,healthcare,27.0
2020-07-01,899866,"ALEXION PHARMACEUTICALS, INC.",2834.0,232,28243087610.0,below_sector_K,8,8,healthcare,28.0
2020-07-01,1001250,ESTEE LAUDER COMPANIES INC,2844.0,156,28000000000.0,below_sector_K,8,8,consumer,29.0
2020-07-01,1173431,TD AMERITRADE HOLDING CORP,6211.0,203,27700000000.0,below_sector_K,8,8,financials,35.0
2020-07-01,1099590,MERCADOLIBRE INC,7389.0,157,27603696805.0,below_sector_K,8,8,financials,36.0
2020-07-01,1585689,Hilton Worldwide Holdings Inc.,7011.0,242,27521000000.0,below_sector_K,8,8,consumer,30.0
2020-07-01,1418091,"TWITTER, INC.",7370.0,217,26350000000.0,below_sector_K,8,8,tech,25.0
2020-07-01,1113169,PRICE T ROWE GROUP INC,6282.0,236,25600000000.0,below_sector_K,8,8,financials,37.0
2020-07-01,927653,MCKESSON CORP,5122.0,252,25000000000.0,below_sector_K,8,8,healthcare,29.0
2020-07-01,1123360,GLOBAL PAYMENTS INC,7389.0,140,24916809935.0,below_sector_K,8,8,financials,38.0
2020-07-01,1393612,Discover Financial Services,6141.0,268,24729798496.0,below_sector_K,8,8,financials,39.0
2020-07-01,1512673,"Block, Inc.",7372.0,178,24600000000.0,below_sector_K,8,8,tech,26.0
2020-07-01,1140536,WILLIS TOWERS WATSON PLC,6411.0,260,24554970312.0,below_sector_K,8,8,financials,40.0
2020-07-01,75362,PACCAR INC,3711.0,257,24370000000.0,below_sector_K,8,8,consumer,31.0
2020-07-01,1136869,"ZIMMER BIOMET HOLDINGS, INC.",3842.0,276,24106325697.0,below_sector_K,8,8,healthcare,30.0
2020-07-01,898173,O REILLY AUTOMOTIVE INC,5531.0,253,23433046431.0,below_sector_K,8,8,consumer,32.0
2020-07-01,874716,IDEXX LABORATORIES INC /DE,2835.0,238,23368790688.0,below_sector_K,8,8,healthcare,31.0
2020-07-01,1442145,"Verisk Analytics, Inc.",7374.0,247,22756706943.0,below_sector_K,8,8,tech,27.0
2020-07-01,7084,Archer-Daniels-Midland Co,2070.0,256,22700000000.0,below_sector_K,8,8,consumer,33.0
2020-07-01,935703,"DOLLAR TREE, INC.",5331.0,290,22675294630.0,below_sector_K,8,8,consumer,34.0
2020-07-01,36270,M&T BANK CORP,6022.0,279,22178197910.0,below_sector_K,8,8,financials,41.0
2020-07-01,14693,BROWN FORMAN CORP,2080.0,299,22100000000.0,below_sector_K,8,8,consumer,35.0
2020-07-01,1393052,VEEVA SYSTEMS INC,7372.0,300,22100000000.0,below_sector_K,8,8,tech,28.0
2020-07-01,1071739,CENTENE CORP,6324.0,186,21700000000.0,below_sector_K,8,8,healthcare,32.0
2020-07-01,827054,MICROCHIP TECHNOLOGY INC,3674.0,308,21697205962.0,below_sector_K,8,8,tech,29.0
2020-07-01,68505,"Motorola Solutions, Inc.",3663.0,310,21400000000.0,below_sector_K,8,8,tech,30.0
2020-07-01,1645590,Hewlett Packard Enterprise Co,3570.0,255,21263421512.0,below_sector_K,8,8,tech,31.0
2020-07-01,820313,AMPHENOL CORP /DE/,3678.0,258,21238000000.0,below_sector_K,8,8,tech,32.0
2020-07-01,93751,STATE STREET CORP,6022.0,201,20810000000.0,below_sector_K,8,8,financials,42.0
2020-07-01,804753,CERNER Corp,7373.0,317,20800000000.0,below_sector_K,8,8,tech,33.0
2020-07-01,1037646,METTLER TOLEDO INTERNATIONAL INC/,3826.0,320,20700000000.0,below_sector_K,8,8,healthcare,33.0
2020-07-01,1521332,Aptiv PLC,3714.0,275,20638801929.0,below_sector_K,8,8,consumer,36.0
2020-07-01,1560385,Liberty Media Corp,4833.0,287,20300000000.0,below_sector_K,8,8,consumer,37.0
2020-07-01,1397187,lululemon athletica inc.,2300.0,329,20011000000.0,below_sector_K,8,8,consumer,38.0
2020-07-01,1057352,"COSTAR GROUP, INC.",7389.0,271,20000000000.0,below_sector_K,8,8,financials,43.0
2020-07-01,874766,"HARTFORD INSURANCE GROUP, INC.",6331.0,330,20000000000.0,below_sector_K,8,8,financials,44.0
2020-07-01,47111,HERSHEY CO,2060.0,332,19932748865.0,below_sector_K,8,8,consumer,39.0
2020-07-01,1300514,LAS VEGAS SANDS CORP,7011.0,244,19894504221.0,below_sector_K,8,8,consumer,40.0
2020-07-01,813672,CADENCE DESIGN SYSTEMS INC,7372.0,251,19837633930.0,below_sector_K,8,8,tech,34.0
2020-07-01,743988,XILINX INC,3674.0,335,19724323000.0,below_sector_K,8,8,tech,35.0
2020-07-01,1408198,MSCI Inc.,7389.0,243,19627001148.0,below_sector_K,8,8,financials,45.0
2020-07-01,1327567,Palo Alto Networks Inc,3577.0,285,19595846244.0,below_sector_K,8,8,tech,36.0
2020-07-01,73124,NORTHERN TRUST CORP,6022.0,288,19200000000.0,below_sector_K,8,8,financials,46.0
2020-07-01,820027,AMERIPRISE FINANCIAL INC,6282.0,334,19000000000.0,below_sector_K,8,8,financials,47.0
2020-07-01,1090872,"AGILENT TECHNOLOGIES, INC.",3826.0,346,18900000000.0,below_sector_K,8,8,healthcare,34.0
2020-07-01,815556,FASTENAL CO,5200.0,273,18623405521.0,below_sector_K,8,8,consumer,41.0
2020-07-01,1570585,Liberty Global Ltd.,4841.0,286,18500000000.0,below_sector_K,8,8,consumer,42.0
2020-07-01,35527,FIFTH THIRD BANCORP,6022.0,339,18260843027.0,below_sector_K,8,8,financials,48.0
2020-07-01,1611983,Liberty Broadband Corp,4841.0,311,18000000000.0,below_sector_K,8,8,consumer,43.0
2020-07-01,81061,PUBLIX SUPER MARKETS INC,5411.0,331,17909696000.0,below_sector_K,8,8,consumer,44.0
2020-07-01,91576,KEYCORP /NEW/,6021.0,323,17805275417.0,below_sector_K,8,8,financials,49.0
2020-07-01,29989,OMNICOM GROUP INC.,7311.0,361,17607625000.0,below_sector_K,8,8,consumer,45.0
2020-07-01,313927,CHURCH & DWIGHT CO INC /DE/,2840.0,352,17400000000.0,below_sector_K,8,8,consumer,46.0
2020-07-01,1673358,"Yum China Holdings, Inc.",5812.0,355,17400000000.0,below_sector_K,8,8,consumer,47.0
2020-07-01,1618756,Restaurant Brands International Inc.,5812.0,367,17159077266.0,below_sector_K,8,8,consumer,48.0
2020-07-01,891103,"Match Group, Inc.",7370.0,263,16892708488.0,below_sector_K,8,8,tech,37.0
2020-07-01,813828,Paramount Global,4833.0,347,16667764650.0,below_sector_K,8,8,consumer,49.0
2020-07-01,1058057,MARVELL TECHNOLOGY GROUP LTD,3674.0,377,16535444225.0,below_sector_K,8,8,tech,38.0
2020-07-01,943819,RESMED INC,3841.0,298,16203677315.0,below_sector_K,8,8,healthcare,35.0
2020-07-01,759944,CITIZENS FINANCIAL GROUP INC/RI,6022.0,348,16145696534.0,below_sector_K,8,8,financials,50.0
2020-07-01,1126328,PRINCIPAL FINANCIAL GROUP INC,6321.0,388,16100000000.0,below_sector_K,8,8,financials,51.0
2020-07-01,920148,LABCORP HOLDINGS INC.,8071.0,389,16100000000.0,below_sector_K,8,8,healthcare,36.0
2020-07-01,1014473,VERISIGN INC/CA,7371.0,390,16100000000.0,below_sector_K,8,8,tech,39.0
2020-07-01,1402057,CDW Corp,5961.0,378,15932000000.0,below_sector_K,8,8,consumer,50.0
2020-07-01,1097149,ALIGN TECHNOLOGY INC,3842.0,297,15900000000.0,below_sector_K,8,8,healthcare,37.0
2020-07-01,1447669,TWILIO INC,7372.0,318,15900000000.0,below_sector_K,8,8,tech,40.0
2020-07-01,1539838,"Diamondback Energy, Inc.",1311.0,392,15900000000.0,below_sector_K,8,8,energy,21.0
2020-07-01,20286,CINCINNATI FINANCIAL CORP,6331.0,394,15792340443.0,below_sector_K,8,8,financials,52.0
2020-07-01,879169,INCYTE CORP,8731.0,343,15400000000.0,below_sector_K,8,8,healthcare,38.0
2020-07-01,1596532,"Arista Networks, Inc.",3576.0,404,15382416460.0,below_sector_K,8,8,tech,41.0
2020-07-01,707549,LAM RESEARCH CORP,3559.0,224,15363329674.0,below_sector_K,8,8,tech,42.0
2020-07-01,1124140,EXACT SCIENCES CORP,8071.0,409,15069783760.0,below_sector_K,8,8,healthcare,39.0
2020-07-01,1437107,"Warner Bros. Discovery, Inc.",4841.0,411,15000000000.0,below_sector_K,8,8,consumer,51.0
2020-07-01,1353283,SPLUNK INC,7372.0,414,14923423792.0,below_sector_K,8,8,tech,43.0
2020-07-01,1096343,MARKEL GROUP INC.,6331.0,419,14711000000.0,below_sector_K,8,8,financials,53.0
2020-07-01,55067,KELLANOVA,2040.0,344,14700000000.0,below_sector_K,8,8,consumer,52.0
2020-07-01,947484,ARCH CAPITAL GROUP LTD.,6331.0,420,14600000000.0,below_sector_K,8,8,financials,54.0
2020-07-01,49196,HUNTINGTON BANCSHARES INC /MD/,6021.0,391,14582832960.0,below_sector_K,8,8,financials,55.0
2020-07-01,1126975,"Magellan Midstream Partners, L.P.",4610.0,395,14578539904.0,below_sector_K,8,8,energy,22.0
2020-07-01,1000697,WATERS CORP /DE/,3826.0,415,14554561947.0,below_sector_K,8,8,healthcare,40.0
2020-07-01,1013462,ANSYS INC,7372.0,319,14436000000.0,below_sector_K,8,8,tech,44.0
2020-07-01,789570,MGM Resorts International,7011.0,398,14400000000.0,below_sector_K,8,8,consumer,53.0
2020-07-01,1058090,CHIPOTLE MEXICAN GRILL INC,5812.0,315,14301000000.0,below_sector_K,8,8,consumer,54.0
2020-07-01,4127,"SKYWORKS SOLUTIONS, INC.",3674.0,218,14200000000.0,below_sector_K,8,8,tech,45.0
2020-07-01,60086,LOEWS CORP,6331.0,428,14174000000.0,below_sector_K,8,8,financials,56.0
2020-07-01,711404,"COOPER COMPANIES, INC.",3851.0,430,14100000000.0,below_sector_K,8,8,healthcare,41.0
2020-07-01,946581,TAKE TWO INTERACTIVE SOFTWARE INC,7372.0,399,13938279654.0,below_sector_K,8,8,tech,46.0
2020-07-01,764478,BEST BUY CO INC,5731.0,396,13900000000.0,below_sector_K,8,8,consumer,55.0
2020-07-01,1170010,CARMAX INC,5500.0,440,13731676765.0,below_sector_K,8,8,consumer,56.0
2020-07-01,883241,SYNOPSYS INC,7372.0,360,13700000000.0,below_sector_K,8,8,tech,47.0
2020-07-01,1022079,QUEST DIAGNOSTICS INC,8071.0,408,13700000000.0,below_sector_K,8,8,healthcare,42.0
2020-07-01,1660134,"Okta, Inc.",7372.0,442,13700000000.0,below_sector_K,8,8,tech,48.0
2020-07-01,1564408,Snap Inc,7370.0,267,13600000000.0,below_sector_K,8,8,tech,49.0
2020-07-01,1093557,DEXCOM INC,3841.0,179,13556600000.0,below_sector_K,8,8,healthcare,43.0
2020-07-01,721371,CARDINAL HEALTH INC,5122.0,418,13267580148.0,below_sector_K,8,8,healthcare,44.0
2020-07-01,1404912,KKR & Co. Inc.,6282.0,380,13100000000.0,below_sector_K,8,8,financials,57.0
2020-07-01,1278680,ISHARES GOLD TRUST,6221.0,254,13068092812.0,below_sector_K,8,8,financials,58.0
2020-07-01,818479,DENTSPLY SIRONA Inc.,3843.0,453,13062285652.0,below_sector_K,8,8,healthcare,45.0
2020-07-01,859737,HOLOGIC INC,3844.0,458,12895201013.0,below_sector_K,8,8,healthcare,46.0
2020-07-01,1086222,AKAMAI TECHNOLOGIES INC,7389.0,366,12819900000.0,below_sector_K,8,8,financials,59.0
2020-07-01,1623613,Mylan II B.V.,2834.0,350,12814190996.0,below_sector_K,8,8,healthcare,47.0
2020-07-01,1402436,SS&C Technologies Holdings Inc,7372.0,463,12765942008.0,below_sector_K,8,8,tech,50.0
2020-07-01,1124610,VMWARE LLC,7372.0,466,12700000000.0,below_sector_K,8,8,tech,51.0
2020-07-01,1609711,GoDaddy Inc.,7373.0,476,12377121842.0,below_sector_K,8,8,tech,52.0
2020-07-01,40729,Ally Financial Inc.,6022.0,479,12200000000.0,below_sector_K,8,8,financials,60.0
2020-07-01,46080,"HASBRO, INC.",3944.0,486,12056921330.0,below_sector_K,8,8,consumer,57.0
2020-07-01,1571996,Dell Technologies Inc.,3571.0,349,12000000000.0,below_sector_K,8,8,tech,53.0
2020-07-01,1679273,"Lamb Weston Holdings, Inc.",2030.0,484,11900000000.0,below_sector_K,8,8,consumer,58.0
2020-07-01,877890,CITRIX SYSTEMS INC,7372.0,356,11868735433.0,below_sector_K,8,8,tech,54.0
2020-07-01,1579298,"Burlington Stores, Inc.",5311.0,498,11637817686.0,below_sector_K,8,8,consumer,59.0
2020-07-01,1090012,DEVON ENERGY CORP/DE,1311.0,293,11600000000.0,below_sector_K,8,8,energy,23.0
2020-07-01,719739,SVB FINANCIAL GROUP,6022.0,405,11580246470.0,below_sector_K,8,8,financials,61.0
2020-07-01,1286681,DOMINOS PIZZA INC,5140.0,417,11503936585.0,below_sector_K,8,8,consumer,60.0
2020-07-01,1374310,"Cboe Global Markets, Inc.",6200.0,495,11500000000.0,below_sector_K,8,8,financials,62.0
2020-07-01,203527,VARIAN MEDICAL SYSTEMS INC,3845.0,505,11483697873.0,below_sector_K,8,8,healthcare,48.0
2020-07-01,91419,J M SMUCKER Co,2033.0,497,11446124922.0,below_sector_K,8,8,consumer,61.0
2020-07-01,59558,LINCOLN NATIONAL CORP,6311.0,487,11400000000.0,below_sector_K,8,8,financials,63.0
2020-07-01,101778,MARATHON OIL CORP,1311.0,358,11398000000.0,below_sector_K,8,8,energy,24.0
2020-07-01,1336920,"Leidos Holdings, Inc.",7373.0,508,11356349856.0,below_sector_K,8,8,tech,55.0
2020-07-01,873303,"Sarepta Therapeutics, Inc.",2834.0,468,11294104196.0,below_sector_K,8,8,healthcare,49.0
2020-07-01,98246,TIFFANY & CO,5944.0,374,11273922094.0,below_sector_K,8,8,consumer,62.0
2020-07-01,1590955,"Paycom Software, Inc.",7372.0,427,11100000000.0,below_sector_K,8,8,tech,56.0
2020-07-01,1120193,"NASDAQ, INC.",6200.0,443,11100000000.0,below_sector_K,8,8,financials,64.0
2020-07-01,1070423,PLAINS ALL AMERICAN PIPELINE LP,4610.0,511,11100000000.0,below_sector_K,8,8,energy,25.0
2020-07-01,48465,HORMEL FOODS CORP /DE/,2011.0,451,11072534818.0,below_sector_K,8,8,consumer,63.0
2020-07-01,1383312,"BROADRIDGE FINANCIAL SOLUTIONS, INC.",7389.0,433,11044292706.0,below_sector_K,8,8,financials,65.0
2020-07-01,1137789,Seagate Technology Holdings plc,3572.0,403,10900000000.0,below_sector_K,8,8,tech,57.0
2020-07-01,6769,APACHE CORP,1311.0,357,10891448883.0,below_sector_K,8,8,energy,26.0
2020-07-01,1158449,ADVANCE AUTO PARTS INC,5531.0,527,10845687437.0,below_sector_K,8,8,consumer,64.0
2020-07-01,916365,TRACTOR SUPPLY CO /DE/,5200.0,467,10800000000.0,below_sector_K,8,8,consumer,65.0
2020-07-01,779152,JACK HENRY & ASSOCIATES INC,7373.0,513,10791330916.0,below_sector_K,8,8,tech,58.0
2020-07-01,857005,PTC INC.,7372.0,529,10784576792.0,below_sector_K,8,8,tech,59.0
2020-07-01,72207,NOBLE ENERGY INC,1311.0,368,10700000000.0,below_sector_K,8,8,energy,27.0
2020-07-01,28412,COMERICA INC,6021.0,406,10700000000.0,below_sector_K,8,8,financials,66.0
2020-07-01,1331875,"Fidelity National Financial, Inc.",6361.0,534,10594534815.0,below_sector_K,8,8,financials,67.0
2020-07-01,31791,"REVVITY, INC.",3826.0,535,10536461974.0,below_sector_K,8,8,healthcare,50.0
2020-07-01,1278021,MARKETAXESS HOLDINGS INC,6211.0,384,10500000000.0,below_sector_K,8,8,financials,68.0
2020-07-01,352915,UNIVERSAL HEALTH SERVICES INC,8062.0,550,10300000000.0,below_sector_K,8,8,healthcare,51.0
2020-07-01,1000228,HENRY SCHEIN INC,5047.0,514,10236712000.0,below_sector_K,8,8,healthcare,52.0
2020-07-01,24545,MOLSON COORS BEVERAGE CO,2082.0,477,10200000000.0,below_sector_K,8,8,consumer,66.0
2020-07-01,720005,RAYMOND JAMES FINANCIAL INC,6211.0,494,10125195760.0,below_sector_K,8,8,financials,69.0
2020-07-01,1281761,REGIONS FINANCIAL CORP,6021.0,341,9975697351.0,below_sector_K,8,8,financials,70.0
2020-07-01,775368,ALLEGHANY CORP /DE,6331.0,560,9902910301.0,below_sector_K,8,8,financials,71.0
2020-07-01,1140859,"Cencora, Inc.",5122.0,500,9817515026.0,below_sector_K,8,8,healthcare,53.0
2020-07-01,898174,REINSURANCE GROUP OF AMERICA INC,6311.0,565,9800000000.0,below_sector_K,8,8,financials,72.0
2020-07-01,11544,BERKLEY W R CORP,6331.0,573,9617776032.0,below_sector_K,8,8,financials,73.0
2020-07-01,320335,GLOBE LIFE INC.,6311.0,577,9600000000.0,below_sector_K,8,8,financials,74.0
2020-07-01,1116132,"TAPESTRY, INC.",3100.0,578,9600000000.0,below_sector_K,8,8,consumer,67.0
2020-07-01,106040,WESTERN DIGITAL CORP,3572.0,397,9500000000.0,below_sector_K,8,8,tech,60.0
2020-07-01,914208,Invesco Ltd.,6282.0,531,9500000000.0,below_sector_K,8,8,financials,75.0
2020-07-01,38777,FRANKLIN RESOURCES INC,6282.0,517,9400000000.0,below_sector_K,8,8,financials,76.0
2020-07-01,858470,Coterra Energy Inc.,1311.0,551,9400000000.0,below_sector_K,8,8,energy,28.0
2020-07-01,1048695,"F5, INC.",3576.0,590,9350718618.0,below_sector_K,8,8,tech,61.0
2020-07-01,927066,DAVITA INC.,8090.0,492,9300000000.0,below_sector_K,8,8,healthcare,54.0
2020-07-01,1552000,MPLX LP,4610.0,563,9300000000.0,below_sector_K,8,8,energy,29.0
2020-07-01,1335258,"Live Nation Entertainment, Inc.",7900.0,592,9300000000.0,below_sector_K,8,8,consumer,68.0
2020-07-01,1597553,"Sage Therapeutics, Inc.",2834.0,593,9273813345.0,below_sector_K,8,8,healthcare,55.0
2020-07-01,105770,WEST PHARMACEUTICAL SERVICES INC,3841.0,373,9218126218.0,below_sector_K,8,8,healthcare,56.0
2020-07-01,1352010,"EPAM Systems, Inc.",7371.0,444,9127000000.0,below_sector_K,8,8,tech,62.0
2020-07-01,1616707,Wayfair Inc.,5961.0,450,9100000000.0,below_sector_K,8,8,consumer,69.0
2020-07-01,96943,TELEFLEX INC,3841.0,546,9090013523.0,below_sector_K,8,8,healthcare,57.0
2020-07-01,1043604,JUNIPER NETWORKS INC,3576.0,583,9077000000.0,below_sector_K,8,8,tech,63.0
2020-07-01,1389170,Targa Resources Corp.,4922.0,521,8974000000.0,below_sector_K,8,8,energy,30.0
2020-07-01,1179929,"MOLINA HEALTHCARE, INC.",6324.0,538,8928700000.0,below_sector_K,8,8,healthcare,58.0
2020-07-01,743316,MAXIM INTEGRATED PRODUCTS INC,3674.0,509,8902453605.0,below_sector_K,8,8,tech,64.0
2020-07-01,818686,TEVA PHARMACEUTICAL INDUSTRIES LTD,2834.0,322,8820000000.0,below_sector_K,8,8,healthcare,59.0
2020-07-01,1013237,FACTSET RESEARCH SYSTEMS INC,7370.0,559,8808676952.0,below_sector_K,8,8,tech,65.0
2020-07-01,106640,WHIRLPOOL CORP /DE/,3630.0,597,8803220412.0,below_sector_K,8,8,consumer,70.0
2020-07-01,1029199,"EURONET WORLDWIDE, INC.",6099.0,608,8800000000.0,below_sector_K,8,8,financials,77.0
2020-07-01,1262039,"Fortinet, Inc.",3577.0,426,8793866992.0,below_sector_K,8,8,tech,66.0
2020-07-01,1671933,"Trade Desk, Inc.",7370.0,372,8779399707.0,below_sector_K,8,8,tech,67.0
2020-07-01,851968,MOHAWK INDUSTRIES INC,2273.0,446,8763305060.0,below_sector_K,8,8,consumer,71.0
2020-07-01,51644,"INTERPUBLIC GROUP OF COMPANIES, INC.",7311.0,603,8700000000.0,below_sector_K,8,8,consumer,72.0
2020-07-01,1002638,OPEN TEXT CORP,7373.0,496,8600000000.0,below_sector_K,8,8,tech,68.0
2020-07-01,908255,BORGWARNER INC,3714.0,606,8600000000.0,below_sector_K,8,8,consumer,73.0
2020-07-01,1001082,DISH Network CORP,4841.0,609,8600000000.0,below_sector_K,8,8,consumer,74.0
2020-07-01,1261333,"DOCUSIGN, INC.",7372.0,618,8600000000.0,below_sector_K,8,8,tech,69.0
2020-07-01,1627014,"Black Knight, Inc.",7372.0,522,8563073578.0,below_sector_K,8,8,tech,70.0
2020-07-01,842162,LEAR CORP,3714.0,480,8512234516.0,below_sector_K,8,8,consumer,75.0
2020-07-01,1385867,Coupa Software Inc,7372.0,621,8500000000.0,below_sector_K,8,8,tech,71.0
2020-07-01,1604778,"Qorvo, Inc.",3674.0,580,8484359696.0,below_sector_K,8,8,tech,72.0
2020-07-01,1384905,"RingCentral, Inc.",7374.0,292,8400000000.0,below_sector_K,8,8,tech,73.0
2020-07-01,1365135,Western Union CO,7389.0,601,8400000000.0,below_sector_K,8,8,financials,78.0
2020-07-01,1042046,AMERICAN FINANCIAL GROUP INC,6331.0,625,8310000000.0,below_sector_K,8,8,financials,79.0
2020-07-01,89089,SERVICE CORP INTERNATIONAL,7200.0,629,8302629479.0,below_sector_K,8,8,consumer,76.0
2020-07-01,1617640,"ZILLOW GROUP, INC.",7389.0,506,8254728878.0,below_sector_K,8,8,financials,80.0
2020-07-01,1097864,ON SEMICONDUCTOR CORP,3674.0,589,8172927739.0,below_sector_K,8,8,tech,74.0
2020-07-01,860731,TYLER TECHNOLOGIES INC,7372.0,441,8172267000.0,below_sector_K,8,8,tech,75.0
2020-07-01,1048477,BIOMARIN PHARMACEUTICAL INC,2834.0,438,8100000000.0,below_sector_K,8,8,healthcare,60.0
2020-07-01,109380,"ZIONS BANCORPORATION, NATIONAL ASSOCIATION /UT/",6021.0,554,8004067633.0,below_sector_K,8,8,financials,81.0
2020-07-01,885639,KOHLS Corp,5311.0,485,8000000000.0,below_sector_K,8,8,consumer,77.0
2020-07-01,1178670,"ALNYLAM PHARMACEUTICALS, INC.",2834.0,370,7997224708.0,below_sector_K,8,8,healthcare,61.0
2020-07-01,896622,"APTARGROUP, INC.",3089.0,646,7975902822.0,below_sector_K,8,8,consumer,78.0
2020-07-01,1005284,UNIVERSAL DISPLAY CORP \PA\,3670.0,648,7951407550.0,below_sector_K,8,8,tech,76.0
2020-07-01,1702780,"Optimum Communications, Inc.",4841.0,649,7942908370.0,below_sector_K,8,8,consumer,79.0
2020-07-01,1618732,"Nutanix, Inc.",7372.0,652,7900000000.0,below_sector_K,8,8,tech,77.0
2020-07-01,885590,Bausch Health Companies Inc.,2834.0,659,7880919845.0,below_sector_K,8,8,healthcare,62.0
2020-07-01,1232524,Jazz Pharmaceuticals plc,2834.0,660,7869781340.0,below_sector_K,8,8,healthcare,63.0
2020-07-01,79282,"BROWN & BROWN, INC.",6411.0,576,7853765460.0,below_sector_K,8,8,financials,82.0
2020-07-01,1665918,US Foods Holding Corp.,5140.0,633,7800000000.0,below_sector_K,8,8,consumer,80.0
2020-07-01,790051,CARLISLE COMPANIES INC,3060.0,665,7800000000.0,below_sector_K,8,8,consumer,81.0
2020-07-01,815094,ABIOMED INC,3841.0,340,7784645713.0,below_sector_K,8,8,healthcare,64.0
2020-07-01,1428439,"ROKU, INC",4841.0,478,7714110102.0,below_sector_K,8,8,consumer,82.0
2020-07-01,913144,RENAISSANCERE HOLDINGS LTD,6331.0,617,7700000000.0,below_sector_K,8,8,financials,83.0
2020-07-01,1535929,"Voya Financial, Inc.",6311.0,669,7700000000.0,below_sector_K,8,8,financials,84.0
2020-07-01,1144519,BUNGELTD,2070.0,568,7651000000.0,below_sector_K,8,8,consumer,83.0
2020-07-01,1530950,"Post Holdings, Inc.",2040.0,671,7645335449.0,below_sector_K,8,8,consumer,84.0
2020-07-01,1688568,DXC Technology Co,7374.0,250,7501594766.0,below_sector_K,8,8,tech,78.0
2020-07-01,1060736,Seagen Inc.,2836.0,313,7500000000.0,below_sector_K,8,8,healthcare,65.0
2020-07-01,874015,IONIS PHARMACEUTICALS INC,2834.0,681,7483343134.0,below_sector_K,8,8,healthcare,66.0
2020-07-01,812011,VAIL RESORTS INC,7990.0,591,7480638929.0,below_sector_K,8,8,consumer,85.0
2020-07-01,1584509,Aramark,5812.0,574,7400300000.0,below_sector_K,8,8,consumer,86.0
2020-07-01,1015780,E TRADE FINANCIAL CORP,6035.0,483,7400000000.0,below_sector_K,8,8,financials,85.0
2020-07-01,908937,SIRIUS XM HOLDINGS INC.,4832.0,605,7370915284.0,below_sector_K,8,8,consumer,87.0
2020-07-01,1370637,ETSY INC,7389.0,469,7314888157.0,below_sector_K,8,8,financials,86.0
2020-07-01,1463172,"Zendesk, Inc.",7374.0,686,7300000000.0,below_sector_K,8,8,tech,79.0
2020-07-01,1145197,INSULET CORP,3841.0,464,7200000000.0,below_sector_K,8,8,healthcare,67.0
2020-07-01,48039,HollyFrontier Corp,2911.0,520,7100000000.0,below_sector_K,8,8,energy,31.0
2020-07-01,47518,"Hill-Rom Holdings, Inc.",3841.0,694,7100000000.0,below_sector_K,8,8,healthcare,68.0
2020-07-01,1378992,"BERRY GLOBAL GROUP, INC.",3089.0,698,7100000000.0,below_sector_K,8,8,consumer,88.0
2020-07-01,1002047,"NetApp, Inc.",3572.0,474,7099736024.0,below_sector_K,8,8,tech,80.0
2020-07-01,48898,HUBBELL INC,3670.0,706,7036079255.0,below_sector_K,8,8,tech,81.0
2020-07-01,1293971,"bluebird bio, Inc.",2836.0,657,7025034290.0,below_sector_K,8,8,healthcare,69.0
2020-07-01,1101215,"BREAD FINANCIAL HOLDINGS, INC.",6141.0,472,7000000000.0,below_sector_K,8,8,financials,87.0
2020-07-01,5513,Unum Group,6321.0,639,7000000000.0,below_sector_K,8,8,financials,88.0
2020-07-01,1404655,HUBSPOT INC,7372.0,572,6810732158.0,below_sector_K,8,8,tech,82.0
2020-07-01,937556,MASIMO CORP,3845.0,596,6800000000.0,below_sector_K,8,8,healthcare,70.0
2020-07-01,858339,"CAESARS HOLDINGS, INC.",7011.0,687,6800000000.0,below_sector_K,8,8,consumer,89.0
2020-07-01,1390844,WABCO Holdings Inc.,3711.0,719,6800000000.0,below_sector_K,8,8,consumer,90.0
2020-07-01,1100682,"CHARLES RIVER LABORATORIES INTERNATIONAL, INC.",8731.0,628,6796882148.0,below_sector_K,8,8,healthcare,71.0
2020-07-01,1069157,EAST WEST BANCORP INC,6022.0,587,6765665370.0,below_sector_K,8,8,financials,89.0
2020-07-01,1411494,"Apollo Asset Management, Inc.",6282.0,543,6736100000.0,below_sector_K,8,8,financials,90.0
2020-07-01,1032975,LOGITECH INTERNATIONAL S.A.,3577.0,690,6703496937.0,below_sector_K,8,8,tech,83.0
2020-07-01,350894,SEI INVESTMENTS CO,6211.0,667,6700000000.0,below_sector_K,8,8,financials,91.0
2020-07-01,1397911,LPL Financial Holdings Inc.,6200.0,722,6700000000.0,below_sector_K,8,8,financials,92.0
2020-07-01,1378946,"People's United Financial, Inc.",6035.0,726,6690000000.0,below_sector_K,8,8,financials,93.0
2020-07-01,1212458,PROOFPOINT INC,7374.0,728,6612000000.0,below_sector_K,8,8,tech,84.0
2020-07-01,1357204,"DUNKIN' BRANDS GROUP, INC.",5810.0,733,6590000000.0,below_sector_K,8,8,consumer,91.0
2020-07-01,16732,CAMPBELL'S Co,2000.0,586,6542735608.0,below_sector_K,8,8,consumer,92.0
2020-07-01,814453,NEWELL BRANDS INC.,3089.0,470,6500000000.0,below_sector_K,8,8,consumer,93.0
2020-07-01,1585364,PERRIGO Co plc,2834.0,558,6477490316.0,below_sector_K,8,8,healthcare,72.0
2020-07-01,1267238,"ASSURANT, INC.",6399.0,737,6470000000.0,below_sector_K,8,8,financials,94.0
2020-07-01,1527469,Athene Holding Ltd.,6311.0,655,6400000000.0,below_sector_K,8,8,financials,95.0
2020-07-01,897448,AMARIN CORP PLC\UK,2834.0,743,6371700000.0,below_sector_K,8,8,healthcare,73.0
2020-07-01,922621,ERIE INDEMNITY CO,6411.0,749,6300000000.0,below_sector_K,8,8,financials,96.0
2020-07-01,726958,CASEYS GENERAL STORES INC,5500.0,750,6300000000.0,below_sector_K,8,8,consumer,94.0
2020-07-01,74260,OLD REPUBLIC INTERNATIONAL CORP,6351.0,754,6262651216.0,below_sector_K,8,8,financials,97.0
2020-07-01,355811,GENTEX CORP,3714.0,745,6258471128.0,below_sector_K,8,8,consumer,95.0
2020-07-01,313143,HAEMONETICS CORP,3841.0,758,6235150197.0,below_sector_K,8,8,healthcare,74.0
2020-07-01,785161,Encompass Health Corp,8060.0,731,6200000000.0,below_sector_K,8,8,healthcare,75.0
2020-07-01,1423902,"Western Midstream Partners, LP",4922.0,763,6200000000.0,below_sector_K,8,8,energy,32.0
2020-07-01,1359841,Hanesbrands Inc.,5600.0,658,6186635479.0,below_sector_K,8,8,consumer,96.0
2020-07-01,906709,NEKTAR THERAPEUTICS,2834.0,626,6184040785.0,below_sector_K,8,8,healthcare,76.0
2020-07-01,1034670,AUTOLIV INC,3714.0,604,6151000000.0,below_sector_K,8,8,consumer,97.0
2020-07-01,108772,XEROX CORP,3577.0,773,6122441592.0,below_sector_K,8,8,tech,85.0
2020-07-01,1637207,"Planet Fitness, Inc.",7997.0,775,6100000000.0,below_sector_K,8,8,consumer,98.0
2020-07-01,46765,"Helmerich & Payne, Inc.",1381.0,697,6080000000.0,below_sector_K,8,8,energy,33.0
2020-07-01,22356,COMMERCE BANCSHARES INC /MO/,6022.0,744,6067000000.0,below_sector_K,8,8,financials,98.0
2020-07-01,1597033,Sabre Corp,7370.0,778,6064679095.0,below_sector_K,8,8,tech,86.0
2020-07-01,936395,CIENA CORP,3661.0,702,6000000000.0,below_sector_K,8,8,tech,87.0
2020-07-01,1168054,CIMAREX ENERGY CO,1311.0,582,5920000000.0,below_sector_K,8,8,energy,34.0
2020-07-01,1613859,"PRA Health Sciences, Inc.",8731.0,762,5900000000.0,below_sector_K,8,8,healthcare,77.0
2020-07-01,1467623,"DROPBOX, INC.",7372.0,740,5833900000.0,below_sector_K,8,8,tech,88.0
2020-07-01,814547,FAIR ISAAC CORP,7389.0,704,5769737106.0,below_sector_K,8,8,financials,99.0
2020-07-01,914475,NEUROCRINE BIOSCIENCES INC,2836.0,510,5752910928.0,below_sector_K,8,8,healthcare,78.0
2020-07-01,939767,"EXELIXIS, INC.",2836.0,798,5731439777.0,below_sector_K,8,8,healthcare,79.0
2020-07-01,19584,CHEMED CORP,8082.0,705,5634515157.0,below_sector_K,8,8,healthcare,80.0
2020-07-01,1333986,"Equitable Holdings, Inc.",6411.0,664,5600000000.0,below_sector_K,8,8,financials,100.0
2020-07-01,39263,"CULLEN/FROST BANKERS, INC.",6021.0,724,5600000000.0,below_sector_K,8,8,financials,101.0
2020-07-01,701985,"Bath & Body Works, Inc.",5990.0,684,5587493009.0,below_sector_K,8,8,consumer,99.0
2020-07-01,1617406,Park Hotels & Resorts Inc.,7011.0,770,5527000000.0,below_sector_K,8,8,consumer,100.0
2020-07-01,842023,BIO-TECHNE Corp,2836.0,624,5500000000.0,below_sector_K,8,8,healthcare,81.0
2020-07-01,1596783,"Catalent, Inc.",2834.0,634,5500000000.0,below_sector_K,8,8,healthcare,82.0
2020-07-01,1046257,Ingredion Inc,2040.0,662,5477000000.0,below_sector_K,8,8,consumer,101.0
2020-07-01,1689923,"Alteryx, Inc.",7372.0,654,5400000000.0,below_sector_K,8,8,tech,89.0
2020-07-01,1594109,GrubHub Inc.,7389.0,696,5349074861.0,below_sector_K,8,8,financials,102.0
2020-07-01,1722684,"WYNDHAM HOTELS & RESORTS, INC.",7011.0,793,5310000000.0,below_sector_K,8,8,consumer,102.0
2020-07-01,1439404,ZYNGA INC,7374.0,622,5300000000.0,below_sector_K,8,8,tech,90.0
2020-07-01,866374,FLEX LTD.,3672.0,713,5300000000.0,below_sector_K,8,8,tech,91.0
2020-07-01,1594466,Pioneer PE Holding LLC,1311.0,627,5290889558.0,below_sector_K,8,8,energy,35.0
2020-07-01,775158,OSHKOSH CORP,3711.0,800,5251513147.0,below_sector_K,8,8,consumer,103.0
2020-07-01,18349,SYNOVUS FINANCIAL CORP,6021.0,792,5227154205.0,below_sector_K,8,8,financials,103.0
2020-07-01,71691,NEW YORK TIMES CO,2711.0,718,5200000000.0,below_sector_K,8,8,consumer,104.0
2020-07-01,929940,ASPENTECH Corp,7371.0,691,5131947302.0,below_sector_K,8,8,tech,92.0
2020-07-01,1111928,IPG PHOTONICS CORP,3674.0,703,5100000000.0,below_sector_K,8,8,tech,93.0
2020-07-01,1321732,Penumbra Inc,3841.0,781,5100000000.0,below_sector_K,8,8,healthcare,83.0
2020-07-01,1348036,"AVALARA, INC.",7372.0,544,5012000000.0,below_sector_K,8,8,tech,94.0
2020-07-01,1101302,ENTEGRIS INC,3089.0,727,5003128875.0,below_sector_K,8,8,consumer,105.0
2020-07-01,1171825,CIT GROUP INC,6021.0,789,4951528691.0,below_sector_K,8,8,financials,104.0
2020-07-01,1330568,iShares Silver Trust,6221.0,607,4946669829.0,below_sector_K,8,8,financials,105.0
2020-07-01,1651308,BeOne Medicines Ltd.,2834.0,700,4900000000.0,below_sector_K,8,8,healthcare,84.0
2020-07-01,1526520,"TripAdvisor, Inc.",7370.0,796,4872586695.0,below_sector_K,8,8,tech,95.0
2020-07-01,1355096,"Old QVC Group, Inc.",5961.0,600,4800000000.0,below_sector_K,8,8,consumer,106.0
2020-07-01,1037038,RALPH LAUREN CORP,2320.0,682,4649512283.0,below_sector_K,8,8,consumer,107.0
2020-07-01,1004434,"AFFILIATED MANAGERS GROUP, INC.",6282.0,656,4627759695.0,below_sector_K,8,8,financials,106.0
2020-07-01,1477449,"Teladoc Health, Inc.",8011.0,412,4607261555.0,below_sector_K,8,8,healthcare,85.0
2020-07-01,350797,"Mirror Merger Sub 2, LLC",6282.0,753,4581448621.0,below_sector_K,8,8,financials,107.0
2020-07-01,1492426,Horizon Therapeutics Public Ltd Co,2834.0,518,4500000000.0,below_sector_K,8,8,healthcare,86.0
2020-07-01,1102112,PACWEST BANCORP,6021.0,772,4500000000.0,below_sector_K,8,8,financials,108.0
2020-07-01,1364954,"CHEGG, INC",8200.0,635,4479899092.0,below_sector_K,8,8,consumer,108.0
2020-07-01,1056696,MANHATTAN ASSOCIATES INC,7372.0,782,4459448905.0,below_sector_K,8,8,tech,96.0
2020-07-01,1518832,"WPX ENERGY, INC.",1311.0,701,4310692615.0,below_sector_K,8,8,energy,36.0
2020-07-01,1280452,"MONOLITHIC POWER SYSTEMS, INC.",3674.0,637,4300000000.0,below_sector_K,8,8,tech,97.0
2020-07-01,801337,WEBSTER FINANCIAL CORP,6021.0,790,4300000000.0,below_sector_K,8,8,financials,109.0
2020-07-01,1274173,Janus Henderson Group Ltd.,6282.0,746,4101251620.8,below_sector_K,8,8,financials,110.0
2020-07-01,33213,EQT Corp,1311.0,422,4000000000.0,below_sector_K,8,8,energy,37.0
2020-07-01,39911,GAP INC,5651.0,708,4000000000.0,below_sector_K,8,8,consumer,109.0
2020-07-01,1451505,Transocean Ltd.,1381.0,759,3900000000.0,below_sector_K,8,8,energy,38.0
2020-07-01,72333,NORDSTROM INC,5651.0,732,3800000000.0,below_sector_K,8,8,consumer,110.0
2020-07-01,1311370,"Lazard, Inc.",6282.0,794,3646066351.0,below_sector_K,8,8,financials,111.0
2020-07-01,730272,REPLIGEN CORP,2836.0,799,3599784849.0,below_sector_K,8,8,healthcare,87.0
2020-07-01,16058,CACI INTERNATIONAL INC /DE/,7373.0,768,3520375787.0,below_sector_K,8,8,tech,98.0
2020-07-01,1520262,Alkermes plc.,2834.0,748,3507584798.0,below_sector_K,8,8,healthcare,88.0
2020-07-01,1725057,"Dayforce, Inc.",7372.0,579,3397400000.0,below_sector_K,8,8,tech,99.0
2020-07-01,1395942,"OPENLANE, Inc.",5500.0,692,3316074150.0,below_sector_K,8,8,consumer,111.0
2020-07-01,949870,BOSTON BEER CO INC,2082.0,784,3163500000.0,below_sector_K,8,8,consumer,112.0
2020-07-01,1690820,CARVANA CO.,5500.0,632,3100000000.0,below_sector_K,8,8,consumer,113.0
2020-07-01,1419612,"SOLAREDGE TECHNOLOGIES, INC.",3674.0,717,2862849120.0,below_sector_K,8,8,tech,100.0
2020-07-01,1527166,Carlyle Group Inc.,6282.0,594,2427751893.0,below_sector_K,8,8,financials,112.0
2020-07-01,1160958,INPHI Corp,3674.0,777,2200000000.0,below_sector_K,8,8,tech,101.0
2020-07-01,353569,QUIDEL CORP /DE/,2835.0,636,2164240608.0,below_sector_K,8,8,healthcare,89.0
2020-07-01,1627857,"Sailpoint Technologies Holdings, Inc.",7372.0,223,1700000000.0,below_sector_K,8,8,tech,102.0
2020-07-01,1731289,Nikola Corp,3711.0,471,253200000.0,below_sector_K,8,8,consumer,114.0
2021-07-01,1853513,"Mister Car Wash, Inc.",7500.0,5,,no_pit_valid_float,0,0,,
2021-07-01,1659352,"Codiak BioSciences, Inc.",2836.0,10,100756154000.0,ineligible_filing_history,3,3,,
2021-07-01,732717,AT&T INC.,4813.0,22,215000000000.0,sector_excluded_sic_4813,8,8,,
2021-07-01,732712,VERIZON COMMUNICATIONS INC,4813.0,26,228143965409.0,sector_excluded_sic_4813,8,8,,
2021-07-01,12927,BOEING CO,3721.0,34,103500000000.0,sector_excluded_sic_3721,8,8,,
2021-07-01,796343,ADOBE INC.,7372.0,38,143270000000.0,ineligible_filing_history,6,8,,
2021-07-01,1467373,Accenture plc,7389.0,45,115077476776.0,ineligible_filing_history,6,8,,
2021-07-01,909832,COSTCO WHOLESALE CORP /NEW,5331.0,47,140245657604.0,ineligible_filing_history,6,8,,
2021-07-01,773840,HONEYWELL INTERNATIONAL INC,3724.0,49,97000000000.0,sector_excluded_sic_3724,8,8,,
2021-07-01,1090727,UNITED PARCEL SERVICE INC,4210.0,50,78510244191.0,sector_excluded_sic_4210,8,8,,
2021-07-01,1707925,LINDE PLC,2810.0,52,111000000000.0,sector_excluded_sic_2810,8,8,,
2021-07-01,753308,NEXTERA ENERGY INC,4911.0,54,117405158883.0,sector_excluded_sic_4911,8,8,,
2021-07-01,100885,UNION PACIFIC CORP,4011.0,55,113500000000.0,sector_excluded_sic_4011,8,8,,
2021-07-01,97745,THERMO FISHER SCIENTIFIC INC.,3829.0,58,138639543000.0,sector_excluded_sic_3829,8,8,,
2021-07-01,4962,AMERICAN EXPRESS CO,6199.0,62,76600000000.0,non_operating_sic_6199,8,8,,
2021-07-01,101829,RTX Corp,3724.0,64,93495749819.0,sector_excluded_sic_3724,8,8,,
2021-07-01,1053507,AMERICAN TOWER CORP /MA/,6798.0,67,114300000000.0,sector_excluded_sic_6798,8,8,,
2021-07-01,18230,CATERPILLAR INC,3531.0,69,67900000000.0,sector_excluded_sic_3531,8,8,,
2021-07-01,40545,GENERAL ELECTRIC CO,3600.0,70,,no_pit_valid_float,8,8,,
2021-07-01,315189,DEERE & CO,3523.0,71,43155250076.0,sector_excluded_sic_3523,8,8,,
2021-07-01,313616,DANAHER CORP /DE/,3823.0,73,113200000000.0,sector_excluded_sic_3823,8,8,,
2021-07-01,936468,LOCKHEED MARTIN CORP,3760.0,78,99300000000.0,sector_excluded_sic_3760,8,8,,
2021-07-01,64040,S&P Global Inc.,7320.0,80,79400000000.0,sector_excluded_sic_7320,8,8,,
2021-07-01,896878,INTUIT INC.,7372.0,81,,no_pit_valid_float,8,8,,
2021-07-01,1075531,Booking Holdings Inc.,4700.0,87,65000000000.0,sector_excluded_sic_4700,8,8,,
2021-07-01,1045609,"Prologis, Inc.",6798.0,90,68586769164.0,sector_excluded_sic_6798,8,8,,
2021-07-01,1283699,"T-Mobile US, Inc.",4812.0,92,40700000000.0,sector_excluded_sic_4812,8,8,,
2021-07-01,1051470,CROWN CASTLE INC.,6798.0,96,69400000000.0,sector_excluded_sic_6798,8,8,,
2021-07-01,723125,MICRON TECHNOLOGY INC,3674.0,103,44800000000.0,ineligible_filing_history,6,7,,
2021-07-01,277948,CSX CORP,4011.0,110,,no_pit_valid_float,8,8,,
2021-07-01,1101239,EQUINIX INC,6798.0,111,62200000000.0,sector_excluded_sic_6798,8,8,,
2021-07-01,1048911,FEDEX CORP,4513.0,116,38100000000.0,sector_excluded_sic_4513,6,8,,
2021-07-01,49826,ILLINOIS TOOL WORKS INC,3560.0,117,55100000000.0,sector_excluded_sic_3560,8,8,,
2021-07-01,715957,"DOMINION ENERGY, INC",4911.0,122,68000000000.0,sector_excluded_sic_4911,8,8,,
2021-07-01,1059556,MOODYS CORP /DE/,7320.0,123,51000000000.0,sector_excluded_sic_7320,8,8,,
2021-07-01,1640147,Snowflake Inc.,7372.0,126,65900000000.0,ineligible_filing_history,3,3,,
2021-07-01,702165,NORFOLK SOUTHERN CORP,4011.0,127,44745974634.0,sector_excluded_sic_4011,8,8,,
2021-07-01,92122,SOUTHERN CO,4911.0,128,54800000000.0,sector_excluded_sic_4911,8,8,,
2021-07-01,2969,"Air Products & Chemicals, Inc.",2810.0,133,44000000000.0,sector_excluded_sic_2810,8,8,,
2021-07-01,1551182,Eaton Corp plc,3590.0,135,35000000000.0,sector_excluded_sic_3590,8,8,,
2021-07-01,823768,WASTE MANAGEMENT INC,4953.0,136,44700000000.0,sector_excluded_sic_4953,8,8,,
2021-07-01,1133421,NORTHROP GRUMMAN CORP /DE/,3812.0,139,51200000000.0,sector_excluded_sic_3812,8,8,,
2021-07-01,1578845,Allergan plc,2834.0,144,54800000000.0,ineligible_filing_history,4,4,,
2021-07-01,32604,EMERSON ELECTRIC CO,3600.0,149,28300000000.0,sector_excluded_sic_3600,8,8,,
2021-07-01,16875,CANADIAN PACIFIC KANSAS CITY LTD/CN,4011.0,159,34600245541.0,sector_excluded_sic_4011,8,8,,
2021-07-01,1164727,NEWMONT Corp /DE/,1040.0,162,49521911826.0,sector_excluded_sic_1040,8,8,,
2021-07-01,1559720,"Airbnb, Inc.",7340.0,163,,no_pit_valid_float,2,2,,
2021-07-01,882835,ROPER TECHNOLOGIES INC,3823.0,164,40400000000.0,sector_excluded_sic_3823,8,8,,
2021-07-01,40533,GENERAL DYNAMICS CORP,3730.0,165,36917915083.0,sector_excluded_sic_3730,8,8,,
2021-07-01,1063761,SIMON PROPERTY GROUP INC.,6798.0,166,20734000000.0,sector_excluded_sic_6798,8,8,,
2021-07-01,831259,FREEPORT-MCMORAN INC,1000.0,167,14900000000.0,sector_excluded_sic_1000,8,8,,
2021-07-01,1047122,RAYTHEON CO/,3812.0,168,48300000000.0,sector_excluded_sic_3812,3,3,,
2021-07-01,55785,KIMBERLY CLARK CORP,2670.0,169,48200000000.0,sector_excluded_sic_2670,8,8,,
2021-07-01,1751788,DOW INC.,2821.0,171,29600000000.0,sector_excluded_sic_2821,8,8,,
2021-07-01,1109357,EXELON CORP,4931.0,172,35402501369.0,sector_excluded_sic_4931,8,8,,
2021-07-01,1321655,Palantir Technologies Inc.,7372.0,176,13300000000.0,ineligible_filing_history,3,3,,
2021-07-01,1393311,Public Storage,6798.0,177,,no_pit_valid_float,8,8,,
2021-07-01,10456,BAXTER INTERNATIONAL INC,3841.0,182,44000000000.0,ineligible_filing_history,7,8,,
2021-07-01,1466258,Trane Technologies plc,3822.0,184,21200000000.0,sector_excluded_sic_3822,8,8,,
2021-07-01,4904,AMERICAN ELECTRIC POWER CO INC,4911.0,185,39549558010.0,sector_excluded_sic_4911,8,8,,
2021-07-01,833444,Johnson Controls International plc,3585.0,188,20000000000.0,sector_excluded_sic_3585,8,8,,
2021-07-01,1385157,TE Connectivity plc,5065.0,189,20700000000.0,sector_excluded_sic_5065,8,8,,
2021-07-01,6281,ANALOG DEVICES INC,3674.0,192,,no_pit_valid_float,8,8,,
2021-07-01,1783180,CARRIER GLOBAL Corp,3585.0,193,19200000000.0,sector_excluded_sic_3585,5,5,,
2021-07-01,1297996,"DIGITAL REALTY TRUST, INC.",6798.0,194,38000000000.0,sector_excluded_sic_6798,8,8,,
2021-07-01,1032208,SEMPRA,4932.0,196,34300000000.0,sector_excluded_sic_4932,8,8,,
2021-07-01,1666700,"DuPont de Nemours, Inc.",2821.0,199,39000000000.0,sector_excluded_sic_2821,8,8,,
2021-07-01,79879,PPG INDUSTRIES INC,2851.0,206,25002000000.0,sector_excluded_sic_2851,8,8,,
2021-07-01,319201,KLA CORP,3827.0,207,27900000000.0,sector_excluded_sic_3827,8,8,,
2021-07-01,1639825,"PELOTON INTERACTIVE, INC.",3949.0,208,6281462442.0,ineligible_filing_history,7,7,,
2021-07-01,723254,CINTAS CORP,2320.0,216,,no_pit_valid_float,7,8,,
2021-07-01,51253,INTERNATIONAL FLAVORS & FRAGRANCES INC,2860.0,217,13567537235.0,sector_excluded_sic_2860,8,8,,
2021-07-01,202058,"L3HARRIS TECHNOLOGIES, INC. /DE/",3812.0,218,36993861277.0,sector_excluded_sic_3812,7,7,,
2021-07-01,27904,"DELTA AIR LINES, INC.",4512.0,219,17900000000.0,sector_excluded_sic_4512,8,8,,
2021-07-01,1315098,Roblox Corp,7372.0,220,,no_pit_valid_float,1,1,,
2021-07-01,40704,GENERAL MILLS INC,2040.0,221,36765200000.0,ineligible_filing_history,7,8,,
2021-07-01,72903,XCEL ENERGY INC,4931.0,228,32825311125.0,sector_excluded_sic_4931,8,8,,
2021-07-01,766704,WELLTOWER INC.,6798.0,230,21561545000.0,sector_excluded_sic_6798,8,8,,
2021-07-01,1060391,"REPUBLIC SERVICES, INC.",4953.0,231,26100000000.0,sector_excluded_sic_4953,8,8,,
2021-07-01,24741,CORNING INC /NY,3357.0,232,19000000000.0,sector_excluded_sic_3357,8,8,,
2021-07-01,76334,Parker-Hannifin Corp,3490.0,233,26292325769.0,sector_excluded_sic_3490,8,8,,
2021-07-01,1598014,IHS Markit Ltd.,7370.0,234,19600000000.0,ineligible_filing_history,6,8,,
2021-07-01,1781335,Otis Worldwide Corp,3600.0,235,24623303912.0,sector_excluded_sic_3600,5,5,,
2021-07-01,1034054,SBA COMMUNICATIONS CORP,6798.0,237,33000000000.0,sector_excluded_sic_6798,8,8,,
2021-07-01,1618921,"Walgreens Boots Alliance, Inc.",5912.0,240,33500000000.0,ineligible_filing_history,6,7,,
2021-07-01,1679788,"Coinbase Global, Inc.",6199.0,241,,no_pit_valid_float,1,1,,
2021-07-01,1260221,TransDigm Group INC,3728.0,247,17842940279.0,sector_excluded_sic_3728,8,8,,
2021-07-01,16918,"CONSTELLATION BRANDS, INC.",2080.0,250,29984320148.0,ineligible_filing_history,7,8,,
2021-07-01,1792789,"DoorDash, Inc.",7389.0,251,19900000000.0,ineligible_filing_history,2,2,,
2021-07-01,882184,HORTON D R INC /DE/,1531.0,253,11500000000.0,sector_excluded_sic_1531,8,8,,
2021-07-01,103379,V F CORP,2320.0,254,,no_pit_valid_float,8,8,,
2021-07-01,92380,SOUTHWEST AIRLINES CO,4512.0,255,20094518012.0,sector_excluded_sic_4512,8,8,,
2021-07-01,1318220,"Waste Connections, Inc.",4953.0,256,24588674819.0,sector_excluded_sic_4953,8,8,,
2021-07-01,1037868,AMETEK INC/,3823.0,259,20500000000.0,sector_excluded_sic_3823,8,8,,
2021-07-01,1024478,"ROCKWELL AUTOMATION, INC",3829.0,260,17400000000.0,sector_excluded_sic_3829,8,8,,
2021-07-01,1413447,NXP Semiconductors N.V.,3674.0,265,30200000000.0,ineligible_filing_history,7,7,,
2021-07-01,723531,PAYCHEX INC,8700.0,266,27530894822.0,sector_excluded_sic_8700,6,8,,
2021-07-01,788784,PUBLIC SERVICE ENTERPRISE GROUP INC,4931.0,267,24648067675.0,sector_excluded_sic_4931,8,8,,
2021-07-01,33185,EQUIFAX INC,7320.0,271,20875342327.0,sector_excluded_sic_7320,8,8,,
2021-07-01,1047862,CONSOLIDATED EDISON INC,4931.0,272,24000000000.0,sector_excluded_sic_4931,8,8,,
2021-07-01,915912,AVALONBAY COMMUNITIES INC,6798.0,273,21698072550.0,sector_excluded_sic_6798,8,8,,
2021-07-01,906107,VIVMARK RESIDENTIAL,6798.0,276,21700000000.0,sector_excluded_sic_6798,8,8,,
2021-07-01,72741,EVERSOURCE ENERGY,4911.0,277,28496151703.0,sector_excluded_sic_4911,8,8,,
2021-07-01,783325,"WEC ENERGY GROUP, INC.",4931.0,282,27600000000.0,sector_excluded_sic_4931,8,8,,
2021-07-01,920760,LENNAR CORP /NEW/,1520.0,285,16947808831.0,sector_excluded_sic_1520,8,8,,
2021-07-01,1601712,Synchrony Financial,6199.0,286,12935102284.0,non_operating_sic_6199,8,8,,
2021-07-01,1138118,"CBRE GROUP, INC.",6500.0,288,14600000000.0,sector_excluded_sic_6500,8,8,,
2021-07-01,1173431,TD AMERITRADE HOLDING CORP,6211.0,289,27700000000.0,ineligible_filing_history,5,5,,
2021-07-01,56873,KROGER CO,5411.0,290,27600000000.0,ineligible_filing_history,7,8,,
2021-07-01,1035443,"ALEXANDRIA REAL ESTATE EQUITIES, INC.",6798.0,291,20200000000.0,sector_excluded_sic_6798,8,8,,
2021-07-01,1489393,LyondellBasell Industries N.V.,2860.0,295,16800000000.0,sector_excluded_sic_2860,8,8,,
2021-07-01,26172,CUMMINS INC,3510.0,296,24900000000.0,sector_excluded_sic_3510,8,8,,
2021-07-01,9389,BALL Corp,3411.0,297,22700000000.0,sector_excluded_sic_3411,8,8,,
2021-07-01,1561550,"Datadog, Inc.",7372.0,301,26280000000.0,ineligible_filing_history,7,7,,
2021-07-01,106535,WEYERHAEUSER CO,6798.0,308,16800000000.0,sector_excluded_sic_6798,8,8,,
2021-07-01,54480,KANSAS CITY SOUTHERN,4011.0,309,14010000000.0,sector_excluded_sic_4011,8,8,,
2021-07-01,726728,REALTY INCOME CORP,6798.0,312,20500000000.0,sector_excluded_sic_6798,8,8,,
2021-07-01,21076,CLOROX CO /DE/,2842.0,313,19000000000.0,sector_excluded_sic_2842,8,8,,
2021-07-01,815097,Carnival Corp Ltd.,4400.0,314,7100000000.0,sector_excluded_sic_4400,7,8,,
2021-07-01,1474735,GENERAC HOLDINGS INC.,3621.0,315,7391323686.0,sector_excluded_sic_3621,8,8,,
2021-07-01,740260,"Ventas, Inc.",6798.0,316,11700000000.0,sector_excluded_sic_6798,8,8,,
2021-07-01,866787,AUTOZONE INC,5531.0,320,24661503822.0,ineligible_filing_history,6,8,,
2021-07-01,1410636,"American Water Works Company, Inc.",4941.0,322,20390800000.0,sector_excluded_sic_4941,8,8,,
2021-07-01,1058057,MARVELL TECHNOLOGY GROUP LTD,3674.0,324,24357535058.0,ineligible_filing_history,7,7,,
2021-07-01,1659166,Fortive Corp,3823.0,328,17100000000.0,sector_excluded_sic_3823,8,8,,
2021-07-01,878927,"OLD DOMINION FREIGHT LINE, INC.",4213.0,329,16302404841.0,sector_excluded_sic_4213,8,8,,
2021-07-01,1175454,"CORPAY, INC.",7389.0,331,,no_pit_valid_float,8,8,,
2021-07-01,63754,MCCORMICK & CO INC,2090.0,333,23311387050.0,ineligible_filing_history,5,7,,
2021-07-01,1324424,"Expedia Group, Inc.",4700.0,335,11102938000.0,sector_excluded_sic_4700,8,8,,
2021-07-01,936340,DTE ENERGY CO,4911.0,339,20500000000.0,sector_excluded_sic_4911,8,8,,
2021-07-01,1396009,Vulcan Materials CO,1400.0,340,15315526050.0,sector_excluded_sic_1400,8,8,,
2021-07-01,1031296,FIRSTENERGY CORP,4911.0,342,20967401361.0,sector_excluded_sic_4911,8,8,,
2021-07-01,1524472,Xylem Inc.,3561.0,344,11600000000.0,sector_excluded_sic_3561,8,8,,
2021-07-01,922224,PPL Corp,4911.0,345,19865342074.0,sector_excluded_sic_4911,8,8,,
2021-07-01,827052,EDISON INTERNATIONAL,4911.0,348,20500000000.0,sector_excluded_sic_4911,8,8,,
2021-07-01,884887,ROYAL CARIBBEAN CRUISES LTD,4400.0,350,10500000000.0,sector_excluded_sic_4400,8,8,,
2021-07-01,1121788,GARMIN LTD,3812.0,351,14141000000.0,sector_excluded_sic_3812,8,8,,
2021-07-01,93556,"STANLEY BLACK & DECKER, INC.",3420.0,353,21800000000.0,sector_excluded_sic_3420,8,8,,
2021-07-01,3570,"Cheniere Energy, Inc.",4924.0,354,12100000000.0,sector_excluded_sic_4924,8,8,,
2021-07-01,29905,DOVER Corp,3530.0,355,13862183340.0,sector_excluded_sic_3530,8,8,,
2021-07-01,1289490,Extra Space Storage Inc.,6798.0,356,11637515440.0,sector_excluded_sic_6798,8,8,,
2021-07-01,746515,EXPEDITORS INTERNATIONAL OF WASHINGTON INC,4731.0,358,12607970514.0,sector_excluded_sic_4731,8,8,,
2021-07-01,1687229,Invitation Homes Inc.,6510.0,362,15400000000.0,sector_excluded_sic_6510,8,8,,
2021-07-01,100517,"United Airlines Holdings, Inc.",4512.0,363,10000000000.0,sector_excluded_sic_4512,8,8,,
2021-07-01,1552033,TransUnion,7320.0,366,16500000000.0,sector_excluded_sic_7320,8,8,,
2021-07-01,1067701,"UNITED RENTALS, INC.",7359.0,372,9440000000.0,sector_excluded_sic_7359,8,8,,
2021-07-01,65984,ENTERGY CORP /DE/,4911.0,373,18800000000.0,sector_excluded_sic_4911,8,8,,
2021-07-01,277135,"W.W. GRAINGER, INC.",5000.0,374,15084028289.0,sector_excluded_sic_5000,8,8,,
2021-07-01,1002910,AMEREN CORP,4931.0,375,17299078950.0,sector_excluded_sic_4931,8,8,,
2021-07-01,1358071,CONCHO RESOURCES INC,1311.0,376,20479372863.0,ineligible_filing_history,6,6,,
2021-07-01,1004980,PG&E Corp,4931.0,381,,no_pit_valid_float,8,8,,
2021-07-01,1588489,Grayscale Bitcoin Trust ETF,6221.0,382,3751120820.0,ineligible_filing_history,6,6,,
2021-07-01,1834584,"Coupang, Inc.",5961.0,385,,no_pit_valid_float,1,1,,
2021-07-01,1037540,"BXP, Inc.",6798.0,387,14037034481.0,sector_excluded_sic_6798,8,8,,
2021-07-01,915913,ALBEMARLE CORP,2821.0,391,8200000000.0,sector_excluded_sic_2821,8,8,,
2021-07-01,749251,GARTNER INC,8741.0,393,10500000000.0,sector_excluded_sic_8741,8,8,,
2021-07-01,912593,SUN COMMUNITIES INC,6798.0,397,13075882670.0,sector_excluded_sic_6798,8,8,,
2021-07-01,916076,MARTIN MARIETTA MATERIALS INC,1400.0,398,11377742588.0,sector_excluded_sic_1400,8,8,,
2021-07-01,920522,"ESSEX PROPERTY TRUST, INC.",6798.0,401,14874979309.0,sector_excluded_sic_6798,8,8,,
2021-07-01,1601046,"Keysight Technologies, Inc.",3823.0,404,13000000000.0,sector_excluded_sic_3823,8,8,,
2021-07-01,1699150,Ingersoll Rand Inc.,3560.0,405,10500000000.0,sector_excluded_sic_3560,8,8,,
2021-07-01,1770787,"10x Genomics, Inc.",3826.0,409,7300000000.0,ineligible_filing_history,7,7,,
2021-07-01,783280,DUKE REALTY CORP,6798.0,419,13190000000.0,sector_excluded_sic_6798,8,8,,
2021-07-01,945841,POOL CORP,5090.0,421,10531013045.0,sector_excluded_sic_5090,8,8,,
2021-07-01,23217,CONAGRA BRANDS INC.,2000.0,426,13986160847.0,ineligible_filing_history,7,8,,
2021-07-01,40987,GENUINE PARTS CO,5013.0,429,12200000000.0,sector_excluded_sic_5013,8,8,,
2021-07-01,874761,AES CORP,4991.0,430,9420000000.0,sector_excluded_sic_4991,8,8,,
2021-07-01,1792044,Viatris Inc,2834.0,431,,no_pit_valid_float,5,6,,
2021-07-01,811156,CMS ENERGY CORP,4931.0,434,16647000000.0,sector_excluded_sic_4931,8,8,,
2021-07-01,51434,INTERNATIONAL PAPER CO /NEW/,2621.0,435,13786056781.0,sector_excluded_sic_2621,8,8,,
2021-07-01,52988,JACOBS SOLUTIONS INC.,1600.0,437,9600000000.0,sector_excluded_sic_1600,8,8,,
2021-07-01,1704292,Zai Lab Ltd,2834.0,439,6200000000.0,ineligible_filing_history,2,2,,
2021-07-01,906163,NVR INC,1531.0,441,11374674000.0,sector_excluded_sic_1531,8,8,,
2021-07-01,1306830,Celanese Corp,2820.0,442,10196052077.0,sector_excluded_sic_2820,8,8,,
2021-07-01,832101,IDEX CORP /DE/,3561.0,443,11866931226.0,sector_excluded_sic_3561,8,8,,
2021-07-01,1705696,VICI PROPERTIES INC.,6798.0,444,10800000000.0,sector_excluded_sic_6798,8,8,,
2021-07-01,1802768,Royalty Pharma plc,2834.0,445,4200000000.0,ineligible_filing_history,4,4,,
2021-07-01,46619,HEICO CORP,3724.0,446,9754365000.0,sector_excluded_sic_3724,8,8,,
2021-07-01,73309,NUCOR CORP,3312.0,447,12430000000.0,sector_excluded_sic_3312,8,8,,
2021-07-01,1701605,Baker Hughes Co,3533.0,453,5492452024.0,sector_excluded_sic_3533,8,8,,
2021-07-01,1751008,AppLovin Corp,7370.0,457,,no_pit_valid_float,1,1,,
2021-07-01,943452,WESTINGHOUSE AIR BRAKE TECHNOLOGIES CORP,3743.0,459,10500000000.0,sector_excluded_sic_3743,8,8,,
2021-07-01,4281,Howmet Aerospace Inc.,3350.0,464,7000000000.0,sector_excluded_sic_3350,8,8,,
2021-07-01,18926,"Lumen Technologies, Inc.",4813.0,466,10900000000.0,sector_excluded_sic_4813,8,8,,
2021-07-01,1477333,"Cloudflare, Inc.",7372.0,467,4336000000.0,ineligible_filing_history,7,7,,
2021-07-01,1093691,PLUG POWER INC,3620.0,475,2733184540.0,sector_excluded_sic_3620,7,8,,
2021-07-01,62996,MASCO CORP /DE/,3430.0,476,13053334100.0,sector_excluded_sic_3430,8,8,,
2021-07-01,1065696,LKQ CORP,5010.0,477,7900000000.0,sector_excluded_sic_5010,8,8,,
2021-07-01,1130310,CENTERPOINT ENERGY INC,4911.0,479,10142624694.0,sector_excluded_sic_4911,8,8,,
2021-07-01,6201,American Airlines Group Inc.,4512.0,480,6600000000.0,sector_excluded_sic_4512,8,8,,
2021-07-01,1810806,Unity Software Inc.,7372.0,481,14400000000.0,ineligible_filing_history,3,3,,
2021-07-01,940944,DARDEN RESTAURANTS INC,5812.0,484,13915679000.0,ineligible_filing_history,7,8,,
2021-07-01,1711269,"Evergy, Inc.",4931.0,487,13410149293.0,sector_excluded_sic_4931,8,8,,
2021-07-01,822416,PULTEGROUP INC/MI/,1531.0,488,9077356567.0,sector_excluded_sic_1531,8,8,,
2021-07-01,352541,ALLIANT ENERGY CORP,4931.0,492,11900000000.0,sector_excluded_sic_4931,8,8,,
2021-07-01,37785,FMC CORP,2800.0,494,12829126457.0,sector_excluded_sic_2800,8,8,,
2021-07-01,1025378,W. P. Carey Inc.,6798.0,495,11700000000.0,sector_excluded_sic_6798,8,8,,
2021-07-01,912595,MID AMERICA APARTMENT COMMUNITIES INC.,6798.0,496,9100000000.0,sector_excluded_sic_6798,8,8,,
2021-07-01,1732845,WestRock Co,2650.0,498,7220000000.0,sector_excluded_sic_2650,8,8,,
2021-07-01,1519751,"Fortune Brands Innovations, Inc.",2430.0,499,8785219109.0,sector_excluded_sic_2430,8,8,,
2021-07-01,728535,HUNT J B TRANSPORT SERVICES INC,4213.0,501,10100000000.0,sector_excluded_sic_4213,8,8,,
2021-07-01,1219601,"CROWN HOLDINGS, INC.",3411.0,502,8777604424.0,sector_excluded_sic_3411,8,8,,
2021-07-01,1043219,ANNALY CAPITAL MANAGEMENT INC,6798.0,505,9200000000.0,sector_excluded_sic_6798,8,8,,
2021-07-01,906345,CAMDEN PROPERTY TRUST,6798.0,506,8830473560.0,sector_excluded_sic_6798,8,8,,
2021-07-01,765880,"HEALTHPEAK PROPERTIES, INC.",6798.0,509,12500000000.0,sector_excluded_sic_6798,8,8,,
2021-07-01,1069202,LENNOX INTERNATIONAL INC,3585.0,511,8900000000.0,sector_excluded_sic_3585,8,8,,
2021-07-01,877212,ZEBRA TECHNOLOGIES CORP,3560.0,512,13000000000.0,sector_excluded_sic_3560,8,8,,
2021-07-01,1166003,"XPO, Inc.",4700.0,513,7000000000.0,sector_excluded_sic_4700,8,8,,
2021-07-01,1174922,WYNN RESORTS LTD,7011.0,514,,no_pit_valid_float,8,8,,
2021-07-01,1623613,Mylan II B.V.,2834.0,515,12814190996.0,ineligible_filing_history,6,6,,
2021-07-01,731802,ATMOS ENERGY CORP,4924.0,516,11938304144.0,sector_excluded_sic_4924,8,8,,
2021-07-01,42888,GRACO INC,3561.0,517,7690582750.0,sector_excluded_sic_3561,8,8,,
2021-07-01,895417,EQUITY LIFESTYLE PROPERTIES INC,6798.0,518,10599000000.0,sector_excluded_sic_6798,8,8,,
2021-07-01,75677,PACKAGING CORP OF AMERICA,2650.0,523,9321915008.0,sector_excluded_sic_2650,8,8,,
2021-07-01,1579241,Allegion plc,7381.0,525,9400000000.0,sector_excluded_sic_7381,8,8,,
2021-07-01,1050915,"QUANTA SERVICES, INC.",1731.0,527,5300000000.0,sector_excluded_sic_1731,8,8,,
2021-07-01,1043277,"C. H. ROBINSON WORLDWIDE, INC.",4731.0,532,10644657729.0,sector_excluded_sic_4731,8,8,,
2021-07-01,737758,TORO CO,3524.0,533,6700000000.0,sector_excluded_sic_3524,8,8,,
2021-07-01,1800227,People Inc,7370.0,535,,no_pit_valid_float,5,5,,
2021-07-01,217346,TEXTRON INC,3720.0,537,7400000000.0,sector_excluded_sic_3720,8,8,,
2021-07-01,1020569,IRON MOUNTAIN INC,6798.0,541,,no_pit_valid_float,8,8,,
2021-07-01,1070750,"HOST HOTELS & RESORTS, INC.",6798.0,545,7512950865.0,sector_excluded_sic_6798,8,8,,
2021-07-01,1069878,TREX CO INC,2400.0,553,7500000000.0,sector_excluded_sic_2400,8,8,,
2021-07-01,1287865,MEDICAL PROPERTIES TRUST INC,6798.0,554,9800000000.0,sector_excluded_sic_6798,8,8,,
2021-07-01,1513761,Norwegian Cruise Line Holdings Ltd.,4400.0,558,4200000000.0,sector_excluded_sic_4400,8,8,,
2021-07-01,203527,VARIAN MEDICAL SYSTEMS INC,3845.0,560,6905810423.0,ineligible_filing_history,7,7,,
2021-07-01,864749,TRIMBLE INC.,3829.0,561,10800000000.0,sector_excluded_sic_3829,8,8,,
2021-07-01,1069183,"AXON ENTERPRISE, INC.",3480.0,563,6126000000.0,sector_excluded_sic_3480,8,8,,
2021-07-01,110621,RPM INTERNATIONAL INC/DE/,2851.0,567,9456281333.0,sector_excluded_sic_2851,8,8,,
2021-07-01,98246,TIFFANY & CO,5944.0,568,11273922094.0,ineligible_filing_history,6,6,,
2021-07-01,899689,VORNADO REALTY TRUST,6798.0,569,6727146000.0,sector_excluded_sic_6798,8,8,,
2021-07-01,1443646,Booz Allen Hamilton Holding Corp,8742.0,570,11257045142.0,sector_excluded_sic_8742,8,8,,
2021-07-01,78128,"Essential Utilities, Inc.",4941.0,572,10336428580.0,sector_excluded_sic_4941,8,8,,
2021-07-01,910606,REGENCY CENTERS CORP,6798.0,577,7700000000.0,sector_excluded_sic_6798,8,8,,
2021-07-01,77360,PENTAIR plc,3550.0,578,6245419948.0,sector_excluded_sic_3550,8,8,,
2021-07-01,1324404,"CF Industries Holdings, Inc.",2870.0,579,5984082631.0,sector_excluded_sic_2870,8,8,,
2021-07-01,1094285,TELEDYNE TECHNOLOGIES INC,3812.0,582,10900000000.0,sector_excluded_sic_3812,8,8,,
2021-07-01,1383650,"Cheniere Energy Partners, L.P.",4924.0,588,8500000000.0,sector_excluded_sic_4924,8,8,,
2021-07-01,1562401,American Homes 4 Rent,6798.0,591,6900000000.0,sector_excluded_sic_6798,8,8,,
2021-07-01,1111711,NISOURCE INC.,4931.0,595,8671854266.0,sector_excluded_sic_4931,8,8,,
2021-07-01,72207,NOBLE ENERGY INC,1311.0,596,10700000000.0,ineligible_filing_history,5,5,,
2021-07-01,1786352,"BILL Holdings, Inc.",7372.0,598,1100000000.0,ineligible_filing_history,6,6,,
2021-07-01,764065,CLEVELAND-CLIFFS INC.,1000.0,599,2171029299.0,sector_excluded_sic_1000,8,8,,
2021-07-01,97210,"TERADYNE, INC",3825.0,600,10600000000.0,sector_excluded_sic_3825,8,8,,
2021-07-01,764622,PINNACLE WEST CAPITAL CORP,4911.0,604,8231813171.0,sector_excluded_sic_4911,8,8,,
2021-07-01,915389,EASTMAN CHEMICAL CO,2821.0,605,9408918961.0,sector_excluded_sic_2821,8,8,,
2021-07-01,1575965,"Gaming & Leisure Properties, Inc.",6798.0,609,7100000000.0,sector_excluded_sic_6798,8,8,,
2021-07-01,825542,SCOTTS MIRACLE-GRO CO,2870.0,611,4116773282.0,sector_excluded_sic_2870,8,8,,
2021-07-01,1370946,Owens Corning,3290.0,613,6023086936.0,sector_excluded_sic_3290,8,8,,
2021-07-01,1095073,"EVEREST GROUP, LTD.",6331.0,615,,no_pit_valid_float,8,8,,
2021-07-01,1818874,"SoFi Technologies, Inc.",6199.0,618,1001420000.0,non_operating_sic_6199,3,3,,
2021-07-01,1037976,JONES LANG LASALLE INC,6531.0,620,5309965418.0,sector_excluded_sic_6531,8,8,,
2021-07-01,1049502,MKS INC,3823.0,624,6237127049.0,sector_excluded_sic_3823,8,8,,
2021-07-01,1285785,MOSAIC CO,2870.0,625,4700000000.0,sector_excluded_sic_2870,8,8,,
2021-07-01,851205,COGNEX CORP,3823.0,627,9792441959.0,sector_excluded_sic_3823,8,8,,
2021-07-01,34903,FEDERAL REALTY INVESTMENT TRUST,6798.0,629,6400000000.0,sector_excluded_sic_6798,8,8,,
2021-07-01,315213,ROBERT HALF INC.,7363.0,630,5876880362.0,sector_excluded_sic_7363,8,8,,
2021-07-01,8818,Avery Dennison Corp,2670.0,631,9100000000.0,sector_excluded_sic_2670,8,8,,
2021-07-01,105016,WATSCO INC,5070.0,632,5937000000.0,sector_excluded_sic_5070,8,8,,
2021-07-01,884614,UGI CORP /PA/,4932.0,633,5523368628.0,sector_excluded_sic_4932,8,8,,
2021-07-01,861884,"RELIANCE, INC.",5051.0,637,6000000000.0,sector_excluded_sic_5051,8,8,,
2021-07-01,74208,"UDR, Inc.",6798.0,638,5800000000.0,sector_excluded_sic_6798,8,8,,
2021-07-01,868857,AECOM,8711.0,645,4500000000.0,sector_excluded_sic_8711,8,8,,
2021-07-01,1298675,CubeSmart,6798.0,647,5228744387.0,sector_excluded_sic_6798,8,8,,
2021-07-01,1538990,STORE CAPITAL LLC,6798.0,650,6000000000.0,sector_excluded_sic_6798,8,8,,
2021-07-01,1501585,"HUNTINGTON INGALLS INDUSTRIES, INC.",3730.0,651,7065000000.0,sector_excluded_sic_3730,8,8,,
2021-07-01,1823593,TuSimple Holdings Inc.,7373.0,654,,no_pit_valid_float,1,1,,
2021-07-01,1477294,Sensata Technologies Holding plc,3823.0,662,5800000000.0,sector_excluded_sic_3823,8,8,,
2021-07-01,1692819,Vistra Corp.,4911.0,663,9084469142.0,sector_excluded_sic_4911,8,8,,
2021-07-01,1811074,Texas Pacific Land Corp,6792.0,668,4508900000.0,non_operating_sic_6792,2,2,,
2021-07-01,91440,Snap-on Inc,3420.0,669,7200000000.0,sector_excluded_sic_3420,8,8,,
2021-07-01,1090425,LAMAR ADVERTISING CO/NEW,6798.0,670,5693120893.0,sector_excluded_sic_6798,8,8,,
2021-07-01,1553023,CyrusOne Holdco LLC,6798.0,671,8500000000.0,sector_excluded_sic_6798,8,8,,
2021-07-01,1437578,BRIGHT HORIZONS FAMILY SOLUTIONS INC.,8351.0,672,7000000000.0,sector_excluded_sic_8351,8,8,,
2021-07-01,1012100,SEALED AIR CORP/DE,2820.0,673,5090724127.0,sector_excluded_sic_2820,8,8,,
2021-07-01,1764046,CLARIVATE PLC,7374.0,674,6000000000.0,ineligible_filing_history,6,6,,
2021-07-01,1507385,"VEREIT, Inc.",6798.0,676,6900000000.0,sector_excluded_sic_6798,8,8,,
2021-07-01,879101,KIMCO REALTY CORP,6798.0,677,5400000000.0,sector_excluded_sic_6798,8,8,,
2021-07-01,929940,ASPENTECH Corp,7371.0,679,7351100942.0,ineligible_filing_history,7,8,,
2021-07-01,1022671,STEEL DYNAMICS INC,3312.0,683,4100000000.0,sector_excluded_sic_3312,8,8,,
2021-07-01,888491,OMEGA HEALTHCARE INVESTORS INC,6798.0,684,6747008166.0,sector_excluded_sic_6798,8,8,,
2021-07-01,751364,"NNN REIT, INC.",6798.0,685,6111300000.0,sector_excluded_sic_6798,8,8,,
2021-07-01,1013871,"NRG ENERGY, INC.",4911.0,686,6941658699.0,sector_excluded_sic_4911,8,8,,
2021-07-01,1801169,Opendoor Technologies Inc.,6531.0,690,486500000.0,sector_excluded_sic_6531,5,5,,
2021-07-01,1021635,OGE ENERGY CORP.,4911.0,691,6077156282.0,sector_excluded_sic_4911,8,8,,
2021-07-01,1398659,Genpact LTD,8742.0,693,6941276604.0,sector_excluded_sic_8742,8,8,,
2021-07-01,1681459,TechnipFMC plc,3533.0,695,2700000000.0,sector_excluded_sic_3533,8,8,,
2021-07-01,944314,"LIFE STORAGE, INC.",6798.0,696,4454906353.0,sector_excluded_sic_6798,8,8,,
2021-07-01,931015,Polaris Inc.,3790.0,699,5675268000.0,sector_excluded_sic_3790,8,8,,
2021-07-01,1364885,"Spirit AeroSystems Holdings, Inc.",3728.0,701,2466868099.0,sector_excluded_sic_3728,8,8,,
2021-07-01,1792580,Ovintiv Inc.,1311.0,702,2447515148.0,ineligible_filing_history,6,6,,
2021-07-01,880266,AGCO CORP /DE,3523.0,703,3400000000.0,sector_excluded_sic_3523,8,8,,
2021-07-01,1841666,APA Corp,1311.0,704,,no_pit_valid_float,1,1,,
2021-07-01,1706946,"Virgin Galactic Holdings, Inc",4700.0,708,1500000000.0,sector_excluded_sic_4700,8,8,,
2021-07-01,1025996,KILROY REALTY CORP,6798.0,710,6728133187.0,sector_excluded_sic_6798,8,8,,
2021-07-01,85535,ROYAL GOLD INC,6795.0,711,8000000000.0,non_operating_sic_6795,8,8,,
2021-07-01,766421,"ALASKA AIR GROUP, INC.",4512.0,715,4500000000.0,sector_excluded_sic_4512,8,8,,
2021-07-01,820318,COHERENT CORP.,3827.0,717,3031733938.0,sector_excluded_sic_3827,8,8,,
2021-07-01,1803599,Concentrix Corp,7389.0,718,,no_pit_valid_float,2,2,,
2021-07-01,1571283,"Rexford Industrial Realty, Inc.",6798.0,720,5100000000.0,sector_excluded_sic_6798,8,8,,
2021-07-01,216228,ITT INC.,3561.0,724,5000000000.0,sector_excluded_sic_3561,8,8,,
2021-07-01,1821825,Organon & Co.,2834.0,728,,no_pit_valid_float,1,1,,
2021-07-01,59527,LINCOLN ELECTRIC HOLDINGS INC,3540.0,729,4865968514.0,sector_excluded_sic_3540,8,8,,
2021-07-01,1021860,NOV Inc.,3533.0,732,4200000000.0,sector_excluded_sic_3533,8,8,,
2021-07-01,14930,BRUNSWICK CORP,3510.0,733,4898235570.0,sector_excluded_sic_3510,8,8,,
2021-07-01,1455863,AMERICOLD REALTY TRUST,6798.0,737,6400000000.0,sector_excluded_sic_6798,8,8,,
2021-07-01,1822250,ContextLogic Inc.,5961.0,738,7500000000.0,ineligible_filing_history,2,2,,
2021-07-01,29644,DONALDSON Co INC,3564.0,740,6544036254.0,sector_excluded_sic_3564,8,8,,
2021-07-01,1492691,Knight-Swift Transportation Holdings Inc.,4213.0,741,5655678003.0,sector_excluded_sic_4213,8,8,,
2021-07-01,1015780,E TRADE FINANCIAL CORP,6035.0,742,7400000000.0,ineligible_filing_history,5,5,,
2021-07-01,1423689,AGNC Investment Corp.,6798.0,743,5700000000.0,sector_excluded_sic_6798,8,8,,
2021-07-01,1820877,Apartment Income REIT Corp.,6798.0,744,5600000000.0,sector_excluded_sic_6798,2,2,,
2021-07-01,922864,APARTMENT INVESTMENT & MANAGEMENT CO,6798.0,745,5600000000.0,sector_excluded_sic_6798,8,8,,
2021-07-01,74303,OLIN Corp,2800.0,748,1805210520.0,sector_excluded_sic_2800,8,8,,
2021-07-01,1837686,"Vimeo, Inc.",7370.0,756,,no_pit_valid_float,1,1,,
2021-07-01,354908,"Teledyne FLIR, LLC",3812.0,757,5279054662.0,sector_excluded_sic_3812,8,8,,
2021-07-01,793952,"HARLEY-DAVIDSON, INC.",3751.0,758,3468117883.0,sector_excluded_sic_3751,8,8,,
2021-07-01,1811414,QuantumScape Corp,3690.0,760,230000000.0,ineligible_filing_history,4,4,,
2021-07-01,794170,"Toll Brothers, Inc.",1531.0,761,2734093000.0,sector_excluded_sic_1531,8,8,,
2021-07-01,1465128,"STARWOOD PROPERTY TRUST, INC.",6798.0,762,4069113253.0,sector_excluded_sic_6798,8,8,,
2021-07-01,831641,TETRA TECH INC,8711.0,763,3600000000.0,sector_excluded_sic_8711,8,8,,
2021-07-01,1616862,Axalta Coating Systems Ltd.,2851.0,766,5295800000.0,sector_excluded_sic_2851,8,8,,
2021-07-01,1031308,BENTLEY SYSTEMS INC,7372.0,770,,no_pit_valid_float,3,3,,
2021-07-01,1428875,TERMINIX GLOBAL HOLDINGS INC,8741.0,771,4700000000.0,sector_excluded_sic_8741,8,8,,
2021-07-01,1675149,Alcoa Corp,3334.0,777,2100000000.0,sector_excluded_sic_3334,8,8,,
2021-07-01,717605,HEXCEL CORP /DE/,2821.0,780,3776131636.0,sector_excluded_sic_2821,8,8,,
2021-07-01,1818201,CCC Intelligent Solutions Holdings Inc.,7372.0,781,,no_pit_valid_float,3,3,,
2021-07-01,858339,"CAESARS HOLDINGS, INC.",7011.0,784,6800000000.0,ineligible_filing_history,4,4,,
2021-07-01,1390844,WABCO Holdings Inc.,3711.0,788,6800000000.0,ineligible_filing_history,4,4,,
2021-07-01,1581068,Brixmor Property Group Inc.,6798.0,791,3782694648.0,sector_excluded_sic_6798,8,8,,
2021-07-01,1725210,Grayscale Ethereum Staking ETF,6221.0,792,186255600.0,ineligible_filing_history,3,3,,
2021-07-01,921825,FIRST INDUSTRIAL REALTY TRUST INC,6798.0,794,4810300000.0,sector_excluded_sic_6798,8,8,,
2021-07-01,1524358,MARRIOTT VACATIONS WORLDWIDE Corp,6531.0,800,3305237101.0,sector_excluded_sic_6531,8,8,,
2021-07-01,21665,COLGATE PALMOLIVE CO,2844.0,120,62800000000.0,below_sector_K,8,8,consumer,21.0
2021-07-01,109198,TJX COMPANIES INC /DE/,5651.0,131,62300000000.0,below_sector_K,8,8,consumer,22.0
2021-07-01,31462,ECOLAB INC.,2840.0,137,56528667907.0,below_sector_K,8,8,consumer,23.0
2021-07-01,89800,SHERWIN WILLIAMS CO,5200.0,112,52512627817.0,below_sector_K,8,8,consumer,24.0
2021-07-01,49071,HUMANA INC,6324.0,141,50711683757.0,below_sector_K,8,8,healthcare,21.0
2021-07-01,1222333,SPDR GOLD TRUST,6221.0,142,50005812860.0,below_sector_K,8,8,financials,21.0
2021-07-01,885725,BOSTON SCIENTIFIC CORP,3841.0,155,50000000000.0,below_sector_K,8,8,healthcare,22.0
2021-07-01,1571949,"Intercontinental Exchange, Inc.",6200.0,125,49332813869.0,below_sector_K,8,8,financials,22.0
2021-07-01,80661,PROGRESSIVE CORP/OH/,6331.0,140,46424173990.0,below_sector_K,8,8,financials,23.0
2021-07-01,1110803,"ILLUMINA, INC.",3826.0,170,46200000000.0,below_sector_K,8,8,healthcare,23.0
2021-07-01,1001250,ESTEE LAUDER COMPANIES INC,2844.0,134,45000000000.0,below_sector_K,8,8,consumer,25.0
2021-07-01,1099590,MERCADOLIBRE INC,7389.0,113,44862706175.0,below_sector_K,8,8,financials,24.0
2021-07-01,315293,Aon plc,6411.0,147,44593079186.0,below_sector_K,8,8,financials,25.0
2021-07-01,713676,"PNC FINANCIAL SERVICES GROUP, INC.",6021.0,101,44500000000.0,below_sector_K,8,8,financials,26.0
2021-07-01,1099800,Edwards Lifesciences Corp,3842.0,129,42640586293.0,below_sector_K,8,8,healthcare,24.0
2021-07-01,875045,BIOGEN INC.,2836.0,160,42102640463.0,below_sector_K,8,8,healthcare,25.0
2021-07-01,96021,SYSCO CORP,5140.0,197,41443388035.0,below_sector_K,8,8,consumer,26.0
2021-07-01,316709,SCHWAB CHARLES CORP,6211.0,66,39300000000.0,below_sector_K,8,8,financials,27.0
2021-07-01,1261333,"DOCUSIGN, INC.",7372.0,210,39100000000.0,below_sector_K,8,8,tech,21.0
2021-07-01,1512673,"Block, Inc.",7372.0,82,38700000000.0,below_sector_K,8,8,tech,22.0
2021-07-01,1093557,DEXCOM INC,3841.0,198,38500000000.0,below_sector_K,8,8,healthcare,26.0
2021-07-01,1393818,Blackstone Inc.,6282.0,124,37900000000.0,below_sector_K,8,8,financials,28.0
2021-07-01,29534,DOLLAR GENERAL CORP,5331.0,215,37700000000.0,below_sector_K,8,8,consumer,27.0
2021-07-01,1071739,CENTENE CORP,6324.0,190,36800000000.0,below_sector_K,8,8,healthcare,27.0
2021-07-01,1397187,lululemon athletica inc.,2300.0,224,36382000000.0,below_sector_K,8,8,consumer,28.0
2021-07-01,1467858,General Motors Co,3711.0,93,36100000000.0,below_sector_K,8,8,consumer,29.0
2021-07-01,1393052,VEEVA SYSTEMS INC,7372.0,226,36000000000.0,below_sector_K,8,8,tech,23.0
2021-07-01,1065088,EBAY INC,7389.0,174,35169294304.0,below_sector_K,8,8,financials,29.0
2021-07-01,1390777,Bank of New York Mellon Corp,6022.0,181,34213115468.0,below_sector_K,8,8,financials,30.0
2021-07-01,1099219,METLIFE INC,6311.0,158,33100000000.0,below_sector_K,8,8,financials,31.0
2021-07-01,865752,Monster Beverage Corp,2086.0,183,33039197262.0,below_sector_K,8,8,consumer,30.0
2021-07-01,1327811,"Workday, Inc.",7374.0,248,32100000000.0,below_sector_K,8,8,tech,24.0
2021-07-01,745732,"ROSS STORES, INC.",5651.0,222,31310449079.0,below_sector_K,8,8,consumer,31.0
2021-07-01,1058290,COGNIZANT TECHNOLOGY SOLUTIONS CORP,7371.0,223,30800000000.0,below_sector_K,8,8,tech,25.0
2021-07-01,899051,ALLSTATE CORP,6331.0,214,29940000000.0,below_sector_K,8,8,financials,32.0
2021-07-01,707549,LAM RESEARCH CORP,3559.0,153,29587424632.0,below_sector_K,8,8,tech,26.0
2021-07-01,86312,"TRAVELERS COMPANIES, INC.",6331.0,211,28802579969.0,below_sector_K,8,8,financials,33.0
2021-07-01,927628,CAPITAL ONE FINANCIAL CORP,6021.0,121,28300000000.0,below_sector_K,8,8,financials,34.0
2021-07-01,1113169,PRICE T ROWE GROUP INC,6282.0,179,27800000000.0,below_sector_K,8,8,financials,35.0
2021-07-01,874716,IDEXX LABORATORIES INC /DE,2835.0,152,27735989165.0,below_sector_K,8,8,healthcare,28.0
2021-07-01,1408198,MSCI Inc.,7389.0,186,27134141425.0,below_sector_K,8,8,financials,36.0
2021-07-01,5272,"AMERICAN INTERNATIONAL GROUP, INC.",6331.0,173,26860000000.0,below_sector_K,8,8,financials,37.0
2021-07-01,1442145,"Verisk Analytics, Inc.",7374.0,294,26448164972.0,below_sector_K,8,8,tech,27.0
2021-07-01,1478242,IQVIA HOLDINGS INC.,8731.0,175,26300000000.0,below_sector_K,8,8,healthcare,29.0
2021-07-01,1041061,YUM BRANDS INC,5812.0,238,26200000000.0,below_sector_K,8,8,consumer,32.0
2021-07-01,1660134,"Okta, Inc.",7372.0,302,26200000000.0,below_sector_K,8,8,tech,28.0
2021-07-01,827054,MICROCHIP TECHNOLOGY INC,3674.0,303,26200000000.0,below_sector_K,8,8,tech,29.0
2021-07-01,813672,CADENCE DESIGN SYSTEMS INC,7372.0,304,26162000000.0,below_sector_K,8,8,tech,30.0
2021-07-01,898173,O REILLY AUTOMOTIVE INC,5531.0,246,25984638678.0,below_sector_K,8,8,consumer,33.0
2021-07-01,860730,"HCA Healthcare, Inc.",8062.0,156,25836000000.0,below_sector_K,8,8,healthcare,30.0
2021-07-01,1278680,ISHARES GOLD TRUST,6221.0,275,25641535523.0,below_sector_K,8,8,financials,38.0
2021-07-01,4977,AFLAC INC,6321.0,205,25577863783.0,below_sector_K,8,8,financials,39.0
2021-07-01,75362,PACCAR INC,3711.0,263,25440000000.0,below_sector_K,8,8,consumer,34.0
2021-07-01,820313,AMPHENOL CORP /DE/,3678.0,225,25254000000.0,below_sector_K,8,8,tech,31.0
2021-07-01,1682852,"Moderna, Inc.",2836.0,102,25250000000.0,below_sector_K,8,8,healthcare,31.0
2021-07-01,1140536,WILLIS TOWERS WATSON PLC,6411.0,270,25185382470.0,below_sector_K,8,8,financials,40.0
2021-07-01,891103,"Match Group, Inc.",7370.0,180,25004429888.0,below_sector_K,8,8,tech,32.0
2021-07-01,1564408,Snap Inc,7370.0,98,24900000000.0,below_sector_K,8,8,tech,33.0
2021-07-01,1057352,"COSTAR GROUP, INC.",7389.0,274,24600000000.0,below_sector_K,8,8,financials,41.0
2021-07-01,815556,FASTENAL CO,5200.0,268,24488427338.0,below_sector_K,8,8,consumer,35.0
2021-07-01,1136869,"ZIMMER BIOMET HOLDINGS, INC.",3842.0,327,24106325697.0,below_sector_K,8,8,healthcare,32.0
2021-07-01,1137774,PRUDENTIAL FINANCIAL INC,6311.0,204,24030000000.0,below_sector_K,8,8,financials,42.0
2021-07-01,927653,MCKESSON CORP,5122.0,317,23900000000.0,below_sector_K,8,8,healthcare,33.0
2021-07-01,37996,FORD MOTOR CO,3711.0,138,23757786364.0,below_sector_K,8,8,consumer,36.0
2021-07-01,899866,"ALEXION PHARMACEUTICALS, INC.",2834.0,279,23566236936.0,below_sector_K,8,8,healthcare,34.0
2021-07-01,14693,BROWN FORMAN CORP,2080.0,337,23400000000.0,below_sector_K,8,8,consumer,37.0
2021-07-01,1048286,MARRIOTT INTERNATIONAL INC /MD/,7011.0,212,23156431539.0,below_sector_K,8,8,consumer,38.0
2021-07-01,1353283,SPLUNK INC,7372.0,338,23135517574.0,below_sector_K,8,8,tech,34.0
2021-07-01,1418091,"TWITTER, INC.",7370.0,151,23020000000.0,below_sector_K,8,8,tech,35.0
2021-07-01,1327567,Palo Alto Networks Inc,3577.0,243,22950644677.0,below_sector_K,8,8,tech,36.0
2021-07-01,1384905,"RingCentral, Inc.",7374.0,332,22600000000.0,below_sector_K,8,8,tech,37.0
2021-07-01,93751,STATE STREET CORP,6022.0,280,22340000000.0,below_sector_K,8,8,financials,43.0
2021-07-01,943819,RESMED INC,3841.0,261,22240443784.0,below_sector_K,8,8,healthcare,35.0
2021-07-01,47217,HP INC,3570.0,200,22154410824.0,below_sector_K,8,8,tech,38.0
2021-07-01,7084,Archer-Daniels-Midland Co,2070.0,239,22000000000.0,below_sector_K,8,8,consumer,39.0
2021-07-01,935703,"DOLLAR TREE, INC.",5331.0,343,21864456043.0,below_sector_K,8,8,consumer,40.0
2021-07-01,1611983,Liberty Broadband Corp,4841.0,269,21300000000.0,below_sector_K,8,8,consumer,41.0
2021-07-01,1060736,Seagen Inc.,2836.0,361,21100000000.0,below_sector_K,8,8,healthcare,36.0
2021-07-01,1385867,Coupa Software Inc,7372.0,367,21000000000.0,below_sector_K,8,8,tech,39.0
2021-07-01,1521332,Aptiv PLC,3714.0,191,20958040169.0,below_sector_K,8,8,consumer,42.0
2021-07-01,1058090,CHIPOTLE MEXICAN GRILL INC,5812.0,229,20941000000.0,below_sector_K,8,8,consumer,43.0
2021-07-01,1447669,TWILIO INC,7372.0,161,20800000000.0,below_sector_K,8,8,tech,40.0
2021-07-01,1535527,"CrowdStrike Holdings, Inc.",7372.0,371,20800000000.0,below_sector_K,8,9,tech,41.0
2021-07-01,1013462,ANSYS INC,7372.0,311,20712000000.0,below_sector_K,8,8,tech,42.0
2021-07-01,900075,COPART INC,5500.0,341,20623302411.0,below_sector_K,8,8,consumer,44.0
2021-07-01,743988,XILINX INC,3674.0,378,20370129000.0,below_sector_K,8,8,tech,43.0
2021-07-01,1637459,Kraft Heinz Co,2030.0,283,20000000000.0,below_sector_K,8,9,consumer,45.0
2021-07-01,1755672,"Corteva, Inc.",100.0,347,20000000000.0,below_sector_K,8,8,consumer,46.0
2021-07-01,764478,BEST BUY CO INC,5731.0,383,20000000000.0,below_sector_K,8,8,consumer,47.0
2021-07-01,81061,PUBLIX SUPER MARKETS INC,5411.0,321,19947149000.0,below_sector_K,8,8,consumer,48.0
2021-07-01,1585689,Hilton Worldwide Holdings Inc.,7011.0,249,19902000000.0,below_sector_K,8,8,consumer,49.0
2021-07-01,1037646,METTLER TOLEDO INTERNATIONAL INC/,3826.0,252,19300000000.0,below_sector_K,8,8,healthcare,37.0
2021-07-01,879169,INCYTE CORP,8731.0,403,19100000000.0,below_sector_K,8,8,healthcare,38.0
2021-07-01,804753,CERNER Corp,7373.0,368,18600000000.0,below_sector_K,8,8,tech,44.0
2021-07-01,47111,HERSHEY CO,2060.0,386,18511997783.0,below_sector_K,8,8,consumer,50.0
2021-07-01,1560385,Liberty Media Corp,4833.0,307,18500000000.0,below_sector_K,8,8,consumer,51.0
2021-07-01,313927,CHURCH & DWIGHT CO INC /DE/,2840.0,379,18400000000.0,below_sector_K,8,8,consumer,52.0
2021-07-01,820027,AMERIPRISE FINANCIAL INC,6282.0,278,18100000000.0,below_sector_K,8,8,financials,44.0
2021-07-01,1673358,"Yum China Holdings, Inc.",5812.0,287,18100000000.0,below_sector_K,8,8,consumer,53.0
2021-07-01,877890,CITRIX SYSTEMS INC,7372.0,420,18003842231.0,below_sector_K,8,8,tech,45.0
2021-07-01,1090872,"AGILENT TECHNOLOGIES, INC.",3826.0,258,18000000000.0,below_sector_K,8,8,healthcare,39.0
2021-07-01,68505,"Motorola Solutions, Inc.",3663.0,357,18000000000.0,below_sector_K,8,8,tech,46.0
2021-07-01,55067,KELLANOVA,2040.0,422,17800000000.0,below_sector_K,8,8,consumer,54.0
2021-07-01,883241,SYNOPSYS INC,7372.0,292,17700000000.0,below_sector_K,8,8,tech,47.0
2021-07-01,1170010,CARMAX INC,5500.0,427,17553869713.0,below_sector_K,8,9,consumer,55.0
2021-07-01,1748790,Amcor plc,3990.0,414,17400000000.0,below_sector_K,8,8,consumer,56.0
2021-07-01,1086222,AKAMAI TECHNOLOGIES INC,7389.0,408,17181100000.0,below_sector_K,8,8,financials,45.0
2021-07-01,1178670,"ALNYLAM PHARMACEUTICALS, INC.",2834.0,384,16993028024.0,below_sector_K,8,8,healthcare,40.0
2021-07-01,1671933,"Trade Desk, Inc.",7370.0,242,16815566802.0,below_sector_K,8,8,tech,48.0
2021-07-01,105770,WEST PHARMACEUTICAL SERVICES INC,3841.0,298,16742194934.0,below_sector_K,8,8,healthcare,41.0
2021-07-01,1402057,CDW Corp,5961.0,326,16514000000.0,below_sector_K,8,8,consumer,57.0
2021-07-01,1404912,KKR & Co. Inc.,6282.0,244,16500000000.0,below_sector_K,8,8,financials,46.0
2021-07-01,73124,NORTHERN TRUST CORP,6022.0,330,16400000000.0,below_sector_K,8,8,financials,47.0
2021-07-01,1618756,Restaurant Brands International Inc.,5812.0,394,16357377151.0,below_sector_K,8,8,consumer,58.0
2021-07-01,1278021,MARKETAXESS HOLDINGS INC,6211.0,450,16300000000.0,below_sector_K,8,8,financials,48.0
2021-07-01,106040,WESTERN DIGITAL CORP,3572.0,454,15700000000.0,below_sector_K,8,8,tech,49.0
2021-07-01,1137789,Seagate Technology Holdings plc,3572.0,458,15400000000.0,below_sector_K,8,8,tech,50.0
2021-07-01,1393612,Discover Financial Services,6141.0,319,15308066731.0,below_sector_K,8,8,financials,49.0
2021-07-01,920148,LABCORP HOLDINGS INC.,8071.0,318,15200000000.0,below_sector_K,8,8,healthcare,42.0
2021-07-01,1022079,QUEST DIAGNOSTICS INC,8071.0,451,15200000000.0,below_sector_K,8,8,healthcare,43.0
2021-07-01,1014473,VERISIGN INC/CA,7371.0,448,15100000000.0,below_sector_K,8,8,tech,51.0
2021-07-01,1571996,Dell Technologies Inc.,3571.0,461,15100000000.0,below_sector_K,8,8,tech,52.0
2021-07-01,1300514,LAS VEGAS SANDS CORP,7011.0,388,15059203280.0,below_sector_K,8,8,consumer,59.0
2021-07-01,1757898,STERIS plc,3842.0,465,14957700000.0,below_sector_K,8,8,healthcare,44.0
2021-07-01,1477449,"Teladoc Health, Inc.",8011.0,300,14936555578.0,below_sector_K,8,8,healthcare,45.0
2021-07-01,1604778,"Qorvo, Inc.",3674.0,468,14839992498.0,below_sector_K,8,8,tech,53.0
2021-07-01,1286681,DOMINOS PIZZA INC,5140.0,440,14785755999.0,below_sector_K,8,8,consumer,60.0
2021-07-01,721371,CARDINAL HEALTH INC,5122.0,456,14729138108.0,below_sector_K,8,8,healthcare,46.0
2021-07-01,1097149,ALIGN TECHNOLOGY INC,3842.0,236,14500000000.0,below_sector_K,8,8,healthcare,47.0
2021-07-01,4127,"SKYWORKS SOLUTIONS, INC.",3674.0,257,14500000000.0,below_sector_K,8,8,tech,54.0
2021-07-01,1262039,"Fortinet, Inc.",3577.0,310,14216424929.0,below_sector_K,8,8,tech,55.0
2021-07-01,1590955,"Paycom Software, Inc.",7372.0,411,14200000000.0,below_sector_K,8,8,tech,56.0
2021-07-01,711404,"COOPER COMPANIES, INC.",3851.0,380,14100000000.0,below_sector_K,8,8,healthcare,48.0
2021-07-01,1441816,"MongoDB, Inc.",7372.0,489,14100000000.0,below_sector_K,8,8,tech,57.0
2021-07-01,1764925,"Slack Technologies, Inc.",7372.0,490,14100000000.0,below_sector_K,8,8,tech,58.0
2021-07-01,1383312,"BROADRIDGE FINANCIAL SOLUTIONS, INC.",7389.0,424,14072861236.0,below_sector_K,8,8,financials,50.0
2021-07-01,874766,"HARTFORD INSURANCE GROUP, INC.",6331.0,349,14000000000.0,below_sector_K,8,8,financials,51.0
2021-07-01,946581,TAKE TWO INTERACTIVE SOFTWARE INC,7372.0,491,13938279654.0,below_sector_K,8,8,tech,59.0
2021-07-01,1048477,BIOMARIN PHARMACEUTICAL INC,2834.0,493,13900000000.0,below_sector_K,8,8,healthcare,49.0
2021-07-01,860731,TYLER TECHNOLOGIES INC,7372.0,417,13728101720.0,below_sector_K,8,8,tech,60.0
2021-07-01,1418135,Keurig Dr Pepper Inc.,2080.0,203,13700000000.0,below_sector_K,8,8,consumer,61.0
2021-07-01,1120193,"NASDAQ, INC.",6200.0,365,13600000000.0,below_sector_K,8,8,financials,52.0
2021-07-01,1352010,"EPAM Systems, Inc.",7371.0,284,13559685089.0,below_sector_K,8,8,tech,61.0
2021-07-01,1336920,"Leidos Holdings, Inc.",7373.0,507,13224279479.0,below_sector_K,8,8,tech,62.0
2021-07-01,1616707,Wayfair Inc.,5961.0,334,13100000000.0,below_sector_K,8,8,consumer,62.0
2021-07-01,48465,HORMEL FOODS CORP /DE/,2011.0,510,13086349866.0,below_sector_K,8,8,consumer,63.0
2021-07-01,36270,M&T BANK CORP,6022.0,346,12939363542.0,below_sector_K,8,8,financials,53.0
2021-07-01,1124140,EXACT SCIENCES CORP,8071.0,360,12901152054.0,below_sector_K,8,8,healthcare,50.0
2021-07-01,813828,Paramount Global,4833.0,299,12893859999.0,below_sector_K,8,8,consumer,64.0
2021-07-01,1645590,Hewlett Packard Enterprise Co,3570.0,359,12872878346.0,below_sector_K,8,8,tech,63.0
2021-07-01,1402436,SS&C Technologies Holdings Inc,7372.0,452,12728401143.0,below_sector_K,8,8,tech,64.0
2021-07-01,1145197,INSULET CORP,3841.0,406,12700000000.0,below_sector_K,8,8,healthcare,51.0
2021-07-01,916365,TRACTOR SUPPLY CO /DE/,5200.0,433,12600000000.0,below_sector_K,8,8,consumer,65.0
2021-07-01,873303,"Sarepta Therapeutics, Inc.",2834.0,524,12575826324.0,below_sector_K,8,8,healthcare,52.0
2021-07-01,1370637,ETSY INC,7389.0,306,12574335258.0,below_sector_K,8,8,financials,54.0
2021-07-01,1731289,Nikola Corp,3711.0,526,12500000000.0,below_sector_K,8,8,consumer,66.0
2021-07-01,1096343,MARKEL GROUP INC.,6331.0,432,12437000000.0,below_sector_K,8,8,financials,55.0
2021-07-01,1579298,"Burlington Stores, Inc.",5311.0,531,12391142604.0,below_sector_K,8,8,consumer,67.0
2021-07-01,1596532,"Arista Networks, Inc.",3576.0,352,12365036121.0,below_sector_K,8,8,tech,65.0
2021-07-01,1570585,Liberty Global Ltd.,4841.0,412,12300000000.0,below_sector_K,8,8,consumer,68.0
2021-07-01,1428439,"ROKU, INC",4841.0,154,12291076562.0,below_sector_K,8,8,consumer,69.0
2021-07-01,1032975,LOGITECH INTERNATIONAL S.A.,3577.0,534,12279578459.0,below_sector_K,8,8,tech,66.0
2021-07-01,35527,FIFTH THIRD BANCORP,6022.0,336,12243222418.0,below_sector_K,8,8,financials,56.0
2021-07-01,1609711,GoDaddy Inc.,7373.0,470,12208091402.0,below_sector_K,8,8,tech,67.0
2021-07-01,91419,J M SMUCKER Co,2033.0,538,12194989389.0,below_sector_K,8,8,consumer,70.0
2021-07-01,815094,ABIOMED INC,3841.0,539,12155296841.0,below_sector_K,8,8,healthcare,53.0
2021-07-01,1679273,"Lamb Weston Holdings, Inc.",2030.0,540,12100000000.0,below_sector_K,8,8,consumer,71.0
2021-07-01,91576,KEYCORP /NEW/,6021.0,389,11887028662.0,below_sector_K,8,8,financials,57.0
2021-07-01,818686,TEVA PHARMACEUTICAL INDUSTRIES LTD,2834.0,550,11830000000.0,below_sector_K,8,8,healthcare,54.0
2021-07-01,1002638,OPEN TEXT CORP,7373.0,536,11700000000.0,below_sector_K,8,8,tech,68.0
2021-07-01,29989,OMNICOM GROUP INC.,7311.0,425,11583494559.0,below_sector_K,8,8,consumer,72.0
2021-07-01,1617640,"ZILLOW GROUP, INC.",7389.0,293,11436019294.0,below_sector_K,8,8,financials,58.0
2021-07-01,1126328,PRINCIPAL FINANCIAL GROUP INC,6321.0,436,11400000000.0,below_sector_K,8,8,financials,59.0
2021-07-01,1124610,VMWARE LLC,7372.0,519,11400000000.0,below_sector_K,8,8,tech,69.0
2021-07-01,743316,MAXIM INTEGRATED PRODUCTS INC,3674.0,462,11337494384.0,below_sector_K,8,8,tech,70.0
2021-07-01,947484,ARCH CAPITAL GROUP LTD.,6331.0,472,11300000000.0,below_sector_K,8,8,financials,60.0
2021-07-01,914475,NEUROCRINE BIOSCIENCES INC,2836.0,571,11231617436.0,below_sector_K,8,8,healthcare,55.0
2021-07-01,779152,JACK HENRY & ASSOCIATES INC,7373.0,543,11058596650.0,below_sector_K,8,8,tech,71.0
2021-07-01,1492426,Horizon Therapeutics Public Ltd Co,2834.0,369,11000000000.0,below_sector_K,8,8,healthcare,56.0
2021-07-01,1627014,"Black Knight, Inc.",7372.0,552,10908979941.0,below_sector_K,8,8,tech,72.0
2021-07-01,1000697,WATERS CORP /DE/,3826.0,474,10820434917.0,below_sector_K,8,8,healthcare,57.0
2021-07-01,31791,"REVVITY, INC.",3826.0,593,10743749481.0,below_sector_K,8,8,healthcare,58.0
2021-07-01,759944,CITIZENS FINANCIAL GROUP INC/RI,6022.0,399,10732733443.0,below_sector_K,8,8,financials,61.0
2021-07-01,719739,SVB FINANCIAL GROUP,6022.0,264,10704636319.0,below_sector_K,8,8,financials,62.0
2021-07-01,1179929,"MOLINA HEALTHCARE, INC.",6324.0,471,10500000000.0,below_sector_K,8,8,healthcare,59.0
2021-07-01,1281761,REGIONS FINANCIAL CORP,6021.0,407,10382139803.0,below_sector_K,8,8,financials,63.0
2021-07-01,1411494,"Apollo Asset Management, Inc.",6282.0,508,10325860297.0,below_sector_K,8,8,financials,64.0
2021-07-01,1348036,"AVALARA, INC.",7372.0,500,10322000000.0,below_sector_K,8,8,tech,73.0
2021-07-01,96943,TELEFLEX INC,3841.0,546,10305936126.0,below_sector_K,8,8,healthcare,60.0
2021-07-01,1140859,"Cencora, Inc.",5122.0,486,10238925461.0,below_sector_K,8,8,healthcare,61.0
2021-07-01,1374310,"Cboe Global Markets, Inc.",6200.0,557,10100000000.0,below_sector_K,8,8,financials,65.0
2021-07-01,1437107,"Warner Bros. Discovery, Inc.",4841.0,463,10000000000.0,below_sector_K,8,8,consumer,73.0
2021-07-01,1013237,FACTSET RESEARCH SYSTEMS INC,7370.0,559,9934201702.0,below_sector_K,8,8,tech,74.0
2021-07-01,1722482,"Avantor, Inc.",3826.0,586,9797848051.0,below_sector_K,8,8,healthcare,62.0
2021-07-01,927066,DAVITA INC.,8090.0,521,9700000000.0,below_sector_K,8,8,healthcare,63.0
2021-07-01,1404655,HUBSPOT INC,7372.0,305,9621952510.0,below_sector_K,8,8,tech,75.0
2021-07-01,20286,CINCINNATI FINANCIAL CORP,6331.0,415,9621748017.0,below_sector_K,8,8,financials,66.0
2021-07-01,818479,DENTSPLY SIRONA Inc.,3843.0,497,9605744689.0,below_sector_K,8,8,healthcare,64.0
2021-07-01,79282,"BROWN & BROWN, INC.",6411.0,529,9600807597.0,below_sector_K,8,8,financials,67.0
2021-07-01,1725057,"Dayforce, Inc.",7372.0,504,9582500000.0,below_sector_K,8,8,tech,76.0
2021-07-01,16732,CAMPBELL'S Co,2000.0,642,9425850414.0,below_sector_K,8,8,consumer,74.0
2021-07-01,1506293,"PINTEREST, INC.",7370.0,201,9400000000.0,below_sector_K,8,8,tech,77.0
2021-07-01,49196,HUNTINGTON BANCSHARES INC /MD/,6021.0,370,9353081984.0,below_sector_K,8,8,financials,68.0
2021-07-01,812011,VAIL RESORTS INC,7990.0,602,9336675376.0,below_sector_K,8,8,consumer,75.0
2021-07-01,1158449,ADVANCE AUTO PARTS INC,5531.0,587,9274738343.0,below_sector_K,8,8,consumer,76.0
2021-07-01,1527166,Carlyle Group Inc.,6282.0,603,9246701644.0,below_sector_K,8,8,financials,69.0
2021-07-01,937556,MASIMO CORP,3845.0,658,9200000000.0,below_sector_K,8,8,healthcare,65.0
2021-07-01,1330568,iShares Silver Trust,6221.0,482,8880897000.0,below_sector_K,8,8,financials,70.0
2021-07-01,46080,"HASBRO, INC.",3944.0,544,8825964312.0,below_sector_K,8,8,consumer,77.0
2021-07-01,1001082,DISH Network CORP,4841.0,607,8800000000.0,below_sector_K,8,8,consumer,78.0
2021-07-01,1365135,Western Union CO,7389.0,659,8800000000.0,below_sector_K,8,8,financials,71.0
2021-07-01,1739104,Elanco Animal Health Inc,2834.0,449,8600000000.0,below_sector_K,8,8,healthcare,66.0
2021-07-01,913144,RENAISSANCERE HOLDINGS LTD,6331.0,687,8600000000.0,below_sector_K,8,8,financials,72.0
2021-07-01,859737,HOLOGIC INC,3844.0,410,8530248376.0,below_sector_K,8,8,healthcare,67.0
2021-07-01,1331875,"Fidelity National Financial, Inc.",6361.0,548,8507709079.0,below_sector_K,8,8,financials,73.0
2021-07-01,1772757,DraftKings Holdings Inc.,7990.0,402,8500000000.0,below_sector_K,8,8,consumer,79.0
2021-07-01,1439404,ZYNGA INC,7374.0,581,8500000000.0,below_sector_K,8,8,tech,78.0
2021-07-01,1759509,"Lyft, Inc.",7389.0,395,8400000000.0,below_sector_K,8,8,financials,74.0
2021-07-01,842023,BIO-TECHNE Corp,2836.0,530,8400000000.0,below_sector_K,8,8,healthcare,68.0
2021-07-01,1100682,"CHARLES RIVER LABORATORIES INTERNATIONAL, INC.",8731.0,416,8333378287.0,below_sector_K,8,8,healthcare,69.0
2021-07-01,1655210,"BEYOND MEAT, INC.",2000.0,698,8300000000.0,below_sector_K,8,8,consumer,80.0
2021-07-01,1690820,CARVANA CO.,5500.0,323,8200000000.0,below_sector_K,8,8,consumer,81.0
2021-07-01,1596783,"Catalent, Inc.",2834.0,423,8200000000.0,below_sector_K,8,8,healthcare,70.0
2021-07-01,1364954,"CHEGG, INC",8200.0,549,8183064276.0,below_sector_K,8,8,consumer,82.0
2021-07-01,353569,QUIDEL CORP /DE/,2835.0,705,8173089184.0,below_sector_K,8,8,healthcare,71.0
2021-07-01,60086,LOEWS CORP,6331.0,485,8143000000.0,below_sector_K,8,8,financials,75.0
2021-07-01,1403568,"Ulta Beauty, Inc.",5990.0,483,8127797000.0,below_sector_K,8,8,consumer,83.0
2021-07-01,1280452,"MONOLITHIC POWER SYSTEMS, INC.",3674.0,520,8100000000.0,below_sector_K,8,8,tech,79.0
2021-07-01,11544,BERKLEY W R CORP,6331.0,583,8077532224.0,below_sector_K,8,8,financials,76.0
2021-07-01,1000228,HENRY SCHEIN INC,5047.0,606,7932914000.0,below_sector_K,8,8,healthcare,72.0
2021-07-01,789570,MGM Resorts International,7011.0,428,7900000000.0,below_sector_K,8,8,consumer,84.0
2021-07-01,1689923,"Alteryx, Inc.",7372.0,716,7900000000.0,below_sector_K,8,8,tech,80.0
2021-07-01,106640,WHIRLPOOL CORP /DE/,3630.0,503,7850245364.0,below_sector_K,8,8,consumer,85.0
2021-07-01,1333986,"Equitable Holdings, Inc.",6411.0,547,7800000000.0,below_sector_K,8,8,financials,77.0
2021-07-01,1097864,ON SEMICONDUCTOR CORP,3674.0,706,7783044394.0,below_sector_K,8,8,tech,81.0
2021-07-01,720005,RAYMOND JAMES FINANCIAL INC,6211.0,460,7731304538.0,below_sector_K,8,8,financials,78.0
2021-07-01,320335,GLOBE LIFE INC.,6311.0,634,7700000000.0,below_sector_K,8,8,financials,79.0
2021-07-01,1576280,"Guardant Health, Inc.",8071.0,542,7600000000.0,below_sector_K,8,8,healthcare,73.0
2021-07-01,1773383,"Dynatrace, Inc.",7372.0,734,7550000000.0,below_sector_K,8,8,tech,82.0
2021-07-01,1043604,JUNIPER NETWORKS INC,3576.0,664,7495000000.0,below_sector_K,8,8,tech,83.0
2021-07-01,40729,Ally Financial Inc.,6022.0,418,7400000000.0,below_sector_K,8,8,financials,80.0
2021-07-01,1463172,"Zendesk, Inc.",7374.0,666,7400000000.0,below_sector_K,8,8,tech,84.0
2021-07-01,1585364,PERRIGO Co plc,2834.0,750,7360836659.0,below_sector_K,8,8,healthcare,74.0
2021-07-01,1116132,"TAPESTRY, INC.",3100.0,688,7300000000.0,below_sector_K,8,8,consumer,86.0
2021-07-01,896622,"APTARGROUP, INC.",3089.0,649,7230606494.0,below_sector_K,8,8,consumer,87.0
2021-07-01,1651308,BeOne Medicines Ltd.,2834.0,469,7200000000.0,below_sector_K,8,8,healthcare,75.0
2021-07-01,908255,BORGWARNER INC,3714.0,555,7200000000.0,below_sector_K,8,8,consumer,88.0
2021-07-01,1702780,"Optimum Communications, Inc.",4841.0,713,7109567296.0,below_sector_K,8,8,consumer,89.0
2021-07-01,936395,CIENA CORP,3661.0,723,7100000000.0,below_sector_K,8,8,tech,85.0
2021-07-01,814547,FAIR ISAAC CORP,7389.0,575,7095692430.0,below_sector_K,8,8,financials,81.0
2021-07-01,19584,CHEMED CORP,8082.0,752,7056295051.0,below_sector_K,8,8,healthcare,76.0
2021-07-01,352915,UNIVERSAL HEALTH SERVICES INC,8062.0,590,7000000000.0,below_sector_K,8,8,healthcare,77.0
2021-07-01,849399,Gen Digital Inc.,7372.0,678,6903176338.0,below_sector_K,8,8,tech,86.0
2021-07-01,908937,SIRIUS XM HOLDINGS INC.,4832.0,747,6902732943.0,below_sector_K,8,8,consumer,90.0
2021-07-01,1419612,"SOLAREDGE TECHNOLOGIES, INC.",3674.0,782,6828285341.0,below_sector_K,8,8,tech,87.0
2021-07-01,71691,NEW YORK TIMES CO,2711.0,754,6800000000.0,below_sector_K,8,8,consumer,91.0
2021-07-01,1639300,"Ollie's Bargain Outlet Holdings, Inc.",5331.0,785,6800000000.0,below_sector_K,8,8,consumer,92.0
2021-07-01,1707753,Elastic N.V.,7372.0,786,6800000000.0,below_sector_K,8,8,tech,88.0
2021-07-01,775368,ALLEGHANY CORP /DE,6331.0,621,6775179881.0,below_sector_K,8,8,financials,82.0
2021-07-01,874015,IONIS PHARMACEUTICALS INC,2834.0,739,6748320336.0,below_sector_K,8,8,healthcare,78.0
2021-07-01,48898,HUBBELL INC,3670.0,614,6739772177.0,below_sector_K,8,8,tech,89.0
2021-07-01,719955,WILLIAMS SONOMA INC,5700.0,793,6720032000.0,below_sector_K,8,8,consumer,93.0
2021-07-01,814453,NEWELL BRANDS INC.,3089.0,556,6700000000.0,below_sector_K,8,8,consumer,94.0
2021-07-01,858470,Coterra Energy Inc.,1311.0,644,6700000000.0,below_sector_K,8,8,energy,21.0
2021-07-01,47518,"Hill-Rom Holdings, Inc.",3841.0,755,6700000000.0,below_sector_K,8,8,healthcare,79.0
2021-07-01,1517413,"Fastly, Inc.",7372.0,798,6700000000.0,below_sector_K,8,8,tech,90.0
2021-07-01,89089,SERVICE CORP INTERNATIONAL,7200.0,657,6690262567.0,below_sector_K,8,8,consumer,95.0
2021-07-01,1539838,"Diamondback Energy, Inc.",1311.0,438,6600000000.0,below_sector_K,8,8,energy,22.0
2021-07-01,51644,"INTERPUBLIC GROUP OF COMPANIES, INC.",7311.0,592,6500000000.0,below_sector_K,8,8,consumer,96.0
2021-07-01,790051,CARLISLE COMPANIES INC,3060.0,622,6500000000.0,below_sector_K,8,8,consumer,97.0
2021-07-01,842162,LEAR CORP,3714.0,692,6453113027.0,below_sector_K,8,8,consumer,98.0
2021-07-01,1048695,"F5, INC.",3576.0,528,6445848331.0,below_sector_K,8,8,tech,91.0
2021-07-01,1335258,"Live Nation Entertainment, Inc.",7900.0,522,6400000000.0,below_sector_K,8,8,consumer,99.0
2021-07-01,1005284,UNIVERSAL DISPLAY CORP \PA\,3670.0,636,6378877535.0,below_sector_K,8,8,tech,92.0
2021-07-01,355811,GENTEX CORP,3714.0,700,6346040545.0,below_sector_K,8,8,consumer,100.0
2021-07-01,24545,MOLSON COORS BEVERAGE CO,2082.0,612,6300000000.0,below_sector_K,8,8,consumer,101.0
2021-07-01,350894,SEI INVESTMENTS CO,6211.0,797,6300000000.0,below_sector_K,8,8,financials,83.0
2021-07-01,1758730,Tradeweb Markets Inc.,6200.0,392,6200000000.0,below_sector_K,8,8,financials,84.0
2021-07-01,59558,LINCOLN NATIONAL CORP,6311.0,564,6200000000.0,below_sector_K,8,8,financials,85.0
2021-07-01,1397911,LPL Financial Holdings Inc.,6200.0,589,6200000000.0,below_sector_K,8,8,financials,86.0
2021-07-01,22356,COMMERCE BANCSHARES INC /MO/,6022.0,709,6146000000.0,below_sector_K,8,8,financials,87.0
2021-07-01,857005,PTC INC.,7372.0,478,6144651405.0,below_sector_K,8,8,tech,93.0
2021-07-01,1267238,"ASSURANT, INC.",6399.0,656,6120000000.0,below_sector_K,8,8,financials,88.0
2021-07-01,1467623,"DROPBOX, INC.",7372.0,759,6023600000.0,below_sector_K,8,8,tech,94.0
2021-07-01,1321732,Penumbra Inc,3841.0,640,6000000000.0,below_sector_K,8,8,healthcare,80.0
2021-07-01,1527469,Athene Holding Ltd.,6311.0,667,6000000000.0,below_sector_K,8,8,financials,89.0
2021-07-01,785161,Encompass Health Corp,8060.0,731,6000000000.0,below_sector_K,8,8,healthcare,81.0
2021-07-01,1056696,MANHATTAN ASSOCIATES INC,7372.0,660,5983486786.0,below_sector_K,8,8,tech,95.0
2021-07-01,1232524,Jazz Pharmaceuticals plc,2834.0,601,5958338704.0,below_sector_K,8,8,healthcare,82.0
2021-07-01,949870,BOSTON BEER CO INC,2082.0,628,5952530000.0,below_sector_K,8,8,consumer,102.0
2021-07-01,1535929,"Voya Financial, Inc.",6311.0,726,5900000000.0,below_sector_K,8,8,financials,90.0
2021-07-01,730272,REPLIGEN CORP,2836.0,585,5711511345.0,below_sector_K,8,8,healthcare,83.0
2021-07-01,1288847,"Five9, Inc.",7374.0,610,5711000000.0,below_sector_K,8,8,tech,96.0
2021-07-01,1111928,IPG PHOTONICS CORP,3674.0,727,5700000000.0,below_sector_K,8,8,tech,97.0
2021-07-01,885590,Bausch Health Companies Inc.,2834.0,682,5664997951.0,below_sector_K,8,8,healthcare,84.0
2021-07-01,1002047,"NetApp, Inc.",3572.0,765,5651372914.0,below_sector_K,8,8,tech,98.0
2021-07-01,1034670,AUTOLIV INC,3714.0,689,5634000000.0,below_sector_K,8,8,consumer,103.0
2021-07-01,851968,MOHAWK INDUSTRIES INC,2273.0,680,5539743229.0,below_sector_K,8,8,consumer,104.0
2021-07-01,896262,AMEDISYS INC,8082.0,778,5500000000.0,below_sector_K,8,8,healthcare,85.0
2021-07-01,109380,"ZIONS BANCORPORATION, NATIONAL ASSOCIATION /UT/",6021.0,694,5470950404.0,below_sector_K,8,8,financials,91.0
2021-07-01,1144519,BUNGELTD,2070.0,594,5448000000.0,below_sector_K,8,8,consumer,105.0
2021-07-01,1584509,Aramark,5812.0,623,5411100000.0,below_sector_K,8,8,consumer,106.0
2021-07-01,28412,COMERICA INC,6021.0,597,5300000000.0,below_sector_K,8,8,financials,92.0
2021-07-01,898174,REINSURANCE GROUP OF AMERICA INC,6311.0,626,5300000000.0,below_sector_K,8,8,financials,93.0
2021-07-01,6769,APACHE CORP,1311.0,584,5095687766.0,below_sector_K,8,8,energy,23.0
2021-07-01,1069157,EAST WEST BANCORP INC,6022.0,616,5090501829.0,below_sector_K,8,8,financials,94.0
2021-07-01,1000694,NOVAVAX INC,2836.0,455,5078700000.0,below_sector_K,8,8,healthcare,86.0
2021-07-01,895419,"WOLFSPEED, INC.",3674.0,566,5050607510.0,below_sector_K,8,8,tech,99.0
2021-07-01,1745041,"IAA, Inc.",5500.0,749,5039941174.0,below_sector_K,8,8,consumer,107.0
2021-07-01,1042046,AMERICAN FINANCIAL GROUP INC,6331.0,661,4910000000.0,below_sector_K,8,8,financials,95.0
2021-07-01,1378946,"People's United Financial, Inc.",6035.0,753,4910000000.0,below_sector_K,8,8,financials,96.0
2021-07-01,914208,Invesco Ltd.,6282.0,639,4900000000.0,below_sector_K,8,8,financials,97.0
2021-07-01,101778,MARATHON OIL CORP,1311.0,565,4814000000.0,below_sector_K,8,8,energy,24.0
2021-07-01,1029199,"EURONET WORLDWIDE, INC.",6099.0,675,4800000000.0,below_sector_K,8,8,financials,98.0
2021-07-01,1082554,UNITED THERAPEUTICS Corp,2834.0,714,4726041837.0,below_sector_K,8,8,healthcare,87.0
2021-07-01,1530950,"Post Holdings, Inc.",2040.0,730,4680868433.0,below_sector_K,8,8,consumer,108.0
2021-07-01,1389170,Targa Resources Corp.,4922.0,617,4607900000.0,below_sector_K,8,8,energy,25.0
2021-07-01,38777,FRANKLIN RESOURCES INC,6282.0,646,4600000000.0,below_sector_K,8,8,financials,99.0
2021-07-01,1378992,"BERRY GLOBAL GROUP, INC.",3089.0,697,4600000000.0,below_sector_K,8,8,consumer,109.0
2021-07-01,20212,Churchill Downs Inc,7948.0,799,4543867580.0,below_sector_K,8,8,consumer,110.0
2021-07-01,1688568,DXC Technology Co,7374.0,736,4531553903.0,below_sector_K,8,8,tech,100.0
2021-07-01,74260,OLD REPUBLIC INTERNATIONAL CORP,6351.0,775,4514251137.0,below_sector_K,8,8,financials,100.0
2021-07-01,1674416,CRISPR Therapeutics AG,2836.0,562,4500000000.0,below_sector_K,8,8,healthcare,88.0
2021-07-01,39263,"CULLEN/FROST BANKERS, INC.",6021.0,789,4500000000.0,below_sector_K,8,8,financials,101.0
2021-07-01,1176948,Ares Management Corp,6282.0,652,4469964167.0,below_sector_K,8,8,financials,102.0
2021-07-01,1576263,"Mirati Therapeutics, Inc.",2834.0,746,4432900000.0,below_sector_K,8,8,healthcare,89.0
2021-07-01,775158,OSHKOSH CORP,3711.0,707,4378988453.0,below_sector_K,8,8,consumer,111.0
2021-07-01,1090012,DEVON ENERGY CORP/DE,1311.0,396,4300000000.0,below_sector_K,8,8,energy,26.0
2021-07-01,48039,HollyFrontier Corp,2911.0,764,4300000000.0,below_sector_K,8,8,energy,27.0
2021-07-01,1065837,SKECHERS USA INC,3140.0,779,4300000000.0,below_sector_K,8,8,consumer,112.0
2021-07-01,921738,"PENN Entertainment, Inc.",7011.0,551,4200000000.0,below_sector_K,8,8,consumer,113.0
2021-07-01,1070423,PLAINS ALL AMERICAN PIPELINE LP,4610.0,576,4200000000.0,below_sector_K,8,8,energy,28.0
2021-07-01,1665918,US Foods Holding Corp.,5140.0,721,4200000000.0,below_sector_K,8,8,consumer,114.0
2021-07-01,1591698,Paylocity Holding Corp,7372.0,722,4200000000.0,below_sector_K,8,8,tech,101.0
2021-07-01,1274494,"FIRST SOLAR, INC.",3674.0,635,4100000000.0,below_sector_K,8,8,tech,102.0
2021-07-01,1293971,"bluebird bio, Inc.",2836.0,767,4040592242.0,below_sector_K,8,8,healthcare,90.0
2021-07-01,1713683,"Zscaler, Inc.",7371.0,377,4000000000.0,below_sector_K,8,8,tech,103.0
2021-07-01,1463101,"Enphase Energy, Inc.",3674.0,400,4000000000.0,below_sector_K,8,8,tech,104.0
2021-07-01,1501134,Invitae Corp,8071.0,787,4000000000.0,below_sector_K,8,8,healthcare,91.0
2021-07-01,1722684,"WYNDHAM HOTELS & RESORTS, INC.",7011.0,795,3930000000.0,below_sector_K,8,8,consumer,115.0
2021-07-01,36029,FIRST FINANCIAL BANKSHARES INC,6022.0,796,3930000000.0,below_sector_K,8,8,financials,103.0
2021-07-01,1002517,"Nuance Communications, Inc.",7372.0,619,3900000000.0,below_sector_K,8,8,tech,105.0
2021-07-01,1206264,SOMNIGROUP INTERNATIONAL INC.,2510.0,735,3724966404.0,below_sector_K,8,8,consumer,116.0
2021-07-01,1610950,"Syneos Health, Inc.",8731.0,655,3634037915.0,below_sector_K,8,8,healthcare,92.0
2021-07-01,1590895,"Caesars Entertainment, Inc.",7011.0,364,3600000000.0,below_sector_K,8,8,consumer,117.0
2021-07-01,1212545,WESTERN ALLIANCE BANCORPORATION,6022.0,665,3540000000.0,below_sector_K,8,8,financials,104.0
2021-07-01,96223,Jefferies Financial Group Inc.,6211.0,768,3513705737.0,below_sector_K,8,8,financials,105.0
2021-07-01,1604821,"Natera, Inc.",8071.0,648,3510000000.0,below_sector_K,8,8,healthcare,93.0
2021-07-01,720672,STIFEL FINANCIAL CORP,6211.0,772,3400000000.0,below_sector_K,8,8,financials,106.0
2021-07-01,5513,Unum Group,6321.0,773,3400000000.0,below_sector_K,8,8,financials,107.0
2021-07-01,1023128,LITHIA MOTORS INC,5500.0,608,3392434000.0,below_sector_K,8,8,consumer,118.0
2021-07-01,1674101,Vertiv Holdings Co,3679.0,725,3339190951.0,below_sector_K,8,8,tech,106.0
2021-07-01,1770450,Xerox Holdings Corp,3577.0,719,3256977944.0,below_sector_K,8,8,tech,107.0
2021-07-01,1611647,"Freshpet, Inc.",2040.0,776,3200000000.0,below_sector_K,8,8,consumer,119.0
2021-07-01,36966,FIRST HORIZON CORP,6021.0,643,3000000000.0,below_sector_K,8,8,financials,108.0
2021-07-01,885639,KOHLS Corp,5311.0,712,3000000000.0,below_sector_K,8,8,consumer,120.0
2021-07-01,1645113,NovoCure Ltd,3841.0,641,2773948801.0,below_sector_K,8,8,healthcare,94.0
2021-07-01,1434316,FATE THERAPEUTICS INC,2836.0,774,2490000000.0,below_sector_K,8,8,healthcare,95.0
2021-07-01,1316835,"Builders FirstSource, Inc.",5211.0,681,2375500000.0,below_sector_K,8,8,consumer,121.0
2021-07-01,1469367,Sunrun Inc.,3690.0,573,2300000000.0,below_sector_K,8,8,tech,108.0
2021-07-01,1597553,"Sage Therapeutics, Inc.",2834.0,653,2120561372.0,below_sector_K,8,8,healthcare,96.0
2021-07-01,1101215,"BREAD FINANCIAL HOLDINGS, INC.",6141.0,769,2100000000.0,below_sector_K,8,8,financials,109.0
2021-07-01,1627475,"UPWORK, INC",7374.0,783,1532720862.0,below_sector_K,8,8,tech,109.0
2021-07-01,1652130,"Intellia Therapeutics, Inc.",2835.0,580,1182698098.0,below_sector_K,8,8,healthcare,97.0
2021-07-01,750004,"Light & Wonder, Inc.",7373.0,751,877187305.0,below_sector_K,8,8,tech,110.0
2021-07-01,1299130,"PACIFIC BIOSCIENCES OF CALIFORNIA, INC.",3826.0,790,498891052.0,below_sector_K,8,8,healthcare,98.0
2021-07-01,1575434,"Vericity, Inc.",6311.0,413,18411600.0,below_sector_K,8,8,financials,110.0
2022-07-01,1853513,"Mister Car Wash, Inc.",7500.0,5,1381344010000.0,ineligible_filing_history,4,4,,
2022-07-01,1659352,"Codiak BioSciences, Inc.",2836.0,13,412718249000.0,ineligible_filing_history,7,7,,
2022-07-01,1815753,Thunder Bridge Capital Partners III Inc.,6770.0,14,,no_pit_valid_float,5,5,,
2022-07-01,732712,VERIZON COMMUNICATIONS INC,4813.0,29,232001885386.0,sector_excluded_sic_4813,8,8,,
2022-07-01,909832,COSTCO WHOLESALE CORP /NEW,5331.0,34,155810963274.0,ineligible_filing_history,6,8,,
2022-07-01,732717,AT&T INC.,4813.0,38,205000000000.0,sector_excluded_sic_4813,8,8,,
2022-07-01,97745,THERMO FISHER SCIENTIFIC INC.,3829.0,40,201672052000.0,sector_excluded_sic_3829,8,8,,
2022-07-01,796343,ADOBE INC.,7372.0,43,188310000000.0,ineligible_filing_history,6,8,,
2022-07-01,313616,DANAHER CORP /DE/,3823.0,48,173700000000.0,sector_excluded_sic_3823,8,8,,
2022-07-01,1467373,Accenture plc,7389.0,49,159483888262.0,ineligible_filing_history,6,8,,
2022-07-01,773840,HONEYWELL INTERNATIONAL INC,3724.0,55,152800000000.0,sector_excluded_sic_3724,8,8,,
2022-07-01,753308,NEXTERA ENERGY INC,4911.0,56,143450834024.0,sector_excluded_sic_4911,8,8,,
2022-07-01,1090727,UNITED PARCEL SERVICE INC,4210.0,57,151320492469.0,sector_excluded_sic_4210,8,8,,
2022-07-01,1707925,LINDE PLC,2810.0,58,149000000000.0,sector_excluded_sic_2810,8,8,,
2022-07-01,100885,UNION PACIFIC CORP,4011.0,60,142000000000.0,sector_excluded_sic_4011,8,8,,
2022-07-01,101829,RTX Corp,3724.0,61,128558489983.0,sector_excluded_sic_3724,8,8,,
2022-07-01,12927,BOEING CO,3721.0,62,140400000000.0,sector_excluded_sic_3721,8,8,,
2022-07-01,4962,AMERICAN EXPRESS CO,6199.0,69,131100000000.0,non_operating_sic_6199,8,8,,
2022-07-01,1053507,AMERICAN TOWER CORP /MA/,6798.0,74,122500000000.0,sector_excluded_sic_6798,8,8,,
2022-07-01,18230,CATERPILLAR INC,3531.0,77,118100000000.0,sector_excluded_sic_3531,8,8,,
2022-07-01,40545,GENERAL ELECTRIC CO,3600.0,78,,no_pit_valid_float,8,8,,
2022-07-01,315189,DEERE & CO,3523.0,80,115521151966.0,sector_excluded_sic_3523,8,8,,
2022-07-01,64040,S&P Global Inc.,7320.0,83,98900000000.0,sector_excluded_sic_7320,8,8,,
2022-07-01,936468,LOCKHEED MARTIN CORP,3760.0,84,105300000000.0,sector_excluded_sic_3760,8,8,,
2022-07-01,1075531,Booking Holdings Inc.,4700.0,92,89700000000.0,sector_excluded_sic_4700,8,8,,
2022-07-01,1045609,"Prologis, Inc.",6798.0,95,87997816686.0,sector_excluded_sic_6798,8,8,,
2022-07-01,1283699,"T-Mobile US, Inc.",4812.0,97,86100000000.0,sector_excluded_sic_4812,8,8,,
2022-07-01,1051470,CROWN CASTLE INC.,6798.0,103,84000000000.0,sector_excluded_sic_6798,8,8,,
2022-07-01,723125,MICRON TECHNOLOGY INC,3674.0,104,79900000000.0,ineligible_filing_history,6,7,,
2022-07-01,1640147,Snowflake Inc.,7372.0,114,76100000000.0,ineligible_filing_history,7,7,,
2022-07-01,92122,SOUTHERN CO,4911.0,116,64100000000.0,sector_excluded_sic_4911,8,8,,
2022-07-01,1133421,NORTHROP GRUMMAN CORP /DE/,3812.0,119,58200000000.0,sector_excluded_sic_3812,8,8,,
2022-07-01,277948,CSX CORP,4011.0,122,,no_pit_valid_float,8,8,,
2022-07-01,1101239,EQUINIX INC,6798.0,123,72000000000.0,sector_excluded_sic_6798,8,8,,
2022-07-01,1048911,FEDEX CORP,4513.0,128,70200000000.0,sector_excluded_sic_4513,6,8,,
2022-07-01,49826,ILLINOIS TOOL WORKS INC,3560.0,129,70100000000.0,sector_excluded_sic_3560,8,8,,
2022-07-01,1059556,MOODYS CORP /DE/,7320.0,134,68000000000.0,sector_excluded_sic_7320,8,8,,
2022-07-01,715957,"DOMINION ENERGY, INC",4911.0,135,59300000000.0,sector_excluded_sic_4911,8,8,,
2022-07-01,702165,NORFOLK SOUTHERN CORP,4011.0,139,65486012788.0,sector_excluded_sic_4011,8,8,,
2022-07-01,16875,CANADIAN PACIFIC KANSAS CITY LTD/CN,4011.0,140,51279545149.0,sector_excluded_sic_4011,8,8,,
2022-07-01,319201,KLA CORP,3827.0,141,39860000000.0,sector_excluded_sic_3827,8,8,,
2022-07-01,823768,WASTE MANAGEMENT INC,4953.0,145,58900000000.0,sector_excluded_sic_4953,8,8,,
2022-07-01,6281,ANALOG DEVICES INC,3674.0,146,,no_pit_valid_float,8,8,,
2022-07-01,2969,"Air Products & Chemicals, Inc.",2810.0,147,62100000000.0,sector_excluded_sic_2810,8,8,,
2022-07-01,1551182,Eaton Corp plc,3590.0,150,59100000000.0,sector_excluded_sic_3590,8,8,,
2022-07-01,32604,EMERSON ELECTRIC CO,3600.0,153,53700000000.0,sector_excluded_sic_3600,8,8,,
2022-07-01,1164727,NEWMONT Corp /DE/,1040.0,170,50629300966.0,sector_excluded_sic_1040,8,8,,
2022-07-01,1559720,"Airbnb, Inc.",7340.0,172,50300000000.0,sector_excluded_sic_7340,6,6,,
2022-07-01,1835632,"Marvell Technology, Inc.",3674.0,174,49623085335.0,ineligible_filing_history,5,5,,
2022-07-01,4904,AMERICAN ELECTRIC POWER CO INC,4911.0,175,42651294349.0,sector_excluded_sic_4911,8,8,,
2022-07-01,882835,ROPER TECHNOLOGIES INC,3823.0,176,49300000000.0,sector_excluded_sic_3823,8,8,,
2022-07-01,831259,FREEPORT-MCMORAN INC,1000.0,178,48600000000.0,sector_excluded_sic_1000,8,8,,
2022-07-01,55785,KIMBERLY CLARK CORP,2670.0,179,45100000000.0,sector_excluded_sic_2670,8,8,,
2022-07-01,1032208,SEMPRA,4932.0,180,41700000000.0,sector_excluded_sic_4932,8,8,,
2022-07-01,1751788,DOW INC.,2821.0,181,47100000000.0,sector_excluded_sic_2821,8,8,,
2022-07-01,1393311,Public Storage,6798.0,182,,no_pit_valid_float,8,8,,
2022-07-01,40533,GENERAL DYNAMICS CORP,3730.0,183,46753289081.0,sector_excluded_sic_3730,8,8,,
2022-07-01,833444,Johnson Controls International plc,3585.0,187,42700000000.0,sector_excluded_sic_3585,8,8,,
2022-07-01,1321655,Palantir Technologies Inc.,7372.0,188,45400000000.0,ineligible_filing_history,7,7,,
2022-07-01,202058,"L3HARRIS TECHNOLOGIES, INC. /DE/",3812.0,195,44061543832.0,sector_excluded_sic_3812,8,8,,
2022-07-01,723254,CINTAS CORP,2320.0,197,,no_pit_valid_float,8,8,,
2022-07-01,1466258,Trane Technologies plc,3822.0,198,43700000000.0,sector_excluded_sic_3822,8,8,,
2022-07-01,1109357,EXELON CORP,4931.0,200,43290833498.0,sector_excluded_sic_4931,8,8,,
2022-07-01,1385157,TE Connectivity plc,5065.0,203,42500000000.0,sector_excluded_sic_5065,8,8,,
2022-07-01,1063761,SIMON PROPERTY GROUP INC.,6798.0,204,42527000000.0,sector_excluded_sic_6798,8,8,,
2022-07-01,1783180,CARRIER GLOBAL Corp,3585.0,206,42100000000.0,sector_excluded_sic_3585,8,8,,
2022-07-01,726728,REALTY INCOME CORP,6798.0,208,25400000000.0,sector_excluded_sic_6798,8,8,,
2022-07-01,1297996,"DIGITAL REALTY TRUST, INC.",6798.0,209,42000000000.0,sector_excluded_sic_6798,8,8,,
2022-07-01,1060391,"REPUBLIC SERVICES, INC.",4953.0,212,35000000000.0,sector_excluded_sic_4953,8,8,,
2022-07-01,1666700,"DuPont de Nemours, Inc.",2821.0,214,41000000000.0,sector_excluded_sic_2821,8,8,,
2022-07-01,76334,Parker-Hannifin Corp,3490.0,217,34984991426.0,sector_excluded_sic_3490,8,8,,
2022-07-01,79879,PPG INDUSTRIES INC,2851.0,219,40246000000.0,sector_excluded_sic_2851,8,8,,
2022-07-01,866787,AUTOZONE INC,5531.0,226,24697255765.0,ineligible_filing_history,6,8,,
2022-07-01,72903,XCEL ENERGY INC,4931.0,227,35463594471.0,sector_excluded_sic_4931,8,8,,
2022-07-01,766704,WELLTOWER INC.,6798.0,230,35091527000.0,sector_excluded_sic_6798,8,8,,
2022-07-01,51253,INTERNATIONAL FLAVORS & FRAGRANCES INC,2860.0,234,37208150825.0,sector_excluded_sic_2860,8,8,,
2022-07-01,1315098,Roblox Corp,7372.0,235,36900000000.0,ineligible_filing_history,5,5,,
2022-07-01,1260221,TransDigm Group INC,3728.0,237,32940645808.0,sector_excluded_sic_3728,8,8,,
2022-07-01,24741,CORNING INC /NY,3357.0,247,35000000000.0,sector_excluded_sic_3357,8,8,,
2022-07-01,1598014,IHS Markit Ltd.,7370.0,248,34900000000.0,ineligible_filing_history,5,6,,
2022-07-01,1781335,Otis Worldwide Corp,3600.0,249,34888309556.0,sector_excluded_sic_3600,8,8,,
2022-07-01,1832433,Ferguson (Jersey) Ltd,5070.0,250,,no_pit_valid_float,0,0,,
2022-07-01,26172,CUMMINS INC,3510.0,251,34700000000.0,sector_excluded_sic_3510,8,8,,
2022-07-01,1034054,SBA COMMUNICATIONS CORP,6798.0,254,34600000000.0,sector_excluded_sic_6798,8,8,,
2022-07-01,93556,"STANLEY BLACK & DECKER, INC.",3420.0,256,33900000000.0,sector_excluded_sic_3420,8,8,,
2022-07-01,1047862,CONSOLIDATED EDISON INC,4931.0,257,25300000000.0,sector_excluded_sic_4931,8,8,,
2022-07-01,1679788,"Coinbase Global, Inc.",6199.0,259,33500000000.0,non_operating_sic_6199,5,5,,
2022-07-01,3570,"Cheniere Energy, Inc.",4924.0,260,21800000000.0,sector_excluded_sic_4924,8,8,,
2022-07-01,16918,"CONSTELLATION BRANDS, INC.",2080.0,262,33300000000.0,ineligible_filing_history,7,9,,
2022-07-01,1024478,"ROCKWELL AUTOMATION, INC",3829.0,266,30800000000.0,sector_excluded_sic_3829,8,8,,
2022-07-01,1792789,"DoorDash, Inc.",7389.0,267,32500000000.0,ineligible_filing_history,6,6,,
2022-07-01,712515,ELECTRONIC ARTS INC.,7372.0,269,,no_pit_valid_float,8,8,,
2022-07-01,882184,HORTON D R INC /DE/,1531.0,271,32000000000.0,sector_excluded_sic_1531,8,8,,
2022-07-01,1318220,"Waste Connections, Inc.",4953.0,274,31023478489.0,sector_excluded_sic_4953,8,8,,
2022-07-01,783325,"WEC ENERGY GROUP, INC.",4931.0,275,28100000000.0,sector_excluded_sic_4931,8,8,,
2022-07-01,92380,SOUTHWEST AIRLINES CO,4512.0,276,31305364914.0,sector_excluded_sic_4512,8,8,,
2022-07-01,788784,PUBLIC SERVICE ENTERPRISE GROUP INC,4931.0,277,29934856297.0,sector_excluded_sic_4931,8,8,,
2022-07-01,1037868,AMETEK INC/,3823.0,281,30900000000.0,sector_excluded_sic_3823,8,8,,
2022-07-01,723531,PAYCHEX INC,8700.0,282,29976304817.0,sector_excluded_sic_8700,6,8,,
2022-07-01,72741,EVERSOURCE ENERGY,4911.0,292,27528070961.0,sector_excluded_sic_4911,8,8,,
2022-07-01,33185,EQUIFAX INC,7320.0,293,29179641497.0,sector_excluded_sic_7320,8,8,,
2022-07-01,915912,AVALONBAY COMMUNITIES INC,6798.0,294,29036990171.0,sector_excluded_sic_6798,8,8,,
2022-07-01,1705696,VICI PROPERTIES INC.,6798.0,297,16600000000.0,sector_excluded_sic_6798,8,8,,
2022-07-01,877212,ZEBRA TECHNOLOGIES CORP,3560.0,298,28600000000.0,sector_excluded_sic_3560,8,8,,
2022-07-01,906107,VIVMARK RESIDENTIAL,6798.0,299,28500000000.0,sector_excluded_sic_6798,8,8,,
2022-07-01,73309,NUCOR CORP,3312.0,301,28210000000.0,sector_excluded_sic_3312,8,8,,
2022-07-01,920760,LENNAR CORP /NEW/,1520.0,304,27924845491.0,sector_excluded_sic_1520,8,8,,
2022-07-01,1601712,Synchrony Financial,6199.0,305,27822151695.0,non_operating_sic_6199,8,8,,
2022-07-01,1138118,"CBRE GROUP, INC.",6500.0,306,27800000000.0,sector_excluded_sic_6500,8,8,,
2022-07-01,27904,"DELTA AIR LINES, INC.",4512.0,308,27700000000.0,sector_excluded_sic_4512,8,8,,
2022-07-01,1035443,"ALEXANDRIA REAL ESTATE EQUITIES, INC.",6798.0,310,27500000000.0,sector_excluded_sic_6798,8,8,,
2022-07-01,1489393,LyondellBasell Industries N.V.,2860.0,314,27000000000.0,sector_excluded_sic_2860,8,8,,
2022-07-01,9389,BALL Corp,3411.0,316,26500000000.0,sector_excluded_sic_3411,8,8,,
2022-07-01,1701605,Baker Hughes Co,3533.0,319,15782188948.0,sector_excluded_sic_3533,8,8,,
2022-07-01,106535,WEYERHAEUSER CO,6798.0,324,25700000000.0,sector_excluded_sic_6798,8,8,,
2022-07-01,54480,KANSAS CITY SOUTHERN,4011.0,325,25630000000.0,sector_excluded_sic_4011,8,8,,
2022-07-01,1410636,"American Water Works Company, Inc.",4941.0,327,24667400000.0,sector_excluded_sic_4941,8,8,,
2022-07-01,1659166,Fortive Corp,3823.0,329,25300000000.0,sector_excluded_sic_3823,8,8,,
2022-07-01,21076,CLOROX CO /DE/,2842.0,330,25300000000.0,sector_excluded_sic_2842,8,8,,
2022-07-01,815097,Carnival Corp Ltd.,4400.0,333,25200000000.0,sector_excluded_sic_4400,7,9,,
2022-07-01,1474735,GENERAC HOLDINGS INC.,3621.0,334,25196620072.0,sector_excluded_sic_3621,8,8,,
2022-07-01,103379,V F CORP,2320.0,339,,no_pit_valid_float,8,8,,
2022-07-01,915913,ALBEMARLE CORP,2821.0,341,19700000000.0,sector_excluded_sic_2821,8,8,,
2022-07-01,936340,DTE ENERGY CO,4911.0,343,21200000000.0,sector_excluded_sic_4911,8,8,,
2022-07-01,1058057,MARVELL TECHNOLOGY GROUP LTD,3674.0,344,24357535058.0,ineligible_filing_history,3,3,,
2022-07-01,878927,"OLD DOMINION FREIGHT LINE, INC.",4213.0,347,24053489079.0,sector_excluded_sic_4213,8,8,,
2022-07-01,827052,EDISON INTERNATIONAL,4911.0,349,22000000000.0,sector_excluded_sic_4911,8,8,,
2022-07-01,51434,INTERNATIONAL PAPER CO /NEW/,2621.0,351,23888254007.0,sector_excluded_sic_2621,8,8,,
2022-07-01,63754,MCCORMICK & CO INC,2090.0,352,23764539252.0,ineligible_filing_history,5,8,,
2022-07-01,1324424,"Expedia Group, Inc.",4700.0,354,23665358000.0,sector_excluded_sic_4700,8,8,,
2022-07-01,899866,"ALEXION PHARMACEUTICALS, INC.",2834.0,356,23566236936.0,ineligible_filing_history,4,4,,
2022-07-01,1002910,AMEREN CORP,4931.0,358,20481306104.0,sector_excluded_sic_4931,8,8,,
2022-07-01,1618921,"Walgreens Boots Alliance, Inc.",5912.0,359,34300000000.0,ineligible_filing_history,7,9,,
2022-07-01,1396009,Vulcan Materials CO,1400.0,362,23045807043.0,sector_excluded_sic_1400,8,8,,
2022-07-01,65984,ENTERGY CORP /DE/,4911.0,363,20000000000.0,sector_excluded_sic_4911,8,8,,
2022-07-01,1524472,Xylem Inc.,3561.0,365,22600000000.0,sector_excluded_sic_3561,8,8,,
2022-07-01,1289490,Extra Space Storage Inc.,6798.0,366,21458986411.0,sector_excluded_sic_6798,8,8,,
2022-07-01,1136869,"ZIMMER BIOMET HOLDINGS, INC.",3842.0,370,,no_pit_valid_float,8,8,,
2022-07-01,1121788,GARMIN LTD,3812.0,372,21920000000.0,sector_excluded_sic_3812,8,8,,
2022-07-01,1031296,FIRSTENERGY CORP,4911.0,373,20228791176.0,sector_excluded_sic_4911,8,8,,
2022-07-01,1687229,Invitation Homes Inc.,6510.0,376,21100000000.0,sector_excluded_sic_6510,8,8,,
2022-07-01,884887,ROYAL CARIBBEAN CRUISES LTD,4400.0,377,21700000000.0,sector_excluded_sic_4400,8,8,,
2022-07-01,29905,DOVER Corp,3530.0,378,21609554242.0,sector_excluded_sic_3530,8,8,,
2022-07-01,922224,PPL Corp,4911.0,379,21524716380.0,sector_excluded_sic_4911,8,8,,
2022-07-01,746515,EXPEDITORS INTERNATIONAL OF WASHINGTON INC,4731.0,380,21309503040.0,sector_excluded_sic_4731,8,8,,
2022-07-01,1552033,TransUnion,7320.0,388,21000000000.0,sector_excluded_sic_7320,8,8,,
2022-07-01,1820953,"Affirm Holdings, Inc.",6141.0,389,,no_pit_valid_float,6,6,,
2022-07-01,1858681,"Apollo Global Management, Inc.",6282.0,392,,no_pit_valid_float,1,1,,
2022-07-01,1004980,PG&E Corp,4931.0,395,,no_pit_valid_float,8,8,,
2022-07-01,1175454,"CORPAY, INC.",7389.0,396,,no_pit_valid_float,8,8,,
2022-07-01,864749,TRIMBLE INC.,3829.0,398,20700000000.0,sector_excluded_sic_3829,8,8,,
2022-07-01,277135,"W.W. GRAINGER, INC.",5000.0,399,20483168550.0,sector_excluded_sic_5000,8,8,,
2022-07-01,1067701,"UNITED RENTALS, INC.",7359.0,400,20610000000.0,sector_excluded_sic_7359,8,8,,
2022-07-01,743988,XILINX INC,3674.0,402,20370129000.0,ineligible_filing_history,7,7,,
2022-07-01,1170010,CARMAX INC,5500.0,404,20342890361.0,ineligible_filing_history,7,9,,
2022-07-01,1734722,"UiPath, Inc.",7372.0,410,20100000000.0,ineligible_filing_history,4,5,,
2022-07-01,1601046,"Keysight Technologies, Inc.",3823.0,411,19000000000.0,sector_excluded_sic_3823,8,8,,
2022-07-01,1834584,"Coupang, Inc.",5961.0,413,19980728143.0,ineligible_filing_history,5,5,,
2022-07-01,749251,GARTNER INC,8741.0,416,19700000000.0,sector_excluded_sic_8741,8,8,,
2022-07-01,811156,CMS ENERGY CORP,4931.0,419,17113000000.0,sector_excluded_sic_4931,8,8,,
2022-07-01,912593,SUN COMMUNITIES INC,6798.0,420,19529836028.0,sector_excluded_sic_6798,8,8,,
2022-07-01,916076,MARTIN MARIETTA MATERIALS INC,1400.0,421,19487944698.0,sector_excluded_sic_1400,8,8,,
2022-07-01,1094285,TELEDYNE TECHNOLOGIES INC,3812.0,423,19400000000.0,sector_excluded_sic_3812,8,8,,
2022-07-01,920522,"ESSEX PROPERTY TRUST, INC.",6798.0,424,19372879492.0,sector_excluded_sic_6798,8,8,,
2022-07-01,1772757,DraftKings Holdings Inc.,7990.0,425,19200000000.0,ineligible_filing_history,7,7,,
2022-07-01,1699150,Ingersoll Rand Inc.,3560.0,427,18900000000.0,sector_excluded_sic_3560,8,8,,
2022-07-01,1868275,Constellation Energy Corp,4911.0,432,,no_pit_valid_float,2,2,,
2022-07-01,40987,GENUINE PARTS CO,5013.0,433,17500000000.0,sector_excluded_sic_5013,8,8,,
2022-07-01,1130310,CENTERPOINT ENERGY INC,4911.0,441,14445680164.0,sector_excluded_sic_4911,8,8,,
2022-07-01,783280,DUKE REALTY CORP,6798.0,447,18010000000.0,sector_excluded_sic_6798,8,8,,
2022-07-01,740260,"Ventas, Inc.",6798.0,449,18000000000.0,sector_excluded_sic_6798,8,8,,
2022-07-01,1037540,"BXP, Inc.",6798.0,452,17851769904.0,sector_excluded_sic_6798,8,8,,
2022-07-01,945841,POOL CORP,5090.0,453,17838608341.0,sector_excluded_sic_5090,8,8,,
2022-07-01,52988,JACOBS SOLUTIONS INC.,1600.0,454,16900000000.0,sector_excluded_sic_1600,8,8,,
2022-07-01,1050915,"QUANTA SERVICES, INC.",1731.0,455,12500000000.0,sector_excluded_sic_1731,8,8,,
2022-07-01,1324404,"CF Industries Holdings, Inc.",2870.0,461,11001041821.0,sector_excluded_sic_2870,8,8,,
2022-07-01,874761,AES CORP,4991.0,462,17370000000.0,sector_excluded_sic_4991,8,8,,
2022-07-01,8818,Avery Dennison Corp,2670.0,464,17300000000.0,sector_excluded_sic_2670,8,8,,
2022-07-01,97210,"TERADYNE, INC",3825.0,470,16900000000.0,sector_excluded_sic_3825,8,8,,
2022-07-01,1704292,Zai Lab Ltd,2834.0,471,16900000000.0,ineligible_filing_history,6,6,,
2022-07-01,100517,"United Airlines Holdings, Inc.",4512.0,472,16900000000.0,sector_excluded_sic_4512,8,8,,
2022-07-01,906163,NVR INC,1531.0,474,16843142000.0,sector_excluded_sic_1531,8,8,,
2022-07-01,1306830,Celanese Corp,2820.0,475,16818745123.0,sector_excluded_sic_2820,8,8,,
2022-07-01,832101,IDEX CORP /DE/,3561.0,477,16710929496.0,sector_excluded_sic_3561,8,8,,
2022-07-01,46619,HEICO CORP,3724.0,478,16584854000.0,sector_excluded_sic_3724,8,8,,
2022-07-01,1868726,"OLAPLEX HOLDINGS, INC.",2844.0,481,16500000000.0,ineligible_filing_history,3,3,,
2022-07-01,731802,ATMOS ENERGY CORP,4924.0,483,12737499573.0,sector_excluded_sic_4924,8,8,,
2022-07-01,1339688,LION COPPER & GOLD CORP.,1000.0,491,,no_pit_valid_float,0,0,,
2022-07-01,1025378,W. P. Carey Inc.,6798.0,492,13700000000.0,sector_excluded_sic_6798,8,8,,
2022-07-01,1751008,AppLovin Corp,7370.0,495,15450000000.0,ineligible_filing_history,5,5,,
2022-07-01,943452,WESTINGHOUSE AIR BRAKE TECHNOLOGIES CORP,3743.0,497,15400000000.0,sector_excluded_sic_3743,8,8,,
2022-07-01,217346,TEXTRON INC,3720.0,498,15400000000.0,sector_excluded_sic_3720,8,8,,
2022-07-01,743316,MAXIM INTEGRATED PRODUCTS INC,3674.0,502,15055411611.0,ineligible_filing_history,5,5,,
2022-07-01,4281,Howmet Aerospace Inc.,3350.0,503,15000000000.0,sector_excluded_sic_3350,8,8,,
2022-07-01,915389,EASTMAN CHEMICAL CO,2821.0,504,14993315901.0,sector_excluded_sic_2821,8,8,,
2022-07-01,851205,COGNEX CORP,3823.0,505,14919879186.0,sector_excluded_sic_3823,8,8,,
2022-07-01,18926,"Lumen Technologies, Inc.",4813.0,506,14900000000.0,sector_excluded_sic_4813,8,8,,
2022-07-01,1711269,"Evergy, Inc.",4931.0,508,13704717320.0,sector_excluded_sic_4931,8,8,,
2022-07-01,352541,ALLIANT ENERGY CORP,4931.0,510,13900000000.0,sector_excluded_sic_4931,8,8,,
2022-07-01,1093691,PLUG POWER INC,3620.0,512,14530557613.0,sector_excluded_sic_3620,7,8,,
2022-07-01,62996,MASCO CORP /DE/,3430.0,513,14501171300.0,sector_excluded_sic_3430,8,8,,
2022-07-01,1065696,LKQ CORP,5010.0,514,14500000000.0,sector_excluded_sic_5010,8,8,,
2022-07-01,1810806,Unity Software Inc.,7372.0,517,10300000000.0,ineligible_filing_history,7,7,,
2022-07-01,906345,CAMDEN PROPERTY TRUST,6798.0,522,13268781625.0,sector_excluded_sic_6798,8,8,,
2022-07-01,822416,PULTEGROUP INC/MI/,1531.0,523,14115791937.0,sector_excluded_sic_1531,8,8,,
2022-07-01,1764925,"Slack Technologies, Inc.",7372.0,524,14100000000.0,ineligible_filing_history,4,4,,
2022-07-01,912595,MID AMERICA APARTMENT COMMUNITIES INC.,6798.0,526,13800000000.0,sector_excluded_sic_6798,8,8,,
2022-07-01,1020569,IRON MOUNTAIN INC,6798.0,529,,no_pit_valid_float,8,8,,
2022-07-01,37785,FMC CORP,2800.0,530,13858737802.0,sector_excluded_sic_2800,8,8,,
2022-07-01,818479,DENTSPLY SIRONA Inc.,3843.0,532,13791201522.0,ineligible_filing_history,7,7,,
2022-07-01,1732845,WestRock Co,2650.0,533,13705000000.0,sector_excluded_sic_2650,8,8,,
2022-07-01,1519751,"Fortune Brands Innovations, Inc.",2430.0,534,13699604954.0,sector_excluded_sic_2430,8,8,,
2022-07-01,728535,HUNT J B TRANSPORT SERVICES INC,4213.0,538,13600000000.0,sector_excluded_sic_4213,8,8,,
2022-07-01,6201,American Airlines Group Inc.,4512.0,539,13600000000.0,sector_excluded_sic_4512,8,8,,
2022-07-01,1219601,"CROWN HOLDINGS, INC.",3411.0,540,13507815724.0,sector_excluded_sic_3411,8,8,,
2022-07-01,1069202,LENNOX INTERNATIONAL INC,3585.0,547,13000000000.0,sector_excluded_sic_3585,8,8,,
2022-07-01,1174922,WYNN RESORTS LTD,7011.0,548,,no_pit_valid_float,8,8,,
2022-07-01,1166003,"XPO, Inc.",4700.0,549,12900000000.0,sector_excluded_sic_4700,8,8,,
2022-07-01,1043219,ANNALY CAPITAL MANAGEMENT INC,6798.0,550,12800000000.0,sector_excluded_sic_6798,8,8,,
2022-07-01,765880,"HEALTHPEAK PROPERTIES, INC.",6798.0,551,12800000000.0,sector_excluded_sic_6798,8,8,,
2022-07-01,42888,GRACO INC,3561.0,553,12720903679.0,sector_excluded_sic_3561,8,8,,
2022-07-01,895417,EQUITY LIFESTYLE PROPERTIES INC,6798.0,554,12709200000.0,sector_excluded_sic_6798,8,8,,
2022-07-01,75677,PACKAGING CORP OF AMERICA,2650.0,558,12670117556.0,sector_excluded_sic_2650,8,8,,
2022-07-01,1043277,"C. H. ROBINSON WORLDWIDE, INC.",4731.0,559,12367912086.0,sector_excluded_sic_4731,8,8,,
2022-07-01,1579241,Allegion plc,7381.0,564,12500000000.0,sector_excluded_sic_7381,8,8,,
2022-07-01,737758,TORO CO,3524.0,568,12300000000.0,sector_excluded_sic_3524,8,8,,
2022-07-01,1874178,"Rivian Automotive, Inc. / DE",3711.0,569,,no_pit_valid_float,3,3,,
2022-07-01,1285785,MOSAIC CO,2870.0,573,12100000000.0,sector_excluded_sic_2870,8,8,,
2022-07-01,1070750,"HOST HOTELS & RESORTS, INC.",6798.0,575,12045958569.0,sector_excluded_sic_6798,8,8,,
2022-07-01,78128,"Essential Utilities, Inc.",4941.0,576,11211937094.0,sector_excluded_sic_4941,8,8,,
2022-07-01,1650164,"Toast, Inc.",7374.0,577,12000000000.0,ineligible_filing_history,3,3,,
2022-07-01,879101,KIMCO REALTY CORP,6798.0,578,8800000000.0,sector_excluded_sic_6798,8,8,,
2022-07-01,1111711,NISOURCE INC.,4931.0,581,9579675045.0,sector_excluded_sic_4931,8,8,,
2022-07-01,91440,Snap-on Inc,3420.0,582,11900000000.0,sector_excluded_sic_3420,8,8,,
2022-07-01,1069878,TREX CO INC,2400.0,591,11700000000.0,sector_excluded_sic_2400,8,8,,
2022-07-01,1287865,MEDICAL PROPERTIES TRUST INC,6798.0,592,11700000000.0,sector_excluded_sic_6798,8,8,,
2022-07-01,110621,RPM INTERNATIONAL INC/DE/,2851.0,594,11309677876.0,sector_excluded_sic_2851,8,8,,
2022-07-01,1841666,APA Corp,1311.0,595,8176506326.0,ineligible_filing_history,5,5,,
2022-07-01,1069183,"AXON ENTERPRISE, INC.",3480.0,599,11400000000.0,sector_excluded_sic_3480,8,8,,
2022-07-01,1567094,CNH Industrial N.V.,3531.0,603,,no_pit_valid_float,0,0,,
2022-07-01,1443646,Booz Allen Hamilton Holding Corp,8742.0,604,10457916666.0,sector_excluded_sic_8742,8,8,,
2022-07-01,77360,PENTAIR plc,3550.0,612,11084021014.0,sector_excluded_sic_3550,8,8,,
2022-07-01,1095073,"EVEREST GROUP, LTD.",6331.0,613,,no_pit_valid_float,8,8,,
2022-07-01,1575965,"Gaming & Leisure Properties, Inc.",6798.0,619,10300000000.0,sector_excluded_sic_6798,8,8,,
2022-07-01,910606,REGENCY CENTERS CORP,6798.0,620,10800000000.0,sector_excluded_sic_6798,8,8,,
2022-07-01,1562401,American Homes 4 Rent,6798.0,622,10800000000.0,sector_excluded_sic_6798,8,8,,
2022-07-01,1513761,Norwegian Cruise Line Holdings Ltd.,4400.0,624,10800000000.0,sector_excluded_sic_4400,8,8,,
2022-07-01,1383650,"Cheniere Energy Partners, L.P.",4924.0,625,10800000000.0,sector_excluded_sic_4924,8,8,,
2022-07-01,764065,CLEVELAND-CLIFFS INC.,1000.0,629,10636421962.0,sector_excluded_sic_1000,8,8,,
2022-07-01,861884,"RELIANCE, INC.",5051.0,640,9530000000.0,sector_excluded_sic_5051,8,8,,
2022-07-01,825542,SCOTTS MIRACLE-GRO CO,2870.0,642,10247688750.0,sector_excluded_sic_2870,8,8,,
2022-07-01,1370946,Owens Corning,3290.0,643,10116157510.0,sector_excluded_sic_3290,8,8,,
2022-07-01,1818874,"SoFi Technologies, Inc.",6199.0,647,10000000000.0,non_operating_sic_6199,7,7,,
2022-07-01,1002517,"Nuance Communications, Inc.",7372.0,648,10000000000.0,ineligible_filing_history,7,7,,
2022-07-01,1037976,JONES LANG LASALLE INC,6531.0,649,9946917181.0,sector_excluded_sic_6531,8,8,,
2022-07-01,1049502,MKS INC,3823.0,653,9867033883.0,sector_excluded_sic_3823,8,8,,
2022-07-01,1571283,"Rexford Industrial Realty, Inc.",6798.0,655,7800000000.0,sector_excluded_sic_6798,8,8,,
2022-07-01,315213,ROBERT HALF INC.,7363.0,657,9676365011.0,sector_excluded_sic_7363,8,8,,
2022-07-01,105016,WATSCO INC,5070.0,658,9652000000.0,sector_excluded_sic_5070,8,8,,
2022-07-01,1298675,CubeSmart,6798.0,661,9345935587.0,sector_excluded_sic_6798,8,8,,
2022-07-01,1692819,Vistra Corp.,4911.0,662,8921038713.0,sector_excluded_sic_4911,8,8,,
2022-07-01,74208,"UDR, Inc.",6798.0,664,9500000000.0,sector_excluded_sic_6798,8,8,,
2022-07-01,944314,"LIFE STORAGE, INC.",6798.0,668,8377796999.0,sector_excluded_sic_6798,8,8,,
2022-07-01,868857,AECOM,8711.0,669,9400000000.0,sector_excluded_sic_8711,8,8,,
2022-07-01,1538990,STORE CAPITAL LLC,6798.0,674,9300000000.0,sector_excluded_sic_6798,8,8,,
2022-07-01,1823593,TuSimple Holdings Inc.,7373.0,676,9270000000.0,ineligible_filing_history,5,5,,
2022-07-01,34903,FEDERAL REALTY INVESTMENT TRUST,6798.0,684,9100000000.0,sector_excluded_sic_6798,8,8,,
2022-07-01,1477294,Sensata Technologies Holding plc,3823.0,686,9100000000.0,sector_excluded_sic_3823,8,8,,
2022-07-01,764622,PINNACLE WEST CAPITAL CORP,4911.0,688,9024891205.0,sector_excluded_sic_4911,8,8,,
2022-07-01,1516513,"Doximity, Inc.",7371.0,692,9000000000.0,ineligible_filing_history,4,4,,
2022-07-01,1811074,Texas Pacific Land Corp,6792.0,693,9000000000.0,non_operating_sic_6792,6,6,,
2022-07-01,1090425,LAMAR ADVERTISING CO/NEW,6798.0,695,8936171502.0,sector_excluded_sic_6798,8,8,,
2022-07-01,1437578,BRIGHT HORIZONS FAMILY SOLUTIONS INC.,8351.0,696,8900000000.0,sector_excluded_sic_8351,8,8,,
2022-07-01,1553023,CyrusOne Holdco LLC,6798.0,697,8900000000.0,sector_excluded_sic_6798,7,7,,
2022-07-01,831641,TETRA TECH INC,8711.0,698,7100000000.0,sector_excluded_sic_8711,8,8,,
2022-07-01,1012100,SEALED AIR CORP/DE,2820.0,699,8852200805.0,sector_excluded_sic_2820,8,8,,
2022-07-01,1287750,ARES CAPITAL CORP,,700,,no_pit_valid_float,8,8,,
2022-07-01,929940,ASPENTECH Corp,7371.0,703,8795495299.0,ineligible_filing_history,7,8,,
2022-07-01,1501585,"HUNTINGTON INGALLS INDUSTRIES, INC.",3730.0,706,8465000000.0,sector_excluded_sic_3730,8,8,,
2022-07-01,1022671,STEEL DYNAMICS INC,3312.0,707,8700000000.0,sector_excluded_sic_3312,8,8,,
2022-07-01,888491,OMEGA HEALTHCARE INVESTORS INC,6798.0,708,8621397772.0,sector_excluded_sic_6798,8,8,,
2022-07-01,1013871,"NRG ENERGY, INC.",4911.0,709,8611281553.0,sector_excluded_sic_4911,8,8,,
2022-07-01,1821825,Organon & Co.,2834.0,711,7670000000.0,ineligible_filing_history,5,5,,
2022-07-01,1801169,Opendoor Technologies Inc.,6531.0,714,8530606083.0,sector_excluded_sic_6531,8,8,,
2022-07-01,884614,UGI CORP /PA/,4932.0,715,8512319963.0,sector_excluded_sic_4932,8,8,,
2022-07-01,1398659,Genpact LTD,8742.0,717,8472136029.0,sector_excluded_sic_8742,8,8,,
2022-07-01,931015,Polaris Inc.,3790.0,723,8295879000.0,sector_excluded_sic_3790,8,8,,
2022-07-01,899689,VORNADO REALTY TRUST,6798.0,724,8259860000.0,sector_excluded_sic_6798,8,8,,
2022-07-01,7536,"ARROW ELECTRONICS, INC.",5065.0,726,8209051733.0,sector_excluded_sic_5065,8,8,,
2022-07-01,1675149,Alcoa Corp,3334.0,727,6900000000.0,sector_excluded_sic_3334,8,8,,
2022-07-01,880266,AGCO CORP /DE,3523.0,728,8200000000.0,sector_excluded_sic_3523,8,8,,
2022-07-01,751364,"NNN REIT, INC.",6798.0,729,8176510000.0,sector_excluded_sic_6798,8,8,,
2022-07-01,775158,OSHKOSH CORP,3711.0,731,8142015260.0,ineligible_filing_history,7,7,,
2022-07-01,1706946,"Virgin Galactic Holdings, Inc",4700.0,733,8100000000.0,sector_excluded_sic_4700,8,8,,
2022-07-01,1025996,KILROY REALTY CORP,6798.0,735,8069266329.0,sector_excluded_sic_6798,8,8,,
2022-07-01,1803599,Concentrix Corp,7389.0,736,7821634825.0,ineligible_filing_history,6,6,,
2022-07-01,820318,COHERENT CORP.,3827.0,740,7871289598.0,sector_excluded_sic_3827,8,8,,
2022-07-01,216228,ITT INC.,3561.0,742,7800000000.0,sector_excluded_sic_3561,8,8,,
2022-07-01,1021635,OGE ENERGY CORP.,4911.0,744,6735867248.0,sector_excluded_sic_4911,8,8,,
2022-07-01,59527,LINCOLN ELECTRIC HOLDINGS INC,3540.0,747,7648397697.0,sector_excluded_sic_3540,8,8,,
2022-07-01,14930,BRUNSWICK CORP,3510.0,749,7598113363.0,sector_excluded_sic_3510,8,8,,
2022-07-01,1650729,"SiteOne Landscape Supply, Inc.",5040.0,753,7504369645.0,sector_excluded_sic_5040,8,8,,
2022-07-01,1822250,ContextLogic Inc.,5961.0,754,5600000000.0,ineligible_filing_history,6,6,,
2022-07-01,766421,"ALASKA AIR GROUP, INC.",4512.0,755,7500000000.0,sector_excluded_sic_4512,8,8,,
2022-07-01,1455863,AMERICOLD REALTY TRUST,6798.0,756,7500000000.0,sector_excluded_sic_6798,8,8,,
2022-07-01,85535,ROYAL GOLD INC,6795.0,757,7500000000.0,non_operating_sic_6795,7,7,,
2022-07-01,82811,REGAL REXNORD CORP,3569.0,758,5400000000.0,sector_excluded_sic_3569,8,8,,
2022-07-01,29644,DONALDSON Co INC,3564.0,760,7459060097.0,sector_excluded_sic_3564,8,8,,
2022-07-01,1492691,Knight-Swift Transportation Holdings Inc.,4213.0,761,7426391060.0,sector_excluded_sic_4213,8,8,,
2022-07-01,1820877,Apartment Income REIT Corp.,6798.0,764,7400000000.0,sector_excluded_sic_6798,6,6,,
2022-07-01,74303,OLIN Corp,2800.0,765,7365032087.0,sector_excluded_sic_2800,8,8,,
2022-07-01,1584751,Talis Biomedical Corp,3826.0,769,181704426000.0,ineligible_filing_history,6,6,,
2022-07-01,1378946,"People's United Financial, Inc.",6035.0,771,7330000000.0,ineligible_filing_history,7,7,,
2022-07-01,47518,"Hill-Rom Holdings, Inc.",3841.0,773,7300000000.0,ineligible_filing_history,6,6,,
2022-07-01,1423689,AGNC Investment Corp.,6798.0,774,7300000000.0,sector_excluded_sic_6798,8,8,,
2022-07-01,1653482,Gitlab Inc.,7372.0,775,7300000000.0,ineligible_filing_history,2,3,,
2022-07-01,1837686,"Vimeo, Inc.",7370.0,776,7300000000.0,ineligible_filing_history,5,5,,
2022-07-01,793952,"HARLEY-DAVIDSON, INC.",3751.0,778,7237652888.0,sector_excluded_sic_3751,8,8,,
2022-07-01,898293,JABIL INC,3672.0,782,5300000000.0,ineligible_filing_history,7,7,,
2022-07-01,1915657,HF Sinclair Corp,4610.0,784,,no_pit_valid_float,1,1,,
2022-07-01,794170,"Toll Brothers, Inc.",1531.0,785,7177356000.0,sector_excluded_sic_1531,8,8,,
2022-07-01,1465128,"STARWOOD PROPERTY TRUST, INC.",6798.0,786,7164419530.0,sector_excluded_sic_6798,8,8,,
2022-07-01,1647088,WillScot Holdings Corp,7350.0,788,5500000000.0,sector_excluded_sic_7350,8,8,,
2022-07-01,1616862,Axalta Coating Systems Ltd.,2851.0,789,7049900000.0,sector_excluded_sic_2851,8,8,,
2022-07-01,1031308,BENTLEY SYSTEMS INC,7372.0,794,7000000000.0,ineligible_filing_history,7,7,,
2022-07-01,203527,VARIAN MEDICAL SYSTEMS INC,3845.0,799,6905810423.0,ineligible_filing_history,3,3,,
2022-07-01,1467858,General Motors Co,3711.0,100,85800000000.0,below_sector_K,8,8,consumer,21.0
2022-07-01,109198,TJX COMPANIES INC /DE/,5651.0,107,82700000000.0,below_sector_K,8,8,consumer,22.0
2022-07-01,8670,AUTOMATIC DATA PROCESSING INC,7374.0,86,75329818310.0,below_sector_K,8,8,tech,21.0
2022-07-01,718877,"Activision Blizzard, Inc.",7372.0,121,73721746854.0,below_sector_K,8,8,tech,22.0
2022-07-01,89800,SHERWIN WILLIAMS CO,5200.0,124,71612872106.0,below_sector_K,8,8,consumer,23.0
2022-07-01,769397,"Autodesk, Inc.",7372.0,126,70600000000.0,below_sector_K,8,8,tech,23.0
2022-07-01,896159,Chubb Ltd,6331.0,108,69000000000.0,below_sector_K,8,8,financials,21.0
2022-07-01,21665,COLGATE PALMOLIVE CO,2844.0,131,68600000000.0,below_sector_K,8,8,consumer,24.0
2022-07-01,927628,CAPITAL ONE FINANCIAL CORP,6021.0,132,68400000000.0,below_sector_K,8,8,financials,22.0
2022-07-01,1393818,Blackstone Inc.,6282.0,137,66400000000.0,below_sector_K,8,8,financials,23.0
2022-07-01,1571949,"Intercontinental Exchange, Inc.",6200.0,138,66221973288.0,below_sector_K,8,8,financials,24.0
2022-07-01,1001250,ESTEE LAUDER COMPANIES INC,2844.0,98,61000000000.0,below_sector_K,8,8,consumer,25.0
2022-07-01,885725,BOSTON SCIENTIFIC CORP,3841.0,163,60600000000.0,below_sector_K,8,8,healthcare,21.0
2022-07-01,1110803,"ILLUMINA, INC.",3826.0,148,60200000000.0,below_sector_K,8,8,healthcare,22.0
2022-07-01,31462,ECOLAB INC.,2840.0,151,58664362024.0,below_sector_K,8,8,consumer,26.0
2022-07-01,37996,FORD MOTOR CO,3711.0,152,58309292659.0,below_sector_K,8,8,consumer,27.0
2022-07-01,1261333,"DOCUSIGN, INC.",7372.0,154,57600000000.0,below_sector_K,8,8,tech,24.0
2022-07-01,872589,"REGENERON PHARMACEUTICALS, INC.",2834.0,144,57065000000.0,below_sector_K,8,8,healthcare,23.0
2022-07-01,80661,PROGRESSIVE CORP/OH/,6331.0,136,56938339392.0,below_sector_K,8,8,financials,25.0
2022-07-01,49071,HUMANA INC,6324.0,149,56778277553.0,below_sector_K,8,8,healthcare,24.0
2022-07-01,1222333,SPDR GOLD TRUST,6221.0,133,56387705000.0,below_sector_K,8,8,financials,26.0
2022-07-01,1413447,NXP Semiconductors N.V.,3674.0,156,54700000000.0,below_sector_K,8,8,tech,25.0
2022-07-01,1123360,GLOBAL PAYMENTS INC,7389.0,157,54617835258.0,below_sector_K,8,8,financials,27.0
2022-07-01,29534,DOLLAR GENERAL CORP,5331.0,158,54200000000.0,below_sector_K,8,8,consumer,28.0
2022-07-01,315293,Aon plc,6411.0,155,53867751208.0,below_sector_K,8,8,financials,28.0
2022-07-01,62709,"MARSH & MCLENNAN COMPANIES, INC.",6411.0,112,53818358381.0,below_sector_K,8,8,financials,29.0
2022-07-01,1418091,"TWITTER, INC.",7370.0,159,53550000000.0,below_sector_K,8,8,tech,26.0
2022-07-01,874716,IDEXX LABORATORIES INC /DE,2835.0,160,53417914936.0,below_sector_K,8,8,healthcare,25.0
2022-07-01,707549,LAM RESEARCH CORP,3559.0,113,53314078151.0,below_sector_K,8,8,tech,27.0
2022-07-01,1428439,"ROKU, INC",4841.0,161,53234001409.0,below_sector_K,8,8,consumer,29.0
2022-07-01,860730,"HCA Healthcare, Inc.",8062.0,165,51895000000.0,below_sector_K,8,8,healthcare,26.0
2022-07-01,875320,VERTEX PHARMACEUTICALS INC / MA,2834.0,118,51600000000.0,below_sector_K,8,8,healthcare,27.0
2022-07-01,1535527,"CrowdStrike Holdings, Inc.",7372.0,166,51500000000.0,below_sector_K,8,8,tech,28.0
2022-07-01,1099219,METLIFE INC,6311.0,167,51500000000.0,below_sector_K,8,8,financials,30.0
2022-07-01,875045,BIOGEN INC.,2836.0,168,51264577902.0,below_sector_K,8,8,healthcare,28.0
2022-07-01,1447669,TWILIO INC,7372.0,169,51000000000.0,below_sector_K,8,8,tech,29.0
2022-07-01,1065088,EBAY INC,7389.0,184,46329747291.0,below_sector_K,8,8,financials,31.0
2022-07-01,1393052,VEEVA SYSTEMS INC,7372.0,185,46200000000.0,below_sector_K,8,8,tech,30.0
2022-07-01,1478242,IQVIA HOLDINGS INC.,8731.0,186,45700000000.0,below_sector_K,8,8,healthcare,29.0
2022-07-01,1327811,"Workday, Inc.",7374.0,189,44700000000.0,below_sector_K,8,8,tech,31.0
2022-07-01,1113169,PRICE T ROWE GROUP INC,6282.0,190,44600000000.0,below_sector_K,8,8,financials,32.0
2022-07-01,891103,"Match Group, Inc.",7370.0,191,44438964739.0,below_sector_K,8,8,tech,32.0
2022-07-01,1397187,lululemon athletica inc.,2300.0,192,44414000000.0,below_sector_K,8,8,consumer,30.0
2022-07-01,1390777,Bank of New York Mellon Corp,6022.0,194,44195604602.0,below_sector_K,8,8,financials,33.0
2022-07-01,865752,Monster Beverage Corp,2086.0,193,43749615959.0,below_sector_K,8,8,consumer,31.0
2022-07-01,1408198,MSCI Inc.,7389.0,199,43427568686.0,below_sector_K,8,8,financials,34.0
2022-07-01,745732,"ROSS STORES, INC.",5651.0,202,42842208333.0,below_sector_K,8,8,consumer,32.0
2022-07-01,1071739,CENTENE CORP,6324.0,177,42500000000.0,below_sector_K,8,8,healthcare,30.0
2022-07-01,1521332,Aptiv PLC,3714.0,205,42398905595.0,below_sector_K,8,8,consumer,33.0
2022-07-01,827054,MICROCHIP TECHNOLOGY INC,3674.0,211,41700000000.0,below_sector_K,8,8,tech,33.0
2022-07-01,1093557,DEXCOM INC,3841.0,213,41100000000.0,below_sector_K,8,8,healthcare,31.0
2022-07-01,47217,HP INC,3570.0,215,40931733492.0,below_sector_K,8,8,tech,34.0
2022-07-01,1506293,"PINTEREST, INC.",7370.0,216,40900000000.0,below_sector_K,8,8,tech,35.0
2022-07-01,5272,"AMERICAN INTERNATIONAL GROUP, INC.",6331.0,218,40695000000.0,below_sector_K,8,8,financials,35.0
2022-07-01,10456,BAXTER INTERNATIONAL INC,3841.0,196,40000000000.0,below_sector_K,8,8,healthcare,32.0
2022-07-01,1639825,"PELOTON INTERACTIVE, INC.",3949.0,222,39700000000.0,below_sector_K,8,8,consumer,34.0
2022-07-01,1137774,PRUDENTIAL FINANCIAL INC,6311.0,223,39630000000.0,below_sector_K,8,8,financials,36.0
2022-07-01,899051,ALLSTATE CORP,6331.0,228,38210000000.0,below_sector_K,8,8,financials,37.0
2022-07-01,813672,CADENCE DESIGN SYSTEMS INC,7372.0,229,38179000000.0,below_sector_K,8,8,tech,36.0
2022-07-01,40704,GENERAL MILLS INC,2040.0,231,37857200000.0,below_sector_K,8,9,consumer,35.0
2022-07-01,1048286,MARRIOTT INTERNATIONAL INC /MD/,7011.0,233,37430276528.0,below_sector_K,8,8,consumer,36.0
2022-07-01,86312,"TRAVELERS COMPANIES, INC.",6331.0,220,37239472474.0,below_sector_K,8,8,financials,38.0
2022-07-01,1058290,COGNIZANT TECHNOLOGY SOLUTIONS CORP,7371.0,238,36400000000.0,below_sector_K,8,8,tech,37.0
2022-07-01,820313,AMPHENOL CORP /DE/,3678.0,239,36303000000.0,below_sector_K,8,8,tech,38.0
2022-07-01,1660134,"Okta, Inc.",7372.0,240,36300000000.0,below_sector_K,8,8,tech,39.0
2022-07-01,4977,AFLAC INC,6321.0,244,35892975941.0,below_sector_K,8,8,financials,39.0
2022-07-01,1393612,Discover Financial Services,6141.0,245,35541332579.0,below_sector_K,8,8,financials,40.0
2022-07-01,96021,SYSCO CORP,5140.0,221,35407391982.0,below_sector_K,8,8,consumer,37.0
2022-07-01,1058090,CHIPOTLE MEXICAN GRILL INC,5812.0,246,35159000000.0,below_sector_K,8,8,consumer,38.0
2022-07-01,1097149,ALIGN TECHNOLOGY INC,3842.0,252,34700000000.0,below_sector_K,8,8,healthcare,33.0
2022-07-01,1041061,YUM BRANDS INC,5812.0,255,34000000000.0,below_sector_K,8,8,consumer,39.0
2022-07-01,7084,Archer-Daniels-Midland Co,2070.0,201,33700000000.0,below_sector_K,8,8,consumer,40.0
2022-07-01,1671933,"Trade Desk, Inc.",7370.0,261,33366438121.0,below_sector_K,8,8,tech,40.0
2022-07-01,1327567,Palo Alto Networks Inc,3577.0,173,33296058434.0,below_sector_K,8,8,tech,41.0
2022-07-01,68505,"Motorola Solutions, Inc.",3663.0,263,33200000000.0,below_sector_K,8,8,tech,42.0
2022-07-01,1404912,KKR & Co. Inc.,6282.0,264,33100000000.0,below_sector_K,8,8,financials,41.0
2022-07-01,898173,O REILLY AUTOMOTIVE INC,5531.0,258,32941377581.0,below_sector_K,8,8,consumer,41.0
2022-07-01,1585689,Hilton Worldwide Holdings Inc.,7011.0,265,32816000000.0,below_sector_K,8,8,consumer,42.0
2022-07-01,1037646,METTLER TOLEDO INTERNATIONAL INC/,3826.0,270,32000000000.0,below_sector_K,8,8,healthcare,34.0
2022-07-01,56873,KROGER CO,5411.0,273,31800000000.0,below_sector_K,8,8,consumer,43.0
2022-07-01,1090872,"AGILENT TECHNOLOGIES, INC.",3826.0,279,30900000000.0,below_sector_K,8,8,healthcare,35.0
2022-07-01,4127,"SKYWORKS SOLUTIONS, INC.",3674.0,280,30900000000.0,below_sector_K,8,8,tech,43.0
2022-07-01,943819,RESMED INC,3841.0,232,30662112869.0,below_sector_K,8,8,healthcare,36.0
2022-07-01,75362,PACCAR INC,3711.0,283,30450000000.0,below_sector_K,8,8,consumer,44.0
2022-07-01,927653,MCKESSON CORP,5122.0,284,30400000000.0,below_sector_K,8,8,healthcare,37.0
2022-07-01,719739,SVB FINANCIAL GROUP,6022.0,285,30340662815.0,below_sector_K,8,8,financials,42.0
2022-07-01,815556,FASTENAL CO,5200.0,287,29835146952.0,below_sector_K,8,8,consumer,45.0
2022-07-01,1611983,Liberty Broadband Corp,4841.0,289,29600000000.0,below_sector_K,8,8,consumer,46.0
2022-07-01,1418135,Keurig Dr Pepper Inc.,2080.0,286,29500000000.0,below_sector_K,8,8,consumer,47.0
2022-07-01,1140536,WILLIS TOWERS WATSON PLC,6411.0,291,29461050498.0,below_sector_K,8,8,financials,43.0
2022-07-01,1057352,"COSTAR GROUP, INC.",7389.0,295,28700000000.0,below_sector_K,8,8,financials,44.0
2022-07-01,1278680,ISHARES GOLD TRUST,6221.0,288,28537461617.0,below_sector_K,8,8,financials,45.0
2022-07-01,820027,AMERIPRISE FINANCIAL INC,6282.0,300,28400000000.0,below_sector_K,8,8,financials,46.0
2022-07-01,93751,STATE STREET CORP,6022.0,302,28200000000.0,below_sector_K,8,8,financials,47.0
2022-07-01,1637459,Kraft Heinz Co,2030.0,253,28000000000.0,below_sector_K,8,8,consumer,48.0
2022-07-01,1352010,"EPAM Systems, Inc.",7371.0,303,27963532231.0,below_sector_K,8,8,tech,44.0
2022-07-01,1673358,"Yum China Holdings, Inc.",5812.0,307,27800000000.0,below_sector_K,8,8,consumer,49.0
2022-07-01,883241,SYNOPSYS INC,7372.0,268,27500000000.0,below_sector_K,8,8,tech,45.0
2022-07-01,1617640,"ZILLOW GROUP, INC.",7389.0,311,27432567930.0,below_sector_K,8,8,financials,48.0
2022-07-01,1571996,Dell Technologies Inc.,3571.0,312,27400000000.0,below_sector_K,8,8,tech,46.0
2022-07-01,1442145,"Verisk Analytics, Inc.",7374.0,313,27228949452.0,below_sector_K,8,8,tech,47.0
2022-07-01,105770,WEST PHARMACEUTICAL SERVICES INC,3841.0,315,26500000000.0,below_sector_K,8,8,healthcare,38.0
2022-07-01,813828,Paramount Global,4833.0,317,26352596280.0,below_sector_K,8,8,consumer,50.0
2022-07-01,1477449,"Teladoc Health, Inc.",8011.0,318,26317281887.0,below_sector_K,8,8,healthcare,39.0
2022-07-01,1404655,HUBSPOT INC,7372.0,321,25969281583.0,below_sector_K,8,8,tech,48.0
2022-07-01,1370637,ETSY INC,7389.0,322,25872000000.0,below_sector_K,8,8,financials,49.0
2022-07-01,1560385,Liberty Media Corp,4833.0,323,25700000000.0,below_sector_K,8,8,consumer,51.0
2022-07-01,1262039,"Fortinet, Inc.",3577.0,326,25503578291.0,below_sector_K,8,8,tech,49.0
2022-07-01,1013462,ANSYS INC,7372.0,328,25434000000.0,below_sector_K,8,8,tech,50.0
2022-07-01,47111,HERSHEY CO,2060.0,331,25257103284.0,below_sector_K,8,8,consumer,52.0
2022-07-01,920148,LABCORP HOLDINGS INC.,8071.0,335,24800000000.0,below_sector_K,8,8,healthcare,40.0
2022-07-01,81061,PUBLIX SUPER MARKETS INC,5411.0,278,24685978000.0,below_sector_K,8,8,consumer,53.0
2022-07-01,1690820,CARVANA CO.,5500.0,338,24600000000.0,below_sector_K,8,8,consumer,54.0
2022-07-01,764478,BEST BUY CO INC,5731.0,340,24500000000.0,below_sector_K,8,8,consumer,55.0
2022-07-01,1561550,"Datadog, Inc.",7372.0,320,24470000000.0,below_sector_K,8,8,tech,51.0
2022-07-01,1402057,CDW Corp,5961.0,346,24115000000.0,below_sector_K,8,8,consumer,56.0
2022-07-01,73124,NORTHERN TRUST CORP,6022.0,348,24000000000.0,below_sector_K,8,8,financials,50.0
2022-07-01,1384905,"RingCentral, Inc.",7374.0,350,23900000000.0,below_sector_K,8,8,tech,52.0
2022-07-01,1616707,Wayfair Inc.,5961.0,353,23700000000.0,below_sector_K,8,8,consumer,57.0
2022-07-01,35527,FIFTH THIRD BANCORP,6022.0,355,23662337082.0,below_sector_K,8,8,financials,51.0
2022-07-01,14693,BROWN FORMAN CORP,2080.0,357,23100000000.0,below_sector_K,8,8,consumer,58.0
2022-07-01,900075,COPART INC,5500.0,309,22942885751.0,below_sector_K,8,8,consumer,59.0
2022-07-01,1441816,"MongoDB, Inc.",7372.0,364,22800000000.0,below_sector_K,8,8,tech,53.0
2022-07-01,935703,"DOLLAR TREE, INC.",5331.0,367,22404353447.0,below_sector_K,8,8,consumer,60.0
2022-07-01,1579298,"Burlington Stores, Inc.",5311.0,368,22270802256.0,below_sector_K,8,8,consumer,61.0
2022-07-01,874766,"HARTFORD INSURANCE GROUP, INC.",6331.0,371,22000000000.0,below_sector_K,8,8,financials,52.0
2022-07-01,1596532,"Arista Networks, Inc.",3576.0,361,21908602716.0,below_sector_K,8,8,tech,54.0
2022-07-01,1000697,WATERS CORP /DE/,3826.0,374,21855696546.0,below_sector_K,8,8,healthcare,41.0
2022-07-01,1124140,EXACT SCIENCES CORP,8071.0,381,21211910456.0,below_sector_K,8,8,healthcare,42.0
2022-07-01,701985,"Bath & Body Works, Inc.",5990.0,383,21200000000.0,below_sector_K,8,8,consumer,62.0
2022-07-01,1590895,"Caesars Entertainment, Inc.",7011.0,385,21100000000.0,below_sector_K,8,8,consumer,63.0
2022-07-01,1060736,Seagen Inc.,2836.0,345,21000000000.0,below_sector_K,8,8,healthcare,43.0
2022-07-01,1120193,"NASDAQ, INC.",6200.0,387,21000000000.0,below_sector_K,8,8,financials,53.0
2022-07-01,1492426,Horizon Therapeutics Public Ltd Co,2834.0,390,20900000000.0,below_sector_K,8,8,healthcare,44.0
2022-07-01,804753,CERNER Corp,7373.0,391,20900000000.0,below_sector_K,8,8,tech,55.0
2022-07-01,1645590,Hewlett Packard Enterprise Co,3570.0,393,20839669847.0,below_sector_K,8,8,tech,56.0
2022-07-01,49196,HUNTINGTON BANCSHARES INC /MD/,6021.0,394,20819027009.0,below_sector_K,8,8,financials,54.0
2022-07-01,1722482,"Avantor, Inc.",3826.0,397,20730129607.0,below_sector_K,8,8,healthcare,45.0
2022-07-01,1713683,"Zscaler, Inc.",7371.0,369,20400000000.0,below_sector_K,8,8,tech,57.0
2022-07-01,1757898,STERIS plc,3842.0,403,20355000000.0,below_sector_K,8,8,healthcare,46.0
2022-07-01,313927,CHURCH & DWIGHT CO INC /DE/,2840.0,375,20200000000.0,below_sector_K,8,8,consumer,64.0
2022-07-01,711404,"COOPER COMPANIES, INC.",3851.0,408,20200000000.0,below_sector_K,8,8,healthcare,47.0
2022-07-01,1588489,Grayscale Bitcoin Trust ETF,6221.0,409,20145677533.0,below_sector_K,8,8,financials,55.0
2022-07-01,1755672,"Corteva, Inc.",100.0,225,20000000000.0,below_sector_K,8,8,consumer,65.0
2022-07-01,1178670,"ALNYLAM PHARMACEUTICALS, INC.",2834.0,412,19996896335.0,below_sector_K,8,8,healthcare,48.0
2022-07-01,91576,KEYCORP /NEW/,6021.0,414,19829696963.0,below_sector_K,8,8,financials,56.0
2022-07-01,1758730,Tradeweb Markets Inc.,6200.0,415,19700000000.0,below_sector_K,8,8,financials,57.0
2022-07-01,1618756,Restaurant Brands International Inc.,5812.0,417,19635860698.0,below_sector_K,8,8,consumer,66.0
2022-07-01,1759509,"Lyft, Inc.",7389.0,418,19600000000.0,below_sector_K,8,8,financials,58.0
2022-07-01,759944,CITIZENS FINANCIAL GROUP INC/RI,6022.0,422,19475179748.0,below_sector_K,8,8,financials,59.0
2022-07-01,1463101,"Enphase Energy, Inc.",3674.0,406,19400000000.0,below_sector_K,8,8,tech,58.0
2022-07-01,1145197,INSULET CORP,3841.0,428,18800000000.0,below_sector_K,8,8,healthcare,49.0
2022-07-01,1281761,REGIONS FINANCIAL CORP,6021.0,429,18795418440.0,below_sector_K,8,8,financials,60.0
2022-07-01,1086222,AKAMAI TECHNOLOGIES INC,7389.0,431,18726500000.0,below_sector_K,8,8,financials,61.0
2022-07-01,1770787,"10x Genomics, Inc.",3826.0,434,18700000000.0,below_sector_K,8,8,healthcare,50.0
2022-07-01,859737,HOLOGIC INC,3844.0,430,18639078720.0,below_sector_K,8,8,healthcare,51.0
2022-07-01,1604778,"Qorvo, Inc.",3674.0,435,18621370109.0,below_sector_K,8,8,tech,59.0
2022-07-01,1590955,"Paycom Software, Inc.",7372.0,436,18600000000.0,below_sector_K,8,8,tech,60.0
2022-07-01,1748790,Amcor plc,3990.0,442,18400000000.0,below_sector_K,8,8,consumer,67.0
2022-07-01,20286,CINCINNATI FINANCIAL CORP,6331.0,439,18398492958.0,below_sector_K,8,8,financials,62.0
2022-07-01,1100682,"CHARLES RIVER LABORATORIES INTERNATIONAL, INC.",8731.0,443,18338961840.0,below_sector_K,8,8,healthcare,52.0
2022-07-01,860731,TYLER TECHNOLOGIES INC,7372.0,444,18292141436.0,below_sector_K,8,8,tech,61.0
2022-07-01,36270,M&T BANK CORP,6022.0,445,18124066420.0,below_sector_K,8,8,financials,63.0
2022-07-01,40729,Ally Financial Inc.,6022.0,446,18100000000.0,below_sector_K,8,8,financials,64.0
2022-07-01,55067,KELLANOVA,2040.0,451,17900000000.0,below_sector_K,8,8,consumer,68.0
2022-07-01,1596783,"Catalent, Inc.",2834.0,456,17710000000.0,below_sector_K,8,8,healthcare,53.0
2022-07-01,1383312,"BROADRIDGE FINANCIAL SOLUTIONS, INC.",7389.0,384,17614247984.0,below_sector_K,8,8,financials,65.0
2022-07-01,23217,CONAGRA BRANDS INC.,2000.0,457,17559528469.0,below_sector_K,8,8,consumer,69.0
2022-07-01,946581,TAKE TWO INTERACTIVE SOFTWARE INC,7372.0,458,17527063287.0,below_sector_K,8,8,tech,62.0
2022-07-01,789570,MGM Resorts International,7011.0,459,17500000000.0,below_sector_K,8,8,consumer,70.0
2022-07-01,1300514,LAS VEGAS SANDS CORP,7011.0,460,17432074780.0,below_sector_K,8,8,consumer,71.0
2022-07-01,31791,"REVVITY, INC.",3826.0,463,17332583779.0,below_sector_K,8,8,healthcare,54.0
2022-07-01,1792044,Viatris Inc,2834.0,465,17237737213.0,below_sector_K,8,8,healthcare,55.0
2022-07-01,916365,TRACTOR SUPPLY CO /DE/,5200.0,437,17200000000.0,below_sector_K,8,8,consumer,72.0
2022-07-01,1126328,PRINCIPAL FINANCIAL GROUP INC,6321.0,467,17000000000.0,below_sector_K,8,8,financials,66.0
2022-07-01,29989,OMNICOM GROUP INC.,7311.0,469,16927235351.0,below_sector_K,8,8,consumer,73.0
2022-07-01,1286681,DOMINOS PIZZA INC,5140.0,473,16864015144.0,below_sector_K,8,8,consumer,74.0
2022-07-01,1802768,Royalty Pharma plc,2834.0,440,16600000000.0,below_sector_K,8,8,healthcare,56.0
2022-07-01,1032975,LOGITECH INTERNATIONAL S.A.,3577.0,479,16569198978.0,below_sector_K,8,8,tech,63.0
2022-07-01,1097864,ON SEMICONDUCTOR CORP,3674.0,480,16502024002.0,below_sector_K,8,8,tech,64.0
2022-07-01,1014473,VERISIGN INC/CA,7371.0,482,16500000000.0,below_sector_K,8,8,tech,65.0
2022-07-01,1739104,Elanco Animal Health Inc,2834.0,484,16400000000.0,below_sector_K,8,8,healthcare,57.0
2022-07-01,1707753,Elastic N.V.,7372.0,487,16100000000.0,below_sector_K,8,8,tech,66.0
2022-07-01,1022079,QUEST DIAGNOSTICS INC,8071.0,488,16100000000.0,below_sector_K,8,8,healthcare,58.0
2022-07-01,1402436,SS&C Technologies Holdings Inc,7372.0,490,16086726152.0,below_sector_K,8,8,tech,67.0
2022-07-01,1353283,SPLUNK INC,7372.0,360,16000000000.0,below_sector_K,8,8,tech,68.0
2022-07-01,1385867,Coupa Software Inc,7372.0,386,16000000000.0,below_sector_K,8,8,tech,69.0
2022-07-01,879169,INCYTE CORP,8731.0,426,16000000000.0,below_sector_K,8,8,healthcare,59.0
2022-07-01,1096343,MARKEL GROUP INC.,6331.0,466,15976000000.0,below_sector_K,8,8,financials,67.0
2022-07-01,1000694,NOVAVAX INC,2836.0,493,15697000000.0,below_sector_K,8,8,healthcare,60.0
2022-07-01,721371,CARDINAL HEALTH INC,5122.0,494,15693865917.0,below_sector_K,8,8,healthcare,61.0
2022-07-01,1278021,MARKETAXESS HOLDINGS INC,6211.0,485,15300000000.0,below_sector_K,8,8,financials,68.0
2022-07-01,720005,RAYMOND JAMES FINANCIAL INC,6211.0,401,15122502109.0,below_sector_K,8,8,financials,69.0
2022-07-01,1477333,"Cloudflare, Inc.",7372.0,507,14847000000.0,below_sector_K,8,8,tech,70.0
2022-07-01,1137789,Seagate Technology Holdings plc,3572.0,337,14800000000.0,below_sector_K,8,8,tech,71.0
2022-07-01,1651308,BeOne Medicines Ltd.,2834.0,476,14700000000.0,below_sector_K,8,8,healthcare,62.0
2022-07-01,1179929,"MOLINA HEALTHCARE, INC.",6324.0,489,14700000000.0,below_sector_K,8,8,healthcare,63.0
2022-07-01,1609711,GoDaddy Inc.,7373.0,511,14700000000.0,below_sector_K,8,8,tech,72.0
2022-07-01,877890,CITRIX SYSTEMS INC,7372.0,448,14547658160.0,below_sector_K,8,8,tech,73.0
2022-07-01,857005,PTC INC.,7372.0,515,14486748642.0,below_sector_K,8,8,tech,74.0
2022-07-01,1336920,"Leidos Holdings, Inc.",7373.0,516,14463896796.0,below_sector_K,8,8,tech,75.0
2022-07-01,815094,ABIOMED INC,3841.0,518,14399855714.0,below_sector_K,8,8,healthcare,64.0
2022-07-01,1330568,iShares Silver Trust,6221.0,519,14377002000.0,below_sector_K,8,8,financials,70.0
2022-07-01,947484,ARCH CAPITAL GROUP LTD.,6331.0,486,14300000000.0,below_sector_K,8,8,financials,71.0
2022-07-01,1570585,Liberty Global Ltd.,4841.0,521,14300000000.0,below_sector_K,8,8,consumer,75.0
2022-07-01,940944,DARDEN RESTAURANTS INC,5812.0,450,14279051000.0,below_sector_K,8,8,consumer,76.0
2022-07-01,1140859,"Cencora, Inc.",5122.0,438,14163374015.0,below_sector_K,8,8,healthcare,65.0
2022-07-01,1773383,"Dynatrace, Inc.",7372.0,525,14100000000.0,below_sector_K,8,8,tech,76.0
2022-07-01,1437107,"Warner Bros. Discovery, Inc.",4841.0,272,14000000000.0,below_sector_K,8,8,consumer,77.0
2022-07-01,1101302,ENTEGRIS INC,3089.0,527,13985301409.0,below_sector_K,8,8,consumer,78.0
2022-07-01,1403568,"Ulta Beauty, Inc.",5990.0,531,13829733000.0,below_sector_K,8,8,consumer,79.0
2022-07-01,1348036,"AVALARA, INC.",7372.0,535,13670000000.0,below_sector_K,8,8,tech,77.0
2022-07-01,106040,WESTERN DIGITAL CORP,3572.0,468,13500000000.0,below_sector_K,8,8,tech,78.0
2022-07-01,106640,WHIRLPOOL CORP /DE/,3630.0,541,13381984844.0,below_sector_K,8,8,consumer,80.0
2022-07-01,1725057,"Dayforce, Inc.",7372.0,543,13342100000.0,below_sector_K,8,8,tech,79.0
2022-07-01,1411494,"Apollo Asset Management, Inc.",6282.0,545,13200780267.0,below_sector_K,8,8,financials,72.0
2022-07-01,48465,HORMEL FOODS CORP /DE/,2011.0,501,13101074449.0,below_sector_K,8,8,consumer,81.0
2022-07-01,1158449,ADVANCE AUTO PARTS INC,5531.0,546,13033791636.0,below_sector_K,8,8,consumer,82.0
2022-07-01,51644,"INTERPUBLIC GROUP OF COMPANIES, INC.",7311.0,623,12800000000.0,below_sector_K,8,8,consumer,83.0
2022-07-01,1528849,RH,5712.0,552,12767077775.0,below_sector_K,8,8,consumer,84.0
2022-07-01,1280452,"MONOLITHIC POWER SYSTEMS, INC.",3674.0,544,12700000000.0,below_sector_K,8,8,tech,80.0
2022-07-01,1335258,"Live Nation Entertainment, Inc.",7900.0,555,12700000000.0,below_sector_K,8,8,consumer,85.0
2022-07-01,927066,DAVITA INC.,8090.0,556,12700000000.0,below_sector_K,8,8,healthcare,66.0
2022-07-01,91419,J M SMUCKER Co,2033.0,557,12691431980.0,below_sector_K,8,8,consumer,86.0
2022-07-01,1002047,"NetApp, Inc.",3572.0,566,12494943961.0,below_sector_K,8,8,tech,81.0
2022-07-01,1048695,"F5, INC.",3576.0,562,12481712486.0,below_sector_K,8,8,tech,82.0
2022-07-01,79282,"BROWN & BROWN, INC.",6411.0,500,12475231637.0,below_sector_K,8,8,financials,73.0
2022-07-01,842023,BIO-TECHNE Corp,2836.0,405,12400000000.0,below_sector_K,8,8,healthcare,67.0
2022-07-01,1124610,VMWARE LLC,7372.0,567,12400000000.0,below_sector_K,8,8,tech,83.0
2022-07-01,1463172,"Zendesk, Inc.",7374.0,690,12400000000.0,below_sector_K,8,8,tech,84.0
2022-07-01,1800227,People Inc,7370.0,571,12210679946.0,below_sector_K,8,8,tech,85.0
2022-07-01,1002638,OPEN TEXT CORP,7373.0,560,12200000000.0,below_sector_K,8,8,tech,86.0
2022-07-01,1576280,"Guardant Health, Inc.",8071.0,574,12100000000.0,below_sector_K,8,8,healthcare,68.0
2022-07-01,779152,JACK HENRY & ASSOCIATES INC,7373.0,572,12074696820.0,below_sector_K,8,8,tech,87.0
2022-07-01,1326380,GameStop Corp.,5734.0,579,12000000000.0,below_sector_K,8,8,consumer,87.0
2022-07-01,96943,TELEFLEX INC,3841.0,580,11995331611.0,below_sector_K,8,8,healthcare,69.0
2022-07-01,1333986,"Equitable Holdings, Inc.",6411.0,583,11900000000.0,below_sector_K,8,8,financials,74.0
2022-07-01,60086,LOEWS CORP,6331.0,584,11876000000.0,below_sector_K,8,8,financials,75.0
2022-07-01,1331875,"Fidelity National Financial, Inc.",6361.0,585,11843458910.0,below_sector_K,8,8,financials,76.0
2022-07-01,1364954,"CHEGG, INC",8200.0,586,11839510015.0,below_sector_K,8,8,consumer,88.0
2022-07-01,46080,"HASBRO, INC.",3944.0,588,11813779632.0,below_sector_K,8,8,consumer,89.0
2022-07-01,921738,"PENN Entertainment, Inc.",7011.0,589,11800000000.0,below_sector_K,8,8,consumer,90.0
2022-07-01,1627014,"Black Knight, Inc.",7372.0,590,11775147813.0,below_sector_K,8,8,tech,88.0
2022-07-01,814453,NEWELL BRANDS INC.,3089.0,596,11600000000.0,below_sector_K,8,8,consumer,91.0
2022-07-01,908255,BORGWARNER INC,3714.0,598,11600000000.0,below_sector_K,8,8,consumer,92.0
2022-07-01,1013237,FACTSET RESEARCH SYSTEMS INC,7370.0,499,11494529303.0,below_sector_K,8,8,tech,89.0
2022-07-01,1674416,CRISPR Therapeutics AG,2836.0,600,11400000000.0,below_sector_K,8,8,healthcare,70.0
2022-07-01,895419,"WOLFSPEED, INC.",3674.0,536,11353289108.0,below_sector_K,8,8,tech,90.0
2022-07-01,1469367,Sunrun Inc.,3690.0,606,11200000000.0,below_sector_K,8,8,tech,91.0
2022-07-01,1552000,MPLX LP,4610.0,607,11200000000.0,below_sector_K,8,8,energy,21.0
2022-07-01,719955,WILLIAMS SONOMA INC,5700.0,608,11176524000.0,below_sector_K,8,8,consumer,93.0
2022-07-01,814547,FAIR ISAAC CORP,7389.0,609,11138645215.0,below_sector_K,8,8,financials,77.0
2022-07-01,1507079,"Floor & Decor Holdings, Inc.",5211.0,611,11100000000.0,below_sector_K,8,8,consumer,94.0
2022-07-01,1652130,"Intellia Therapeutics, Inc.",2835.0,614,10925830738.0,below_sector_K,8,8,healthcare,71.0
2022-07-01,1439404,ZYNGA INC,7374.0,615,10900000000.0,below_sector_K,8,8,tech,92.0
2022-07-01,937556,MASIMO CORP,3845.0,681,10900000000.0,below_sector_K,8,8,healthcare,72.0
2022-07-01,11544,BERKLEY W R CORP,6331.0,520,10893170124.0,below_sector_K,8,8,financials,78.0
2022-07-01,851968,MOHAWK INDUSTRIES INC,2273.0,616,10870920591.0,below_sector_K,8,8,consumer,95.0
2022-07-01,730272,REPLIGEN CORP,2836.0,617,10858031196.0,below_sector_K,8,8,healthcare,73.0
2022-07-01,1126975,"Magellan Midstream Partners, L.P.",4610.0,618,10802833233.0,below_sector_K,8,8,energy,22.0
2022-07-01,1397911,LPL Financial Holdings Inc.,6200.0,509,10800000000.0,below_sector_K,8,8,financials,79.0
2022-07-01,352915,UNIVERSAL HEALTH SERVICES INC,8062.0,621,10800000000.0,below_sector_K,8,8,healthcare,74.0
2022-07-01,1144519,BUNGELTD,2070.0,537,10718000000.0,below_sector_K,8,8,consumer,96.0
2022-07-01,101778,MARATHON OIL CORP,1311.0,496,10705000000.0,below_sector_K,8,8,energy,23.0
2022-07-01,1786352,"BILL Holdings, Inc.",7372.0,336,10700000000.0,below_sector_K,8,8,tech,93.0
2022-07-01,1679273,"Lamb Weston Holdings, Inc.",2030.0,626,10700000000.0,below_sector_K,8,8,consumer,97.0
2022-07-01,1177609,"FIVE BELOW, INC",5331.0,627,10683351392.0,below_sector_K,8,8,consumer,98.0
2022-07-01,916540,DARLING INGREDIENTS INC.,2070.0,628,10670302000.0,below_sector_K,8,8,consumer,99.0
2022-07-01,842162,LEAR CORP,3714.0,631,10606621033.0,below_sector_K,8,8,consumer,100.0
2022-07-01,1232524,Jazz Pharmaceuticals plc,2834.0,633,10591497500.0,below_sector_K,8,8,healthcare,75.0
2022-07-01,812011,VAIL RESORTS INC,7990.0,610,10590723478.0,below_sector_K,8,8,consumer,101.0
2022-07-01,1527166,Carlyle Group Inc.,6282.0,634,10579992942.0,below_sector_K,8,8,financials,80.0
2022-07-01,59558,LINCOLN NATIONAL CORP,6311.0,636,10500000000.0,below_sector_K,8,8,financials,81.0
2022-07-01,1000228,HENRY SCHEIN INC,5047.0,637,10405142000.0,below_sector_K,8,8,healthcare,76.0
2022-07-01,1374310,"Cboe Global Markets, Inc.",6200.0,593,10400000000.0,below_sector_K,8,8,financials,82.0
2022-07-01,1001082,DISH Network CORP,4841.0,638,10400000000.0,below_sector_K,8,8,consumer,102.0
2022-07-01,1023128,LITHIA MOTORS INC,5500.0,639,10385788000.0,below_sector_K,8,8,consumer,103.0
2022-07-01,1288847,"Five9, Inc.",7374.0,641,10269500000.0,below_sector_K,8,8,tech,94.0
2022-07-01,48898,HUBBELL INC,3670.0,645,10107258151.0,below_sector_K,8,8,tech,95.0
2022-07-01,1069157,EAST WEST BANCORP INC,6022.0,646,10090038515.0,below_sector_K,8,8,financials,83.0
2022-07-01,1389170,Targa Resources Corp.,4922.0,542,10012000000.0,below_sector_K,8,8,energy,24.0
2022-07-01,790051,CARLISLE COMPANIES INC,3060.0,570,9900000000.0,below_sector_K,8,8,consumer,104.0
2022-07-01,910521,DECKERS OUTDOOR CORP,3021.0,651,9890267142.0,below_sector_K,8,8,consumer,105.0
2022-07-01,1584509,Aramark,5812.0,652,9877100000.0,below_sector_K,8,8,consumer,106.0
2022-07-01,849399,Gen Digital Inc.,7372.0,654,9832405362.0,below_sector_K,8,8,tech,96.0
2022-07-01,24545,MOLSON COORS BEVERAGE CO,2082.0,650,9800000000.0,below_sector_K,8,8,consumer,107.0
2022-07-01,949870,BOSTON BEER CO INC,2082.0,656,9717610000.0,below_sector_K,8,8,consumer,108.0
2022-07-01,1274494,"FIRST SOLAR, INC.",3674.0,659,9600000000.0,below_sector_K,8,8,tech,97.0
2022-07-01,1005284,UNIVERSAL DISPLAY CORP \PA\,3670.0,660,9594897936.0,below_sector_K,8,8,tech,98.0
2022-07-01,818686,TEVA PHARMACEUTICAL INDUSTRIES LTD,2834.0,587,9550000000.0,below_sector_K,8,8,healthcare,77.0
2022-07-01,1321732,Penumbra Inc,3841.0,663,9500000000.0,below_sector_K,8,8,healthcare,78.0
2022-07-01,320335,GLOBE LIFE INC.,6311.0,666,9500000000.0,below_sector_K,8,8,financials,84.0
2022-07-01,1645113,NovoCure Ltd,3841.0,667,9486344138.0,below_sector_K,8,8,healthcare,79.0
2022-07-01,36966,FIRST HORIZON CORP,6021.0,597,9400000000.0,below_sector_K,8,8,financials,85.0
2022-07-01,28412,COMERICA INC,6021.0,665,9400000000.0,below_sector_K,8,8,financials,86.0
2022-07-01,1604821,"Natera, Inc.",8071.0,671,9330000000.0,below_sector_K,8,8,healthcare,80.0
2022-07-01,896622,"APTARGROUP, INC.",3089.0,672,9322666642.0,below_sector_K,8,8,consumer,109.0
2022-07-01,16732,CAMPBELL'S Co,2000.0,673,9319572891.0,below_sector_K,8,8,consumer,110.0
2022-07-01,1176948,Ares Management Corp,6282.0,675,9289667561.0,below_sector_K,8,8,financials,87.0
2022-07-01,1610950,"Syneos Health, Inc.",8731.0,677,9235907535.0,below_sector_K,8,8,healthcare,81.0
2022-07-01,1267238,"ASSURANT, INC.",6399.0,678,9220000000.0,below_sector_K,8,8,financials,88.0
2022-07-01,89089,SERVICE CORP INTERNATIONAL,7200.0,630,9219109565.0,below_sector_K,8,8,consumer,111.0
2022-07-01,1365135,Western Union CO,7389.0,680,9200000000.0,below_sector_K,8,8,financials,89.0
2022-07-01,1056696,MANHATTAN ASSOCIATES INC,7372.0,682,9182508819.0,below_sector_K,8,8,tech,99.0
2022-07-01,1042046,AMERICAN FINANCIAL GROUP INC,6331.0,644,9150000000.0,below_sector_K,8,8,financials,90.0
2022-07-01,914475,NEUROCRINE BIOSCIENCES INC,2836.0,605,9105256378.0,below_sector_K,8,8,healthcare,82.0
2022-07-01,1655210,"BEYOND MEAT, INC.",2000.0,683,9100000000.0,below_sector_K,8,8,consumer,112.0
2022-07-01,914208,Invesco Ltd.,6282.0,685,9100000000.0,below_sector_K,8,8,financials,91.0
2022-07-01,1212545,WESTERN ALLIANCE BANCORPORATION,6022.0,687,9040000000.0,below_sector_K,8,8,financials,92.0
2022-07-01,1527469,Athene Holding Ltd.,6311.0,691,9000000000.0,below_sector_K,8,8,financials,93.0
2022-07-01,775368,ALLEGHANY CORP /DE,6331.0,694,8961756584.0,below_sector_K,8,8,financials,94.0
2022-07-01,1764046,CLARIVATE PLC,7374.0,701,8800000000.0,below_sector_K,8,8,tech,100.0
2022-07-01,1366561,SMARTSHEET INC,7372.0,702,8800000000.0,below_sector_K,8,8,tech,101.0
2022-07-01,1043604,JUNIPER NETWORKS INC,3576.0,689,8749000000.0,below_sector_K,8,8,tech,102.0
2022-07-01,1316835,"Builders FirstSource, Inc.",5211.0,704,8744700000.0,below_sector_K,8,8,consumer,113.0
2022-07-01,885590,Bausch Health Companies Inc.,2834.0,705,8713713918.0,below_sector_K,8,8,healthcare,83.0
2022-07-01,1116132,"TAPESTRY, INC.",3100.0,632,8600000000.0,below_sector_K,8,8,consumer,114.0
2022-07-01,866374,FLEX LTD.,3672.0,712,8600000000.0,below_sector_K,8,8,tech,103.0
2022-07-01,1034670,AUTOLIV INC,3714.0,713,8551000000.0,below_sector_K,8,8,consumer,115.0
2022-07-01,38777,FRANKLIN RESOURCES INC,6282.0,716,8500000000.0,below_sector_K,8,8,financials,95.0
2022-07-01,1688568,DXC Technology Co,7374.0,718,8455400930.0,below_sector_K,8,8,tech,104.0
2022-07-01,109380,"ZIONS BANCORPORATION, NATIONAL ASSOCIATION /UT/",6021.0,719,8437915233.0,below_sector_K,8,8,financials,96.0
2022-07-01,1048477,BIOMARIN PHARMACEUTICAL INC,2834.0,528,8400000000.0,below_sector_K,8,8,healthcare,84.0
2022-07-01,1378992,"BERRY GLOBAL GROUP, INC.",3089.0,720,8300000000.0,below_sector_K,8,8,consumer,116.0
2022-07-01,1665918,US Foods Holding Corp.,5140.0,722,8300000000.0,below_sector_K,8,8,consumer,117.0
2022-07-01,355811,GENTEX CORP,3714.0,725,8237710781.0,below_sector_K,8,8,consumer,118.0
2022-07-01,1792580,Ovintiv Inc.,1311.0,601,8216326855.0,below_sector_K,8,8,energy,25.0
2022-07-01,1540755,"Anaplan, Inc.",7372.0,732,8120000000.0,below_sector_K,8,8,tech,105.0
2022-07-01,22356,COMMERCE BANCSHARES INC /MO/,6022.0,734,8097000000.0,below_sector_K,8,8,financials,97.0
2022-07-01,1082554,UNITED THERAPEUTICS Corp,2834.0,635,7912099590.0,below_sector_K,8,8,healthcare,85.0
2022-07-01,1591698,Paylocity Holding Corp,7372.0,670,7800000000.0,below_sector_K,8,8,tech,106.0
2022-07-01,936395,CIENA CORP,3661.0,721,7800000000.0,below_sector_K,8,8,tech,107.0
2022-07-01,898174,REINSURANCE GROUP OF AMERICA INC,6311.0,737,7800000000.0,below_sector_K,8,8,financials,98.0
2022-07-01,1674101,Vertiv Holdings Co,3679.0,743,7784432865.0,below_sector_K,8,8,tech,108.0
2022-07-01,1111928,IPG PHOTONICS CORP,3674.0,745,7700000000.0,below_sector_K,8,8,tech,109.0
2022-07-01,885639,KOHLS Corp,5311.0,746,7700000000.0,below_sector_K,8,8,consumer,119.0
2022-07-01,785161,Encompass Health Corp,8060.0,748,7600000000.0,below_sector_K,8,8,healthcare,86.0
2022-07-01,1702780,"Optimum Communications, Inc.",4841.0,750,7528969035.0,below_sector_K,8,8,consumer,120.0
2022-07-01,1206264,SOMNIGROUP INTERNATIONAL INC.,2510.0,751,7521488005.0,below_sector_K,8,8,consumer,121.0
2022-07-01,1530721,Capri Holdings Ltd,3100.0,752,7510364310.0,below_sector_K,8,9,consumer,122.0
2022-07-01,78239,PVH CORP. /DE/,2320.0,759,7462751957.0,below_sector_K,8,8,consumer,123.0
2022-07-01,1766502,"Chewy, Inc.",5961.0,762,7400000000.0,below_sector_K,8,8,consumer,124.0
2022-07-01,1576263,"Mirati Therapeutics, Inc.",2834.0,763,7400000000.0,below_sector_K,8,8,healthcare,87.0
2022-07-01,1745041,"IAA, Inc.",5500.0,766,7362695560.0,below_sector_K,8,8,consumer,125.0
2022-07-01,750004,"Light & Wonder, Inc.",7373.0,768,7352575416.0,below_sector_K,8,8,tech,110.0
2022-07-01,19584,CHEMED CORP,8082.0,770,7331967357.0,below_sector_K,8,8,healthcare,88.0
2022-07-01,71691,NEW YORK TIMES CO,2711.0,777,7300000000.0,below_sector_K,8,8,consumer,126.0
2022-07-01,1467623,"DROPBOX, INC.",7372.0,779,7207400000.0,below_sector_K,8,8,tech,111.0
2022-07-01,1811414,QuantumScape Corp,3690.0,783,7200000000.0,below_sector_K,8,8,tech,112.0
2022-07-01,913144,RENAISSANCERE HOLDINGS LTD,6331.0,710,7100000000.0,below_sector_K,8,8,financials,99.0
2022-07-01,726958,CASEYS GENERAL STORES INC,5500.0,787,7100000000.0,below_sector_K,8,8,consumer,127.0
2022-07-01,96223,Jefferies Financial Group Inc.,6211.0,790,7016359737.0,below_sector_K,8,8,financials,100.0
2022-07-01,720672,STIFEL FINANCIAL CORP,6211.0,792,7000000000.0,below_sector_K,8,8,financials,101.0
2022-07-01,39911,GAP INC,5651.0,793,7000000000.0,below_sector_K,8,8,consumer,128.0
2022-07-01,1434316,FATE THERAPEUTICS INC,2836.0,795,6960000000.0,below_sector_K,8,8,healthcare,89.0
2022-07-01,74260,OLD REPUBLIC INTERNATIONAL CORP,6351.0,798,6921960833.0,below_sector_K,8,8,financials,102.0
2022-07-01,858470,Coterra Energy Inc.,1311.0,407,6900000000.0,below_sector_K,8,8,energy,26.0
2022-07-01,39263,"CULLEN/FROST BANKERS, INC.",6021.0,781,6800000000.0,below_sector_K,8,8,financials,103.0
2022-07-01,1046102,RB GLOBAL INC.,7389.0,780,6537241609.0,below_sector_K,8,8,financials,104.0
2022-07-01,1794515,ZoomInfo Technologies Inc.,7372.0,679,6300000000.0,below_sector_K,8,8,tech,113.0
2022-07-01,1585364,PERRIGO Co plc,2834.0,767,6266348414.0,below_sector_K,8,8,healthcare,90.0
2022-07-01,873303,"Sarepta Therapeutics, Inc.",2834.0,563,6206016151.0,below_sector_K,8,8,healthcare,91.0
2022-07-01,33213,EQT Corp,1311.0,561,6200000000.0,below_sector_K,8,8,energy,27.0
2022-07-01,1811210,"Lucid Group, Inc.",3711.0,602,5500000000.0,below_sector_K,8,8,consumer,129.0
2022-07-01,908937,SIRIUS XM HOLDINGS INC.,4832.0,800,5478599917.0,below_sector_K,8,8,consumer,130.0
2022-07-01,1618673,Performance Food Group Co,5141.0,796,5155406560.0,below_sector_K,8,8,consumer,131.0
2022-07-01,1689923,"Alteryx, Inc.",7372.0,738,5100000000.0,below_sector_K,8,8,tech,114.0
2022-07-01,801337,WEBSTER FINANCIAL CORP,6021.0,772,4800000000.0,below_sector_K,8,8,financials,105.0
2022-07-01,798941,FIRST CITIZENS BANCSHARES INC /DE/,6022.0,739,4789537671.0,below_sector_K,8,8,financials,106.0
2022-07-01,353569,QUIDEL CORP /DE/,2835.0,730,4581300641.0,below_sector_K,8,8,healthcare,92.0
2022-07-01,1731289,Nikola Corp,3711.0,565,4500000000.0,below_sector_K,8,8,consumer,132.0
2022-07-01,1433270,ANTERO RESOURCES Corp,1311.0,741,4300000000.0,below_sector_K,8,8,energy,28.0
2022-07-01,7332,SOUTHWESTERN ENERGY CO,1311.0,797,3815156281.0,below_sector_K,8,8,energy,29.0
2022-07-01,1411579,"AMC ENTERTAINMENT HOLDINGS, INC.",7830.0,791,225437754.0,below_sector_K,8,8,consumer,133.0
2023-07-01,1659352,"Codiak BioSciences, Inc.",2836.0,14,412718249000.0,ineligible_filing_history,6,6,,
2023-07-01,1815753,Thunder Bridge Capital Partners III Inc.,6770.0,15,404172000000.0,non_operating_sic_6770,8,8,,
2023-07-01,732712,VERIZON COMMUNICATIONS INC,4813.0,32,213158526305.0,sector_excluded_sic_4813,8,8,,
2023-07-01,909832,COSTCO WHOLESALE CORP /NEW,5331.0,37,225434477639.0,ineligible_filing_history,6,8,,
2023-07-01,97745,THERMO FISHER SCIENTIFIC INC.,3829.0,39,214582365000.0,sector_excluded_sic_3829,8,8,,
2023-07-01,732717,AT&T INC.,4813.0,41,149000000000.0,sector_excluded_sic_4813,8,8,,
2023-07-01,796343,ADOBE INC.,7372.0,44,159000000000.0,ineligible_filing_history,6,8,,
2023-07-01,1707925,LINDE PLC,2810.0,45,143000000000.0,sector_excluded_sic_2810,8,8,,
2023-07-01,313616,DANAHER CORP /DE/,3823.0,50,167300000000.0,sector_excluded_sic_3823,8,8,,
2023-07-01,1467373,Accenture plc,7389.0,51,200173941446.0,ineligible_filing_history,6,8,,
2023-07-01,773840,HONEYWELL INTERNATIONAL INC,3724.0,57,118000000000.0,sector_excluded_sic_3724,8,8,,
2023-07-01,753308,NEXTERA ENERGY INC,4911.0,58,152043646294.0,sector_excluded_sic_4911,8,8,,
2023-07-01,1090727,UNITED PARCEL SERVICE INC,4210.0,59,133554051887.0,sector_excluded_sic_4210,8,8,,
2023-07-01,101829,RTX Corp,3724.0,61,141816683821.0,sector_excluded_sic_3724,8,8,,
2023-07-01,100885,UNION PACIFIC CORP,4011.0,62,131500000000.0,sector_excluded_sic_4011,8,8,,
2023-07-01,12927,BOEING CO,3721.0,63,81100000000.0,sector_excluded_sic_3721,8,8,,
2023-07-01,4962,AMERICAN EXPRESS CO,6199.0,69,104000000000.0,non_operating_sic_6199,8,8,,
2023-07-01,64040,S&P Global Inc.,7320.0,71,113300000000.0,sector_excluded_sic_7320,8,8,,
2023-07-01,18230,CATERPILLAR INC,3531.0,74,94700000000.0,sector_excluded_sic_3531,8,8,,
2023-07-01,1053507,AMERICAN TOWER CORP /MA/,6798.0,77,118700000000.0,sector_excluded_sic_6798,8,8,,
2023-07-01,40545,GENERAL ELECTRIC CO,3600.0,81,,no_pit_valid_float,8,8,,
2023-07-01,315189,DEERE & CO,3523.0,83,115295045197.0,sector_excluded_sic_3523,8,8,,
2023-07-01,936468,LOCKHEED MARTIN CORP,3760.0,84,110700000000.0,sector_excluded_sic_3760,8,8,,
2023-07-01,1045609,"Prologis, Inc.",6798.0,86,86814282420.0,sector_excluded_sic_6798,8,8,,
2023-07-01,1075531,Booking Holdings Inc.,4700.0,90,70100000000.0,sector_excluded_sic_4700,8,8,,
2023-07-01,1283699,"T-Mobile US, Inc.",4812.0,101,80800000000.0,sector_excluded_sic_4812,8,8,,
2023-07-01,1051470,CROWN CASTLE INC.,6798.0,106,72600000000.0,sector_excluded_sic_6798,8,8,,
2023-07-01,723125,MICRON TECHNOLOGY INC,3674.0,107,83900000000.0,ineligible_filing_history,7,9,,
2023-07-01,1551182,Eaton Corp plc,3590.0,115,50200000000.0,sector_excluded_sic_3590,8,8,,
2023-07-01,92122,SOUTHERN CO,4911.0,121,75800000000.0,sector_excluded_sic_4911,8,8,,
2023-07-01,16875,CANADIAN PACIFIC KANSAS CITY LTD/CN,4011.0,124,64936373457.0,sector_excluded_sic_4011,8,8,,
2023-07-01,49826,ILLINOIS TOOL WORKS INC,3560.0,125,56300000000.0,sector_excluded_sic_3560,8,8,,
2023-07-01,6281,ANALOG DEVICES INC,3674.0,127,,no_pit_valid_float,8,8,,
2023-07-01,1133421,NORTHROP GRUMMAN CORP /DE/,3812.0,128,74000000000.0,sector_excluded_sic_3812,8,8,,
2023-07-01,1101239,EQUINIX INC,6798.0,131,60000000000.0,sector_excluded_sic_6798,8,8,,
2023-07-01,277948,CSX CORP,4011.0,132,,no_pit_valid_float,8,8,,
2023-07-01,823768,WASTE MANAGEMENT INC,4953.0,137,63100000000.0,sector_excluded_sic_4953,8,8,,
2023-07-01,1059556,MOODYS CORP /DE/,7320.0,142,50000000000.0,sector_excluded_sic_7320,8,8,,
2023-07-01,715957,"DOMINION ENERGY, INC",4911.0,147,66300000000.0,sector_excluded_sic_4911,8,8,,
2023-07-01,702165,NORFOLK SOUTHERN CORP,4011.0,149,53336433209.0,sector_excluded_sic_4011,8,8,,
2023-07-01,319201,KLA CORP,3827.0,150,64800000000.0,sector_excluded_sic_3827,8,8,,
2023-07-01,2969,"Air Products & Chemicals, Inc.",2810.0,153,55300000000.0,sector_excluded_sic_2810,8,8,,
2023-07-01,32604,EMERSON ELECTRIC CO,3600.0,159,58100000000.0,sector_excluded_sic_3600,8,8,,
2023-07-01,831259,FREEPORT-MCMORAN INC,1000.0,161,41800000000.0,sector_excluded_sic_1000,8,8,,
2023-07-01,1048911,FEDEX CORP,4513.0,162,56400000000.0,sector_excluded_sic_4513,6,8,,
2023-07-01,40533,GENERAL DYNAMICS CORP,3730.0,166,54293907678.0,sector_excluded_sic_3730,8,8,,
2023-07-01,1418091,"TWITTER, INC.",7370.0,167,53550000000.0,ineligible_filing_history,5,5,,
2023-07-01,1559720,"Airbnb, Inc.",7340.0,172,35100000000.0,sector_excluded_sic_7340,8,8,,
2023-07-01,882835,ROPER TECHNOLOGIES INC,3823.0,176,41600000000.0,sector_excluded_sic_3823,8,8,,
2023-07-01,1164727,NEWMONT Corp /DE/,1040.0,178,47327306028.0,sector_excluded_sic_1040,8,8,,
2023-07-01,4904,AMERICAN ELECTRIC POWER CO INC,4911.0,182,49300311811.0,sector_excluded_sic_4911,8,8,,
2023-07-01,1060391,"REPUBLIC SERVICES, INC.",4953.0,185,41300000000.0,sector_excluded_sic_4953,8,8,,
2023-07-01,1032208,SEMPRA,4932.0,188,47200000000.0,sector_excluded_sic_4932,8,8,,
2023-07-01,1751788,DOW INC.,2821.0,190,37000000000.0,sector_excluded_sic_2821,8,8,,
2023-07-01,1393311,Public Storage,6798.0,191,,no_pit_valid_float,8,8,,
2023-07-01,723254,CINTAS CORP,2320.0,192,,no_pit_valid_float,8,8,,
2023-07-01,55785,KIMBERLY CLARK CORP,2670.0,194,45600000000.0,sector_excluded_sic_2670,8,8,,
2023-07-01,202058,"L3HARRIS TECHNOLOGIES, INC. /DE/",3812.0,196,46385211550.0,sector_excluded_sic_3812,8,8,,
2023-07-01,866787,AUTOZONE INC,5531.0,198,38782778621.0,ineligible_filing_history,6,8,,
2023-07-01,833444,Johnson Controls International plc,3585.0,202,45500000000.0,sector_excluded_sic_3585,8,8,,
2023-07-01,1109357,EXELON CORP,4931.0,206,44452390343.0,sector_excluded_sic_4931,8,8,,
2023-07-01,1004980,PG&E Corp,4931.0,211,,no_pit_valid_float,8,8,,
2023-07-01,1466258,Trane Technologies plc,3822.0,212,30000000000.0,sector_excluded_sic_3822,8,8,,
2023-07-01,1385157,TE Connectivity plc,5065.0,218,42600000000.0,sector_excluded_sic_5065,8,8,,
2023-07-01,1063761,SIMON PROPERTY GROUP INC.,6798.0,219,30812000000.0,sector_excluded_sic_6798,8,8,,
2023-07-01,726728,REALTY INCOME CORP,6798.0,222,42100000000.0,sector_excluded_sic_6798,8,8,,
2023-07-01,1783180,CARRIER GLOBAL Corp,3585.0,223,30000000000.0,sector_excluded_sic_3585,8,8,,
2023-07-01,1297996,"DIGITAL REALTY TRUST, INC.",6798.0,224,37000000000.0,sector_excluded_sic_6798,8,8,,
2023-07-01,766704,WELLTOWER INC.,6798.0,228,38131759000.0,sector_excluded_sic_6798,8,8,,
2023-07-01,1666700,"DuPont de Nemours, Inc.",2821.0,229,28000000000.0,sector_excluded_sic_2821,8,8,,
2023-07-01,76334,Parker-Hannifin Corp,3490.0,232,40873444310.0,sector_excluded_sic_3490,8,8,,
2023-07-01,849395,CRH PUBLIC LTD CO,3241.0,236,,no_pit_valid_float,0,0,,
2023-07-01,79879,PPG INDUSTRIES INC,2851.0,237,30608000000.0,sector_excluded_sic_2851,8,8,,
2023-07-01,1260221,TransDigm Group INC,3728.0,242,36817194154.0,sector_excluded_sic_3728,8,8,,
2023-07-01,72903,XCEL ENERGY INC,4931.0,246,38692119433.0,sector_excluded_sic_4931,8,8,,
2023-07-01,16918,"CONSTELLATION BRANDS, INC.",2080.0,250,38100000000.0,ineligible_filing_history,6,8,,
2023-07-01,1037868,AMETEK INC/,3823.0,254,25200000000.0,sector_excluded_sic_3823,8,8,,
2023-07-01,51253,INTERNATIONAL FLAVORS & FRAGRANCES INC,2860.0,255,30369016357.0,sector_excluded_sic_2860,8,8,,
2023-07-01,1318220,"Waste Connections, Inc.",4953.0,258,31785271082.0,sector_excluded_sic_4953,8,8,,
2023-07-01,1781335,Otis Worldwide Corp,3600.0,259,29680794287.0,sector_excluded_sic_3600,8,8,,
2023-07-01,3570,"Cheniere Energy, Inc.",4924.0,260,33400000000.0,sector_excluded_sic_4924,8,8,,
2023-07-01,878927,"OLD DOMINION FREIGHT LINE, INC.",4213.0,268,23446631519.0,sector_excluded_sic_4213,8,8,,
2023-07-01,277135,"W.W. GRAINGER, INC.",5000.0,269,20641746573.0,sector_excluded_sic_5000,8,8,,
2023-07-01,24741,CORNING INC /NY,3357.0,270,26000000000.0,sector_excluded_sic_3357,8,8,,
2023-07-01,1598014,IHS Markit Ltd.,7370.0,271,34900000000.0,ineligible_filing_history,2,2,,
2023-07-01,1832433,Ferguson (Jersey) Ltd,5070.0,272,34721011396.0,sector_excluded_sic_5070,4,4,,
2023-07-01,26172,CUMMINS INC,3510.0,273,27300000000.0,sector_excluded_sic_3510,8,8,,
2023-07-01,1034054,SBA COMMUNICATIONS CORP,6798.0,276,34200000000.0,sector_excluded_sic_6798,8,8,,
2023-07-01,93556,"STANLEY BLACK & DECKER, INC.",3420.0,279,15900000000.0,sector_excluded_sic_3420,8,8,,
2023-07-01,1047862,CONSOLIDATED EDISON INC,4931.0,280,33700000000.0,sector_excluded_sic_4931,8,8,,
2023-07-01,1024478,"ROCKWELL AUTOMATION, INC",3829.0,281,32500000000.0,sector_excluded_sic_3829,8,8,,
2023-07-01,1679788,"Coinbase Global, Inc.",6199.0,284,7300000000.0,non_operating_sic_6199,8,8,,
2023-07-01,882184,HORTON D R INC /DE/,1531.0,285,26100000000.0,sector_excluded_sic_1531,8,8,,
2023-07-01,1932393,GE HealthCare Technologies Inc.,3844.0,289,,no_pit_valid_float,2,2,,
2023-07-01,1701605,Baker Hughes Co,3533.0,292,26299951662.0,sector_excluded_sic_3533,8,8,,
2023-07-01,783325,"WEC ENERGY GROUP, INC.",4931.0,293,31700000000.0,sector_excluded_sic_4931,8,8,,
2023-07-01,723531,PAYCHEX INC,8700.0,294,30609113270.0,sector_excluded_sic_8700,6,8,,
2023-07-01,1705696,VICI PROPERTIES INC.,6798.0,295,28600000000.0,sector_excluded_sic_6798,8,8,,
2023-07-01,92380,SOUTHWEST AIRLINES CO,4512.0,298,21357830046.0,sector_excluded_sic_4512,8,8,,
2023-07-01,788784,PUBLIC SERVICE ENTERPRISE GROUP INC,4931.0,300,31279390691.0,sector_excluded_sic_4931,8,8,,
2023-07-01,1858681,"Apollo Global Management, Inc.",6282.0,303,20894310263.0,ineligible_filing_history,5,5,,
2023-07-01,27904,"DELTA AIR LINES, INC.",4512.0,304,18600000000.0,sector_excluded_sic_4512,8,8,,
2023-07-01,719739,SVB FINANCIAL GROUP,6022.0,306,23336532366.0,ineligible_filing_history,7,7,,
2023-07-01,1396009,Vulcan Materials CO,1400.0,307,18855378169.0,sector_excluded_sic_1400,8,8,,
2023-07-01,1868275,Constellation Energy Corp,4911.0,311,18711601222.0,sector_excluded_sic_4911,6,6,,
2023-07-01,72741,EVERSOURCE ENERGY,4911.0,313,29211450455.0,sector_excluded_sic_4911,8,8,,
2023-07-01,33185,EQUIFAX INC,7320.0,314,22372025247.0,sector_excluded_sic_7320,8,8,,
2023-07-01,915912,AVALONBAY COMMUNITIES INC,6798.0,315,27081482816.0,sector_excluded_sic_6798,8,8,,
2023-07-01,877212,ZEBRA TECHNOLOGIES CORP,3560.0,316,15400000000.0,sector_excluded_sic_3560,8,8,,
2023-07-01,906107,VIVMARK RESIDENTIAL,6798.0,318,26800000000.0,sector_excluded_sic_6798,8,8,,
2023-07-01,73309,NUCOR CORP,3312.0,320,27490000000.0,sector_excluded_sic_3312,8,8,,
2023-07-01,1050915,"QUANTA SERVICES, INC.",1731.0,322,17800000000.0,sector_excluded_sic_1731,8,8,,
2023-07-01,920760,LENNAR CORP /NEW/,1520.0,325,21008348667.0,sector_excluded_sic_1520,8,9,,
2023-07-01,1601712,Synchrony Financial,6199.0,326,13473650047.0,non_operating_sic_6199,8,8,,
2023-07-01,1138118,"CBRE GROUP, INC.",6500.0,327,22900000000.0,sector_excluded_sic_6500,8,8,,
2023-07-01,1035443,"ALEXANDRIA REAL ESTATE EQUITIES, INC.",6798.0,329,23500000000.0,sector_excluded_sic_6798,8,8,,
2023-07-01,1489393,LyondellBasell Industries N.V.,2860.0,333,22400000000.0,sector_excluded_sic_2860,8,8,,
2023-07-01,1524472,Xylem Inc.,3561.0,334,14000000000.0,sector_excluded_sic_3561,8,8,,
2023-07-01,749251,GARTNER INC,8741.0,336,18600000000.0,sector_excluded_sic_8741,8,8,,
2023-07-01,1067701,"UNITED RENTALS, INC.",7359.0,337,15000000000.0,sector_excluded_sic_7359,8,8,,
2023-07-01,827052,EDISON INTERNATIONAL,4911.0,338,24000000000.0,sector_excluded_sic_4911,8,8,,
2023-07-01,9389,BALL Corp,3411.0,339,21600000000.0,sector_excluded_sic_3411,8,8,,
2023-07-01,1699150,Ingersoll Rand Inc.,3560.0,340,16900000000.0,sector_excluded_sic_3560,8,8,,
2023-07-01,1659166,Fortive Corp,3823.0,343,19500000000.0,sector_excluded_sic_3823,8,8,,
2023-07-01,915913,ALBEMARLE CORP,2821.0,344,24500000000.0,sector_excluded_sic_2821,8,8,,
2023-07-01,106535,WEYERHAEUSER CO,6798.0,347,24200000000.0,sector_excluded_sic_6798,8,8,,
2023-07-01,54480,KANSAS CITY SOUTHERN,4011.0,348,25630000000.0,sector_excluded_sic_4011,7,7,,
2023-07-01,1410636,"American Water Works Company, Inc.",4941.0,349,25487300000.0,sector_excluded_sic_4941,8,8,,
2023-07-01,1618921,"Walgreens Boots Alliance, Inc.",5912.0,351,23200000000.0,ineligible_filing_history,7,9,,
2023-07-01,815097,Carnival Corp Ltd.,4400.0,352,12100000000.0,sector_excluded_sic_4400,6,8,,
2023-07-01,1474735,GENERAC HOLDINGS INC.,3621.0,354,13014830988.0,sector_excluded_sic_3621,8,8,,
2023-07-01,916076,MARTIN MARIETTA MATERIALS INC,1400.0,355,16524714169.0,sector_excluded_sic_1400,8,8,,
2023-07-01,922224,PPL Corp,4911.0,356,19971944185.0,sector_excluded_sic_4911,8,8,,
2023-07-01,936340,DTE ENERGY CO,4911.0,364,24400000000.0,sector_excluded_sic_4911,8,8,,
2023-07-01,884887,ROYAL CARIBBEAN CRUISES LTD,4400.0,365,8100000000.0,sector_excluded_sic_4400,8,8,,
2023-07-01,51434,INTERNATIONAL PAPER CO /NEW/,2621.0,371,15087030329.0,sector_excluded_sic_2621,8,8,,
2023-07-01,63754,MCCORMICK & CO INC,2090.0,372,23764539252.0,ineligible_filing_history,6,9,,
2023-07-01,1324424,"Expedia Group, Inc.",4700.0,374,14349625000.0,sector_excluded_sic_4700,8,8,,
2023-07-01,1002910,AMEREN CORP,4931.0,379,23231496514.0,sector_excluded_sic_4931,8,8,,
2023-07-01,1339688,LION COPPER & GOLD CORP.,1000.0,380,16030950000.0,sector_excluded_sic_1000,2,2,,
2023-07-01,65984,ENTERGY CORP /DE/,4911.0,381,22900000000.0,sector_excluded_sic_4911,8,8,,
2023-07-01,1289490,Extra Space Storage Inc.,6798.0,383,22430933071.0,sector_excluded_sic_6798,8,8,,
2023-07-01,1031296,FIRSTENERGY CORP,4911.0,385,21916076568.0,sector_excluded_sic_4911,8,8,,
2023-07-01,1121788,GARMIN LTD,3812.0,388,15461000000.0,sector_excluded_sic_3812,8,8,,
2023-07-01,1687229,Invitation Homes Inc.,6510.0,390,21700000000.0,sector_excluded_sic_6510,8,8,,
2023-07-01,29905,DOVER Corp,3530.0,391,17347519018.0,sector_excluded_sic_3530,8,8,,
2023-07-01,21076,CLOROX CO /DE/,2842.0,392,21400000000.0,sector_excluded_sic_2842,8,8,,
2023-07-01,746515,EXPEDITORS INTERNATIONAL OF WASHINGTON INC,4731.0,393,15790525926.0,sector_excluded_sic_4731,8,8,,
2023-07-01,103379,V F CORP,2320.0,398,,no_pit_valid_float,8,8,,
2023-07-01,1552033,TransUnion,7320.0,399,15300000000.0,sector_excluded_sic_7320,8,8,,
2023-07-01,804753,CERNER Corp,7373.0,404,20900000000.0,ineligible_filing_history,4,4,,
2023-07-01,864749,TRIMBLE INC.,3829.0,408,14300000000.0,sector_excluded_sic_3829,8,8,,
2023-07-01,1175454,"CORPAY, INC.",7389.0,409,,no_pit_valid_float,8,8,,
2023-07-01,1170010,CARMAX INC,5500.0,412,13977409996.0,ineligible_filing_history,6,8,,
2023-07-01,1734722,"UiPath, Inc.",7372.0,419,6900000000.0,ineligible_filing_history,7,8,,
2023-07-01,1601046,"Keysight Technologies, Inc.",3823.0,422,20000000000.0,sector_excluded_sic_3823,8,8,,
2023-07-01,4281,Howmet Aerospace Inc.,3350.0,423,13000000000.0,sector_excluded_sic_3350,8,8,,
2023-07-01,906163,NVR INC,1531.0,425,12639637000.0,sector_excluded_sic_1531,8,8,,
2023-07-01,811156,CMS ENERGY CORP,4931.0,431,19588000000.0,sector_excluded_sic_4931,8,8,,
2023-07-01,912593,SUN COMMUNITIES INC,6798.0,432,19130159251.0,sector_excluded_sic_6798,8,8,,
2023-07-01,1094285,TELEDYNE TECHNOLOGIES INC,3812.0,434,17300000000.0,sector_excluded_sic_3812,8,8,,
2023-07-01,943452,WESTINGHOUSE AIR BRAKE TECHNOLOGIES CORP,3743.0,435,15000000000.0,sector_excluded_sic_3743,8,8,,
2023-07-01,920522,"ESSEX PROPERTY TRUST, INC.",6798.0,436,16906398955.0,sector_excluded_sic_6798,8,8,,
2023-07-01,40987,GENUINE PARTS CO,5013.0,437,18700000000.0,sector_excluded_sic_5013,8,8,,
2023-07-01,1772757,DraftKings Holdings Inc.,7990.0,439,19200000000.0,ineligible_filing_history,3,3,,
2023-07-01,1650372,Atlassian Corp,7372.0,440,,no_pit_valid_float,3,3,,
2023-07-01,740260,"Ventas, Inc.",6798.0,441,17100000000.0,sector_excluded_sic_6798,8,8,,
2023-07-01,46619,HEICO CORP,3724.0,446,15871879000.0,sector_excluded_sic_3724,8,8,,
2023-07-01,1130310,CENTERPOINT ENERGY INC,4911.0,453,18490009390.0,sector_excluded_sic_4911,8,8,,
2023-07-01,783280,DUKE REALTY CORP,6798.0,462,18010000000.0,sector_excluded_sic_6798,5,5,,
2023-07-01,100517,"United Airlines Holdings, Inc.",4512.0,464,11500000000.0,sector_excluded_sic_4512,8,8,,
2023-07-01,1037540,"BXP, Inc.",6798.0,465,13917004905.0,sector_excluded_sic_6798,8,8,,
2023-07-01,945841,POOL CORP,5090.0,466,13512386039.0,sector_excluded_sic_5090,8,8,,
2023-07-01,52988,JACOBS SOLUTIONS INC.,1600.0,467,17800000000.0,sector_excluded_sic_1600,8,8,,
2023-07-01,1324404,"CF Industries Holdings, Inc.",2870.0,472,17381054929.0,sector_excluded_sic_2870,8,8,,
2023-07-01,874761,AES CORP,4991.0,473,14030000000.0,sector_excluded_sic_4991,8,8,,
2023-07-01,8818,Avery Dennison Corp,2670.0,474,13300000000.0,sector_excluded_sic_2670,8,8,,
2023-07-01,822416,PULTEGROUP INC/MI/,1531.0,476,9157617302.0,sector_excluded_sic_1531,8,8,,
2023-07-01,97210,"TERADYNE, INC",3825.0,479,10000000000.0,sector_excluded_sic_3825,8,8,,
2023-07-01,1306830,Celanese Corp,2820.0,481,12713879912.0,sector_excluded_sic_2820,8,8,,
2023-07-01,832101,IDEX CORP /DE/,3561.0,484,13718682816.0,sector_excluded_sic_3561,8,8,,
2023-07-01,1868726,"OLAPLEX HOLDINGS, INC.",2844.0,489,1900000000.0,ineligible_filing_history,7,7,,
2023-07-01,731802,ATMOS ENERGY CORP,4924.0,490,16491263629.0,sector_excluded_sic_4924,8,8,,
2023-07-01,1020569,IRON MOUNTAIN INC,6798.0,495,,no_pit_valid_float,8,8,,
2023-07-01,1385867,Coupa Software Inc,7372.0,499,16000000000.0,ineligible_filing_history,6,6,,
2023-07-01,1025378,W. P. Carey Inc.,6798.0,502,15900000000.0,sector_excluded_sic_6798,8,8,,
2023-07-01,861884,"RELIANCE, INC.",5051.0,504,10280000000.0,sector_excluded_sic_5051,8,8,,
2023-07-01,1065696,LKQ CORP,5010.0,506,13500000000.0,sector_excluded_sic_5010,8,8,,
2023-07-01,217346,TEXTRON INC,3720.0,509,12900000000.0,sector_excluded_sic_3720,8,8,,
2023-07-01,728535,HUNT J B TRANSPORT SERVICES INC,4213.0,513,13000000000.0,sector_excluded_sic_4213,8,8,,
2023-07-01,915389,EASTMAN CHEMICAL CO,2821.0,514,10606797152.0,sector_excluded_sic_2821,8,8,,
2023-07-01,851205,COGNEX CORP,3823.0,515,7520015752.0,sector_excluded_sic_3823,8,8,,
2023-07-01,18926,"Lumen Technologies, Inc.",4813.0,516,11200000000.0,sector_excluded_sic_4813,8,8,,
2023-07-01,1095073,"EVEREST GROUP, LTD.",6331.0,519,,no_pit_valid_float,8,8,,
2023-07-01,1285785,MOSAIC CO,2870.0,520,14800000000.0,sector_excluded_sic_2870,8,8,,
2023-07-01,1711269,"Evergy, Inc.",4931.0,521,14786156340.0,sector_excluded_sic_4931,8,8,,
2023-07-01,352541,ALLIANT ENERGY CORP,4931.0,523,14700000000.0,sector_excluded_sic_4931,8,8,,
2023-07-01,877890,CITRIX SYSTEMS INC,7372.0,525,14547658160.0,ineligible_filing_history,5,5,,
2023-07-01,1093691,PLUG POWER INC,3620.0,526,6828840612.0,sector_excluded_sic_3620,8,8,,
2023-07-01,62996,MASCO CORP /DE/,3430.0,527,11359743400.0,sector_excluded_sic_3430,8,8,,
2023-07-01,815094,ABIOMED INC,3841.0,530,14399855714.0,ineligible_filing_history,6,6,,
2023-07-01,1069183,"AXON ENTERPRISE, INC.",3480.0,534,6300000000.0,sector_excluded_sic_3480,8,8,,
2023-07-01,906345,CAMDEN PROPERTY TRUST,6798.0,535,14281101986.0,sector_excluded_sic_6798,8,8,,
2023-07-01,42888,GRACO INC,3561.0,536,10063468359.0,sector_excluded_sic_3561,8,8,,
2023-07-01,1996862,Bunge Global SA,2070.0,541,,no_pit_valid_float,0,0,,
2023-07-01,912595,MID AMERICA APARTMENT COMMUNITIES INC.,6798.0,543,14000000000.0,sector_excluded_sic_6798,8,8,,
2023-07-01,37785,FMC CORP,2800.0,545,13407027345.0,sector_excluded_sic_2800,8,8,,
2023-07-01,818479,DENTSPLY SIRONA Inc.,3843.0,546,7664602549.0,ineligible_filing_history,6,8,,
2023-07-01,1732845,WestRock Co,2650.0,547,12163000000.0,sector_excluded_sic_2650,8,8,,
2023-07-01,1519751,"Fortune Brands Innovations, Inc.",2430.0,548,6596443912.0,sector_excluded_sic_2430,8,8,,
2023-07-01,1348036,"AVALARA, INC.",7372.0,549,13670000000.0,ineligible_filing_history,5,5,,
2023-07-01,6201,American Airlines Group Inc.,4512.0,552,8200000000.0,sector_excluded_sic_4512,8,8,,
2023-07-01,1219601,"CROWN HOLDINGS, INC.",3411.0,553,11167897594.0,sector_excluded_sic_3411,8,8,,
2023-07-01,110621,RPM INTERNATIONAL INC/DE/,2851.0,556,11657847798.0,sector_excluded_sic_2851,8,8,,
2023-07-01,1069202,LENNOX INTERNATIONAL INC,3585.0,559,7000000000.0,sector_excluded_sic_3585,8,8,,
2023-07-01,105016,WATSCO INC,5070.0,560,8072000000.0,sector_excluded_sic_5070,8,8,,
2023-07-01,1166003,"XPO, Inc.",4700.0,561,5200000000.0,sector_excluded_sic_4700,8,8,,
2023-07-01,1874178,"Rivian Automotive, Inc. / DE",3711.0,562,12300000000.0,ineligible_filing_history,7,7,,
2023-07-01,1174922,WYNN RESORTS LTD,7011.0,563,,no_pit_valid_float,8,8,,
2023-07-01,1043219,ANNALY CAPITAL MANAGEMENT INC,6798.0,564,9500000000.0,sector_excluded_sic_6798,8,8,,
2023-07-01,765880,"HEALTHPEAK PROPERTIES, INC.",6798.0,566,10200000000.0,sector_excluded_sic_6798,8,8,,
2023-07-01,895417,EQUITY LIFESTYLE PROPERTIES INC,6798.0,569,12215800000.0,sector_excluded_sic_6798,8,8,,
2023-07-01,75677,PACKAGING CORP OF AMERICA,2650.0,572,12686128813.0,sector_excluded_sic_2650,8,8,,
2023-07-01,1043277,"C. H. ROBINSON WORLDWIDE, INC.",4731.0,573,12646143071.0,sector_excluded_sic_4731,8,8,,
2023-07-01,1579241,Allegion plc,7381.0,576,8600000000.0,sector_excluded_sic_7381,8,8,,
2023-07-01,737758,TORO CO,3524.0,579,8400000000.0,sector_excluded_sic_3524,8,8,,
2023-07-01,1575965,"Gaming & Leisure Properties, Inc.",6798.0,583,10800000000.0,sector_excluded_sic_6798,8,8,,
2023-07-01,1022671,STEEL DYNAMICS INC,3312.0,585,8500000000.0,sector_excluded_sic_3312,8,8,,
2023-07-01,1070750,"HOST HOTELS & RESORTS, INC.",6798.0,586,11071609255.0,sector_excluded_sic_6798,8,8,,
2023-07-01,1443646,Booz Allen Hamilton Holding Corp,8742.0,587,12022055123.0,sector_excluded_sic_8742,8,8,,
2023-07-01,78128,"Essential Utilities, Inc.",4941.0,588,12000477582.0,sector_excluded_sic_4941,8,8,,
2023-07-01,879101,KIMCO REALTY CORP,6798.0,589,12000000000.0,sector_excluded_sic_6798,8,8,,
2023-07-01,1650164,"Toast, Inc.",7374.0,593,5000000000.0,ineligible_filing_history,7,7,,
2023-07-01,1111711,NISOURCE INC.,4931.0,595,11950785429.0,sector_excluded_sic_4931,8,8,,
2023-07-01,91440,Snap-on Inc,3420.0,596,10400000000.0,sector_excluded_sic_3420,8,8,,
2023-07-01,1370946,Owens Corning,3290.0,604,7225611878.0,sector_excluded_sic_3290,8,8,,
2023-07-01,1069878,TREX CO INC,2400.0,605,6000000000.0,sector_excluded_sic_2400,8,8,,
2023-07-01,1287865,MEDICAL PROPERTIES TRUST INC,6798.0,606,9100000000.0,sector_excluded_sic_6798,8,8,,
2023-07-01,1567094,CNH Industrial N.V.,3531.0,613,11300000000.0,sector_excluded_sic_3531,3,3,,
2023-07-01,59527,LINCOLN ELECTRIC HOLDINGS INC,3540.0,615,7021065796.0,sector_excluded_sic_3540,8,8,,
2023-07-01,1562401,American Homes 4 Rent,6798.0,617,10700000000.0,sector_excluded_sic_6798,8,8,,
2023-07-01,77360,PENTAIR plc,3550.0,621,7452025298.0,sector_excluded_sic_3550,8,8,,
2023-07-01,1439404,ZYNGA INC,7374.0,623,10900000000.0,ineligible_filing_history,4,4,,
2023-07-01,868857,AECOM,8711.0,624,10900000000.0,sector_excluded_sic_8711,8,8,,
2023-07-01,1883685,DraftKings Inc.,7990.0,625,5000000000.0,ineligible_filing_history,5,5,,
2023-07-01,1383650,"Cheniere Energy Partners, L.P.",4924.0,630,1800000000.0,sector_excluded_sic_4924,8,8,,
2023-07-01,1513761,Norwegian Cruise Line Holdings Ltd.,4400.0,632,4600000000.0,sector_excluded_sic_4400,8,8,,
2023-07-01,910606,REGENCY CENTERS CORP,6798.0,633,10100000000.0,sector_excluded_sic_6798,8,8,,
2023-07-01,764065,CLEVELAND-CLIFFS INC.,1000.0,638,7844058129.0,sector_excluded_sic_1000,8,8,,
2023-07-01,1571283,"Rexford Industrial Realty, Inc.",6798.0,645,9800000000.0,sector_excluded_sic_6798,8,8,,
2023-07-01,1287750,ARES CAPITAL CORP,,648,8839437115.0,sector_excluded_sic_None,8,8,,
2023-07-01,825542,SCOTTS MIRACLE-GRO CO,2870.0,653,5115863599.0,sector_excluded_sic_2870,8,8,,
2023-07-01,82811,REGAL REXNORD CORP,3569.0,654,7500000000.0,sector_excluded_sic_3569,8,8,,
2023-07-01,1298675,CubeSmart,6798.0,659,9588612808.0,sector_excluded_sic_6798,8,8,,
2023-07-01,1818874,"SoFi Technologies, Inc.",6199.0,660,4000000000.0,non_operating_sic_6199,8,8,,
2023-07-01,1002517,"Nuance Communications, Inc.",7372.0,661,10000000000.0,ineligible_filing_history,3,3,,
2023-07-01,1037976,JONES LANG LASALLE INC,6531.0,662,8385122956.0,sector_excluded_sic_6531,8,8,,
2023-07-01,1049502,MKS INC,3823.0,665,5720758869.0,sector_excluded_sic_3823,8,8,,
2023-07-01,315213,ROBERT HALF INC.,7363.0,670,8012399320.0,sector_excluded_sic_7363,8,8,,
2023-07-01,1692819,Vistra Corp.,4911.0,671,9583092896.0,sector_excluded_sic_4911,8,8,,
2023-07-01,74208,"UDR, Inc.",6798.0,676,6000000000.0,sector_excluded_sic_6798,8,8,,
2023-07-01,944314,"LIFE STORAGE, INC.",6798.0,678,9422359871.0,sector_excluded_sic_6798,8,8,,
2023-07-01,1538990,STORE CAPITAL LLC,6798.0,686,9300000000.0,sector_excluded_sic_6798,8,8,,
2023-07-01,1647088,WillScot Holdings Corp,7350.0,687,7100000000.0,sector_excluded_sic_7350,8,8,,
2023-07-01,1823593,TuSimple Holdings Inc.,7373.0,689,9270000000.0,ineligible_filing_history,5,5,,
2023-07-01,764622,PINNACLE WEST CAPITAL CORP,4911.0,692,8247902707.0,sector_excluded_sic_4911,8,8,,
2023-07-01,34903,FEDERAL REALTY INVESTMENT TRUST,6798.0,697,7700000000.0,sector_excluded_sic_6798,8,8,,
2023-07-01,929008,WESCO INTERNATIONAL INC,5063.0,698,5400000000.0,sector_excluded_sic_5063,8,8,,
2023-07-01,1477294,Sensata Technologies Holding plc,3823.0,702,6400000000.0,sector_excluded_sic_3823,8,8,,
2023-07-01,1177702,SAIA INC,4213.0,703,4965406368.0,sector_excluded_sic_4213,8,8,,
2023-07-01,1501585,"HUNTINGTON INGALLS INDUSTRIES, INC.",3730.0,704,8709000000.0,sector_excluded_sic_3730,8,8,,
2023-07-01,1463172,"Zendesk, Inc.",7374.0,706,9000000000.0,ineligible_filing_history,6,6,,
2023-07-01,1811074,Texas Pacific Land Corp,6792.0,709,8500000000.0,non_operating_sic_6792,8,8,,
2023-07-01,775368,ALLEGHANY CORP /DE,6331.0,710,8961756584.0,ineligible_filing_history,5,5,,
2023-07-01,1090425,LAMAR ADVERTISING CO/NEW,6798.0,711,7547230179.0,sector_excluded_sic_6798,8,8,,
2023-07-01,1437578,BRIGHT HORIZONS FAMILY SOLUTIONS INC.,8351.0,713,4900000000.0,sector_excluded_sic_8351,8,8,,
2023-07-01,831641,TETRA TECH INC,8711.0,714,8900000000.0,sector_excluded_sic_8711,8,8,,
2023-07-01,1553023,CyrusOne Holdco LLC,6798.0,715,8900000000.0,sector_excluded_sic_6798,3,3,,
2023-07-01,1012100,SEALED AIR CORP/DE,2820.0,716,8341837257.0,sector_excluded_sic_2820,8,8,,
2023-07-01,1492691,Knight-Swift Transportation Holdings Inc.,4213.0,717,7327197810.0,sector_excluded_sic_4213,8,8,,
2023-07-01,1357615,"KBR, INC.",1600.0,722,6700000000.0,sector_excluded_sic_1600,8,8,,
2023-07-01,888491,OMEGA HEALTHCARE INVESTORS INC,6798.0,723,6599342597.0,sector_excluded_sic_6798,8,8,,
2023-07-01,1013871,"NRG ENERGY, INC.",4911.0,724,6461030777.0,sector_excluded_sic_4911,8,8,,
2023-07-01,1633931,"QXO Insulation, LLC",1700.0,727,5400000000.0,sector_excluded_sic_1700,8,8,,
2023-07-01,1801169,Opendoor Technologies Inc.,6531.0,729,2431521293.0,sector_excluded_sic_6531,8,8,,
2023-07-01,884614,UGI CORP /PA/,4932.0,730,7563617921.0,sector_excluded_sic_4932,8,8,,
2023-07-01,1398659,Genpact LTD,8742.0,732,7724090823.0,sector_excluded_sic_8742,8,8,,
2023-07-01,1720635,nVent Electric plc,3550.0,734,5150517550.0,sector_excluded_sic_3550,8,8,,
2023-07-01,1474432,"Everpure, Inc.",3572.0,740,8300000000.0,ineligible_filing_history,6,8,,
2023-07-01,822818,CLEAN HARBORS INC,4955.0,741,4400000000.0,sector_excluded_sic_4955,8,8,,
2023-07-01,931015,Polaris Inc.,3790.0,742,5911815000.0,sector_excluded_sic_3790,8,8,,
2023-07-01,899689,VORNADO REALTY TRUST,6798.0,743,5074142000.0,sector_excluded_sic_6798,8,8,,
2023-07-01,7536,"ARROW ELECTRONICS, INC.",5065.0,745,7185703627.0,sector_excluded_sic_5065,8,8,,
2023-07-01,1675149,Alcoa Corp,3334.0,746,8200000000.0,sector_excluded_sic_3334,8,8,,
2023-07-01,880266,AGCO CORP /DE,3523.0,747,6100000000.0,sector_excluded_sic_3523,8,8,,
2023-07-01,751364,"NNN REIT, INC.",6798.0,749,8176510000.0,sector_excluded_sic_6798,8,8,,
2023-07-01,775158,OSHKOSH CORP,3711.0,751,5369063686.0,ineligible_filing_history,7,7,,
2023-07-01,1540755,"Anaplan, Inc.",7372.0,752,8120000000.0,ineligible_filing_history,4,4,,
2023-07-01,1706946,"Virgin Galactic Holdings, Inc",4700.0,753,1400000000.0,sector_excluded_sic_4700,8,8,,
2023-07-01,1025996,KILROY REALTY CORP,6798.0,756,6078528830.0,sector_excluded_sic_6798,8,8,,
2023-07-01,216228,ITT INC.,3561.0,762,5500000000.0,sector_excluded_sic_3561,8,8,,
2023-07-01,49600,EASTGROUP PROPERTIES INC,6798.0,763,6624688557.0,sector_excluded_sic_6798,8,8,,
2023-07-01,1021635,OGE ENERGY CORP.,4911.0,765,7719815032.0,sector_excluded_sic_4911,8,8,,
2023-07-01,14930,BRUNSWICK CORP,3510.0,772,4909564035.0,sector_excluded_sic_3510,8,8,,
2023-07-01,29644,DONALDSON Co INC,3564.0,774,6840687805.0,sector_excluded_sic_3564,8,8,,
2023-07-01,1650729,"SiteOne Landscape Supply, Inc.",5040.0,777,5343059310.0,sector_excluded_sic_5040,8,8,,
2023-07-01,1455863,AMERICOLD REALTY TRUST,6798.0,778,5700000000.0,sector_excluded_sic_6798,8,8,,
2023-07-01,85535,ROYAL GOLD INC,6795.0,779,7000000000.0,non_operating_sic_6795,7,7,,
2023-07-01,766421,"ALASKA AIR GROUP, INC.",4512.0,780,5100000000.0,sector_excluded_sic_4512,8,8,,
2023-07-01,1820877,Apartment Income REIT Corp.,6798.0,783,6400000000.0,sector_excluded_sic_6798,8,8,,
2023-07-01,74303,OLIN Corp,2800.0,785,6254428046.0,sector_excluded_sic_2800,8,8,,
2023-07-01,1745041,"IAA, Inc.",5500.0,786,4426719223.0,ineligible_filing_history,7,7,,
2023-07-01,1378946,"People's United Financial, Inc.",6035.0,788,7330000000.0,ineligible_filing_history,3,3,,
2023-07-01,47518,"Hill-Rom Holdings, Inc.",3841.0,791,7300000000.0,ineligible_filing_history,2,2,,
2023-07-01,1653482,Gitlab Inc.,7372.0,793,5000000000.0,ineligible_filing_history,6,7,,
2023-07-01,1408075,GRAPHIC PACKAGING HOLDING CO,2650.0,794,6300000000.0,sector_excluded_sic_2650,8,8,,
2023-07-01,1852244,"GXO Logistics, Inc.",4700.0,797,4800000000.0,sector_excluded_sic_4700,8,8,,
2023-07-01,1423689,AGNC Investment Corp.,6798.0,798,4800000000.0,sector_excluded_sic_6798,8,8,,
2023-07-01,1616862,Axalta Coating Systems Ltd.,2851.0,800,4863500000.0,sector_excluded_sic_2851,8,8,,
2023-07-01,764180,"ALTRIA GROUP, INC.",2111.0,98,75000000000.0,below_sector_K,8,8,consumer,21.0
2023-07-01,109198,TJX COMPANIES INC /DE/,5651.0,109,71000000000.0,below_sector_K,8,8,consumer,22.0
2023-07-01,21665,COLGATE PALMOLIVE CO,2844.0,139,66800000000.0,below_sector_K,8,8,consumer,23.0
2023-07-01,1393818,Blackstone Inc.,6282.0,146,63700000000.0,below_sector_K,8,8,financials,21.0
2023-07-01,92230,TRUIST FINANCIAL CORP,6021.0,129,62700000000.0,below_sector_K,8,8,financials,22.0
2023-07-01,1099800,Edwards Lifesciences Corp,3842.0,151,58453646002.0,below_sector_K,8,8,healthcare,21.0
2023-07-01,89800,SHERWIN WILLIAMS CO,5200.0,133,57920449955.0,below_sector_K,8,8,consumer,24.0
2023-07-01,315293,Aon plc,6411.0,136,57066496679.0,below_sector_K,8,8,financials,23.0
2023-07-01,882095,"GILEAD SCIENCES, INC.",2836.0,144,55900000000.0,below_sector_K,8,8,healthcare,22.0
2023-07-01,29534,DOLLAR GENERAL CORP,5331.0,163,55900000000.0,below_sector_K,8,8,consumer,25.0
2023-07-01,798354,FISERV INC,7389.0,119,55896739541.0,below_sector_K,8,8,financials,24.0
2023-07-01,1136893,"Fidelity National Information Services, Inc.",7389.0,100,55312349126.0,below_sector_K,8,8,financials,25.0
2023-07-01,885725,BOSTON SCIENTIFIC CORP,3841.0,116,53200000000.0,below_sector_K,8,8,healthcare,23.0
2023-07-01,1091667,"CHARTER COMMUNICATIONS, INC. /MO/",4841.0,96,50800000000.0,below_sector_K,8,8,consumer,26.0
2023-07-01,1099219,METLIFE INC,6311.0,174,50100000000.0,below_sector_K,8,8,financials,26.0
2023-07-01,1327567,Palo Alto Networks Inc,3577.0,179,49978456856.0,below_sector_K,8,8,tech,21.0
2023-07-01,1571949,"Intercontinental Exchange, Inc.",6200.0,148,49300000000.0,below_sector_K,8,8,financials,27.0
2023-07-01,1071739,CENTENE CORP,6324.0,183,49200000000.0,below_sector_K,8,8,healthcare,24.0
2023-07-01,40704,GENERAL MILLS INC,2040.0,184,48920000000.0,below_sector_K,8,8,consumer,27.0
2023-07-01,1682852,"Moderna, Inc.",2836.0,113,48800000000.0,below_sector_K,8,8,healthcare,25.0
2023-07-01,927653,MCKESSON CORP,5122.0,187,48200000000.0,below_sector_K,8,8,healthcare,26.0
2023-07-01,1835632,"Marvell Technology, Inc.",3674.0,180,47253245480.0,below_sector_K,8,8,tech,22.0
2023-07-01,769397,"Autodesk, Inc.",7372.0,135,47000000000.0,below_sector_K,8,8,tech,23.0
2023-07-01,1467858,General Motors Co,3711.0,103,46200000000.0,below_sector_K,8,8,consumer,28.0
2023-07-01,1640147,Snowflake Inc.,7372.0,122,46200000000.0,below_sector_K,8,8,tech,24.0
2023-07-01,865752,Monster Beverage Corp,2086.0,164,44291170358.0,below_sector_K,8,8,consumer,29.0
2023-07-01,37996,FORD MOTOR CO,3711.0,156,43956659969.0,below_sector_K,8,8,consumer,30.0
2023-07-01,31462,ECOLAB INC.,2840.0,158,43775885223.0,below_sector_K,8,8,consumer,31.0
2023-07-01,7084,Archer-Daniels-Midland Co,2070.0,214,43200000000.0,below_sector_K,8,8,consumer,32.0
2023-07-01,1535527,"CrowdStrike Holdings, Inc.",7372.0,173,42800000000.0,below_sector_K,8,8,tech,25.0
2023-07-01,813672,CADENCE DESIGN SYSTEMS INC,7372.0,152,40982000000.0,below_sector_K,8,8,tech,26.0
2023-07-01,1478242,IQVIA HOLDINGS INC.,8731.0,201,40200000000.0,below_sector_K,8,8,healthcare,27.0
2023-07-01,86312,"TRAVELERS COMPANIES, INC.",6331.0,238,40004782316.0,below_sector_K,8,8,financials,28.0
2023-07-01,96021,SYSCO CORP,5140.0,240,39790937593.0,below_sector_K,8,8,consumer,33.0
2023-07-01,927628,CAPITAL ONE FINANCIAL CORP,6021.0,140,39600000000.0,below_sector_K,8,8,financials,29.0
2023-07-01,1543151,"Uber Technologies, Inc",7389.0,95,38900000000.0,below_sector_K,8,8,financials,30.0
2023-07-01,1755672,"Corteva, Inc.",100.0,244,38900000000.0,below_sector_K,8,8,consumer,34.0
2023-07-01,1413447,NXP Semiconductors N.V.,3674.0,143,38400000000.0,below_sector_K,8,8,tech,27.0
2023-07-01,47217,HP INC,3570.0,230,37840980837.0,below_sector_K,8,8,tech,28.0
2023-07-01,943819,RESMED INC,3841.0,251,37771141000.0,below_sector_K,8,8,healthcare,28.0
2023-07-01,1048286,MARRIOTT INTERNATIONAL INC /MD/,7011.0,200,37283265895.0,below_sector_K,8,8,consumer,35.0
2023-07-01,860730,"HCA Healthcare, Inc.",8062.0,154,36171000000.0,below_sector_K,8,8,healthcare,29.0
2023-07-01,1137774,PRUDENTIAL FINANCIAL INC,6311.0,241,35650000000.0,below_sector_K,8,8,financials,31.0
2023-07-01,1512673,"Block, Inc.",7372.0,91,35500000000.0,below_sector_K,8,8,tech,29.0
2023-07-01,5272,"AMERICAN INTERNATIONAL GROUP, INC.",6331.0,235,35300000000.0,below_sector_K,8,8,financials,32.0
2023-07-01,935703,"DOLLAR TREE, INC.",5331.0,297,35108117366.0,below_sector_K,8,8,consumer,36.0
2023-07-01,4977,AFLAC INC,6321.0,227,34906869651.0,below_sector_K,8,8,financials,33.0
2023-07-01,1058290,COGNIZANT TECHNOLOGY SOLUTIONS CORP,7371.0,261,34900000000.0,below_sector_K,8,8,tech,30.0
2023-07-01,1637459,Kraft Heinz Co,2030.0,275,34600000000.0,below_sector_K,8,8,consumer,37.0
2023-07-01,899051,ALLSTATE CORP,6331.0,249,33850000000.0,below_sector_K,8,8,financials,34.0
2023-07-01,1397187,lululemon athletica inc.,2300.0,208,33762000000.0,below_sector_K,8,8,consumer,38.0
2023-07-01,1390777,Bank of New York Mellon Corp,6022.0,209,33679182544.0,below_sector_K,8,8,financials,35.0
2023-07-01,898173,O REILLY AUTOMOTIVE INC,5531.0,186,33621309352.0,below_sector_K,8,8,consumer,39.0
2023-07-01,820313,AMPHENOL CORP /DE/,3678.0,210,33606000000.0,below_sector_K,8,8,tech,31.0
2023-07-01,56873,KROGER CO,5411.0,283,33600000000.0,below_sector_K,8,8,consumer,40.0
2023-07-01,827054,MICROCHIP TECHNOLOGY INC,3674.0,226,32900000000.0,below_sector_K,8,8,tech,32.0
2023-07-01,47111,HERSHEY CO,2060.0,257,32207985953.0,below_sector_K,8,8,consumer,41.0
2023-07-01,883241,SYNOPSYS INC,7372.0,195,32200000000.0,below_sector_K,8,8,tech,33.0
2023-07-01,1408198,MSCI Inc.,7389.0,213,32171890320.0,below_sector_K,8,8,financials,36.0
2023-07-01,712515,ELECTRONIC ARTS INC.,7372.0,287,32154000000.0,below_sector_K,8,8,tech,34.0
2023-07-01,10456,BAXTER INTERNATIONAL INC,3841.0,239,32000000000.0,below_sector_K,8,8,healthcare,30.0
2023-07-01,1041061,YUM BRANDS INC,5812.0,243,32000000000.0,below_sector_K,8,8,consumer,42.0
2023-07-01,1437107,"Warner Bros. Discovery, Inc.",4841.0,290,32000000000.0,below_sector_K,8,8,consumer,43.0
2023-07-01,1393052,VEEVA SYSTEMS INC,7372.0,199,31300000000.0,below_sector_K,8,8,tech,35.0
2023-07-01,81061,PUBLIX SUPER MARKETS INC,5411.0,296,31155000000.0,below_sector_K,8,8,consumer,44.0
2023-07-01,1327811,"Workday, Inc.",7374.0,204,31000000000.0,below_sector_K,8,8,tech,36.0
2023-07-01,68505,"Motorola Solutions, Inc.",3663.0,215,31000000000.0,below_sector_K,8,8,tech,37.0
2023-07-01,1123360,GLOBAL PAYMENTS INC,7389.0,165,30255291202.0,below_sector_K,8,8,financials,37.0
2023-07-01,1585689,Hilton Worldwide Holdings Inc.,7011.0,253,30145000000.0,below_sector_K,8,8,consumer,45.0
2023-07-01,1418135,Keurig Dr Pepper Inc.,2080.0,299,30100000000.0,below_sector_K,8,8,consumer,46.0
2023-07-01,1404912,KKR & Co. Inc.,6282.0,262,29900000000.0,below_sector_K,8,8,financials,38.0
2023-07-01,1278680,ISHARES GOLD TRUST,6221.0,308,29683910088.0,below_sector_K,8,8,financials,39.0
2023-07-01,875045,BIOGEN INC.,2836.0,175,29397964818.0,below_sector_K,8,8,healthcare,31.0
2023-07-01,1058090,CHIPOTLE MEXICAN GRILL INC,5812.0,193,29362000000.0,below_sector_K,8,8,consumer,47.0
2023-07-01,1093557,DEXCOM INC,3841.0,181,29100000000.0,below_sector_K,8,8,healthcare,32.0
2023-07-01,874716,IDEXX LABORATORIES INC /DE,2835.0,168,28964148468.0,below_sector_K,8,8,healthcare,33.0
2023-07-01,815556,FASTENAL CO,5200.0,282,28635820712.0,below_sector_K,8,8,consumer,48.0
2023-07-01,75362,PACCAR INC,3711.0,216,28130000000.0,below_sector_K,8,8,consumer,49.0
2023-07-01,745732,"ROSS STORES, INC.",5651.0,217,27695651182.0,below_sector_K,8,8,consumer,50.0
2023-07-01,900075,COPART INC,5500.0,317,27584161726.0,below_sector_K,8,8,consumer,51.0
2023-07-01,1090872,"AGILENT TECHNOLOGIES, INC.",3826.0,301,26600000000.0,below_sector_K,8,8,healthcare,34.0
2023-07-01,1442145,"Verisk Analytics, Inc.",7374.0,291,26458185993.0,below_sector_K,8,8,tech,38.0
2023-07-01,1585521,"Zoom Communications, Inc.",7370.0,92,26100000000.0,below_sector_K,8,8,tech,39.0
2023-07-01,1110803,"ILLUMINA, INC.",3826.0,155,26100000000.0,below_sector_K,8,8,healthcare,35.0
2023-07-01,1099590,MERCADOLIBRE INC,7389.0,134,26089586448.0,below_sector_K,8,8,financials,40.0
2023-07-01,1404655,HUBSPOT INC,7372.0,345,25969281583.0,below_sector_K,8,8,tech,40.0
2023-07-01,1037646,METTLER TOLEDO INTERNATIONAL INC/,3826.0,288,25900000000.0,below_sector_K,8,8,healthcare,36.0
2023-07-01,1561550,"Datadog, Inc.",7372.0,312,25900000000.0,below_sector_K,8,8,tech,41.0
2023-07-01,820027,AMERIPRISE FINANCIAL INC,6282.0,277,25800000000.0,below_sector_K,8,8,financials,41.0
2023-07-01,1560385,Liberty Media Corp,4833.0,319,25700000000.0,below_sector_K,8,8,consumer,52.0
2023-07-01,1262039,"Fortinet, Inc.",3577.0,247,25621924666.0,below_sector_K,8,8,tech,42.0
2023-07-01,1113169,PRICE T ROWE GROUP INC,6282.0,205,25200000000.0,below_sector_K,8,8,financials,42.0
2023-07-01,1786352,"BILL Holdings, Inc.",7372.0,358,24700000000.0,below_sector_K,8,8,tech,43.0
2023-07-01,1137789,Seagate Technology Holdings plc,3572.0,359,24700000000.0,below_sector_K,8,8,tech,44.0
2023-07-01,1124610,VMWARE LLC,7372.0,362,24500000000.0,below_sector_K,8,8,tech,45.0
2023-07-01,1060736,Seagen Inc.,2836.0,366,24200000000.0,below_sector_K,8,8,healthcare,37.0
2023-07-01,1521332,Aptiv PLC,3714.0,221,24055205443.0,below_sector_K,8,8,consumer,53.0
2023-07-01,1057352,"COSTAR GROUP, INC.",7389.0,265,23700000000.0,below_sector_K,8,8,financials,43.0
2023-07-01,14693,BROWN FORMAN CORP,2080.0,377,23400000000.0,below_sector_K,8,8,consumer,54.0
2023-07-01,1596532,"Arista Networks, Inc.",3576.0,233,23073707198.0,below_sector_K,8,8,tech,46.0
2023-07-01,1065088,EBAY INC,7389.0,197,22856350223.0,below_sector_K,8,8,financials,44.0
2023-07-01,93751,STATE STREET CORP,6022.0,321,22620000000.0,below_sector_K,8,8,financials,45.0
2023-07-01,105770,WEST PHARMACEUTICAL SERVICES INC,3841.0,323,22300000000.0,below_sector_K,8,8,healthcare,38.0
2023-07-01,1713683,"Zscaler, Inc.",7371.0,386,22200000000.0,below_sector_K,8,8,tech,47.0
2023-07-01,1136869,"ZIMMER BIOMET HOLDINGS, INC.",3842.0,305,22002934091.0,below_sector_K,8,8,healthcare,39.0
2023-07-01,1000697,WATERS CORP /DE/,3826.0,389,21855696546.0,below_sector_K,8,8,healthcare,40.0
2023-07-01,1596783,"Catalent, Inc.",2834.0,754,21840000000.0,below_sector_K,8,8,healthcare,41.0
2023-07-01,313927,CHURCH & DWIGHT CO INC /DE/,2840.0,368,21800000000.0,below_sector_K,8,8,consumer,55.0
2023-07-01,1140536,WILLIS TOWERS WATSON PLC,6411.0,310,21628207514.0,below_sector_K,8,8,financials,46.0
2023-07-01,4127,"SKYWORKS SOLUTIONS, INC.",3674.0,302,21300000000.0,below_sector_K,8,8,tech,48.0
2023-07-01,1402057,CDW Corp,5961.0,361,21272000000.0,below_sector_K,8,8,consumer,56.0
2023-07-01,1383312,"BROADRIDGE FINANCIAL SOLUTIONS, INC.",7389.0,396,21192402773.0,below_sector_K,8,8,financials,47.0
2023-07-01,874766,"HARTFORD INSURANCE GROUP, INC.",6331.0,387,21000000000.0,below_sector_K,8,8,financials,48.0
2023-07-01,1722482,"Avantor, Inc.",3826.0,401,20959358658.0,below_sector_K,8,8,healthcare,42.0
2023-07-01,1820953,"Affirm Holdings, Inc.",6141.0,402,20900000000.0,below_sector_K,8,8,financials,49.0
2023-07-01,1441816,"MongoDB, Inc.",7372.0,382,20700000000.0,below_sector_K,8,8,tech,49.0
2023-07-01,1792789,"DoorDash, Inc.",7389.0,286,20600000000.0,below_sector_K,8,8,financials,50.0
2023-07-01,720005,RAYMOND JAMES FINANCIAL INC,6211.0,410,20595928727.0,below_sector_K,8,8,financials,51.0
2023-07-01,1673358,"Yum China Holdings, Inc.",5812.0,328,20300000000.0,below_sector_K,8,8,consumer,57.0
2023-07-01,842023,BIO-TECHNE Corp,2836.0,413,20300000000.0,below_sector_K,8,8,healthcare,43.0
2023-07-01,1097864,ON SEMICONDUCTOR CORP,3674.0,234,20262351285.0,below_sector_K,8,8,tech,50.0
2023-07-01,920148,LABCORP HOLDINGS INC.,8071.0,357,20200000000.0,below_sector_K,8,8,healthcare,44.0
2023-07-01,1463101,"Enphase Energy, Inc.",3674.0,414,20200000000.0,below_sector_K,8,8,tech,51.0
2023-07-01,858470,Coterra Energy Inc.,1311.0,415,20200000000.0,below_sector_K,8,8,energy,21.0
2023-07-01,35527,FIFTH THIRD BANCORP,6022.0,375,20129206051.0,below_sector_K,8,8,financials,52.0
2023-07-01,55067,KELLANOVA,2040.0,421,20100000000.0,below_sector_K,8,8,consumer,58.0
2023-07-01,73124,NORTHERN TRUST CORP,6022.0,367,20000000000.0,below_sector_K,8,8,financials,53.0
2023-07-01,1645590,Hewlett Packard Enterprise Co,3570.0,406,19960628961.0,below_sector_K,8,8,tech,52.0
2023-07-01,891103,"Match Group, Inc.",7370.0,207,19648496863.0,below_sector_K,8,8,tech,53.0
2023-07-01,859737,HOLOGIC INC,3844.0,429,18757846271.0,below_sector_K,8,8,healthcare,45.0
2023-07-01,916365,TRACTOR SUPPLY CO /DE/,5200.0,449,18600000000.0,below_sector_K,8,8,consumer,59.0
2023-07-01,1140859,"Cencora, Inc.",5122.0,405,18539939166.0,below_sector_K,8,8,healthcare,46.0
2023-07-01,20286,CINCINNATI FINANCIAL CORP,6331.0,451,18533373847.0,below_sector_K,8,8,financials,54.0
2023-07-01,1802768,Royalty Pharma plc,2834.0,452,18500000000.0,below_sector_K,8,8,healthcare,47.0
2023-07-01,1671933,"Trade Desk, Inc.",7370.0,278,18431645367.0,below_sector_K,8,8,tech,54.0
2023-07-01,1492426,Horizon Therapeutics Public Ltd Co,2834.0,403,18300000000.0,below_sector_K,8,8,healthcare,48.0
2023-07-01,36270,M&T BANK CORP,6022.0,456,18124066420.0,below_sector_K,8,8,financials,55.0
2023-07-01,1748790,Amcor plc,3990.0,457,18100000000.0,below_sector_K,8,8,consumer,60.0
2023-07-01,31791,"REVVITY, INC.",3826.0,459,18089645853.0,below_sector_K,8,8,healthcare,49.0
2023-07-01,940944,DARDEN RESTAURANTS INC,5812.0,461,17964900000.0,below_sector_K,8,8,consumer,61.0
2023-07-01,946581,TAKE TWO INTERACTIVE SOFTWARE INC,7372.0,463,17945841641.0,below_sector_K,8,8,tech,55.0
2023-07-01,711404,"COOPER COMPANIES, INC.",3851.0,416,17700000000.0,below_sector_K,8,8,healthcare,50.0
2023-07-01,1178670,"ALNYLAM PHARMACEUTICALS, INC.",2834.0,376,17596044220.0,below_sector_K,8,8,healthcare,51.0
2023-07-01,759944,CITIZENS FINANCIAL GROUP INC/RI,6022.0,433,17591222864.0,below_sector_K,8,8,financials,56.0
2023-07-01,1096343,MARKEL GROUP INC.,6331.0,460,17203000000.0,below_sector_K,8,8,financials,57.0
2023-07-01,1120193,"NASDAQ, INC.",6200.0,400,17200000000.0,below_sector_K,8,8,financials,58.0
2023-07-01,1281761,REGIONS FINANCIAL CORP,6021.0,442,17100675350.0,below_sector_K,8,8,financials,59.0
2023-07-01,49196,HUNTINGTON BANCSHARES INC /MD/,6021.0,407,17092209908.0,below_sector_K,8,8,financials,60.0
2023-07-01,106040,WESTERN DIGITAL CORP,3572.0,477,17000000000.0,below_sector_K,8,8,tech,56.0
2023-07-01,1286681,DOMINOS PIZZA INC,5140.0,480,16864015144.0,below_sector_K,8,8,consumer,62.0
2023-07-01,1651308,BeOne Medicines Ltd.,2834.0,483,16800000000.0,below_sector_K,8,8,healthcare,52.0
2023-07-01,1564408,Snap Inc,7370.0,112,16700000000.0,below_sector_K,8,8,tech,57.0
2023-07-01,1126328,PRINCIPAL FINANCIAL GROUP INC,6321.0,444,16700000000.0,below_sector_K,8,8,financials,61.0
2023-07-01,1321655,Palantir Technologies Inc.,7372.0,203,16600000000.0,below_sector_K,8,8,tech,58.0
2023-07-01,1757898,STERIS plc,3842.0,411,16561000000.0,below_sector_K,8,8,healthcare,53.0
2023-07-01,1611983,Liberty Broadband Corp,4841.0,309,16500000000.0,below_sector_K,8,8,consumer,63.0
2023-07-01,1352010,"EPAM Systems, Inc.",7371.0,324,16369932254.0,below_sector_K,8,8,tech,59.0
2023-07-01,1013462,ANSYS INC,7372.0,350,16309000000.0,below_sector_K,8,8,tech,60.0
2023-07-01,947484,ARCH CAPITAL GROUP LTD.,6331.0,335,16300000000.0,below_sector_K,8,8,financials,62.0
2023-07-01,1403568,"Ulta Beauty, Inc.",5990.0,494,16116323000.0,below_sector_K,8,8,consumer,64.0
2023-07-01,1179929,"MOLINA HEALTHCARE, INC.",6324.0,471,16100000000.0,below_sector_K,8,8,healthcare,54.0
2023-07-01,91576,KEYCORP /NEW/,6021.0,426,16069430913.0,below_sector_K,8,8,financials,63.0
2023-07-01,1758730,Tradeweb Markets Inc.,6200.0,428,16000000000.0,below_sector_K,8,8,financials,64.0
2023-07-01,101778,MARATHON OIL CORP,1311.0,508,15437000000.0,below_sector_K,8,8,energy,22.0
2023-07-01,1022079,QUEST DIAGNOSTICS INC,8071.0,497,15400000000.0,below_sector_K,8,8,healthcare,55.0
2023-07-01,1013237,FACTSET RESEARCH SYSTEMS INC,7370.0,503,15374820800.0,below_sector_K,8,8,tech,61.0
2023-07-01,91419,J M SMUCKER Co,2033.0,510,15331349774.0,below_sector_K,8,8,consumer,65.0
2023-07-01,79282,"BROWN & BROWN, INC.",6411.0,493,15295411331.0,below_sector_K,8,8,financials,65.0
2023-07-01,1618756,Restaurant Brands International Inc.,5812.0,369,15203744609.0,below_sector_K,8,8,consumer,66.0
2023-07-01,23217,CONAGRA BRANDS INC.,2000.0,468,15158448300.0,below_sector_K,8,8,consumer,67.0
2023-07-01,1145197,INSULET CORP,3841.0,420,15100000000.0,below_sector_K,8,8,healthcare,56.0
2023-07-01,48465,HORMEL FOODS CORP /DE/,2011.0,512,15095914678.0,below_sector_K,8,8,consumer,68.0
2023-07-01,1660134,"Okta, Inc.",7372.0,263,14900000000.0,below_sector_K,8,8,tech,62.0
2023-07-01,1397911,LPL Financial Holdings Inc.,6200.0,486,14700000000.0,below_sector_K,8,8,financials,66.0
2023-07-01,813828,Paramount Global,4833.0,341,14437112130.0,below_sector_K,8,8,consumer,69.0
2023-07-01,1590955,"Paycom Software, Inc.",7372.0,448,14400000000.0,below_sector_K,8,8,tech,63.0
2023-07-01,11544,BERKLEY W R CORP,6331.0,532,14340165170.0,below_sector_K,8,8,financials,67.0
2023-07-01,1086222,AKAMAI TECHNOLOGIES INC,7389.0,443,14326700000.0,below_sector_K,8,8,financials,68.0
2023-07-01,721371,CARDINAL HEALTH INC,5122.0,427,14223756327.0,below_sector_K,8,8,healthcare,57.0
2023-07-01,879169,INCYTE CORP,8731.0,500,14200000000.0,below_sector_K,8,8,healthcare,58.0
2023-07-01,1336920,"Leidos Holdings, Inc.",7373.0,529,13863703025.0,below_sector_K,8,8,tech,64.0
2023-07-01,860731,TYLER TECHNOLOGIES INC,7372.0,455,13686594900.0,below_sector_K,8,8,tech,65.0
2023-07-01,895419,"WOLFSPEED, INC.",3674.0,550,13632261850.0,below_sector_K,8,8,tech,66.0
2023-07-01,1144519,BUNGELTD,2070.0,551,13611000000.0,below_sector_K,8,8,consumer,70.0
2023-07-01,764478,BEST BUY CO INC,5731.0,363,13400000000.0,below_sector_K,8,8,consumer,71.0
2023-07-01,1389170,Targa Resources Corp.,4922.0,482,13379600000.0,below_sector_K,8,8,energy,23.0
2023-07-01,1097149,ALIGN TECHNOLOGY INC,3842.0,274,13300000000.0,below_sector_K,8,8,healthcare,59.0
2023-07-01,1280452,"MONOLITHIC POWER SYSTEMS, INC.",3674.0,491,13300000000.0,below_sector_K,8,8,tech,67.0
2023-07-01,1411494,"Apollo Asset Management, Inc.",6282.0,557,13200780267.0,below_sector_K,8,8,financials,69.0
2023-07-01,1447669,TWILIO INC,7372.0,177,13100000000.0,below_sector_K,8,8,tech,68.0
2023-07-01,1353283,SPLUNK INC,7372.0,501,13100000000.0,below_sector_K,8,8,tech,69.0
2023-07-01,1834584,"Coupang, Inc.",5961.0,424,13026363645.0,below_sector_K,8,8,consumer,72.0
2023-07-01,1402436,SS&C Technologies Holdings Inc,7372.0,498,12954834035.0,below_sector_K,8,8,tech,70.0
2023-07-01,29989,OMNICOM GROUP INC.,7311.0,450,12846357000.0,below_sector_K,8,8,consumer,73.0
2023-07-01,1261333,"DOCUSIGN, INC.",7372.0,160,12700000000.0,below_sector_K,8,8,tech,71.0
2023-07-01,1335258,"Live Nation Entertainment, Inc.",7900.0,538,12700000000.0,below_sector_K,8,8,consumer,74.0
2023-07-01,1792044,Viatris Inc,2834.0,475,12662127991.0,below_sector_K,8,8,healthcare,60.0
2023-07-01,33213,EQT Corp,1311.0,524,12600000000.0,below_sector_K,8,8,energy,24.0
2023-07-01,1002638,OPEN TEXT CORP,7373.0,574,12600000000.0,below_sector_K,8,8,tech,72.0
2023-07-01,1048695,"F5, INC.",3576.0,575,12578190940.0,below_sector_K,8,8,tech,73.0
2023-07-01,1014473,VERISIGN INC/CA,7371.0,488,12400000000.0,below_sector_K,8,8,tech,74.0
2023-07-01,790051,CARLISLE COMPANIES INC,3060.0,565,12300000000.0,below_sector_K,8,8,consumer,75.0
2023-07-01,779152,JACK HENRY & ASSOCIATES INC,7373.0,568,12115984998.0,below_sector_K,8,8,tech,75.0
2023-07-01,1315098,Roblox Corp,7372.0,256,12000000000.0,below_sector_K,8,8,tech,76.0
2023-07-01,60086,LOEWS CORP,6331.0,598,11809000000.0,below_sector_K,8,8,financials,70.0
2023-07-01,46080,"HASBRO, INC.",3944.0,601,11751405393.0,below_sector_K,8,8,consumer,76.0
2023-07-01,1374310,"Cboe Global Markets, Inc.",6200.0,539,11700000000.0,below_sector_K,8,8,financials,71.0
2023-07-01,1841666,APA Corp,1311.0,607,11605297384.0,below_sector_K,8,8,energy,25.0
2023-07-01,36966,FIRST HORIZON CORP,6021.0,609,11600000000.0,below_sector_K,8,8,financials,72.0
2023-07-01,1571996,Dell Technologies Inc.,3571.0,331,11400000000.0,below_sector_K,8,8,tech,77.0
2023-07-01,1100682,"CHARLES RIVER LABORATORIES INTERNATIONAL, INC.",8731.0,454,11392457233.0,below_sector_K,8,8,healthcare,61.0
2023-07-01,857005,PTC INC.,7372.0,528,11336087091.0,below_sector_K,8,8,tech,78.0
2023-07-01,1792580,Ovintiv Inc.,1311.0,612,11306868256.0,below_sector_K,8,8,energy,26.0
2023-07-01,1158449,ADVANCE AUTO PARTS INC,5531.0,558,11302276702.0,below_sector_K,8,8,consumer,77.0
2023-07-01,1811210,"Lucid Group, Inc.",3711.0,614,11300000000.0,below_sector_K,8,8,consumer,78.0
2023-07-01,812011,VAIL RESORTS INC,7990.0,619,11123660215.0,below_sector_K,8,8,consumer,79.0
2023-07-01,1300514,LAS VEGAS SANDS CORP,7011.0,438,11116269494.0,below_sector_K,8,8,consumer,80.0
2023-07-01,1330568,iShares Silver Trust,6221.0,531,11033438500.0,below_sector_K,8,8,financials,73.0
2023-07-01,1609711,GoDaddy Inc.,7373.0,522,10900000000.0,below_sector_K,8,8,tech,79.0
2023-07-01,51644,"INTERPUBLIC GROUP OF COMPANIES, INC.",7311.0,517,10800000000.0,below_sector_K,8,8,consumer,81.0
2023-07-01,1639825,"PELOTON INTERACTIVE, INC.",3949.0,634,10700000000.0,below_sector_K,8,8,consumer,82.0
2023-07-01,89089,SERVICE CORP INTERNATIONAL,7200.0,639,10609438787.0,below_sector_K,8,8,consumer,83.0
2023-07-01,1810806,Unity Software Inc.,7372.0,581,10600000000.0,below_sector_K,8,8,tech,80.0
2023-07-01,1552000,MPLX LP,4610.0,592,10600000000.0,below_sector_K,8,8,energy,27.0
2023-07-01,1116132,"TAPESTRY, INC.",3100.0,641,10600000000.0,below_sector_K,8,8,consumer,84.0
2023-07-01,1082554,UNITED THERAPEUTICS Corp,2834.0,644,10532340521.0,below_sector_K,8,8,healthcare,62.0
2023-07-01,40729,Ally Financial Inc.,6022.0,458,10500000000.0,below_sector_K,8,8,financials,74.0
2023-07-01,1000228,HENRY SCHEIN INC,5047.0,647,10463590000.0,below_sector_K,8,8,healthcare,63.0
2023-07-01,1002047,"NetApp, Inc.",3572.0,577,10276408331.0,below_sector_K,8,8,tech,81.0
2023-07-01,1042046,AMERICAN FINANCIAL GROUP INC,6331.0,655,10110000000.0,below_sector_K,8,8,financials,75.0
2023-07-01,1604028,"ADVANCED DRAINAGE SYSTEMS, INC.",3086.0,658,10068000000.0,below_sector_K,8,8,consumer,85.0
2023-07-01,916540,DARLING INGREDIENTS INC.,2070.0,637,9962749000.0,below_sector_K,8,8,consumer,86.0
2023-07-01,1126975,"Magellan Midstream Partners, L.P.",4610.0,629,9911874513.0,below_sector_K,8,8,energy,28.0
2023-07-01,1428439,"ROKU, INC",4841.0,169,9900000000.0,below_sector_K,8,8,consumer,87.0
2023-07-01,24545,MOLSON COORS BEVERAGE CO,2082.0,590,9900000000.0,below_sector_K,8,8,consumer,88.0
2023-07-01,1627014,"Black Knight, Inc.",7372.0,603,9847744920.0,below_sector_K,8,8,tech,82.0
2023-07-01,1584509,Aramark,5812.0,664,9829800000.0,below_sector_K,8,8,consumer,89.0
2023-07-01,1333986,"Equitable Holdings, Inc.",6411.0,597,9800000000.0,below_sector_K,8,8,financials,76.0
2023-07-01,1506293,"PINTEREST, INC.",7370.0,231,9700000000.0,below_sector_K,8,8,tech,83.0
2023-07-01,1570585,Liberty Global Ltd.,4841.0,533,9700000000.0,below_sector_K,8,8,consumer,90.0
2023-07-01,814547,FAIR ISAAC CORP,7389.0,540,9599184596.0,below_sector_K,8,8,financials,77.0
2023-07-01,1005284,UNIVERSAL DISPLAY CORP \PA\,3670.0,673,9594897936.0,below_sector_K,8,8,tech,84.0
2023-07-01,719955,WILLIAMS SONOMA INC,5700.0,618,9561401198.0,below_sector_K,8,8,consumer,91.0
2023-07-01,48898,HUBBELL INC,3670.0,469,9535164630.0,below_sector_K,8,8,tech,85.0
2023-07-01,1232524,Jazz Pharmaceuticals plc,2834.0,642,9527447500.0,below_sector_K,8,8,healthcare,64.0
2023-07-01,28412,COMERICA INC,6021.0,675,9500000000.0,below_sector_K,8,8,financials,78.0
2023-07-01,1591698,Paylocity Holding Corp,7372.0,682,9400000000.0,below_sector_K,8,8,tech,86.0
2023-07-01,1331875,"Fidelity National Financial, Inc.",6361.0,599,9347180906.0,below_sector_K,8,8,financials,79.0
2023-07-01,1101302,ENTEGRIS INC,3089.0,544,9345493438.0,below_sector_K,8,8,consumer,92.0
2023-07-01,849399,Gen Digital Inc.,7372.0,667,9340370900.0,below_sector_K,8,8,tech,87.0
2023-07-01,1739104,Elanco Animal Health Inc,2834.0,492,9300000000.0,below_sector_K,8,8,healthcare,65.0
2023-07-01,320335,GLOBE LIFE INC.,6311.0,650,9300000000.0,below_sector_K,8,8,financials,80.0
2023-07-01,1579298,"Burlington Stores, Inc.",5311.0,384,9229223447.0,below_sector_K,8,8,consumer,93.0
2023-07-01,1370637,ETSY INC,7389.0,346,9212000000.0,below_sector_K,8,8,financials,81.0
2023-07-01,1794515,ZoomInfo Technologies Inc.,7372.0,693,9200000000.0,below_sector_K,8,8,tech,88.0
2023-07-01,1267238,"ASSURANT, INC.",6399.0,691,9170000000.0,below_sector_K,8,8,financials,82.0
2023-07-01,1326380,GameStop Corp.,5734.0,591,9100000000.0,below_sector_K,8,8,consumer,94.0
2023-07-01,1531152,"BJ's Wholesale Club Holdings, Inc.",5331.0,700,9100000000.0,below_sector_K,8,8,consumer,95.0
2023-07-01,1176948,Ares Management Corp,6282.0,688,9099200883.0,below_sector_K,8,8,financials,83.0
2023-07-01,1069157,EAST WEST BANCORP INC,6022.0,657,9058196758.0,below_sector_K,8,8,financials,84.0
2023-07-01,1043604,JUNIPER NETWORKS INC,3576.0,668,9011000000.0,below_sector_K,8,8,tech,89.0
2023-07-01,1048477,BIOMARIN PHARMACEUTICAL INC,2834.0,656,9000000000.0,below_sector_K,8,8,healthcare,66.0
2023-07-01,1527469,Athene Holding Ltd.,6311.0,707,9000000000.0,below_sector_K,8,8,financials,85.0
2023-07-01,730272,REPLIGEN CORP,2836.0,628,8911722244.0,below_sector_K,8,8,healthcare,67.0
2023-07-01,726958,CASEYS GENERAL STORES INC,5500.0,721,8700000000.0,below_sector_K,8,8,consumer,96.0
2023-07-01,1821825,Organon & Co.,2834.0,725,8600000000.0,below_sector_K,8,8,healthcare,68.0
2023-07-01,16732,CAMPBELL'S Co,2000.0,666,8597234004.0,below_sector_K,8,8,consumer,97.0
2023-07-01,1316835,"Builders FirstSource, Inc.",5211.0,485,8478400000.0,below_sector_K,8,8,consumer,98.0
2023-07-01,1278021,MARKETAXESS HOLDINGS INC,6211.0,511,8400000000.0,below_sector_K,8,8,financials,86.0
2023-07-01,936395,CIENA CORP,3661.0,737,8300000000.0,below_sector_K,8,8,tech,90.0
2023-07-01,106640,WHIRLPOOL CORP /DE/,3630.0,554,8282022749.0,below_sector_K,8,8,consumer,99.0
2023-07-01,910521,DECKERS OUTDOOR CORP,3021.0,663,8242483771.0,below_sector_K,8,8,consumer,100.0
2023-07-01,789570,MGM Resorts International,7011.0,470,8200000000.0,below_sector_K,8,8,consumer,101.0
2023-07-01,701985,"Bath & Body Works, Inc.",5990.0,395,8100000000.0,below_sector_K,8,8,consumer,102.0
2023-07-01,914475,NEUROCRINE BIOSCIENCES INC,2836.0,696,8097146859.0,below_sector_K,8,8,healthcare,69.0
2023-07-01,1527166,Carlyle Group Inc.,6282.0,643,8088355343.0,below_sector_K,8,8,financials,87.0
2023-07-01,1604778,"Qorvo, Inc.",3674.0,447,8073738818.0,below_sector_K,8,8,tech,91.0
2023-07-01,1803599,Concentrix Corp,7389.0,758,8024187196.0,below_sector_K,8,8,financials,88.0
2023-07-01,1378992,"BERRY GLOBAL GROUP, INC.",3089.0,739,8000000000.0,below_sector_K,8,8,consumer,103.0
2023-07-01,898174,REINSURANCE GROUP OF AMERICA INC,6311.0,694,7900000000.0,below_sector_K,8,8,financials,89.0
2023-07-01,38777,FRANKLIN RESOURCES INC,6282.0,731,7900000000.0,below_sector_K,8,8,financials,90.0
2023-07-01,1023128,LITHIA MOTORS INC,5500.0,651,7896163000.0,below_sector_K,8,8,consumer,104.0
2023-07-01,798941,FIRST CITIZENS BANCSHARES INC /DE/,6022.0,537,7873632647.0,below_sector_K,8,8,financials,91.0
2023-07-01,1590895,"Caesars Entertainment, Inc.",7011.0,397,7800000000.0,below_sector_K,8,8,consumer,105.0
2023-07-01,908255,BORGWARNER INC,3714.0,608,7800000000.0,below_sector_K,8,8,consumer,106.0
2023-07-01,814453,NEWELL BRANDS INC.,3089.0,610,7800000000.0,below_sector_K,8,8,consumer,107.0
2023-07-01,1433270,ANTERO RESOURCES Corp,1311.0,761,7800000000.0,below_sector_K,8,8,energy,29.0
2023-07-01,914208,Invesco Ltd.,6282.0,699,7700000000.0,below_sector_K,8,8,financials,92.0
2023-07-01,1679273,"Lamb Weston Holdings, Inc.",2030.0,580,7600000000.0,below_sector_K,8,8,consumer,108.0
2023-07-01,866374,FLEX LTD.,3672.0,726,7600000000.0,below_sector_K,8,8,tech,92.0
2023-07-01,1477333,"Cloudflare, Inc.",7372.0,518,7588000000.0,below_sector_K,8,8,tech,93.0
2023-07-01,1588489,Grayscale Bitcoin Trust ETF,6221.0,418,7542233176.0,below_sector_K,8,8,financials,93.0
2023-07-01,109380,"ZIONS BANCORPORATION, NATIONAL ASSOCIATION /UT/",6021.0,735,7517099541.0,below_sector_K,8,8,financials,94.0
2023-07-01,842162,LEAR CORP,3714.0,640,7507492498.0,below_sector_K,8,8,consumer,109.0
2023-07-01,1751008,AppLovin Corp,7370.0,507,7500000000.0,below_sector_K,8,8,tech,94.0
2023-07-01,1032975,LOGITECH INTERNATIONAL S.A.,3577.0,487,7408622598.0,below_sector_K,8,8,tech,95.0
2023-07-01,927066,DAVITA INC.,8090.0,570,7400000000.0,below_sector_K,8,8,healthcare,70.0
2023-07-01,1610950,"Syneos Health, Inc.",8731.0,690,7342569400.0,below_sector_K,8,8,healthcare,71.0
2023-07-01,1584751,Talis Biomedical Corp,3826.0,750,7342048000.0,below_sector_K,8,8,healthcare,72.0
2023-07-01,22356,COMMERCE BANCSHARES INC /MO/,6022.0,755,7329000000.0,below_sector_K,8,8,financials,95.0
2023-07-01,818686,TEVA PHARMACEUTICAL INDUSTRIES LTD,2834.0,674,7300000000.0,below_sector_K,8,8,healthcare,73.0
2023-07-01,801337,WEBSTER FINANCIAL CORP,6021.0,790,7300000000.0,below_sector_K,8,8,financials,96.0
2023-07-01,1212545,WESTERN ALLIANCE BANCORPORATION,6022.0,705,7260000000.0,below_sector_K,8,8,financials,97.0
2023-07-01,1046102,RB GLOBAL INC.,7389.0,626,7200381824.0,below_sector_K,8,8,financials,98.0
2023-07-01,1274494,"FIRST SOLAR, INC.",3674.0,417,7200000000.0,below_sector_K,8,8,tech,96.0
2023-07-01,898293,JABIL INC,3672.0,672,7200000000.0,below_sector_K,8,9,tech,97.0
2023-07-01,1056696,MANHATTAN ASSOCIATES INC,7372.0,578,7187541590.0,below_sector_K,8,8,tech,98.0
2023-07-01,1725057,"Dayforce, Inc.",7372.0,555,7084400000.0,below_sector_K,8,8,tech,99.0
2023-07-01,1773383,"Dynatrace, Inc.",7372.0,542,7000000000.0,below_sector_K,8,8,tech,100.0
2023-07-01,59558,LINCOLN NATIONAL CORP,6311.0,646,7000000000.0,below_sector_K,8,8,financials,99.0
2023-07-01,1665918,US Foods Holding Corp.,5140.0,738,7000000000.0,below_sector_K,8,8,consumer,110.0
2023-07-01,96943,TELEFLEX INC,3841.0,594,6990562114.0,below_sector_K,8,8,healthcare,74.0
2023-07-01,1618673,Performance Food Group Co,5141.0,712,6943520082.0,below_sector_K,8,8,consumer,111.0
2023-07-01,1177609,"FIVE BELOW, INC",5331.0,636,6914474150.0,below_sector_K,8,8,consumer,112.0
2023-07-01,1124140,EXACT SCIENCES CORP,8071.0,394,6905065031.0,below_sector_K,8,8,healthcare,75.0
2023-07-01,1617640,"ZILLOW GROUP, INC.",7389.0,330,6875716337.0,below_sector_K,8,8,financials,100.0
2023-07-01,19584,CHEMED CORP,8082.0,757,6872439439.0,below_sector_K,8,8,healthcare,76.0
2023-07-01,5513,Unum Group,6321.0,681,6800000000.0,below_sector_K,8,8,financials,101.0
2023-07-01,896622,"APTARGROUP, INC.",3089.0,685,6771678654.0,below_sector_K,8,8,consumer,113.0
2023-07-01,851968,MOHAWK INDUSTRIES INC,2273.0,627,6768139635.0,below_sector_K,8,8,consumer,114.0
2023-07-01,1507079,"Floor & Decor Holdings, Inc.",5211.0,620,6700000000.0,below_sector_K,8,8,consumer,115.0
2023-07-01,913144,RENAISSANCERE HOLDINGS LTD,6331.0,680,6700000000.0,below_sector_K,8,8,financials,102.0
2023-07-01,1289460,"Texas Roadhouse, Inc.",5812.0,799,6682564289.0,below_sector_K,8,8,consumer,116.0
2023-07-01,355811,GENTEX CORP,3714.0,744,6587687393.0,below_sector_K,8,8,consumer,117.0
2023-07-01,352915,UNIVERSAL HEALTH SERVICES INC,8062.0,631,6400000000.0,below_sector_K,8,8,healthcare,77.0
2023-07-01,20212,Churchill Downs Inc,7948.0,679,6381050626.0,below_sector_K,8,8,consumer,118.0
2023-07-01,1365135,Western Union CO,7389.0,695,6300000000.0,below_sector_K,8,8,financials,103.0
2023-07-01,1034670,AUTOLIV INC,3714.0,728,6233000000.0,below_sector_K,8,8,consumer,119.0
2023-07-01,1707753,Elastic N.V.,7372.0,496,6100000000.0,below_sector_K,8,8,tech,101.0
2023-07-01,1800227,People Inc,7370.0,582,5996916064.0,below_sector_K,8,8,tech,102.0
2023-07-01,315852,RANGE RESOURCES CORP,1311.0,764,5979284000.0,below_sector_K,8,8,energy,30.0
2023-07-01,1535929,"Voya Financial, Inc.",6311.0,771,5800000000.0,below_sector_K,8,8,financials,104.0
2023-07-01,1528849,RH,5712.0,567,5735685246.0,below_sector_K,8,8,consumer,120.0
2023-07-01,1783879,"Robinhood Markets, Inc.",6211.0,792,5700000000.0,below_sector_K,8,8,financials,105.0
2023-07-01,1688568,DXC Technology Co,7374.0,733,5609825662.0,below_sector_K,8,8,tech,103.0
2023-07-01,1764046,CLARIVATE PLC,7374.0,718,5600000000.0,below_sector_K,8,8,tech,104.0
2023-07-01,785161,Encompass Health Corp,8060.0,770,5500000000.0,below_sector_K,8,8,healthcare,78.0
2023-07-01,1477449,"Teladoc Health, Inc.",8011.0,342,5334035010.0,below_sector_K,8,8,healthcare,79.0
2023-07-01,1288847,"Five9, Inc.",7374.0,652,5331600000.0,below_sector_K,8,8,tech,105.0
2023-07-01,1381197,"Interactive Brokers Group, Inc.",6211.0,736,5264574692.0,below_sector_K,8,8,financials,106.0
2023-07-01,1609550,"Inspire Medical Systems, Inc.",3841.0,683,4965635153.0,below_sector_K,8,8,healthcare,80.0
2023-07-01,1669162,"Kinsale Capital Group, Inc.",6331.0,748,4963682838.0,below_sector_K,8,8,financials,107.0
2023-07-01,1065837,SKECHERS USA INC,3140.0,789,4900000000.0,below_sector_K,8,8,consumer,121.0
2023-07-01,1530721,Capri Holdings Ltd,3100.0,776,4869769555.0,below_sector_K,8,8,consumer,122.0
2023-07-01,921738,"PENN Entertainment, Inc.",7011.0,602,4800000000.0,below_sector_K,8,8,consumer,123.0
2023-07-01,1469367,Sunrun Inc.,3690.0,616,4800000000.0,below_sector_K,8,8,tech,106.0
2023-07-01,1492422,"Apellis Pharmaceuticals, Inc.",2834.0,635,4800000000.0,below_sector_K,8,8,healthcare,81.0
2023-07-01,71691,NEW YORK TIMES CO,2711.0,795,4800000000.0,below_sector_K,8,8,consumer,124.0
2023-07-01,1001082,DISH Network CORP,4841.0,649,4700000000.0,below_sector_K,8,8,consumer,125.0
2023-07-01,1384905,"RingCentral, Inc.",7374.0,370,4500000000.0,below_sector_K,8,8,tech,107.0
2023-07-01,1759509,"Lyft, Inc.",7389.0,430,4500000000.0,below_sector_K,8,8,financials,108.0
2023-07-01,1770787,"10x Genomics, Inc.",3826.0,445,4500000000.0,below_sector_K,8,8,healthcare,82.0
2023-07-01,1321732,Penumbra Inc,3841.0,571,4500000000.0,below_sector_K,8,8,healthcare,83.0
2023-07-01,1674416,CRISPR Therapeutics AG,2836.0,611,4300000000.0,below_sector_K,8,8,healthcare,84.0
2023-07-01,910073,"FLAGSTAR BANK, NATIONAL ASSOCIATION",6036.0,759,4200000000.0,below_sector_K,8,8,financials,109.0
2023-07-01,78239,PVH CORP. /DE/,2320.0,781,4051007516.0,below_sector_K,8,8,consumer,126.0
2023-07-01,1000694,NOVAVAX INC,2836.0,505,4010000000.0,below_sector_K,8,8,healthcare,85.0
2023-07-01,1576280,"Guardant Health, Inc.",8071.0,584,4000000000.0,below_sector_K,8,8,healthcare,86.0
2023-07-01,750004,"Light & Wonder, Inc.",7373.0,787,3951061016.0,below_sector_K,8,8,tech,108.0
2023-07-01,1652130,"Intellia Therapeutics, Inc.",2835.0,622,3889074263.0,below_sector_K,8,8,healthcare,87.0
2023-07-01,1616707,Wayfair Inc.,5961.0,373,3800000000.0,below_sector_K,8,8,consumer,127.0
2023-07-01,1366561,SMARTSHEET INC,7372.0,719,3800000000.0,below_sector_K,8,8,tech,109.0
2023-07-01,885639,KOHLS Corp,5311.0,766,3700000000.0,below_sector_K,8,8,consumer,128.0
2023-07-01,1642545,"Shockwave Medical, Inc.",3841.0,767,3700000000.0,below_sector_K,8,8,healthcare,88.0
2023-07-01,1576263,"Mirati Therapeutics, Inc.",2834.0,782,3700000000.0,below_sector_K,8,8,healthcare,89.0
2023-07-01,1516513,"Doximity, Inc.",7371.0,708,3630000000.0,below_sector_K,8,8,tech,110.0
2023-07-01,895126,EXPAND ENERGY Corp,1311.0,769,3600000000.0,below_sector_K,8,8,energy,31.0
2023-07-01,1766502,"Chewy, Inc.",5961.0,784,3600000000.0,below_sector_K,8,8,consumer,129.0
2023-07-01,1206264,SOMNIGROUP INTERNATIONAL INC.,2510.0,775,3565264061.0,below_sector_K,8,8,consumer,130.0
2023-07-01,949870,BOSTON BEER CO INC,2082.0,669,3232820000.0,below_sector_K,8,8,consumer,131.0
2023-07-01,1704292,Zai Lab Ltd,2834.0,478,3200000000.0,below_sector_K,8,8,healthcare,90.0
2023-07-01,1645113,NovoCure Ltd,3841.0,677,2830918480.0,below_sector_K,8,8,healthcare,91.0
2023-07-01,1604821,"Natera, Inc.",8071.0,684,2570000000.0,below_sector_K,8,8,healthcare,92.0
2023-07-01,1674101,Vertiv Holdings Co,3679.0,760,2562094706.0,below_sector_K,8,8,tech,111.0
2023-07-01,885590,Bausch Health Companies Inc.,2834.0,720,2507122217.0,below_sector_K,8,8,healthcare,93.0
2023-07-01,1111928,IPG PHOTONICS CORP,3674.0,768,2400000000.0,below_sector_K,8,8,tech,112.0
2023-07-01,1364954,"CHEGG, INC",8200.0,600,2323943645.0,below_sector_K,8,8,consumer,132.0
2023-07-01,1690820,CARVANA CO.,5500.0,360,2200000000.0,below_sector_K,8,8,consumer,133.0
2023-07-01,1702780,"Optimum Communications, Inc.",4841.0,773,2021264916.0,below_sector_K,8,8,consumer,134.0
2023-07-01,1655210,"BEYOND MEAT, INC.",2000.0,701,1600000000.0,below_sector_K,8,8,consumer,135.0
2023-07-01,1837686,"Vimeo, Inc.",7370.0,796,912000000.0,below_sector_K,8,8,tech,113.0
2024-07-01,1815753,Thunder Bridge Capital Partners III Inc.,6770.0,17,404172000000.0,non_operating_sic_6770,6,6,,
2024-07-01,909832,COSTCO WHOLESALE CORP /NEW,5331.0,21,221351787419.0,ineligible_filing_history,6,8,,
2024-07-01,1467373,Accenture plc,7389.0,31,,no_pit_valid_float,6,8,,
2024-07-01,97745,THERMO FISHER SCIENTIFIC INC.,3829.0,35,201176616000.0,sector_excluded_sic_3829,8,8,,
2024-07-01,732712,VERIZON COMMUNICATIONS INC,4813.0,36,156300000000.0,sector_excluded_sic_4813,8,8,,
2024-07-01,1707925,LINDE PLC,2810.0,38,186000000000.0,sector_excluded_sic_2810,8,8,,
2024-07-01,40545,GENERAL ELECTRIC CO,3600.0,47,,no_pit_valid_float,8,8,,
2024-07-01,796343,ADOBE INC.,7372.0,50,165530000000.0,ineligible_filing_history,6,8,,
2024-07-01,4962,AMERICAN EXPRESS CO,6199.0,51,128100000000.0,non_operating_sic_6199,8,8,,
2024-07-01,313616,DANAHER CORP /DE/,3823.0,53,158100000000.0,sector_excluded_sic_3823,8,8,,
2024-07-01,753308,NEXTERA ENERGY INC,4911.0,57,150048196735.0,sector_excluded_sic_4911,8,8,,
2024-07-01,732717,AT&T INC.,4813.0,60,114000000000.0,sector_excluded_sic_4813,8,8,,
2024-07-01,101829,RTX Corp,3724.0,63,142484650285.0,sector_excluded_sic_3724,8,8,,
2024-07-01,1594805,SHOPIFY INC.,7372.0,65,,no_pit_valid_float,0,0,,
2024-07-01,773840,HONEYWELL INTERNATIONAL INC,3724.0,66,137800000000.0,sector_excluded_sic_3724,8,8,,
2024-07-01,100885,UNION PACIFIC CORP,4011.0,67,123000000000.0,sector_excluded_sic_4011,8,8,,
2024-07-01,1090727,UNITED PARCEL SERVICE INC,4210.0,69,129730366499.0,sector_excluded_sic_4210,8,8,,
2024-07-01,1075531,Booking Holdings Inc.,4700.0,70,97200000000.0,sector_excluded_sic_4700,8,8,,
2024-07-01,64040,S&P Global Inc.,7320.0,73,127500000000.0,sector_excluded_sic_7320,8,8,,
2024-07-01,12927,BOEING CO,3721.0,74,127300000000.0,sector_excluded_sic_3721,8,8,,
2024-07-01,18230,CATERPILLAR INC,3531.0,75,125000000000.0,sector_excluded_sic_3531,8,8,,
2024-07-01,1551182,Eaton Corp plc,3590.0,76,80200000000.0,sector_excluded_sic_3590,8,8,,
2024-07-01,1053507,AMERICAN TOWER CORP /MA/,6798.0,83,90200000000.0,sector_excluded_sic_6798,8,8,,
2024-07-01,2012383,"BlackRock, Inc.",6211.0,84,,no_pit_valid_float,0,0,,
2024-07-01,315189,DEERE & CO,3523.0,88,110752079592.0,sector_excluded_sic_3523,8,8,,
2024-07-01,936468,LOCKHEED MARTIN CORP,3760.0,89,115200000000.0,sector_excluded_sic_3760,8,8,,
2024-07-01,1045609,"Prologis, Inc.",6798.0,92,112988239238.0,sector_excluded_sic_6798,8,8,,
2024-07-01,109198,TJX COMPANIES INC /DE/,5651.0,98,99000000000.0,ineligible_filing_history,7,8,,
2024-07-01,1283699,"T-Mobile US, Inc.",4812.0,103,73200000000.0,sector_excluded_sic_4812,8,8,,
2024-07-01,823768,WASTE MANAGEMENT INC,4953.0,106,70100000000.0,sector_excluded_sic_4953,8,8,,
2024-07-01,92122,SOUTHERN CO,4911.0,107,76600000000.0,sector_excluded_sic_4911,8,8,,
2024-07-01,723125,MICRON TECHNOLOGY INC,3674.0,110,47900000000.0,ineligible_filing_history,7,9,,
2024-07-01,319201,KLA CORP,3827.0,116,52140000000.0,sector_excluded_sic_3827,8,8,,
2024-07-01,1059556,MOODYS CORP /DE/,7320.0,119,64000000000.0,sector_excluded_sic_7320,8,8,,
2024-07-01,6281,ANALOG DEVICES INC,3674.0,120,,no_pit_valid_float,8,8,,
2024-07-01,16875,CANADIAN PACIFIC KANSAS CITY LTD/CN,4011.0,122,75204483138.0,sector_excluded_sic_4011,8,8,,
2024-07-01,49826,ILLINOIS TOOL WORKS INC,3560.0,123,75100000000.0,sector_excluded_sic_3560,8,8,,
2024-07-01,1466258,Trane Technologies plc,3822.0,126,43600000000.0,sector_excluded_sic_3822,8,8,,
2024-07-01,1133421,NORTHROP GRUMMAN CORP /DE/,3812.0,127,68900000000.0,sector_excluded_sic_3812,8,8,,
2024-07-01,1101239,EQUINIX INC,6798.0,130,73000000000.0,sector_excluded_sic_6798,8,8,,
2024-07-01,1051470,CROWN CASTLE INC.,6798.0,131,49200000000.0,sector_excluded_sic_6798,8,8,,
2024-07-01,40533,GENERAL DYNAMICS CORP,3730.0,135,55582452531.0,sector_excluded_sic_3730,8,8,,
2024-07-01,831259,FREEPORT-MCMORAN INC,1000.0,139,57100000000.0,sector_excluded_sic_1000,8,8,,
2024-07-01,277948,CSX CORP,4011.0,142,,no_pit_valid_float,8,8,,
2024-07-01,1260221,TransDigm Group INC,3728.0,144,39444381187.0,sector_excluded_sic_3728,8,8,,
2024-07-01,715957,"DOMINION ENERGY, INC",4911.0,147,43300000000.0,sector_excluded_sic_4911,8,8,,
2024-07-01,1559720,"Airbnb, Inc.",7340.0,148,52800000000.0,sector_excluded_sic_7340,8,8,,
2024-07-01,32604,EMERSON ELECTRIC CO,3600.0,149,49600000000.0,sector_excluded_sic_3600,8,8,,
2024-07-01,2969,"Air Products & Chemicals, Inc.",2810.0,151,63600000000.0,sector_excluded_sic_2810,8,8,,
2024-07-01,766704,WELLTOWER INC.,6798.0,152,41131361000.0,sector_excluded_sic_6798,8,8,,
2024-07-01,1868275,Constellation Energy Corp,4911.0,154,29396464132.0,sector_excluded_sic_4911,8,8,,
2024-07-01,1060391,"REPUBLIC SERVICES, INC.",4953.0,156,48400000000.0,sector_excluded_sic_4953,8,8,,
2024-07-01,718877,"Activision Blizzard, Inc.",7372.0,157,60436471136.0,ineligible_filing_history,5,5,,
2024-07-01,882835,ROPER TECHNOLOGIES INC,3823.0,158,51100000000.0,sector_excluded_sic_3823,8,8,,
2024-07-01,1048911,FEDEX CORP,4513.0,159,42400000000.0,sector_excluded_sic_4513,6,8,,
2024-07-01,76334,Parker-Hannifin Corp,3490.0,166,37131474472.0,sector_excluded_sic_3490,8,8,,
2024-07-01,723254,CINTAS CORP,2320.0,173,,no_pit_valid_float,8,8,,
2024-07-01,702165,NORFOLK SOUTHERN CORP,4011.0,178,51455298277.0,sector_excluded_sic_4011,8,8,,
2024-07-01,882184,HORTON D R INC /DE/,1531.0,179,32900000000.0,sector_excluded_sic_1531,8,8,,
2024-07-01,1783180,CARRIER GLOBAL Corp,3585.0,181,41600000000.0,sector_excluded_sic_3585,8,8,,
2024-07-01,849395,CRH PUBLIC LTD CO,3241.0,187,40589313781.0,sector_excluded_sic_3241,2,2,,
2024-07-01,1297996,"DIGITAL REALTY TRUST, INC.",6798.0,192,34000000000.0,sector_excluded_sic_6798,8,8,,
2024-07-01,4904,AMERICAN ELECTRIC POWER CO INC,4911.0,196,44304742057.0,sector_excluded_sic_4911,8,8,,
2024-07-01,1063761,SIMON PROPERTY GROUP INC.,6798.0,199,37467000000.0,sector_excluded_sic_6798,8,8,,
2024-07-01,1164727,NEWMONT Corp /DE/,1040.0,203,33878942644.0,sector_excluded_sic_1040,8,8,,
2024-07-01,1032208,SEMPRA,4932.0,204,45800000000.0,sector_excluded_sic_4932,8,8,,
2024-07-01,1996810,GE Vernova Inc.,3600.0,207,,no_pit_valid_float,1,1,,
2024-07-01,1393311,Public Storage,6798.0,208,,no_pit_valid_float,8,8,,
2024-07-01,769397,"Autodesk, Inc.",7372.0,209,45300000000.0,ineligible_filing_history,7,8,,
2024-07-01,55785,KIMBERLY CLARK CORP,2670.0,210,46700000000.0,sector_excluded_sic_2670,8,8,,
2024-07-01,202058,"L3HARRIS TECHNOLOGIES, INC. /DE/",3812.0,211,37362290944.0,sector_excluded_sic_3812,8,8,,
2024-07-01,866787,AUTOZONE INC,5531.0,212,46248303523.0,ineligible_filing_history,6,8,,
2024-07-01,726728,REALTY INCOME CORP,6798.0,214,42300000000.0,sector_excluded_sic_6798,8,8,,
2024-07-01,1004980,PG&E Corp,4931.0,215,,no_pit_valid_float,8,8,,
2024-07-01,833444,Johnson Controls International plc,3585.0,216,41200000000.0,sector_excluded_sic_3585,8,8,,
2024-07-01,1318220,"Waste Connections, Inc.",4953.0,217,36709829221.0,sector_excluded_sic_4953,8,8,,
2024-07-01,1679788,"Coinbase Global, Inc.",6199.0,218,12000000000.0,non_operating_sic_6199,8,8,,
2024-07-01,1385157,TE Connectivity plc,5065.0,219,41300000000.0,sector_excluded_sic_5065,8,8,,
2024-07-01,1109357,EXELON CORP,4931.0,220,40536144047.0,sector_excluded_sic_4931,8,8,,
2024-07-01,16918,"CONSTELLATION BRANDS, INC.",2080.0,227,42000000000.0,ineligible_filing_history,6,7,,
2024-07-01,73309,NUCOR CORP,3312.0,239,40560000000.0,sector_excluded_sic_3312,8,8,,
2024-07-01,277135,"W.W. GRAINGER, INC.",5000.0,240,35235880897.0,sector_excluded_sic_5000,8,8,,
2024-07-01,920760,LENNAR CORP /NEW/,1520.0,241,27813041884.0,sector_excluded_sic_1520,7,9,,
2024-07-01,3570,"Cheniere Energy, Inc.",4924.0,242,36500000000.0,sector_excluded_sic_4924,8,8,,
2024-07-01,72903,XCEL ENERGY INC,4931.0,247,34278999603.0,sector_excluded_sic_4931,8,8,,
2024-07-01,1037868,AMETEK INC/,3823.0,248,37300000000.0,sector_excluded_sic_3823,8,8,,
2024-07-01,1781335,Otis Worldwide Corp,3600.0,249,36614205287.0,sector_excluded_sic_3600,8,8,,
2024-07-01,745732,"ROSS STORES, INC.",5651.0,254,38089466770.0,ineligible_filing_history,7,8,,
2024-07-01,2011641,Ferguson Enterprises Inc. /DE/,5070.0,255,,no_pit_valid_float,0,0,,
2024-07-01,26172,CUMMINS INC,3510.0,256,34700000000.0,sector_excluded_sic_3510,8,8,,
2024-07-01,884887,ROYAL CARIBBEAN CRUISES LTD,4400.0,258,24400000000.0,sector_excluded_sic_4400,8,8,,
2024-07-01,1067701,"UNITED RENTALS, INC.",7359.0,259,26700000000.0,sector_excluded_sic_7359,8,8,,
2024-07-01,1751788,DOW INC.,2821.0,261,37400000000.0,sector_excluded_sic_2821,8,8,,
2024-07-01,1650372,Atlassian Corp,7372.0,262,19100000000.0,ineligible_filing_history,7,7,,
2024-07-01,1050915,"QUANTA SERVICES, INC.",1731.0,263,28200000000.0,sector_excluded_sic_1731,8,8,,
2024-07-01,788784,PUBLIC SERVICE ENTERPRISE GROUP INC,4931.0,266,31072400281.0,sector_excluded_sic_4931,8,8,,
2024-07-01,1699150,Ingersoll Rand Inc.,3560.0,267,26400000000.0,sector_excluded_sic_3560,8,8,,
2024-07-01,878927,"OLD DOMINION FREIGHT LINE, INC.",4213.0,274,35352739253.0,sector_excluded_sic_4213,8,8,,
2024-07-01,56873,KROGER CO,5411.0,275,35300000000.0,ineligible_filing_history,7,8,,
2024-07-01,1701605,Baker Hughes Co,3533.0,277,31860362416.0,sector_excluded_sic_3533,8,8,,
2024-07-01,79879,PPG INDUSTRIES INC,2851.0,278,34856000000.0,sector_excluded_sic_2851,8,8,,
2024-07-01,1944048,Kenvue Inc.,2844.0,279,5300000000.0,ineligible_filing_history,5,5,,
2024-07-01,1034054,SBA COMMUNICATIONS CORP,6798.0,282,24900000000.0,sector_excluded_sic_6798,8,8,,
2024-07-01,1666700,"DuPont de Nemours, Inc.",2821.0,283,33000000000.0,sector_excluded_sic_2821,8,8,,
2024-07-01,1024478,"ROCKWELL AUTOMATION, INC",3829.0,284,33700000000.0,sector_excluded_sic_3829,8,8,,
2024-07-01,1047862,CONSOLIDATED EDISON INC,4931.0,285,31200000000.0,sector_excluded_sic_4931,8,8,,
2024-07-01,749251,GARTNER INC,8741.0,286,26800000000.0,sector_excluded_sic_8741,8,8,,
2024-07-01,24741,CORNING INC /NY,3357.0,287,30000000000.0,sector_excluded_sic_3357,8,8,,
2024-07-01,1932393,GE HealthCare Technologies Inc.,3844.0,288,32000000000.0,ineligible_filing_history,6,6,,
2024-07-01,1524472,Xylem Inc.,3561.0,289,26900000000.0,sector_excluded_sic_3561,8,8,,
2024-07-01,1396009,Vulcan Materials CO,1400.0,290,29892023372.0,sector_excluded_sic_1400,8,8,,
2024-07-01,1289490,Extra Space Storage Inc.,6798.0,291,19343600223.0,sector_excluded_sic_6798,8,8,,
2024-07-01,1635327,Flutter Entertainment plc,7370.0,293,,no_pit_valid_float,2,2,,
2024-07-01,723531,PAYCHEX INC,8700.0,294,31621134084.0,sector_excluded_sic_8700,6,8,,
2024-07-01,783325,"WEC ENERGY GROUP, INC.",4931.0,297,27800000000.0,sector_excluded_sic_4931,8,8,,
2024-07-01,1705696,VICI PROPERTIES INC.,6798.0,298,31600000000.0,sector_excluded_sic_6798,8,8,,
2024-07-01,4281,Howmet Aerospace Inc.,3350.0,302,20000000000.0,sector_excluded_sic_3350,8,8,,
2024-07-01,27904,"DELTA AIR LINES, INC.",4512.0,305,30400000000.0,sector_excluded_sic_4512,8,8,,
2024-07-01,51253,INTERNATIONAL FLAVORS & FRAGRANCES INC,2860.0,306,20313097570.0,sector_excluded_sic_2860,8,8,,
2024-07-01,33185,EQUIFAX INC,7320.0,310,28876038118.0,sector_excluded_sic_7320,8,8,,
2024-07-01,915912,AVALONBAY COMMUNITIES INC,6798.0,314,26794136352.0,sector_excluded_sic_6798,8,8,,
2024-07-01,1692819,Vistra Corp.,4911.0,316,9654651880.0,sector_excluded_sic_4911,8,8,,
2024-07-01,1832433,Ferguson (Jersey) Ltd,5070.0,317,29332352096.0,sector_excluded_sic_5070,8,8,,
2024-07-01,72741,EVERSOURCE ENERGY,4911.0,318,24734207777.0,sector_excluded_sic_4911,8,8,,
2024-07-01,916076,MARTIN MARIETTA MATERIALS INC,1400.0,320,25108651455.0,sector_excluded_sic_1400,8,8,,
2024-07-01,827052,EDISON INTERNATIONAL,4911.0,326,26600000000.0,sector_excluded_sic_4911,8,8,,
2024-07-01,1138118,"CBRE GROUP, INC.",6500.0,327,24200000000.0,sector_excluded_sic_6500,8,8,,
2024-07-01,906107,VIVMARK RESIDENTIAL,6798.0,328,25000000000.0,sector_excluded_sic_6798,8,8,,
2024-07-01,1659166,Fortive Corp,3823.0,334,26300000000.0,sector_excluded_sic_3823,8,8,,
2024-07-01,915913,ALBEMARLE CORP,2821.0,335,26200000000.0,sector_excluded_sic_2821,8,8,,
2024-07-01,1020569,IRON MOUNTAIN INC,6798.0,337,,no_pit_valid_float,8,8,,
2024-07-01,1410636,"American Water Works Company, Inc.",4941.0,338,24527200000.0,sector_excluded_sic_4941,8,8,,
2024-07-01,1618921,"Walgreens Boots Alliance, Inc.",5912.0,339,25400000000.0,ineligible_filing_history,6,8,,
2024-07-01,1121788,GARMIN LTD,3812.0,341,15973000000.0,sector_excluded_sic_3812,8,8,,
2024-07-01,922224,PPL Corp,4911.0,344,19503292411.0,sector_excluded_sic_4911,8,8,,
2024-07-01,1489393,LyondellBasell Industries N.V.,2860.0,345,23600000000.0,sector_excluded_sic_2860,8,8,,
2024-07-01,29905,DOVER Corp,3530.0,346,20558274097.0,sector_excluded_sic_3530,8,8,,
2024-07-01,36270,M&T BANK CORP,6022.0,349,,no_pit_valid_float,8,8,,
2024-07-01,1124610,VMWARE LLC,7372.0,350,24500000000.0,ineligible_filing_history,5,5,,
2024-07-01,943452,WESTINGHOUSE AIR BRAKE TECHNOLOGIES CORP,3743.0,352,19400000000.0,sector_excluded_sic_3743,8,8,,
2024-07-01,106535,WEYERHAEUSER CO,6798.0,353,24400000000.0,sector_excluded_sic_6798,8,8,,
2024-07-01,936340,DTE ENERGY CO,4911.0,354,22600000000.0,sector_excluded_sic_4911,8,8,,
2024-07-01,1060736,Seagen Inc.,2836.0,355,24200000000.0,ineligible_filing_history,6,6,,
2024-07-01,97210,"TERADYNE, INC",3825.0,358,11000000000.0,sector_excluded_sic_3825,8,8,,
2024-07-01,63754,MCCORMICK & CO INC,2090.0,360,23764539252.0,ineligible_filing_history,6,8,,
2024-07-01,1967680,Veralto Corp,3825.0,364,21200000000.0,sector_excluded_sic_3825,3,3,,
2024-07-01,1035443,"ALEXANDRIA REAL ESTATE EQUITIES, INC.",6798.0,366,19500000000.0,sector_excluded_sic_6798,8,8,,
2024-07-01,1050446,Strategy Inc,6199.0,368,4133000000.0,non_operating_sic_6199,8,8,,
2024-07-01,719739,SVB FINANCIAL GROUP,6022.0,371,23336532366.0,ineligible_filing_history,3,3,,
2024-07-01,46619,HEICO CORP,3724.0,372,18669602000.0,sector_excluded_sic_3724,8,8,,
2024-07-01,1002910,AMEREN CORP,4931.0,373,21380504079.0,sector_excluded_sic_4931,8,8,,
2024-07-01,1339688,LION COPPER & GOLD CORP.,1000.0,374,20158625000.0,sector_excluded_sic_1000,5,6,,
2024-07-01,65984,ENTERGY CORP /DE/,4911.0,376,20600000000.0,sector_excluded_sic_4911,8,8,,
2024-07-01,822416,PULTEGROUP INC/MI/,1531.0,377,17000000000.0,sector_excluded_sic_1531,8,8,,
2024-07-01,906163,NVR INC,1531.0,379,19859813000.0,sector_excluded_sic_1531,8,8,,
2024-07-01,1031296,FIRSTENERGY CORP,4911.0,381,22261707443.0,sector_excluded_sic_4911,8,8,,
2024-07-01,1687229,Invitation Homes Inc.,6510.0,383,21100000000.0,sector_excluded_sic_6510,8,8,,
2024-07-01,1069183,"AXON ENTERPRISE, INC.",3480.0,384,14300000000.0,sector_excluded_sic_3480,8,8,,
2024-07-01,9389,BALL Corp,3411.0,387,18330000000.0,sector_excluded_sic_3411,8,8,,
2024-07-01,92380,SOUTHWEST AIRLINES CO,4512.0,389,21499447826.0,sector_excluded_sic_4512,8,8,,
2024-07-01,740260,"Ventas, Inc.",6798.0,394,18900000000.0,sector_excluded_sic_6798,8,8,,
2024-07-01,1601046,"Keysight Technologies, Inc.",3823.0,402,20000000000.0,sector_excluded_sic_3823,8,8,,
2024-07-01,1130310,CENTERPOINT ENERGY INC,4911.0,405,18251183835.0,sector_excluded_sic_4911,8,8,,
2024-07-01,811156,CMS ENERGY CORP,4931.0,409,17063000000.0,sector_excluded_sic_4931,8,8,,
2024-07-01,1980994,iShares Bitcoin Trust ETF,6221.0,412,,no_pit_valid_float,2,2,,
2024-07-01,40987,GENUINE PARTS CO,5013.0,413,19300000000.0,sector_excluded_sic_5013,8,8,,
2024-07-01,912593,SUN COMMUNITIES INC,6798.0,415,15934604486.0,sector_excluded_sic_6798,8,8,,
2024-07-01,1094285,TELEDYNE TECHNOLOGIES INC,3812.0,416,18900000000.0,sector_excluded_sic_3812,8,8,,
2024-07-01,1601712,Synchrony Financial,6199.0,421,14182270780.0,non_operating_sic_6199,8,8,,
2024-07-01,940944,DARDEN RESTAURANTS INC,5812.0,422,18011600000.0,ineligible_filing_history,7,8,,
2024-07-01,1492426,Horizon Therapeutics Public Ltd Co,2834.0,428,18300000000.0,ineligible_filing_history,5,5,,
2024-07-01,1286681,DOMINOS PIZZA INC,5140.0,429,,no_pit_valid_float,8,8,,
2024-07-01,1175454,"CORPAY, INC.",7389.0,431,,no_pit_valid_float,8,8,,
2024-07-01,100517,"United Airlines Holdings, Inc.",4512.0,433,17900000000.0,sector_excluded_sic_4512,8,8,,
2024-07-01,731802,ATMOS ENERGY CORP,4924.0,434,16116913880.0,sector_excluded_sic_4924,8,8,,
2024-07-01,52988,JACOBS SOLUTIONS INC.,1600.0,435,14600000000.0,sector_excluded_sic_1600,8,8,,
2024-07-01,746515,EXPEDITORS INTERNATIONAL OF WASHINGTON INC,4731.0,438,17717749906.0,sector_excluded_sic_4731,8,8,,
2024-07-01,21076,CLOROX CO /DE/,2842.0,439,17300000000.0,sector_excluded_sic_2842,8,8,,
2024-07-01,8818,Avery Dennison Corp,2670.0,444,13700000000.0,sector_excluded_sic_2670,8,8,,
2024-07-01,920522,"ESSEX PROPERTY TRUST, INC.",6798.0,447,14926731683.0,sector_excluded_sic_6798,8,8,,
2024-07-01,1324404,"CF Industries Holdings, Inc.",2870.0,448,13335083067.0,sector_excluded_sic_2870,8,8,,
2024-07-01,1069202,LENNOX INTERNATIONAL INC,3585.0,451,11600000000.0,sector_excluded_sic_3585,8,8,,
2024-07-01,1095073,"EVEREST GROUP, LTD.",6331.0,458,,no_pit_valid_float,8,8,,
2024-07-01,105016,WATSCO INC,5070.0,462,12929000000.0,sector_excluded_sic_5070,8,8,,
2024-07-01,832101,IDEX CORP /DE/,3561.0,463,16267670265.0,sector_excluded_sic_3561,8,8,,
2024-07-01,217346,TEXTRON INC,3720.0,467,13300000000.0,sector_excluded_sic_3720,8,8,,
2024-07-01,1937926,Brookfield Asset Management Ltd.,6282.0,468,,no_pit_valid_float,0,0,,
2024-07-01,1025378,W. P. Carey Inc.,6798.0,469,14400000000.0,sector_excluded_sic_6798,8,8,,
2024-07-01,93556,"STANLEY BLACK & DECKER, INC.",3420.0,470,14400000000.0,sector_excluded_sic_3420,8,8,,
2024-07-01,877212,ZEBRA TECHNOLOGIES CORP,3560.0,473,15000000000.0,sector_excluded_sic_3560,8,8,,
2024-07-01,861884,"RELIANCE, INC.",5051.0,474,15790000000.0,sector_excluded_sic_5051,8,8,,
2024-07-01,1324424,"Expedia Group, Inc.",4700.0,477,15117457000.0,sector_excluded_sic_4700,8,8,,
2024-07-01,815097,Carnival Corp Ltd.,4400.0,479,11200000000.0,sector_excluded_sic_4400,6,8,,
2024-07-01,1065696,LKQ CORP,5010.0,480,15500000000.0,sector_excluded_sic_5010,8,8,,
2024-07-01,1552033,TransUnion,7320.0,483,15100000000.0,sector_excluded_sic_7320,8,8,,
2024-07-01,898293,JABIL INC,3672.0,484,9600000000.0,ineligible_filing_history,7,8,,
2024-07-01,1370946,Owens Corning,3290.0,485,11723204804.0,sector_excluded_sic_3290,8,8,,
2024-07-01,51434,INTERNATIONAL PAPER CO /NEW/,2621.0,487,10960397116.0,sector_excluded_sic_2621,8,8,,
2024-07-01,1996862,Bunge Global SA,2070.0,488,14134000000.0,ineligible_filing_history,2,2,,
2024-07-01,91440,Snap-on Inc,3420.0,489,15000000000.0,sector_excluded_sic_3420,8,8,,
2024-07-01,728535,HUNT J B TRANSPORT SERVICES INC,4213.0,490,15000000000.0,sector_excluded_sic_4213,8,8,,
2024-07-01,1285785,MOSAIC CO,2870.0,493,11600000000.0,sector_excluded_sic_2870,8,8,,
2024-07-01,1022671,STEEL DYNAMICS INC,3312.0,494,12100000000.0,sector_excluded_sic_3312,8,8,,
2024-07-01,1711269,"Evergy, Inc.",4931.0,496,13251118253.0,sector_excluded_sic_4931,8,8,,
2024-07-01,352541,ALLIANT ENERGY CORP,4931.0,497,13200000000.0,sector_excluded_sic_4931,8,8,,
2024-07-01,1306830,Celanese Corp,2820.0,499,12564643206.0,sector_excluded_sic_2820,8,8,,
2024-07-01,62996,MASCO CORP /DE/,3430.0,500,12869087500.0,sector_excluded_sic_3430,8,8,,
2024-07-01,864749,TRIMBLE INC.,3829.0,504,13100000000.0,sector_excluded_sic_3829,7,7,,
2024-07-01,906345,CAMDEN PROPERTY TRUST,6798.0,505,11576082431.0,sector_excluded_sic_6798,8,8,,
2024-07-01,42888,GRACO INC,3561.0,506,14591862608.0,sector_excluded_sic_3561,8,8,,
2024-07-01,1443646,Booz Allen Hamilton Holding Corp,8742.0,507,14260987781.0,sector_excluded_sic_8742,8,8,,
2024-07-01,945841,POOL CORP,5090.0,508,14212954827.0,sector_excluded_sic_5090,8,8,,
2024-07-01,874761,AES CORP,4991.0,512,13880000000.0,sector_excluded_sic_4991,8,8,,
2024-07-01,912595,MID AMERICA APARTMENT COMMUNITIES INC.,6798.0,513,10700000000.0,sector_excluded_sic_6798,8,8,,
2024-07-01,1170010,CARMAX INC,5500.0,514,12959000271.0,ineligible_filing_history,6,8,,
2024-07-01,1037540,"BXP, Inc.",6798.0,515,9012722469.0,sector_excluded_sic_6798,8,8,,
2024-07-01,1567094,CNH Industrial N.V.,3531.0,516,13900000000.0,sector_excluded_sic_3531,7,7,,
2024-07-01,1618732,"Nutanix, Inc.",7372.0,518,6500000000.0,ineligible_filing_history,7,8,,
2024-07-01,1144519,BUNGELTD,2070.0,519,13611000000.0,ineligible_filing_history,6,6,,
2024-07-01,37785,FMC CORP,2800.0,523,12949980232.0,sector_excluded_sic_2800,8,8,,
2024-07-01,868857,AECOM,8711.0,527,11700000000.0,sector_excluded_sic_8711,8,8,,
2024-07-01,110621,RPM INTERNATIONAL INC/DE/,2851.0,529,13209706497.0,sector_excluded_sic_2851,8,8,,
2024-07-01,1353283,SPLUNK INC,7372.0,532,13100000000.0,ineligible_filing_history,6,6,,
2024-07-01,1287750,ARES CAPITAL CORP,,535,10407974589.0,sector_excluded_sic_None,8,8,,
2024-07-01,1111711,NISOURCE INC.,4931.0,536,11285281624.0,sector_excluded_sic_4931,8,8,,
2024-07-01,1474735,GENERAC HOLDINGS INC.,3621.0,537,9000000000.0,sector_excluded_sic_3621,8,8,,
2024-07-01,879101,KIMCO REALTY CORP,6798.0,544,12000000000.0,sector_excluded_sic_6798,8,8,,
2024-07-01,75677,PACKAGING CORP OF AMERICA,2650.0,548,11671075503.0,sector_excluded_sic_2650,8,8,,
2024-07-01,1043277,"C. H. ROBINSON WORLDWIDE, INC.",4731.0,550,10946231526.0,sector_excluded_sic_4731,8,8,,
2024-07-01,1177702,SAIA INC,4213.0,551,9085980151.0,sector_excluded_sic_4213,8,8,,
2024-07-01,1720635,nVent Electric plc,3550.0,552,8452601074.0,sector_excluded_sic_3550,8,8,,
2024-07-01,77360,PENTAIR plc,3550.0,554,10553275633.0,sector_excluded_sic_3550,8,8,,
2024-07-01,1070750,"HOST HOTELS & RESORTS, INC.",6798.0,556,11832497578.0,sector_excluded_sic_6798,8,8,,
2024-07-01,895417,EQUITY LIFESTYLE PROPERTIES INC,6798.0,562,12290100000.0,sector_excluded_sic_6798,8,8,,
2024-07-01,1013871,"NRG ENERGY, INC.",4911.0,563,6266747422.0,sector_excluded_sic_4911,8,8,,
2024-07-01,1575965,"Gaming & Leisure Properties, Inc.",6798.0,564,12200000000.0,sector_excluded_sic_6798,8,8,,
2024-07-01,794170,"Toll Brothers, Inc.",1531.0,565,6951238000.0,sector_excluded_sic_1531,8,8,,
2024-07-01,1732845,WestRock Co,2650.0,566,7769000000.0,sector_excluded_sic_2650,8,8,,
2024-07-01,1166003,"XPO, Inc.",4700.0,568,6700000000.0,sector_excluded_sic_4700,8,8,,
2024-07-01,78128,"Essential Utilities, Inc.",4941.0,570,10535546923.0,sector_excluded_sic_4941,8,8,,
2024-07-01,1562401,American Homes 4 Rent,6798.0,573,11200000000.0,sector_excluded_sic_6798,8,8,,
2024-07-01,765880,"HEALTHPEAK PROPERTIES, INC.",6798.0,575,9200000000.0,sector_excluded_sic_6798,8,8,,
2024-07-01,6201,American Airlines Group Inc.,4512.0,579,11700000000.0,sector_excluded_sic_4512,8,8,,
2024-07-01,1633931,"QXO Insulation, LLC",1700.0,580,8600000000.0,sector_excluded_sic_1700,8,8,,
2024-07-01,822818,CLEAN HARBORS INC,4955.0,584,8300000000.0,sector_excluded_sic_4955,8,8,,
2024-07-01,59527,LINCOLN ELECTRIC HOLDINGS INC,3540.0,592,11222091898.0,sector_excluded_sic_3540,8,8,,
2024-07-01,910606,REGENCY CENTERS CORP,6798.0,593,10500000000.0,sector_excluded_sic_6798,8,8,,
2024-07-01,18926,"Lumen Technologies, Inc.",4813.0,594,2300000000.0,sector_excluded_sic_4813,8,8,,
2024-07-01,1219601,"CROWN HOLDINGS, INC.",3411.0,596,10433317553.0,sector_excluded_sic_3411,8,8,,
2024-07-01,737758,TORO CO,3524.0,599,11000000000.0,sector_excluded_sic_3524,8,8,,
2024-07-01,1474432,"Everpure, Inc.",3572.0,600,11000000000.0,ineligible_filing_history,6,8,,
2024-07-01,1177394,TD SYNNEX CORP,5045.0,601,3998418143.0,sector_excluded_sic_5045,8,8,,
2024-07-01,1174922,WYNN RESORTS LTD,7011.0,602,,no_pit_valid_float,8,8,,
2024-07-01,1811074,Texas Pacific Land Corp,6792.0,603,7500000000.0,non_operating_sic_6792,8,8,,
2024-07-01,105634,"EMCOR Group, Inc.",1731.0,605,5900000000.0,sector_excluded_sic_1731,8,8,,
2024-07-01,1035983,COMFORT SYSTEMS USA INC,1731.0,609,5750000000.0,sector_excluded_sic_1731,8,8,,
2024-07-01,915389,EASTMAN CHEMICAL CO,2821.0,611,9763114627.0,sector_excluded_sic_2821,8,8,,
2024-07-01,1579241,Allegion plc,7381.0,614,10500000000.0,sector_excluded_sic_7381,8,8,,
2024-07-01,1571283,"Rexford Industrial Realty, Inc.",6798.0,616,10500000000.0,sector_excluded_sic_6798,8,8,,
2024-07-01,216228,ITT INC.,3561.0,617,7600000000.0,sector_excluded_sic_3561,8,8,,
2024-07-01,103379,V F CORP,2320.0,621,,no_pit_valid_float,8,8,,
2024-07-01,1590364,FTAI Aviation Ltd.,7350.0,622,3100000000.0,sector_excluded_sic_7350,8,9,,
2024-07-01,1713445,"Reddit, Inc.",7374.0,623,,no_pit_valid_float,1,1,,
2024-07-01,1090425,LAMAR ADVERTISING CO/NEW,6798.0,630,8541454206.0,sector_excluded_sic_6798,8,8,,
2024-07-01,82811,REGAL REXNORD CORP,3569.0,631,10200000000.0,sector_excluded_sic_3569,8,8,,
2024-07-01,1298675,CubeSmart,6798.0,633,10005900746.0,sector_excluded_sic_6798,8,8,,
2024-07-01,1126975,"Magellan Midstream Partners, L.P.",4610.0,643,9911874513.0,ineligible_filing_history,5,5,,
2024-07-01,1627014,"Black Knight, Inc.",7372.0,646,9847744920.0,ineligible_filing_history,6,6,,
2024-07-01,1043219,ANNALY CAPITAL MANAGEMENT INC,6798.0,649,9800000000.0,sector_excluded_sic_6798,8,8,,
2024-07-01,831641,TETRA TECH INC,8711.0,651,7700000000.0,sector_excluded_sic_8711,8,8,,
2024-07-01,1037976,JONES LANG LASALLE INC,6531.0,655,7382022432.0,sector_excluded_sic_6531,8,8,,
2024-07-01,1501585,"HUNTINGTON INGALLS INDUSTRIES, INC.",3730.0,656,9075000000.0,sector_excluded_sic_3730,8,8,,
2024-07-01,851205,COGNEX CORP,3823.0,657,9631957405.0,sector_excluded_sic_3823,8,8,,
2024-07-01,944314,"LIFE STORAGE, INC.",6798.0,664,9422359871.0,sector_excluded_sic_6798,4,4,,
2024-07-01,1001838,SOUTHERN COPPER CORP/,1000.0,668,6148000000.0,sector_excluded_sic_1000,8,8,,
2024-07-01,1647088,WillScot Holdings Corp,7350.0,669,9300000000.0,sector_excluded_sic_7350,8,8,,
2024-07-01,764622,PINNACLE WEST CAPITAL CORP,4911.0,673,9215155738.0,sector_excluded_sic_4911,8,8,,
2024-07-01,1513761,Norwegian Cruise Line Holdings Ltd.,4400.0,675,9200000000.0,sector_excluded_sic_4400,8,8,,
2024-07-01,26324,CURTISS WRIGHT CORP,3590.0,676,6200000000.0,sector_excluded_sic_3590,8,8,,
2024-07-01,1287865,MEDICAL PROPERTIES TRUST INC,6798.0,678,5500000000.0,sector_excluded_sic_6798,8,8,,
2024-07-01,929008,WESCO INTERNATIONAL INC,5063.0,682,9100000000.0,sector_excluded_sic_5063,8,8,,
2024-07-01,1964738,Solventum Corp,3841.0,683,,no_pit_valid_float,1,1,,
2024-07-01,1519751,"Fortune Brands Innovations, Inc.",2430.0,685,9095529175.0,sector_excluded_sic_2430,8,8,,
2024-07-01,1492691,Knight-Swift Transportation Holdings Inc.,4213.0,691,8829928560.0,sector_excluded_sic_4213,8,8,,
2024-07-01,1049502,MKS INC,3823.0,692,7227510869.0,sector_excluded_sic_3823,8,8,,
2024-07-01,888491,OMEGA HEALTHCARE INVESTORS INC,6798.0,693,7396024716.0,sector_excluded_sic_6798,8,8,,
2024-07-01,1357615,"KBR, INC.",1600.0,694,8700000000.0,sector_excluded_sic_1600,8,8,,
2024-07-01,1486957,"BWX Technologies, Inc.",3510.0,697,6500000000.0,sector_excluded_sic_3510,8,8,,
2024-07-01,1163302,UNITED STATES STEEL CORP,3312.0,701,5600000000.0,sector_excluded_sic_3312,8,8,,
2024-07-01,1796209,APi Group Corp,7340.0,702,4100000000.0,sector_excluded_sic_7340,8,8,,
2024-07-01,818479,DENTSPLY SIRONA Inc.,3843.0,704,8462931711.0,ineligible_filing_history,7,9,,
2024-07-01,34903,FEDERAL REALTY INVESTMENT TRUST,6798.0,708,7900000000.0,sector_excluded_sic_6798,8,8,,
2024-07-01,764065,CLEVELAND-CLIFFS INC.,1000.0,709,8390625983.0,sector_excluded_sic_1000,8,8,,
2024-07-01,1012100,SEALED AIR CORP/DE,2820.0,712,5738424861.0,sector_excluded_sic_2820,8,8,,
2024-07-01,880266,AGCO CORP /DE,3523.0,718,8200000000.0,sector_excluded_sic_3523,8,8,,
2024-07-01,1675149,Alcoa Corp,3334.0,719,6000000000.0,sector_excluded_sic_3334,8,8,,
2024-07-01,85535,ROYAL GOLD INC,6795.0,720,7500000000.0,non_operating_sic_6795,8,8,,
2024-07-01,49600,EASTGROUP PROPERTIES INC,6798.0,723,7753608598.0,sector_excluded_sic_6798,8,8,,
2024-07-01,1596783,"Catalent, Inc.",2834.0,725,,no_pit_valid_float,7,8,,
2024-07-01,315213,ROBERT HALF INC.,7363.0,731,7832359074.0,sector_excluded_sic_7363,8,8,,
2024-07-01,1069878,TREX CO INC,2400.0,736,7100000000.0,sector_excluded_sic_2400,8,8,,
2024-07-01,7536,"ARROW ELECTRONICS, INC.",5065.0,739,7954359469.0,sector_excluded_sic_5065,8,8,,
2024-07-01,1408075,GRAPHIC PACKAGING HOLDING CO,2650.0,742,7300000000.0,sector_excluded_sic_2650,8,8,,
2024-07-01,1681459,TechnipFMC plc,3533.0,743,5300000000.0,sector_excluded_sic_3533,8,8,,
2024-07-01,751364,"NNN REIT, INC.",6798.0,745,7736299000.0,sector_excluded_sic_6798,8,8,,
2024-07-01,29644,DONALDSON Co INC,3564.0,746,7523208549.0,sector_excluded_sic_3564,8,8,,
2024-07-01,1398659,Genpact LTD,8742.0,747,6775501200.0,sector_excluded_sic_8742,8,8,,
2024-07-01,1021635,OGE ENERGY CORP.,4911.0,748,7192319241.0,sector_excluded_sic_4911,8,8,,
2024-07-01,1144215,ACUITY INC. (DE),3640.0,754,4100000000.0,ineligible_filing_history,6,8,,
2024-07-01,884614,UGI CORP /PA/,4932.0,757,7252195251.0,sector_excluded_sic_4932,8,8,,
2024-07-01,1616862,Axalta Coating Systems Ltd.,2851.0,761,7253600000.0,sector_excluded_sic_2851,8,8,,
2024-07-01,1650729,"SiteOne Landscape Supply, Inc.",5040.0,762,7435730157.0,sector_excluded_sic_5040,8,8,,
2024-07-01,1021860,NOV Inc.,3533.0,763,6300000000.0,sector_excluded_sic_3533,8,8,,
2024-07-01,1818874,"SoFi Technologies, Inc.",6199.0,765,7400000000.0,non_operating_sic_6199,8,8,,
2024-07-01,1124198,FLUOR CORP,1600.0,767,4200000000.0,sector_excluded_sic_1600,8,8,,
2024-07-01,1610950,"Syneos Health, Inc.",8731.0,769,7342569400.0,ineligible_filing_history,5,5,,
2024-07-01,1852244,"GXO Logistics, Inc.",4700.0,774,7300000000.0,sector_excluded_sic_4700,8,8,,
2024-07-01,889331,LITTELFUSE INC /DE,3613.0,776,7244825467.0,sector_excluded_sic_3613,8,8,,
2024-07-01,1360604,Healthcare Realty Trust Inc,6798.0,783,7130838614.0,sector_excluded_sic_6798,8,8,,
2024-07-01,1889539,"Corebridge Financial, Inc.",6311.0,784,2790000000.0,ineligible_filing_history,7,7,,
2024-07-01,920371,"Simpson Manufacturing Co., Inc.",3420.0,785,5910175321.0,sector_excluded_sic_3420,8,8,,
2024-07-01,15615,MASTEC INC,1623.0,787,7100000000.0,sector_excluded_sic_1623,8,8,,
2024-07-01,1944013,Crane Co,3490.0,791,4287494667.0,sector_excluded_sic_3490,6,6,,
2024-07-01,921825,FIRST INDUSTRIAL REALTY TRUST INC,6798.0,799,6932800000.0,sector_excluded_sic_6798,8,8,,
2024-07-01,89800,SHERWIN WILLIAMS CO,5200.0,124,68095363926.0,below_sector_K,8,8,consumer,21.0
2024-07-01,21665,COLGATE PALMOLIVE CO,2844.0,115,63600000000.0,below_sector_K,8,8,consumer,22.0
2024-07-01,1571949,"Intercontinental Exchange, Inc.",6200.0,117,62800000000.0,below_sector_K,8,8,financials,21.0
2024-07-01,27419,TARGET CORP,5331.0,121,62198134569.0,below_sector_K,8,8,consumer,23.0
2024-07-01,860730,"HCA Healthcare, Inc.",8062.0,155,61126000000.0,below_sector_K,8,8,healthcare,21.0
2024-07-01,37996,FORD MOTOR CO,3711.0,160,59478802149.0,below_sector_K,8,8,consumer,24.0
2024-07-01,1222333,SPDR GOLD TRUST,6221.0,141,59048717000.0,below_sector_K,8,8,financials,22.0
2024-07-01,927653,MCKESSON CORP,5122.0,168,57800000000.0,below_sector_K,8,8,healthcare,22.0
2024-07-01,1001250,ESTEE LAUDER COMPANIES INC,2844.0,169,57000000000.0,below_sector_K,8,8,consumer,25.0
2024-07-01,1099800,Edwards Lifesciences Corp,3842.0,167,56849824065.0,below_sector_K,8,8,healthcare,23.0
2024-07-01,1835632,"Marvell Technology, Inc.",3674.0,175,55800186642.0,below_sector_K,8,8,tech,21.0
2024-07-01,865752,Monster Beverage Corp,2086.0,176,55372401420.0,below_sector_K,8,8,consumer,26.0
2024-07-01,66740,3M CO,3841.0,128,55200000000.0,below_sector_K,8,8,healthcare,24.0
2024-07-01,49071,HUMANA INC,6324.0,162,55096895366.0,below_sector_K,8,8,healthcare,25.0
2024-07-01,31462,ECOLAB INC.,2840.0,165,53175318295.0,below_sector_K,8,8,consumer,27.0
2024-07-01,1413447,NXP Semiconductors N.V.,3674.0,143,52900000000.0,below_sector_K,8,8,tech,22.0
2024-07-01,1467858,General Motors Co,3711.0,184,52900000000.0,below_sector_K,8,8,consumer,28.0
2024-07-01,36104,US BANCORP \DE\,6021.0,140,50600000000.0,below_sector_K,8,8,financials,23.0
2024-07-01,713676,"PNC FINANCIAL SERVICES GROUP, INC.",6021.0,150,50000000000.0,below_sector_K,8,8,financials,24.0
2024-07-01,1093557,DEXCOM INC,3841.0,195,49400000000.0,below_sector_K,8,8,healthcare,26.0
2024-07-01,1327811,"Workday, Inc.",7374.0,200,49000000000.0,below_sector_K,8,8,tech,23.0
2024-07-01,898173,O REILLY AUTOMOTIVE INC,5531.0,188,48266172701.0,below_sector_K,8,8,consumer,29.0
2024-07-01,1327567,Palo Alto Networks Inc,3577.0,93,47351509692.0,below_sector_K,8,8,tech,24.0
2024-07-01,1099590,MERCADOLIBRE INC,7389.0,118,47211780483.0,below_sector_K,8,8,financials,25.0
2024-07-01,1058090,CHIPOTLE MEXICAN GRILL INC,5812.0,132,46885000000.0,below_sector_K,8,8,consumer,30.0
2024-07-01,883241,SYNOPSYS INC,7372.0,145,46400000000.0,below_sector_K,8,8,tech,25.0
2024-07-01,707549,LAM RESEARCH CORP,3559.0,109,46244310674.0,below_sector_K,8,8,tech,26.0
2024-07-01,1048286,MARRIOTT INTERNATIONAL INC /MD/,7011.0,171,45768892728.0,below_sector_K,8,8,consumer,31.0
2024-07-01,820313,AMPHENOL CORP /DE/,3678.0,136,44189000000.0,below_sector_K,8,8,tech,27.0
2024-07-01,68505,"Motorola Solutions, Inc.",3663.0,172,43000000000.0,below_sector_K,8,8,tech,28.0
2024-07-01,75362,PACCAR INC,3711.0,183,42960000000.0,below_sector_K,8,8,consumer,32.0
2024-07-01,1099219,METLIFE INC,6311.0,191,42800000000.0,below_sector_K,8,8,financials,26.0
2024-07-01,827054,MICROCHIP TECHNOLOGY INC,3674.0,232,41400000000.0,below_sector_K,8,8,tech,29.0
2024-07-01,874716,IDEXX LABORATORIES INC /DE,2835.0,233,41325387624.0,below_sector_K,8,8,healthcare,27.0
2024-07-01,4977,AFLAC INC,6321.0,194,41323668872.0,below_sector_K,8,8,financials,27.0
2024-07-01,927628,CAPITAL ONE FINANCIAL CORP,6021.0,185,41300000000.0,below_sector_K,8,8,financials,28.0
2024-07-01,875045,BIOGEN INC.,2836.0,234,41190868800.0,below_sector_K,8,8,healthcare,28.0
2024-07-01,1397187,lululemon athletica inc.,2300.0,236,40905000000.0,below_sector_K,8,8,consumer,33.0
2024-07-01,1596532,"Arista Networks, Inc.",3576.0,101,40800000000.0,below_sector_K,8,8,tech,30.0
2024-07-01,1478242,IQVIA HOLDINGS INC.,8731.0,237,40800000000.0,below_sector_K,8,8,healthcare,29.0
2024-07-01,1097864,ON SEMICONDUCTOR CORP,3674.0,238,40710818329.0,below_sector_K,8,8,tech,31.0
2024-07-01,92230,TRUIST FINANCIAL CORP,6021.0,153,40300000000.0,below_sector_K,8,8,financials,29.0
2024-07-01,7084,Archer-Daniels-Midland Co,2070.0,223,40300000000.0,below_sector_K,8,8,consumer,34.0
2024-07-01,1682852,"Moderna, Inc.",2836.0,202,40200000000.0,below_sector_K,8,8,healthcare,30.0
2024-07-01,86312,"TRAVELERS COMPANIES, INC.",6331.0,213,39615360010.0,below_sector_K,8,8,financials,30.0
2024-07-01,1041061,YUM BRANDS INC,5812.0,244,39000000000.0,below_sector_K,8,8,consumer,35.0
2024-07-01,1755672,"Corteva, Inc.",100.0,245,38900000000.0,below_sector_K,8,8,consumer,36.0
2024-07-01,96021,SYSCO CORP,5140.0,246,38720179124.0,below_sector_K,8,8,consumer,37.0
2024-07-01,1535527,"CrowdStrike Holdings, Inc.",7372.0,225,38600000000.0,below_sector_K,8,8,tech,32.0
2024-07-01,1512673,"Block, Inc.",7372.0,250,38500000000.0,below_sector_K,8,8,tech,33.0
2024-07-01,1262039,"Fortinet, Inc.",3577.0,252,38472948871.0,below_sector_K,8,8,tech,34.0
2024-07-01,1585689,Hilton Worldwide Holdings Inc.,7011.0,182,37479000000.0,below_sector_K,8,8,consumer,38.0
2024-07-01,40704,GENERAL MILLS INC,2040.0,201,37084000000.0,below_sector_K,8,8,consumer,39.0
2024-07-01,5272,"AMERICAN INTERNATIONAL GROUP, INC.",6331.0,224,36903000000.0,below_sector_K,8,8,financials,31.0
2024-07-01,1091667,"CHARTER COMMUNICATIONS, INC. /MO/",4841.0,189,36900000000.0,below_sector_K,8,8,consumer,40.0
2024-07-01,47111,HERSHEY CO,2060.0,264,36849433110.0,below_sector_K,8,8,consumer,41.0
2024-07-01,1071739,CENTENE CORP,6324.0,197,36800000000.0,below_sector_K,8,8,healthcare,31.0
2024-07-01,29534,DOLLAR GENERAL CORP,5331.0,174,36700000000.0,below_sector_K,8,8,consumer,42.0
2024-07-01,1404912,KKR & Co. Inc.,6282.0,134,36300000000.0,below_sector_K,8,8,financials,32.0
2024-07-01,1057352,"COSTAR GROUP, INC.",7389.0,269,36000000000.0,below_sector_K,8,8,financials,33.0
2024-07-01,1408198,MSCI Inc.,7389.0,265,35984916924.0,below_sector_K,8,8,financials,34.0
2024-07-01,1390777,Bank of New York Mellon Corp,6022.0,221,34643425518.0,below_sector_K,8,8,financials,35.0
2024-07-01,820027,AMERIPRISE FINANCIAL INC,6282.0,228,34100000000.0,below_sector_K,8,8,financials,36.0
2024-07-01,1671933,"Trade Desk, Inc.",7370.0,222,34083149160.0,below_sector_K,8,8,tech,35.0
2024-07-01,815556,FASTENAL CO,5200.0,270,33637970933.0,below_sector_K,8,8,consumer,43.0
2024-07-01,1058290,COGNIZANT TECHNOLOGY SOLUTIONS CORP,7371.0,276,32900000000.0,below_sector_K,8,8,tech,36.0
2024-07-01,712515,ELECTRONIC ARTS INC.,7372.0,292,32551000000.0,below_sector_K,8,8,tech,37.0
2024-07-01,1136893,"Fidelity National Information Services, Inc.",7389.0,177,32389069008.0,below_sector_K,8,8,financials,37.0
2024-07-01,1637459,Kraft Heinz Co,2030.0,281,32100000000.0,below_sector_K,8,8,consumer,44.0
2024-07-01,1137774,PRUDENTIAL FINANCIAL INC,6311.0,230,32060000000.0,below_sector_K,8,8,financials,38.0
2024-07-01,1442145,"Verisk Analytics, Inc.",7374.0,260,31913567495.0,below_sector_K,8,8,tech,38.0
2024-07-01,81061,PUBLIX SUPER MARKETS INC,5411.0,280,31576000000.0,below_sector_K,8,8,consumer,45.0
2024-07-01,935703,"DOLLAR TREE, INC.",5331.0,299,31570609673.0,below_sector_K,8,8,consumer,46.0
2024-07-01,1418135,Keurig Dr Pepper Inc.,2080.0,273,31300000000.0,below_sector_K,8,8,consumer,47.0
2024-07-01,1090872,"AGILENT TECHNOLOGIES, INC.",3826.0,301,31200000000.0,below_sector_K,8,8,healthcare,32.0
2024-07-01,1858681,"Apollo Global Management, Inc.",6282.0,205,30663494049.0,below_sector_K,8,8,financials,39.0
2024-07-01,1136869,"ZIMMER BIOMET HOLDINGS, INC.",3842.0,307,30366867100.0,below_sector_K,8,8,healthcare,33.0
2024-07-01,943819,RESMED INC,3841.0,309,30200969929.0,below_sector_K,8,8,healthcare,34.0
2024-07-01,1437107,"Warner Bros. Discovery, Inc.",4841.0,296,30000000000.0,below_sector_K,8,8,consumer,48.0
2024-07-01,1393052,VEEVA SYSTEMS INC,7372.0,300,29700000000.0,below_sector_K,8,8,tech,39.0
2024-07-01,1321655,Palantir Technologies Inc.,7372.0,186,29300000000.0,below_sector_K,8,8,tech,40.0
2024-07-01,1561550,"Datadog, Inc.",7372.0,243,29300000000.0,below_sector_K,8,8,tech,41.0
2024-07-01,47217,HP INC,3570.0,257,29292756147.0,below_sector_K,8,8,tech,42.0
2024-07-01,1441816,"MongoDB, Inc.",7372.0,319,29100000000.0,below_sector_K,8,8,tech,43.0
2024-07-01,1393612,Discover Financial Services,6141.0,111,29097770033.0,below_sector_K,8,8,financials,40.0
2024-07-01,1521332,Aptiv PLC,3714.0,322,28792327747.0,below_sector_K,8,8,consumer,49.0
2024-07-01,1037646,METTLER TOLEDO INTERNATIONAL INC/,3826.0,312,28700000000.0,below_sector_K,8,8,healthcare,35.0
2024-07-01,900075,COPART INC,5500.0,231,28538154732.0,below_sector_K,8,8,consumer,50.0
2024-07-01,899051,ALLSTATE CORP,6331.0,229,28400000000.0,below_sector_K,8,8,financials,41.0
2024-07-01,1560385,Liberty Media Corp,4833.0,323,28300000000.0,below_sector_K,8,8,consumer,51.0
2024-07-01,105770,WEST PHARMACEUTICAL SERVICES INC,3841.0,324,28200000000.0,below_sector_K,8,8,healthcare,36.0
2024-07-01,1278680,ISHARES GOLD TRUST,6221.0,313,27459020209.0,below_sector_K,8,8,financials,42.0
2024-07-01,947484,ARCH CAPITAL GROUP LTD.,6331.0,268,26900000000.0,below_sector_K,8,8,financials,43.0
2024-07-01,1110803,"ILLUMINA, INC.",3826.0,332,26500000000.0,below_sector_K,8,8,healthcare,37.0
2024-07-01,1123360,GLOBAL PAYMENTS INC,7389.0,308,25440604840.0,below_sector_K,8,8,financials,44.0
2024-07-01,1792789,"DoorDash, Inc.",7389.0,253,24900000000.0,below_sector_K,8,8,financials,45.0
2024-07-01,1140536,WILLIS TOWERS WATSON PLC,6411.0,330,24662440773.0,below_sector_K,8,8,financials,46.0
2024-07-01,1113169,PRICE T ROWE GROUP INC,6282.0,340,24600000000.0,below_sector_K,8,8,financials,47.0
2024-07-01,1402057,CDW Corp,5961.0,311,24542000000.0,below_sector_K,8,8,consumer,52.0
2024-07-01,313927,CHURCH & DWIGHT CO INC /DE/,2840.0,347,24000000000.0,below_sector_K,8,8,consumer,53.0
2024-07-01,1618756,Restaurant Brands International Inc.,5812.0,359,23935449117.0,below_sector_K,8,8,consumer,54.0
2024-07-01,1065088,EBAY INC,7389.0,333,23784458062.0,below_sector_K,8,8,financials,48.0
2024-07-01,1178670,"ALNYLAM PHARMACEUTICALS, INC.",2834.0,303,23650000000.0,below_sector_K,8,8,healthcare,38.0
2024-07-01,1013462,ANSYS INC,7372.0,363,23626000000.0,below_sector_K,8,8,tech,44.0
2024-07-01,93751,STATE STREET CORP,6022.0,365,23520000000.0,below_sector_K,8,8,financials,49.0
2024-07-01,1673358,"Yum China Holdings, Inc.",5812.0,367,23500000000.0,below_sector_K,8,8,consumer,55.0
2024-07-01,946581,TAKE TWO INTERACTIVE SOFTWARE INC,7372.0,370,23342656391.0,below_sector_K,8,8,tech,45.0
2024-07-01,10456,BAXTER INTERNATIONAL INC,3841.0,295,23000000000.0,below_sector_K,8,8,healthcare,39.0
2024-07-01,874766,"HARTFORD INSURANCE GROUP, INC.",6331.0,321,22000000000.0,below_sector_K,8,8,financials,50.0
2024-07-01,1757898,STERIS plc,3842.0,386,21614000000.0,below_sector_K,8,8,healthcare,40.0
2024-07-01,1140859,"Cencora, Inc.",5122.0,315,20845049311.0,below_sector_K,8,8,healthcare,41.0
2024-07-01,1274494,"FIRST SOLAR, INC.",3674.0,357,20200000000.0,below_sector_K,8,8,tech,46.0
2024-07-01,1145197,INSULET CORP,3841.0,399,20100000000.0,below_sector_K,8,8,healthcare,42.0
2024-07-01,916365,TRACTOR SUPPLY CO /DE/,5200.0,361,19800000000.0,below_sector_K,8,8,consumer,56.0
2024-07-01,721371,CARDINAL HEALTH INC,5122.0,351,19775475828.0,below_sector_K,8,8,healthcare,43.0
2024-07-01,859737,HOLOGIC INC,3844.0,408,19637934479.0,below_sector_K,8,8,healthcare,44.0
2024-07-01,1834584,"Coupang, Inc.",5961.0,342,19562964768.0,below_sector_K,8,8,consumer,57.0
2024-07-01,14693,BROWN FORMAN CORP,2080.0,369,19400000000.0,below_sector_K,8,8,consumer,58.0
2024-07-01,1300514,LAS VEGAS SANDS CORP,7011.0,414,19205929006.0,below_sector_K,8,8,consumer,59.0
2024-07-01,55067,KELLANOVA,2040.0,400,19200000000.0,below_sector_K,8,8,consumer,60.0
2024-07-01,858470,Coterra Energy Inc.,1311.0,397,18800000000.0,below_sector_K,8,8,energy,21.0
2024-07-01,711404,"COOPER COMPANIES, INC.",3851.0,418,18800000000.0,below_sector_K,8,8,healthcare,45.0
2024-07-01,4127,"SKYWORKS SOLUTIONS, INC.",3674.0,392,18700000000.0,below_sector_K,8,8,tech,47.0
2024-07-01,1126328,PRINCIPAL FINANCIAL GROUP INC,6321.0,420,18700000000.0,below_sector_K,8,8,financials,51.0
2024-07-01,1585521,"Zoom Communications, Inc.",7370.0,336,18600000000.0,below_sector_K,8,8,tech,48.0
2024-07-01,29989,OMNICOM GROUP INC.,7311.0,423,18548799047.0,below_sector_K,8,8,consumer,61.0
2024-07-01,1645590,Hewlett Packard Enterprise Co,3570.0,382,18427000000.0,below_sector_K,8,8,tech,49.0
2024-07-01,1096343,MARKEL GROUP INC.,6331.0,401,18051000000.0,below_sector_K,8,8,financials,52.0
2024-07-01,720005,RAYMOND JAMES FINANCIAL INC,6211.0,331,17870737940.0,below_sector_K,8,8,financials,53.0
2024-07-01,23217,CONAGRA BRANDS INC.,2000.0,440,17692227237.0,below_sector_K,8,8,consumer,62.0
2024-07-01,48898,HUBBELL INC,3670.0,411,17689392767.0,below_sector_K,8,8,tech,50.0
2024-07-01,1403568,"Ulta Beauty, Inc.",5990.0,443,17547227000.0,below_sector_K,8,8,consumer,63.0
2024-07-01,1179929,"MOLINA HEALTHCARE, INC.",6324.0,445,17400000000.0,below_sector_K,8,8,healthcare,46.0
2024-07-01,860731,TYLER TECHNOLOGIES INC,7372.0,391,17373822183.0,below_sector_K,8,8,tech,51.0
2024-07-01,920148,LABCORP HOLDINGS INC.,8071.0,398,17300000000.0,below_sector_K,8,8,healthcare,47.0
2024-07-01,1748790,Amcor plc,3990.0,449,17300000000.0,below_sector_K,8,8,consumer,64.0
2024-07-01,1463101,"Enphase Energy, Inc.",3674.0,396,17200000000.0,below_sector_K,8,8,tech,52.0
2024-07-01,1120193,"NASDAQ, INC.",6200.0,380,17000000000.0,below_sector_K,8,8,financials,54.0
2024-07-01,1389170,Targa Resources Corp.,4922.0,325,16811500000.0,below_sector_K,8,8,energy,22.0
2024-07-01,1124140,EXACT SCIENCES CORP,8071.0,453,16796351138.0,below_sector_K,8,8,healthcare,48.0
2024-07-01,1316835,"Builders FirstSource, Inc.",5211.0,454,16700000000.0,below_sector_K,8,8,consumer,65.0
2024-07-01,1397911,LPL Financial Holdings Inc.,6200.0,393,16600000000.0,below_sector_K,8,8,financials,55.0
2024-07-01,1590955,"Paycom Software, Inc.",7372.0,455,16600000000.0,below_sector_K,8,8,tech,53.0
2024-07-01,1176948,Ares Management Corp,6282.0,684,16519398894.0,below_sector_K,8,8,financials,56.0
2024-07-01,1280452,"MONOLITHIC POWER SYSTEMS, INC.",3674.0,329,16400000000.0,below_sector_K,8,8,tech,54.0
2024-07-01,1281761,REGIONS FINANCIAL CORP,6021.0,432,16319687553.0,below_sector_K,8,8,financials,57.0
2024-07-01,1315098,Roblox Corp,7372.0,446,16300000000.0,below_sector_K,8,8,tech,55.0
2024-07-01,79282,"BROWN & BROWN, INC.",6411.0,390,16289316561.0,below_sector_K,8,8,financials,58.0
2024-07-01,1758730,Tradeweb Markets Inc.,6200.0,465,16100000000.0,below_sector_K,8,8,financials,59.0
2024-07-01,1014473,VERISIGN INC/CA,7371.0,472,15900000000.0,below_sector_K,8,8,tech,56.0
2024-07-01,1013237,FACTSET RESEARCH SYSTEMS INC,7370.0,441,15868442481.0,below_sector_K,8,8,tech,57.0
2024-07-01,1022079,QUEST DIAGNOSTICS INC,8071.0,476,15700000000.0,below_sector_K,8,8,healthcare,49.0
2024-07-01,1383312,"BROADRIDGE FINANCIAL SOLUTIONS, INC.",7389.0,356,15676528458.0,below_sector_K,8,8,financials,60.0
2024-07-01,1000697,WATERS CORP /DE/,3826.0,478,15633596711.0,below_sector_K,8,8,healthcare,50.0
2024-07-01,35527,FIFTH THIRD BANCORP,6022.0,385,15509992776.0,below_sector_K,8,8,financials,61.0
2024-07-01,49196,HUNTINGTON BANCSHARES INC /MD/,6021.0,417,15337338365.0,below_sector_K,8,8,financials,62.0
2024-07-01,73124,NORTHERN TRUST CORP,6022.0,403,15300000000.0,below_sector_K,8,8,financials,63.0
2024-07-01,20286,CINCINNATI FINANCIAL CORP,6331.0,424,14988706711.0,below_sector_K,8,8,financials,64.0
2024-07-01,51644,"INTERPUBLIC GROUP OF COMPANIES, INC.",7311.0,492,14900000000.0,below_sector_K,8,8,consumer,66.0
2024-07-01,1564408,Snap Inc,7370.0,388,14800000000.0,below_sector_K,8,8,tech,58.0
2024-07-01,1101302,ENTEGRIS INC,3089.0,427,14700000000.0,below_sector_K,8,8,consumer,67.0
2024-07-01,33213,EQT Corp,1311.0,464,14700000000.0,below_sector_K,8,8,energy,23.0
2024-07-01,31791,"REVVITY, INC.",3826.0,430,14697780722.0,below_sector_K,8,8,healthcare,51.0
2024-07-01,798941,FIRST CITIZENS BANCSHARES INC /DE/,6022.0,450,14258285207.0,below_sector_K,8,8,financials,65.0
2024-07-01,1374310,"Cboe Global Markets, Inc.",6200.0,437,14200000000.0,below_sector_K,8,8,financials,66.0
2024-07-01,1335258,"Live Nation Entertainment, Inc.",7900.0,495,14200000000.0,below_sector_K,8,8,consumer,68.0
2024-07-01,814547,FAIR ISAAC CORP,7389.0,348,14169078627.0,below_sector_K,8,8,financials,67.0
2024-07-01,764478,BEST BUY CO INC,5731.0,510,14100000000.0,below_sector_K,8,8,consumer,69.0
2024-07-01,857005,PTC INC.,7372.0,378,14078377983.0,below_sector_K,8,8,tech,59.0
2024-07-01,101778,MARATHON OIL CORP,1311.0,481,13888000000.0,below_sector_K,8,8,energy,24.0
2024-07-01,1722482,"Avantor, Inc.",3826.0,395,13877913401.0,below_sector_K,8,8,healthcare,52.0
2024-07-01,1506293,"PINTEREST, INC.",7370.0,375,13800000000.0,below_sector_K,8,8,tech,60.0
2024-07-01,1802768,Royalty Pharma plc,2834.0,425,13700000000.0,below_sector_K,8,8,healthcare,53.0
2024-07-01,1097149,ALIGN TECHNOLOGY INC,3842.0,517,13700000000.0,below_sector_K,8,8,healthcare,54.0
2024-07-01,1086222,AKAMAI TECHNOLOGIES INC,7389.0,502,13393700000.0,below_sector_K,8,8,financials,68.0
2024-07-01,910521,DECKERS OUTDOOR CORP,3021.0,528,13217047750.0,below_sector_K,8,8,consumer,70.0
2024-07-01,1571996,Dell Technologies Inc.,3571.0,530,13200000000.0,below_sector_K,8,8,tech,61.0
2024-07-01,1402436,SS&C Technologies Holdings Inc,7372.0,526,13071277590.0,below_sector_K,8,8,tech,62.0
2024-07-01,842023,BIO-TECHNE Corp,2836.0,538,13000000000.0,below_sector_K,8,8,healthcare,55.0
2024-07-01,1874178,"Rivian Automotive, Inc. / DE",3711.0,539,12900000000.0,below_sector_K,8,8,consumer,71.0
2024-07-01,790051,CARLISLE COMPANIES INC,3060.0,419,12800000000.0,below_sector_K,8,8,consumer,72.0
2024-07-01,779152,JACK HENRY & ASSOCIATES INC,7373.0,545,12739269127.0,below_sector_K,8,8,tech,63.0
2024-07-01,1321732,Penumbra Inc,3841.0,546,12700000000.0,below_sector_K,8,8,healthcare,56.0
2024-07-01,1352010,"EPAM Systems, Inc.",7371.0,460,12606792746.0,below_sector_K,8,8,tech,64.0
2024-07-01,1588489,Grayscale Bitcoin Trust ETF,6221.0,457,12594401855.0,below_sector_K,8,8,financials,69.0
2024-07-01,1056696,MANHATTAN ASSOCIATES INC,7372.0,559,12326302179.0,below_sector_K,8,8,tech,65.0
2024-07-01,759944,CITIZENS FINANCIAL GROUP INC/RI,6022.0,442,12304245801.0,below_sector_K,8,8,financials,70.0
2024-07-01,1679273,"Lamb Weston Holdings, Inc.",2030.0,503,12300000000.0,below_sector_K,8,8,consumer,73.0
2024-07-01,789570,MGM Resorts International,7011.0,560,12300000000.0,below_sector_K,8,8,consumer,74.0
2024-07-01,1810806,Unity Software Inc.,7372.0,561,12300000000.0,below_sector_K,8,8,tech,66.0
2024-07-01,11544,BERKLEY W R CORP,6331.0,475,12125876386.0,below_sector_K,8,8,financials,71.0
2024-07-01,1336920,"Leidos Holdings, Inc.",7373.0,410,12035539574.0,below_sector_K,8,8,tech,67.0
2024-07-01,1552000,MPLX LP,4610.0,471,12000000000.0,below_sector_K,8,8,energy,25.0
2024-07-01,1660134,"Okta, Inc.",7372.0,491,12000000000.0,below_sector_K,8,8,tech,68.0
2024-07-01,24545,MOLSON COORS BEVERAGE CO,2082.0,572,12000000000.0,below_sector_K,8,8,consumer,75.0
2024-07-01,1792044,Viatris Inc,2834.0,549,11936712582.0,below_sector_K,8,8,healthcare,57.0
2024-07-01,866374,FLEX LTD.,3672.0,576,11800000000.0,below_sector_K,8,8,tech,69.0
2024-07-01,879169,INCYTE CORP,8731.0,509,11700000000.0,below_sector_K,8,8,healthcare,58.0
2024-07-01,48465,HORMEL FOODS CORP /DE/,2011.0,486,11661390985.0,below_sector_K,8,8,consumer,76.0
2024-07-01,891103,"Match Group, Inc.",7370.0,407,11627988894.0,below_sector_K,8,8,tech,70.0
2024-07-01,1579298,"Burlington Stores, Inc.",5311.0,585,11490446355.0,below_sector_K,8,8,consumer,77.0
2024-07-01,1177609,"FIVE BELOW, INC",5331.0,588,11334179492.0,below_sector_K,8,8,consumer,78.0
2024-07-01,1773383,"Dynatrace, Inc.",7372.0,590,11300000000.0,below_sector_K,8,8,tech,71.0
2024-07-01,91419,J M SMUCKER Co,2033.0,482,11160620648.0,below_sector_K,8,8,consumer,79.0
2024-07-01,1609711,GoDaddy Inc.,7373.0,406,11100000000.0,below_sector_K,8,8,tech,72.0
2024-07-01,1447669,TWILIO INC,7372.0,534,11100000000.0,below_sector_K,8,8,tech,73.0
2024-07-01,1786352,"BILL Holdings, Inc.",7372.0,597,11100000000.0,below_sector_K,8,8,tech,74.0
2024-07-01,1665918,US Foods Holding Corp.,5140.0,524,11000000000.0,below_sector_K,8,8,consumer,80.0
2024-07-01,60086,LOEWS CORP,6331.0,525,10926000000.0,below_sector_K,8,8,financials,72.0
2024-07-01,1883685,DraftKings Inc.,7990.0,456,10900000000.0,below_sector_K,8,8,consumer,81.0
2024-07-01,1002047,"NetApp, Inc.",3572.0,604,10897270906.0,below_sector_K,8,8,tech,75.0
2024-07-01,1046102,RB GLOBAL INC.,7389.0,511,10884028380.0,below_sector_K,8,8,financials,73.0
2024-07-01,1032975,LOGITECH INTERNATIONAL S.A.,3577.0,606,10814715350.0,below_sector_K,8,8,tech,76.0
2024-07-01,1261333,"DOCUSIGN, INC.",7372.0,547,10800000000.0,below_sector_K,8,8,tech,77.0
2024-07-01,1507079,"Floor & Decor Holdings, Inc.",5211.0,607,10800000000.0,below_sector_K,8,8,consumer,82.0
2024-07-01,1611983,Liberty Broadband Corp,4841.0,459,10700000000.0,below_sector_K,8,8,consumer,83.0
2024-07-01,1492422,"Apellis Pharmaceuticals, Inc.",2834.0,608,10700000000.0,below_sector_K,8,8,healthcare,59.0
2024-07-01,1100682,"CHARLES RIVER LABORATORIES INTERNATIONAL, INC.",8731.0,587,10686736278.0,below_sector_K,8,8,healthcare,60.0
2024-07-01,1330568,iShares Silver Trust,6221.0,542,10513107000.0,below_sector_K,8,8,financials,74.0
2024-07-01,1000228,HENRY SCHEIN INC,5047.0,613,10506752000.0,below_sector_K,8,8,healthcare,61.0
2024-07-01,1651308,BeOne Medicines Ltd.,2834.0,452,10500000000.0,below_sector_K,8,8,healthcare,62.0
2024-07-01,1590895,"Caesars Entertainment, Inc.",7011.0,618,10500000000.0,below_sector_K,8,8,consumer,84.0
2024-07-01,1841666,APA Corp,1311.0,581,10499243068.0,below_sector_K,8,8,energy,26.0
2024-07-01,812011,VAIL RESORTS INC,7990.0,620,10473772605.0,below_sector_K,8,8,consumer,85.0
2024-07-01,1792580,Ovintiv Inc.,1311.0,558,10425780075.0,below_sector_K,8,8,energy,27.0
2024-07-01,1370637,ETSY INC,7389.0,624,10400000000.0,below_sector_K,8,8,financials,75.0
2024-07-01,320335,GLOBE LIFE INC.,6311.0,625,10400000000.0,below_sector_K,8,8,financials,76.0
2024-07-01,1617640,"ZILLOW GROUP, INC.",7389.0,626,10398012325.0,below_sector_K,8,8,financials,77.0
2024-07-01,855658,LATTICE SEMICONDUCTOR CORP,3674.0,627,10394183650.0,below_sector_K,8,8,tech,78.0
2024-07-01,1725057,"Dayforce, Inc.",7372.0,632,10200000000.0,below_sector_K,8,8,tech,79.0
2024-07-01,1137789,Seagate Technology Holdings plc,3572.0,436,10100000000.0,below_sector_K,8,8,tech,80.0
2024-07-01,1048477,BIOMARIN PHARMACEUTICAL INC,2834.0,635,10100000000.0,below_sector_K,8,8,healthcare,63.0
2024-07-01,726958,CASEYS GENERAL STORES INC,5500.0,636,10100000000.0,below_sector_K,8,8,consumer,86.0
2024-07-01,916540,DARLING INGREDIENTS INC.,2070.0,638,10059866000.0,below_sector_K,8,8,consumer,87.0
2024-07-01,1650164,"Toast, Inc.",7374.0,571,10000000000.0,below_sector_K,8,8,tech,81.0
2024-07-01,908255,BORGWARNER INC,3714.0,640,10000000000.0,below_sector_K,8,8,consumer,88.0
2024-07-01,1646972,"Albertsons Companies, Inc.",5411.0,644,9900000000.0,below_sector_K,8,8,consumer,89.0
2024-07-01,16732,CAMPBELL'S Co,2000.0,647,9841692399.0,below_sector_K,8,8,consumer,90.0
2024-07-01,1043604,JUNIPER NETWORKS INC,3576.0,578,9826000000.0,below_sector_K,8,8,tech,82.0
2024-07-01,1713683,"Zscaler, Inc.",7371.0,404,9800000000.0,below_sector_K,8,8,tech,83.0
2024-07-01,89089,SERVICE CORP INTERNATIONAL,7200.0,610,9648975829.0,below_sector_K,8,8,consumer,91.0
2024-07-01,1333986,"Equitable Holdings, Inc.",6411.0,533,9500000000.0,below_sector_K,8,8,financials,78.0
2024-07-01,352915,UNIVERSAL HEALTH SERVICES INC,8062.0,612,9500000000.0,below_sector_K,8,8,healthcare,64.0
2024-07-01,1584509,Aramark,5812.0,648,9449800000.0,below_sector_K,8,8,consumer,92.0
2024-07-01,20212,Churchill Downs Inc,7948.0,652,9415953283.0,below_sector_K,8,8,consumer,93.0
2024-07-01,913144,RENAISSANCERE HOLDINGS LTD,6331.0,583,9400000000.0,below_sector_K,8,8,financials,79.0
2024-07-01,5513,Unum Group,6321.0,659,9400000000.0,below_sector_K,8,8,financials,80.0
2024-07-01,1609550,"Inspire Medical Systems, Inc.",3841.0,666,9352188865.0,below_sector_K,8,8,healthcare,65.0
2024-07-01,813828,Paramount Global,4833.0,501,9348585082.0,below_sector_K,8,8,consumer,94.0
2024-07-01,1331875,"Fidelity National Financial, Inc.",6361.0,543,9292382960.0,below_sector_K,8,8,financials,81.0
2024-07-01,1604778,"Qorvo, Inc.",3674.0,672,9268747530.0,below_sector_K,8,8,tech,84.0
2024-07-01,898174,REINSURANCE GROUP OF AMERICA INC,6311.0,522,9200000000.0,below_sector_K,8,8,financials,82.0
2024-07-01,927066,DAVITA INC.,8090.0,574,9200000000.0,below_sector_K,8,8,healthcare,66.0
2024-07-01,1082554,UNITED THERAPEUTICS Corp,2834.0,567,9138231901.0,below_sector_K,8,8,healthcare,67.0
2024-07-01,1477333,"Cloudflare, Inc.",7372.0,520,9021000000.0,below_sector_K,8,8,tech,85.0
2024-07-01,1116132,"TAPESTRY, INC.",3100.0,686,9000000000.0,below_sector_K,8,8,consumer,95.0
2024-07-01,895419,"WOLFSPEED, INC.",3674.0,687,8966673467.0,below_sector_K,8,8,tech,86.0
2024-07-01,46080,"HASBRO, INC.",3944.0,577,8933575963.0,below_sector_K,8,8,consumer,96.0
2024-07-01,719955,WILLIAMS SONOMA INC,5700.0,660,8903099737.0,below_sector_K,8,8,consumer,97.0
2024-07-01,1618673,Performance Food Group Co,5141.0,689,8900539105.0,below_sector_K,8,8,consumer,98.0
2024-07-01,1531152,"BJ's Wholesale Club Holdings, Inc.",5331.0,680,8800000000.0,below_sector_K,8,8,consumer,99.0
2024-07-01,1604028,"ADVANCED DRAINAGE SYSTEMS, INC.",3086.0,637,8793000000.0,below_sector_K,8,8,consumer,100.0
2024-07-01,1048695,"F5, INC.",3576.0,553,8760048466.0,below_sector_K,8,8,tech,87.0
2024-07-01,1794515,ZoomInfo Technologies Inc.,7372.0,674,8700000000.0,below_sector_K,8,8,tech,88.0
2024-07-01,91576,KEYCORP /NEW/,6021.0,466,8646175313.0,below_sector_K,8,8,financials,83.0
2024-07-01,1042046,AMERICAN FINANCIAL GROUP INC,6331.0,634,8590000000.0,below_sector_K,8,8,financials,84.0
2024-07-01,1642896,Samsara Inc.,7373.0,699,8570600000.0,below_sector_K,8,8,tech,89.0
2024-07-01,842162,LEAR CORP,3714.0,706,8417302017.0,below_sector_K,8,8,consumer,101.0
2024-07-01,1381197,"Interactive Brokers Group, Inc.",6211.0,541,8396870712.0,below_sector_K,8,8,financials,85.0
2024-07-01,1527166,Carlyle Group Inc.,6282.0,629,8383674409.0,below_sector_K,8,8,financials,86.0
2024-07-01,818686,TEVA PHARMACEUTICAL INDUSTRIES LTD,2834.0,426,8380000000.0,below_sector_K,8,8,healthcare,68.0
2024-07-01,1023128,LITHIA MOTORS INC,5500.0,710,8371919000.0,below_sector_K,8,8,consumer,102.0
2024-07-01,701985,"Bath & Body Works, Inc.",5990.0,714,8300000000.0,below_sector_K,8,8,consumer,103.0
2024-07-01,1591698,Paylocity Holding Corp,7372.0,721,8200000000.0,below_sector_K,8,8,tech,90.0
2024-07-01,1669162,"Kinsale Capital Group, Inc.",6331.0,722,8197188903.0,below_sector_K,8,8,financials,87.0
2024-07-01,1584751,Talis Biomedical Corp,3826.0,724,8151667000.0,below_sector_K,8,8,healthcare,69.0
2024-07-01,40729,Ally Financial Inc.,6022.0,569,8100000000.0,below_sector_K,8,8,financials,88.0
2024-07-01,19584,CHEMED CORP,8082.0,726,8049913329.0,below_sector_K,8,8,healthcare,70.0
2024-07-01,1089063,"DICK'S SPORTING GOODS, INC.",5940.0,730,8013407380.0,below_sector_K,8,8,consumer,104.0
2024-07-01,1635088,Roivant Sciences Ltd.,2834.0,733,8000000000.0,below_sector_K,8,8,healthcare,71.0
2024-07-01,910073,"FLAGSTAR BANK, NATIONAL ASSOCIATION",6036.0,735,8000000000.0,below_sector_K,8,8,financials,89.0
2024-07-01,106640,WHIRLPOOL CORP /DE/,3630.0,717,7941546633.0,below_sector_K,8,8,consumer,105.0
2024-07-01,914475,NEUROCRINE BIOSCIENCES INC,2836.0,615,7900000000.0,below_sector_K,8,8,healthcare,72.0
2024-07-01,1674101,Vertiv Holdings Co,3679.0,304,7890816857.0,below_sector_K,8,8,tech,91.0
2024-07-01,1002638,OPEN TEXT CORP,7373.0,595,7800000000.0,below_sector_K,8,8,tech,92.0
2024-07-01,106040,WESTERN DIGITAL CORP,3572.0,540,7730000000.0,below_sector_K,8,8,tech,93.0
2024-07-01,315852,RANGE RESOURCES CORP,1311.0,727,7720683000.0,below_sector_K,8,8,energy,28.0
2024-07-01,38777,FRANKLIN RESOURCES INC,6282.0,695,7700000000.0,below_sector_K,8,8,financials,90.0
2024-07-01,1642545,"Shockwave Medical, Inc.",3841.0,752,7700000000.0,below_sector_K,8,8,healthcare,73.0
2024-07-01,1232524,Jazz Pharmaceuticals plc,2834.0,661,7659805500.0,below_sector_K,8,8,healthcare,74.0
2024-07-01,896622,"APTARGROUP, INC.",3089.0,665,7639338540.0,below_sector_K,8,8,consumer,106.0
2024-07-01,895126,EXPAND ENERGY Corp,1311.0,755,7600000000.0,below_sector_K,8,8,energy,29.0
2024-07-01,1535929,"Voya Financial, Inc.",6311.0,756,7600000000.0,below_sector_K,8,8,financials,91.0
2024-07-01,1707753,Elastic N.V.,7372.0,759,7500000000.0,below_sector_K,8,8,tech,94.0
2024-07-01,1278021,MARKETAXESS HOLDINGS INC,6211.0,707,7400000000.0,below_sector_K,8,8,financials,92.0
2024-07-01,1734722,"UiPath, Inc.",7372.0,764,7400000000.0,below_sector_K,8,8,tech,95.0
2024-07-01,1069157,EAST WEST BANCORP INC,6022.0,639,7396326818.0,below_sector_K,8,8,financials,93.0
2024-07-01,1699838,"Confluent, Inc.",7372.0,768,7356700000.0,below_sector_K,8,8,tech,96.0
2024-07-01,1783879,"Robinhood Markets, Inc.",6211.0,461,7300000000.0,below_sector_K,8,8,financials,94.0
2024-07-01,1065837,SKECHERS USA INC,3140.0,772,7300000000.0,below_sector_K,8,8,consumer,107.0
2024-07-01,1289460,"Texas Roadhouse, Inc.",5812.0,586,7271884191.0,below_sector_K,8,8,consumer,108.0
2024-07-01,1034670,AUTOLIV INC,3714.0,700,7260000000.0,below_sector_K,8,8,consumer,109.0
2024-07-01,849399,Gen Digital Inc.,7372.0,667,7116883792.0,below_sector_K,8,8,tech,97.0
2024-07-01,1428439,"ROKU, INC",4841.0,645,7100000000.0,below_sector_K,8,8,consumer,110.0
2024-07-01,1520697,"Acadia Healthcare Company, Inc.",8093.0,788,7100000000.0,below_sector_K,8,8,healthcare,75.0
2024-07-01,1475922,"Primerica, Inc.",6311.0,729,7062078025.0,below_sector_K,8,8,financials,95.0
2024-07-01,1915657,HF Sinclair Corp,4610.0,670,7000000000.0,below_sector_K,8,8,energy,30.0
2024-07-01,1031308,BENTLEY SYSTEMS INC,7372.0,794,7000000000.0,below_sector_K,8,8,tech,98.0
2024-07-01,1092699,SPS COMMERCE INC,7372.0,797,7000000000.0,below_sector_K,8,8,tech,99.0
2024-07-01,1046257,Ingredion Inc,2040.0,760,6990000000.0,below_sector_K,8,8,consumer,111.0
2024-07-01,16058,CACI INTERNATIONAL INC /DE/,7373.0,782,6975964969.0,below_sector_K,8,8,tech,100.0
2024-07-01,730272,REPLIGEN CORP,2836.0,688,6931847028.0,below_sector_K,8,8,healthcare,76.0
2024-07-01,7332,SOUTHWESTERN ENERGY CO,1311.0,800,6928429581.0,below_sector_K,8,8,energy,31.0
2024-07-01,1378992,"BERRY GLOBAL GROUP, INC.",3089.0,734,6900000000.0,below_sector_K,8,8,consumer,112.0
2024-07-01,355811,GENTEX CORP,3714.0,744,6816999891.0,below_sector_K,8,8,consumer,113.0
2024-07-01,936395,CIENA CORP,3661.0,716,6800000000.0,below_sector_K,8,8,tech,101.0
2024-07-01,1334036,"Crocs, Inc.",3021.0,773,6800000000.0,below_sector_K,8,8,consumer,114.0
2024-07-01,1570585,Liberty Global Ltd.,4841.0,654,6700000000.0,below_sector_K,8,8,consumer,115.0
2024-07-01,785161,Encompass Health Corp,8060.0,703,6700000000.0,below_sector_K,8,8,healthcare,77.0
2024-07-01,39263,"CULLEN/FROST BANKERS, INC.",6021.0,778,6700000000.0,below_sector_K,8,8,financials,96.0
2024-07-01,1573516,Murphy USA Inc.,5500.0,658,6675692000.0,below_sector_K,8,8,consumer,116.0
2024-07-01,1206264,SOMNIGROUP INTERNATIONAL INC.,2510.0,740,6647994376.0,below_sector_K,8,8,consumer,117.0
2024-07-01,1267238,"ASSURANT, INC.",6399.0,677,6630000000.0,below_sector_K,8,8,financials,97.0
2024-07-01,350894,SEI INVESTMENTS CO,6211.0,795,6600000000.0,below_sector_K,8,8,financials,98.0
2024-07-01,74260,OLD REPUBLIC INTERNATIONAL CORP,6351.0,777,6555078398.0,below_sector_K,8,8,financials,99.0
2024-07-01,720672,STIFEL FINANCIAL CORP,6211.0,690,6500000000.0,below_sector_K,8,8,financials,100.0
2024-07-01,801337,WEBSTER FINANCIAL CORP,6021.0,766,6500000000.0,below_sector_K,8,8,financials,101.0
2024-07-01,70318,TENET HEALTHCARE CORP,8062.0,641,6400000000.0,below_sector_K,8,8,healthcare,78.0
2024-07-01,1070423,PLAINS ALL AMERICAN PIPELINE LP,4610.0,713,6400000000.0,below_sector_K,8,8,energy,32.0
2024-07-01,66570,MSA Safety Inc,3842.0,771,6400000000.0,below_sector_K,8,8,healthcare,79.0
2024-07-01,1486159,Chord Energy Corp,1311.0,628,6340929766.0,below_sector_K,8,8,energy,33.0
2024-07-01,71691,NEW YORK TIMES CO,2711.0,715,6300000000.0,below_sector_K,8,8,consumer,118.0
2024-07-01,36966,FIRST HORIZON CORP,6021.0,582,6200000000.0,below_sector_K,8,8,financials,102.0
2024-07-01,1811210,"Lucid Group, Inc.",3711.0,591,6100000000.0,below_sector_K,8,8,consumer,119.0
2024-07-01,1636222,Wingstop Inc.,5812.0,557,6000000000.0,below_sector_K,8,8,consumer,120.0
2024-07-01,914208,Invesco Ltd.,6282.0,750,6000000000.0,below_sector_K,8,8,financials,103.0
2024-07-01,1567514,"Intra-Cellular Therapies, Inc.",2834.0,786,6000000000.0,below_sector_K,8,8,healthcare,80.0
2024-07-01,96223,Jefferies Financial Group Inc.,6211.0,705,5982957927.0,below_sector_K,8,8,financials,104.0
2024-07-01,1751008,AppLovin Corp,7370.0,362,5900000000.0,below_sector_K,8,8,tech,102.0
2024-07-01,1326380,GameStop Corp.,5734.0,679,5900000000.0,below_sector_K,8,8,consumer,121.0
2024-07-01,1611052,"PROCORE TECHNOLOGIES, INC.",7372.0,790,5751700000.0,below_sector_K,8,8,tech,103.0
2024-07-01,22356,COMMERCE BANCSHARES INC /MO/,6022.0,770,5672000000.0,below_sector_K,8,8,financials,105.0
2024-07-01,775158,OSHKOSH CORP,3711.0,789,5654161180.0,below_sector_K,8,8,consumer,122.0
2024-07-01,96943,TELEFLEX INC,3841.0,798,5634090327.0,below_sector_K,8,8,healthcare,81.0
2024-07-01,1668397,"Medpace Holdings, Inc.",8731.0,619,5600000000.0,below_sector_K,8,8,healthcare,82.0
2024-07-01,28412,COMERICA INC,6021.0,662,5500000000.0,below_sector_K,8,8,financials,106.0
2024-07-01,1433270,ANTERO RESOURCES Corp,1311.0,738,5400000000.0,below_sector_K,8,8,energy,34.0
2024-07-01,1849253,"RYAN SPECIALTY HOLDINGS, INC.",6411.0,792,5351536795.0,below_sector_K,8,8,financials,107.0
2024-07-01,1823945,BLUE OWL CAPITAL INC.,6282.0,663,5300000000.0,below_sector_K,8,8,financials,108.0
2024-07-01,922621,ERIE INDEMNITY CO,6411.0,681,5300000000.0,below_sector_K,8,8,financials,109.0
2024-07-01,1821825,Organon & Co.,2834.0,698,5300000000.0,below_sector_K,8,8,healthcare,83.0
2024-07-01,1604821,"Natera, Inc.",8071.0,531,5260000000.0,below_sector_K,8,8,healthcare,84.0
2024-07-01,1289419,"Morningstar, Inc.",6282.0,737,5100000000.0,below_sector_K,8,8,financials,110.0
2024-07-01,1423902,"Western Midstream Partners, LP",4922.0,751,5100000000.0,below_sector_K,8,8,energy,35.0
2024-07-01,275880,PARSONS CORP,7373.0,696,5000000000.0,below_sector_K,8,8,tech,104.0
2024-07-01,1739104,Elanco Animal Health Inc,2834.0,671,4900000000.0,below_sector_K,8,8,healthcare,85.0
2024-07-01,750004,"Light & Wonder, Inc.",7373.0,780,4860448709.0,below_sector_K,8,8,tech,105.0
2024-07-01,1341766,"Celsius Holdings, Inc.",2086.0,650,4700000000.0,below_sector_K,8,8,consumer,123.0
2024-07-01,1360901,Evercore Inc.,6282.0,732,4700000000.0,below_sector_K,8,8,financials,111.0
2024-07-01,1237831,GLOBUS MEDICAL INC,3841.0,749,4600000000.0,below_sector_K,8,8,healthcare,86.0
2024-07-01,1803599,Concentrix Corp,7389.0,728,4534950512.0,below_sector_K,8,8,financials,112.0
2024-07-01,1772016,"BELLRING BRANDS, INC.",2000.0,753,4479203598.0,below_sector_K,8,8,consumer,124.0
2024-07-01,1158449,ADVANCE AUTO PARTS INC,5531.0,589,4178937579.0,below_sector_K,8,8,consumer,125.0
2024-07-01,1649094,"Vaxcyte, Inc.",2836.0,779,4100000000.0,below_sector_K,8,8,healthcare,87.0
2024-07-01,1411579,"AMC ENTERTAINMENT HOLDINGS, INC.",7830.0,793,4016453670.0,below_sector_K,8,8,consumer,126.0
2024-07-01,109380,"ZIONS BANCORPORATION, NATIONAL ASSOCIATION /UT/",6021.0,758,3892923377.0,below_sector_K,8,8,financials,113.0
2024-07-01,1375365,"Super Micro Computer, Inc.",3571.0,521,3828767079.0,below_sector_K,8,8,tech,106.0
2024-07-01,59558,LINCOLN NATIONAL CORP,6311.0,796,3800000000.0,below_sector_K,8,8,financials,114.0
2024-07-01,1212545,WESTERN ALLIANCE BANCORPORATION,6022.0,775,3790000000.0,below_sector_K,8,8,financials,115.0
2024-07-01,1575515,"Sprouts Farmers Market, Inc.",5411.0,711,3732015340.0,below_sector_K,8,8,consumer,127.0
2024-07-01,814453,NEWELL BRANDS INC.,3089.0,741,3600000000.0,below_sector_K,8,8,consumer,128.0
2024-07-01,1104506,INSMED Inc,2834.0,598,3000000000.0,below_sector_K,8,8,healthcare,88.0
2024-07-01,1725210,Grayscale Ethereum Staking ETF,6221.0,653,2996211248.0,below_sector_K,8,8,financials,116.0
2024-07-01,1658566,Permian Resources Corp,1311.0,642,2940481909.0,below_sector_K,8,8,energy,36.0
2024-07-01,1690820,CARVANA CO.,5500.0,498,2500000000.0,below_sector_K,8,8,consumer,129.0
2024-07-01,1820953,"Affirm Holdings, Inc.",6141.0,555,2200000000.0,below_sector_K,8,8,financials,117.0
2025-07-01,909832,COSTCO WHOLESALE CORP /NEW,5331.0,17,320635374592.0,ineligible_filing_history,6,8,,
2025-07-01,40545,GENERAL ELECTRIC CO,3600.0,32,,no_pit_valid_float,8,8,,
2025-07-01,1467373,Accenture plc,7389.0,36,235672170215.0,ineligible_filing_history,6,8,,
2025-07-01,4962,AMERICAN EXPRESS CO,6199.0,40,164700000000.0,non_operating_sic_6199,8,8,,
2025-07-01,1707925,LINDE PLC,2810.0,41,210000000000.0,sector_excluded_sic_2810,8,8,,
2025-07-01,97745,THERMO FISHER SCIENTIFIC INC.,3829.0,45,211032682000.0,sector_excluded_sic_3829,8,8,,
2025-07-01,732717,AT&T INC.,4813.0,46,137000000000.0,sector_excluded_sic_4813,8,8,,
2025-07-01,101829,RTX Corp,3724.0,49,133428194600.0,sector_excluded_sic_3724,8,8,,
2025-07-01,1075531,Booking Holdings Inc.,4700.0,54,133100000000.0,sector_excluded_sic_4700,8,8,,
2025-07-01,732712,VERIZON COMMUNICATIONS INC,4813.0,55,173600000000.0,sector_excluded_sic_4813,8,8,,
2025-07-01,796343,ADOBE INC.,7372.0,61,164650000000.0,ineligible_filing_history,6,8,,
2025-07-01,313616,DANAHER CORP /DE/,3823.0,62,161100000000.0,sector_excluded_sic_3823,8,8,,
2025-07-01,64040,S&P Global Inc.,7320.0,63,127500000000.0,sector_excluded_sic_7320,8,8,,
2025-07-01,18230,CATERPILLAR INC,3531.0,64,160300000000.0,sector_excluded_sic_3531,8,8,,
2025-07-01,2012383,"BlackRock, Inc.",6211.0,65,118000000000.0,ineligible_filing_history,3,3,,
2025-07-01,12927,BOEING CO,3721.0,67,112000000000.0,sector_excluded_sic_3721,8,8,,
2025-07-01,753308,NEXTERA ENERGY INC,4911.0,71,145437269170.0,sector_excluded_sic_4911,8,8,,
2025-07-01,773840,HONEYWELL INTERNATIONAL INC,3724.0,72,138700000000.0,sector_excluded_sic_3724,8,8,,
2025-07-01,1996810,GE Vernova Inc.,3600.0,74,47100000000.0,sector_excluded_sic_3600,5,5,,
2025-07-01,1594805,SHOPIFY INC.,7372.0,76,79793497805.0,ineligible_filing_history,2,2,,
2025-07-01,1551182,Eaton Corp plc,3590.0,78,124800000000.0,sector_excluded_sic_3590,8,8,,
2025-07-01,100885,UNION PACIFIC CORP,4011.0,79,137800000000.0,sector_excluded_sic_4011,8,8,,
2025-07-01,1090727,UNITED PARCEL SERVICE INC,4210.0,84,100185550613.0,sector_excluded_sic_4210,8,8,,
2025-07-01,109198,TJX COMPANIES INC /DE/,5651.0,85,128000000000.0,ineligible_filing_history,6,8,,
2025-07-01,315189,DEERE & CO,3523.0,86,108321022524.0,sector_excluded_sic_3523,8,8,,
2025-07-01,936468,LOCKHEED MARTIN CORP,3760.0,94,110800000000.0,sector_excluded_sic_3760,8,8,,
2025-07-01,1045609,"Prologis, Inc.",6798.0,97,103726874356.0,sector_excluded_sic_6798,8,8,,
2025-07-01,1283699,"T-Mobile US, Inc.",4812.0,98,86000000000.0,sector_excluded_sic_4812,8,8,,
2025-07-01,1050446,Strategy Inc,6199.0,103,23499000000.0,non_operating_sic_6199,8,8,,
2025-07-01,1053507,AMERICAN TOWER CORP /MA/,6798.0,105,90700000000.0,sector_excluded_sic_6798,8,8,,
2025-07-01,766704,WELLTOWER INC.,6798.0,108,63435707000.0,sector_excluded_sic_6798,8,8,,
2025-07-01,1364742,"BlackRock Finance, Inc.",6211.0,109,102000000000.0,ineligible_filing_history,5,5,,
2025-07-01,92122,SOUTHERN CO,4911.0,110,84900000000.0,sector_excluded_sic_4911,8,8,,
2025-07-01,1868275,Constellation Energy Corp,4911.0,111,62564709888.0,sector_excluded_sic_4911,8,8,,
2025-07-01,1466258,Trane Technologies plc,3822.0,116,74100000000.0,sector_excluded_sic_3822,8,8,,
2025-07-01,823768,WASTE MANAGEMENT INC,4953.0,120,85400000000.0,sector_excluded_sic_4953,8,8,,
2025-07-01,723254,CINTAS CORP,2320.0,121,,no_pit_valid_float,8,8,,
2025-07-01,1059556,MOODYS CORP /DE/,7320.0,125,77000000000.0,sector_excluded_sic_7320,8,8,,
2025-07-01,723125,MICRON TECHNOLOGY INC,3674.0,126,83600000000.0,ineligible_filing_history,6,8,,
2025-07-01,319201,KLA CORP,3827.0,130,78540000000.0,sector_excluded_sic_3827,8,8,,
2025-07-01,76334,Parker-Hannifin Corp,3490.0,131,58849817164.0,sector_excluded_sic_3490,8,8,,
2025-07-01,6281,ANALOG DEVICES INC,3674.0,132,,no_pit_valid_float,8,8,,
2025-07-01,884887,ROYAL CARIBBEAN CRUISES LTD,4400.0,136,37800000000.0,sector_excluded_sic_4400,8,8,,
2025-07-01,1101239,EQUINIX INC,6798.0,137,71800000000.0,sector_excluded_sic_6798,8,8,,
2025-07-01,1060391,"REPUBLIC SERVICES, INC.",4953.0,138,61000000000.0,sector_excluded_sic_4953,8,8,,
2025-07-01,1260221,TransDigm Group INC,3728.0,140,67692346777.0,sector_excluded_sic_3728,8,8,,
2025-07-01,16875,CANADIAN PACIFIC KANSAS CITY LTD/CN,4011.0,141,73439582788.0,sector_excluded_sic_4011,8,8,,
2025-07-01,49826,ILLINOIS TOOL WORKS INC,3560.0,142,70100000000.0,sector_excluded_sic_3560,8,8,,
2025-07-01,4281,Howmet Aerospace Inc.,3350.0,143,31000000000.0,sector_excluded_sic_3350,8,8,,
2025-07-01,1679788,"Coinbase Global, Inc.",6199.0,144,44600000000.0,non_operating_sic_6199,8,8,,
2025-07-01,1980994,iShares Bitcoin Trust ETF,6221.0,145,19419298752.0,ineligible_filing_history,6,6,,
2025-07-01,1133421,NORTHROP GRUMMAN CORP /DE/,3812.0,150,63700000000.0,sector_excluded_sic_3812,8,8,,
2025-07-01,40533,GENERAL DYNAMICS CORP,3730.0,153,71126305337.0,sector_excluded_sic_3730,8,8,,
2025-07-01,831259,FREEPORT-MCMORAN INC,1000.0,156,69500000000.0,sector_excluded_sic_1000,8,8,,
2025-07-01,277948,CSX CORP,4011.0,157,,no_pit_valid_float,8,8,,
2025-07-01,1048911,FEDEX CORP,4513.0,162,59500000000.0,sector_excluded_sic_4513,6,8,,
2025-07-01,1559720,"Airbnb, Inc.",7340.0,163,66100000000.0,sector_excluded_sic_7340,8,8,,
2025-07-01,2969,"Air Products & Chemicals, Inc.",2810.0,164,53700000000.0,sector_excluded_sic_2810,8,8,,
2025-07-01,1692819,Vistra Corp.,4911.0,166,29500179937.0,sector_excluded_sic_4911,8,8,,
2025-07-01,1137789,Seagate Technology Holdings plc,3572.0,167,,no_pit_valid_float,8,8,,
2025-07-01,32604,EMERSON ELECTRIC CO,3600.0,168,64800000000.0,sector_excluded_sic_3600,8,8,,
2025-07-01,1164727,NEWMONT Corp /DE/,1040.0,171,48153562623.0,sector_excluded_sic_1040,8,8,,
2025-07-01,1069183,"AXON ENTERPRISE, INC.",3480.0,175,21800000000.0,sector_excluded_sic_3480,8,8,,
2025-07-01,849395,CRH PUBLIC LTD CO,3241.0,176,51283330098.0,sector_excluded_sic_3241,6,6,,
2025-07-01,882835,ROPER TECHNOLOGIES INC,3823.0,180,60200000000.0,sector_excluded_sic_3823,8,8,,
2025-07-01,1297996,"DIGITAL REALTY TRUST, INC.",6798.0,186,50000000000.0,sector_excluded_sic_6798,8,8,,
2025-07-01,1783180,CARRIER GLOBAL Corp,3585.0,187,53200000000.0,sector_excluded_sic_3585,8,8,,
2025-07-01,866787,AUTOZONE INC,5531.0,189,46251857027.0,ineligible_filing_history,6,8,,
2025-07-01,702165,NORFOLK SOUTHERN CORP,4011.0,190,48522427121.0,sector_excluded_sic_4011,8,8,,
2025-07-01,4904,AMERICAN ELECTRIC POWER CO INC,4911.0,196,46757322914.0,sector_excluded_sic_4911,8,8,,
2025-07-01,1050915,"QUANTA SERVICES, INC.",1731.0,200,36900000000.0,sector_excluded_sic_1731,8,8,,
2025-07-01,3570,"Cheniere Energy, Inc.",4924.0,203,39400000000.0,sector_excluded_sic_4924,8,8,,
2025-07-01,882184,HORTON D R INC /DE/,1531.0,206,53300000000.0,sector_excluded_sic_1531,8,8,,
2025-07-01,769397,"Autodesk, Inc.",7372.0,207,53200000000.0,ineligible_filing_history,7,8,,
2025-07-01,833444,Johnson Controls International plc,3585.0,211,43900000000.0,sector_excluded_sic_3585,8,8,,
2025-07-01,726728,REALTY INCOME CORP,6798.0,212,45900000000.0,sector_excluded_sic_6798,8,8,,
2025-07-01,1063761,SIMON PROPERTY GROUP INC.,6798.0,213,49060000000.0,sector_excluded_sic_6798,8,8,,
2025-07-01,1755672,"Corteva, Inc.",100.0,216,,no_pit_valid_float,8,8,,
2025-07-01,1635327,Flutter Entertainment plc,7370.0,217,32380000000.0,ineligible_filing_history,6,6,,
2025-07-01,1032208,SEMPRA,4932.0,220,48100000000.0,sector_excluded_sic_4932,8,8,,
2025-07-01,1051470,CROWN CASTLE INC.,6798.0,222,42400000000.0,sector_excluded_sic_6798,8,8,,
2025-07-01,715957,"DOMINION ENERGY, INC",4911.0,225,41100000000.0,sector_excluded_sic_4911,8,8,,
2025-07-01,1318220,"Waste Connections, Inc.",4953.0,226,45132941596.0,sector_excluded_sic_4953,8,8,,
2025-07-01,1038357,PIONEER NATURAL RESOURCES CO,1311.0,228,48037455068.0,ineligible_filing_history,4,4,,
2025-07-01,723531,PAYCHEX INC,8700.0,230,32214666636.0,sector_excluded_sic_8700,6,8,,
2025-07-01,55785,KIMBERLY CLARK CORP,2670.0,231,46600000000.0,sector_excluded_sic_2670,8,8,,
2025-07-01,202058,"L3HARRIS TECHNOLOGIES, INC. /DE/",3812.0,233,42471412123.0,sector_excluded_sic_3812,8,8,,
2025-07-01,745732,"ROSS STORES, INC.",5651.0,234,45630083382.0,ineligible_filing_history,6,8,,
2025-07-01,1004980,PG&E Corp,4931.0,235,,no_pit_valid_float,8,8,,
2025-07-01,1339688,LION COPPER & GOLD CORP.,1000.0,237,23151343000.0,sector_excluded_sic_1000,7,8,,
2025-07-01,26172,CUMMINS INC,3510.0,238,38000000000.0,sector_excluded_sic_3510,8,8,,
2025-07-01,24741,CORNING INC /NY,3357.0,239,33000000000.0,sector_excluded_sic_3357,8,8,,
2025-07-01,1385157,TE Connectivity plc,5065.0,241,44500000000.0,sector_excluded_sic_5065,8,8,,
2025-07-01,1393311,Public Storage,6798.0,242,,no_pit_valid_float,8,8,,
2025-07-01,1109357,EXELON CORP,4931.0,243,34615866949.0,sector_excluded_sic_4931,8,8,,
2025-07-01,2011641,Ferguson Enterprises Inc. /DE/,5070.0,250,38089217655.0,sector_excluded_sic_5070,4,4,,
2025-07-01,1067701,"UNITED RENTALS, INC.",7359.0,251,37800000000.0,sector_excluded_sic_7359,8,8,,
2025-07-01,16918,"CONSTELLATION BRANDS, INC.",2080.0,257,38500000000.0,ineligible_filing_history,7,7,,
2025-07-01,788784,PUBLIC SERVICE ENTERPRISE GROUP INC,4931.0,258,36632552572.0,sector_excluded_sic_4931,8,8,,
2025-07-01,1037868,AMETEK INC/,3823.0,260,38600000000.0,sector_excluded_sic_3823,8,8,,
2025-07-01,1138118,"CBRE GROUP, INC.",6500.0,261,27200000000.0,sector_excluded_sic_6500,8,8,,
2025-07-01,277135,"W.W. GRAINGER, INC.",5000.0,263,40147032828.0,sector_excluded_sic_5000,8,8,,
2025-07-01,73309,NUCOR CORP,3312.0,270,37270000000.0,sector_excluded_sic_3312,8,8,,
2025-07-01,72903,XCEL ENERGY INC,4931.0,272,29767371894.0,sector_excluded_sic_4931,8,8,,
2025-07-01,920760,LENNAR CORP /NEW/,1520.0,273,39677379445.0,sector_excluded_sic_1520,6,7,,
2025-07-01,1769628,"CoreWeave, Inc.",7372.0,276,,no_pit_valid_float,1,1,,
2025-07-01,1781335,Otis Worldwide Corp,3600.0,278,38593945633.0,sector_excluded_sic_3600,8,8,,
2025-07-01,56873,KROGER CO,5411.0,279,38200000000.0,ineligible_filing_history,6,8,,
2025-07-01,1701605,Baker Hughes Co,3533.0,283,34880320572.0,sector_excluded_sic_3533,8,8,,
2025-07-01,1876042,"Circle Internet Group, Inc.",6199.0,284,,no_pit_valid_float,0,0,,
2025-07-01,1751788,DOW INC.,2821.0,285,37100000000.0,sector_excluded_sic_2821,8,8,,
2025-07-01,65984,ENTERGY CORP /DE/,4911.0,287,22900000000.0,sector_excluded_sic_4911,8,8,,
2025-07-01,1699150,Ingersoll Rand Inc.,3560.0,294,36600000000.0,sector_excluded_sic_3560,8,8,,
2025-07-01,1047862,CONSOLIDATED EDISON INC,4931.0,296,30800000000.0,sector_excluded_sic_4931,8,8,,
2025-07-01,878927,"OLD DOMINION FREIGHT LINE, INC.",4213.0,302,33407884515.0,sector_excluded_sic_4213,8,8,,
2025-07-01,79879,PPG INDUSTRIES INC,2851.0,303,29338000000.0,sector_excluded_sic_2851,8,8,,
2025-07-01,1396009,Vulcan Materials CO,1400.0,305,32788771088.0,sector_excluded_sic_1400,8,8,,
2025-07-01,1705696,VICI PROPERTIES INC.,6798.0,306,29800000000.0,sector_excluded_sic_6798,8,8,,
2025-07-01,1121788,GARMIN LTD,3812.0,307,25279000000.0,sector_excluded_sic_3812,8,8,,
2025-07-01,1666700,"DuPont de Nemours, Inc.",2821.0,311,34000000000.0,sector_excluded_sic_2821,8,8,,
2025-07-01,1024478,"ROCKWELL AUTOMATION, INC",3829.0,312,33200000000.0,sector_excluded_sic_3829,8,8,,
2025-07-01,749251,GARTNER INC,8741.0,313,33600000000.0,sector_excluded_sic_8741,8,8,,
2025-07-01,783325,"WEC ENERGY GROUP, INC.",4931.0,315,24800000000.0,sector_excluded_sic_4931,8,8,,
2025-07-01,1524472,Xylem Inc.,3561.0,318,32800000000.0,sector_excluded_sic_3561,8,8,,
2025-07-01,1289490,Extra Space Storage Inc.,6798.0,319,32584898000.0,sector_excluded_sic_6798,8,8,,
2025-07-01,33185,EQUIFAX INC,7320.0,320,30001128029.0,sector_excluded_sic_7320,8,8,,
2025-07-01,27904,"DELTA AIR LINES, INC.",4512.0,323,30600000000.0,sector_excluded_sic_4512,8,8,,
2025-07-01,943452,WESTINGHOUSE AIR BRAKE TECHNOLOGIES CORP,3743.0,326,24400000000.0,sector_excluded_sic_3743,8,8,,
2025-07-01,1020569,IRON MOUNTAIN INC,6798.0,334,,no_pit_valid_float,8,8,,
2025-07-01,915912,AVALONBAY COMMUNITIES INC,6798.0,338,29566349751.0,sector_excluded_sic_6798,8,8,,
2025-07-01,916076,MARTIN MARIETTA MATERIALS INC,1400.0,342,29035890412.0,sector_excluded_sic_1400,8,8,,
2025-07-01,740260,"Ventas, Inc.",6798.0,344,21100000000.0,sector_excluded_sic_6798,8,8,,
2025-07-01,46619,HEICO CORP,3724.0,346,23273324000.0,sector_excluded_sic_3724,8,8,,
2025-07-01,1404655,HUBSPOT INC,7372.0,347,,no_pit_valid_float,8,8,,
2025-07-01,827052,EDISON INTERNATIONAL,4911.0,350,27700000000.0,sector_excluded_sic_4911,8,8,,
2025-07-01,2035989,Amrize Ltd,3241.0,351,,no_pit_valid_float,0,0,,
2025-07-01,936340,DTE ENERGY CO,4911.0,352,22900000000.0,sector_excluded_sic_4911,8,8,,
2025-07-01,1013871,"NRG ENERGY, INC.",4911.0,353,12225722798.0,sector_excluded_sic_4911,8,8,,
2025-07-01,1659166,Fortive Corp,3823.0,357,25900000000.0,sector_excluded_sic_3823,8,8,,
2025-07-01,906107,VIVMARK RESIDENTIAL,6798.0,358,26300000000.0,sector_excluded_sic_6798,8,8,,
2025-07-01,915913,ALBEMARLE CORP,2821.0,360,11200000000.0,sector_excluded_sic_2821,8,8,,
2025-07-01,1002910,AMEREN CORP,4931.0,361,18953889643.0,sector_excluded_sic_4931,8,8,,
2025-07-01,100517,"United Airlines Holdings, Inc.",4512.0,362,15900000000.0,sector_excluded_sic_4512,8,8,,
2025-07-01,1034054,SBA COMMUNICATIONS CORP,6798.0,366,21000000000.0,sector_excluded_sic_6798,8,8,,
2025-07-01,815097,Carnival Corp Ltd.,4400.0,367,15600000000.0,sector_excluded_sic_4400,6,8,,
2025-07-01,922224,PPL Corp,4911.0,368,20399126544.0,sector_excluded_sic_4911,8,8,,
2025-07-01,29905,DOVER Corp,3530.0,369,24714803907.0,sector_excluded_sic_3530,8,8,,
2025-07-01,1601712,Synchrony Financial,6199.0,372,18645501294.0,non_operating_sic_6199,8,8,,
2025-07-01,1489393,LyondellBasell Industries N.V.,2860.0,373,24800000000.0,sector_excluded_sic_2860,8,8,,
2025-07-01,72741,EVERSOURCE ENERGY,4911.0,374,20096384968.0,sector_excluded_sic_4911,8,8,,
2025-07-01,51434,INTERNATIONAL PAPER CO /NEW/,2621.0,376,14910126297.0,sector_excluded_sic_2621,8,8,,
2025-07-01,1410636,"American Water Works Company, Inc.",4941.0,377,22045400000.0,sector_excluded_sic_4941,8,8,,
2025-07-01,731802,ATMOS ENERGY CORP,4924.0,378,17825800856.0,sector_excluded_sic_4924,8,8,,
2025-07-01,106535,WEYERHAEUSER CO,6798.0,379,20600000000.0,sector_excluded_sic_6798,8,8,,
2025-07-01,51253,INTERNATIONAL FLAVORS & FRAGRANCES INC,2860.0,381,24341101827.0,sector_excluded_sic_2860,8,8,,
2025-07-01,97210,"TERADYNE, INC",3825.0,386,24000000000.0,sector_excluded_sic_3825,8,8,,
2025-07-01,1130310,CENTERPOINT ENERGY INC,4911.0,391,19797614936.0,sector_excluded_sic_4911,8,8,,
2025-07-01,1094285,TELEDYNE TECHNOLOGIES INC,3812.0,392,18000000000.0,sector_excluded_sic_3812,8,8,,
2025-07-01,63754,MCCORMICK & CO INC,2090.0,393,19353507870.0,ineligible_filing_history,6,8,,
2025-07-01,1967680,Veralto Corp,3825.0,397,23600000000.0,sector_excluded_sic_3825,7,7,,
2025-07-01,1031296,FIRSTENERGY CORP,4911.0,400,22003636801.0,sector_excluded_sic_4911,8,8,,
2025-07-01,1937926,Brookfield Asset Management Ltd.,6282.0,401,16000000000.0,ineligible_filing_history,2,2,,
2025-07-01,822416,PULTEGROUP INC/MI/,1531.0,406,22800000000.0,sector_excluded_sic_1531,8,8,,
2025-07-01,1175454,"CORPAY, INC.",7389.0,407,,no_pit_valid_float,8,8,,
2025-07-01,906163,NVR INC,1531.0,410,22402443000.0,sector_excluded_sic_1531,8,8,,
2025-07-01,2005951,Smurfit Westrock plc,2650.0,411,,no_pit_valid_float,5,5,,
2025-07-01,1687229,Invitation Homes Inc.,6510.0,415,21900000000.0,sector_excluded_sic_6510,8,8,,
2025-07-01,1852317,Fidelity Wise Origin Bitcoin Fund,6221.0,420,,no_pit_valid_float,6,6,,
2025-07-01,92380,SOUTHWEST AIRLINES CO,4512.0,422,17086581902.0,sector_excluded_sic_4512,8,8,,
2025-07-01,1713445,"Reddit, Inc.",7374.0,423,10400000000.0,ineligible_filing_history,5,5,,
2025-07-01,1443646,Booz Allen Hamilton Holding Corp,8742.0,427,20650914907.0,sector_excluded_sic_8742,8,8,,
2025-07-01,811156,CMS ENERGY CORP,4931.0,428,17701000000.0,sector_excluded_sic_4931,8,8,,
2025-07-01,1035443,"ALEXANDRIA REAL ESTATE EQUITIES, INC.",6798.0,430,20300000000.0,sector_excluded_sic_6798,8,8,,
2025-07-01,1601046,"Keysight Technologies, Inc.",3823.0,431,20000000000.0,sector_excluded_sic_3823,8,8,,
2025-07-01,1818874,"SoFi Technologies, Inc.",6199.0,433,6700000000.0,non_operating_sic_6199,8,8,,
2025-07-01,1811074,Texas Pacific Land Corp,6792.0,434,10900000000.0,non_operating_sic_6792,8,8,,
2025-07-01,1324424,"Expedia Group, Inc.",4700.0,435,15649026000.0,sector_excluded_sic_4700,8,8,,
2025-07-01,21076,CLOROX CO /DE/,2842.0,437,17700000000.0,sector_excluded_sic_2842,8,8,,
2025-07-01,940944,DARDEN RESTAURANTS INC,5812.0,442,18588900000.0,ineligible_filing_history,6,8,,
2025-07-01,40987,GENUINE PARTS CO,5013.0,448,16200000000.0,sector_excluded_sic_5013,8,8,,
2025-07-01,1111711,NISOURCE INC.,4931.0,454,13022151904.0,sector_excluded_sic_4931,8,8,,
2025-07-01,1035983,COMFORT SYSTEMS USA INC,1731.0,460,10670000000.0,sector_excluded_sic_1731,8,8,,
2025-07-01,9389,BALL Corp,3411.0,463,18360000000.0,sector_excluded_sic_3411,8,8,,
2025-07-01,1069202,LENNOX INTERNATIONAL INC,3585.0,467,17100000000.0,sector_excluded_sic_3585,8,8,,
2025-07-01,920522,"ESSEX PROPERTY TRUST, INC.",6798.0,469,17400000000.0,sector_excluded_sic_6798,8,8,,
2025-07-01,1030894,CELESTICA INC,3672.0,470,6700000000.0,ineligible_filing_history,2,2,,
2025-07-01,746515,EXPEDITORS INTERNATIONAL OF WASHINGTON INC,4731.0,471,17435031444.0,sector_excluded_sic_4731,8,8,,
2025-07-01,110621,RPM INTERNATIONAL INC/DE/,2851.0,472,13091662068.0,sector_excluded_sic_2851,8,8,,
2025-07-01,8818,Avery Dennison Corp,2670.0,476,17500000000.0,sector_excluded_sic_2670,8,8,,
2025-07-01,100493,"TYSON FOODS, INC.",2015.0,477,,no_pit_valid_float,8,8,,
2025-07-01,105634,"EMCOR Group, Inc.",1731.0,480,10817000000.0,sector_excluded_sic_1731,8,8,,
2025-07-01,1552033,TransUnion,7320.0,483,14400000000.0,sector_excluded_sic_7320,8,8,,
2025-07-01,1474432,"Everpure, Inc.",3572.0,484,16900000000.0,ineligible_filing_history,7,8,,
2025-07-01,75677,PACKAGING CORP OF AMERICA,2650.0,490,11671075503.0,sector_excluded_sic_2650,8,8,,
2025-07-01,77360,PENTAIR plc,3550.0,491,12544144875.0,sector_excluded_sic_3550,8,8,,
2025-07-01,1095073,"EVEREST GROUP, LTD.",6331.0,495,,no_pit_valid_float,8,8,,
2025-07-01,861884,"RELIANCE, INC.",5051.0,496,15790000000.0,sector_excluded_sic_5051,8,8,,
2025-07-01,26324,CURTISS WRIGHT CORP,3590.0,498,9200000000.0,sector_excluded_sic_3590,8,8,,
2025-07-01,105016,WATSCO INC,5070.0,499,16284000000.0,sector_excluded_sic_5070,8,8,,
2025-07-01,832101,IDEX CORP /DE/,3561.0,500,15227465474.0,sector_excluded_sic_3561,8,8,,
2025-07-01,217346,TEXTRON INC,3720.0,501,16000000000.0,sector_excluded_sic_3720,8,8,,
2025-07-01,912593,SUN COMMUNITIES INC,6798.0,502,14832747260.0,sector_excluded_sic_6798,8,8,,
2025-07-01,52988,JACOBS SOLUTIONS INC.,1600.0,504,15900000000.0,sector_excluded_sic_1600,8,8,,
2025-07-01,91440,Snap-on Inc,3420.0,505,13500000000.0,sector_excluded_sic_3420,8,8,,
2025-07-01,877212,ZEBRA TECHNOLOGIES CORP,3560.0,507,15800000000.0,sector_excluded_sic_3560,8,8,,
2025-07-01,1711269,"Evergy, Inc.",4931.0,510,12025571828.0,sector_excluded_sic_4931,8,8,,
2025-07-01,1375365,"Super Micro Computer, Inc.",3571.0,511,13520556853.0,ineligible_filing_history,6,8,,
2025-07-01,352541,ALLIANT ENERGY CORP,4931.0,512,13000000000.0,sector_excluded_sic_4931,8,8,,
2025-07-01,1065696,LKQ CORP,5010.0,513,10900000000.0,sector_excluded_sic_5010,8,8,,
2025-07-01,1287750,ARES CAPITAL CORP,,514,13066189804.0,sector_excluded_sic_None,8,8,,
2025-07-01,898293,JABIL INC,3672.0,518,15200000000.0,ineligible_filing_history,7,8,,
2025-07-01,1618921,"Walgreens Boots Alliance, Inc.",5912.0,519,15200000000.0,ineligible_filing_history,6,8,,
2025-07-01,1370946,Owens Corning,3290.0,520,15103269437.0,sector_excluded_sic_3290,8,8,,
2025-07-01,1996862,Bunge Global SA,2070.0,521,15013000000.0,ineligible_filing_history,6,6,,
2025-07-01,728535,HUNT J B TRANSPORT SERVICES INC,4213.0,523,13000000000.0,sector_excluded_sic_4213,8,8,,
2025-07-01,1819994,Rocket Lab Corp,3760.0,524,1732300000.0,sector_excluded_sic_3760,8,8,,
2025-07-01,1022671,STEEL DYNAMICS INC,3312.0,527,14800000000.0,sector_excluded_sic_3312,8,8,,
2025-07-01,1324404,"CF Industries Holdings, Inc.",2870.0,528,13288724410.0,sector_excluded_sic_2870,8,8,,
2025-07-01,1306830,Celanese Corp,2820.0,531,14686088441.0,sector_excluded_sic_2820,8,8,,
2025-07-01,820318,COHERENT CORP.,3827.0,532,6559717307.0,sector_excluded_sic_3827,8,8,,
2025-07-01,62996,MASCO CORP /DE/,3430.0,534,14510947978.0,sector_excluded_sic_3430,8,8,,
2025-07-01,1025378,W. P. Carey Inc.,6798.0,536,12000000000.0,sector_excluded_sic_6798,8,8,,
2025-07-01,93556,"STANLEY BLACK & DECKER, INC.",3420.0,537,12300000000.0,sector_excluded_sic_3420,8,8,,
2025-07-01,1166003,"XPO, Inc.",4700.0,538,12100000000.0,sector_excluded_sic_4700,8,8,,
2025-07-01,1679273,"Lamb Weston Holdings, Inc.",2030.0,540,14300000000.0,ineligible_filing_history,7,8,,
2025-07-01,42888,GRACO INC,3561.0,541,13390841427.0,sector_excluded_sic_3561,8,8,,
2025-07-01,945841,POOL CORP,5090.0,542,11422468034.0,sector_excluded_sic_5090,8,8,,
2025-07-01,879101,KIMCO REALTY CORP,6798.0,543,12800000000.0,sector_excluded_sic_6798,8,8,,
2025-07-01,1957132,"SharkNinja, Inc.",3630.0,544,,no_pit_valid_float,0,0,,
2025-07-01,1567094,CNH Industrial N.V.,3531.0,546,9000000000.0,sector_excluded_sic_3531,8,8,,
2025-07-01,101778,MARATHON OIL CORP,1311.0,547,13888000000.0,ineligible_filing_history,6,6,,
2025-07-01,874761,AES CORP,4991.0,548,12490000000.0,sector_excluded_sic_4991,8,8,,
2025-07-01,864749,TRIMBLE INC.,3829.0,553,13700000000.0,sector_excluded_sic_3829,5,8,,
2025-07-01,1973266,"TKO Group Holdings, Inc.",7900.0,554,8505980836000.0,ineligible_filing_history,7,7,,
2025-07-01,23217,CONAGRA BRANDS INC.,2000.0,555,13618363248.0,ineligible_filing_history,7,8,,
2025-07-01,868857,AECOM,8711.0,563,13300000000.0,sector_excluded_sic_8711,8,8,,
2025-07-01,1622536,Talen Energy Corp,4911.0,564,5900000000.0,sector_excluded_sic_4911,4,4,,
2025-07-01,1486957,"BWX Technologies, Inc.",3510.0,565,8700000000.0,sector_excluded_sic_3510,8,8,,
2025-07-01,1736297,"Astera Labs, Inc.",3674.0,566,6600000000.0,ineligible_filing_history,5,5,,
2025-07-01,1170010,CARMAX INC,5500.0,567,13133324489.0,ineligible_filing_history,6,8,,
2025-07-01,1964738,Solventum Corp,3841.0,569,9100000000.0,ineligible_filing_history,5,5,,
2025-07-01,37785,FMC CORP,2800.0,570,7145820070.0,sector_excluded_sic_2800,8,8,,
2025-07-01,910606,REGENCY CENTERS CORP,6798.0,572,11200000000.0,sector_excluded_sic_6798,8,8,,
2025-07-01,1796209,APi Group Corp,7340.0,575,8500000000.0,sector_excluded_sic_7340,8,8,,
2025-07-01,1575965,"Gaming & Leisure Properties, Inc.",6798.0,576,11800000000.0,sector_excluded_sic_6798,8,8,,
2025-07-01,1177702,SAIA INC,4213.0,578,12611329837.0,sector_excluded_sic_4213,8,8,,
2025-07-01,1720635,nVent Electric plc,3550.0,579,12611244553.0,sector_excluded_sic_3550,8,8,,
2025-07-01,1070750,"HOST HOTELS & RESORTS, INC.",6798.0,582,12458130843.0,sector_excluded_sic_6798,8,8,,
2025-07-01,1579241,Allegion plc,7381.0,587,10300000000.0,sector_excluded_sic_7381,8,8,,
2025-07-01,895417,EQUITY LIFESTYLE PROPERTIES INC,6798.0,588,12050800000.0,sector_excluded_sic_6798,8,8,,
2025-07-01,216228,ITT INC.,3561.0,589,10500000000.0,sector_excluded_sic_3561,8,8,,
2025-07-01,794170,"Toll Brothers, Inc.",1531.0,593,12183487000.0,sector_excluded_sic_1531,8,8,,
2025-07-01,1043219,ANNALY CAPITAL MANAGEMENT INC,6798.0,595,9500000000.0,sector_excluded_sic_6798,8,8,,
2025-07-01,1037976,JONES LANG LASALLE INC,6531.0,599,9675058454.0,sector_excluded_sic_6531,8,8,,
2025-07-01,1018963,ATI INC,3317.0,601,6900000000.0,sector_excluded_sic_3317,8,8,,
2025-07-01,906345,CAMDEN PROPERTY TRUST,6798.0,602,11569433678.0,sector_excluded_sic_6798,8,8,,
2025-07-01,1219601,"CROWN HOLDINGS, INC.",3411.0,603,8940581920.0,sector_excluded_sic_3411,8,8,,
2025-07-01,912595,MID AMERICA APARTMENT COMMUNITIES INC.,6798.0,604,11000000000.0,sector_excluded_sic_6798,8,8,,
2025-07-01,1562401,American Homes 4 Rent,6798.0,605,11900000000.0,sector_excluded_sic_6798,8,8,,
2025-07-01,765880,"HEALTHPEAK PROPERTIES, INC.",6798.0,606,11800000000.0,sector_excluded_sic_6798,8,8,,
2025-07-01,822818,CLEAN HARBORS INC,4955.0,610,11500000000.0,sector_excluded_sic_4955,8,8,,
2025-07-01,6201,American Airlines Group Inc.,4512.0,611,7400000000.0,sector_excluded_sic_4512,8,8,,
2025-07-01,85535,ROYAL GOLD INC,6795.0,612,8200000000.0,non_operating_sic_6795,8,8,,
2025-07-01,1590364,FTAI Aviation Ltd.,7350.0,614,10400000000.0,sector_excluded_sic_7350,8,8,,
2025-07-01,1633931,"QXO Insulation, LLC",1700.0,616,11700000000.0,sector_excluded_sic_1700,8,8,,
2025-07-01,1780312,"AST SpaceMobile, Inc.",4899.0,617,1701300000.0,sector_excluded_sic_4899,7,8,,
2025-07-01,1285785,MOSAIC CO,2870.0,620,7000000000.0,sector_excluded_sic_2870,8,8,,
2025-07-01,1043277,"C. H. ROBINSON WORLDWIDE, INC.",4731.0,626,10299490294.0,sector_excluded_sic_4731,8,8,,
2025-07-01,59527,LINCOLN ELECTRIC HOLDINGS INC,3540.0,627,10520915345.0,sector_excluded_sic_3540,8,8,,
2025-07-01,915389,EASTMAN CHEMICAL CO,2821.0,628,11210921360.0,sector_excluded_sic_2821,8,8,,
2025-07-01,737758,TORO CO,3524.0,634,9200000000.0,sector_excluded_sic_3524,8,8,,
2025-07-01,1717115,"Tempus AI, Inc.",7370.0,635,5400000000.0,ineligible_filing_history,4,4,,
2025-07-01,1177394,TD SYNNEX CORP,5045.0,637,10978333656.0,sector_excluded_sic_5045,8,8,,
2025-07-01,1174922,WYNN RESORTS LTD,7011.0,638,,no_pit_valid_float,8,8,,
2025-07-01,888491,OMEGA HEALTHCARE INVESTORS INC,6798.0,642,8700286277.0,sector_excluded_sic_6798,8,8,,
2025-07-01,764622,PINNACLE WEST CAPITAL CORP,4911.0,647,8663553568.0,sector_excluded_sic_4911,8,8,,
2025-07-01,1037540,"BXP, Inc.",6798.0,648,9649488016.0,sector_excluded_sic_6798,8,8,,
2025-07-01,78128,"Essential Utilities, Inc.",4941.0,650,10196364496.0,sector_excluded_sic_4941,8,8,,
2025-07-01,1571283,"Rexford Industrial Realty, Inc.",6798.0,655,9700000000.0,sector_excluded_sic_6798,8,8,,
2025-07-01,1090425,LAMAR ADVERTISING CO/NEW,6798.0,663,10320640348.0,sector_excluded_sic_6798,8,8,,
2025-07-01,1856525,"Core & Main, Inc.",5099.0,664,10312000000.0,sector_excluded_sic_5099,8,8,,
2025-07-01,15615,MASTEC INC,1623.0,665,6500000000.0,sector_excluded_sic_1623,8,8,,
2025-07-01,82811,REGAL REXNORD CORP,3569.0,669,8900000000.0,sector_excluded_sic_3569,8,8,,
2025-07-01,1298675,CubeSmart,6798.0,670,10135574115.0,sector_excluded_sic_6798,8,8,,
2025-07-01,1681459,TechnipFMC plc,3533.0,679,7800000000.0,sector_excluded_sic_3533,8,8,,
2025-07-01,831641,TETRA TECH INC,8711.0,680,9800000000.0,sector_excluded_sic_8711,8,8,,
2025-07-01,1501585,"HUNTINGTON INGALLS INDUSTRIES, INC.",3730.0,686,9671000000.0,sector_excluded_sic_3730,8,8,,
2025-07-01,851205,COGNEX CORP,3823.0,687,8001170186.0,sector_excluded_sic_3823,8,8,,
2025-07-01,918646,EAGLE MATERIALS INC,3241.0,691,9500000000.0,sector_excluded_sic_3241,8,8,,
2025-07-01,1001838,SOUTHERN COPPER CORP/,1000.0,696,9330700000.0,sector_excluded_sic_1000,8,8,,
2025-07-01,1647088,WillScot Holdings Corp,7350.0,697,6900000000.0,sector_excluded_sic_7350,8,8,,
2025-07-01,1944013,Crane Co,3490.0,699,7030617496.0,sector_excluded_sic_3490,8,8,,
2025-07-01,1513761,Norwegian Cruise Line Holdings Ltd.,4400.0,702,8200000000.0,sector_excluded_sic_4400,8,8,,
2025-07-01,109563,APPLIED INDUSTRIAL TECHNOLOGIES INC,5080.0,703,6623721000.0,sector_excluded_sic_5080,8,8,,
2025-07-01,929008,WESCO INTERNATIONAL INC,5063.0,704,7700000000.0,sector_excluded_sic_5063,8,8,,
2025-07-01,1519751,"Fortune Brands Innovations, Inc.",2430.0,708,8071063938.0,sector_excluded_sic_2430,8,8,,
2025-07-01,1474735,GENERAC HOLDINGS INC.,3621.0,709,8000000000.0,sector_excluded_sic_3621,8,8,,
2025-07-01,1021635,OGE ENERGY CORP.,4911.0,714,7170961289.0,sector_excluded_sic_4911,8,8,,
2025-07-01,1144215,ACUITY INC. (DE),3640.0,715,7600000000.0,ineligible_filing_history,6,8,,
2025-07-01,1492691,Knight-Swift Transportation Holdings Inc.,4213.0,718,7964037120.0,sector_excluded_sic_4213,8,8,,
2025-07-01,1324948,RBC Bearings INC,3562.0,719,8806471608.0,sector_excluded_sic_3562,8,8,,
2025-07-01,1049502,MKS INC,3823.0,720,8786410629.0,sector_excluded_sic_3823,8,8,,
2025-07-01,49600,EASTGROUP PROPERTIES INC,6798.0,721,8194355215.0,sector_excluded_sic_6798,8,8,,
2025-07-01,1357615,"KBR, INC.",1600.0,726,8500000000.0,sector_excluded_sic_1600,8,8,,
2025-07-01,89439,MUELLER INDUSTRIES INC,3350.0,729,6322607148.0,sector_excluded_sic_3350,8,8,,
2025-07-01,1423689,AGNC Investment Corp.,6798.0,730,6700000000.0,sector_excluded_sic_6798,8,8,,
2025-07-01,1163302,UNITED STATES STEEL CORP,3312.0,734,8500000000.0,sector_excluded_sic_3312,8,8,,
2025-07-01,17843,CARPENTER TECHNOLOGY CORP,3312.0,737,3498374545.0,sector_excluded_sic_3312,8,8,,
2025-07-01,29644,DONALDSON Co INC,3564.0,739,7729445706.0,sector_excluded_sic_3564,8,8,,
2025-07-01,2082866,"Pinnacle Financial Partners, Inc.",6021.0,741,,no_pit_valid_float,0,0,,
2025-07-01,34903,FEDERAL REALTY INVESTMENT TRUST,6798.0,745,8400000000.0,sector_excluded_sic_6798,8,8,,
2025-07-01,764065,CLEVELAND-CLIFFS INC.,1000.0,746,7077318531.0,sector_excluded_sic_1000,8,8,,
2025-07-01,1795586,"Chime Financial, Inc.",6199.0,751,,no_pit_valid_float,0,0,,
2025-07-01,880266,AGCO CORP /DE,3523.0,758,6100000000.0,sector_excluded_sic_3523,8,8,,
2025-07-01,1124198,FLUOR CORP,1600.0,759,7400000000.0,sector_excluded_sic_1600,8,8,,
2025-07-01,1584751,Talis Biomedical Corp,3826.0,762,8151667000.0,ineligible_filing_history,5,5,,
2025-07-01,1596783,"Catalent, Inc.",2834.0,765,8100000000.0,ineligible_filing_history,5,6,,
2025-07-01,2000178,Loar Holdings Inc.,3728.0,766,675636500.0,sector_excluded_sic_3728,5,5,,
2025-07-01,751364,"NNN REIT, INC.",6798.0,767,7741963000.0,sector_excluded_sic_6798,8,8,,
2025-07-01,1069878,TREX CO INC,2400.0,769,8000000000.0,sector_excluded_sic_2400,8,8,,
2025-07-01,7536,"ARROW ELECTRONICS, INC.",5065.0,771,6372985825.0,sector_excluded_sic_5065,8,8,,
2025-07-01,1581068,Brixmor Property Group Inc.,6798.0,773,6910020838.0,sector_excluded_sic_6798,8,8,,
2025-07-01,315213,ROBERT HALF INC.,7363.0,776,6455445211.0,sector_excluded_sic_7363,8,8,,
2025-07-01,1408075,GRAPHIC PACKAGING HOLDING CO,2650.0,777,7800000000.0,sector_excluded_sic_2650,8,8,,
2025-07-01,1732845,WestRock Co,2650.0,778,7769000000.0,sector_excluded_sic_2650,4,4,,
2025-07-01,1642545,"Shockwave Medical, Inc.",3841.0,783,7700000000.0,ineligible_filing_history,4,4,,
2025-07-01,88205,"SPX Technologies, Inc.",3540.0,785,6463938483.0,sector_excluded_sic_3540,8,8,,
2025-07-01,1398659,Genpact LTD,8742.0,786,5700068586.0,sector_excluded_sic_8742,8,8,,
2025-07-01,1675149,Alcoa Corp,3334.0,788,7100000000.0,sector_excluded_sic_3334,8,8,,
2025-07-01,1616862,Axalta Coating Systems Ltd.,2851.0,791,7475000000.0,sector_excluded_sic_2851,8,8,,
2025-07-01,2042694,Primo Brands Corp,2080.0,793,,no_pit_valid_float,3,3,,
2025-07-01,892553,CHART INDUSTRIES INC,3443.0,795,6148163455.0,sector_excluded_sic_3443,8,8,,
2025-07-01,1650729,"SiteOne Landscape Supply, Inc.",5040.0,796,5399556652.0,sector_excluded_sic_5040,8,8,,
2025-07-01,1021860,NOV Inc.,3533.0,800,7400000000.0,sector_excluded_sic_3533,8,8,,
2025-07-01,813672,CADENCE DESIGN SYSTEMS INC,7372.0,128,84268000000.0,below_sector_K,8,8,tech,21.0
2025-07-01,707549,LAM RESEARCH CORP,3559.0,129,83831499278.0,below_sector_K,8,8,tech,22.0
2025-07-01,64803,CVS HEALTH Corp,5912.0,124,74072103405.0,below_sector_K,8,8,consumer,21.0
2025-07-01,1058090,CHIPOTLE MEXICAN GRILL INC,5812.0,148,72256000000.0,below_sector_K,8,8,consumer,22.0
2025-07-01,820313,AMPHENOL CORP /DE/,3678.0,101,70603000000.0,below_sector_K,8,8,tech,23.0
2025-07-01,1413447,NXP Semiconductors N.V.,3674.0,159,67700000000.0,below_sector_K,8,8,tech,24.0
2025-07-01,883241,SYNOPSYS INC,7372.0,160,67500000000.0,below_sector_K,8,8,tech,25.0
2025-07-01,27419,TARGET CORP,5331.0,170,64152450257.0,below_sector_K,8,8,consumer,23.0
2025-07-01,315293,Aon plc,6411.0,139,63751112781.0,below_sector_K,8,8,financials,21.0
2025-07-01,36104,US BANCORP \DE\,6021.0,154,62000000000.0,below_sector_K,8,8,financials,22.0
2025-07-01,713676,"PNC FINANCIAL SERVICES GROUP, INC.",6021.0,147,61600000000.0,below_sector_K,8,8,financials,23.0
2025-07-01,860730,"HCA Healthcare, Inc.",8062.0,173,60369000000.0,below_sector_K,8,8,healthcare,21.0
2025-07-01,882095,"GILEAD SCIENCES, INC.",2836.0,106,60000000000.0,below_sector_K,8,8,healthcare,22.0
2025-07-01,1633917,"PayPal Holdings, Inc.",7389.0,146,59800000000.0,below_sector_K,8,8,financials,24.0
2025-07-01,1222333,SPDR GOLD TRUST,6221.0,118,59081825589.0,below_sector_K,8,8,financials,25.0
2025-07-01,31462,ECOLAB INC.,2840.0,161,58992719690.0,below_sector_K,8,8,consumer,24.0
2025-07-01,1048286,MARRIOTT INTERNATIONAL INC /MD/,7011.0,178,56461271207.0,below_sector_K,8,8,consumer,25.0
2025-07-01,68505,"Motorola Solutions, Inc.",3663.0,179,56300000000.0,below_sector_K,8,8,tech,26.0
2025-07-01,66740,3M CO,3841.0,133,56100000000.0,below_sector_K,8,8,healthcare,23.0
2025-07-01,1099800,Edwards Lifesciences Corp,3842.0,192,55525009946.0,below_sector_K,8,8,healthcare,24.0
2025-07-01,1535527,"CrowdStrike Holdings, Inc.",7372.0,205,53500000000.0,below_sector_K,8,8,tech,27.0
2025-07-01,1585689,Hilton Worldwide Holdings Inc.,7011.0,177,53020000000.0,below_sector_K,8,8,consumer,26.0
2025-07-01,75362,PACCAR INC,3711.0,208,53000000000.0,below_sector_K,8,8,consumer,27.0
2025-07-01,927628,CAPITAL ONE FINANCIAL CORP,6021.0,81,52300000000.0,below_sector_K,8,8,financials,26.0
2025-07-01,1467858,General Motors Co,3711.0,209,52200000000.0,below_sector_K,8,8,consumer,28.0
2025-07-01,92230,TRUIST FINANCIAL CORP,6021.0,201,51900000000.0,below_sector_K,8,8,financials,27.0
2025-07-01,1321655,Palantir Technologies Inc.,7372.0,27,51500000000.0,below_sector_K,8,8,tech,28.0
2025-07-01,1835632,"Marvell Technology, Inc.",3674.0,199,51191375327.0,below_sector_K,8,8,tech,29.0
2025-07-01,898173,O REILLY AUTOMOTIVE INC,5531.0,172,51078214227.0,below_sector_K,8,8,consumer,29.0
2025-07-01,4977,AFLAC INC,6321.0,197,49825613971.0,below_sector_K,8,8,financials,28.0
2025-07-01,1099219,METLIFE INC,6311.0,204,49400000000.0,below_sector_K,8,8,financials,29.0
2025-07-01,37996,FORD MOTOR CO,3711.0,182,48960272506.0,below_sector_K,8,8,consumer,30.0
2025-07-01,1327811,"Workday, Inc.",7374.0,223,48100000000.0,below_sector_K,8,8,tech,30.0
2025-07-01,1858681,"Apollo Global Management, Inc.",6282.0,188,48057705400.0,below_sector_K,8,8,financials,30.0
2025-07-01,86312,"TRAVELERS COMPANIES, INC.",6331.0,181,46170862519.0,below_sector_K,8,8,financials,31.0
2025-07-01,49071,HUMANA INC,6324.0,202,45549515606.0,below_sector_K,8,8,healthcare,25.0
2025-07-01,865752,Monster Beverage Corp,2086.0,195,45414209071.0,below_sector_K,8,8,consumer,31.0
2025-07-01,1093557,DEXCOM INC,3841.0,221,45300000000.0,below_sector_K,8,8,healthcare,26.0
2025-07-01,1390777,Bank of New York Mellon Corp,6022.0,169,44178538132.0,below_sector_K,8,8,financials,32.0
2025-07-01,1671933,"Trade Desk, Inc.",7370.0,246,43514637327.0,below_sector_K,8,8,tech,31.0
2025-07-01,5272,"AMERICAN INTERNATIONAL GROUP, INC.",6331.0,229,42903000000.0,below_sector_K,8,8,financials,33.0
2025-07-01,1640147,Snowflake Inc.,7372.0,194,42300000000.0,below_sector_K,8,8,tech,32.0
2025-07-01,827054,MICROCHIP TECHNOLOGY INC,3674.0,255,42200000000.0,below_sector_K,8,8,tech,33.0
2025-07-01,1682852,"Moderna, Inc.",2836.0,256,42100000000.0,below_sector_K,8,8,healthcare,27.0
2025-07-01,820027,AMERIPRISE FINANCIAL INC,6282.0,218,42000000000.0,below_sector_K,8,8,financials,34.0
2025-07-01,899051,ALLSTATE CORP,6331.0,210,41910000000.0,below_sector_K,8,8,financials,35.0
2025-07-01,1137774,PRUDENTIAL FINANCIAL INC,6311.0,259,41910000000.0,below_sector_K,8,8,financials,36.0
2025-07-01,900075,COPART INC,5500.0,214,41839136068.0,below_sector_K,8,8,consumer,32.0
2025-07-01,1136893,"Fidelity National Information Services, Inc.",7389.0,254,41321625726.0,below_sector_K,8,8,financials,37.0
2025-07-01,874716,IDEXX LABORATORIES INC /DE,2835.0,249,40083530200.0,below_sector_K,8,8,healthcare,28.0
2025-07-01,1561550,"Datadog, Inc.",7372.0,248,39200000000.0,below_sector_K,8,8,tech,34.0
2025-07-01,1792789,"DoorDash, Inc.",7389.0,123,38200000000.0,below_sector_K,8,8,financials,38.0
2025-07-01,1478242,IQVIA HOLDINGS INC.,8731.0,267,38200000000.0,below_sector_K,8,8,healthcare,29.0
2025-07-01,712515,ELECTRONIC ARTS INC.,7372.0,280,38145000000.0,below_sector_K,8,8,tech,35.0
2025-07-01,1512673,"Block, Inc.",7372.0,277,37800000000.0,below_sector_K,8,8,tech,36.0
2025-07-01,1442145,"Verisk Analytics, Inc.",7374.0,253,37477230712.0,below_sector_K,8,8,tech,37.0
2025-07-01,1650372,Atlassian Corp,7372.0,275,37100000000.0,below_sector_K,8,8,tech,38.0
2025-07-01,1041061,YUM BRANDS INC,5812.0,265,37000000000.0,below_sector_K,8,8,consumer,33.0
2025-07-01,96021,SYSCO CORP,5140.0,286,36774674879.0,below_sector_K,8,8,consumer,34.0
2025-07-01,1408198,MSCI Inc.,7389.0,247,36725364815.0,below_sector_K,8,8,financials,39.0
2025-07-01,947484,ARCH CAPITAL GROUP LTD.,6331.0,295,36600000000.0,below_sector_K,8,8,financials,40.0
2025-07-01,815556,FASTENAL CO,5200.0,227,35916816764.0,below_sector_K,8,8,consumer,35.0
2025-07-01,40704,GENERAL MILLS INC,2040.0,289,35891000000.0,below_sector_K,8,8,consumer,36.0
2025-07-01,1418135,Keurig Dr Pepper Inc.,2080.0,240,35500000000.0,below_sector_K,8,8,consumer,37.0
2025-07-01,1071739,CENTENE CORP,6324.0,292,34900000000.0,below_sector_K,8,8,healthcare,30.0
2025-07-01,1944048,Kenvue Inc.,2844.0,274,34800000000.0,below_sector_K,8,8,consumer,38.0
2025-07-01,81061,PUBLIX SUPER MARKETS INC,5411.0,244,34682000000.0,below_sector_K,8,8,consumer,39.0
2025-07-01,1001250,ESTEE LAUDER COMPANIES INC,2844.0,310,34000000000.0,below_sector_K,8,8,consumer,40.0
2025-07-01,875045,BIOGEN INC.,2836.0,262,33709755067.0,below_sector_K,8,8,healthcare,31.0
2025-07-01,1058290,COGNIZANT TECHNOLOGY SOLUTIONS CORP,7371.0,281,33700000000.0,below_sector_K,8,8,tech,39.0
2025-07-01,1932393,GE HealthCare Technologies Inc.,3844.0,309,33000000000.0,below_sector_K,8,8,healthcare,32.0
2025-07-01,1393612,Discover Financial Services,6141.0,317,32800000000.0,below_sector_K,8,8,financials,41.0
2025-07-01,1262039,"Fortinet, Inc.",3577.0,193,31496083015.0,below_sector_K,8,8,tech,40.0
2025-07-01,1178670,"ALNYLAM PHARMACEUTICALS, INC.",2834.0,252,30990000000.0,below_sector_K,8,8,healthcare,33.0
2025-07-01,1674101,Vertiv Holdings Co,3679.0,224,30843122938.0,below_sector_K,8,8,tech,41.0
2025-07-01,1057352,"COSTAR GROUP, INC.",7389.0,298,30100000000.0,below_sector_K,8,8,financials,42.0
2025-07-01,1090872,"AGILENT TECHNOLOGIES, INC.",3826.0,325,30000000000.0,below_sector_K,8,8,healthcare,34.0
2025-07-01,1402057,CDW Corp,5961.0,333,29833000000.0,below_sector_K,8,8,consumer,41.0
2025-07-01,1037646,METTLER TOLEDO INTERNATIONAL INC/,3826.0,336,29700000000.0,below_sector_K,8,8,healthcare,35.0
2025-07-01,1140859,"Cencora, Inc.",5122.0,282,29546011267.0,below_sector_K,8,8,healthcare,36.0
2025-07-01,1097864,ON SEMICONDUCTOR CORP,3674.0,268,29264164935.0,below_sector_K,8,8,tech,42.0
2025-07-01,1571996,Dell Technologies Inc.,3571.0,340,29200000000.0,below_sector_K,8,8,tech,43.0
2025-07-01,874766,"HARTFORD INSURANCE GROUP, INC.",6331.0,299,29000000000.0,below_sector_K,8,8,financials,43.0
2025-07-01,7084,Archer-Daniels-Midland Co,2070.0,271,28800000000.0,below_sector_K,8,8,consumer,42.0
2025-07-01,1637459,Kraft Heinz Co,2030.0,321,28500000000.0,below_sector_K,8,8,consumer,43.0
2025-07-01,1091667,"CHARTER COMMUNICATIONS, INC. /MO/",4841.0,288,28300000000.0,below_sector_K,8,8,consumer,44.0
2025-07-01,1393052,VEEVA SYSTEMS INC,7372.0,335,28300000000.0,below_sector_K,8,8,tech,44.0
2025-07-01,1278680,ISHARES GOLD TRUST,6221.0,232,28194552681.0,below_sector_K,8,8,financials,44.0
2025-07-01,47217,HP INC,3570.0,339,27487738771.0,below_sector_K,8,8,tech,45.0
2025-07-01,1397187,lululemon athletica inc.,2300.0,266,26721000000.0,below_sector_K,8,8,consumer,45.0
2025-07-01,47111,HERSHEY CO,2060.0,291,26717916357.0,below_sector_K,8,8,consumer,46.0
2025-07-01,1280452,"MONOLITHIC POWER SYSTEMS, INC.",3674.0,354,26600000000.0,below_sector_K,8,8,tech,46.0
2025-07-01,946581,TAKE TWO INTERACTIVE SOFTWARE INC,7372.0,355,26579762843.0,below_sector_K,8,8,tech,47.0
2025-07-01,1140536,WILLIS TOWERS WATSON PLC,6411.0,331,26561578541.0,below_sector_K,8,8,financials,45.0
2025-07-01,720005,RAYMOND JAMES FINANCIAL INC,6211.0,349,26561575664.0,below_sector_K,8,8,financials,46.0
2025-07-01,1065088,EBAY INC,7389.0,308,26462543018.0,below_sector_K,8,8,financials,47.0
2025-07-01,1560385,Liberty Media Corp,4833.0,322,25800000000.0,below_sector_K,8,8,consumer,47.0
2025-07-01,1113169,PRICE T ROWE GROUP INC,6282.0,365,25300000000.0,below_sector_K,8,8,financials,48.0
2025-07-01,1834584,"Coupang, Inc.",5961.0,314,25200000000.0,below_sector_K,8,8,consumer,48.0
2025-07-01,943819,RESMED INC,3841.0,316,25155017346.0,below_sector_K,8,8,healthcare,37.0
2025-07-01,313927,CHURCH & DWIGHT CO INC /DE/,2840.0,375,24700000000.0,below_sector_K,8,8,consumer,49.0
2025-07-01,814547,FAIR ISAAC CORP,7389.0,297,24649255443.0,below_sector_K,8,8,financials,49.0
2025-07-01,36270,M&T BANK CORP,6022.0,337,24606656349.0,below_sector_K,8,8,financials,50.0
2025-07-01,1123360,GLOBAL PAYMENTS INC,7389.0,364,24442073119.0,below_sector_K,8,8,financials,51.0
2025-07-01,721371,CARDINAL HEALTH INC,5122.0,345,24413491673.0,below_sector_K,8,8,healthcare,38.0
2025-07-01,910521,DECKERS OUTDOOR CORP,3021.0,382,24144731557.0,below_sector_K,8,8,consumer,50.0
2025-07-01,1383312,"BROADRIDGE FINANCIAL SOLUTIONS, INC.",7389.0,359,24045781479.0,below_sector_K,8,8,financials,52.0
2025-07-01,1274494,"FIRST SOLAR, INC.",3674.0,387,24000000000.0,below_sector_K,8,8,tech,48.0
2025-07-01,105770,WEST PHARMACEUTICAL SERVICES INC,3841.0,348,23900000000.0,below_sector_K,8,8,healthcare,39.0
2025-07-01,1757898,STERIS plc,3842.0,390,23874000000.0,below_sector_K,8,8,healthcare,40.0
2025-07-01,1751008,AppLovin Corp,7370.0,107,23700000000.0,below_sector_K,8,8,tech,49.0
2025-07-01,916365,TRACTOR SUPPLY CO /DE/,5200.0,395,23700000000.0,below_sector_K,8,8,consumer,51.0
2025-07-01,1013462,ANSYS INC,7372.0,396,23147000000.0,below_sector_K,8,8,tech,50.0
2025-07-01,1506293,"PINTEREST, INC.",7370.0,402,23100000000.0,below_sector_K,8,8,tech,51.0
2025-07-01,857005,PTC INC.,7372.0,408,22558974797.0,below_sector_K,8,8,tech,52.0
2025-07-01,1120193,"NASDAQ, INC.",6200.0,269,22300000000.0,below_sector_K,8,8,financials,53.0
2025-07-01,1136869,"ZIMMER BIOMET HOLDINGS, INC.",3842.0,328,22228595506.0,below_sector_K,8,8,healthcare,41.0
2025-07-01,93751,STATE STREET CORP,6022.0,329,22090000000.0,below_sector_K,8,8,financials,54.0
2025-07-01,1618756,Restaurant Brands International Inc.,5812.0,388,22028437126.0,below_sector_K,8,8,consumer,52.0
2025-07-01,1645590,Hewlett Packard Enterprise Co,3570.0,413,21985000000.0,below_sector_K,8,8,tech,53.0
2025-07-01,35527,FIFTH THIRD BANCORP,6022.0,389,21700000000.0,below_sector_K,8,8,financials,55.0
2025-07-01,1564408,Snap Inc,7370.0,421,21500000000.0,below_sector_K,8,8,tech,54.0
2025-07-01,79282,"BROWN & BROWN, INC.",6411.0,324,21449617971.0,below_sector_K,8,8,financials,56.0
2025-07-01,860731,TYLER TECHNOLOGIES INC,7372.0,363,21332091018.0,below_sector_K,8,8,tech,55.0
2025-07-01,1397911,LPL Financial Holdings Inc.,6200.0,332,21300000000.0,below_sector_K,8,8,financials,57.0
2025-07-01,935703,"DOLLAR TREE, INC.",5331.0,416,20177546903.0,below_sector_K,8,8,consumer,53.0
2025-07-01,1096343,MARKEL GROUP INC.,6331.0,371,20072000000.0,below_sector_K,8,8,financials,58.0
2025-07-01,1713683,"Zscaler, Inc.",7371.0,438,19800000000.0,below_sector_K,8,8,tech,56.0
2025-07-01,1609711,GoDaddy Inc.,7373.0,370,19700000000.0,below_sector_K,8,8,tech,57.0
2025-07-01,719955,WILLIAMS SONOMA INC,5700.0,440,19653959421.0,below_sector_K,8,8,consumer,54.0
2025-07-01,1336920,"Leidos Holdings, Inc.",7373.0,444,19549744128.0,below_sector_K,8,8,tech,58.0
2025-07-01,48898,HUBBELL INC,3670.0,419,19516681705.0,below_sector_K,8,8,tech,59.0
2025-07-01,858470,Coterra Energy Inc.,1311.0,445,19500000000.0,below_sector_K,8,8,energy,21.0
2025-07-01,49196,HUNTINGTON BANCSHARES INC /MD/,6021.0,385,18889814095.0,below_sector_K,8,8,financials,59.0
2025-07-01,1521332,Aptiv PLC,3714.0,343,18718930601.0,below_sector_K,8,8,consumer,55.0
2025-07-01,790051,CARLISLE COMPANIES INC,3060.0,459,18700000000.0,below_sector_K,8,8,consumer,56.0
2025-07-01,818686,TEVA PHARMACEUTICAL INDUSTRIES LTD,2834.0,464,18320000000.0,below_sector_K,8,8,healthcare,42.0
2025-07-01,1101302,ENTEGRIS INC,3089.0,466,18300000000.0,below_sector_K,8,8,consumer,57.0
2025-07-01,1126328,PRINCIPAL FINANCIAL GROUP INC,6321.0,456,18200000000.0,below_sector_K,8,8,financials,60.0
2025-07-01,1286681,DOMINOS PIZZA INC,5140.0,468,18146606802.0,below_sector_K,8,8,consumer,58.0
2025-07-01,20286,CINCINNATI FINANCIAL CORP,6331.0,405,18106771595.0,below_sector_K,8,8,financials,61.0
2025-07-01,859737,HOLOGIC INC,3844.0,441,18056688950.0,below_sector_K,8,8,healthcare,43.0
2025-07-01,1437107,"Warner Bros. Discovery, Inc.",4841.0,330,18000000000.0,below_sector_K,8,8,consumer,59.0
2025-07-01,1441816,"MongoDB, Inc.",7372.0,341,18000000000.0,below_sector_K,8,8,tech,60.0
2025-07-01,1281761,REGIONS FINANCIAL CORP,6021.0,429,17925618184.0,below_sector_K,8,8,financials,62.0
2025-07-01,29534,DOLLAR GENERAL CORP,5331.0,293,17800000000.0,below_sector_K,8,8,consumer,60.0
2025-07-01,1374310,"Cboe Global Markets, Inc.",6200.0,380,17800000000.0,below_sector_K,8,8,financials,63.0
2025-07-01,1013237,FACTSET RESEARCH SYSTEMS INC,7370.0,473,17602720964.0,below_sector_K,8,8,tech,61.0
2025-07-01,711404,"COOPER COMPANIES, INC.",3851.0,455,17600000000.0,below_sector_K,8,8,healthcare,44.0
2025-07-01,29989,OMNICOM GROUP INC.,7311.0,462,17486183571.0,below_sector_K,8,8,consumer,61.0
2025-07-01,1315098,Roblox Corp,7372.0,165,17400000000.0,below_sector_K,8,8,tech,62.0
2025-07-01,4127,"SKYWORKS SOLUTIONS, INC.",3674.0,457,17300000000.0,below_sector_K,8,8,tech,63.0
2025-07-01,798941,FIRST CITIZENS BANCSHARES INC /DE/,6022.0,479,17290620797.0,below_sector_K,8,8,financials,64.0
2025-07-01,1179929,"MOLINA HEALTHCARE, INC.",6324.0,478,17200000000.0,below_sector_K,8,8,healthcare,45.0
2025-07-01,10456,BAXTER INTERNATIONAL INC,3841.0,403,17000000000.0,below_sector_K,8,8,healthcare,46.0
2025-07-01,73124,NORTHERN TRUST CORP,6022.0,384,16600000000.0,below_sector_K,8,8,financials,65.0
2025-07-01,55067,KELLANOVA,2040.0,451,16600000000.0,below_sector_K,8,8,consumer,62.0
2025-07-01,1883685,DraftKings Inc.,7990.0,453,16600000000.0,below_sector_K,8,8,consumer,63.0
2025-07-01,1002047,"NetApp, Inc.",3572.0,493,16600000000.0,below_sector_K,8,8,tech,64.0
2025-07-01,1588489,Grayscale Bitcoin Trust ETF,6221.0,436,16524689285.0,below_sector_K,8,8,financials,66.0
2025-07-01,920148,LABCORP HOLDINGS INC.,8071.0,418,16400000000.0,below_sector_K,8,8,healthcare,47.0
2025-07-01,1783879,"Robinhood Markets, Inc.",6211.0,152,16300000000.0,below_sector_K,8,8,financials,67.0
2025-07-01,759944,CITIZENS FINANCIAL GROUP INC/RI,6022.0,449,16220612178.0,below_sector_K,8,8,financials,68.0
2025-07-01,33213,EQT Corp,1311.0,304,16200000000.0,below_sector_K,8,8,energy,22.0
2025-07-01,1552000,MPLX LP,4610.0,452,15900000000.0,below_sector_K,8,8,energy,23.0
2025-07-01,1773383,"Dynatrace, Inc.",7372.0,503,15900000000.0,below_sector_K,8,8,tech,65.0
2025-07-01,1579298,"Burlington Stores, Inc.",5311.0,506,15853219442.0,below_sector_K,8,8,consumer,64.0
2025-07-01,1585521,"Zoom Communications, Inc.",7370.0,461,15800000000.0,below_sector_K,8,8,tech,66.0
2025-07-01,1316835,"Builders FirstSource, Inc.",5211.0,489,15800000000.0,below_sector_K,8,8,consumer,65.0
2025-07-01,764478,BEST BUY CO INC,5731.0,508,15800000000.0,below_sector_K,8,8,consumer,66.0
2025-07-01,11544,BERKLEY W R CORP,6331.0,414,15700741833.0,below_sector_K,8,8,financials,69.0
2025-07-01,1000697,WATERS CORP /DE/,3826.0,426,15633596711.0,below_sector_K,8,8,healthcare,48.0
2025-07-01,1300514,LAS VEGAS SANDS CORP,7011.0,450,15458744890.0,below_sector_K,8,8,consumer,67.0
2025-07-01,1022079,QUEST DIAGNOSTICS INC,8071.0,432,15200000000.0,below_sector_K,8,8,healthcare,49.0
2025-07-01,1660134,"Okta, Inc.",7372.0,517,15200000000.0,below_sector_K,8,8,tech,67.0
2025-07-01,1056696,MANHATTAN ASSOCIATES INC,7372.0,522,15012530787.0,below_sector_K,8,8,tech,68.0
2025-07-01,1335258,"Live Nation Entertainment, Inc.",7900.0,383,14800000000.0,below_sector_K,8,8,consumer,68.0
2025-07-01,1690820,CARVANA CO.,5500.0,245,14700000000.0,below_sector_K,8,8,consumer,69.0
2025-07-01,1110803,"ILLUMINA, INC.",3826.0,356,14700000000.0,below_sector_K,8,8,healthcare,50.0
2025-07-01,14693,BROWN FORMAN CORP,2080.0,399,14700000000.0,below_sector_K,8,8,consumer,70.0
2025-07-01,726958,CASEYS GENERAL STORES INC,5500.0,533,14600000000.0,below_sector_K,8,8,consumer,71.0
2025-07-01,1722482,"Avantor, Inc.",3826.0,535,14407779658.0,below_sector_K,8,8,healthcare,51.0
2025-07-01,1145197,INSULET CORP,3841.0,412,14100000000.0,below_sector_K,8,8,healthcare,52.0
2025-07-01,1046102,RB GLOBAL INC.,7389.0,446,14038147940.0,below_sector_K,8,8,financials,70.0
2025-07-01,1748790,Amcor plc,3990.0,425,13900000000.0,below_sector_K,8,8,consumer,72.0
2025-07-01,1618732,"Nutanix, Inc.",7372.0,465,13700000000.0,below_sector_K,8,8,tech,69.0
2025-07-01,1477333,"Cloudflare, Inc.",7372.0,300,13600000000.0,below_sector_K,8,8,tech,70.0
2025-07-01,1032975,LOGITECH INTERNATIONAL S.A.,3577.0,558,13509040186.0,below_sector_K,8,8,tech,71.0
2025-07-01,898174,REINSURANCE GROUP OF AMERICA INC,6311.0,559,13500000000.0,below_sector_K,8,8,financials,71.0
2025-07-01,1086222,AKAMAI TECHNOLOGIES INC,7389.0,560,13428800000.0,below_sector_K,8,8,financials,72.0
2025-07-01,91576,KEYCORP /NEW/,6021.0,447,13402865321.0,below_sector_K,8,8,financials,73.0
2025-07-01,1665918,US Foods Holding Corp.,5140.0,439,13400000000.0,below_sector_K,8,8,consumer,73.0
2025-07-01,60086,LOEWS CORP,6331.0,515,13336000000.0,below_sector_K,8,8,financials,74.0
2025-07-01,1402436,SS&C Technologies Holdings Inc,7372.0,475,13300977206.0,below_sector_K,8,8,tech,72.0
2025-07-01,1604821,"Natera, Inc.",8071.0,417,13150000000.0,below_sector_K,8,8,healthcare,53.0
2025-07-01,1333986,"Equitable Holdings, Inc.",6411.0,486,13100000000.0,below_sector_K,8,8,financials,75.0
2025-07-01,1802768,Royalty Pharma plc,2834.0,488,13100000000.0,below_sector_K,8,8,healthcare,54.0
2025-07-01,866374,FLEX LTD.,3672.0,568,13100000000.0,below_sector_K,8,8,tech,73.0
2025-07-01,1097149,ALIGN TECHNOLOGY INC,3842.0,552,12900000000.0,below_sector_K,8,8,healthcare,55.0
2025-07-01,106040,WESTERN DIGITAL CORP,3572.0,571,12900000000.0,below_sector_K,8,8,tech,74.0
2025-07-01,1381197,"Interactive Brokers Group, Inc.",6211.0,394,12885708490.0,below_sector_K,8,8,financials,76.0
2025-07-01,31791,"REVVITY, INC.",3826.0,530,12871238120.0,below_sector_K,8,8,healthcare,56.0
2025-07-01,1330568,iShares Silver Trust,6221.0,482,12841416000.0,below_sector_K,8,8,financials,77.0
2025-07-01,1331875,"Fidelity National Financial, Inc.",6361.0,549,12817158134.0,below_sector_K,8,8,financials,78.0
2025-07-01,1403568,"Ulta Beauty, Inc.",5990.0,474,12737625000.0,below_sector_K,8,8,consumer,74.0
2025-07-01,1792044,Viatris Inc,2834.0,577,12661582065.0,below_sector_K,8,8,healthcare,57.0
2025-07-01,1820953,"Affirm Holdings, Inc.",6141.0,494,12500000000.0,below_sector_K,8,8,financials,79.0
2025-07-01,1636222,Wingstop Inc.,5812.0,583,12400000000.0,below_sector_K,8,8,consumer,75.0
2025-07-01,1792580,Ovintiv Inc.,1311.0,584,12376088462.0,below_sector_K,8,8,energy,24.0
2025-07-01,1758730,Tradeweb Markets Inc.,6200.0,485,12200000000.0,below_sector_K,8,8,financials,80.0
2025-07-01,1082554,UNITED THERAPEUTICS Corp,2834.0,594,12155535434.0,below_sector_K,8,8,healthcare,58.0
2025-07-01,40729,Ally Financial Inc.,6022.0,596,12100000000.0,below_sector_K,8,8,financials,81.0
2025-07-01,842023,BIO-TECHNE Corp,2836.0,597,12100000000.0,below_sector_K,8,8,healthcare,59.0
2025-07-01,1604028,"ADVANCED DRAINAGE SYSTEMS, INC.",3086.0,598,12034000000.0,below_sector_K,8,8,consumer,76.0
2025-07-01,1650164,"Toast, Inc.",7374.0,404,12000000000.0,below_sector_K,8,8,tech,75.0
2025-07-01,1673358,"Yum China Holdings, Inc.",5812.0,398,11900000000.0,below_sector_K,8,8,consumer,77.0
2025-07-01,779152,JACK HENRY & ASSOCIATES INC,7373.0,573,11835584815.0,below_sector_K,8,8,tech,76.0
2025-07-01,927066,DAVITA INC.,8090.0,607,11800000000.0,below_sector_K,8,8,healthcare,60.0
2025-07-01,1043604,JUNIPER NETWORKS INC,3576.0,608,11713000000.0,below_sector_K,8,8,tech,77.0
2025-07-01,91419,J M SMUCKER Co,2033.0,609,11710772669.0,below_sector_K,8,8,consumer,78.0
2025-07-01,913144,RENAISSANCERE HOLDINGS LTD,6331.0,621,11500000000.0,below_sector_K,8,8,financials,82.0
2025-07-01,1531152,"BJ's Wholesale Club Holdings, Inc.",5331.0,622,11500000000.0,below_sector_K,8,8,consumer,79.0
2025-07-01,1289460,"Texas Roadhouse, Inc.",5812.0,624,11400000000.0,below_sector_K,8,8,consumer,80.0
2025-07-01,1874178,"Rivian Automotive, Inc. / DE",3711.0,539,11200000000.0,below_sector_K,8,8,consumer,81.0
2025-07-01,1002638,OPEN TEXT CORP,7373.0,629,11200000000.0,below_sector_K,8,8,tech,78.0
2025-07-01,1089063,"DICK'S SPORTING GOODS, INC.",5940.0,631,11107511957.0,below_sector_K,8,8,consumer,82.0
2025-07-01,1261333,"DOCUSIGN, INC.",7372.0,632,11100000000.0,below_sector_K,8,8,tech,79.0
2025-07-01,1048695,"F5, INC.",3576.0,516,11047876639.0,below_sector_K,8,8,tech,80.0
2025-07-01,1104506,INSMED Inc,2834.0,424,11000000000.0,below_sector_K,8,8,healthcare,61.0
2025-07-01,51644,"INTERPUBLIC GROUP OF COMPANIES, INC.",7311.0,526,10900000000.0,below_sector_K,8,8,consumer,83.0
2025-07-01,1841666,APA Corp,1311.0,640,10887671670.0,below_sector_K,8,8,energy,25.0
2025-07-01,1507079,"Floor & Decor Holdings, Inc.",5211.0,641,10800000000.0,below_sector_K,8,8,consumer,84.0
2025-07-01,849399,Gen Digital Inc.,7372.0,646,10678012697.0,below_sector_K,8,8,tech,81.0
2025-07-01,352915,UNIVERSAL HEALTH SERVICES INC,8062.0,649,10600000000.0,below_sector_K,8,8,healthcare,62.0
2025-07-01,1100682,"CHARLES RIVER LABORATORIES INTERNATIONAL, INC.",8731.0,645,10563584605.0,below_sector_K,8,8,healthcare,63.0
2025-07-01,914475,NEUROCRINE BIOSCIENCES INC,2836.0,653,10500000000.0,below_sector_K,8,8,healthcare,64.0
2025-07-01,1668397,"Medpace Holdings, Inc.",8731.0,654,10500000000.0,below_sector_K,8,8,healthcare,65.0
2025-07-01,1486159,Chord Energy Corp,1311.0,661,10389641105.0,below_sector_K,8,8,energy,26.0
2025-07-01,1527166,Carlyle Group Inc.,6282.0,557,10349383795.0,below_sector_K,8,8,financials,83.0
2025-07-01,1352010,"EPAM Systems, Inc.",7371.0,580,10346000000.0,below_sector_K,8,8,tech,82.0
2025-07-01,1014473,VERISIGN INC/CA,7371.0,497,10300000000.0,below_sector_K,8,8,tech,83.0
2025-07-01,789570,MGM Resorts International,7011.0,586,10300000000.0,below_sector_K,8,8,consumer,85.0
2025-07-01,48465,HORMEL FOODS CORP /DE/,2011.0,618,10250143536.0,below_sector_K,8,8,consumer,86.0
2025-07-01,1069157,EAST WEST BANCORP INC,6022.0,550,10044106703.0,below_sector_K,8,8,financials,84.0
2025-07-01,89089,SERVICE CORP INTERNATIONAL,7200.0,630,9987915411.0,below_sector_K,8,8,consumer,87.0
2025-07-01,70318,TENET HEALTHCARE CORP,8062.0,590,9970000000.0,below_sector_K,8,8,healthcare,66.0
2025-07-01,1658566,Permian Resources Corp,1311.0,652,9949142920.0,below_sector_K,8,8,energy,27.0
2025-07-01,1463101,"Enphase Energy, Inc.",3674.0,481,9900000000.0,below_sector_K,8,8,tech,84.0
2025-07-01,879169,INCYTE CORP,8731.0,615,9900000000.0,below_sector_K,8,8,healthcare,67.0
2025-07-01,1341766,"Celsius Holdings, Inc.",2086.0,681,9800000000.0,below_sector_K,8,8,consumer,88.0
2025-07-01,1604778,"Qorvo, Inc.",3674.0,682,9777465384.0,below_sector_K,8,8,tech,85.0
2025-07-01,20212,Churchill Downs Inc,7948.0,683,9764280136.0,below_sector_K,8,8,consumer,89.0
2025-07-01,1725210,Grayscale Ethereum Staking ETF,6221.0,684,9738761559.0,below_sector_K,8,8,financials,85.0
2025-07-01,1573516,Murphy USA Inc.,5500.0,688,9623300000.0,below_sector_K,8,8,consumer,90.0
2025-07-01,5513,Unum Group,6321.0,545,9600000000.0,below_sector_K,8,8,financials,86.0
2025-07-01,1823945,BLUE OWL CAPITAL INC.,6282.0,581,9500000000.0,below_sector_K,8,8,financials,87.0
2025-07-01,1617640,"ZILLOW GROUP, INC.",7389.0,525,9400000000.0,below_sector_K,8,8,financials,88.0
2025-07-01,896622,"APTARGROUP, INC.",3089.0,662,9392860942.0,below_sector_K,8,8,consumer,91.0
2025-07-01,1915657,HF Sinclair Corp,4610.0,698,9300000000.0,below_sector_K,8,8,energy,28.0
2025-07-01,1642896,Samsara Inc.,7373.0,700,9247800000.0,below_sector_K,8,8,tech,86.0
2025-07-01,1447669,TWILIO INC,7372.0,458,9100000000.0,below_sector_K,8,8,tech,87.0
2025-07-01,922621,ERIE INDEMNITY CO,6411.0,707,9100000000.0,below_sector_K,8,8,financials,89.0
2025-07-01,24545,MOLSON COORS BEVERAGE CO,2082.0,600,8900000000.0,below_sector_K,8,8,consumer,92.0
2025-07-01,720672,STIFEL FINANCIAL CORP,6211.0,639,8900000000.0,below_sector_K,8,8,financials,90.0
2025-07-01,1042046,AMERICAN FINANCIAL GROUP INC,6331.0,712,8820000000.0,below_sector_K,8,8,financials,91.0
2025-07-01,1584509,Aramark,5812.0,692,8746200000.0,below_sector_K,8,8,consumer,93.0
2025-07-01,1651308,BeOne Medicines Ltd.,2834.0,529,8700000000.0,below_sector_K,8,8,healthcare,68.0
2025-07-01,1048477,BIOMARIN PHARMACEUTICAL INC,2834.0,672,8700000000.0,below_sector_K,8,8,healthcare,69.0
2025-07-01,275880,PARSONS CORP,7373.0,724,8700000000.0,below_sector_K,8,8,tech,88.0
2025-07-01,38777,FRANKLIN RESOURCES INC,6282.0,725,8700000000.0,below_sector_K,8,8,financials,92.0
2025-07-01,1267238,"ASSURANT, INC.",6399.0,676,8580000000.0,below_sector_K,8,8,financials,93.0
2025-07-01,1034670,AUTOLIV INC,3714.0,731,8568000000.0,below_sector_K,8,8,consumer,94.0
2025-07-01,16732,CAMPBELL'S Co,2000.0,733,8534595281.0,below_sector_K,8,8,consumer,95.0
2025-07-01,785161,Encompass Health Corp,8060.0,592,8500000000.0,below_sector_K,8,8,healthcare,70.0
2025-07-01,96223,Jefferies Financial Group Inc.,6211.0,740,8458821477.0,below_sector_K,8,8,financials,94.0
2025-07-01,1302215,"HOULIHAN LOKEY, INC.",6282.0,742,8430000000.0,below_sector_K,8,8,financials,95.0
2025-07-01,1116132,"TAPESTRY, INC.",3100.0,556,8420000000.0,below_sector_K,8,8,consumer,96.0
2025-07-01,36966,FIRST HORIZON CORP,6021.0,644,8400000000.0,below_sector_K,8,8,financials,96.0
2025-07-01,1575515,"Sprouts Farmers Market, Inc.",5411.0,509,8343509097.0,below_sector_K,8,8,consumer,97.0
2025-07-01,812011,VAIL RESORTS INC,7990.0,748,8336162160.0,below_sector_K,8,8,consumer,98.0
2025-07-01,71691,NEW YORK TIMES CO,2711.0,710,8300000000.0,below_sector_K,8,8,consumer,99.0
2025-07-01,1070423,PLAINS ALL AMERICAN PIPELINE LP,4610.0,736,8300000000.0,below_sector_K,8,8,energy,29.0
2025-07-01,1786352,"BILL Holdings, Inc.",7372.0,744,8300000000.0,below_sector_K,8,8,tech,89.0
2025-07-01,1707753,Elastic N.V.,7372.0,753,8300000000.0,below_sector_K,8,8,tech,90.0
2025-07-01,1590895,"Caesars Entertainment, Inc.",7011.0,656,8200000000.0,below_sector_K,8,8,consumer,100.0
2025-07-01,1326380,GameStop Corp.,5734.0,761,8200000000.0,below_sector_K,8,8,consumer,101.0
2025-07-01,46080,"HASBRO, INC.",3944.0,666,8100000000.0,below_sector_K,8,8,consumer,102.0
2025-07-01,1635088,Roivant Sciences Ltd.,2834.0,764,8100000000.0,below_sector_K,8,8,healthcare,71.0
2025-07-01,1000228,HENRY SCHEIN INC,5047.0,651,8092479000.0,below_sector_K,8,8,healthcare,72.0
2025-07-01,19584,CHEMED CORP,8082.0,768,8060920072.0,below_sector_K,8,8,healthcare,73.0
2025-07-01,315852,RANGE RESOURCES CORP,1311.0,689,8033163000.0,below_sector_K,8,8,energy,30.0
2025-07-01,1475922,"Primerica, Inc.",6311.0,716,8015790785.0,below_sector_K,8,8,financials,97.0
2025-07-01,1433270,ANTERO RESOURCES Corp,1311.0,613,8000000000.0,below_sector_K,8,8,energy,31.0
2025-07-01,1360901,Evercore Inc.,6282.0,657,8000000000.0,below_sector_K,8,8,financials,98.0
2025-07-01,1289419,"Morningstar, Inc.",6282.0,752,8000000000.0,below_sector_K,8,8,financials,99.0
2025-07-01,1618673,Performance Food Group Co,5141.0,678,7951538654.0,below_sector_K,8,8,consumer,103.0
2025-07-01,1206264,SOMNIGROUP INTERNATIONAL INC.,2510.0,551,7901086937.0,below_sector_K,8,8,consumer,104.0
2025-07-01,891103,"Match Group, Inc.",7370.0,619,7861445877.0,below_sector_K,8,8,tech,91.0
2025-07-01,1646972,"Albertsons Companies, Inc.",5411.0,677,7800000000.0,below_sector_K,8,8,consumer,105.0
2025-07-01,1669162,"Kinsale Capital Group, Inc.",6331.0,675,7793514938.0,below_sector_K,8,8,financials,100.0
2025-07-01,1037038,RALPH LAUREN CORP,2320.0,779,7762000000.0,below_sector_K,8,8,consumer,106.0
2025-07-01,355811,GENTEX CORP,3714.0,781,7743686144.0,below_sector_K,8,8,consumer,107.0
2025-07-01,1124140,EXACT SCIENCES CORP,8071.0,487,7726320579.0,below_sector_K,8,8,healthcare,74.0
2025-07-01,1423902,"Western Midstream Partners, LP",4922.0,749,7700000000.0,below_sector_K,8,8,energy,32.0
2025-07-01,1237831,GLOBUS MEDICAL INC,3841.0,782,7700000000.0,below_sector_K,8,8,healthcare,75.0
2025-07-01,1772016,"BELLRING BRANDS, INC.",2000.0,693,7664440784.0,below_sector_K,8,8,consumer,108.0
2025-07-01,1046257,Ingredion Inc,2040.0,727,7478000000.0,below_sector_K,8,8,consumer,109.0
2025-07-01,320335,GLOBE LIFE INC.,6311.0,658,7400000000.0,below_sector_K,8,8,financials,101.0
2025-07-01,801337,WEBSTER FINANCIAL CORP,6021.0,706,7400000000.0,below_sector_K,8,8,financials,102.0
2025-07-01,1591698,Paylocity Holding Corp,7372.0,711,7300000000.0,below_sector_K,8,8,tech,92.0
2025-07-01,701985,"Bath & Body Works, Inc.",5990.0,750,7300000000.0,below_sector_K,8,8,consumer,110.0
2025-07-01,74260,OLD REPUBLIC INTERNATIONAL CORP,6351.0,717,7241491725.0,below_sector_K,8,8,financials,103.0
2025-07-01,1590955,"Paycom Software, Inc.",7372.0,492,7200000000.0,below_sector_K,8,8,tech,93.0
2025-07-01,16058,CACI INTERNATIONAL INC /DE/,7373.0,713,7137375979.0,below_sector_K,8,8,tech,94.0
2025-07-01,1889539,"Corebridge Financial, Inc.",6311.0,722,7110000000.0,below_sector_K,8,8,financials,104.0
2025-07-01,1611983,Liberty Broadband Corp,4841.0,591,7100000000.0,below_sector_K,8,8,consumer,111.0
2025-07-01,1611052,"PROCORE TECHNOLOGIES, INC.",7372.0,757,7044400000.0,below_sector_K,8,8,tech,95.0
2025-07-01,1849253,"RYAN SPECIALTY HOLDINGS, INC.",6411.0,732,7023419425.0,below_sector_K,8,8,financials,105.0
2025-07-01,908255,BORGWARNER INC,3714.0,674,7000000000.0,below_sector_K,8,8,consumer,112.0
2025-07-01,350894,SEI INVESTMENTS CO,6211.0,690,7000000000.0,below_sector_K,8,8,financials,106.0
2025-07-01,1535929,"Voya Financial, Inc.",6311.0,789,7000000000.0,below_sector_K,8,8,financials,107.0
2025-07-01,1842022,"DT Midstream, Inc.",4922.0,633,6900000000.0,below_sector_K,8,8,energy,33.0
2025-07-01,1408710,Fabrinet,3661.0,774,6900000000.0,below_sector_K,8,8,tech,96.0
2025-07-01,1428439,"ROKU, INC",4841.0,685,6800000000.0,below_sector_K,8,8,consumer,113.0
2025-07-01,1023128,LITHIA MOTORS INC,5500.0,728,6759770000.0,below_sector_K,8,8,consumer,114.0
2025-07-01,1212545,WESTERN ALLIANCE BANCORPORATION,6022.0,747,6730000000.0,below_sector_K,8,8,financials,108.0
2025-07-01,22356,COMMERCE BANCSHARES INC /MO/,6022.0,780,6720000000.0,below_sector_K,8,8,financials,109.0
2025-07-01,1321732,Penumbra Inc,3841.0,574,6700000000.0,below_sector_K,8,8,healthcare,76.0
2025-07-01,1370637,ETSY INC,7389.0,659,6700000000.0,below_sector_K,8,8,financials,110.0
2025-07-01,936395,CIENA CORP,3661.0,667,6700000000.0,below_sector_K,8,8,tech,97.0
2025-07-01,1031308,BENTLEY SYSTEMS INC,7372.0,787,6700000000.0,below_sector_K,8,8,tech,98.0
2025-07-01,1433195,APPFOLIO INC,7372.0,755,6634000000.0,below_sector_K,8,8,tech,99.0
2025-07-01,1528396,"Guidewire Software, Inc.",7372.0,561,6600000000.0,below_sector_K,8,8,tech,100.0
2025-07-01,1411207,Allison Transmission Holdings Inc,3714.0,775,6588000000.0,below_sector_K,8,8,consumer,115.0
2025-07-01,895126,EXPAND ENERGY Corp,1311.0,443,6500000000.0,below_sector_K,8,8,energy,34.0
2025-07-01,1278021,MARKETAXESS HOLDINGS INC,6211.0,799,6500000000.0,below_sector_K,8,8,financials,111.0
2025-07-01,842162,LEAR CORP,3714.0,743,6431462617.0,below_sector_K,8,8,consumer,116.0
2025-07-01,1232524,Jazz Pharmaceuticals plc,2834.0,784,6413308100.0,below_sector_K,8,8,healthcare,77.0
2025-07-01,39263,"CULLEN/FROST BANKERS, INC.",6021.0,760,6400000000.0,below_sector_K,8,8,financials,112.0
2025-07-01,813828,Paramount Global,4833.0,695,6329109788.0,below_sector_K,8,8,consumer,117.0
2025-07-01,763901,"POPULAR, INC.",6022.0,794,6300000000.0,below_sector_K,8,8,financials,113.0
2025-07-01,109380,"ZIONS BANCORPORATION, NATIONAL ASSOCIATION /UT/",6021.0,792,6277918765.0,below_sector_K,8,8,financials,114.0
2025-07-01,1637207,"Planet Fitness, Inc.",7997.0,705,6200000000.0,below_sector_K,8,8,consumer,118.0
2025-07-01,1562088,"Duolingo, Inc.",7372.0,562,6153312710.0,below_sector_K,8,8,tech,101.0
2025-07-01,1015328,WINTRUST FINANCIAL CORP,6022.0,756,6034106686.0,below_sector_K,8,8,financials,115.0
2025-07-01,1214816,AXIS CAPITAL HOLDINGS LTD,6331.0,763,5900000000.0,below_sector_K,8,8,financials,116.0
2025-07-01,916540,DARLING INGREDIENTS INC.,2070.0,673,5781898000.0,below_sector_K,8,8,consumer,119.0
2025-07-01,764038,SouthState Bank Corp,6022.0,701,5764999000.0,below_sector_K,8,8,financials,117.0
2025-07-01,1810806,Unity Software Inc.,7372.0,585,5600000000.0,below_sector_K,8,8,tech,102.0
2025-07-01,707179,OLD NATIONAL BANCORP /IN/,6021.0,754,5427272350.0,below_sector_K,8,8,financials,118.0
2025-07-01,106640,WHIRLPOOL CORP /DE/,3630.0,772,5419952977.0,below_sector_K,8,8,consumer,120.0
2025-07-01,855658,LATTICE SEMICONDUCTOR CORP,3674.0,660,5313276456.0,below_sector_K,8,8,tech,103.0
2025-07-01,1725057,"Dayforce, Inc.",7372.0,668,5300000000.0,below_sector_K,8,8,tech,104.0
2025-07-01,1734722,"UiPath, Inc.",7372.0,798,5300000000.0,below_sector_K,8,8,tech,105.0
2025-07-01,818479,DENTSPLY SIRONA Inc.,3843.0,738,5036994579.0,below_sector_K,8,8,healthcare,78.0
2025-07-01,1866581,Dutch Bros Inc.,5810.0,735,4900000000.0,below_sector_K,8,8,consumer,121.0
2025-07-01,1492422,"Apellis Pharmaceuticals, Inc.",2834.0,643,4200000000.0,below_sector_K,8,8,healthcare,79.0
2025-07-01,1609550,"Inspire Medical Systems, Inc.",3841.0,694,3929568386.0,below_sector_K,8,8,healthcare,80.0
2025-07-01,1773751,"Hims & Hers Health, Inc.",8011.0,671,3900000000.0,below_sector_K,8,8,healthcare,81.0
2025-07-01,1177609,"FIVE BELOW, INC",5331.0,625,3742264723.0,below_sector_K,8,8,consumer,122.0
2025-07-01,101382,UMB FINANCIAL CORP,6021.0,790,3711510639.0,below_sector_K,8,8,financials,119.0
2025-07-01,1794515,ZoomInfo Technologies Inc.,7372.0,723,3700000000.0,below_sector_K,8,8,tech,106.0
2025-07-01,908937,SIRIUS XM HOLDINGS INC.,4832.0,797,2812583554.0,below_sector_K,8,8,consumer,123.0
2025-07-01,310522,FEDERAL NATIONAL MORTGAGE ASSOCIATION FANNIE MAE,6111.0,636,1700000000.0,below_sector_K,8,8,financials,120.0
2025-07-01,910073,"FLAGSTAR BANK, NATIONAL ASSOCIATION",6036.0,770,1700000000.0,below_sector_K,8,8,financials,121.0
2025-07-01,1824920,"IonQ, Inc.",7373.0,623,1200000000.0,below_sector_K,8,8,tech,107.0
2026-07-01,909832,COSTCO WHOLESALE CORP /NEW,5331.0,17,475200000000.0,ineligible_filing_history,6,8,,
2026-07-01,40545,GENERAL ELECTRIC CO,3600.0,32,,no_pit_valid_float,8,8,,
2026-07-01,4962,AMERICAN EXPRESS CO,6199.0,39,221800000000.0,non_operating_sic_6199,8,8,,
2026-07-01,1707925,LINDE PLC,2810.0,40,220000000000.0,sector_excluded_sic_2810,8,8,,
2026-07-01,1467373,Accenture plc,7389.0,41,218315987018.0,ineligible_filing_history,6,8,,
2026-07-01,97745,THERMO FISHER SCIENTIFIC INC.,3829.0,44,154038987000.0,sector_excluded_sic_3829,8,8,,
2026-07-01,732717,AT&T INC.,4813.0,46,207000000000.0,sector_excluded_sic_4813,8,8,,
2026-07-01,101829,RTX Corp,3724.0,48,195405729090.0,sector_excluded_sic_3724,8,8,,
2026-07-01,1075531,Booking Holdings Inc.,4700.0,52,187400000000.0,sector_excluded_sic_4700,8,8,,
2026-07-01,732712,VERIZON COMMUNICATIONS INC,4813.0,53,182400000000.0,sector_excluded_sic_4813,8,8,,
2026-07-01,18230,CATERPILLAR INC,3531.0,54,180900000000.0,sector_excluded_sic_3531,8,8,,
2026-07-01,796343,ADOBE INC.,7372.0,60,144940000000.0,ineligible_filing_history,6,8,,
2026-07-01,313616,DANAHER CORP /DE/,3823.0,62,125900000000.0,sector_excluded_sic_3823,8,8,,
2026-07-01,64040,S&P Global Inc.,7320.0,63,161000000000.0,sector_excluded_sic_7320,8,8,,
2026-07-01,319201,KLA CORP,3827.0,64,83700000000.0,sector_excluded_sic_3827,8,8,,
2026-07-01,2012383,"BlackRock, Inc.",6211.0,65,159000000000.0,ineligible_filing_history,7,7,,
2026-07-01,12927,BOEING CO,3721.0,67,158300000000.0,sector_excluded_sic_3721,8,8,,
2026-07-01,753308,NEXTERA ENERGY INC,4911.0,73,142860484569.0,sector_excluded_sic_4911,8,8,,
2026-07-01,773840,HONEYWELL INTERNATIONAL INC,3724.0,74,145300000000.0,sector_excluded_sic_3724,8,8,,
2026-07-01,1996810,GE Vernova Inc.,3600.0,76,144000000000.0,sector_excluded_sic_3600,8,8,,
2026-07-01,1594805,SHOPIFY INC.,7372.0,77,140315345495.0,ineligible_filing_history,6,6,,
2026-07-01,109198,TJX COMPANIES INC /DE/,5651.0,78,140000000000.0,ineligible_filing_history,7,8,,
2026-07-01,1551182,Eaton Corp plc,3590.0,79,139000000000.0,sector_excluded_sic_3590,8,8,,
2026-07-01,100885,UNION PACIFIC CORP,4011.0,80,136100000000.0,sector_excluded_sic_4011,8,8,,
2026-07-01,315189,DEERE & CO,3523.0,85,124313866554.0,sector_excluded_sic_3523,8,8,,
2026-07-01,1283699,"T-Mobile US, Inc.",4812.0,94,112400000000.0,sector_excluded_sic_4812,8,8,,
2026-07-01,936468,LOCKHEED MARTIN CORP,3760.0,96,106500000000.0,sector_excluded_sic_3760,8,8,,
2026-07-01,1050446,Strategy Inc,6199.0,102,105450000000.0,non_operating_sic_6199,8,8,,
2026-07-01,1045609,"Prologis, Inc.",6798.0,104,97322102425.0,sector_excluded_sic_6798,8,8,,
2026-07-01,1053507,AMERICAN TOWER CORP /MA/,6798.0,105,103400000000.0,sector_excluded_sic_6798,8,8,,
2026-07-01,766704,WELLTOWER INC.,6798.0,108,102303567000.0,sector_excluded_sic_6798,8,8,,
2026-07-01,92122,SOUTHERN CO,4911.0,109,101000000000.0,sector_excluded_sic_4911,8,8,,
2026-07-01,1868275,Constellation Energy Corp,4911.0,110,100560269473.0,sector_excluded_sic_4911,8,8,,
2026-07-01,1090727,UNITED PARCEL SERVICE INC,4210.0,111,74239665022.0,sector_excluded_sic_4210,8,8,,
2026-07-01,320187,"NIKE, Inc.",3021.0,114,98259025196.0,ineligible_filing_history,7,8,,
2026-07-01,1466258,Trane Technologies plc,3822.0,116,97200000000.0,sector_excluded_sic_3822,8,8,,
2026-07-01,823768,WASTE MANAGEMENT INC,4953.0,122,92000000000.0,sector_excluded_sic_4953,8,8,,
2026-07-01,723254,CINTAS CORP,2320.0,123,,no_pit_valid_float,8,8,,
2026-07-01,1059556,MOODYS CORP /DE/,7320.0,127,87000000000.0,sector_excluded_sic_7320,8,8,,
2026-07-01,723125,MICRON TECHNOLOGY INC,3674.0,129,85700000000.0,ineligible_filing_history,6,8,,
2026-07-01,76334,Parker-Hannifin Corp,3490.0,132,81765915350.0,sector_excluded_sic_3490,8,8,,
2026-07-01,6281,ANALOG DEVICES INC,3674.0,133,,no_pit_valid_float,8,8,,
2026-07-01,884887,ROYAL CARIBBEAN CRUISES LTD,4400.0,136,79100000000.0,sector_excluded_sic_4400,8,8,,
2026-07-01,1101239,EQUINIX INC,6798.0,138,77800000000.0,sector_excluded_sic_6798,8,8,,
2026-07-01,1060391,"REPUBLIC SERVICES, INC.",4953.0,139,77000000000.0,sector_excluded_sic_4953,8,8,,
2026-07-01,1260221,TransDigm Group INC,3728.0,141,76426902522.0,sector_excluded_sic_3728,8,8,,
2026-07-01,4281,Howmet Aerospace Inc.,3350.0,142,75000000000.0,sector_excluded_sic_3350,8,8,,
2026-07-01,1679788,"Coinbase Global, Inc.",6199.0,143,74200000000.0,non_operating_sic_6199,8,8,,
2026-07-01,16875,CANADIAN PACIFIC KANSAS CITY LTD/CN,4011.0,146,72746204564.0,sector_excluded_sic_4011,8,8,,
2026-07-01,49826,ILLINOIS TOOL WORKS INC,3560.0,149,71900000000.0,sector_excluded_sic_3560,8,8,,
2026-07-01,1133421,NORTHROP GRUMMAN CORP /DE/,3812.0,151,71500000000.0,sector_excluded_sic_3812,8,8,,
2026-07-01,40533,GENERAL DYNAMICS CORP,3730.0,155,69581612877.0,sector_excluded_sic_3730,8,8,,
2026-07-01,831259,FREEPORT-MCMORAN INC,1000.0,157,61900000000.0,sector_excluded_sic_1000,8,8,,
2026-07-01,1048911,FEDEX CORP,4513.0,162,66800000000.0,sector_excluded_sic_4513,6,8,,
2026-07-01,1559720,"Airbnb, Inc.",7340.0,163,56200000000.0,sector_excluded_sic_7340,8,8,,
2026-07-01,2969,"Air Products & Chemicals, Inc.",2810.0,164,65600000000.0,sector_excluded_sic_2810,8,8,,
2026-07-01,1692819,Vistra Corp.,4911.0,166,65311459773.0,sector_excluded_sic_4911,8,8,,
2026-07-01,277948,CSX CORP,4011.0,168,,no_pit_valid_float,8,8,,
2026-07-01,32604,EMERSON ELECTRIC CO,3600.0,169,61500000000.0,sector_excluded_sic_3600,8,8,,
2026-07-01,1164727,NEWMONT Corp /DE/,1040.0,174,64108664771.0,sector_excluded_sic_1040,8,8,,
2026-07-01,1069183,"AXON ENTERPRISE, INC.",3480.0,177,62200000000.0,sector_excluded_sic_3480,8,8,,
2026-07-01,849395,CRH PUBLIC LTD CO,3241.0,178,61825009498.0,sector_excluded_sic_3241,8,8,,
2026-07-01,882835,ROPER TECHNOLOGIES INC,3823.0,182,60800000000.0,sector_excluded_sic_3823,8,8,,
2026-07-01,1297996,"DIGITAL REALTY TRUST, INC.",6798.0,187,59000000000.0,sector_excluded_sic_6798,8,8,,
2026-07-01,1783180,CARRIER GLOBAL Corp,3585.0,188,58500000000.0,sector_excluded_sic_3585,8,8,,
2026-07-01,866787,AUTOZONE INC,5531.0,190,57759306497.0,ineligible_filing_history,6,8,,
2026-07-01,702165,NORFOLK SOUTHERN CORP,4011.0,191,57481458868.0,sector_excluded_sic_4011,8,8,,
2026-07-01,4904,AMERICAN ELECTRIC POWER CO INC,4911.0,195,56119786438.0,sector_excluded_sic_4911,8,8,,
2026-07-01,1050915,"QUANTA SERVICES, INC.",1731.0,198,55800000000.0,sector_excluded_sic_1731,8,8,,
2026-07-01,3570,"Cheniere Energy, Inc.",4924.0,203,53600000000.0,sector_excluded_sic_4924,8,8,,
2026-07-01,882184,HORTON D R INC /DE/,1531.0,204,39000000000.0,sector_excluded_sic_1531,8,8,,
2026-07-01,833444,Johnson Controls International plc,3585.0,207,52600000000.0,sector_excluded_sic_3585,8,8,,
2026-07-01,726728,REALTY INCOME CORP,6798.0,208,52600000000.0,sector_excluded_sic_6798,8,8,,
2026-07-01,1063761,SIMON PROPERTY GROUP INC.,6798.0,210,52048000000.0,sector_excluded_sic_6798,8,8,,
2026-07-01,1032208,SEMPRA,4932.0,218,49400000000.0,sector_excluded_sic_4932,8,8,,
2026-07-01,715957,"DOMINION ENERGY, INC",4911.0,222,48200000000.0,sector_excluded_sic_4911,8,8,,
2026-07-01,1318220,"Waste Connections, Inc.",4953.0,224,48127773335.0,sector_excluded_sic_4953,8,8,,
2026-07-01,723531,PAYCHEX INC,8700.0,229,47079392331.0,sector_excluded_sic_8700,6,8,,
2026-07-01,55785,KIMBERLY CLARK CORP,2670.0,230,42800000000.0,sector_excluded_sic_2670,8,8,,
2026-07-01,56873,KROGER CO,5411.0,232,46100000000.0,ineligible_filing_history,7,8,,
2026-07-01,202058,"L3HARRIS TECHNOLOGIES, INC. /DE/",3812.0,233,46020545333.0,sector_excluded_sic_3812,8,8,,
2026-07-01,745732,"ROSS STORES, INC.",5651.0,234,43685150538.0,ineligible_filing_history,7,8,,
2026-07-01,1004980,PG&E Corp,4931.0,235,,no_pit_valid_float,8,8,,
2026-07-01,1339688,LION COPPER & GOLD CORP.,1000.0,239,45271707000.0,sector_excluded_sic_1000,8,8,,
2026-07-01,26172,CUMMINS INC,3510.0,240,45100000000.0,sector_excluded_sic_3510,8,8,,
2026-07-01,24741,CORNING INC /NY,3357.0,241,45000000000.0,sector_excluded_sic_3357,8,8,,
2026-07-01,1051470,CROWN CASTLE INC.,6798.0,243,44700000000.0,sector_excluded_sic_6798,8,8,,
2026-07-01,1385157,TE Connectivity plc,5065.0,244,42200000000.0,sector_excluded_sic_5065,8,8,,
2026-07-01,1393311,Public Storage,6798.0,245,,no_pit_valid_float,8,8,,
2026-07-01,1109357,EXELON CORP,4931.0,246,43835664870.0,sector_excluded_sic_4931,8,8,,
2026-07-01,2011641,Ferguson Enterprises Inc. /DE/,5070.0,253,42870902857.0,sector_excluded_sic_5070,7,7,,
2026-07-01,1067701,"UNITED RENTALS, INC.",7359.0,254,42700000000.0,sector_excluded_sic_7359,8,8,,
2026-07-01,788784,PUBLIC SERVICE ENTERPRISE GROUP INC,4931.0,261,41911658020.0,sector_excluded_sic_4931,8,8,,
2026-07-01,1037868,AMETEK INC/,3823.0,263,41800000000.0,sector_excluded_sic_3823,8,8,,
2026-07-01,1138118,"CBRE GROUP, INC.",6500.0,264,41500000000.0,sector_excluded_sic_6500,8,8,,
2026-07-01,277135,"W.W. GRAINGER, INC.",5000.0,265,41053116330.0,sector_excluded_sic_5000,8,8,,
2026-07-01,4447,HESS CORP,2911.0,266,41004000000.0,ineligible_filing_history,4,4,,
2026-07-01,2023554,Sandisk Corp,3572.0,269,,no_pit_valid_float,6,6,,
2026-07-01,72903,XCEL ENERGY INC,4931.0,270,40260845645.0,sector_excluded_sic_4931,8,8,,
2026-07-01,920760,LENNAR CORP /NEW/,1520.0,271,24643058075.0,sector_excluded_sic_1520,7,8,,
2026-07-01,1769628,"CoreWeave, Inc.",7372.0,274,39600000000.0,ineligible_filing_history,5,5,,
2026-07-01,1781335,Otis Worldwide Corp,3600.0,277,38824474742.0,sector_excluded_sic_3600,8,8,,
2026-07-01,1701605,Baker Hughes Co,3533.0,282,37733037083.0,sector_excluded_sic_3533,8,8,,
2026-07-01,1876042,"Circle Internet Group, Inc.",6199.0,283,37600000000.0,non_operating_sic_6199,4,4,,
2026-07-01,73309,NUCOR CORP,3312.0,285,31440000000.0,sector_excluded_sic_3312,8,8,,
2026-07-01,1751788,DOW INC.,2821.0,286,18700000000.0,sector_excluded_sic_2821,8,8,,
2026-07-01,65984,ENTERGY CORP /DE/,4911.0,288,37100000000.0,sector_excluded_sic_4911,8,8,,
2026-07-01,1699150,Ingersoll Rand Inc.,3560.0,290,33000000000.0,sector_excluded_sic_3560,8,8,,
2026-07-01,1047862,CONSOLIDATED EDISON INC,4931.0,292,36200000000.0,sector_excluded_sic_4931,8,8,,
2026-07-01,40704,GENERAL MILLS INC,2040.0,295,35891000000.0,ineligible_filing_history,7,7,,
2026-07-01,820318,COHERENT CORP.,3827.0,301,14625992855.0,sector_excluded_sic_3827,8,8,,
2026-07-01,1396009,Vulcan Materials CO,1400.0,302,34416549004.0,sector_excluded_sic_1400,8,8,,
2026-07-01,1705696,VICI PROPERTIES INC.,6798.0,303,34400000000.0,sector_excluded_sic_6798,8,8,,
2026-07-01,1121788,GARMIN LTD,3812.0,304,34219000000.0,sector_excluded_sic_3812,8,8,,
2026-07-01,1666700,"DuPont de Nemours, Inc.",2821.0,307,12000000000.0,sector_excluded_sic_2821,8,8,,
2026-07-01,749251,GARTNER INC,8741.0,311,30300000000.0,sector_excluded_sic_8741,8,8,,
2026-07-01,783325,"WEC ENERGY GROUP, INC.",4931.0,312,33500000000.0,sector_excluded_sic_4931,8,8,,
2026-07-01,878927,"OLD DOMINION FREIGHT LINE, INC.",4213.0,313,30418290020.0,sector_excluded_sic_4213,8,8,,
2026-07-01,1024478,"ROCKWELL AUTOMATION, INC",3829.0,314,29100000000.0,sector_excluded_sic_3829,8,8,,
2026-07-01,1393612,Discover Financial Services,6141.0,315,32800000000.0,ineligible_filing_history,4,4,,
2026-07-01,1524472,Xylem Inc.,3561.0,316,31000000000.0,sector_excluded_sic_3561,8,8,,
2026-07-01,1289490,Extra Space Storage Inc.,6798.0,317,30991880775.0,sector_excluded_sic_6798,8,8,,
2026-07-01,33185,EQUIFAX INC,7320.0,318,32108903494.0,sector_excluded_sic_7320,8,8,,
2026-07-01,27904,"DELTA AIR LINES, INC.",4512.0,320,32100000000.0,sector_excluded_sic_4512,8,8,,
2026-07-01,943452,WESTINGHOUSE AIR BRAKE TECHNOLOGIES CORP,3743.0,322,31100000000.0,sector_excluded_sic_3743,8,8,,
2026-07-01,1807794,Credo Technology Group Holding Ltd,3674.0,325,30000000000.0,ineligible_filing_history,7,8,,
2026-07-01,1020569,IRON MOUNTAIN INC,6798.0,329,,no_pit_valid_float,8,8,,
2026-07-01,915912,AVALONBAY COMMUNITIES INC,6798.0,332,28875214928.0,sector_excluded_sic_6798,8,8,,
2026-07-01,79879,PPG INDUSTRIES INC,2851.0,334,25642000000.0,sector_excluded_sic_2851,8,8,,
2026-07-01,916076,MARTIN MARIETTA MATERIALS INC,1400.0,336,28822918628.0,sector_excluded_sic_1400,8,8,,
2026-07-01,740260,"Ventas, Inc.",6798.0,338,28600000000.0,sector_excluded_sic_6798,8,8,,
2026-07-01,46619,HEICO CORP,3724.0,340,28298175000.0,sector_excluded_sic_3724,8,8,,
2026-07-01,827052,EDISON INTERNATIONAL,4911.0,344,19800000000.0,sector_excluded_sic_4911,8,8,,
2026-07-01,2035989,Amrize Ltd,3241.0,346,27362509572.0,sector_excluded_sic_3241,4,4,,
2026-07-01,936340,DTE ENERGY CO,4911.0,347,27300000000.0,sector_excluded_sic_4911,8,8,,
2026-07-01,1013871,"NRG ENERGY, INC.",4911.0,350,26643647974.0,sector_excluded_sic_4911,8,8,,
2026-07-01,906107,VIVMARK RESIDENTIAL,6798.0,353,25600000000.0,sector_excluded_sic_6798,8,8,,
2026-07-01,1002910,AMEREN CORP,4931.0,356,25948493142.0,sector_excluded_sic_4931,8,8,,
2026-07-01,1659166,Fortive Corp,3823.0,357,18200000000.0,sector_excluded_sic_3823,8,8,,
2026-07-01,1967680,Veralto Corp,3825.0,358,25700000000.0,sector_excluded_sic_3825,8,8,,
2026-07-01,100517,"United Airlines Holdings, Inc.",4512.0,359,25600000000.0,sector_excluded_sic_4512,8,8,,
2026-07-01,1034054,SBA COMMUNICATIONS CORP,6798.0,362,25100000000.0,sector_excluded_sic_6798,8,8,,
2026-07-01,815097,Carnival Corp Ltd.,4400.0,363,25100000000.0,sector_excluded_sic_4400,6,8,,
2026-07-01,29905,DOVER Corp,3530.0,364,25034983332.0,sector_excluded_sic_3530,8,8,,
2026-07-01,1601712,Synchrony Financial,6199.0,367,24823465409.0,non_operating_sic_6199,8,8,,
2026-07-01,1489393,LyondellBasell Industries N.V.,2860.0,368,14800000000.0,sector_excluded_sic_2860,8,8,,
2026-07-01,51434,INTERNATIONAL PAPER CO /NEW/,2621.0,370,24671507117.0,sector_excluded_sic_2621,8,8,,
2026-07-01,731802,ATMOS ENERGY CORP,4924.0,372,24413133216.0,sector_excluded_sic_4924,8,8,,
2026-07-01,51253,INTERNATIONAL FLAVORS & FRAGRANCES INC,2860.0,374,18848336277.0,sector_excluded_sic_2860,8,8,,
2026-07-01,97210,"TERADYNE, INC",3825.0,381,12700000000.0,sector_excluded_sic_3825,8,8,,
2026-07-01,1130310,CENTERPOINT ENERGY INC,4911.0,384,23867105630.0,sector_excluded_sic_4911,8,8,,
2026-07-01,1094285,TELEDYNE TECHNOLOGIES INC,3812.0,385,23800000000.0,sector_excluded_sic_3812,8,8,,
2026-07-01,1410636,"American Water Works Company, Inc.",4941.0,386,23779400000.0,sector_excluded_sic_4941,8,8,,
2026-07-01,72741,EVERSOURCE ENERGY,4911.0,389,23590442517.0,sector_excluded_sic_4911,8,8,,
2026-07-01,1031296,FIRSTENERGY CORP,4911.0,390,23208851454.0,sector_excluded_sic_4911,8,8,,
2026-07-01,1937926,Brookfield Asset Management Ltd.,6282.0,391,23200000000.0,ineligible_filing_history,6,6,,
2026-07-01,1013462,ANSYS INC,7372.0,392,23147000000.0,ineligible_filing_history,4,4,,
2026-07-01,822416,PULTEGROUP INC/MI/,1531.0,396,20700000000.0,sector_excluded_sic_1531,8,8,,
2026-07-01,1175454,"CORPAY, INC.",7389.0,397,,no_pit_valid_float,8,8,,
2026-07-01,906163,NVR INC,1531.0,400,20284815000.0,sector_excluded_sic_1531,8,8,,
2026-07-01,2005951,Smurfit Westrock plc,2650.0,401,22371000000.0,sector_excluded_sic_2650,8,8,,
2026-07-01,1687229,Invitation Homes Inc.,6510.0,408,20100000000.0,sector_excluded_sic_6510,8,8,,
2026-07-01,1443646,Booz Allen Hamilton Holding Corp,8742.0,422,11488325864.0,sector_excluded_sic_8742,8,8,,
2026-07-01,811156,CMS ENERGY CORP,4931.0,423,20644000000.0,sector_excluded_sic_4931,8,8,,
2026-07-01,106535,WEYERHAEUSER CO,6798.0,424,18500000000.0,sector_excluded_sic_6798,8,8,,
2026-07-01,1035443,"ALEXANDRIA REAL ESTATE EQUITIES, INC.",6798.0,426,12400000000.0,sector_excluded_sic_6798,8,8,,
2026-07-01,940944,DARDEN RESTAURANTS INC,5812.0,427,19613800000.0,ineligible_filing_history,6,8,,
2026-07-01,2058873,"Qnity Electronics, Inc.",3674.0,428,20000000000.0,ineligible_filing_history,3,3,,
2026-07-01,1601046,"Keysight Technologies, Inc.",3823.0,430,17000000000.0,sector_excluded_sic_3823,8,8,,
2026-07-01,1818874,"SoFi Technologies, Inc.",6199.0,431,20000000000.0,non_operating_sic_6199,8,8,,
2026-07-01,1811074,Texas Pacific Land Corp,6792.0,432,20000000000.0,non_operating_sic_6792,8,8,,
2026-07-01,1324424,"Expedia Group, Inc.",4700.0,433,19967985000.0,sector_excluded_sic_4700,8,8,,
2026-07-01,21076,CLOROX CO /DE/,2842.0,435,19900000000.0,sector_excluded_sic_2842,8,8,,
2026-07-01,63754,MCCORMICK & CO INC,2090.0,443,19353507870.0,ineligible_filing_history,6,8,,
2026-07-01,1111711,NISOURCE INC.,4931.0,449,18966136571.0,sector_excluded_sic_4931,8,8,,
2026-07-01,864749,TRIMBLE INC.,3829.0,452,18700000000.0,sector_excluded_sic_3829,6,9,,
2026-07-01,1035983,COMFORT SYSTEMS USA INC,1731.0,454,18640000000.0,sector_excluded_sic_1731,8,8,,
2026-07-01,9389,BALL Corp,3411.0,455,15260000000.0,sector_excluded_sic_3411,8,8,,
2026-07-01,1368622,AeroVironment Inc,3721.0,456,18333500000.0,sector_excluded_sic_3721,8,8,,
2026-07-01,1069202,LENNOX INTERNATIONAL INC,3585.0,461,18200000000.0,sector_excluded_sic_3585,8,8,,
2026-07-01,920522,"ESSEX PROPERTY TRUST, INC.",6798.0,463,18100000000.0,sector_excluded_sic_6798,8,8,,
2026-07-01,859737,HOLOGIC INC,3844.0,464,13566017923.0,ineligible_filing_history,7,7,,
2026-07-01,1030894,CELESTICA INC,3672.0,466,17900000000.0,ineligible_filing_history,6,6,,
2026-07-01,110621,RPM INTERNATIONAL INC/DE/,2851.0,467,17629392156.0,sector_excluded_sic_2851,8,8,,
2026-07-01,8818,Avery Dennison Corp,2670.0,471,13600000000.0,sector_excluded_sic_2670,8,8,,
2026-07-01,746515,EXPEDITORS INTERNATIONAL OF WASHINGTON INC,4731.0,473,15362848688.0,sector_excluded_sic_4731,8,8,,
2026-07-01,105634,"EMCOR Group, Inc.",1731.0,477,17258000000.0,sector_excluded_sic_1731,8,8,,
2026-07-01,1552033,TransUnion,7320.0,481,17100000000.0,sector_excluded_sic_7320,8,8,,
2026-07-01,92380,SOUTHWEST AIRLINES CO,4512.0,484,16890396912.0,sector_excluded_sic_4512,8,8,,
2026-07-01,40987,GENUINE PARTS CO,5013.0,489,16900000000.0,sector_excluded_sic_5013,8,8,,
2026-07-01,75677,PACKAGING CORP OF AMERICA,2650.0,492,16692388603.0,sector_excluded_sic_2650,8,8,,
2026-07-01,77360,PENTAIR plc,3550.0,493,16631780229.0,sector_excluded_sic_3550,8,8,,
2026-07-01,55067,KELLANOVA,2040.0,495,16600000000.0,ineligible_filing_history,6,6,,
2026-07-01,1095073,"EVEREST GROUP, LTD.",6331.0,496,,no_pit_valid_float,8,8,,
2026-07-01,861884,"RELIANCE, INC.",5051.0,499,16450000000.0,sector_excluded_sic_5051,8,8,,
2026-07-01,26324,CURTISS WRIGHT CORP,3590.0,501,16400000000.0,sector_excluded_sic_3590,8,8,,
2026-07-01,105016,WATSCO INC,5070.0,503,15615000000.0,sector_excluded_sic_5070,8,8,,
2026-07-01,217346,TEXTRON INC,3720.0,504,14300000000.0,sector_excluded_sic_3720,8,8,,
2026-07-01,52988,JACOBS SOLUTIONS INC.,1600.0,505,14400000000.0,sector_excluded_sic_1600,8,8,,
2026-07-01,91440,Snap-on Inc,3420.0,506,15900000000.0,sector_excluded_sic_3420,8,8,,
2026-07-01,877212,ZEBRA TECHNOLOGIES CORP,3560.0,511,15500000000.0,sector_excluded_sic_3560,8,8,,
2026-07-01,912593,SUN COMMUNITIES INC,6798.0,513,15745164541.0,sector_excluded_sic_6798,8,8,,
2026-07-01,17843,CARPENTER TECHNOLOGY CORP,3312.0,514,8464305427.0,sector_excluded_sic_3312,8,8,,
2026-07-01,1711269,"Evergy, Inc.",4931.0,515,15667375144.0,sector_excluded_sic_4931,8,8,,
2026-07-01,1375365,"Super Micro Computer, Inc.",3571.0,517,15529499954.0,ineligible_filing_history,6,8,,
2026-07-01,352541,ALLIANT ENERGY CORP,4931.0,518,15500000000.0,sector_excluded_sic_4931,8,8,,
2026-07-01,1287750,ARES CAPITAL CORP,,520,15415428367.0,sector_excluded_sic_None,8,8,,
2026-07-01,832101,IDEX CORP /DE/,3561.0,523,13228549364.0,sector_excluded_sic_3561,8,8,,
2026-07-01,1370946,Owens Corning,3290.0,524,11500066698.0,sector_excluded_sic_3290,8,8,,
2026-07-01,1819994,Rocket Lab Corp,3760.0,528,14900000000.0,sector_excluded_sic_3760,8,8,,
2026-07-01,1022671,STEEL DYNAMICS INC,3312.0,530,13000000000.0,sector_excluded_sic_3312,8,8,,
2026-07-01,1324404,"CF Industries Holdings, Inc.",2870.0,531,14796888341.0,sector_excluded_sic_2870,8,8,,
2026-07-01,1306830,Celanese Corp,2820.0,534,6048316998.0,sector_excluded_sic_2820,8,8,,
2026-07-01,62996,MASCO CORP /DE/,3430.0,535,13438348177.0,sector_excluded_sic_3430,8,8,,
2026-07-01,898293,JABIL INC,3672.0,537,14400000000.0,ineligible_filing_history,7,9,,
2026-07-01,1166003,"XPO, Inc.",4700.0,538,14400000000.0,sector_excluded_sic_4700,8,8,,
2026-07-01,879101,KIMCO REALTY CORP,6798.0,540,14200000000.0,sector_excluded_sic_6798,8,8,,
2026-07-01,1957132,"SharkNinja, Inc.",3630.0,541,13962651458.0,ineligible_filing_history,2,2,,
2026-07-01,1025378,W. P. Carey Inc.,6798.0,547,13600000000.0,sector_excluded_sic_6798,8,8,,
2026-07-01,1622536,Talen Energy Corp,4911.0,553,13300000000.0,sector_excluded_sic_4911,8,8,,
2026-07-01,868857,AECOM,8711.0,554,12200000000.0,sector_excluded_sic_8711,8,8,,
2026-07-01,1486957,"BWX Technologies, Inc.",3510.0,557,13200000000.0,sector_excluded_sic_3510,8,8,,
2026-07-01,1170010,CARMAX INC,5500.0,558,9059759286.0,ineligible_filing_history,6,8,,
2026-07-01,23217,CONAGRA BRANDS INC.,2000.0,560,13088127068.0,ineligible_filing_history,6,8,,
2026-07-01,2046386,Medline Inc.,3841.0,561,13000000000.0,ineligible_filing_history,2,2,,
2026-07-01,728535,HUNT J B TRANSPORT SERVICES INC,4213.0,562,10900000000.0,sector_excluded_sic_4213,8,8,,
2026-07-01,910606,REGENCY CENTERS CORP,6798.0,564,12800000000.0,sector_excluded_sic_6798,8,8,,
2026-07-01,1796209,APi Group Corp,7340.0,566,12700000000.0,sector_excluded_sic_7340,8,8,,
2026-07-01,1575965,"Gaming & Leisure Properties, Inc.",6798.0,567,12700000000.0,sector_excluded_sic_6798,8,8,,
2026-07-01,1177702,SAIA INC,4213.0,570,7298010244.0,sector_excluded_sic_4213,8,8,,
2026-07-01,1720635,nVent Electric plc,3550.0,571,11651892767.0,sector_excluded_sic_3550,8,8,,
2026-07-01,874761,AES CORP,4991.0,574,7490000000.0,sector_excluded_sic_4991,8,8,,
2026-07-01,1070750,"HOST HOTELS & RESORTS, INC.",6798.0,575,10405713884.0,sector_excluded_sic_6798,8,8,,
2026-07-01,93556,"STANLEY BLACK & DECKER, INC.",3420.0,578,10500000000.0,sector_excluded_sic_3420,8,8,,
2026-07-01,1579241,Allegion plc,7381.0,579,12300000000.0,sector_excluded_sic_7381,8,8,,
2026-07-01,216228,ITT INC.,3561.0,580,12200000000.0,sector_excluded_sic_3561,8,8,,
2026-07-01,794170,"Toll Brothers, Inc.",1531.0,584,9852684000.0,sector_excluded_sic_1531,8,8,,
2026-07-01,1324948,RBC Bearings INC,3562.0,585,12165027584.0,sector_excluded_sic_3562,8,8,,
2026-07-01,1043219,ANNALY CAPITAL MANAGEMENT INC,6798.0,588,12100000000.0,sector_excluded_sic_6798,8,8,,
2026-07-01,895417,EQUITY LIFESTYLE PROPERTIES INC,6798.0,589,11707300000.0,sector_excluded_sic_6798,8,8,,
2026-07-01,1037976,JONES LANG LASALLE INC,6531.0,591,12017132438.0,sector_excluded_sic_6531,8,8,,
2026-07-01,1018963,ATI INC,3317.0,592,12000000000.0,sector_excluded_sic_3317,8,8,,
2026-07-01,906345,CAMDEN PROPERTY TRUST,6798.0,593,11980283165.0,sector_excluded_sic_6798,8,8,,
2026-07-01,1856525,"Core & Main, Inc.",5099.0,595,11940000000.0,sector_excluded_sic_5099,8,8,,
2026-07-01,1219601,"CROWN HOLDINGS, INC.",3411.0,596,11923400233.0,sector_excluded_sic_3411,8,8,,
2026-07-01,912595,MID AMERICA APARTMENT COMMUNITIES INC.,6798.0,597,11900000000.0,sector_excluded_sic_6798,8,8,,
2026-07-01,1562401,American Homes 4 Rent,6798.0,599,11700000000.0,sector_excluded_sic_6798,8,8,,
2026-07-01,765880,"HEALTHPEAK PROPERTIES, INC.",6798.0,601,9400000000.0,sector_excluded_sic_6798,8,8,,
2026-07-01,1043604,JUNIPER NETWORKS INC,3576.0,603,11713000000.0,ineligible_filing_history,4,4,,
2026-07-01,1633931,"QXO Insulation, LLC",1700.0,606,9100000000.0,sector_excluded_sic_1700,8,8,,
2026-07-01,822818,CLEAN HARBORS INC,4955.0,607,11700000000.0,sector_excluded_sic_4955,8,8,,
2026-07-01,85535,ROYAL GOLD INC,6795.0,608,11700000000.0,non_operating_sic_6795,8,8,,
2026-07-01,1590364,FTAI Aviation Ltd.,7350.0,609,11700000000.0,sector_excluded_sic_7350,8,8,,
2026-07-01,1780312,"AST SpaceMobile, Inc.",4899.0,610,11664700000.0,sector_excluded_sic_4899,8,8,,
2026-07-01,1567094,CNH Industrial N.V.,3531.0,612,11500000000.0,sector_excluded_sic_3531,8,8,,
2026-07-01,1285785,MOSAIC CO,2870.0,613,11500000000.0,sector_excluded_sic_2870,8,8,,
2026-07-01,945841,POOL CORP,5090.0,616,10541563662.0,sector_excluded_sic_5090,8,8,,
2026-07-01,1043277,"C. H. ROBINSON WORLDWIDE, INC.",4731.0,618,11317245827.0,sector_excluded_sic_4731,8,8,,
2026-07-01,59527,LINCOLN ELECTRIC HOLDINGS INC,3540.0,621,11267215663.0,sector_excluded_sic_3540,8,8,,
2026-07-01,915389,EASTMAN CHEMICAL CO,2821.0,622,8452123241.0,sector_excluded_sic_2821,8,8,,
2026-07-01,915913,ALBEMARLE CORP,2821.0,623,7400000000.0,sector_excluded_sic_2821,8,8,,
2026-07-01,1159152,James Hardie Industries plc,3272.0,627,11100000000.0,sector_excluded_sic_3272,1,1,,
2026-07-01,1177394,TD SYNNEX CORP,5045.0,631,8743705927.0,sector_excluded_sic_5045,8,8,,
2026-07-01,1679273,"Lamb Weston Holdings, Inc.",2030.0,632,10900000000.0,ineligible_filing_history,6,8,,
2026-07-01,1065696,LKQ CORP,5010.0,634,9500000000.0,sector_excluded_sic_5010,8,8,,
2026-07-01,51644,"INTERPUBLIC GROUP OF COMPANIES, INC.",7311.0,635,10900000000.0,ineligible_filing_history,6,6,,
2026-07-01,888491,OMEGA HEALTHCARE INVESTORS INC,6798.0,639,10743896520.0,sector_excluded_sic_6798,8,8,,
2026-07-01,764622,PINNACLE WEST CAPITAL CORP,4911.0,641,10673413436.0,sector_excluded_sic_4911,8,8,,
2026-07-01,1037540,"BXP, Inc.",6798.0,642,10663223539.0,sector_excluded_sic_6798,8,8,,
2026-07-01,78128,"Essential Utilities, Inc.",4941.0,649,10396206999.0,sector_excluded_sic_4941,8,8,,
2026-07-01,1090425,LAMAR ADVERTISING CO/NEW,6798.0,653,10177995114.0,sector_excluded_sic_6798,8,8,,
2026-07-01,15615,MASTEC INC,1623.0,656,10300000000.0,sector_excluded_sic_1623,8,8,,
2026-07-01,1298675,CubeSmart,6798.0,659,9659711015.0,sector_excluded_sic_6798,8,8,,
2026-07-01,1124140,EXACT SCIENCES CORP,8071.0,663,9970230370.0,ineligible_filing_history,7,7,,
2026-07-01,1681459,TechnipFMC plc,3533.0,668,9800000000.0,sector_excluded_sic_3533,8,8,,
2026-07-01,831641,TETRA TECH INC,8711.0,669,7600000000.0,sector_excluded_sic_8711,8,8,,
2026-07-01,1571283,"Rexford Industrial Realty, Inc.",6798.0,675,8400000000.0,sector_excluded_sic_6798,8,8,,
2026-07-01,1501585,"HUNTINGTON INGALLS INDUSTRIES, INC.",3730.0,677,9475000000.0,sector_excluded_sic_3730,8,8,,
2026-07-01,1174922,WYNN RESORTS LTD,7011.0,678,,no_pit_valid_float,8,8,,
2026-07-01,109563,APPLIED INDUSTRIAL TECHNOLOGIES INC,5080.0,681,9109716000.0,sector_excluded_sic_5080,8,8,,
2026-07-01,82811,REGAL REXNORD CORP,3569.0,682,9500000000.0,sector_excluded_sic_3569,8,8,,
2026-07-01,918646,EAGLE MATERIALS INC,3241.0,683,7700000000.0,sector_excluded_sic_3241,8,8,,
2026-07-01,1001838,SOUTHERN COPPER CORP/,1000.0,688,9019800000.0,sector_excluded_sic_1000,8,8,,
2026-07-01,1944013,Crane Co,3490.0,691,9272583912.0,sector_excluded_sic_3490,8,8,,
2026-07-01,737758,TORO CO,3524.0,694,7000000000.0,sector_excluded_sic_3524,8,8,,
2026-07-01,1513761,Norwegian Cruise Line Holdings Ltd.,4400.0,703,9000000000.0,sector_excluded_sic_4400,8,8,,
2026-07-01,1021635,OGE ENERGY CORP.,4911.0,705,8937916402.0,sector_excluded_sic_4911,8,8,,
2026-07-01,929008,WESCO INTERNATIONAL INC,5063.0,706,8900000000.0,sector_excluded_sic_5063,8,8,,
2026-07-01,1144215,ACUITY INC. (DE),3640.0,707,8900000000.0,ineligible_filing_history,6,8,,
2026-07-01,1049502,MKS INC,3823.0,712,6672873031.0,sector_excluded_sic_3823,8,8,,
2026-07-01,49600,EASTGROUP PROPERTIES INC,6798.0,713,8720772824.0,sector_excluded_sic_6798,8,8,,
2026-07-01,89439,MUELLER INDUSTRIES INC,3350.0,720,8641564012.0,sector_excluded_sic_3350,8,8,,
2026-07-01,1423689,AGNC Investment Corp.,6798.0,721,8600000000.0,sector_excluded_sic_6798,8,8,,
2026-07-01,1357615,"KBR, INC.",1600.0,725,6100000000.0,sector_excluded_sic_1600,8,8,,
2026-07-01,1163302,UNITED STATES STEEL CORP,3312.0,727,8500000000.0,sector_excluded_sic_3312,4,4,,
2026-07-01,29644,DONALDSON Co INC,3564.0,728,8462489351.0,sector_excluded_sic_3564,8,8,,
2026-07-01,2082866,"Pinnacle Financial Partners, Inc.",6021.0,730,8441256440.0,ineligible_filing_history,2,2,,
2026-07-01,34903,FEDERAL REALTY INVESTMENT TRUST,6798.0,732,8200000000.0,sector_excluded_sic_6798,8,8,,
2026-07-01,1795586,"Chime Financial, Inc.",6199.0,735,8300000000.0,non_operating_sic_6199,4,4,,
2026-07-01,1124198,FLUOR CORP,1600.0,744,8200000000.0,sector_excluded_sic_1600,8,8,,
2026-07-01,2000178,Loar Holdings Inc.,3728.0,747,8100000000.0,sector_excluded_sic_3728,8,8,,
2026-07-01,1519751,"Fortune Brands Innovations, Inc.",2430.0,749,6137574374.0,sector_excluded_sic_2430,8,8,,
2026-07-01,751364,"NNN REIT, INC.",6798.0,750,8061407000.0,sector_excluded_sic_6798,8,8,,
2026-07-01,851205,COGNEX CORP,3823.0,752,5267183673.0,sector_excluded_sic_3823,8,8,,
2026-07-01,1474735,GENERAC HOLDINGS INC.,3621.0,753,8000000000.0,sector_excluded_sic_3621,8,8,,
2026-07-01,1069878,TREX CO INC,2400.0,754,5800000000.0,sector_excluded_sic_2400,8,8,,
2026-07-01,1492691,Knight-Swift Transportation Holdings Inc.,4213.0,756,7075782710.0,sector_excluded_sic_4213,8,8,,
2026-07-01,1581068,Brixmor Property Group Inc.,6798.0,757,7910967832.0,sector_excluded_sic_6798,8,8,,
2026-07-01,1408075,GRAPHIC PACKAGING HOLDING CO,2650.0,761,6200000000.0,sector_excluded_sic_2650,8,8,,
2026-07-01,88205,"SPX Technologies, Inc.",3540.0,765,7649879906.0,sector_excluded_sic_3540,8,8,,
2026-07-01,1398659,Genpact LTD,8742.0,766,7632233960.0,sector_excluded_sic_8742,8,8,,
2026-07-01,1877322,ESAB Corp,3569.0,767,7614000000.0,sector_excluded_sic_3569,8,8,,
2026-07-01,1675149,Alcoa Corp,3334.0,769,7600000000.0,sector_excluded_sic_3334,8,8,,
2026-07-01,67215,DYCOM INDUSTRIES INC,1623.0,770,7581619164.0,sector_excluded_sic_1623,8,8,,
2026-07-01,1616862,Axalta Coating Systems Ltd.,2851.0,773,7550000000.0,sector_excluded_sic_2851,8,8,,
2026-07-01,2042694,Primo Brands Corp,2080.0,775,7515300000.0,ineligible_filing_history,7,7,,
2026-07-01,892553,CHART INDUSTRIES INC,3443.0,777,7485849790.0,sector_excluded_sic_3443,8,8,,
2026-07-01,6201,American Airlines Group Inc.,4512.0,779,7400000000.0,sector_excluded_sic_4512,8,8,,
2026-07-01,1021860,NOV Inc.,3533.0,780,4600000000.0,sector_excluded_sic_3533,8,8,,
2026-07-01,1655888,Blue Owl Capital Corp,,782,7328431719.0,sector_excluded_sic_None,8,8,,
2026-07-01,1699838,"Confluent, Inc.",7372.0,788,7196800000.0,ineligible_filing_history,7,7,,
2026-07-01,911177,CASELLA WASTE SYSTEMS INC,4953.0,792,7200000000.0,sector_excluded_sic_4953,8,8,,
2026-07-01,9092,BADGER METER INC,3824.0,794,7180000000.0,sector_excluded_sic_3824,8,8,,
2026-07-01,1782754,AZEK Co Inc.,3089.0,797,7159276470.0,ineligible_filing_history,4,4,,
2026-07-01,37785,FMC CORP,2800.0,798,5177967529.0,sector_excluded_sic_2800,8,8,,
2026-07-01,920371,"Simpson Manufacturing Co., Inc.",3420.0,799,6463559567.0,sector_excluded_sic_3420,8,8,,
2026-07-01,1567514,"Intra-Cellular Therapies, Inc.",2834.0,800,7100000000.0,ineligible_filing_history,3,3,,
2026-07-01,820313,AMPHENOL CORP /DE/,3678.0,100,106029000000.0,below_sector_K,8,8,tech,21.0
2026-07-01,1596532,"Arista Networks, Inc.",3576.0,101,105600000000.0,below_sector_K,8,8,tech,22.0
2026-07-01,1751008,AppLovin Corp,7370.0,107,102700000000.0,below_sector_K,8,8,tech,23.0
2026-07-01,50863,INTEL CORP,3674.0,84,99300000000.0,below_sector_K,8,8,tech,24.0
2026-07-01,1222333,SPDR GOLD TRUST,6221.0,120,93451270652.0,below_sector_K,8,8,financials,21.0
2026-07-01,1404912,KKR & Co. Inc.,6282.0,124,91100000000.0,below_sector_K,8,8,financials,22.0
2026-07-01,1792789,"DoorDash, Inc.",7389.0,125,90800000000.0,below_sector_K,8,8,financials,23.0
2026-07-01,813672,CADENCE DESIGN SYSTEMS INC,7372.0,131,83968000000.0,below_sector_K,8,8,tech,25.0
2026-07-01,315293,Aon plc,6411.0,140,76965213677.0,below_sector_K,8,8,financials,24.0
2026-07-01,707549,LAM RESEARCH CORP,3559.0,55,76867228862.0,below_sector_K,8,8,tech,26.0
2026-07-01,1980994,iShares Bitcoin Trust ETF,6221.0,144,74190144855.0,below_sector_K,8,8,financials,25.0
2026-07-01,1640147,Snowflake Inc.,7372.0,145,73500000000.0,below_sector_K,8,8,tech,27.0
2026-07-01,713676,"PNC FINANCIAL SERVICES GROUP, INC.",6021.0,147,73200000000.0,below_sector_K,8,8,financials,26.0
2026-07-01,1783879,"Robinhood Markets, Inc.",6211.0,153,71300000000.0,below_sector_K,8,8,financials,27.0
2026-07-01,1633917,"PayPal Holdings, Inc.",7389.0,154,71300000000.0,below_sector_K,8,8,financials,28.0
2026-07-01,36104,US BANCORP \DE\,6021.0,156,70500000000.0,below_sector_K,8,8,financials,29.0
2026-07-01,31462,ECOLAB INC.,2840.0,160,67088288734.0,below_sector_K,8,8,consumer,21.0
2026-07-01,1315098,Roblox Corp,7372.0,165,65500000000.0,below_sector_K,8,8,tech,28.0
2026-07-01,10795,BECTON DICKINSON & CO,3841.0,152,65472902857.0,below_sector_K,8,8,healthcare,21.0
2026-07-01,769397,"Autodesk, Inc.",7372.0,170,64500000000.0,below_sector_K,8,8,tech,29.0
2026-07-01,1390777,Bank of New York Mellon Corp,6022.0,171,64230991381.0,below_sector_K,8,8,financials,30.0
2026-07-01,1835632,"Marvell Technology, Inc.",3674.0,173,64119895583.0,below_sector_K,8,8,tech,30.0
2026-07-01,1058090,CHIPOTLE MEXICAN GRILL INC,5812.0,148,64000000000.0,below_sector_K,8,8,consumer,22.0
2026-07-01,898173,O REILLY AUTOMOTIVE INC,5531.0,175,63300585790.0,below_sector_K,8,8,consumer,23.0
2026-07-01,860730,"HCA Healthcare, Inc.",8062.0,176,63269000000.0,below_sector_K,8,8,healthcare,22.0
2026-07-01,1585689,Hilton Worldwide Holdings Inc.,7011.0,179,61525000000.0,below_sector_K,8,8,consumer,24.0
2026-07-01,1048286,MARRIOTT INTERNATIONAL INC /MD/,7011.0,180,61232412426.0,below_sector_K,8,8,consumer,25.0
2026-07-01,68505,"Motorola Solutions, Inc.",3663.0,181,61000000000.0,below_sector_K,8,8,tech,31.0
2026-07-01,86312,"TRAVELERS COMPANIES, INC.",6331.0,183,59986121526.0,below_sector_K,8,8,financials,31.0
2026-07-01,883241,SYNOPSYS INC,7372.0,159,59300000000.0,below_sector_K,8,8,tech,32.0
2026-07-01,1858681,"Apollo Global Management, Inc.",6282.0,189,58394760022.0,below_sector_K,8,8,financials,32.0
2026-07-01,1262039,"Fortinet, Inc.",3577.0,193,56846175983.0,below_sector_K,8,8,tech,33.0
2026-07-01,865752,Monster Beverage Corp,2086.0,194,56505471480.0,below_sector_K,8,8,consumer,26.0
2026-07-01,4977,AFLAC INC,6321.0,196,56035389963.0,below_sector_K,8,8,financials,33.0
2026-07-01,92230,TRUIST FINANCIAL CORP,6021.0,200,55400000000.0,below_sector_K,8,8,financials,34.0
2026-07-01,872589,"REGENERON PHARMACEUTICALS, INC.",2834.0,93,54800000000.0,below_sector_K,8,8,healthcare,23.0
2026-07-01,1413447,NXP Semiconductors N.V.,3674.0,201,54700000000.0,below_sector_K,8,8,tech,34.0
2026-07-01,1099219,METLIFE INC,6311.0,202,53600000000.0,below_sector_K,8,8,financials,35.0
2026-07-01,899051,ALLSTATE CORP,6331.0,206,52830000000.0,below_sector_K,8,8,financials,36.0
2026-07-01,900075,COPART INC,5500.0,211,51160400303.0,below_sector_K,8,8,consumer,27.0
2026-07-01,1755672,"Corteva, Inc.",100.0,213,50600000000.0,below_sector_K,8,8,consumer,28.0
2026-07-01,1635327,Flutter Entertainment plc,7370.0,214,50370000000.0,below_sector_K,8,8,tech,35.0
2026-07-01,820027,AMERIPRISE FINANCIAL INC,6282.0,215,50300000000.0,below_sector_K,8,8,financials,37.0
2026-07-01,1327811,"Workday, Inc.",7374.0,217,49500000000.0,below_sector_K,8,8,tech,36.0
2026-07-01,75362,PACCAR INC,3711.0,205,49010000000.0,below_sector_K,8,8,consumer,29.0
2026-07-01,712515,ELECTRONIC ARTS INC.,7372.0,220,48323000000.0,below_sector_K,8,8,tech,37.0
2026-07-01,1674101,Vertiv Holdings Co,3679.0,221,48225235174.0,below_sector_K,8,8,tech,38.0
2026-07-01,815556,FASTENAL CO,5200.0,225,48111881160.0,below_sector_K,8,8,consumer,30.0
2026-07-01,5272,"AMERICAN INTERNATIONAL GROUP, INC.",6331.0,226,47910000000.0,below_sector_K,8,8,financials,38.0
2026-07-01,946581,TAKE TWO INTERACTIVE SOFTWARE INC,7372.0,228,47087317833.0,below_sector_K,8,8,tech,39.0
2026-07-01,1467858,General Motors Co,3711.0,209,47000000000.0,below_sector_K,8,8,consumer,31.0
2026-07-01,1278680,ISHARES GOLD TRUST,6221.0,231,46389389528.0,below_sector_K,8,8,financials,39.0
2026-07-01,1099800,Edwards Lifesciences Corp,3842.0,199,45899189298.0,below_sector_K,8,8,healthcare,24.0
2026-07-01,27419,TARGET CORP,5331.0,172,45284343058.0,below_sector_K,8,8,consumer,32.0
2026-07-01,1418135,Keurig Dr Pepper Inc.,2080.0,242,44800000000.0,below_sector_K,8,8,consumer,33.0
2026-07-01,81061,PUBLIX SUPER MARKETS INC,5411.0,247,43829000000.0,below_sector_K,8,8,consumer,34.0
2026-07-01,1690820,CARVANA CO.,5500.0,248,43800000000.0,below_sector_K,8,8,consumer,35.0
2026-07-01,1408198,MSCI Inc.,7389.0,250,43149826814.0,below_sector_K,8,8,financials,40.0
2026-07-01,1561550,"Datadog, Inc.",7372.0,251,43000000000.0,below_sector_K,8,8,tech,40.0
2026-07-01,874716,IDEXX LABORATORIES INC /DE,2835.0,252,42899749759.0,below_sector_K,8,8,healthcare,25.0
2026-07-01,1178670,"ALNYLAM PHARMACEUTICALS, INC.",2834.0,255,42630000000.0,below_sector_K,8,8,healthcare,26.0
2026-07-01,1393052,VEEVA SYSTEMS INC,7372.0,256,42600000000.0,below_sector_K,8,8,tech,41.0
2026-07-01,1442145,"Verisk Analytics, Inc.",7374.0,257,42587525686.0,below_sector_K,8,8,tech,42.0
2026-07-01,1136893,"Fidelity National Information Services, Inc.",7389.0,258,42560250917.0,below_sector_K,8,8,financials,41.0
2026-07-01,37996,FORD MOTOR CO,3711.0,219,42411872532.0,below_sector_K,8,8,consumer,36.0
2026-07-01,1041061,YUM BRANDS INC,5812.0,267,41000000000.0,below_sector_K,8,8,consumer,37.0
2026-07-01,1120193,"NASDAQ, INC.",6200.0,268,40600000000.0,below_sector_K,8,8,financials,42.0
2026-07-01,1944048,Kenvue Inc.,2844.0,272,39600000000.0,below_sector_K,8,8,consumer,38.0
2026-07-01,1650372,Atlassian Corp,7372.0,273,39600000000.0,below_sector_K,8,8,tech,43.0
2026-07-01,1512673,"Block, Inc.",7372.0,275,39400000000.0,below_sector_K,8,8,tech,44.0
2026-07-01,1571996,Dell Technologies Inc.,3571.0,276,39200000000.0,below_sector_K,8,8,tech,45.0
2026-07-01,1058290,COGNIZANT TECHNOLOGY SOLUTIONS CORP,7371.0,280,38100000000.0,below_sector_K,8,8,tech,46.0
2026-07-01,1140859,"Cencora, Inc.",5122.0,281,37887695618.0,below_sector_K,8,8,healthcare,27.0
2026-07-01,1137774,PRUDENTIAL FINANCIAL INC,6311.0,262,37810000000.0,below_sector_K,8,8,financials,43.0
2026-07-01,96021,SYSCO CORP,5140.0,284,37355747561.0,below_sector_K,8,8,consumer,39.0
2026-07-01,1091667,"CHARTER COMMUNICATIONS, INC. /MO/",4841.0,287,37100000000.0,below_sector_K,8,8,consumer,40.0
2026-07-01,814547,FAIR ISAAC CORP,7389.0,293,36060682209.0,below_sector_K,8,8,financials,44.0
2026-07-01,874766,"HARTFORD INSURANCE GROUP, INC.",6331.0,294,36000000000.0,below_sector_K,8,8,financials,45.0
2026-07-01,1477333,"Cloudflare, Inc.",7372.0,296,35700000000.0,below_sector_K,8,8,tech,47.0
2026-07-01,1093557,DEXCOM INC,3841.0,238,34200000000.0,below_sector_K,8,8,healthcare,28.0
2026-07-01,1065088,EBAY INC,7389.0,305,34086444146.0,below_sector_K,8,8,financials,46.0
2026-07-01,827054,MICROCHIP TECHNOLOGY INC,3674.0,259,34000000000.0,below_sector_K,8,8,tech,48.0
2026-07-01,1932393,GE HealthCare Technologies Inc.,3844.0,306,34000000000.0,below_sector_K,8,8,healthcare,29.0
2026-07-01,1057352,"COSTAR GROUP, INC.",7389.0,308,33900000000.0,below_sector_K,8,8,financials,47.0
2026-07-01,1834584,"Coupang, Inc.",5961.0,310,33600000000.0,below_sector_K,8,8,consumer,41.0
2026-07-01,943819,RESMED INC,3841.0,298,33419694564.0,below_sector_K,8,8,healthcare,30.0
2026-07-01,947484,ARCH CAPITAL GROUP LTD.,6331.0,291,33000000000.0,below_sector_K,8,8,financials,48.0
2026-07-01,1560385,Liberty Media Corp,4833.0,319,32100000000.0,below_sector_K,8,8,consumer,42.0
2026-07-01,1671933,"Trade Desk, Inc.",7370.0,249,32045240502.0,below_sector_K,8,8,tech,49.0
2026-07-01,79282,"BROWN & BROWN, INC.",6411.0,321,31616025136.0,below_sector_K,8,8,financials,49.0
2026-07-01,93751,STATE STREET CORP,6022.0,323,30310000000.0,below_sector_K,8,8,financials,50.0
2026-07-01,1140536,WILLIS TOWERS WATSON PLC,6411.0,326,29918279975.0,below_sector_K,8,8,financials,51.0
2026-07-01,1397911,LPL Financial Holdings Inc.,6200.0,327,29900000000.0,below_sector_K,8,8,financials,52.0
2026-07-01,36270,M&T BANK CORP,6022.0,331,29618092321.0,below_sector_K,8,8,financials,53.0
2026-07-01,49071,HUMANA INC,6324.0,236,29182689695.0,below_sector_K,8,8,healthcare,31.0
2026-07-01,721371,CARDINAL HEALTH INC,5122.0,223,28372319280.0,below_sector_K,8,8,healthcare,32.0
2026-07-01,1404655,HUBSPOT INC,7372.0,341,28297314702.0,below_sector_K,8,8,tech,50.0
2026-07-01,720005,RAYMOND JAMES FINANCIAL INC,6211.0,342,28106525241.0,below_sector_K,8,8,financials,54.0
2026-07-01,1437107,"Warner Bros. Discovery, Inc.",4841.0,343,28000000000.0,below_sector_K,8,8,consumer,43.0
2026-07-01,1071739,CENTENE CORP,6324.0,299,26700000000.0,below_sector_K,8,8,healthcare,33.0
2026-07-01,1090872,"AGILENT TECHNOLOGIES, INC.",3826.0,324,26600000000.0,below_sector_K,8,8,healthcare,34.0
2026-07-01,1478242,IQVIA HOLDINGS INC.,8731.0,279,26500000000.0,below_sector_K,8,8,healthcare,35.0
2026-07-01,1383312,"BROADRIDGE FINANCIAL SOLUTIONS, INC.",7389.0,354,26295879012.0,below_sector_K,8,8,financials,55.0
2026-07-01,860731,TYLER TECHNOLOGIES INC,7372.0,360,25541975159.0,below_sector_K,8,8,tech,51.0
2026-07-01,7084,Archer-Daniels-Midland Co,2070.0,337,25200000000.0,below_sector_K,8,8,consumer,44.0
2026-07-01,16918,"CONSTELLATION BRANDS, INC.",2080.0,278,24900000000.0,below_sector_K,8,8,consumer,45.0
2026-07-01,1609711,GoDaddy Inc.,7373.0,365,24900000000.0,below_sector_K,8,8,tech,52.0
2026-07-01,1096343,MARKEL GROUP INC.,6331.0,366,24853000000.0,below_sector_K,8,8,financials,56.0
2026-07-01,1280452,"MONOLITHIC POWER SYSTEMS, INC.",3674.0,351,24700000000.0,below_sector_K,8,8,tech,53.0
2026-07-01,47111,HERSHEY CO,2060.0,349,24680833539.0,below_sector_K,8,8,consumer,46.0
2026-07-01,1374310,"Cboe Global Markets, Inc.",6200.0,373,24400000000.0,below_sector_K,8,8,financials,57.0
2026-07-01,1757898,STERIS plc,3842.0,375,24222300000.0,below_sector_K,8,8,healthcare,36.0
2026-07-01,1037646,METTLER TOLEDO INTERNATIONAL INC/,3826.0,330,24200000000.0,below_sector_K,8,8,healthcare,37.0
2026-07-01,47217,HP INC,3570.0,345,24121817659.0,below_sector_K,8,8,tech,54.0
2026-07-01,1335258,"Live Nation Entertainment, Inc.",7900.0,377,24100000000.0,below_sector_K,8,8,consumer,47.0
2026-07-01,49196,HUNTINGTON BANCSHARES INC /MD/,6021.0,378,24100000000.0,below_sector_K,8,8,financials,58.0
2026-07-01,73124,NORTHERN TRUST CORP,6022.0,379,24100000000.0,below_sector_K,8,8,financials,59.0
2026-07-01,35527,FIFTH THIRD BANCORP,6022.0,383,23900000000.0,below_sector_K,8,8,financials,60.0
2026-07-01,1381197,"Interactive Brokers Group, Inc.",6211.0,387,23755862670.0,below_sector_K,8,8,financials,61.0
2026-07-01,1402057,CDW Corp,5961.0,328,23377000000.0,below_sector_K,8,8,consumer,48.0
2026-07-01,1097864,ON SEMICONDUCTOR CORP,3674.0,335,23198209519.0,below_sector_K,8,8,tech,55.0
2026-07-01,1650164,"Toast, Inc.",7374.0,394,23000000000.0,below_sector_K,8,8,tech,56.0
2026-07-01,313927,CHURCH & DWIGHT CO INC /DE/,2840.0,369,22900000000.0,below_sector_K,8,8,consumer,49.0
2026-07-01,20286,CINCINNATI FINANCIAL CORP,6331.0,395,22846561651.0,below_sector_K,8,8,financials,62.0
2026-07-01,719955,WILLIAMS SONOMA INC,5700.0,398,22608389080.0,below_sector_K,8,8,consumer,50.0
2026-07-01,1145197,INSULET CORP,3841.0,404,22100000000.0,below_sector_K,8,8,healthcare,38.0
2026-07-01,1637459,Kraft Heinz Co,2030.0,339,22000000000.0,below_sector_K,8,8,consumer,51.0
2026-07-01,916365,TRACTOR SUPPLY CO /DE/,5200.0,388,22000000000.0,below_sector_K,8,8,consumer,52.0
2026-07-01,11544,BERKLEY W R CORP,6331.0,407,21940921884.0,below_sector_K,8,8,financials,63.0
2026-07-01,935703,"DOLLAR TREE, INC.",5331.0,409,21898064491.0,below_sector_K,8,8,consumer,53.0
2026-07-01,1604821,"Natera, Inc.",8071.0,410,21830000000.0,below_sector_K,8,8,healthcare,39.0
2026-07-01,920148,LABCORP HOLDINGS INC.,8071.0,411,21700000000.0,below_sector_K,8,8,healthcare,40.0
2026-07-01,48898,HUBBELL INC,3670.0,412,21586750695.0,below_sector_K,8,8,tech,57.0
2026-07-01,1852317,Fidelity Wise Origin Bitcoin Fund,6221.0,413,21502562250.0,below_sector_K,8,8,financials,64.0
2026-07-01,1618756,Restaurant Brands International Inc.,5812.0,405,21428256686.0,below_sector_K,8,8,consumer,54.0
2026-07-01,1713445,"Reddit, Inc.",7374.0,415,21200000000.0,below_sector_K,8,8,tech,58.0
2026-07-01,1645590,Hewlett Packard Enterprise Co,3570.0,406,21184000000.0,below_sector_K,8,8,tech,59.0
2026-07-01,29534,DOLLAR GENERAL CORP,5331.0,416,21100000000.0,below_sector_K,8,8,consumer,55.0
2026-07-01,1748790,Amcor plc,3990.0,417,21100000000.0,below_sector_K,8,8,consumer,56.0
2026-07-01,866374,FLEX LTD.,3672.0,418,21100000000.0,below_sector_K,8,8,tech,60.0
2026-07-01,1104506,INSMED Inc,2834.0,419,21100000000.0,below_sector_K,8,8,healthcare,41.0
2026-07-01,1336920,"Leidos Holdings, Inc.",7373.0,420,21002965945.0,below_sector_K,8,8,tech,61.0
2026-07-01,1000697,WATERS CORP /DE/,3826.0,421,20973515517.0,below_sector_K,8,8,healthcare,42.0
2026-07-01,1113169,PRICE T ROWE GROUP INC,6282.0,361,20900000000.0,below_sector_K,8,8,financials,65.0
2026-07-01,1281761,REGIONS FINANCIAL CORP,6021.0,425,20566150882.0,below_sector_K,8,8,financials,66.0
2026-07-01,1022079,QUEST DIAGNOSTICS INC,8071.0,429,20000000000.0,below_sector_K,8,8,healthcare,43.0
2026-07-01,1588489,Grayscale Bitcoin Trust ETF,6221.0,434,19941743766.0,below_sector_K,8,8,financials,67.0
2026-07-01,1585521,"Zoom Communications, Inc.",7370.0,436,19800000000.0,below_sector_K,8,8,tech,62.0
2026-07-01,1665918,US Foods Holding Corp.,5140.0,437,19700000000.0,below_sector_K,8,8,consumer,57.0
2026-07-01,1046102,RB GLOBAL INC.,7389.0,440,19400000000.0,below_sector_K,8,8,financials,68.0
2026-07-01,91576,KEYCORP /NEW/,6021.0,442,19378924449.0,below_sector_K,8,8,financials,69.0
2026-07-01,1123360,GLOBAL PAYMENTS INC,7389.0,371,19310238934.0,below_sector_K,8,8,financials,70.0
2026-07-01,759944,CITIZENS FINANCIAL GROUP INC/RI,6022.0,444,19237809260.0,below_sector_K,8,8,financials,71.0
2026-07-01,858470,Coterra Energy Inc.,1311.0,439,19200000000.0,below_sector_K,8,8,energy,21.0
2026-07-01,1552000,MPLX LP,4610.0,445,19100000000.0,below_sector_K,8,8,energy,22.0
2026-07-01,726958,CASEYS GENERAL STORES INC,5500.0,446,19100000000.0,below_sector_K,8,8,consumer,58.0
2026-07-01,1883685,DraftKings Inc.,7990.0,447,19100000000.0,below_sector_K,8,8,consumer,59.0
2026-07-01,1441816,"MongoDB, Inc.",7372.0,448,19100000000.0,below_sector_K,8,8,tech,63.0
2026-07-01,1506293,"PINTEREST, INC.",7370.0,393,18700000000.0,below_sector_K,8,8,tech,64.0
2026-07-01,1447669,TWILIO INC,7372.0,451,18700000000.0,below_sector_K,8,8,tech,65.0
2026-07-01,857005,PTC INC.,7372.0,399,18551172440.0,below_sector_K,8,8,tech,66.0
2026-07-01,1137789,Seagate Technology Holdings plc,3572.0,167,18400000000.0,below_sector_K,8,8,tech,67.0
2026-07-01,875045,BIOGEN INC.,2836.0,309,18378285308.0,below_sector_K,8,8,healthcare,44.0
2026-07-01,1618732,"Nutanix, Inc.",7372.0,458,18300000000.0,below_sector_K,8,8,tech,68.0
2026-07-01,818686,TEVA PHARMACEUTICAL INDUSTRIES LTD,2834.0,457,18160000000.0,below_sector_K,8,8,healthcare,45.0
2026-07-01,1136869,"ZIMMER BIOMET HOLDINGS, INC.",3842.0,402,18023763265.0,below_sector_K,8,8,healthcare,46.0
2026-07-01,1713683,"Zscaler, Inc.",7371.0,465,17900000000.0,below_sector_K,8,8,tech,69.0
2026-07-01,1274494,"FIRST SOLAR, INC.",3674.0,380,17700000000.0,below_sector_K,8,8,tech,70.0
2026-07-01,1126328,PRINCIPAL FINANCIAL GROUP INC,6321.0,460,17700000000.0,below_sector_K,8,8,financials,72.0
2026-07-01,1397187,lululemon athletica inc.,2300.0,348,17576000000.0,below_sector_K,8,8,consumer,60.0
2026-07-01,1013237,FACTSET RESEARCH SYSTEMS INC,7370.0,469,17509083420.0,below_sector_K,8,8,tech,71.0
2026-07-01,1402436,SS&C Technologies Holdings Inc,7372.0,470,17502751030.0,below_sector_K,8,8,tech,72.0
2026-07-01,100493,"TYSON FOODS, INC.",2015.0,474,17422448530.0,below_sector_K,8,8,consumer,61.0
2026-07-01,798941,FIRST CITIZENS BANCSHARES INC /DE/,6022.0,476,17263599044.0,below_sector_K,8,8,financials,73.0
2026-07-01,1330568,iShares Silver Trust,6221.0,479,17190036500.0,below_sector_K,8,8,financials,74.0
2026-07-01,1579298,"Burlington Stores, Inc.",5311.0,480,17151432284.0,below_sector_K,8,8,consumer,62.0
2026-07-01,1002047,"NetApp, Inc.",3572.0,483,17100000000.0,below_sector_K,8,8,tech,73.0
2026-07-01,1001250,ESTEE LAUDER COMPANIES INC,2844.0,355,17000000000.0,below_sector_K,8,8,consumer,63.0
2026-07-01,1474432,"Everpure, Inc.",3572.0,485,17000000000.0,below_sector_K,8,8,tech,74.0
2026-07-01,1758730,Tradeweb Markets Inc.,6200.0,487,16900000000.0,below_sector_K,8,8,financials,75.0
2026-07-01,1333986,"Equitable Holdings, Inc.",6411.0,488,16900000000.0,below_sector_K,8,8,financials,76.0
2026-07-01,1403568,"Ulta Beauty, Inc.",5990.0,490,16866064000.0,below_sector_K,8,8,consumer,64.0
2026-07-01,1802768,Royalty Pharma plc,2834.0,491,16700000000.0,below_sector_K,8,8,healthcare,47.0
2026-07-01,1820953,"Affirm Holdings, Inc.",6141.0,494,16600000000.0,below_sector_K,8,8,financials,77.0
2026-07-01,1673358,"Yum China Holdings, Inc.",5812.0,497,16500000000.0,below_sector_K,8,8,consumer,65.0
2026-07-01,1014473,VERISIGN INC/CA,7371.0,500,16400000000.0,below_sector_K,8,8,tech,75.0
2026-07-01,1660134,"Okta, Inc.",7372.0,502,16400000000.0,below_sector_K,8,8,tech,76.0
2026-07-01,711404,"COOPER COMPANIES, INC.",3851.0,468,16200000000.0,below_sector_K,8,8,healthcare,48.0
2026-07-01,1179929,"MOLINA HEALTHCARE, INC.",6324.0,478,16000000000.0,below_sector_K,8,8,healthcare,49.0
2026-07-01,10456,BAXTER INTERNATIONAL INC,3841.0,486,16000000000.0,below_sector_K,8,8,healthcare,50.0
2026-07-01,1032975,LOGITECH INTERNATIONAL S.A.,3577.0,508,15881278174.0,below_sector_K,8,8,tech,77.0
2026-07-01,790051,CARLISLE COMPANIES INC,3060.0,453,15800000000.0,below_sector_K,8,8,consumer,66.0
2026-07-01,1575515,"Sprouts Farmers Market, Inc.",5411.0,512,15781871524.0,below_sector_K,8,8,consumer,67.0
2026-07-01,105770,WEST PHARMACEUTICAL SERVICES INC,3841.0,382,15700000000.0,below_sector_K,8,8,healthcare,51.0
2026-07-01,849399,Gen Digital Inc.,7372.0,516,15555822937.0,below_sector_K,8,8,tech,78.0
2026-07-01,60086,LOEWS CORP,6331.0,521,15362000000.0,below_sector_K,8,8,financials,78.0
2026-07-01,1048695,"F5, INC.",3576.0,522,15351963269.0,below_sector_K,8,8,tech,79.0
2026-07-01,1286681,DOMINOS PIZZA INC,5140.0,462,15285523540.0,below_sector_K,8,8,consumer,68.0
2026-07-01,45012,HALLIBURTON CO,1389.0,403,15200000000.0,below_sector_K,8,8,energy,23.0
2026-07-01,1261333,"DOCUSIGN, INC.",7372.0,525,15100000000.0,below_sector_K,8,8,tech,80.0
2026-07-01,1617640,"ZILLOW GROUP, INC.",7389.0,529,14900000000.0,below_sector_K,8,8,financials,79.0
2026-07-01,1521332,Aptiv PLC,3714.0,450,14783719749.0,below_sector_K,8,8,consumer,69.0
2026-07-01,910521,DECKERS OUTDOOR CORP,3021.0,376,14764483936.0,below_sector_K,8,8,consumer,70.0
2026-07-01,1651308,BeOne Medicines Ltd.,2834.0,532,14700000000.0,below_sector_K,8,8,healthcare,52.0
2026-07-01,1773383,"Dynatrace, Inc.",7372.0,507,14600000000.0,below_sector_K,8,8,tech,81.0
2026-07-01,1531152,"BJ's Wholesale Club Holdings, Inc.",5331.0,536,14500000000.0,below_sector_K,8,8,consumer,71.0
2026-07-01,1874178,"Rivian Automotive, Inc. / DE",3711.0,539,14300000000.0,below_sector_K,8,8,consumer,72.0
2026-07-01,5513,Unum Group,6321.0,542,13900000000.0,below_sector_K,8,8,financials,80.0
2026-07-01,1331875,"Fidelity National Financial, Inc.",6361.0,543,13873627890.0,below_sector_K,8,8,financials,81.0
2026-07-01,29989,OMNICOM GROUP INC.,7311.0,472,13815889740.0,below_sector_K,8,8,consumer,73.0
2026-07-01,1069157,EAST WEST BANCORP INC,6022.0,544,13774364511.0,below_sector_K,8,8,financials,82.0
2026-07-01,1206264,SOMNIGROUP INTERNATIONAL INC.,2510.0,545,13757330408.0,below_sector_K,8,8,consumer,74.0
2026-07-01,1973266,"TKO Group Holdings, Inc.",7900.0,546,13650540272.0,below_sector_K,8,8,consumer,75.0
2026-07-01,1116132,"TAPESTRY, INC.",3100.0,352,13590000000.0,below_sector_K,8,8,consumer,76.0
2026-07-01,1527166,Carlyle Group Inc.,6282.0,548,13579714543.0,below_sector_K,8,8,financials,83.0
2026-07-01,1528396,"Guidewire Software, Inc.",7372.0,551,13400000000.0,below_sector_K,8,8,tech,82.0
2026-07-01,1562088,"Duolingo, Inc.",7372.0,552,13342902822.0,below_sector_K,8,8,tech,83.0
2026-07-01,1943896,"Rubrik, Inc.",7372.0,555,13260000000.0,below_sector_K,8,8,tech,84.0
2026-07-01,1736297,"Astera Labs, Inc.",3674.0,556,13200000000.0,below_sector_K,8,8,tech,85.0
2026-07-01,898174,REINSURANCE GROUP OF AMERICA INC,6311.0,549,13100000000.0,below_sector_K,8,8,financials,84.0
2026-07-01,1964738,Solventum Corp,3841.0,559,13100000000.0,below_sector_K,8,8,healthcare,53.0
2026-07-01,1300514,LAS VEGAS SANDS CORP,7011.0,519,13023793216.0,below_sector_K,8,8,consumer,77.0
2026-07-01,779152,JACK HENRY & ASSOCIATES INC,7373.0,565,12705842343.0,below_sector_K,8,8,tech,86.0
2026-07-01,1642896,Samsara Inc.,7373.0,568,12686300000.0,below_sector_K,8,8,tech,87.0
2026-07-01,1316835,"Builders FirstSource, Inc.",5211.0,509,12600000000.0,below_sector_K,8,8,consumer,78.0
2026-07-01,1289460,"Texas Roadhouse, Inc.",5812.0,572,12500000000.0,below_sector_K,8,8,consumer,79.0
2026-07-01,1823945,BLUE OWL CAPITAL INC.,6282.0,573,12500000000.0,below_sector_K,8,8,financials,85.0
2026-07-01,106040,WESTERN DIGITAL CORP,3572.0,227,12240000000.0,below_sector_K,8,8,tech,88.0
2026-07-01,1611983,Liberty Broadband Corp,4841.0,581,12200000000.0,below_sector_K,8,8,consumer,80.0
2026-07-01,70318,TENET HEALTHCARE CORP,8062.0,582,12200000000.0,below_sector_K,8,8,healthcare,54.0
2026-07-01,785161,Encompass Health Corp,8060.0,583,12200000000.0,below_sector_K,8,8,healthcare,55.0
2026-07-01,40729,Ally Financial Inc.,6022.0,587,12000000000.0,below_sector_K,8,8,financials,86.0
2026-07-01,1037038,RALPH LAUREN CORP,2320.0,594,11943000000.0,below_sector_K,8,8,consumer,81.0
2026-07-01,764478,BEST BUY CO INC,5731.0,510,11900000000.0,below_sector_K,8,8,consumer,82.0
2026-07-01,1590955,"Paycom Software, Inc.",7372.0,598,11900000000.0,below_sector_K,8,8,tech,89.0
2026-07-01,1056696,MANHATTAN ASSOCIATES INC,7372.0,527,11791338195.0,below_sector_K,8,8,tech,90.0
2026-07-01,1433270,ANTERO RESOURCES Corp,1311.0,605,11700000000.0,below_sector_K,8,8,energy,24.0
2026-07-01,1564408,Snap Inc,7370.0,414,11600000000.0,below_sector_K,8,8,tech,91.0
2026-07-01,1824920,"IonQ, Inc.",7373.0,615,11500000000.0,below_sector_K,8,8,tech,92.0
2026-07-01,842023,BIO-TECHNE Corp,2836.0,617,11400000000.0,below_sector_K,8,8,healthcare,56.0
2026-07-01,913144,RENAISSANCERE HOLDINGS LTD,6331.0,614,11300000000.0,below_sector_K,8,8,financials,87.0
2026-07-01,31791,"REVVITY, INC.",3826.0,619,11298522046.0,below_sector_K,8,8,healthcare,57.0
2026-07-01,1089063,"DICK'S SPORTING GOODS, INC.",5940.0,620,11281312684.0,below_sector_K,8,8,consumer,83.0
2026-07-01,1082554,UNITED THERAPEUTICS Corp,2834.0,586,11233042523.0,below_sector_K,8,8,healthcare,58.0
2026-07-01,879169,INCYTE CORP,8731.0,624,11200000000.0,below_sector_K,8,8,healthcare,59.0
2026-07-01,1302215,"HOULIHAN LOKEY, INC.",6282.0,625,11190000000.0,below_sector_K,8,8,financials,88.0
2026-07-01,1086222,AKAMAI TECHNOLOGIES INC,7389.0,550,11183900000.0,below_sector_K,8,8,financials,89.0
2026-07-01,89089,SERVICE CORP INTERNATIONAL,7200.0,626,11126104381.0,below_sector_K,8,8,consumer,84.0
2026-07-01,1097149,ALIGN TECHNOLOGY INC,3842.0,563,11100000000.0,below_sector_K,8,8,healthcare,60.0
2026-07-01,310522,FEDERAL NATIONAL MORTGAGE ASSOCIATION FANNIE MAE,6111.0,628,11000000000.0,below_sector_K,8,8,financials,90.0
2026-07-01,1717115,"Tempus AI, Inc.",7370.0,629,11000000000.0,below_sector_K,8,8,tech,93.0
2026-07-01,1842022,"DT Midstream, Inc.",4922.0,630,11000000000.0,below_sector_K,8,8,energy,25.0
2026-07-01,720672,STIFEL FINANCIAL CORP,6211.0,633,10900000000.0,below_sector_K,8,8,financials,91.0
2026-07-01,1852131,Nextpower Inc.,3674.0,638,10800000000.0,below_sector_K,8,8,tech,94.0
2026-07-01,1996862,Bunge Global SA,2070.0,526,10701000000.0,below_sector_K,8,8,consumer,85.0
2026-07-01,36966,FIRST HORIZON CORP,6021.0,640,10700000000.0,below_sector_K,8,8,financials,92.0
2026-07-01,1604028,"ADVANCED DRAINAGE SYSTEMS, INC.",3086.0,590,10679000000.0,below_sector_K,8,8,consumer,86.0
2026-07-01,927066,DAVITA INC.,8090.0,600,10600000000.0,below_sector_K,8,8,healthcare,61.0
2026-07-01,91419,J M SMUCKER Co,2033.0,604,10590293766.0,below_sector_K,8,8,consumer,87.0
2026-07-01,1658566,Permian Resources Corp,1311.0,645,10503468331.0,below_sector_K,8,8,energy,26.0
2026-07-01,1360901,Evercore Inc.,6282.0,648,10400000000.0,below_sector_K,8,8,financials,93.0
2026-07-01,1792044,Viatris Inc,2834.0,569,10384706269.0,below_sector_K,8,8,healthcare,62.0
2026-07-01,896622,"APTARGROUP, INC.",3089.0,652,10345798465.0,below_sector_K,8,8,consumer,88.0
2026-07-01,46080,"HASBRO, INC.",3944.0,654,10300000000.0,below_sector_K,8,8,consumer,89.0
2026-07-01,936395,CIENA CORP,3661.0,655,10300000000.0,below_sector_K,8,8,tech,95.0
2026-07-01,1773751,"Hims & Hers Health, Inc.",8011.0,660,10100000000.0,below_sector_K,8,8,healthcare,63.0
2026-07-01,320335,GLOBE LIFE INC.,6311.0,661,10000000000.0,below_sector_K,8,8,financials,94.0
2026-07-01,1669162,"Kinsale Capital Group, Inc.",6331.0,662,9978331145.0,below_sector_K,8,8,financials,95.0
2026-07-01,1267238,"ASSURANT, INC.",6399.0,664,9930000000.0,below_sector_K,8,8,financials,96.0
2026-07-01,1682852,"Moderna, Inc.",2836.0,260,9900000000.0,below_sector_K,8,8,healthcare,64.0
2026-07-01,1516513,"Doximity, Inc.",7371.0,666,9860000000.0,below_sector_K,8,8,tech,96.0
2026-07-01,1618673,Performance Food Group Co,5141.0,602,9856418259.0,below_sector_K,8,8,consumer,90.0
2026-07-01,4127,"SKYWORKS SOLUTIONS, INC.",3674.0,475,9800000000.0,below_sector_K,8,8,tech,97.0
2026-07-01,1635088,Roivant Sciences Ltd.,2834.0,670,9800000000.0,below_sector_K,8,8,healthcare,65.0
2026-07-01,1792580,Ovintiv Inc.,1311.0,577,9780270102.0,below_sector_K,8,8,energy,27.0
2026-07-01,1636222,Wingstop Inc.,5812.0,576,9700000000.0,below_sector_K,8,8,consumer,91.0
2026-07-01,352915,UNIVERSAL HEALTH SERVICES INC,8062.0,643,9700000000.0,below_sector_K,8,8,healthcare,66.0
2026-07-01,1341766,"Celsius Holdings, Inc.",2086.0,667,9700000000.0,below_sector_K,8,8,consumer,92.0
2026-07-01,1428439,"ROKU, INC",4841.0,674,9700000000.0,below_sector_K,8,8,consumer,93.0
2026-07-01,1321732,Penumbra Inc,3841.0,676,9700000000.0,below_sector_K,8,8,healthcare,67.0
2026-07-01,315852,RANGE RESOURCES CORP,1311.0,680,9592497000.0,below_sector_K,8,8,energy,28.0
2026-07-01,1352010,"EPAM Systems, Inc.",7371.0,651,9570000000.0,below_sector_K,8,8,tech,98.0
2026-07-01,914475,NEUROCRINE BIOSCIENCES INC,2836.0,646,9520000000.0,below_sector_K,8,8,healthcare,68.0
2026-07-01,350894,SEI INVESTMENTS CO,6211.0,684,9500000000.0,below_sector_K,8,8,financials,97.0
2026-07-01,1707753,Elastic N.V.,7372.0,685,9400000000.0,below_sector_K,8,8,tech,99.0
2026-07-01,939767,"EXELIXIS, INC.",2836.0,686,9400000000.0,below_sector_K,8,8,healthcare,69.0
2026-07-01,1772016,"BELLRING BRANDS, INC.",2000.0,687,9367938437.0,below_sector_K,8,8,consumer,94.0
2026-07-01,1584509,Aramark,5812.0,690,9291400000.0,below_sector_K,8,8,consumer,95.0
2026-07-01,764038,SouthState Bank Corp,6022.0,692,9225644000.0,below_sector_K,8,8,financials,98.0
2026-07-01,1110803,"ILLUMINA, INC.",3826.0,533,9200000000.0,below_sector_K,8,8,healthcare,70.0
2026-07-01,1639438,"CAVA GROUP, INC.",5812.0,693,9200000000.0,below_sector_K,8,8,consumer,96.0
2026-07-01,1722482,"Avantor, Inc.",3826.0,695,9173395483.0,below_sector_K,8,8,healthcare,71.0
2026-07-01,801337,WEBSTER FINANCIAL CORP,6021.0,696,9100000000.0,below_sector_K,8,8,financials,99.0
2026-07-01,1637207,"Planet Fitness, Inc.",7997.0,698,9100000000.0,below_sector_K,8,8,consumer,97.0
2026-07-01,14693,BROWN FORMAN CORP,2080.0,441,9000000000.0,below_sector_K,8,8,consumer,98.0
2026-07-01,1810806,Unity Software Inc.,7372.0,699,9000000000.0,below_sector_K,8,8,tech,100.0
2026-07-01,1591698,Paylocity Holding Corp,7372.0,700,9000000000.0,below_sector_K,8,8,tech,101.0
2026-07-01,1326380,GameStop Corp.,5734.0,701,9000000000.0,below_sector_K,8,8,consumer,99.0
2026-07-01,71691,NEW YORK TIMES CO,2711.0,702,9000000000.0,below_sector_K,8,8,consumer,100.0
2026-07-01,1042046,AMERICAN FINANCIAL GROUP INC,6331.0,704,8990000000.0,below_sector_K,8,8,financials,100.0
2026-07-01,16058,CACI INTERNATIONAL INC /DE/,7373.0,611,8976716562.0,below_sector_K,8,8,tech,102.0
2026-07-01,1000228,HENRY SCHEIN INC,5047.0,709,8885457000.0,below_sector_K,8,8,healthcare,72.0
2026-07-01,1475922,"Primerica, Inc.",6311.0,710,8880345744.0,below_sector_K,8,8,financials,101.0
2026-07-01,74260,OLD REPUBLIC INTERNATIONAL CORP,6351.0,711,8832423187.0,below_sector_K,8,8,financials,102.0
2026-07-01,1889539,"Corebridge Financial, Inc.",6311.0,714,8710000000.0,below_sector_K,8,8,financials,103.0
2026-07-01,922621,ERIE INDEMNITY CO,6411.0,697,8700000000.0,below_sector_K,8,8,financials,104.0
2026-07-01,1046257,Ingredion Inc,2040.0,718,8692000000.0,below_sector_K,8,8,consumer,101.0
2026-07-01,1023128,LITHIA MOTORS INC,5500.0,719,8685471000.0,below_sector_K,8,8,consumer,102.0
2026-07-01,48465,HORMEL FOODS CORP /DE/,2011.0,658,8637339615.0,below_sector_K,8,8,consumer,103.0
2026-07-01,1034670,AUTOLIV INC,3714.0,722,8595000000.0,below_sector_K,8,8,consumer,104.0
2026-07-01,1849253,"RYAN SPECIALTY HOLDINGS, INC.",6411.0,723,8557552987.0,below_sector_K,8,8,financials,105.0
2026-07-01,1101302,ENTEGRIS INC,3089.0,459,8500000000.0,below_sector_K,8,8,consumer,105.0
2026-07-01,1070423,PLAINS ALL AMERICAN PIPELINE LP,4610.0,724,8500000000.0,below_sector_K,8,8,energy,29.0
2026-07-01,1866581,Dutch Bros Inc.,5810.0,726,8500000000.0,below_sector_K,8,8,consumer,106.0
2026-07-01,1786352,"BILL Holdings, Inc.",7372.0,731,8400000000.0,below_sector_K,8,8,tech,103.0
2026-07-01,1639300,"Ollie's Bargain Outlet Holdings, Inc.",5331.0,733,8400000000.0,below_sector_K,8,8,consumer,107.0
2026-07-01,1212545,WESTERN ALLIANCE BANCORPORATION,6022.0,734,8360000000.0,below_sector_K,8,8,financials,106.0
2026-07-01,1289419,"Morningstar, Inc.",6282.0,736,8300000000.0,below_sector_K,8,8,financials,107.0
2026-07-01,1423902,"Western Midstream Partners, LP",4922.0,737,8300000000.0,below_sector_K,8,8,energy,30.0
2026-07-01,707179,OLD NATIONAL BANCORP /IN/,6021.0,738,8296882698.0,below_sector_K,8,8,financials,108.0
2026-07-01,1433195,APPFOLIO INC,7372.0,739,8256000000.0,below_sector_K,8,8,tech,104.0
2026-07-01,1015328,WINTRUST FINANCIAL CORP,6022.0,740,8232734235.0,below_sector_K,8,8,financials,109.0
2026-07-01,1611052,"PROCORE TECHNOLOGIES, INC.",7372.0,741,8209500000.0,below_sector_K,8,8,tech,105.0
2026-07-01,1507079,"Floor & Decor Holdings, Inc.",5211.0,637,8200000000.0,below_sector_K,8,8,consumer,108.0
2026-07-01,39263,"CULLEN/FROST BANKERS, INC.",6021.0,742,8200000000.0,below_sector_K,8,8,financials,110.0
2026-07-01,1169561,COMMVAULT SYSTEMS INC,7372.0,743,8200000000.0,below_sector_K,8,8,tech,106.0
2026-07-01,96223,Jefferies Financial Group Inc.,6211.0,729,8180207998.0,below_sector_K,8,8,financials,111.0
2026-07-01,1214816,AXIS CAPITAL HOLDINGS LTD,6331.0,748,8100000000.0,below_sector_K,8,8,financials,112.0
2026-07-01,24545,MOLSON COORS BEVERAGE CO,2082.0,708,8000000000.0,below_sector_K,8,8,consumer,109.0
2026-07-01,1766502,"Chewy, Inc.",5961.0,755,8000000000.0,below_sector_K,8,8,consumer,110.0
2026-07-01,1408710,Fabrinet,3661.0,482,7900000000.0,below_sector_K,8,8,tech,107.0
2026-07-01,1411207,Allison Transmission Holdings Inc,3714.0,758,7896000000.0,below_sector_K,8,8,consumer,111.0
2026-07-01,1604778,"Qorvo, Inc.",3674.0,671,7873633809.0,below_sector_K,8,8,tech,108.0
2026-07-01,1573516,Murphy USA Inc.,5500.0,679,7848130000.0,below_sector_K,8,8,consumer,112.0
2026-07-01,1646972,"Albertsons Companies, Inc.",5411.0,760,7800000000.0,below_sector_K,8,8,consumer,113.0
2026-07-01,22356,COMMERCE BANCSHARES INC /MO/,6022.0,762,7759000000.0,below_sector_K,8,8,financials,113.0
2026-07-01,1915657,HF Sinclair Corp,4610.0,689,7700000000.0,below_sector_K,8,8,energy,31.0
2026-07-01,275880,PARSONS CORP,7373.0,715,7700000000.0,below_sector_K,8,8,tech,109.0
2026-07-01,1031308,BENTLEY SYSTEMS INC,7372.0,768,7600000000.0,below_sector_K,8,8,tech,110.0
2026-07-01,16732,CAMPBELL'S Co,2000.0,771,7566297331.0,below_sector_K,8,8,consumer,114.0
2026-07-01,101382,UMB FINANCIAL CORP,6021.0,772,7565682253.0,below_sector_K,8,8,financials,114.0
2026-07-01,109380,"ZIONS BANCORPORATION, NATIONAL ASSOCIATION /UT/",6021.0,774,7521166801.0,below_sector_K,8,8,financials,115.0
2026-07-01,763901,"POPULAR, INC.",6022.0,776,7500000000.0,below_sector_K,8,8,financials,116.0
2026-07-01,891103,"Match Group, Inc.",7370.0,759,7426689174.0,below_sector_K,8,8,tech,111.0
2026-07-01,908937,SIRIUS XM HOLDINGS INC.,4832.0,778,7407294638.0,below_sector_K,8,8,consumer,115.0
2026-07-01,67347,MODINE MANUFACTURING CO,3714.0,781,7390000000.0,below_sector_K,8,8,consumer,116.0
2026-07-01,1100682,"CHARLES RIVER LABORATORIES INTERNATIONAL, INC.",8731.0,644,7322905711.0,below_sector_K,8,8,healthcare,73.0
2026-07-01,1002638,OPEN TEXT CORP,7373.0,746,7300000000.0,below_sector_K,8,8,tech,112.0
2026-07-01,1743881,"BridgeBio Pharma, Inc.",2834.0,784,7300000000.0,below_sector_K,8,8,healthcare,74.0
2026-07-01,1278021,MARKETAXESS HOLDINGS INC,6211.0,785,7300000000.0,below_sector_K,8,8,financials,117.0
2026-07-01,775158,OSHKOSH CORP,3711.0,789,7276796085.0,below_sector_K,8,8,consumer,117.0
2026-07-01,1177609,"FIVE BELOW, INC",5331.0,790,7261931467.0,below_sector_K,8,8,consumer,118.0
2026-07-01,908255,BORGWARNER INC,3714.0,791,7200000000.0,below_sector_K,8,8,consumer,119.0
2026-07-01,1880661,TPG Inc.,6282.0,795,7161600000.0,below_sector_K,8,8,financials,118.0
2026-07-01,19584,CHEMED CORP,8082.0,751,7010301507.0,below_sector_K,8,8,healthcare,75.0
2026-07-01,1668397,"Medpace Holdings, Inc.",8731.0,647,7000000000.0,below_sector_K,8,8,healthcare,76.0
2026-07-01,1048477,BIOMARIN PHARMACEUTICAL INC,2834.0,717,6700000000.0,below_sector_K,8,8,healthcare,77.0
2026-07-01,20212,Churchill Downs Inc,7948.0,672,6693961648.0,below_sector_K,8,8,consumer,120.0
2026-07-01,1237831,GLOBUS MEDICAL INC,3841.0,764,6600000000.0,below_sector_K,8,8,healthcare,78.0
2026-07-01,1841666,APA Corp,1311.0,636,6561964169.0,below_sector_K,8,8,energy,32.0
2026-07-01,66570,MSA Safety Inc,3842.0,786,6500000000.0,below_sector_K,8,8,healthcare,79.0
2026-07-01,750004,"Light & Wonder, Inc.",7373.0,796,6338303809.0,below_sector_K,8,8,tech,113.0
2026-07-01,38777,FRANKLIN RESOURCES INC,6282.0,716,5900000000.0,below_sector_K,8,8,financials,119.0
2026-07-01,789570,MGM Resorts International,7011.0,657,5800000000.0,below_sector_K,8,8,consumer,121.0
2026-07-01,701985,"Bath & Body Works, Inc.",5990.0,787,5800000000.0,below_sector_K,8,8,consumer,122.0
2026-07-01,1590895,"Caesars Entertainment, Inc.",7011.0,745,5600000000.0,below_sector_K,8,8,consumer,123.0
2026-07-01,1486159,Chord Energy Corp,1311.0,650,5544699884.0,below_sector_K,8,8,energy,33.0
2026-07-01,355811,GENTEX CORP,3714.0,763,4813633848.0,below_sector_K,8,8,consumer,124.0
2026-07-01,1334036,"Crocs, Inc.",3021.0,783,4800000000.0,below_sector_K,8,8,consumer,125.0
2026-07-01,1649094,"Vaxcyte, Inc.",2836.0,793,3700000000.0,below_sector_K,8,8,healthcare,80.0
2026-07-01,1463101,"Enphase Energy, Inc.",3674.0,665,3000000000.0,below_sector_K,8,8,tech,114.0
2026-07-01,1725210,Grayscale Ethereum Staking ETF,6221.0,673,2839935512.0,below_sector_K,8,8,financials,120.0
2026-07-01,1633978,Lumentum Holdings Inc.,3669.0,498,2704000000.0,below_sector_K,8,8,tech,115.0
