recon_date,cik,name,sector,stratum,float_usd,float_instant,float_accn,shares_outstanding,shares_source,implied_price_usd,zero_float_instant,zero_float_filed,flags,float_to_assets,scale_verdict
2016-07-01,1800,ABBOTT LABORATORIES,healthcare,core,71342394796.0,2015-06-30,0001047469-16-010246,,no_concept,,,,,,
2016-07-01,2969,"Air Products & Chemicals, Inc.",materials_realestate,extension,32400000000.0,2015-03-31,0001193125-15-386399,215426569.0,same_accn@2015-10-31,150.39927595931772,,,,,
2016-07-01,4904,AMERICAN ELECTRIC POWER CO INC,utilities,extension,26011055215.0,2015-12-31,0000004904-16-000056,491052581.0,same_accn@2015-12-31,52.96999999883923,,,,,
2016-07-01,5272,"AMERICAN INTERNATIONAL GROUP, INC.",financials,core,80826000000.0,2015-06-30,0000005272-16-000035,1149448256.0,same_accn@2016-02-11,70.31721487078406,,,,,
2016-07-01,6769,APACHE CORP,energy,core,21783122197.0,2015-06-30,0001193125-16-481920,378297784.0,same_accn@2016-01-31,57.581945013455325,,,,,
2016-07-01,6951,APPLIED MATERIALS INC /DE,tech,core,26764127442.0,2015-04-26,0000006951-15-000034,1149133389.0,same_accn@2015-12-03,23.29070558578992,,,,,
2016-07-01,8670,AUTOMATIC DATA PROCESSING INC,tech,core,39778918109.0,2015-06-30,0000008670-15-000021,465810128.0,same_accn@2015-07-31,85.39728038931777,,,,,
2016-07-01,12927,BOEING CO,industrials,extension,94500000000.0,2015-06-30,0000012927-16-000099,662503822.0,same_accn@2016-02-04,142.64068653176767,,,,,
2016-07-01,14272,BRISTOL MYERS SQUIBB CO,healthcare,core,110846810075.0,2015-06-30,0000014272-16-000288,1669459090.0,same_accn@2016-02-01,66.39684119183777,,,,,
2016-07-01,18230,CATERPILLAR INC,industrials,extension,51000000000.0,2015-06-30,0000018230-16-000533,582321890.0,same_accn@2015-12-31,87.58042738183859,,,,,
2016-07-01,19617,JPMORGAN CHASE & CO,financials,core,249201931877.0,2015-06-30,0000019617-16-000902,3670264897.0,same_accn@2016-01-31,67.89753297662318,,,,,
2016-07-01,21344,COCA COLA CO,consumer,core,170318198405.0,2015-07-03,0000021344-16-000050,,no_concept,,,,,,
2016-07-01,21665,COLGATE PALMOLIVE CO,consumer,core,58700000000.0,2015-06-30,0001628280-16-011343,892738516.0,same_accn@2016-01-31,65.75273604527666,,,,,
2016-07-01,24741,CORNING INC /NY,materials_realestate,extension,24000000000.0,2015-06-30,0000024741-16-000077,,no_concept,,,,,,
2016-07-01,29915,DOW CHEMICAL CO /DE/,materials_realestate,extension,59100000000.0,2015-06-30,0000029915-16-000066,1117112448.0,same_accn@2016-01-31,52.90425337736457,,,,0.868785464381266,corroborated by balance sheet
2016-07-01,30554,"EIDP, Inc.",materials_realestate,extension,57800000000.0,2015-06-30,0000030554-16-000106,871681000.0,same_accn@2016-01-29,66.30866108129005,,,,1.4040713209930524,corroborated by balance sheet
2016-07-01,32604,EMERSON ELECTRIC CO,industrials,extension,37900000000.0,2015-03-31,0000032604-15-000051,654557141.0,same_accn@2015-10-31,57.90174398234852,,,,,
2016-07-01,34088,EXXON MOBIL CORP,energy,core,346000000000.0,2015-06-30,0000034088-16-000065,4152756609.0,same_accn@2016-01-31,83.31815046664104,,,,,
2016-07-01,36104,US BANCORP \DE\,financials,core,76700000000.0,2015-06-30,0001193125-16-478568,1737315684.0,same_accn@2016-01-31,44.148568223021925,,,,,
2016-07-01,37996,FORD MOTOR CO,consumer,core,58530047195.0,2015-06-30,0000037996-16-000092,,no_fact_within_400d,,,,,,
2016-07-01,40533,GENERAL DYNAMICS CORP,industrials,extension,41198779978.0,2015-07-05,0000040533-16-000056,,no_concept,,,,,,
2016-07-01,45012,HALLIBURTON CO,energy,core,36674344986.0,2015-06-30,0000045012-16-000272,858342017.0,same_accn@2016-01-29,42.72695995260826,,,,,
2016-07-01,47217,HP INC,tech,core,59551395919.0,2015-04-30,0001047469-15-009251,1791848366.0,same_accn@2015-11-30,33.234617978271494,,,,,
2016-07-01,50863,INTEL CORP,tech,core,147300000000.0,2015-06-26,0000050863-16-000105,4724000000.0,same_accn@2016-02-05,31.181202370872143,,,,,
2016-07-01,51143,INTERNATIONAL BUSINESS MACHINES CORP,tech,core,159300000000.0,2015-06-30,0001047469-16-010329,988424172.0,same_accn@2016-02-10,161.1656255610066,,,,,
2016-07-01,55785,KIMBERLY CLARK CORP,materials_realestate,extension,38600000000.0,2015-06-30,0000055785-16-000138,360899707.0,same_accn@2016-02-04,106.95492196672801,,,,,
2016-07-01,59478,ELI LILLY & Co,healthcare,core,81473000000.0,2015-06-30,0000059478-16-000321,1106093485.0,same_accn@2016-02-12,73.65833096829063,,,,,
2016-07-01,60667,LOWES COMPANIES INC,consumer,core,64300000000.0,2015-07-31,0000060667-16-000276,897438629.0,same_accn@2016-03-24,71.6483533494077,,,,,
2016-07-01,63908,MCDONALDS CORP,consumer,core,89518453614.0,2015-06-30,0000063908-16-000103,901607888.0,same_accn@2016-01-31,99.28756702936033,,,,,
2016-07-01,64803,CVS HEALTH Corp,consumer,core,116868242939.0,2015-06-30,0000064803-16-000074,1098490835.0,same_accn@2016-02-03,106.38982066609596,,,,,
2016-07-01,66740,3M CO,healthcare,core,91400000000.0,2016-01-31,0001558370-16-003162,605038186.0,same_accn@2016-01-31,151.064845351761,,,,,
2016-07-01,70858,BANK OF AMERICA CORP /DE/,financials,core,178230659544.0,2015-06-30,0000070858-16-000137,10325631017.0,same_accn@2016-02-23,17.26099443710153,,,,,
2016-07-01,72971,WELLS FARGO & COMPANY/MN,financials,core,288400000000.0,2015-06-30,0000072971-16-001045,5076712397.0,same_accn@2016-01-29,56.808418016830196,,,,,
2016-07-01,77476,PEPSICO INC,consumer,core,137900000000.0,2015-06-12,0000077476-16-000066,1445412743.0,same_accn@2016-02-04,95.40527483781842,,,,,
2016-07-01,78003,PFIZER INC,healthcare,core,209000000000.0,2015-06-28,0000078003-16-000077,6184139991.0,same_accn@2016-02-25,33.79613014973224,,,,,
2016-07-01,79879,PPG INDUSTRIES INC,materials_realestate,extension,30935000000.0,2015-06-30,0000079879-16-000065,,no_concept,,,,,,
2016-07-01,80424,PROCTER & GAMBLE Co,consumer,core,246000000000.0,2014-12-31,0000080424-15-000070,2712561733.0,same_accn@2015-07-31,90.68918027090666,,,,,
2016-07-01,87347,SLB LIMITED/NV,energy,core,109000000000.0,2015-06-30,0001564590-16-012009,1256367980.0,same_accn@2015-12-31,86.75802132429386,,,,,
2016-07-01,92122,SOUTHERN CO,utilities,extension,38100000000.0,2015-06-30,0000092122-16-000126,912846995.0,same_accn@2016-01-31,41.73755318107828,,,,,
2016-07-01,93410,CHEVRON CORP,energy,core,181530939081.0,2015-06-30,0000093410-16-000049,1883156295.0,same_accn@2016-02-15,96.397170836529,,,,,
2016-07-01,97476,TEXAS INSTRUMENTS INC,tech,core,53229272810.0,2015-06-30,0001564590-16-013126,1005257723.0,same_accn@2016-02-22,52.95087179350126,,,,,
2016-07-01,97745,THERMO FISHER SCIENTIFIC INC.,industrials,extension,52614285000.0,2015-06-26,0000097745-16-000043,396261928.0,same_accn@2016-02-06,132.7765331016105,,,,,
2016-07-01,100885,UNION PACIFIC CORP,industrials,extension,82700000000.0,2015-06-30,0000100885-16-000260,846414350.0,same_accn@2016-01-29,97.70628298067017,,,,,
2016-07-01,101829,RTX Corp,industrials,extension,98745805884.0,2015-09-30,0000101829-15-000042,887020937.0,same_accn@2015-09-30,111.3229708173168,,,,,
2016-07-01,106040,WESTERN DIGITAL CORP,tech,core,23000000000.0,2015-01-02,0000106040-15-000010,230402975.0,same_accn@2015-08-13,99.82509991461698,,,,,
2016-07-01,107263,"WILLIAMS COMPANIES, INC.",energy,core,39345468396.0,2015-06-30,0000107263-16-000021,750065665.0,same_accn@2016-02-22,52.45603182756006,,,,,
2016-07-01,200406,JOHNSON & JOHNSON,healthcare,core,276000000000.0,2015-06-28,0000200406-16-000071,2759359192.0,same_accn@2016-02-19,100.02322307301847,,,,,
2016-07-01,310158,"Merck & Co., Inc.",healthcare,core,160710000000.0,2015-06-30,0000310158-16-000063,2775258591.0,same_accn@2016-01-31,57.90811729082582,,,,,
2016-07-01,313616,DANAHER CORP /DE/,industrials,extension,53900000000.0,2015-07-03,0000313616-16-000145,687154521.0,same_accn@2016-02-09,78.43941697649109,,,,,
2016-07-01,316709,SCHWAB CHARLES CORP,financials,core,38000000000.0,2015-06-30,0000316709-16-000067,1320522900.0,same_accn@2016-01-29,28.776479377979737,,,,,
2016-07-01,318154,AMGEN INC,healthcare,core,102117764803.0,2015-06-30,0000318154-16-000031,752091038.0,same_accn@2016-02-09,135.7784625044289,,,,,
2016-07-01,320187,"NIKE, Inc.",consumer,core,72392307327.0,2014-11-30,0000320187-15-000113,855351589.0,same_accn@2015-07-17,84.6345622758877,,,,,
2016-07-01,320193,Apple Inc.,tech,core,709923000000.0,2015-03-27,0001193125-15-356351,5575331000.0,same_accn@2015-10-09,127.33288839711938,,,,,
2016-07-01,354950,"HOME DEPOT, INC.",consumer,core,150100000000.0,2015-08-02,0000354950-16-000060,1252951007.0,same_accn@2016-03-04,119.79718214153604,,,,,
2016-07-01,701221,Cigna Holding Co,healthcare,core,41600000000.0,2015-06-30,0001047469-16-010432,255766310.0,same_accn@2016-01-31,162.64847391355022,,,,,
2016-07-01,713676,"PNC FINANCIAL SERVICES GROUP, INC.",financials,core,49200000000.0,2015-06-30,0001193125-16-482577,501105185.0,same_accn@2016-02-12,98.18297928807102,,,,,
2016-07-01,715957,"DOMINION ENERGY, INC",utilities,extension,39600000000.0,2015-06-30,0001193125-16-480850,596419295.0,same_accn@2016-01-31,66.39624226107574,,,,,
2016-07-01,723125,MICRON TECHNOLOGY INC,tech,core,27700000000.0,2015-03-05,0000723125-15-000112,1085753663.0,same_accn@2015-10-21,25.512232602985932,,,,,
2016-07-01,731766,UNITEDHEALTH GROUP INC,healthcare,core,114440856791.0,2015-06-30,0000731766-16-000058,950673998.0,same_accn@2016-01-29,120.37865454588777,,,,,
2016-07-01,732712,VERIZON COMMUNICATIONS INC,utilities,extension,189475659614.0,2015-06-30,0001193125-16-473367,4073840949.0,same_accn@2016-01-29,46.510323300793154,,,,,
2016-07-01,732717,AT&T INC.,utilities,extension,184000000000.0,2015-12-31,0000732717-16-000147,6151000000.0,same_accn@2016-02-10,29.9138351487563,,,,,
2016-07-01,753308,NEXTERA ENERGY INC,utilities,extension,44190491194.0,2015-06-30,0000753308-16-000337,460599691.0,same_accn@2016-01-31,95.9412089444932,,,,,
2016-07-01,764180,"ALTRIA GROUP, INC.",consumer,core,96000000000.0,2015-06-30,0000764180-16-000128,1957931815.0,same_accn@2016-02-12,49.03132952053287,,,,,
2016-07-01,773840,HONEYWELL INTERNATIONAL INC,industrials,extension,80900000000.0,2015-06-30,0000930413-16-005457,769322910.0,same_accn@2016-01-29,105.15740393068496,,,,,
2016-07-01,773910,ANADARKO PETROLEUM CORP,energy,core,39600000000.0,2015-06-30,0000773910-16-000073,508438647.0,same_accn@2016-02-05,77.88550345977141,,,,,
2016-07-01,788784,PUBLIC SERVICE ENTERPRISE GROUP INC,utilities,extension,19819621677.0,2015-06-30,0000788784-16-000014,506435137.0,same_accn@2016-02-19,39.13555799940477,,,,,
2016-07-01,789019,MICROSOFT CORP,tech,core,365312377595.0,2014-12-31,0001193125-15-272806,7997980969.0,same_accn@2015-07-27,45.67557474954527,,,,,
2016-07-01,790070,EMC CORP,tech,core,50627600803.0,2015-06-30,0000790070-16-000229,1947047380.0,same_accn@2016-01-29,26.002243870922136,,,,,
2016-07-01,797468,OCCIDENTAL PETROLEUM CORP /DE/,energy,core,59200000000.0,2015-06-30,0000797468-16-000017,763845316.0,same_accn@2016-01-31,77.50260263427471,,,,,
2016-07-01,804328,QUALCOMM INC/DE,tech,core,109303248283.0,2015-03-29,0001234452-15-000271,1503094004.0,same_accn@2015-11-02,72.71883727306785,,,,,
2016-07-01,816284,CELGENE CORP /DE/,healthcare,core,91555862650.0,2015-06-30,0001628280-16-011012,781664535.0,same_accn@2016-02-05,117.12935479412533,,,,,
2016-07-01,821189,EOG RESOURCES INC,energy,core,63532000000.0,2015-06-30,0000821189-16-000054,549883390.0,same_accn@2016-02-18,115.53722326473618,,,,,
2016-07-01,823768,WASTE MANAGEMENT INC,utilities,extension,20900000000.0,2015-06-30,0001193125-16-467957,445652359.0,same_accn@2016-02-04,46.89754149826008,,,,,
2016-07-01,827052,EDISON INTERNATIONAL,utilities,extension,18100000000.0,2015-06-30,0000827052-16-000222,325811206.0,same_accn@2016-02-19,55.553644769357625,,,,,
2016-07-01,829224,STARBUCKS CORP,consumer,core,69000000000.0,2015-03-27,0000829224-15-000038,1484800000.0,same_accn@2015-11-06,46.470905172413794,,,,,
2016-07-01,831001,CITIGROUP INC,financials,core,166100000000.0,2015-06-30,0000831001-16-000286,2948120153.0,same_accn@2016-01-31,56.34098726640332,,,,,
2016-07-01,858877,"CISCO SYSTEMS, INC.",tech,core,143712018680.0,2015-01-23,0000858877-15-000070,5061293291.0,same_accn@2015-09-03,28.39432738180752,,,,,
2016-07-01,872589,"REGENERON PHARMACEUTICALS, INC.",healthcare,core,50626000000.0,2015-06-30,0001532176-16-000045,,no_fact_within_400d,,,,,,
2016-07-01,875045,BIOGEN INC.,healthcare,core,94898425323.0,2015-06-30,0000875045-16-000042,,no_concept,,,,,,
2016-07-01,882095,"GILEAD SCIENCES, INC.",healthcare,core,140034139655.0,2015-06-30,0000882095-16-000039,1366845691.0,same_accn@2016-02-12,102.45058427374447,,,,,
2016-07-01,884905,LINDE INC,materials_realestate,extension,34000000000.0,2015-06-30,0000884905-16-000108,284836117.0,same_accn@2016-01-31,119.36688492351551,,,,,
2016-07-01,886982,GOLDMAN SACHS GROUP INC,financials,core,88600000000.0,2015-06-30,0001193125-16-488753,422349543.0,same_accn@2016-02-05,209.77884661757525,,,,,
2016-07-01,895421,MORGAN STANLEY,financials,core,72777054630.0,2015-06-30,0001193125-16-473553,1958568849.0,same_accn@2016-01-31,37.158282522035556,,,,,
2016-07-01,896159,Chubb Ltd,financials,core,35000000000.0,2015-06-30,0000896159-16-000027,,no_concept,,,,,,
2016-07-01,896878,INTUIT INC.,tech,core,23200000000.0,2015-01-30,0000896878-15-000116,277306606.0,same_accn@2015-08-24,83.66190886920306,,,,,
2016-07-01,906107,VIVMARK RESIDENTIAL,materials_realestate,extension,25200000000.0,2015-06-30,0000906107-16-000029,365141603.0,same_accn@2016-02-19,69.01432154801599,,,,,
2016-07-01,922224,PPL Corp,utilities,extension,19730584918.0,2015-06-30,0000922224-16-000130,675190188.0,same_accn@2016-01-31,29.222262510129962,,,,,
2016-07-01,927628,CAPITAL ONE FINANCIAL CORP,financials,core,47456297783.0,2015-06-30,0000927628-16-000140,,no_concept,,,,,,
2016-07-01,927653,MCKESSON CORP,healthcare,core,42500000000.0,2015-09-30,0000927653-16-000020,225020523.0,same_accn@2016-04-30,188.87166127509178,,,,,
2016-07-01,936402,Shire plc,healthcare,core,47300000000.0,2015-06-30,0000950103-16-013180,592100000.0,same_accn@2016-04-22,79.88515453470697,,,,,
2016-07-01,936468,LOCKHEED MARTIN CORP,industrials,extension,58200000000.0,2015-06-26,0001193125-16-476010,305487347.0,same_accn@2016-01-29,190.51525561220708,,,,,
2016-07-01,1001039,TWDC Enterprises 18 Corp.,consumer,core,178900000000.0,2015-03-28,0001001039-15-000255,1653177887.0,same_accn@2015-11-18,108.21581960828635,,,,,
2016-07-01,1012569,"Energy Transfer, LP",energy,core,24430000000.0,2015-06-30,0001012569-16-000155,507740653.0,same_accn@2016-02-19,48.1151151786934,,,,,
2016-07-01,1018724,AMAZON COM INC,consumer,core,166381236673.0,2015-06-30,0001018724-16-000172,470842035.0,same_accn@2016-01-20,353.3695471199805,,,,2.5423451603355542,corroborated by balance sheet
2016-07-01,1032208,SEMPRA,utilities,extension,24500000000.0,2015-06-30,0000086521-16-000091,249215763.0,same_accn@2016-02-19,98.3083883020674,,,,,
2016-07-01,1035002,VALERO ENERGY CORP/TX,energy,core,31300000000.0,2015-06-30,0001035002-16-000069,470392665.0,same_accn@2016-01-29,66.54015321433637,,,,,
2016-07-01,1051470,CROWN CASTLE INC.,materials_realestate,extension,26600000000.0,2015-06-30,0001051470-16-000158,333768610.0,same_accn@2016-02-15,79.69593066286251,,,,,
2016-07-01,1053507,AMERICAN TOWER CORP /MA/,materials_realestate,extension,39200000000.0,2015-06-30,0001053507-16-000018,,no_concept,,,,,,
2016-07-01,1058290,COGNIZANT TECHNOLOGY SOLUTIONS CORP,tech,core,37000000000.0,2015-06-30,0001058290-16-000049,,no_concept,,,,,,
2016-07-01,1061219,ENTERPRISE PRODUCTS PARTNERS L.P.,energy,core,39270000000.0,2015-06-30,0001061219-16-000058,2021263324.0,same_accn@2016-01-31,19.428443357041786,,,,,
2016-07-01,1063761,SIMON PROPERTY GROUP INC.,materials_realestate,extension,53152000000.0,2015-06-30,0001047469-16-010465,,no_fact_within_400d,,,,,,
2016-07-01,1065088,EBAY INC,financials,core,67436299797.0,2015-06-30,0001065088-16-000265,1178705177.0,same_accn@2016-01-27,57.212185975662344,,,,,
2016-07-01,1067983,BERKSHIRE HATHAWAY INC,financials,core,257347000000.0,2015-06-30,0001193125-16-483023,,no_fact_within_400d,,,,,,
2016-07-01,1075531,Booking Holdings Inc.,industrials,extension,58600000000.0,2015-06-30,0001075531-16-000084,49616595.0,same_accn@2016-02-09,1181.0564590335148,,,implied_price_out_of_band,3.363838449649337,corroborated by balance sheet
2016-07-01,1090012,DEVON ENERGY CORP/DE,energy,core,24300000000.0,2015-06-30,0001193125-16-466687,441300000.0,same_accn@2016-02-10,55.06458191706322,,,,,
2016-07-01,1090727,UNITED PARCEL SERVICE INC,industrials,extension,67688103890.0,2015-06-30,0001090727-16-000053,,no_fact_within_400d,,,,,,
2016-07-01,1099219,METLIFE INC,financials,core,62600000000.0,2015-06-30,0000937834-16-000099,1098666690.0,same_accn@2016-04-29,56.978154129711534,,,,,
2016-07-01,1103982,"Mondelez International, Inc.",consumer,core,66000000000.0,2015-06-30,0001193125-16-469394,,no_concept,,,,,,
2016-07-01,1105705,"WARNER MEDIA, LLC",consumer,core,68960000000.0,2015-06-30,0001193125-16-477965,790154346.0,same_accn@2016-02-19,87.27408809316351,,,,,
2016-07-01,1108524,"Salesforce, Inc.",tech,core,32900000000.0,2015-07-31,0001108524-16-000053,670900000.0,same_accn@2016-01-31,49.038604859144435,,,,,
2016-07-01,1109357,EXELON CORP,utilities,extension,27049825290.0,2015-12-31,0001193125-16-457652,919924742.0,same_accn@2016-01-31,29.404389353841296,,,,,
2016-07-01,1122304,AETNA INC /PA/,healthcare,core,43200000000.0,2015-06-30,0001122304-16-000201,349600000.0,same_accn@2016-01-31,123.56979405034325,,,,,
2016-07-01,1137774,PRUDENTIAL FINANCIAL INC,financials,core,39550000000.0,2015-06-30,0001137774-16-000226,446000000.0,same_accn@2016-01-31,88.67713004484305,,,,,
2016-07-01,1137789,Seagate Technology Holdings plc,tech,core,21700000000.0,2015-01-02,0001047469-15-006787,302033939.0,same_accn@2015-08-04,71.84623049928175,,,,,
2016-07-01,1141391,Mastercard Inc,financials,core,103700000000.0,2015-06-30,0001141391-16-000085,,no_fact_within_400d,,,,,,
2016-07-01,1156039,"Elevance Health, Inc.",healthcare,core,42815533599.0,2015-06-30,0001156039-16-000018,261351781.0,same_accn@2016-02-04,163.82338561144147,,,,,
2016-07-01,1163165,CONOCOPHILLIPS,energy,core,75700000000.0,2015-12-31,0001193125-16-472901,1236202726.0,same_accn@2016-01-31,61.23591091320729,,,,,
2016-07-01,1166691,COMCAST CORP,consumer,core,148617000000.0,2015-06-30,0001193125-16-452423,,no_fact_within_400d,,,,,,
2016-07-01,1271024,LINKEDIN CORP,tech,core,23695488242.0,2015-06-30,0001271024-16-000035,,no_concept,,,,,,
2016-07-01,1276187,Energy Transfer LP,energy,core,25400000000.0,2015-06-30,0001276187-16-000132,1044788657.0,same_accn@2016-02-19,24.31113683118786,,,,,
2016-07-01,1326801,"Meta Platforms, Inc.",tech,core,198000000000.0,2015-06-30,0001326801-16-000043,,no_concept,,,,,,
2016-07-01,1341439,ORACLE CORP,tech,core,118269080000.0,2015-11-30,0001193125-16-628942,4122730000.0,same_accn@2016-06-15,28.68707870755543,,,,,
2016-07-01,1364742,"BlackRock Finance, Inc.",financials,core,56300000000.0,2015-06-30,0001564590-16-013511,163941835.0,same_accn@2016-01-31,343.41447989770273,,,,,
2016-07-01,1373835,Spectra Energy Corp.,energy,core,22000000000.0,2015-06-30,0001373835-16-000014,671500270.0,same_accn@2016-01-31,32.762458904149064,,,,,
2016-07-01,1390777,Bank of New York Mellon Corp,financials,core,46364551489.0,2015-06-30,0001390777-16-000204,1075800941.0,same_accn@2016-01-31,43.0977049024537,,,,,
2016-07-01,1403161,VISA INC.,financials,core,128200000000.0,2015-03-31,0001403161-15-000013,,no_fact_within_400d,,,,,,
2016-07-01,1413329,Philip Morris International Inc.,consumer,core,124000000000.0,2015-06-30,0001413329-16-000076,1549347456.0,same_accn@2016-01-29,80.03369387531366,,,,,
2016-07-01,1467858,General Motors Co,consumer,core,52400000000.0,2015-06-30,0001467858-16-000255,1544492608.0,same_accn@2016-01-27,33.92699953925581,,,,,
2016-07-01,1483096,WILLIAMS PARTNERS L.P.,energy,core,28408143353.0,2015-06-30,0001483096-16-000021,588565174.0,same_accn@2016-02-22,48.2667758948986,,,,,
2016-07-01,1489393,LyondellBasell Industries N.V.,materials_realestate,extension,41800000000.0,2015-06-30,0001193125-16-465311,432200532.0,same_accn@2016-02-11,96.7143649883337,,,,,
2016-07-01,1506307,"KINDER MORGAN, INC.",energy,core,69734282635.0,2015-06-30,0001506307-16-000083,2231555976.0,same_accn@2016-04-21,31.249174739500237,,,,,
2016-07-01,1510295,Marathon Petroleum Corp,energy,core,28000000000.0,2015-06-30,0001510295-16-000078,529227453.0,same_accn@2016-02-12,52.90730826845447,,,,,
2016-07-01,1532063,Express Scripts Holding Co.,consumer,core,59987373540.0,2015-06-30,0001532063-16-000017,668046000.0,same_accn@2016-01-31,89.79527388832506,,,,,
2016-07-01,1534701,Phillips 66,energy,core,43300000000.0,2015-06-30,0001534701-16-000119,527459894.0,same_accn@2016-01-31,82.09154950461503,,,,,
2016-07-01,1551152,AbbVie Inc.,healthcare,core,109991857664.0,2015-06-30,0001047469-16-010239,1611238226.0,same_accn@2016-01-31,68.26542213876199,,,,,
2016-07-01,1578845,Allergan plc,healthcare,core,119000000000.0,2015-06-30,0001564590-16-013478,394687384.0,same_accn@2016-02-15,301.50444332418795,,,,,
2017-07-01,1800,ABBOTT LABORATORIES,healthcare,core,56382903388.0,2016-06-30,0001047469-17-000744,,no_concept,,,,,,
2017-07-01,2969,"Air Products & Chemicals, Inc.",materials_realestate,extension,31000000000.0,2016-03-31,0001193125-16-773346,217375097.0,same_accn@2016-10-31,142.61063216454826,,,,,
2017-07-01,4447,HESS CORP,energy,core,16770000000.0,2016-06-30,0001564590-17-002225,316523200.0,same_accn@2016-12-31,52.981898325304435,,,,,
2017-07-01,4904,AMERICAN ELECTRIC POWER CO INC,utilities,extension,34464089033.0,2016-12-31,0000004904-17-000019,491711928.0,same_accn@2016-12-31,70.08999999894247,,,,,
2017-07-01,5272,"AMERICAN INTERNATIONAL GROUP, INC.",financials,core,57263000000.0,2016-06-30,0000005272-17-000017,979560020.0,same_accn@2017-02-13,58.45787785418192,,,,,
2017-07-01,6769,APACHE CORP,energy,core,21118858691.0,2016-06-30,0001673379-17-000004,379687129.0,same_accn@2017-01-31,55.621739790394635,,,,,
2017-07-01,6951,APPLIED MATERIALS INC /DE,tech,core,22248434583.0,2016-05-01,0000006951-16-000068,1076570134.0,same_accn@2016-12-08,20.666033619505928,,,,,
2017-07-01,8670,AUTOMATIC DATA PROCESSING INC,tech,core,33868790841.0,2016-06-30,0000008670-16-000053,456176951.0,same_accn@2016-07-29,74.24485337708349,,,,,
2017-07-01,12927,BOEING CO,industrials,extension,81300000000.0,2016-06-30,0000012927-17-000006,612478643.0,same_accn@2017-02-01,132.7393223080923,,,,,
2017-07-01,14272,BRISTOL MYERS SQUIBB CO,healthcare,core,122760450216.0,2016-06-30,0000014272-17-000047,1672715340.0,same_accn@2017-02-01,73.3899231270277,,,,,
2017-07-01,18230,CATERPILLAR INC,industrials,extension,44100000000.0,2016-06-30,0000018230-17-000041,586486024.0,same_accn@2016-12-31,75.1936076826274,,,,,
2017-07-01,19617,JPMORGAN CHASE & CO,financials,core,223144102133.0,2016-06-30,0000019617-17-000314,3571963160.0,same_accn@2017-01-31,62.47099763845269,,,,,
2017-07-01,21344,COCA COLA CO,consumer,core,193060515914.0,2016-07-01,0000021344-17-000009,,no_concept,,,,,,
2017-07-01,21665,COLGATE PALMOLIVE CO,consumer,core,65100000000.0,2016-06-30,0000021665-17-000002,882856721.0,same_accn@2017-01-31,73.7378993119768,,,,,
2017-07-01,29915,DOW CHEMICAL CO /DE/,materials_realestate,extension,55800000000.0,2016-06-30,0000029915-17-000011,1213311580.0,same_accn@2017-01-31,45.98983552106212,,,,0.7017896894769278,corroborated by balance sheet
2017-07-01,30554,"EIDP, Inc.",materials_realestate,extension,56600000000.0,2016-06-30,0000030554-17-000004,864574000.0,same_accn@2017-01-31,65.4657669557493,,,,1.4162746471824643,corroborated by balance sheet
2017-07-01,34088,EXXON MOBIL CORP,energy,core,388000000000.0,2016-06-30,0000034088-17-000017,4146513819.0,same_accn@2017-01-31,93.57258095273214,,,,,
2017-07-01,36104,US BANCORP \DE\,financials,core,69300000000.0,2016-06-30,0001193125-17-053947,1694070891.0,same_accn@2017-01-31,40.90737900530988,,,,,
2017-07-01,45012,HALLIBURTON CO,energy,core,38837617260.0,2016-06-30,0000045012-17-000047,866933212.0,same_accn@2017-01-31,44.79885730805293,,,,,
2017-07-01,47217,HP INC,tech,core,20976115846.0,2016-04-30,0000047217-16-000093,1705451042.0,same_accn@2016-11-30,12.299453534239888,,,,,
2017-07-01,50863,INTEL CORP,tech,core,154800000000.0,2016-07-01,0000050863-17-000012,4728000000.0,same_accn@2017-02-07,32.74111675126903,,,,,
2017-07-01,51143,INTERNATIONAL BUSINESS MACHINES CORP,tech,core,145000000000.0,2016-06-30,0001047469-17-001061,943212551.0,same_accn@2017-02-10,153.729930593343,,,,,
2017-07-01,55785,KIMBERLY CLARK CORP,materials_realestate,extension,49500000000.0,2016-06-30,0000055785-17-000017,356274872.0,same_accn@2017-02-01,138.93766832930052,,,,,
2017-07-01,59478,ELI LILLY & Co,healthcare,core,76782000000.0,2016-06-30,0000059478-17-000098,1103352450.0,same_accn@2017-02-13,69.58973082445233,,,,,
2017-07-01,62709,"MARSH & MCLENNAN COMPANIES, INC.",financials,core,35474889954.0,2016-06-30,0000062709-17-000008,515003586.0,same_accn@2017-02-16,68.88280182577215,,,,,
2017-07-01,63908,MCDONALDS CORP,consumer,core,102676655213.0,2016-06-30,0000063908-17-000017,818993182.0,same_accn@2017-01-31,125.36936505657016,,,,,
2017-07-01,64803,CVS HEALTH Corp,consumer,core,101661618666.0,2016-06-30,0000064803-17-000006,1025699605.0,same_accn@2017-02-03,99.11441729179568,,,,,
2017-07-01,66740,3M CO,healthcare,core,104200000000.0,2017-01-31,0001558370-17-000479,596200000.0,same_accn@2017-01-31,174.77356591747736,,,,,
2017-07-01,70858,BANK OF AMERICA CORP /DE/,financials,core,135576678761.0,2016-06-30,0000070858-17-000013,10025121972.0,same_accn@2017-02-22,13.523693690676625,,,,,
2017-07-01,72971,WELLS FARGO & COMPANY/MN,financials,core,238200000000.0,2016-06-30,0000072971-17-000278,5003367904.0,same_accn@2017-02-17,47.60793221093501,,,,,
2017-07-01,78003,PFIZER INC,healthcare,core,216000000000.0,2016-07-03,0000078003-17-000014,5951872174.0,same_accn@2017-02-21,36.29110197352165,,,,,
2017-07-01,79879,PPG INDUSTRIES INC,materials_realestate,extension,27771000000.0,2016-06-30,0000079879-17-000009,,no_concept,,,,,,
2017-07-01,80424,PROCTER & GAMBLE Co,consumer,core,215000000000.0,2015-12-31,0000080424-16-000212,2668751125.0,same_accn@2016-07-31,80.56202692935634,,,,,
2017-07-01,86312,"TRAVELERS COMPANIES, INC.",financials,core,34172576191.0,2016-06-30,0001047469-17-000695,279685489.0,same_accn@2017-02-10,122.18215651152356,,,,,
2017-07-01,87347,SLB LIMITED/NV,energy,core,109900000000.0,2016-06-30,0001564590-17-000589,1391475510.0,same_accn@2016-12-31,78.9809085464968,,,,,
2017-07-01,92122,SOUTHERN CO,utilities,extension,51100000000.0,2016-06-30,0000092122-17-000007,991051161.0,same_accn@2017-01-31,51.56141479965432,,,,,
2017-07-01,93410,CHEVRON CORP,energy,core,197763938564.0,2016-06-30,0000093410-17-000013,1893102970.0,same_accn@2017-02-15,104.46549485049934,,,,,
2017-07-01,97476,TEXAS INSTRUMENTS INC,tech,core,62805040210.0,2016-06-30,0001564590-17-002142,999639733.0,same_accn@2017-02-21,62.82767494797048,,,,,
2017-07-01,97745,THERMO FISHER SCIENTIFIC INC.,industrials,extension,58745127000.0,2016-07-01,0000097745-17-000025,390391061.0,same_accn@2017-02-04,150.47764374912262,,,,,
2017-07-01,100885,UNION PACIFIC CORP,industrials,extension,72700000000.0,2016-06-30,0000100885-17-000056,813795240.0,same_accn@2017-01-27,89.3345112217663,,,,,
2017-07-01,101829,RTX Corp,industrials,extension,85789321218.0,2016-06-30,0000101829-17-000016,801227504.0,same_accn@2017-03-31,107.07236183195229,,,,,
2017-07-01,104169,Walmart Inc.,consumer,core,108531045541.0,2016-07-29,0000104169-17-000021,3033009079.0,same_accn@2017-03-29,35.783290690571654,,,,,
2017-07-01,109198,TJX COMPANIES INC /DE/,consumer,core,53583828925.0,2016-07-30,0001193125-17-099642,645589872.0,same_accn@2017-02-25,82.99979793518199,,,,,
2017-07-01,200406,JOHNSON & JOHNSON,healthcare,core,332000000000.0,2016-07-03,0000200406-17-000006,2713346602.0,same_accn@2017-02-23,122.35812400645158,,,,,
2017-07-01,310158,"Merck & Co., Inc.",healthcare,core,159263000000.0,2016-06-30,0000310158-17-000010,2745571067.0,same_accn@2017-01-31,58.00724006536888,,,,,
2017-07-01,310764,STRYKER CORP,healthcare,core,41635988124.0,2016-06-30,0000310764-17-000034,372878298.0,same_accn@2017-01-31,111.66106568100673,,,,,
2017-07-01,313616,DANAHER CORP /DE/,industrials,extension,62000000000.0,2016-07-01,0000313616-17-000066,693280277.0,same_accn@2017-02-09,89.42992041875151,,,,,
2017-07-01,318154,AMGEN INC,healthcare,core,101183706509.0,2016-06-30,0000318154-17-000004,736452791.0,same_accn@2017-02-09,137.3933370143206,,,,,
2017-07-01,320187,"NIKE, Inc.",consumer,core,93468629731.0,2015-11-30,0000320187-16-000336,855351589.0,nearest@2015-07-17(136d),109.27509919081942,,,,,
2017-07-01,320193,Apple Inc.,tech,core,578807000000.0,2016-03-25,0001628280-16-020309,5332313000.0,same_accn@2016-10-14,108.54707891303455,,,,,
2017-07-01,354950,"HOME DEPOT, INC.",consumer,core,170800000000.0,2016-07-31,0000354950-17-000005,1202918166.0,same_accn@2017-03-03,141.98804609290437,,,,,
2017-07-01,712515,ELECTRONIC ARTS INC.,tech,core,24908000000.0,2016-09-30,0000712515-17-000035,310028355.0,same_accn@2017-05-22,80.34103848339936,,,,,
2017-07-01,713676,"PNC FINANCIAL SERVICES GROUP, INC.",financials,core,40100000000.0,2016-06-30,0001193125-17-155982,486156269.0,same_accn@2017-02-10,82.48376614063574,,,,,
2017-07-01,715957,"DOMINION ENERGY, INC",utilities,extension,47900000000.0,2016-06-30,0001193125-17-060413,628115398.0,same_accn@2017-02-15,76.25987223449663,,,,,
2017-07-01,718877,"Activision Blizzard, Inc.",tech,core,27884568790.0,2016-06-30,0001047469-17-001072,751846958.0,same_accn@2017-02-23,37.08809152354115,,,,,
2017-07-01,731766,UNITEDHEALTH GROUP INC,healthcare,core,132269813351.0,2016-06-30,0000731766-17-000009,951165192.0,same_accn@2017-01-31,139.0608218882341,,,,,
2017-07-01,732712,VERIZON COMMUNICATIONS INC,utilities,extension,227584340225.0,2016-06-30,0001193125-17-050292,4076731752.0,same_accn@2017-01-31,55.82519382428084,,,,,
2017-07-01,732717,AT&T INC.,utilities,extension,266000000000.0,2016-12-31,0000732717-17-000021,6142000000.0,same_accn@2017-02-10,43.30836860957343,,,,,
2017-07-01,753308,NEXTERA ENERGY INC,utilities,extension,60089366330.0,2016-06-30,0000753308-17-000060,467581899.0,same_accn@2017-01-31,128.51089073060973,,,,,
2017-07-01,764180,"ALTRIA GROUP, INC.",consumer,core,135000000000.0,2016-06-30,0000764180-17-000028,1939420437.0,same_accn@2017-02-13,69.6084239520675,,,,,
2017-07-01,766704,WELLTOWER INC.,materials_realestate,extension,27176263145.0,2016-06-30,0000766704-17-000024,,no_concept,,,,,,
2017-07-01,773840,HONEYWELL INTERNATIONAL INC,industrials,extension,88600000000.0,2016-06-30,0000930413-17-000391,761194241.0,same_accn@2017-01-27,116.39604614402226,,,,,
2017-07-01,773910,ANADARKO PETROLEUM CORP,energy,core,27300000000.0,2016-06-30,0000773910-17-000020,558979551.0,same_accn@2017-02-03,48.838995900943075,,,,,
2017-07-01,789019,MICROSOFT CORP,tech,core,424500000000.0,2015-12-31,0001193125-16-662209,7792515573.0,same_accn@2016-07-25,54.475348303548394,,,,,
2017-07-01,797468,OCCIDENTAL PETROLEUM CORP /DE/,energy,core,57500000000.0,2016-06-30,0000797468-17-000003,764291301.0,same_accn@2017-01-31,75.23309492698256,,,,,
2017-07-01,804328,QUALCOMM INC/DE,tech,core,74547554964.0,2016-03-27,0001234452-16-000552,1476886684.0,same_accn@2016-10-31,50.476150791809836,,,,,
2017-07-01,804753,CERNER Corp,tech,core,17600000000.0,2016-07-02,0000804753-17-000004,329719501.0,same_accn@2017-02-01,53.378705070889936,,,,,
2017-07-01,816284,CELGENE CORP /DE/,healthcare,core,76439256026.0,2016-06-30,0000816284-17-000003,777966471.0,same_accn@2017-02-03,98.25520620155363,,,,,
2017-07-01,821189,EOG RESOURCES INC,energy,core,45822000000.0,2016-06-30,0000821189-17-000017,576832077.0,same_accn@2017-02-17,79.43732990424525,,,,,
2017-07-01,823768,WASTE MANAGEMENT INC,utilities,extension,29200000000.0,2016-06-30,0001193125-17-046480,439703007.0,same_accn@2017-02-02,66.4084610183255,,,,,
2017-07-01,827052,EDISON INTERNATIONAL,utilities,extension,25300000000.0,2016-06-30,0000827052-17-000033,325811206.0,same_accn@2017-02-17,77.65233219142254,,,,,
2017-07-01,829224,STARBUCKS CORP,consumer,core,83000000000.0,2016-03-25,0000829224-16-000083,1455400000.0,same_accn@2016-11-11,57.028995465164215,,,,,
2017-07-01,831001,CITIGROUP INC,financials,core,123000000000.0,2016-06-30,0000831001-17-000038,2770709339.0,same_accn@2017-01-31,44.39296402140578,,,,,
2017-07-01,849399,Gen Digital Inc.,tech,core,15559432822.0,2016-09-30,0000849399-17-000009,608240301.0,same_accn@2017-04-28,25.58106195268373,,,,,
2017-07-01,858877,"CISCO SYSTEMS, INC.",tech,core,117979166007.0,2016-01-22,0000858877-16-000117,5014353833.0,same_accn@2016-09-02,23.52828897525469,,,,,
2017-07-01,872589,"REGENERON PHARMACEUTICALS, INC.",healthcare,core,35224000000.0,2016-06-30,0001532176-17-000008,,no_fact_within_400d,,,,,,
2017-07-01,875045,BIOGEN INC.,healthcare,core,52843669823.0,2016-06-30,0000875045-17-000009,,no_concept,,,,,,
2017-07-01,882095,"GILEAD SCIENCES, INC.",healthcare,core,103455508531.0,2016-06-30,0000882095-17-000006,1307066900.0,same_accn@2017-02-16,79.15089008144878,,,,,
2017-07-01,884905,LINDE INC,materials_realestate,extension,32000000000.0,2016-06-30,0000884905-17-000007,285071181.0,same_accn@2017-01-31,112.25266576490593,,,,,
2017-07-01,886982,GOLDMAN SACHS GROUP INC,financials,core,59300000000.0,2016-06-30,0001193125-17-056804,398377814.0,same_accn@2017-02-10,148.85367085226287,,,,,
2017-07-01,895421,MORGAN STANLEY,financials,core,47247843093.0,2016-06-30,0001193125-17-059212,1866164899.0,same_accn@2017-01-31,25.318150136849187,,,,,
2017-07-01,896159,Chubb Ltd,financials,core,60000000000.0,2016-06-30,0000896159-17-000004,,no_concept,,,,,,
2017-07-01,896878,INTUIT INC.,tech,core,23600000000.0,2016-01-29,0000896878-16-000286,257938052.0,same_accn@2016-08-25,91.4948369075843,,,,,
2017-07-01,922224,PPL Corp,utilities,extension,25577464218.0,2016-06-30,0000922224-17-000010,680602000.0,same_accn@2017-01-31,37.580648040998994,,,,,
2017-07-01,927653,MCKESSON CORP,healthcare,core,37600000000.0,2016-09-30,0000927653-17-000007,210902490.0,same_accn@2017-04-30,178.2814418170217,,,,,
2017-07-01,936402,Shire plc,healthcare,core,55500000000.0,2016-06-30,0000936402-17-000008,904721016.0,same_accn@2017-02-10,61.344877612525806,,,,,
2017-07-01,936468,LOCKHEED MARTIN CORP,industrials,extension,72100000000.0,2016-06-24,0001193125-17-036192,290315668.0,same_accn@2017-01-27,248.35035772165077,,,,,
2017-07-01,1001039,TWDC Enterprises 18 Corp.,consumer,core,160900000000.0,2016-04-02,0001001039-16-000516,1591460982.0,same_accn@2016-11-16,101.10207024855605,,,,,
2017-07-01,1012569,"Energy Transfer, LP",energy,core,19000000000.0,2016-06-30,0001012569-17-000022,551551441.0,same_accn@2017-02-17,34.44828276679274,,,,,
2017-07-01,1018724,AMAZON COM INC,consumer,core,280129378534.0,2016-06-30,0001018724-17-000011,477170618.0,same_accn@2017-01-25,587.0633437325347,,,,3.3587849036473947,corroborated by balance sheet
2017-07-01,1032208,SEMPRA,utilities,extension,28400000000.0,2016-06-30,0000086521-17-000017,250543688.0,same_accn@2017-02-21,113.35348428334783,,,,,
2017-07-01,1035002,VALERO ENERGY CORP/TX,energy,core,23600000000.0,2016-06-30,0001035002-17-000009,451049519.0,same_accn@2017-01-31,52.32241473690608,,,,,
2017-07-01,1038357,PIONEER NATURAL RESOURCES CO,energy,core,25469484123.0,2016-06-30,0001038357-17-000012,169796963.0,same_accn@2017-02-13,149.99964471095987,,,,,
2017-07-01,1045609,"Prologis, Inc.",materials_realestate,extension,25583323441.0,2016-06-30,0001564590-17-001559,529345000.0,same_accn@2017-02-10,48.33015035751731,,,,,
2017-07-01,1045810,NVIDIA CORP,tech,core,28978018802.0,2016-07-29,0001045810-17-000075,595129427.0,same_accn@2017-05-19,48.69196092029239,,,,,
2017-07-01,1047122,RAYTHEON CO/,industrials,extension,39700000000.0,2016-07-01,0001047122-17-000018,292880000.0,same_accn@2017-02-13,135.55039606664846,,,,,
2017-07-01,1047862,CONSOLIDATED EDISON INC,utilities,extension,24500000000.0,2016-06-30,0001047862-17-000029,305059148.0,same_accn@2017-01-31,80.31229406042922,,,,,
2017-07-01,1051470,CROWN CASTLE INC.,materials_realestate,extension,34100000000.0,2016-06-30,0001051470-17-000059,360538298.0,same_accn@2017-02-15,94.58079818194516,,,,,
2017-07-01,1053507,AMERICAN TOWER CORP /MA/,materials_realestate,extension,47900000000.0,2016-06-30,0001053507-17-000009,,no_concept,,,,,,
2017-07-01,1058290,COGNIZANT TECHNOLOGY SOLUTIONS CORP,tech,core,34600000000.0,2016-06-30,0001058290-17-000008,,no_concept,,,,,,
2017-07-01,1061219,ENTERPRISE PRODUCTS PARTNERS L.P.,energy,core,41160000000.0,2016-06-30,0001061219-17-000008,2119600196.0,same_accn@2017-01-31,19.418756460616972,,,,,
2017-07-01,1063761,SIMON PROPERTY GROUP INC.,materials_realestate,extension,67680000000.0,2016-06-30,0001558370-17-000934,,no_fact_within_400d,,,,,,
2017-07-01,1067983,BERKSHIRE HATHAWAY INC,financials,core,278053000000.0,2016-06-30,0001193125-17-056969,,no_fact_within_400d,,,,,,
2017-07-01,1075531,Booking Holdings Inc.,industrials,extension,61600000000.0,2016-06-30,0001075531-17-000009,49170417.0,same_accn@2017-02-21,1252.785795979725,,,implied_price_out_of_band,3.104999437218852,corroborated by balance sheet
2017-07-01,1090012,DEVON ENERGY CORP/DE,energy,core,18900000000.0,2016-06-30,0001564590-17-001607,524600000.0,same_accn@2017-02-08,36.02744948532215,,,,,
2017-07-01,1090727,UNITED PARCEL SERVICE INC,industrials,extension,74441628766.0,2016-06-30,0001090727-17-000011,,no_fact_within_400d,,,,,,
2017-07-01,1091667,"CHARTER COMMUNICATIONS, INC. /MO/",consumer,core,49100000000.0,2016-06-30,0001091667-17-000072,270927828.0,nearest@2016-06-30(0d),181.2290762542119,,,,,
2017-07-01,1099219,METLIFE INC,financials,core,43800000000.0,2016-06-30,0000937834-17-000012,1075933159.0,same_accn@2017-04-28,40.708848531733004,,,,,
2017-07-01,1101239,EQUINIX INC,materials_realestate,extension,27600000000.0,2016-06-30,0001628280-17-001774,71637322.0,same_accn@2017-02-24,385.274033554744,,,,,
2017-07-01,1103982,"Mondelez International, Inc.",consumer,core,71000000000.0,2016-06-30,0001193125-17-055858,,no_concept,,,,,,
2017-07-01,1105705,"WARNER MEDIA, LLC",consumer,core,56860000000.0,2016-06-30,0001193125-17-053483,774334281.0,same_accn@2017-02-17,73.4308184400272,,,,,
2017-07-01,1108524,"Salesforce, Inc.",tech,core,38500000000.0,2016-07-29,0001108524-17-000006,707500000.0,same_accn@2017-01-31,54.41696113074205,,,,,
2017-07-01,1109357,EXELON CORP,utilities,extension,33527039724.0,2016-12-31,0001193125-17-039639,926589614.0,same_accn@2016-12-31,36.18326734665947,,,,,
2017-07-01,1122304,AETNA INC /PA/,healthcare,core,41800000000.0,2016-06-30,0001122304-17-000014,351700000.0,same_accn@2017-01-31,118.85129371623543,,,,,
2017-07-01,1126975,"Magellan Midstream Partners, L.P.",energy,core,17271907668.0,2016-06-30,0001126975-17-000071,228024556.0,same_accn@2017-02-16,75.74582304197097,,,,,
2017-07-01,1133421,NORTHROP GRUMMAN CORP /DE/,industrials,extension,39500000000.0,2016-06-30,0001133421-17-000008,174599406.0,same_accn@2017-01-26,226.23215568098783,,,,,
2017-07-01,1141391,Mastercard Inc,financials,core,94800000000.0,2016-06-30,0001141391-17-000014,,no_fact_within_400d,,,,,,
2017-07-01,1163165,CONOCOPHILLIPS,energy,core,54000000000.0,2016-12-31,0001193125-17-050077,1235832469.0,same_accn@2017-01-31,43.695242967434936,,,,,
2017-07-01,1166691,COMCAST CORP,consumer,core,155940000000.0,2016-06-30,0001193125-17-030512,,no_fact_within_400d,,,,,,
2017-07-01,1222333,SPDR GOLD TRUST,financials,core,32760852000.0,2016-03-31,0001193125-16-778088,298400000.0,same_accn@2016-11-25,109.78837801608579,,,,,
2017-07-01,1326801,"Meta Platforms, Inc.",tech,core,274000000000.0,2016-06-30,0001326801-17-000007,,no_concept,,,,,,
2017-07-01,1341439,ORACLE CORP,tech,core,120972065000.0,2016-11-30,0001193125-17-214833,4136682000.0,same_accn@2017-06-16,29.243742932137398,,,,,
2017-07-01,1364742,"BlackRock Finance, Inc.",financials,core,55200000000.0,2016-06-30,0001564590-17-002816,162250955.0,same_accn@2017-01-31,340.2137139963213,,,,,
2017-07-01,1390777,Bank of New York Mellon Corp,financials,core,41426126251.0,2016-06-30,0001390777-17-000065,1037455967.0,same_accn@2017-01-31,39.9304910942789,,,,,
2017-07-01,1403161,VISA INC.,financials,core,145500000000.0,2016-03-31,0001403161-16-000058,,no_fact_within_400d,,,,,,
2017-07-01,1413329,Philip Morris International Inc.,consumer,core,158000000000.0,2016-06-30,0001413329-17-000014,1551385884.0,same_accn@2017-01-31,101.84442286700606,,,,,
2017-07-01,1483096,WILLIAMS PARTNERS L.P.,energy,core,20385447679.0,2016-06-30,0001483096-17-000003,955446491.0,same_accn@2017-02-17,21.336043275080698,,,,,
2017-07-01,1506307,"KINDER MORGAN, INC.",energy,core,36035868866.0,2016-06-30,0001506307-17-000017,2232442396.0,same_accn@2017-04-20,16.141903114977396,,,,,
2017-07-01,1510295,Marathon Petroleum Corp,energy,core,20000000000.0,2016-06-30,0001510295-17-000017,527782929.0,same_accn@2017-02-13,37.89436698510573,,,,,
2017-07-01,1534701,Phillips 66,energy,core,41500000000.0,2016-06-30,0001534701-17-000051,517816429.0,same_accn@2017-01-31,80.14423196294531,,,,,
2017-07-01,1551152,AbbVie Inc.,healthcare,core,99729245619.0,2016-06-30,0001551152-17-000004,1593920285.0,same_accn@2017-01-31,62.56852777239108,,,,,
2017-07-01,1578845,Allergan plc,healthcare,core,91300000000.0,2016-06-30,0001564590-17-002433,335224713.0,same_accn@2017-02-17,272.3546220173809,,,,,
2017-07-01,1613103,Medtronic plc,healthcare,core,112400000000.0,2016-10-28,0001613103-17-000018,1359026669.0,same_accn@2017-06-21,82.70625040986594,,,,,
2017-07-01,1618921,"Walgreens Boots Alliance, Inc.",consumer,core,73000000000.0,2016-02-29,0001140361-16-083198,1083282661.0,same_accn@2016-09-30,67.38776741115032,,,,,
2017-07-01,1633917,"PayPal Holdings, Inc.",financials,core,41000000000.0,2016-06-30,0001633917-17-000027,,no_concept,,,,,,
2017-07-01,1637459,Kraft Heinz Co,consumer,core,107000000000.0,2016-07-01,0001637459-17-000007,1217136057.0,same_accn@2017-02-18,87.91128927996256,,,,,
2018-07-01,1800,ABBOTT LABORATORIES,healthcare,core,82269220045.0,2017-06-30,0001047469-18-000856,,no_concept,,,,,,
2018-07-01,2969,"Air Products & Chemicals, Inc.",materials_realestate,extension,29300000000.0,2017-03-31,0000002969-17-000039,218618346.0,same_accn@2017-10-31,134.02351877641595,,,,,
2018-07-01,4904,AMERICAN ELECTRIC POWER CO INC,utilities,extension,34179628893.0,2017-12-31,0000004904-18-000009,492005598.0,same_accn@2017-12-31,69.46999999987806,,,,,
2018-07-01,5272,"AMERICAN INTERNATIONAL GROUP, INC.",financials,core,56480000000.0,2017-06-30,0000005272-18-000022,902468889.0,same_accn@2018-02-07,62.58387484424408,,,,,
2018-07-01,6769,APACHE CORP,energy,core,18257879903.0,2017-06-30,0001673379-18-000008,381447822.0,same_accn@2018-01-31,47.86468515476279,,,,,
2018-07-01,6951,APPLIED MATERIALS INC /DE,tech,core,43552849133.0,2017-04-28,0000006951-17-000038,1056340714.0,same_accn@2017-12-08,41.229925681914025,,,,,
2018-07-01,8670,AUTOMATIC DATA PROCESSING INC,tech,core,39603050847.0,2016-12-31,0000008670-17-000010,444374752.0,same_accn@2017-07-31,89.12083926631367,,,,,
2018-07-01,12927,BOEING CO,industrials,extension,117300000000.0,2017-06-30,0000012927-18-000007,588490313.0,same_accn@2018-02-05,199.32358682682343,,,,,
2018-07-01,14272,BRISTOL MYERS SQUIBB CO,healthcare,core,91308035210.0,2017-06-30,0000014272-18-000055,1632582502.0,same_accn@2018-02-01,55.928588661303685,,,,,
2018-07-01,18230,CATERPILLAR INC,industrials,extension,63400000000.0,2017-06-30,0000018230-18-000042,597625772.0,same_accn@2017-12-31,106.0864557226625,,,,,
2018-07-01,19617,JPMORGAN CHASE & CO,financials,core,319702076316.0,2017-06-30,0000019617-18-000057,3431958491.0,same_accn@2018-01-31,93.15441231424848,,,,,
2018-07-01,21344,COCA COLA CO,consumer,core,193060515914.0,2017-06-30,0000021344-18-000008,,no_concept,,,,,,
2018-07-01,21665,COLGATE PALMOLIVE CO,consumer,core,65100000000.0,2017-06-30,0000021665-18-000006,875326736.0,same_accn@2018-01-31,74.37222847492231,,,,,
2018-07-01,24741,CORNING INC /NY,materials_realestate,extension,27000000000.0,2017-06-30,0000024741-18-000010,,no_concept,,,,,,
2018-07-01,29915,DOW CHEMICAL CO /DE/,materials_realestate,extension,55800000000.0,2016-06-30,0000029915-17-000011,1213311580.0,same_accn@2017-01-31,45.98983552106212,2017-12-31,2018-02-15,superseded_by_public_zero_float,0.7017896894769278,corroborated by balance sheet
2018-07-01,30554,"EIDP, Inc.",materials_realestate,extension,70000000000.0,2017-06-30,0000030554-18-000002,100.0,same_accn@2017-12-31,700000000.0,,,implied_price_out_of_band;no_public_common_equity;shares_scale_error_on_same_cover,1.620145350182845,corroborated by balance sheet
2018-07-01,34088,EXXON MOBIL CORP,energy,core,342000000000.0,2017-06-30,0000034088-18-000015,4237462159.0,same_accn@2018-01-31,80.70868533271071,,,,,
2018-07-01,36104,US BANCORP \DE\,financials,core,87200000000.0,2017-06-30,0001193125-18-053893,1651901674.0,same_accn@2018-01-31,52.787645519390644,,,,,
2018-07-01,40533,GENERAL DYNAMICS CORP,industrials,extension,52357779347.0,2017-07-02,0000040533-18-000008,,no_concept,,,,,,
2018-07-01,45012,HALLIBURTON CO,energy,core,37083861863.0,2017-06-30,0000045012-18-000059,874909834.0,same_accn@2018-02-02,42.38592415112801,,,,,
2018-07-01,47217,HP INC,tech,core,31655134100.0,2017-04-30,0000047217-17-000045,165228387.0,same_accn@2017-11-30,191.58411381211388,,,,,
2018-07-01,50863,INTEL CORP,tech,core,158300000000.0,2017-06-30,0000050863-18-000007,4668000000.0,same_accn@2018-02-07,33.91173950299914,,,,,
2018-07-01,51143,INTERNATIONAL BUSINESS MACHINES CORP,tech,core,143300000000.0,2017-06-30,0001047469-18-001117,921167894.0,same_accn@2018-02-09,155.56338962026393,,,,,
2018-07-01,55785,KIMBERLY CLARK CORP,materials_realestate,extension,45600000000.0,2017-06-30,0000055785-18-000014,350706285.0,same_accn@2018-02-01,130.02333277260772,,,,,
2018-07-01,59478,ELI LILLY & Co,healthcare,core,79941000000.0,2017-06-30,0000059478-18-000089,1095597580.0,same_accn@2018-02-14,72.96565952619208,,,,,
2018-07-01,63908,MCDONALDS CORP,consumer,core,124038758906.0,2017-06-30,0000063908-18-000010,794497880.0,same_accn@2018-01-31,156.1222024985139,,,,,
2018-07-01,64803,CVS HEALTH Corp,consumer,core,81440458676.0,2017-06-30,0001558370-18-000707,1014532157.0,same_accn@2018-02-09,80.27390567571729,,,,,
2018-07-01,66740,3M CO,healthcare,core,149200000000.0,2018-01-31,0001558370-18-000535,595500000.0,same_accn@2018-01-31,250.5457598656591,,,,,
2018-07-01,70858,BANK OF AMERICA CORP /DE/,financials,core,239643149085.0,2017-06-30,0000070858-18-000009,10243688896.0,same_accn@2018-02-21,23.394223654974226,,,,,
2018-07-01,72971,WELLS FARGO & COMPANY/MN,financials,core,274720000000.0,2017-06-30,0000072971-18-000272,4877753899.0,same_accn@2018-02-20,56.32100464443707,,,,,
2018-07-01,78003,PFIZER INC,healthcare,core,200000000000.0,2017-07-02,0000078003-18-000027,5952864751.0,same_accn@2018-02-20,33.597269275503486,,,,,
2018-07-01,79879,PPG INDUSTRIES INC,materials_realestate,extension,28173000000.0,2017-06-30,0000079879-18-000039,,no_concept,,,,,,
2018-07-01,80424,PROCTER & GAMBLE Co,consumer,core,215000000000.0,2016-12-31,0000080424-17-000047,2550014230.0,same_accn@2017-07-31,84.31325498916922,,,,,
2018-07-01,87347,SLB LIMITED/NV,energy,core,91070000000.0,2017-06-30,0001564590-18-000821,1383932776.0,same_accn@2017-12-31,65.80521942924199,,,,,
2018-07-01,92122,SOUTHERN CO,utilities,extension,47900000000.0,2017-06-30,0000092122-18-000012,1008159482.0,same_accn@2018-01-31,47.51232404715904,,,,,
2018-07-01,93410,CHEVRON CORP,energy,core,197705630543.0,2017-06-30,0000093410-18-000010,1910253256.0,same_accn@2018-02-12,103.49707816071901,,,,,
2018-07-01,97476,TEXAS INSTRUMENTS INC,tech,core,76179967734.0,2017-06-30,0001564590-18-002832,983787502.0,same_accn@2018-02-20,77.43538882037963,,,,,
2018-07-01,97745,THERMO FISHER SCIENTIFIC INC.,industrials,extension,67969182000.0,2017-06-30,0000097745-18-000006,401784066.0,same_accn@2018-02-03,169.16843586325794,,,,,
2018-07-01,100885,UNION PACIFIC CORP,industrials,extension,87300000000.0,2017-06-30,0000100885-18-000048,779305276.0,same_accn@2018-02-02,112.02285251819596,,,,,
2018-07-01,101829,RTX Corp,industrials,extension,97490067627.0,2017-06-30,0000101829-18-000009,800059478.0,same_accn@2018-03-31,121.85352502879792,,,,,
2018-07-01,104169,Walmart Inc.,consumer,core,114770199895.0,2017-07-31,0000104169-18-000028,2950696818.0,same_accn@2018-03-28,38.89596491068572,,,,,
2018-07-01,107263,"WILLIAMS COMPANIES, INC.",energy,core,24993673967.0,2017-06-30,0000107263-18-000006,827327336.0,same_accn@2018-02-19,30.210139178817126,,,,,
2018-07-01,200406,JOHNSON & JOHNSON,healthcare,core,332000000000.0,2017-07-02,0000200406-18-000005,2682901553.0,same_accn@2018-02-16,123.74662038148963,,,,,
2018-07-01,310158,"Merck & Co., Inc.",healthcare,core,174700000000.0,2017-06-30,0000310158-18-000005,2696190502.0,same_accn@2018-01-31,64.79512477712898,,,,,
2018-07-01,310764,STRYKER CORP,healthcare,core,48322392325.0,2017-06-30,0000310764-18-000031,374642060.0,same_accn@2018-01-31,128.9828278357214,,,,,
2018-07-01,313616,DANAHER CORP /DE/,industrials,extension,51700000000.0,2017-06-30,0000313616-18-000038,697569470.0,same_accn@2018-02-08,74.11448210312301,,,,,
2018-07-01,316709,SCHWAB CHARLES CORP,financials,core,51200000000.0,2017-06-30,0000316709-18-000009,1346473499.0,same_accn@2018-01-31,38.025256373798115,,,,,
2018-07-01,318154,AMGEN INC,healthcare,core,125649811435.0,2017-06-30,0000318154-18-000004,720562246.0,same_accn@2018-02-09,174.37745612195175,,,,,
2018-07-01,320187,"NIKE, Inc.",consumer,core,69943500503.0,2016-11-30,0000320187-17-000090,,no_fact_within_400d,,,,,,
2018-07-01,320193,Apple Inc.,tech,core,747509000000.0,2017-03-31,0000320193-17-000070,5134312000.0,same_accn@2017-10-20,145.59087955698837,,,,,
2018-07-01,354950,"HOME DEPOT, INC.",consumer,core,176500000000.0,2017-07-30,0000354950-18-000019,1157269522.0,same_accn@2018-03-02,152.51416946933128,,,,,
2018-07-01,712515,ELECTRONIC ARTS INC.,tech,core,35692000000.0,2017-09-30,0000712515-18-000024,306832936.0,same_accn@2018-05-21,116.32388773283452,,,,,
2018-07-01,713676,"PNC FINANCIAL SERVICES GROUP, INC.",financials,core,59800000000.0,2017-06-30,0000713676-18-000032,471590384.0,same_accn@2018-02-09,126.80496046755695,,,,,
2018-07-01,715957,"DOMINION ENERGY, INC",utilities,extension,48100000000.0,2017-06-30,0001193125-18-059578,651524668.0,same_accn@2018-02-15,73.82682861057842,,,,,
2018-07-01,718877,"Activision Blizzard, Inc.",tech,core,42587342045.0,2017-06-30,0001047469-18-001114,758631663.0,same_accn@2018-02-20,56.137047953665494,,,,,
2018-07-01,731766,UNITEDHEALTH GROUP INC,healthcare,core,177882211144.0,2017-06-30,0000731766-18-000005,967662919.0,same_accn@2018-01-31,183.8266276936876,,,,,
2018-07-01,732712,VERIZON COMMUNICATIONS INC,utilities,extension,182142289318.0,2017-06-30,0000732712-18-000009,4079486153.0,same_accn@2018-01-31,44.6483411113076,,,,,
2018-07-01,732717,AT&T INC.,utilities,extension,232000000000.0,2017-06-30,0000732717-18-000009,6142000000.0,same_accn@2018-02-09,37.77271247150765,,,,,
2018-07-01,753308,NEXTERA ENERGY INC,utilities,extension,65589650954.0,2017-06-30,0000753308-18-000013,470793941.0,same_accn@2018-01-31,139.31710933807452,,,,,
2018-07-01,764180,"ALTRIA GROUP, INC.",consumer,core,143000000000.0,2017-06-30,0000764180-18-000028,1900449362.0,same_accn@2018-02-13,75.24536189141566,,,,,
2018-07-01,766704,WELLTOWER INC.,materials_realestate,extension,27562002967.0,2017-06-30,0000766704-18-000030,,no_concept,,,,,,
2018-07-01,773840,HONEYWELL INTERNATIONAL INC,industrials,extension,101400000000.0,2017-06-30,0000930413-18-000292,752002033.0,same_accn@2018-01-26,134.84006099754785,,,,,
2018-07-01,773910,ANADARKO PETROLEUM CORP,energy,core,25200000000.0,2017-06-30,0000773910-18-000012,532487194.0,same_accn@2018-02-08,47.32508177464264,,,,,
2018-07-01,789019,MICROSOFT CORP,tech,core,466500000000.0,2016-12-31,0001564590-17-014900,7702243979.0,same_accn@2017-07-31,60.56676486383735,,,,,
2018-07-01,797468,OCCIDENTAL PETROLEUM CORP /DE/,energy,core,45800000000.0,2017-06-30,0000797468-18-000005,765148694.0,same_accn@2018-01-31,59.857646440679936,,,,,
2018-07-01,804328,QUALCOMM INC/DE,tech,core,83990231661.0,2017-03-26,0001234452-17-000190,1474164639.0,same_accn@2017-10-30,56.97479741338444,,,,,
2018-07-01,816284,CELGENE CORP /DE/,healthcare,core,101580696211.0,2017-06-30,0000816284-18-000005,752175608.0,same_accn@2018-02-02,135.04917619051534,,,,,
2018-07-01,821189,EOG RESOURCES INC,energy,core,52112000000.0,2017-06-30,0000821189-18-000012,578636343.0,same_accn@2018-02-16,90.06001892280037,,,,,
2018-07-01,823768,WASTE MANAGEMENT INC,utilities,extension,32200000000.0,2017-06-30,0001558370-18-000716,433673878.0,same_accn@2018-02-08,74.2493418061025,,,,,
2018-07-01,827052,EDISON INTERNATIONAL,utilities,extension,25500000000.0,2017-06-30,0000827052-18-000046,325811206.0,same_accn@2018-02-20,78.26618461981323,,,,,
2018-07-01,829224,STARBUCKS CORP,consumer,core,82000000000.0,2017-04-02,0000829224-17-000049,1422800000.0,same_accn@2017-11-10,57.63283666010683,,,,,
2018-07-01,831001,CITIGROUP INC,financials,core,123000000000.0,2017-06-30,0000831001-18-000040,2570065748.0,same_accn@2018-01-31,47.858697815694946,,,,,
2018-07-01,858877,"CISCO SYSTEMS, INC.",tech,core,155020814264.0,2017-01-27,0000858877-17-000016,4951955851.0,same_accn@2017-09-01,31.304966952137715,,,,,
2018-07-01,872589,"REGENERON PHARMACEUTICALS, INC.",healthcare,core,50337000000.0,2017-06-30,0001532176-18-000013,,no_fact_within_400d,,,,,,
2018-07-01,875045,BIOGEN INC.,healthcare,core,57220188450.0,2017-06-30,0000875045-18-000005,,no_concept,,,,,,
2018-07-01,882095,"GILEAD SCIENCES, INC.",healthcare,core,80416471495.0,2017-06-30,0000882095-18-000008,1309967781.0,same_accn@2018-02-15,61.388129281784224,,,,,
2018-07-01,884905,LINDE INC,materials_realestate,extension,38000000000.0,2017-06-30,0000884905-18-000014,287136596.0,same_accn@2018-01-31,132.3411941541579,,,,,
2018-07-01,886982,GOLDMAN SACHS GROUP INC,financials,core,84900000000.0,2017-06-30,0001193125-18-056383,379887039.0,same_accn@2018-02-09,223.48748781608208,,,,,
2018-07-01,895421,MORGAN STANLEY,financials,core,77833014763.0,2017-06-30,0001193125-18-060831,1791846388.0,same_accn@2018-01-31,43.437325478482926,,,,,
2018-07-01,896159,Chubb Ltd,financials,core,67000000000.0,2017-06-30,0000896159-18-000002,,no_concept,,,,,,
2018-07-01,896878,INTUIT INC.,tech,core,28800000000.0,2017-01-31,0000896878-17-000130,254973504.0,same_accn@2017-08-25,112.95291294267187,,,,,
2018-07-01,922224,PPL Corp,utilities,extension,26500381927.0,2017-06-30,0000922224-18-000023,694049792.0,same_accn@2018-01-31,38.182248928618655,,,,,
2018-07-01,936402,Shire plc,healthcare,core,50100000000.0,2017-06-30,0000936402-18-000007,910072739.0,same_accn@2018-02-12,55.050544701570274,,,,,
2018-07-01,936468,LOCKHEED MARTIN CORP,industrials,extension,80300000000.0,2017-06-23,0000936468-18-000013,285570742.0,same_accn@2018-01-26,281.1912713382942,,,,,
2018-07-01,1001039,TWDC Enterprises 18 Corp.,consumer,core,177900000000.0,2017-04-01,0001001039-17-000198,1510312194.0,same_accn@2017-11-15,117.79021629219528,,,,,
2018-07-01,1018724,AMAZON COM INC,consumer,core,387327844190.0,2017-06-30,0001018724-18-000005,484107183.0,same_accn@2018-01-24,800.0869596475292,,,,2.9497208452516945,corroborated by balance sheet
2018-07-01,1032208,SEMPRA,utilities,extension,28300000000.0,2017-06-30,0000086521-18-000019,255324212.0,same_accn@2018-02-22,110.8394686830562,,,,,
2018-07-01,1035002,VALERO ENERGY CORP/TX,energy,core,29800000000.0,2017-06-30,0001035002-18-000010,433176258.0,same_accn@2018-01-31,68.79416738486161,,,,,
2018-07-01,1038357,PIONEER NATURAL RESOURCES CO,energy,core,26939176465.0,2017-06-30,0001038357-18-000015,170300825.0,same_accn@2018-02-14,158.1858247897507,,,,,
2018-07-01,1039684,ONEOK INC /NEW/,energy,core,19500000000.0,2017-06-30,0001039684-18-000021,410634227.0,same_accn@2018-02-22,47.48751740073533,,,,,
2018-07-01,1045609,"Prologis, Inc.",materials_realestate,extension,30903505295.0,2017-06-30,0001564590-18-002228,533054000.0,same_accn@2018-02-12,57.97443653926244,,,,,
2018-07-01,1045810,NVIDIA CORP,tech,core,94311225054.0,2017-07-28,0001045810-18-000080,607171892.0,same_accn@2018-05-18,155.32870723534745,,,,,
2018-07-01,1047122,RAYTHEON CO/,industrials,extension,46800000000.0,2017-06-30,0001047122-18-000022,288506000.0,same_accn@2018-02-12,162.2149972617554,,,,,
2018-07-01,1047862,CONSOLIDATED EDISON INC,utilities,extension,24700000000.0,2017-06-30,0001047862-18-000037,310397070.0,same_accn@2018-01-31,79.57549341557896,,,,,
2018-07-01,1051470,CROWN CASTLE INC.,materials_realestate,extension,36500000000.0,2017-06-30,0001051470-18-000082,406906992.0,same_accn@2018-02-21,89.70108825261966,,,,,
2018-07-01,1053507,AMERICAN TOWER CORP /MA/,materials_realestate,extension,56300000000.0,2017-06-30,0001053507-18-000006,,no_concept,,,,,,
2018-07-01,1058290,COGNIZANT TECHNOLOGY SOLUTIONS CORP,tech,core,39000000000.0,2017-06-30,0001058290-18-000009,,no_concept,,,,,,
2018-07-01,1061219,ENTERPRISE PRODUCTS PARTNERS L.P.,energy,core,39610000000.0,2017-06-30,0001061219-18-000008,2161094920.0,same_accn@2018-01-31,18.32867202334639,,,,,
2018-07-01,1063761,SIMON PROPERTY GROUP INC.,materials_realestate,extension,49945000000.0,2017-06-30,0001558370-18-000981,,no_fact_within_400d,,,,,,
2018-07-01,1065280,NETFLIX INC,consumer,core,54917149461.0,2017-06-30,0001628280-18-000941,433948461.0,same_accn@2018-01-25,126.55223925543545,,,,,
2018-07-01,1067983,BERKSHIRE HATHAWAY INC,financials,core,327898000000.0,2017-06-30,0001193125-18-057033,,no_fact_within_400d,,,,,,
2018-07-01,1075531,Booking Holdings Inc.,industrials,extension,91500000000.0,2017-06-30,0001075531-18-000015,48288592.0,same_accn@2018-02-20,1894.8574851799365,,,implied_price_out_of_band,3.595106458960406,corroborated by balance sheet
2018-07-01,1090727,UNITED PARCEL SERVICE INC,industrials,extension,76094649311.0,2017-06-30,0001090727-18-000009,,no_fact_within_400d,,,,,,
2018-07-01,1091667,"CHARTER COMMUNICATIONS, INC. /MO/",consumer,core,68000000000.0,2017-06-30,0001091667-18-000063,270927828.0,nearest@2016-06-30(365d),250.98935204249304,,,,,
2018-07-01,1099219,METLIFE INC,financials,core,52100000000.0,2017-06-30,0000937834-18-000022,1016530764.0,same_accn@2018-04-30,51.25275283847681,,,,,
2018-07-01,1101239,EQUINIX INC,materials_realestate,extension,33500000000.0,2017-06-30,0001628280-18-002212,79228072.0,same_accn@2018-02-23,422.8299282607811,,,,,
2018-07-01,1103982,"Mondelez International, Inc.",consumer,core,63000000000.0,2017-06-30,0001193125-18-037332,,no_concept,,,,,,
2018-07-01,1105705,"WARNER MEDIA, LLC",consumer,core,78170000000.0,2017-06-30,0001193125-18-053619,779851623.0,same_accn@2018-02-14,100.23701649717539,,,,,
2018-07-01,1108524,"Salesforce, Inc.",tech,core,45500000000.0,2017-07-31,0001108524-18-000011,731500000.0,same_accn@2018-02-28,62.20095693779904,,,,,
2018-07-01,1109357,EXELON CORP,utilities,extension,34604071959.0,2017-12-31,0001628280-18-001324,965029399.0,same_accn@2017-12-31,35.858049500728214,,,,,
2018-07-01,1122304,AETNA INC /PA/,healthcare,core,49200000000.0,2017-06-30,0001122304-18-000027,326800000.0,same_accn@2018-01-31,150.55079559363526,,,,,
2018-07-01,1137774,PRUDENTIAL FINANCIAL INC,financials,core,46180000000.0,2017-06-30,0001137774-18-000063,422000000.0,same_accn@2018-01-31,109.43127962085308,,,,,
2018-07-01,1141391,Mastercard Inc,financials,core,113800000000.0,2017-06-30,0001141391-18-000009,,no_fact_within_400d,,,,,,
2018-07-01,1156039,"Elevance Health, Inc.",healthcare,core,49440818164.0,2017-06-30,0001156039-18-000003,255721900.0,same_accn@2018-02-09,193.3382247042588,,,,,
2018-07-01,1156375,CME GROUP INC.,financials,core,42200000000.0,2017-06-30,0001156375-18-000026,,no_fact_within_400d,,,,,,
2018-07-01,1161154,"Energy Transfer Operating, L.P.",energy,core,21660000000.0,2017-06-30,0001161154-18-000018,1164024480.0,same_accn@2018-02-16,18.607856082201984,,,,0.277816969152825,corroborated by balance sheet
2018-07-01,1163165,CONOCOPHILLIPS,energy,core,54000000000.0,2017-12-31,0001193125-18-049729,1174577506.0,same_accn@2018-01-31,45.97397764230639,,,,,
2018-07-01,1166691,COMCAST CORP,consumer,core,181936000000.0,2017-06-30,0001166691-18-000004,,no_fact_within_400d,,,,,,
2018-07-01,1326801,"Meta Platforms, Inc.",tech,core,372000000000.0,2017-06-30,0001326801-18-000009,,no_concept,,,,,,
2018-07-01,1341439,ORACLE CORP,tech,core,142975778000.0,2017-11-30,0001193125-18-201034,3981155000.0,same_accn@2018-06-15,35.9131402821543,,,,,
2018-07-01,1358071,CONCHO RESOURCES INC,energy,core,17883517337.0,2017-06-30,0001358071-18-000008,149067852.0,same_accn@2018-02-16,119.96897451101664,,,,,
2018-07-01,1364742,"BlackRock Finance, Inc.",financials,core,67300000000.0,2017-06-30,0001564590-18-003744,160718719.0,same_accn@2018-01-31,418.7440045487172,,,,,
2018-07-01,1390777,Bank of New York Mellon Corp,financials,core,52653801981.0,2017-06-30,0001390777-18-000069,1009749214.0,same_accn@2018-01-31,52.14542507284388,,,,,
2018-07-01,1403161,VISA INC.,financials,core,164100000000.0,2017-03-31,0001403161-17-000044,,no_fact_within_400d,,,,,,
2018-07-01,1413329,Philip Morris International Inc.,consumer,core,182000000000.0,2017-06-30,0001413329-18-000007,1553229898.0,same_accn@2018-01-31,117.17518458429777,,,,,
2018-07-01,1467858,General Motors Co,consumer,core,51200000000.0,2017-06-30,0001467858-18-000022,1402630363.0,same_accn@2018-01-30,36.50284590338645,,,,,
2018-07-01,1483096,WILLIAMS PARTNERS L.P.,energy,core,38332867488.0,2017-06-30,0001483096-18-000006,957529465.0,same_accn@2018-02-19,40.03309442597675,,,,,
2018-07-01,1489393,LyondellBasell Industries N.V.,materials_realestate,extension,27300000000.0,2016-06-30,0001193125-18-054181,394556328.0,same_accn@2018-02-20,69.1916415037196,,,,,
2018-07-01,1506307,"KINDER MORGAN, INC.",energy,core,36830209065.0,2017-06-30,0001506307-18-000019,2206071454.0,same_accn@2018-04-20,16.694930256325232,,,,,
2018-07-01,1510295,Marathon Petroleum Corp,energy,core,26400000000.0,2017-06-30,0001510295-18-000024,476059729.0,same_accn@2018-02-16,55.455226291573176,,,,,
2018-07-01,1534701,Phillips 66,energy,core,42300000000.0,2017-06-30,0001534701-18-000065,501237339.0,same_accn@2018-01-31,84.39115905529137,,,,,
2018-07-01,1551152,AbbVie Inc.,healthcare,core,114407343607.0,2017-06-30,0001551152-18-000014,1587972655.0,same_accn@2018-02-02,72.04616732332838,,,,,
2018-07-01,1578845,Allergan plc,healthcare,core,81000000000.0,2017-06-30,0001564590-18-002345,330320420.0,same_accn@2018-02-13,245.216447714616,,,,,
2018-07-01,1613103,Medtronic plc,healthcare,core,110000000000.0,2017-10-27,0001613103-18-000024,1351709097.0,same_accn@2018-06-20,81.37845653634749,,,,,
2018-07-01,1633917,"PayPal Holdings, Inc.",financials,core,64500000000.0,2017-06-30,0001633917-18-000029,,no_concept,,,,,,
2018-07-01,1637459,Kraft Heinz Co,consumer,core,52000000000.0,2017-07-01,0001637459-18-000015,1218801890.0,same_accn@2018-02-10,42.66485015050313,,,,,
2018-07-01,1645590,Hewlett Packard Enterprise Co,tech,core,30672608482.0,2017-04-30,0001628280-17-012383,1593885581.0,same_accn@2017-11-30,19.24392117454007,,,,,
2018-07-01,1652044,Alphabet Inc.,tech,core,554300000000.0,2017-06-30,0001652044-18-000007,,no_concept,,,,,,
2019-07-01,1800,ABBOTT LABORATORIES,healthcare,core,104305730710.0,2018-06-30,0001047469-19-000624,,no_concept,,,,,,
2019-07-01,2969,"Air Products & Chemicals, Inc.",materials_realestate,extension,34800000000.0,2018-03-31,0000002969-18-000044,219533532.0,same_accn@2018-10-31,158.51792517964864,,,,,
2019-07-01,4904,AMERICAN ELECTRIC POWER CO INC,utilities,extension,34157276913.0,2018-12-31,0000004904-19-000009,493245876.0,same_accn@2018-12-31,69.25,,,,,
2019-07-01,5272,"AMERICAN INTERNATIONAL GROUP, INC.",financials,core,47252000000.0,2018-06-30,0000005272-19-000023,869486334.0,same_accn@2019-02-06,54.34472993108596,,,,,
2019-07-01,6769,APACHE CORP,energy,core,17879965309.0,2018-06-30,0001733037-19-000004,375405587.0,same_accn@2019-01-31,47.628394270541314,,,,,
2019-07-01,6951,APPLIED MATERIALS INC /DE,tech,core,49674881854.0,2018-04-29,0000006951-18-000041,958606093.0,same_accn@2018-12-07,51.819910406098366,,,,,
2019-07-01,8670,AUTOMATIC DATA PROCESSING INC,tech,core,51688560196.0,2017-12-31,0000008670-18-000011,438082756.0,same_accn@2018-07-31,117.98811865582766,,,,,
2019-07-01,10795,BECTON DICKINSON & CO,healthcare,core,56903426170.0,2018-03-31,0000010795-18-000036,268257940.0,same_accn@2018-10-31,212.1220574869098,,,,,
2019-07-01,12927,BOEING CO,industrials,extension,193200000000.0,2018-06-30,0000012927-19-000010,564985109.0,same_accn@2019-02-01,341.9559151602348,,,,,
2019-07-01,14272,BRISTOL MYERS SQUIBB CO,healthcare,core,90226038714.0,2018-06-30,0000014272-19-000047,1632675877.0,same_accn@2019-02-01,55.262676435072976,,,,,
2019-07-01,18230,CATERPILLAR INC,industrials,extension,81200000000.0,2018-06-30,0000018230-19-000034,575542738.0,same_accn@2018-12-31,141.08422301038573,,,,,
2019-07-01,19617,JPMORGAN CHASE & CO,financials,core,347963159674.0,2018-06-30,0000019617-19-000054,3274241726.0,same_accn@2019-01-31,106.2728988244529,,,,,
2019-07-01,21344,COCA COLA CO,consumer,core,184986760847.0,2018-06-29,0000021344-19-000014,,no_concept,,,,,,
2019-07-01,21665,COLGATE PALMOLIVE CO,consumer,core,56000000000.0,2018-06-30,0000021665-19-000003,861676494.0,same_accn@2019-01-31,64.98958761198377,,,,,
2019-07-01,30554,"EIDP, Inc.",materials_realestate,extension,70000000000.0,2017-06-30,0000030554-18-000002,100.0,same_accn@2017-12-31,700000000.0,2018-06-30,2019-02-11,implied_price_out_of_band;no_public_common_equity;shares_scale_error_on_same_cover;superseded_by_public_zero_float,1.620145350182845,corroborated by balance sheet
2019-07-01,34088,EXXON MOBIL CORP,energy,core,350000000000.0,2018-06-29,0000034088-19-000010,4234802431.0,same_accn@2019-01-31,82.64848377291393,,,,,
2019-07-01,36104,US BANCORP \DE\,financials,core,81800000000.0,2018-06-30,0001193125-19-047201,1600622211.0,same_accn@2019-01-31,51.105126142723506,,,,,
2019-07-01,37996,FORD MOTOR CO,consumer,core,43335618411.0,2018-06-30,0000037996-19-000012,,no_fact_within_400d,,,,,,
2019-07-01,45012,HALLIBURTON CO,energy,core,39500000000.0,2018-06-30,0000045012-19-000044,872542842.0,same_accn@2019-02-08,45.2699834307964,,,,,
2019-07-01,47217,HP INC,tech,core,34578508590.0,2018-04-30,0000047217-18-000052,1553494507.0,same_accn@2018-11-30,22.258532897406635,,,,,
2019-07-01,50863,INTEL CORP,tech,core,229200000000.0,2018-06-29,0000050863-19-000007,4497000000.0,same_accn@2019-01-26,50.96731154102735,,,,,
2019-07-01,51143,INTERNATIONAL BUSINESS MACHINES CORP,tech,core,127500000000.0,2018-06-30,0001047469-19-000712,889866256.0,same_accn@2019-02-08,143.2799582412753,,,,,
2019-07-01,55785,KIMBERLY CLARK CORP,materials_realestate,extension,36600000000.0,2018-06-30,0000055785-19-000013,344431630.0,same_accn@2019-01-31,106.26201780597212,,,,,
2019-07-01,59478,ELI LILLY & Co,healthcare,core,78196000000.0,2018-06-30,0000059478-19-000082,1035418562.0,same_accn@2019-02-13,75.52114948466608,,,,,
2019-07-01,63908,MCDONALDS CORP,consumer,core,121530450454.0,2018-06-30,0000063908-19-000010,765317332.0,same_accn@2019-01-31,158.79746266350074,,,,,
2019-07-01,64803,CVS HEALTH Corp,consumer,core,65262991789.0,2018-06-30,0000064803-19-000013,1297082165.0,same_accn@2019-02-19,50.31523333681795,,,,,
2019-07-01,66740,3M CO,healthcare,core,115300000000.0,2019-01-31,0001558370-19-000470,575800000.0,same_accn@2019-01-31,200.24313997915942,,,,,
2019-07-01,70858,BANK OF AMERICA CORP /DE/,financials,core,282258554953.0,2018-06-30,0000070858-19-000012,9658759764.0,same_accn@2019-02-25,29.22306402163871,,,,,
2019-07-01,72903,XCEL ENERGY INC,utilities,extension,23246479826.0,2018-06-29,0000072903-19-000010,514211368.0,same_accn@2019-02-14,45.20802392295613,,,,,
2019-07-01,72971,WELLS FARGO & COMPANY/MN,financials,core,268200000000.0,2018-06-30,0000072971-19-000227,4549421815.0,same_accn@2019-02-18,58.95254625889202,,,,,
2019-07-01,77476,PEPSICO INC,consumer,core,152000000000.0,2018-06-15,0000077476-19-000017,1404686108.0,same_accn@2019-02-08,108.2092284776835,,,,,
2019-07-01,78003,PFIZER INC,healthcare,core,212000000000.0,2018-07-01,0000078003-19-000015,5551804790.0,same_accn@2019-02-26,38.18578066394874,,,,,
2019-07-01,79879,PPG INDUSTRIES INC,materials_realestate,extension,25075000000.0,2018-06-30,0000079879-19-000008,,no_concept,,,,,,
2019-07-01,80424,PROCTER & GAMBLE Co,consumer,core,231000000000.0,2017-12-31,0000080424-18-000055,2488011390.0,same_accn@2018-07-31,92.84523412089364,,,,,
2019-07-01,87347,SLB LIMITED/NV,energy,core,92720000000.0,2018-06-30,0001564590-19-000928,1382964324.0,same_accn@2018-12-31,67.04439036563318,,,,,
2019-07-01,92122,SOUTHERN CO,utilities,extension,47000000000.0,2018-06-29,0000092122-19-000006,1034564279.0,same_accn@2019-01-31,45.429753330967266,,,,,
2019-07-01,93410,CHEVRON CORP,energy,core,242200000000.0,2018-06-29,0000093410-19-000008,1900062760.0,same_accn@2019-02-11,127.46947369254266,,,,,
2019-07-01,97476,TEXAS INSTRUMENTS INC,tech,core,107359133537.0,2018-06-30,0001564590-19-003839,938484603.0,same_accn@2019-02-18,114.39626520649482,,,,,
2019-07-01,97745,THERMO FISHER SCIENTIFIC INC.,industrials,extension,83322432000.0,2018-06-30,0000097745-19-000007,399003681.0,same_accn@2019-02-02,208.82622383626583,,,,,
2019-07-01,100885,UNION PACIFIC CORP,industrials,extension,104600000000.0,2018-06-29,0000100885-19-000060,722877817.0,same_accn@2019-02-01,144.69941882308444,,,,,
2019-07-01,101829,RTX Corp,industrials,extension,99985852722.0,2018-06-30,0000101829-19-000016,862291415.0,same_accn@2019-03-31,115.95366831061399,,,,,
2019-07-01,104169,Walmart Inc.,consumer,core,126810267035.0,2018-07-31,0000104169-19-000016,2869684230.0,same_accn@2019-03-26,44.1896239695334,,,,,
2019-07-01,106535,WEYERHAEUSER CO,materials_realestate,extension,28000000000.0,2018-06-30,0000106535-19-000014,746523890.0,same_accn@2019-02-04,37.50717207456013,,,,,
2019-07-01,107263,"WILLIAMS COMPANIES, INC.",energy,core,21489112717.0,2018-06-29,0000107263-19-000007,1210981263.0,same_accn@2019-02-15,17.74520661348994,,,,,
2019-07-01,200406,JOHNSON & JOHNSON,healthcare,core,325000000000.0,2018-07-01,0000200406-19-000009,2663138579.0,same_accn@2019-02-15,122.0364582462083,,,,,
2019-07-01,310158,"Merck & Co., Inc.",healthcare,core,161991000000.0,2018-06-30,0000310158-19-000014,2581220308.0,same_accn@2019-01-31,62.7575257710238,,,,,
2019-07-01,310764,STRYKER CORP,healthcare,core,58918371156.0,2018-06-30,0000310764-19-000014,372664636.0,same_accn@2019-01-31,158.1002474192373,,,,,
2019-07-01,313616,DANAHER CORP /DE/,industrials,extension,61000000000.0,2018-06-29,0000313616-19-000035,701875340.0,same_accn@2019-02-07,86.91002023236776,,,,,
2019-07-01,316709,SCHWAB CHARLES CORP,financials,core,62100000000.0,2018-06-30,0000316709-19-000008,1332893531.0,same_accn@2019-01-31,46.5903679143897,,,,,
2019-07-01,318154,AMGEN INC,healthcare,core,119629312769.0,2018-06-30,0000318154-19-000008,622278034.0,same_accn@2019-02-07,192.24415170180987,,,,,
2019-07-01,320187,"NIKE, Inc.",consumer,core,82568152391.0,2017-11-30,0000320187-18-000142,,no_fact_within_400d,,,,,,
2019-07-01,320193,Apple Inc.,tech,core,828880000000.0,2018-03-30,0000320193-18-000145,4745398000.0,same_accn@2018-10-26,174.6702805539177,,,,,
2019-07-01,354950,"HOME DEPOT, INC.",consumer,core,225300000000.0,2018-07-29,0000354950-19-000010,1103903507.0,same_accn@2019-03-08,204.0939253941513,,,,,
2019-07-01,712515,ELECTRONIC ARTS INC.,tech,core,35963000000.0,2018-09-28,0000712515-19-000019,297261219.0,same_accn@2019-05-20,120.9811361232425,,,,,
2019-07-01,713676,"PNC FINANCIAL SERVICES GROUP, INC.",financials,core,62700000000.0,2018-06-30,0000713676-19-000015,453612522.0,same_accn@2019-02-08,138.22369744898708,,,,,
2019-07-01,715957,"DOMINION ENERGY, INC",utilities,extension,44400000000.0,2018-06-30,0001193125-19-057924,799313999.0,same_accn@2019-02-15,55.547632164015184,,,,,
2019-07-01,718877,"Activision Blizzard, Inc.",tech,core,57447460580.0,2018-06-30,0001047469-19-000788,763833873.0,same_accn@2019-02-21,75.20936503427363,,,,,
2019-07-01,731766,UNITEDHEALTH GROUP INC,healthcare,core,234490429732.0,2018-06-30,0000731766-19-000005,959538515.0,same_accn@2019-01-31,244.37834028163007,,,,,
2019-07-01,732712,VERIZON COMMUNICATIONS INC,utilities,extension,207844016206.0,2018-06-30,0000732712-19-000012,4132045883.0,same_accn@2019-01-31,50.30051022935362,,,,,
2019-07-01,732717,AT&T INC.,utilities,extension,233000000000.0,2018-12-31,0001193125-19-045608,7285000000.0,same_accn@2019-02-12,31.98352779684283,,,,,
2019-07-01,753308,NEXTERA ENERGY INC,utilities,extension,78550110752.0,2018-06-29,0000753308-19-000118,478935335.0,same_accn@2019-03-31,164.00984644826843,,,,,
2019-07-01,764180,"ALTRIA GROUP, INC.",consumer,core,107000000000.0,2018-06-30,0000764180-19-000023,1874430847.0,same_accn@2019-02-12,57.083994414225515,,,,,
2019-07-01,766704,WELLTOWER INC.,materials_realestate,extension,23282837560.0,2018-06-30,0000766704-19-000014,,no_concept,,,,,,
2019-07-01,773840,HONEYWELL INTERNATIONAL INC,industrials,extension,107600000000.0,2018-06-30,0000930413-19-000366,729085890.0,same_accn@2019-01-25,147.58206334235874,,,,,
2019-07-01,773910,ANADARKO PETROLEUM CORP,energy,core,37200000000.0,2018-06-30,0000773910-19-000009,499575992.0,same_accn@2019-02-01,74.46314593916675,,,,,
2019-07-01,788784,PUBLIC SERVICE ENTERPRISE GROUP INC,utilities,extension,27172268280.0,2018-06-30,0000788784-19-000005,504999536.0,same_accn@2019-02-15,53.80652127965519,,,,,
2019-07-01,789019,MICROSOFT CORP,tech,core,650100000000.0,2017-12-31,0001564590-18-019062,7668217316.0,same_accn@2018-07-31,84.77850499144617,,,,,
2019-07-01,797468,OCCIDENTAL PETROLEUM CORP /DE/,energy,core,64000000000.0,2018-06-30,0000797468-19-000004,749546443.0,same_accn@2019-01-31,85.38496926734132,,,,,
2019-07-01,804328,QUALCOMM INC/DE,tech,core,79468272443.0,2018-03-25,0001728949-18-000095,1212162586.0,same_accn@2018-11-05,65.55908700765657,,,,,
2019-07-01,816284,CELGENE CORP /DE/,healthcare,core,55804979945.0,2018-06-30,0000816284-19-000014,702164345.0,same_accn@2019-02-21,79.47566740233727,,,,,
2019-07-01,821189,EOG RESOURCES INC,energy,core,71861000000.0,2018-06-30,0000821189-19-000009,580053225.0,same_accn@2019-02-15,123.88690710236116,,,,,
2019-07-01,823768,WASTE MANAGEMENT INC,utilities,extension,34800000000.0,2018-06-30,0001558370-19-000662,423779540.0,same_accn@2019-02-08,82.11816927263642,,,,,
2019-07-01,829224,STARBUCKS CORP,consumer,core,78000000000.0,2018-04-01,0000829224-18-000052,1240600000.0,same_accn@2018-11-09,62.872803482186036,,,,,
2019-07-01,831001,CITIGROUP INC,financials,core,168100000000.0,2018-06-30,0000831001-19-000027,2351523709.0,same_accn@2019-01-31,71.48556459653369,,,,,
2019-07-01,858877,"CISCO SYSTEMS, INC.",tech,core,207120318133.0,2018-01-26,0000858877-18-000011,4571334136.0,same_accn@2018-08-31,45.30850556337455,,,,,
2019-07-01,875045,BIOGEN INC.,healthcare,core,58267511287.0,2018-06-30,0000875045-19-000006,,no_concept,,,,,,
2019-07-01,882095,"GILEAD SCIENCES, INC.",healthcare,core,79506595778.0,2018-06-29,0000882095-19-000006,1275510558.0,same_accn@2019-02-15,62.33315379424715,,,,,
2019-07-01,885725,BOSTON SCIENTIFIC CORP,healthcare,core,45000000000.0,2018-06-29,0000885725-19-000011,1385961926.0,same_accn@2019-01-31,32.4684243887375,,,,,
2019-07-01,886982,GOLDMAN SACHS GROUP INC,financials,core,82200000000.0,2018-06-30,0001193125-19-050198,368272261.0,same_accn@2019-02-08,223.2044297248877,,,,,
2019-07-01,895421,MORGAN STANLEY,financials,core,79320949858.0,2018-06-30,0001193125-19-051943,1708787567.0,same_accn@2019-01-31,46.41943293001499,,,,,
2019-07-01,896159,Chubb Ltd,financials,core,59000000000.0,2018-06-29,0000896159-19-000005,,no_concept,,,,,,
2019-07-01,896878,INTUIT INC.,tech,core,41000000000.0,2018-01-31,0000896878-18-000171,258671620.0,same_accn@2018-08-24,158.50211940529076,,,,,
2019-07-01,915912,AVALONBAY COMMUNITIES INC,materials_realestate,extension,23656288475.0,2018-06-30,0000915912-19-000004,138508567.0,same_accn@2019-01-31,170.79296239488204,,,,,
2019-07-01,927628,CAPITAL ONE FINANCIAL CORP,financials,core,43100000000.0,2018-06-30,0000927628-19-000093,,no_concept,,,,,,
2019-07-01,936468,LOCKHEED MARTIN CORP,industrials,extension,84700000000.0,2018-06-22,0000936468-19-000009,282562534.0,same_accn@2019-01-25,299.7566549286396,,,,,
2019-07-01,1018724,AMAZON COM INC,consumer,core,693894417636.0,2018-06-30,0001018724-19-000004,491202890.0,same_accn@2019-01-23,1412.6431903444216,,,implied_price_out_of_band,4.266233938542128,corroborated by balance sheet
2019-07-01,1032208,SEMPRA,utilities,extension,31500000000.0,2018-06-30,0000086521-19-000014,274039296.0,same_accn@2019-02-21,114.94701840133176,,,,,
2019-07-01,1035002,VALERO ENERGY CORP/TX,energy,core,47500000000.0,2018-06-29,0001035002-19-000008,417614487.0,same_accn@2019-01-31,113.74126491928907,,,,,
2019-07-01,1035267,INTUITIVE SURGICAL INC,healthcare,core,53900000000.0,2018-06-30,0001035267-19-000012,114488602.0,same_accn@2019-01-18,470.7892231927157,,,,,
2019-07-01,1038357,PIONEER NATURAL RESOURCES CO,energy,core,32009028564.0,2018-06-30,0001038357-19-000010,168369523.0,same_accn@2019-02-18,190.11177316217734,,,,,
2019-07-01,1039684,ONEOK INC /NEW/,energy,core,28300000000.0,2018-06-30,0001039684-19-000016,411611382.0,same_accn@2019-02-19,68.75417259477047,,,,,
2019-07-01,1045609,"Prologis, Inc.",materials_realestate,extension,34758146078.0,2018-06-30,0001564590-19-002872,630350000.0,same_accn@2019-02-11,55.14102653763782,,,,,
2019-07-01,1045810,NVIDIA CORP,tech,core,146660000000.0,2018-07-27,0001045810-19-000023,606000000.0,same_accn@2019-02-15,242.01320132013203,,,,,
2019-07-01,1047122,RAYTHEON CO/,industrials,extension,55000000000.0,2018-06-29,0001047122-19-000007,282239000.0,same_accn@2019-02-11,194.87030495431176,,,,,
2019-07-01,1047862,CONSOLIDATED EDISON INC,utilities,extension,24300000000.0,2018-06-30,0001047862-19-000035,321077152.0,same_accn@2019-01-31,75.68274431436342,,,,,
2019-07-01,1051470,CROWN CASTLE INC.,materials_realestate,extension,44600000000.0,2018-06-30,0001051470-19-000046,415568382.0,same_accn@2019-02-22,107.32289060431937,,,,,
2019-07-01,1053507,AMERICAN TOWER CORP /MA/,materials_realestate,extension,63100000000.0,2018-06-30,0001053507-19-000012,,no_concept,,,,,,
2019-07-01,1058290,COGNIZANT TECHNOLOGY SOLUTIONS CORP,tech,core,45700000000.0,2018-06-30,0001058290-19-000009,,no_concept,,,,,,
2019-07-01,1061219,ENTERPRISE PRODUCTS PARTNERS L.P.,energy,core,41020000000.0,2018-06-29,0001061219-19-000007,2184873868.0,same_accn@2019-01-31,18.77453916255087,,,,,
2019-07-01,1063761,SIMON PROPERTY GROUP INC.,materials_realestate,extension,52260000000.0,2018-06-30,0001558370-19-000875,,no_fact_within_400d,,,,,,
2019-07-01,1065280,NETFLIX INC,consumer,core,148681810838.0,2018-06-30,0001065280-19-000043,436598597.0,same_accn@2018-12-31,340.5457824638864,,,,,
2019-07-01,1067983,BERKSHIRE HATHAWAY INC,financials,core,367009000000.0,2018-06-30,0001193125-19-048926,,no_fact_within_400d,,,,,,
2019-07-01,1075531,Booking Holdings Inc.,industrials,extension,96600000000.0,2018-06-30,0001075531-19-000009,45012725.0,same_accn@2019-02-20,2146.0598086430005,,,implied_price_out_of_band,4.25794507867942,corroborated by balance sheet
2019-07-01,1090012,DEVON ENERGY CORP/DE,energy,core,22500000000.0,2018-06-29,0001564590-19-003382,438300000.0,same_accn@2019-02-06,51.3347022587269,,,,,
2019-07-01,1090727,UNITED PARCEL SERVICE INC,industrials,extension,73643493685.0,2018-06-30,0001090727-19-000006,,no_fact_within_400d,,,,,,
2019-07-01,1091667,"CHARTER COMMUNICATIONS, INC. /MO/",consumer,core,51500000000.0,2018-06-30,0001091667-19-000029,,no_fact_within_400d,,,,,,
2019-07-01,1099219,METLIFE INC,financials,core,43600000000.0,2018-06-30,0001099219-19-000028,950369346.0,same_accn@2019-04-30,45.8769005792407,,,,,
2019-07-01,1101239,EQUINIX INC,materials_realestate,extension,34200000000.0,2018-06-30,0001628280-19-001771,80865431.0,same_accn@2019-02-21,422.92484658864925,,,,,
2019-07-01,1103982,"Mondelez International, Inc.",consumer,core,59000000000.0,2018-06-30,0001103982-19-000005,,no_concept,,,,,,
2019-07-01,1108524,"Salesforce, Inc.",tech,core,80000000000.0,2018-07-31,0001108524-19-000009,771000000.0,same_accn@2019-02-28,103.76134889753567,,,,,
2019-07-01,1109357,EXELON CORP,utilities,extension,41118095431.0,2018-06-30,0001628280-19-001107,969745933.0,same_accn@2019-01-31,42.4008949476048,,,,,
2019-07-01,1133421,NORTHROP GRUMMAN CORP /DE/,industrials,extension,53400000000.0,2018-06-30,0001133421-19-000007,169737507.0,same_accn@2019-01-28,314.60341879535207,,,,,
2019-07-01,1141391,Mastercard Inc,financials,core,179500000000.0,2018-06-29,0001141391-19-000013,,no_fact_within_400d,,,,,,
2019-07-01,1156039,"Elevance Health, Inc.",healthcare,core,61871738688.0,2018-06-29,0001156039-19-000004,257011928.0,same_accn@2019-02-07,240.73489183739363,,,,,
2019-07-01,1156375,CME GROUP INC.,financials,core,55400000000.0,2018-06-30,0001156375-19-000010,,no_fact_within_400d,,,,,,
2019-07-01,1161154,"Energy Transfer Operating, L.P.",energy,core,21630000000.0,2018-06-30,0001161154-19-000013,,same_accn_value_is_zero,,,,,0.24456706089866806,corroborated by balance sheet
2019-07-01,1163165,CONOCOPHILLIPS,energy,core,80900000000.0,2018-12-31,0001193125-19-043841,1134404094.0,same_accn@2019-01-31,71.31497534951598,,,,,
2019-07-01,1166691,COMCAST CORP,consumer,core,149068000000.0,2018-06-30,0001166691-19-000005,,no_fact_within_400d,,,,,,
2019-07-01,1318605,"Tesla, Inc.",consumer,core,46570000000.0,2018-06-30,0001564590-19-003165,172721487.0,same_accn@2019-02-12,269.62482091183017,,,,,
2019-07-01,1326801,"Meta Platforms, Inc.",tech,core,486000000000.0,2018-06-29,0001326801-19-000009,,no_concept,,,,,,
2019-07-01,1341439,ORACLE CORP,tech,core,107968269000.0,2018-11-30,0001564590-19-023119,3335819000.0,same_accn@2019-06-17,32.36634511644667,,,,,
2019-07-01,1358071,CONCHO RESOURCES INC,energy,core,20433760692.0,2018-06-30,0001358071-19-000003,200594232.0,same_accn@2019-02-15,101.8661428510068,,,,,
2019-07-01,1364742,"BlackRock Finance, Inc.",financials,core,79100000000.0,2018-06-30,0001564590-19-005479,158031934.0,same_accn@2019-01-31,500.5317469569157,,,,,
2019-07-01,1390777,Bank of New York Mellon Corp,financials,core,53885206227.0,2018-06-30,0001390777-19-000050,954548741.0,same_accn@2019-01-31,56.450974070270135,,,,,
2019-07-01,1403161,VISA INC.,financials,core,214100000000.0,2018-03-29,0001403161-18-000055,,no_fact_within_400d,,,,,,
2019-07-01,1413329,Philip Morris International Inc.,consumer,core,126000000000.0,2018-06-30,0001413329-19-000007,1554584344.0,same_accn@2019-01-31,81.05060396774458,,,,,
2019-07-01,1418091,"TWITTER, INC.",tech,core,31200000000.0,2018-06-30,0001564590-19-003523,766824550.0,same_accn@2019-02-07,40.68727324914154,,,,,
2019-07-01,1467858,General Motors Co,consumer,core,55500000000.0,2018-06-30,0001467858-19-000033,1409478926.0,same_accn@2019-01-25,39.37625385964799,,,,,
2019-07-01,1489393,LyondellBasell Industries N.V.,materials_realestate,extension,35000000000.0,2018-06-30,0001489393-19-000011,371156998.0,same_accn@2019-02-19,94.29971733956098,,,,,
2019-07-01,1506307,"KINDER MORGAN, INC.",energy,core,33499494320.0,2018-06-29,0001506307-19-000033,2263656419.0,same_accn@2019-02-07,14.798842279606568,,,,,
2019-07-01,1510295,Marathon Petroleum Corp,energy,core,31900000000.0,2018-06-30,0001510295-19-000014,673619190.0,same_accn@2019-02-15,47.35613306978384,,,,,
2019-07-01,1534701,Phillips 66,energy,core,52100000000.0,2018-06-29,0001534701-19-000063,454913087.0,same_accn@2019-01-31,114.52737124707076,,,,,
2019-07-01,1551152,AbbVie Inc.,healthcare,core,138865437576.0,2018-06-30,0001551152-19-000008,1475083514.0,same_accn@2019-02-08,94.14072915738655,,,,,
2019-07-01,1578845,Allergan plc,healthcare,core,56500000000.0,2018-06-30,0001564590-19-003111,332614474.0,same_accn@2019-02-08,169.8663299901976,,,,,
2019-07-01,1613103,Medtronic plc,healthcare,core,120800000000.0,2018-10-26,0001613103-19-000028,1341156703.0,same_accn@2019-06-18,90.07150300168914,,,,,
2019-07-01,1616314,"MedEquities Realty Trust, Inc.",materials_realestate,extension,316714569000.0,2018-06-30,0001564590-19-004100,31840651.0,same_accn@2019-02-19,9946.862235951143,,,implied_price_out_of_band,500.5058068329254,SCALE ERROR (float is a several-hundred-fold multiple of total assets)
2019-07-01,1633917,"PayPal Holdings, Inc.",financials,core,98500000000.0,2018-06-30,0001633917-19-000043,,no_concept,,,,,,
2019-07-01,1652044,Alphabet Inc.,tech,core,680000000000.0,2018-06-29,0001652044-19-000004,,no_concept,,,,,,
2019-07-01,1690881,"ASV HOLDINGS, INC.",industrials,extension,57069720000.0,2018-06-30,0001564590-19-021226,9896878000.0,same_accn@2019-03-26,5.7664366480015214,,,shares_scale_error_on_same_cover,651.2503566089625,SCALE ERROR (float is a several-hundred-fold multiple of total assets)
2020-07-01,1800,ABBOTT LABORATORIES,healthcare,core,144956566468.0,2019-06-28,0001104659-20-023904,,no_concept,,,,,,
2020-07-01,2969,"Air Products & Chemicals, Inc.",materials_realestate,extension,42000000000.0,2019-03-29,0000002969-19-000051,220433925.0,same_accn@2019-10-31,190.53328565464685,,,,,
2020-07-01,4447,HESS CORP,energy,core,16996000000.0,2019-06-28,0001564590-20-005545,305214587.0,same_accn@2020-01-31,55.68541191643635,,,,,
2020-07-01,4904,AMERICAN ELECTRIC POWER CO INC,utilities,extension,43491855142.0,2019-12-31,0000004904-20-000007,494169471.0,same_accn@2019-12-31,88.00999999856325,,,,,
2020-07-01,5272,"AMERICAN INTERNATIONAL GROUP, INC.",financials,core,46348000000.0,2019-06-30,0001104659-20-023889,873422023.0,same_accn@2020-02-10,53.06484011109026,,,,,
2020-07-01,6951,APPLIED MATERIALS INC /DE,tech,core,41677858958.0,2019-04-28,0000006951-19-000046,915304098.0,same_accn@2019-12-06,45.53443937273839,,,,,
2020-07-01,8670,AUTOMATIC DATA PROCESSING INC,tech,core,56967135372.0,2018-12-31,0000008670-19-000021,433942837.0,same_accn@2019-07-31,131.27797146240255,,,,,
2020-07-01,10795,BECTON DICKINSON & CO,healthcare,core,67278853280.0,2019-03-31,0000010795-19-000044,270459892.0,same_accn@2019-10-31,248.7572289646555,,,,,
2020-07-01,12927,BOEING CO,industrials,extension,204800000000.0,2019-06-30,0000012927-20-000014,563152208.0,same_accn@2020-01-24,363.66722369310145,,,,,
2020-07-01,14272,BRISTOL MYERS SQUIBB CO,healthcare,core,74102479936.0,2019-06-30,0000014272-20-000082,2257510796.0,same_accn@2020-02-03,32.82486182006281,,,,,
2020-07-01,18230,CATERPILLAR INC,industrials,extension,76800000000.0,2019-06-30,0000018230-20-000056,550082610.0,same_accn@2019-12-31,139.6153934042743,,,,,
2020-07-01,19617,JPMORGAN CHASE & CO,financials,core,354989423493.0,2019-06-30,0000019617-20-000257,3073976616.0,same_accn@2020-01-31,115.48214831735727,,,,,
2020-07-01,21344,COCA COLA CO,consumer,core,215914430571.0,2019-06-28,0000021344-20-000006,,no_concept,,,,,,
2020-07-01,21665,COLGATE PALMOLIVE CO,consumer,core,61300000000.0,2019-06-30,0000021665-20-000004,855029777.0,same_accn@2020-01-31,71.69340957350073,,,,,
2020-07-01,27419,TARGET CORP,consumer,core,41576546635.0,2019-08-02,0000027419-20-000008,500961951.0,same_accn@2020-03-05,82.99342205931325,,,,,
2020-07-01,31462,ECOLAB INC.,consumer,core,56547973473.0,2019-06-28,0001558370-20-001788,288166440.0,same_accn@2020-01-31,196.2337233752827,,,,,
2020-07-01,34088,EXXON MOBIL CORP,energy,core,324000000000.0,2019-06-28,0000034088-20-000016,4232190744.0,same_accn@2020-01-31,76.5560957901854,,,,,
2020-07-01,36104,US BANCORP \DE\,financials,core,83000000000.0,2019-06-30,0001193125-20-043622,1522494686.0,same_accn@2020-01-31,54.515789620299536,,,,,
2020-07-01,45012,HALLIBURTON CO,energy,core,19800000000.0,2019-06-30,0000045012-20-000031,879911447.0,same_accn@2020-02-07,22.5022643670642,,,,,
2020-07-01,50863,INTEL CORP,tech,core,212000000000.0,2019-06-29,0000050863-20-000011,4277000000.0,same_accn@2020-01-17,49.56745382277297,,,,,
2020-07-01,51143,INTERNATIONAL BUSINESS MACHINES CORP,tech,core,122100000000.0,2019-06-30,0001558370-20-001334,888408023.0,same_accn@2020-02-10,137.43684977955226,,,,,
2020-07-01,55785,KIMBERLY CLARK CORP,materials_realestate,extension,45900000000.0,2019-06-30,0000055785-20-000016,341795666.0,same_accn@2020-01-31,134.29076072602982,,,,,
2020-07-01,59478,ELI LILLY & Co,healthcare,core,93167000000.0,2019-06-30,0000059478-20-000057,956382203.0,same_accn@2020-02-13,97.41607456490907,,,,,
2020-07-01,62709,"MARSH & MCLENNAN COMPANIES, INC.",financials,core,50438773243.0,2019-06-28,0000062709-20-000010,503897894.0,same_accn@2020-02-18,100.09720985855122,,,,,
2020-07-01,63908,MCDONALDS CORP,consumer,core,157661991693.0,2019-06-28,0000063908-20-000022,745446655.0,same_accn@2020-01-31,211.50003241076988,,,,,
2020-07-01,64040,S&P Global Inc.,industrials,extension,56100000000.0,2019-06-30,0000064040-20-000055,,no_concept,,,,,,
2020-07-01,64803,CVS HEALTH Corp,consumer,core,70617679934.0,2019-06-28,0000064803-20-000007,1304159680.0,same_accn@2020-02-12,54.148031883641735,,,,,
2020-07-01,66740,3M CO,healthcare,core,91300000000.0,2020-01-31,0001558370-20-000581,575600000.0,same_accn@2020-01-31,158.61709520500347,,,,,
2020-07-01,70858,BANK OF AMERICA CORP /DE/,financials,core,270935450750.0,2019-06-30,0000070858-20-000011,8728530308.0,same_accn@2020-02-18,31.040214238779498,,,,,
2020-07-01,72903,XCEL ENERGY INC,utilities,extension,30629347167.0,2019-06-28,0000072903-20-000011,524669024.0,same_accn@2020-02-13,58.37841718477362,,,,,
2020-07-01,72971,WELLS FARGO & COMPANY/MN,financials,core,208700000000.0,2019-06-28,0000072971-20-000217,4099887226.0,same_accn@2020-02-18,50.90383917794133,,,,,
2020-07-01,77476,PEPSICO INC,consumer,core,185400000000.0,2019-06-14,0000077476-20-000015,1389544618.0,same_accn@2020-02-06,133.42500672403742,,,,,
2020-07-01,78003,PFIZER INC,healthcare,core,241000000000.0,2019-06-30,0000078003-20-000014,5547639005.0,same_accn@2020-02-25,43.44190380498632,,,,,
2020-07-01,87347,SLB LIMITED/NV,energy,core,54890000000.0,2019-06-30,0001564590-20-001578,1384515345.0,same_accn@2019-12-31,39.645642208465375,,,,,
2020-07-01,89800,SHERWIN WILLIAMS CO,consumer,core,42201407338.0,2019-06-28,0000089800-20-000005,92227704.0,same_accn@2020-01-31,457.57842283485667,,,,,
2020-07-01,92122,SOUTHERN CO,utilities,extension,57800000000.0,2019-06-28,0000092122-20-000017,1054228409.0,same_accn@2020-01-31,54.8268283291918,,,,,
2020-07-01,93410,CHEVRON CORP,energy,core,236200000000.0,2019-06-28,0000093410-20-000010,1879324765.0,same_accn@2020-02-10,125.68343928570536,,,,,
2020-07-01,97476,TEXAS INSTRUMENTS INC,tech,core,107187939993.0,2019-06-30,0000097476-20-000009,933975619.0,same_accn@2020-02-14,114.76524420173328,,,,,
2020-07-01,97745,THERMO FISHER SCIENTIFIC INC.,industrials,extension,117442498000.0,2019-06-28,0000097745-20-000009,398828389.0,same_accn@2020-02-01,294.46875207271165,,,,,
2020-07-01,100885,UNION PACIFIC CORP,industrials,extension,119000000000.0,2019-06-28,0000100885-20-000065,690261490.0,same_accn@2020-01-31,172.39843410647174,,,,,
2020-07-01,101829,RTX Corp,industrials,extension,112271798129.0,2019-06-30,0000101829-20-000013,865308981.0,same_accn@2020-01-31,129.74763996931173,,,,,
2020-07-01,104169,Walmart Inc.,consumer,core,155125468742.0,2019-07-31,0000104169-20-000011,2832277220.0,same_accn@2020-03-18,54.770580946874965,,,,,
2020-07-01,107263,"WILLIAMS COMPANIES, INC.",energy,core,32986794536.0,2019-06-28,0000107263-20-000005,1212494859.0,same_accn@2020-02-19,27.205719093279882,,,,,
2020-07-01,200406,JOHNSON & JOHNSON,healthcare,core,368000000000.0,2019-06-30,0000200406-20-000010,2634721257.0,same_accn@2020-02-10,139.67321932909886,,,,,
2020-07-01,310158,"Merck & Co., Inc.",healthcare,core,215106000000.0,2019-06-30,0000310158-20-000005,2536268760.0,same_accn@2020-01-31,84.81198971989073,,,,,
2020-07-01,310764,STRYKER CORP,healthcare,core,71863352935.0,2019-06-30,0000310764-20-000014,374575145.0,same_accn@2020-01-31,191.85296700612636,,,,,
2020-07-01,313616,DANAHER CORP /DE/,industrials,extension,91100000000.0,2019-06-28,0000313616-20-000041,696237113.0,same_accn@2020-02-06,130.84622795739992,,,,,
2020-07-01,316709,SCHWAB CHARLES CORP,financials,core,47400000000.0,2019-06-30,0000316709-20-000012,1286215799.0,same_accn@2020-01-31,36.852291844690676,,,,,
2020-07-01,318154,AMGEN INC,healthcare,core,110809019075.0,2019-06-30,0000318154-20-000017,589806819.0,same_accn@2020-02-06,187.87341126858013,,,,,
2020-07-01,320187,"NIKE, Inc.",consumer,core,99950872130.0,2018-11-30,0000320187-19-000051,,no_fact_within_400d,,,,,,
2020-07-01,320193,Apple Inc.,tech,core,874698000000.0,2019-03-29,0000320193-19-000119,4443265000.0,same_accn@2019-10-18,196.85929153449098,,,,,
2020-07-01,354950,"HOME DEPOT, INC.",consumer,core,232300000000.0,2019-08-04,0000354950-20-000015,1074741592.0,same_accn@2020-03-06,216.14498008559437,,,,,
2020-07-01,712515,ELECTRONIC ARTS INC.,tech,core,35963000000.0,2018-09-28,0000712515-19-000019,297261219.0,same_accn@2019-05-20,120.9811361232425,,,,,
2020-07-01,713676,"PNC FINANCIAL SERVICES GROUP, INC.",financials,core,60900000000.0,2019-06-30,0000713676-20-000042,428726784.0,same_accn@2020-02-06,142.04850798404982,,,,,
2020-07-01,715957,"DOMINION ENERGY, INC",utilities,extension,62000000000.0,2019-06-30,0001193125-20-054469,838000325.0,same_accn@2020-02-14,73.98565149721153,,,,,
2020-07-01,718877,"Activision Blizzard, Inc.",tech,core,35743039830.0,2019-06-30,0000718877-20-000003,769221524.0,same_accn@2020-02-20,46.4665102506934,,,,,
2020-07-01,731766,UNITEDHEALTH GROUP INC,healthcare,core,229868010278.0,2019-06-28,0000731766-20-000006,948573372.0,same_accn@2020-01-31,242.33023724178503,,,,,
2020-07-01,732712,VERIZON COMMUNICATIONS INC,utilities,extension,236226048492.0,2019-06-30,0000732712-20-000014,4135863778.0,same_accn@2020-01-31,57.116496377023566,,,,,
2020-07-01,732717,AT&T INC.,utilities,extension,245000000000.0,2019-06-30,0001562762-20-000064,7172884070.0,same_accn@2020-02-12,34.156414297101556,,,,,
2020-07-01,753308,NEXTERA ENERGY INC,utilities,extension,97905404884.0,2019-06-28,0000753308-20-000021,488965893.0,same_accn@2020-01-31,200.2295176117734,,,,,
2020-07-01,764180,"ALTRIA GROUP, INC.",consumer,core,88000000000.0,2019-06-30,0000764180-20-000055,1858366804.0,same_accn@2020-02-14,47.353407201735614,,,,,
2020-07-01,766704,WELLTOWER INC.,materials_realestate,extension,32986689000.0,2019-06-30,0000766704-20-000015,,no_concept,,,,,,
2020-07-01,773840,HONEYWELL INTERNATIONAL INC,industrials,extension,125600000000.0,2019-06-30,0000773840-20-000009,712599803.0,same_accn@2020-01-25,176.25601280162016,,,,,
2020-07-01,788784,PUBLIC SERVICE ENTERPRISE GROUP INC,utilities,extension,29513402185.0,2019-06-30,0000788784-20-000004,505127221.0,same_accn@2020-02-21,58.427661305942564,,,,,
2020-07-01,789019,MICROSOFT CORP,tech,core,769600000000.0,2018-12-31,0001564590-19-027952,7635409400.0,same_accn@2019-07-29,100.79354749465038,,,,,
2020-07-01,797468,OCCIDENTAL PETROLEUM CORP /DE/,energy,core,45000000000.0,2019-06-28,0000797468-20-000004,895224961.0,same_accn@2020-01-31,50.26669492071949,,,,,
2020-07-01,804328,QUALCOMM INC/DE,tech,core,69171646680.0,2019-09-29,0001728949-19-000072,1141844863.0,same_accn@2019-11-04,60.57884824937028,,,,,
2020-07-01,821189,EOG RESOURCES INC,energy,core,54011000000.0,2019-06-30,0000821189-20-000010,582054451.0,same_accn@2020-02-13,92.7937238641613,,,,,
2020-07-01,823768,WASTE MANAGEMENT INC,utilities,extension,48800000000.0,2019-06-30,0001558370-20-000762,424708758.0,same_accn@2020-02-07,114.90226909801564,,,,,
2020-07-01,829224,STARBUCKS CORP,consumer,core,89800000000.0,2019-03-31,0000829224-19-000051,1181000000.0,same_accn@2019-11-08,76.0372565622354,,,,,
2020-07-01,831001,CITIGROUP INC,financials,core,158000000000.0,2019-06-30,0000831001-20-000031,2106486793.0,same_accn@2020-01-31,75.00640427703836,,,,,
2020-07-01,858877,"CISCO SYSTEMS, INC.",tech,core,204000000000.0,2019-01-25,0000858877-19-000012,4245290230.0,same_accn@2019-08-30,48.05325170901213,,,,,
2020-07-01,882095,"GILEAD SCIENCES, INC.",healthcare,core,66400000000.0,2019-06-28,0000882095-20-000006,1263636656.0,same_accn@2020-02-18,52.546750432348965,,,,,
2020-07-01,885725,BOSTON SCIENTIFIC CORP,healthcare,core,53100000000.0,2019-06-28,0000885725-20-000012,1396195349.0,same_accn@2020-01-31,38.03192729300518,,,,,
2020-07-01,886982,GOLDMAN SACHS GROUP INC,financials,core,73400000000.0,2019-06-30,0001193125-20-043853,345672769.0,same_accn@2020-02-07,212.33954937306618,,,,,
2020-07-01,895421,MORGAN STANLEY,financials,core,69733657018.0,2019-06-30,0000895421-20-000265,1599276515.0,same_accn@2020-01-31,43.60325207301628,,,,,
2020-07-01,895728,ENBRIDGE INC,energy,core,73100000000.0,2019-06-30,0001193125-20-067327,2024814011.0,same_accn@2020-02-07,36.10208127900988,,,,,
2020-07-01,896159,Chubb Ltd,financials,core,67000000000.0,2019-06-28,0000896159-20-000003,,no_concept,,,,,,
2020-07-01,896878,INTUIT INC.,tech,core,53700000000.0,2019-01-31,0000896878-19-000132,260073642.0,same_accn@2019-08-23,206.47997846702205,,,,,
2020-07-01,906107,VIVMARK RESIDENTIAL,materials_realestate,extension,27900000000.0,2019-06-30,0001564590-20-005562,371978449.0,same_accn@2020-02-14,75.00434521140767,,,,,
2020-07-01,915912,AVALONBAY COMMUNITIES INC,materials_realestate,extension,28279444401.0,2019-06-30,0000915912-20-000004,140642065.0,same_accn@2020-01-31,201.07387075836806,,,,,
2020-07-01,936468,LOCKHEED MARTIN CORP,industrials,extension,102100000000.0,2019-06-28,0000936468-20-000016,281937366.0,same_accn@2020-01-31,362.137170565749,,,,,
2020-07-01,1018724,AMAZON COM INC,consumer,core,786284080955.0,2019-06-30,0001018724-20-000004,497810444.0,same_accn@2020-01-22,1579.484903203437,,,implied_price_out_of_band,3.490748334968568,corroborated by balance sheet
2020-07-01,1032208,SEMPRA,utilities,extension,37700000000.0,2019-06-30,0001032208-20-000006,292276007.0,same_accn@2020-02-21,128.9876661001462,,,,,
2020-07-01,1035002,VALERO ENERGY CORP/TX,energy,core,35500000000.0,2019-06-28,0001035002-20-000007,409337126.0,same_accn@2020-01-31,86.72558081135304,,,,,
2020-07-01,1035267,INTUITIVE SURGICAL INC,healthcare,core,59900000000.0,2019-06-30,0001035267-20-000032,115984044.0,same_accn@2020-01-17,516.4503489807615,,,,,
2020-07-01,1038357,PIONEER NATURAL RESOURCES CO,energy,core,25544329552.0,2019-06-30,0001038357-20-000009,165714771.0,same_accn@2020-02-18,154.14636485241257,,,,,
2020-07-01,1039684,ONEOK INC /NEW/,energy,core,28100000000.0,2019-06-28,0001039684-20-000012,413319000.0,same_accn@2020-02-18,67.98622855469988,,,,,
2020-07-01,1045609,"Prologis, Inc.",materials_realestate,extension,50236866166.0,2019-06-30,0001564590-20-004096,738743000.0,same_accn@2020-02-04,68.00317047471178,,,,,
2020-07-01,1045810,NVIDIA CORP,tech,core,102150000000.0,2019-07-26,0001045810-20-000010,612000000.0,same_accn@2020-02-14,166.91176470588235,,,,,
2020-07-01,1047862,CONSOLIDATED EDISON INC,utilities,extension,29100000000.0,2019-06-30,0001047862-20-000041,333775472.0,same_accn@2020-01-31,87.18435727356263,,,,,
2020-07-01,1051470,CROWN CASTLE INC.,materials_realestate,extension,54000000000.0,2019-12-31,0001051470-20-000077,416746380.0,same_accn@2020-03-06,129.57521070728916,,,,,
2020-07-01,1053507,AMERICAN TOWER CORP /MA/,materials_realestate,extension,89900000000.0,2019-06-30,0001053507-20-000028,,no_concept,,,,,,
2020-07-01,1058290,COGNIZANT TECHNOLOGY SOLUTIONS CORP,tech,core,34900000000.0,2019-06-30,0001058290-20-000008,,no_concept,,,,,,
2020-07-01,1061219,ENTERPRISE PRODUCTS PARTNERS L.P.,energy,core,43040000000.0,2019-06-28,0001061219-20-000014,2189226130.0,same_accn@2020-01-31,19.659915168288258,,,,,
2020-07-01,1063761,SIMON PROPERTY GROUP INC.,materials_realestate,extension,48849000000.0,2019-06-30,0001558370-20-001135,,no_fact_within_400d,,,,,,
2020-07-01,1065280,NETFLIX INC,consumer,core,156930337748.0,2019-06-30,0001065280-20-000040,438806649.0,same_accn@2019-12-31,357.6298082666473,,,,,
2020-07-01,1067983,BERKSHIRE HATHAWAY INC,financials,core,417300000000.0,2019-06-30,0001564590-20-005874,,no_fact_within_400d,,,,,,
2020-07-01,1075531,Booking Holdings Inc.,industrials,extension,80000000000.0,2019-06-30,0001075531-20-000011,41061814.0,same_accn@2020-02-19,1948.2821679529306,,,implied_price_out_of_band,3.7379684141669003,corroborated by balance sheet
2020-07-01,1090727,UNITED PARCEL SERVICE INC,industrials,extension,72097367231.0,2019-06-30,0001090727-20-000005,,no_fact_within_400d,,,,,,
2020-07-01,1091667,"CHARTER COMMUNICATIONS, INC. /MO/",consumer,core,65300000000.0,2018-06-30,0001091667-20-000024,,no_fact_within_400d,,,,,,
2020-07-01,1099219,METLIFE INC,financials,core,46500000000.0,2019-06-30,0001099219-20-000064,915828071.0,same_accn@2020-02-14,50.773722134577376,,,,,
2020-07-01,1101239,EQUINIX INC,materials_realestate,extension,42800000000.0,2019-06-30,0001628280-20-001947,85443883.0,same_accn@2020-02-20,500.9135645204701,,,,,
2020-07-01,1103982,"Mondelez International, Inc.",consumer,core,76700000000.0,2019-06-30,0001103982-20-000003,,no_concept,,,,,,
2020-07-01,1108524,"Salesforce, Inc.",tech,core,92700000000.0,2019-07-31,0001108524-20-000014,895000000.0,same_accn@2020-02-29,103.57541899441341,,,,,
2020-07-01,1109357,EXELON CORP,utilities,extension,46542193363.0,2019-06-30,0001109357-20-000053,974319565.0,same_accn@2020-01-31,47.76892000829317,,,,,
2020-07-01,1110803,"ILLUMINA, INC.",healthcare,core,48200000000.0,2019-06-28,0001110803-20-000018,147000000.0,same_accn@2020-02-07,327.89115646258506,,,,,
2020-07-01,1133421,NORTHROP GRUMMAN CORP /DE/,industrials,extension,54500000000.0,2019-06-30,0001133421-20-000006,167637130.0,same_accn@2020-01-27,325.10697361616724,,,,,
2020-07-01,1141391,Mastercard Inc,financials,core,235900000000.0,2019-06-28,0001141391-20-000032,,no_fact_within_400d,,,,,,
2020-07-01,1156039,"Elevance Health, Inc.",healthcare,core,72160040688.0,2019-06-28,0001156039-20-000003,252329919.0,same_accn@2020-02-06,285.9749686996095,,,,,
2020-07-01,1156375,CME GROUP INC.,financials,core,68500000000.0,2019-06-30,0001156375-20-000013,,no_fact_within_400d,,,,,,
2020-07-01,1161154,"Energy Transfer Operating, L.P.",energy,core,21630000000.0,2018-06-30,0001161154-19-000013,,same_accn_value_is_zero,,2019-12-31,2020-02-21,superseded_by_public_zero_float,0.24456706089866806,corroborated by balance sheet
2020-07-01,1163165,CONOCOPHILLIPS,energy,core,67700000000.0,2019-06-28,0001193125-20-039954,1081132415.0,same_accn@2020-01-31,62.61952658222721,,,,,
2020-07-01,1164727,NEWMONT Corp /DE/,materials_realestate,extension,31446331094.0,2019-06-30,0001558370-20-001041,807583184.0,same_accn@2020-02-13,38.93881363185987,,,,,
2020-07-01,1166691,COMCAST CORP,consumer,core,190526000000.0,2019-06-30,0001166691-20-000008,,no_fact_within_400d,,,,,,
2020-07-01,1276187,Energy Transfer LP,energy,core,30570000000.0,2019-06-30,0001276187-20-000011,2689897793.0,same_accn@2020-02-13,11.364744073010211,,,,,
2020-07-01,1326801,"Meta Platforms, Inc.",tech,core,478000000000.0,2019-06-28,0001326801-20-000013,,no_concept,,,,,,
2020-07-01,1341439,ORACLE CORP,tech,core,107880125000.0,2019-11-29,0001564590-20-030125,3068682000.0,same_accn@2020-06-16,35.15519855103918,,,,,
2020-07-01,1358071,CONCHO RESOURCES INC,energy,core,20479372863.0,2019-06-30,0001358071-20-000011,196705121.0,same_accn@2020-02-14,104.11204730658741,,,,,
2020-07-01,1364742,"BlackRock Finance, Inc.",financials,core,71900000000.0,2019-06-30,0001564590-20-007807,154827534.0,same_accn@2020-01-31,464.3876844282749,,,,,
2020-07-01,1373715,"ServiceNow, Inc.",tech,core,37700000000.0,2019-06-28,0001373715-20-000072,189800000.0,same_accn@2020-01-31,198.63013698630138,,,,,
2020-07-01,1403161,VISA INC.,financials,core,272000000000.0,2019-03-29,0001403161-19-000050,,no_fact_within_400d,,,,,,
2020-07-01,1413329,Philip Morris International Inc.,consumer,core,122000000000.0,2019-06-30,0001413329-20-000007,1555911930.0,same_accn@2020-01-31,78.41060772636405,,,,,
2020-07-01,1467858,General Motors Co,consumer,core,54700000000.0,2019-06-30,0001467858-20-000028,1429002063.0,same_accn@2020-01-24,38.27846118371909,,,,,
2020-07-01,1506307,"KINDER MORGAN, INC.",energy,core,40707308596.0,2019-06-28,0001506307-20-000022,2265063459.0,same_accn@2020-02-07,17.97181815558131,,,,,
2020-07-01,1510295,Marathon Petroleum Corp,energy,core,36700000000.0,2019-06-30,0001510295-20-000006,649503967.0,same_accn@2020-02-17,56.504658731360756,,,,,
2020-07-01,1534701,Phillips 66,energy,core,41900000000.0,2019-06-28,0001534701-20-000070,439445842.0,same_accn@2020-01-31,95.34735795725199,,,,,
2020-07-01,1539838,"Diamondback Energy, Inc.",energy,core,15900000000.0,2019-06-28,0001539838-20-000021,158284486.0,same_accn@2020-02-14,100.45204303850726,,,,,
2020-07-01,1551152,AbbVie Inc.,healthcare,core,106362457090.0,2019-06-30,0001551152-20-000007,1479156683.0,same_accn@2020-01-31,71.90749858512453,,,,,
2020-07-01,1555280,Zoetis Inc.,healthcare,core,54228000000.0,2019-06-30,0001555280-20-000054,474933945.0,same_accn@2020-02-07,114.18008877002885,,,,,
2020-07-01,1571949,"Intercontinental Exchange, Inc.",financials,core,48031836007.0,2019-06-30,0001571949-20-000003,553450116.0,same_accn@2020-02-03,86.78620641394896,,,,,
2020-07-01,1578845,Allergan plc,healthcare,core,54800000000.0,2019-06-30,0001193125-20-126525,329765537.0,same_accn@2020-04-27,166.17867500205153,,,,,
2020-07-01,1613103,Medtronic plc,healthcare,core,141300000000.0,2019-10-25,0001613103-20-000021,1341298882.0,same_accn@2020-06-17,105.34564808501794,,,,,
2020-07-01,1633917,"PayPal Holdings, Inc.",financials,core,134500000000.0,2019-06-28,0001633917-20-000028,,no_concept,,,,,,
2020-07-01,1652044,Alphabet Inc.,tech,core,663000000000.0,2019-06-28,0001652044-20-000008,,no_concept,,,,,,
2020-07-01,1666700,"DuPont de Nemours, Inc.",materials_realestate,extension,151800000000.0,2018-06-30,0001666700-19-000006,2254762058.0,same_accn@2019-01-31,67.32417705070324,,,,,
2020-07-01,1730168,Broadcom Inc.,tech,core,122700000000.0,2019-05-03,0001730168-19-000144,397792289.0,same_accn@2019-11-29,308.4524345820087,,,,,
2021-07-01,1800,ABBOTT LABORATORIES,healthcare,core,157956823602.0,2020-06-30,0001104659-21-025751,,no_concept,,,,,,
2021-07-01,2488,ADVANCED MICRO DEVICES INC,tech,core,58500000000.0,2020-06-27,0001628280-21-001185,1211280009.0,same_accn@2021-01-22,48.29601707725369,,,,,
2021-07-01,2969,"Air Products & Chemicals, Inc.",materials_realestate,extension,44000000000.0,2020-03-31,0000002969-20-000049,221026592.0,same_accn@2020-10-31,199.07106924039257,,,,,
2021-07-01,4447,HESS CORP,energy,core,14091000000.0,2020-06-30,0001628280-21-003531,306986553.0,same_accn@2021-01-31,45.901033326368534,,,,,
2021-07-01,4904,AMERICAN ELECTRIC POWER CO INC,utilities,extension,39549558010.0,2020-12-31,0000004904-21-000010,496604194.0,same_accn@2020-12-31,79.63999999967781,,,,,
2021-07-01,6951,APPLIED MATERIALS INC /DE,tech,core,47228292437.0,2020-04-26,0000006951-20-000048,914344189.0,same_accn@2020-12-04,51.65264131951518,,,,,
2021-07-01,8670,AUTOMATIC DATA PROCESSING INC,tech,core,73532680590.0,2019-12-31,0000008670-20-000032,429965405.0,same_accn@2020-07-31,171.01999308525762,,,,,
2021-07-01,10795,BECTON DICKINSON & CO,healthcare,core,62360106701.0,2020-03-31,0000010795-20-000055,290031363.0,same_accn@2020-10-31,215.01159755953702,,,,,
2021-07-01,12927,BOEING CO,industrials,extension,103500000000.0,2020-06-30,0000012927-21-000011,582996860.0,same_accn@2021-01-25,177.5309733229095,,,,,
2021-07-01,14272,BRISTOL MYERS SQUIBB CO,healthcare,core,132442510032.0,2020-06-30,0000014272-21-000066,2240475153.0,same_accn@2021-02-01,59.113581266303825,,,,,
2021-07-01,18230,CATERPILLAR INC,industrials,extension,67900000000.0,2020-06-30,0000018230-21-000063,545303847.0,same_accn@2020-12-31,124.51773515546095,,,,,
2021-07-01,19617,JPMORGAN CHASE & CO,financials,core,383953778298.0,2020-06-30,0000019617-21-000236,3051506436.0,same_accn@2021-01-31,125.82433835574581,,,,,
2021-07-01,21344,COCA COLA CO,consumer,core,185656336397.0,2020-06-26,0000021344-21-000008,,no_concept,,,,,,
2021-07-01,27419,TARGET CORP,consumer,core,62803635300.0,2020-07-31,0000027419-21-000010,498616180.0,same_accn@2021-03-04,125.95587110711088,,,,,
2021-07-01,34088,EXXON MOBIL CORP,energy,core,189000000000.0,2020-06-30,0000034088-21-000012,4233483160.0,same_accn@2021-01-31,44.644089242107675,,,,,
2021-07-01,36104,US BANCORP \DE\,financials,core,55500000000.0,2020-06-30,0001193125-21-052547,1502136131.0,same_accn@2021-01-31,36.947383698874624,,,,,
2021-07-01,45012,HALLIBURTON CO,energy,core,10100000000.0,2020-06-30,0000045012-21-000009,888632775.0,same_accn@2021-01-29,11.365774799382118,,,,,
2021-07-01,49826,ILLINOIS TOOL WORKS INC,industrials,extension,55100000000.0,2020-06-30,0000049826-21-000007,316662263.0,same_accn@2021-01-31,174.00241973259693,,,,,
2021-07-01,50863,INTEL CORP,tech,core,244500000000.0,2020-06-26,0000050863-21-000010,4063000000.0,same_accn@2021-01-15,60.17720895889737,,,,,
2021-07-01,51143,INTERNATIONAL BUSINESS MACHINES CORP,tech,core,107500000000.0,2020-06-30,0001558370-21-001489,893594090.0,same_accn@2021-02-10,120.30070610695287,,,,,
2021-07-01,55785,KIMBERLY CLARK CORP,materials_realestate,extension,48200000000.0,2020-06-30,0000055785-21-000016,338363924.0,same_accn@2021-01-29,142.4501744459022,,,,,
2021-07-01,59478,ELI LILLY & Co,healthcare,core,138907000000.0,2020-06-30,0000059478-21-000083,958425693.0,same_accn@2021-02-12,144.93246687200403,,,,,
2021-07-01,60667,LOWES COMPANIES INC,consumer,core,112500000000.0,2020-07-31,0000060667-21-000026,717256852.0,same_accn@2021-03-19,156.84757794408634,,,,,
2021-07-01,62709,"MARSH & MCLENNAN COMPANIES, INC.",financials,core,53818358381.0,2020-06-30,0000062709-21-000008,508186561.0,same_accn@2021-02-12,105.90275798536908,,,,,
2021-07-01,63908,MCDONALDS CORP,consumer,core,137233144378.0,2020-06-30,0000063908-21-000013,745572145.0,same_accn@2021-01-31,184.06420531979504,,,,,
2021-07-01,64040,S&P Global Inc.,industrials,extension,79400000000.0,2020-06-30,0000064040-21-000063,,no_concept,,,,,,
2021-07-01,64803,CVS HEALTH Corp,consumer,core,84719366378.0,2020-06-30,0000064803-21-000011,1311354926.0,same_accn@2021-02-08,64.6044520047809,,,,,
2021-07-01,66740,3M CO,healthcare,core,101700000000.0,2021-01-31,0001558370-21-000737,579100000.0,same_accn@2021-01-31,175.61733724745295,,,,,
2021-07-01,70858,BANK OF AMERICA CORP /DE/,financials,core,205771938594.0,2020-06-30,0000070858-21-000023,8633185862.0,same_accn@2021-02-23,23.834994622289994,,,,,
2021-07-01,72741,EVERSOURCE ENERGY,utilities,extension,28496151703.0,2020-06-30,0000072741-21-000005,343003366.0,same_accn@2021-01-31,83.07834420202163,,,,,
2021-07-01,72903,XCEL ENERGY INC,utilities,extension,32825311125.0,2020-06-30,0000072903-21-000012,537648833.0,same_accn@2021-02-11,61.05344066654005,,,,,
2021-07-01,72971,WELLS FARGO & COMPANY/MN,financials,core,105200000000.0,2020-06-30,0000072971-21-000197,4134106677.0,same_accn@2021-02-16,25.446851815720574,,,,,
2021-07-01,77476,PEPSICO INC,consumer,core,178500000000.0,2020-06-12,0000077476-21-000007,1379608641.0,same_accn@2021-02-04,129.38451869264568,,,,,
2021-07-01,78003,PFIZER INC,healthcare,core,169000000000.0,2020-06-28,0000078003-21-000038,5577629491.0,same_accn@2021-02-23,30.29961030446653,,,,,
2021-07-01,80424,PROCTER & GAMBLE Co,consumer,core,304000000000.0,2019-12-31,0000080424-20-000059,2486086692.0,same_accn@2020-07-31,122.28053067426983,,,,,
2021-07-01,87347,SLB LIMITED/NV,energy,core,25500000000.0,2020-06-30,0001564590-21-002477,1392325960.0,same_accn@2020-12-31,18.314676830416925,,,,,
2021-07-01,92122,SOUTHERN CO,utilities,extension,54800000000.0,2020-06-30,0000092122-21-000006,1056609660.0,same_accn@2021-01-31,51.8639967762551,,,,,
2021-07-01,92230,TRUIST FINANCIAL CORP,financials,core,50500000000.0,2020-06-30,0000092230-21-000032,1347198511.0,same_accn@2021-01-31,37.48519582501231,,,,,
2021-07-01,93410,CHEVRON CORP,energy,core,166600000000.0,2020-06-30,0000093410-21-000009,1926376764.0,same_accn@2021-02-10,86.48360129410281,,,,,
2021-07-01,97476,TEXAS INSTRUMENTS INC,tech,core,116120360680.0,2020-06-30,0000097476-21-000006,920239191.0,same_accn@2021-01-27,126.18497648835736,,,,,
2021-07-01,97745,THERMO FISHER SCIENTIFIC INC.,industrials,extension,138639543000.0,2020-06-26,0000097745-21-000011,393793362.0,same_accn@2021-02-06,352.0616556253683,,,,,
2021-07-01,100885,UNION PACIFIC CORP,industrials,extension,113500000000.0,2020-06-30,0000100885-21-000068,669829363.0,same_accn@2021-01-29,169.4461399716214,,,,,
2021-07-01,101829,RTX Corp,industrials,extension,93495749819.0,2020-06-30,0000101829-21-000008,1519478134.0,same_accn@2021-01-29,61.53148750674947,,,,,
2021-07-01,104169,Walmart Inc.,consumer,core,182886052366.0,2020-07-31,0000104169-21-000033,2817071695.0,same_accn@2021-03-17,64.92062402621954,,,,,
2021-07-01,107263,"WILLIAMS COMPANIES, INC.",energy,core,23078419375.0,2020-06-30,0000107263-21-000006,1213790391.0,same_accn@2021-02-19,19.013512997072326,,,,,
2021-07-01,200406,JOHNSON & JOHNSON,healthcare,core,363000000000.0,2020-06-28,0000200406-21-000008,2628679824.0,same_accn@2021-02-16,138.09213152769266,,,,,
2021-07-01,310158,"Merck & Co., Inc.",healthcare,core,195461000000.0,2020-06-30,0000310158-21-000004,2530315668.0,same_accn@2021-01-31,77.24767406372476,,,,,
2021-07-01,310764,STRYKER CORP,healthcare,core,63413151504.0,2020-06-30,0000310764-21-000027,376200942.0,same_accn@2021-01-31,168.5619157859525,,,,,
2021-07-01,313616,DANAHER CORP /DE/,industrials,extension,113200000000.0,2020-07-03,0000313616-21-000045,712204198.0,same_accn@2021-02-05,158.943179944581,,,,,
2021-07-01,318154,AMGEN INC,healthcare,core,138056968288.0,2020-06-30,0000318154-21-000010,577566383.0,same_accn@2021-02-03,239.0322088534713,,,,,
2021-07-01,320187,"NIKE, Inc.",consumer,core,123844132290.0,2019-11-30,0000320187-20-000047,,no_fact_within_400d,,,,,,
2021-07-01,320193,Apple Inc.,tech,core,1070633000000.0,2020-03-27,0000320193-20-000096,17001802000.0,same_accn@2020-10-16,62.97173676060926,,,,,
2021-07-01,354950,"HOME DEPOT, INC.",consumer,core,285600000000.0,2020-07-31,0000354950-21-000089,1077069383.0,same_accn@2021-03-05,265.163975977581,,,,,
2021-07-01,715957,"DOMINION ENERGY, INC",utilities,extension,68000000000.0,2020-06-30,0001564590-21-008442,805648140.0,same_accn@2021-02-12,84.40409233738193,,,,,
2021-07-01,718877,"Activision Blizzard, Inc.",tech,core,58006915377.0,2020-06-30,0001628280-21-002828,774753965.0,same_accn@2021-02-16,74.87140175784708,,,,,
2021-07-01,731766,UNITEDHEALTH GROUP INC,healthcare,core,281771756077.0,2020-06-30,0000731766-21-000013,945319404.0,same_accn@2021-01-29,298.0704245408677,,,,,
2021-07-01,732712,VERIZON COMMUNICATIONS INC,utilities,extension,228143965409.0,2020-06-30,0000732712-21-000012,4138148588.0,same_accn@2021-01-29,55.131893057340356,,,,,
2021-07-01,732717,AT&T INC.,utilities,extension,215000000000.0,2020-06-30,0000732717-21-000012,7131763496.0,same_accn@2021-02-12,30.146821346583813,,,,,
2021-07-01,753308,NEXTERA ENERGY INC,utilities,extension,117405158883.0,2020-06-30,0000753308-21-000014,1959874682.0,same_accn@2021-01-31,59.904421421063084,,,,,
2021-07-01,764180,"ALTRIA GROUP, INC.",consumer,core,73000000000.0,2020-06-30,0000764180-21-000087,1858689654.0,same_accn@2021-02-15,39.274980544976984,,,,,
2021-07-01,769397,"Autodesk, Inc.",tech,core,51800000000.0,2020-07-31,0000769397-21-000014,219592294.0,same_accn@2021-03-12,235.8917021013497,,,,,
2021-07-01,773840,HONEYWELL INTERNATIONAL INC,industrials,extension,97000000000.0,2020-06-30,0000773840-21-000015,695501159.0,same_accn@2021-01-29,139.46777621401492,,,,,
2021-07-01,789019,MICROSOFT CORP,tech,core,1200000000000.0,2019-12-31,0001564590-20-034944,7567652935.0,same_accn@2020-07-27,158.56963979545924,,,,,
2021-07-01,797468,OCCIDENTAL PETROLEUM CORP /DE/,energy,core,17000000000.0,2020-06-30,0000797468-21-000009,931554718.0,same_accn@2021-01-31,18.24906220914014,,,,,
2021-07-01,798354,FISERV INC,financials,core,65119434315.0,2020-06-30,0000798354-21-000004,669459877.0,same_accn@2021-02-19,97.27160140920589,,,,,
2021-07-01,804328,QUALCOMM INC/DE,tech,core,74900000000.0,2020-03-27,0001728949-20-000067,1131000000.0,same_accn@2020-11-02,66.22458001768346,,,,,
2021-07-01,821189,EOG RESOURCES INC,energy,core,29444000000.0,2020-06-30,0000821189-21-000017,583563479.0,same_accn@2021-02-12,50.45552208040078,,,,,
2021-07-01,823768,WASTE MANAGEMENT INC,utilities,extension,44700000000.0,2020-06-30,0001558370-21-001348,423152948.0,same_accn@2021-02-12,105.63556324319877,,,,,
2021-07-01,829224,STARBUCKS CORP,consumer,core,77400000000.0,2020-03-29,0000829224-20-000078,1173700000.0,same_accn@2020-11-06,65.945301184289,,,,,
2021-07-01,831001,CITIGROUP INC,financials,core,106200000000.0,2020-06-30,0000831001-21-000042,2087317952.0,same_accn@2021-01-31,50.87868855736263,,,,,
2021-07-01,858877,"CISCO SYSTEMS, INC.",tech,core,207100000000.0,2020-01-24,0000858877-20-000010,4233425297.0,same_accn@2020-08-28,48.9201971147951,,,,,
2021-07-01,872589,"REGENERON PHARMACEUTICALS, INC.",healthcare,core,63344000000.0,2020-06-30,0001804220-21-000008,,no_fact_within_400d,,,,,,
2021-07-01,875320,VERTEX PHARMACEUTICALS INC / MA,healthcare,core,74800000000.0,2020-06-30,0000875320-21-000006,259960062.0,same_accn@2021-01-31,287.73650623302285,,,,,
2021-07-01,882095,"GILEAD SCIENCES, INC.",healthcare,core,69900000000.0,2020-06-30,0000882095-21-000008,1256593156.0,same_accn@2021-02-18,55.6265961391246,,,,,
2021-07-01,886982,GOLDMAN SACHS GROUP INC,financials,core,67600000000.0,2020-06-30,0001193125-21-049380,345794361.0,same_accn@2021-02-05,195.49190971335707,,,,,
2021-07-01,895421,MORGAN STANLEY,financials,core,73070017178.0,2020-06-30,0000895421-21-000286,1813552280.0,same_accn@2021-01-29,40.291100501387255,,,,,
2021-07-01,895728,ENBRIDGE INC,energy,core,59200000000.0,2020-06-30,0001193125-21-073298,2025495603.0,same_accn@2021-02-05,29.227414718806475,,,,,
2021-07-01,896159,Chubb Ltd,financials,core,57000000000.0,2020-06-30,0000896159-21-000003,,no_concept,,,,,,
2021-07-01,936468,LOCKHEED MARTIN CORP,industrials,extension,99300000000.0,2020-06-26,0000936468-21-000013,280103431.0,same_accn@2021-01-22,354.5119017124785,,,,,
2021-07-01,1018724,AMAZON COM INC,consumer,core,1174367787295.0,2020-06-30,0001018724-21-000004,503564743.0,same_accn@2021-01-20,2332.108837284107,,,implied_price_out_of_band,3.6562455433459427,corroborated by balance sheet
2021-07-01,1032208,SEMPRA,utilities,extension,34300000000.0,2020-06-30,0001032208-21-000007,302591374.0,same_accn@2021-02-22,113.3541896670194,,,,,
2021-07-01,1034054,SBA COMMUNICATIONS CORP,materials_realestate,extension,33000000000.0,2020-06-30,0001034054-21-000003,109324399.0,same_accn@2021-02-18,301.85393472869674,,,,,
2021-07-01,1035002,VALERO ENERGY CORP/TX,energy,core,24000000000.0,2020-06-30,0001035002-21-000051,408562891.0,same_accn@2021-02-19,58.742486233288375,,,,,
2021-07-01,1035267,INTUITIVE SURGICAL INC,healthcare,core,66400000000.0,2020-06-30,0001035267-21-000028,117718298.0,same_accn@2021-01-15,564.0584439982305,,,,,
2021-07-01,1038357,PIONEER NATURAL RESOURCES CO,energy,core,15947085822.0,2020-06-30,0001038357-21-000016,216580280.0,same_accn@2021-02-22,73.6312919255622,,,,,
2021-07-01,1039684,ONEOK INC /NEW/,energy,core,14500000000.0,2020-06-30,0001039684-21-000015,444983595.0,same_accn@2021-02-16,32.58547093179918,,,,,
2021-07-01,1045609,"Prologis, Inc.",materials_realestate,extension,68586769164.0,2020-06-30,0001564590-21-005312,739500000.0,same_accn@2021-02-05,92.7474904178499,,,,,
2021-07-01,1045810,NVIDIA CORP,tech,core,241210000000.0,2020-07-24,0001045810-21-000010,620000000.0,same_accn@2021-02-19,389.0483870967742,,,,,
2021-07-01,1051470,CROWN CASTLE INC.,materials_realestate,extension,69400000000.0,2020-06-30,0001051470-21-000031,431311859.0,same_accn@2021-02-17,160.9044559101724,,,,,
2021-07-01,1053507,AMERICAN TOWER CORP /MA/,materials_realestate,extension,114300000000.0,2020-06-30,0001053507-21-000026,,no_concept,,,,,,
2021-07-01,1061219,ENTERPRISE PRODUCTS PARTNERS L.P.,energy,core,26960000000.0,2020-06-30,0001061219-21-000009,2181599142.0,same_accn@2021-01-31,12.357907317145434,,,,,
2021-07-01,1065280,NETFLIX INC,consumer,core,196932116552.0,2020-06-30,0001065280-21-000040,442895261.0,same_accn@2020-12-31,444.64715225751763,,,,,
2021-07-01,1067983,BERKSHIRE HATHAWAY INC,financials,core,336500000000.0,2020-06-30,0001564590-21-009611,,no_fact_within_400d,,,,,,
2021-07-01,1075531,Booking Holdings Inc.,industrials,extension,65000000000.0,2020-06-30,0001075531-21-000019,40961796.0,same_accn@2021-02-17,1586.8444830885833,,,implied_price_out_of_band,2.9715644143732285,corroborated by balance sheet
2021-07-01,1090727,UNITED PARCEL SERVICE INC,industrials,extension,78510244191.0,2020-06-30,0001090727-21-000013,,no_fact_within_400d,,,,,,
2021-07-01,1091667,"CHARTER COMMUNICATIONS, INC. /MO/",consumer,core,75800000000.0,2020-06-30,0001091667-21-000022,,no_fact_within_400d,,,,,,
2021-07-01,1101239,EQUINIX INC,materials_realestate,extension,62200000000.0,2020-06-30,0001628280-21-002563,89287863.0,same_accn@2021-02-18,696.6232353438675,,,,,
2021-07-01,1103982,"Mondelez International, Inc.",consumer,core,72200000000.0,2020-06-30,0001103982-21-000004,,no_concept,,,,,,
2021-07-01,1108524,"Salesforce, Inc.",tech,core,139600000000.0,2020-07-31,0001108524-21-000014,921000000.0,same_accn@2021-03-15,151.5743756786102,,,,,
2021-07-01,1109357,EXELON CORP,utilities,extension,35402501369.0,2020-06-30,0001109357-21-000022,976337799.0,same_accn@2021-01-31,36.26050472004721,,,,,
2021-07-01,1123360,GLOBAL PAYMENTS INC,financials,core,50324272356.0,2020-06-30,0001123360-21-000009,295243402.0,same_accn@2021-02-16,170.4501168022715,,,,,
2021-07-01,1126975,"Magellan Midstream Partners, L.P.",energy,core,9686843947.0,2020-06-30,0001126975-21-000062,223282818.0,same_accn@2021-02-17,43.383741005096056,,,,,
2021-07-01,1136893,"Fidelity National Information Services, Inc.",financials,core,82928591927.0,2020-06-30,0001136893-21-000025,621128642.0,same_accn@2021-02-17,133.51274811603358,,,,,
2021-07-01,1141391,Mastercard Inc,financials,core,261300000000.0,2020-06-30,0001141391-21-000018,,no_fact_within_400d,,,,,,
2021-07-01,1156039,"Elevance Health, Inc.",healthcare,core,66230779383.0,2020-06-30,0001156039-21-000012,244905689.0,same_accn@2021-02-04,270.43381333211903,,,,,
2021-07-01,1156375,CME GROUP INC.,financials,core,57900000000.0,2020-06-30,0001156375-21-000020,,no_fact_within_400d,,,,,,
2021-07-01,1163165,CONOCOPHILLIPS,energy,core,45100000000.0,2020-06-30,0001562762-21-000027,1354734727.0,same_accn@2021-01-31,33.29065026617569,,,,,
2021-07-01,1164727,NEWMONT Corp /DE/,materials_realestate,extension,49521911826.0,2020-06-30,0001164727-21-000027,800314223.0,same_accn@2021-02-11,61.8780853854699,,,,,
2021-07-01,1166691,COMCAST CORP,consumer,core,176648000000.0,2020-06-30,0001166691-21-000008,,no_fact_within_400d,,,,,,
2021-07-01,1276187,Energy Transfer LP,energy,core,16460000000.0,2020-06-30,0001276187-21-000034,2702436307.0,same_accn@2021-02-12,6.090800348324361,,,,,
2021-07-01,1283699,"T-Mobile US, Inc.",utilities,extension,40700000000.0,2020-06-30,0001283699-21-000039,1242804085.0,same_accn@2021-02-17,32.74852447882001,,,,,
2021-07-01,1297996,"DIGITAL REALTY TRUST, INC.",materials_realestate,extension,38000000000.0,2020-06-30,0001558370-21-002191,281121062.0,same_accn@2021-02-22,135.17308069930385,,,,,
2021-07-01,1318605,"Tesla, Inc.",consumer,core,160570000000.0,2020-06-30,0001564590-21-022604,959853504.0,same_accn@2021-02-01,167.28594450179764,,,,,
2021-07-01,1326801,"Meta Platforms, Inc.",tech,core,563000000000.0,2020-06-30,0001326801-21-000014,,no_concept,,,,,,
2021-07-01,1341439,ORACLE CORP,tech,core,96373328000.0,2020-11-30,0001564590-21-033616,2792000000.0,same_accn@2021-06-15,34.5176676217765,,,,,
2021-07-01,1364742,"BlackRock Finance, Inc.",financials,core,81900000000.0,2020-06-30,0001564590-21-008796,152633854.0,same_accn@2021-01-31,536.5782089208074,,,,,
2021-07-01,1373715,"ServiceNow, Inc.",tech,core,57800000000.0,2020-06-30,0001373715-21-000061,196100000.0,same_accn@2021-01-31,294.7475777664457,,,,,
2021-07-01,1403161,VISA INC.,financials,core,272700000000.0,2020-03-31,0001403161-20-000070,,no_fact_within_400d,,,,,,
2021-07-01,1413329,Philip Morris International Inc.,consumer,core,109000000000.0,2020-06-30,0001413329-21-000007,1557451856.0,same_accn@2021-01-29,69.98611198162135,,,,,
2021-07-01,1506307,"KINDER MORGAN, INC.",energy,core,29459747400.0,2020-06-30,0001506307-21-000022,2264450220.0,same_accn@2021-02-04,13.009668810471798,,,,,
2021-07-01,1510295,Marathon Petroleum Corp,energy,core,24300000000.0,2020-06-30,0001510295-21-000027,651274842.0,same_accn@2021-02-12,37.31143663614754,,,,,
2021-07-01,1534701,Phillips 66,energy,core,31300000000.0,2020-06-30,0001534701-21-000074,436926058.0,same_accn@2021-01-29,71.63683517360734,,,,,
2021-07-01,1543151,"Uber Technologies, Inc",financials,core,52000000000.0,2020-06-30,0001543151-21-000014,1858167579.0,same_accn@2021-02-22,27.98455886738943,,,,,
2021-07-01,1551152,AbbVie Inc.,healthcare,core,171597270533.0,2020-06-30,0001551152-21-000008,1765881690.0,same_accn@2021-01-31,97.17370733539913,,,,,
2021-07-01,1552000,MPLX LP,energy,core,6800000000.0,2020-06-30,0001552000-21-000017,1037169607.0,same_accn@2021-02-15,6.5563047298203365,,,,,
2021-07-01,1555280,Zoetis Inc.,healthcare,core,65094000000.0,2020-06-30,0001555280-21-000098,475166373.0,same_accn@2021-02-11,136.99201732021555,,,,,
2021-07-01,1585521,"Zoom Communications, Inc.",tech,core,53700000000.0,2020-07-31,0001585521-21-000048,,no_concept,,,,,,
2021-07-01,1613103,Medtronic plc,healthcare,core,135300000000.0,2020-10-30,0001613103-21-000027,1343904180.0,same_accn@2021-06-23,100.67682057510976,,,,,
2021-07-01,1633917,"PayPal Holdings, Inc.",financials,core,204200000000.0,2020-06-30,0001633917-21-000018,,no_concept,,,,,,
2021-07-01,1652044,Alphabet Inc.,tech,core,849700000000.0,2020-06-30,0001652044-21-000010,,no_concept,,,,,,
2021-07-01,1666700,"DuPont de Nemours, Inc.",materials_realestate,extension,39000000000.0,2020-06-30,0001666700-21-000005,538089014.0,same_accn@2021-02-10,72.4787144604294,,,,,
2021-07-01,1707925,LINDE PLC,materials_realestate,extension,111000000000.0,2020-06-30,0001628280-21-003574,522836425.0,same_accn@2021-01-31,212.30349434816063,,,,,
2021-07-01,1730168,Broadcom Inc.,tech,core,101800000000.0,2020-05-01,0001730168-20-000226,406713118.0,same_accn@2020-11-27,250.29927851995174,,,,,
2021-07-01,1739940,Cigna Group,healthcare,core,68900000000.0,2020-06-30,0001739940-21-000007,351845606.0,same_accn@2021-01-31,195.8245287849353,,,,,
2021-07-01,1744489,Walt Disney Co,consumer,core,174000000000.0,2020-03-28,0001744489-20-000197,1810485037.0,same_accn@2020-11-18,96.10684233453844,,,,,
2021-07-01,1751788,DOW INC.,materials_realestate,extension,29600000000.0,2020-06-30,0001751788-21-000010,743914560.0,same_accn@2021-01-31,39.78951561319085,,,,,
2022-07-01,1800,ABBOTT LABORATORIES,healthcare,core,200631182471.0,2021-06-30,0001104659-22-025141,,no_concept,,,,,,
2022-07-01,2488,ADVANCED MICRO DEVICES INC,tech,core,103400000000.0,2021-06-26,0000002488-22-000016,1199303422.0,same_accn@2022-01-28,86.21671388843914,,,,,
2022-07-01,2969,"Air Products & Chemicals, Inc.",materials_realestate,extension,62100000000.0,2021-03-31,0000002969-21-000055,221460382.0,same_accn@2021-10-31,280.4113288308154,,,,,
2022-07-01,4447,HESS CORP,energy,core,24239000000.0,2021-06-30,0001628280-22-004524,309745523.0,same_accn@2022-01-31,78.25456124510313,,,,,
2022-07-01,4904,AMERICAN ELECTRIC POWER CO INC,utilities,extension,42651294349.0,2021-12-31,0000004904-22-000024,504212015.0,same_accn@2021-12-31,84.5900000002975,,,,,
2022-07-01,6951,APPLIED MATERIALS INC /DE,tech,core,120888771285.0,2021-05-02,0000006951-21-000043,888513248.0,same_accn@2021-12-10,136.05736499384193,,,,,
2022-07-01,10795,BECTON DICKINSON & CO,healthcare,core,70616222365.0,2021-03-31,0000010795-21-000091,284023582.0,same_accn@2021-10-31,248.62802541867808,,,,,
2022-07-01,12927,BOEING CO,industrials,extension,140400000000.0,2021-06-30,0000012927-22-000010,582999765.0,same_accn@2022-01-24,240.82342468868748,,,,,
2022-07-01,14272,BRISTOL MYERS SQUIBB CO,healthcare,core,148383155646.0,2021-06-30,0000014272-22-000051,2179712820.0,same_accn@2022-02-01,68.07463546780443,,,,,
2022-07-01,18230,CATERPILLAR INC,industrials,extension,118100000000.0,2021-06-30,0000018230-22-000050,535888051.0,same_accn@2021-12-31,220.3818498651316,,,,,
2022-07-01,19617,JPMORGAN CHASE & CO,financials,core,461141177226.0,2021-06-30,0000019617-22-000272,2952808970.0,same_accn@2022-01-31,156.1703387896441,,,,,
2022-07-01,21344,COCA COLA CO,consumer,core,232023179143.0,2021-07-02,0000021344-22-000009,,no_concept,,,,,,
2022-07-01,27419,TARGET CORP,consumer,core,127440308386.0,2021-07-30,0000027419-22-000007,462418075.0,same_accn@2022-03-03,275.595430360286,,,,,
2022-07-01,34088,EXXON MOBIL CORP,energy,core,267000000000.0,2021-06-30,0000034088-22-000011,4233592429.0,same_accn@2022-01-31,63.0670062075548,,,,,
2022-07-01,36104,US BANCORP \DE\,financials,core,84500000000.0,2021-06-30,0001193125-22-048709,1483901767.0,same_accn@2022-01-31,56.94447023325096,,,,,
2022-07-01,45012,HALLIBURTON CO,energy,core,18200000000.0,2021-06-30,0000045012-22-000013,898571517.0,same_accn@2022-01-28,20.254370025841805,,,,,
2022-07-01,50863,INTEL CORP,tech,core,226800000000.0,2021-06-25,0000050863-22-000007,4072000000.0,same_accn@2022-01-21,55.69744597249509,,,,,
2022-07-01,51143,INTERNATIONAL BUSINESS MACHINES CORP,tech,core,131400000000.0,2021-06-30,0001558370-22-001584,899309986.0,same_accn@2022-02-11,146.1120214893288,,,,,
2022-07-01,55785,KIMBERLY CLARK CORP,materials_realestate,extension,45100000000.0,2021-06-30,0000055785-22-000010,336993302.0,same_accn@2022-01-31,133.8305531069576,,,,,
2022-07-01,59478,ELI LILLY & Co,healthcare,core,193649000000.0,2021-06-30,0000059478-22-000068,952347126.0,same_accn@2022-02-18,203.33867212195483,,,,,
2022-07-01,60667,LOWES COMPANIES INC,consumer,core,134800000000.0,2021-07-30,0000060667-22-000038,661561297.0,same_accn@2022-03-17,203.76040831179398,,,,,
2022-07-01,63908,MCDONALDS CORP,consumer,core,172462195915.0,2021-06-30,0000063908-22-000011,743584718.0,same_accn@2022-01-31,231.93348617877325,,,,,
2022-07-01,64040,S&P Global Inc.,industrials,extension,98900000000.0,2021-06-30,0000064040-22-000055,,no_concept,,,,,,
2022-07-01,64803,CVS HEALTH Corp,consumer,core,109651334285.0,2021-06-30,0000064803-22-000008,1312510426.0,same_accn@2022-02-02,83.54321010551729,,,,,
2022-07-01,66740,3M CO,healthcare,core,114900000000.0,2021-06-30,0000066740-22-000010,571100000.0,same_accn@2022-01-31,201.19068464367012,,,,,
2022-07-01,70858,BANK OF AMERICA CORP /DE/,financials,core,349925254902.0,2021-06-30,0000070858-22-000062,8069801301.0,same_accn@2022-02-18,43.36231362457929,,,,,
2022-07-01,72903,XCEL ENERGY INC,utilities,extension,35463594471.0,2021-06-30,0000072903-22-000010,544213730.0,same_accn@2022-02-17,65.16482866207731,,,,,
2022-07-01,72971,WELLS FARGO & COMPANY/MN,financials,core,185700000000.0,2021-06-30,0000072971-22-000096,3814556833.0,same_accn@2022-02-11,48.68193295574894,,,,,
2022-07-01,77476,PEPSICO INC,consumer,core,203900000000.0,2021-06-11,0000077476-22-000010,1383451400.0,same_accn@2022-02-03,147.38501113953117,,,,,
2022-07-01,78003,PFIZER INC,healthcare,core,223000000000.0,2021-07-04,0000078003-22-000027,5623346471.0,same_accn@2022-02-22,39.65610178032368,,,,,
2022-07-01,80424,PROCTER & GAMBLE Co,consumer,core,341000000000.0,2020-12-31,0000080424-21-000100,2427424874.0,same_accn@2021-07-31,140.4780859141843,,,,,
2022-07-01,87347,SLB LIMITED/NV,energy,core,44720000000.0,2021-06-30,0001564590-22-002421,1403381685.0,same_accn@2021-12-31,31.86588543800185,,,,,
2022-07-01,92122,SOUTHERN CO,utilities,extension,64100000000.0,2021-06-30,0000092122-22-000003,1060226587.0,same_accn@2022-01-31,60.458774365747914,,,,,
2022-07-01,92230,TRUIST FINANCIAL CORP,financials,core,73900000000.0,2021-06-30,0000092230-22-000008,1328120453.0,same_accn@2022-01-31,55.64254344029743,,,,,
2022-07-01,93410,CHEVRON CORP,energy,core,202500000000.0,2021-06-30,0000093410-22-000019,1947553346.0,same_accn@2022-02-10,103.97661271559336,,,,,
2022-07-01,97476,TEXAS INSTRUMENTS INC,tech,core,177340424753.0,2021-06-30,0000097476-22-000009,923547062.0,same_accn@2022-01-25,192.02099389386612,,,,,
2022-07-01,97745,THERMO FISHER SCIENTIFIC INC.,industrials,extension,201672052000.0,2021-07-02,0000097745-22-000011,391191770.0,same_accn@2022-02-05,515.5324510022284,,,,,
2022-07-01,100885,UNION PACIFIC CORP,industrials,extension,142000000000.0,2021-06-30,0001437749-22-002494,636898957.0,same_accn@2022-01-28,222.95530309684585,,,,,
2022-07-01,101829,RTX Corp,industrials,extension,128558489983.0,2021-06-30,0000101829-22-000005,1492330987.0,same_accn@2022-01-31,86.14609701393275,,,,,
2022-07-01,104169,Walmart Inc.,consumer,core,206032159403.0,2021-07-30,0000104169-22-000012,2751779629.0,same_accn@2022-03-16,74.87233251954567,,,,,
2022-07-01,107263,"WILLIAMS COMPANIES, INC.",energy,core,31296220520.0,2021-06-30,0000107263-22-000007,1215592791.0,same_accn@2022-02-18,25.745645048005226,,,,,
2022-07-01,200406,JOHNSON & JOHNSON,healthcare,core,445000000000.0,2021-07-04,0000200406-22-000022,2629268158.0,same_accn@2022-02-10,169.24861720399687,,,,,
2022-07-01,310158,"Merck & Co., Inc.",healthcare,core,196870000000.0,2021-06-30,0000310158-22-000003,2527733606.0,same_accn@2022-01-31,77.88399835041794,,,,,
2022-07-01,310764,STRYKER CORP,healthcare,core,91942474363.0,2021-06-30,0000310764-22-000028,377544686.0,same_accn@2022-01-31,243.52739628548235,,,,,
2022-07-01,313616,DANAHER CORP /DE/,industrials,extension,173700000000.0,2021-07-02,0000313616-22-000061,715352586.0,same_accn@2022-02-04,242.81732309275526,,,,,
2022-07-01,315189,DEERE & CO,industrials,extension,115521151966.0,2021-04-30,0001558370-21-016864,307407282.0,same_accn@2021-11-30,375.7918524714714,,,,,
2022-07-01,316709,SCHWAB CHARLES CORP,financials,core,122900000000.0,2021-06-30,0000316709-22-000009,1288641882.0,nearest@2020-07-31(334d),95.37172562578561,,,,,
2022-07-01,318154,AMGEN INC,healthcare,core,137531019585.0,2021-06-30,0000318154-22-000010,557029370.0,same_accn@2022-02-11,246.9008404081099,,,,,
2022-07-01,320187,"NIKE, Inc.",consumer,core,180448113046.0,2020-11-30,0000320187-21-000028,,no_fact_within_400d,,,,,,
2022-07-01,320193,Apple Inc.,tech,core,2021360000000.0,2021-03-26,0000320193-21-000105,16406397000.0,same_accn@2021-10-15,123.20560083972124,,,,,
2022-07-01,354950,"HOME DEPOT, INC.",consumer,core,346500000000.0,2021-07-30,0000354950-22-000070,1033349933.0,same_accn@2022-03-04,335.317194044856,,,,,
2022-07-01,713676,"PNC FINANCIAL SERVICES GROUP, INC.",financials,core,80800000000.0,2021-06-30,0000713676-22-000019,418454799.0,same_accn@2022-02-04,193.0913450941209,,,,,
2022-07-01,715957,"DOMINION ENERGY, INC",utilities,extension,59300000000.0,2021-06-30,0001564590-22-006589,810463489.0,same_accn@2022-02-11,73.16800917604321,,,,,
2022-07-01,731766,UNITEDHEALTH GROUP INC,healthcare,core,376162785060.0,2021-06-30,0000731766-22-000008,940899146.0,same_accn@2022-01-31,399.7907604222653,,,,,
2022-07-01,732712,VERIZON COMMUNICATIONS INC,utilities,extension,232001885386.0,2021-06-30,0000732712-22-000008,4197823662.0,same_accn@2022-01-31,55.26718225116336,,,,,
2022-07-01,732717,AT&T INC.,utilities,extension,205000000000.0,2021-06-30,0000732717-22-000015,7142892741.0,same_accn@2022-02-11,28.69985696737484,,,,,
2022-07-01,753308,NEXTERA ENERGY INC,utilities,extension,143450834024.0,2021-06-30,0000753308-22-000014,1962744998.0,same_accn@2022-01-31,73.0868422388918,,,,,
2022-07-01,764180,"ALTRIA GROUP, INC.",consumer,core,88000000000.0,2021-06-30,0000764180-22-000071,1817257322.0,same_accn@2022-02-15,48.42462260828904,,,,,
2022-07-01,773840,HONEYWELL INTERNATIONAL INC,industrials,extension,152800000000.0,2021-06-30,0000773840-22-000018,685818771.0,same_accn@2022-01-28,222.7993844163825,,,,,
2022-07-01,789019,MICROSOFT CORP,tech,core,1700000000000.0,2020-12-31,0001564590-21-039151,7514891248.0,same_accn@2021-07-26,226.21751185719887,,,,,
2022-07-01,797468,OCCIDENTAL PETROLEUM CORP /DE/,energy,core,29200000000.0,2021-06-30,0000797468-22-000008,934063989.0,same_accn@2022-01-31,31.261241567894338,,,,,
2022-07-01,798354,FISERV INC,financials,core,70526209592.0,2021-06-30,0000798354-22-000004,652196905.0,same_accn@2022-02-18,108.13637576522999,,,,,
2022-07-01,804328,QUALCOMM INC/DE,tech,core,149900000000.0,2021-03-26,0001728949-21-000076,1120000000.0,same_accn@2021-11-01,133.83928571428572,,,,,
2022-07-01,821189,EOG RESOURCES INC,energy,core,48608000000.0,2021-06-30,0000821189-22-000017,585419164.0,same_accn@2022-02-11,83.0311048717223,,,,,
2022-07-01,823768,WASTE MANAGEMENT INC,utilities,extension,58900000000.0,2021-06-30,0001558370-22-004593,414586718.0,same_accn@2022-02-09,142.0691919030556,,,,,
2022-07-01,829224,STARBUCKS CORP,consumer,core,129300000000.0,2021-03-28,0000829224-21-000086,1173200000.0,same_accn@2021-11-12,110.21138765768838,,,,,
2022-07-01,831001,CITIGROUP INC,financials,core,143200000000.0,2021-06-30,0000831001-22-000036,1980894613.0,same_accn@2022-01-31,72.29056965485321,,,,,
2022-07-01,831259,FREEPORT-MCMORAN INC,materials_realestate,extension,48600000000.0,2021-06-30,0000831259-22-000012,1454781055.0,same_accn@2022-01-31,33.40708887633954,,,,,
2022-07-01,858877,"CISCO SYSTEMS, INC.",tech,core,189000000000.0,2021-01-22,0000858877-21-000013,4217735917.0,same_accn@2021-09-03,44.810771399465025,,,,,
2022-07-01,882095,"GILEAD SCIENCES, INC.",healthcare,core,62600000000.0,2021-06-30,0000882095-22-000007,1253886724.0,same_accn@2022-02-18,49.92476497422426,,,,,
2022-07-01,886982,GOLDMAN SACHS GROUP INC,financials,core,127400000000.0,2021-06-30,0001193125-22-052682,337922970.0,same_accn@2022-02-11,377.00899705042247,,,,,
2022-07-01,895421,MORGAN STANLEY,financials,core,162040978089.0,2021-06-30,0000895421-22-000400,1781299489.0,same_accn@2022-01-31,90.96784627719612,,,,,
2022-07-01,895728,ENBRIDGE INC,energy,core,77700000000.0,2021-06-30,0001193125-22-068180,2026274277.0,same_accn@2022-02-04,38.34624013242606,,,,,
2022-07-01,896878,INTUIT INC.,tech,core,96200000000.0,2021-01-31,0000896878-21-000233,273091929.0,same_accn@2021-08-31,352.2623328791236,,,,,
2022-07-01,936468,LOCKHEED MARTIN CORP,industrials,extension,105300000000.0,2021-06-25,0000936468-22-000008,272326925.0,same_accn@2022-01-19,386.6676054892479,,,,,
2022-07-01,1018724,AMAZON COM INC,consumer,core,1507362696975.0,2021-06-30,0001018724-22-000005,508844410.0,same_accn@2022-01-26,2962.3253539819766,,,implied_price_out_of_band,3.584273644628807,corroborated by balance sheet
2022-07-01,1032208,SEMPRA,utilities,extension,41700000000.0,2021-06-30,0001032208-22-000007,315653893.0,same_accn@2022-02-18,132.10671854441534,,,,,
2022-07-01,1035002,VALERO ENERGY CORP/TX,energy,core,31900000000.0,2021-06-30,0001035002-22-000007,409303630.0,same_accn@2022-02-18,77.937251619293,,,,,
2022-07-01,1035267,INTUITIVE SURGICAL INC,healthcare,core,108700000000.0,2021-06-30,0001035267-22-000014,357744031.0,same_accn@2022-01-26,303.84853577053815,,,,,
2022-07-01,1038357,PIONEER NATURAL RESOURCES CO,energy,core,39435041959.0,2021-06-30,0001038357-22-000039,242884015.0,same_accn@2022-02-18,162.3616192238917,,,,,
2022-07-01,1039684,ONEOK INC /NEW/,energy,core,24400000000.0,2021-06-30,0001039684-22-000015,446213285.0,same_accn@2022-02-22,54.6823701136554,,,,,
2022-07-01,1045609,"Prologis, Inc.",materials_realestate,extension,87997816686.0,2021-06-30,0001564590-22-004436,740000000.0,same_accn@2022-02-07,118.9159684945946,,,,,
2022-07-01,1045810,NVIDIA CORP,tech,core,467250000000.0,2021-07-30,0001045810-22-000036,2510000000.0,same_accn@2022-03-11,186.15537848605578,,,,,
2022-07-01,1051470,CROWN CASTLE INC.,materials_realestate,extension,84000000000.0,2021-06-30,0001051470-22-000019,432214568.0,same_accn@2022-02-18,194.34791471443415,,,,,
2022-07-01,1053507,AMERICAN TOWER CORP /MA/,materials_realestate,extension,122500000000.0,2021-06-30,0001053507-22-000017,,no_concept,,,,,,
2022-07-01,1060391,"REPUBLIC SERVICES, INC.",utilities,extension,35000000000.0,2021-06-30,0001060391-22-000007,316431349.0,same_accn@2022-02-03,110.60850990462389,,,,,
2022-07-01,1061219,ENTERPRISE PRODUCTS PARTNERS L.P.,energy,core,35790000000.0,2021-06-30,0001061219-22-000008,2176379587.0,same_accn@2022-01-31,16.44474163136874,,,,,
2022-07-01,1063761,SIMON PROPERTY GROUP INC.,materials_realestate,extension,42527000000.0,2021-06-30,0001558370-22-001845,,no_fact_within_400d,,,,,,
2022-07-01,1065280,NETFLIX INC,consumer,core,229758549359.0,2021-06-30,0001065280-22-000036,443963107.0,same_accn@2021-12-31,517.5172119853644,,,,,
2022-07-01,1067983,BERKSHIRE HATHAWAY INC,financials,core,503600000000.0,2021-06-30,0001564590-22-007322,,no_fact_within_400d,,,,,,
2022-07-01,1075531,Booking Holdings Inc.,industrials,extension,89700000000.0,2021-06-30,0001075531-22-000008,40887702.0,same_accn@2022-02-16,2193.8136802112285,,,implied_price_out_of_band,3.7942557421428873,corroborated by balance sheet
2022-07-01,1090012,DEVON ENERGY CORP/DE,energy,core,19600000000.0,2021-06-30,0001564590-22-005321,664200000.0,same_accn@2022-02-02,29.509183980728697,,,,,
2022-07-01,1090727,UNITED PARCEL SERVICE INC,industrials,extension,151320492469.0,2021-06-30,0001090727-22-000007,,no_fact_within_400d,,,,,,
2022-07-01,1091667,"CHARTER COMMUNICATIONS, INC. /MO/",consumer,core,90200000000.0,2021-06-30,0001091667-22-000024,,no_fact_within_400d,,,,,,
2022-07-01,1099590,MERCADOLIBRE INC,financials,core,71151553526.0,2021-06-30,0001562762-22-000049,50418980.0,same_accn@2022-02-18,1411.2057309767076,,,implied_price_out_of_band,7.043900662280503,corroborated by balance sheet
2022-07-01,1099800,Edwards Lifesciences Corp,healthcare,core,64028235982.0,2021-06-30,0001099800-22-000005,623207437.0,same_accn@2022-01-31,102.73984580514562,,,,,
2022-07-01,1101239,EQUINIX INC,materials_realestate,extension,72000000000.0,2021-06-30,0001628280-22-003171,90721039.0,same_accn@2022-02-17,793.641704213727,,,,,
2022-07-01,1103982,"Mondelez International, Inc.",consumer,core,85800000000.0,2021-06-30,0001103982-22-000003,,no_concept,,,,,,
2022-07-01,1108524,"Salesforce, Inc.",tech,core,194400000000.0,2021-07-31,0001108524-22-000013,990000000.0,same_accn@2022-03-01,196.36363636363637,,,,,
2022-07-01,1109357,EXELON CORP,utilities,extension,43290833498.0,2021-06-30,0001109357-22-000039,980136968.0,same_accn@2022-01-31,44.16814681149747,,,,,
2022-07-01,1136893,"Fidelity National Information Services, Inc.",financials,core,87314922669.0,2021-06-30,0001136893-22-000038,609590707.0,same_accn@2022-02-21,143.2353244010329,,,,,
2022-07-01,1141391,Mastercard Inc,financials,core,317900000000.0,2021-06-30,0001141391-22-000023,,no_fact_within_400d,,,,,,
2022-07-01,1156039,"Elevance Health, Inc.",healthcare,core,93007966095.0,2021-06-30,0001156039-22-000009,241304369.0,same_accn@2022-02-03,385.43838423000125,,,,,
2022-07-01,1156375,CME GROUP INC.,financials,core,76000000000.0,2021-06-30,0001156375-22-000076,,no_fact_within_400d,,,,,,
2022-07-01,1163165,CONOCOPHILLIPS,energy,core,81500000000.0,2021-06-30,0001562762-22-000031,1299526916.0,same_accn@2022-01-31,62.715130403655294,,,,,
2022-07-01,1164727,NEWMONT Corp /DE/,materials_realestate,extension,50629300966.0,2021-06-30,0001164727-22-000007,792502327.0,same_accn@2022-02-17,63.88536568423224,,,,,
2022-07-01,1166691,COMCAST CORP,consumer,core,259633000000.0,2021-06-30,0001166691-22-000009,,no_fact_within_400d,,,,,,
2022-07-01,1276187,Energy Transfer LP,energy,core,28650000000.0,2021-06-30,0001276187-22-000020,3082828515.0,same_accn@2022-02-11,9.293413454753905,,,,,
2022-07-01,1283699,"T-Mobile US, Inc.",utilities,extension,86100000000.0,2021-06-30,0001283699-22-000018,1249289954.0,same_accn@2022-02-07,68.91914861263665,,,,,
2022-07-01,1297996,"DIGITAL REALTY TRUST, INC.",materials_realestate,extension,42000000000.0,2021-06-30,0001558370-22-002195,284469103.0,same_accn@2022-02-22,147.64345075465013,,,,,
2022-07-01,1318605,"Tesla, Inc.",consumer,core,541280000000.0,2021-06-30,0001564590-22-016871,1033507611.0,same_accn@2022-01-31,523.7310245603987,,,,,
2022-07-01,1326801,"Meta Platforms, Inc.",tech,core,857000000000.0,2021-06-30,0001326801-22-000018,,no_concept,,,,,,
2022-07-01,1341439,ORACLE CORP,tech,core,137902273000.0,2021-11-30,0001564590-22-023675,2664926000.0,same_accn@2022-06-13,51.74713031431267,,,,,
2022-07-01,1364742,"BlackRock Finance, Inc.",financials,core,131800000000.0,2021-06-30,0001564590-22-007117,152042401.0,same_accn@2022-01-31,866.8634481771963,,,,,
2022-07-01,1373715,"ServiceNow, Inc.",tech,core,82900000000.0,2021-06-30,0001373715-22-000024,200000000.0,same_accn@2022-01-31,414.5,,,,,
2022-07-01,1403161,VISA INC.,financials,core,358600000000.0,2021-03-31,0001403161-21-000060,,no_fact_within_400d,,,,,,
2022-07-01,1413329,Philip Morris International Inc.,consumer,core,154000000000.0,2021-06-30,0001413329-22-000011,1549827817.0,same_accn@2022-01-31,99.36587684824087,,,,,
2022-07-01,1506307,"KINDER MORGAN, INC.",energy,core,36152128132.0,2021-06-30,0001506307-22-000018,2267484557.0,same_accn@2022-02-04,15.943715259446417,,,,,
2022-07-01,1510295,Marathon Petroleum Corp,energy,core,38500000000.0,2021-06-30,0001510295-22-000011,565212958.0,same_accn@2022-02-15,68.11591888521423,,,,,
2022-07-01,1512673,"Block, Inc.",tech,core,95200000000.0,2021-06-30,0001628280-22-003825,,no_concept,,,,,,
2022-07-01,1534701,Phillips 66,energy,core,37500000000.0,2021-06-30,0001534701-22-000078,438461584.0,same_accn@2022-01-31,85.52630690674145,,,,,
2022-07-01,1539838,"Diamondback Energy, Inc.",energy,core,16900000000.0,2021-06-30,0001539838-22-000008,177414969.0,same_accn@2022-02-18,95.25690022243839,,,,,
2022-07-01,1543151,"Uber Technologies, Inc",financials,core,90500000000.0,2021-06-30,0001543151-22-000008,1954464088.0,same_accn@2022-02-22,46.304253199458124,,,,,
2022-07-01,1551152,AbbVie Inc.,healthcare,core,197245909217.0,2021-06-30,0001551152-22-000007,1768753829.0,same_accn@2022-01-31,111.5168804064254,,,,,
2022-07-01,1555280,Zoetis Inc.,healthcare,core,88374000000.0,2021-06-30,0001555280-22-000078,471970580.0,same_accn@2022-02-11,187.24472190618323,,,,,
2022-07-01,1564408,Snap Inc,tech,core,81700000000.0,2021-06-30,0001564590-22-003868,,no_concept,,,,,,
2022-07-01,1585521,"Zoom Communications, Inc.",tech,core,93200000000.0,2021-07-31,0001585521-22-000037,,no_concept,,,,,,
2022-07-01,1613103,Medtronic plc,healthcare,core,161200000000.0,2021-10-29,0001613103-22-000023,1328709310.0,same_accn@2022-06-20,121.3207424579572,,,,,
2022-07-01,1633917,"PayPal Holdings, Inc.",financials,core,342200000000.0,2021-06-30,0001633917-22-000027,,no_concept,,,,,,
2022-07-01,1652044,Alphabet Inc.,tech,core,1451100000000.0,2021-06-30,0001652044-22-000019,,no_concept,,,,,,
2022-07-01,1682852,"Moderna, Inc.",healthcare,core,80800000000.0,2021-06-30,0001682852-22-000012,402872986.0,same_accn@2022-02-18,200.5594884934777,,,,,
2022-07-01,1707925,LINDE PLC,materials_realestate,extension,149000000000.0,2021-06-30,0001628280-22-004180,507744577.0,same_accn@2022-01-31,293.4546359517297,,,,,
2022-07-01,1730168,Broadcom Inc.,tech,core,182800000000.0,2021-04-30,0001730168-21-000153,412873968.0,same_accn@2021-11-26,442.75012272025833,,,,,
2022-07-01,1739940,Cigna Group,healthcare,core,80800000000.0,2021-06-30,0001739940-22-000007,320953245.0,same_accn@2022-01-31,251.75006409422656,,,,,
2022-07-01,1744489,Walt Disney Co,consumer,core,343000000000.0,2021-04-03,0001744489-21-000220,1817655948.0,same_accn@2021-11-17,188.70457876112866,,,,,
2022-07-01,1751788,DOW INC.,materials_realestate,extension,47100000000.0,2021-06-30,0001751788-22-000011,735747193.0,same_accn@2022-01-31,64.01655412092072,,,,,
2023-07-01,1800,ABBOTT LABORATORIES,healthcare,core,186105046190.0,2022-06-30,0001628280-23-004026,,no_concept,,,,,,
2023-07-01,2488,ADVANCED MICRO DEVICES INC,tech,core,139800000000.0,2022-06-25,0000002488-23-000047,1611388217.0,same_accn@2023-02-22,86.75749178573024,,,,,
2023-07-01,2969,"Air Products & Chemicals, Inc.",materials_realestate,extension,55300000000.0,2022-03-31,0000002969-22-000054,221865971.0,same_accn@2022-10-31,249.24957960317403,,,,,
2023-07-01,4447,HESS CORP,energy,core,29523000000.0,2022-06-30,0001628280-23-005059,306180424.0,same_accn@2023-01-31,96.42353882167203,,,,,
2023-07-01,4904,AMERICAN ELECTRIC POWER CO INC,utilities,extension,49300311811.0,2022-06-30,0000004904-23-000011,513866081.0,same_accn@2022-12-31,95.93999999972756,,,,,
2023-07-01,6951,APPLIED MATERIALS INC /DE,tech,core,95725229751.0,2022-05-01,0000006951-22-000043,844139722.0,same_accn@2022-12-09,113.39974563002498,,,,,
2023-07-01,8670,AUTOMATIC DATA PROCESSING INC,tech,core,103548812666.0,2021-12-31,0000008670-22-000038,415516984.0,same_accn@2022-07-29,249.20476575754122,,,,,
2023-07-01,10795,BECTON DICKINSON & CO,healthcare,core,74865947637.0,2022-03-31,0001628280-22-030686,283375793.0,same_accn@2022-10-31,264.19316499980647,,,,,
2023-07-01,12927,BOEING CO,industrials,extension,81100000000.0,2022-06-30,0000012927-23-000007,598239585.0,same_accn@2023-01-20,135.56441605247502,,,,,
2023-07-01,14272,BRISTOL MYERS SQUIBB CO,healthcare,core,164301052839.0,2022-06-30,0000014272-23-000046,2098775978.0,same_accn@2023-02-07,78.28422593037702,,,,,
2023-07-01,18230,CATERPILLAR INC,industrials,extension,94700000000.0,2022-06-30,0000018230-23-000011,516345490.0,same_accn@2022-12-31,183.40433263007682,,,,,
2023-07-01,19617,JPMORGAN CHASE & CO,financials,core,327588442114.0,2022-06-30,0000019617-23-000231,2943355459.0,same_accn@2023-01-31,111.29761480636715,,,,,
2023-07-01,21344,COCA COLA CO,consumer,core,276302826050.0,2022-07-01,0000021344-23-000011,,no_concept,,,,,,
2023-07-01,27419,TARGET CORP,consumer,core,75322105637.0,2022-07-29,0000027419-23-000015,460363991.0,same_accn@2023-03-02,163.61424244625596,,,,,
2023-07-01,34088,EXXON MOBIL CORP,energy,core,356000000000.0,2022-06-30,0000034088-23-000020,4070984988.0,same_accn@2023-01-31,87.44812399195219,,,,,
2023-07-01,36104,US BANCORP \DE\,financials,core,68400000000.0,2022-06-30,0001193125-23-050691,1531119852.0,same_accn@2023-01-31,44.673184735116344,,,,,
2023-07-01,45012,HALLIBURTON CO,energy,core,25200000000.0,2022-06-30,0000045012-23-000011,904081200.0,same_accn@2023-01-31,27.873602503845895,,,,,
2023-07-01,49071,HUMANA INC,healthcare,core,59158438222.0,2022-06-30,0000049071-23-000011,,no_concept,,,,,,
2023-07-01,50863,INTEL CORP,tech,core,149200000000.0,2022-07-01,0000050863-23-000006,4137000000.0,same_accn@2023-01-20,36.064781242446216,,,,,
2023-07-01,51143,INTERNATIONAL BUSINESS MACHINES CORP,tech,core,127500000000.0,2022-06-30,0001558370-23-002376,907105611.0,same_accn@2023-02-10,140.55695219373965,,,,,
2023-07-01,55785,KIMBERLY CLARK CORP,materials_realestate,extension,45600000000.0,2022-06-30,0000055785-23-000012,337507349.0,same_accn@2023-01-31,135.1081691557478,,,,,
2023-07-01,59478,ELI LILLY & Co,healthcare,core,274342000000.0,2022-06-30,0000059478-23-000082,950296118.0,same_accn@2023-02-17,288.6910667144281,,,,,
2023-07-01,60667,LOWES COMPANIES INC,consumer,core,120800000000.0,2022-07-29,0000060667-23-000034,596356261.0,same_accn@2023-03-23,202.56348075802293,,,,,
2023-07-01,62709,"MARSH & MCLENNAN COMPANIES, INC.",financials,core,77420628314.0,2022-06-30,0000062709-23-000014,494571451.0,same_accn@2023-02-09,156.54083582353806,,,,,
2023-07-01,63908,MCDONALDS CORP,consumer,core,181588534180.0,2022-06-30,0000063908-23-000012,731496951.0,same_accn@2023-01-31,248.24236646749878,,,,,
2023-07-01,64040,S&P Global Inc.,industrials,extension,113300000000.0,2022-06-30,0000064040-23-000058,,no_concept,,,,,,
2023-07-01,64803,CVS HEALTH Corp,consumer,core,121258020752.0,2022-06-30,0000064803-23-000009,1284111667.0,same_accn@2023-02-01,94.42949851494497,,,,,
2023-07-01,66740,3M CO,healthcare,core,73700000000.0,2022-06-30,0000066740-23-000014,550500000.0,same_accn@2023-01-31,133.87829246139873,,,,,
2023-07-01,70858,BANK OF AMERICA CORP /DE/,financials,core,250136457342.0,2022-06-30,0000070858-23-000092,8003839222.0,same_accn@2023-02-21,31.25205921858784,,,,,
2023-07-01,72903,XCEL ENERGY INC,utilities,extension,38692119433.0,2022-06-30,0000072903-23-000007,549847034.0,same_accn@2023-02-16,70.36887905264211,,,,,
2023-07-01,72971,WELLS FARGO & COMPANY/MN,financials,core,148300000000.0,2022-06-30,0000072971-23-000071,3793867540.0,same_accn@2023-02-10,39.08939846645252,,,,,
2023-07-01,77476,PEPSICO INC,consumer,core,224200000000.0,2021-06-11,0000077476-23-000007,1377251316.0,same_accn@2023-02-02,162.78800927281162,,,,,
2023-07-01,78003,PFIZER INC,healthcare,core,294000000000.0,2022-07-03,0000078003-23-000024,5619074621.0,same_accn@2023-02-21,52.32178246952667,,,,,
2023-07-01,80424,PROCTER & GAMBLE Co,consumer,core,392000000000.0,2021-12-31,0000080424-22-000064,2389553883.0,same_accn@2022-07-31,164.04735745396036,,,,,
2023-07-01,80661,PROGRESSIVE CORP/OH/,financials,core,67446094306.0,2022-06-30,0000080661-23-000006,585340036.0,same_accn@2023-01-31,115.22549314566277,,,,,
2023-07-01,87347,SLB LIMITED/NV,energy,core,50510000000.0,2022-06-30,0001564590-23-000762,1420188492.0,same_accn@2022-12-31,35.56570151393679,,,,,
2023-07-01,92122,SOUTHERN CO,utilities,extension,75800000000.0,2022-06-30,0000092122-23-000012,1088907919.0,same_accn@2023-01-31,69.61102833158843,,,,,
2023-07-01,93410,CHEVRON CORP,energy,core,283400000000.0,2022-06-30,0000093410-23-000009,1906674044.0,same_accn@2023-02-10,148.63578853019726,,,,,
2023-07-01,97476,TEXAS INSTRUMENTS INC,tech,core,140429302063.0,2022-06-30,0000097476-23-000007,906205795.0,same_accn@2023-01-24,154.96403006670246,,,,,
2023-07-01,97745,THERMO FISHER SCIENTIFIC INC.,industrials,extension,214582365000.0,2022-07-01,0000097745-23-000008,385430077.0,same_accn@2023-02-04,556.7348730804939,,,,,
2023-07-01,100885,UNION PACIFIC CORP,industrials,extension,131500000000.0,2022-06-30,0001437749-23-002959,611872981.0,same_accn@2023-02-03,214.9138858608957,,,,,
2023-07-01,101829,RTX Corp,industrials,extension,141816683821.0,2022-06-30,0000101829-23-000009,1464954584.0,same_accn@2023-01-31,96.80619820566396,,,,,
2023-07-01,104169,Walmart Inc.,consumer,core,186168142989.0,2022-07-29,0000104169-23-000020,2695655933.0,same_accn@2023-03-15,69.0622793176031,,,,,
2023-07-01,107263,"WILLIAMS COMPANIES, INC.",energy,core,36889420649.0,2022-06-30,0000107263-23-000007,1218562959.0,same_accn@2023-02-17,30.272888550028544,,,,,
2023-07-01,200406,JOHNSON & JOHNSON,healthcare,core,472000000000.0,2022-07-03,0000200406-23-000016,2604286303.0,same_accn@2023-02-10,181.23967378558993,,,,,
2023-07-01,310158,"Merck & Co., Inc.",healthcare,core,230820000000.0,2022-06-30,0001628280-23-005061,2538592467.0,same_accn@2023-01-31,90.92440121859072,,,,,
2023-07-01,310764,STRYKER CORP,healthcare,core,70965162853.0,2022-06-30,0000310764-23-000017,378831249.0,same_accn@2023-01-31,187.32658153287667,,,,,
2023-07-01,313616,DANAHER CORP /DE/,industrials,extension,167300000000.0,2022-07-01,0000313616-23-000087,728576886.0,same_accn@2023-02-03,229.6257309485934,,,,,
2023-07-01,315189,DEERE & CO,industrials,extension,115295045197.0,2022-04-29,0001558370-22-018703,298237257.0,same_accn@2022-11-30,386.5883369394053,,,,,
2023-07-01,316709,SCHWAB CHARLES CORP,financials,core,107700000000.0,2022-06-30,0000316709-23-000009,,no_fact_within_400d,,,,,,
2023-07-01,318154,AMGEN INC,healthcare,core,129940091621.0,2022-06-30,0000318154-23-000017,533976238.0,same_accn@2023-02-06,243.34433327536945,,,,,
2023-07-01,320187,"NIKE, Inc.",consumer,core,227999911203.0,2021-11-30,0000320187-22-000038,,no_fact_within_400d,,,,,,
2023-07-01,320193,Apple Inc.,tech,core,2830067000000.0,2022-03-25,0000320193-22-000108,15908118000.0,same_accn@2022-10-14,177.90080511095027,,,,,
2023-07-01,354950,"HOME DEPOT, INC.",consumer,core,308000000000.0,2022-07-29,0000354950-23-000059,1014955506.0,same_accn@2023-03-01,303.46157854135527,,,,,
2023-07-01,707549,LAM RESEARCH CORP,tech,core,77032123135.0,2021-12-26,0000707549-22-000107,136987792.0,same_accn@2022-08-22,562.3283798530018,,,,,
2023-07-01,713676,"PNC FINANCIAL SERVICES GROUP, INC.",financials,core,64600000000.0,2022-06-30,0000713676-23-000020,399682159.0,same_accn@2023-02-03,161.628430354831,,,,,
2023-07-01,715957,"DOMINION ENERGY, INC",utilities,extension,66300000000.0,2022-06-30,0000950170-23-003287,835193617.0,same_accn@2023-02-15,79.38279058950232,,,,,
2023-07-01,718877,"Activision Blizzard, Inc.",tech,core,60436471136.0,2022-06-30,0001628280-23-004842,784274126.0,same_accn@2023-02-16,77.06039142747392,,,,,
2023-07-01,726728,REALTY INCOME CORP,materials_realestate,extension,42100000000.0,2022-06-30,0000726728-23-000044,660520906.0,same_accn@2023-02-15,63.73757381117623,,,,,
2023-07-01,731766,UNITEDHEALTH GROUP INC,healthcare,core,479550880245.0,2022-06-30,0000731766-23-000008,932846602.0,same_accn@2023-01-31,514.0726023087342,,,,,
2023-07-01,732712,VERIZON COMMUNICATIONS INC,utilities,extension,213158526305.0,2022-06-30,0000732712-23-000012,4199882937.0,same_accn@2023-01-31,50.75344467987966,,,,,
2023-07-01,732717,AT&T INC.,utilities,extension,149000000000.0,2022-06-30,0000732717-23-000011,7129870323.0,same_accn@2023-02-08,20.897995790939717,,,,,
2023-07-01,753308,NEXTERA ENERGY INC,utilities,extension,152043646294.0,2022-06-30,0000753308-23-000019,1987495306.0,same_accn@2023-01-31,76.50012849590097,,,,,
2023-07-01,764180,"ALTRIA GROUP, INC.",consumer,core,75000000000.0,2022-06-30,0000764180-23-000093,1785563827.0,same_accn@2023-02-15,42.00353908715244,,,,,
2023-07-01,766704,WELLTOWER INC.,materials_realestate,extension,38131759000.0,2022-06-30,0000766704-23-000010,,no_concept,,,,,,
2023-07-01,773840,HONEYWELL INTERNATIONAL INC,industrials,extension,118000000000.0,2022-06-30,0000773840-23-000013,668140252.0,same_accn@2023-01-27,176.6096259681717,,,,,
2023-07-01,789019,MICROSOFT CORP,tech,core,2500000000000.0,2021-12-31,0001564590-22-026876,7457891872.0,same_accn@2022-07-25,335.215372240248,,,,,
2023-07-01,797468,OCCIDENTAL PETROLEUM CORP /DE/,energy,core,53000000000.0,2022-06-30,0000797468-23-000031,900072447.0,same_accn@2023-01-31,58.88414891118204,,,,,
2023-07-01,804328,QUALCOMM INC/DE,tech,core,177100000000.0,2022-03-27,0000804328-22-000021,1121000000.0,same_accn@2022-10-31,157.98394290811774,,,,,
2023-07-01,821189,EOG RESOURCES INC,energy,core,64556000000.0,2022-06-30,0000821189-23-000015,587723622.0,same_accn@2023-02-16,109.84074415848475,,,,,
2023-07-01,823768,WASTE MANAGEMENT INC,utilities,extension,63100000000.0,2022-06-30,0001558370-23-000964,408152162.0,same_accn@2023-01-31,154.59920557764926,,,,,
2023-07-01,829224,STARBUCKS CORP,consumer,core,104800000000.0,2022-04-03,0000829224-22-000058,1147800000.0,same_accn@2022-11-11,91.30510541906256,,,,,
2023-07-01,831001,CITIGROUP INC,financials,core,88900000000.0,2022-06-30,0000831001-23-000037,1943712436.0,same_accn@2023-01-31,45.737218301154094,,,,,
2023-07-01,831259,FREEPORT-MCMORAN INC,materials_realestate,extension,41800000000.0,2022-06-30,0000831259-23-000013,1430693689.0,same_accn@2023-01-31,29.21659634160866,,,,,
2023-07-01,858877,"CISCO SYSTEMS, INC.",tech,core,230800000000.0,2022-01-28,0000858877-22-000013,4108844167.0,same_accn@2022-09-02,56.17151457182533,,,,,
2023-07-01,872589,"REGENERON PHARMACEUTICALS, INC.",healthcare,core,62000000000.0,2022-06-30,0001804220-23-000008,,no_fact_within_400d,,,,,,
2023-07-01,875320,VERTEX PHARMACEUTICALS INC / MA,healthcare,core,71800000000.0,2022-06-30,0000875320-23-000007,257091441.0,same_accn@2023-01-31,279.2780643366498,,,,,
2023-07-01,886982,GOLDMAN SACHS GROUP INC,financials,core,101100000000.0,2022-06-30,0000886982-23-000003,335423289.0,same_accn@2023-02-10,301.41019814518603,,,,,
2023-07-01,895421,MORGAN STANLEY,financials,core,125979662346.0,2022-06-30,0000895421-23-000284,1681940155.0,same_accn@2023-01-31,74.90139406654454,,,,,
2023-07-01,895728,ENBRIDGE INC,energy,core,85600000000.0,2022-06-30,0001193125-23-060793,2024907965.0,same_accn@2023-02-03,42.27352624394462,,,,,
2023-07-01,896159,Chubb Ltd,financials,core,82000000000.0,2022-06-30,0000896159-23-000007,,no_concept,,,,,,
2023-07-01,896878,INTUIT INC.,tech,core,152800000000.0,2022-01-31,0000896878-22-000028,281869879.0,same_accn@2022-08-26,542.094105769989,,,,,
2023-07-01,936468,LOCKHEED MARTIN CORP,industrials,extension,110700000000.0,2022-06-24,0000936468-23-000009,255297298.0,same_accn@2023-01-20,433.6121097529203,,,,,
2023-07-01,1001250,ESTEE LAUDER COMPANIES INC,consumer,core,86000000000.0,2021-12-31,0001001250-22-000122,,no_concept,,,,,,
2023-07-01,1018724,AMAZON COM INC,consumer,core,944744113598.0,2022-06-30,0001018724-23-000004,10247259757.0,same_accn@2023-01-25,92.19480485528206,,,,2.0419173579683365,corroborated by balance sheet
2023-07-01,1032208,SEMPRA,utilities,extension,47200000000.0,2022-06-30,0001032208-23-000008,314569519.0,same_accn@2023-02-21,150.0463241004606,,,,,
2023-07-01,1035002,VALERO ENERGY CORP/TX,energy,core,41900000000.0,2022-06-30,0001035002-23-000027,371150836.0,same_accn@2023-02-17,112.89210729408137,,,,,
2023-07-01,1035267,INTUITIVE SURGICAL INC,healthcare,core,71400000000.0,2022-06-30,0001035267-23-000019,350389679.0,same_accn@2023-02-07,203.77312540647065,,,,,
2023-07-01,1038357,PIONEER NATURAL RESOURCES CO,energy,core,53223207626.0,2022-06-30,0001038357-23-000039,235004153.0,same_accn@2023-02-21,226.47773218714138,,,,,
2023-07-01,1039684,ONEOK INC /NEW/,energy,core,24500000000.0,2022-06-30,0001039684-23-000016,447220972.0,same_accn@2023-02-21,54.7827618423941,,,,,
2023-07-01,1045609,"Prologis, Inc.",materials_realestate,extension,86814282420.0,2022-06-30,0001564590-23-001902,923429000.0,same_accn@2023-02-13,94.01294784980762,,,,,
2023-07-01,1045810,NVIDIA CORP,tech,core,434370000000.0,2022-07-29,0001045810-23-000017,2470000000.0,same_accn@2023-02-17,175.8582995951417,,,,,
2023-07-01,1051470,CROWN CASTLE INC.,materials_realestate,extension,72600000000.0,2022-06-30,0001051470-23-000041,433437494.0,same_accn@2023-02-21,167.49819986731467,,,,,
2023-07-01,1053507,AMERICAN TOWER CORP /MA/,materials_realestate,extension,118700000000.0,2022-06-30,0001053507-23-000023,,no_concept,,,,,,
2023-07-01,1060391,"REPUBLIC SERVICES, INC.",utilities,extension,41300000000.0,2022-06-30,0001060391-23-000008,316038833.0,same_accn@2023-02-07,130.68014334808026,,,,,
2023-07-01,1061219,ENTERPRISE PRODUCTS PARTNERS L.P.,energy,core,35990000000.0,2022-06-30,0001061219-23-000006,2170806347.0,same_accn@2023-01-31,16.579092856319164,,,,,
2023-07-01,1065280,NETFLIX INC,consumer,core,76550886077.0,2022-06-30,0001065280-23-000035,445346776.0,same_accn@2022-12-31,171.8905136454833,,,,,
2023-07-01,1067983,BERKSHIRE HATHAWAY INC,financials,core,500000000000.0,2022-06-30,0000950170-23-004451,,no_fact_within_400d,,,,,,
2023-07-01,1090012,DEVON ENERGY CORP/DE,energy,core,35900000000.0,2022-06-30,0000950170-23-002852,654000000.0,same_accn@2023-02-01,54.89296636085627,,,,,
2023-07-01,1090727,UNITED PARCEL SERVICE INC,industrials,extension,133554051887.0,2022-06-30,0001090727-23-000006,,no_fact_within_400d,,,,,,
2023-07-01,1101239,EQUINIX INC,materials_realestate,extension,60000000000.0,2022-06-30,0001628280-23-005277,92784198.0,same_accn@2023-02-24,646.6618378271696,,,,,
2023-07-01,1103982,"Mondelez International, Inc.",consumer,core,85100000000.0,2022-06-30,0001103982-23-000006,,no_concept,,,,,,
2023-07-01,1108524,"Salesforce, Inc.",tech,core,164400000000.0,2022-07-31,0001108524-23-000011,1000000000.0,same_accn@2023-03-07,164.4,,,,,
2023-07-01,1109357,EXELON CORP,utilities,extension,44452390343.0,2022-08-05,0001109357-23-000018,994126931.0,same_accn@2023-01-31,44.71500465064858,,,,,
2023-07-01,1133421,NORTHROP GRUMMAN CORP /DE/,industrials,extension,74000000000.0,2022-06-30,0001133421-23-000006,153053371.0,same_accn@2023-01-23,483.49147435635376,,,,,
2023-07-01,1141391,Mastercard Inc,financials,core,270100000000.0,2022-06-30,0001141391-23-000020,,no_fact_within_400d,,,,,,
2023-07-01,1156039,"Elevance Health, Inc.",healthcare,core,115691972993.0,2022-06-30,0001156039-23-000007,237457776.0,same_accn@2023-02-01,487.21071569793526,,,,,
2023-07-01,1156375,CME GROUP INC.,financials,core,73200000000.0,2022-06-30,0001156375-23-000020,,no_fact_within_400d,,,,,,
2023-07-01,1163165,CONOCOPHILLIPS,energy,core,114200000000.0,2022-06-30,0001163165-23-000006,1218776494.0,same_accn@2023-01-31,93.70052717803729,,,,,
2023-07-01,1164727,NEWMONT Corp /DE/,materials_realestate,extension,47327306028.0,2022-06-30,0001164727-23-000011,793794062.0,same_accn@2023-02-16,59.621642808408915,,,,,
2023-07-01,1166691,COMCAST CORP,consumer,core,171716000000.0,2022-06-30,0001166691-23-000010,,no_fact_within_400d,,,,,,
2023-07-01,1222333,SPDR GOLD TRUST,financials,core,68128669000.0,2022-03-31,0001193125-22-291881,313200000.0,same_accn@2022-11-22,217.5244859514687,,,,,
2023-07-01,1276187,Energy Transfer LP,energy,core,26730000000.0,2022-06-30,0001276187-23-000014,3094593760.0,same_accn@2023-02-10,8.637644250921,,,,,
2023-07-01,1283699,"T-Mobile US, Inc.",utilities,extension,80800000000.0,2022-06-30,0001283699-23-000016,1219383110.0,same_accn@2023-02-10,66.26301392677155,,,,,
2023-07-01,1318605,"Tesla, Inc.",consumer,core,580480000000.0,2022-06-30,0000950170-23-001409,3164102701.0,same_accn@2023-01-25,183.4580147529794,,,,,
2023-07-01,1326801,"Meta Platforms, Inc.",tech,core,378000000000.0,2022-06-30,0001326801-23-000013,,no_concept,,,,,,
2023-07-01,1341439,ORACLE CORP,tech,core,129615142000.0,2022-11-30,0000950170-23-028914,2714259000.0,same_accn@2023-06-12,47.753417046788826,,,,,
2023-07-01,1364742,"BlackRock Finance, Inc.",financials,core,91000000000.0,2022-06-30,0000950170-23-004343,150236373.0,same_accn@2023-01-31,605.7121733097217,,,,,
2023-07-01,1373715,"ServiceNow, Inc.",tech,core,73600000000.0,2022-06-30,0001373715-23-000035,203000000.0,same_accn@2023-01-25,362.5615763546798,,,,,
2023-07-01,1393612,Discover Financial Services,financials,core,82497990080.0,2022-12-31,0001393612-23-000007,261934442.0,same_accn@2023-02-17,314.9566336144523,,,,,
2023-07-01,1403161,VISA INC.,financials,core,365500000000.0,2022-03-31,0001403161-22-000081,,no_fact_within_400d,,,,,,
2023-07-01,1413329,Philip Morris International Inc.,consumer,core,153000000000.0,2022-06-30,0001413329-23-000025,1550232895.0,same_accn@2023-01-31,98.69484804088098,,,,,
2023-07-01,1506307,"KINDER MORGAN, INC.",energy,core,33112481840.0,2022-06-30,0001506307-23-000023,2248003224.0,same_accn@2023-02-07,14.729730583340125,,,,,
2023-07-01,1510295,Marathon Petroleum Corp,energy,core,42100000000.0,2022-06-30,0001510295-23-000012,445546907.0,same_accn@2023-02-16,94.49061218598023,,,,,
2023-07-01,1534701,Phillips 66,energy,core,39400000000.0,2022-06-30,0001534701-23-000053,463907156.0,same_accn@2023-01-31,84.93078731469276,,,,,
2023-07-01,1539838,"Diamondback Energy, Inc.",energy,core,21200000000.0,2022-06-30,0001539838-23-000022,183590330.0,same_accn@2023-02-17,115.47449149418709,,,,,
2023-07-01,1551152,AbbVie Inc.,healthcare,core,268252598311.0,2022-06-30,0001551152-23-000011,1769399971.0,same_accn@2023-01-31,151.60653481835058,,,,,
2023-07-01,1555280,Zoetis Inc.,healthcare,core,80550000000.0,2022-06-30,0001555280-23-000074,463386716.0,same_accn@2023-02-10,173.82889327366908,,,,,
2023-07-01,1613103,Medtronic plc,healthcare,core,115500000000.0,2022-10-28,0001613103-23-000040,1330405428.0,same_accn@2023-06-16,86.81564098368968,,,,,
2023-07-01,1633917,"PayPal Holdings, Inc.",financials,core,80700000000.0,2022-06-30,0001633917-23-000033,,no_concept,,,,,,
2023-07-01,1652044,Alphabet Inc.,tech,core,1256100000000.0,2022-06-30,0001652044-23-000016,,no_concept,,,,,,
2023-07-01,1707925,LINDE PLC,materials_realestate,extension,143000000000.0,2022-06-30,0001628280-23-005434,492160806.0,same_accn@2023-01-31,290.5554409385456,,,,,
2023-07-01,1730168,Broadcom Inc.,tech,core,220100000000.0,2022-04-29,0001730168-22-000118,417886140.0,same_accn@2022-11-25,526.698492560677,,,,,
2023-07-01,1739940,Cigna Group,healthcare,core,82800000000.0,2022-06-30,0001739940-23-000008,297059973.0,same_accn@2023-01-31,278.73159471404114,,,,,
2023-07-01,1744489,Walt Disney Co,consumer,core,249500000000.0,2022-04-02,0001193125-23-014219,1826784847.0,same_accn@2023-01-18,136.57875496927636,,,,,
2023-07-01,1751788,DOW INC.,materials_realestate,extension,37000000000.0,2022-06-30,0001751788-23-000014,704879920.0,same_accn@2022-12-31,52.49121013406085,,,,,
2023-07-01,1853513,"Mister Car Wash, Inc.",consumer,core,880866919000.0,2022-06-30,0000950170-23-004337,307295806.0,same_accn@2023-02-15,2866.511360718018,,,implied_price_out_of_band,327.91915180818336,SCALE ERROR (float is a several-hundred-fold multiple of total assets)
2024-07-01,1800,ABBOTT LABORATORIES,healthcare,core,185171334310.0,2023-06-30,0001628280-24-005348,,no_concept,,,,,,
2024-07-01,2488,ADVANCED MICRO DEVICES INC,tech,core,182900000000.0,2023-06-30,0000002488-24-000012,1615786841.0,same_accn@2024-01-25,113.19562417453801,,,,,
2024-07-01,2969,"Air Products & Chemicals, Inc.",materials_realestate,extension,63600000000.0,2023-03-31,0000002969-23-000047,222207726.0,same_accn@2023-10-31,286.218670902559,,,,,
2024-07-01,4447,HESS CORP,energy,core,37598000000.0,2023-06-30,0001628280-24-006845,307152064.0,same_accn@2024-01-31,122.40842373111971,,,,,
2024-07-01,4904,AMERICAN ELECTRIC POWER CO INC,utilities,extension,44304742057.0,2023-06-30,0000004904-24-000020,526184585.0,same_accn@2023-12-31,84.2,,,,,
2024-07-01,6951,APPLIED MATERIALS INC /DE,tech,core,94685528382.0,2023-04-30,0000006951-23-000041,831067105.0,same_accn@2023-12-08,113.9324704495433,,,,,
2024-07-01,8670,AUTOMATIC DATA PROCESSING INC,tech,core,98849691982.0,2022-12-31,0000008670-23-000030,411986870.0,same_accn@2023-07-31,239.9340832925088,,,,,
2024-07-01,10795,BECTON DICKINSON & CO,healthcare,core,70252717647.0,2023-03-31,0000010795-23-000098,290405122.0,same_accn@2023-10-31,241.91280499177972,,,,,
2024-07-01,12927,BOEING CO,industrials,extension,127300000000.0,2023-12-31,0000012927-24-000010,610135205.0,same_accn@2024-01-24,208.64227954195823,,,,,
2024-07-01,14272,BRISTOL MYERS SQUIBB CO,healthcare,core,133498889520.0,2023-06-30,0000014272-24-000044,2022193411.0,same_accn@2024-02-06,66.01687494075215,,,,,
2024-07-01,18230,CATERPILLAR INC,industrials,extension,125000000000.0,2023-06-30,0000018230-24-000009,499377269.0,same_accn@2023-12-31,250.3117537774832,,,,,
2024-07-01,19617,JPMORGAN CHASE & CO,financials,core,421027210720.0,2023-06-30,0000019617-24-000225,2880371498.0,same_accn@2024-01-31,146.17114876061726,,,,,
2024-07-01,21344,COCA COLA CO,consumer,core,258329040018.0,2023-06-30,0000021344-24-000009,,no_concept,,,,,,
2024-07-01,34088,EXXON MOBIL CORP,energy,core,429000000000.0,2023-06-30,0000034088-24-000018,3967844307.0,same_accn@2024-01-31,108.11916164229677,,,,,
2024-07-01,45012,HALLIBURTON CO,energy,core,22500000000.0,2023-06-30,0000045012-24-000007,890101601.0,same_accn@2024-01-30,25.27801317818324,,,,,
2024-07-01,50863,INTEL CORP,tech,core,140000000000.0,2023-06-30,0000050863-24-000010,4228000000.0,same_accn@2024-01-19,33.11258278145695,,,,,
2024-07-01,51143,INTERNATIONAL BUSINESS MACHINES CORP,tech,core,121900000000.0,2023-06-30,0000051143-24-000012,916744848.0,same_accn@2024-02-09,132.9704772990445,,,,,
2024-07-01,55785,KIMBERLY CLARK CORP,materials_realestate,extension,46700000000.0,2023-06-30,0000055785-24-000018,336883198.0,same_accn@2024-01-31,138.62371373000323,,,,,
2024-07-01,59478,ELI LILLY & Co,healthcare,core,398291000000.0,2023-06-30,0000059478-24-000065,950164452.0,same_accn@2024-02-16,419.18112086980074,,,,,
2024-07-01,60667,LOWES COMPANIES INC,consumer,core,129900000000.0,2023-08-04,0000060667-24-000033,572184243.0,same_accn@2024-03-21,227.02477670291245,,,,,
2024-07-01,62709,"MARSH & MCLENNAN COMPANIES, INC.",financials,core,92849878606.0,2023-06-30,0000062709-24-000016,491656196.0,same_accn@2024-02-08,188.8512325511301,,,,,
2024-07-01,63908,MCDONALDS CORP,consumer,core,217448941822.0,2023-06-30,0000063908-24-000072,722051488.0,same_accn@2024-01-31,301.15434347252534,,,,,
2024-07-01,64040,S&P Global Inc.,industrials,extension,127500000000.0,2023-06-30,0000064040-24-000071,,no_concept,,,,,,
2024-07-01,64803,CVS HEALTH Corp,consumer,core,88547881979.0,2023-06-30,0000064803-24-000007,1258449553.0,same_accn@2024-01-31,70.36267903461999,,,,,
2024-07-01,70858,BANK OF AMERICA CORP /DE/,financials,core,228187725798.0,2023-06-30,0000070858-24-000122,7872657542.0,same_accn@2024-02-16,28.98484083432268,,,,,
2024-07-01,72971,WELLS FARGO & COMPANY/MN,financials,core,156300000000.0,2023-06-30,0000072971-24-000064,3577443489.0,same_accn@2024-02-09,43.69041760704106,,,,,
2024-07-01,73309,NUCOR CORP,materials_realestate,extension,40560000000.0,2023-07-01,0000950170-24-021195,240745037.0,same_accn@2024-02-21,168.4769933595765,,,,,
2024-07-01,77476,PEPSICO INC,consumer,core,255900000000.0,2023-06-16,0000077476-24-000008,1374429271.0,same_accn@2024-02-02,186.18637233607055,,,,,
2024-07-01,78003,PFIZER INC,healthcare,core,207000000000.0,2023-07-02,0000078003-24-000039,5646778425.0,same_accn@2024-02-15,36.65807021638183,,,,,
2024-07-01,80424,PROCTER & GAMBLE Co,consumer,core,357000000000.0,2022-12-31,0000080424-23-000073,2357306187.0,same_accn@2023-07-31,151.44405167592257,,,,,
2024-07-01,80661,PROGRESSIVE CORP/OH/,financials,core,76906833454.0,2023-06-30,0000080661-24-000007,585677464.0,same_accn@2024-01-31,131.31260494257296,,,,,
2024-07-01,87347,SLB LIMITED/NV,energy,core,69700000000.0,2023-06-30,0000950170-24-006884,1427394843.0,same_accn@2023-12-31,48.83021705018168,,,,,
2024-07-01,89800,SHERWIN WILLIAMS CO,consumer,core,68095363926.0,2023-06-30,0000089800-24-000033,254464522.0,same_accn@2024-01-31,267.6025851886732,,,,,
2024-07-01,92122,SOUTHERN CO,utilities,extension,76600000000.0,2023-06-30,0000092122-24-000009,1091015113.0,same_accn@2024-01-31,70.20984318848753,,,,,
2024-07-01,93410,CHEVRON CORP,energy,core,293800000000.0,2023-06-30,0000093410-24-000013,1857269160.0,same_accn@2024-02-09,158.18924167135796,,,,,
2024-07-01,97476,TEXAS INSTRUMENTS INC,tech,core,163230185912.0,2023-06-30,0000097476-24-000007,909287673.0,same_accn@2024-01-23,179.51435036335306,,,,,
2024-07-01,97745,THERMO FISHER SCIENTIFIC INC.,industrials,extension,201176616000.0,2023-06-30,0000097745-24-000007,381312268.0,same_accn@2024-02-03,527.5902006908417,,,,,
2024-07-01,100885,UNION PACIFIC CORP,industrials,extension,123000000000.0,2023-06-30,0001437749-24-003599,609777914.0,same_accn@2024-02-02,201.71278292640818,,,,,
2024-07-01,101829,RTX Corp,industrials,extension,142484650285.0,2023-06-30,0000101829-24-000008,1326826896.0,same_accn@2024-01-31,107.38752034236725,,,,,
2024-07-01,104169,Walmart Inc.,consumer,core,228694206501.0,2023-07-31,0000104169-24-000056,8058048674.0,same_accn@2024-03-13,28.380842031756632,,,,,
2024-07-01,107263,"WILLIAMS COMPANIES, INC.",energy,core,38305701487.0,2023-06-30,0000107263-24-000019,1216750172.0,same_accn@2024-02-16,31.481977458064414,,,,,
2024-07-01,200406,JOHNSON & JOHNSON,healthcare,core,430000000000.0,2023-07-02,0000200406-24-000013,2408767228.0,same_accn@2024-02-09,178.51455092945162,,,,,
2024-07-01,310158,"Merck & Co., Inc.",healthcare,core,292929000000.0,2023-06-30,0001193125-24-093194,2532643872.0,same_accn@2024-01-31,115.6613463260736,,,,,
2024-07-01,310764,STRYKER CORP,healthcare,core,109722902589.0,2023-06-30,0000310764-24-000024,380264036.0,same_accn@2024-01-31,288.5439910204919,,,,,
2024-07-01,313616,DANAHER CORP /DE/,industrials,extension,158100000000.0,2023-06-30,0000313616-24-000052,739701725.0,same_accn@2024-02-02,213.73479965860562,,,,,
2024-07-01,315189,DEERE & CO,industrials,extension,110752079592.0,2023-04-28,0001558370-23-019812,280255442.0,same_accn@2023-11-30,395.18261911931046,,,,,
2024-07-01,315293,Aon plc,financials,core,70135237097.0,2023-06-30,0001193125-24-099218,198506718.0,same_accn@2024-04-12,353.3141739666463,,,,,
2024-07-01,316709,SCHWAB CHARLES CORP,financials,core,94100000000.0,2023-06-30,0000316709-24-000018,,no_fact_within_400d,,,,,,
2024-07-01,318154,AMGEN INC,healthcare,core,118556278405.0,2023-06-30,0000318154-24-000011,535918901.0,same_accn@2024-02-09,221.2205581549362,,,,,
2024-07-01,320187,"NIKE, Inc.",consumer,core,144299267044.0,2022-11-30,0000320187-23-000039,,no_fact_within_400d,,,,,,
2024-07-01,320193,Apple Inc.,tech,core,2591165000000.0,2023-03-31,0000320193-23-000106,15552752000.0,same_accn@2023-10-20,166.60491982383567,,,,,
2024-07-01,354950,"HOME DEPOT, INC.",consumer,core,331500000000.0,2023-07-28,0000354950-24-000062,991015773.0,same_accn@2024-02-28,334.5052712899656,,,,,
2024-07-01,715957,"DOMINION ENERGY, INC",utilities,extension,43300000000.0,2023-06-30,0000950170-24-019110,837443257.0,same_accn@2024-02-19,51.70499569739804,,,,,
2024-07-01,726728,REALTY INCOME CORP,materials_realestate,extension,42300000000.0,2023-06-30,0000726728-24-000047,861123757.0,same_accn@2024-02-15,49.12185926372021,,,,,
2024-07-01,731766,UNITEDHEALTH GROUP INC,healthcare,core,444627758226.0,2023-06-30,0000731766-24-000081,921934109.0,same_accn@2024-01-31,482.27715395873264,,,,,
2024-07-01,732712,VERIZON COMMUNICATIONS INC,utilities,extension,156300000000.0,2023-06-30,0000732712-24-000010,4204272443.0,same_accn@2024-01-31,37.17646801415909,,,,,
2024-07-01,732717,AT&T INC.,utilities,extension,114000000000.0,2023-06-30,0000732717-24-000009,7152792253.0,same_accn@2024-02-07,15.937831823954694,,,,,
2024-07-01,753308,NEXTERA ENERGY INC,utilities,extension,150048196735.0,2023-06-30,0000753308-24-000008,2052429154.0,same_accn@2024-01-31,73.1076132116763,,,,,
2024-07-01,764180,"ALTRIA GROUP, INC.",consumer,core,80000000000.0,2023-06-30,0000764180-24-000079,1763461775.0,same_accn@2024-02-15,45.36531561621175,,,,,
2024-07-01,766704,WELLTOWER INC.,materials_realestate,extension,41131361000.0,2023-06-30,0000766704-24-000008,,no_concept,,,,,,
2024-07-01,773840,HONEYWELL INTERNATIONAL INC,industrials,extension,137800000000.0,2023-06-30,0000773840-24-000014,652181812.0,same_accn@2024-01-26,211.29077423582,,,,,
2024-07-01,789019,MICROSOFT CORP,tech,core,1800000000000.0,2022-12-31,0000950170-23-035122,7429763722.0,same_accn@2023-07-24,242.26880791243553,,,,,
2024-07-01,797468,OCCIDENTAL PETROLEUM CORP /DE/,energy,core,51700000000.0,2023-06-30,0000797468-24-000034,879499439.0,same_accn@2024-01-31,58.78343715464269,,,,,
2024-07-01,798354,FISERV INC,financials,core,76750418162.0,2023-06-30,0000798354-24-000037,590402536.0,same_accn@2024-02-16,129.99676234791784,,,,,
2024-07-01,804328,QUALCOMM INC/DE,tech,core,138900000000.0,2023-03-24,0000804328-23-000055,1113000000.0,same_accn@2023-10-30,124.7978436657682,,,,,
2024-07-01,813672,CADENCE DESIGN SYSTEMS INC,tech,core,63740000000.0,2023-06-30,0000813672-24-000034,,no_concept,,,,,,
2024-07-01,821189,EOG RESOURCES INC,energy,core,66533000000.0,2023-06-30,0000821189-24-000011,580001872.0,same_accn@2024-02-15,114.71169872362067,,,,,
2024-07-01,823768,WASTE MANAGEMENT INC,utilities,extension,70100000000.0,2023-06-30,0001558370-24-001049,401598077.0,same_accn@2024-02-08,174.55262864717352,,,,,
2024-07-01,829224,STARBUCKS CORP,consumer,core,117100000000.0,2023-04-02,0000829224-23-000058,1136700000.0,same_accn@2023-11-10,103.01750681798188,,,,,
2024-07-01,831001,CITIGROUP INC,financials,core,88400000000.0,2023-06-30,0000831001-24-000033,1911366783.0,same_accn@2024-01-31,46.249626595085594,,,,,
2024-07-01,831259,FREEPORT-MCMORAN INC,materials_realestate,extension,57100000000.0,2023-06-30,0000831259-24-000011,1434409010.0,same_accn@2024-01-31,39.80733500830422,,,,,
2024-07-01,858877,"CISCO SYSTEMS, INC.",tech,core,198600000000.0,2023-01-27,0000858877-23-000023,4054857783.0,same_accn@2023-09-01,48.978289900235445,,,,,
2024-07-01,872589,"REGENERON PHARMACEUTICALS, INC.",healthcare,core,76700000000.0,2023-06-30,0001804220-24-000009,,no_fact_within_400d,,,,,,
2024-07-01,875320,VERTEX PHARMACEUTICALS INC / MA,healthcare,core,90700000000.0,2023-06-30,0000875320-24-000062,258307816.0,same_accn@2024-02-09,351.1314578262703,,,,,
2024-07-01,882095,"GILEAD SCIENCES, INC.",healthcare,core,67000000000.0,2023-06-30,0000882095-24-000007,1245774616.0,same_accn@2024-02-16,53.78179900239675,,,,,
2024-07-01,885725,BOSTON SCIENTIFIC CORP,healthcare,core,79000000000.0,2023-06-30,0000885725-24-000020,1467095627.0,same_accn@2024-01-31,53.84788731293792,,,,,
2024-07-01,886982,GOLDMAN SACHS GROUP INC,financials,core,106200000000.0,2023-06-30,0000886982-24-000012,325562747.0,same_accn@2024-02-09,326.2043983183371,,,,,
2024-07-01,895421,MORGAN STANLEY,financials,core,136317364533.0,2023-06-30,0000895421-24-000300,1635268297.0,same_accn@2024-01-31,83.36085569755285,,,,,
2024-07-01,895728,ENBRIDGE INC,energy,core,75100000000.0,2023-06-30,0001193125-24-066168,2125586356.0,same_accn@2024-02-02,35.33142739085215,,,,,
2024-07-01,896159,Chubb Ltd,financials,core,79000000000.0,2023-06-30,0000896159-24-000003,,no_concept,,,,,,
2024-07-01,896878,INTUIT INC.,tech,core,115500000000.0,2023-01-31,0000896878-23-000034,280259493.0,same_accn@2023-08-25,412.11806516755524,,,,,
2024-07-01,936468,LOCKHEED MARTIN CORP,industrials,extension,115200000000.0,2023-06-25,0000936468-24-000010,241643304.0,same_accn@2024-01-19,476.73574269618496,,,,,
2024-07-01,1018724,AMAZON COM INC,consumer,core,1183684965587.0,2023-06-30,0001018724-24-000008,10387381291.0,same_accn@2024-01-24,113.95412688013938,,,,2.242447657092681,corroborated by balance sheet
2024-07-01,1032208,SEMPRA,utilities,extension,45800000000.0,2023-06-30,0001032208-24-000007,632149916.0,same_accn@2024-02-20,72.4511683712697,,,,,
2024-07-01,1035002,VALERO ENERGY CORP/TX,energy,core,41400000000.0,2023-06-30,0001035002-24-000007,332481908.0,same_accn@2024-02-16,124.51805347555934,,,,,
2024-07-01,1035267,INTUITIVE SURGICAL INC,healthcare,core,119600000000.0,2023-06-30,0001035267-24-000021,352325863.0,same_accn@2024-01-25,339.4584745542793,,,,,
2024-07-01,1038357,PIONEER NATURAL RESOURCES CO,energy,core,48037455068.0,2023-06-30,0001193125-24-119644,233675158.0,same_accn@2024-04-24,205.57364967310733,,,,,
2024-07-01,1039684,ONEOK INC /NEW/,energy,core,27400000000.0,2023-06-30,0001039684-24-000015,583159446.0,same_accn@2024-02-20,46.985434580442345,,,,,
2024-07-01,1045609,"Prologis, Inc.",materials_realestate,extension,112988239238.0,2023-06-30,0000950170-24-014539,924881000.0,same_accn@2024-02-09,122.16516420815218,,,,,
2024-07-01,1045810,NVIDIA CORP,tech,core,1100000000000.0,2023-07-28,0001045810-24-000029,2500000000.0,same_accn@2024-02-16,440.0,,,,,
2024-07-01,1051470,CROWN CASTLE INC.,materials_realestate,extension,49200000000.0,2023-06-30,0001051470-24-000062,434215269.0,same_accn@2024-02-20,113.30785329891289,,,,,
2024-07-01,1053507,AMERICAN TOWER CORP /MA/,materials_realestate,extension,90200000000.0,2023-06-30,0001053507-24-000011,,no_concept,,,,,,
2024-07-01,1060391,"REPUBLIC SERVICES, INC.",utilities,extension,48400000000.0,2023-06-30,0001060391-24-000142,314610579.0,same_accn@2024-02-13,153.8409806620012,,,,,
2024-07-01,1061219,ENTERPRISE PRODUCTS PARTNERS L.P.,energy,core,38720000000.0,2023-06-30,0001061219-24-000006,2168245238.0,same_accn@2024-01-31,17.85775857887529,,,,,
2024-07-01,1063761,SIMON PROPERTY GROUP INC.,materials_realestate,extension,37467000000.0,2023-06-30,0001558370-24-001532,,no_fact_within_400d,,,,,,
2024-07-01,1065280,NETFLIX INC,consumer,core,192301932760.0,2023-06-30,0001065280-24-000030,432759584.0,same_accn@2023-12-31,444.36204273641226,,,,,
2024-07-01,1067983,BERKSHIRE HATHAWAY INC,financials,core,625500000000.0,2023-06-30,0000950170-24-019719,,no_fact_within_400d,,,,,,
2024-07-01,1075531,Booking Holdings Inc.,industrials,extension,97200000000.0,2023-06-30,0001075531-24-000014,34171027.0,same_accn@2024-02-15,2844.515033159524,,,implied_price_out_of_band,3.993098348533399,corroborated by balance sheet
2024-07-01,1090012,DEVON ENERGY CORP/DE,energy,core,30800000000.0,2023-06-30,0000950170-24-021781,635000000.0,same_accn@2024-02-14,48.503937007874015,,,,,
2024-07-01,1090727,UNITED PARCEL SERVICE INC,industrials,extension,129730366499.0,2023-06-30,0001090727-24-000008,,no_fact_within_400d,,,,,,
2024-07-01,1101239,EQUINIX INC,materials_realestate,extension,73000000000.0,2023-06-30,0001628280-24-005350,94621449.0,same_accn@2024-02-15,771.4952663639721,,,,,
2024-07-01,1103982,"Mondelez International, Inc.",consumer,core,99200000000.0,2023-06-30,0001103982-24-000019,,no_concept,,,,,,
2024-07-01,1108524,"Salesforce, Inc.",tech,core,194100000000.0,2023-07-31,0001108524-24-000005,970000000.0,same_accn@2024-02-29,200.10309278350516,,,,,
2024-07-01,1109357,EXELON CORP,utilities,extension,40536144047.0,2023-06-30,0001109357-24-000053,999538542.0,same_accn@2024-01-31,40.55485841085255,,,,,
2024-07-01,1141391,Mastercard Inc,financials,core,328800000000.0,2023-06-30,0001141391-24-000022,,no_fact_within_400d,,,,,,
2024-07-01,1156039,"Elevance Health, Inc.",healthcare,core,104634460663.0,2023-06-30,0001156039-24-000015,232668735.0,same_accn@2024-02-01,449.71431448664555,,,,,
2024-07-01,1156375,CME GROUP INC.,financials,core,66300000000.0,2023-06-30,0001156375-24-000010,,no_fact_within_400d,,,,,,
2024-07-01,1163165,CONOCOPHILLIPS,energy,core,124000000000.0,2023-06-30,0001163165-24-000010,1176408368.0,same_accn@2024-01-31,105.40557460570528,,,,,
2024-07-01,1166691,COMCAST CORP,consumer,core,170209000000.0,2023-06-30,0001166691-24-000011,,no_fact_within_400d,,,,,,
2024-07-01,1276187,Energy Transfer LP,energy,core,35670000000.0,2023-06-30,0001276187-24-000024,3367757556.0,same_accn@2024-02-09,10.59161753982269,,,,,
2024-07-01,1283699,"T-Mobile US, Inc.",utilities,extension,73200000000.0,2023-06-30,0001283699-24-000008,1186867575.0,same_accn@2024-01-31,61.67495139464064,,,,,
2024-07-01,1318220,"Waste Connections, Inc.",utilities,extension,36709829221.0,2023-06-30,0001558370-24-001109,257679874.0,same_accn@2024-02-02,142.4629275509503,,,,,
2024-07-01,1318605,"Tesla, Inc.",consumer,core,722520000000.0,2023-06-30,0001628280-24-002390,3184790415.0,same_accn@2024-01-22,226.865792046162,,,,,
2024-07-01,1326801,"Meta Platforms, Inc.",tech,core,637000000000.0,2023-06-30,0001326801-24-000012,,no_concept,,,,,,
2024-07-01,1341439,ORACLE CORP,tech,core,186225386000.0,2023-11-30,0000950170-24-075605,2755860000.0,same_accn@2024-06-13,67.57432743317875,,,,,
2024-07-01,1364742,"BlackRock Finance, Inc.",financials,core,102000000000.0,2023-06-30,0000950170-24-019271,148942491.0,same_accn@2024-01-31,684.8280790469659,,,,,
2024-07-01,1373715,"ServiceNow, Inc.",tech,core,87800000000.0,2023-06-30,0001373715-24-000030,205000000.0,same_accn@2024-01-19,428.2926829268293,,,,,
2024-07-01,1393818,Blackstone Inc.,financials,core,65500000000.0,2023-06-30,0001193125-24-044485,714644445.0,same_accn@2024-02-16,91.65396926859202,,,,,
2024-07-01,1403161,VISA INC.,financials,core,364900000000.0,2023-03-31,0001403161-23-000099,,no_fact_within_400d,,,,,,
2024-07-01,1413329,Philip Morris International Inc.,consumer,core,152000000000.0,2023-06-30,0001413329-24-000013,1552456597.0,same_accn@2024-01-31,97.90933949053907,,,,,
2024-07-01,1506307,"KINDER MORGAN, INC.",energy,core,33533173723.0,2023-06-30,0001506307-24-000011,2219369970.0,same_accn@2024-02-16,15.10932119307715,,,,,
2024-07-01,1510295,Marathon Petroleum Corp,energy,core,47200000000.0,2023-06-30,0001510295-24-000015,361358732.0,same_accn@2024-02-23,130.61812492744744,,,,,
2024-07-01,1534701,Phillips 66,energy,core,42400000000.0,2023-06-30,0001534701-24-000078,427824429.0,same_accn@2024-01-31,99.10607512316693,,,,,
2024-07-01,1539838,"Diamondback Energy, Inc.",energy,core,23400000000.0,2023-06-30,0001539838-24-000019,178446583.0,same_accn@2024-02-16,131.1316787724649,,,,,
2024-07-01,1543151,"Uber Technologies, Inc",financials,core,87900000000.0,2023-06-30,0001543151-24-000012,2076497400.0,same_accn@2024-02-12,42.33089817497484,,,,,
2024-07-01,1551152,AbbVie Inc.,healthcare,core,235629692915.0,2023-06-30,0001551152-24-000011,1766473359.0,same_accn@2024-01-31,133.3898933230388,,,,,
2024-07-01,1555280,Zoetis Inc.,healthcare,core,79346000000.0,2023-06-30,0001555280-24-000143,457867115.0,same_accn@2024-02-09,173.2948215772168,,,,,
2024-07-01,1613103,Medtronic plc,healthcare,core,92400000000.0,2023-10-27,0001613103-24-000072,1282269783.0,same_accn@2024-06-17,72.05971880879922,,,,,
2024-07-01,1633917,"PayPal Holdings, Inc.",financials,core,73400000000.0,2023-06-30,0001633917-24-000024,,no_concept,,,,,,
2024-07-01,1640147,Snowflake Inc.,tech,core,56600000000.0,2023-07-31,0001640147-24-000101,334200000.0,same_accn@2024-03-15,169.35966487133453,,,,,
2024-07-01,1652044,Alphabet Inc.,tech,core,1331200000000.0,2023-06-30,0001652044-24-000022,,no_concept,,,,,,
2024-07-01,1707925,LINDE PLC,materials_realestate,extension,186000000000.0,2023-06-30,0001628280-24-007424,481576472.0,same_accn@2024-01-31,386.2314934688088,,,,,
2024-07-01,1730168,Broadcom Inc.,tech,core,253700000000.0,2023-04-28,0001730168-23-000096,468140569.0,same_accn@2023-11-24,541.9312420240169,,,,,
2024-07-01,1739940,Cigna Group,healthcare,core,82800000000.0,2023-06-30,0001739940-24-000005,292355022.0,same_accn@2024-01-31,283.21730009481416,,,,,
2024-07-01,1744489,Walt Disney Co,consumer,core,182900000000.0,2023-04-01,0001744489-24-000064,1834285760.0,same_accn@2024-01-17,99.71183552120036,,,,,
2024-07-01,1782754,AZEK Co Inc.,consumer,core,2796678033000.0,2023-03-31,0000950170-24-073335,,no_concept,,,,,,
2024-07-01,1853513,"Mister Car Wash, Inc.",consumer,core,855722734000.0,2023-06-30,0000950170-24-019105,315472253.0,same_accn@2024-02-15,2712.513464694469,,,implied_price_out_of_band,296.9675666033671,SCALE ERROR (float is a several-hundred-fold multiple of total assets)
2025-07-01,1800,ABBOTT LABORATORIES,healthcare,core,177073983959.0,2024-06-28,0001628280-25-007110,,no_concept,,,,,,
2025-07-01,2488,ADVANCED MICRO DEVICES INC,tech,core,261400000000.0,2024-06-28,0000002488-25-000012,1620477962.0,same_accn@2025-01-30,161.3104319403265,,,,,
2025-07-01,2969,"Air Products & Chemicals, Inc.",materials_realestate,extension,53700000000.0,2024-03-31,0000002969-24-000056,222378909.0,same_accn@2024-10-31,241.47973493295626,,,,,
2025-07-01,4447,HESS CORP,energy,core,41004000000.0,2024-06-30,0001628280-25-008716,308291660.0,same_accn@2025-01-31,133.00392232472328,,,,,
2025-07-01,4904,AMERICAN ELECTRIC POWER CO INC,utilities,extension,46757322914.0,2024-06-30,0000004904-25-000027,532907715.0,same_accn@2024-12-31,87.73999999981235,,,,,
2025-07-01,6951,APPLIED MATERIALS INC /DE,tech,core,167928935720.0,2024-04-28,0000006951-24-000044,813684638.0,same_accn@2024-12-06,206.3808604433798,,,,,
2025-07-01,8670,AUTOMATIC DATA PROCESSING INC,tech,core,95597065890.0,2023-12-31,0000008670-24-000024,407795203.0,same_accn@2024-08-02,234.42420407775126,,,,,
2025-07-01,10795,BECTON DICKINSON & CO,healthcare,core,71455056628.0,2024-03-31,0000010795-24-000084,289122120.0,same_accn@2024-10-31,247.14489720814166,,,,,
2025-07-01,12927,BOEING CO,industrials,extension,112000000000.0,2024-06-30,0000012927-25-000015,750074411.0,same_accn@2025-01-27,149.31851874626875,,,,,
2025-07-01,14272,BRISTOL MYERS SQUIBB CO,healthcare,core,84156423913.0,2024-06-30,0000014272-25-000039,2029312023.0,same_accn@2025-02-06,41.47042098956707,,,,,
2025-07-01,18230,CATERPILLAR INC,industrials,extension,160300000000.0,2024-12-31,0000018230-25-000008,477932024.0,same_accn@2024-12-31,335.40334597875784,,,,,
2025-07-01,19617,JPMORGAN CHASE & CO,financials,core,573443601053.0,2024-06-30,0000019617-25-000270,2796106099.0,same_accn@2025-01-31,205.08649555826457,,,,,
2025-07-01,21344,COCA COLA CO,consumer,core,272048494989.0,2024-06-28,0000021344-25-000011,,no_concept,,,,,,
2025-07-01,21665,COLGATE PALMOLIVE CO,consumer,core,79200000000.0,2024-06-30,0000021665-25-000008,811536437.0,same_accn@2025-01-31,97.59266052523529,,,,,
2025-07-01,34088,EXXON MOBIL CORP,energy,core,511000000000.0,2024-06-28,0000034088-25-000010,4339143313.0,same_accn@2025-01-31,117.76518154379751,,,,,
2025-07-01,45012,HALLIBURTON CO,energy,core,22200000000.0,2024-06-30,0000045012-25-000010,868091623.0,same_accn@2025-02-05,25.573337435603847,,,,,
2025-07-01,50863,INTEL CORP,tech,core,132400000000.0,2024-06-28,0000050863-25-000009,4330000000.0,same_accn@2025-01-24,30.577367205542725,,,,,
2025-07-01,51143,INTERNATIONAL BUSINESS MACHINES CORP,tech,core,159200000000.0,2024-06-30,0000051143-25-000015,927264332.0,same_accn@2025-02-10,171.687828924277,,,,,
2025-07-01,55785,KIMBERLY CLARK CORP,materials_realestate,extension,46600000000.0,2024-06-30,0000055785-25-000013,331684601.0,same_accn@2025-01-31,140.4949155297083,,,,,
2025-07-01,59478,ELI LILLY & Co,healthcare,core,769792000000.0,2024-06-30,0000059478-25-000067,948169999.0,same_accn@2025-02-14,811.8712897601393,,,,,
2025-07-01,60667,LOWES COMPANIES INC,consumer,core,136400000000.0,2024-08-02,0000060667-25-000049,559706540.0,same_accn@2025-03-20,243.69913562203507,,,,,
2025-07-01,62709,"MARSH & MCLENNAN COMPANIES, INC.",financials,core,103586269063.0,2024-06-30,0000062709-25-000015,491131126.0,same_accn@2025-02-06,210.91367168408706,,,,,
2025-07-01,63908,MCDONALDS CORP,consumer,core,182778968633.0,2024-06-28,0000063908-25-000012,714461139.0,same_accn@2025-01-31,255.82772617812037,,,,,
2025-07-01,64040,S&P Global Inc.,industrials,extension,127500000000.0,2023-06-30,0000064040-24-000071,,no_concept,,,,,,
2025-07-01,64803,CVS HEALTH Corp,consumer,core,74072103405.0,2024-06-30,0000064803-25-000007,1260795063.0,same_accn@2025-02-05,58.750312067965325,,,,,
2025-07-01,70858,BANK OF AMERICA CORP /DE/,financials,core,309201944388.0,2024-06-30,0000070858-25-000139,7604677274.0,same_accn@2025-02-24,40.65944329355639,,,,,
2025-07-01,72971,WELLS FARGO & COMPANY/MN,financials,core,201600000000.0,2024-06-28,0000072971-25-000066,3288186582.0,same_accn@2025-02-14,61.31038947229668,,,,,
2025-07-01,77476,PEPSICO INC,consumer,core,224800000000.0,2024-06-14,0000077476-25-000007,1371499838.0,same_accn@2025-01-28,163.90814914554878,,,,,
2025-07-01,78003,PFIZER INC,healthcare,core,158000000000.0,2024-06-30,0000078003-25-000054,5667340414.0,same_accn@2025-02-20,27.879038218648994,,,,,
2025-07-01,80424,PROCTER & GAMBLE Co,consumer,core,345000000000.0,2023-12-31,0000080424-24-000083,2354050987.0,same_accn@2024-07-31,146.55587406782027,,,,,
2025-07-01,80661,PROGRESSIVE CORP/OH/,financials,core,120872430194.0,2024-06-30,0000080661-25-000007,586207679.0,same_accn@2025-01-31,206.19387040475803,,,,,
2025-07-01,87347,SLB LIMITED/NV,energy,core,66860000000.0,2024-06-30,0000950170-25-007638,1400850420.0,same_accn@2024-12-31,47.72815073289552,,,,,
2025-07-01,89800,SHERWIN WILLIAMS CO,consumer,core,75067265612.0,2024-06-30,0000089800-25-000030,251364135.0,same_accn@2025-01-31,298.6395239400402,,,,,
2025-07-01,92122,SOUTHERN CO,utilities,extension,84900000000.0,2024-06-30,0000092122-25-000018,1096802197.0,same_accn@2025-01-31,77.40684713453396,,,,,
2025-07-01,93410,CHEVRON CORP,energy,core,286100000000.0,2024-06-28,0000093410-25-000009,1760598537.0,same_accn@2025-02-07,162.5015550038481,,,,,
2025-07-01,97476,TEXAS INSTRUMENTS INC,tech,core,177352918130.0,2024-06-30,0000097476-25-000007,910332971.0,same_accn@2025-01-28,194.82203081711737,,,,,
2025-07-01,97745,THERMO FISHER SCIENTIFIC INC.,industrials,extension,211032682000.0,2024-06-28,0000097745-25-000010,377261182.0,same_accn@2025-02-01,559.38085355413,,,,,
2025-07-01,100885,UNION PACIFIC CORP,industrials,extension,137800000000.0,2024-06-28,0000100885-25-000042,604286378.0,same_accn@2025-01-31,228.03757459513673,,,,,
2025-07-01,101829,RTX Corp,industrials,extension,133428194600.0,2024-06-30,0000101829-25-000005,1332122758.0,same_accn@2024-12-31,100.1620862632241,,,,,
2025-07-01,104169,Walmart Inc.,consumer,core,297576699886.0,2024-07-31,0000104169-25-000021,8016849444.0,same_accn@2025-03-12,37.11890836477083,,,,,
2025-07-01,107263,"WILLIAMS COMPANIES, INC.",energy,core,49974668630.0,2024-06-30,0000107263-25-000031,1219369295.0,same_accn@2025-02-20,40.98403070744864,,,,,
2025-07-01,200406,JOHNSON & JOHNSON,healthcare,core,352000000000.0,2024-06-30,0000200406-25-000038,2407616693.0,same_accn@2025-02-06,146.2026746298191,,,,,
2025-07-01,310158,"Merck & Co., Inc.",healthcare,core,313799000000.0,2024-06-28,0001628280-25-007732,2526036240.0,same_accn@2025-01-31,124.22585037814027,,,,,
2025-07-01,310764,STRYKER CORP,healthcare,core,123147898554.0,2024-06-30,0000310764-25-000023,381579123.0,same_accn@2025-01-31,322.7322752508135,,,,,
2025-07-01,313616,DANAHER CORP /DE/,industrials,extension,161100000000.0,2024-06-30,0000313616-25-000043,714709852.0,same_accn@2025-02-03,225.4061554478194,,,,,
2025-07-01,315189,DEERE & CO,industrials,extension,108321022524.0,2024-04-26,0001558370-24-016169,271575282.0,same_accn@2024-11-29,398.8618615297986,,,,,
2025-07-01,316709,SCHWAB CHARLES CORP,financials,core,122800000000.0,2024-06-30,0000316709-25-000010,1813567665.0,same_accn@2025-02-12,67.71183803610658,,,,,
2025-07-01,318154,AMGEN INC,healthcare,core,167600000000.0,2024-06-30,0000318154-25-000010,537204943.0,same_accn@2025-02-11,311.9852156684269,,,,,
2025-07-01,320187,"NIKE, Inc.",consumer,core,140871272720.0,2023-11-30,0000320187-24-000044,,no_fact_within_400d,,,,,,
2025-07-01,320193,Apple Inc.,tech,core,2628553000000.0,2024-03-29,0000320193-24-000123,15115823000.0,same_accn@2024-10-18,173.8941372891175,,,,,
2025-07-01,354950,"HOME DEPOT, INC.",consumer,core,356900000000.0,2024-07-26,0000354950-25-000085,994032168.0,same_accn@2025-03-05,359.0427065535368,,,,,
2025-07-01,715957,"DOMINION ENERGY, INC",utilities,extension,41100000000.0,2024-06-30,0000950170-25-028387,852050458.0,same_accn@2025-02-20,48.23657990452016,,,,,
2025-07-01,726728,REALTY INCOME CORP,materials_realestate,extension,45900000000.0,2024-06-30,0000726728-25-000055,891516161.0,same_accn@2025-02-20,51.48532579433521,,,,,
2025-07-01,731766,UNITEDHEALTH GROUP INC,healthcare,core,468433146650.0,2024-06-30,0000731766-25-000063,914712333.0,same_accn@2025-01-31,512.1097964358594,,,,,
2025-07-01,732712,VERIZON COMMUNICATIONS INC,utilities,extension,173600000000.0,2024-06-30,0000732712-25-000006,4209703958.0,same_accn@2025-01-31,41.2380542033355,,,,,
2025-07-01,732717,AT&T INC.,utilities,extension,137000000000.0,2024-06-30,0000732717-25-000013,7178183000.0,same_accn@2025-01-31,19.085609826330703,,,,,
2025-07-01,753308,NEXTERA ENERGY INC,utilities,extension,145437269170.0,2024-06-28,0000753308-25-000011,2057026280.0,same_accn@2025-01-31,70.70267919474514,,,,,
2025-07-01,764180,"ALTRIA GROUP, INC.",consumer,core,78000000000.0,2024-06-28,0000764180-25-000092,1690661641.0,same_accn@2025-02-14,46.13578383068076,,,,,
2025-07-01,766704,WELLTOWER INC.,materials_realestate,extension,63435707000.0,2024-06-30,0000766704-25-000009,,no_concept,,,,,,
2025-07-01,773840,HONEYWELL INTERNATIONAL INC,industrials,extension,138700000000.0,2024-06-30,0000773840-25-000010,649918551.0,same_accn@2025-01-24,213.4113571409658,,,,,
2025-07-01,789019,MICROSOFT CORP,tech,core,2800000000000.0,2023-12-31,0000950170-24-087843,7433038381.0,same_accn@2024-07-25,376.6965615510926,,,,,
2025-07-01,797468,OCCIDENTAL PETROLEUM CORP /DE/,energy,core,59200000000.0,2024-06-28,0000797468-25-000029,938500965.0,same_accn@2025-01-31,63.07931713208201,,,,,
2025-07-01,798354,FISERV INC,financials,core,85486940134.0,2024-06-28,0000798354-25-000047,561288944.0,same_accn@2025-02-14,152.30469270387053,,,,,
2025-07-01,804328,QUALCOMM INC/DE,tech,core,190000000000.0,2024-03-22,0000804328-24-000075,1111000000.0,same_accn@2024-11-04,171.017101710171,,,,,
2025-07-01,821189,EOG RESOURCES INC,energy,core,71585000000.0,2024-06-30,0000821189-25-000011,553926330.0,same_accn@2025-02-13,129.23198649899888,,,,,
2025-07-01,823768,WASTE MANAGEMENT INC,utilities,extension,85400000000.0,2024-06-30,0001558370-25-001132,402115439.0,same_accn@2025-02-14,212.37682445711815,,,,,
2025-07-01,829224,STARBUCKS CORP,consumer,core,103400000000.0,2024-03-31,0000829224-24-000057,1133800000.0,same_accn@2024-11-13,91.19774210619157,,,,,
2025-07-01,831001,CITIGROUP INC,financials,core,120800000000.0,2024-06-30,0000831001-25-000067,1884479551.0,same_accn@2025-01-31,64.10257937577376,,,,,
2025-07-01,831259,FREEPORT-MCMORAN INC,materials_realestate,extension,69500000000.0,2024-06-30,0000831259-25-000006,1437073006.0,same_accn@2025-01-31,48.36219155869385,,,,,
2025-07-01,858877,"CISCO SYSTEMS, INC.",tech,core,211100000000.0,2024-01-26,0000858877-24-000017,3990734794.0,same_accn@2024-08-30,52.89752662025679,,,,,
2025-07-01,872589,"REGENERON PHARMACEUTICALS, INC.",healthcare,core,113800000000.0,2024-06-28,0001804220-25-000011,,no_fact_within_400d,,,,,,
2025-07-01,875320,VERTEX PHARMACEUTICALS INC / MA,healthcare,core,121800000000.0,2024-06-28,0000875320-25-000053,256789869.0,same_accn@2025-02-07,474.3177777001787,,,,,
2025-07-01,885725,BOSTON SCIENTIFIC CORP,healthcare,core,113100000000.0,2024-06-30,0000885725-25-000011,1475778104.0,same_accn@2025-01-31,76.63753764434495,,,,,
2025-07-01,886982,GOLDMAN SACHS GROUP INC,financials,core,142300000000.0,2024-06-30,0000886982-25-000005,312039033.0,same_accn@2025-02-07,456.032691269108,,,,,
2025-07-01,895421,MORGAN STANLEY,financials,core,151625027283.0,2024-06-30,0000895421-25-000304,1612855585.0,same_accn@2025-01-31,94.01029372570886,,,,,
2025-07-01,895728,ENBRIDGE INC,energy,core,77500000000.0,2024-06-30,0000895728-25-000006,2179049670.0,same_accn@2025-02-07,35.565963028277366,,,,,
2025-07-01,896159,Chubb Ltd,financials,core,103000000000.0,2024-06-30,0000896159-25-000004,,no_concept,,,,,,
2025-07-01,896878,INTUIT INC.,tech,core,172100000000.0,2024-01-31,0000896878-24-000039,280292000.0,same_accn@2024-08-27,614.0025402080687,,,,,
2025-07-01,927653,MCKESSON CORP,healthcare,core,62700000000.0,2024-09-30,0000927653-25-000036,125112236.0,same_accn@2025-04-30,501.15002340778244,,,,,
2025-07-01,936468,LOCKHEED MARTIN CORP,industrials,extension,110800000000.0,2024-06-28,0000936468-25-000009,235385902.0,same_accn@2025-01-23,470.7163813064726,,,,,
2025-07-01,1018724,AMAZON COM INC,consumer,core,1815014489485.0,2024-06-30,0001018724-25-000004,10597729352.0,same_accn@2025-01-29,171.2644689442339,,,,2.9045157890538236,corroborated by balance sheet
2025-07-01,1032208,SEMPRA,utilities,extension,48100000000.0,2024-06-28,0001032208-25-000012,651457249.0,same_accn@2025-02-19,73.83446891386114,,,,,
2025-07-01,1035002,VALERO ENERGY CORP/TX,energy,core,50200000000.0,2024-06-28,0001035002-25-000005,314977519.0,same_accn@2025-02-21,159.3764537843096,,,,,
2025-07-01,1035267,INTUITIVE SURGICAL INC,healthcare,core,157300000000.0,2024-06-30,0001035267-25-000017,356656964.0,same_accn@2025-01-27,441.0400353208861,,,,,
2025-07-01,1039684,ONEOK INC /NEW/,energy,core,47300000000.0,2024-06-30,0001039684-25-000036,624339588.0,same_accn@2025-02-17,75.76005255652633,,,,,
2025-07-01,1045609,"Prologis, Inc.",materials_realestate,extension,103726874356.0,2024-06-30,0000950170-25-021272,926860000.0,same_accn@2025-02-12,111.91212735040891,,,,,
2025-07-01,1045810,NVIDIA CORP,tech,core,2700000000000.0,2024-07-26,0001045810-25-000023,24400000000.0,same_accn@2025-02-21,110.65573770491804,,,,,
2025-07-01,1053507,AMERICAN TOWER CORP /MA/,materials_realestate,extension,90700000000.0,2024-06-30,0001053507-25-000025,,no_concept,,,,,,
2025-07-01,1060391,"REPUBLIC SERVICES, INC.",utilities,extension,61000000000.0,2024-06-30,0001060391-25-000091,312284953.0,same_accn@2025-02-06,195.3344194588844,,,,,
2025-07-01,1061219,ENTERPRISE PRODUCTS PARTNERS L.P.,energy,core,42550000000.0,2024-06-28,0001061219-25-000006,2165699962.0,same_accn@2025-01-31,19.647227569189937,,,,,
2025-07-01,1063761,SIMON PROPERTY GROUP INC.,materials_realestate,extension,49060000000.0,2024-06-30,0001558370-25-001271,,no_fact_within_400d,,,,,,
2025-07-01,1065280,NETFLIX INC,consumer,core,287180927160.0,2024-06-30,0001065280-25-000044,427757100.0,same_accn@2024-12-31,671.3644897068921,,,,,
2025-07-01,1067983,BERKSHIRE HATHAWAY INC,financials,core,749400000000.0,2024-06-30,0000950170-25-025210,,no_fact_within_400d,,,,,,
2025-07-01,1075531,Booking Holdings Inc.,industrials,extension,133100000000.0,2024-06-30,0001075531-25-000010,32815201.0,same_accn@2025-02-13,4056.0470740374253,,,implied_price_out_of_band,4.803666811029306,corroborated by balance sheet
2025-07-01,1090012,DEVON ENERGY CORP/DE,energy,core,29500000000.0,2024-06-30,0000950170-25-022844,649000000.0,same_accn@2025-02-05,45.45454545454545,,,,,
2025-07-01,1099590,MERCADOLIBRE INC,financials,core,77268401734.0,2024-06-30,0001099590-25-000007,50697375.0,same_accn@2025-02-21,1524.1105034333632,,,implied_price_out_of_band,3.0666931947134466,corroborated by balance sheet
2025-07-01,1101239,EQUINIX INC,materials_realestate,extension,71800000000.0,2024-06-30,0001628280-25-005126,97332005.0,same_accn@2025-02-11,737.6813002054155,,,,,
2025-07-01,1103982,"Mondelez International, Inc.",consumer,core,87400000000.0,2024-06-30,0001103982-25-000030,,no_concept,,,,,,
2025-07-01,1108524,"Salesforce, Inc.",tech,core,206500000000.0,2024-07-31,0001108524-25-000006,961000000.0,same_accn@2025-02-28,214.8803329864724,,,,,
2025-07-01,1141391,Mastercard Inc,financials,core,364400000000.0,2024-06-28,0001141391-25-000011,,no_fact_within_400d,,,,,,
2025-07-01,1156039,"Elevance Health, Inc.",healthcare,core,116687067115.0,2024-06-30,0001156039-25-000010,227351871.0,same_accn@2025-02-01,513.2443669882972,,,,,
2025-07-01,1156375,CME GROUP INC.,financials,core,70400000000.0,2024-06-30,0001156375-25-000021,,no_fact_within_400d,,,,,,
2025-07-01,1163165,CONOCOPHILLIPS,energy,core,132700000000.0,2024-06-30,0001163165-25-000012,1272380205.0,same_accn@2025-01-31,104.29272593092566,,,,,
2025-07-01,1164727,NEWMONT Corp /DE/,materials_realestate,extension,48153562623.0,2024-06-30,0001164727-25-000011,1126861075.0,same_accn@2025-02-13,42.732474917549176,,,,,
2025-07-01,1166691,COMCAST CORP,consumer,core,150621000000.0,2024-06-30,0001166691-25-000011,,no_fact_within_400d,,,,,,
2025-07-01,1276187,Energy Transfer LP,energy,core,49100000000.0,2024-06-30,0001276187-25-000037,3431214964.0,same_accn@2025-02-07,14.309800031520263,,,,,
2025-07-01,1283699,"T-Mobile US, Inc.",utilities,extension,86000000000.0,2024-06-28,0001283699-25-000012,1141744952.0,same_accn@2025-01-24,75.32330215198535,,,,,
2025-07-01,1297996,"DIGITAL REALTY TRUST, INC.",materials_realestate,extension,50000000000.0,2024-06-28,0001558370-25-001424,336644245.0,same_accn@2025-02-18,148.52474308598383,,,,,
2025-07-01,1318220,"Waste Connections, Inc.",utilities,extension,45132941596.0,2024-06-30,0001558370-25-000893,258085200.0,same_accn@2025-02-03,174.87613236249115,,,,,
2025-07-01,1318605,"Tesla, Inc.",consumer,core,550170000000.0,2024-06-28,0001104659-25-042659,3216517037.0,same_accn@2025-01-22,171.0452622110579,,,,,
2025-07-01,1326801,"Meta Platforms, Inc.",tech,core,1103000000000.0,2024-06-30,0001326801-25-000017,,no_concept,,,,,,
2025-07-01,1327567,Palo Alto Networks Inc,tech,core,108100000000.0,2024-01-31,0001327567-24-000029,325600000.0,same_accn@2024-08-19,332.002457002457,,,,,
2025-07-01,1341439,ORACLE CORP,tech,core,305793119000.0,2024-11-29,0000950170-25-087926,2808833000.0,same_accn@2025-06-13,108.86838733381444,,,,,
2025-07-01,1373715,"ServiceNow, Inc.",tech,core,135000000000.0,2024-06-30,0001373715-25-000010,206000000.0,same_accn@2025-01-23,655.3398058252427,,,,,
2025-07-01,1389170,Targa Resources Corp.,energy,core,27824100000.0,2024-06-30,0000950170-25-023983,218106765.0,same_accn@2025-02-14,127.5710086296498,,,,,
2025-07-01,1393818,Blackstone Inc.,financials,core,88200000000.0,2024-06-30,0001193125-25-042469,729415925.0,same_accn@2025-02-21,120.9186651635005,,,,,
2025-07-01,1403161,VISA INC.,financials,core,439300000000.0,2024-03-28,0001403161-24-000058,,no_fact_within_400d,,,,,,
2025-07-01,1404912,KKR & Co. Inc.,financials,core,71400000000.0,2024-06-30,0001404912-25-000015,888250533.0,same_accn@2025-02-26,80.38272688545631,,,,,
2025-07-01,1413329,Philip Morris International Inc.,consumer,core,158000000000.0,2024-06-30,0001413329-25-000013,1554857221.0,same_accn@2025-01-31,101.6170474472138,,,,,
2025-07-01,1506307,"KINDER MORGAN, INC.",energy,core,38478431485.0,2024-06-28,0001506307-25-000008,2221963025.0,same_accn@2025-02-12,17.317314038112762,,,,,
2025-07-01,1510295,Marathon Petroleum Corp,energy,core,59000000000.0,2024-06-30,0001510295-25-000012,312575833.0,same_accn@2025-02-21,188.7541958498116,,,,,
2025-07-01,1534701,Phillips 66,energy,core,59000000000.0,2024-06-28,0001534701-25-000074,407698347.0,same_accn@2025-01-31,144.714837413849,,,,,
2025-07-01,1539838,"Diamondback Energy, Inc.",energy,core,35500000000.0,2024-06-30,0001539838-25-000021,289440898.0,same_accn@2025-02-21,122.650255182666,,,,,
2025-07-01,1543151,"Uber Technologies, Inc",financials,core,147000000000.0,2024-06-28,0001543151-25-000008,2089008865.0,same_accn@2025-02-11,70.3682987960896,,,,,
2025-07-01,1551152,AbbVie Inc.,healthcare,core,300173162268.0,2024-06-30,0001551152-25-000020,1765354859.0,same_accn@2025-01-31,170.03559411167655,,,,,
2025-07-01,1551182,Eaton Corp plc,industrials,extension,124800000000.0,2024-06-30,0001551182-25-000006,392000000.0,same_accn@2025-01-31,318.3673469387755,,,,,
2025-07-01,1555280,Zoetis Inc.,healthcare,core,78673000000.0,2024-06-30,0001555280-25-000102,447791917.0,same_accn@2025-02-07,175.6909783612731,,,,,
2025-07-01,1571949,"Intercontinental Exchange, Inc.",financials,core,78000000000.0,2024-06-30,0001193125-25-059270,574564858.0,same_accn@2025-02-03,135.75490897843946,,,,,
2025-07-01,1596532,"Arista Networks, Inc.",tech,core,90200000000.0,2024-06-28,0001596532-25-000028,1261122596.0,same_accn@2025-02-12,71.52357771250338,,,,,
2025-07-01,1613103,Medtronic plc,healthcare,core,116200000000.0,2024-10-25,0001613103-25-000091,1281264703.0,same_accn@2025-06-17,90.69164219378328,,,,,
2025-07-01,1652044,Alphabet Inc.,tech,core,2000000000000.0,2024-06-28,0001652044-25-000014,,no_concept,,,,,,
2025-07-01,1707925,LINDE PLC,materials_realestate,extension,210000000000.0,2024-06-30,0001628280-25-007990,472911618.0,same_accn@2025-01-31,444.05760401513334,,,,,
2025-07-01,1730168,Broadcom Inc.,tech,core,583100000000.0,2024-05-03,0001730168-24-000139,4687356156.0,same_accn@2024-11-29,124.39848404811508,,,,,
2025-07-01,1739940,Cigna Group,healthcare,core,92100000000.0,2024-06-30,0001739940-25-000009,273678464.0,same_accn@2025-01-31,336.5262967859978,,,,,
2025-07-01,1744489,Walt Disney Co,consumer,core,223400000000.0,2024-03-30,0001744489-24-000276,1810939306.0,same_accn@2024-11-06,123.36139552542242,,,,,
2025-07-01,1853513,"Mister Car Wash, Inc.",consumer,core,675479256000.0,2024-06-30,0000950170-25-024533,324053935.0,same_accn@2025-02-13,2084.465525777368,,,implied_price_out_of_band,217.77036787719115,SCALE ERROR (float is a several-hundred-fold multiple of total assets)
2025-07-01,1868275,Constellation Energy Corp,utilities,extension,62564709888.0,2024-06-30,0001868275-25-000023,312847257.0,same_accn@2025-01-31,199.98484400328306,,,,,
2026-07-01,1800,ABBOTT LABORATORIES,healthcare,core,232169255381.0,2025-06-30,0001628280-26-010185,,no_concept,,,,,,
2026-07-01,2488,ADVANCED MICRO DEVICES INC,tech,core,232300000000.0,2024-06-28,0000002488-26-000018,1630410843.0,same_accn@2026-01-30,142.47942535303662,,,,,
2026-07-01,2969,"Air Products & Chemicals, Inc.",materials_realestate,extension,65600000000.0,2025-03-31,0000002969-25-000055,222590241.0,same_accn@2025-10-31,294.7119321372225,,,,,
2026-07-01,3570,"Cheniere Energy, Inc.",utilities,extension,53600000000.0,2025-06-30,0000003570-26-000005,210202883.0,same_accn@2026-02-20,254.99174528448307,,,,,
2026-07-01,4281,Howmet Aerospace Inc.,materials_realestate,extension,75000000000.0,2025-06-30,0000004281-26-000012,400940063.0,same_accn@2026-02-09,187.06037864816716,,,,,
2026-07-01,4904,AMERICAN ELECTRIC POWER CO INC,utilities,extension,56119786438.0,2025-06-30,0000004904-26-000013,540861473.0,same_accn@2025-12-31,103.75999999911252,,,,,
2026-07-01,6951,APPLIED MATERIALS INC /DE,tech,core,121318219350.0,2025-04-27,0001628280-25-056742,792943366.0,same_accn@2025-12-05,152.9973319052902,,,,,
2026-07-01,8670,AUTOMATIC DATA PROCESSING INC,tech,core,118988796446.0,2024-12-31,0000008670-25-000037,405043142.0,same_accn@2025-08-01,293.7682041929252,,,,,
2026-07-01,12927,BOEING CO,industrials,extension,158300000000.0,2025-06-30,0001628280-26-004357,785347096.0,same_accn@2026-01-23,201.56692602069543,,,,,
2026-07-01,14272,BRISTOL MYERS SQUIBB CO,healthcare,core,94188864457.0,2025-06-30,0000014272-26-000004,2036473705.0,same_accn@2026-02-04,46.25096028774897,,,,,
2026-07-01,18230,CATERPILLAR INC,industrials,extension,180900000000.0,2025-12-31,0000018230-26-000008,465287332.0,same_accn@2025-12-31,388.7920163706499,,,,,
2026-07-01,19617,JPMORGAN CHASE & CO,financials,core,794433813496.0,2025-06-30,0001628280-26-008131,2697032375.0,same_accn@2026-01-31,294.5585009879609,,,,,
2026-07-01,21344,COCA COLA CO,consumer,core,300552956545.0,2025-06-27,0001628280-26-010047,,no_concept,,,,,,
2026-07-01,21665,COLGATE PALMOLIVE CO,consumer,core,73400000000.0,2025-06-30,0000021665-26-000006,801548028.0,same_accn@2026-01-31,91.57280342033353,,,,,
2026-07-01,31462,ECOLAB INC.,consumer,core,67088288734.0,2025-06-30,0001104659-26-018357,281969448.0,same_accn@2026-01-30,237.92751026699887,,,,,
2026-07-01,33213,EQT Corp,energy,core,34700000000.0,2025-06-30,0000033213-26-000018,624274000.0,same_accn@2026-02-11,55.58456703306561,,,,,
2026-07-01,34088,EXXON MOBIL CORP,energy,core,460000000000.0,2025-06-30,0000034088-26-000045,4166763453.0,same_accn@2026-01-31,110.39743560887952,,,,,
2026-07-01,51143,INTERNATIONAL BUSINESS MACHINES CORP,tech,core,274500000000.0,2025-06-30,0000051143-26-000010,938034404.0,same_accn@2026-02-10,292.63319002956314,,,,,
2026-07-01,59478,ELI LILLY & Co,healthcare,core,807887000000.0,2025-06-30,0000059478-26-000013,943357420.0,same_accn@2026-02-09,856.3954476554602,,,,,
2026-07-01,60667,LOWES COMPANIES INC,consumer,core,126900000000.0,2025-08-01,0000060667-26-000029,560063429.0,same_accn@2026-03-19,226.58147886317354,,,,,
2026-07-01,62709,"MARSH & MCLENNAN COMPANIES, INC.",financials,core,107422546097.0,2025-06-30,0000062709-26-000022,484124253.0,same_accn@2026-02-05,221.89044533780051,,,,,
2026-07-01,63908,MCDONALDS CORP,consumer,core,208464334129.0,2025-06-30,0000063908-26-000035,710398642.0,same_accn@2026-01-31,293.44697723816876,,,,,
2026-07-01,64040,S&P Global Inc.,industrials,extension,161000000000.0,2025-06-30,0000064040-26-000013,,no_concept,,,,,,
2026-07-01,64803,CVS HEALTH Corp,consumer,core,86382523283.0,2025-06-30,0000064803-26-000010,1272211063.0,same_accn@2026-02-04,67.89952217464722,,,,,
2026-07-01,66740,3M CO,healthcare,core,81100000000.0,2025-06-30,0000066740-26-000014,526700000.0,same_accn@2026-01-31,153.9775963546611,,,,,
2026-07-01,70858,BANK OF AMERICA CORP /DE/,financials,core,351903673230.0,2025-06-30,0000070858-26-000157,7176682170.0,same_accn@2026-02-24,49.03431208100999,,,,,
2026-07-01,72971,WELLS FARGO & COMPANY/MN,financials,core,257300000000.0,2025-06-30,0000072971-26-000133,3085635641.0,same_accn@2026-02-13,83.38638450410613,,,,,
2026-07-01,77476,PEPSICO INC,consumer,core,179000000000.0,2025-06-13,0000077476-26-000007,1366649053.0,same_accn@2026-01-23,130.97729779790072,,,,,
2026-07-01,78003,PFIZER INC,healthcare,core,138000000000.0,2025-06-29,0000078003-26-000026,5686267431.0,same_accn@2026-02-19,24.26899572954679,,,,,
2026-07-01,80424,PROCTER & GAMBLE Co,consumer,core,393000000000.0,2024-12-31,0000080424-25-000076,2342371488.0,same_accn@2025-07-31,167.77868156837812,,,,,
2026-07-01,80661,PROGRESSIVE CORP/OH/,financials,core,155911082530.0,2025-06-30,0000080661-26-000086,585906353.0,same_accn@2026-01-31,266.10239286823366,,,,,
2026-07-01,87347,SLB LIMITED/NV,energy,core,45580000000.0,2025-06-30,0001193125-26-021017,1495331485.0,same_accn@2025-12-31,30.48153567100207,,,,,
2026-07-01,89800,SHERWIN WILLIAMS CO,consumer,core,85532942889.0,2025-06-30,0000089800-26-000008,247774767.0,same_accn@2026-01-31,345.2044125582812,,,,,
2026-07-01,92122,SOUTHERN CO,utilities,extension,101000000000.0,2025-06-30,0000092122-26-000006,1119391291.0,same_accn@2026-01-31,90.22760924803372,,,,,
2026-07-01,93410,CHEVRON CORP,energy,core,247400000000.0,2025-06-30,0000093410-26-000078,1995385539.0,same_accn@2026-02-06,123.98606442942653,,,,,
2026-07-01,97476,TEXAS INSTRUMENTS INC,tech,core,188509303179.0,2025-06-30,0000097476-26-000059,907550774.0,same_accn@2026-01-27,207.7121287089553,,,,,
2026-07-01,97745,THERMO FISHER SCIENTIFIC INC.,industrials,extension,154038987000.0,2025-06-27,0000097745-26-000018,371484244.0,same_accn@2026-01-31,414.6581974550716,,,,,
2026-07-01,100885,UNION PACIFIC CORP,industrials,extension,136100000000.0,2025-06-30,0000100885-26-000037,593391460.0,same_accn@2026-01-30,229.35955296694024,,,,,
2026-07-01,101829,RTX Corp,industrials,extension,195405729090.0,2025-06-30,0000101829-26-000006,1342287676.0,same_accn@2025-12-31,145.5766394818632,,,,,
2026-07-01,104169,Walmart Inc.,consumer,core,391703475732.0,2025-07-31,0000104169-26-000055,7972402501.0,same_accn@2026-03-11,49.13242597609285,,,,,
2026-07-01,107263,"WILLIAMS COMPANIES, INC.",energy,core,67728227765.0,2025-06-30,0000107263-26-000006,1221563111.0,same_accn@2026-02-19,55.44390392532081,,,,,
2026-07-01,200406,JOHNSON & JOHNSON,healthcare,core,367000000000.0,2025-06-29,0000200406-26-000016,2409898936.0,same_accn@2026-02-06,152.28854393751223,,,,,
2026-07-01,310158,"Merck & Co., Inc.",healthcare,core,198051000000.0,2025-06-30,0000310158-26-000063,2472392003.0,same_accn@2026-01-31,80.10501561228355,,,,,
2026-07-01,310764,STRYKER CORP,healthcare,core,144306436547.0,2025-06-30,0000310764-26-000010,382688675.0,same_accn@2026-01-31,377.08572522298965,,,,,
2026-07-01,313616,DANAHER CORP /DE/,industrials,extension,125900000000.0,2025-06-30,0000313616-26-000062,707139356.0,same_accn@2026-02-02,178.04128554259114,,,,,
2026-07-01,315189,DEERE & CO,industrials,extension,124313866554.0,2025-04-25,0001104659-25-122321,270445437.0,same_accn@2025-11-28,459.6633906380162,,,,,
2026-07-01,316709,SCHWAB CHARLES CORP,financials,core,156300000000.0,2025-06-30,0000316709-26-000009,1752210425.0,same_accn@2026-01-30,89.20161515418447,,,,,
2026-07-01,318154,AMGEN INC,healthcare,core,150100000000.0,2025-06-30,0000318154-26-000010,539067675.0,same_accn@2026-02-10,278.4437037520382,,,,,
2026-07-01,320193,Apple Inc.,tech,core,3253431000000.0,2025-03-28,0000320193-25-000079,14776353000.0,same_accn@2025-10-17,220.1782131220065,,,,,
2026-07-01,354950,"HOME DEPOT, INC.",consumer,core,371800000000.0,2025-08-01,0001628280-26-019436,996011466.0,same_accn@2026-03-04,373.28887537123995,,,,,
2026-07-01,726728,REALTY INCOME CORP,materials_realestate,extension,52600000000.0,2025-06-30,0000726728-26-000011,932440218.0,same_accn@2026-02-20,56.41112318473591,,,,,
2026-07-01,731766,UNITEDHEALTH GROUP INC,healthcare,core,281907836350.0,2025-06-30,0000731766-26-000062,907675839.0,same_accn@2026-02-20,310.5820649149173,,,,,
2026-07-01,732712,VERIZON COMMUNICATIONS INC,utilities,extension,182400000000.0,2025-06-30,0000732712-26-000007,4217684168.0,same_accn@2026-01-30,43.24648141837822,,,,,
2026-07-01,732717,AT&T INC.,utilities,extension,207000000000.0,2025-06-30,0000732717-26-000120,7000577201.0,same_accn@2026-01-28,29.568990392739476,,,,,
2026-07-01,753308,NEXTERA ENERGY INC,utilities,extension,142860484569.0,2025-06-30,0000753308-26-000015,2083521964.0,same_accn@2026-01-31,68.56682436634011,,,,,
2026-07-01,764180,"ALTRIA GROUP, INC.",consumer,core,98000000000.0,2025-06-30,0000764180-26-000077,1671898087.0,same_accn@2026-02-13,58.61601299864398,,,,,
2026-07-01,766704,WELLTOWER INC.,materials_realestate,extension,102303567000.0,2025-06-30,0000766704-26-000010,,no_concept,,,,,,
2026-07-01,773840,HONEYWELL INTERNATIONAL INC,industrials,extension,145300000000.0,2025-06-30,0000773840-26-000013,635675701.0,same_accn@2026-01-23,228.57567116601174,,,,,
2026-07-01,789019,MICROSOFT CORP,tech,core,3100000000000.0,2024-12-31,0000950170-25-100235,7433166379.0,same_accn@2025-07-24,417.04972577474445,,,,,
2026-07-01,797468,OCCIDENTAL PETROLEUM CORP /DE/,energy,core,41400000000.0,2025-06-30,0001628280-26-009059,986266656.0,same_accn@2026-01-31,41.976477404098716,,,,,
2026-07-01,798354,FISERV INC,financials,core,93881636110.0,2025-06-30,0000798354-26-000009,534777512.0,same_accn@2026-02-13,175.55269996095123,,,,,
2026-07-01,804328,QUALCOMM INC/DE,tech,core,167900000000.0,2025-03-28,0000804328-25-000085,1071000000.0,same_accn@2025-11-03,156.76937441643324,,,,,
2026-07-01,821189,EOG RESOURCES INC,energy,core,65231000000.0,2025-06-30,0000821189-26-000054,536491493.0,same_accn@2026-02-13,121.58813485603582,,,,,
2026-07-01,823768,WASTE MANAGEMENT INC,utilities,extension,92000000000.0,2025-06-30,0001104659-26-012049,403335781.0,same_accn@2026-02-05,228.0977893206058,,,,,
2026-07-01,829224,STARBUCKS CORP,consumer,core,111000000000.0,2025-03-30,0000829224-25-000114,1137100000.0,same_accn@2025-11-07,97.61674434966142,,,,,
2026-07-01,831001,CITIGROUP INC,financials,core,156200000000.0,2025-06-30,0000831001-26-000011,1749319009.0,same_accn@2026-01-31,89.29188969900459,,,,,
2026-07-01,831259,FREEPORT-MCMORAN INC,materials_realestate,extension,61900000000.0,2025-06-30,0000831259-26-000012,1437201606.0,same_accn@2026-01-31,43.06980992894883,,,,,
2026-07-01,849395,CRH PUBLIC LTD CO,materials_realestate,extension,61825009498.0,2025-06-30,0001628280-26-009043,668250818.0,same_accn@2026-02-04,92.51767125857825,,,,,
2026-07-01,858877,"CISCO SYSTEMS, INC.",tech,core,247500000000.0,2025-01-24,0000858877-25-000111,3953196953.0,same_accn@2025-08-28,62.60755609764834,,,,,
2026-07-01,875320,VERTEX PHARMACEUTICALS INC / MA,healthcare,core,113400000000.0,2025-06-30,0000875320-26-000056,254034190.0,same_accn@2026-02-06,446.3966051183898,,,,,
2026-07-01,882095,"GILEAD SCIENCES, INC.",healthcare,core,103200000000.0,2025-06-30,0000882095-26-000006,1241420528.0,same_accn@2026-02-13,83.13057313967664,,,,,
2026-07-01,885725,BOSTON SCIENTIFIC CORP,healthcare,core,158700000000.0,2025-06-30,0000885725-26-000010,1483885456.0,same_accn@2026-01-30,106.94895576899569,,,,,
2026-07-01,886982,GOLDMAN SACHS GROUP INC,financials,core,213200000000.0,2025-06-30,0000886982-26-000091,296752922.0,same_accn@2026-02-06,718.4427993602031,,,,,
2026-07-01,895126,EXPAND ENERGY Corp,energy,core,19600000000.0,2025-06-30,0000895126-26-000011,,no_concept,,,,,,
2026-07-01,895421,MORGAN STANLEY,financials,core,217968854713.0,2025-06-30,0000895421-26-000086,1587860206.0,same_accn@2026-01-31,137.27206834037884,,,,,
2026-07-01,895728,ENBRIDGE INC,energy,core,98800000000.0,2025-06-30,0001193125-26-100426,2181830165.0,same_accn@2026-02-06,45.283084625425005,,,,,
2026-07-01,896159,Chubb Ltd,financials,core,115000000000.0,2025-06-30,0000896159-26-000005,,no_concept,,,,,,
2026-07-01,896878,INTUIT INC.,tech,core,164200000000.0,2025-01-31,0000896878-25-000035,278805000.0,same_accn@2025-08-26,588.9420921432543,,,,,
2026-07-01,927628,CAPITAL ONE FINANCIAL CORP,financials,core,135200000000.0,2025-06-30,0000927628-26-000024,,no_concept,,,,,,
2026-07-01,927653,MCKESSON CORP,healthcare,core,95300000000.0,2025-09-30,0000927653-26-000069,120204051.0,same_accn@2026-04-30,792.8185382038414,,,,,
2026-07-01,1018724,AMAZON COM INC,consumer,core,2118061430046.0,2025-06-30,0001018724-26-000004,10734920870.0,same_accn@2026-01-28,197.30573291557016,,,,2.589184210646886,corroborated by balance sheet
2026-07-01,1032208,SEMPRA,utilities,extension,49400000000.0,2025-06-30,0001032208-26-000010,653284140.0,same_accn@2026-02-19,75.61793862009263,,,,,
2026-07-01,1035002,VALERO ENERGY CORP/TX,energy,core,41800000000.0,2025-06-30,0001628280-26-011499,299026226.0,same_accn@2026-02-20,139.7870700478292,,,,,
2026-07-01,1035267,INTUITIVE SURGICAL INC,healthcare,core,193900000000.0,2025-06-30,0001035267-26-000010,355130237.0,same_accn@2026-01-28,545.9968760700036,,,,,
2026-07-01,1039684,ONEOK INC /NEW/,energy,core,51100000000.0,2025-06-30,0001039684-26-000006,629783634.0,same_accn@2026-02-16,81.13897732693384,,,,,
2026-07-01,1045609,"Prologis, Inc.",materials_realestate,extension,97322102425.0,2025-06-30,0001193125-26-051453,929559000.0,same_accn@2026-02-11,104.69706863684823,,,,,
2026-07-01,1045810,NVIDIA CORP,tech,core,4000000000000.0,2025-07-25,0001045810-26-000021,24300000000.0,same_accn@2026-02-20,164.6090534979424,,,,,
2026-07-01,1053507,AMERICAN TOWER CORP /MA/,materials_realestate,extension,103400000000.0,2025-06-30,0001053507-26-000035,,no_concept,,,,,,
2026-07-01,1060391,"REPUBLIC SERVICES, INC.",utilities,extension,77000000000.0,2025-06-30,0001060391-26-000094,308804970.0,same_accn@2026-02-10,249.3483184548487,,,,,
2026-07-01,1061219,ENTERPRISE PRODUCTS PARTNERS L.P.,energy,core,45380000000.0,2025-06-30,0001061219-26-000006,2161760683.0,same_accn@2026-01-31,20.992147908353832,,,,,
2026-07-01,1065280,NETFLIX INC,consumer,core,565657747980.0,2025-06-30,0001065280-26-000034,4222162150.0,same_accn@2025-12-31,133.97347801528656,,,,,
2026-07-01,1067983,BERKSHIRE HATHAWAY INC,financials,core,902700000000.0,2025-06-30,0001193125-26-083899,,no_fact_within_400d,,,,,,
2026-07-01,1075531,Booking Holdings Inc.,industrials,extension,187400000000.0,2025-06-30,0001075531-26-000009,31673346.0,same_accn@2026-02-10,5916.646760339119,,,implied_price_out_of_band,6.403772553307818,corroborated by balance sheet
2026-07-01,1090012,DEVON ENERGY CORP/DE,energy,core,20200000000.0,2025-06-30,0001104659-26-046005,621000000.0,same_accn@2026-03-31,32.52818035426731,,,,,
2026-07-01,1099590,MERCADOLIBRE INC,financials,core,122884971142.0,2025-06-30,0001099590-26-000006,50697182.0,same_accn@2026-02-25,2423.901414125937,,,implied_price_out_of_band,2.8800940104061685,corroborated by balance sheet
2026-07-01,1101239,EQUINIX INC,materials_realestate,extension,77800000000.0,2025-06-30,0001101239-26-000032,98254928.0,same_accn@2026-02-10,791.8177905539761,,,,,
2026-07-01,1103982,"Mondelez International, Inc.",consumer,core,87100000000.0,2025-06-30,0001628280-26-005345,,no_concept,,,,,,
2026-07-01,1108524,"Salesforce, Inc.",tech,core,191800000000.0,2025-07-31,0001108524-26-000060,923000000.0,same_accn@2026-02-25,207.80065005417117,,,,,
2026-07-01,1141391,Mastercard Inc,financials,core,505000000000.0,2025-06-30,0001141391-26-000013,,no_fact_within_400d,,,,,,
2026-07-01,1156039,"Elevance Health, Inc.",healthcare,core,87349478366.0,2025-06-30,0001156039-26-000013,220704667.0,same_accn@2026-02-01,395.7754022754761,,,,,
2026-07-01,1156375,CME GROUP INC.,financials,core,98900000000.0,2025-06-30,0001156375-26-000009,,no_fact_within_400d,,,,,,
2026-07-01,1163165,CONOCOPHILLIPS,energy,core,112000000000.0,2025-06-30,0001163165-26-000009,1222339152.0,same_accn@2026-01-31,91.6275976407569,,,,,
2026-07-01,1164727,NEWMONT Corp /DE/,materials_realestate,extension,64108664771.0,2025-06-30,0001164727-26-000010,1087874212.0,same_accn@2026-02-12,58.930218276927036,,,,,
2026-07-01,1166691,COMCAST CORP,consumer,core,130745000000.0,2025-06-30,0001628280-26-004994,,no_fact_within_400d,,,,,,
2026-07-01,1276187,Energy Transfer LP,energy,core,55980000000.0,2025-06-30,0001276187-26-000013,3440314575.0,same_accn@2026-02-13,16.271767822278285,,,,,
2026-07-01,1283699,"T-Mobile US, Inc.",utilities,extension,112400000000.0,2025-06-30,0001283699-26-000010,1101862739.0,same_accn@2026-02-06,102.00907610507737,,,,,
2026-07-01,1297996,"DIGITAL REALTY TRUST, INC.",materials_realestate,extension,59000000000.0,2025-06-30,0001104659-26-015365,343615444.0,same_accn@2026-02-09,171.7035745343274,,,,,
2026-07-01,1318605,"Tesla, Inc.",consumer,core,892930000000.0,2025-06-30,0001628280-26-003952,3752431984.0,same_accn@2026-01-23,237.9603424678623,,,,,
2026-07-01,1321655,Palantir Technologies Inc.,tech,core,299300000000.0,2025-06-30,0001321655-26-000011,,no_concept,,,,,,
2026-07-01,1326801,"Meta Platforms, Inc.",tech,core,1600000000000.0,2025-06-30,0001628280-26-003942,,no_concept,,,,,,
2026-07-01,1327567,Palo Alto Networks Inc,tech,core,119700000000.0,2025-01-31,0001327567-25-000027,668900000.0,same_accn@2025-08-18,178.95051577216324,,,,,
2026-07-01,1341439,ORACLE CORP,tech,core,346760150000.0,2026-05-31,0001193125-26-277521,2880471000.0,same_accn@2026-06-12,120.38314220139692,,,,,
2026-07-01,1373715,"ServiceNow, Inc.",tech,core,175700000000.0,2025-06-30,0001373715-26-000007,1046000000.0,same_accn@2026-01-23,167.97323135755258,,,,,
2026-07-01,1389170,Targa Resources Corp.,energy,core,37012700000.0,2025-06-30,0001193125-26-059296,214951798.0,same_accn@2026-02-13,172.19069737672072,,,,,
2026-07-01,1393818,Blackstone Inc.,financials,core,108900000000.0,2025-06-30,0001193125-26-082531,742180737.0,same_accn@2026-02-20,146.7297580912559,,,,,
2026-07-01,1403161,VISA INC.,financials,core,601100000000.0,2025-03-31,0001403161-25-000089,,no_fact_within_400d,,,,,,
2026-07-01,1413329,Philip Morris International Inc.,consumer,core,283000000000.0,2025-06-30,0001628280-26-005939,1556679579.0,same_accn@2026-01-30,181.7972072208959,,,,,
2026-07-01,1506307,"KINDER MORGAN, INC.",energy,core,57054291328.0,2025-06-30,0001506307-26-000011,2224806397.0,same_accn@2026-02-12,25.644609528691497,,,,,
2026-07-01,1510295,Marathon Petroleum Corp,energy,core,50600000000.0,2025-06-30,0001510295-26-000009,294740164.0,same_accn@2026-02-20,171.6766365102518,,,,,
2026-07-01,1534701,Phillips 66,energy,core,48200000000.0,2025-06-30,0001534701-26-000006,400744022.0,same_accn@2026-01-31,120.27627950492547,,,,,
2026-07-01,1535527,"CrowdStrike Holdings, Inc.",tech,core,109300000000.0,2025-07-31,0001535527-26-000010,250955140.0,nearest@2025-08-21(21d),435.53600854718496,,,,,
2026-07-01,1539838,"Diamondback Energy, Inc.",energy,core,25800000000.0,2025-06-30,0001539838-26-000010,282078989.0,same_accn@2026-02-20,91.46374244839626,,,,,
2026-07-01,1543151,"Uber Technologies, Inc",financials,core,187600000000.0,2025-06-30,0001543151-26-000015,2058115983.0,same_accn@2026-02-10,91.151325556758,,,,,
2026-07-01,1551152,AbbVie Inc.,healthcare,core,325061294916.0,2025-06-30,0001551152-26-000008,1768169012.0,same_accn@2026-02-10,183.8406242332676,,,,,
2026-07-01,1551182,Eaton Corp plc,industrials,extension,139000000000.0,2025-06-30,0001551182-26-000007,387900000.0,same_accn@2026-01-31,358.3397782933746,,,,,
2026-07-01,1555280,Zoetis Inc.,healthcare,core,69233000000.0,2025-06-30,0001555280-26-000011,422127709.0,same_accn@2026-02-06,164.00960781278636,,,,,
2026-07-01,1571949,"Intercontinental Exchange, Inc.",financials,core,104400000000.0,2025-06-30,0001571949-26-000004,567896513.0,same_accn@2026-02-02,183.83631103577494,,,,,
2026-07-01,1613103,Medtronic plc,healthcare,core,120100000000.0,2025-10-24,0001628280-26-044354,1280045190.0,same_accn@2026-06-12,93.82481254431337,,,,,
2026-07-01,1652044,Alphabet Inc.,tech,core,1900000000000.0,2025-06-30,0001652044-26-000018,,no_concept,,,,,,
2026-07-01,1692819,Vistra Corp.,utilities,extension,65311459773.0,2025-06-30,0001692819-26-000006,336954256.0,same_accn@2026-02-18,193.828861366274,,,,,
2026-07-01,1707925,LINDE PLC,materials_realestate,extension,220000000000.0,2025-06-30,0001628280-26-011430,463394156.0,same_accn@2026-01-31,474.75782150347186,,,,,
2026-07-01,1730168,Broadcom Inc.,tech,core,939200000000.0,2025-05-02,0001730168-25-000121,4741273799.0,same_accn@2025-11-28,198.09022634341224,,,,,
2026-07-01,1739940,Cigna Group,healthcare,core,88000000000.0,2025-06-30,0001739940-26-000006,263528277.0,same_accn@2026-01-30,333.9300093401362,,,,,
2026-07-01,1744489,Walt Disney Co,consumer,core,176600000000.0,2025-03-29,0001744489-25-000155,1785288846.0,same_accn@2025-11-05,98.91956721495139,,,,,
2026-07-01,1853513,"Mister Car Wash, Inc.",consumer,core,603562916000.0,2025-06-30,0001193125-26-187037,328479065.0,same_accn@2026-02-13,1837.4471322852796,,,implied_price_out_of_band,194.32179618975806,SCALE ERROR (float is a several-hundred-fold multiple of total assets)
2026-07-01,1868275,Constellation Energy Corp,utilities,extension,100560269473.0,2025-06-30,0001868275-26-000032,361990335.0,same_accn@2026-02-01,277.7982165545939,,,,,
2026-07-01,1996810,GE Vernova Inc.,industrials,extension,144000000000.0,2025-06-30,0001996810-26-000015,269529464.0,same_accn@2025-12-31,534.2644097715418,,,,,
